smiles,y,split
CC(C(=O)N[C@]1(c2ccccc2)CC[C@@H](N2CCN(C(C)C)CC2)CC1)c1cc(C(F)(F)F)cc(C(F)(F)F)c1,0.9983565,test
CC(C(=O)NC1(c2ccccc2)CCC(N2CCC3(CCCO3)CC2)CC1)c1cc(C(F)(F)F)cc(C(F)(F)F)c1,0.9964791,train
CC(C(=O)N[C@]1(c2ccccc2)CC[C@@H](N2CCC(c3ccc(F)cc3)CC2)CC1)c1cc(C(F)(F)F)cc(C(F)(F)F)c1,0.9999788,test
CC(C(=O)N[C@]1(c2ccccc2)CC[C@H](N2CCCCC2)CC1)c1cc(C(F)(F)F)cc(C(F)(F)F)c1,0.9989083,train
CC1CCN([C@H]2CC[C@](NC(=O)C(C)c3cc(C(F)(F)F)cc(C(F)(F)F)c3)(c3ccccc3)CC2)CC1,0.9998491,train
CC(C(=O)N[C@]1(c2ccccc2)CC[C@@H](N2CCC(=O)CC2)CC1)c1cc(C(F)(F)F)cc(C(F)(F)F)c1,0.9887334,test
CC(C(=O)N[C@]1(c2ccccc2)CC[C@@H](N2CCC3(CC2)OCCO3)CC1)c1cc(C(F)(F)F)cc(C(F)(F)F)c1,0.99851686,test
CC(C(=O)N[C@]1(c2ccccc2)CC[C@@H](N2CCC(O)CC2)CC1)c1cc(C(F)(F)F)cc(C(F)(F)F)c1,0.99258727,train
CC(C(=O)NC1(c2ccccc2)CCC(N2CCC3(CC2)CCC(C)(C)O3)CC1)c1cc(C(F)(F)F)cc(C(F)(F)F)c1,0.99625105,train
CC(C(=O)NC1(c2ccccc2)CCC(N2CCC(O)(Cc3ccccc3)CC2)CC1)c1cc(C(F)(F)F)cc(C(F)(F)F)c1,0.9924297,train
CC(C(=O)NC1(c2ccccc2)CCC(N2CCC3(CCOC3)CC2)CC1)c1cc(C(F)(F)F)cc(C(F)(F)F)c1,0.9987923,train
CC(C(=O)NC1(c2ccccc2)CCC(N2CCC(C3CCOC3=O)CC2)CC1)c1cc(C(F)(F)F)cc(C(F)(F)F)c1,0.9950523,test
CC(C(=O)N[C@]1(c2ccccc2)CC[C@H](N2CCC(C3CCOC3(C)C)CC2)CC1)c1cc(C(F)(F)F)cc(C(F)(F)F)c1,0.99927276,val
CC(C(=O)NC1(c2ccccc2)CCC(N2CCC(C3CCC(=O)O3)CC2)CC1)c1cc(C(F)(F)F)cc(C(F)(F)F)c1,0.9650625,train
CC(C(=O)N[C@]1(c2ccccc2)CC[C@H](N(C)C)CC1)c1cc(C(F)(F)F)cc(C(F)(F)F)c1,0.9934307,val
NC(C(=O)N1CCSC1)C1CCC(NC(=O)c2ccc(F)c(F)c2)CC1,0.33957893,train
NC(C(=O)N1CCCC1)C1CCC(NC(=O)OCc2ccccc2)CC1,0.20033944,train
NC(C(=O)N1CCSC1)C1CCC(NC(=O)c2cccc3ccccc23)CC1,0.45844504,test
NC(C(=O)N1CCCC1)C1CCC(NS(=O)(=O)c2ccc(F)cc2F)CC1,0.19905248,train
NC(C(=O)N1CCCC1)C1CCC(NS(=O)(=O)c2ccc(OC(F)(F)F)cc2)CC1,0.8047704,train
NC(C(=O)N1CCSC1)C1CCC(NC(=O)Nc2ccc(I)cc2)CC1,0.96726793,test
NC(C(=O)N1CCCC1)C1CCC(NC(=O)c2cccc3ccccc23)CC1,0.28298607,train
NC(C(=O)N1CCSC1)C1CCC(NS(=O)(=O)c2ccc(OC(F)(F)F)cc2)CC1,0.898208,val
Fc1ccc(CCN2CCC3(CCc4ccccc4C3)CC2)c(F)c1,0.998218,train
N#Cc1ccc(S(=O)(=O)C2CCN(CCc3ccc(F)cc3F)CC2)cc1,0.9973482,train
CC(C)(O)c1ccc(C(Cc2ccc[n+]([O-])c2)c2ccc(OC(F)F)c(OC3CC3)c2)cn1,0.029616624,val
CC(C)(O)c1ncc(C(Cc2cc[n+]([O-])cc2)c2ccc(OC(F)F)c(OC3CCC3)c2)s1,0.0032199242,train
[O-][n+]1ccc(CC(c2ccc(OC(F)F)c(OC3CC3)c2)c2cnc(C(O)(C(F)(F)F)C(F)(F)F)s2)cc1,0.0026957097,test
O=S(=O)(c1ccccc1)C1CCN(CCc2ccc(F)cc2F)CC1,0.9922272,train
Fc1ccc2c([C@@H]3CNCC[C@H]3F)c(-c3ccccc3)[nH]c2c1,0.96299046,train
CC(C)(O)c1ccc(C(Cc2cc[n+]([O-])cc2)c2ccc(OC(F)F)c(OC3CCC3)c2)cn1,0.025511649,val
CC(C)(O)c1ccc(C(Cc2cc[n+]([O-])cc2)c2ccc(OC(F)F)c(OC3CC3)c2)cn1,0.029843042,test
NC(=O)c1ccc(S(=O)(=O)C2CCN(CCc3ccc(F)cc3F)CC2)cc1,0.9763718,train
N#Cc1cccc(S(=O)(=O)C2CCN(CCc3ccc(F)cc3F)CC2)c1,0.99649626,train
[O-][n+]1ccc(CC(c2ccc(OC(F)F)c(OC3CCC3)c2)c2cnc(C(O)(C(F)(F)F)C(F)(F)F)s2)cc1,0.0022951334,train
OC1c2ccccc2CCC12CCN(CCc1ccccc1)CC2,0.98119915,train
O=S(=O)(c1ccc(F)cc1)C1CCN(CCc2ccc(F)cc2F)CC1,0.9957787,train
CC(O)(c1ccccc1)c1ccc(C(Cc2cc[n+]([O-])cc2)c2ccc(OC(F)F)c(OC(F)F)c2)cn1,0.2002682,val
CC(C)(O)c1ccc(C(Cc2ccc(=O)[nH]c2)c2ccc(OC(F)F)c(OC3CC3)c2)cn1,0.050529998,train
[O-][n+]1cccc(C[C@H](c2ccc(OC(F)F)c(OC3CC3)c2)c2cnc(C(O)(C(F)(F)F)C(F)(F)F)s2)c1,0.00036174347,train
O=S1(=O)c2ccccc2CCC12CCN(CCc1ccc(F)cc1F)CC2,0.9925087,val
O=S(=O)(c1ccccc1)C1CCN(CCCc2ccccc2)CC1,0.9809327,train
CC(C)(O)c1ccc(C(Cc2cc[n+]([O-])cc2)c2ccc(OC(F)F)c(OC3CCC3)c2)cc1,0.5760183,test
CC(C)(O)c1ccc(C(Cc2cc[n+]([O-])cc2)c2ccc(OC(F)F)c(OC(F)F)c2)cn1,0.07757597,train
Fc1ccc(CCN2CCC3(CCc4ccccc4O3)CC2)c(F)c1,0.99744034,train
O=C(CN1CCC(S(=O)(=O)c2ccccc2)CC1)c1ccc(F)cc1,0.94476956,train
NC(=O)c1cccc(S(=O)(=O)C2CCN(CCc3ccc(F)cc3F)CC2)c1,0.975425,train
[O-][n+]1cccc(C[C@@H](c2ccc(OC(F)F)c(OC3CC3)c2)c2cnc(C(O)(C(F)(F)F)C(F)(F)F)s2)c1,0.0004672572,train
O=S(=O)(c1ccc(Cl)cc1)C1CCN(CCc2ccc(F)cc2F)CC1,0.9981547,train
COc1ccc2c(c1)CCC1(CCN(CCc3ccc(F)cc3F)CC1)O2,0.9975751,train
N#Cc1ccccc1S(=O)(=O)C1CCN(CCc2ccc(F)cc2F)CC1,0.9873956,train
O=S(=O)(c1ccccc1)C1CCN(CCc2ccccc2)CC1,0.9866182,train
Fc1ccc2c([C@@H]3CNCC[C@H]3F)c(-c3cccc4ccccc34)[nH]c2c1,0.98442566,test
Fc1ccc2c([C@@H]3CNCC[C@H]3F)c(C3CCCCC3)[nH]c2c1,0.97325146,val
F[C@@H]1CCNC[C@H]1c1c(-c2ccccc2)[nH]c2c(Cl)cccc12,0.9736049,train
c1ccc(-c2[nH]c3ccccc3c2C2CCNCC2)cc1,0.9381592,test
Fc1ccc2c([C@@H]3CNCC[C@H]3F)c(-c3ccsc3)[nH]c2c1,0.9714254,val
COC(=O)c1[nH]c2cc(F)ccc2c1[C@@H]1CNCC[C@H]1F,0.74302953,val
Fc1ccc(-c2[nH]c3cc(F)ccc3c2C2CCCNC2)cc1,0.98954695,train
Fc1ccc2c([C@@H]3CNCC[C@H]3F)c(-c3ccc4ccccc4c3)[nH]c2c1,0.98364925,val
c1ccc(CCN2CCCC(c3c(-c4ccccc4)[nH]c4ccccc34)C2)cc1,0.99895823,train
Fc1cccc2c([C@@H]3CNCC[C@H]3F)c(-c3ccccc3)[nH]c12,0.9411272,train
Fc1ccc(-c2[nH]c3cc(F)ccc3c2[C@@H]2CNCC[C@H]2F)cc1,0.98538554,train
Fc1ccc2c([C@@H]3CNCC[C@H]3F)c(-c3cccnc3)[nH]c2c1,0.8855575,test
c1ccc(CCN2[C@@H]3CC[C@H]2CC(c2c(-c4ccccc4)[nH]c4ccccc24)C3)cc1,0.9999298,test
c1ccc(CCN2CCC(c3c(-c4ccccc4)[nH]c4ccccc34)CC2)cc1,0.9990707,val
CN1CCCC(c2c(-c3ccccc3)[nH]c3ccccc23)C1,0.97705996,train
c1ccc(CN2CCCC(c3c(-c4ccccc4)[nH]c4ccccc34)C2)cc1,0.9960932,train
CN1CCCCC1c1c(-c2ccccc2)[nH]c2ccccc12,0.9844987,val
F[C@@H]1CCNC[C@H]1c1c(-c2ccccc2)[nH]c2cc(Cl)ccc12,0.9910261,train
c1ccc(-c2[nH]c3ccccc3c2C2CCCNC2)cc1,0.94492495,train
O=C(Nc1ccccc1)c1[nH]c2cc(F)ccc2c1[C@@H]1CNCC[C@H]1F,0.86069506,train
NC(C(=O)N1CC[C@H](F)C1)C1CCC(NS(=O)(=O)c2ccc(F)cc2F)CC1,0.17028339,train
NC(C(=O)N1CCSC1)C1CCCCC1,0.4354852,train
NC(C(=O)N1CC[C@@H](F)C1)C1CCC(NS(=O)(=O)c2ccc(OC(F)(F)F)cc2)CC1,0.6849335,train
NC(C(=O)N1CC[C@@H](F)C1)C1CCC(NS(=O)(=O)c2ccc(F)cc2F)CC1,0.14701392,train
NC(C(=O)N1CCCC1)C1CCC(NC(=O)c2ccc(F)c(F)c2)CC1,0.2038971,train
NC(C(=O)N1CCSC1)C1CCC(NC(=O)c2ccccc2C(F)(F)F)CC1,0.50832826,train
NC(C(=O)N1CC[C@@H](F)C1)C1CCC(NC(=O)OCc2ccccc2)CC1,0.13924263,train
NC(C(=O)N1CC[C@H](F)C1)C1CCC(NS(=O)(=O)c2ccc(OC(F)(F)F)cc2)CC1,0.7541464,train
NC(C(=O)N1CCC(F)(F)C1)C1CCC(NC(=O)c2ccc(F)c(F)c2)CC1,0.11317924,train
NC(C(=O)N1CCC(F)(F)C1)C1CCC(NC(=O)OCc2ccccc2)CC1,0.107689664,train
NC(C(=O)N1CC[C@H](F)C1)C1CCC(NC(=O)c2ccc(F)c(F)c2)CC1,0.17076953,train
NC(C(=O)N1CC[C@@H](F)C1)C1CCC(NC(=O)c2ccc(F)c(F)c2)CC1,0.14611691,train
NC(C(=O)N1CCC(F)(F)C1)C1CCC(NS(=O)(=O)c2ccc(OC(F)(F)F)cc2)CC1,0.6389909,train
NC(C(=O)N1CC[C@H](F)C1)C1CCC(NC(=O)OCc2ccccc2)CC1,0.16544339,train
CCC(CC)c1cn(-c2ccc(F)cc2)c2ccc(Cl)cc12,0.99735403,train
O=C1NCCN1CCN1CCC(C2CN(c3ccc(F)cc3)c3ccccc32)CC1,0.9837669,val
COc1cc(N)c(Cl)cc1C(=O)NC1CCN(CCCOc2ccc(F)cc2)CC1OC,0.9785953,train
COc1ccc(CCN(C)CCCC(C#N)(c2ccc(OC)c(OC)c2)C(C)C)cc1OC,0.90334696,train
CC(C)(C)c1ccc(C(O)CCCN2CCC(C(O)(c3ccccc3)c3ccccc3)CC2)cc1,0.9858519,train
CN(CCOc1ccc(NS(C)(=O)=O)cc1)CCc1ccc(NS(C)(=O)=O)cc1,0.98903674,train
CCC(O)c1cn(-c2ccc(F)cc2)c2ccc(Cl)cc12,0.98872656,train
CN(C)Cc1cn(-c2ccc(F)cc2)c2ccc(Cl)cc12,0.9950029,train
CCC(=O)c1cn(-c2ccc(F)cc2)c2ccc(Cl)cc12,0.9951951,train
CC(C)(C(=O)O)c1ccc(C(O)CCCN2CCC(C(O)(c3ccccc3)c3ccccc3)CC2)cc1,0.13905497,train
CC(O)c1cn(-c2ccc(F)cc2)c2ccc(Cl)cc12,0.9687617,train
O=C(CCCN1CCC(O)(c2ccc(Cl)cc2)CC1)c1ccc(F)cc1,0.9587801,train
CCc1cn(-c2ccc(F)cc2)c2ccc(Cl)cc12,0.99556977,train
CS(=O)(=O)Nc1ccc2c(c1)C(O)CC1(CCN(C3CCc4cc(C#N)ccc4C3)CC1)O2,0.9791108,train
CC(C)(O)c1ccc(C(O)CCCN2CCC(C(O)(c3ccccc3)c3ccccc3)CC2)cc1,0.70125496,train
O=c1[nH]c2ccccc2n1C1CCN(CCCC(c2ccc(F)cc2)c2ccc(F)cc2)CC1,0.99828726,train
Cc1c(F)c(N2CCNC(C)C2)cc2c1c(=O)c(C(=O)O)cn2C1CC1,0.070288986,train
COc1ccc(CCN2CCC(Nc3nc4ccccc4n3Cc3ccc(F)cc3)CC2)cc1,0.99956197,train
CSc1ccc2c(c1)N(CCC1CCCCN1C)c1ccccc1S2,0.99960476,train
CCn1nc(Cc2ccc(OC3CCC3)cc2)cc1C1CCN(C[C@H]2CN(C(C(=O)O)C(C)(C)C)C[C@@H]2c2cccc(F)c2)CC1,0.8217192,train
CC[C@H](C)C(C(=O)O)N1C[C@H](CN2CCC(c3cc(Cc4ccc(C(C)C)cc4)nn3CC)CC2)[C@@H](c2cccc(F)c2)C1,0.6418911,train
CC(C)COCC(CN(Cc1ccccc1)c1ccccc1)N1CCCC1,0.93616694,test
COc1ccccc1OCCNCC(O)COc1cccc2[nH]c3ccccc3c12,0.9615462,val
CCCCN(CCCC)CCC(O)c1cc2c(Cl)cc(Cl)cc2c2cc(C(F)(F)F)ccc12,0.9995689,test
C1CCC(C(CC2CCCCN2)C2CCCCC2)CC1,0.98507476,test
CN(C)CCCC1(c2ccc(F)cc2)OCc2cc(C#N)ccc21,0.9651124,test
CC[C@H](C)C(C(=O)O)N1C[C@H](CN2CCC(c3cc(Cc4ccc(OCC(F)(F)F)cc4)nn3CC)CC2)[C@@H](c2cccc(F)c2)C1,0.9623382,train
CCn1nc(Cc2ccccc2)cc1C1CCN(C[C@H]2CN(C(C(=O)O)C(C)(C)C)C[C@@H]2c2cccc(F)c2)CC1,0.3147319,train
CC[C@H](C)C(C(=O)O)N1C[C@H](CN2CCC(c3cc(Cc4ccc(OC)c(OC)c4)nn3CC)CC2)[C@@H](c2cccc(F)c2)C1,0.5877177,train
O=C1CN2[C@@H]3CC(OC(=O)C4CNc5ccccc54)C[C@@H]2CC1C3,0.16680077,val
CC[C@H](C)C(C(=O)O)N1C[C@H](CN2CCC(c3cc(Cc4ccccc4)nn3CC)CC2)[C@@H](c2cccc(F)c2)C1,0.3383996,train
CCn1nc(Cc2ccc(OC)c(OC)c2)cc1C1CCN(C[C@H]2CN(C(C(=O)O)C(C)(C)C)C[C@@H]2c2cccc(F)c2)CC1,0.6061277,train
CCn1nc(Cc2ccc(C(C)(C)C)cc2)cc1C1CCN(C[C@H]2CN(C(C(=O)O)C(C)(C)C)C[C@@H]2c2cccc(F)c2)CC1,0.9251307,train
COC(=O)C1[C@@H](OC(=O)c2ccccc2)C[C@@H]2CC[C@H]1N2C,0.96153486,train
CCCCCCCN(CC)CCCC(O)c1ccc(NS(C)(=O)=O)cc1,0.7991467,train
COCC(=O)O[C@]1(CCN(C)CCCc2nc3ccccc3[nH]2)CCc2cc(F)ccc2[C@@H]1C(C)C,0.98040134,train
CC(C)N(CCC(C(N)=O)(c1ccccc1)c1ccccn1)C(C)C,0.06573421,train
C[C@@H]1CN(c2c(F)c(N)c3c(=O)c(C(=O)O)cn(C4CC4)c3c2F)C[C@H](C)N1,0.060134396,train
CCn1nc(Cc2ccc(OC(C)C)cc2)cc1C1CCN(C[C@H]2CN(C(C(=O)O)C(C)(C)C)C[C@@H]2c2cccc(F)c2)CC1,0.77499694,train
CCn1nc(Cc2ccc(C#N)cc2)cc1C1CCN(C[C@H]2CN(C(C(=O)O)C(C)(C)C)C[C@@H]2c2cccc(F)c2)CC1,0.8730789,train
CN(c1nc(=O)cc[nH]1)C1CCN(c2nc3ccccc3n2Cc2ccc(F)cc2)CC1,0.9932423,train
OC(c1cc(C(F)(F)F)nc2c(C(F)(F)F)cccc12)C1CCCCN1,0.90588653,train
CC[C@@H](C)C(C(=O)O)N1C[C@H](CN2CCC(c3cc(Cc4ccc(OC5CCC5)cc4)nn3CC)CC2)[C@@H](c2cccc(F)c2)C1,0.6689391,train
CN1CCN(C2=Nc3cc(Cl)ccc3Nc3ccccc32)CC1,0.9922031,train
CN(C)CCCN1c2ccccc2Sc2ccc(Cl)cc21,0.9957307,test
CNCCC(Oc1ccc(C(F)(F)F)cc1)c1ccccc1,0.9661424,train
CC[C@@H](C)C(C(=O)O)N1C[C@H](CN2CCC(c3cc(Cc4ccc(OC)c(OC)c4)nn3CC)CC2)[C@@H](c2cccc(F)c2)C1,0.4255042,train
CN1CCN(CCCCn2c(O)cn(/N=C/c3ccc(-c4ccc(Cl)cc4)o3)c2=O)CC1,0.98206526,val
CCCc1nn(C)c2c(=O)[nH]c(-c3cc(S(=O)(=O)N4CCN(C)CC4)ccc3OCC)nc12,0.9301803,train
COc1ccc([C@@H]2Sc3ccccc3N(CCN(C)C)C(=O)C2OC(C)=O)cc1,0.15548816,train
O=C(O)COCCN1CCN(C(c2ccccc2)c2ccc(Cl)cc2)CC1,0.4163817,test
CC(=O)N1CCN(c2ccc(OCC3COC(Cn4ccnc4)(c4ccc(Cl)cc4Cl)O3)cc2)CC1,0.22354844,test
CNCCCN1c2ccccc2CCc2ccccc21,0.77502537,train
Cc1nc2n(c(=O)c1CCN1CCC(c3noc4cc(F)ccc34)CC1)CCCC2,0.9987608,train
CCOc1ccc(Cc2cc(C3CCN(C[C@H]4CN(C(C(=O)O)[C@@H](C)CC)C[C@@H]4c4cccc(F)c4)CC3)n(CC)n2)cc1,0.40453383,train
CC[C@H]1OC(=O)C(C)[C@@H](O[C@H]2C[C@@](C)(OC)[C@@H](O)[C@H](C)O2)[C@H](C)[C@@H](O[C@@H]2O[C@H](C)C[C@H](N(C)C)[C@H]2O)[C@](C)(OC)CC(C)C(=O)C(C)[C@@H](O)[C@]1(C)O,0.69278616,train
CCOC(=O)C1=C(C)N=C(C)C(C(=O)OC)C1c1cccc([N+](=O)[O-])c1,0.91863626,train
O=C(CCCN1CC=C(n2c(=O)[nH]c3ccccc32)CC1)c1ccc(F)cc1,0.95221525,train
CC[C@@H](C)C(C(=O)O)N1C[C@H](CN2CCC(c3cc(Cc4ccc(OC(C)(C)C)cc4)nn3CC)CC2)[C@@H](c2cccc(F)c2)C1,0.10624704,train
CN1CCCCC1CCN1c2ccccc2Sc2ccc([S+](C)[O-])cc21,0.968562,train
COc1ccc(C2CCN(CCC3CCOc4ccccc43)CC2)cc1OC,0.9858527,train
CCn1nc(Cc2ccc(-c3ccccc3)cc2)cc1C1CCN(C[C@H]2CN(C(C(=O)O)C(C)(C)C)C[C@@H]2c2cccc(F)c2)CC1,0.8872423,train
NC1=NCC2c3ccccc3Cc3ccccc3N12,0.9795222,val
Cc1cc2c(s1)Nc1ccccc1N=C2N1CCN(C)CC1,0.98051685,train
CCn1nc(Cc2ccc(OC(F)(F)F)cc2)cc1C1CCN(C[C@H]2CN(C(C(=O)O)C(C)(C)C)C[C@@H]2c2cccc(F)c2)CC1,0.9641535,train
O=C(NCC1CCCCN1)c1cc(OCC(F)(F)F)ccc1OCC(F)(F)F,0.98970187,val
CC[C@H](C)C(C(=O)O)N1C[C@H](CN2CCC(c3cc(Cc4ccc(OC5CCC5)cc4)nn3CC)CC2)[C@@H](c2cccc(F)c2)C1,0.80627733,train
CC[C@H](C)C(C(=O)O)N1C[C@H](CN2CCC(c3cc(Cc4ccc(-c5ccccc5)cc4)nn3CC)CC2)[C@@H](c2cccc(F)c2)C1,0.87839985,train
CCn1nc(Cc2ccc(-c3ccccc3)cc2)cc1C1CCN(C[C@H]2CN(C(C(=O)O)C3CCCCC3)C[C@@H]2c2cccc(F)c2)CC1,0.9512726,val
Oc1cc2cc(CCN3CCN(c4nsc5ccccc45)CC3)c(Cl)cc2[nH]1,0.99720037,test
O=C(O[C@H]1C[C@H]2CC3C[C@@H](C1)N2CC3=O)c1c[nH]c2ccccc12,0.13431683,train
Cc1cccc(CCN2CCC(C(=O)c3ccc(NS(C)(=O)=O)cc3)CC2)n1,0.8837083,test
Fc1ccc(Cn2c(NC3CCNCC3)nc3ccccc32)cc1,0.97885257,train
CN(C)CCCn1nc(C2=C(c3cn(-c4cccnc4)c4ccccc34)C(=O)NC2=O)c2ccccc21,0.9639779,train
CN(C)CCCn1nc(C2=C(c3cn(-c4ccc5ccccc5c4)c4ccccc34)C(=O)NC2=O)c2ccccc21,0.99370605,val
CN(C)CCCn1nc(C2=C(c3cn(-c4cncc5ccccc45)c4ccccc34)C(=O)NC2=O)c2ccccc21,0.9788452,train
CN(C)CCCn1nc(C2=C(c3cn(-c4cnc5ccccc5c4)c4ccccc34)C(=O)NC2=O)c2ccccc21,0.9857826,val
O=S(=O)(c1ccccc1)C1(F)CCN(CCc2ccc(F)cc2F)CC1,0.99653,train
O=S(=O)(c1ccc(F)cc1)C1(F)CCN(CCc2ccc(F)cc2F)CC1,0.99813986,train
O=C1NC(=O)C(c2nn(CCCN3CCOCC3)c3ccccc23)=C1c1cn(-c2ccc3ccccc3c2)c2ccccc12,0.9955367,test
O=C1NC(=O)C(c2nn(CCCN3CCCC3)c3ccccc23)=C1c1cn(-c2ccc3ccccc3c2)c2ccccc12,0.99826103,train
N#Cc1ccc(S(=O)(=O)C2(F)CCN(CCc3ccc(F)cc3F)CC2)cc1,0.998844,train
CN1CCN(CCCn2nc(C3=C(c4cn(-c5ccc6ccccc6c5)c5ccccc45)C(=O)NC3=O)c3ccccc32)CC1,0.99661416,train
O=C(CN1CCC(S(=O)(=O)c2ccccc2)CC1)c1ccc(F)cc1F,0.93624884,train
O=S(=O)(c1ccc(Cl)cc1)C1(F)CCN(CCc2ccc(F)cc2F)CC1,0.99926525,train
O=S(=O)(c1ccccc1F)C1(F)CCN(CCc2ccc(F)cc2F)CC1,0.99369663,train
O=S(=O)(c1ccc(N2CCC2)cc1)C1(F)CCN(CCc2ccc(F)cc2F)CC1,0.99627304,train
CN([C@H]1c2cc(OCCCC(F)(F)F)ccc2OC(C)(C)[C@@H]1O)S(C)(=O)=O,0.03583378,test
CC[C@H]1OC(=O)C(C)[C@@H](O[C@H]2C[C@@](C)(OC)[C@@H](O)[C@H](C)O2)[C@H](C)[C@@H](O[C@@H]2O[C@H](C)C[C@H](N(C)C)[C@H]2O)[C@](C)(O)CC(C)C(=O)C(C)[C@@H](O)[C@]1(C)O,0.7909106,train
CCCNCC(O)COc1ccc(O)cc1C(=O)CCc1ccccc1,0.5515357,train
NCC(O)COc1ccccc1C(=O)CCc1ccccc1,0.21550407,train
CCC[S+]([O-])CCCN(CC)CC(O)COc1ccc(C#N)cc1,0.94539577,train
CC(CC(c1ccccc1)c1ccccc1)NC(C)(C)C,0.81260014,train
CCCNCC(O)COc1ccccc1C(=O)CCc1ccccc1,0.7553248,train
COc1ccc(CCN(C)CCOc2ccc(NS(C)(=O)=O)cc2N)cc1OC,0.9889836,train
COc1ccc(CN(CCN(C)C)c2ccccn2)cc1,0.68963647,train
COc1ccc(CCNC(C)COc2c(C)cccc2C)cc1OC,0.9938379,train
c1ccc(C2(c3ccccc3)CC2C2=NCCN2)cc1,0.97369856,val
CCN(CC)CC#CCOC(=O)[C@](O)(c1ccccc1)C1CCCCC1,0.2707306,val
COc1cc2c(cc1OC)C1Cc3ccc(OC)c(OC)c3C(Cc3ccccc3)N1CC2,0.7996124,test
COC(=O)C1=C(C)N=C(C)C(C(=O)OCC(C)C)C1c1ccccc1[N+](=O)[O-],0.59677166,train
CCN(CC)CCNC(=O)c1ccc(NC(C)=O)cc1,0.20304167,train
CN1Cc2ccccc2[C@@H](c2ccccc2)N=C1CCc1ccccc1,0.98750895,test
O=C1NCN(c2ccccc2)C12CCN(CCCC(c1ccc(F)cc1)c1ccc(F)cc1)CC2,0.9958307,train
CCN(CC)CCCC(C)Nc1ccnc2cc(Cl)ccc12,0.969702,train
CCCCN(CCCC)CC(O)c1cc(Cl)cc2c1-c1ccc(Cl)cc1/C2=C/c1ccc(Cl)cc1,0.9999231,train
NC(CC(=O)N1CCCC1C(=O)NCc1ccc(C(=O)O)cc1)Cc1ccc(F)c(F)c1,0.25200143,train
NC(CC(=O)N1CCCC1C(=O)NCc1ccc(C(F)(F)F)cc1)Cc1ccccc1F,0.42057365,train
CC(C)C(Oc1ccc(CNC(=O)C2CCCN2C(=O)CC(N)Cc2cc(F)ccc2F)cc1)C(=O)O,0.19949433,train
COC(=O)Cc1ccc(CNC(=O)C2CSCN2C(=O)CC(N)Cc2ccccc2F)cc1,0.30914813,train
NCc1ccc(F)c(C2CCN(C(=O)c3cccc(-c4nc(-c5cccs5)no4)c3)CC2)c1,0.7353714,train
NCc1ccc(F)c(C2CCN(C(=O)c3cc(C(=O)O)cc(-c4nc(-c5cccs5)no4)c3)CC2)c1,0.13212812,train
NCc1ccc(F)c(C2CCN(C(=O)c3cc(C(N)=O)cc(-c4nc(-c5cccs5)no4)c3)CC2)c1,0.5203969,train
CC(c1ccc(-c2ccc(F)cc2)cc1)C(N)C(=O)N1CC[C@H](F)C1,0.70917815,train
O=C(O)C(CC1CCC1)N1C[C@H](CN2CCC(c3cnc4ccccn34)CC2)[C@@H](c2cccc(F)c2)C1,0.32214192,train
CC(c1ccc(-c2cccc(-c3nn[nH]n3)c2)cc1)C(N)C(=O)N1CC[C@H](F)C1,0.07181933,train
CC(c1ccc(-c2cccc(-c3nc(=O)o[nH]3)c2)cc1)C(N)C(=O)N1CC[C@H](F)C1,0.13458636,train
COc1ccc([C@@H](O)C[C@H]2c3cc(OC)c(OC)cc3CCN2C)cc1,0.7913948,train
COc1cc2c(cc1OC)[C@H](C[C@H](O)c1ccc(Cl)cc1)N(C)CC2,0.92219627,train
COc1cccc(CN2CCCCCCC2)c1OCc1csc(-c2ccccc2)n1,0.9736849,train
COc1cccc(CN2CCCCCCC2)c1OCc1csc(-c2ccc(Cl)cc2)n1,0.9972784,train
Clc1ccc(-c2nc(COc3ccccc3CN3CCCCCCC3)cs2)cc1,0.99751484,train
Cc1cccc(C)c1NC(=O)CN1CCN(CCCC(c2ccc(F)cc2)c2ccc(F)cc2)CC1,0.98919195,train
Cc1ccc(O)c([C@H](CCN(C(C)C)C(C)C)c2ccccc2)c1,0.80503,train
Cc1nc2n(c(=O)c1CCN1CCC(C3NOc4cc(F)ccc43)CC1)CCCC2,0.9993285,val
COc1cccc(C(=O)N2CCCC2)c1OCc1csc(-c2ccc(Cl)cc2)n1,0.98330796,train
O=C(c1ccccc1OCc1csc(-c2ccc(Cl)cc2)n1)N1CCCC1,0.9737802,train
O=c1[nH]c2ccccc2n1CCCN1CCC(n2c(=O)[nH]c3cc(Cl)ccc32)CC1,0.9813989,test
CCC(=O)N(c1ccccc1)C1CCN(CCc2ccccc2)CC1,0.96988934,train
CC(C)(C)c1ccc(C(=O)CCCN2CCC(OC(c3ccccc3)c3ccccc3)CC2)cc1,0.994612,val
CN1C2CCCC1CC(NC(=O)c1nn(C)c3ccccc13)C2,0.4598404,val
CO[C@@]12CC[C@@]3(C[C@@H]1[C@](C)(O)C(C)(C)C)[C@H]1Cc4ccc(O)c5c4[C@@]3(CCN1CC1CC1)[C@H]2O5,0.22136979,val
CCC(=O)C(CC(C)N(C)C)(c1ccccc1)c1ccccc1,0.8923482,train
C/C=C1/N(C)C(C)CC1(c1ccccc1)c1ccccc1,0.45431545,train
O=c1cc(NC2CCN(Cc3ccc4c(c3)OCO4)CC2)c2cc(Cl)ccc2o1,0.928605,test
CC(C)(C)C1CCC2(CC1)CCN(c1ccc(OC(F)(F)F)cc1)C(=O)N2Cc1ccc(C(=O)Nc2nn[nH]n2)cc1,0.9661705,train
COc1ccc(OC(F)(F)F)cc1CN[C@H]1CCCN[C@H]1c1ccccc1,0.96597743,train
O=c1[nH]nc(C2CC3(c4ccccc4)NC2CCC3NCc2cc(OC(F)(F)F)ccc2OC2CC2)[nH]1,0.99538785,train
O=C(O)C1CC2(c3ccc(F)cc3)NC1CCC2NCc1cc(OC(F)(F)F)ccc1OC1CC1,0.8969731,train
O=S(=O)(NCC1CC2(c3ccc(F)cc3)NC1CCC2NCc1cc(OC(F)(F)F)ccc1OC1CC1)c1ccccc1,0.99896634,train
CS(=O)(=O)NCC1CC2(c3ccc(F)cc3)NC1CCC2NCc1cc(OC(F)(F)F)ccc1OC1CC1,0.99698895,train
OCC1CC2(c3ccccc3)NC1CCC2NCc1cc(OC(F)(F)F)ccc1OC1CC1,0.9941202,train
FC(F)(F)Oc1ccc(Cl)c(CNC2CCC3CCC2(c2ccccc2)N3)c1,0.9946626,train
FC(F)(F)Oc1ccc(OC2CC2)c(CNC2CCC3CCC2(c2ccccc2)N3)c1,0.9983713,train
COc1ccc(OC(F)(F)F)cc1CNC1CCC2CCC1(c1ccccc1)N2,0.99620795,train
CN(C)[C@H]1CC[C@](c2ccccc2)(N2CCC(c3cc(C(F)(F)F)cc(C(F)(F)F)c3)C2=O)CC1,0.9918122,train
CC(C(=O)N[C@]1(c2ccccc2)CC[C@@H](N2CCN(c3ccccc3)C(=O)C2)CC1)c1cc(C(F)(F)F)cc(C(F)(F)F)c1,0.99086857,test
CC(C(=O)N[C@]1(c2ccccc2)CC[C@@H](N2CCC3(CCOC3)CC2)CC1)c1cc(C(F)(F)F)cc(C(F)(F)F)c1,0.9999579,train
COC1(c2cc(C(F)(F)F)cc(C(F)(F)F)c2)CCN([C@]2(c3ccccc3)CC[C@@H](N3CCC4(CCOC4)CC3)CC2)C1=O,0.99994934,train
CC1(c2cc(C(F)(F)F)cc(C(F)(F)F)c2)CCN([C@]2(c3ccccc3)CC[C@@H](N3CCN(c4ccccc4Cl)C(=O)C3)CC2)C1=O,0.961791,train
CC1(c2cc(C(F)(F)F)cc(C(F)(F)F)c2)CCN([C@]2(c3ccccc3)CC[C@@H](N3CCN(c4ccccc4)C(=O)C3)CC2)C1=O,0.97342026,train
CC1(c2cc(C(F)(F)F)cc(C(F)(F)F)c2)CCN([C@]2(c3ccccc3)CC[C@@H](N3CCC4(CCOC4)CC3)CC2)C1=O,0.9998902,train
O=C1N([C@]2(c3ccccc3)CC[C@@H](N3CCC4(CCOC4)CC3)CC2)CCC1(O)c1cc(C(F)(F)F)cc(C(F)(F)F)c1,0.9999665,train
O=C1CN([C@H]2CC[C@](c3ccccc3)(N3CCCC(c4cc(C(F)(F)F)cc(C(F)(F)F)c4)C3=O)CC2)CCN1c1ccccc1,0.99630463,test
O=C1CN([C@H]2CC[C@](c3ccccc3)(N3CCC(c4cc(C(F)(F)F)cc(C(F)(F)F)c4)C3=O)CC2)CCN1c1ccccc1,0.9942841,train
O=C1C(c2cc(C(F)(F)F)cc(C(F)(F)F)c2)CCCN1[C@]1(c2ccccc2)CC[C@@H](N2CCC3(CCOC3)CC2)CC1,0.99998426,val
O=C1C(c2cc(C(F)(F)F)cc(C(F)(F)F)c2)CCN1[C@]1(c2ccccc2)CC[C@@H](N2CCC3(CCOC3)CC2)CC1,0.99997604,train
CC(c1ccc(-c2ccc(=O)[nH]c2)cc1)C(N)C(=O)N1CC[C@H](F)C1,0.16774298,train
O=C(C(O)C1CC1)N1CC(c2cc(F)ccc2F)=C[C@H]1c1ccccc1,0.73031354,train
CC(C)(C)C(NC(=O)OCCO)C(=O)N1CC(c2cc(F)ccc2F)=C[C@H]1c1ccccc1,0.09616287,train
CC(C)C(N)C(=O)N1CC(c2cc(F)ccc2F)=C[C@H]1c1ccccc1,0.75022054,train
CC(C)(CN)C(=O)N1CC(c2cc(F)ccc2F)=C[C@H]1c1ccccc1,0.81759125,train
CN(C(=O)N1CC(c2cc(F)ccc2F)=CC1c1cccc(O)c1)C1CCNCC1,0.7568488,train
CN(C)C(=O)N1CC(c2cc(F)ccc2F)=C[C@H]1c1cccc(O)c1,0.6242108,train
CC(C)C(N)C(=O)N1CC(c2cc(F)ccc2F)=C[C@H]1c1cccc(O)c1,0.71853733,train
FC(F)(F)c1cc(COC2CCC3CCC2(c2ccccc2)N3)cc(C(F)(F)F)c1,0.99818003,train
C[C@@H](OC1CCC2NC1(c1ccccc1)CC2c1nnnn1C)c1cc(C(F)(F)F)cc(C(F)(F)F)c1,0.9992268,train
C[C@@H](OC1CCC2NC1(c1ccccc1)CC2c1nnn(C)n1)c1cc(C(F)(F)F)cc(C(F)(F)F)c1,0.9972573,train
Cn1nnnc1C1CC2(c3ccccc3)NC1CCC2OCc1cc(C(F)(F)F)cc(C(F)(F)F)c1,0.99721515,train
Cn1nnc(C2CC3(c4ccccc4)NC2CCC3OCc2cc(C(F)(F)F)cc(C(F)(F)F)c2)n1,0.99016374,train
C[C@@H](OC1CCC2NC1(c1ccccc1)CC2S(=O)(=O)c1ccccc1)c1cc(C(F)(F)F)cc(C(F)(F)F)c1,0.99995065,train
O=S(=O)(c1ccccc1)C1CC2(c3ccccc3)NC1CCC2OCc1cc(C(F)(F)F)cc(C(F)(F)F)c1,0.9998266,train
COc1ccc(Br)cc1CCc1c(Cl)cccc1C(=O)N=C(N)N,0.9829898,train
COc1ccc(Br)cc1CCc1c(Cl)cccc1C1=NCCN1,0.99952185,test
COc1ccccc1Oc1cccc(CN2CCC(NC(=O)C3(c4ccccc4)CCNCC3)CC2)c1,0.8697617,train
O=c1cc(NC2CCN(Cc3ccc4c(c3)OCO4)CC2)c2cc(Cl)ccc2[nH]1,0.9833159,train
Cn1c(=O)nc(NC2CC3CCC(C2)N3Cc2ccc3c(c2)OCO3)c2cc(Cl)ccc21,0.98274213,train
O=c1nc(NC2CC3CCC(C2)N3Cc2ccc3c(c2)OCO3)c2cc(Cl)ccc2n1CC(F)(F)F,0.9976138,train
CCCCCn1c(=O)nc(NC2CCN(Cc3ccc4c(c3)OCO4)CC2)c2cc(Cl)ccc21,0.9992901,train
O=c1nc(NC2CCN(Cc3ccc4c(c3)OCO4)CC2)c2cc(Cl)ccc2n1CC(F)(F)F,0.9974311,train
O=c1nc(NC2CCN(Cc3ccc4ccccc4c3)CC2)c2cc(Cl)ccc2n1CC(F)(F)F,0.99819654,train
Cn1c(=O)nc(NC2CCN(Cc3ccc4ncccc4c3)CC2)c2cc(Cl)ccc21,0.96121216,val
Cn1c(=O)nc(NC2CCN(Cc3ccc4c(c3)OCO4)CC2)c2cc(Cl)ccc21,0.98208123,train
Cn1c(=O)nc(NC2CCN(Cc3ccc4ccccc4c3)CC2)c2cc(Cl)ccc21,0.9882161,train
COC(=O)c1c(NC2CCN(Cc3ccc4c(c3)OCO4)CC2)c2cc(Cl)ccc2n(C)c1=O,0.9795314,train
N#Cc1c(NC2CCN(Cc3ccc4c(c3)OCO4)CC2)c2cc(Cl)ccc2[nH]c1=O,0.9741275,train
O=c1cc(NC2CCN(Cc3ccc4c(c3)OCO4)CC2)c2cc(Cl)ccc2n1Cc1ccccn1,0.98442787,test
O=c1cc(NC2CCN(Cc3ccc4ccccc4c3)CC2)c2cc(Cl)ccc2n1Cc1ccccn1,0.98970526,test
O=c1cc(NC2CCN(Cc3ccc4c(c3)OCO4)CC2)c2cc(Cl)ccc2n1Cc1ccncc1,0.9953649,test
O=c1cc(NC2CCN(Cc3ccc4c(c3)OCO4)CC2)c2cc(Cl)ccc2n1Cc1ccccc1,0.99363846,val
Cn1c(=O)cc(NC2CCN(Cc3ccc4c(c3)OCO4)CC2)c2cc(OC(F)(F)F)ccc21,0.98929334,train
COc1ccc2c(c1)c(NC1CCN(Cc3ccc4c(c3)OCO4)CC1)cc(=O)n2C,0.85442257,train
Cn1c(=O)cc(NC2CCN(Cc3ccc4ccccc4c3)CC2)c2cc(Cl)ccc21,0.9826685,val
Cn1c(=O)cc(NC2CCN(C/C=C/c3ccccc3)CC2)c2cc(Cl)ccc21,0.97614825,test
C[C@@H](O[C@H]1CCn2ccnc2C[C@@H]1c1ccc(F)cc1)c1cc(C(F)(F)F)cc(C(F)(F)F)c1,0.983294,val
C[C@@H](O[C@H]1CCc2nccn2C[C@@H]1c1ccc(F)cc1)c1cc(C(F)(F)F)cc(C(F)(F)F)c1,0.9900828,test
C[C@@H](O[C@H]1CCC(=O)N(C)[C@@H](C)[C@@H]1c1ccc(F)cc1)c1cc(C(F)(F)F)cc(C(F)(F)F)c1,0.9801974,train
CC1C[C@H](O[C@H](C)c2cc(C(F)(F)F)cc(C(F)(F)F)c2)[C@@H](c2ccc(F)cc2)CN(C)C1=O,0.9926006,train
CC1C[C@H](O[C@H](C)c2cc(C(F)(F)F)cc(C(F)(F)F)c2)[C@@H](c2ccc(F)cc2)CNC1=O,0.9880548,train
C[C@@H]1C[C@H](O[C@H](C)c2cc(C(F)(F)F)cc(C(F)(F)F)c2)[C@@H](c2ccc(F)cc2)CC(=O)N1,0.92509806,train
O=S(=O)(c1ccc(F)cc1)N1CCN(CCc2ccc(F)cc2F)CC1,0.9861653,test
N#Cc1c[nH]c2c(C(=O)N3CCN(CCc4ccc(F)cc4F)CC3)cccc12,0.96230036,test
O=C(NC1CC1)c1cc(NCc2cnc(Nc3ccccn3)s2)c(F)cc1F,0.06964139,test
CNC1CCN(c2ccc(NC(=O)c3ccc(-c4ccccc4)cc3)cn2)C1,0.8379913,train
CCOc1ccccc1C[C@H](c1ccccc1)N1CCNCC1,0.20986648,train
O=C(NC1CCN(Cc2ccc3c(c2)OCO3)CC1)c1cc(=O)c2cc(F)c(F)cc2o1,0.4768299,val
COc1ccc2c(=O)n(CC(O)CO)c(C#N)c(-c3cccc(F)c3)c2c1,0.14043169,train
COc1ccc2c(=O)n(CC(O)CO)c(C#N)c(-c3cccc(C(F)(F)F)c3)c2c1,0.14558038,train
COc1ccc2c(=O)n(C[C@@H](O)CO)c(C#N)c(-c3ccccc3)c2c1,0.11132768,train
COc1ccc2c(=O)n(CC(CO)NCc3cccnc3)c(C#N)c(-c3ccccc3)c2c1,0.023728238,test
COCCN(C)CCn1c(C#N)c(-c2cccc(F)c2)c2cc(OC)ccc2c1=O,0.8802718,train
COc1ccc2c(=O)n(CCO)c(C#N)c(-c3cccc(F)c3)c2c1,0.23954995,train
COc1ccc2c(-n3cnc(C)c3)nc(C#N)c(-c3cccc(F)c3)c2c1,0.952695,val
COc1ccc2c(NC[C@H](O)CO)nc(C#N)c(-c3ccccc3)c2c1,0.3406174,train
COc1ccc2c(OC[C@H](O)CO)nc(C#N)c(-c3ccccc3)c2c1,0.081532076,train
COc1ccc2c(=O)n(C)c(CN(C)C)c(-c3ccccc3)c2c1,0.61438006,train
O=C(NC1CCN(Cc2ccc3occc3c2)CC1)c1cc(=O)c2ccc(F)cc2o1,0.5832884,train
O=C(NC1CCN(Cc2ccc3sccc3c2)CC1)c1cc(=O)c2ccc(F)cc2o1,0.78957,test
O=C(NC1CCN(Cc2ccc3[nH]ccc3c2)CC1)c1cc(=O)c2ccc(F)cc2o1,0.55744785,test
O=C(NC1CCN(Cc2ccc3cc[nH]c3c2)CC1)c1cc(=O)c2ccc(F)cc2o1,0.5971198,train
O=C(NC1CCN(Cc2ccc3ncoc3c2)CC1)c1cc(=O)c2ccc(F)cc2o1,0.22714053,train
CCc1nc2ccc(CN3CCC(NC(=O)c4cc(=O)c5ccc(F)cc5o4)CC3)cc2o1,0.45234373,train
CCc1nc2cc(CN3CCC(NC(=O)c4cc(=O)c5ccc(F)cc5o4)CC3)ccc2o1,0.42586902,test
O=C(NC1CCN(Cc2ccc3oc(=O)[nH]c3c2)CC1)c1cc(=O)c2ccc(F)cc2o1,0.3409179,train
O=C(NC1CCN(Cc2ccc3oc(=O)oc3c2)CC1)c1cc(=O)c2ccc(F)cc2o1,0.24876457,val
O=C1COc2ccc(CN3CCC(NC(=O)c4cc(=O)c5ccc(F)cc5o4)CC3)cc2N1,0.46796304,train
O=C(NC1CCN(Cc2ccc3ccc(=O)[nH]c3c2)CC1)c1cc(=O)c2ccc(F)cc2o1,0.39094,train
Cn1c(=O)ccc2ccc(CN3CCC(NC(=O)c4cc(=O)c5ccc(F)cc5o4)CC3)cc21,0.31866935,train
O=C(NC1CCN(Cc2ccc3ccc(=O)oc3c2)CC1)c1cc(=O)c2ccc(F)cc2o1,0.3111441,train
CC(=O)Nc1cccc(CN2CCC(NC(=O)c3cc(=O)c4ccc(F)cc4o3)CC2)c1,0.34547332,train
O=C(NC1CCN(C2CCc3cc4c(cc32)OCO4)CC1)c1cc(=O)c2cc(F)ccc2o1,0.6068031,val
O=C(NC1CCN(C2CCc3c2ccc2c3OCO2)CC1)c1cc(=O)c2cc(F)ccc2o1,0.699863,train
O=C(NC1CCN(C2CCc3cc4oc(=O)[nH]c4cc32)CC1)c1cc(=O)c2ccc(F)cc2o1,0.21665098,test
O=C1COc2cc3c(cc2N1)C(N1CCC(NC(=O)c2cc(=O)c4ccc(F)cc4o2)CC1)CC3,0.36951002,val
CC(=O)Nc1ccc2c(c1)C(N1CCC(NC(=O)c3cc(=O)c4ccc(F)cc4o3)CC1)CC2,0.2399587,val
CN(C)Cc1ccc2c(c1)CC[C@H](N(C)C(=O)c1ccc(-c3ccc(F)cc3)cc1)C2,0.76096845,train
CN(C)Cc1ccc2c(c1)CC[C@H](N(C)C(=O)c1ccc(-c3ccc(Cl)cc3)cn1)C2,0.9398327,train
CN(C)Cc1ccc2c(c1)CC[C@H](N(C)C(=O)c1ccc(-c3ccc(Cl)cc3)nc1)C2,0.8209966,train
CN(C)Cc1ccc2c(c1)CC[C@H](N(C)C(=O)c1ccc(-c3ccc(F)cc3)cn1)C2,0.84224814,train
CN(C)Cc1ccc2c(c1)CC[C@H](N(C)C(=O)c1ccc(-c3ccc(F)cc3)nc1)C2,0.62439656,train
CN(C)Cc1ccc2c(c1)CC[C@H](N(C)C(=O)c1ccc(-c3ccc(Cl)cn3)cc1)C2,0.7251706,train
CN(C)Cc1ccc2c(c1)CC[C@H](N(C)C(=O)c1ccc(-c3ccccc3)cn1)C2,0.6089207,train
CN(C)Cc1ccc2c(c1)CC[C@H](N(C)C(=O)c1ccc(-c3ccccn3)cc1)C2,0.3425339,train
CN(CC(=O)N(C)C)Cc1ccc2c(c1)CC[C@H](N(C)C(=O)c1ccc(-c3ccc(F)cc3)cc1)C2,0.5276926,train
CN(C)C(=O)C1CCCN1Cc1ccc2c(c1)CC[C@H](N(C)C(=O)c1ccc(-c3ccc(F)cc3)cc1)C2,0.69494987,test
CN(C(=O)c1ccc(-c2ccc(F)cc2)cc1)[C@H]1CCc2cc(CN3CCN(C(N)=O)CC3)ccc2C1,0.41324985,test
CCN(CC)Cc1ccc2c(c1)CC[C@H](N1CCN(CCc3cccc(C(F)(F)F)c3)CC1=O)C2,0.96927905,train
CCN(CC)Cc1ccc2c(c1)CC[C@H](N1CCN(CCC3CCCS3)CC1=O)C2,0.7562896,test
O=C1CN(CCc2ccc(F)cc2)CCN1[C@H]1CCc2cc(CN3CCOCC3)ccc2C1,0.6265495,val
CN(C)C(=N)c1ccc(C(=O)Nc2ccc(Sc3ccccc3)cc2C(=O)Nc2ccc(Cl)cn2)cc1,0.99557674,train
Cc1cc(C(=O)Nc2ccc(-c3ccccc3CN3CCCCC3)cc2F)n(-c2cc3ccccc3cc2F)n1,0.99480516,train
CC(=N)N1CCC(Oc2ccc(N(Cc3ccc4ccc(C(=N)N)cc4c3)S(C)(=O)=O)cc2)CC1,0.928401,train
C/C(=C(\F)C(=O)Nc1ccc(-c2ccccc2S(N)(=O)=O)cc1)c1cccc(C(=N)N)c1,0.44643247,train
Cc1cc(C(=O)Nc2ccc(C(=N)N3CCCC3)cc2)n(-c2cc3ccccc3cc2C#N)n1,0.9360987,val
CCOC(=O)C1CN(S(=O)(=O)c2cc3cc(Cl)ccc3[nH]2)CC(=O)N1Cc1ccc(C(=N)N(C)C)cc1,0.71000737,test
CN1CCN=C1c1ccc(C(=O)N2CCN(S(=O)(=O)c3cc4ccc(Cl)cc4s3)CC2CC(=O)N2CCOCC2)cc1,0.41284412,train
CCOC(=O)C1CCN(c2cc(C(=N)N(C)C)ccc2C(=O)Nc2ccc(OC)cc2C(=O)Nc2ccc(Cl)cn2)CC1,0.9698165,train
COc1ccc(NC(=O)c2ccc(C(=N)N(C)C)cc2N2CCCCC2)c(C(=O)Nc2ccc(Cl)cn2)c1,0.8621133,train
CN(C)C(=N)c1ccc(C(=O)Nc2ccc(Cl)cc2C(=O)Nc2ccc(Cl)cn2)c(N2CCCC(C(=O)O)C2)c1,0.81478244,train
CN(C)C(=N)c1ccc(C(=O)Nc2ccc(Cl)cc2C(=O)Nc2ccc(Cl)cn2)c(N2CCCCC2)c1,0.9755382,train
CN(CCCC(=O)O)C(=N)c1ccc(C(=O)Nc2ccc(Cl)cc2C(=O)Nc2ccc(Cl)cn2)cc1,0.69887763,train
CN(CC(=O)O)C(=N)c1ccc(C(=O)Nc2ccc(Cl)cc2C(=O)Nc2ccc(Cl)cn2)cc1,0.7060745,train
CN(C)C(=N)c1ccc(C(=O)Nc2ccc(Cl)cc2C(=O)Nc2ccc(Cl)cn2)cc1,0.9659178,train
CCOC(=O)C1CCN(C(=N)c2ccc(C(=O)Nc3c(OC)cc(Cl)cc3C(=O)Nc3ccc(Cl)cn3)c(F)c2)CC1,0.98341346,train
CCOC(=O)C1CCN(C(=N)c2ccc(C(=O)Nc3ccc(Cl)cc3C(=O)Nc3ccc(Cl)cn3)cc2)CC1,0.988943,train
CCOC(=O)C1CCCN(C(=N)c2ccc(C(=O)Nc3ccc(Cl)cc3C(=O)Nc3ccc(Cl)cn3)cc2)C1,0.9918325,train
CCOC(=O)COc1ccc(NC(=O)c2ccc(C(=N)N(C)C)cc2)c(C(=O)Nc2ccc(Cl)cn2)c1,0.92279154,train
COC(=O)CCc1ccc(NC(=O)c2ccc(C(=N)N(C)C)cc2)c(C(=O)Nc2ccc(Cl)cn2)c1,0.8949591,train
COC(=O)c1ccc(Oc2ccc(NC(=O)c3ccc(C(=N)N(C)C)cc3)c(C(=O)Nc3ccc(Cl)cn3)c2)cc1,0.9635301,train
CN(C)C(=N)c1ccc(C(=O)Nc2ccc(Sc3ccc(C(=O)O)cc3)cc2C(=O)Nc2ccc(Cl)cn2)cc1,0.9065317,train
CN(C)C(=N)c1ccc(C(=O)Nc2ccc(Sc3ccc(C(=O)N(C)C)cc3)cc2C(=O)Nc2ccc(Cl)cn2)cc1,0.9844431,train
COC(=O)c1ccc(Sc2ccc(NC(=O)c3ccc(C(=N)N(C)C)cc3)c(C(=O)Nc3ccc(Cl)cn3)c2)cc1,0.9961423,train
COC(=O)N(NC(=O)c1c(OCCN(C)C)c(-c2ccccc2)nc2ccccc12)c1ccccc1,0.96276754,train
COC(=O)N(NC(=O)c1c(CN2CCN(C3(C)CCCCC3)CC2)c(-c2ccccc2)nc2c(F)cccc12)c1ccccc1,0.99568814,train
COC(=O)N(NC(=O)c1c(CN2CCNCC2)c(-c2ccccc2)nc2c(F)cccc12)c1ccccc1,0.9254395,train
COC(=O)N(NC(=O)c1c(CC2CCN(C3CCOCC3)CC2)c(-c2ccccc2)nc2ccccc12)c1ccccc1,0.9838574,val
COC(=O)N(NC(=O)c1c(CC2CCNCC2)c(-c2ccccc2)nc2ccccc12)c1ccccc1,0.9616443,test
COC(=O)N(NC(=O)c1c(CN2CCN(S(=O)(=O)c3ccccc3)CC2)c(-c2ccccc2)nc2ccccc12)c1ccccc1,0.988715,test
COC(=O)N(NC(=O)c1c(CN2CCN(Cc3ccccc3)CC2)c(-c2ccccc2)nc2ccccc12)c1ccccc1,0.99351645,train
COC(=O)N(NC(=O)c1c(CN2CCN(C3CCSCC3)CC2)c(-c2ccccc2)nc2ccccc12)c1ccccc1,0.9942637,val
COC(=O)N(NC(=O)c1c(CN2CCN(C3CCOCC3)CC2)c(-c2ccccc2)nc2ccccc12)c1ccccc1,0.9810447,train
COC(=O)N(NC(=O)c1c(CN2CCN(C3CCCCC3)CC2)c(-c2ccccc2)nc2ccccc12)c1ccccc1,0.99440163,train
COC(=O)N(NC(=O)c1c(CN2CCN(C(C)C)CC2)c(-c2ccccc2)nc2ccccc12)c1ccccc1,0.944407,train
COC(=O)N(NC(=O)c1c(CN2CCN(C)CC2)c(-c2ccccc2)nc2ccccc12)c1ccccc1,0.9647048,train
COC(=O)N(NC(=O)c1c(CN2CCNCC2)c(-c2ccccc2)nc2ccccc12)c1ccccc1,0.92471516,train
COC(=O)N(NC(=O)c1c(CN2CCCCC2)c(-c2ccccc2)nc2ccccc12)c1ccccc1,0.978366,train
COC(=O)N(NC(=O)c1c(OC2CCN(C(C)(C)C)CC2)c(-c2ccccc2)nc2ccccc12)c1ccccc1,0.9901896,val
COC(=O)N(NC(=O)c1c(OC2CCN(C3CCOCC3)CC2)c(-c2ccccc2)nc2ccccc12)c1ccccc1,0.9857702,train
c1ccc(COc2ccc(CCNc3ccncc3)cc2)cc1,0.90107733,val
CC#Cc1cc(-c2[nH]nc3c2Cc2cc(CN4CCN(C)CC4)ccc2-3)cs1,0.9857654,train
CN1CCN(Cc2ccc3c(c2)Cc2c(-c4csc(C#CCOc5ccc(CN6CCOCC6)cc5)c4)n[nH]c2-3)CC1,0.96845734,train
CCCC#Cc1cc(-c2[nH]nc3c2Cc2cc(CN4CCN(C)CC4)ccc2-3)cs1,0.9985769,train
COCC#Cc1cc(-c2[nH]nc3c2Cc2cc(CN4CCN(C)CC4)ccc2-3)cs1,0.92220557,train
CN1CCN(Cc2ccc3c(c2)Cc2c(-c4csc(C#CCCOc5ccccc5)c4)n[nH]c2-3)CC1,0.99631244,val
CN1CCN(Cc2ccc3c(c2)Cc2c(-c4csc(C#CCOc5ccccc5Cl)c4)n[nH]c2-3)CC1,0.9901087,train
CN1CCN(Cc2ccc3c(c2)Cc2c(-c4csc(C#CCOc5cccc(Cl)c5)c4)n[nH]c2-3)CC1,0.9974547,train
CN1CCN(Cc2ccc3c(c2)Cc2c(-c4csc(C#CCOc5ccc(Cl)cc5)c4)n[nH]c2-3)CC1,0.9973627,train
Cc1ccc(OCC#Cc2cc(-c3[nH]nc4c3Cc3cc(CN5CCN(C)CC5)ccc3-4)cs2)cc1C,0.9898483,val
CN1CCN(Cc2ccc3c(c2)Cc2c(-c4csc(C#CCOc5cccnc5)c4)n[nH]c2-3)CC1,0.94739974,train
CN1CCN(Cc2ccc3c(c2)Cc2c(-c4csc(C#CCCc5ccccc5)c4)n[nH]c2-3)CC1,0.99891067,train
CN1CCN(Cc2ccc3c(c2)Cc2c(-c4csc(C#CCNc5ccccc5)c4)n[nH]c2-3)CC1,0.98902065,train
CN1CCN(Cc2ccc3c(c2)Cc2c(-c4csc(C#CCNC(=O)c5ccccc5)c4)n[nH]c2-3)CC1,0.9699832,train
CN1CCN(Cc2ccc3c(c2)Cc2c(-c4csc(C#CCNS(=O)(=O)c5ccccc5)c4)n[nH]c2-3)CC1,0.8196168,train
CN1CCN(Cc2ccc3c(c2)Cc2c(-c4csc(C#CCNC(=O)Oc5ccccc5)c4)n[nH]c2-3)CC1,0.98016423,val
CN1CCN(Cc2ccc3c(c2)Cc2c(-c4csc(C#CCNC(=O)Nc5ccccc5)c4)n[nH]c2-3)CC1,0.9724868,test
CN1CCN(c2ccc3c(c2)Cc2c(-c4csc(C#CCOc5ccccc5)c4)n[nH]c2-3)CC1,0.96330255,train
CN1CCN(CCc2ccc3c(c2)Cc2c(-c4csc(C#CCOc5ccccc5)c4)n[nH]c2-3)CC1,0.99593616,test
CC1CCN(Cc2ccc3c(c2)Cc2c(-c4csc(C#CCOc5ccccc5)c4)n[nH]c2-3)CC1,0.99348253,val
CN1CCC(Cc2ccc3c(c2)Cc2c(-c4csc(C#CCOc5ccccc5)c4)n[nH]c2-3)CC1,0.9939318,train
NC(=O)N1CCN(Cc2ccc3c(c2)Cc2c(-c4csc(C#CCOc5ccccc5)c4)n[nH]c2-3)CC1,0.87010974,train
CN1CCN(C(=O)c2ccc3c(c2)Cc2c(-c4csc(C#CCOc5ccccc5)c4)n[nH]c2-3)CC1,0.81311166,test
C(#Cc1cc(-c2[nH]nc3c2Cc2cc(Cn4ccnc4)ccc2-3)cs1)COc1ccccc1,0.9906647,train
COCCOCC#Cc1cc(-c2[nH]nc3c2Cc2cc(CN4CCN(C)CC4)ccc2-3)cs1,0.96100736,train
CCC1(CN)CN(c2c(F)cc3c(=O)c(C(=O)O)cn(C4CC4)c3c2C)C1,0.2427909,test
Cc1c(N2CC[C@@H]([C@H](C)NCCC#N)C2)c(F)cc2c(=O)c(C(=O)O)cn(C3CC3)c12,0.118817784,train
Cc1c(N2CC[C@@H]([C@H](C)N)C2)c(F)cc2c(=O)c(C(=O)O)cn(C3CC3)c12,0.066918,train
COc1c(N2CC[C@@H]([C@H](C)N)C2)ccc2c(=O)c(C(=O)O)cn(C3CC3)c12,0.06996044,train
COc1c(N2CC[C@@H](CN)C2)ccc2c(=O)c(C(=O)O)cn(C3CC3)c12,0.090433635,train
COc1c(N2CC[C@@H]([C@H](C)N)C2)c(F)cc2c(=O)c(C(=O)O)cn(C3CC3)c12,0.054683432,train
COc1c(N2CC[C@@H](CN)C2)c(F)cc2c(=O)c(C(=O)O)cn(C3CC3)c12,0.06768303,train
CN(C)c1ccc2c(c1)Cc1cc(N(C)C)ccc1C21OC(=O)c2cc(C(=O)NCCCCCCN(CCOc3ccc(NS(C)(=O)=O)cc3)CCc3ccc(NS(C)(=O)=O)cc3)ccc21,0.9955189,train
CS(=O)(=O)Nc1ccc(CCN(CCCCCCNC(=O)c2ccc3c(c2)C(=O)OC32c3ccc(O)cc3Cc3cc(O)ccc32)CCOc2ccc(NS(C)(=O)=O)cc2)cc1,0.9929677,train
CC1(C)C2=C3C=C4C5=[N+](CCC4OC3CCN2c2ccc(CCCCCC(=O)NCCCCCCN(CCOc3ccc(NS(C)(=O)=O)cc3)CCc3ccc(NS(C)(=O)=O)cc3)cc21)c1ccc(S(=O)(=O)[O-])cc1C5(C)C,0.99992454,test
CC1(C)C2=C3C=C4C5=[N+](CCC4OC3CCN2c2ccc(CCC(=O)NCCCCCCN(CCOc3ccc(NS(C)(=O)=O)cc3)CCc3ccc(NS(C)(=O)=O)cc3)cc21)c1ccc(S(=O)(=O)[O-])cc1C5(C)C,0.9997533,train
CC1(C)C2=C3CC4C5=[N+](CCC4OC3CCN2c2ccc(CC(=O)NCCCCCCN(CCOc3ccc(NS(C)(=O)=O)cc3)CCc3ccc(NS(C)(=O)=O)cc3)cc21)c1ccc(S(=O)(=O)[O-])cc1C5(C)C,0.9982863,val
CC1(C)C2=C3C=C4C5=[N+](CCC4OC3CCN2c2ccc(CC(=O)NCCCCCN(CCOc3ccc(NS(C)(=O)=O)cc3)CCc3ccc(NS(C)(=O)=O)cc3)cc21)c1ccc(S(=O)(=O)[O-])cc1C5(C)C,0.9989753,test
CC1(C)C2=C3C=C4C5=[N+](CCC4OC3CCN2c2ccc(CC(=O)NCCCCN(CCOc3ccc(NS(C)(=O)=O)cc3)CCc3ccc(NS(C)(=O)=O)cc3)cc21)c1ccc(S(=O)(=O)[O-])cc1C5(C)C,0.9988746,val
CC1(C)C2=C3C=C4C5=[N+](CCC4OC3CCN2c2ccc(CC(=O)NCCCN(CCOc3ccc(NS(C)(=O)=O)cc3)CCc3ccc(NS(C)(=O)=O)cc3)cc21)c1ccc(S(=O)(=O)[O-])cc1C5(C)C,0.999032,val
CC1(C)C2=C3C=C4C5=[N+](CCC4OC3CCN2c2ccc(CC(=O)NCCN(CCOc3ccc(NS(C)(=O)=O)cc3)CCc3ccc(NS(C)(=O)=O)cc3)cc21)c1ccc(S(=O)(=O)[O-])cc1C5(C)C,0.9985501,test
CCN1CCCc2cc3c(cc21)OC1=CC2=[N+](CCCC(=O)N(CCOc4ccc(NS(C)(=O)=O)cc4)CCc4ccc(NS(C)(=O)=O)cc4)CCCC2=CC1N3,0.9958474,val
CS(=O)(=O)Nc1ccc(CCN(CCOc2ccc(NS(C)(=O)=O)cc2)C(=O)c2ccc3c(c2)C(=O)OC32c3ccc(O)cc3Oc3cc(O)ccc32)cc1,0.994031,train
CS(=O)(=O)Nc1ccc(CCN(CCOc2ccc(NS(C)(=O)=O)cc2)c2ccc([N+](=O)[O-])c3nonc23)cc1,0.9983224,train
N[C@H]1CN(c2ccncn2)CC[C@@H]1c1cc(F)c(F)cc1F,0.32969558,train
Cc1nnc2ccc(N3CC[C@H](c4cc(F)c(F)cc4F)[C@@H](N)C3)nn12,0.28532556,train
Cc1cc(=O)n2nc(N3CC[C@H](c4cc(F)c(F)cc4F)[C@@H](N)C3)ccc2n1,0.17277843,train
N[C@H]1CN(c2ccc3nc(=O)ccn3n2)CC[C@@H]1c1cc(F)c(F)cc1F,0.37440395,train
N[C@H]1CN(c2ccn3cnnc3n2)CC[C@@H]1c1cc(F)c(F)cc1F,0.5931464,val
N[C@H]1CN(c2ccc3nc(C(F)(F)F)nn3n2)CC[C@@H]1c1cc(F)c(F)cc1F,0.75040686,train
N[C@H]1CN(c2cnc3nccnc3n2)CC[C@@H]1c1cc(F)c(F)cc1F,0.43130612,test
N#Cc1ccc2c(c1)CCN(CC[C@H]1CC[C@H](NC(=O)c3ccnc4ccccc34)CC1)C2,0.9889488,val
Cc1ccc2c(-c3nnc(SCCC(C)N4CCc5ccc(-c6cc(C)nn6C)cc5CC4)n3C)cccc2n1,0.8625703,train
Cc1cc(-c2ccc3c(c2)CCN(CCSc2nnc(-c4ccc(F)c(F)c4)n2C)CC3)n(C)n1,0.97645015,val
Cc1cnc(-c2nnc(SCCN3CCc4ccc(-c5cc(C)nn5C)cc4CC3)n2C)cn1,0.57030666,test
Cc1ccc2c(-c3nnc(SCCN4CCc5ccc(-c6cc(C)nn6C)cc5CC4)n3C)cccc2n1,0.88429874,val
Cc1cc(-c2ccc3c(c2)CCN(CCCSc2nnc(-c4ocnc4C)n2C)CC3)n(C)n1,0.8968186,train
Cc1cc(-c2ccc3c(c2)CCN(CCCSc2nnc(-c4ccc(C(F)(F)F)cc4)n2C)CC3)n(C)n1,0.9984888,train
Cc1cc(-c2ccc3c(c2)CCN(CCCSc2nnc(-c4ccc(F)c(F)c4)n2C)CC3)n(C)n1,0.99566025,train
Cc1ccc2c(-c3nnc(SCCCN4CCc5ccc(-c6cc(C)nn6C)cc5CC4)n3C)cccc2n1,0.97687733,train
COc1ccc(-c2nnc(SCCCN3CCc4ccc(-c5cc(C)on5)cc4CC3)n2C)cn1,0.9982926,test
COc1ccc(-c2nnc(SCCCN3CCc4ccc(-c5cc(C)on5)cc4CC3)n2C)cc1,0.9980484,train
COc1ccccc1-c1nnc(SCCCN2CCc3ccc(-c4cc(C)on4)cc3CC2)n1C,0.99724317,train
Cc1cc(-c2ccc3c(c2)CCN(CCCSc2nnc(C4CCOCC4)n2C)CC3)no1,0.97444296,test
Cc1cc(-c2ccc3c(c2)CCN(CCCSc2nnc(C4CCC(C)CC4)n2C)CC3)no1,0.99850214,test
Cc1cc(-c2ccc3c(c2)CCN(CCCSc2nnc(C4CCCC4)n2C)CC3)no1,0.9955325,test
Cc1cc(-c2ccc3c(c2)CCN(CCCSc2nnc(C(C)(C)C)n2C)CC3)no1,0.99360716,train
Cc1cc(-c2ccc3c(c2)CCN(CCCSc2nnc(C(C)C)n2C)CC3)no1,0.99298084,train
Cc1cc(-c2ccc3c(c2)CCN(CCCSc2nnc(C(F)(F)F)n2C)CC3)no1,0.994665,train
Cc1cc(-c2ccc3c(c2)CCN(CCCSc2nnc(C)n2C)CC3)no1,0.9816157,train
Cc1cc(-c2ccc3c(c2)CCN(CCCSc2nnc(-c4cccc(F)c4)n2C)CC3)no1,0.99932003,train
Cc1cc(-c2ccc3c(c2)CCN(CCCSc2nnc(-c4ccc(Cl)c(Cl)c4)n2C)CC3)no1,0.99901175,train
Cc1cc(-c2ccc3c(c2)CCN(CCCSc2nnc(-c4ccc(Cl)cc4)n2C)CC3)no1,0.99962616,train
Cc1cc(-c2ccc3c(c2)CCN(CCCSc2nnc(-c4cccc(Cl)c4)n2C)CC3)no1,0.9995609,train
Cc1cc(-c2ccc3c(c2)CCN(CCCSc2nnc(-c4ccccc4Cl)n2C)CC3)no1,0.9991671,train
Cc1cc(-c2ccc3c(c2)CCN(CCCSc2nnc(-c4cccn4C)n2C)CC3)no1,0.9929,test
Cc1cc(-c2ccc3c(c2)CCN(CCCSc2nnc(-c4cccs4)n2C)CC3)no1,0.99844164,val
Cc1cc(-c2ccc3c(c2)CCN(CCCSc2nnc(-c4ccncc4)n2C)CC3)no1,0.98873293,val
Cc1cc(-c2ccc3c(c2)CCN(CCCSc2nnc(-c4ccccn4)n2C)CC3)no1,0.99268323,test
Cc1ccc(-c2nnc(SCCCN3CCc4ccc(-c5cc(C)on5)cc4CC3)n2C)cc1,0.99823856,train
Cc1cc(-c2ccc3c(c2)CCN(CCCSc2nnc(-c4ccc(C(F)(F)F)cc4)n2C)CC3)no1,0.9997086,train
Cc1cc(-c2ccc3c(c2)CCN(CCCSc2nnc(-c4ccc(C#N)cc4)n2C)CC3)no1,0.99959487,train
Cc1cc(-c2ccc3c(c2)CCN(CCCSc2nnc(-c4ccccc4)n2C)CC3)no1,0.9932846,train
Cc1cc(-c2ccc3c(c2)CCN(CCCSc2nnc(-c4ccc5nc(C)c(C)nc5c4)n2C)CC3)no1,0.96808136,test
Cc1ccc2c(-c3nnc(SCCCN4CCc5ccc(-c6cc(C)on6)cc5CC4)n3C)cccc2n1,0.99549013,train
Cc1cnc(-c2ccc3c(c2)CCN(CCCSc2nnc(-c4cccn4C)n2C)CC3)o1,0.85282123,test
Cc1cnc(-c2ccc3c(c2)CCN(CCCSc2nnc(-c4ccc5[nH]ccc5c4)n2C)CC3)o1,0.9464223,val
Cc1cnc(-c2ccc3c(c2)CCN(CCCSc2nnc(-c4cc5ccccc5[nH]4)n2C)CC3)o1,0.9349026,test
Cc1cnc(-c2ccc3c(c2)CCN(CCCSc2nnc(-c4cccs4)n2C)CC3)o1,0.96474034,val
Cc1ccc2c(-c3nnc(SCCCN4CCc5ccc(-c6ncc(C)o6)cc5CC4)n3C)cccc2n1,0.9021264,train
Cc1nc(-c2cccc(C(=O)N[C@H]3CC[C@H](CCN4CCc5ccc(S(C)(=O)=O)cc5CC4)CC3)c2)no1,0.9180427,val
O=C1CCc2cc([C@@H](O)CN3CCC(O)(c4cccc(F)c4)CC3)ccc2N1,0.64022565,train
CN(C)C(=O)C(c1ccc(-c2ccc(F)cc2)cc1)C(N)C(=O)N1CC[C@H](F)C1,0.561927,train
CN(C)C(=O)C(c1ccc(-c2ccc3ncnn3c2)cc1)C(N)C(=O)N1CC[C@H](F)C1,0.11069672,val
CCOc1cc(CN2CCC(NC(=O)c3cccc(S(C)(=O)=O)c3)CC2)ccc1Cl,0.9047539,test
O=C(c1ccccc1)N1CCN(c2ccc(OCCCN3CCCCC3)cc2)C(=O)C1,0.18027405,train
O=C(c1ccc(F)cc1F)N1CCN(c2ccc(OC3CCN(C4CCCC4)CC3)cc2)C(=O)C1,0.44577396,train
O=C(c1cc(F)cc(F)c1)N1CCN(c2ccc(OC3CCN(C4CCCC4)CC3)cc2)C(=O)C1,0.6297686,train
O=C(c1ccc(F)cc1)N1CCN(c2ccc(OC3CCN(C4CCCC4)CC3)cc2)C(=O)C1,0.44456583,train
O=C(c1ccc(Cl)cc1)N1CCN(c2ccc(OC3CCN(C4CCCC4)CC3)cc2)C(=O)C1,0.7698917,train
N#Cc1ccc(C(=O)N2CCN(c3ccc(OC4CCN(C5CCC5)CC4)cc3)C(=O)C2)cc1,0.53390473,train
O=C(c1ccc(Cl)cc1)N1CCN(c2ccc(OC3CCN(C4CCC4)CC3)cc2)C(=O)C1,0.6988652,train
C[C@H]1CCCN1CCCOc1ccc(N2CCN(C(=O)c3ccc(F)cc3F)CC2=O)cc1,0.13206561,train
C[C@H]1CCCN1CCCOc1ccc(N2CCN(C(=O)c3cc(F)cc(F)c3)CC2=O)cc1,0.19416185,train
C[C@H]1CCCN1CCCOc1ccc(N2CCN(C(=O)c3ccc(F)cc3)CC2=O)cc1,0.13694206,train
C[C@@H]1CCCN1CCCOc1ccc(N2CCN(C(=O)c3ccc(F)cc3F)CC2=O)cc1,0.20756766,train
C[C@@H]1CCCN1CCCOc1ccc(N2CCN(C(=O)c3cc(F)cc(F)c3)CC2=O)cc1,0.31780586,train
C[C@@H]1CCCN1CCCOc1ccc(N2CCN(C(=O)c3ccc(F)cc3)CC2=O)cc1,0.2117509,train
O=C(c1ccc(F)cc1F)N1CCN(c2ccc(OCCCN3CCCCCC3)cc2)C(=O)C1,0.23482619,train
O=C(c1cc(F)cc(F)c1)N1CCN(c2ccc(OCCCN3CCCCCC3)cc2)C(=O)C1,0.3710584,train
N#Cc1ccc(C(=O)N2CCN(c3ccc(OCCCN4CCCCCC4)cc3)C(=O)C2)cc1,0.36390132,train
O=C(c1ccc(F)cc1)N1CCN(c2ccc(OCCCN3CCCCCC3)cc2)C(=O)C1,0.23917402,train
O=C(c1cc(F)cc(F)c1)N1CCN(c2ccc(OCCCN3CCCC3)cc2)C(=O)C1,0.3025772,train
O=C(c1ccc(F)cc1)N1CCN(c2ccc(OCCCN3CCCC3)cc2)C(=O)C1,0.21290681,train
O=C(c1cc(F)cc(F)c1)N1CCN(c2ccc(OCCCN3CCCCC3)cc2)C(=O)C1,0.33227754,train
O=C(c1ccc(F)cc1)N1CCN(c2ccc(OCCCN3CCCCC3)cc2)C(=O)C1,0.22572932,train
Cc1ccc(C(=O)N2CCN(c3ccc(OCCCN4CCCCC4)cc3)C(=O)C2)cc1,0.21191782,train
CN1CCN(c2cccc3ccc(OCc4noc(-c5ccc(Cl)cc5)n4)cc23)CC1,0.9750919,val
OCC1CCCN(CCCC2CCCc3ccc(OCc4noc(-c5ccc(Cl)cc5)n4)cc32)C1,0.98347175,train
CCN(Cc1cccc(OCc2noc(-c3ccccc3F)n2)c1)C1CCN(C2CC(C)C(C)C2)C1,0.9933134,train
OCC1CCCN(CCCC2CCCc3ccc(OCc4ccc(-c5ccccc5F)cn4)cc32)C1,0.9778698,test
OCC1CCCN(CCCC2CCCc3ccc(OCc4noc(-c5ccccc5F)n4)cc32)C1,0.9172698,train
OCC1(NCCCC2CCc3ccc(OCc4noc(-c5ccc(Cl)cc5)n4)cc32)CCCC1,0.9933501,train
OCC1(N2CCN(C3CCc4ccc(OCc5noc(-c6ccccc6F)n5)cc43)CC2)CCCC1,0.93440586,train
Fc1ccccc1-c1nc(COc2ccc3c(c2)C(N2CCN(C4CCCC4)CC2)CC3)no1,0.96987724,train
OCC1(N2CCN(C3CCc4ccc(OCc5noc(-c6ccc(Cl)cc6)n5)cc43)CC2)CCCC1,0.9871207,train
CC1CC(N2CCN(C3CCc4ccc(OCc5noc(-c6ccc(Cl)cc6)n5)cc43)CC2)CC1C,0.9948657,train
CC(C)N1CCN(C2CCc3ccc(OCc4noc(-c5ccc(Cl)cc5)n4)cc32)CC1,0.955672,val
[O-][S+](c1ccccc1)c1ccc(/C=C/c2ccc(F)cc2F)nc1,0.90494406,train
[O-][S+](c1ccccc1)c1ccc(/C=C/c2ccc(F)cc2)nc1,0.9273761,train
[O-][S+](c1ccc(/C=C/c2ccc(F)cc2)nc1)c1ccccc1F,0.8614616,train
O=S(=O)(c1ccccc1)c1ccc(/C=C/c2ccc(F)cc2F)nc1,0.98862773,train
COc1cc(F)ccc1/C=C/c1ccc(S(=O)(=O)c2ccccc2F)cn1,0.9926427,train
O=S(=O)(c1ccc(/C=C/c2ccccc2O)nc1)c1ccccc1F,0.92689466,train
O=S(=O)(c1ccc(/C=C/c2ccc(F)cc2O)nc1)c1ccccc1F,0.9582142,train
N#Cc1cc(F)ccc1/C=C/c1ccc(S(=O)(=O)c2ccccc2F)cn1,0.99512273,train
Cc1cc(F)ccc1/C=C/c1ccc(S(=O)(=O)c2ccccc2F)cn1,0.9900421,train
O=S(=O)(c1ccc(/C=C/c2ccc(F)cc2Cl)nc1)c1ccccc1F,0.97886926,train
O=S(=O)(c1ccc(/C=C/c2ccncc2)nc1)c1ccccc1F,0.96192884,train
O=S(=O)(c1ccc(F)cc1)c1ccc(/C=C/c2ccc(F)cc2)nc1,0.99426454,train
O=S(=O)(c1ccc(F)cc1)c1ccc(/C=C/c2ccc(F)cc2)cn1,0.97942585,train
O=S(=O)(c1ccc(F)cc1)c1ccc(CCc2ccc(F)cc2)nc1,0.9995419,train
O=S(=O)(c1ccc(F)cc1)c1ccc(CCc2ccc(F)cc2)cn1,0.99879324,val
O=C(CCN1CCCCC1)Nc1ccc(CN2CCC(NC(=O)c3cc(=O)c4ccc(F)cc4o3)CC2)cc1F,0.5521038,train
COc1cc(C(=O)NCCN2CCCC2)ccc1CN1CCC(NC(=O)c2cc(=O)c3ccc(F)cc3o2)CC1,0.6296462,train
O=C(NCCN1CCCC1)c1ccc(CN2CCC(NC(=O)c3cc(=O)c4ccc(F)cc4o3)CC2)c(Cl)c1,0.60780406,train
O=C(NCCN1CCC(F)(F)CC1)c1ccc(CN2CCC(NC(=O)c3cc(=O)c4ccc(F)cc4o3)CC2)cc1,0.6388869,train
O=C(NCCN1CCCCC1)c1ccc(CN2CCC(NC(=O)c3cc(=O)c4ccc(F)cc4o3)CC2)cc1,0.5479618,train
O=C(NC1CCN(Cc2ccc(OCCCn3c(O)csc3=O)c(F)c2)CC1)c1cc(=O)c2ccc(F)cc2o1,0.40203753,train
CC(C)CO/N=C/COc1ccc(CN2CCC(NC(=O)c3cc(=O)c4ccc(F)cc4o3)CC2)cc1F,0.9708995,train
CO/N=C/COc1ccc(CN2CCC(NC(=O)c3cc(=O)c4ccc(F)cc4o3)CC2)cc1F,0.9250923,train
O=C(NC1CCN(Cc2ccc(OCCCN(C3CC3)C3CC3)c(F)c2)CC1)c1cc(=O)c2ccc(F)cc2o1,0.84737486,test
O=C(NC1CCN(Cc2ccc(OCCCN3CCOCC3)c(F)c2)CC1)c1cc(=O)c2ccc(F)cc2o1,0.6549374,val
O=C(NC1CCN(Cc2ccc(OCC(F)(F)F)c(F)c2)CC1)c1cc(=O)c2ccc(F)cc2o1,0.8993956,train
COC(C)(C)CCOc1ccc(CN2CCC(NC(=O)c3cc(=O)c4ccc(F)cc4o3)CC2)cc1,0.6196581,train
O=C(NC1CCN(Cc2ccc(OCCCN3CCCCC3)c(F)c2)CC1)c1cc(=O)c2ccc(F)cc2o1,0.8622073,test
CN(C)CCCOc1ccc(CN2CCC(NC(=O)c3cc(=O)c4ccc(F)cc4o3)CC2)cc1F,0.51339847,train
CC(C1CCC(N(C)C(=O)C2CC2)CC1)C(N)C(=O)N1CC[C@H](F)C1,0.17220499,train
CC(C1CCC(N(C)C(=O)c2cccc(F)c2)CC1)C(N)C(=O)N1CC[C@H](F)C1,0.3124934,test
CC(C(O)c1ccc2[nH]c(=O)oc2c1)N1CCC(O)(c2ccc(F)cc2)CC1,0.58383316,train
CC(C(O)c1ccc2c(c1)CCC(=O)N2)N1CCC(O)(c2ccc(F)cc2)CC1,0.7798395,train
CC(C(O)c1ccc2c(c1)CN(C)C(=O)N2)N1CCC(O)(c2ccc(F)cc2)CC1,0.69448286,train
CC(C(O)c1ccc2c(c1)CNC(=O)N2)N1CCC(O)(c2ccc(F)cc2)CC1,0.7114378,train
CC(C(O)c1ccc2c(c1)OCC(=O)N2)N1CCC(O)(c2ccc(F)cc2)CC1,0.769319,train
CC(C(O)c1ccc2c(c1)COC(=O)N2)N1CCC(O)(c2ccc(F)cc2)CC1,0.8915266,train
COc1cccc(C2(O)CCN(C(C)C(O)c3ccc4c(c3)CCC(=O)N4)CC2)c1,0.49447668,train
CC(C(O)c1ccc2c(c1)CCC(=O)N2)N1CCC(O)(c2cccc(F)c2)CC1,0.72391313,train
Cc1ccc(C2(O)CCN(C(C)C(O)c3ccc4c(c3)CCC(=O)N4)CC2)cc1,0.6569952,train
CC(C(O)c1ccc2c(c1)CCC(=O)N2)N1CCC(O)(c2ccc3c(c2)COCC3)CC1,0.275642,train
O=C1CCc2cc(C(O)CN3CCC(O)(c4cccc(F)c4)CC3)ccc2N1,0.7329378,train
C[C@@H]([C@@H](O)c1ccc(O)cc1)N1CCC(O)(c2ccccc2)CC1,0.6020023,train
Cc1[nH]nc2c1c(=O)n(C[C@H](F)CN)c1cc(C3CCCCC3)c(C3CCCCC3)cc21,0.49480155,train
Cc1[nH]nc2c1c(=O)n(CCCN)c1cc(C3CCCCC3)c(C3CCCCC3)cc21,0.8309717,train
Nc1ccc(-c2ccccc2)cc1NC(=O)c1ccc(CNC(=O)OCc2cccnc2)cc1,0.40778297,train
Nc1ccc(-c2ccccc2)cc1NC(=O)c1ccc(CNC(=O)CCc2cccnc2)cc1,0.54641414,val
O=C(NC1CCc2ccc(CCN3CCN(c4nsc5ccccc45)CC3)cc21)C(F)(F)F,0.9934018,train
O=C(NC1CCc2cc(CCN3CCN(c4nsc5ccccc45)CC3)ccc21)c1cccnc1,0.9965928,train
O=C(NC1CCc2cc(CCN3CCN(c4nsc5ccccc45)CC3)ccc21)c1ccc(F)cc1,0.99906963,test
CC(C)C(=O)NC1CCc2cc(CCN3CCN(c4nsc5ccccc45)CC3)ccc21,0.98935014,train
O=C(NC1CCc2cc(CCN3CCN(c4nsc5ccccc45)CC3)ccc21)C1CC1,0.99737024,test
CCCC(=O)NC1CCc2cc(CCN3CCN(c4nsc5ccccc45)CC3)ccc21,0.9975211,train
CCC(=O)NC1CCc2cc(CCN3CCN(c4nsc5ccccc45)CC3)ccc21,0.9959954,train
CC(=O)NC1CCc2cc(CCN3CCN(c4nsc5ccccc45)CC3)ccc21,0.9805602,train
O=C(NC1CCc2cc(CCN3CCN(c4nsc5ccccc45)CC3)ccc21)C(F)(F)F,0.9911835,train
O=C(NC1CCc2ccc(CCN3CCN(c4nsc5ccccc45)CC3)cc21)c1ccno1,0.9985543,train
O=C(NC1CCc2ccc(CCN3CCN(c4nsc5ccccc45)CC3)cc21)c1ccco1,0.9988249,val
O=C(CCc1ccccc1)NC1CCc2ccc(CCN3CCN(c4nsc5ccccc45)CC3)cc21,0.99899834,train
O=C(Cc1ccccc1)NC1CCc2ccc(CCN3CCN(c4nsc5ccccc45)CC3)cc21,0.9975388,test
O=C(NC1CCc2ccc(CCN3CCN(c4nsc5ccccc45)CC3)cc21)c1cccnc1,0.9974445,train
O=C(NC1CCc2ccc(CCN3CCN(c4nsc5ccccc45)CC3)cc21)c1ccc(F)cc1,0.99930155,train
O=C(NC1CCc2ccc(CCN3CCN(c4nsc5ccccc45)CC3)cc21)c1ccc(Cl)cc1,0.999775,train
Cc1ccc(C(=O)NC2CCc3ccc(CCN4CCN(c5nsc6ccccc56)CC4)cc32)cc1,0.9989581,train
O=C(NC1CCc2ccc(CCN3CCN(c4nsc5ccccc45)CC3)cc21)c1ccccc1,0.9988047,train
CC(C)C(=O)NC1CCc2ccc(CCN3CCN(c4nsc5ccccc45)CC3)cc21,0.992086,train
O=C(NC1CCc2ccc(CCN3CCN(c4nsc5ccccc45)CC3)cc21)C1CC1,0.9980433,train
CCCC(=O)NC1CCc2ccc(CCN3CCN(c4nsc5ccccc45)CC3)cc21,0.9981609,train
CCC(=O)NC1CCc2ccc(CCN3CCN(c4nsc5ccccc45)CC3)cc21,0.99703014,train
CC(=O)NC1CCc2ccc(CCN3CCN(c4nsc5ccccc45)CC3)cc21,0.98541474,train
NC1CCc2ccc(CCN3CCN(c4nsc5ccccc45)CC3)cc21,0.99793386,train
CC(C)[C@]1(C(=O)NCc2cc(C(F)(F)F)cc(C(F)(F)F)c2)CC[C@@H](N2CCC(c3ccc(F)cc3)CC2)C1,0.99981314,train
CC(C)[C@]1(C(=O)NCc2cc(C(F)(F)F)cc(C(F)(F)F)c2)CC[C@@H](N2CCC(c3cccc(C(=O)O)c3)CC2)C1,0.82395405,train
CC(C)[C@]1(C(=O)NCc2cc(C(F)(F)F)cc(C(F)(F)F)c2)CC[C@@H](N2CCC(c3ccncn3)CC2)C1,0.9962017,train
CC(C)(O)[C@]1(C(=O)NCc2cc(C(F)(F)F)cc(C(F)(F)F)c2)CC[C@@H](N2CCC(c3cc(Cl)ncn3)CC2)C1,0.9688203,train
CC(C)(O)[C@]1(C(=O)NCc2cc(C(F)(F)F)cc(C(F)(F)F)c2)CC[C@@H](N2CCC(c3cncnc3)CC2)C1,0.8176934,train
CC(C)[C@]1(C(=O)NCc2cc(C(F)(F)F)cc(C(F)(F)F)c2)CC[C@@H](N2CCC(c3cncnc3)CC2)C1,0.9928639,train
CC(C)(O)[C@]1(C(=O)NCc2cc(C(F)(F)F)cc(C(F)(F)F)c2)CC[C@@H](N2CCC(c3cccc(C(=O)O)c3)CC2)C1,0.25073788,train
CC(C)[C@]1(C(=O)NCc2cc(C(F)(F)F)cc(C(F)(F)F)c2)CC[C@@H](N2CCC(c3cccc(O)c3)CC2)C1,0.9989279,train
COc1cccc(C2CCN([C@@H]3CC[C@@](C(=O)NCc4cc(C(F)(F)F)cc(C(F)(F)F)c4)(C(C)C)C3)CC2)c1,0.9915047,train
CC(C)[C@]1(C(=O)NCc2cc(C(F)(F)F)cc(C(F)(F)F)c2)CC[C@@H](N2CCC(c3cccc(F)c3)CC2)C1,0.99983215,train
CC(C)(O)[C@]1(C(=O)NCc2cc(C(F)(F)F)cc(C(F)(F)F)c2)CC[C@@H](N2CCC(c3ccc(F)cc3)CC2)C1,0.99437416,train
CC(C)[C@]1(C(=O)NCc2cc(C(F)(F)F)cc(C(F)(F)F)c2)CC[C@@H](N2CCC(c3cccnc3)CC2)C1,0.99850106,val
Cc1nc[n+]([O-])c(C)c1C(=O)N1CCC(C)(N2CCC(N(c3ccccc3)c3ccccc3)CC2)CC1,0.7281942,train
Cc1nc(CN(c2ccccc2)C2CCN(C3(C)CCN(C(=O)c4c(C)cc[n+]([O-])c4C)CC3)CC2)cs1,0.38709375,train
CC1(N2CCC(N(c3ccccc3)c3cccnc3)CC2)CCN(C(=O)c2c(Cl)c[n+]([O-])cc2Cl)CC1,0.74824154,train
CC1(N2CCC(N(c3ccccc3)c3cccnc3)CC2)CCN(C(=O)c2c(Cl)cncc2Cl)CC1,0.89666694,train
Cc1cccnc1C(=O)N1CCC(C)(N2CCC(N(c3ccccc3)c3cccnc3)CC2)CC1,0.95660794,val
Cc1cc[n+]([O-])c(C)c1C(=O)N1CCC(C)(N2CCC(N(Cc3cccc(C#N)c3)c3ccccc3)CC2)CC1,0.88280964,train
Cc1cccc(C)c1C(=O)N1CCC(C)(N2CCC(N(Cc3ccccc3)c3ccccc3)CC2)CC1,0.9902047,train
Cc1cccc(C)c1C(=O)N1CCC(C)(N2CCC(N(c3ccccc3)c3ccccc3)CC2)CC1,0.99550456,val
Cc1cc[n+]([O-])c(C)c1C(=O)N1CCC(C)(N2CCC(N(Cc3ccccc3)c3ccccc3)CC2)CC1,0.8325774,train
Cc1ccnc(C)c1C(=O)N1CCC(C)(N2CCC(N(c3ccccc3)c3ccccc3)CC2)CC1,0.9843443,train
CC(Oc1cccc2ncnc(Nc3ccc4c(cnn4Cc4ccccn4)c3)c12)C(=O)N(C)C,0.2853517,train
Cc1cc(C)n(-c2cc(NC(=O)COc3ccccc3CCN3CCOCC3)nc(-c3ccc(C)o3)n2)n1,0.969649,val
Cc1cc(C)n(-c2cc(NC(=O)COc3cccc(CN(C)C)c3)nc(-c3ccc(C)o3)n2)n1,0.9819633,test
CN1CCC(Oc2cccc3ncnc(Nc4ccc(OCc5ccccn5)c(Cl)c4)c23)CC1,0.86869466,train
Cc1ccc(Oc2ccc(Nc3ncnc4cccc(OC(C)C(=O)N(C)C)c34)cc2C)cn1,0.41247258,train
Cc1ccc(Oc2ccc(Nc3ncnc4cccc(OC(C)C(=O)N(C)CCO)c34)cc2C)cn1,0.057714,train
CNC(=O)C(C)Oc1cccc2ncnc(Nc3ccc(OCc4ccccn4)c(Cl)c3)c12,0.1380631,train
CC(Oc1cccc2ncnc(Nc3ccc(OCc4ccccn4)c(Cl)c3)c12)C(=O)N(C)C,0.3397514,train
CC(Oc1cccc2ncnc(Nc3ccc(OCc4ccccn4)c(Cl)c3)c12)C(=O)N1CCOCC1,0.07190482,val
CC(Oc1cccc2ncnc(Nc3ccc(OCc4ccccn4)c(Cl)c3)c12)C(=O)N(C)CCO,0.049024973,train
Cc1cc(-c2nc3c4c(ccc3o2)CCN(CCCSc2nnc(-c3ocnc3C)n2C)CC4)n(C)n1,0.8299719,test
Cc1ccc2c(-c3nnc(SCCCN4CCc5ccc6oc(-c7cc(C)nn7C)nc6c5CC4)n3C)cccc2n1,0.9596979,val
Cc1ccc2c(-c3nnc(SCCCN4CCc5c(Cl)cc6oc(C)nc6c5CC4)n3C)cccc2n1,0.9513427,train
Cc1nc(C)c(-c2nnc(SCCCN3CCc4ccc5oc(C(F)(F)F)nc5c4CC3)n2C)s1,0.9606069,train
Cn1c(SCCCN2CCc3ccc4oc(C(F)(F)F)nc4c3CC2)nnc1-c1ccccc1,0.9900934,val
Cc1ncccc1-c1nnc(SCCCN2CCc3ccc4oc(C(F)(F)F)nc4c3CC2)n1C,0.9573109,train
Cc1ccc(-c2nnc(SCCCN3CCc4ccc5oc(C(F)(F)F)nc5c4CC3)n2C)cn1,0.9870187,train
Cc1cnc(-c2nnc(SCCCN3CCc4ccc5oc(C(F)(F)F)nc5c4CC3)n2C)cn1,0.9631989,train
Cc1ncoc1-c1nnc(SCCCN2CCc3ccc4oc(C(F)(F)C(F)(F)F)nc4c3CC2)n1C,0.9665577,train
Cc1ccc2c(-c3nnc(SCCCN4CCc5ccc6oc(C(F)(F)C(F)(F)F)nc6c5CC4)n3C)cccc2n1,0.99296075,train
Cc1ncoc1-c1nnc(SCCCN2CCc3ccc4oc(C(C)(F)F)nc4c3CC2)n1C,0.98156285,train
Cc1ncoc1-c1nnc(SCCCN2CCc3ccc4oc(C(F)(F)F)nc4c3CC2)n1C,0.9685615,train
Cc1ccc2c(-c3nnc(SCCCN4CCc5ccc6oc(C(F)(F)F)nc6c5CC4)n3C)cccc2n1,0.9933367,train
CCc1nc2c3c(ccc2o1)CCN(CCCSc1nnc(-c2ocnc2C)n1C)CC3,0.8947306,train
CCc1nc2c3c(ccc2o1)CCN(CCCSc1nnc(-c2cccc4nc(C)ccc24)n1C)CC3,0.9764257,train
Cc1nc2c3c(ccc2o1)CCN(CCCSc1nnc(-c2ocnc2C)n1C)CC3,0.48066264,train
Cc1ccc2c(-c3nnc(SCCCN4CCc5ccc6oc(C)nc6c5CC4)n3C)cccc2n1,0.8195992,train
Cc1ncoc1-c1nnc(SCCCN2CCc3nc4ccc(C(F)(F)F)cn4c3CC2)n1C,0.9860054,train
Cc1ccc2c(-c3nnc(SCCCN4CCc5nc6ccc(C(F)(F)F)cn6c5CC4)n3C)cccc2n1,0.9970782,train
Cc1ncoc1-c1nnc(SCCCN2CCc3nc4cc(C(F)(F)F)ccn4c3CC2)n1C,0.98466694,train
Cc1ccc2c(-c3nnc(SCCCN4CCc5nc6cc(C(F)(F)F)ccn6c5CC4)n3C)cccc2n1,0.99680316,train
Cc1ccc2c(-c3nnc(SCCCN4CCc5nc6ccccn6c5CC4)n3C)cccc2n1,0.98271376,train
Cc1ccc2c(-c3nnc(SCCCN4CCc5nc6ccc(Cl)cn6c5CC4)n3C)cccc2n1,0.9976278,train
Cc1ccc2nc3c(n2c1)CCN(CCCSc1nnc(-c2cccc4nc(C)ccc24)n1C)CC3,0.988705,train
Cc1ccn2c3c(nc2c1)CCN(CCCSc1nnc(-c2cccc4nc(C)ccc24)n1C)CC3,0.9893947,train
CCc1nc2ccc3c(c2s1)CCN(CCCSc1nnc(-c2ocnc2C)n1C)CC3,0.8947153,train
CCc1nc2ccc3c(c2s1)CCN(CCCSc1nnc(-c2cccc4nc(C)ccc24)n1C)CC3,0.97622675,train
Cc1nc2ccc3c(c2s1)CCN(CCCSc1nnc(-c2ocnc2C)n1C)CC3,0.64664805,train
Cc1ccc2c(-c3nnc(SCCCN4CCc5ccc6nc(C)sc6c5CC4)n3C)cccc2n1,0.89928955,train
Cc1ncoc1-c1nnc(SCCCN2CCc3ccc4nc(C(C)(F)F)oc4c3CC2)n1C,0.97853506,train
Cc1ccc2c(-c3nnc(SCCCN4CCc5ccc6nc(C(C)(F)F)oc6c5CC4)n3C)cccc2n1,0.9954722,train
Cc1ncoc1-c1nnc(SCCCN2CCc3ccc4nc(C(F)(F)F)oc4c3CC2)n1C,0.9634998,train
Cc1ccc2c(-c3nnc(SCCCN4CCc5ccc6nc(C(F)(F)F)oc6c5CC4)n3C)cccc2n1,0.99223375,train
CN(C)S(=O)(=O)N(C)[C@@H]1CCCn2c1nc(C(=O)NCc1ccc(F)cc1)c(O)c2=O,0.1475541,val
CNCc1cc(NS(C)(=O)=O)ccc1Oc1ccc(Cl)cc1C,0.9709892,train
CNCc1cc(N2CCCS2(=O)=O)ccc1Oc1ccc(Cl)cc1C,0.94357723,train
CNCc1cc(C(=O)N(C)C)ccc1Oc1ccc(Cl)cc1C,0.8193763,train
CNCc1cc(C(N)=O)ccc1Oc1ccc(Cl)cc1C,0.8719069,train
CNCc1cc(N2CCCS2(=O)=O)ccc1Oc1ccc(Cl)cc1Cl,0.94095796,train
CNCc1cc(C(=O)NC)ccc1Oc1ccc(Cl)cc1Cl,0.7785367,train
CNCc1cc(C#N)ccc1Oc1ccc(Cl)cc1Cl,0.98973036,train
CNCc1ccccc1Oc1ccc(Cl)cc1F,0.96840346,train
CNCc1ccccc1Oc1ccc(Cl)cc1OC,0.95887536,train
Cc1ccc2c(-c3nnc(SCCCN4CCc5cc6c(cc5CC4)OCC(=O)N6)n3C)cccc2n1,0.9404517,train
Cc1ccc2c(-c3nnc(SCCCN4CCc5cc6c(cc5CC4)OCCN6)n3C)cccc2n1,0.9242945,train
CC(=O)N1CCOc2cc3c(cc21)CCN(CCCSc1nnc(-c2cccc4nc(C)ccc24)n1C)CC3,0.7610249,train
Cc1ccc2c(-c3nnc(SCCCN4CCc5cc6c(cc5CC4)N(S(C)(=O)=O)CCO6)n3C)cccc2n1,0.84656686,train
Cc1ncoc1-c1nnc(SCCCN2CCc3cc4c(cc3CC2)N(C)C(=O)CO4)n1C,0.6090191,train
Cc1ccc2c(-c3nnc(SCCCN4CCc5cc6c(cc5CC4)N(C)C(=O)CO6)n3C)cccc2n1,0.88366014,train
Cc1ncoc1-c1nnc(SCCCN2CCc3cc4c(cc3CC2)OCC(=O)N4)n1C,0.7648081,train
Cc1noc2cc3c(cc12)CCN(CCCSc1nnc(-c2ccc(C(F)(F)F)cc2)n1C)CC3,0.9992644,val
CCc1noc2cc3c(cc12)CCN(CCCSc1nnc(-c2cccc4nc(C)ccc24)n1C)CC3,0.9914513,train
Cc1ncoc1-c1nnc(SCCCN2CCc3cc4onc(C)c4cc3CC2)n1C,0.9473941,train
Cc1ccc2c(-c3nnc(SCCCN4CCc5cc6onc(C)c6cc5CC4)n3C)cccc2n1,0.98861665,train
Cc1cc(-c2nc3cc4c(cc3o2)CCN(CCCSc2nnc(-c3ocnc3C)n2C)CC4)n(C)n1,0.73195475,train
Cc1ccc2c(-c3nnc(SCCCN4CCc5cc6nc(-c7cc(C)nn7C)oc6cc5CC4)n3C)cccc2n1,0.93037736,test
Cc1ncoc1-c1nnc(SCCCN2CCc3cc4nc(C(F)(F)C(F)(F)F)oc4cc3CC2)n1C,0.94620734,train
Cc1ccc2c(-c3nnc(SCCCN4CCc5cc6nc(C(F)(F)C(F)(F)F)oc6cc5CC4)n3C)cccc2n1,0.98852485,train
Cc1ccc2c(-c3nnc(SCCCN4CCc5cc6nc(N(C)C)oc6cc5CC4)n3C)cccc2n1,0.9303076,train
Cc1ccc2c(-c3nnc(SCCCN4CCc5cc6nc(N7CCCCC7)oc6cc5CC4)n3C)cccc2n1,0.9652407,train
Cc1ncoc1-c1nnc(SCCCN2CCc3cc4nc(CC5CC5)oc4cc3CC2)n1C,0.8078264,train
Cc1ccc2c(-c3nnc(SCCCN4CCc5cc6nc(CC7CC7)oc6cc5CC4)n3C)cccc2n1,0.9537777,train
Cc1ccc2c(-c3nnc(SCCCN4CCc5cc6nc(C(C)(F)F)oc6cc5CC4)n3C)cccc2n1,0.9936864,train
Cc1ccc2c(-c3nnc(SCCCN4CCc5cc6nc(CC(F)(F)F)oc6cc5CC4)n3C)cccc2n1,0.9559401,train
Cc1ccc2c(-c3nnc(SCCCN4CCc5cc6nc(C(F)(F)F)oc6cc5CC4)n3C)cccc2n1,0.99055755,train
CCc1nc2cc3c(cc2o1)CCN(CCCSc1nnc(-c2ccc(F)c(F)c2)n1C)CC3,0.99191016,train
CCc1nc2cc3c(cc2o1)CCN(CCCSc1nnc(-c2ccc(C(F)(F)F)cc2)n1C)CC3,0.99718,train
CCc1nc2cc3c(cc2o1)CCN(CCCSc1nnc(-c2cccnc2)n1C)CC3,0.8381646,train
Cc1nc2cc3c(cc2o1)CCN(CCCSc1nnc(-c2ccc(F)c(F)c2)n1C)CC3,0.9348571,train
Cc1nc2cc3c(cc2o1)CCN(CCCSc1nnc(-c2ccc(C(F)(F)F)cc2)n1C)CC3,0.9763357,train
Cc1nc2cc3c(cc2o1)CCN(CCCSc1nnc(-c2cccnc2)n1C)CC3,0.3785451,train
Cc1ccc2c(-c3nnc(SCCCN4CCc5cc6nc(C(C)(C)C)oc6cc5CC4)n3C)cccc2n1,0.9820738,train
Cc1ccc2c(-c3nnc(SCCCN4CCc5cc6nc(C7CC7)oc6cc5CC4)n3C)cccc2n1,0.98043585,train
Cc1ncoc1-c1nnc(SCCCN2CCc3cc4nc(C(C)C)oc4cc3CC2)n1C,0.8810607,train
Cc1ccc2c(-c3nnc(SCCCN4CCc5cc6nc(C(C)C)oc6cc5CC4)n3C)cccc2n1,0.9729594,train
CCCc1nc2cc3c(cc2o1)CCN(CCCSc1nnc(-c2cccc4nc(C)ccc24)n1C)CC3,0.9966807,train
CCc1nc2cc3c(cc2o1)CCN(CCCSc1nnc(-c2ocnc2C)n1C)CC3,0.82156456,train
CCc1nc2cc3c(cc2o1)CCN(CCCSc1nnc(-c2cccc4nc(C)ccc24)n1C)CC3,0.95744646,train
Cc1ccc2c(-c3nnc(SCCCN4CCc5cc6ncoc6cc5CC4)n3C)cccc2n1,0.8806002,train
Cc1ncoc1-c1nnc(SCCCN2CCc3cc4ncoc4cc3CC2)n1C,0.6005945,train
Cc1nc2cc3c(cc2o1)CCN(CCCSc1nnc(-c2ocnc2C)n1C)CC3,0.34865206,train
Cc1ccc2c(-c3nnc(SCCC(C)N4CCc5cc6nc(C(F)(F)F)oc6c(Br)c5CC4)n3C)cccc2n1,0.97181267,train
CCc1nc2cc3c(c(Br)c2o1)CCN(C(C)CCSc1nnc(-c2cccc4nc(C)ccc24)n1C)CC3,0.863378,train
Cc1ccc2c(-c3nnc(SCCC(C)N4CCc5cc6nc(C)oc6c(Br)c5CC4)n3C)cccc2n1,0.53244805,train
Cc1ccc2c(-c3nnc(SCCC(C)N4CCc5cc6nc(C(F)(F)F)oc6c(C)c5CC4)n3C)cccc2n1,0.9231435,train
CCc1nc2cc3c(c(C)c2o1)CCN(C(C)CCSc1nnc(-c2cccc4nc(C)ccc24)n1C)CC3,0.76943636,train
Cc1ccc2c(-c3nnc(SCCC(C)N4CCc5cc6nc(C)oc6c(C)c5CC4)n3C)cccc2n1,0.27090773,train
Cc1ccc2c(-c3nnc(SCCN4CCc5cc6nc(C(F)(F)F)oc6c(C)c5CC4)n3C)cccc2n1,0.94256175,train
CCc1nc2cc3c(c(C)c2o1)CCN(CCSc1nnc(-c2cccc4nc(C)ccc24)n1C)CC3,0.81967026,train
Cc1ccc2c(-c3nnc(SCCN4CCc5cc6nc(C)oc6c(C)c5CC4)n3C)cccc2n1,0.33680728,train
Cc1ccc2c(-c3nnc(SCCN4CCc5cc6nc(C(F)(F)F)oc6c(Br)c5CC4)n3C)cccc2n1,0.97738636,train
CCc1nc2cc3c(c(Br)c2o1)CCN(CCSc1nnc(-c2cccc4nc(C)ccc24)n1C)CC3,0.8879098,train
Cc1ccc2c(-c3nnc(SCCN4CCc5cc6nc(C)oc6c(Br)c5CC4)n3C)cccc2n1,0.5875253,train
Cc1ccc2c(-c3nnc(SCCN4CCc5cc6nc(C)oc6cc5CC4)n3C)cccc2n1,0.32377228,train
Cc1ccc2c(-c3nnc(SCCCCN4CCc5cc6nc(C(F)(F)F)oc6c(C)c5CC4)n3C)cccc2n1,0.9878419,train
CCc1nc2cc3c(c(C)c2o1)CCN(CCCCSc1nnc(-c2cccc4nc(C)ccc24)n1C)CC3,0.9575892,train
Cc1ccc2c(-c3nnc(SCCCCN4CCc5cc6nc(C)oc6c(C)c5CC4)n3C)cccc2n1,0.71457356,train
Cc1ccc2c(-c3nnc(SCCCCN4CCc5cc6nc(C(F)(F)F)oc6c(Br)c5CC4)n3C)cccc2n1,0.99533087,train
CCc1nc2cc3c(c(Br)c2o1)CCN(CCCCSc1nnc(-c2cccc4nc(C)ccc24)n1C)CC3,0.9751159,train
Cc1ccc2c(-c3nnc(SCCCCN4CCc5cc6nc(C)oc6c(Br)c5CC4)n3C)cccc2n1,0.87596476,train
Cc1nc2cc3c(cc2o1)CCN(CCCCSc1nnc(-c2ocnc2C)n1C)CC3,0.32411,train
Cc1ccc2c(-c3nnc(SCCCN4CCc5cc6nc(C(C)(C)C)oc6c(C)c5CC4)n3C)cccc2n1,0.98560774,train
CCc1nc2cc3c(c(C)c2o1)CCN(CCCSc1nnc(-c2cccc4nc(C)ccc24)n1C)CC3,0.96184444,train
Cc1ccc2c(-c3nnc(SCCCN4CCc5cc6nc(C)oc6c(C)c5CC4)n3C)cccc2n1,0.7366306,train
Cc1ccc2c(-c3nnc(SCCCN4CCc5cc6nc(C(C)(C)C)oc6c(Br)c5CC4)n3C)cccc2n1,0.98880833,train
CCc1nc2cc3c(c(Br)c2o1)CCN(CCCSc1nnc(-c2cccc4nc(C)ccc24)n1C)CC3,0.97767615,train
Cc1ccc2c(-c3nnc(SCCCN4CCc5cc6nc(C)oc6c(Br)c5CC4)n3C)cccc2n1,0.8874461,train
CCc1nc2cc3c(cc2s1)CCN(CCCSc1nnc(-c2ocnc2C)n1C)CC3,0.8860106,train
CCc1nc2cc3c(cc2s1)CCN(CCCSc1nnc(-c2cccc4nc(C)ccc24)n1C)CC3,0.97401583,train
Cc1nc2cc3c(cc2s1)CCN(CCCSc1nnc(-c2ocnc2C)n1C)CC3,0.6137597,train
Cc1ccc2c(-c3nnc(SCCCN4CCc5cc6nc(C)sc6cc5CC4)n3C)cccc2n1,0.88559663,train
CCc1nn(C)c2cc3c(cc12)CCN(CCCSc1nnc(-c2cccc4nc(C)ccc24)n1C)CC3,0.93839085,test
Cc1ccc2c(-c3nnc(SCCC(C)N4CCc5cc6c(cc5CC4)C(=O)N(C(C)C)C6)n3C)cccc2n1,0.25528932,train
Cc1ccc2c(-c3nnc(SCCC(C)N4CCc5cc6c(cc5CC4)C(=O)N(C)C6)n3C)cccc2n1,0.19271095,train
Cc1ccc2c(-c3nnc(SCCCCN4CCc5cc6c(cc5CC4)C(=O)N(C(C)C)C6)n3C)cccc2n1,0.6695364,train
Cc1ccc2c(-c3nnc(SCCCCN4CCc5cc6c(cc5CC4)C(=O)N(C)C6)n3C)cccc2n1,0.58528906,train
Cc1ccc2c(-c3nnc(SCCCN4CCc5cc6c(cc5CC4)C(=O)N(C(C)C)C6)n3C)cccc2n1,0.6935814,train
Cc1cc2c(-c3nnc(SCCCN4CCc5ccc(-c6cc(C)nn6C)cc5CC4)n3C)cccc2cn1,0.9671417,train
O=C(c1ccc(O)cc1OC[C@@H](O)CN1CCC2(CC1)Cc1cc(Cl)ccc1O2)N1C[C@H](O)CO1,0.70063055,val
COc1ccccc1Oc1cccc(CN2CCC3(CC2)CCN(C(=O)c2cccc[n+]2[O-])CC3)c1,0.9701974,test
COc1ccccc1Oc1cccc(CN2CCC3(CC2)CCN(C(=O)c2cc[n+]([O-])cc2)CC3)c1,0.82262635,train
O=C(c1cc[n+]([O-])cc1)N1CCC2(CCN(Cc3cccc(Oc4ccccc4)c3)CC2)CC1,0.86163014,train
O=C(c1ccncn1)N1CCC2(CCN(Cc3cccc(Oc4ccccc4)c3)CC2)CC1,0.94614077,train
O=C(c1ccncc1)N1CCC2(CCN(Cc3cccc(Oc4ccccc4)c3)CC2)CC1,0.9799203,train
COc1ccccc1Oc1cccc(CN2CCC3(CC2)CCN(C(=O)c2ccc(Cl)cc2)CC3)c1,0.99771047,train
O=C(c1ccc(Cl)cc1)N1CCC2(CCN(Cc3cccc(Oc4ccccc4)c3)CC2)CC1,0.9981153,train
COc1ccccc1Oc1ccccc1CN1CCC2(CC1)CCN(C(=O)c1cccc[n+]1[O-])CC2,0.97814596,test
COc1ccccc1Oc1ccccc1CN1CCC2(CC1)CCN(C(=O)c1cc[n+]([O-])cc1)CC2,0.8644393,test
COc1ccccc1Oc1ccccc1CN1CCC2(CC1)CCN(C(=O)c1ccncc1)CC2,0.9803963,train
COc1ccccc1Oc1ccccc1CN1CCC2(CC1)CCN(C(=O)c1ccccn1)CC2,0.98255944,train
O=C(c1ccncc1)N1CCC2(CCN(Cc3ccccc3Oc3ccccc3)CC2)CC1,0.98597115,train
COc1ccccc1Oc1ccccc1CN1CCC2(CC1)CCN(C(=O)c1ccc(Cl)cc1)CC2,0.9982957,train
O=C(c1ccc(Cl)cc1)N1CCC2(CCN(Cc3ccccc3Oc3ccccc3)CC2)CC1,0.99865615,train
Cc1oc(-c2ccc(Cl)cc2)nc1CCOc1cccc(CC2C(=O)N(c3ccc(C(C)(C)C)cc3)C2C(=O)O)c1,0.92822504,train
COc1ccc(-c2nc(CCOc3cccc(CC4C(=O)N(c5ccc(C(C)(C)C)cc5)C4C(=O)O)c3)c(C)o2)cc1,0.65432227,train
Cc1oc(-c2cccc(Cl)c2)nc1CCOc1cccc(CC2C(=O)N(c3ccc(C(C)(C)C)cc3)C2C(=O)O)c1,0.88813156,train
COc1cccc(-c2nc(CCOc3cccc(CC4C(=O)N(c5ccc(C(C)(C)C)cc5)C4C(=O)O)c3)c(C)o2)c1,0.73557836,train
Cc1oc(-c2ccccc2)nc1CCOc1ccc(CC2C(=O)N(c3ccc(C(C)(C)C)cc3)C2C(=O)O)cc1,0.7284701,train
Cc1oc(-c2ccccc2)nc1CCOc1cccc(CC2C(=O)N(c3ccc(C(C)(C)C)cc3)C2C(=O)O)c1,0.71256274,train
COc1ccc(N2C(=O)C(Cc3ccc(OCCc4nc(-c5ccccc5)oc4C)cc3)C2C(=O)O)cc1,0.365832,train
CN(C)C(=O)C(N)c1ccc(C(=O)Nc2cc(-c3cccs3)ccc2N)cc1,0.55108374,train
CCOC(=O)C(N)c1ccc(C(=O)Nc2cc(-c3cccs3)ccc2N)cc1,0.7678995,train
Cc1cc(C)n(-c2cc(NC(=O)CN3CCN(C)CC3)nc(-c3ccc(C)o3)n2)n1,0.87615895,test
Cc1cc(C)n(-c2cc(NC(=O)CCN3CC[C@H](N(C)C)C3)nc(-c3ccc(C)o3)n2)n1,0.98501945,test
Cc1cc(C)n(-c2cc(NC(=O)CCN(C)C)nc(-c3ccc(C)o3)n2)n1,0.90166634,train
Cc1cc(C)n(-c2cc(NC(=O)CN3CC[C@@H](CN(C)C)C3)nc(-c3ccc(C)o3)n2)n1,0.9840491,train
Cc1cc(C)n(-c2cc(NC(=O)CN3CC[C@H](CN(C)C)C3)nc(-c3ccc(C)o3)n2)n1,0.99430436,train
CCN[C@H]1CCN(CC(=O)Nc2cc(-n3nc(C)cc3C)nc(-c3ccc(C)o3)n2)C1,0.9221523,train
Cc1cc(C)n(-c2cc(NC(=O)CN3CC[C@H](N(C)C)C3)nc(-c3ccc(C)o3)n2)n1,0.9664406,train
Cc1cc(C)n(-c2cc(NC(=O)CC3CCN(C)CC3)nc(-c3ccc(C)o3)n2)n1,0.92393315,train
Cc1cc(C)n(-c2cc(NC(=O)CN3CCC(CN(C)C)CC3)nc(-c3ccc(C)o3)n2)n1,0.8922718,train
Cc1cc(C)n(-c2cc(NC(=O)CN3CCCN(C)CC3)nc(-c3ccc(C)o3)n2)n1,0.9101343,train
CNCc1cnc(C)cc1Oc1ccccc1Oc1ccccc1,0.7737609,test
CC(c1nc(-c2ccc(S(C)(=O)=O)cc2Cl)no1)C(N)C(=O)N1CCCC1,0.39798132,train
CS(=O)(=O)c1ccc(-c2noc(C(CC3CC3)[C@H](N)C(F)=C3CCCC3)n2)c(Cl)c1,0.22370113,val
CS(=O)(=O)c1ccc(-c2noc(C(CCO)[C@H](N)C(F)=C3CCCC3)n2)c(Cl)c1,0.087620206,train
CC(c1nc(-c2ccc(S(C)(=O)=O)cc2Cl)no1)[C@H](N)C(F)=C1CCCC1,0.2064222,train
COC1OC2(CCN(Cc3ccccc3)CC2)c2cnn(-c3ccccc3)c21,0.9863239,train
CCCCN1CCC2(CC1)OC(OC)c1c2cnn1-c1ccccc1,0.9839767,val
CC(C)N1CCN(Cc2cnc(-c3ccc(C(=O)Nc4ccccc4N)cc3)c(Cl)c2)CC1,0.3705795,train
CC(C)N1CCN(Cc2cnc(-c3ccc(C(=O)Nc4ccccc4N)cc3)c(C#N)c2)CC1,0.31641227,train
CCN1CCN(Cc2cnc(-c3ccc(C(=O)Nc4ccccc4N)cc3)c(Cl)c2)CC1,0.65370077,train
Nc1ccccc1NC(=O)c1ccc(-c2ncc(CN3CCC3)cc2Cl)cc1,0.58523256,train
COc1cc(Cl)ccc1O[C@@H](c1ccccc1)[C@@H]1CNCCO1,0.7278594,val
Cc1cc2cc(Nc3ncnn4cc(-c5nnc(C)o5)c(C(C)C)c34)cnc2[nH]1,0.31037825,train
O=c1[nH]ccc2nc(-c3ccc(CN4CCC(c5n[nH]c(-c6ccccn6)n5)CC4)cc3)c(-c3ccccc3)cc12,0.9720595,test
COc1ccc(Cl)cc1C(=O)NCCc1ccc(S(=O)(=O)NC(=O)NC2CCCCC2)cc1,0.19857773,train
CN(C)c1cn(-c2ccc(F)cc2)c2ccc(Cl)cc12,0.9914225,train
CC(C)OC(=O)c1ccc(NC(=O)NC(Cc2ccc(O)cc2)C(=O)N[C@H]2CCC[N+](C)(Cc3cccc(O)c3)C2)cc1,0.59868157,val
O=C(COc1cccc(Cl)c1)NC1CCN(Cc2ccn(-c3ccc(C(F)(F)F)cc3)c2)CC1,0.99721414,train
O=C(COc1cccc(Cl)c1)NC1CCN(Cc2ccn(-c3ccc(OC(F)(F)F)cc3)c2)CC1,0.9986713,train
COc1cccc2cc3n(c12)CCN(CCCCN1CCn2c(cc4ccccc42)C1=O)C3,0.8666671,val
Clc1cccc(N2CCN(CCCCCOc3cc4ccccc4cn3)CC2)c1Cl,0.9872706,train
Clc1cccc(N2CCN(CCCCOc3cc4ccccc4cn3)CC2)c1Cl,0.98501587,train
Cc1cccc(N2CCN(CCCCNC(=O)c3cc4ccccc4o3)CC2)c1,0.9297721,train
O=C1c2cc3ccccc3n2CCN1CCCCN1CCN(c2cccc(Cl)c2Cl)CC1,0.9182084,train
N#Cc1cccc(N2CCN(CCCCNC(=O)c3cc4ccccc4o3)CC2)c1,0.92849535,train
O=C(NCCCCN1CCN(c2cccc(Cl)c2Cl)CC1)c1cc2ccccc2cn1,0.95708656,train
O=C(NCCCCN1CCN(c2cccc(Cl)c2)CC1)c1cc2ccccc2cn1,0.97532403,train
COc1cccc2cc3n(c12)CCN(CCCCNC(=O)C1=Cc2ccccc2CN1)C3,0.7355575,train
Clc1ccc(-n2c(-c3ccc(Cl)cc3Cl)nc3c(NN4CCCCC4)ncnc32)cc1,0.99933594,train
CN1CCN(c2ncnc3c2nc(-c2ccc(Cl)cc2Cl)n3-c2ccc(Cl)cc2)CC1,0.9994242,train
CN1CCN(c2ncnc3c2nc(-c2ccccc2Cl)n3-c2ccc(Cl)cc2)CC1,0.9973544,train
Fc1ccc2c(c1)nc(-c1ccccn1)n2-c1ccc(OCCCN2CCCCC2)cc1,0.99864966,train
Fc1ccc2c(c1)nc(-c1ccccn1)n2-c1ccc(OCCCN2CCOCC2)cc1,0.9947351,train
CC(C)[C@@H]1CCN(CCCOc2ccc(-n3c(-c4ccccn4)nc4cc(F)ccc43)cc2)C1,0.999376,test
Fc1ccc2c(c1)nc(-c1ccccn1)n2-c1ccc(OCCCN2CCSC2)cc1,0.99944204,train
Fc1ccc2c(c1)nc(-c1ccccn1)n2-c1ccc(OCCCN2CCc3ccccc3C2)cc1,0.9989666,train
OC1CCN(CCCOc2ccc(-n3c(-c4ccccn4)nc4cc(F)ccc43)cc2)CC1,0.9935987,train
COC(=O)C1CCN(CCCOc2ccc(-n3c(-c4ccccn4)nc4cc(F)ccc43)cc2)CC1,0.9983052,train
CS(=O)(=O)c1ccc(OCC2CC2)c(C(=O)N2CCN(c3ccc(C#N)cc3F)CC2)c1,0.95166314,test
CCCCNc1nccc2[nH]c3ccccc3c12,0.92916465,train
CN1C(=O)C(CN2CCCCC2)C[C@H]1C#Cc1ccccc1,0.79753965,val
Nc1ccnc(N2CCC(C(=O)Nc3ccc4ccccc4n3)(c3ccccc3)CC2)c1,0.8662891,test
Nc1ccnc(N2CCC3(CC2)OC(c2ccccc2)c2ccccc23)c1,0.98240906,test
Nc1ccnc(N2CCC(C(=O)N3CCc4ccccc4C3)(c3ccccc3)CC2)c1,0.7047928,train
COc1ccc(C(=O)NC2(c3ccccc3)CCN(c3cc(N)ccn3)CC2)c(OC)c1,0.8708687,train
CCOC(=O)N1CCN(C(=O)C2(c3ccccc3)CCN(c3cc(N)ccn3)CC2)CC1,0.72620463,test
COc1ccc(CNC(=O)C2(c3ccccc3)CCN(c3cc(N)ccn3)CC2)cc1,0.47984862,test
COc1ccc(C(=O)NC2(c3ccccc3)CCN(c3cc(N)ccn3)CC2)cc1Cl,0.93286544,train
Nc1ccnc(N2CCC(n3c(=O)n(Cc4ccccc4)c4cccnc43)CC2)c1,0.76860106,test
Nc1ccnc(N2CCC(NC(=O)c3ccccn3)(c3ccccc3)CC2)c1,0.6822848,train
Nc1ccnc(N2CCC(n3c(=O)n(CC4CC4)c4cccnc43)CC2)c1,0.6210846,val
COc1ccc(-n2c(=O)n(C3CCN(c4cc(N)ccn4)CC3)c3ncccc32)cc1,0.90756387,train
Nc1ccnc(N2CCC(n3c(=O)n(-c4ccccc4)c4cccnc43)CC2)c1,0.926574,train
COc1cccc(C2(C)CN(c3cc(N)ccn3)C2)c1,0.6759407,val
CN(C)C(=O)C1CC2(CCN(c3cc(N)ccn3)CC2)c2ccccc21,0.79321927,train
COc1ccc(C(=O)N(c2cc(C)ccn2)C2CCN(c3cc(N)ccn3)CC2)cc1,0.87346476,train
COc1cccc(C(=O)N(c2ccccn2)C2CCN(c3cc(N)ccn3)CC2)c1,0.88231546,train
O=S(=O)(c1ccc2c(c1)CCNCC2)N1CC(Oc2ccc(Cl)cc2)C1,0.98984325,train
O=S(=O)(c1ccc2c(c1)CCNCC2)N1CCC(Oc2ccccc2Cl)CC1,0.9706943,train
CN(CC1COc2ccccc21)S(=O)(=O)c1ccc2c(c1)CCNCC2,0.20829496,val
O=S(=O)(c1ccc2c(c1)CCNCC2)N1CC(Oc2ccccc2Cl)C1,0.96840435,train
O=S(=O)(c1ccc2c(c1)CCNCC2)N1CC[C@@H](Oc2ccccc2Cl)C1,0.9582555,train
O=S(=O)(c1ccc2c(c1)CCNCC2)N1CC(Oc2cccc(Cl)c2)C1,0.98833615,train
O=S(=O)(c1ccc2c(c1)CCNCC2)N1CC[C@H](Oc2ccccc2Cl)C1,0.953973,train
C[C@@H]1CN(CC2(C(N)=O)CCC2)CCN1S(=O)(=O)c1ccc(C(C)(O)C(F)(F)F)cc1,0.898812,val
C[C@@H]1CN(CC2(c3ccc(C(N)=O)cc3)CC2)CCN1S(=O)(=O)c1ccc(C(C)(O)C(F)(F)F)cc1,0.85654706,train
C[C@@H]1CN(CC2(c3ccncc3)CC2)CCN1S(=O)(=O)c1ccc(C(C)(O)C(F)(F)F)cc1,0.8852817,val
Cc1nnc(C(C)C)n1C1CCN(C(C)C[C@H](NC(=O)C2CC(F)(F)C2)c2ccccc2)CC1,0.9698967,train
Cc1nnc(C(C)C)n1C1CCN(C(C)C[C@H](NC(=O)C2CCC(F)(F)CC2)c2ccccc2)CC1,0.9868133,val
N#Cc1ccc2cc1Oc1ccc3c(c1)[C@@H](CC3)N1CCC(NCc3cncn3C2)C1=O,0.91101706,train
CC(=O)Nc1cccc(N2CCN(CCCCNS(=O)(=O)CC3CCCCC3)CC2)c1,0.28052053,val
CC(=O)Nc1cccc(N2CCN(CCCCNS(=O)(=O)c3ccc(C)cc3)CC2)c1,0.35801843,train
COc1ccccc1N1CCN(CCCCNS(=O)(=O)c2ccc(C)cc2)CC1,0.82669467,train
N#Cc1ccc(Cn2cncc2CN[C@H]2CCN(C(=O)c3cccc(Cl)c3)C2)cc1,0.9493336,train
N#Cc1ccc2cc1Oc1ccc3c(c1)[C@@H](CCO3)N1CCC(NCc3cncn3C2)C1=O,0.90965813,val
N#Cc1ccc2cc1Oc1ccc3c(c1)[C@@H](CCC3)N1CCC(NCc3cncn3C2)C1=O,0.9130886,test
Cc1nc2n(c(=O)c1CCN1CCC(c3noc4cc(F)ccc34)CC1)CCCC2O,0.9814471,train
N#Cc1ccc2cc1Oc1cccc(c1)CN1CCC(NCc3cncn3C2)C1=O,0.9708055,train
N#Cc1ccc2cc1Oc1cc(Cl)cc(c1)CN1CCC(NCc3cncn3C2)C1=O,0.9897832,train
N#Cc1ccc2cc1Oc1cccc(c1)C(c1ccccc1)N1CCC(NCc3cncn3C2)C1=O,0.9876304,train
N#Cc1ccc2cc1Oc1cccc(c1)C(c1cccc(Cl)c1)N1CCC(NCc3cncn3C2)C1=O,0.99808574,train
CC1c2ccc(C#N)c(c2)Oc2cccc(c2)CN2CCC(NCc3cncn31)C2=O,0.96439624,train
N#Cc1ccc2cc1Oc1ccc(Br)c(c1)CN1CCC(NCc3cncn3C2)C1=O,0.98279244,train
N#Cc1ccc2cc1Oc1cccc(c1)-c1ccccc1N1CCC(NCc3cncn3C2)C1=O,0.99620134,train
N#Cc1ccc2cc1Oc1ccc3cccc(c3c1)N1CCC(NCc3cncn3C2)C1=O,0.9919058,train
CN1Cc2cncn2Cc2ccc(C#N)c(c2)Oc2ccc3cccc(c3c2)N2CCC1C2=O,0.99237436,train
N#Cc1ccc2cc1Oc1ccc3cccc(c3c1)N1CCC(NC(=O)Cc3cncn3C2)C1=O,0.87739706,train
N#Cc1ccc2cc1Oc1ccc3cccc(c3c1)N1CCC(NCCc3cncn3C2)C1=O,0.99617803,train
CN1CCc2cncn2Cc2ccc(C#N)c(c2)Oc2ccc3cccc(c3c2)N2CCC1C2=O,0.9967032,train
N#Cc1ccc2cc1Oc1ccc3c(c1)[C@H](CC3)N1CCC(NCc3cncn3C2)C1=O,0.95956945,train
CN1Cc2cncn2Cc2ccc(C#N)c(c2)Oc2ccc3c(c2)[C@@H](CC3)N2CCC1C2=O,0.90927637,train
N#Cc1ccc(Cn2cncc2CNC2CCN(Cc3ccccc3)C2=O)cc1,0.854498,train
N#Cc1ccc(Cn2cncc2CNC2CCN(Cc3cccc(Cl)c3)C2=O)cc1,0.96837986,train
N#Cc1ccc(Cn2cncc2CNC2CCN(c3ccncc3)C2=O)cc1,0.60081017,test
N#Cc1ccc(Cn2cncc2CNC2CCN(c3cccc4ncccc34)C2=O)cc1,0.879745,val
N#Cc1ccc(Cn2cncc2CNC2CCN(C(=O)c3cccc(Cl)c3)C2=O)cc1,0.88013166,train
Cc1ncccc1C(=O)N1CCC(NCc2cncn2Cc2ccc(C#N)cc2)C1=O,0.29050282,train
N#Cc1ccc(Cn2cncc2CNC2CCN(C(=O)c3cccnc3N)C2=O)cc1,0.3601094,train
COc1ncccc1C(=O)N1CCC(NCc2cncn2Cc2ccc(C#N)cc2)C1=O,0.62171555,train
CSc1ncccc1C(=O)N1CCC(NCc2cncn2Cc2ccc(C#N)cc2)C1=O,0.7365013,train
CCSc1ncccc1C(=O)N1CCC(NCc2cncn2Cc2ccc(C#N)cc2)C1=O,0.89112747,train
N#Cc1ccc(Cn2cncc2CNC2CCN(C(=O)c3cncc(Br)c3)C2=O)cc1,0.6284138,train
CCCCN(Cc1cncn1Cc1ccc(C#N)cc1)C1CCN(Cc2ccccc2)C1=O,0.99920183,train
N#Cc1ccc(Cn2cncc2CN(Cc2cccnc2)C2CCN(Cc3ccccc3)C2=O)cc1,0.9841689,train
N#Cc1ccc(Cn2cncc2CN(CCCc2ccccc2)C2CCN(Cc3ccccc3)C2=O)cc1,0.99946624,train
N#Cc1ccc(Cn2cncc2CN(CCCN)C2CCN(Cc3ccccc3)C2=O)cc1,0.99318093,train
N#Cc1ccc(Cn2cncc2CN(CCN2CCOCC2)C2CCN(Cc3ccccc3)C2=O)cc1,0.9940148,train
N#Cc1ccc(Cn2cncc2CN(CCN2CCNCC2)C2CCN(Cc3ccccc3)C2=O)cc1,0.9953193,val
c1ccc(-c2[nH]c3ccccc3c2C2CC3CCC(C2)N3)cc1,0.99632037,val
F[C@@H]1CCNC[C@H]1c1c(-c2ccccc2)[nH]c2ccccc12,0.94782346,train
Fc1ccc2[nH]c(-c3ccccc3)c([C@@H]3CNCC[C@H]3F)c2c1,0.9692853,train
F[C@@H]1CCNC[C@H]1c1c(-c2ccccc2)[nH]c2ccc(Cl)cc12,0.992071,train
CC(C)(C)OC(=O)NCCCN(Cc1cncn1Cc1ccc(C#N)cc1)C1CCN(Cc2ccccc2)C1=O,0.9423398,train
O=C(OC1CC2CC3CC(C1)N2CC3O)c1c[nH]c2ccccc12,0.6558966,val
CS(=O)(=O)N1CCN(Cc2cc3nc(-c4cccc5[nH]ncc45)nc(N4CCOCC4)c3s2)CC1,0.11400172,train
C1=C(c2ccccc2)c2ccccc2OC12CCNCC2,0.8366487,train
CCN(CC)C(=O)c1ccc(C2=CC3(CCNCC3)Oc3cccc(O)c32)cc1,0.22612879,train
CCN(CC)C(=O)c1ccc(C2=CC3(CCNCC3)Oc3ccc(O)cc32)cc1,0.16687095,train
CCN(CC)C(=O)c1ccc(C2=CC3(CCNCC3)Oc3cc(O)ccc32)cc1,0.25637785,train
CCN(CC)C(=O)c1ccc(C2=CC3(CCNCC3)Oc3c(O)cccc32)cc1,0.13800405,train
CCN1CCC2(C=C(c3ccc(C(=O)N(CC)CC)cc3)c3ccccc3O2)CC1,0.9481505,train
CCN(CC)C(=O)c1ccc(C2=CC3(CCN(C)CC3)Oc3ccccc32)cc1,0.6179024,train
CCN(CC)C(=O)c1ccc(C2=CC3(CCN(C(C)=O)CC3)Oc3ccccc32)cc1,0.51039976,train
CCN(CC)C(=O)c1ccccc1C1=CC2(CCNCC2)Oc2ccccc21,0.819914,train
CCN(CC)C(=O)c1cccc(C2=CC3(CCNCC3)Oc3ccccc32)c1,0.66631854,train
CCN(CC)C(=O)c1ccc(C2=CC3(CCNCC3)Oc3ccccc32)cc1,0.5890935,train
COC(=O)c1ccc(C2=CC3(CCNCC3)Oc3ccccc32)cc1,0.7777713,train
Oc1ccc(C2=CC3(CCNCC3)Oc3ccccc32)cc1,0.5831349,train
COc1ccc(C2=CC3(CCNCC3)Oc3ccccc32)cc1,0.8059792,train
FC(F)(F)c1ccc(C2=CC3(CCNCC3)Oc3ccccc32)cc1,0.9714148,train
Cc1ccc(C2=CC3(CCNCC3)Oc3ccccc32)cc1,0.8581457,train
C[C@H]1CN(Cc2cccc(-c3cc(CNC(=O)c4cccc(CC5CCNCC5)c4)ccc3F)c2)CCN1,0.8614017,val
CS(=O)(=O)Nc1ccc(OC[C@@H](O)CNCCc2ccc(Cl)c(Cl)c2)cc1,0.9279988,train
CS(=O)(=O)Nc1ccc(OC[C@@H](O)CN(CCc2ccc(Cl)c(Cl)c2)Cc2ccc(F)c(F)c2F)cc1,0.9881493,train
CS(=O)(=O)Nc1ccc(OC[C@@H](O)CN(CCc2ccc(Cl)c(Cl)c2)Cc2ccccc2F)cc1,0.98036534,train
CS(=O)(=O)Nc1ccc(OC[C@@H](O)CN(CCc2ccc(Cl)c(Cl)c2)Cc2cccc(O)c2)cc1,0.95207673,train
CS(=O)(=O)Nc1ccc(OC[C@@H](O)CN(CCc2ccc(Cl)c(Cl)c2)Cc2ccccc2O)cc1,0.9562563,train
CS(=O)(=O)Nc1ccc(OC[C@@H](O)CN(CCc2ccc(Cl)c(Cl)c2)Cc2ccccc2)cc1,0.9737716,train
CC(C)CN(CCc1ccc(Cl)c(Cl)c1)C[C@H](O)COc1ccc(NS(C)(=O)=O)cc1,0.98861885,train
CCCCN(CCc1ccc(Cl)c(Cl)c1)C[C@H](O)COc1ccc(NS(C)(=O)=O)cc1,0.985938,train
CCCN(CCc1ccc(Cl)c(Cl)c1)C[C@H](O)COc1ccc(NS(C)(=O)=O)cc1,0.9826377,train
CCN(CCc1ccc(Cl)c(Cl)c1)C[C@H](O)COc1ccc(NS(C)(=O)=O)cc1,0.9846837,train
CN(CCc1ccc(Cl)c(Cl)c1)C[C@H](O)COc1ccc(NS(C)(=O)=O)cc1,0.98704845,train
Cc1ccc(CCNC[C@H](O)COc2ccc(NS(C)(=O)=O)cc2)cc1C,0.926948,train
CS(=O)(=O)Nc1ccc(OC[C@@H](O)CNCCc2ccc(F)c(F)c2)cc1,0.92604893,train
CS(=O)(=O)Nc1ccc(OC[C@@H](O)CNCCc2ccc(Cl)c(F)c2)cc1,0.9447376,train
CS(=O)(=O)Nc1ccc(OC[C@@H](O)CNCCc2ccc(Cl)cc2)cc1,0.96823746,train
CNc1noc2c(-c3ccc4c(N5CCOC[C@@H]5C)nncc4c3)c(C)ccc12,0.37604114,val
CC(C)(C)CCN1CC[C@@H](CNC(=O)c2cc(Cl)cc(Cl)c2)[C@H](F)C1,0.9749415,train
CC(C)(C)CCN1CC[C@H](CNC(=O)c2cc(Cl)cc(Cl)c2)[C@H](F)C1,0.9767413,train
CC(C)(C)OCCN1CCC(CNC(=O)c2cc(Cl)cc(Cl)c2)CC1,0.8970411,train
CC(C)(C)C(F)CN1CCC(CNC(=O)c2cc(Cl)cc(Cl)c2)CC1,0.9715798,train
CC(C)(C)C(O)CN1CCC(CNC(=O)c2cc(Cl)cc(Cl)c2)CC1,0.9785951,train
CC(C)(C)C(=O)CN1CCC(CNC(=O)c2cc(Cl)cc(Cl)c2)CC1,0.95960325,train
CC(C)(C)CCN1CCC(CNC(=O)Cc2ccc(C(C)(C)C)cc2)CC1,0.9378058,train
CC(C)(C)CCN1CCC(CNC(=O)C2(c3ccc(F)cc3)CCCCC2)CC1,0.899433,val
CC(C)(C)CCN1CCC(CNC(=O)c2cccc(Cl)c2)CC1,0.9331463,train
CC(C)(C)CCN1CCC(CNC(=O)c2ccc(Cl)c(Cl)c2)CC1,0.9237773,train
CC(C)(C)CCN1CCC(CNC(=O)c2cc(C(F)(F)F)cc(C(F)(F)F)c2)CC1,0.9945344,train
CCC(C)C(C)CN1CCC(CNC(=O)c2cc(Cl)cc(Cl)c2)CC1,0.98265266,train
CC(CC(C)(C)C)N1CCC(CNC(=O)c2cc(Cl)cc(Cl)c2)CC1,0.9888517,train
O=C(NCC1CCN(Cc2ccc(Br)nc2)CC1)c1cc(Cl)cc(Cl)c1,0.9594406,val
O=C(NCC1CCN(Cc2cccc(C(F)(F)F)c2)CC1)c1cc(Cl)cc(Cl)c1,0.9960317,train
CC(C)(C)CCN1CCC(CNC(=O)c2cc(Cl)cc(Cl)c2)CC1,0.97720236,train
CC(C)(C)CCN1CCC(CNC(=O)Nc2cccc(Cl)c2)(c2ccccc2)CC1,0.94026667,val
Cc1ccc(CN2CCC(CNC(=O)c3cc(Cl)cc(Cl)c3)CC2)cc1,0.9744667,train
CC1(C)C[C@@H](CN2CCC(F)(CNC(=O)c3cc(Cl)cc(Cl)c3)CC2)CCO1,0.8891756,val
Cc1c(C(=O)c2ccc(Cl)cc2)c2ccc(OC(F)(F)F)cc2n1Cc1cccc(OC(C)C(=O)O)c1,0.86859256,val
C[C@H]1CN(Cc2ccc(CC(=O)N3CCC(Nc4cccc(F)c4)CC3)cc2)CCN1,0.94135857,test
CCN(CC)Cc1cc(Nc2ccnc3cc(Cl)ccc23)ccc1O,0.9873362,train
CCN(CC)Cc1ccc(Nc2ccnc3cc(Cl)ccc23)cc1O,0.98665214,train
CC(C)(C)NCc1ccc(Nc2ccnc3cc(Cl)ccc23)cc1O,0.9654376,train
CCNCc1cc(Nc2ccnc3cc(Cl)ccc23)ccc1O,0.86006105,train
COc1cncc(-c2cc(NC(C)=O)nc(-n3nc(C)cc3C)n2)c1,0.41797686,train
CC(=O)Nc1cc(-c2cccc(N3CCN(C)CC3)n2)nc(-n2nc(C)cc2C)n1,0.631227,train
CNCCC(c1ccccc1)c1c[nH]c2ccccc12,0.8681005,test
CCCCC1(c2ccc3[nH]ccc3c2)CCNC1,0.8416484,train
N#Cc1cc2cc(C3(Cc4ccccc4)CCNC3)ccc2[nH]1,0.7564656,train
Cn1ccc2cc(C3(Cc4ccccc4)CCNC3)ccc21,0.7112741,train
Fc1ccc(CC2(c3ccc4[nH]ccc4c3)CCNC2)cc1,0.9385815,train
c1ccc(CC2(c3ccc4sccc4c3)CCNC2)cc1,0.9035544,val
c1ccc(CC2(c3ccc4[nH]ccc4c3)CCNC2)cc1,0.7808035,train
Clc1ccc([C@]23CNC[C@H]2C3)cc1Cl,0.98424613,train
Nc1ccccc1NC(=O)c1ccc(N2CCC3(CC2)C(=O)NCN3c2ccccc2)nc1,0.52902657,test
Nc1ccccc1NC(=O)c1ccc(N2CCC3(CCN(S(=O)(=O)c4ccccc4)C3)C2)nc1,0.857613,train
Nc1ccccc1NC(=O)c1ccc(N2CCC3(CC2)CNc2ccccc23)nc1,0.66309375,train
Nc1ccccc1NC(=O)c1ccc(N2CCC3(CC2)CNCc2ccccc23)nc1,0.34612152,val
Nc1ccccc1NC(=O)c1ccc(N2CCC3(CCNC3)CC2)nc1,0.4570312,test
Nc1ccc(-c2cccs2)cc1NC(=O)c1ccc(N2CCC3(CCNC3)CC2)nc1,0.9355216,train
Nc1ccc(-c2ccsc2)cc1NC(=O)c1ccc(N2CCC3(CCNC3)CC2)nc1,0.89992696,val
Cn1cc(-c2ccc(N)c(NC(=O)c3ccc(N4CCC5(CCNC5)CC4)nc3)c2)cn1,0.44087473,train
Cn1cnc(-c2ccc(N)c(NC(=O)c3ccc(N4CCC5(CCNC5)CC4)nc3)c2)c1,0.52326035,val
CC(=O)N1CCC2(CCN(c3ccc(C(=O)Nc4cc(-c5cccs5)ccc4N)cn3)CC2)C1,0.9376983,train
CCNC(=O)N1CCC2(CCN(c3ccc(C(=O)Nc4cc(-c5cccs5)ccc4N)cn3)CC2)C1,0.9730866,train
CS(=O)(=O)N1CCC2(CCN(c3ccc(C(=O)Nc4cc(-c5cccs5)ccc4N)cn3)CC2)C1,0.80710405,train
Nc1ccc(-c2cccs2)cc1NC(=O)c1ccc(N2CCC3(CC2)CCN(c2ncccn2)C3)nc1,0.9912418,test
Nc1ccc(-c2cccs2)cc1NC(=O)c1ccc(N2CCC3(CCN(CC(F)(F)F)C3)CC2)nc1,0.99501544,train
Nc1ccc(-c2cccs2)cc1NC(=O)c1ccc(N2CCC3(CCN(CCO)C3)CC2)nc1,0.9807536,train
Nc1ccc(-c2cccs2)cc1NC(=O)c1ccc(N2CCC3(CCN(CC(=O)O)C3)CC2)nc1,0.5813298,train
NC(=O)CN1CCC2(CCN(c3ccc(C(=O)Nc4cc(-c5cccs5)ccc4N)cn3)CC2)C1,0.8645292,train
CC(=O)N1CCC2(CCN(c3ccc(C(=O)Nc4cc(-c5cccs5)ccc4N)cn3)C2)C1,0.9039851,val
CC(=O)N1CC2(CCN(c3ccc(C(=O)Nc4cc(-c5cccs5)ccc4N)cn3)CC2)C1,0.86013716,test
CC(=O)N1CCC2(CCCN(c3ccc(C(=O)Nc4cc(-c5cccs5)ccc4N)cn3)C2)C1,0.87247896,test
CC(=O)N1CCCC12CCN(c1ccc(C(=O)Nc3cc(-c4cccs4)ccc3N)cn1)CC2,0.513102,train
Nc1ccc(-c2cccs2)cc1NC(=O)c1ccc(N2CCC3(CC2)CNc2ccccc23)nc1,0.9724187,test
Nc1ccc(-c2cccs2)cc1NC(=O)c1ccc(N2CCC3(CCCC3O)CC2)nc1,0.96324235,test
Nc1ccc(-c2cccs2)cc1NC(=O)c1ccc(N2CCC3(CCNC3=O)CC2)nc1,0.9163208,test
Nc1ccc(-c2cccs2)cc1NC(=O)c1ccc(N2CCC3(CC2)CNC3=O)nc1,0.9167433,val
Nc1ccc(-c2cccs2)cc1NC(=O)c1ccc(N2CCC3(CC2)CNC(=O)C3)nc1,0.8507409,test
Nc1ccc(-c2cccs2)cc1NC(=O)c1ccc(N2CCC3(CC2)NC(=O)NC3=O)nc1,0.7517253,val
Nc1ccc(-c2cccs2)cc1NC(=O)c1ccc(N2CCC3(CC2)NCNC3=O)nc1,0.83653075,train
Nc1ccc(-c2cccs2)cc1NC(=O)c1ccc(N2CCC3(CC2)C(=O)NCN3c2ccccc2)nc1,0.9515412,val
Nc1ccc(-c2cccs2)cc1NC(=O)c1ccc(N2CCC3(CC2)CNC(=O)N3)nc1,0.80760455,test
Nc1ccc(-c2ccccc2)cc1NC(=O)c1ccc(N2CCC3(CCNC3)CC2)nc1,0.84305704,test
Cc1ncc(C)c(C(=O)N2CCC([C@H](N)Cc3cc(F)c(F)cc3F)CC2)n1,0.052349433,test
Cc1nccnc1C(=O)N1CCC([C@H](N)Cc2cc(F)c(F)cc2F)CC1,0.08469194,train
N[C@H](Cc1cc(F)c(F)cc1F)C1CCN(C(=O)c2cnc3ncccn23)CC1,0.15808854,train
Cc1cc2ncc(C(=O)N3CCC([C@H](N)Cc4cc(F)c(F)cc4F)CC3)c(C)n2n1,0.09620573,train
Cc1ccc2c(N3CCN(CCc4ccc5c(c4)NC(=O)CO5)CC3)cccc2n1,0.9413837,train
Cc1ccc2c(N3CCN(CCc4ccc5c(c4)N(C)C(=O)CO5)CC3)cccc2n1,0.87136877,train
Cc1ccc2c(N3CCN(CCc4cccc5c4OCC(=O)N5)CC3)cccc2n1,0.94243944,train
Cc1ccc2c(N3CCN(CCc4cccc5c4OCC(=O)N5C)CC3)cccc2n1,0.87033826,train
Cc1ccc2c(N3CCN(CCc4ccc5c(c4)OCC(=O)N5)CC3)cccc2n1,0.9116222,train
Cc1ccc2c(N3CCN(CCc4ccc5c(c4)OCC(=O)N5C)CC3)cccc2n1,0.83130985,train
CCN1C(=O)COc2c(CCN3CCN(c4cccc5nc(C)ccc45)CC3)cccc21,0.92785245,train
Cc1ccc2c(N3CCN(CCc4cccc5c4OCC(=O)N5C(C)C)CC3)cccc2n1,0.8524951,train
Cc1ccc2c(N3CCN(CCc4cccc5c4OCC(=O)N5C4CC4)CC3)cccc2n1,0.8785767,test
Cc1ccc2c(N3CCN(CCc4cccc5c4OCC(=O)N5CC4CC4)CC3)cccc2n1,0.94116783,train
Cc1ccc2c(N3CCN(CCc4cccc5c4OCC(=O)N5CC(F)F)CC3)cccc2n1,0.9404629,train
Cc1ccc2c(N3CCN(CCc4cccc5c4OCC(=O)N5C)[C@H](C)C3)cccc2n1,0.88064307,train
Cc1ccc2c(N3CCN(CCc4cccc5c4OCC(=O)N5C)[C@@H](C)C3)cccc2n1,0.76529455,train
Cc1ccc2c(N3CCN(CCc4cccc5c4OCC(=O)N5C)CC3)cc(F)cc2n1,0.9328612,train
Cc1ccc2c(N3CCN(CCc4cccc5c4OCC(=O)N5C)[C@H](C)C3)cc(F)cc2n1,0.9412133,train
Cc1ccc2c(N3CCN(CCCc4cccc5c4OCC(=O)N5C)CC3)cccc2n1,0.8965957,train
Cc1ccc2c(N3CCN(CCCc4cccc5c4OCC(=O)N5C)[C@H](C)C3)cccc2n1,0.89870465,train
Cc1ccc2c(N3CCN(CCCc4cccc5c4OCC(=O)N5C)CC3)cc(F)cc2n1,0.9472483,train
Cc1ccc2c(N3CCN(CCCc4cccc5c4OCC(=O)N5C)[C@H](C)C3)cc(F)cc2n1,0.95067644,train
Cc1ccc2c(N3CCN(CCCc4cccc5c4OCC(=O)N5)CC3)cccc2n1,0.9557896,train
COc1cc(-n2cnc3cc(-c4ccc(Cl)cc4)sc3c2=O)ccc1OCCN1CCCC1,0.98072994,val
COc1cc(-n2ccnc(NCCc3ccccc3)c2=O)ccc1OCCN1CCCC1,0.91874856,train
COc1cc(-n2ccnc(CCCc3ccccc3)c2=O)ccc1OCCN1CCCC1,0.9799018,train
c1ccc2cc(CO[C@H]3CCNC3)ccc2c1,0.47180882,train
c1ccc2cc(CO[C@@H]3CCNC3)ccc2c1,0.4717521,train
N#Cc1ccc2cc(CO[C@H]3CCNC3)ccc2c1,0.64893687,train
Fc1ccc2cc(CO[C@@H]3CCNC3)ccc2c1,0.67203295,train
CCCCN(C1CCNCC1)S(=O)(=O)c1ccc2ccccc2c1,0.9502632,train
CCCCN([C@H]1CCNC1)S(=O)(=O)c1ccc2ccccc2c1,0.67261636,train
c1ccc2cc(OCC3CCNCC3)ccc2c1,0.97021526,train
N#Cc1ccc2ccc(OCC3CCNCC3)cc2c1,0.98238593,train
Fc1ccc2cc(CCN3CCNCC3)ccc2c1,0.9592106,train
Cc1c(CCN2CCNCC2)ccc2cc(F)ccc12,0.94898385,train
Cc1n[nH]c(-c2cc(C(F)(F)F)cc(S(=O)(=O)N3CCN(C(=O)C4C[C@H]4c4ccc(C(F)(F)F)cc4)CC3)c2)n1,0.9560016,train
O=C(C1C[C@H]1c1ccc(C(F)(F)F)cc1)N1CCN(S(=O)(=O)c2cc(-c3c[nH]nn3)cc(C(F)(F)F)c2)CC1,0.9922151,train
O=C(C1C[C@H]1c1ccc(C(F)(F)F)cc1)N1CCN(S(=O)(=O)c2cc(-c3nc(O)cs3)cc(C(F)(F)F)c2)CC1,0.9557222,test
O=C(C1C[C@H]1c1ccc(C(F)(F)F)cc1)N1CCN(S(=O)(=O)c2cc(-c3cn[nH]c3)cc(C(F)(F)F)c2)CC1,0.99608934,train
O=C(C1C[C@H]1c1ccc(C(F)(F)F)cc1)N1CCN(S(=O)(=O)c2cc(-c3cc[nH]n3)cc(C(F)(F)F)c2)CC1,0.9965771,val
O=C(C1C[C@H]1c1ccc(C(F)(F)F)cc1)N1CCN(S(=O)(=O)c2cc(-c3ncon3)cc(C(F)(F)F)c2)CC1,0.9955081,train
O=C(C1C[C@H]1c1ccc(C(F)(F)F)cc1)N1CCN(S(=O)(=O)c2cc(C(O)C(F)(F)F)cc(C(F)(F)F)c2)CC1,0.9987191,train
O=C(C1C[C@H]1c1ccc(C(F)(F)F)cc1)N1CCN(S(=O)(=O)c2cc(C(F)(F)F)cc(C(F)(F)CO)c2)CC1,0.9610322,train
CC(C)(O)c1cc(C(F)(F)F)cc(S(=O)(=O)N2CCN(C(=O)C3C[C@H]3c3ccc(C(F)(F)F)cc3)CC2)c1,0.99462354,train
O=C(C1C[C@H]1c1ccc(C(F)(F)F)cc1)N1CCN(S(=O)(=O)c2cc(CCO)cc(C(F)(F)F)c2)CC1,0.9981048,train
Cc1[nH]ncc1-c1cc(C(F)(F)F)cc(S(=O)(=O)N2CCN(C(=O)C3C[C@H]3c3ccc(C(F)(F)F)cc3)CC2)c1,0.99542135,train
O=C(C1C[C@H]1c1ccc(C(F)(F)F)cc1)N1CCN(S(=O)(=O)c2cc(-c3nc[nH]n3)cc(C(F)(F)F)c2)CC1,0.99265337,val
Cc1nn(-c2c(Cl)cccc2NS(C)(=O)=O)cc1CN1CCC2(CC1)OCc1ccccc12,0.51743865,train
Cc1cccnc1-n1cc(CN2CCC3(CC2)OCc2ccccc23)c(C)n1,0.4761641,train
Cc1nn(-c2ncccc2Cl)cc1CN1CCC2(CC1)OCc1ccccc12,0.5515227,train
Cc1nn(-c2ccccc2)cc1CN1CCC2(CC1)OCc1ccccc12,0.8336965,train
O=C1NCCc2nc(-c3ccc(CN4CCC(c5n[nH]c(-c6ccccn6)n5)CC4)cc3)c(-c3ccccc3)cc21,0.9707289,val
CN1CCN(c2ccc3nc(-c4ccc(CN5CCC(c6n[nH]c(-c7ccccn7)n6)CC5)cc4)c(-c4ccccc4)nc3n2)CC1,0.9916087,train
CN1CCN(c2ccc3nc(-c4ccccc4)c(-c4ccc(CN5CCC(c6n[nH]c(-c7ccc(N)nc7)n6)CC5)cc4)nc3n2)CC1,0.9888982,train
CN1CCN(c2ccc3nc(-c4ccccc4)c(-c4ccc(CN5CCC(c6n[nH]c(-c7ncccn7)n6)CC5)cc4)nc3n2)CC1,0.9751056,val
CN(C)CCN1CCN(c2ccc3nc(-c4ccccc4)c(-c4ccc(CN5CCC(c6n[nH]c(-c7ccccn7)n6)CC5)cc4)nc3n2)CC1,0.9972363,train
CN1CCN(c2ccc3nc(-c4ccccc4)c(-c4ccc(CN5CCC(c6n[nH]c(-c7ccccn7)n6)CC5)cc4)nc3n2)CC1,0.9916087,train
CN(C)CCN1CCN(c2ncc3cc(-c4ccccc4)c(-c4ccc(CN5CCC(c6n[nH]c(-c7cc[n+]([O-])cc7)n6)CC5)cc4)nc3n2)CC1,0.9924584,train
CN1CCN(c2ncc3cc(-c4ccccc4)c(-c4ccc(CN5CCC(c6n[nH]c(-c7cc[n+]([O-])cc7)n6)CC5)cc4)nc3n2)CC1,0.97808003,train
CN(C)CCN1CCN(c2ncc3cc(-c4ccccc4)c(-c4ccc(CN5CCC(c6n[nH]c(-c7ccc(=O)[nH]c7)n6)CC5)cc4)nc3n2)CC1,0.99704415,train
O=c1ccc(-c2n[nH]c(C3CCN(Cc4ccc(-c5nc6nc(N7CCN(CCO)CC7)ncc6cc5-c5ccccc5)cc4)CC3)n2)c[nH]1,0.9922829,test
CN(C)CCN1CCN(c2ncc3cc(-c4ccccc4)c(-c4ccc(CN5CCC(c6n[nH]c(-c7ccc(N)nc7)n6)CC5)cc4)nc3n2)CC1,0.99933857,train
Nc1ccc(-c2n[nH]c(C3CCN(Cc4ccc(-c5nc6nc(N7CCN(CCO)CC7)ncc6cc5-c5ccccc5)cc4)CC3)n2)cn1,0.99799275,train
CN1CCN(c2ncc3cc(-c4ccccc4)c(-c4ccc(CN5CCC(c6n[nH]c(-c7ccc(N)nc7)n6)CC5)cc4)nc3n2)CC1,0.9980514,train
CN(C)CCN1CCN(c2ncc3cc(-c4ccccc4)c(-c4ccc(CN5CCC(c6n[nH]c(-c7ncccn7)n6)CC5)cc4)nc3n2)CC1,0.9984896,train
COc1ccc(-c2n[nH]c(C3CCN(Cc4ccc(-c5nc6cc[nH]c(=O)c6cc5-c5ccccc5)cc4)CC3)n2)cn1,0.98778033,train
O=c1[nH]ccc2nc(-c3ccc(CN4CCC(c5n[nH]c(-c6cnccn6)n5)CC4)cc3)c(-c3ccccc3)cc12,0.9298911,train
Nc1ccc(-c2n[nH]c(C3CCN(Cc4ccc(-c5nc6cc[nH]c(=O)c6cc5-c5ccccc5)cc4)CC3)n2)cn1,0.9480143,train
CN(C)CCN1CCN(c2ncc3cc(-c4ccccc4)c(-c4ccc(CN5CCC(c6n[nH]c(-c7ccccn7)n6)CC5)cc4)nc3n2)CC1,0.99949527,train
O=C(Nc1ccc(S(=O)(=O)Nc2ccccc2C(=O)c2ccccc2)cc1)OCC1CCCO1,0.7146966,val
O=C(NCCCN1CCCCC1)Nc1ccc(S(=O)(=O)Nc2ccccc2C(=O)c2ccccc2)cc1,0.73289055,val
CN(C(=O)N1CC(c2cc(F)ccc2F)=C[C@@]1(CO)c1ccccc1)C1CCNCC1,0.047220305,train
CN1CC[C@H](N(C)C(=O)N2CC(c3cc(F)ccc3F)=C[C@@]2(CO)c2ccccc2)[C@@H](F)C1,0.022536637,train
CN1CC[C@H](N(C)C(=O)N2CC(c3cc(F)ccc3F)=C[C@@]2(CO)c2ccccc2)[C@H](F)C1,0.03567732,train
CN(C(=O)N1CC(c2cc(F)ccc2F)=C[C@@]1(CO)c1ccccc1)C1CCN(C2CC2)CC1,0.07182125,test
CN(C(=O)N1CC(c2cc(F)ccc2F)=C[C@@]1(CO)c1ccccc1)C1CCN(CCF)CC1,0.1095116,train
CN1CCC(N(C)C(=O)N2CC(c3cc(F)ccc3F)=C[C@@]2(CO)c2ccccc2)CC1,0.061124835,train
CN1CCC(N(C)C(=O)N2CC(c3cc(F)ccc3F)=C[C@H]2c2ccccc2)CC1,0.7534087,train
CN(C)C(=O)N1CC(c2cc(F)ccc2F)=C[C@@]1(CC[C@@H](N)C(F)F)c1ccccc1,0.018566625,train
Cc1ccccc1C1CCN(C[C@H]2CCc3cccnc3[C@@H](O)C2)CC1,0.37709847,train
Cc1ccccc1C1CCN(C[C@@H]2CCc3cccnc3[C@@H](O)C2)CC1,0.5844722,train
Cc1ccccc1C1CCN(C[C@@H]2CCc3c(C)cccc3[C@@H](O)C2)CC1,0.8786539,train
O[C@H]1C[C@H](CN2CC[C@H](c3ccc(F)cc3Cl)[C@@H](O)C2)CCc2cccnc21,0.16436848,train
Cc1cc(F)ccc1[C@@H]1CCN(C[C@@H]2CCc3cccnc3[C@@H](O)C2)C[C@H]1O,0.19429584,train
Cc1ccccc1[C@@H]1CCN(C[C@@H]2CCc3cccnc3[C@@H](O)C2)C[C@H]1O,0.08464757,train
Cc1ccccc1[C@@H]1CCN(C[C@@H]2CCc3cccnc3[C@@H](O)C2)C[C@H]1CO,0.18198405,train
Cc1ccccc1[C@@H]1CCN(C[C@@H]2CCc3cccnc3[C@@H](O)C2)C[C@H]1C,0.7129286,train
CC1(c2ccccc2)CCN(C[C@@H]2CCc3cccnc3[C@@H](O)C2)CC1,0.35167,train
O[C@H]1C[C@H](CN2CCC(c3ccccc3)CC2)CCc2cccnc21,0.58975583,train
Cc1ccccc1N1CCN(C[C@@H]2CCc3cccnc3[C@@H](O)C2)CC1,0.07529809,val
O[C@H]1C[C@H](CN2CCC(c3ccccc3Cl)CC2)CCc2cccnc21,0.732265,train
O[C@H]1C[C@H](CN2CCC(c3c(Cl)cccc3Cl)CC2)CCc2cccnc21,0.8820671,train
Cc1noc(/C(=C/c2cccc(-c3cc(C(C)(C)S(C)(=O)=O)cc4cccnc34)c2)c2ccc(S(C)(=O)=O)cc2)n1,0.8832704,test
O=C(Nc1c(Cl)cncc1Cl)c1cn(-c2ccc(Cl)cc2)c2ncccc2c1=O,0.7962019,test
Cc1noc(/C(=C/c2cccc(-n3cc(C(=O)Nc4c(Cl)cncc4Cl)c(=O)c4cccnc43)c2)c2ccc(S(C)(=O)=O)cc2)n1,0.5667465,test
CC(C)NC(=O)c1cn(-c2ccccc2)c2ncccc2c1=O,0.22110741,train
CC(C)NC(=O)c1cn(-c2cccc(Br)c2)c2ncccc2c1=O,0.5534741,train
CC(C)CNC(=O)c1cn(-c2cccc(Br)c2)c2ncccc2c1=O,0.6676061,train
CC(=O)c1cccc(-c2cccc(-n3cc(C(=O)NC(C)C)c(=O)c4cccnc43)c2)c1,0.48796442,train
CC(=O)c1cccc(-c2cccc(-n3cc(C(=O)Nc4nccc(Cl)c4Cl)c(=O)c4cccnc43)c2)c1,0.93395936,train
CCOc1cccc(-c2cccc(-n3cc(C(=O)NC(C)C)c(=O)c4cccnc43)c2)c1,0.71679187,train
CSc1ccc(-c2cccc(-n3cc(C(=O)NC(C)C)c(=O)c4cccnc43)c2)cc1,0.9675024,train
CC(=O)c1ccc(-c2cccc(-n3cc(C(=O)NC(C)C)c(=O)c4cccnc43)c2)cc1,0.39328438,train
CC(C)NC(=O)c1cn(-c2cccc(-c3ccc(S(C)(=O)=O)cc3)c2)c2ncccc2c1=O,0.6480083,train
O=C(NC1CC1)c1cn(-c2cccc(-c3ccncc3)c2)c2ncccc2c1=O,0.27807322,train
CS(=O)(=O)c1ccc(-c2cccc(-n3cc(C(=O)NC4CC4)c(=O)c4cccnc43)c2)cn1,0.18446565,train
CC(C)(O)c1ccc(-c2cccc(-n3cc(C(=O)NC4CC4)c(=O)c4cccnc43)c2)cn1,0.06465793,train
CC(C)(O)c1ccc(-c2cccc(-n3cc(C(=O)NC4CC4)c(=O)c4cccnc43)c2)c[n+]1[O-],0.025677947,train
O=C(NC1CC1)c1cn(-c2cccc(C#Cc3cccnc3)c2)c2ncccc2c1=O,0.39389327,test
O=C(NC1CC1)c1cn(-c2cccc(C#Cc3ccc[n+]([O-])c3)c2)c2ncccc2c1=O,0.14828289,train
CC(C)(O)c1ccc(C#Cc2cccc(-n3cc(C(=O)NC4CC4)c(=O)c4cccnc43)c2)c[n+]1[O-],0.027165463,train
O=C(NC1CC1)c1cn(-c2cccc(-c3cccnc3)c2)c2ncccc2c1=O,0.33705372,train
Cc1nc2ccccc2c(=O)n1-c1ccc(OC2CCCN(C3CCC3)CC2)cc1,0.993763,train
Cc1nc2ccccc2c(=O)n1-c1ccc(OC2CCCN(C3CCCC3)CC2)cc1,0.99567443,train
Cc1nc2ccccc2c(=O)n1-c1ccc(OC2CCC(N3CCCC3)C2)cc1,0.9958782,train
Cc1nc2ccccc2c(=O)n1-c1ccc(O[C@H]2CC[C@@H](N3CCCC3)CC2)cc1,0.99974984,val
Cc1nc2ccc(Cl)cc2c(=O)n1-c1ccc(OC2CCN(C3CCC3)CC2)cc1,0.9986808,train
Cc1nc2cc(Cl)ccc2c(=O)n1-c1ccc(OC2CCN(C3CCC3)CC2)cc1,0.99893683,train
Cc1nc2c(Cl)cccc2c(=O)n1-c1ccc(OC2CCN(C3CCC3)CC2)cc1,0.9947432,train
CNC(=O)c1c(NCCC2CCCC2)nc(C#N)nc1OCC1CCN(C)CC1,0.9165649,train
CNC(=O)c1c(NCC2CCC3(CCC3)CC2)nc(C#N)nc1OCC1CCN(C(C)C)CC1,0.9797743,train
CNC(=O)c1c(NCC2CCC3(CCC3)CC2)nc(C#N)nc1OCC1CCN(CCO)CC1,0.9839356,train
CNC(=O)c1c(NCC2CCC3(CCCC3)CC2)nc(C#N)nc1OCC1CCN(C)CC1,0.98869145,test
CNC(=O)c1c(NCC2CCC3(CC2)OCCO3)nc(C#N)nc1OCC1CCN(C)CC1,0.80589515,train
CNC(=O)c1c(NCC2CCC3(CCC3)CC2)nc(C#N)nc1OCCC1CCN(C)CC1,0.9803618,val
CNC(=O)c1c(NCC2CCC3(CCC3)CC2)nc(C#N)nc1OCC1CCN(C)CC1,0.98545164,train
CNC(=O)c1c(NCC2CCC3(CCC3)CC2)nc(C#N)nc1OC1CC(C)(C)NC(C)(C)C1,0.9914961,test
CNC(=O)c1c(NCC2CCC3(CCC3)CC2)nc(C#N)nc1OCC1CCNCC1,0.96537757,train
Cc1cc(C(=O)N2CCN(C(=O)C3CCCO3)CC2)ccc1OCc1cccc(Cl)c1,0.7535165,train
CN1CCN(C(=O)c2ccc(OCc3cccc(Cl)c3)c(Cl)c2)CC1=O,0.46624264,val
ClCc1nnc2c3cc(-c4ccccc4)c(-c4ccc(CN5CCC(c6n[nH]c(-c7ccccn7)n6)CC5)cc4)nc3ccn12,0.9944418,train
Cc1nnc2c3cc(-c4ccccc4)c(-c4ccc(CN5CCC(c6n[nH]c(-c7ccccn7)n6)CC5)cc4)nc3ccn12,0.9883295,train
O=c1[nH]nc2c3cc(-c4ccccc4)c(-c4ccc(CN5CCC(c6n[nH]c(-c7ccccn7)n6)CC5)cc4)nc3ccn12,0.958207,train
Nc1nnc2c3cc(-c4ccccc4)c(-c4ccc(CN5CCC(c6n[nH]c(-c7ccccn7)n6)CC5)cc4)nc3ccn12,0.9871221,train
N#Cc1ccnc(C2=NC(c3ccc(F)cc3)(c3ccc(F)cc3)CN2)c1,0.99961275,train
Fc1ccc(C2(c3ccc(F)cc3)CN=C(c3cnccn3)N2)cc1,0.99491197,train
C[C@@H]1N=C(c2cc(C#N)ccn2)NC1(c1ccc(F)cc1)c1ccc(F)cc1,0.99945134,train
CC[C@@H]1N=C(c2cc(C#N)ccn2)NC1(c1ccc(F)cc1)c1ccc(F)cc1,0.999529,train
CCC[C@@H]1N=C(c2cc(C#N)ccn2)NC1(c1ccc(F)cc1)c1ccc(F)cc1,0.9998976,train
N#Cc1ccnc(C2=NC(c3ccc(F)cc3)(c3ccc(F)cc3)[C@H](CO)N2)c1,0.9880861,train
COc1ccc([C@]2(c3ccc(F)cc3)N=C(c3cc(C#N)ccn3)N[C@H]2C)cn1,0.99798125,train
C[C@@H]1N=C(c2cccc(C#N)c2)N[C@@]1(c1ccc(F)cc1)c1ccc(F)nc1,0.9975091,val
C[C@@H]1N=C(c2cccc(C#N)n2)N[C@@]1(c1ccc(F)cc1)c1ccc(F)nc1,0.9824142,train
COc1ccnc(C2=N[C@@H](C)[C@](c3ccc(F)cc3)(c3ccc(F)nc3)N2)c1,0.9967481,train
C[C@@H]1N=C(c2cc(Cl)ccn2)N[C@@]1(c1ccc(F)cc1)c1ccc(F)nc1,0.99913675,train
CC(C)CNc1nc(C#N)nc(N2CCNCC2)c1N,0.19116616,train
CC(C)(C)CNc1nc(C#N)nc(N2CCOCC2)c1N,0.04494643,train
O=C(C1C[C@H](N2CCN(c3ncccn3)CC2)CN1)N1C[C@@H](F)[C@@H](F)C1,0.061223738,train
COc1ccc(NC(=O)c2ccc(C(=N)N(C)C)cc2)c(C(=O)Nc2ccc(Cl)cn2)c1,0.82523245,train
CN(C)C(=N)c1ccc(C(=O)Nc2ccc(Cl)cc2C(=O)Nc2ccc(Cl)cn2)c(F)c1,0.9624057,train
COc1ccc(NC(=O)c2ccc(C(=N)N(C)C)cc2F)c(C(=O)Nc2ccc(Cl)cn2)c1,0.8028494,train
CN1CCC(Nc2nccc(-c3c[nH]nc3-c3ccc(Cl)cc3)n2)CC1,0.97423303,test
Cc1nc2ccccc2c(=O)n1-c1ccc(OCCCN2CCCCC2)cc1,0.9825051,train
Cc1nc2ccccc2c(=O)n1-c1ccc(OCCCN2CCC[C@H](C)C2)cc1,0.9905228,train
Cc1nc2ccccc2c(=O)n1-c1ccc(OCCCN2CCC(C)C2)cc1,0.9842957,train
Cc1nc2ccccc2c(=O)n1-c1ccc(OCCCN2CCC[C@@H]2C)cc1,0.9809514,train
Cc1nc2ccccc2c(=O)n1-c1ccc(OCCCN2CCCCCC2)cc1,0.9857884,train
O=c1c2ccccc2ncn1-c1ccc(OCCCN2CCCC2)cc1,0.95482635,train
Cc1nc2c(C(F)(F)F)cccc2c(=O)n1-c1ccc(OCCCN2CCCC2)cc1,0.99374086,train
Cc1nc2cc(C(F)(F)F)ccc2c(=O)n1-c1ccc(OCCCN2CCCC2)cc1,0.99631447,train
Cc1nc2cccc(Cl)c2c(=O)n1-c1ccc(OCCCN2CCCC2)cc1,0.9931322,train
Cc1nc2cc(F)ccc2c(=O)n1-c1ccc(OCCCN2CCCC2)cc1,0.9888198,train
Cc1nc2ccc(F)cc2c(=O)n1-c1ccc(OCCCN2CCCC2)cc1,0.9884958,train
Cc1cccc2c(=O)n(-c3ccc(OCCCN4CCCC4)cc3)c(C)nc12,0.9720367,train
Cc1ccc2c(=O)n(-c3ccc(OCCCN4CCCC4)cc3)c(C)nc2c1,0.9825318,train
Cc1cccc2nc(C)n(-c3ccc(OCCCN4CCCC4)cc3)c(=O)c12,0.98557997,train
O=c1c2ccccc2nc(-c2ccccc2)n1-c1ccc(OCCCN2CCCC2)cc1,0.99709654,test
CC(C)c1nc2ccccc2c(=O)n1-c1ccc(OCCCN2CCCC2)cc1,0.99156296,train
CCCc1nc2ccccc2c(=O)n1-c1ccc(OCCCN2CCCC2)cc1,0.9983485,train
CCc1nc2ccccc2c(=O)n1-c1ccc(OCCCN2CCCC2)cc1,0.98680925,train
Cc1ncc(-c2ccnc(Nc3ccc(N4CCN(S(C)(=O)=O)CC4)cc3)n2)n1C(C)C,0.13335083,train
Cc1ncc(-c2nc(Nc3ccc(N4CCOCC4)cc3)ncc2F)n1C(C)C,0.1667134,test
Cc1ncc(-c2nc(Nc3ccc(N4CCN(C(=O)CO)CC4)cc3)ncc2F)n1C(C)C,0.052781567,train
COCCS(=O)(=O)N1CCN(c2ccc(Nc3nccc(-c4cnc(C)n4C(C)C)n3)cc2)CC1,0.23923975,train
Cc1ncc(-c2ccnc(Nc3ccc(N4CCN(S(=O)(=O)CCN(C)C)CC4)cc3)n2)n1C(C)C,0.34434965,train
CC(C)C(=O)N(Cc1ccccc1-c1ccccc1)[C@H]1CCNC1,0.4657416,train
CCOC(=O)N(Cc1ccccc1-c1ccccc1)[C@H]1CCNC1,0.84367514,train
COC(=O)C(CCCN(C)CCCc1nc2ccccc2[nH]1)(c1ccc(Br)cc1)C(C)C,0.99148715,train
CC(C)C(=O)N(Cc1cccc(Cl)c1Cl)[C@H]1CCNC1,0.19750084,train
CC(C)C(=O)N(Cc1ccc(Cl)cc1Cl)[C@H]1CCNC1,0.50594836,train
Fc1ccc(-c2noc(C3CCN(c4cnc5ccc(Cl)cc5c4)CC3)n2)c(Cl)c1,0.9933397,test
c1ccc2sc(Oc3ccc(CCN4CCCCC4)cc3)nc2c1,0.9900255,train
CC(=O)OCC(=O)NC1CCN(Cc2ccc(Oc3nc4ccccc4s3)cc2)CC1,0.5019154,train
CC(=O)NC1CCN(Cc2ccc(Oc3nc4ccccc4s3)cc2)CC1,0.50193566,train
O=C1OCCN1C1CCN(Cc2ccc(Oc3nc4ccccc4s3)cc2)CC1,0.8728174,train
O=C1CCCN1C1CCN(Cc2ccc(Oc3nc4ccccc4s3)cc2)CC1,0.76771754,test
CC(=O)OCC(=O)NC1CCN(CCc2ccc(Oc3nc4ccccc4s3)cc2)CC1,0.82626706,train
CC(=O)NC1CCN(CCc2ccc(Oc3nc4ccccc4s3)cc2)CC1,0.82532203,train
O=C1OCCN1C1CCN(CCc2ccc(Oc3nc4ccccc4s3)cc2)CC1,0.97222024,val
O=C1CCCN1C1CCN(CCc2ccc(Oc3nc4ccccc4s3)cc2)CC1,0.9439791,train
OC1CCN(CCc2ccc(Oc3nc4ccccc4s3)cc2)CC1,0.9619377,train
c1ccc2oc(Oc3ccc(OCCN4CCCCC4)cc3)nc2c1,0.964056,train
O=C1CCCCN1C1CCN(CCOc2ccc(Oc3nc4ccccc4s3)cc2)CC1,0.92997086,train
O=C1OCCN1C1CCN(CCOc2ccc(Oc3nc4ccccc4s3)cc2)CC1,0.927766,train
C1=C(CSC(=NC2CCCCC2)NC2CCCCC2)N2CCN=C2S1,0.92028564,train
CC1(C)CN2C(CSC(=NC3CCCCC3)NC3CCCCC3)=CSC2=N1,0.3098094,train
Cc1ncc(-c2ccnc(Nc3ccc(S(C)(=O)=O)cc3)n2)n1C(C)C,0.79932094,train
Cc1ncc(-c2ccnc(Nc3ccc(C(N)=O)cc3)n2)n1C(C)C,0.406224,train
Cc1ncc(-c2ccnc(Nc3ccc(C(=O)N(C)C)cc3)n2)n1C(C)C,0.29908025,train
Cc1ncc(-c2ccnc(Nc3ccc(C(=O)NC4CC4)cc3)n2)n1C(C)C,0.41189632,train
Cc1ncc(-c2nc(Nc3ccc(C(N)=O)cc3)ncc2F)n1C(C)C,0.2869438,train
CNC(=O)c1ccc(Nc2ncc(F)c(-c3cnc(C)n3C(C)C)n2)cc1,0.16686797,train
Cc1ncc(-c2nc(Nc3ccc(C(=O)N(C)C)cc3)ncc2F)n1C(C)C,0.20298204,train
Cc1ncc(-c2ccnc(Nc3ccc(C(N)=O)c(F)c3)n2)n1C(C)C,0.36909032,train
CNC(=O)c1ccc(Nc2nccc(-c3cnc(C)n3C(C)C)n2)cc1F,0.21951717,train
Cc1ncc(-c2ccnc(Nc3ccc(C(=O)N(C)C)c(F)c3)n2)n1C(C)C,0.31286332,train
Cc1ncc(-c2nc(Nc3ccc(C(N)=O)c(F)c3)ncc2F)n1C(C)C,0.25609565,train
CNC(=O)c1ccc(Nc2ncc(F)c(-c3cnc(C)n3C(C)C)n2)cc1F,0.14207307,train
Cc1ncc(-c2nc(Nc3ccc(C(=O)N(C)C)c(F)c3)ncc2F)n1C(C)C,0.21371762,train
CN(C)Cc1ccccc1Oc1ccc(Cl)c(Cl)c1,0.9698322,train
CNCc1cc(F)ccc1Oc1ccc(Cl)c(Cl)c1,0.95506716,train
CNCc1ccccc1Oc1ccc(Cl)c(Cl)c1,0.9063258,train
CSc1ccc(Oc2ccccc2CN(C)C)cc1,0.995388,train
CC(c1ccccc1Oc1ccc(Cl)c(Cl)c1)N(C)C,0.92105025,train
CN(C)Cc1ccc(C(F)(F)F)cc1Oc1ccc(Cl)c(Cl)c1,0.9962521,train
CNCc1cc(F)ccc1Oc1ccc(C)c(C)c1,0.89315385,train
CNCc1ccc(C(F)(F)F)cc1Oc1ccc(Cl)c(Cl)c1,0.9894092,train
CNCc1ccc(Cl)cc1Oc1ccc(Cl)c(Cl)c1,0.9844579,train
CNC(C)c1cc(F)ccc1Oc1ccc(Cl)c(Cl)c1,0.96292436,train
CNCc1ccc(F)cc1Oc1ccc(Cl)c(Cl)c1,0.96766424,train
CNC(C)c1ccccc1Oc1ccc(Cl)c(Cl)c1,0.90893793,train
CNCc1cc(F)ccc1Oc1ccc(Cl)cc1,0.983888,train
CNC(C)c1cc(F)ccc1Oc1ccc(Cl)cc1,0.9869126,train
Cc1ccc(Oc2ccc(Cl)c(Cl)c2)c(CN(C)C)c1,0.971484,train
CNCc1ccc(Br)cc1Oc1ccc(Cl)c(Cl)c1,0.9804331,train
CNCc1cc(Br)ccc1Oc1ccc(Cl)c(Cl)c1,0.98863995,train
CNCc1cc(OC)c(OC)cc1Oc1ccc(Cl)c(Cl)c1,0.9036352,train
COc1ccc(CN(C)C)c(Oc2ccc(Cl)c(Cl)c2)c1,0.9734687,train
CNCc1cc(C#N)ccc1Oc1ccc(Cl)c(Cl)c1,0.9721943,train
CNCc1cc(S(=O)(=O)NC)ccc1Oc1ccc(Cl)c(Cl)c1,0.58531404,train
CNCc1cc(C)c(C)cc1Oc1ccc(Cl)c(Cl)c1,0.8789326,train
CNCc1ccc(C#N)cc1Oc1ccc(Cl)c(Cl)c1,0.95945346,train
CNCc1cc(C(N)=O)ccc1Oc1ccc(Cl)c(Cl)c1,0.69476455,train
CNCc1cc(C(F)(F)F)ccc1Oc1ccc(Cl)c(Cl)c1,0.96416104,train
CNCc1cc(F)c(Cl)cc1Oc1ccc(Cl)c(Cl)c1,0.9474831,train
CNCc1ccc(OC)cc1Oc1ccc(Cl)c(Cl)c1,0.9280268,train
CNCc1cc(F)ccc1Oc1ccc(Cl)c(F)c1,0.9663854,train
CNCc1cc(F)ccc1Oc1ccc(F)c(Cl)c1,0.9297702,train
CNC(C)c1cc(C(F)(F)F)ccc1Oc1ccc(Cl)c(Cl)c1,0.9687132,train
CNC(C)c1cc(C)ccc1Oc1ccc(Cl)c(Cl)c1,0.9310452,train
CNC(C)c1ccc(OC)cc1Oc1ccc(Cl)c(Cl)c1,0.9265236,train
CNCc1cc(F)c(OC)cc1Oc1ccc(Cl)c(Cl)c1,0.9005217,train
CNCc1ccc(C(F)(F)F)cc1Oc1ccc(Cl)cc1,0.9963619,train
CNCc1cc(C(F)(F)F)ccc1Oc1ccc(C)cc1,0.94178015,train
CNCc1ccc(Cl)cc1Oc1ccc(C)c(C)c1,0.9636281,train
CNCc1ccc(Cl)cc1Oc1ccc(C)cc1,0.9756049,train
CCc1cc(Oc2ccc(F)cc2CNC)ccc1Cl,0.9435487,train
CCc1cc(Oc2cc(Cl)ccc2CNC)ccc1Cl,0.98042667,train
CNCc1ccc(Cl)cc1Oc1ccc(Cl)cc1,0.9938976,train
CNC(C)c1ccc(Cl)cc1Oc1ccc(C)cc1,0.9788229,train
CNC(C)c1ccc(Cl)cc1Oc1ccc(C)c(C)c1,0.9694446,train
CNCc1cc(Cl)ccc1Oc1ccc(C)c(C)c1,0.9673449,train
CNCc1cc(Cl)ccc1Oc1ccc(Cl)c(Cl)c1,0.9859071,train
CNCc1cc(Cl)ccc1Oc1ccc(Cl)cc1,0.9945068,train
CNCc1ccc(Cl)cc1Oc1ccc(C)c(Cl)c1,0.9772276,train
CNCc1ccc(Cl)cc1Oc1ccc(Cl)c(C)c1,0.98870045,train
CNCc1ccc(Cl)cc1Oc1cccc(Cl)c1,0.9907761,train
CNCc1ccc(Cl)cc1Oc1ccc(F)c(C)c1,0.97781837,train
CNCc1ccc(Cl)cc1Oc1ccc(F)c(Cl)c1,0.9766377,train
CNCc1ccc(Cl)cc1Oc1ccc(F)c(C(F)(F)F)c1,0.9945058,train
CNCc1ccc(Cl)cc1Oc1ccc(Cl)c(F)c1,0.98853594,train
Cn1c(-c2ccc(OC3CCN(C4CCC4)CC3)cc2)nc2c(F)cccc2c1=O,0.9849975,train
Cn1c(-c2ccc(OC3CCN(C4CCC4)CC3)cc2)nc2c(C(F)(F)F)cccc2c1=O,0.99678755,train
Cn1c(-c2ccc(OC3CCN(C4CCC4)CC3)cc2)nc2c(Cl)cccc2c1=O,0.9920562,train
Cc1cccc2c(=O)n(C)c(-c3ccc(OC4CCN(C5CCC5)CC4)cc3)nc12,0.98626626,train
COc1ccc2c(=O)n(C)c(-c3ccc(OC4CCN(C5CCC5)CC4)cc3)nc2c1,0.9858775,train
COc1ccc2nc(-c3ccc(OC4CCN(C5CCC5)CC4)cc3)n(C)c(=O)c2c1,0.9873881,train
Cn1c(-c2ccc(OC3CCN(C4CCCC4)CC3)cc2)nc2ccccc2c1=O,0.992073,val
Cn1c(-c2ccc(OC3CCN(C4CCC4)CC3)cc2)nc2ccccc2c1=O,0.98858833,train
Cn1c(-c2ccc(OCCCN3CCCC3)cc2)nc2ccccc2c1=O,0.96494293,test
O=c1c2ccccc2nc(-c2ccc(OCCCN3CCCCC3)cc2)n1-c1ccccc1,0.9987884,test
O=c1c2ccccc2nc(-c2ccc(OCCCN3CCCCC3)cc2)n1Cc1ccccc1,0.98639095,test
CC(C)n1c(-c2ccc(OCCCN3CCCCC3)cc2)nc2ccccc2c1=O,0.990706,train
CCCn1c(-c2ccc(OCCCN3CCCCC3)cc2)nc2ccccc2c1=O,0.9887966,train
CCn1c(-c2ccc(OCCCN3CCCCC3)cc2)nc2ccccc2c1=O,0.9652184,train
Cn1c(-c2ccc(OCCCN3CCCCC3)cc2)nc2ccccc2c1=O,0.9723098,train
CN1CC(C)(NC(=O)Nc2cccc(-c3nnnn3C)c2)C(CN2CCC[C@@H](Cc3ccc(F)cc3)C2)OC1=O,0.39456224,train
Nc1ccc(-c2cccs2)cc1N,0.84423834,train
Nc1ccc(-c2ccsc2)cc1N,0.81128657,train
Nc1ccc(-c2cccs2)cc1NC(=O)c1ccc(CN2CCC3(CCCN3)CC2)cc1,0.9943423,val
Nc1ccc(-c2ccsc2)cc1NC(=O)c1ccc(CN2CCC3(CCCN3)CC2)cc1,0.9912664,train
Nc1ccc(-c2ccccc2F)cc1NC(=O)c1ccc(CN2CCC3(CCCN3)CC2)cc1,0.98902845,train
Nc1ccc(-c2cccc(F)c2)cc1NC(=O)c1ccc(CN2CCC3(CCCN3)CC2)cc1,0.9951344,train
Nc1ccc(-c2ccc(F)cc2)cc1NC(=O)c1ccc(CN2CCC3(CCNC3)CC2)cc1,0.98034495,val
Nc1ccc(-c2cccs2)cc1NC(=O)c1ccc(C(=O)N2CCC3(CCCN3)CC2)cc1,0.89994377,val
Nc1ccc(-c2ccccc2)cc1NC(=O)c1ccc(C(=O)N2CCC3(CCCN3)CC2)cc1,0.78034383,val
Cc1cccc(C)c1C(=O)N1CCC(N2CC[C@@H](N(Cc3ccccc3)C(=O)C3CC3)C2)CC1,0.74162924,test
Cc1cccc(C)c1C(=O)N1CCC(N2CCC(N(Cc3ccccc3)C(=O)C3CCC3)CC2)CC1,0.91699773,train
CN(C)C(=O)C(c1ccc(C2=CN3N=CNC3C=C2)cc1)C(N)C(=O)N1CC[C@H](F)C1,0.061938956,train
CC(C)C(Oc1ccc(CNC(=O)C2CCCN2C(=O)C[C@H](N)Cc2cc(F)ccc2F)cc1)C(=O)O,0.16884889,train
CCOc1cc(N)c(Cl)cc1C(=O)NCC1CN(Cc2ccc(F)cc2)CCO1,0.9073151,test
CC(C[C@H](NC(=O)C1CCC1)c1ccccc1)N1CCC(n2cc(-c3ccccc3)[nH]c2=O)CC1,0.9664434,val
CC(C[C@H](NC(=O)C1CCC1)c1ccccc1)N1CCC(c2[nH]ncc2-c2ccncc2)CC1,0.96079993,test
CCN(C(=O)Cc1ccc(OC)cc1)[C@H]1C[C@H]2CC[C@@H](C1)N2CC[C@H](NC(=O)C1CCC1)c1ccccc1,0.9980123,train
Cc1nnc(C)n1C1CCN(C(C)C[C@H](NC(=O)C2CCC2)c2ccccc2)CC1,0.7856056,train
CC(C)c1noc(C2CCN(C(C)C[C@H](NC(=O)C3CCC3)c3ccccc3)CC2)n1,0.9854542,val
CC(C[C@H](NC(=O)C1CCC1)c1ccccc1)N1CCC(c2nnc(CN(C)C)o2)CC1,0.624785,val
Cc1nnc(C(C)C)n1C1CCN(C(C)C[C@H](NC(=O)C2CCC2)c2ccccc2)CC1,0.9438216,train
CS(=O)(=O)Nc1ccc2c(c1)[C@H](O)CC1(CCN([C@@H]3CCc4cc(C#N)ccc4C3)CC1)O2,0.97016174,train
Cc1cccc(C)c1NC(=O)CC12CCCN1CCC2,0.4776352,train
CN1CCN(C2=Nc3ccccc3Nc3sc(CO)cc32)CC1,0.15422231,train
Cc1c(CNC(C)C)nn(-c2ccc(Cl)cc2Cl)c1-c1ccc(Cl)cc1,0.99406576,test
Cc1c(CNC2CCCC2)nn(-c2ccc(Cl)cc2Cl)c1-c1ccc(Cl)cc1,0.99487466,test
Cc1c(CNC2CCCC2)nn(-c2ccc(Cl)cc2Cl)c1-c1cccnc1,0.8854818,val
Cc1c(CNC2CCCC2)nn(-c2ncccc2Cl)c1-c1cccnc1,0.25671434,train
Cc1c(CNC2CCCC2)nn(-c2ncccc2Cl)c1-c1ccc(Cl)nc1,0.5156111,train
Cc1ccc(-c2c(C)c(CNC3CCCC3)nn2-c2ncccc2Cl)cn1,0.2730308,train
Cc1cncc(-c2c(C)c(CNC3CCCC3)nn2-c2ncccc2Cl)c1,0.3540045,train
Cc1ccc(-c2c(C)c(CNC3CCCC3)nn2-c2ncc(Cl)cc2Cl)cn1,0.74219507,train
Cc1ccc(-c2c(C)c(CNC3CCCC3F)nn2-c2ncccc2Cl)cn1,0.15601791,train
Cc1ccc(-c2c(C)c(CN[C@H]3CC[C@@H](F)C3)nn2-c2ncccc2Cl)cn1,0.008643508,train
Cc1ccc(-c2c(C)c(CNC3CCC(F)(F)C3)nn2-c2ncccc2Cl)cn1,0.07952407,train
Cc1ncc(-c2c(C)c(CNC3CCCC3)nn2-c2ncccc2Cl)cc1F,0.22944467,train
Cc1ncc(-c2c(C)c(CN[C@H]3CC[C@@H](F)C3)nn2-c2ncccc2Cl)cc1F,0.00688174,train
COc1ccc(CC(C)(C)NCC(O)COc2ccccc2C#N)cc1,0.9814464,train
COc1ccc(CC(C)(C)NCC(O)COc2cccc(Cl)c2C#N)cc1,0.99860305,train
COc1ccc(CC(C)(C)NC[C@H](O)COc2cccc3[nH]c(=O)[nH]c23)cc1,0.9440693,val
CCN1CCN(c2cc3[nH]c(C(=O)[C@]4(C)CC[C@@H](NC(=O)OC)CC4)nc3cc2Cl)CC1,0.743289,train
CCN1CCN(c2cc3[nH]c(C(=O)[C@]4(C)CC[C@@H](NC(=O)OC)CC4)nc3cc2C)CC1,0.6031118,train
CCN1CCN(c2cc3[nH]c(C(=O)C4(C)CCC(=O)CC4)nc3cc2Cl)CC1,0.33112597,test
CCN1CCN(c2cc3[nH]c(C(=O)[C@]4(C)CC[C@@](C)(O)CC4)nc3cc2Cl)CC1,0.16252838,train
CCN1CCN(c2cc3[nH]c(C(=O)[C@]4(C)CC[C@](C)(O)CC4)nc3cc2Cl)CC1,0.18550749,train
CCN1CCN(c2cc3[nH]c(C(=O)[C@]4(CC)CC[C@@](C)(O)CC4)nc3cc2Cl)CC1,0.12076873,train
C[C@@H]1CN(CCO)CCN1c1cc2[nH]c(SC(C)(C)C)nc2cc1Cl,0.99045116,train
CCN1CCN(c2cc3[nH]c(SC(C)(C)C)nc3cc2Cl)[C@H](C)C1,0.99466324,train
CCOC(=O)N1CCC(C)(Sc2nc3cc(Cl)c(N4CCN(CC)CC4)cc3[nH]2)CC1,0.9881721,train
CCN1CCN(c2cc3[nH]c(S[C@]4(C)CC[C@H](NC(=O)OC)CC4)nc3cc2Cl)CC1,0.99654156,train
CCN1CCN(c2cc3[nH]c(S[C@]4(C)CC[C@@H](NC(=O)OC)CC4)nc3cc2Cl)CC1,0.98601633,train
CCN1CCN(c2cc3[nH]c(SC4(C)CCC(NC(=O)OC)C4)nc3cc2Cl)CC1,0.9913816,test
CCN1CCN(c2cc3[nH]c(S[C@]4(C)CC[C@@H](c5nnn(C)n5)CC4)nc3cc2Cl)CC1,0.9439239,train
CCN1CCN(c2cc3[nH]c(S[C@]4(C)CC[C@@H](c5nnnn5C)CC4)nc3cc2Cl)CC1,0.989869,train
CCN1CCN(c2cc3[nH]c(S[C@]4(C)CC[C@@H](c5nc(C)no5)CC4)nc3cc2Cl)CC1,0.98597205,val
CCN1CCN(c2cc3[nH]c(S[C@]4(C)CC[C@@H](c5nnco5)CC4)nc3cc2Cl)CC1,0.9278572,val
O=c1n(C[C@@H](O)CO)c2ccccc2n1C1CCN(C[C@H]2[C@H]3CC[C@H](C3)C23CC3)CC1,0.3277572,train
CCN1C[C@@H]2[C@H](C1)[C@H]2CN(Cc1cccc(OC(F)(F)F)c1)C(=O)c1cn(C)cn1,0.9924097,train
Cn1cnc(C(=O)N(Cc2cccc(OC(F)(F)F)c2)C[C@H]2[C@@H]3CN(CC4CC4)C[C@@H]32)c1,0.9926191,train
CN1C[C@@H]2[C@H](C1)[C@H]2CN(Cc1cccc(OC(F)(F)F)c1)C(=O)c1cn(C)cn1,0.98479,train
Cn1cnc(C(=O)N(Cc2cccc(OC(F)(F)F)c2)C[C@H]2[C@@H]3CN(CC4CCCC4)C[C@@H]32)c1,0.994251,test
CN1C[C@@H]2[C@H](C1)[C@H]2CN(Cc1ccc(F)c(Cl)c1)C(=O)c1cn(C)cn1,0.94235283,train
Cn1cnc(C(=O)N(Cc2ccc(F)c(Cl)c2)C[C@H]2[C@@H]3CNC[C@@H]32)c1,0.29861978,train
Cn1cnc(C(=O)N(Cc2cccc(Cl)c2)[C@H]2CC[C@@H](N)CC2)c1,0.7399302,train
CN1C[C@H]2CCN(c3ccc(-c4ccc(C#N)cc4)cc3)[C@H]2C1,0.98823637,val
Clc1cccc(OC(c2cccnc2)C2CCNCC2)c1Cl,0.9365573,test
Clc1cccc(OC(c2cccnc2)[C@@H]2CCCNC2)c1Cl,0.9417723,train
Clc1cccc(OC(c2ccccn2)[C@H]2CCNC2)c1Cl,0.3172278,test
Clc1cccc(OC(c2ccccc2)C2CCNCC2)c1Cl,0.9819033,train
O=C(NC1CC1c1ccccc1)N1CCC(c2nnco2)CC1,0.2544954,test
O=C(NC1CC1c1ccccc1)N1CCC(c2nc3ccccc3o2)CC1,0.89251,train
O=C(NC1CC1c1ccccc1)N1CCC(c2nc(-c3ccccc3C(F)(F)F)no2)CC1,0.9557628,train
CS(=O)(=O)c1ccc(-c2noc(C3CCN(C(=O)NC4CC4c4ccccc4)CC3)n2)cc1,0.8665882,train
O=C(NC1CC1c1ccccc1)N1CCC(c2nc(-c3cccnc3)no2)CC1,0.7331255,test
O=C(NC1CC1c1ccccc1)N1CCC(c2nc(-c3ccncc3)no2)CC1,0.6241705,val
O=C(NC1CC1c1ccccc1)N1CCC(c2nc(-c3cnccn3)no2)CC1,0.5693126,val
O=C(NC1CC1c1ccccc1)N1CCC(c2nc(-c3nccc4ccccc34)no2)CC1,0.87629414,train
O=C(NC1CC1c1ccccc1)N1CCC(c2nc(-c3ccc4ccccc4n3)no2)CC1,0.9479763,test
O=C(Nc1ccc(C(F)(F)F)cc1)N1CCC(c2nc(-c3ccccn3)no2)CC1,0.92452496,train
O=C(NC1CCc2ccccc2CC1)N1CCC(c2nc(-c3ccccn3)no2)CC1,0.74144053,train
O=C(NC1CCc2ccccc2C1)N1CCC(c2nc(-c3ccccn3)no2)CC1,0.67280394,train
O=C(CN1CCN(Cc2ccn(-c3ccc(C(F)(F)F)cn3)c2)CC1)NC(c1ccc(F)cc1)c1ccc(F)cc1,0.9894855,train
O=C(CC1CCN(Cc2ccn(-c3ccc(C(F)(F)F)cn3)c2)CC1)NC(c1ccc(F)cc1)c1ccc(F)cc1,0.96808463,test
O=C(NCc1ccc(Cl)cc1Cl)C1CCN(Cc2ccn(-c3ccc(C(F)(F)F)cn3)c2)CC1,0.95131296,test
O=C(CC1CCN(Cc2ccn(-c3ccc(C(F)(F)F)cc3)c2)CC1)N(CCCO)Cc1ccc(F)cc1,0.9794971,train
COCC(O)CN(Cc1ccc(F)cc1)C(=O)CC1CCN(Cc2ccc(-c3ccc(Cl)cc3)o2)CC1,0.9851446,val
O=C(CC1CCN(Cc2ccc(-c3ccc(Cl)cc3)o2)CC1)NCC(O)C(F)(F)F,0.78766066,val
O=C(CC1CCN(Cc2ccc(-c3ccc(Cl)cc3)o2)CC1)N1CCCC(CO)C1,0.93575263,val
O=C(NCC1(O)CCCCC1)C1CCN(Cc2ccn(-c3ccc(C(F)(F)F)cc3)c2)CC1,0.88403827,test
O=C(NCc1ccc(O)cc1Cl)C1CCN(Cc2ccn(-c3ccc(C(F)(F)F)cc3)c2)CC1,0.9127812,train
O=C(NCc1ccc(Cl)cc1O)C1CCN(Cc2ccn(-c3ccc(C(F)(F)F)cc3)c2)CC1,0.978784,train
O=C(NCc1c(O)cc(Cl)cc1Cl)C1CCN(Cc2ccn(-c3ccc(C(F)(F)F)cc3)c2)CC1,0.97746986,train
O=C(NCCc1ccccn1)C1CCN(Cc2ccn(-c3ccc(C(F)(F)F)cc3)c2)CC1,0.9618604,test
Cn1cccc1CNC(=O)CC1CCN(Cc2ccn(-c3ccc(C(F)(F)F)cc3)c2)CC1,0.78755325,train
CN(CCC(=O)N1CCCC1)C(=O)CC1CCN(Cc2ccn(-c3ccc(C(F)(F)F)cc3)c2)CC1,0.9027287,val
CCN(CC)C(=O)C1CCCN(C(=O)CC2CCN(Cc3ccn(-c4ccc(C(F)(F)F)cc4)c3)CC2)C1,0.98995566,test
O=C(CC1CCN(Cc2ccn(-c3ccc(C(F)(F)F)cc3)c2)CC1)N1CCCC(C(=O)N2CCCC2)C1,0.97715354,test
O=C(C1CCCCN1C(=O)CC1CCN(Cc2ccn(-c3ccc(C(F)(F)F)cc3)c2)CC1)N1CCCC1,0.90716803,train
O=C(CC1CCN(Cc2ccn(-c3ccc(C(F)(F)F)cc3)c2)CC1)N1CCN(C(=O)N2CCCC2)CC1,0.881567,test
O=C(CC1CCN(Cc2ccn(-c3ccc(C(F)(F)F)cc3)c2)CC1)NC(c1ccccc1)c1c[nH]cn1,0.5018047,train
Cc1nccn1CC(NC(=O)CC1CCN(Cc2ccn(-c3ccc(C(F)(F)F)cc3)c2)CC1)c1ccccc1,0.7008497,train
O=C(CC1CCN(Cc2ccn(-c3ccc(C(F)(F)F)cc3)c2)CC1)NC(c1ccccc1)c1ccccn1,0.5785976,train
O=C(CC1CCN(Cc2ccn(-c3ccc(C(F)(F)F)cc3)c2)CC1)NC(c1ccncc1)c1ccc(Cl)cc1,0.9663045,val
O=C(CC1CCN(Cc2ccn(-c3ccc(C(F)(F)F)cc3)c2)CC1)NC(c1ccc(F)cc1)c1cccnc1,0.9388852,train
COc1ccc(C(NC(=O)CC2CCN(Cc3ccn(-c4ccc(C(F)(F)F)cc4)c3)CC2)c2ccc(F)cc2)cn1,0.96957713,train
CCCCC(NC(=O)CC1CCN(Cc2ccn(-c3ccc(C(F)(F)F)cc3)c2)CC1)c1ccc(OC)nc1,0.9787385,val
O=C(NC1CCN(Cc2ccn(-c3ccc(C(F)(F)F)cc3)c2)CC1)NC(c1ccccc1)c1ccccc1,0.7580736,test
O=C(NCc1ccc(Cl)cc1Cl)N1CCN(Cc2ccn(-c3ccc(C(F)(F)F)cc3)c2)CC1,0.97844565,val
C[C@@H]1Sc2ccccc2O[C@@H]1c1ccc(OCCCN2CCCC2)cc1,0.9912962,train
CC[C@@H]1Sc2ccccc2O[C@@H]1c1ccc(OCCCN2CCCC2)cc1,0.9964863,train
c1ccc([C@@H]2Sc3ccccc3O[C@@H]2c2ccc(OCCCN3CCCC3)cc2)cc1,0.9798086,train
C[C@H]1Sc2ccccc2O[C@@H]1c1ccc(OCCCN2CCCC2)cc1,0.9959935,train
CC1=C(c2ccc(OCCCN3CCCC3)cc2)Oc2ccccc2S1,0.9946905,val
C[C@H]1[C@@H](c2ccc(OCCCN3CCCC3)cc2)Oc2ccccc2S1(=O)=O,0.97275484,train
C[C@@H]1[C@@H](c2ccc(OCCCN3CCCC3)cc2)Oc2ccccc2S1(=O)=O,0.9565295,train
CC1=C(c2ccc(OCCCN3CCCC3)cc2)Oc2ccccc2S1(=O)=O,0.95763254,train
COc1cccc2c1S(=O)(=O)C(C)C(c1ccc(OCCCN3CCCC3)cc1)O2,0.9310055,train
COc1ccc2c(c1)S(=O)(=O)C(C)C(c1ccc(OCCCN3CCCC3)cc1)O2,0.9746551,train
COc1ccc2c(c1)OC(c1ccc(OCCCN3CCCC3)cc1)C(C)S2(=O)=O,0.9766227,train
COc1cccc2c1OC(c1ccc(OCCCN3CCCC3)cc1)C(C)S2(=O)=O,0.9626143,train
COc1cccc2c1OC(c1ccc(OCCCN3CCCCC3)cc1)C(C)S2(=O)=O,0.9704997,train
COc1cccc2c1OC(c1ccc(OCCCN3CCC[C@H]3C)cc1)C(C)S2(=O)=O,0.90457755,train
COc1cccc2c1OC(c1ccc(OCCCN3CCC[C@@H]3C)cc1)C(C)S2(=O)=O,0.9680074,train
COc1cccc2c1OC(c1ccc(OCCCN3CCC[C@H](C)C3)cc1)C(C)S2(=O)=O,0.9841531,train
COc1cccc2c1OC(c1ccc(OC3CCN(C4CCC4)CC3)cc1)C(C)S2(=O)=O,0.98775756,train
COc1cccc2c1O[C@@H](c1ccc(OCCCN3CCCC3)cc1)[C@H](C)S2(=O)=O,0.95824116,train
COc1cccc2c1O[C@H](c1ccc(OCCCN3CCCC3)cc1)[C@@H](C)S2(=O)=O,0.974282,train
CC1C(c2ccc(OCCCN3CCCC3)cc2)Oc2ccccc2S1(=O)=O,0.96494496,train
O=C1N(CCN2Cc3ccccc3C2)CCN1c1cccc(Cl)c1,0.90133065,train
O=C1N(CCN2Cc3ccccc3C2)CCN1c1cccc(C(F)(F)F)c1,0.9344795,train
CC(C)c1cccc(N2CCN(CCN3Cc4ccccc4C3)C2=O)c1,0.6339078,train
O=C1N(CCN2Cc3ccccc3C2)CCN1c1cc(Cl)cc(Cl)c1,0.9686715,train
N#Cc1cc(N2CCN(CCN3Cc4ccccc4C3)C2=O)ccc1F,0.84612143,train
O=C1N(CCN2Cc3ccccc3C2)CCN1c1ccc(Cl)c(Cl)c1,0.8427889,train
O=C1N(CCN2Cc3ccccc3C2)CCN1c1cccc(OC(F)(F)F)c1,0.90779346,train
O=C1N(CCN2Cc3ccccc3C2)CCN1c1ccc(F)c(Cl)c1,0.79817545,train
CC(C)Oc1cccc(N2CCN(CCN3Cc4ccccc4C3)C2=O)c1,0.69829756,train
N#Cc1cccc(N2CCN(CCN3Cc4ccccc4C3)C2=O)c1,0.70135134,train
O=C1N(CCN2Cc3ccccc3C2)CCN1c1cc(F)cc(Cl)c1,0.9342838,train
O=C1N(CCN2Cc3ccccc3C2)CCN1c1cc(Cl)ccc1F,0.8591848,train
CC(C)(C)c1ccc(N2CCN(CCN3Cc4ccccc4C3)C2=O)cc1,0.90133554,train
O=C1N(CCN2Cc3ccccc3C2)CCN1c1ccc2sccc2c1,0.7997521,val
Cc1nc2cc(N3CCN(CCN4Cc5ccccc5C4)C3=O)ccc2s1,0.27645135,test
Cc1ccc(N2CCN(CCN3Cc4ccccc4C3)C2=O)s1,0.7681277,val
O=C1N(CCN2Cc3ccccc3C2)CCN1c1csc2ccccc12,0.88432175,train
O=C1N(CCN2Cc3ccccc3C2)CCN1c1ccc2occc2c1,0.578332,train
CC(=O)n1ccc2cc(N3CCN(CCN4Cc5ccccc5C4)C3=O)ccc21,0.5153434,val
Cc1ccc(N2CCN(CCN3Cc4ccccc4C3)C2=O)cn1,0.2046883,val
O=C1N(CCN2Cc3ccccc3C2)CCN1Cc1ccccc1,0.7228276,train
O=C1N(CCN2Cc3ccccc3C2)CCN1Cc1cccc(Cl)c1,0.92229825,train
O=C1N(CCN2Cc3ccccc3C2)CCN1Cc1cccc(C(F)(F)F)c1,0.95429,train
O=C1N(CCN2Cc3ccccc3C2)CCN1Cc1ccc(Cl)c(Cl)c1,0.85747826,train
O=C1N(CCN2Cc3ccccc3C2)CCN1Cc1cc(Cl)ccc1Cl,0.9520173,train
O=C1N(CCN2Cc3ccccc3C2)CCN1Cc1ccc(Cl)cc1,0.94615173,train
O=C1N(CCN2Cc3ccccc3C2)CCN1Cc1ccccc1Cl,0.7246822,train
CC(c1cccc(C(F)(F)F)c1)N1CCN(CCN2Cc3ccccc3C2)C1=O,0.9058139,train
CC1CCCN(CCN2CCN(c3cccc(Cl)c3)C2=O)C1,0.9479622,train
CC1CCCCN1CCN1CCN(c2cccc(Cl)c2)C1=O,0.91128165,train
CC1CCN(CCN2CCN(c3cccc(Cl)c3)C2=O)CC1,0.9444545,train
O=C1N(CCN2CCC(C(F)(F)F)CC2)CCN1c1cccc(O)c1,0.21905157,train
O=C1N(CCN2CCC(C(F)(F)F)CC2)CCN1c1cccc(I)c1,0.98410565,train
O=C1N(CCN2CCC(C(F)(F)F)CC2)CCN1c1cccc(Cl)c1,0.8296264,train
N#Cc1cccc(N2CCN(CCN3CCC(C(F)(F)F)CC3)C2=O)c1,0.55637246,train
O=C1N(CCN2CCC(C(F)(F)F)CC2)CCN1c1cccc(OC(F)(F)F)c1,0.84052914,train
N#Cc1cc(N2CCN(CCN3CCC(C(F)(F)F)CC3)C2=O)ccc1F,0.7453201,train
COc1cccc(N2CCN(CCN3CCC(C(F)(F)F)CC3)C2=O)c1,0.4137437,train
O=C1N(CCN2CCC(C(F)(F)F)CC2)CCN1c1cccc(Cl)c1F,0.5045614,train
CC(C)N1CCN(CCN2CCN(c3cccc(C#N)c3)C2=O)CC1,0.4693377,train
CC(C)N1CCN(CCN2CCN(c3cccc(OC(F)(F)F)c3)C2=O)CC1,0.7876855,train
CC(C)N1CCN(CCN2CCN(c3ccc(F)c(C#N)c3)C2=O)CC1,0.6741738,train
CC(C)N1CCN(CCN2CCN(c3cccc(Cl)c3F)C2=O)CC1,0.4187767,train
COc1cccc(N2CCN(CCN3CCN(C(C)C)CC3)C2=O)c1,0.3318678,train
CC(C)N1CCN(CCN2CCN(c3cccc(Cl)c3)C2=O)CC1,0.7729266,train
CN1CCN(CCN2CCN(c3cccc(Cl)c3)C2=O)CC1,0.84671074,train
C[C@@H](N[C@@H]1CCCc2c1[nH]c1ccc(Br)cc21)c1ccccc1,0.99646926,train
COc1cccnc1C(=O)N1CCN(c2ccc(NC(=O)C(C)(C)c3ccccc3)cc2Cl)CC1,0.16520104,train
CCNc1cc(N2CCOCC2)cc(CCc2nc(C)c(CC)o2)n1,0.9788118,train
CCc1oc(CCc2cc(N3CCOCC3)cc(NC)n2)nc1C,0.96529895,train
CCCNc1cc(N2CCOCC2)cc(CCc2nc(C)c(CC)o2)n1,0.9881296,train
CCc1oc(CCc2cc(N3CCOCC3)cc(NC(C)C)n2)nc1C,0.9624037,train
CCc1oc(CCc2cc(N3CCOCC3)cc(NCCOC)n2)nc1C,0.9766852,train
CCc1oc(CCc2cc(N3CCOCC3)cc(NCC#N)n2)nc1C,0.95232445,train
CCc1oc(CCc2cc(N3CCOCC3)cc(NCCC#N)n2)nc1C,0.9799416,train
CCOC(=O)CNc1cc(N2CCOCC2)cc(CCc2nc(C)c(CC)o2)n1,0.96308553,train
CCc1oc(CCc2cc(N3CCOCC3)cc(NC(C)=O)n2)nc1C,0.76411587,train
CCc1oc(CCc2cc(N3CCOCC3)cc(NCC(F)(F)F)n2)nc1C,0.9950358,train
CCc1oc(SCc2cc(N3CCOCC3)cc(NCC#N)n2)nc1C,0.9340373,train
CCc1sc(CCc2cc(N3CCOCC3)cc(NC(C)c3cc(Cl)cc(NC(=O)OC(C)C)c3)n2)nc1C,0.9945161,train
CCNC(=O)c1ccc(C2=CC3(CCNCC3)Oc3ccccc32)cc1,0.4402549,train
NC(=O)c1ccc(C2=CC3(CCNCC3)Oc3ccccc32)cc1,0.4766895,train
CC(C)CNC(=O)c1ccc(C2=CC3(CCNCC3)Oc3ccccc32)cc1,0.5512041,train
CC(C)N(C(=O)c1ccc(C2=CC3(CCNCC3)Oc3ccccc32)cc1)C(C)C,0.8729164,train
CN(C)C(=O)c1ccc(C2=CC3(CCNCC3)Oc3ccccc32)cc1,0.37248778,train
O=C(c1ccc(C2=CC3(CCNCC3)Oc3ccccc32)cc1)N1CCCC1,0.4517175,val
O=C(c1ccc(C2=CC3(CCNCC3)Oc3ccccc32)cc1)N1CCCCC1,0.35369995,train
O=C(c1ccc(C2=CC3(CCNCC3)Oc3ccccc32)cc1)N1CCOCC1,0.08489374,test
O=C(c1ccc(C2=CC3(CCNCC3)Oc3ccccc32)cc1)N1Cc2ccccc2C1,0.4481302,val
CN(Cc1ccccc1)C(=O)c1ccc(C2=CC3(CCNCC3)Oc3ccccc32)cc1,0.7377228,val
CCN1CCc2cc(C3=CC4(CCNCC4)Oc4ccccc43)ccc2C1=O,0.45592183,test
CCN(CC)C(=O)c1ccc(C2=CC3(CCCNCC3)Oc3ccccc32)cc1,0.51498747,train
CCN(CC)C(=O)c1ccc(C2=CC3(CCNC3)Oc3ccccc32)cc1,0.55117464,val
CCN(CC)C(=O)c1ccc(C2=CC3(CCCNC3)Oc3ccccc32)cc1,0.39923075,train
CCN(CC)C(=O)c1ccc(C2CC3(CCNCC3)Oc3ccccc32)cc1,0.8759018,train
CCN(CC)C(=O)c1ccc(C2=CC3(CCNCC3)Oc3ccccc32)s1,0.83487296,train
CCN(CC)C(=O)c1ccc(C2=CC3(CCNCC3)Oc3ccccc32)o1,0.6259037,train
CCN(CC)C(=O)c1cc(C2=CC3(CCNCC3)Oc3ccccc32)cs1,0.79420674,test
CCN(CC)C(=O)c1ccc(C2=CC3(CCNCC3)Oc3ccccc32)cn1,0.46537584,train
CCN(CC)C(=O)c1ccc(C2=CC3(CCNCC3)Oc3ccccc32)nc1,0.77243227,val
CCN(CC)C(=O)c1ccc(C2=CC3(CCNCC3)Oc3ccccc32)cc1C,0.6283479,train
CCN(CC)C(=O)c1ccc(C2=CC3(CCNCC3)Oc3ccccc32)cc1F,0.5429029,train
CCN(CC)C(=O)c1ccc(C2=CC3(CCNCC3)Oc3ccccc32)cc1O,0.17945835,train
CCN(CC)C(=O)c1ccc(C2=CC3(CCNCC3)Oc3ccccc32)c(C)c1,0.7046206,train
CCN(CC)C(=O)c1ccc(C2=CC3(CCNCC3)Oc3ccccc32)c(F)c1,0.6915367,train
CCN(CC)C(=O)c1ccc(C2=CC3(CCNCC3)Oc3ccccc32)c(O)c1,0.3870137,train
CC(C1=C(CCN(C)C)Cc2ccccc21)c1ccccn1,0.9560916,val
CN(C)CCC1=C(Cc2cnccn2)c2ccccc2C1,0.8830056,train
CC(C1=C(CCN(C)C)Cc2ccccc21)c1cnccn1,0.88770455,train
CC(c1ccccn1)c1c(CCN(C)C)sc2ccccc12,0.98766464,train
CC(c1ccccn1)c1c(CCN(C)C)oc2ccccc12,0.9782946,val
C[C@@H](N[C@@H]1CCC(C(=O)N2CCC(C(=O)N3CCCC3)(c3ccccc3)CC2)C(C)(C)C1)c1ccc(Cl)cc1,0.9970975,train
COc1ccc(CN[C@@H]2CCC(C(=O)N3CCC(C(=O)N4CCCC4)(c4ccccc4)CC3)C(C)(C)C2)cc1,0.89125276,train
COc1ccc([C@H](C)N[C@@H]2CCC(C(=O)N3CCC(C(=O)N4CCCC4)(c4ccccc4)CC3)C(C)(C)C2)cc1,0.96242213,train
COc1ccc([C@@H](C)N[C@@H]2CCC(C(=O)N3CCC(C(=O)N4CCCCC4)(c4ccccc4)CC3)C(C)(C)C2)cc1,0.98072964,train
COc1ccc([C@@H](C)N[C@@H]2CCC(C(=O)N3CCC(c4ccccc4)(N4CCCCC4)CC3)C(C)(C)C2)cc1,0.9978853,train
COc1ccc([C@@H](C)N[C@@H]2CCC(C(=O)N3CCC(c4ccccc4)(c4ccc(Cl)nc4)CC3)C(C)(C)C2)cc1,0.99701,train
COc1ccc([C@@H](C)N[C@@H]2CCC(C(=O)N3CCC(c4ccccc4)(c4ccc(OC)nc4)CC3)C(C)(C)C2)cc1,0.99673516,train
COc1ccc([C@@H](C)N[C@@H]2CCC(C(=O)N3CCC(c4ccccc4)(c4cccnc4)CC3)C(C)(C)C2)cc1,0.9871815,train
COc1ccc([C@@H](C)N[C@@H]2CCC(C(=O)N3CCC(c4ccccc4)(c4ccccc4)CC3)C(C)(C)C2)cc1,0.9980021,val
Cc1ccc(-n2c(-c3ncccc3Cl)nc(CNC3CCCC3)c2C)cn1,0.23891136,train
Cc1ccc(-n2c(-c3ncccc3Cl)nc(CN[C@H]3CC[C@@H](F)C3)c2C)cn1,0.0075031063,train
CCc1c(CN[C@H]2CC[C@@H](F)C2)nc(-c2ncccc2Cl)n1-c1ccc(C)nc1,0.053764936,train
Cc1ccc(-n2c(-c3ncccc3Cl)nc(CNC3CCCC3)c2C(C)C)cn1,0.82417524,train
Cc1ccc(-n2c(-c3ncccc3Cl)nc(CN[C@H]3CC[C@@H](F)C3)c2C(C)C)cn1,0.07385606,train
Cc1nc(CN[C@H]2CC[C@@H](F)C2)c(C(C)C)n1-c1cc(F)cc(F)c1,0.20726705,test
Cc1nc(CNC2CCCC2)n(C(C)C)c1-c1ccc(Cl)cc1,0.89073944,train
COCCc1nc(CN[C@H]2CC[C@@H](F)C2)n(C(C)C)c1-c1ccc(Cl)cc1,0.26970893,train
C[C@@H]1C[C@H]2[C@@H]3CC[C@H]4N(C)C(=O)C=C[C@]4(C)[C@H]3CC[C@]2(C)[C@H]1O,0.42075488,train
COC[C@@H]1C[C@H]2[C@@H]3CC[C@H]4N(C)C(=O)C=C[C@]4(C)[C@H]3CC[C@]2(C)[C@H]1O,0.4924434,train
CN1C(=O)C=C[C@]2(C)[C@H]3CC[C@]4(C)[C@@H](O)[C@H](Cc5cccc(F)c5)C[C@H]4[C@@H]3CC[C@@H]12,0.80933285,test
CN1C(=O)C=C[C@]2(C)[C@H]3CC[C@]4(C)[C@@H](O)/C(=C/c5cccc(F)c5)C[C@H]4[C@@H]3CC[C@@H]12,0.9555577,train
CN1C(=O)C=C[C@]2(C)[C@H]3CC[C@]4(C)[C@@H](O)/C(=C/c5cc(F)cc(F)c5)C[C@H]4[C@@H]3CC[C@@H]12,0.97164357,train
CN1C(=O)C=C[C@]2(C)[C@H]3CC[C@]4(C)[C@@H](O)/C(=C/c5ccccc5)C[C@H]4[C@@H]3CC[C@@H]12,0.92074627,train
C/C=C1\C[C@H]2[C@@H]3CC[C@H]4N(C)C(=O)C=C[C@]4(C)[C@H]3CC[C@]2(C)[C@H]1O,0.736623,val
CN1C(=O)C=C[C@]2(C)[C@H]3CC[C@]4(C)[C@@H](O)/C(=C/c5ccncc5)C[C@H]4[C@@H]3CC[C@@H]12,0.83350927,val
CN1C(=O)C=C[C@]2(C)[C@H]3CC[C@]4(C)[C@@H](O)/C(=C/c5cccnc5)C[C@H]4[C@@H]3CC[C@@H]12,0.85673773,val
CN1C(=O)C=C[C@]2(C)[C@H]3CC[C@]4(C)[C@@H](O)/C(=C/c5cncnc5)C[C@H]4[C@@H]3CC[C@@H]12,0.6971828,train
CN1C(=O)C=C[C@]2(C)[C@H]3CC[C@]4(C)[C@@H](O)/C(=C/c5cnc(C6CC6)nc5)C[C@H]4[C@@H]3CC[C@@H]12,0.8946586,val
COc1ncc(/C=C2\C[C@H]3[C@@H]4CC[C@H]5N(C)C(=O)C=C[C@]5(C)[C@H]4CC[C@]3(C)[C@H]2O)cn1,0.9284536,train
Cc1ncc(/C=C2\C[C@H]3[C@@H]4CC[C@H]5N(C)C(=O)C=C[C@]5(C)[C@H]4CC[C@]3(C)[C@H]2O)cn1,0.5563851,train
CNc1ncc(C=C2C[C@H]3[C@@H]4CC[C@H]5N(C)C(=O)C=C[C@]5(C)[C@H]4CC[C@]3(C)[C@H]2O)cn1,0.78452754,train
N[C@H]1Cn2c(nc3ccc(F)cc32)C[C@@H]1c1cc(F)c(F)cc1F,0.27189347,train
N[C@H]1Cn2c(nc3cc(C(F)(F)F)ccc32)C[C@@H]1c1cc(F)c(F)cc1F,0.4762636,train
CS(=O)(=O)c1ccc2c(c1)nc1n2C[C@H](N)[C@@H](c2cc(F)c(F)cc2F)C1,0.27857497,train
CS(=O)(=O)Nc1ccc2c(c1)nc1n2C[C@H](N)[C@@H](c2cc(F)c(F)cc2F)C1,0.3053416,train
N[C@H]1Cn2c(nc3cnc(C(F)(F)F)cc32)C[C@@H]1c1cc(F)c(F)cc1F,0.038545713,train
N[C@H]1Cn2c(nc3cnccc32)C[C@@H]1c1cc(F)c(F)cc1F,0.042121302,train
N[C@H]1Cn2c(nc3cnc(F)cc32)C[C@@H]1c1cc(F)c(F)cc1F,0.05564077,train
N[C@H]1Cn2c(nc3ncccc32)C[C@@H]1c1cc(F)c(F)cc1F,0.038102493,train
CCN(CC)CCN1CCN(c2cccc(Cl)c2)C1=O,0.83774954,test
COC[C@@H]1CCCN1N1CCN(c2cccc(Cl)c2)C1=O,0.6275911,test
CC1(C)C[C@@H]2C[C@@](C)(CN2CCN2CCN(c3cccc(Cl)c3)C2=O)C1,0.99704593,train
O=C1N(CCN2C[C@H]3CC[C@@H]2C3)CCN1c1cccc(Cl)c1,0.9923246,test
COCC1[C@@H]2CC[C@H]1CN(CCN1CCN(c3cccc(Cl)c3)C1=O)C2,0.97769576,train
C[C@@]12CC(c3ccccc3)C[C@@H](C1)N(CCN1CCN(c3cccc(Cl)c3)C1=O)C2,0.9972734,train
O=C1N(CCN2C[C@H]3CC[C@H](CC3)C2)CCN1c1cccc(Cl)c1,0.99342054,train
CC1(C)[C@H]2CC[C@]1(C)CN(CCN1CCN(c3cccc(Cl)c3)C1=O)C2,0.9967518,train
O=C1N(CCN2C[C@@H]3CC[C@H]2Cc2ccccc2C3)CCN1c1cccc(Cl)c1,0.9945273,test
O=C1N(CCN2[C@@H]3CCC[C@H]2CC3)CCN1c1cccc(Cl)c1,0.9897064,train
COc1cccc(C2CCCN(CCN3CCN(c4cccc(Cl)c4)C3=O)C2)c1,0.98493356,train
O=C1N(CCN2CCCC(OCc3ccccc3)C2)CCN1c1cccc(Cl)c1,0.93755955,test
O=C1N(CCN2CCC(c3ccc(Cl)cc3)CC2)CCN1c1cccc(Cl)c1,0.9967031,test
COc1cccc(CCN(C)CCN2CCN(c3cccc(Cl)c3)C2=O)c1,0.98558897,train
COc1ccc(CCN(C)CCN2CCN(c3cccc(Cl)c3)C2=O)cc1OC,0.9908075,train
O=C1N(CCN2CCC(c3nnc(-c4ccccc4)o3)CC2)CCN1c1cccc(Cl)c1,0.8666554,test
CN(CCN1CCN(c2cccc(Cl)c2)C1=O)Cc1cc2ccccc2s1,0.942937,train
Cc1cc(CN(C)CCN2CCN(c3cccc(Cl)c3)C2=O)on1,0.9429666,train
O=C1N(CCN2CCCc3sccc3C2)CCN1c1cccc(Cl)c1,0.97696483,train
CC1(C)[C@@H]2CC[C@]13CCN(CCN1CCN(c4cccc(Cl)c4)C1=O)C3C2,0.9990864,train
CN(CCN1CCN(c2cccc(Cl)c2)C1=O)C[C@]12CC[C@H](CC1)C2(C)C,0.99715817,train
CN(CCN1CCN(c2cccc(C(F)(F)F)c2)C1=O)C[C@]12CC[C@H](CC1)C2(C)C,0.9987099,train
Cc1ccc(N2CCN(CCN(C)C[C@]34CC[C@H](CC3)C4(C)C)C2=O)cc1,0.98755693,train
COc1cccc(N2CCN(CCN(C)C[C@]34CC[C@H](CC3)C4(C)C)C2=O)c1,0.9860523,train
Cc1cccc(N2CCN(CCN(C)C[C@]34CC[C@H](CC3)C4(C)C)C2=O)c1,0.99152195,train
CN(CCN1CCN(c2ccccc2)C1=O)C[C@]12CC[C@H](CC1)C2(C)C,0.987862,train
CN(CCN1CCN(c2ccc(F)cc2)C1=O)C[C@]12CC[C@H](CC1)C2(C)C,0.99319106,train
CN(CCN1CCN(c2ccc3c(c2)OCO3)C1=O)C[C@]12CC[C@H](CC1)C2(C)C,0.9921037,train
Cc1c(CN[C@H]2CC[C@@H](F)C2)nn(CCC#N)c1-c1cc(F)cc(F)c1,0.051553406,val
CC(C)CN(C(=O)c1ccccc1-c1ccccc1)[C@H]1CCNC1,0.6615923,train
CCSc1ccccc1C(=O)N(CC1CCC1)[C@H]1CCNC1,0.92340094,train
O=C(c1ccccc1C1CCCC1)N(CC1CCC1)[C@H]1CCNC1,0.7284319,test
O=C(c1ccccc1Oc1ccccc1)N(CC1CCC1)[C@H]1CCNC1,0.88616097,val
CSc1ccccc1C(=O)N(C1CCCCC1)[C@H]1CCNC1,0.96102506,test
CC(C)c1ccccc1C(=O)N(CC1CCCC1)[C@H]1CCNC1,0.62958705,test
CN(C(=O)c1ccccc1Oc1ccccc1)[C@H]1CCNC1,0.6791293,train
CCN(C(=O)c1ccccc1Oc1ccccc1)[C@H]1CCNC1,0.84202236,train
O=C(c1ccccc1Oc1ccccc1)N(C1CCC1)[C@H]1CCNC1,0.93629116,test
CC(C)CN(C(=O)c1ccccc1Oc1ccccc1)[C@H]1CCNC1,0.7860835,train
O=C(c1ccccc1Oc1ccccc1)N(c1ccccc1)[C@H]1CCNC1,0.9453579,train
COc1ccc([C@H](N[C@@H]2CCC(C(=O)N3CCC(C(=O)N4CCCC4)(c4ccccc4)CC3)C(C)(C)C2)C(F)(F)F)cc1,0.9916847,train
O=C(NCc1cccc(F)c1)NC1CCN(Cc2ccn(-c3ccc(C(F)(F)F)cc3)c2)CC1,0.88492066,train
O=C(NC1CCN(Cc2ccn(-c3ccc(C(F)(F)F)cc3)c2)CC1)N1CCn2cccc2C1c1ccccc1,0.96439284,val
O=C(NC1CCN(Cc2ccn(-c3ccc(C(F)(F)F)cc3)c2)CC1)N1CCCC1Cc1cccnc1,0.6677585,train
O=C(NC1CCN(Cc2ccn(-c3ccc(C(F)(F)F)cc3)c2)CC1)N1CCCC1c1ccc(F)cc1,0.993541,val
COc1ccc(OC2CN(C(=O)NC3CCN(Cc4ccn(-c5ccc(C(F)(F)F)cc5)c4)CC3)C2)cc1,0.99196553,val
CN(CC1(O)CCCCC1)C(=O)NC1CCN(Cc2ccn(-c3ccc(C(F)(F)F)cc3)c2)CC1,0.72728574,train
Cc1cc(C)n(CC(NC(=O)NC2CCN(Cc3ccn(-c4ccc(C(F)(F)F)cc4)c3)CC2)c2ccccc2)n1,0.70345056,train
O=C(NC1CCN(Cc2ccn(-c3ccc(C(F)(F)F)cc3)c2)CC1)N1CC(N2CCCOCC2)C1,0.94230443,val
O=C(NC1CCN(Cc2ccn(-c3ccc(C(F)(F)F)cc3)c2)CC1)N1CCCC1c1cccnc1,0.9333539,val
O=C(NC1CCN(Cc2ccn(-c3ccc(C(F)(F)F)cc3)c2)CC1)N1CCCCC1CCO,0.81486666,train
O=C(Nc1ccc(Cl)cc1CO)NC1CCN(Cc2ccn(-c3ccc(C(F)(F)F)cc3)c2)CC1,0.94237506,test
O=C(NC1CCN(Cc2ccn(-c3ccc(C(F)(F)F)cc3)c2)CC1)N1CC(N2CCC(C(F)(F)F)CC2)C1,0.9476608,train
O=C(NC[C@H]1CCCC[C@H]1O)NC1CCN(Cc2ccn(-c3ccc(C(F)(F)F)cc3)c2)CC1,0.5265119,train
O=C(NC1CCN(Cc2ccn(-c3ccc(C(F)(F)F)cc3)c2)CC1)NC(Cn1cccn1)c1ccccc1,0.7463605,train
O=C(NC1CCN(Cc2ccn(-c3ccc(C(F)(F)F)cc3)c2)CC1)N1CCC(c2ccccc2O)CC1,0.94476235,train
CN1CCN(C(=O)NC2CCN(Cc3ccn(-c4ccc(C(F)(F)F)cc4)c3)CC2)C(c2ccccc2)C1,0.9554331,val
O=C(NC1CCN(Cc2ccn(-c3ccc(C(F)(F)F)cc3)c2)CC1)N1CCCC(CO)C1,0.873443,train
O=C(NC1CCN(Cc2ccn(-c3ccc(C(F)(F)F)cc3)c2)CC1)NC(Cc1cnccn1)c1ccccc1,0.4873259,val
O=C(NC1CCN(Cc2ccn(-c3ccc(C(F)(F)F)cc3)c2)CC1)NC(CN1CCOCC1)c1ccccc1,0.7676346,val
O=C(NC[C@@H]1CCCC[C@H]1O)NC1CCN(Cc2ccn(-c3ccc(C(F)(F)F)cc3)c2)CC1,0.60619676,train
O=C(NC1CCN(Cc2ccn(-c3ccc(C(F)(F)F)cc3)c2)CC1)N1CCC(O)(Cc2ccccc2)CC1,0.97957295,train
O=C(NC1CCN(Cc2ccn(-c3ccc(C(F)(F)F)cc3)c2)CC1)N1CCCC(C(=O)N2CCCC2)C1,0.9611467,val
O=C(NC1CCN(Cc2ccn(-c3ccc(C(F)(F)F)cc3)c2)CC1)NC(c1ccccc1)c1ncc[nH]1,0.281354,train
O=C(NCc1nc2ccccc2[nH]1)NC1CCN(Cc2ccn(-c3ccc(C(F)(F)F)cc3)c2)CC1,0.65263677,test
O=C(NC1CCN(Cc2ccn(-c3ccc(C(F)(F)F)cc3)c2)CC1)c1c[nH]c(=O)c(Cl)c1,0.86367327,test
CC(C)C(Cn1ccnc1)NC(=O)NC1CCN(Cc2ccn(-c3ccc(C(F)(F)F)cc3)c2)CC1,0.51127774,train
O=C(NC1CCN(Cc2ccn(-c3ccc(C(F)(F)F)cc3)c2)CC1)N[C@H](CO)c1ccccc1,0.5693703,train
O=C(NC1CCN(Cc2ccn(-c3ccc(C(F)(F)F)cc3)c2)CC1)N[C@@H](CO)c1ccccc1,0.37250692,train
Cc1cnn(C2CCN(c3nc4ccccc4n3Cc3ccc(F)cc3)CC2)c1,0.9968245,train
Fc1ccc(Cn2c(N3CCC(n4cccn4)CC3)nc3ccccc32)cc1,0.9960664,train
Fc1ccc(Cn2c(N3CCC(n4ccnc4)CC3)nc3ccccc32)cc1,0.98515654,val
Fc1ccc(Cn2c(N3CCC(n4cccc4)CC3)nc3ccccc32)cc1,0.99778664,train
CN(C)CCN(C)C1CCN(c2nc3ccccc3n2Cc2ccc(F)cc2)CC1,0.9980052,train
COc1ccc(Cn2c(N3CCC(NCC4CCOCC4)CC3)nc3ccccc32)cc1,0.9940183,train
Fc1ccc(Cn2c(N3CCC(NCC4CCOCC4)CC3)nc3ccccc32)cc1,0.99695945,train
CN(CCO)C1CCN(c2nc3ccccc3n2Cc2ccc(F)cc2)CC1,0.991113,train
COCCN(C)C1CCN(c2nc3ccccc3n2Cc2ccc(F)cc2)CC1,0.9963258,train
COc1ccc(Cn2c(N3CCC(N(C)CC4CCOCC4)CC3)nc3ccccc32)cc1,0.99530494,train
CN(CC1CCOCC1)C1CCN(c2nc3ccccc3n2Cc2ccc(F)cc2)CC1,0.99761474,train
COc1ccc(Cn2c(N3CCC(N(C)C)CC3)nc3ccccc32)cc1,0.994609,train
Cc1ccc(Cn2c(N3CCC(N(C)C)CC3)nc3ccccc32)cc1,0.99536777,train
CN(C)C1CCN(c2nc3ccccc3n2Cc2ccc(F)cc2)CC1,0.99716324,train
CN1CC[C@@H](N(Cc2ccccc2C(F)(F)F)c2ccc(C#N)c(Cl)c2)C1,0.999374,train
CCN1C[C@@H](N(Cc2cc(F)ccc2Cl)c2ccc(C#N)c(Cl)c2)CC1=O,0.9983157,train
CN1C[C@@H](N(Cc2ccccc2F)c2ccc(C#N)c(Cl)c2)CC1=O,0.98639375,train
CC[C@H]1OC(=O)C(C)C(=O)C(C)[C@@H](O[C@@H]2O[C@H](C)C[C@H](N(C)C)[C@H]2O)[C@](C)(OC)CC(C)C(=O)C(C)[C@H]2N(CCCCn3cnc(-c4cccnc4)c3)C(=O)O[C@]12C,0.004750017,test
CC[C@H]1OC(=O)C(C)C(=O)C(C)[C@@H](O[C@@H]2O[C@H](C)C[C@H](N(C)C)[C@H]2O)[C@](C)(O)CC(C)C(=O)C(C)[C@H]2N(C3CN(Cc4ccnc5ncccc45)C3)C(=O)O[C@]12C,0.002382415,train
CC[C@H]1OC(=O)C(C)C(=O)C(C)[C@@H](O[C@@H]2O[C@H](C)C[C@H](N(C)C)[C@H]2O)[C@](C)(O)CC(C)C(=O)C(C)[C@H]2N(C3CN([C@H](C)c4ccnc5ncccc45)C3)C(=O)O[C@]12C,0.00057168887,train
CC[C@H]1OC(=O)C(C)C(=O)C(C)[C@@H](O[C@@H]2O[C@H](C)C[C@H](N(C)C)[C@H]2O)[C@](C)(O)CC(C)C(=O)C(C)[C@H]2N(C3CN(Cc4c(O)cnc5cccnc45)C3)C(=O)O[C@]12C,0.0037849094,train
Cc1c(NC(=O)OC[C@@H]2COCCN2)cn2ncnc(Nc3ccc4c(cnn4Cc4cccc(F)c4)c3)c12,0.6746631,train
CC[C@H]1OC(=O)C(C)[C@@H](O[C@H]2C[C@@](C)(OC)[C@@H](O)[C@H](C)O2)[C@H](C)[C@@H](O[C@@H]2O[C@H](C)C[C@H](N(C)C(C)C)[C@H]2O)[C@](C)(O)C[C@@H](C)[C@H](OCC(=O)NC)[C@H](C)[C@@H](O)[C@]1(C)O,0.9263707,train
CC[C@H]1OC(=O)C(C)[C@@H](O[C@H]2C[C@@](C)(OC)[C@@H](O)[C@H](C)O2)[C@H](C)[C@@H](O[C@@H]2O[C@H](C)C[C@H](N(C)C(C)C)[C@H]2O)[C@](C)(O)C[C@@H](C)[C@H](O)[C@H](C)[C@@H](O)[C@]1(C)O,0.93754345,train
CCOC(=O)CCc1ccc(OC[C@H](O)CNC(C)(C)Cc2ccc3ccccc3c2)c(C#N)c1,0.996675,train
CC(C)(Cc1ccc2ccccc2c1)NC[C@@H](O)COc1ccccc1C#N,0.9799263,train
CC(C)(Cc1ccc2ccccc2c1)NC[C@@H](O)COc1ccc(CCC(=O)O)cc1C#N,0.5457053,train
CC(C)(Cc1ccc2ccccc2c1)NC[C@@H](O)COc1ccc(CCC(=O)O)cc1,0.60095316,train
CC(C)COc1ccccc1CN1CCC2(CC1)CCN(C(=O)c1ccncn1)CC2,0.90925634,val
CC(C)COc1ccccc1CN1CCC2(CC1)CCN(C(=O)c1ccncc1)CC2,0.96315354,train
C=C(C)COc1ccccc1CN1CCC2(CC1)CCN(C(=O)c1ccncc1)CC2,0.98142654,train
O=C(c1ccncc1)N1CCC2(CCN(Cc3ccccc3OC(F)(F)C(F)F)CC2)CC1,0.8119309,train
COc1ccccc1Oc1ccccc1CN1CCC2(CC1)CCN(C(=O)c1ccncn1)CC2,0.94733685,train
COc1ccccc1Oc1cccc(CN2CCC3(CC2)CCN(C(=O)c2ccncn2)CC3)c1,0.9289962,train
O=C(c1ccncn1)N1CCC2(CCN(Cc3ccccc3Oc3ccccc3)CC2)CC1,0.9622213,train
COc1ccccc1Oc1ccccc1CN1CCC2(CC1)CCN(C(=O)c1ccc[nH]c1=O)CC2,0.9113046,test
CC1(C)CCc2cc(CN3CCC4(CC3)CCN(C(=O)c3ccncn3)CC4)ccc2O1,0.40396118,val
CC1(C)CCc2cc(CN3CCC4(CC3)CCN(C(=O)c3ccc(N)cn3)CC4)ccc2O1,0.51526624,val
CC1Cc2cccc(CN3CCC4(CC3)CCN(C(=O)c3ccncc3)CC4)c2O1,0.8785662,train
CC1(C)C=Cc2cccc(CN3CCC4(CC3)CCN(C(=O)c3ccnc(N)c3)CC4)c2O1,0.36665025,val
CC1(C)Cc2cccc(CN3CCC4(CC3)CCN(C(=O)c3ccc(N)cn3)CC4)c2O1,0.3075829,train
CC1(C)Oc2cccc(CN3CCC4(CC3)CCN(C(=O)c3ccnc(N)c3)CC4)c2O1,0.13419774,val
CC1(C)Cc2cccc(CN3CCC4(CC3)CCN(C(=O)c3ncccc3N)CC4)c2O1,0.56711507,train
CC1(C)Cc2c(CN3CCC4(CC3)CCN(C(=O)c3ccnc(N)c3)CC4)cccc2O1,0.2919245,train
CC1(C)Cc2c(CN3CCC4(CC3)CCN(C(=O)c3ccc(N)cn3)CC4)cccc2O1,0.21604657,train
CC1(C)Cc2c(CN3CCC4(CC3)CCN(C(=O)c3ccncc3)CC4)cccc2O1,0.3278684,train
CC(C)(C)C1(C)Cc2c(CN3CCC4(CC3)CCN(C(=O)c3ccc(N)cn3)CC4)cccc2O1,0.116575025,train
CCCC1(CC)Cc2c(CN3CCC4(CC3)CCN(C(=O)c3ccc(N)cn3)CC4)cccc2O1,0.9663403,train
CC1(C)Oc2c(CN3CCC4(CC3)CCN(C(=O)c3ccc(N)cn3)CC4)cccc2C1(F)F,0.11941689,train
COc1ccc(CCN2C(=O)N(NS(C)(=O)=O)CC2c2ccc(C)c(C)c2)cc1,0.216717,train
COc1ccc(CCN2C(=O)N(NS(C)(=O)=O)CC2c2ccc(C)cc2)cc1,0.25455707,train
COc1ccc(CCN2C(=O)N(NS(C)(=O)=O)CC2c2ccc(C3CC3)cc2)cc1,0.23900737,val
COc1ccc(CCN2C(=O)N(NS(C)(=O)=O)CC2c2ccc(Cl)cc2)cc1,0.5683459,train
COc1ccc(CCN2C(=O)N(NS(C)(=O)=O)CC2c2ccc(C(F)(F)F)cc2)cc1,0.5578152,train
COc1ccc(CCN2C(=O)N(NS(C)(=O)=O)C[C@@H]2c2ccc(OC)cc2)cc1,0.16955885,train
COc1ccc(CCN2C(=O)N(NS(C)(=O)=O)C[C@H]2c2ccc(OC)cc2)cc1,0.17863624,train
COc1ccc(CCN2C(=O)N(NS(C)(=O)=O)CC2c2ccc(OC(C)C)cc2)cc1,0.28114617,train
COCCOc1ccc(C2CN(NS(C)(=O)=O)C(=O)N2CCc2ccc(OC)cc2)cc1,0.16229741,train
COc1ccc(CCCN2C(=O)N(NS(C)(=O)=O)C[C@@H]2c2ccc(OC)cc2)cc1,0.15838277,train
COc1ccc(CCCN2C(=O)N(NS(C)(=O)=O)C[C@H]2c2ccc(OC)cc2)cc1,0.1573827,train
CCOc1ccc(CCN2C(=O)N(NS(C)(=O)=O)C[C@@H]2c2ccc(OC)cc2)cc1,0.17828962,train
COc1ccc([C@H]2CN(NS(C)(=O)=O)C(=O)N2CCc2ccc(OC(F)(F)F)cc2)cc1,0.61743045,train
COc1ccc(CCN2C(=O)N(NS(=O)(=O)Cc3ccccc3)C[C@@H]2c2ccc(OC)cc2)cc1,0.5659198,train
COc1ccc(CCN2C(=O)N(NS(=O)(=O)CC#N)C[C@@H]2c2ccc(OC)cc2)cc1,0.14707337,train
COc1ccc(CCN2C(=O)N(NS(=O)(=O)CF)C[C@@H]2c2ccc(OC)cc2)cc1,0.18877566,train
O=C(c1ccncc1)N1CCC2(CCN(Cc3cccc4c3OCC4)CC2)CC1,0.8690442,train
Cc1ccc(CCCCN2CCC(C(O)(c3ccccc3)c3ccccc3)CC2)cc1,0.9891641,train
O=C(O)c1ccc(CCCCN2CCC(C(O)(c3ccccc3)c3ccccc3)CC2)cc1,0.26751223,train
C[C@@H]1CNCCN1c1ccc(=O)n(CCOc2ccccc2C(F)(F)F)n1,0.55600345,train
CCCNCc1ccc(CCn2ccc(OCc3ccc(F)cc3)cc2=O)nc1,0.9397118,test
CCCNCc1ccc(CCn2ccc(OCc3ccc(F)cc3)cc2=O)cc1,0.97825944,train
CN(CCN1CCN(C2COOC2)C1=O)C[C@]12CC[C@H](CC1)C2(C)C,0.8389739,train
CCCN(C(=O)c1ccc2ccccc2c1)C1CCNCC1,0.636896,test
CC(C)CN(C(=O)c1ccc2ccccc2c1)[C@@H]1CCNC1,0.7251525,val
Fc1cc2c(cn1)C1(CCN(Cc3ccc(Oc4ccc(F)c(F)c4)cc3)CC1)OC2,0.9889965,test
Fc1cc2c(cn1)C1(CCN(Cc3ccc(Nc4ccc(F)c(F)c4)cc3)CC1)OC2,0.9689584,train
CN(c1ccc(CN2CCC3(CC2)OCc2cc(F)ncc23)cc1)c1ccc(F)c(F)c1,0.9800118,train
OC(c1ccc(CN2CCC3(CC2)OCc2cc(F)ncc23)cc1)c1ccc(F)c(F)c1,0.7492918,train
CC(O)(c1ccc(CN2CCC3(CC2)OCc2cc(F)ncc23)cc1)c1ccc(F)c(F)c1,0.9064498,train
O=C(c1ccc(CN2CCC3(CC2)OCc2cc(F)ncc23)cc1)c1ccc(F)c(F)c1,0.9528886,test
ON=C(c1ccc(CN2CCC3(CC2)OCc2cc(F)ncc23)cc1)c1ccc(F)c(F)c1,0.9100526,train
CO/N=C(/c1ccc(CN2CCC3(CC2)OCc2cc(F)ncc23)cc1)c1ccc(F)c(F)c1,0.99799156,train
CCO/N=C(/c1ccc(CN2CCC3(CC2)OCc2cc(F)ncc23)cc1)c1ccc(F)c(F)c1,0.9976381,train
CCO/N=C(/c1ccc(F)c(F)c1)c1ccc(CN2CCC3(CC2)OCc2cc(F)ncc23)cn1,0.98929197,val
CCO/N=C(/c1ccc(F)c(F)c1)c1ccc(CN2CCC3(CC2)OCc2cn(C)c(=O)cc23)cn1,0.9303373,train
CS(=O)(=O)N(Cc1ccc2ccccc2c1)[C@@H]1CCNC1,0.8836672,train
Cc1c(CN([C@@H]2CCNC2)S(C)(=O)=O)ccc2cc(F)ccc12,0.9295969,train
CS(=O)(=O)N(Cc1ccc2ccccc2c1)C1CCNCC1,0.5709721,train
CS(=O)(=O)N(Cc1ccc2ccccc2c1)[C@H]1CCNC1,0.34707806,train
CCC(=O)N(Cc1ccc2ccccc2c1)C1CCNCC1,0.64146316,train
CC(=O)N(Cc1ccc2ccccc2c1)[C@@H]1CCNC1,0.79779613,train
COc1cnc2c(NCc3nnc4ccc(-c5cc(F)cc(F)c5)nn34)ccnc2c1,0.7130015,val
COc1cnc2c(NCc3nnc4ccc(-c5cc(C)ns5)nn34)ccnc2c1,0.73137087,test
CCc1n[nH]c(CC)c1Oc1cc(C#N)cc(C#N)c1,0.96123946,train
CCc1n[nH]c(CC)c1Oc1cc(Cl)cc(C#N)c1,0.9667617,train
CCc1n[nH]c(CC)c1Oc1cc(C)cc(C#N)c1,0.78983575,train
N#Cc1cccc2c1C(=O)Nc1ncc(-c3ccccc3)cc1C2,0.9270145,train
CS(=O)(=O)Nc1ccc(OCCNCCNc2ccc(Cl)c(Cl)c2)cc1,0.9876437,train
CS(=O)(=O)Nc1ccc(CCC(=O)NCCNc2ccc(Cl)c(Cl)c2)cc1,0.93558484,train
CS(=O)(=O)Nc1ccc(CCCNCCNc2ccc(Cl)c(Cl)c2)cc1,0.98235047,train
CS(=O)(=O)Nc1ccc(CCC(=O)NC/C=C/c2ccc(Cl)c(Cl)c2)cc1,0.8588428,test
Cc1occc1-c1nc(N)c(OC[C@@H](N)Cc2c[nH]c3ccccc23)cc1-c1cnc2[nH]nc(C)c2n1,0.01383636,test
Cc1ccc(F)cc1CO[C@H]1CCc2ccc(N3CCNC[C@H]3C)nc21,0.21489862,test
Cc1cc(Nc2ccccc2)nc(NCc2ccccn2)n1,0.39790374,train
Cc1cc(Nc2ccccc2)nc(NCc2ccc3c(c2)OCO3)n1,0.71187717,test
FC(F)(F)c1cc(Nc2ccccc2)nc(NCc2ccccn2)n1,0.26274422,train
CN1CC[C@H](N(Cc2ccccc2C(F)(F)F)c2ccc(C#N)c(Cl)c2)C1,0.9997421,train
Cc1ccccc1CN(c1ccc(C#N)c(Cl)c1)[C@H]1CCN(S(C)(=O)=O)C1,0.9891936,train
CC(O)C(=O)N1CC[C@H](N(Cc2cc(Cl)ccc2Cl)c2ccc(C#N)c(Cl)c2)C1,0.99764156,train
Brc1cnc2nc(N3CCN4CCC3CC4)oc2c1,0.7652459,train
Clc1cnc2nc(N3CCN4CCC3CC4)oc2c1,0.7811038,train
Fc1cnc2nc(N3CCN4CCC3CC4)oc2c1,0.4870647,train
Cc1ccc2oc(N3CCN4CCC3CC4)nc2n1,0.42010775,train
Clc1cnc2oc(N3CCN4CCC3CC4)nc2c1,0.7187918,train
Cc1nc2nc(N3CCN4CCC3CC4)oc2cc1Cl,0.561522,train
CCc1ccc2oc(N3CCN4CCC3CC4)nc2n1,0.7199581,train
Fc1ccccc1-c1ccc2oc(N3CCN4CCC3CC4)nc2n1,0.9095533,val
CN1C[C@H]2C[C@@H](N(Cc3ccc(F)c(C(F)(F)F)c3)C(=O)c3cn(C)cn3)C[C@H]2C1,0.9966941,train
CCN1C[C@H]2C[C@@H](N(Cc3ccc(F)c(C(F)(F)F)c3)C(=O)c3cn(C)cn3)C[C@H]2C1,0.9992562,train
Cn1cnc(C(=O)N(Cc2cccc(OC(F)(F)F)c2)[C@H]2C[C@H]3CNC[C@H]3C2)c1,0.9827824,train
Cn1cnc(C(=O)N(Cc2ccc(F)c(C(F)(F)F)c2)[C@H]2C[C@H]3CNC[C@H]3C2)c1,0.9851686,train
Cn1cnc(C(=O)N(Cc2cccc(OC(F)(F)F)c2)[C@@H]2C[C@@H]3CN(CC(C)(C)O)C[C@@H]3C2)c1,0.9956287,train
Cn1cnc(C(=O)N(Cc2cccc(OC(F)(F)F)c2)[C@@H]2C[C@@H]3CN(CC(O)c4ccccc4)C[C@@H]3C2)c1,0.9996549,test
Cn1cnc(C(=O)N(Cc2cccc(OC(F)(F)F)c2)[C@@H]2C[C@@H]3CN(CCC(F)(F)F)C[C@@H]3C2)c1,0.99949217,train
CCN1C[C@H]2C[C@@H](N(Cc3cccc(OC(F)(F)F)c3)C(=O)c3cn(C)cn3)C[C@H]2C1,0.9991316,train
CN1C[C@H]2C[C@@H](N(Cc3ccc(F)c(OC4CCCC4)c3)C(=O)c3cn(C)cn3)C[C@H]2C1,0.99806815,train
CN1C[C@H]2C[C@@H](N(Cc3cccc(OC(F)(F)F)c3)C(=O)c3cn(C)cn3)C[C@H]2C1,0.99615616,train
O=C(c1cc(Cc2c[nH]c(=O)c3cc(Cl)c(Cl)n23)ccc1F)N1CCC2(CCCN2)CC1,0.67770696,train
CNC(C)(C)C(=O)N1CCN(C(=O)c2cc(Cc3c[nH]c(=O)c4cc(Cl)c(Cl)n34)ccc2F)CC1,0.33970565,test
O=C(c1cc(Cc2c[nH]c(=O)c3cc(Cl)c(Cl)n23)ccc1F)N1CCC(N2CCCC2)CC1,0.6310141,val
COc1cc2c(c(N3CCN(C)CC3)c1)OC(C(=O)Nc1ccc(N3CCOCC3)cc1)CC2,0.10213074,val
COC1(c2ccc(NC(=O)c3cc(=O)c4cc(F)cc(-c5c(C)nn(C)c5C)c4o3)cn2)CCOCC1,0.015060287,train
CC(C)OC(=O)C1=CN(C(=O)c2ccc(OCCCN3CCOCC3)cc2)CC(C)(C)c2c1[nH]c1ccccc21,0.94184643,test
CCCOCCn1c(=O)c(N2CCN([C@@H](C)[C@@H](C)O)CC2)nc2cnc(-c3ccc(OC)nc3)cc21,0.97349113,train
CCCOCCn1c(=O)c(N2CCN(C[C@@H](C)O)CC2)nc2cnc(-c3ccc(OC)nc3)cc21,0.8957941,train
CCCOCCn1c(=O)c(N2CCN(CCO)CC2)nc2cnc(-c3ccc(OC)nc3)cc21,0.93687904,train
CCCOCCn1c(=O)c(N2CCN(CC)CC2)nc2cnc(-c3ccc(OC)nc3)cc21,0.95088667,train
CCCOCCn1c(=O)c(N2CCNCC2)nc2cnc(-c3ccc(OC)nc3)cc21,0.7781757,train
CCCOCCn1c(=O)c(NCCNCCO)nc2cnc(-c3ccc(OC)nc3)cc21,0.72510505,val
CCOC[C@H]1[C@@H]2CNC[C@@]21c1ccc(Cl)c(Cl)c1,0.94924337,train
O=C1N(CC2CCCCN2)CCN1c1cccc(Cl)c1,0.8385573,val
c1ccc(N2CCN(CC3CCCCN3)C2)cc1,0.73948836,train
N#Cc1nc(CCCN2CCCCC2)cc(-c2cccc(C(F)(F)F)c2)n1,0.99569356,train
CCC(CC)NCCCc1cc(-c2cccc(C(F)(F)F)c2)nc(C#N)n1,0.98846686,train
CC(C)(C)NCCCc1cc(-c2cccc(C(F)(F)F)c2)nc(C#N)n1,0.9953811,train
Cc1ccc(C23CC2CN(CCCSc2nnc(-c4ocnc4C)n2C)C3)c(F)c1,0.9922869,train
Cc1ncoc1-c1nnc(SCCCN2CC3CC3(c3cc(C(F)(F)F)ccc3F)C2)n1C,0.99846506,train
Cc1ncoc1-c1nnc(SCCCN2CC3CC3(c3cccc(C(F)(F)F)c3)C2)n1C,0.9975802,train
COc1cccc(C23CC2CN(CCCSc2nnc(-c4ocnc4C)n2C)C3)c1,0.9837519,train
Cc1ncoc1-c1nnc(SCCCN2CC3CC3(c3ccccc3C(F)(F)F)C2)n1C,0.9956418,train
Cc1ccc2c(-c3nnc(SCCCN4CC5CC5(c5ccccc5)C4)n3C)cccc2n1,0.9945956,train
Cc1ncccc1-c1nnc(SCCCN2C[C@@H]3C[C@]3(c3ccc(C(F)(F)F)cc3)C2)n1C,0.9973394,train
Cn1c(SCCCN2C[C@@H]3C[C@]3(c3ccc(C(F)(F)F)cc3)C2)nnc1-c1ccnnc1,0.9988311,test
Cc1ncoc1-c1nnc(SCCCN2CC3CC3(c3cccc(C(F)(F)F)c3F)C2)n1C,0.99705744,train
COc1ccc(C23CC2CN(CCCSc2nnc(-c4ocnc4C)n2C)C3)cc1Cl,0.9883837,train
Cn1c(SCCCN2C[C@@H]3C[C@]3(c3ccc(C(F)(F)F)cc3)C2)nnc1-c1cncnc1,0.99416345,val
COc1ccc(C23CC2CN(CCCSc2nnc(-c4cccc5nc(C)ccc45)n2C)C3)cc1,0.9956404,train
COc1ccc(C23CC2CN(CCCSc2nnc(-c4ocnc4C)n2C)C3)cc1,0.9793093,train
Cc1ncoc1-c1nnc(SCCCN2CC3CC3(c3ccc(F)c(C(F)(F)F)c3)C2)n1C,0.9969273,train
Cc1ccc2c(-c3nnc(SCCCN4CC5CC5(c5ccc(Cl)cc5)C4)n3C)cccc2n1,0.9993173,train
Cc1nc(C)c(-c2nnc(SCCCN3C[C@@H]4C[C@]4(c4ccc(C(F)(F)F)cc4)C3)n2C)s1,0.9975674,test
Cc1ncoc1-c1nnc(SCCCN2CC3CC3(c3ccc(F)cc3)C2)n1C,0.9919891,train
Cc1ncoc1-c1nnc(SCCCN2CC3CC3(c3cccc(F)c3)C2)n1C,0.9930341,train
Cc1ncoc1-c1nnc(SCCCN2CC3CC3(c3cc(F)cc(C(F)(F)F)c3)C2)n1C,0.99783486,train
Cc1ccc2c(-c3nnc(SCCCN4CC5CC5(c5ccc(Cl)c(Cl)c5)C4)n3C)cccc2n1,0.99799204,train
Cc1ncoc1-c1nnc(SCCCN2CC3CC3(c3ccccc3)C2)n1C,0.9744368,train
Cc1ncoc1-c1nnc(SCCCN2CC3CC3(c3cccc(Cl)c3)C2)n1C,0.9955427,train
COc1ccc(C23CC2CN(CCCSc2nnc(-c4ocnc4C)n2C)C3)cc1C(F)(F)F,0.9933123,train
Cc1ncoc1-c1nnc(SCCCN2CC3CC3(c3ccc(C(F)(F)F)cc3)C2)n1C,0.9973979,train
Cc1ncoc1-c1nnc(SCCCN2C[C@@H]3C[C@]3(c3ccc(C(C)(C)C)cc3)C2)n1C,0.99805695,train
Cc1ncoc1-c1nnc(SCCCN2CC3CC3(c3ccc(Cl)c(Cl)c3)C2)n1C,0.9905089,train
Cc1ncoc1-c1nnc(SCCCN2CC3CC3(c3ccc(C(F)(F)F)cc3F)C2)n1C,0.9981287,train
Cc1ncoc1-c1nnc(SCCCN2CC3CC3(c3ccc(Cl)cc3F)C2)n1C,0.99818975,train
Cc1ncoc1-c1nnc(SCCCN2CC3CC3(c3cccc(OC(F)(F)F)c3)C2)n1C,0.9969213,train
Cc1ccc(-c2nnc(SCCCN3C[C@@H]4C[C@]4(c4ccc(C(F)(F)F)cc4)C3)n2C)cn1,0.99921393,train
Cc1cnc(-c2nnc(SCCCN3C[C@@H]4C[C@]4(c4ccc(C(F)(F)F)cc4)C3)n2C)cn1,0.99772805,train
Cc1ncoc1-c1nnc(SCCCN2C[C@@H]3C[C@]3(c3ccc(C(F)(F)F)cc3)C2)n1C,0.9980757,train
Cc1ncoc1-c1nnc(SCCCN2CC3CC3(c3ccc(Br)cc3)C2)n1C,0.9970285,train
Cc1ncoc1-c1nnc(SCCCN2CC3CC3(c3ccc(Cl)cc3)C2)n1C,0.99676883,train
Cc1ccc2c(-c3nnc(SCCCN4CC5CC5(c5ccc(C#N)cc5)C4)n3C)cccc2n1,0.9987698,train
Cn1c(SCCCN2C[C@@H]3C[C@]3(c3ccc(C(F)(F)F)cc3)C2)nnc1-c1ccccc1,0.9993981,val
Cc1ncoc1-c1nnc(SCCCN2C[C@H]3C[C@@]3(c3ccc(C(F)(F)F)cc3)C2)n1C,0.9994537,train
Cc1ncoc1-c1nnc(SCCCN2CC3CC3(c3ccc(C(C)(C)C)cc3)C2)n1C,0.9971374,train
Cc1ncoc1-c1nnc(SCCCN2CC3CC3(c3ccc(C(F)(F)F)c(F)c3)C2)n1C,0.9969144,train
Cc1ccc2c(-c3nnc(SCCCN4C[C@H]5C[C@@]5(c5ccc(Br)cc5)C4)n3C)cccc2n1,0.999853,train
Cc1ccc2c(-c3nnc(SCCCN4C[C@@H]5C[C@]5(c5ccc(C(F)(F)F)cc5)C4)n3C)cccc2n1,0.99959606,train
Cc1ncoc1-c1nnc(SCCCN2C[C@H]3C[C@@]3(c3ccc(C(C)(C)C)cc3)C2)n1C,0.99939597,train
Cc1cc(C(F)(F)F)ccc1C12CC1CN(CCCSc1nnc(-c3ocnc3C)n1C)C2,0.9975413,train
Cc1ncoc1-c1nnc(SCCCN2CC3CC3(c3ccc(OC(F)(F)F)cc3)C2)n1C,0.9987779,train
Cc1ccc2c(-c3nnc(SCCCN4CC5CC5(c5ccc(C(C)(C)C)cc5)C4)n3C)cccc2n1,0.9993968,train
Cc1ccc2c(-c3nnc(SCCCN4C[C@@H]5C[C@]5(c5ccc(Br)cc5)C4)n3C)cccc2n1,0.9995882,train
Cc1ccoc1-c1nnc(SCCCN2C[C@@H]3C[C@]3(c3ccc(C(F)(F)F)cc3)C2)n1C,0.9996661,val
Cc1ccc2c(-c3nnc(SCCCN4CC5CC5(c5ccc(C(F)(F)F)cc5)C4)n3C)cccc2n1,0.99945515,train
Cc1ccc2c(-c3nnc(SCCCN4CC5CC5(c5ccc(Br)cc5)C4)n3C)cccc2n1,0.9993709,train
Cc1cnc(Nc2cc(N3CCN(C)CC3)nc(N[C@@H](C)c3ccc(F)cn3)n2)s1,0.2615736,train
Cc1cnc(Nc2cc(N3CCOCC3)nc(N[C@@H](C)c3ccc(F)cn3)n2)s1,0.085994646,val
CCOc1cc(CN2CCC(Nc3nc4cc(S(N)(=O)=O)ccc4o3)CC2)ccc1OC,0.4443658,train
CCOc1cc(CN2CCC(Nc3nc4cc(S(=O)(=O)CC)ccc4o3)CC2)ccc1OC,0.98950994,train
CCOc1cc(CN2CCC(Nc3nc4cc(C(N)=O)ccc4o3)CC2)cc(OCC)c1F,0.79434234,train
CCCCc1ccc(S(=O)(=O)Nc2ccc3c(c2)CCN(Cc2cc[nH]n2)CC3)cc1,0.9972646,test
CNC(=O)Cn1c(=O)n(C2CCN([C@H]3CC[C@@H](C(C)C)CC3)CC2)c2ccccc21,0.9726212,train
CNC(=O)Cn1c(=O)n(C2CCN(CCC(Oc3cc(OC)ccc3C)C(C)C)CC2)c2ccccc21,0.8526949,train
CC(C)CN(C(=O)c1cccc(Cl)c1Cl)[C@H]1CCNC1,0.2667485,train
O=C(c1cccc(Cl)c1Cl)N(CCC1CC1)[C@H]1CCNC1,0.4169635,val
CC(C)(C)CN(C(=O)c1cccc(Cl)c1Cl)[C@H]1CCNC1,0.23278946,train
O=C(c1cccc(Cl)c1Cl)N(C1CCCC1)[C@H]1CCNC1,0.7742795,val
CCC(CC)N(C(=O)c1cccc(Cl)c1Cl)[C@H]1CCNC1,0.89600074,train
O=C(c1cccc(Cl)c1Cl)N(c1ccccc1)[C@H]1CCNC1,0.635053,train
CC(C)CN(C(=O)c1cc(Cl)ccc1Cl)[C@H]1CCNC1,0.6003742,train
CC(C)CN(C(=O)c1ccc(Cl)c(Cl)c1)[C@H]1CCNC1,0.42888921,train
CC(C)CN(C(=O)c1cccc(C(F)(F)F)c1Cl)[C@H]1CCNC1,0.71929806,train
Cc1c(Cl)cccc1C(=O)N(CC(C)C)[C@H]1CCNC1,0.33350974,train
CC(C)CN(C(=O)c1ccccc1C(C)C)[C@H]1CCNC1,0.35972783,train
CCCC[C@H]1CN(CC2CCOCC2)C(=O)OC12CCN(C1(C)CCN(C(=O)c3c(C)ncnc3C)CC1)CC2,0.31935233,train
CC(C)N(C)[C@@H]1CC[C@H](N2CCC(NC(=O)c3cc(F)cc(C(F)(F)F)c3)C2=O)[C@H](CS(=O)(=O)c2ccccc2)C1,0.35171002,train
CC(C)N(C)[C@@H]1CC[C@H](N2CCC(NC(=O)c3cc(C(F)(F)F)cc(C(F)(F)F)c3)C2=O)[C@H](CS(=O)(=O)c2ccccc2)C1,0.64495695,train
Cc1ccc(S(=O)(=O)C[C@@H]2C[C@H](N(C)C(C)C)CC[C@@H]2N2CCC(NC(=O)c3cccc(C(F)(F)F)c3)C2=O)cc1,0.35583416,train
CC(C)N(C)[C@@H]1CC[C@H](N2CCC(NC(=O)c3cccc(C(F)(F)F)c3)C2=O)[C@H](CS(=O)(=O)c2ccccc2)C1,0.29674363,train
CC(C)(O)C(=O)c1oc2nc(-c3ccccc3Cl)c(-c3ccc(Cl)cc3)cc2c1NC(=O)CO,0.81270254,test
CC(=O)N1CCC(c2[nH]nc(-c3ccc(F)cc3)c2-c2ccncc2)CC1,0.19749656,test
CC(C)C(N1CCOCC1)C(O)(c1cccnc1)c1cccnc1,0.02268407,train
OC(c1cccnc1)(c1cccnc1)C(Cc1ccccc1)N1CCOCC1,0.0090777,train
CCCCC(N1CCOCC1)C(O)(c1cccnc1)c1cccnc1,0.07024217,train
CCCCCCC(N1CCOCC1)C(O)(c1cccnc1)c1cccnc1,0.10502061,train
OC(c1cccnc1)(c1cccnc1)C(c1ccccc1)N1CCC1,0.021220043,test
COCCN(C)C(c1ccccc1)C(O)(c1cccnc1)c1cccnc1,0.01922586,test
OC(c1cccnc1)(c1cccnc1)C(c1ccccc1)N1CCCOCC1,0.0100888815,val
OC(c1cccnc1)(c1cccnc1)C(c1ccccc1)N1CCNCC1,0.010944155,val
OC(c1cccnc1)(c1cccnc1)C(c1ccccc1)N1CCCCC1,0.035359487,test
OC(c1cccnc1)(c1cccnc1)C(c1ccccc1)N1CCCC1,0.028559955,val
COc1nccnc1CC1=C(CCN(C)C)Cc2ccccc21,0.8983378,train
COc1nccnc1C(C)C1=C(CCN(C)C)Cc2ccccc21,0.95872504,train
CC(C1=C(CCN(C)C)Cc2ccccc21)c1nccs1,0.8758228,train
Cc1csc(C(C)C2=C(CCN(C)C)Cc3ccccc32)n1,0.82804716,train
Cc1ccc2c(c1)CC(CCN(C)C)=C2Cc1cnccn1,0.9176867,train
COc1ccc2c(c1)CC(CCN(C)C)=C2Cc1cnccn1,0.883937,train
CN(C)CCC1=C(Cc2cnccn2)c2ccc(Cl)cc2C1,0.9826066,train
CN(C)CCC1=C(Cc2cnccn2)c2ccc(F)cc2C1,0.95714116,train
COc1nccnc1CC1=C(CCN(C)C)Cc2cc(Cl)ccc21,0.98489326,train
CN(C)CCC1=C(Cc2cccnn2)c2ccc(F)cc2C1,0.9840004,train
CN(C)CCC1=C(Cc2cccnn2)c2ccc(Cl)cc2C1,0.9930092,train
Cc1ccc2c(c1)CC(CCN(C)C)=C2C(C)c1cnccn1,0.9238379,train
COc1ccc2c(c1)CC(CCN(C)C)=C2C(C)c1cnccn1,0.875453,train
COc1nccnc1C(C)C1=C(CCN(C)C)Cc2cc(C)ccc21,0.97260714,train
COc1ccc2c(c1)CC(CCN(C)C)=C2C(C)c1nccnc1OC,0.95387006,train
COc1nccnc1C(C)C1=C(CCN(C)C)Cc2cc(F)ccc21,0.98372847,train
Cc1ccc2c(c1)CC(CCN(C)C)=C2C(C)c1nccs1,0.9153443,train
COc1ccc2c(c1)CC(CCN(C)C)=C2C(C)c1nccs1,0.8625463,train
CC(C1=C(CCN(C)C)Cc2cc(F)ccc21)c1nccs1,0.9485046,train
CSc1nn2c3c(c(C)nc2c1S(=O)(=O)c1ccccc1)CCCC3,0.9442119,test
C[C@@H]1CN(C(=O)C2CN(c3cccnc3)C[C@@H]2c2ccc(F)cc2F)C[C@H](C)[C@@]1(O)c1ccccc1,0.9963012,val
C[C@@H]1CN(C(=O)C2CN(c3ccccn3)C[C@@H]2c2ccc(F)cc2F)C[C@H](C)[C@@]1(O)c1ccccc1,0.9991148,test
C[C@@H]1CN(C(=O)C2CN(C3CCC3)C[C@@H]2c2ccc(F)cc2F)C[C@H](C)[C@@]1(O)c1ccccc1,0.9986999,val
C[C@@H]1CN(C(=O)C2CNC[C@H]2c2ccc(F)cc2F)C[C@H](C)[C@@]1(O)c1ccccc1,0.997764,train
C[C@@H]1CN(C(=O)C2CN(C(C)(C)C)C[C@H]2c2ccc(F)cc2F)C[C@H](C)[C@@]1(O)c1ccccn1,0.9919797,train
C[C@@H]1CN(C(=O)C2CN(C(C)(C)C)C[C@H]2c2ccc(F)cc2F)C[C@H](C)[C@@]1(O)c1c(F)cccc1F,0.9994373,train
C[C@@H]1CN(C(=O)C2CN(C(C)(C)C)C[C@H]2c2ccc(F)cc2F)C[C@H](C)[C@@]1(O)c1ccc(F)cc1,0.99944586,train
CC(c1ccccn1)c1c(CCN2CCCC2)sc2ccccc12,0.9937757,test
CC(c1ccccn1)c1c(CCN2CCC2)sc2ccccc12,0.9918609,val
CC(c1ccncc1)c1c(CCN(C)C)sc2ccccc12,0.9868263,train
CNCCc1sc2ccccc2c1C(C)c1ccccn1,0.981406,train
C[C@H](c1cccnc1)c1c(CCN(C)C)sc2ccccc12,0.9163755,train
CC(c1ccc(F)cn1)c1c(CCN(C)C)sc2ccccc12,0.9925608,train
Cc1cccnc1C(C)c1c(CCN(C)C)sc2ccccc12,0.9891299,train
COc1cccnc1C(C)c1c(CCN(C)C)sc2ccccc12,0.99310064,train
CC(c1ncccc1F)c1c(CCN(C)C)sc2ccccc12,0.9899922,train
COc1ncccc1[C@@H](C)c1c(CCN(C)C)sc2ccccc12,0.9902699,train
C[C@H](c1cccnc1F)c1c(CCN(C)C)sc2ccccc12,0.975327,train
C[C@H](c1cccnc1Cl)c1c(CCN(C)C)sc2ccccc12,0.98861897,train
C[C@@H](c1cscn1)c1c(CCN(C)C)sc2ccccc12,0.9600163,train
C[C@H](c1c(CCN(C)C)sc2ccccc12)n1cccn1,0.9720747,train
O=C(NCc1cc(Cl)cc(Cl)c1)N(c1ccc(Br)cc1)C1CCN(C2CCCC2)CC1,0.9913225,train
O=C(NCc1ccccc1)N(c1ccc(Br)cc1)C1CCN(C2CCCC2)CC1,0.86205125,train
O=C(Nc1ccccc1)N(c1ccc(Br)cc1)C1CCN(C2CCCC2)CC1,0.98821265,test
O=C(NCc1ccc(F)cc1)N(c1ccc(Br)cc1)C1CCN(C2CCCC2)CC1,0.9619416,train
CCN1CCC(N(C(=O)NCc2ccc(F)cc2)c2ccc(Cl)cc2)CC1,0.9273741,train
CCN1CCC(N(C(=O)NCc2ccc(F)cc2)c2ccc(Cl)cn2)CC1,0.9040014,train
O=C(NCc1ccc(F)cc1)N(c1ccc(Cl)cc1)C1CCN(CCO)CC1,0.8649769,train
O=C(NCc1ccc(F)cc1)N(c1ccc(Br)cc1)C1CCN(CCO)CC1,0.8768022,train
O=C(NCc1ccc(F)cc1)N(c1ccc(Cl)cc1)C1CCN(Cc2ccncc2)CC1,0.9206595,train
Nc1cc(CN2CCC(N(C(=O)NCc3ccc(F)cc3)c3ccc(Cl)cc3)CC2)ccn1,0.8961344,train
O=C(NCc1ccc(F)cc1)N(c1ccc(Cl)cc1)C1CCN(Cc2ccnnc2)CC1,0.68882245,train
O=C(NCc1ccccc1)N(c1ccc(Br)cc1)C1CCN(Cc2ccncc2)CC1,0.7441957,train
O=C(NCc1ccccc1)N(c1ccc(Br)cc1)C1CCN(Cc2ccnnc2)CC1,0.35553363,train
Cc1ccc(C(=O)NC2CC2)cc1-c1cc2cnn(-c3c(F)cccc3F)c2n(C)c1=O,0.59025955,val
Cc1ccc(OC(=O)N(CC(=O)O)Cc2cccc(OCc3nc(-c4ccc(Cl)cc4)oc3C)c2)cc1,0.3262024,train
Cc1ccc(OC(=O)N(CC(=O)O)Cc2cccc(OCc3oc(-c4ccc(Cl)cc4)nc3C)c2)cc1,0.34959316,test
Cc1ccc(OC(=O)N(CC(=O)O)Cc2cccc(OCc3nc(-c4ccc(Cl)cc4)sc3C)c2)cc1,0.58100355,val
Cc1ccc(OC(=O)N(CC(=O)O)Cc2cccc(OCc3nc(-c4cccc(Cl)c4)oc3C)c2)cc1,0.2838849,train
Cc1ccc(OC(=O)N(CC(=O)O)Cc2cccc(OCc3nc(-c4ccc(F)cc4)oc3C)c2)cc1,0.17909689,train
Cc1ccc(OC(=O)N(CC(=O)O)Cc2cccc(OCc3nc(-c4ccc(C#N)cc4)oc3C)c2)cc1,0.22394261,train
COc1ccc(-c2nc(COc3cccc(CN(CC(=O)O)C(=O)Oc4ccc(C)cc4)c3)c(C)o2)cc1,0.10862818,train
Cc1ccc(OC(=O)N(CC(=O)O)Cc2cccc(OCc3nc(-c4ccc(C)cc4)oc3C)c2)cc1,0.16417265,train
Cc1ccc(OC(=O)N(CC(=O)O)Cc2cccc(OCc3nc(-c4ccc(C(F)(F)F)cc4)oc3C)c2)cc1,0.17406973,train
OCCN(CCc1c[nH]c2ccccc12)Cc1ccc(/C=C/C(O)=NO)cc1,0.5136692,train
Cc1[nH]c2ccccc2c1C1CCCN(Cc2ccc(/C=C/C(O)=NO)cc2)C1,0.46589816,train
Cc1[nH]c2ccccc2c1C1CCN(Cc2ccc(/C=C/C(O)=NO)cc2)C1,0.47043607,test
Cc1[nH]c2ccccc2c1CC1CCCCN1Cc1ccc(/C=C/C(O)=NO)cc1,0.46615776,val
Cc1[nH]c2ccccc2c1CCN1CCCC1c1ccc(/C=C/C(O)=NO)cc1,0.51996446,test
Cc1[nH]c2ccccc2c1CCN1Cc2ccc(/C=C/C(O)=NO)cc2C1,0.5702201,test
Cc1[nH]c2ccccc2c1CCN1CCc2cc(/C=C/C(O)=NO)ccc2C1,0.54307526,train
Cc1[nH]c2ccccc2c1CCN1CCc2ccc(/C=C/C(O)=NO)cc2C1,0.5440329,train
Cc1[nH]c2ccccc2c1CCN1CCc2ccc(/C=C/C(O)=NO)cc2CC1,0.5355496,test
ON=C(O)/C=C/c1ccc(CN2CCCC(c3c[nH]c4ccccc34)C2)cc1,0.43050233,train
ON=C(O)/C=C/c1ccc(CN2CCCC(c3c(-c4ccccc4)[nH]c4ccccc34)C2)cc1,0.67254955,train
CC(C)(C)c1[nH]c2ccccc2c1C1CCCN(Cc2ccc(/C=C/C(O)=NO)cc2)C1,0.53605115,train
ON=C(O)/C=C/c1ccc(CN2CCCC(c3c[nH]c4ccccc34)C2)c(F)c1,0.285543,train
ON=C(O)/C=C/c1ccc(CN2CCCC(c3c(-c4ccccc4)[nH]c4ccccc34)C2)c(F)c1,0.5153722,train
CC(C)(C)c1[nH]c2ccccc2c1C1CCCN(Cc2ccc(/C=C/C(O)=NO)cc2F)C1,0.4049222,train
CC(C)(C)c1[nH]c2ccccc2c1C1CCCN(Cc2ccc(/C=C/C(O)=NO)cc2Cl)C1,0.5165239,train
O=C(CNC(=O)c1cccc(C(F)(F)F)c1)N[C@@H]1CCN(CCC2CCN(C(=O)c3cc(F)ccc3F)CC2)C1,0.7952371,val
CCOCCn1c([C@@H]2CCCN(C3CCOCC3)C2)nc2ccccc21,0.9732386,val
CN1CCC[C@@H](c2nc3ccccc3n2Cc2ccc(F)cc2)C1,0.9952873,train
CN1CCC[C@@H](c2nc3ccccc3n2Cc2ccccn2)C1,0.9318371,test
CN1CCC[C@H](c2nc3ccccc3n2Cc2ccc(F)cc2)C1,0.9980406,train
Cc1csc(Cn2c(C3CCCN(C4CCCCC4)C3)nc3ccccc32)n1,0.96821666,train
COc1ccc(Cn2c(C3CCCN(C4CCCCC4)C3)nc3ccccc32)cc1,0.9985367,train
COc1ccc(Cn2c(C3CCCN(C(C)C)C3)nc3ccccc32)cc1,0.9837976,train
Fc1ccc(Cn2c(C3CCCN(C4CCCCC4)C3)nc3ccccc32)cc1,0.9991855,train
CC(C)N1CCCC(c2nc3ccccc3n2Cc2ccc(F)cc2)C1,0.99172205,train
CN1CCCC(c2nc3ccccc3n2CC2CCCO2)C1,0.6472147,val
CCOCCn1c(C2CCCN(C)C2)nc2ccccc21,0.9375949,train
CN1CCCC(c2nc3ccccc3n2CCOc2ccccc2)C1,0.9834862,train
CCOCCn1c(N2CC[C@H](N(C)C)C2)nc2ccccc21,0.9880707,train
COc1ccc(Cn2c(N3CC[C@@H](N(C)C)C3)nc3ccccc32)cc1,0.99727577,train
O=C1NCc2c(-c3ccc(F)cc3F)cc(N3CCNCC3)cc2N1c1c(Cl)cccc1Cl,0.9563544,train
Nc1cc2c(ccc(=O)n2-c2c(F)cccc2F)c(-c2ccc(F)cc2F)n1,0.9763737,test
CCOCCn1nc(C)c2nc(NC3CCNCC3)nc(Nc3cc(C)ccn3)c21,0.9876956,test
CCOCCn1nc(CC)c2nc(N3CCC(C(=O)O)CC3)nc(Nc3cc(C)ccn3)c21,0.7982969,train
O=C(C1C[C@H](Oc2cccc(F)c2)CN1)N1CCCN(C2CCC2)CC1,0.9859002,train
O=C(C1C[C@H](Oc2ccc(F)cc2)CN1)N1CCCN(C2CCC2)CC1,0.98216665,train
CC(=O)N1C[C@@H](Oc2cccc(F)c2)CC1C(=O)N1CCCN(C2CCC2)CC1,0.8174436,train
O=C(C1C[C@H](Oc2ccc(Cl)cc2)CN1)N1CCCN(C2CCC2)CC1,0.9913361,train
O=C(C1C[C@H](Oc2cccc(Cl)c2)CN1)N1CCCN(C2CCC2)CC1,0.99161494,train
O=C(C1C[C@H](Oc2ccc(F)cc2)CN1)N1CCCN(C2CCCC2)CC1,0.9868832,train
N#Cc1ccc(O[C@@H]2CNC(C(=O)N3CCCN(C4CCCC4)CC3)C2)cc1,0.99253076,train
O=C(CN1CCCN(Cc2nc3ccccc3[nH]2)CC1)Nc1ccc(C(F)(F)F)cc1,0.9823293,val
O=C(CNc1ccccc1C(F)(F)F)N1CCCN(Cc2nc3ccccc3[nH]2)CC1,0.7238885,val
Cc1cccc(Nc2nc(N3CCNCC3)nc3c(C)nn(CCOCC(F)(F)F)c23)n1,0.98934746,test
CCc1nn(CCOCC(F)(F)F)c2c(Nc3ccncn3)nc(N3CCNCC3)nc12,0.976294,train
Cc1nn(CCOCC(F)(F)F)c2c(Nc3ccncn3)nc(N3CCN[C@H](C)C3)nc12,0.9808152,train
CCc1nn(CCOCC(F)(F)F)c2c(Nc3ccncn3)nc(N3CCN[C@H](C)C3)nc12,0.9919111,train
CC(O)C(=O)NC1CC(C)(C)Oc2nc(-c3ccc(Cl)cc3Cl)c(-c3ccc(Cl)cc3)cc21,0.9914967,train
CC1(C)CC(NC(=O)C(C)(C)O)c2cc(-c3ccc(Cl)cc3)c(-c3ccc(Cl)cc3Cl)nc2O1,0.99130964,train
CC1(C)CC(NC(=O)C2(O)CC2)c2cc(-c3ccc(Cl)cc3)c(-c3ccc(Cl)cc3Cl)nc2O1,0.9970408,train
Cc1cc(Cl)ccc1-c1nc2c(cc1-c1ccc(Cl)cc1)C(NC(=O)C(O)C(F)(F)F)CC(C)(C)O2,0.99799395,train
CC1(C)CC(NC(=O)C(C)(O)C(F)(F)F)c2cc(-c3ccc(Cl)cc3)c(-c3ccc(Cl)cc3Cl)nc2O1,0.9987179,train
CC1(C)CC(NC(=O)CC(O)C(F)(F)F)c2cc(-c3ccc(Cl)cc3)c(-c3ccc(Cl)cc3Cl)nc2O1,0.9725964,train
CC1(C)CC(NC(=O)C(F)(F)CO)c2cc(-c3ccc(Cl)cc3)c(-c3ccc(Cl)cc3Cl)nc2O1,0.9500286,train
CCc1cc(C(=O)N[C@@H]2CC(C)(C)Oc3nc(-c4ccc(Cl)cc4Cl)c(-c4ccc(Cl)cc4)cc32)[nH]n1,0.9989656,train
Cc1c[nH]nc1C(=O)N[C@@H]1CC(C)(C)Oc2nc(-c3ccc(Cl)cc3Cl)c(-c3ccc(Cl)cc3)cc21,0.9985886,train
Cc1[nH]nc(C(=O)N[C@@H]2CC(C)(C)Oc3nc(-c4ccc(Cl)cc4Cl)c(-c4ccc(Cl)cc4)cc32)c1C,0.99563664,train
CC1(C)C[C@@H](NC(=O)c2cn[nH]c2)c2cc(-c3ccc(Cl)cc3)c(-c3ccc(Cl)cc3Cl)nc2O1,0.9932446,train
Cc1[nH]ncc1C(=O)N[C@@H]1CC(C)(C)Oc2nc(-c3ccc(Cl)cc3Cl)c(-c3ccc(Cl)cc3)cc21,0.9985617,train
Cc1n[nH]c(C)c1C(=O)N[C@@H]1CC(C)(C)Oc2nc(-c3ccc(Cl)cc3Cl)c(-c3ccc(Cl)cc3)cc21,0.9935275,train
Cc1n[nH]c(C(=O)N[C@@H]2CC(C)(C)Oc3nc(-c4ccc(Cl)cc4Cl)c(-c4ccc(Cl)cc4)cc32)n1,0.9880171,train
CC1(C)C[C@@H](NC(=O)c2[nH]nc3ccccc23)c2cc(-c3ccc(Cl)cc3)c(-c3ccc(Cl)cc3Cl)nc2O1,0.99730706,train
CC1(C)C[C@@H](NC(=O)c2ccc3[nH]ncc3c2)c2cc(-c3ccc(Cl)cc3)c(-c3ccc(Cl)cc3Cl)nc2O1,0.9945267,test
CC(=O)N[C@@H]1CC(C)(C)Oc2nc(-c3ccc(Cl)cc3Cl)c(-c3ccc(Cl)cc3)cc21,0.9964406,train
CC(=O)N[C@H]1CC(C)(C)Oc2nc(-c3ccc(Cl)cc3Cl)c(-c3ccc(Cl)cc3)cc21,0.99040765,train
Cc1cc(C(=O)N[C@@H]2CC(C)(C)Oc3nc(-c4ccc(Cl)cc4Cl)c(-c4ccc(Cl)cc4)cc32)[nH]n1,0.9982406,train
Cc1cc(CN2CCN(c3c(Br)cnc4[nH]c(N5CCN(C)CC5)nc34)CC2)no1,0.938259,train
Cc1cc(CN2CCN(c3c(Cl)cnc4[nH]c(N5CCN(C)CC5)nc34)CC2)no1,0.9405286,train
CCOC(=O)c1cc(-c2ccc3cc(CCN4CCC[C@H]4C)ccc3n2)on1,0.9844558,train
C[C@@H]1CCCN1CCc1ccc2nc(-c3cc[nH]n3)ccc2c1,0.981741,test
C[C@@H]1CCCN1CCc1ccc2nc(-c3cn[nH]c3)ccc2c1,0.98018813,train
Cc1[nH]ncc1-c1ccc2cc(CCN3CCC[C@H]3C)ccc2n1,0.9528942,train
Cc1c(-c2ccc3cc(CCN4CCC[C@H]4C)ccc3n2)cnn1C,0.8801063,train
Cc1nn(C)cc1-c1ccc2cc(CCN3CCC[C@H]3C)ccc2n1,0.94582456,train
Cc1n[nH]c(C)c1-c1ccc2cc(CCN3CCC[C@H]3C)ccc2n1,0.79557407,train
C[C@@H]1CCCN1CCc1ccc2nc(-c3ccoc3)ccc2c1,0.98820275,train
C[C@@H]1CCCN1CCc1ccc2nc(-c3ccsc3)ccc2c1,0.9957568,train
C[C@@H]1CCCN1CCc1ccc2nc(-c3cccs3)ccc2c1,0.9964317,train
C[C@@H]1CCCN1CCc1ccc2nc(-c3cncnc3)ccc2c1,0.94165087,train
COc1ncc(-c2ccc3cc(CCN4CCC[C@H]4C)ccc3n2)cn1,0.9932347,train
Cc1nc(N2CCCC2)ncc1-c1ccc2cc(CCN3CCC[C@H]3C)ccc2n1,0.99770445,train
Cc1cc(-c2ccc3cc(CCN4CCC[C@H]4C)ccc3n2)nc(-c2ccccc2)n1,0.99712366,val
CC1CCN(c2ccc3cc(CCN4CCC[C@H]4C)ccc3n2)CC1,0.9815895,train
C[C@@H]1CCCN1CCc1ccc2nc(-c3ccc(N4CCCCC4)cc3)ccc2c1,0.99078345,train
C[C@@H]1CCCN1CCc1ccc2nc(-c3ccc(-n4ccc(=O)cc4)cc3)ccc2c1,0.9875761,train
C[C@@H]1CCCN1CCc1ccc2nc(-c3cnc(-c4ccccc4)s3)ccc2c1,0.99189246,train
Cc1nc(-c2cccs2)sc1-c1ccc2cc(CCN3CCC[C@H]3C)ccc2n1,0.9963362,train
Cc1nc(-c2cnccn2)sc1-c1ccc2cc(CCN3CCC[C@H]3C)ccc2n1,0.96454793,test
Cc1nc(N2CCOCC2)sc1-c1ccc2cc(CCN3CCC[C@H]3C)ccc2n1,0.84532017,train
Cc1nc(-c2ccccn2)sc1-c1ccc2cc(CCN3CCC[C@H]3C)ccc2n1,0.9713496,val
Cc1nc(-c2cccnc2)sc1-c1ccc2cc(CCN3CCC[C@H]3C)ccc2n1,0.9801971,train
Cc1c(-c2ccc3cc(CCN4CCC[C@H]4C)ccc3n2)nnn1-c1ccc(F)cc1F,0.99760723,val
Cc1c(-c2ccc(Cl)cc2)noc1-c1ccc2cc(CCN3CCC[C@H]3C)ccc2n1,0.9993267,train
Cc1onc(-c2ccc(Cl)cc2)c1-c1ccc2cc(CCN3CCC[C@H]3C)ccc2n1,0.9994149,train
C[C@@H]1CCCN1CCc1ccc2nc(-c3c(-c4ccccc4)nn(C)c3Cl)ccc2c1,0.9912491,test
Cc1onc(-c2ccccc2)c1-c1ccc2cc(CCN3CCC[C@H]3C)ccc2n1,0.9967259,train
C[C@@H]1CCCN1CCc1ccc2nc(-c3nc4ccccc4s3)ccc2c1,0.98991865,val
Cc1c(-c2ccc3cc(CCN4CCC[C@H]4C)ccc3n2)sc2nc3ccccc3n12,0.9973195,test
Cc1c(-c2ccc3cc(CCN4CCC[C@H]4C)ccc3n2)sc2ncnn12,0.731087,train
C[C@@H]1CCCN1CCc1ccc2nc(-c3cn4c(n3)SCC4)ccc2c1,0.99367464,val
Cc1nc2ccccn2c1-c1ccc2cc(CCN3CCC[C@H]3C)ccc2n1,0.99355125,val
C[C@@H]1CCCN1CCc1ccc2nc(-c3ccc4nccnc4c3)ccc2c1,0.98633415,val
Cc1nc2ncccc2cc1-c1ccc2cc(CCN3CCC[C@H]3C)ccc2n1,0.9798797,val
C[C@@H]1CCCN1CCc1ccc2nc(-c3ccc4c(c3)COCO4)ccc2c1,0.9877325,train
C[C@@H]1CCCN1CCc1ccc2nc(-c3ccc(C#N)s3)ccc2c1,0.9988782,train
CCOC(=N)c1ccc(-c2ccc3cc(CCN4CCC[C@H]4C)ccc3n2)s1,0.9974655,train
C[C@@H]1CCCN1CCc1ccc2nc(-c3ccccn3)ccc2c1,0.9908894,val
Cc1nc(-c2ccncc2)sc1-c1ccc2cc(CCN3CCC[C@H]3C)ccc2n1,0.9640733,val
Cc1nc(-c2nc(-c3ccc4cc(CCN5CCC[C@H]5C)ccc4n3)cs2)cs1,0.973272,val
Cc1cc(-c2nc(-c3ccc4cc(CCN5CCC[C@H]5C)ccc4n3)cs2)no1,0.9994147,train
C[C@@H]1CCCN1CCc1ccc2nc(-c3cnc4c(c3)OCO4)ccc2c1,0.98851204,test
Cc1cc2ncc(-c3ccc4cc(CCN5CCC[C@H]5C)ccc4n3)c(C)n2n1,0.9684079,train
C[C@@H]1CCCN1CCc1ccc2nc(-c3ccn4ncnc4n3)ccc2c1,0.98380363,test
CNC[C@@H](O)CCN1c2ccccc2N(c2ccccc2)S1(=O)=O,0.4731808,train
CNC[C@@H](O)CCN1c2ccccc2N(c2c(F)cccc2F)S1(=O)=O,0.20275027,train
CNC[C@@H](O)CCN1c2ccccc2N(c2cc(F)ccc2F)S1(=O)=O,0.51332533,train
O=S(=O)(c1ccccc1)c1ccc(/C=C/c2ccc(F)cc2F)cc1,0.98379725,train
NC(=O)c1ccc(S(=O)(=O)c2ccc(/C=C/c3ccc(F)cc3F)cc2)cc1,0.95156235,train
CC(O)c1ccccc1S(=O)(=O)c1ccc(/C=C/c2ccc(F)cc2)cc1,0.9289741,train
C[C@H](O)c1ccccc1S(=O)(=O)c1ccc(/C=C/c2ccc(F)cc2)cc1,0.90105855,train
O=C(NCCCCN1CCCCC1)Nc1ccc(-c2ccc(F)cc2)nc1,0.86002076,test
COc1ccccc1CC(c1ccccc1)N1CCNCC1,0.3709261,train
CCCOc1ccccc1CC(c1ccccc1)N1CCNCC1,0.6761055,train
CC(C)Oc1ccccc1CC(c1ccccc1)N1CCNCC1,0.3904182,train
c1ccc(C(Cc2ccccc2OC2CC2)N2CCNCC2)cc1,0.47254416,train
c1ccc(C(Cc2ccccc2OCC2CC2)N2CCNCC2)cc1,0.77196217,train
c1ccc(C(Cc2cccc3c2OCC3)N2CCNCC2)cc1,0.2704821,train
FC(F)Oc1ccccc1CC(c1ccccc1)N1CCNCC1,0.64197755,train
FC(F)(F)Oc1ccccc1CC(c1ccccc1)N1CCNCC1,0.6527219,train
COc1c(F)cccc1CC(c1ccccc1)N1CCNCC1,0.4220997,train
COc1cccc(F)c1CC(c1ccccc1)N1CCNCC1,0.3464359,train
Fc1cccc(OC(F)F)c1CC(c1ccccc1)N1CCNCC1,0.7111171,train
COc1ccccc1CC(c1ccccc1F)N1CCNCC1,0.41298762,train
COc1ccccc1CC(c1ccc(F)cc1)N1CCNCC1,0.6088614,train
Fc1ccccc1C(Cc1ccccc1OC(F)F)N1CCNCC1,0.68147254,train
Fc1cccc(C(Cc2ccccc2OC(F)F)N2CCNCC2)c1,0.80907685,train
Fc1ccc(C(Cc2ccccc2OC(F)F)N2CCNCC2)cc1,0.82558995,train
Fc1ccccc1C(Cc1ccccc1OC(F)(F)F)N1CCNCC1,0.6915993,train
Fc1cccc(C(Cc2ccccc2OC(F)(F)F)N2CCNCC2)c1,0.81624055,train
Fc1ccc(C(Cc2ccccc2OC(F)(F)F)N2CCNCC2)cc1,0.83226264,train
COc1ccc(S(=O)(=O)N2CC(C(=O)N3CCCNCC3)c3ccccc32)c2ccccc12,0.51979715,val
CN1C[C@@H]2C[C@H]1CN2c1ccc(-c2ccc3occc3c2)nn1,0.99645317,val
CN1C[C@@H]2C[C@H]1CN2c1ccc(-c2ccc3sccc3c2)nn1,0.9987779,train
CN1C[C@@H]2C[C@H]1CN2c1ccc(-c2ccc3[nH]ccc3c2)nn1,0.9970125,train
CN1C[C@@H]2C[C@H]1CN2c1ccc(-c2ccc3[nH]c(C(F)(F)F)cc3c2)nn1,0.99948525,train
CN1C[C@@H]2C[C@H]1CN2c1ccc(-c2ccc3cc[nH]c3c2)nn1,0.99688846,val
Cc1cc2cc(-c3ccc(N4C[C@@H]5C[C@H]4CN5C)nn3)ccc2[nH]1,0.9959745,train
CN1C[C@@H]2C[C@H]1CN2c1cnc(-c2ccccc2)cn1,0.9888809,train
CN1C[C@@H]2C[C@H]1CN2c1cnc(-c2ccc3occc3c2)cn1,0.9916819,train
CN1C[C@@H]2C[C@H]1CN2c1cnc(-c2ccc3sccc3c2)cn1,0.9971418,test
CN1C[C@@H]2C[C@H]1CN2c1cnc(-c2ccc3[nH]ccc3c2)cn1,0.99298954,train
CN1C[C@@H]2C[C@H]1CN2c1cnc(-c2ccc3[nH]c(C(F)(F)F)cc3c2)cn1,0.99879444,train
CN1C[C@@H]2C[C@H]1CN2c1cnc(-c2ccc3cc[nH]c3c2)cn1,0.9927188,train
CN1C[C@@H]2C[C@H]1CN2c1ncc(-c2ccccc2)cn1,0.9963839,test
CN1C[C@@H]2C[C@H]1CN2c1ncc(-c2ccc3occc3c2)cn1,0.9973448,test
CN1C[C@@H]2C[C@H]1CN2c1ncc(-c2ccc3sccc3c2)cn1,0.9990646,test
CN1C[C@@H]2C[C@H]1CN2c1ncc(-c2ccc3[nH]ccc3c2)cn1,0.9977881,train
CN1C[C@@H]2C[C@H]1CN2c1ncc(-c2ccc3[nH]c(C(F)(F)F)cc3c2)cn1,0.99961203,train
CN1C[C@@H]2C[C@H]1CN2c1ncc(-c2cccc3[nH]ccc23)cn1,0.99791044,test
CN1C[C@@H]2C[C@H]1CN2c1ccc(-c2ccccc2)cn1,0.9973814,train
CN1C[C@@H]2C[C@H]1CN2c1ccc(-c2ccc3occc3c2)cn1,0.9984781,train
CN1C[C@@H]2C[C@H]1CN2c1ccc(-c2ccc3sccc3c2)cn1,0.99941194,train
CN1C[C@@H]2C[C@H]1CN2c1ccc(-c2ccc3[nH]ncc3c2)cn1,0.9962845,train
CN1C[C@@H]2C[C@H]1CN2c1ccc(-c2ccc3[nH]ccc3c2)cn1,0.9987293,train
CN1C[C@@H]2C[C@H]1CN2c1ccc(-c2ccc3[nH]c(C(F)(F)F)cc3c2)cn1,0.9997763,train
CN1C[C@@H]2C[C@H]1CN2c1ccc(-c2cccc3[nH]ccc23)cn1,0.9984647,val
CN1C[C@@H]2C[C@H]1CN2c1ccc(-c2ccc3cc[nH]c3c2)cn1,0.9987043,train
CC1(C)CC(NC(=O)CCO)c2cc(-c3ccc(Cl)cc3)c(-c3ccc(Cl)cc3Cl)nc2O1,0.9809871,train
CN1c2nc(-c3ccc(Cl)cc3Cl)c(-c3ccc(Cl)cc3)cc2C(C(=O)NCO)CC1(C)C,0.967163,train
Cn1nccc1-c1cc(NC(=O)c2ccc(F)cc2F)ccc1OCCN1CCOCC1,0.59492815,train
Cn1nccc1-c1cc(NC(=O)c2cccc(C(F)(F)F)c2)ccc1OCCN1CCOCC1,0.8752787,train
COc1cccc(C(=O)Nc2ccc(OCCN3CCOCC3)c(-c3ccnn3C)c2)c1,0.42186192,train
CC(=O)N1CCN(CCOc2ccc(NC(=O)c3cccc(F)c3)cc2-c2ccnn2C)CC1,0.23771007,test
C[C@@H]1CCCN1CCc1cc2cc(-c3ccc(C#N)cc3)ccc2o1,0.99800795,val
C[C@@H]1CCCN1CCc1ccc2nc(-c3ccc(C#N)cc3)ccc2c1,0.99875414,val
C[C@@H]1CCCN1CCc1ccc2ncccc2c1,0.9500373,train
Cc1ccc2cc(CCN3CCC[C@H]3C)ccc2n1,0.86502993,train
C[C@@H]1CCCN1CCc1ccc2nc(C3CC3)ccc2c1,0.98552203,train
C[C@@H]1CCCN1CCc1ccc2nc(C(C)(C)C)ccc2c1,0.9859784,train
C[C@@H]1CCCN1CCc1ccc2nc(-c3nccs3)ccc2c1,0.98089176,test
C[C@@H]1CCCN1CCc1ccc2nc(C3=NCCS3)ccc2c1,0.99240065,val
Cc1nc(C)c(-c2ccc3cc(CCN4CCC[C@H]4C)ccc3n2)s1,0.90024173,train
C[C@@H]1CCCN1CCc1ccc2nc(-c3cccnc3)ccc2c1,0.9876397,train
C[C@@H]1CCCN1CCc1ccc2nc(-c3ccncc3)ccc2c1,0.9830819,train
C[C@@H]1CCCN1CCc1ccc2nc(-c3ccc(Cl)nc3)ccc2c1,0.9947101,train
Cc1ccc(-c2ccc3cc(CCN4CCC[C@H]4C)ccc3n2)cn1,0.9711689,train
Cc1ccc(-c2ccc3cc(CCN4CCC[C@H]4C)ccc3n2)c(C)n1,0.9818823,train
Cc1nc(C)c(-c2ccc3cc(CCN4CCC[C@H]4C)ccc3n2)cc1C#N,0.98943883,train
Cc1nc(C)c(-c2ccc3cc(CCN4CCC[C@H]4C)ccc3n2)cc1C(N)=O,0.94721925,train
C[C@@H]1CCCN1CCc1ccc2nc(-c3c(C(F)(F)F)[nH]ccc3=O)ccc2c1,0.992277,train
C[C@@H]1CCCN1CCc1ccc2nc(-c3cnccn3)ccc2c1,0.9735588,train
C[C@@H]1CCCN1CCc1ccc2nc(-c3csc(-c4cc(Cl)nc(Cl)c4)n3)ccc2c1,0.9993808,test
C[C@@H]1CCCN1CCc1ccc2nc(-c3csc(-c4ccccc4)n3)ccc2c1,0.99877197,test
C[C@@H]1CCCN1CCc1ccc2nc(-c3csc(-c4ccc(OCC(F)(F)F)nc4)n3)ccc2c1,0.9998839,val
Cc1ccc(-c2ccc(-c3ccc4cc(CCN5CCC[C@H]5C)ccc4n3)s2)s1,0.99983716,train
Cc1c(-c2ccc3cc(CCN4CCC[C@H]4C)ccc3n2)cnn1-c1ccc(Cl)c(Cl)c1,0.99868697,test
Cc1c(-c2ccc3cc(CCN4CCC[C@H]4C)ccc3n2)cnn1-c1ccccn1,0.99378043,train
Cc1cc(C(F)(F)F)cc(-n2ncc(-c3ccc4cc(CCN5CCC[C@H]5C)ccc4n3)c2C)n1,0.9958046,train
CCOc1ccc(-n2ncc(-c3ccc4cc(CCN5CCC[C@H]5C)ccc4n3)c2C)nn1,0.9942186,train
Cc1c(-c2ccc3cc(CCN4CCC[C@H]4C)ccc3n2)cnn1-c1ccc(N(C)C)nn1,0.991553,train
Cc1nc(C)c(-c2ccc3cc(CCN4CCC[C@H]4C)ccc3n2)o1,0.85851485,val
C[C@@H]1CCCN1CCc1ccc2nc(-c3cc(Br)no3)ccc2c1,0.99921453,train
CCOC(=O)c1c(C)noc1-c1ccc2cc(CCN3CCC[C@H]3C)ccc2n1,0.9902862,train
O=C(O)c1ccccc1Oc1ccc(Cl)cc1NS(=O)(=O)c1ccc(Cl)c(Cl)c1,0.7204493,test
Nc1ncc(-c2cnn(C3CCNCC3)c2)cc1-c1nc2ccccc2o1,0.59418535,train
O=C(c1ccc(Oc2ccc(F)cc2)cn1)N1CCCN(C2CCC2)CC1,0.9321114,test
O=C(c1ccc(Oc2cccc(F)c2)nc1)N1CCCN(C2CCC2)CC1,0.8998662,train
N#Cc1cccc(Oc2ccc(C(=O)N3CCCN(C4CCC4)CC3)cn2)c1,0.86232865,train
O=C(c1ccc(Oc2cccc(Cl)c2)nc1)N1CCCN(C2CCC2)CC1,0.938415,train
O=C(c1ccc(Oc2ccc(Cl)cc2)nc1)N1CCCN(C2CCC2)CC1,0.963103,train
c1ccc(N2CCN(CCCCCCN3CCN(c4ccccc4)CC3)CC2)cc1,0.9522104,train
Cc1cccc(N2CCN(CCCCCCN3CCN(c4cccc(C)c4)CC3)CC2)c1,0.98473746,train
COc1cccc(N2CCN(CCCCCCN3CCN(c4cccc(OC)c4)CC3)CC2)c1,0.9584954,train
Clc1cccc(N2CCN(CCCCCCN3CCN(c4cccc(Cl)c4)CC3)CC2)c1,0.9980959,train
c1ccc(N2CCN(CCCCCCN3CCN(c4ccccn4)CC3)CC2)cc1,0.92337024,train
Cc1cccc(N2CCN(CCCCCCN3CCN(c4ccccc4)CC3)CC2)n1,0.9502595,train
Cc1cccc(N2CCN(CCCCCCN3CCN(c4ccccc4)CC3)CC2)c1,0.9730734,train
c1ccc(N2CCN(CCCCCCN3CCN(c4ccnc5ccccc45)CC3)CC2)cc1,0.96210754,train
Cc1cccc(N2CCN(CCCCCCN3CCN(c4ccccn4)CC3)CC2)c1,0.9590702,train
Cc1cccc(N2CCN(CCCCCCN3CCN(c4cccc(C)n4)CC3)CC2)c1,0.9726615,train
Cc1cccc(N2CCN(CCCCCCN3CCN(c4ccnc5ccccc45)CC3)CC2)c1,0.98074096,train
COc1cccc(N2CCN(CCCCCCN3CCN(c4cccc(Cl)c4)CC3)CC2)c1,0.9916037,train
CC(C)COc1ccc(S(C)(=O)=O)cc1C(=O)N1CCN(c2ccc(C#N)cc2F)CC1,0.8838842,train
CC(C)Oc1ccc(S(C)(=O)=O)cc1C(=O)N1CCN(c2ccc(C#N)cc2F)CC1,0.8651847,train
CS(=O)(=O)c1ccc(OCC(F)(F)F)c(C(=O)N2CCN(c3ccc(C#N)cc3F)CC2)c1,0.94405377,train
CC(Oc1ccc(S(C)(=O)=O)cc1C(=O)N1CCN(c2ccc(C#N)cc2F)CC1)C(F)(F)F,0.8764674,train
CC(Oc1ccc(S(C)(=O)=O)cc1C(=O)N1CCN(c2ccc(C#N)cc2)CC1)C(F)(F)F,0.9154623,train
CC(Oc1ccc(S(C)(=O)=O)cc1C(=O)N1CCN(c2ccc(C(F)(F)F)cc2)CC1)C(F)(F)F,0.93609047,train
CC(Oc1ccc(S(C)(=O)=O)cc1C(=O)N1CCN(c2ccc(C(F)(F)F)cc2F)CC1)C(F)(F)F,0.89186627,train
CC(Oc1ccc(S(C)(=O)=O)cc1C(=O)N1CCN(c2ccc(C(F)(F)F)cn2)CC1)C(F)(F)F,0.77046967,train
CC(Oc1ccc(S(C)(=O)=O)cc1C(=O)N1CCN(c2ncc(C(F)(F)F)cc2F)CC1)C(F)(F)F,0.55978197,train
CC(Oc1ccc(S(C)(=O)=O)cc1C(=O)N1CCN(c2ncc(C(F)(F)F)cc2Cl)CC1)C(F)(F)F,0.8084961,train
C[C@H](Oc1ccc(S(C)(=O)=O)cc1C(=O)N1CCN(c2ncc(C(F)(F)F)cc2F)CC1)C(C)(C)C,0.032011162,train
C[C@@H](Oc1ccc(S(C)(=O)=O)cc1C(=O)N1CCN(c2ncc(C(F)(F)F)cc2F)CC1)C(C)(C)C,0.037689436,train
Cc1ncoc1-c1nnc(SCCCN2CC3CC3(c3ccc(S(F)(F)(F)(F)F)cc3)C2)n1C,0.99995077,train
Cc1ncoc1-c1nnc(SCCCN2CC3CC3(c3cccc(S(F)(F)(F)(F)F)c3)C2)n1C,0.99996555,train
O=C(C1CCOC1)N1C[C@@H]2[C@H](CNc3nc(-c4ccccn4)cs3)[C@@H]2C1,0.33005413,test
c1cncc(-c2ccccc2O[C@H]2C[C@@H]3CNC[C@H]2C3)c1,0.99112177,train
Oc1cncc(-c2ccccc2O[C@H]2C[C@@H]3CNC[C@H]2C3)c1,0.961145,train
Fc1ccncc1-c1ccccc1O[C@H]1C[C@@H]2CNC[C@H]1C2,0.9956422,train
Cc1c(C(=O)NCCCN2CCN(c3cccc(Cl)c3Cl)CC2)cc(-c2ccccc2)n1C,0.9658305,train
CCCn1c(-c2ccccc2)cc(C(=O)NCCCN2CCN(c3cccc(Cl)c3Cl)CC2)c1C,0.9949751,train
CCCn1c(-c2ccccc2)cc(C(=O)N(C)CCCN2CCN(c3cccc(C)c3C)CC2)c1C,0.98993707,train
Cc1c(C(=O)N(C)CCCN2CCN(c3cccc(Cl)c3Cl)CC2)cc(-c2ccccc2)n1C,0.9640927,train
Cc1[nH]c(-c2ccccc2)cc1C(=O)NCCCN1CCN(c2cccc(Cl)c2Cl)CC1,0.9705207,train
Cc1[nH]c(-c2ccccn2)cc1C(=O)NCCCN1CCN(c2cccc(Cl)c2Cl)CC1,0.9112254,train
Cc1c(C(=O)NCCCN2CCN(c3cccc(Cl)c3Cl)CC2)cc(-c2ccccn2)n1C,0.9016565,train
CCCn1c(-c2ccccn2)cc(C(=O)NCCCN2CCN(c3cccc(Cl)c3Cl)CC2)c1C,0.9882356,train
Cc1c(C(=O)NCCCN2CCN(c3cccc(Cl)c3Cl)CC2)cc(-c2cccnc2)n1C,0.916213,train
Cc1cccc(N2CCN(CCNC(=O)c3cc(C(C)(C)C)n(C)c3C)CC2)c1C,0.4587851,train
Cc1c(C(=O)NCCN2CCN(c3cccc(Cl)c3Cl)CC2)cc(C(C)(C)C)n1C,0.6598271,train
N#Cc1ccc(N2N=C(c3ccc4[nH]c(=O)oc4c3)C[C@@H]2c2ccc(F)cc2)cc1,0.99653995,train
CN(C)CCN(C)C(=O)c1ccc(C2=NN(c3ccc(C#N)cc3)C(c3ccc(F)cc3)C2)cc1,0.9973248,test
NC(=O)c1cnc(-c2cnc3c(Nc4ccc(C(F)(F)F)cn4)ccnc3n2)c(C(F)(F)F)c1,0.885768,train
Cn1cc(Br)c(C(=O)N2CCN(CC(=O)c3ccc(F)cc3)CC2)n1,0.2843291,train
Cn1cc(Cl)c(C(=O)N2CCN(CC(=O)c3ccc(F)cc3)CC2)n1,0.28916502,train
CC(C)c1ccc(S(=O)(=O)Nc2ccc([C@@]34C[C@@H]3CN(C)C4)cc2)cc1,0.99126136,train
CCN1C[C@H]2C[C@@]2(c2ccc(NS(=O)(=O)c3ccc(C(C)C)cc3)cc2)C1,0.998689,train
C=CCN1C[C@H]2C[C@@]2(c2ccc(NS(=O)(=O)c3ccc(C(C)C)cc3)cc2)C1,0.99922276,train
COc1cc([C@]23CNC[C@H]2C3)ccc1NS(=O)(=O)c1ccc(C(C)C)cc1,0.96609926,train
O=S(=O)(Nc1ccc([C@]23CNC[C@H]2C3)cc1)c1ccc(C(F)(F)F)cc1,0.99972206,train
O=S(=O)(Nc1ccc([C@]23CNC[C@H]2C3)cc1)c1ccc(OC(F)(F)F)cc1,0.9996848,train
CC(C)c1ccc(S(=O)(=O)Cc2ccc([C@]34CNC[C@H]3C4)cc2)cc1,0.99469537,test
CC(C)c1ccc(CS(=O)(=O)c2ccc([C@]34CNC[C@H]3C4)cc2)cc1,0.9947783,train
CCCCc1ccc(S(=O)(=O)Nc2ccc([C@]34CNC[C@H]3C4)cc2)cc1,0.999534,train
CCC(C)(C)c1ccc(S(=O)(=O)Nc2ccc([C@]34CNC[C@H]3C4)cc2)cc1,0.9992939,train
CC(C)c1ccc(S(=O)(=O)Nc2ccc(C34CNCC3C4)cc2)cc1,0.9565521,train
Cc1ccc(CN2[C@@H]3CC[C@H]2C[C@@H](Oc2cccc(C(N)=O)c2)C3)s1,0.99539775,train
NC(=O)c1cccc(O[C@H]2C[C@H]3CC[C@@H](C2)N3CC2CCCCC2)c1,0.9818647,train
NC(=O)c1cccc(O[C@H]2C[C@H]3CC[C@@H](C2)N3Cc2ccccc2)c1,0.99160916,train
NC(=O)c1cccc(O[C@@H]2C[C@H]3CC[C@@H](C2)N3Cc2ccccc2)c1,0.9972031,train
NC(=O)c1cccc(C[C@H]2C[C@H]3CC[C@@H](C2)N3Cc2ccccc2)c1,0.97305626,train
NC(=O)c1cccc(C[C@@H]2C[C@H]3CC[C@@H](C2)N3Cc2ccccc2)c1,0.9912587,train
NC(=O)c1cccc(S[C@H]2C[C@H]3CC[C@@H](C2)N3Cc2ccccc2)c1,0.9983285,test
NC(=O)c1cccc([S+]([O-])[C@H]2C[C@H]3CC[C@@H](C2)N3Cc2ccccc2)c1,0.80455095,test
NC(=O)c1cccc(N[C@H]2C[C@H]3CC[C@@H](C2)N3Cc2ccccc2)c1,0.97659576,train
NC(=O)c1ccnc(O[C@H]2C[C@H]3CC[C@@H](C2)N3Cc2ccccc2)c1,0.98255503,train
NC(=O)c1cc(O[C@H]2C[C@H]3CC[C@@H](C2)N3Cc2ccccc2)ccn1,0.9818412,train
NC(=O)c1cncc(O[C@H]2C[C@H]3CC[C@@H](C2)N3Cc2ccccc2)c1,0.96362144,train
NC(=O)c1cccc(O[C@H]2C[C@H]3CC[C@@H](C2)N3Cc2ccccc2)n1,0.97183335,train
NC(=O)c1cncc(O[C@H]2C[C@H]3CC[C@@H](C2)N3Cc2ccccc2)n1,0.73812443,train
NC(=O)c1cc(F)cc(O[C@H]2C[C@H]3CC[C@@H](C2)N3Cc2ccccc2)c1,0.996252,train
Cc1cc(O[C@H]2C[C@H]3CC[C@@H](C2)N3Cc2ccccc2)cc(C(N)=O)c1,0.9937312,train
Cc1c(O[C@H]2C[C@H]3CC[C@@H](C2)N3Cc2ccccc2)cccc1C(N)=O,0.98758274,train
NC(=O)c1ccccc1O[C@H]1C[C@H]2CC[C@@H](C1)N2Cc1ccccc1,0.98227924,train
NC(=O)c1ccc(O[C@H]2C[C@H]3CC[C@@H](C2)N3Cc2ccccc2)cc1,0.98981315,train
Cc1cc(C(N)=O)ccc1O[C@H]1C[C@H]2CC[C@@H](C1)N2Cc1ccccc1,0.9890258,train
NC(=O)c1ccc(O[C@H]2C[C@H]3CC[C@@H](C2)N3Cc2ccccc2)c(F)c1,0.98981816,train
NC(=O)c1ccc(O[C@H]2C[C@H]3CC[C@@H](C2)N3Cc2ccccc2)nc1,0.9782526,train
Oc1cccc(O[C@H]2C[C@H]3CC[C@@H](C2)N3Cc2ccccc2)c1,0.99478287,train
CCCC1(C(=O)c2cc(F)c3[nH]ccc3c2)CCCN1,0.8149501,train
CCCC1(C(=O)c2ccc(Cl)c(Cl)c2)CCCN1,0.8894526,train
CC(C)c1ccc(S(=O)(=O)Nc2ccc([C@]34CNC[C@H]3C4)cc2)cc1,0.9970004,train
CC(C)N1CC(C(=O)Nc2ccc(Cl)cn2)C(C(=O)Nc2ccc(-n3ccccc3=O)cc2F)C1,0.43931568,val
CN(C(=O)CC[C@@H](C1CCCCC1)N1Cc2cc(Oc3ccccc3)ccc2N=C1N)C1CCCCC1,0.9930495,test
CC[C@@H](CC(=O)NCC1CCCCC1)n1c(N)nc2cc(Cl)ccc21,0.98976105,train
Cc1c(C(=O)NN2CCCCC2)nn(-c2ccc(Cl)cc2Cl)c1-c1ccc(Cl)cc1,0.9933496,train
C[C@H](NC(=O)C(C)(C)Oc1ccc(C(F)(F)F)cn1)[C@@H](Cc1ccc(Cl)cc1)c1cccc(C#N)c1,0.31590208,test
CC(C)(C)c1nnc(-c2nn(-c3ccccc3Cl)c(-c3ccc(Br)cc3)c2Cn2cncn2)s1,0.95263,val
Cc1ccc2c(N3CCN(CCc4cccc5c4OCc4nccn4-5)CC3)cccc2n1,0.92561364,train
Cc1cn2c(n1)COc1c(CCN3CCN(c4cccc5nc(C)ccc45)CC3)cccc1-2,0.9475788,train
Cc1ccc2c(N3CCN(CCc4cccc5c4OCc4nc(C)c(C)n4-5)CC3)cccc2n1,0.84169173,train
Cc1ccc2c(N3CCN(CCc4cccc5c4OCc4nc(C(F)(F)F)cn4-5)CC3)cccc2n1,0.9101711,train
Cc1ccc2c(N3CCN(CCc4cccc5c4OCc4cncn4-5)CC3)cccc2n1,0.98429525,train
Cc1ccc2c(N3CCN(CCc4cccc5c4OCc4nnc(C)n4-5)CC3)cccc2n1,0.7386876,val
Cc1ccc2c(N3CCN(CCc4cccc5c4OCc4c(C)nnn4-5)CC3)cccc2n1,0.969738,train
Cc1ccc2c(N3CCN(CCc4cccc5c4OCc4nnnn4-5)CC3)cccc2n1,0.93839854,val
CCOC(=O)c1ncn2c1COc1c(CCN3CCN(c4cccc5nc(C)ccc45)CC3)cccc1-2,0.9833174,train
CC(=O)c1ncn2c1COc1c(CCN3CCN(c4cccc5nc(C)ccc45)CC3)cccc1-2,0.92103213,train
CO/N=C(\C)c1ncn2c1COc1c(CCN3CCN(c4cccc5nc(C)ccc45)CC3)cccc1-2,0.99812645,train
Cc1ccc2c(N3CCN(CCc4cccc5c4OCc4c(C(=O)N(C)C)ncn4-5)CC3)cccc2n1,0.9122508,train
Cc1ccc2c(N3CCN(CCc4cccc5c4OCc4c(C#N)ncn4-5)CC3)cccc2n1,0.9656273,train
Cc1ccc2c(N3CCN(CCc4cccc5c4OCc4c(C(N)=O)ncn4-5)CC3)cccc2n1,0.8647633,train
Cc1ccc2c(N3CCN(CCc4cccc5c4OCc4c(C(=O)NC(C)C)ncn4-5)CC3)cccc2n1,0.94346225,train
Cc1ccc2c(N3CCN(CCc4cccc5c4OCc4c(C(=O)NC6CC6)ncn4-5)CC3)cccc2n1,0.92690563,test
Cc1ccc2c(N3CCN(CCc4cccc5c4OCc4c(C(=O)NC6CCC6)ncn4-5)CC3)cccc2n1,0.9372178,val
Cc1ccc2c(N3CCN(CCc4cccc5c4OCc4c(C(=O)NC6CCCC6)ncn4-5)CC3)cccc2n1,0.95631623,train
Cc1ccc2c(N3CCN(CCc4cccc5c4OCc4c(C(=O)NCC6CC6)ncn4-5)CC3)cccc2n1,0.9298804,test
Cc1ccc2c(N3CCN(CCc4cccc5c4OCc4c(C(=O)N6CCC6)ncn4-5)CC3)cccc2n1,0.92885035,test
Cc1ccc2c(N3CCN(CCc4cccc5c4OCc4c(C(=O)N6CCCC6)ncn4-5)CC3)cccc2n1,0.9458712,train
Cc1ccc2c(N3CCN(CCc4cccc5c4OCc4c(C(=O)N6CCCCC6)ncn4-5)CC3)cccc2n1,0.9201204,train
Cc1ccc2c(N3CCN(CCc4cccc5c4OCc4c(C(=O)N6CCOCC6)ncn4-5)CC3)cccc2n1,0.6492089,val
CNC(=O)c1ncn2c1COc1c(CCN3CCN(c4cccc5nc(C)ccc45)CC3)cccc1-2,0.87351507,train
C[C@H]1Cc2c([nH]c3cc(Cl)c(F)cc23)[C@@]2(N1)C(=O)Nc1ccc(Cl)cc12,0.95547813,test
NC(=O)c1cccc(O[C@@H]2C[C@H]3CC[C@@H](C2)N3Cc2cccs2)c1,0.9964869,train
Cc1ccc(CN2[C@@H]3CC[C@H]2C[C@H](Oc2cccc(C(N)=O)c2)C3)s1,0.9981153,train
Cc1ccc(CN2[C@@H]3CC[C@H]2C[C@H](Oc2cccc(C(N)=O)c2)C3)o1,0.9958478,train
NC(=O)c1cccc(O[C@@H]2C[C@H]3CC[C@@H](C2)N3CCc2ccccc2)c1,0.99925786,train
NC(=O)c1cccc(O[C@@H]2C[C@H]3CC[C@@H](C2)N3CCCc2ccccc2)c1,0.9991315,train
Cc1ccc(CN2[C@@H]3CC[C@H]2C[C@H](Oc2cccc(C(N)=O)c2)C3)cc1,0.99892884,train
Cc1cccc(CN2[C@@H]3CC[C@H]2C[C@H](Oc2cccc(C(N)=O)c2)C3)c1,0.9983614,train
Cc1ccccc1CN1[C@@H]2CC[C@H]1C[C@H](Oc1cccc(C(N)=O)c1)C2,0.99762815,train
NC(=O)c1cccc(O[C@@H]2C[C@H]3CC[C@@H](C2)N3Cc2ccncc2)c1,0.996075,train
NC(=O)c1cccc(O[C@@H]2C[C@H]3CC[C@@H](C2)N3Cc2cccnc2)c1,0.98872244,train
NC(=O)c1cccc(O[C@@H]2C[C@H]3CC[C@@H](C2)N3Cc2ccccn2)c1,0.9934668,val
NC(=O)c1cccc(O[C@@H]2C[C@H]3CC[C@@H](C2)N3CC2CC2)c1,0.9936144,train
NC(=O)c1cccc(O[C@@H]2C[C@H]3CC[C@@H](C2)N3CC2CCCCC2)c1,0.9935962,train
NC(=O)c1cccc(O[C@@H]2C[C@H]3CC[C@@H](C2)N3Cc2ccc3c(c2)OCO3)c1,0.99904543,train
CS(=O)(=O)Cc1ccc(CN2[C@@H]3CC[C@H]2C[C@H](Oc2cccc(C(N)=O)c2)C3)cc1,0.99675506,train
NC(=O)c1cccc(O[C@@H]2C[C@H]3CC[C@@H](C2)N3CC(=O)Nc2ccccc2)c1,0.9649151,val
CC(c1ccccc1)N1[C@@H]2CC[C@H]1C[C@H](Oc1cccc(C(N)=O)c1)C2,0.9948348,train
Cc1ccc(C(C)N2[C@@H]3CC[C@H]2C[C@H](Oc2cccc(C(N)=O)c2)C3)s1,0.9972209,train
Cc1ccccc1C(C)N1[C@@H]2CC[C@H]1C[C@H](Oc1cccc(C(N)=O)c1)C2,0.9942932,train
NC(=O)c1cccc(O[C@@H]2C[C@H]3CC[C@@H](C2)N3C2CCCc3ccccc32)c1,0.998922,val
NC(=O)c1cccc(O[C@@H]2C[C@H]3CC[C@@H](C2)N3C2CCCCC2)c1,0.9971564,train
CC(C)(c1ccccc1)N1[C@@H]2CC[C@H]1C[C@H](Oc1cccc(C(N)=O)c1)C2,0.99136984,train
NC(=O)c1cccc(O[C@@H]2C[C@H]3CC[C@@H](C2)N3C2(c3ccccc3)CC2)c1,0.989427,val
CC(c1ccncc1)N1[C@@H]2CC[C@H]1C[C@H](Oc1cccc(C(N)=O)c1)C2,0.98825806,train
C[C@H](c1ccccc1)N1[C@@H]2CC[C@H]1C[C@H](Oc1cccc(C(N)=O)c1)C2,0.99160814,train
C[C@@H](c1ccccc1)N1[C@@H]2CC[C@H]1C[C@H](Oc1cccc(C(N)=O)c1)C2,0.99958557,train
COc1cccc([C@@H](C)N2[C@@H]3CC[C@H]2C[C@H](Oc2cccc(C(N)=O)c2)C3)c1,0.9997491,train
Cc1ccc([C@@H](C)N2[C@@H]3CC[C@H]2C[C@H](Oc2cccc(C(N)=O)c2)C3)cn1,0.99907947,train
C[C@H](c1ccnc(Cl)c1)N1[C@@H]2CC[C@H]1C[C@H](Oc1cccc(C(N)=O)c1)C2,0.9947842,train
C[C@H](c1ccc(Cl)nc1)N1[C@@H]2CC[C@H]1C[C@H](Oc1cccc(C(N)=O)c1)C2,0.99634856,train
Cc1ccc([C@@H](C)N2[C@@H]3CC[C@H]2C[C@H](Oc2cccc(C(N)=O)c2)C3)s1,0.99966395,train
O=C1NCc2ccc(OCCCN3CCN(c4cccc5cc(F)ccc45)CC3)cc21,0.94723284,train
c1ccc2c(N3CCN(CCCOc4ccc5c(c4)CNC5)CC3)cccc2c1,0.8752481,train
O=C1NCc2ccc(OCCCN3CCN(c4cccc5cc(F)c(F)cc45)CC3)cc21,0.92013675,train
Fc1ccc2cccc(N3CCN(CCCOc4ccc5c(c4)CNC5)CC3)c2c1,0.9526859,train
O=C1NCc2ccc(OCCCCN3CCN(c4cccc5cc(F)ccc45)CC3)cc21,0.9693168,train
O=C1NCc2ccc(OCCCN3CCN(c4cccc5cccc(F)c45)CC3)cc21,0.9562715,train
c1ccc2c(N3CCN(CCCCOc4ccc5c(c4)CNC5)CC3)cccc2c1,0.9316781,train
Fc1ccc2cccc(N3CCN(CCCCOc4ccc5c(c4)CNC5)CC3)c2c1,0.9750704,train
O=C1NCc2ccc(OCCCCN3CCN(c4cccc5ccccc45)CC3)cc21,0.9256242,train
O=C1NCc2ccc(OCCCCN3CCN(c4cccc5cc(F)c(F)cc45)CC3)cc21,0.95616406,train
O=C1NCc2ccc(OCCCCN3CCN(c4cccc5cccc(F)c45)CC3)cc21,0.9746713,train
O=C1NCc2ccc(OCCCN3CCN(c4cccc5ccccc45)CC3)cc21,0.8657867,train
O=C1NCc2ccc(OCCCN3CCN(c4cccc5ccc(F)cc45)CC3)cc21,0.94779366,train
Cc1ncoc1-c1nnc(SCCCN2CCC3CC3(c3ccccc3)C2)n1C,0.9742507,train
Cc1ncoc1-c1nnc(SCCCN2CCC3(c4ccccc4)CC3C2)n1C,0.97383887,train
Cc1ncoc1-c1nnc(SCCCN2CCC3CC3(c3ccc(C(F)(F)F)cc3)C2)n1C,0.9973755,train
Cc1ncoc1-c1nnc(SCCCN2CCC3(c4ccc(C(F)(F)F)cc4)CC3C2)n1C,0.9968079,train
Cc1ncoc1-c1nnc(SCCCN2CCC3CC3(c3cccc(C(F)(F)F)c3)C2)n1C,0.99755126,train
Cc1ncoc1-c1nnc(SCCCN2CCC3(c4cccc(C(F)(F)F)c4)CC3C2)n1C,0.99748755,train
Cc1ncoc1-c1nnc(SCCCN2CCC3CC3(c3ccc(C(F)(F)F)cc3)CC2)n1C,0.99687237,train
Cc1nc(C)c(-c2nnc(SCCCN3CCC4CC4(c4ccc(C(F)(F)F)cc4)CC3)n2C)o1,0.9955445,train
Cc1nc(C)c(-c2nnc(SCCCN3CCC4CC4(c4ccc(C(F)(F)F)cc4)CC3)n2C)s1,0.99603903,train
Cn1c(SCCCN2CCC3CC3(c3ccc(C(F)(F)F)cc3)CC2)nnc1-c1ccnnc1,0.9981123,train
Cc1ncoc1-c1nnc(SCCCN[C@@H]2CC[C@]3(c4ccc(C(F)(F)F)cc4)CC23)n1C,0.9991628,train
Cc1ncoc1-c1nnc(SCCCN[C@H]2CC[C@]3(c4ccc(C(F)(F)F)cc4)CC23)n1C,0.99734074,train
Cc1ncoc1-c1nnc(SCCCN[C@@H]2CC[C@]3(c4ccc(C(F)(F)F)cc4F)CC23)n1C,0.9989191,train
Cc1ncoc1-c1nnc(SCCCN[C@@H]2CC3C[C@]3(c3ccc(C(F)(F)F)cc3F)C2)n1C,0.99828774,train
Cc1ncoc1-c1nnc(SCCCN2CCC3(CCCc4cc(Br)ccc43)C2)n1C,0.99531674,train
Cc1ncoc1-c1nnc(SCCCN2CCC3(CCCc4ccc(Br)cc43)C2)n1C,0.99592775,train
COc1ccc2c(c1)CCCC21CCN(CCCSc2nnc(-c3ocnc3C)n2C)C1,0.96017873,train
COc1cccc2c1CCCC21CCN(CCCSc2nnc(-c3ocnc3C)n2C)C1,0.9762734,train
COc1ccc2c(c1)C1(CCC2)CCN(CCCSc2nnc(-c3ocnc3C)n2C)C1,0.9748591,train
Cc1ncoc1-c1nnc(SCCCN2CCC3(CCOc4ccccc43)C2)n1C,0.9683373,val
Cc1ncoc1-c1nnc(SCCCN2CCC3(CCc4cc(Br)ccc43)C2)n1C,0.99369216,train
Cc1ncoc1-c1nnc(SCCCN2CCC3(CCc4c(Br)cccc43)C2)n1C,0.9711068,train
Cc1ncoc1-c1nnc(SCCCN2CCC3(CCc4ccc(Br)cc43)C2)n1C,0.9948025,train
Cc1nc(C)c(-c2nnc(SCCCN3CCC4(CCc5ccc(Cl)cc54)C3)n2C)s1,0.9930433,train
Cc1nc(C)c(-c2nnc(SCCCN3CCC4(CCc5cc(Cl)ccc54)C3)n2C)s1,0.9912369,train
Cc1ncoc1-c1nnc(SCCCN2CCC3(CCc4cc(F)ccc43)C2)n1C,0.9796109,train
Cc1nc(C)c(-c2nnc(SCCCN3CCC4(CCc5ccc(F)cc54)C3)n2C)s1,0.981385,train
Cc1ncoc1-c1nnc(SCCCN2[C@@H]3CC[C@H]2C[C@@H](c2ccc(C(C)(C)C)cc2)C3)n1C,0.9997199,train
Cc1ncoc1-c1nnc(SCCCN2[C@@H]3CC[C@H]2C[C@@H](c2ccc(C(F)(F)F)cc2)C3)n1C,0.9997265,train
Cc1ncoc1-c1nnc(SCCCN2[C@@H]3CC[C@H]2C[C@@H](c2cccc(C(F)(F)F)c2)C3)n1C,0.99961615,train
Cc1ncoc1-c1nnc(SCCCN2[C@@H]3CC[C@H]2C[C@@H](c2ccc(C(F)(F)F)cc2F)C3)n1C,0.99977285,train
Cc1ncoc1-c1nnc(SCCCNC2CC3CC3(c3ccccc3)C2)n1C,0.9162747,train
N#Cc1nc(CCCN2CCCCC2)cc(C2CCCCCC2)n1,0.97634774,train
CCCc1cc(-c2cc(C(=O)N(C)CCN(C)C)cc(C(F)(F)F)c2)nc(C#N)n1,0.98434895,train
CCCc1cc(-c2cc(C(=O)N(CCN(C)C)Cc3ccccc3)cc(C(F)(F)F)c2)nc(C#N)n1,0.99536705,train
CCCc1cc(-c2cc(C(=O)N(C)Cc3ccccc3)cc(C(F)(F)F)c2)nc(C#N)n1,0.9958127,train
N#Cc1nc(CCCO)cc(-c2cccc(C(F)(F)F)c2)n1,0.75944495,train
CCC(CC)NC(=O)CCc1cc(-c2cccc(C(F)(F)F)c2)nc(C#N)n1,0.89415306,train
CNCCCc1cc(-c2cccc(C(F)(F)F)c2)nc(C#N)n1,0.96943116,train
N#Cc1nc(CCCNCC(F)(F)F)cc(-c2cccc(C(F)(F)F)c2)n1,0.9984628,train
CN1CCN(CCCc2cc(-c3cccc(C(F)(F)F)c3)nc(C#N)n2)CC1,0.9882792,train
N#Cc1nc(CCCN2CCOCC2)cc(-c2cccc(C(F)(F)F)c2)n1,0.9832304,val
COCCNCCCc1cc(-c2cccc(C(F)(F)F)c2)nc(C#N)n1,0.97506887,train
N#Cc1nc(CCCN2CCC(O)CC2)cc(-c2cccc(C(F)(F)F)c2)n1,0.9798415,train
N#Cc1nc(CCCNc2ccccn2)cc(-c2cccc(C(F)(F)F)c2)n1,0.9825851,test
N#Cc1nc(CCCNCC(N)=O)cc(-c2cccc(C(F)(F)F)c2)n1,0.61196256,train
CC(C)(NCCCc1cc(-c2cccc(C(F)(F)F)c2)nc(C#N)n1)C(N)=O,0.945841,train
N#Cc1nc(CCCNC2(C(N)=O)CC2)cc(-c2cccc(C(F)(F)F)c2)n1,0.97801435,train
N#Cc1nc(CCCNC2(C(N)=O)CCC2)cc(-c2cccc(C(F)(F)F)c2)n1,0.9848744,train
N=C(c1ccc(C(=O)Nc2ccc(Cl)cc2C(=O)Nc2ccc(Cl)cn2)cc1)N1CCCCC1,0.9585494,train
Cc1nc2ccccc2n1C1C[C@H]2CC[C@@H](C1)N2CC[C@H](NC(=O)C1CCSCC1)c1cccc(F)c1,0.9965659,val
O=C(NCc1cccnc1OCC(F)(F)F)c1cncc(-c2ccc(Cl)cc2)c1,0.95399445,val
Cc1cc(C)cc(NC(=O)c2cncc(-c3ccc(C#N)cc3)c2)c1,0.98679847,val
Cc1ncnc(C)c1C(=O)N1C[C@H]2CN(CCC(c3cccc(F)c3)C3CCN(S(C)(=O)=O)CC3)C[C@H]2C1,0.68552494,test
CSc1nn(-c2ccccc2)c2cc(NC(=O)C3CCNCC3)ccc12,0.97139156,test
CN1[C@@H]2CCC[C@H]1C[C@H](NC(=O)c1cccc3oc(N4CCOCC4)nc13)C2,0.97116697,test
O=C(N[C@@H]1CN2CCC1CC2)c1cccc2oc(N3CCOCC3)nc12,0.62693006,val
C[C@H]1CNC[C@H](C)N1c1nc2c(C(=O)N[C@@H]3C[C@H]4CCC[C@@H](C3)N4C)cccc2o1,0.99098283,test
COc1ccccc1-c1nc2c(C(=O)N[C@@H]3CN4CCC3CC4)cccc2o1,0.9420347,val
COc1ccccc1-c1nc2c(C(=O)N[C@@H]3C[C@H]4CCC[C@@H](C3)N4C)cccc2o1,0.9967123,train
O=C(N[C@@H]1CN2CCC1CC2)c1cccc2oc(C3CC3)nc12,0.91229934,train
CN1[C@@H]2CCC[C@H]1C[C@H](NC(=O)c1cccc3oc(C4CC4)nc13)C2,0.9945726,test
Nc1nc2c(C(=O)N[C@@H]3CN4CCC3CC4)cc(Cl)cc2o1,0.9201216,train
Cc1nc(C(=O)NCCCN2CCN(c3cccc(C)c3C)CC2)cc(C(C)(C)C)n1,0.8975202,train
Cc1nc(C(=O)NCCCN2CCN(c3cccc(Cl)c3Cl)CC2)cc(C(C)C)n1,0.8886895,train
ON=C(O)c1cnc(N2C[C@H]3CN(Cc4ccc5ccccc5c4)C[C@H]3C2)nc1,0.9184617,test
O=C(O)CCNC1CC[C@]2(Cc3ccccc3Cc3ccccc32)C1,0.14134914,train
CCO[C@H]1CN([C@H]2CC[C@@](O)(c3ccccc3)CC2)C[C@@H]1NC(=O)CNC(=O)c1cccc(C(F)(F)F)c1,0.29395214,train
CCO[C@H]1CN([C@H]2CC[C@@](O)(c3ccc(C)cc3)CC2)C[C@@H]1NC(=O)CNC(=O)c1cccc(C(F)(F)F)c1,0.41175464,train
CCO[C@H]1CN([C@H]2CC[C@@](O)(c3ccc4c(c3)OCO4)CC2)C[C@@H]1NC(=O)CNC(=O)c1cccc(C(F)(F)F)c1,0.3989776,train
N#Cc1ccc(CNC(=O)N(c2cccc(F)c2)C2CCN(CCC3(c4cccc(F)c4)CCN(C(=O)c4c(F)cccc4F)CC3)CC2)cc1,0.96338993,train
N#Cc1ccc(CNC(=O)N(c2cccc(F)c2)C2CCN(CCC3(c4cccc(F)c4)CCN(C(=O)c4c(Cl)cccc4Cl)CC3)CC2)cc1,0.9746873,train
N#Cc1ccc(CNC(=O)N(c2cccc(F)c2)C2CCN(CCC3(c4cccc(F)c4)CCN(C(=O)c4ccc(F)cc4O)CC3)CC2)cc1,0.8560973,train
N#Cc1ccc(CNC(=O)N(c2cccc(F)c2)C2CCN(CCC3(c4cccc(F)c4)CCN(C(=O)c4ccc(C#N)cc4)CC3)CC2)cc1,0.98340523,train
N#Cc1ccc(CNC(=O)N(c2cccc(F)c2)C2CCN(CCC3(c4cccc(F)c4)CCN(C(=O)c4cccc(C(N)=O)c4)CC3)CC2)cc1,0.7818085,train
CC(C)(O)C(=O)N1CCC(CCN2CCC(N(C(=O)NCc3ccc(C#N)cc3)c3cccc(F)c3)CC2)(c2cccc(F)c2)CC1,0.8782576,test
Cc1ncccc1N1C[C@]2(CC[C@@H](c3nc4cc(OC(F)(F)F)ccc4[nH]3)CC2)OC1=O,0.3825114,train
O=C1O[C@]2(CC[C@H](c3nc4cc(OC(F)(F)F)ccc4[nH]3)CC2)CN1c1cccnc1F,0.65462637,train
N#Cc1ccc2[nH]c([C@H]3CC[C@]4(CC3)CN(c3ccccn3)C(=O)O4)nc2c1,0.43295515,train
N#Cc1ccc2[nH]c([C@H]3CC[C@]4(CC3)CN(c3ccccc3)C(=O)O4)nc2c1,0.71461487,train
O=C1O[C@]2(CC[C@H](c3nc4cc(OC(F)(F)F)ccc4[nH]3)CC2)CN1c1cccnc1,0.81607515,train
O=C1O[C@]2(CC[C@H](c3nc4cc(OC(F)(F)F)ccc4[nH]3)CC2)CN1c1ccccc1F,0.912799,train
O=C1O[C@]2(CC[C@H](c3nc4cc(OC(F)(F)F)ccc4[nH]3)CC2)CN1c1cccc(F)n1,0.94679517,train
O=C1O[C@]2(CC[C@H](c3nc4cc(C(F)(F)F)ccc4[nH]3)CC2)CN1c1ccccc1,0.9169914,train
O=C1O[C@]2(CC[C@H](c3nc4cc(C(F)(F)F)ccc4[nH]3)CC2)CN1c1ccccn1,0.77122337,train
O=C1O[C@]2(CC[C@H](c3nc4cc(OC(F)(F)F)ccc4[nH]3)CC2)CN1c1ccccc1,0.9633542,train
O=C1O[C@]2(CC[C@H](c3nc4cc(OC(F)(F)F)ccc4[nH]3)CC2)CN1c1ccccn1,0.8893618,train
O=C1OC2(CCN(c3nc4cc(C(F)(F)F)ccc4[nH]3)CC2)CN1c1ccccc1,0.9914834,train
Cc1cccc(N2C[C@]3(CC[C@@H](c4nc5cc(OC(F)(F)F)ccc5[nH]4)CC3)OC2=O)n1,0.7998597,train
N#Cc1ccc2[nH]c([C@H]3CC[C@]4(CC3)CN(c3ccc(F)cc3)C(=O)O4)nc2c1,0.8366208,train
O=C1OC2(CCN(c3nc4ccccc4[nH]3)CC2)CN1c1ccccc1,0.9361477,train
O=C1O[C@]2(CC[C@H](c3nc4cc(OC(F)(F)F)ccc4[nH]3)CC2)CN1c1ccc(F)cc1,0.9816937,train
Cc1ccc2c(N3CCN(CCc4cccc5c4CCC(=O)N5)CC3)cccc2n1,0.9123084,train
Cc1ccc2c(N3CCN(CCc4cccc5c4CCC(=O)N5C)CC3)cccc2n1,0.94017553,train
Cc1ccc2c(N3CCN(CCc4c(C)ccc5c4CCC(=O)N5)CC3)cccc2n1,0.9025928,train
Cc1ccc2c(N3CCN(CCc4c(C)ccc5c4CCC(=O)N5C)CC3)cccc2n1,0.9302904,train
Cc1ccc2c(N3CCN(CCc4cccc5c4ccc(=O)n5C)CC3)cccc2n1,0.84908986,train
Cc1ccc2c(N3CCN(CCc4c(C)ccc5[nH]c(=O)ccc45)CC3)cccc2n1,0.882764,train
Cc1ccc2c(N3CCN(CCc4c(C)ccc5c4ccc(=O)n5C)CC3)cccc2n1,0.8398517,train
Cc1ccc2c(N3CCN(CCc4c(F)ccc5c4ccc(=O)n5C)CC3)cccc2n1,0.8020293,train
Cc1ccc2c(N3CCN(CCc4c(Cl)ccc5c4ccc(=O)n5C)CC3)cccc2n1,0.87689775,train
Cc1ccc2c(N3CCN(CCc4c(C)ccc5c4ccc(=O)n5C)CC3)cc(F)cc2n1,0.91563904,train
Cc1ccc2c(N3CCN(CCc4c(C)ccc5c4ccc(=O)n5C)[C@H](C)C3)cccc2n1,0.84747905,train
Cc1ccc2c(N3CCN(CCc4cccc5c4ccc(=O)n5C)[C@H](C)C3)cc(F)cc2n1,0.92809385,train
Cc1ccc2c(N3CCN(CCc4cccc5c4ccc(=O)n5C)[C@@H](C)C3)cccc2n1,0.7748772,train
Cc1ccc2c(N3CCN(CCc4c(C)ccc5c4ccc(=O)n5C)[C@@H](C)C3)cccc2n1,0.7608018,train
Cc1ccc2c(N3CCN(CCc4cccc5c4ccc(=O)n5C)[C@@H](C)C3)cc(F)cc2n1,0.88597876,train
Cc1ccc2c(N3CCN(CCc4c(C)ccc5c4ccc(=O)n5C)[C@@H](C)C3)cc(F)cc2n1,0.87777436,train
Cc1ccc2c(N3CCN(CCc4cccc5c4ccc(=O)n5C)C(C)(C)C3)cccc2n1,0.74639285,train
Cc1ccc2c(C3CCN(CCc4c(C)ccc5c4ccc(=O)n5C)CC3)cccc2n1,0.9569444,train
CCC(O)(c1cn(Cc2ccc3c(-c4ccccc4)c(C(=O)OC)sc3c2)nn1)C(F)(F)F,0.9119324,train
CCC(O)(c1cn(Cc2ccc3c(-c4ccccc4)c(CO)sc3c2)nn1)C(F)(F)F,0.5561976,train
CCC(O)(c1cn(Cc2ccc3c(-c4ccccc4)c(C(C)(C)O)sc3c2)nn1)C(F)(F)F,0.8138507,train
CCC(O)(c1cn(Cc2ccc3c(-c4ccccc4)c(C(C)O)sc3c2)nn1)C(F)(F)F,0.86763126,train
CCC(O)(c1cn(Cc2ccc3c(-c4ccccc4)c(C(C)=O)sc3c2)nn1)C(F)(F)F,0.7937848,train
CCC(O)(c1cn(Cc2ccc3c(-c4ccccc4)c(C(N)=O)sc3c2)nn1)C(F)(F)F,0.2575959,train
CC[C@](O)(c1cn(Cc2ccc3c(-c4ccccc4)c(C(N)=O)sc3c2)nn1)C(F)(F)F,0.05932202,train
CC[C@](O)(c1cn(Cc2ccc3c(-c4cccc(F)c4)c(C(N)=O)sc3c2)nn1)C(F)(F)F,0.10122404,train
CC[C@](O)(c1cn(Cc2ccc3c(-c4ccc(F)cc4)c(C(N)=O)sc3c2)nn1)C(F)(F)F,0.10311872,train
CC[C@@](O)(c1cn(Cc2ccc3c(-c4ccc(F)cc4)c(C(N)=O)sc3c2)nn1)C(F)(F)F,0.1690674,train
CC(C)[C@@H](Nc1nc2cc[nH]c(=O)c2c2cc(F)ccc12)C(F)(F)F,0.98481905,val
CC(C)[C@@H](Nc1nc2cc[nH]c(=O)c2c2cnccc12)C(F)(F)F,0.8676669,train
CC(C)S(=O)(=O)N[C@H]1CN(C)C[C@@H]1c1ccc(-c2cccc(NS(C)(=O)=O)c2)cc1,0.8778193,train
CCN1C[C@H](NS(=O)(=O)C(C)C)[C@@H](c2ccc(-c3cccc(NS(C)(=O)=O)c3)cc2)C1,0.9311239,train
CC(C)N1C[C@H](NS(=O)(=O)C(C)C)[C@@H](c2ccc(-c3cccc(NS(C)(=O)=O)c3)cc2)C1,0.6346016,train
CC(C)S(=O)(=O)N[C@H]1CN(c2ccccc2)C[C@@H]1c1ccc(-c2cccc(NS(C)(=O)=O)c2)cc1,0.9581256,train
CC(C)S(=O)(=O)N[C@H]1CN(C)C[C@@H]1c1ccc(-c2ccc(C#N)cc2)cc1,0.9381671,train
CCN1C[C@H](NS(=O)(=O)C(C)C)[C@@H](c2ccc(-c3ccc(C#N)cc3)cc2)C1,0.9682473,train
CC(C)S(=O)(=O)N[C@H]1CN(c2ccccc2)C[C@@H]1c1ccc(-c2ccc(C#N)cc2)cc1,0.97972554,train
CC(=O)Nc1cccc(-c2ccc([C@H]3CN(C)C[C@@H]3NS(=O)(=O)C(C)C)cc2)c1,0.13190012,train
CC(=O)c1cccc(-c2ccc([C@H]3CN(C)C[C@@H]3NS(=O)(=O)C(C)C)cc2)c1,0.27120337,train
CC(C)S(=O)(=O)N[C@H]1CN(C)C[C@@H]1c1ccc(-c2cccc(C(F)(F)F)c2)cc1,0.9746609,train
CC(C)S(=O)(=O)N[C@H]1CN(C)C[C@@H]1c1ccc(-c2cccnc2)cc1,0.5596122,train
CC(C)S(=O)(=O)N[C@H]1CN(C)C[C@@H]1c1ccc(-c2cccnc2F)cc1,0.55631095,train
CC(C)S(=O)(=O)N[C@H]1CN(C)C[C@@H]1c1ccc(-c2ccc(F)nc2)cc1,0.69385153,train
CC(C)S(=O)(=O)N[C@H]1CN(c2ccccc2)C[C@@H]1c1ccc(-c2ccc(F)nc2)cc1,0.87904006,train
CC(C)S(=O)(=O)N[C@H]1CN(C)C[C@@H]1c1ccc(-c2ccsc2)cc1,0.8525006,train
CC(C)S(=O)(=O)N[C@@H]1COC[C@@H]1c1ccc(-c2ccc(C#N)cc2)cc1,0.40579787,test
CC(C)S(=O)(=O)N[C@@H]1COC[C@@H]1c1ccc(-c2ccc(F)nc2)cc1,0.09227653,val
CN(C)CCn1ncc2cc(-n3ccc(OCc4ccccc4)cc3=O)ccc21,0.7835588,train
O=c1cc(OCc2ccccc2)ccn1-c1ccc2c(cnn2CCN2CCCC2)c1,0.8820679,train
CN(C)CCCn1ncc2cc(-n3ccc(OCc4ccccc4)cc3=O)ccc21,0.76527417,train
CN(C)CC(O)Cn1ncc2cc(-n3ccc(OCc4ccccc4)cc3=O)ccc21,0.25669187,train
O=c1cc(OCc2ccccc2)ccn1-c1ccc2c(cnn2CCN2CC[C@H](O)C2)c1,0.53415364,train
CO[C@H]1CCN(CCn2ncc3cc(-n4ccc(OCc5ccccc5)cc4=O)ccc32)C1,0.6885548,train
O=c1cc(OCc2ccccc2)ccn1-c1ccc2c(cnn2C[C@@H]2CCCN2)c1,0.8843979,test
O=c1cc(OCc2ccccc2)ccn1-c1ccc2c(cnn2CCN2CCC[C@@H]2CO)c1,0.59898347,train
COC[C@H]1CCCN1CCn1ncc2cc(-n3ccc(OCc4ccccc4)cc3=O)ccc21,0.82960564,train
O=c1cc(OCc2ccccc2)ccn1-c1ccc2c(cnn2CC2=NCCN2)c1,0.91794086,train
CN1CCN=C1Cn1ncc2cc(-n3ccc(OCc4ccccc4)cc3=O)ccc21,0.93490905,train
O=c1cc(OCc2ccccc2)ccn1-c1ccc2c(cnn2CCN2CC3CC2CO3)c1,0.7473348,train
O=c1cc(OCc2ccccc2)ccn1-c1ccc2c(cnn2CCN2CCNCC2)c1,0.73137176,train
Cc1ccc2c(N3CCN(CCc4cccc(NC(=O)c5ccccc5)c4)CC3)cccc2n1,0.9684913,train
Cc1ccc2c(N3CCN(CCc4cccc(NC(=O)Nc5ccccc5)c4)CC3)cccc2n1,0.96726984,test
Cc1ccc2c(N3CCN(CCc4cccc(NC(=O)c5csc(C)n5)c4)CC3)cccc2n1,0.95318407,train
Cc1ccc2c(N3CCN(CCc4cccc(NS(C)(=O)=O)c4)CC3)cccc2n1,0.97804594,train
CCNC(=O)Nc1cccc(CCN2CCN(c3cccc4nc(C)ccc34)CC2)c1,0.8156803,train
Cc1ccc2c(N3CCN(CCc4cccc(N5CCOC5=O)c4)CC3)cccc2n1,0.91085345,train
CC(=O)Nc1cccc(CCN2CCN(c3cccc4nc(C)ccc34)CC2)c1,0.726727,train
Cc1ccc2c(N3CCN(CCc4cccc(N5CCNC5=O)c4)CC3)cccc2n1,0.77035743,train
COc1cc(/C=C/c2nc3ccccc3[nH]2)ccc1-n1cnc(C)c1,0.73914087,val
COc1cc(/C=C/c2nc(=O)c3ccc(C(F)(F)F)cc3[nH]2)ccc1-n1cnc(C)c1,0.86836964,test
COc1cc(/C=C/c2nc(=O)c3c4c(sc3[nH]2)CCC4)ccc1-n1cnc(C)c1,0.91732264,test
COc1cc(/C=C/c2nc(N)c3ccccc3n2)ccc1-n1cnc(C)c1,0.8401931,test
COc1cc(/C=C/c2nc3ccccc3c(=O)n2-c2ccccc2)ccc1-n1cnc(C)c1,0.95617014,val
COc1cc(/C=C/c2nc3ccccc3c(=O)n2C)ccc1-n1cnc(C)c1,0.51232576,val
COc1cc(/C=C/c2nc(N)nc(Nc3ccccc3)n2)ccc1-n1cnc(C)c1,0.8754878,test
CCOC(=O)c1sc2nc(/C=C/c3ccc(-n4cnc(C)c4)c(OC)c3)nc(N)c2c1C,0.94659483,train
COc1cc(/C=C/c2nc(N)c3c(n2)oc2ccccc23)ccc1-n1cnc(C)c1,0.915639,val
COc1cc(/C=C/c2nc(NCc3ccccc3)c3c4c(sc3n2)CCC4)ccc1-n1cnc(C)c1,0.99064165,val
COc1cc(/C=C/c2nc(N)c3c4c(sc3n2)CCCCC4)ccc1-n1cnc(C)c1,0.99320674,train
Nc1nccc2cc(CNCCc3ccccc3)ccc12,0.7046522,train
Nc1nccc2cc(O[C@H]3CCCN(Cc4ccccc4)C3)ccc12,0.93979794,train
Nc1nccc2cc(O[C@H]3CCCNC3)ccc12,0.5640179,train
O=S(=O)(c1cccc2cnccc12)N1CCCNCC1,0.22528253,train
C[C@@H](N)C1CCC(C(=O)Nc2ccncc2)CC1,0.16994074,val
O=c1[nH]ccc2c(S(=O)(=O)N3CCCNCC3)cccc12,0.23021983,train
O=c1cc(OCc2ccccc2F)ccn1-c1ccc(OCCN2CCCC2)cc1,0.89776677,train
O=c1cc(OCc2cccc(F)c2)ccn1-c1ccc(OCCN2CCCC2)cc1,0.98189074,train
O=c1cc(OCc2ccc(F)cc2)ccn1-c1ccc(OCCN2CCCC2)cc1,0.9844424,train
O=c1cc(OCc2cccc(Cl)c2)ccn1-c1ccc(OCCN2CCCC2)cc1,0.98663634,train
O=c1cc(OCc2ccc(Cl)cc2)ccn1-c1ccc(OCCN2CCCC2)cc1,0.9925511,train
COc1ccc(COc2ccn(-c3ccc(OCCN4CCCC4)cc3)c(=O)c2)cc1,0.9699118,train
O=c1cc(OCc2ccc(C(F)(F)F)cc2)ccn1-c1ccc(OCCN2CCCC2)cc1,0.9958896,train
O=c1cc(OCc2ccc3ccccc3c2)ccn1-c1ccc(OCCN2CCCC2)cc1,0.97541463,test
O=c1cc(OCc2ccccc2)ccn1-c1ccc(OCCN2CCCCC2)cc1,0.92208254,val
O=c1cc(OCc2ccccc2)ccn1-c1ccc(OCCN2CCCC2)cc1,0.902687,train
CCN(CC)CCOc1ccc(-n2ccc(OCc3ccccc3)cc2=O)cc1,0.9067563,train
CC(C)N(CCOc1ccc(-n2ccc(OCc3ccccc3)cc2=O)cc1)C(C)C,0.9679394,train
CN(CCOc1ccc(-n2ccc(OCc3ccccc3)cc2=O)cc1)Cc1ccccc1,0.9636095,val
CN1CCCCC1COc1ccc(-n2ccc(OCc3ccccc3)cc2=O)cc1,0.97418076,test
CN1CCCC1COc1ccc(-n2ccc(OCc3ccccc3)cc2=O)cc1,0.96649784,val
CCN(CC)CCNc1ccc(-n2ccc(OCc3ccccc3)cc2=O)cc1,0.77679926,train
CCN(CC)CCN(C)c1ccc(-n2ccc(OCc3ccccc3)cc2=O)cc1,0.8090145,train
COc1cc2c(cc1Nc1ncc(Cl)c(Nc3ccc(N4CCOCC4)cc3OC)n1)CCN(CC(=O)N(C)C)CC2,0.7713207,train
COC(=O)c1coc(CN2CCN(C(=O)CC(c3ccc(F)cc3)c3ccc(Br)cc3)CC2)n1,0.9553699,train
COC(=O)c1coc(CN2CCN(C(=O)CC(c3ccc(F)cc3)c3ccc(C(F)(F)F)cc3)CC2)n1,0.95247984,train
Cc1ccc2nc(CN3CCN(C(=O)CC(c4ccccc4)c4ccc(F)cc4)CC3)oc2c1,0.91091216,train
COc1ccc(C(CC(=O)N2CCN(Cc3nc4ccc(C)cc4o3)CC2)c2ccccc2)cc1,0.7801122,train
O=C(O)CCNC(=O)c1ccc(Cn2nc(-c3cc(Cl)cc(Cl)c3)cc2-c2ccc(OC(F)(F)F)cc2)cc1,0.9773039,val
CN[C@@H]1Cc2ccccc2[C@@H](c2ccc(Cl)c(Cl)c2)C1,0.957365,train
CN[C@@H]1Cc2ccccc2[C@H](c2ccc(Cl)c(Cl)c2)C1,0.9486863,train
CN[C@H]1Cc2ccccc2[C@@H](c2ccc(Cl)c(Cl)c2)C1,0.91708595,train
CNC[C@H]1Cc2ccccc2[C@H](c2ccc(Cl)c(Cl)c2)C1,0.9861661,train
CNC[C@@H]1Cc2ccccc2[C@H](c2ccc(Cl)c(Cl)c2)C1,0.9798284,train
NCC[C@@H]1Cc2ccccc2[C@H](c2ccc(Cl)c(Cl)c2)C1,0.9140836,train
NCC[C@H]1Cc2ccccc2[C@@H](c2ccc(Cl)c(Cl)c2)C1,0.949706,train
N[C@@H]1CCN(c2ccc(Cl)c(Cl)c2)c2ccccc21,0.91104984,train
CNC1CCN(c2ccc(Cl)c(Cl)c2)c2ccccc21,0.9245257,train
CN[C@@H]1CCN(c2ccc(Cl)c(Cl)c2)c2ccccc21,0.94838816,train
CN(C)[C@@H]1CCN(c2ccc(Cl)c(Cl)c2)c2ccccc21,0.970156,train
CN([C@@H]1CCc2c(CC(=O)O)c3ccc(F)cc3n2C1)S(=O)(=O)c1ccc(F)cc1,0.44003126,val
c1ccc(-c2cccc(O[C@@H]3C[C@H]4CC[C@@H](C3)N4)n2)cc1,0.99437696,train
N#Cc1cc(O[C@@H]2C[C@H]3CC[C@@H](C2)N3)nc(-c2ccccc2)c1,0.9973207,train
N#Cc1ccccc1-c1cccc(O[C@@H]2C[C@H]3CC[C@@H](C2)N3)n1,0.9967339,train
N#Cc1cc(O[C@@H]2C[C@H]3CC[C@@H](C2)N3)cc(-c2ncccc2C#N)c1,0.99647635,train
N#Cc1cc(O[C@@H]2C[C@H]3CC[C@@H](C2)N3)cc(-c2ccccn2)c1,0.99700075,train
FC(F)(F)c1ccccc1-c1cc(C(F)(F)F)c2[nH]c(C3=NOC4(CCCCC4)C3)nc2c1,0.9999285,val
O=C(O)C1CN(Cc2ccc(-c3cc4cc(Cc5ccccc5)ccc4o3)c(F)c2)C1,0.20877372,val
CC(=O)N[C@@H](CCN1[C@@H]2CC[C@H]1C[C@@H](n1c(C)nc3c1CCN(C(=O)C(C)(C)C)C3)C2)c1cccc(F)c1,0.90805674,train
CC(=O)N[C@@H](CCN1[C@@H]2CC[C@H]1C[C@@H](n1c(C)nc3c1CCN(C(=O)C(C)C)C3)C2)c1cccc(F)c1,0.87613446,train
CCCC(=O)N1CCc2c(nc(C)n2[C@H]2C[C@H]3CC[C@@H](C2)N3CC[C@H](NC(C)=O)c2cccc(F)c2)C1,0.9769778,train
CCC(=O)N1CCc2c(nc(C)n2[C@H]2C[C@H]3CC[C@@H](C2)N3CC[C@H](NC(C)=O)c2cccc(F)c2)C1,0.9555673,train
CC(=O)N[C@@H](CCN1[C@@H]2CC[C@H]1C[C@@H](n1c(C)nc3c1CCN(C(C)=O)C3)C2)c1cccc(F)c1,0.75333226,train
COC(=O)N1CCc2c(nc(C)n2[C@H]2C[C@H]3CC[C@@H](C2)N3CC[C@H](NC(C)=O)c2cccc(F)c2)C1,0.9443419,train
CC(=O)N[C@@H](CCN1[C@@H]2CC[C@H]1C[C@@H](n1c(C)nc3c1CCN(c1ccncn1)C3)C2)c1cccc(F)c1,0.8901985,val
CC(=O)N[C@@H](CCN1[C@@H]2CC[C@H]1C[C@@H](n1c(C)nc3c1CCN(c1cnccn1)C3)C2)c1cccc(F)c1,0.94058573,test
CC(=O)N[C@@H](CCN1[C@@H]2CC[C@H]1C[C@@H](n1c(C)nc3ccccc31)C2)c1ccccc1,0.9583716,train
Cc1nc(C(C)C)n([C@H]2C[C@H]3CC[C@@H](C2)N3CC[C@H](NC(=O)C2CCC(F)(F)CC2)c2ccccc2)n1,0.9973122,test
OCC1(N2CCC(n3c(N4CC5CNCC5C4)nc4ccccc43)CC2)CCCCCCC1,0.9987998,test
O=C(NC1CCCCC1)C(C1CCCCC1)n1c(-c2ccc(Cl)cc2)nc2cc(F)c(Cl)cc21,0.99853027,train
O=C(NC1CCCCC1)C(C1CCCCC1)n1c(-c2ccc(Cl)cc2)nc2cc(F)c(F)cc21,0.99836606,train
O=C(N[C@H]1CC[C@H](O)CC1)C(C1CCCCC1)n1c(-c2ccc(Cl)cc2)nc2cc(F)c(F)cc21,0.99023527,train
O=C(O)C1CCC(NC(=O)C(C2CCCCC2)n2c(-c3ccc(Cl)cc3)nc3cc(F)c(F)cc32)CC1,0.77749026,train
O=C(O)c1ccc(NC(=O)C(C2CCCCC2)n2c(-c3ccc(Cl)cc3)nc3cc(F)c(F)cc32)c(Cl)c1,0.8380566,train
Cc1cc(C(=O)O)ccc1NC(=O)C(C1CCCCC1)n1c(-c2ccc(Cl)cc2)nc2cc(F)c(F)cc21,0.77452147,train
CCC(C)(C)Cc1c[nH]c(CCc2ccc(-c3ccccn3)cc2)n1,0.9997167,train
CC(C)(C)Cc1c[nH]c(C(C)(O)Cc2ccc(-c3ccc(F)cn3)cc2)n1,0.9046407,train
CC(C)(C)Cc1c[nH]c(CC(C)(O)c2ccc(-c3ccc(F)cn3)cc2)n1,0.95145106,train
CCCC1NC(C)C2C(=O)N=C(c3cc(S(=O)(=O)N4CCN(CC)CC4)ccc3OCC)NN12,0.33397898,train
CC(C)Oc1cc(C(c2ccc(C(C)(C)O)nc2)c2ccc(=O)[nH]c2)ccc1OC(F)F,0.18064778,train
CC1N=CN=C1CN1CCc2c(c3ccccc3n2C)C1=O,0.55444366,val
COCC(=O)OC1(CCN(C)CCCc2nc3ccccc3[nH]2)CCc2cc(F)ccc2C1C(C)C,0.99175876,train
O=C(c1ccc(F)cc1)N1CCN(CCn2c(=O)[nH]c3ccccc3c2=O)CC1,0.36932242,test
CC(=O)NC(=O)C1CCC(C2N=CC(c3cccc(Br)c3)=N2)CC1,0.75192064,train
O=C(OC1CC2CC3CC(C1)N2CC3=O)c1c[nH]c2ccccc12,0.16633137,train
CCC1OC(=O)C(C)C(OC2CC(C)(OC)C(O)C(C)O2)C(C)C(OC2OC(C)CC(N(C)C)C2O)C(C)(O)CC(C)C(=O)C(C)C(O)C1(C)O,0.012349645,train
CCC1OC(=O)C(C)C(OC2CC(C)(OC)C(O)C(C)O2)C(C)C(OC2OC(C)CC(N(C)C)C2O)C(C)(O)CC(C)/C(=N/OCOCCOC)C(C)C(O)C1(C)O,0.009056955,test
OCCOCCN1CCN(C2=Nc3ccccc3Sc3ccccc32)CC1,0.9911987,train
CC(C)c1cn(-c2ccc(F)cc2)c2ccc(Cl)cc12,0.99625957,train
CC(C)(C)c1ccc2c(ccn2-c2ccc(F)cc2)c1,0.9948419,train
CC(=O)c1cn(-c2ccc(F)cc2)c2ccc(Cl)cc12,0.9873089,train
CC/N=C(\c1ccc(OC)c(OC)c1)N1CCCc2cc(C3=NNC(=O)SC3C)ccc21,0.9139162,train
COC(=O)C1=CCC2CCC1N2C,0.36128262,val
CCN(CC)CCOc1ccc(/C(=C(\Cl)c2ccccc2)c2ccccc2)cc1,0.95415336,test
O=C(NCCO)C1CCC(c2nc(-c3cccc(C(F)(F)F)c3)c[nH]2)CC1,0.80750924,train
COc1ccc(C2CCN(CCN3CCOc4ccccc43)CC2)cc1OC,0.95085496,train
c1ccc(-c2[nH]c3ccccc3c2C2CC3CCC(C2)N3c2ccccc2)cc1,0.99090064,train
CCC(=O)O[C@@](Cc1ccccc1)(c1ccccc1)[C@@H](C)CN(C)C,0.907452,train
Cc1ccc(C23CNCC2C3)cc1,0.80081236,train
Cc1cn2c(N)c(Cl)cc(C(=O)NCC3CCN(CC(C)C)CC3)c2n1,0.8236628,val
COc1cc2c(cc1OC)C(=O)C(CC1CCN(Cc3ccccc3)CC1)C2,0.91104805,train
CN(C)CC/C=C1/c2ccccc2COc2ccccc21,0.89629036,train
O=C(OC1Cc2c(O)cc(O)cc2OC1c1cc(O)c(O)c(O)c1)c1cc(O)c(O)c(O)c1,0.6556933,train
COC(=O)C1=C(C)N=C(C)C(C(=O)OC(C)C)C1c1cccc2nonc12,0.86949617,val
Cc1cccc(C)c1OCC(C)N,0.71399283,train
NCCC(Oc1ccc(C(F)(F)F)cc1)c1ccccc1,0.954612,train
Cc1ccccc1C(OCCN(C)C)c1ccccc1,0.5824601,train
CCCN1C[C@H](CSC)C[C@@H]2c3cccc4[nH]cc(c34)C[C@H]21,0.99922395,val
CCC1OC(=O)C(C)C(OC2CC(C)(OC)C(O)C(C)O2)C(C)C(OC2OC(C)CC(N(C)C)C2O)C(C)(OC)CC(C)C(=O)C(C)C(O)C1(C)O,0.008448043,train
CN1CC(=O)N2C(Cc3c([nH]c4ccccc34)C2c2ccc3c(c2)OCO3)C1=O,0.018082183,test
COC(=O)C1C(OC(=O)c2ccccc2)CC2CCC1N2C,0.92702824,train
CCOC(=O)C1C(OC(=O)c2ccccc2)CC2CCC1N2C,0.9729687,train
CCC1=C(C)CC(C(=O)NCCc2ccc(S(=O)(=O)NC(=O)NC3CCC(C)CC3)cc2)C1=O,0.14201687,train
CC(C(O)c1ccc(O)cc1)N1CCC(Cc2ccccc2)CC1,0.7131186,train
Cc1cccc(C)c1OCC(=O)N[C@@H](Cc1ccccc1)[C@@H](O)C[C@H](Cc1ccccc1)NC(=O)C(C(C)C)N1CCCNC1=O,0.8394245,train
CC(C[C@@H](CS(=O)(=O)N1CCC(OCc2ccc(Cl)cc2Cl)CC1)N(O)C=O)c1ncc(F)cn1,0.6842257,train
CC(C[C@@](C)(CS(=O)(=O)N1CCC(OCc2ccc(Cl)cc2Cl)CC1)N(O)C=O)c1ncc(F)cn1,0.64139706,train
CC(C[C@@](C)(CS(=O)(=O)N1CCN(c2ccc(F)cc2)CC1)N(O)C=O)c1ncc(F)cn1,0.35311636,train
CC(C[C@@H](CS(=O)(=O)N1CCN(c2ccc(F)cc2)CC1)N(O)C=O)c1ncc(F)cn1,0.42209786,train
CNC(C)C1(c2ccc(Cl)c(Cl)c2)CCCCC1,0.63929355,train
CC(N(C)C)C1(c2ccc(Cl)c(Cl)c2)CCCCC1,0.76709425,train
CC(N(C)C)C1(c2ccc3ccccc3c2)CCCCC1,0.6855661,val
Cc1c(C(=O)Nc2ccn(C)n2)ncn1Cc1cccc(C(F)(F)F)c1,0.7953637,test
CO[C@@H]1COCC[C@@H]1N[C@@H]1CC[C@@](C(=O)N2CCN(c3cc(C(F)(F)F)ccn3)CC2)(C(C)C)C1,0.9243095,train
Nc1nc(CC(=O)Nc2ccc(C[C@@H]3CC[C@H]([C@H](O)c4ccccc4)N3)cc2)cs1,0.6471863,test
CN(CC(N)=O)Cc1nc(-c2cn(CC3CCOCC3)c3c(Cl)cccc23)no1,0.08296149,train
CCO[C@@H]1Cc2cc(C(F)(F)F)ccc2[C@H]1N1CCN(C2(C)CCN(C(=O)c3c(C)ncnc3C)CC2)C[C@@H]1C,0.9670495,train
N#Cc1ccc(C(=O)N2CCC3(CC2)N=C(N)c2c(F)ccc(F)c2N3)cn1,0.79082453,train
CNCC[C@@H](Oc1cc(Cl)ccc1C#N)c1ccccc1,0.97528505,train
CCc1cccc2c(-c3nc(CN4CCCC4)cs3)cn(CC3CCOCC3)c12,0.93783396,train
CCc1cccc2c(-c3nc(CN(CC)CC)cs3)cn(CC3CCOCC3)c12,0.9897357,train
Fc1cccc2c(-c3nc(CN4CCCC4)cs3)cn(CC3CCOCC3)c12,0.9553641,train
CCN(CC)Cc1csc(-c2cn(CC3CCOCC3)c3c(F)cccc23)n1,0.99289846,train
Clc1cccc2c(-c3nc(CN4CCCC4)cs3)cn(CC3CCOCC3)c12,0.9670621,train
CCN(CC)Cc1csc(-c2cn(CC3CCOCC3)c3c(Cl)cccc23)n1,0.99455464,train
COCCN(C)Cc1csc(-c2cn(CC3CCCCC3)c3c(Cl)cccc23)n1,0.9883484,train
COCCN(C)Cc1csc(-c2cn(CC3CCOCC3)c3c(Cl)cccc23)n1,0.9417892,train
CN(CCO)Cc1csc(-c2cn(CC3CCOCC3)c3c(Cl)cccc23)n1,0.8522661,train
CCN(CCO)Cc1csc(-c2cn(CC3CCOCC3)c3c(Cl)cccc23)n1,0.9228418,train
CC(C)N(CCO)Cc1csc(-c2cn(CC3CCOCC3)c3c(Cl)cccc23)n1,0.9328835,train
OC1CCN(Cc2csc(-c3cn(CC4CCOCC4)c4c(Cl)cccc34)n2)CC1,0.9089589,train
COC1CCN(Cc2csc(-c3cn(CC4CCOCC4)c4c(Cl)cccc34)n2)CC1,0.97143126,train
Clc1cccc2c(-c3nc(CN4CCOCC4)cs3)cn(CC3CCOCC3)c12,0.83814234,val
OCCN(CCO)Cc1csc(-c2cn(CC3CCOCC3)c3c(Cl)cccc23)n1,0.85318863,train
CCc1sc(-c2cn(CC3CCOCC3)c3c(Cl)cccc23)nc1CN(C)CCO,0.96069896,train
CCc1sc(-c2cn(CC3CCOCC3)c3c(Cl)cccc23)nc1CN(CC)CCO,0.9797028,train
CCc1sc(-c2cn(CC3CCOCC3)c3c(Cl)cccc23)nc1CN(CCO)C(C)C,0.98107696,train
CC(C)N(CCO)Cc1nc(-c2cn(CC3CCOCC3)c3c(Cl)cccc23)sc1Cl,0.9549128,train
COc1ccc([C@H]2CN(CCc3ccc(OC)c(OC)c3)C[C@@H]2CNC(=O)c2cccc(Cl)c2)cc1,0.99618185,train
COc1ccc([C@H]2CN(Cc3ccc(OC)c(OC)c3)C[C@@H]2CNC(=O)c2cccc(Cl)c2)cc1,0.97438806,val
COc1ccc([C@H]2CN(CCCc3ccc(OC)c(OC)c3)C[C@@H]2CNC(=O)c2cccc(Cl)c2)cc1,0.9975649,train
COc1ccc([C@H]2CN(CCc3cccc(OC)c3)C[C@@H]2CNC(=O)c2cccc(Cl)c2)cc1,0.99394023,train
COc1ccc(CCN2C[C@H](CNC(=O)c3cccc(Cl)c3)[C@@H](c3ccc(OC)cc3)C2)cc1,0.9944917,train
COc1ccc([C@H]2CN(CCC3CCOCC3)C[C@@H]2CNC(=O)c2cccc(Cl)c2)cc1,0.9582876,test
COc1ccc([C@H]2CN(CCCC3CCOCC3)C[C@@H]2CNC(=O)c2cccc(Cl)c2)cc1,0.9719283,train
COc1ccc([C@H]2CN(CCCC3CCNCC3)C[C@@H]2CNC(=O)c2cccc(Cl)c2)cc1,0.97979796,train
COc1ccc([C@H]2CN(CCc3ccc(OC)c(OC)c3)C[C@@H]2CC(=O)Nc2cccc(Cl)c2)cc1,0.99832517,train
COc1ccc([C@H]2CN(CCc3ccc(OC)c(OC)c3)C[C@@H]2CC(=O)N(C)c2cccc(Cl)c2)cc1,0.99908304,train
COc1ccc([C@H]2CN(CCc3ccc(OC)c(OC)c3)C[C@@H]2CC(=O)NCc2cccc(Cl)c2)cc1,0.98833513,train
COc1ccc([C@H]2CN(CCc3ccc(OC)c(OC)c3)C[C@@H]2CCNC(=O)c2cccc(Cl)c2)cc1,0.99315804,train
COc1ccc([C@H]2CN(CCc3ccc(OC)c(OC)c3)C[C@@H]2Cc2nc3cc(Cl)ccc3[nH]2)cc1,0.9993001,val
COc1ccc([C@H]2CN(CCc3ccc(OC)c(OC)c3)C[C@@H]2CCc2nc3cc(Cl)ccc3[nH]2)cc1,0.9997166,train
COc1ccc([C@H]2CN(CCc3ccc(OC)c(OC)c3)C[C@@H]2CCc2cc3ccc(Cl)cc3[nH]2)cc1,0.99983203,test
COc1ccc([C@H]2CN(CCCC3CCOCC3)C[C@@H]2CC(=O)Nc2cccc(Cl)c2)cc1,0.9878071,train
COc1ccc([C@H]2CN(CCC3CCOCC3)C[C@@H]2CC(=O)Nc2cccc(Cl)c2)cc1,0.98260754,train
COc1ccc([C@H]2CN(CCC3CCS(=O)(=O)CC3)C[C@@H]2CC(=O)Nc2cccc(Cl)c2)cc1,0.92566717,test
COc1ccc([C@H]2CN(CCC3(O)CCOCC3)C[C@@H]2CC(=O)Nc2cccc(Cl)c2)cc1,0.9622177,train
COc1ccc([C@H]2CN(CCCN(C)S(C)(=O)=O)C[C@@H]2CC(=O)Nc2cccc(Cl)c2)cc1,0.93783325,val
COc1ccc([C@H]2CN(CCCN(C)S(=O)(=O)c3ccccc3)C[C@@H]2CC(=O)Nc2cccc(Cl)c2)cc1,0.9754415,train
COc1ccc([C@H]2CN(CCCN3CCCC3=O)C[C@@H]2CC(=O)Nc2cccc(Cl)c2)cc1,0.9649115,val
CC(=O)Nc1cccc(C2CCN(CCCn3c(-c4ccc(Cl)cc4)nc4ccccc43)CC2)c1,0.99328107,val
COCCCc1cc(CN(C(=O)C2CNCC[C@@H]2c2ccc(OCCOc3c(Cl)cc(C)cc3Cl)cc2)C2CC2)cc(OCC2(CC#N)CC2)c1,0.99994385,train
COCCCc1cc(CN(C(=O)C2CNCC[C@@H]2c2ccc(OCCOc3c(Cl)cc(C)cc3Cl)cc2)C2CC2)cc(OCCOC)c1,0.99921525,train
COCCCc1cc(CN(C(=O)C2CNCC[C@@H]2c2ccc(OCCOc3c(Cl)cc(C)cc3Cl)cc2)C2CC2)cc(OCCN(C)C)c1,0.9997484,train
COCCCc1cc(CN(C(=O)C2CNCC[C@@H]2c2ccc(OCCOc3c(Cl)cc(C)cc3Cl)cc2)C2CC2)cc(OCCCNS(C)(=O)=O)c1,0.9973406,train
CCNC(=O)NCCCOc1cc(CCCOC)cc(CN(C(=O)C2CNCC[C@@H]2c2ccc(OCCOc3c(Cl)cc(C)cc3Cl)cc2)C2CC2)c1,0.9986714,train
COCCCc1cc(CN(C(=O)C2CNCC[C@@H]2c2ccc(OCCOc3c(Cl)cc(C)cc3Cl)cc2)C2CC2)cc(OCC(C)(C)O)c1,0.9927154,train
CCOC(=O)C1C[C@@H]1COc1cc(CCCOC)cc(CN(C(=O)C2CNCC[C@@H]2c2ccc(OCCOc3c(Cl)cc(C)cc3Cl)cc2)C2CC2)c1,0.99994814,train
COCCCc1cc(CN(C(=O)C2CNCC[C@@H]2c2ccc(OCCOc3c(Cl)cc(C)cc3Cl)cc2)C2CC2)cc(OC[C@H]2CC2C(=O)O)c1,0.9672695,train
COCCCc1cc(CN(C(=O)C2CNCC[C@@H]2c2ccc(OCCOc3c(Cl)cc(C)cc3Cl)cc2)C2CC2)cc(OC[C@H]2CC2C(=O)OCC(=O)N(C)C)c1,0.9990926,train
COCCCc1cc(CN(C(=O)C2CNCC[C@@H]2c2ccc(OCCOc3c(Cl)cc(C)cc3Cl)cc2)C2CC2)cc(OC[C@H]2CC2C(=O)OCOC(=O)C(C)(C)C)c1,0.99947387,train
COCCCc1cc(CN(C(=O)C2CN(C(=O)OCc3oc(=O)oc3C)CC[C@@H]2c2ccc(OCCOc3c(Cl)cc(C)cc3Cl)cc2)C2CC2)cc(OC[C@H]2CC2C(=O)O)c1,0.7762972,val
COCCCc1cc(CN(C(=O)C2CNCC[C@@H]2c2ccc(OCCOc3c(Cl)cc(C)cc3Cl)cc2)C2CC2)cc(OCC2(CC(=O)O)CC2)c1,0.98680174,train
COCCCc1cc(CN(C(=O)C2CNCC[C@@H]2c2ccc(OCCOc3c(Cl)cc(C)cc3Cl)cc2)C2CC2)cc(OCC(C)(C)C(=O)O)c1,0.8811341,train
COCCCc1cc(CN(C(=O)C2CNCC[C@@H]2c2ccc(OCCOc3c(Cl)cc(C)cc3Cl)cc2)C2CC2)cc(OCCC(C)(C)C(=O)O)c1,0.9906784,train
COCCCc1cc(CN(C(=O)C2CNCC[C@@H]2c2ccc(OCCOc3c(Cl)cc(C)cc3Cl)cc2)C2CC2)cc(OCCCC(C)(C)C(=O)O)c1,0.99309033,train
CCC(CC)(CCOc1cc(CCCOC)cc(CN(C(=O)C2CNCC[C@@H]2c2ccc(OCCOc3c(Cl)cc(C)cc3Cl)cc2)C2CC2)c1)C(=O)O,0.99787474,train
COCCCc1cc(CN(C(=O)C2CNCC[C@@H]2c2ccc(OCCOc3c(Cl)cc(C)cc3Cl)cc2)C2CC2)cc(OCCC2(C(=O)O)CCCC2)c1,0.9938558,train
COCCCc1cc(CN(C(=O)C2CNCC[C@@H]2c2ccc(OCCOc3c(Cl)cc(C)cc3Cl)cc2)C2CC2)cc(OCC[C@](C)(OC)C(=O)O)c1,0.9579318,train
COCCCc1cc(CN(C(=O)C2CNCC[C@@H]2c2ccc(OCCOc3c(Cl)cc(C)cc3Cl)cc2)C2CC2)cc(OC[C@H]2CC2C(=O)NS(C)(=O)=O)c1,0.9836321,train
COCCCc1cc(CN(C(=O)C2CNCC[C@@H]2c2ccc(OCCOc3c(Cl)cc(C)cc3Cl)cc2)C2CC2)cc(OCC2(Cc3nn[nH]n3)CC2)c1,0.9998223,test
CC(C)NCc1c(C(=O)N[C@@H]2CCC[C@H](O)C2)noc1-c1ccc(C(F)(F)F)cc1,0.6684685,test
O=C(N[C@@H]1CCC[C@H](O)C1)c1noc(-c2ccc(C(F)(F)F)cc2)c1CNCC1CC1,0.8043814,val
O=C(N[C@@H]1CCC[C@H](O)C1)c1noc(-c2ccc(C(F)(F)F)cc2)c1CNCC1CCC1,0.77517056,val
CN1CCCC(n2nc(Cc3ccc(Cl)cc3)c3ccccc3c2=O)CC1,0.9318048,test
O=c1c2ccccc2c(Cc2ccc(Cl)cc2)nn1C[C@H]1CCCN1CCCCc1ccc(OCCCN2CCCCCC2)cc1,0.9998311,val
O=C1Nc2ncccc2C2(CCN(C(=O)N[C@@H]3CC[C@@H](c4cccc(F)c4F)Cn4c(CC(F)(F)F)cnc43)CC2)O1,0.92492956,train
CC(C)c1cc(C#N)cc2nc(-c3ccc(C(=O)NC[C@H]4CC[C@@H](c5cccc(C(F)(F)F)c5)CC4)cc3)oc12,0.9847334,train
Cc1cccc([C@H]2CC[C@@H](CNC(=O)c3ccc(-c4nc5cc(C#N)cc(C(C)C)c5o4)cc3)CC2)c1,0.9113458,train
CC(C)c1cc(C#N)cc2nc(-c3ccc(C(=O)NCC4CN(c5ccc(-c6ccccc6C#N)cn5)C(=O)O4)cc3)oc12,0.9102535,train
Cc1ccc(-c2ccc(N3CC(CNC(=O)c4ccc(-c5nc6cc(C#N)cc(C(C)C)c6o5)cc4)OC3=O)nc2)s1,0.9796651,val
CC(C)c1cc(C#N)cc2nc(-c3ccc(C(=O)NC[C@H]4CN(c5ccc(-c6ccccc6OC(F)(F)F)cn5)C(=O)O4)cc3)oc12,0.98028654,train
CC(C)Oc1ccc(F)cc1-c1ccc(N2CCC(CNC(=O)c3ccc(-c4nc5cc(C#N)cc(C(C)C)c5o4)cc3)CC2)nc1,0.99408203,test
Cc1cccc(Nc2ccc(-c3ccc(N4CCNCC4)nc3)cc2)n1,0.64258647,test
Cc1cc(N2CCC(C3CCN(c4ncc(Cl)cn4)CC3)CC2)nc(C#N)n1,0.94401693,train
Cc1cnc(N2CCC(C3CCN(c4cc(C#N)nc(C)n4)CC3)CC2)nc1,0.86013144,train
Cc1cnc(N2CCC(C3CCN(c4cc(C#N)nc(C)n4)CC3)CC2)cn1,0.60539234,train
Cc1cnc(N2CCC(C3CCN(c4cc(C)nc(C#N)n4)CC3)CC2)cn1,0.4528146,train
O=C(NC1CC1)c1ccc(OCC2CC2C2CCN(c3ncc(Cl)cn3)CC2)cc1F,0.92921364,val
O=C(NC1CC1)c1ccc(OCCC2CC2C2CCN(c3ncc(Cl)cn3)CC2)cc1F,0.92020077,val
O=C(NC1CC1)c1ccc(OCC2CC2CC2CCN(c3ncc(Cl)cn3)CC2)cc1F,0.94667435,test
CS(=O)(=O)c1ccc(OCC[C@@H]2C[C@@H]2C2CCN(c3ncc(Cl)cn3)CC2)nc1,0.98982483,val
Clc1cnc(N2CCC([C@H]3C[C@H]3CCOc3ccc(-n4ccnn4)cc3)CC2)nc1,0.9750802,test
Clc1cnc(N2CCC([C@H]3C[C@H]3CCOc3ccc(-n4ccnn4)cn3)CC2)nc1,0.88050455,train
Cc1cnc(N2CCC([C@H]3C[C@H]3CCOc3nc(C)cc(C#N)n3)CC2)nc1,0.899267,val
Cc1cc(-c2c(Cl)cc(Cl)cc2OCCCC(F)(F)F)nc(N)n1,0.87393314,train
CC(C)OC(=O)N1CCC(Oc2ncnc3c2cnn3-c2ccc(S(C)(=O)=O)cc2F)CC1,0.7457425,test
O=C(Cc1ccc(Cl)cc1)NC(Cc1ccc(Cl)cc1)C(=O)N[C@H]1C[C@H]2CC[C@@H](C1)N2,0.97352165,train
O=C(N[C@H]1C[C@H]2CC[C@@H](C1)N2)C(Cc1ccc(Cl)cc1)NC(=O)C1(c2ccc(Cl)cc2)CC1,0.95910263,val
CC(C)(C)OCC1C(=O)NCCN1C(=O)C[C@H](N)Cc1cc(F)c(F)cc1F,0.08797284,train
CCN1C(=O)c2nc(Cc3ccccc3)n(Cc3ccccc3)c2N2CC3(CCc4ccccc43)N=C12,0.99768,val
CC[C@H]1OC(=O)C(C)[C@@H](O[C@H]2C[C@@](C)(OC)C[C@H](C)O2)[C@H](C)[C@@H](O[C@@H]2O[C@H](C)C[C@H](N(C)C(C)C)[C@H]2O)[C@](C)(O)C[C@@H](C)[C@H](OCC(=O)NC)[C@H](C)[C@@H](O)[C@]1(C)O,0.7240797,train
CC#CC(CC(=O)O)c1ccc(Oc2ccc(C(F)(F)F)cc2OC(F)F)cc1F,0.1590097,train
CC#C[C@@H](c1ccc(Oc2ccc(C(F)(F)F)cc2OC(F)F)cc1)c1oc(=O)[nH]c1O,0.69467646,test
Cc1c2c(n3c1CCCN[C@H](C)CNc1cc-3ccc1C(N)=O)CC(C)(C)CC2=O,0.22503123,test
COc1cc(F)ccc1-c1cncc(CNC2CCCC2)c1,0.70457435,train
COc1cc(F)ccc1-c1cccc(CNC2CCCC2)c1,0.91782653,test
COc1cc(F)ccc1-c1cncc(CNC2CCCC2)n1,0.5800335,val
COc1cc(F)ccc1-c1cccc(CNC2CCCC2)n1,0.9134854,val
COc1cc(F)ccc1-c1cc(CNC2CCCC2)ccn1,0.8835893,test
COc1cc(F)ccc1-c1cncc(CNC2CCCCC2)c1,0.7380335,train
COc1cc(F)ccc1-c1cncc(CNC(C)C)c1,0.598433,train
COc1cc(F)ccc1-c1cncc(C2CCCN2)c1,0.9031998,test
COc1cc(F)ccc1-c1cncc(NCc2ccccc2)c1,0.7652357,train
COc1cc(F)ccc1-c1cncc(NC2CCCOC2)c1,0.8177206,val
COc1cc(F)ccc1-c1cncc(CNC(=O)c2cnccn2)c1,0.17873472,test
COc1cc(F)ccc1-c1cncc(CNC(=O)c2ccccn2)c1,0.3300802,val
COc1cc(F)ccc1-c1cncc(CNC(=O)c2ccccc2)c1,0.51539516,train
COc1cc(F)ccc1-c1cncc(CNC(=O)C2CCC2)c1,0.33925357,train
COc1cc(F)ccc1-c1cncc(CNCC2CC2)n1,0.6522134,test
Cc1c2c(n3c1CCCN1CCC[C@@H]1CNc1cc-3ccc1C(N)=O)CC(C)(C)CC2=O,0.82386386,train
Cc1c2c(n3c1CCCN1CCCC[C@@H]1CNc1cc-3ccc1C(N)=O)CC(C)(C)CC2=O,0.8708292,train
Cc1c2c(n3c1CCCN1CCOC[C@@H]1CNc1cc-3ccc1C(N)=O)CC(C)(C)CC2=O,0.32178852,val
CC(=O)N1CCN2CCCc3c(C)c4c(n3-c3ccc(C(N)=O)c(c3)NC[C@H]2C1)CC(C)(C)CC4=O,0.35450977,train
Cc1c2c(n3c1CCCN1CC[C@H](CNc4cc-3ccc4C(N)=O)C1)CC(C)(C)CC2=O,0.845051,train
Cc1c2c(n3c1CCCN1C[C@@H](F)C[C@@H]1CNc1cc-3ccc1C(N)=O)CC(C)(C)CC2=O,0.70775616,train
Cc1c2c(n3c1CCCN1CCCC[C@@H]1[C@H](C)Nc1cc-3ccc1C(N)=O)CC(C)(C)CC2=O,0.8763067,train
Cc1c2c(n3c1CCCN1CCC[C@@H](C1)Nc1cc-3ccc1C(N)=O)CC(C)(C)CC2=O,0.6017764,val
CO[C@@H]1COCC[C@@H]1N[C@@H]1CC[C@@](C(=O)N2CCN(c3cncc(C(F)(F)F)c3)CC2)(C(C)C)C1,0.60427547,test
CO[C@@H]1COCC[C@@H]1N[C@@H]1CC[C@@](C(=O)N2CCN(c3cccc(C(F)(F)F)n3)CC2)(C(C)C)C1,0.83883566,train
CO[C@@H]1COCC[C@@H]1N[C@@H]1CC[C@@](C(=O)N2CCN(c3nccc(C(F)(F)F)n3)CC2)(C(C)C)C1,0.8436408,train
CO[C@@H]1COCC[C@@H]1N[C@@H]1CC[C@@](C(=O)N2CCN(c3cncc(C(F)(F)F)n3)CC2)(C(C)C)C1,0.19431147,train
CO[C@@H]1COCC[C@@H]1N[C@@H]1CC[C@@](C(=O)N2CCN(c3ccnc(C(F)(F)F)n3)CC2)(C(C)C)C1,0.8343553,train
CO[C@@H]1COCC[C@@H]1N[C@@H]1CC[C@@](C(=O)N2CCN(c3cc(C(F)(F)F)ncn3)CC2)(C(C)C)C1,0.31527144,train
CO[C@@H]1COCC[C@@H]1N[C@@H]1CC[C@@](C(=O)N2CCN(c3nncc(C(F)(F)F)n3)CC2)(C(C)C)C1,0.20601194,train
CO[C@@H]1COCC[C@@H]1N[C@@H]1CC[C@@](C(=O)N2CCN(c3cc(C(F)(F)F)cnn3)CC2)(C(C)C)C1,0.5858099,train
CCO[C@H]1COCC[C@H]1N[C@@H]1CC[C@@](C(=O)N2CCN(c3cc(C(F)(F)F)ccn3)CC2)(C(C)C)C1,0.9739381,train
CCO[C@@H]1COCC[C@@H]1N[C@@H]1CC[C@@](C(=O)N2CCN(c3cc(C(F)(F)F)ccn3)CC2)(C(C)C)C1,0.9695136,train
CCC1COCC[C@@H]1N[C@@H]1CC[C@@](C(=O)N2CCN(c3cc(C(F)(F)F)ccn3)CC2)(C(C)C)C1,0.9488271,train
CC(C)[C@]1(C(=O)N2CCN(c3cc(C(F)(F)F)ccn3)CC2)CC[C@@H](N[C@H]2CCOC[C@H]2O)C1,0.92598,train
CC(C)[C@]1(C(=O)N2CCN(c3cc(C(F)(F)F)ccn3)CC2)CC[C@@H](NC2C3CCCC2COC3)C1,0.984545,test
CO[C@@H]1COCC[C@@H]1N(C)[C@@H]1CC[C@@](C(=O)N2CCN(c3cc(C(F)(F)F)ccn3)CC2)(C(C)C)C1,0.4857188,train
CC(C)[C@]1(C(=O)N2CCN(c3cc(C(F)(F)F)ccn3)CC2)CC[C@@H](N2CCC3COCCC32)C1,0.99010324,train
CO[C@@H]1COCC[C@@H]1N(C)[C@@H]1CC[C@@](C(=O)N2CCN(c3cc(C(F)(F)F)cnn3)CC2)(C(C)C)C1,0.09902913,train
Cc1noc(C)c1CCC1CCN(S(=O)(=O)C[C@](C)(CC(C)c2ncc(F)cn2)N(O)C=O)CC1,0.8036532,val
Cc1nc2ccccc2n1[C@H]1C[C@H]2CC[C@@H](C1)N2CCC1(c2ccccc2)CCN(C(=O)c2ccccc2)CC1,0.9829268,train
Cc1nc2ccccc2n1[C@H]1C[C@H]2CC[C@@H](C1)N2CCC1(c2ccccc2)CCN(C(=O)C(C)(C)C)CC1,0.9857094,train
Cc1nc2ccccc2n1C1CC2CCC(C1)N2CCC1(c2cccc(F)c2)CCN(C(=O)C(C)(C)C)CC1,0.8086343,train
Cc1nc2ccccc2n1C1CC2CCC(C1)N2CCC1(c2cccc(F)c2)CCN(C(=O)C(C)(C)C(=O)O)CC1,0.029131733,train
Cc1nc2ccccc2n1C1CC2CCC(C1)N2CCC1(c2cccc(F)c2)CCN(C(=O)C2(C(=O)O)CCC2)CC1,0.07059509,test
Cc1nc2ccccc2n1C1CC2CCC(C1)N2CCC1(c2ccccc2)CCN(C(=O)c2cccc(C(=O)O)c2)CC1,0.037233856,train
Cc1nc2ccccc2n1C1CC2CCC(C1)N2CCC1(c2ccccc2)CCN(C(=O)C(C)(C)c2nn[nH]n2)CC1,0.032826077,train
Cc1nc2ccccc2n1C1CC2CCC(C1)N2CCC1(c2ccccc2)CCN(C(=O)C(C)(C)C(=O)NS(C)(=O)=O)CC1,0.0071908566,train
Cc1nc2ccccc2n1C1CC2CCC(C1)N2CCC1(c2ccccc2)CCN(C(=O)c2cccc(-c3nn[nH]n3)c2)CC1,0.07709099,test
Cc1nc2ccccc2n1C1CC2CCC(C1)N2CCC1(c2ccccc2)CCN(C(=O)c2cccc(C(O)=NO)c2)CC1,0.063485004,train
Cc1nc2ccccc2n1C1CC2CCC(C1)N2CCC1(c2ccccc2)CCN(C(=O)C(C)(C)CO)CC1,0.27627268,train
COC(=O)c1cccc(C(=O)N2CCC(CCN3C4CCC3CC(n3c(C)nc5ccccc53)C4)(c3ccccc3)CC2)c1,0.5718042,train
Cc1nc2ccccc2n1C1CC2CCC(C1)N2CCC1(c2ccccc2)CCN(C(=O)c2cccc(C(N)=O)c2)CC1,0.22560768,train
Cc1nc2ccccc2n1C1CC2CCC(C1)N2CCC1(c2ccccc2)CCN(C(=O)c2cccc(S(N)(=O)=O)c2)CC1,0.05527836,train
Cc1nc2ccccc2n1C1CC2CCC(C1)N2CCC1(c2ccccc2)CCN(C(=O)c2ccc(S(N)(=O)=O)cc2)CC1,0.07041359,train
CNS(=O)(=O)c1cccc(C(=O)N2CCC(CCN3C4CCC3CC(n3c(C)nc5ccccc53)C4)(c3ccccc3)CC2)c1,0.13018581,train
Cc1nc2ccccc2n1C1CC2CCC(C1)N2CCC1(c2ccccc2)CCN(C(=O)c2cccc(S(=O)(=O)N(C)C)c2)CC1,0.4732707,train
Cc1nc2ccccc2n1C1CC2CCC(C1)N2CCC1(c2cccc(F)c2)CCN(C(=O)c2cc(S(N)(=O)=O)ccc2F)CC1,0.14003646,train
Cc1nc2ccccc2n1C1CC2CCC(C1)N2CCC1(c2cccc(F)c2)CCN(C(=O)c2c(Cl)ccc(S(N)(=O)=O)c2Cl)CC1,0.08000966,train
Cc1nc2ccccc2n1C1CC2CCC(C1)N2CCC1(c2cccc(F)c2)CCN(C(=O)c2cc(S(=O)(=O)NC3CCCC3)c(F)cc2Cl)CC1,0.5743589,train
CCNS(=O)(=O)c1cc(C(=O)N2CCC(CCN3C4CCC3CC(n3c(C)nc5ccccc53)C4)(c3cccc(F)c3)CC2)c(Cl)cc1F,0.3154146,train
Cc1nc2ccccc2n1C1CC2CCC(C1)N2CCC1(c2cccc(F)c2)CCN(C(=O)c2cc(S(=O)(=O)NC(C)C)c(F)cc2Cl)CC1,0.15049903,train
Cc1nc2ccccc2n1C1CC2CCC(C1)N2CCC1(c2cccc(F)c2)CCN(C(=O)c2cc(S(=O)(=O)NC3CC3)c(F)cc2Cl)CC1,0.32333547,val
Cc1nc2ccccc2n1C1CC2CCC(C1)N2CCC1(c2cccc(F)c2)CCN(C(=O)c2cc(S(=O)(=O)NCC(F)(F)F)c(F)cc2Cl)CC1,0.7860724,train
CCCNS(=O)(=O)c1cc(C(=O)N2CCC(CCN3C4CCC3CC(n3c(C)nc5ccccc53)C4)(c3cccc(F)c3)CC2)c(Cl)cc1F,0.6489667,train
CNS(=O)(=O)c1cc(C(=O)N2CCC(CCN3C4CCC3CC(n3c(C)nc5ccccc53)C4)(c3cccc(F)c3)CC2)c(Cl)cc1F,0.16213244,train
Cc1nc2ccccc2n1C1CC2CCC(C1)N2CCC1(c2cccc(F)c2)CCN(C(=O)c2ccc(NS(C)(=O)=O)cc2Cl)CC1,0.89955187,train
Cc1nc2ccccc2n1C1CC2CCC(C1)N2CCC1(c2cccc(F)c2)CCN(C(=O)c2cc(NS(C)(=O)=O)c(F)cc2Cl)CC1,0.47021893,train
Cc1nc2ccccc2n1C1CC2CCC(C1)N2CCC1(c2cccc(F)c2)CCN(C(=O)c2cc(NS(C)(=O)=O)c(F)cc2F)CC1,0.42772782,train
Cc1nc2ccccc2n1C1CC2CCC(C1)N2CCC1(c2cccc(F)c2)CCN(C(=O)c2c(F)ccc(NS(C)(=O)=O)c2F)CC1,0.5187072,train
Cc1nc2ccccc2n1C1CC2CCC(C1)N2CCC1(c2cccc(F)c2)CCN(C(=O)c2cc(NS(=O)(=O)C(C)C)c(F)cc2F)CC1,0.5875325,train
CN(C)[C@@H]1CCC[C@H]1Nc1nc(Nc2ccc(S(C)(=O)=O)cc2)ncc1C(F)(F)F,0.8592069,train
CN=[S+](C)([O-])c1ccc(Nc2ncc(C(F)(F)F)c(N[C@@H]3CCC[C@H]3N(C)C)n2)cc1,0.15661749,train
COCCCc1cc(CN(C(=O)C2CNCC[C@@H]2c2ccccc2)C2CC2)cc(OCCOC)c1,0.84169394,train
COCCCc1cc(CN(C(=O)C2CNCC[C@@H]2c2cc(=O)n(C)c3ccccc23)C2CC2)cc(OCCOC)c1,0.43200582,train
COCCCc1cc(CN(C(=O)C2CNCC[C@@H]2c2cc(=O)n(C)c3cc(Cl)ccc23)C2CC2)cc(OCCOC)c1,0.89131796,train
Cn1ccc([C@H]2CCNCC2C(=O)N(Cc2cccc(Cl)c2Cl)C2CC2)cc1=O,0.1717091,train
COCCCc1cc(Cl)c(Cl)c(CN(C(=O)C2CNCC[C@@H]2c2ccn(C)c(=O)c2)C2CC2)c1,0.25958228,train
COCCCc1ccc(Cl)c(CN(C(=O)C2CNCC[C@@H]2c2ccn(C)c(=O)c2)C2CC2)c1,0.28308815,train
COCCCc1cc(Cl)cc(CN(C(=O)C2CNCC[C@@H]2c2ccn(C)c(=O)c2)C2CC2)c1,0.5888792,train
COCCc1cc(Cl)c(Cl)c(CN(C(=O)C2CNCC[C@@H]2c2ccn(C)c(=O)c2)C2CC2)c1,0.34510693,train
Cn1ccc([C@H]2CCNCC2C(=O)N(Cc2cc(CCCC#N)cc(Cl)c2Cl)C2CC2)cc1=O,0.69695175,train
Cn1ccc([C@H]2CCNCC2C(=O)N(Cc2cc(CCC#N)cc(Cl)c2Cl)C2CC2)cc1=O,0.12014407,train
COC(=O)NCCc1cc(Cl)c(Cl)c(CN(C(=O)C2CNCC[C@@H]2c2ccn(C)c(=O)c2)C2CC2)c1,0.1510013,train
COCCNc1cc(Cl)c(Cl)c(CN(C(=O)C2CNCC[C@@H]2c2ccn(C)c(=O)c2)C2CC2)c1,0.26634064,train
COCCCc1cc(Br)cc(CN(C(=O)C2CNCC[C@@H]2c2ccn(C)c(=O)c2)C2CC2)c1,0.43526772,train
COCCCc1cc(CN(C(=O)C2CNCC[C@@H]2c2ccn(C)c(=O)c2)C2CC2)cc(Br)c1C,0.2833491,train
COCCCc1cc(CN(C(=O)C2CNCC[C@@H]2c2ccn(C)c(=O)c2)C2CC2)cc(-c2ccccc2)c1,0.6672984,train
COCCCc1cc(CN(C(=O)C2CNCC[C@@H]2c2ccn(C)c(=O)c2)C2CC2)c2ccccc2c1,0.33501852,val
COCCCc1cc(CN(C(=O)C2CNCC[C@@H]2c2ccn(C)c(=O)c2)C2CC2)c2ncccc2c1,0.114675745,test
COCCCn1cc(CN(C(=O)C2CNCC[C@@H]2c2ccn(C)c(=O)c2)C2CC2)c2c(Cl)cccc21,0.3728717,train
COCCCn1cc(CN(C(=O)C2CNCC[C@@H]2c2ccn(C)c(=O)c2)C2CC2)c2c(Br)cccc21,0.23104505,train
Cn1ccc([C@H]2CCNCC2C(=O)N(Cc2cn(Cc3ccccc3)c3cccc(F)c23)C2CC2)cc1=O,0.7429363,train
Cn1ccc([C@H]2CCNCC2C(=O)N(Cc2cn(Cc3cccc(F)c3)c3cccc(F)c23)C2CC2)cc1=O,0.95564634,train
Cn1ccc([C@H]2CCNCC2C(=O)N(Cc2cn(Cc3ccc(F)cc3)c3cccc(F)c23)C2CC2)cc1=O,0.95871735,train
Cn1ccc([C@H]2CCNCC2C(=O)N(Cc2cn(Cc3cccnc3)c3cccc(F)c23)C2CC2)cc1=O,0.38297415,val
Cn1ccc([C@H]2CCNCC2C(=O)N(Cc2cn(Cc3ccncc3)c3cccc(F)c23)C2CC2)cc1=O,0.76908535,test
Cc1nnc(N2CC[C@@H](F)C2)c2nn(-c3ccc(OCC(F)(F)F)cc3)c(C)c12,0.95897853,test
COC1CN(c2nnc(C)c3c(C)n(-c4ccc(Cl)cc4OC(F)(F)F)nc23)C1,0.99802655,train
CCOc1ccc(-n2nc3c(N4CC(OC)C4)nnc(C)c3c2C)c(F)c1,0.8640401,train
CN(Cc1cnccn1)S(=O)(=O)Nc1ccc2ccc3ncc(-c4cnn(C)c4)cc3c(=O)c2c1,0.053276613,val
Cn1cc(-c2cnc3ccc4ccc(NS(N)(=O)=O)cc4c(=O)c3c2)cn1,0.16839594,train
Cn1cc(-c2cnc3ccc4ccc(NS(C)(=O)=O)cc4c(=O)c3c2)cn1,0.43535152,train
CS(=O)(=O)Nc1ccc2ccc3ncc(-c4ccccc4)cc3c(=O)c2c1,0.83546156,train
NCC(=O)N1CCn2c(nc(-c3ccccc3)c2Nc2ccc3c(c2)OCO3)C1,0.06735527,val
CC(C)(N)C(=O)N1CCn2c(nc(-c3ccc(F)cc3)c2Nc2ccc(F)cc2)C1,0.8598654,train
CC(C)(N)C(=O)N1CCn2c(nc(-c3cccc(F)c3)c2Nc2ccc(F)cc2)C1,0.86789304,train
Cc1ccc(Nc2c(-c3ccc(F)cc3)nc3n2CCN(C(=O)CN)C3)cc1,0.17012912,train
Cc1ccc(Nc2c(-c3ccc(F)cc3)nc3n2CCN(C(=O)C(C)(C)N)C3)cc1,0.74672973,train
CC(C)(N)C(=O)N1CCn2c(nc(-c3ccc(F)cc3)c2Nc2ccc(Cl)cc2)C1,0.94783294,train
CC(C)(N)C(=O)N1CCn2c(nc(-c3ccc(F)cc3)c2Nc2ccc(F)c(F)c2)C1,0.8393282,train
NCC(=O)N1CCn2c(nc(-c3ccc(F)cc3)c2Nc2ccc(Cl)c(F)c2)C1,0.29667366,train
CC(C)(N)C(=O)N1CCn2c(nc(-c3ccc(F)cc3)c2Nc2ccc(Cl)c(F)c2)C1,0.9010413,train
CCS(=O)(=O)c1ccc2c(c1)nc(C(C)(C)C)n2CC1CC1,0.96869475,train
N#Cc1ccc(N2CCN(Cc3cc(C(=O)O)c(=O)n4ccccc34)CC2)cc1,0.32649043,train
COc1cc(C2CCN(C(C)=O)CC2)ccc1Nc1ncc(Cl)c(-c2cnc3ccccn23)n1,0.8828394,train
COc1cc(C2CCNCC2)ccc1Nc1ncc(Cl)c(-c2cnc3ccccn23)n1,0.9578117,train
COc1cc(N2CCCN(C(C)=O)CC2)ccc1Nc1ncc(Cl)c(-c2cnc3ccccn23)n1,0.77822614,train
COc1cc(OC2CCN(C(C)=O)CC2)ccc1Nc1ncc(Cl)c(-c2cnc3ccccn23)n1,0.9640253,train
COc1cc(OC2CCNCC2)ccc1Nc1ncc(Cl)c(-c2cnc3ccccn23)n1,0.9659055,train
COc1cc(OC2CNC2)ccc1Nc1ncc(Cl)c(-c2cnc3ccccn23)n1,0.9545374,test
COc1cc(N2CCOCC2)ccc1Nc1ncc(Cl)c(-c2cnc3ccccn23)n1,0.7546613,train
COc1cc(CN2CCOCC2)ccc1Nc1ncc(Cl)c(-c2cnc3ccccn23)n1,0.9106684,test
COc1cc(C(=O)N2CCOCC2)ccc1Nc1ncc(Cl)c(-c2cnc3ccccn23)n1,0.35170543,train
COc1cc(CC(=O)N2CCOCC2)ccc1Nc1ncc(Cl)c(-c2cnc3ccccn23)n1,0.46906346,train
COc1cc(N2CC3CNCC(C2)O3)ccc1Nc1ncc(Cl)c(-c2cnc3ccccn23)n1,0.98983485,train
COc1cc(N2CC3CN(CCO)CC(C2)O3)ccc1Nc1ncc(Cl)c(-c2cnc3ccccn23)n1,0.99772173,train
COc1cc(N2CC3COCC(C2)N3)ccc1Nc1ncc(Cl)c(-c2cnc3ccccn23)n1,0.9513934,train
COc1cc(N2CCNCC2)ccc1Nc1ncc(Cl)c(-c2cnc3ccccn23)n1,0.8307608,train
COc1cc(N2CCN(CCO)CC2)ccc1Nc1ncc(Cl)c(-c2cnc3ccccn23)n1,0.94807804,train
COc1cc(N2CCN(CC(=O)N(C)C)CC2)ccc1Nc1ncc(Cl)c(-c2cnc3ccccn23)n1,0.9658969,train
COc1cc(N2CCN(CCS(C)(=O)=O)CC2)ccc1Nc1ncc(Cl)c(-c2cnc3ccccn23)n1,0.9129613,train
COc1cc(N2CCN(C(=O)N(C)C)CC2)ccc1Nc1ncc(Cl)c(-c2cnc3ccccn23)n1,0.83458054,train
COc1cc(N2CCN(C(=O)CO)CC2)ccc1Nc1ncc(Cl)c(-c2cnc3ccccn23)n1,0.36831298,train
COc1cc(N2CCN(C(=O)C(C)O)CC2)ccc1Nc1ncc(Cl)c(-c2cnc3ccccn23)n1,0.6504731,train
COc1cc(N2CCN(C(=O)CN)CC2)ccc1Nc1ncc(Cl)c(-c2cnc3ccccn23)n1,0.22793622,train
CNCC(=O)N1CCN(c2ccc(Nc3ncc(Cl)c(-c4cnc5ccccn45)n3)c(OC)c2)CC1,0.3573704,train
COc1cc(N2CCN(C(=O)C(C)N)CC2)ccc1Nc1ncc(Cl)c(-c2cnc3ccccn23)n1,0.7073647,train
COc1ccc(N2CCN(C(C)=O)CC2)cc1Nc1ncc(Cl)c(-c2cnc3ccccn23)n1,0.6592415,train
COc1ccc(N2CCNCC2)cc1Nc1ncc(Cl)c(-c2cnc3ccccn23)n1,0.8390841,train
COc1ccc(N2CCOCC2)cc1Nc1ncc(Cl)c(-c2cnc3ccccn23)n1,0.7657743,train
COc1ccc(C(=O)N2CCOCC2)cc1Nc1ncc(Cl)c(-c2cnc3ccccn23)n1,0.41065753,val
ON=C(O)/C=C/c1ccc2c(c1)CN(Cc1ccccc1)C2,0.39170092,val
ON=C(O)/C=C/c1ccc2c(c1)CN(CCC1CCCCC1)C2,0.43175057,test
ON=C(O)/C=C/c1ccc2c(c1)CN(CCc1cnn3ccccc13)C2,0.51374364,train
CN1C[C@H]2CCCC[C@@]2(c2ccc(Cl)c(Cl)c2)C1,0.96187234,train
CN1C[C@@H]2CCCC[C@]2(c2ccc(Cl)c(Cl)c2)C1,0.9842494,train
Clc1ccc([C@]23CCCC[C@H]2CNC3)cc1Cl,0.976263,train
Clc1ccc([C@@]23CCCC[C@@H]2CNC3)cc1Cl,0.9443104,train
CCN1C[C@H]2CCCC[C@@]2(c2ccc(Cl)c(Cl)c2)C1,0.9899607,train
CCN1C[C@@H]2CCCC[C@]2(c2ccc(Cl)c(Cl)c2)C1,0.99316144,train
CN1C[C@@H]2CCC[C@]2(c2ccc(Cl)c(Cl)c2)C1,0.9611614,train
CN1C[C@H]2CCC[C@@]2(c2ccc(Cl)c(Cl)c2)C1,0.9542837,train
Clc1ccc([C@]23CCC[C@H]2CNC3)cc1Cl,0.9759699,train
Clc1ccc([C@@]23CCC[C@@H]2CNC3)cc1Cl,0.89825714,train
CCc1c(C(=O)NC(C)(C)c2nnnn2C)nn(-c2ccc(Cl)cc2Cl)c1-c1ccc(Br)cc1,0.8767708,test
CC(=O)Nc1cccc(Nc2ncnc(N3CCC(Oc4ccc(OC(F)(F)F)cc4)CC3)n2)c1C,0.9933561,train
CC(=O)Nc1cccc(Nc2ncnc(N3CCC(Oc4ccc(C(F)(F)F)cc4)CC3)n2)c1C,0.9815579,train
CC(=O)Nc1cccc(Nc2ncnc(N3CCc4ccccc4C3)n2)c1,0.4196068,test
CC(=O)Nc1cccc(Nc2ncnc(N3CCC(OCc4ccc(C)cc4)CC3)n2)c1C,0.79219735,train
CC(=O)Nc1cccc(Nc2ncnc(N3CCC(OCc4ccc(C(C)C)cc4)CC3)n2)c1C,0.7590615,train
C[C@@H]1CCCN1CCCOc1ccc(-c2ccc(=O)n(C)n2)cc1,0.38322282,train
C[C@@H]1CCCN1CCCOc1ccc(-c2cn[nH]c(=O)c2)cc1,0.62855077,test
C[C@@H]1CCCN1CCCOc1ccc(-c2ccc(=O)[nH]n2)cc1,0.41119117,train
CN(C)CCC1CCN(c2cc(C(=O)NC[C@H]3CC[C@H](CNC(=O)OCC(C)(C)C)CC3)c3ccccc3n2)CC1,0.9710694,val
CC(C)CNc1nc(N2CCN(CC3CCCOC3)CC2)ncc1C(=O)NCc1ccccc1,0.5934811,train
COc1cc(-c2cn(Cc3ccccc3F)nn2)ccc1-n1cnc(C)c1,0.95662385,train
COc1cc(-c2cn(Cc3cccc(F)c3)nn2)ccc1-n1cnc(C)c1,0.99204624,train
COc1cc(-c2cn(Cc3ccc(F)cc3)nn2)ccc1-n1cnc(C)c1,0.9923928,train
COc1cc(-c2cn(Cc3cccc(C(F)(F)F)c3)nn2)ccc1-n1cnc(C)c1,0.9923895,train
COc1cc(-c2cn(Cc3cccc(OC(F)(F)F)c3)nn2)ccc1-n1cnc(C)c1,0.9926634,train
COc1cc(-c2cn(Cc3cc(C(C)(C)C)cc(C(C)(C)C)c3)nn2)ccc1-n1cnc(C)c1,0.99874264,train
COc1cc(-c2cn(Cc3cc(Br)cc(Br)c3)nn2)ccc1-n1cnc(C)c1,0.996572,train
COc1cc(-c2cn(Cc3cc(C(F)(F)F)cc(C(F)(F)F)c3)nn2)ccc1-n1cnc(C)c1,0.99752027,train
COc1cc(-c2cn(Cc3ccc(C(C)(C)C)cc3)nn2)ccc1-n1cnc(C)c1,0.99745744,train
COc1cc(-c2cn(Cc3cccc4cccnc34)nn2)ccc1-n1cnc(C)c1,0.9472917,train
COc1cc(-c2cn(Cc3ccc(-c4noc(C)n4)cc3)nn2)ccc1-n1cnc(C)c1,0.98351294,val
COc1cc(-c2cn(Cc3csc4ccccc34)nn2)ccc1-n1cnc(C)c1,0.9970931,train
ON=C(O)/C=C/c1ccc(CNCCc2c[nH]c3ccccc23)cc1,0.53288543,train
CCN(CCc1c[nH]c2ccccc12)Cc1ccc(/C=C/C(O)=NO)cc1,0.62438023,train
Cc1[nH]c2ccccc2c1CCN(CCF)Cc1ccc(/C=C/C(O)=NO)cc1,0.5902641,train
CCCN(CCc1c[nH]c2ccccc12)Cc1ccc(/C=C/C(O)=NO)cc1,0.64225066,train
ON=C(O)/C=C/c1ccc(CNCCc2c(-c3ccccc3)[nH]c3ccccc23)cc1,0.67161465,train
ON=C(O)/C=C/c1ccc(CNCCc2c(-c3ccccn3)[nH]c3ccccc23)cc1,0.5210976,train
COc1ccncc1-c1[nH]c2ccccc2c1CCNCc1ccc(/C=C/C(O)=NO)cc1,0.533855,train
ON=C(O)/C=C/c1ccc(CNCCc2c(-c3cccs3)[nH]c3ccccc23)cc1,0.8069054,train
Cc1noc(C)c1-c1[nH]c2ccccc2c1CCNCc1ccc(/C=C/C(O)=NO)cc1,0.60594624,test
CC(C)(C)c1[nH]c2ccccc2c1CCNCc1ccc(/C=C/C(O)=NO)cc1,0.56659305,train
CC(C)N(CCc1c[nH]c2ccccc12)Cc1ccc(/C=C/C(O)=NO)cc1,0.66395456,train
ON=C(O)/C=C/c1ccc(CNCCc2c(-c3ccccc3)nn3ccccc23)cc1,0.50272757,train
Cc1nn2ccccc2c1CCN(Cc1ccc(/C=C/C(O)=NO)cc1)C(C)C,0.5951203,train
CCc1nn2ccccc2c1CCN(Cc1ccc(/C=C/C(O)=NO)cc1)C(C)C,0.6409169,train
CC(C)N(CCc1c(-c2ccccc2)nn2ccccc12)Cc1ccc(/C=C/C(O)=NO)cc1,0.70890373,train
Cn1c(=O)c2c(cc(N3CCC[C@@](C)(N)C3)n2Cc2cc(F)ccc2C#N)n(C)c1=O,0.5464446,train
Cc1nc(C(=O)NCCCN2CCN(c3cccc(Cl)c3Cl)CC2)c(C)n1-c1ccccc1,0.9736425,test
Cc1c(Cl)cccc1N1CCN(CCCNC(=O)c2nc(-c3ccccc3)n(-c3ccccc3)c2C)CC1,0.9946667,test
Cc1c(Cl)cccc1N1CCN(CCCNC(=O)c2nc(-c3ccccc3)n(-c3ccccc3)c2Cn2cncn2)CC1,0.9718213,train
Cc1cccc(N2CCN(CCCNC(=O)c3nc(C)n(-c4ccc5c(c4)OCCO5)c3C)CC2)c1C,0.88309336,train
O=C(NCC1(N2CCOCC2)CCCCC1)N1CCC(c2nc(-c3ccc4ccccc4n3)no2)CC1,0.87469006,train
O=C(NCC1(N2CCCCC2)CCCC1)N1CCC(c2nc(-c3ccc4ccccc4n3)no2)CC1,0.9486845,train
O=C(NCC1(N2CCCC2)CCCC1)N1CCC(c2nc(-c3ccc4ccccc4n3)no2)CC1,0.93665177,train
CCN(CC)C1(CNC(=O)N2CCC(c3nc(-c4ccc5ccccc5n4)no3)CC2)CCCC1,0.8626219,train
O=C(NCC1(N2CCOCC2)CCCC1)N1CCC(c2nc(-c3ccc4ccccc4n3)no2)CC1,0.84258467,train
CC(C)N1CCCC1CNC(=O)N1CCC(c2nc(-c3ccc4ccccc4n3)no2)CC1,0.33110046,test
CCNC1(CNC(=O)N2CCC(c3nc(-c4ccc5ccccc5n4)no3)CC2)CCCC1,0.639528,train
CC(C)(CNC(=O)N1CCC(c2nc(-c3ccc4ccccc4n3)no2)CC1)N1CCOCC1,0.43479753,train
CN(C)C1(CNC(=O)N2CCC(c3nc(-c4ccc5ccccc5n4)no3)CC2)CCCC1,0.7716178,train
c1ccc(-c2ccc(OCCCN3CCCCC3)cc2)cc1,0.97828144,train
CC(C)N1CCN(C(=O)N2CC=C(c3ccccc3)CC2)CC1,0.22385298,test
CC(C)N1CCN(C(=O)N2CCC(c3ccccc3)CC2)CC1,0.32856348,test
CC(C)N1CCN(C(=O)N2CCC(C(C)(C)C)CC2)CC1,0.47919083,test
CC(C)N1CCN(C(=O)N2CCC(Cc3ccccc3)CC2)CC1,0.33821884,train
O=C(N1CCN(C2CCCC2)CC1)N1Cc2ccccc2C1,0.4628337,train
O=C(N1CCN(C2CC2)CC1)N1Cc2ccccc2C1,0.30076075,train
CC(C)N1CCN(C(=O)N2Cc3ccccc3C2)CC1,0.16571744,train
O=C(N1Cc2ccccc2C1)N1CCC[C@H]1CN1CCCC1,0.39335474,val
C=C(N(C)Cc1ccc(-c2ccccc2)cc1)N1CCN(C(C)C)CC1,0.7936936,val
CN(Cc1ccc(-c2ccccc2)cc1)C(=O)N1CCC[C@H]1CN1CCCC1,0.85411704,test
O=C(NCc1ccc(C(F)(F)F)cc1)N1CCC[C@H]1CN1CCCC1,0.5577312,test
O=C(/C=C/c1ccc(C(F)(F)F)cc1)N1CCC[C@H]1CN1CCCC1,0.7860406,val
COc1nccc2c(=O)n(C)c(-c3ccc(OC4CCN(C5CCC5)CC4)cc3)nc12,0.96748346,val
COc1cccc2c(=O)n(C)c(-c3ccc(OC4CCN(C5CCC5)CC4)cc3)nc12,0.98076105,train
COc1cccc2nc(-c3ccc(OC4CCN(C5CCC5)CC4)cc3)n(C)c(=O)c12,0.995357,train
Cc1nc2cccc(C(F)(F)F)c2c(=O)n1-c1ccc(OCCCN2CCCC2)cc1,0.9971589,train
Cc1nc2c(F)cccc2c(=O)n1-c1ccc(OCCCN2CCCC2)cc1,0.97107005,train
Cc1nc2cccc(F)c2c(=O)n1-c1ccc(OCCCN2CCCC2)cc1,0.98816586,train
COc1cccc2nc(C)n(-c3ccc(OCCCN4CCCC4)cc3)c(=O)c12,0.9850058,train
COc1ccc2nc(C)n(-c3ccc(OCCCN4CCCC4)cc3)c(=O)c2c1,0.974349,train
COc1ccc2c(=O)n(-c3ccc(OCCCN4CCCC4)cc3)c(C)nc2c1,0.9684137,train
COc1cccc2c(=O)n(-c3ccc(OCCCN4CCCC4)cc3)c(C)nc12,0.96320355,train
Cc1ccc2nc(C)n(-c3ccc(OCCCN4CCCC4)cc3)c(=O)c2c1,0.9814464,train
Cc1nc2ccccc2c(=O)n1-c1ccc(OCCCN2CCCC2)cc1,0.97778785,train
C[C@H]1[C@H](c2ccc(OCCCN3CCCC3)cc2)Oc2ccccc2S1(=O)=O,0.97248864,train
c1ncc(-c2cc3sc(N4CCC(N5CCCCC5)CC4)nc3cn2)cn1,0.6764951,val
CC(=O)Nc1ccc(-c2cc3sc(N4CCC(N5CCCCC5)CC4)nc3cn2)cn1,0.567857,train
Cc1ccc(-c2cc3sc(N4CCC(N5CCCCC5)CC4)nc3cn2)cn1,0.884593,train
COc1ccc(-c2cc3sc(N4CCC(N5CCCCC5)CC4)nc3cn2)cn1,0.9562893,train
N#Cc1cncc(-c2cc3sc(N4CCC(N5CCCCC5)CC4)nc3cn2)c1,0.9560488,train
Fc1ncccc1-c1cc2sc(N3CCC(N4CCCCC4)CC3)nc2cn1,0.90440446,train
Fc1cc(-c2cc3sc(N4CCC(N5CCCCC5)CC4)nc3cn2)ccn1,0.91639084,train
COc1cc(-c2cc3sc(N4CCC(N5CCCCC5)CC4)nc3cn2)ccn1,0.96758145,train
COc1cc(-c2cnc3nc(N4CCC(N5CCCCC5)CC4)sc3c2)ccn1,0.9659818,train
Fc1cc(-c2cnc3nc(N4CCC(N5CCCCC5)CC4)sc3c2)ccn1,0.91822815,train
Fc1ccc(-c2cc3sc(N4CCC(N5CCCCC5)CC4)nc3cn2)cn1,0.94173723,train
Nc1cnc(-c2cnc3nc(N4CCC(N5CCCCC5)CC4)sc3c2)cn1,0.49534658,train
c1ncc(-c2cnc3nc(N4CCC(N5CCCCC5)CC4)sc3c2)cn1,0.6029757,test
CC(=O)Nc1ccc(-c2cnc3nc(N4CCC(N5CCCCC5)CC4)sc3c2)cn1,0.5192483,train
Nc1ccc(-c2cnc3nc(N4CCC(N5CCCCC5)CC4)sc3c2)cn1,0.88589764,train
Cc1ccc(-c2cnc3nc(N4CCC(N5CCCCC5)CC4)sc3c2)cn1,0.88132334,train
COc1ccc(-c2cnc3nc(N4CCC(N5CCCCC5)CC4)sc3c2)cn1,0.9575205,train
N#Cc1cncc(-c2cnc3nc(N4CCC(N5CCCCC5)CC4)sc3c2)c1,0.9515376,train
Fc1ncccc1-c1cnc2nc(N3CCC(N4CCCCC4)CC3)sc2c1,0.8907306,train
Fc1ccc(-c2cnc3nc(N4CCC(N5CCCCC5)CC4)sc3c2)cn1,0.9409439,train
N#Cc1cc(-c2cnc3nc(N4CCC(N5CCCCC5)CC4)sc3c2)ccc1F,0.9893343,train
N#Cc1ccc(-c2cnc3nc(N4CCC(N5CCCCC5)CC4)sc3c2)cc1,0.99061817,train
Clc1cc2sc(N3CCC(N4CCCCC4)CC3)nc2cn1,0.88624394,train
COCC1CCCN1S(=O)(=O)c1ccc(-c2ccc(CCN3CCC[C@H]3C)cc2)cc1,0.9888138,train
C[C@@H]1CCCN1CCc1ccc(-c2ccc(S(=O)(=O)N3CCC(O)C3)cc2)cc1,0.9445353,train
COC1CCN(S(=O)(=O)c2ccc(-c3ccc(CCN4CCC[C@H]4C)cc3)cc2)CC1,0.984591,train
C[C@@H]1CCCN1CCc1ccc(-c2ccc(S(=O)(=O)N3CCS(=O)(=O)CC3)cc2)cc1,0.91672224,val
CC1COCC(C)N1S(=O)(=O)c1ccc(-c2ccc(CCN3CCC[C@H]3C)cc2)cc1,0.9788438,train
C[C@@H]1CCCN1CCc1ccc(-c2ccc(S(=O)(=O)N3CCOCC3)cc2)cc1,0.971322,train
C[C@@H]1CCCN1CCc1ccc(-c2ccc(S(=O)(=O)NCc3ccncc3)cc2)cc1,0.84530574,train
C[C@@H]1CCCN1CCc1ccc(-c2ccc(S(=O)(=O)NCc3ccccc3)cc2)cc1,0.86097413,test
C[C@@H]1CCCN1CCc1ccc(-c2ccc(S(=O)(=O)Nc3ccccc3)cc2)cc1,0.9976312,val
C[C@@H]1CCCN1CCc1ccc(-c2ccc(S(=O)(=O)NC3CCOCC3)cc2)cc1,0.96286577,test
C[C@@H]1CCCN1CCc1ccc(-c2ccc(S(=O)(=O)NC3CCC3)cc2)cc1,0.9885999,val
C[C@@H]1CCCN1CCc1ccc(-c2ccc(S(=O)(=O)NCC3CC3)cc2)cc1,0.9529914,val
COCCNS(=O)(=O)c1ccc(-c2ccc(CCN3CCC[C@H]3C)cc2)cc1,0.60029954,train
CCC(CO)NS(=O)(=O)c1ccc(-c2ccc(CCN3CCC[C@H]3C)cc2)cc1,0.91438764,train
C[C@@H]1CCCN1CCc1ccc(-c2ccc(S(N)(=O)=O)cc2)cc1,0.81425035,train
C[C@@H]1CCCN1CCc1ccc(-c2ccc(S(=O)(=O)N3CCCCC3)cc2)cc1,0.9928939,train
CCCNS(=O)(=O)c1ccc(-c2ccc(CCN3CCC[C@H]3C)cc2)cc1,0.91637963,train
CCNS(=O)(=O)c1ccc(-c2ccc(CCN3CCC[C@H]3C)cc2)cc1,0.7815089,train
COC(=O)N1CC(Oc2ccc(F)cc2)CC1C(=O)N1CCCN(C2CCC2)CC1,0.967872,train
COC(=O)N1CC(Oc2cccc(F)c2)CC1C(=O)N1CCCN(C2CCC2)CC1,0.9724038,train
O=C(C1CC(Oc2ccc(F)cc2)CN1)N1CCCN(C2CCCC2)CC1,0.98235404,train
N#Cc1ccc(OC2CNC(C(=O)N3CCCN(C4CCCC4)CC3)C2)cc1,0.98993814,train
N#Cc1ccc(OC2CNC(C(=O)N3CCCN(C4CCC4)CC3)C2)cc1,0.98628366,train
O=C(C1CC(Oc2ccc(Cl)cc2)CN1)N1CCCN(C2CCC2)CC1,0.9881632,train
O=C(C1CC(Oc2ccc(F)cc2)CN1)N1CCCN(C2CCC2)CC1,0.9760029,train
O=C(C1CC(Oc2cccc(Cl)c2)CN1)N1CCCN(C2CCC2)CC1,0.98645324,train
O=C(C1CC(Oc2cccc(F)c2)CN1)N1CCCN(C2CCC2)CC1,0.9769,train
CC1CCCN1CCc1ccc2nc(-c3cccs3)ccc2c1,0.9909328,train
CC1CCCN1CCc1ccc2nc(-c3ccsc3)ccc2c1,0.98919547,train
CC1CCCN1CCc1ccc2nc(-c3ccoc3)ccc2c1,0.96699107,train
COC(=O)c1cc(-c2ccc3cc(CCN4CCC[C@H]4C)ccc3n2)on1,0.9685818,train
COC(=O)c1c(C)noc1-c1ccc2cc(CCN3CCC[C@H]3C)ccc2n1,0.98449266,train
Cc1nc(C)c(-c2ccc3cc(CCN4CCCC4C)ccc3n2)cc1C(N)=O,0.9285946,train
Cc1nc(C)c(-c2ccc3cc(CCN4CCCC4C)ccc3n2)cc1C#N,0.9855155,train
CN(C)C1CCC(c2ccc(OCCCN3CCCCC3)cc2)CC1,0.9659343,train
CCOC(=O)c1ccc(-c2ccc(OCCCN3CCCCC3)cc2)cc1,0.9829221,train
O=C(c1ccccc1-c1ccc(OCCCN2CCCCC2)cc1)N1CCCCC1,0.92148995,val
COc1ccccc1-c1ccc(OCCCN2CCCCC2)cc1,0.97979397,train
c1cc(-c2ccc3c(c2)OCO3)ccc1OCCCN1CCCCC1,0.9883106,test
c1cc(C2CCOCC2)ccc1OCCCN1CCCCC1,0.8281017,val
c1cc(C2CCCCO2)ccc1OCCCN1CCCCC1,0.93635744,train
c1cc(N2CCCCC2)ccc1OCCCN1CCCCC1,0.85006106,test
c1cc(C2CCCCC2)ccc1OCCCN1CCCCC1,0.97245604,train
C1=C(c2ccc(OCCCN3CCCCC3)cc2)CCC1,0.9464008,train
c1cc(C2=NCCO2)ccc1OCCCN1CCCCC1,0.98991466,test
c1ncc(-c2ccc(OCCCN3CCCCC3)cc2)o1,0.75487113,val
Cn1nccc1-c1ccc(OCCCN2CCCCC2)cc1,0.87726337,train
c1c[nH]c(-c2ccc(OCCCN3CCCCC3)cc2)n1,0.9263771,train
c1cc(C2CCCO2)ccc1OCCCN1CCCCC1,0.94116443,val
c1coc(-c2ccc(OCCCN3CCCCC3)cc2)c1,0.9518168,train
c1csc(-c2ccc(OCCCN3CCCCC3)cc2)c1,0.99180275,val
COc1cc(N2CCN(C[C@H](C)O)CC2)ccc1Nc1ncc2ccc(-c3ccccc3N(C)S(C)(=O)=O)n2n1,0.64420897,val
O=C1COc2ccc(CNC3CCN(CCN4C(=O)COc5ccc(-c6ccco6)cc54)CC3)nc2N1,0.28873262,val
O=C1COc2ccc(CNC3CCN(CCN4C(=O)COc5ccc(OC(F)(F)F)cc54)CC3)nc2N1,0.64910835,train
O=C1COc2ccc(CNC3CCN(CCN4C(=O)COc5ccc(Br)cc54)CC3)nc2N1,0.6292592,train
O=C1COc2ccc(CNC3CCN(CCN4C(=O)COc5ccc(Cl)cc54)CC3)nc2N1,0.62880325,train
O=C1COc2ccc(CNC3CCN(CCN4C(=O)COc5ccc(F)cc54)CC3)nc2N1,0.3254932,train
COc1ccc2c(c1)N(CCN1CCC(NCc3ccc4c(n3)NC(=O)CO4)CC1)C(=O)CO2,0.12461892,train
COC(=O)c1ccc2c(c1)N(CCN1CCC(NCc3ccc4c(n3)NC(=O)CO4)CC1)C(=O)CO2,0.14485575,train
O=C1COc2ccc(CNC3CCN(CCN4C(=O)COc5ccc([N+](=O)[O-])cc54)CC3)nc2N1,0.15457785,train
CC(=O)c1ccc2c(c1)N(CCN1CCC(NCc3ccc4c(n3)NC(=O)CO4)CC1)C(=O)CO2,0.10452824,train
CS(=O)(=O)c1ccc2c(c1)N(CCN1CCC(NCc3ccc4c(n3)NC(=O)CO4)CC1)C(=O)CO2,0.16065173,train
c1ccc(Nc2nc(-c3cn[nH]c3)cs2)nc1,0.3483913,test
c1ccc(Nc2nc3c(s2)CCc2[nH]ncc2-3)nc1,0.4285692,val
c1ccc(Nc2nc3c(s2)CCCc2[nH]ncc2-3)nc1,0.5450856,test
c1cnc(Nc2nc3c(s2)CCCc2[nH]ncc2-3)nc1,0.27182114,val
N[C@]1(c2ccccc2)CC[C@H](N2CC(NC(=O)CNC(=O)c3cccc(C(F)(F)F)c3)C2)CC1,0.75430757,train
O=C(CNC(=O)c1cccc(C(F)(F)F)c1)NC1CN([C@H]2CC[C@](F)(c3ccccc3)CC2)C1,0.9389118,train
Cc1cccc(C)c1[C@]1(O)CC[C@@H](N2CC(NC(=O)CNC(=O)c3cccc(C(F)(F)F)c3)C2)CC1,0.81899,train
O=C(CNC(=O)c1cccc(C(F)(F)F)c1)NC1CN([C@H]2CC[C@](O)(c3ccc4c(c3)OCC4)CC2)C1,0.65928483,val
O=C(CNC(=O)c1cccc(C(F)(F)F)c1)NC1CN([C@H]2CC[C@](O)(c3ccc4c(c3)OCO4)CC2)C1,0.774049,train
COc1ccc([C@]2(O)CC[C@@H](N3CC(NC(=O)CNC(=O)c4cccc(C(F)(F)F)c4)C3)CC2)cc1,0.63616866,train
CN(C)c1cccc([C@]2(O)CC[C@@H](N3CC(NC(=O)CNC(=O)c4cccc(C(F)(F)F)c4)C3)CC2)c1,0.5383629,train
N#Cc1cccc([C@]2(O)CC[C@@H](N3CC(NC(=O)CNC(=O)c4cccc(C(F)(F)F)c4)C3)CC2)c1,0.8327586,train
O=C(CNC(=O)c1cccc(C(F)(F)F)c1)NC1CN([C@H]2CC[C@](O)(c3ccc(F)cc3)CC2)C1,0.8343172,train
O=C(CNC(=O)c1cccc(C(F)(F)F)c1)NC1CN([C@H]2CC[C@](O)(c3ccccc3)CC2)C1,0.70100933,train
O=C(CNC(=O)c1cccc(C(F)(F)F)c1)NC1CN([C@H]2CC[C@](O)(c3cccnc3)CC2)C1,0.44494987,train
Nc1ccc([C@H]2CC[C@H](N3CC(NC(=O)CNC(=O)c4cccc(C(F)(F)F)c4)C3)CC2)nc1,0.42520002,train
Nc1cccnc1[C@H]1CC[C@H](N2CC(NC(=O)CNC(=O)c3cccc(C(F)(F)F)c3)C2)CC1,0.34488174,train
O=C(CNC(=O)c1cccc(C(F)(F)F)c1)NC1CN([C@H]2CC[C@H](c3ccncc3O)CC2)C1,0.4830103,train
O=C(CNC(=O)c1cccc(C(F)(F)F)c1)NC1CN([C@H]2CC[C@H](c3ccc(O)cn3)CC2)C1,0.4915071,train
CN(C)c1ncc([C@H]2CC[C@H](N3CC(NC(=O)CNC(=O)c4cccc(C(F)(F)F)c4)C3)CC2)cn1,0.7116865,train
O=C(CNC(=O)c1cccc(C(F)(F)F)c1)NC1CN([C@H]2CC[C@H](c3cnccn3)CC2)C1,0.6984848,train
COc1cc([C@H]2CC[C@H](N3CC(NC(=O)CNC(=O)c4cccc(C(F)(F)F)c4)C3)CC2)ccn1,0.87577736,train
COc1cnccc1[C@H]1CC[C@H](N2CC(NC(=O)CNC(=O)c3cccc(C(F)(F)F)c3)C2)CC1,0.6684142,train
COc1ccc([C@H]2CC[C@H](N3CC(NC(=O)CNC(=O)c4cccc(C(F)(F)F)c4)C3)CC2)cn1,0.7669867,train
O=C(CNC(=O)c1cccc(C(F)(F)F)c1)NC1CN([C@H]2CC[C@H](c3cccnc3)CC2)C1,0.80664635,train
O=C(CNC(=O)c1cccc(C(F)(F)F)c1)NC1CN([C@H]2CC[C@H](c3ccc4[nH]cnc4c3)CC2)C1,0.92438704,train
O=C(CNC(=O)c1cccc(C(F)(F)F)c1)NC1CN([C@H]2CC[C@H](c3ccc(N4CCCC4)cc3)CC2)C1,0.9585555,test
O=C(CNC(=O)c1cccc(C(F)(F)F)c1)NC1CN(C2CCC(c3ccc(C(=O)O)cc3)CC2)C1,0.19117297,train
COC(=O)c1ccc(C2CCC(N3CC(NC(=O)CNC(=O)c4cccc(C(F)(F)F)c4)C3)CC2)cc1,0.807157,train
O=C(CNC(=O)c1cccc(C(F)(F)F)c1)NC1CN([C@H]2CC[C@H](c3ccc(O)cc3)CC2)C1,0.92301536,train
COc1ccc([C@H]2CC[C@H](N3CC(NC(=O)CNC(=O)c4cccc(C(F)(F)F)c4)C3)CC2)cc1,0.8618557,train
O=C(CNC(=O)c1ccc(C(F)(F)F)cc1)NC1CN([C@H]2CC[C@H](c3ccc4c(c3)OCO4)CC2)C1,0.96948797,train
O=C(CNC(=O)c1ccccc1)NC1CN([C@H]2CC[C@H](c3ccc4c(c3)OCO4)CC2)C1,0.8235636,train
O=C(CNC(=O)c1cccc(C(F)(F)F)c1)NC1CN([C@H]2CC[C@H](c3ccccc3)CC2)C1,0.9651912,train
O=C(CNC(=O)c1cccc(C(F)(F)F)c1)NC1CN([C@H]2CC[C@@H](c3ccc4c(c3)OCO4)CC2)C1,0.94870025,train
O=C(CNC(=O)c1cccc(C(F)(F)F)c1)NC1CN(C2CCC(c3c[nH]c4ccccc34)CC2)C1,0.8503293,train
CN1CC(c2c[nH]c3cc(-n4ccc(OCc5ccccc5)cc4=O)ccc23)C1,0.7258437,train
CN1Cc2cc(Cl)ccc2-n2c(nnc2C2CCN(c3ccccn3)CC2)C1,0.124460265,train
COC(=O)N1Cc2cc(Cl)ccc2-n2c(nnc2C2CCN(c3ccccn3)CC2)C1,0.4451121,train
CC(=O)N1Cc2cc(Cl)ccc2-n2c(nnc2C2CCN(c3ccccn3)CC2)C1,0.16616645,train
CS(=O)(=O)N1Cc2cc(Cl)ccc2-n2c(nnc2C2CCN(c3ccccn3)CC2)C1,0.02449686,train
O=C(CNc1noc2ccc(C(F)(F)F)cc12)NC1CN([C@H]2CC[C@@H](c3nccs3)CC2)C1,0.56375,val
O=C(CNc1noc2ccc(C(F)(F)F)cc12)NC1CN([C@H]2CC[C@@H](c3cncs3)CC2)C1,0.46311912,val
COc1ccc([C@H]2CC[C@@H](N3CC(NC(=O)CNc4noc5ccc(C(F)(F)F)cc45)C3)CC2)cn1,0.91394246,val
CC(C)c1ncc([C@H]2CC[C@@H](N3CC(NC(=O)CNc4nn(C)c5ccc(C(F)(F)F)cc45)C3)CC2)s1,0.058181643,train
CCc1ncc([C@H]2CC[C@@H](N3CC(NC(=O)CNc4nn(C)c5ccc(C(F)(F)F)cc45)C3)CC2)s1,0.06794443,train
Cc1ncc([C@H]2CC[C@@H](N3CC(NC(=O)CNc4nn(C)c5ccc(C(F)(F)F)cc45)C3)CC2)s1,0.02450933,train
NC(=O)n1nc(NCC(=O)NC2CN([C@H]3CC[C@@H](c4nccs4)CC3)C2)c2cc(C(F)(F)F)ccc21,0.067338586,train
Cn1nc(NCC(=O)NC2CN([C@H]3CC[C@@H](c4nccs4)CC3)C2)c2cc(C(F)(F)F)ccc21,0.12091937,train
Cn1nc(NCC(=O)NC2CN([C@H]3CC[C@@H](c4cncs4)CC3)C2)c2cc(C(F)(F)F)ccc21,0.08426141,train
Cc1ccc([C@H]2CC[C@@H](N3CC(NC(=O)CNc4nn(C)c5ccc(C(F)(F)F)cc45)C3)CC2)cn1,0.2749916,train
COc1ccc([C@H]2CC[C@@H](N3CC(NC(=O)CNc4nn(C)c5ccc(C(F)(F)F)cc45)C3)CC2)cn1,0.5307411,train
Cn1nc(NCC(=O)NC2CN([C@H]3CC[C@@H](c4cccnc4)CC3)C2)c2cc(C(F)(F)F)ccc21,0.2317247,train
Cc1ccc([C@H]2CC[C@@H](N3CC(NC(=O)CNc4[nH]nc5ccc(C(F)(F)F)cc45)C3)CC2)cn1,0.5078361,train
COc1ccc([C@]2(O)CC[C@H](N3CC(NC(=O)CNc4[nH]nc5ccc(C(F)(F)F)cc45)C3)CC2)cn1,0.17275448,train
O=C(CNc1[nH]nc2ccc(C(F)(F)F)cc12)NC1CN([C@H]2CC[C@@H](c3cccnc3)CC2)C1,0.45057958,train
CN(C)c1cccc([C@H]2CC[C@@H](N3CC(NC(=O)CNc4nn(C)c5ccc(C(F)(F)F)cc45)C3)CC2)c1,0.68262106,train
Cn1nc(NCC(=O)NC2CN([C@H]3CC[C@@H](c4ccccc4)CC3)C2)c2cc(C(F)(F)F)ccc21,0.72758585,train
CCOC(=O)C1CCC(N2CC(NC(=O)CNc3nn(C4CCCC4)c4ccc(C(F)(F)F)cc34)C2)CC1,0.93523407,train
CCOC(=O)C1CCC(N2CC(NC(=O)CN=C3NC(Cc4ccccc4)c4ccc(C(F)(F)F)cc43)C2)CC1,0.9471255,val
CCOC(=O)C1CCC(N2CC(NC(=O)CNc3nn(S(C)(=O)=O)c4ccc(C(F)(F)F)cc34)C2)CC1,0.26340342,train
CCOC(=O)C1CCC(N2CC(NC(=O)CNc3nn(C(N)=O)c4ccc(C(F)(F)F)cc34)C2)CC1,0.3687318,train
CCOC(=O)C1CCC(N2CC(NC(=O)CNc3nn(CC(F)(F)F)c4ccc(C(F)(F)F)cc34)C2)CC1,0.9539066,train
C=CCn1nc(NCC(=O)NC2CN(C3CCC(C(=O)OCC)CC3)C2)c2cc(C(F)(F)F)ccc21,0.93701184,train
CCOC(=O)C1CCC(N2CC(NC(=O)CNc3nn(CC)c4ccc(C(F)(F)F)cc34)C2)CC1,0.88111955,train
CCOC(=O)C1CCC(N2CC(NC(=O)CNc3noc4ccc(C(F)(F)F)cc34)C2)CC1,0.93838227,test
CCOC(=O)C1CCC(N2CC(NC(=O)CNc3[nH]nc4ccc(C(F)(F)F)cc34)C2)CC1,0.81562716,train
NC(=O)n1nc(NCC(=O)NC2CN([C@H]3CC[C@@H](c4ccc5c(c4)OCO5)CC3)C2)c2cc(C(F)(F)F)ccc21,0.6545221,train
CC(C)(C)NC(=O)n1nc(NCC(=O)NC2CN([C@H]3CC[C@@H](c4ccc5c(c4)OCO5)CC3)C2)c2cc(C(F)(F)F)ccc21,0.65338826,train
O=C(CNc1nn(CCO)c2ccc(C(F)(F)F)cc12)NC1CN([C@H]2CC[C@@H](c3ccc4c(c3)OCO4)CC2)C1,0.85015976,train
O=C(CNc1noc2ccc(C(F)(F)F)cc12)NC1CN([C@H]2CC[C@@H](c3ccc4c(c3)OCO4)CC2)C1,0.9832034,train
CS(=O)(=O)N[C@H]1CC[C@@H](N2CC(NC(=O)CNc3[nH]nc4ccc(C(F)(F)F)cc34)C2)CC1,0.122877255,train
C=CCO[C@H]1CC[C@@H](N2CC(NC(=O)CNc3[nH]nc4ccc(C(F)(F)F)cc34)C2)CC1,0.7140249,train
CCO[C@H]1CC[C@@H](N2CC(NC(=O)CNc3[nH]nc4ccc(C(F)(F)F)cc34)C2)CC1,0.65172106,train
O=C(CNc1[nH]nc2ccc(C(F)(F)F)cc12)NC1CN([C@H]2CC[C@@H](O)CC2)C1,0.08346789,train
C=CCOC[C@H]1CC[C@@H](N2CC(NC(=O)CNc3nn(C)c4ccc(C(F)(F)F)cc34)C2)CC1,0.7730093,train
CCOC[C@H]1CC[C@@H](N2CC(NC(=O)CNc3nn(C)c4ccc(C(F)(F)F)cc34)C2)CC1,0.7340074,train
Cn1nc(NCC(=O)NC2CN([C@H]3CC[C@@H](CO)CC3)C2)c2cc(C(F)(F)F)ccc21,0.19087996,train
Cn1nc(NCC(=O)NC2CN(C3CCC(C(N)=O)CC3)C2)c2cc(C(F)(F)F)ccc21,0.12784855,train
Cn1nc(NCC(=O)NC2CN(C3CCC(C(=O)O)CC3)C2)c2cc(C(F)(F)F)ccc21,0.05750125,train
CCOC(=O)C1CCC(N2CC(NC(=O)CNc3nn(C)c4ccc(C(F)(F)F)cc34)C2)CC1,0.6178686,train
Cn1nc(NCC(=O)NC2CN([C@H]3CC[C@@H](C4CCCCC4)CC3)C2)c2cc(C(F)(F)F)ccc21,0.9354411,test
Cn1nc(NCC(=O)NC2CN([C@H]3CC[C@@H](C#N)CC3)C2)c2cc(C(F)(F)F)ccc21,0.2316563,train
CC(C)[C@H]1CC[C@@H](N2CC(NC(=O)CNc3[nH]nc4ccc(C(F)(F)F)cc34)C2)CC1,0.87197286,train
O=C(CNc1[nH]nc2ccc(C(F)(F)F)cc12)NC1CN([C@H]2CC[C@@H](n3ccccc3=O)CC2)C1,0.48206794,train
Cn1nc(NCC(=O)NC2CN([C@H]3CC[C@@H](c4ccc5c(c4)OCO5)CC3)C2)c2cc(C(F)(F)F)ccc21,0.8622375,train
COc1ccc([C@H]2CC[C@@H](N3CC(NC(=O)CNc4[nH]nc5ccc(C(F)(F)F)cc45)C3)CC2)cn1,0.75521874,train
NC(=O)Cc1ccc([C@H]2CC[C@@H](N3CC(NC(=O)CNc4[nH]nc5ccc(C(F)(F)F)cc45)C3)CC2)cc1,0.5087319,train
O=C(CNc1[nH]nc2ccc(C(F)(F)F)cc12)NC1CN([C@H]2CC[C@@H](c3ccc4c(c3)OCO4)CC2)C1,0.944677,train
O=C(CNc1[nH]nc2ccc(C(F)(F)F)cc12)NC1CN([C@H]2CC[C@@H](c3ccccc3)CC2)C1,0.87945837,train
CCN=C(NS(=O)(=O)c1cccc(Cl)c1)N1CC2(C=N1)CCNCC2,0.3861377,val
CC(C)Oc1ncc(-c2nc(-c3ccc4c(c3)CCNCC4)no2)cc1C#N,0.88454956,test
CC(C)Oc1ccc(-c2nc(-c3cccc4c3OCCN(C(CO)CO)C4)no2)cc1C#N,0.2719681,train
Cc1c(-c2noc(-c3ccc(OC(C)C)c(C#N)c3)n2)cnc2c1CCN(C(CO)CO)C2,0.082353815,train
Cc1c(-c2noc(-c3ccc(OC(C)C)c(C#N)c3)n2)ccc2c1CCN(C(CO)CO)C2,0.18902138,train
CC(C)Oc1ccc(-c2nc(-c3ccc4c(c3)CCN(C(CO)CO)CC4)no2)cc1C#N,0.35695177,train
CC(C)Oc1ccc(-c2nc(-c3ccc4c(c3)CCN(C(CO)CO)C4)no2)cc1C#N,0.23826277,train
Cc1cccc(Nc2nc(NCCN)ncc2C(N)=O)c1,0.7844538,val
Cc1cccc(Nc2nc(N[C@@H]3CCCNC3)ncc2C(N)=O)c1,0.9404598,train
Cc1cccc(Nc2nc(N[C@H]3CCCNC3)ncc2C(N)=O)c1,0.8460498,train
Cc1cccc(Nc2nc(N[C@@H]3CCNC3)ncc2C(N)=O)c1,0.9551625,train
Cc1cccc(Nc2nc(N[C@H]3CCNC3)ncc2C(N)=O)c1,0.8074982,train
Cc1cccc(Nc2nc(NC3CNC3)ncc2C(N)=O)c1,0.8981654,train
Cc1cccc(Nc2nc(NCC3CCCCN3)ncc2C(N)=O)c1,0.89264756,val
Cc1cccc(Nc2nc(NC[C@@H]3CCCN3)ncc2C(N)=O)c1,0.9524739,train
Cc1cccc(Nc2nc(NC[C@H]3CCCN3)ncc2C(N)=O)c1,0.90758634,train
NC(=O)c1cnc(N2CCC[C@H](N)C2)nc1Nc1cccc(C(F)(F)F)c1,0.9923034,train
Cc1cccc(Nc2nc(N[C@@H]3CCCC[C@@H]3N)ncc2C(N)=O)c1,0.99069256,train
Cc1cccc(Nc2nc(N[C@H]3CCCC[C@H]3N)ncc2C(N)=O)c1,0.9057506,train
Cc1cccc(Nc2nc(N[C@@H]3CCOC[C@@H]3N)ncc2C(N)=O)c1,0.87636137,train
Cc1cccc(Nc2nc(N[C@@H]3COCC[C@@H]3N)ncc2C(N)=O)c1,0.81303316,val
Cc1cccc(Nc2nc(N[C@@H]3COC[C@@H]3N)ncc2C(N)=O)c1,0.6837612,val
Cc1cccc(Nc2nc(N[C@@H]3CCC(F)(F)C[C@@H]3N)ncc2C(N)=O)c1,0.90460867,train
Cc1cccc(Nc2nc(N[C@@H]3CC(F)(F)CC[C@@H]3N)ncc2C(N)=O)c1,0.9302778,train
Cc1ccc(Nc2nc(N[C@@H]3CCCC[C@@H]3N)ncc2C(N)=O)cc1,0.9828267,train
Cc1ccc(Nc2nc(N[C@@H]3CCOC[C@@H]3N)ncc2C(N)=O)cc1,0.77394134,train
COc1cc(OC)cc(C(=O)NCC2(C#N)CCN(Cc3ccccc3OC)CC2)c1,0.9786728,train
COc1cccc(CN2CCC(C#N)(CNC(=O)c3cc(OC)cc(OC)c3)CC2)c1,0.9546098,train
COc1ccc(CN2CCC(C#N)(CNC(=O)c3cc(OC)cc(OC)c3)CC2)cc1,0.9636057,train
COc1cc(OC)cc(C(=O)NCC2(C#N)CCN(Cc3ccccc3C(F)(F)F)CC2)c1,0.99605525,train
COc1cc(OC)cc(C(=O)NCC2(C#N)CCN(CC3=Cc4ccccc4OC3(C)C)CC2)c1,0.87277544,train
COc1cc(OC)cc(C(=O)NCC2(C#N)CCN(CCc3ccccc3)CC2)c1,0.98502535,train
N#CC1(CNC(=O)c2cc(Cl)cc(Cl)c2)CCN(CCc2ccccc2)CC1,0.99836546,train
COC(=O)C1(CNC(=O)c2cc(OC)cc(OC)c2)CCN(Cc2ccccc2OC)CC1,0.84711987,train
COC(=O)C1(CNC(=O)c2cc(OC)cc(OC)c2)CCN(Cc2cccc(OC)c2)CC1,0.71842456,train
COC(=O)C1(CNC(=O)c2cc(OC)cc(OC)c2)CCN(Cc2ccc(OC)cc2)CC1,0.76152515,train
COC(=O)C1(CNC(=O)c2cc(OC)cc(OC)c2)CCN(Cc2ccccc2C(F)(F)F)CC1,0.96749675,train
COC(=O)C1(CNC(=O)c2cc(OC)cc(OC)c2)CCN(Cc2cccc(C(F)(F)F)c2)CC1,0.9527307,train
COC(=O)C1(CNC(=O)c2cc(OC)cc(OC)c2)CCN(Cc2ccc(C(F)(F)F)cc2)CC1,0.9597699,train
COC(=O)C1(CNC(=O)c2cc(OC)cc(OC)c2)CCN(CC2=Cc3ccccc3OC2(C)C)CC1,0.4626866,train
COC(=O)C1(CNC(=O)c2cc(Cl)cc(Cl)c2)CCN(Cc2ccccc2OC)CC1,0.98587126,train
COC(=O)C1(CNC(=O)c2cc(Cl)cc(Cl)c2)CCN(Cc2cccc(OC)c2)CC1,0.97190297,train
COC(=O)C1(CNC(=O)c2cc(Cl)cc(Cl)c2)CCN(Cc2ccc(OC)cc2)CC1,0.9767818,train
COC(=O)C1(CNC(=O)c2cc(Cl)cc(Cl)c2)CCN(Cc2ccccc2C(F)(F)F)CC1,0.9973706,train
COC(=O)C1(CNC(=O)c2cc(Cl)cc(Cl)c2)CCN(Cc2cccc(C(F)(F)F)c2)CC1,0.9963232,train
COC(=O)C1(CNC(=O)c2cc(Cl)cc(Cl)c2)CCN(Cc2ccc(C(F)(F)F)cc2)CC1,0.9967835,train
COC(=O)C1(CNC(=O)c2cc(Cl)cc(Cl)c2)CCN(CC2=Cc3ccccc3OC2(C)C)CC1,0.9346181,train
COc1ccccc1CN1CCC(C#N)(CNC(=O)c2cc(CC(C)C)n(-c3ccccc3)n2)CC1,0.9948089,train
COc1cccc(CN2CCC(C#N)(CNC(=O)c3cc(CC(C)C)n(-c4ccccc4)n3)CC2)c1,0.9894107,train
CC(C)Cn1c(O)cn(Cc2ccc(-c3cccc(CN4CCCCC4)n3)cc2)c1=O,0.9423994,val
COc1ccc(CN2CCC(C#N)(CNC(=O)c3cc(CC(C)C)n(-c4ccccc4)n3)CC2)cc1,0.9913862,train
CC(C)Cc1cc(C(=O)NCC2(C#N)CCN(Cc3ccccc3C(F)(F)F)CC2)nn1-c1ccccc1,0.999092,train
CC(C)Cc1cc(C(=O)NCC2(C#N)CCN(CC3=Cc4ccccc4OC3(C)C)CC2)nn1-c1ccccc1,0.9737805,train
CC(C)Cc1cc(C(=O)NCC2(C#N)CCN(CCc3ccccc3)CC2)nn1-c1ccccc1,0.9962929,test
COc1cc(OC)cc(C(=O)NCC2(C(=O)O)CCN(Cc3ccc(C(F)(F)F)cc3)CC2)c1,0.34997004,train
Cc1nc2ccccc2n1-c1ccc(C(=O)N(C)[C@@H]2CCN(C(C)C)C2)cc1,0.5098165,test
Cc1nc2ccccc2n1-c1ccc(C(=O)N(C)[C@@H]2CCN(C3CCCC3)C2)cc1,0.81448424,val
Cc1nc2ccccc2n1-c1ccc(C(=O)N(C)[C@@H]2CCN(C3CCCCC3)C2)cc1,0.8493378,train
CN(C(=O)c1ccc(-n2cccn2)cc1)[C@@H]1CCN(C2CCC2)C1,0.53127134,train
NC(=O)c1cnc(N[C@H](C2CC2)C(F)(F)F)c2c1[nH]c1cc(-c3cnc(N)nc3)ccc12,0.9669052,val
NC(=O)c1cnc(N[C@H](C2CC2)C(F)(F)F)c2c1[nH]c1cc(-c3ccc(N)nc3)ccc12,0.99201983,train
NC(=O)c1cnc(N[C@H](C2CC2)C(F)(F)F)c2c1[nH]c1cc(-c3cn[nH]c3)ccc12,0.9880834,train
NC(=O)c1cnc(NC(C2CC2)C2CC2)c2c1[nH]c1cc(-c3cnc(N)nc3)ccc12,0.9545419,train
NC(=O)c1cnc(NC(C2CC2)C2CC2)c2c1[nH]c1cc(-c3cnc(N)cn3)ccc12,0.9192856,val
NC(=O)c1cnc(NC(C2CC2)C2CC2)c2c1[nH]c1cc(-c3cn[nH]c3)ccc12,0.98357475,train
Cn1cc(-c2ccc3c(c2)[nH]c2c(C(N)=O)cnc(N[C@H](C4CC4)C(F)(F)F)c23)cn1,0.9808435,train
Cn1cc(-c2ccc3c(c2)[nH]c2c(C(N)=O)cnc(NC(C4CC4)C4CC4)c23)cn1,0.97365385,train
C[C@H](Nc1ccc(C(N)=O)c2[nH]c3cc(-c4cnn(C)c4)ccc3c12)C(C)(C)C,0.30982342,test
Cn1cc(-c2ccc3c(c2)[nH]c2c(C(N)=O)ccc(NC4CCCCC4)c23)cn1,0.8835389,val
CC(C)(C)CC(C)(C)c1ccc(OCCOCC[N+](C)(C)Cc2ccccc2)cc1,0.9964355,train
Cc1c(-c2ccccc2)oc2c(C(=O)OCCN3CCCCC3)cccc2c1=O,0.49223685,train
Fc1ccc(C(c2ccc(F)cc2)N2CCN(C/C=C/c3ccccc3)CC2)cc1,0.9913334,val
OCCN1CCN(CCCN2c3ccccc3Sc3ccc(C(F)(F)F)cc32)CC1,0.99916625,train
CN1CCC[C@@H]1CCO[C@](C)(c1ccccc1)c1ccc(Cl)cc1,0.96225125,test
CCN(CC)CCOC(=O)C1(C2CCCCC2)CCCCC1,0.86485523,train
CN1CCC(=C2c3ccccc3C=Cc3ccccc32)CC1,0.7800552,train
Fc1ccc([C@@H]2CCNC[C@H]2COc2ccc3c(c2)OCO3)cc1,0.9845323,test
OCCN1CCN(CCCN2c3ccccc3Sc3ccc(Cl)cc32)CC1,0.99781764,train
Cc1ccc(N(CC2=NCCN2)c2cccc(O)c2)cc1,0.6610811,test
CN1CCN(CCCN2c3ccccc3Sc3ccc(Cl)cc32)CC1,0.99757344,train
O=C1C=CC(=O)c2c1c(O)c1c(NCCNCCO)ccc(NCCNCCO)c1c2O,0.388558,test
CCN(CC)CCOCCC1=CCC2CC1C2(C)C,0.910152,train
CN[C@H]1CC[C@@H](c2ccc(Cl)c(Cl)c2)c2ccccc21,0.9026773,train
Cc1nc2c(c(-c3ccc(Cl)cc3Cl)c1CN)CN(CC(=O)NCc1cccnc1)C2=O,0.037769202,val
Cc1nc2cn(Cc3ccccc3)cc2c(-c2ccc(Cl)cc2Cl)c1CN,0.8412032,train
COCCCc1cc(CN(C(=O)C2CNCCC2(O)c2ccc(F)c(F)c2)C2CC2)cc(OCCOC)c1,0.9744701,train
O=C(C1CNCC[C@]1(O)c1ccc(F)c(F)c1)N(Cc1cccc(Cl)c1Cl)C1CC1,0.98421705,train
COCCCc1ccc(Cl)c(CN(C(=O)C2CNCC[C@]2(O)c2ccc(F)c(F)c2)C2CC2)c1,0.990448,train
COCCc1ccc(Cl)c(CN(C(=O)C2CNCC[C@]2(O)c2ccc(F)c(F)c2)C2CC2)c1,0.9916504,train
O=C(C1CNCC[C@]1(O)c1ccc(F)c(F)c1)N(Cc1c[nH]c2cccc(F)c12)C1CC1,0.9922969,train
O=C(C1CNCC[C@]1(O)c1ccc(F)c(F)c1)N(Cc1c[nH]c2cccc(Cl)c12)C1CC1,0.992969,train
O=C(C1CNCC[C@]1(O)c1ccc(F)c(F)c1)N(Cc1c[nH]c2cccc(Br)c12)C1CC1,0.990538,train
COCCCn1cc(CN(C(=O)C2CNCC[C@]2(O)c2ccc(F)c(F)c2)C2CC2)c2c(F)cccc21,0.99357456,train
COCCCc1ccc(F)c2c(CN(C(=O)C3CNCC[C@]3(O)c3ccc(F)c(F)c3)C3CC3)c[nH]c12,0.9960783,train
COCCCc1ccc(F)c2c(CN(C(=O)C3CNCC[C@]3(O)c3ccc(F)c(F)c3)C3CC3)cn(CCCOC)c12,0.9953055,train
COCCCn1cc(CN(C(=O)C2CNCC[C@]2(O)c2ccc(F)c(F)c2)C2CC2)c2c(F)ccc(CCC#N)c21,0.9951835,train
COCCCn1cc(CN(C(=O)C2CNCC[C@]2(O)c2ccc(F)c(F)c2)C2CC2)c2c(F)ccc(CS(C)(=O)=O)c21,0.9807027,train
COCCCn1cc(CN(C(=O)C2CNCC[C@]2(O)c2ccc(F)c(F)c2)C2CC2)c2c(F)ccc(CN3CCOCC3)c21,0.9842606,val
COCCCn1cc(CN(C(=O)C2CNCC[C@]2(O)c2ccc(F)c(F)c2)C2CC2)c2c(F)ccc(Cn3ccnc3)c21,0.9948296,test
CONC(=O)Cn1cc(CN(C(=O)C2CNCC[C@]2(O)c2ccc(F)c(F)c2)C2CC2)c2c(F)cccc21,0.98886174,train
CON(C)C(=O)Cn1cc(CN(C(=O)C2CNCC[C@]2(O)c2ccc(F)c(F)c2)C2CC2)c2c(F)cccc21,0.9949203,train
O=C(C1CNCC[C@]1(O)c1ccc(F)c(F)c1)N(Cc1cn(Cc2ncco2)c2cccc(F)c12)C1CC1,0.99419916,test
O=C(C1CNCC[C@]1(O)c1ccc(F)c(F)c1)N(Cc1cn(Cc2ccon2)c2cccc(F)c12)C1CC1,0.99976593,train
Cc1cc(Cn2cc(CN(C(=O)C3CNCC[C@]3(O)c3ccc(F)c(F)c3)C3CC3)c3c(F)cccc32)no1,0.99987686,train
Cc1noc(Cn2cc(CN(C(=O)C3CNCC[C@]3(O)c3ccc(F)c(F)c3)C3CC3)c3c(F)cccc32)n1,0.99872094,val
O=C(C1CNCC[C@]1(O)c1ccc(F)c(F)c1)N(Cc1cn(Cc2cnoc2)c2cccc(F)c12)C1CC1,0.99951255,train
Cc1noc(C)c1Cn1cc(CN(C(=O)C2CNCC[C@]2(O)c2ccc(F)c(F)c2)C2CC2)c2c(F)cccc21,0.9997043,train
Cn1ncnc1Cn1cc(CN(C(=O)C2CNCC[C@]2(O)c2ccc(F)c(F)c2)C2CC2)c2c(F)cccc21,0.9839707,train
O=C(C1CNCC[C@]1(O)c1ccc(F)c(F)c1)N(Cc1cn(Cc2ccccc2)c2cccc(F)c12)C1CC1,0.9987967,train
O=C(C1CNCC[C@]1(O)c1ccc(F)c(F)c1)N(Cc1cn(Cc2ccccc2OC(F)F)c2cccc(F)c12)C1CC1,0.9999393,train
O=C(C1CNCC[C@]1(O)c1ccc(F)c(F)c1)N(Cc1cn(Cc2cccc(OC(F)F)c2)c2cccc(F)c12)C1CC1,0.9998548,train
O=C(C1CNCC[C@]1(O)c1ccc(F)c(F)c1)N(Cc1cn(Cc2ccc(OC(F)F)cc2)c2cccc(F)c12)C1CC1,0.99996746,train
O=C(C1CNCC[C@]1(O)c1ccc(F)c(F)c1)N(Cc1cn(Cc2cccc(F)c2)c2cccc(F)c12)C1CC1,0.9997906,train
O=C(C1CNCC[C@]1(O)c1ccc(F)c(F)c1)N(Cc1cn(Cc2ccc(F)c(F)c2)c2cccc(F)c12)C1CC1,0.99978,train
O=C(C1CNCC[C@]1(O)c1ccc(F)c(F)c1)N(Cc1cn(Cc2cccnc2)c2cccc(F)c12)C1CC1,0.99498135,train
O=C(C1CNCC[C@]1(O)c1ccc(F)c(F)c1)N(Cc1cn(Cc2ccncc2)c2cccc(F)c12)C1CC1,0.99895656,train
Cc1ccc(Cn2cc(CN(C(=O)C3CNCC[C@]3(O)c3ccc(F)c(F)c3)C3CC3)c3c(F)cccc32)cn1,0.99806494,train
Cc1cc(Cn2cc(CN(C(=O)C3CNCC[C@]3(O)c3ccc(F)c(F)c3)C3CC3)c3c(F)cccc32)ccn1,0.99890196,train
O=C(C1CNCC[C@]1(OCC(O)CO)c1ccc(F)c(F)c1)N(Cc1cn(Cc2cccc(F)c2)c2cccc(F)c12)C1CC1,0.9799857,train
O=C(CCc1ccccc1)c1ccccc1OCC(O)CN1CCC(c2ccccc2)CC1,0.91967505,val
Cc1ccc(N2CCN(CC(O)COc3ccccc3C(=O)CCc3ccccc3)CC2)cc1,0.80229706,test
O=C(CCc1ccccc1)c1ccccc1OCC(O)CN1CCN(C(c2ccccc2)c2ccccc2)CC1,0.8792626,train
O=C(CCc1ccccc1)c1cc(F)ccc1OCC(O)CN1CCN(C(c2ccccc2)c2ccccc2)CC1,0.94425356,train
CC(C)(C)c1cc(C(=O)Nc2nc(CN)cs2)n(Cc2ccccc2)n1,0.30977842,val
COc1ccc2ccc(=O)n(CCN3CCC(NCc4cc5c(cn4)OCCO5)CC3)c2n1,0.11555202,test
COc1ncc2ncc(=O)n(CCN3CCC(NCc4cc5c(cn4)OCCO5)CC3)c2n1,0.08660192,train
COc1ccc2ncc(=O)n(CCN3CCC(NCc4cc5c(cn4)OCCO5)CC3)c2n1,0.046285827,train
COc1ccc2ncc(=O)n(CCN3CCC(NCc4cc5c(cn4)OCCO5)CC3)c2c1,0.031031156,train
COc1ccc2c(C)cc(=O)n(CCN3CCC(NCc4cc5c(cn4)OCCO5)CC3)c2c1,0.15093029,train
COc1ccc2ccc(=O)n(CCN3CCC(NCc4cc5c(cn4)OCCO5)CC3)c2c1,0.09520204,train
COc1ccc2c(c1)N(CCN1CCC(NCc3ccc4c(n3)NC(=O)CO4)CC1)C(=O)OC2,0.44592637,val
COc1ccc2c(c1)N(CCN1CCC(NCc3ccc4c(n3)NC(=O)CO4)CC1)C(=O)CC2,0.3308742,train
COc1ccc2c(c1)N(CCN1CCC(NCc3cc4c(cn3)OCCO4)CC1)C(=O)CS2,0.20697463,val
N#Cc1ccc2c(c1)N(CCN1CCC(NCc3ccc4c(n3)NC(=O)CO4)CC1)C(=O)CO2,0.3150363,train
O=C1COc2ccccc2N1CCN1CCC(NCc2cc3c(cn2)OCCO3)CC1,0.10369456,train
COc1ccc2c(c1)N(CCN1CCC(NCc3cc4c(cn3)OCCO4)CC1)C(=O)CO2,0.0926634,train
COc1ccc2ncc(F)c(CCN3CCC(NCc4ccc5c(n4)NC(=O)CO5)CC3)c2n1,0.7985509,val
COc1ccc2ncc(F)c(CCN3CCC(NCc4cc5c(cn4)OCCO5)CC3)c2n1,0.734991,train
O=C(NCCN1CCCCC1)c1ccc(Oc2ncc(Cl)cc2NS(=O)(=O)c2ccc(Cl)c(C(F)(F)F)c2)cc1,0.9968278,test
COc1cc(C(=O)NCCN2CCCC2)ccc1Oc1ccc(Cl)cc1NS(=O)(=O)c1ccc(Cl)c(C(F)(F)F)c1,0.99918526,test
COCCCc1cc(CN(C(=O)C2CNCC[C@]2(O)c2ccc(F)c(F)c2)C2CC2)cc(OCCOC)c1,0.9822896,train
COCCCc1cc(CN(C(=O)C2CNCC[C@]2(O)c2ccccc2)C2CC2)cc(OCCOC)c1,0.9561084,train
COCCCc1cc(CN(C(=O)C2CNCC[C@@]23OCc2ccccc23)C2CC2)cc(OCCOC)c1,0.17985575,train
COCCCc1cc(CN(C(=O)C2CNCC[C@@]23OC(=O)c2ccccc23)C2CC2)cc(OCCOC)c1,0.07630874,train
COCCCc1cc(CN(C(=O)C2CNCC[C@@]23OCCc2ccccc23)C2CC2)cc(OCCOC)c1,0.42075738,test
COCCCc1cc(CN(C(=O)C2CNCC[C@@]23OC=Cc2ccccc23)C2CC2)cc(OCCOC)c1,0.5623589,train
COCCCc1cc(CN(C(=O)C2CNCC[C@@]23OC(=O)Cc2ccccc23)C2CC2)cc(OCCOC)c1,0.08184325,train
COCCCc1cc(CN(C(=O)C2CNCC[C@@]23OCc2cc(F)c(F)cc23)C2CC2)cc(OCCOC)c1,0.29847455,train
O=C(C1CNCC[C@@]12OCc1cc(F)c(F)cc12)N(Cc1ccccc1Cl)C1CC1,0.25939974,train
O=C(C1CNCC[C@@]12OCc1cc(F)c(F)cc12)N(Cc1cccc(Cl)c1Cl)C1CC1,0.3149867,train
O=C(C1CNCC[C@@]12OCc1cc(F)c(F)cc12)N(Cc1ccc(Cl)cc1Cl)C1CC1,0.6591021,train
O=C(C1CNCC[C@@]12OCc1cc(F)c(F)cc12)N(Cc1cc(Cl)ccc1Cl)C1CC1,0.7407806,train
Cc1cccc(CN(C(=O)C2CNCC[C@@]23OCc2cc(F)c(F)cc23)C2CC2)c1C,0.29207858,train
Cc1c(CN(C(=O)C2CNCC[C@@]23OCc2cc(F)c(F)cc23)C2CC2)cccc1C(F)(F)F,0.7684396,train
O=C(C1CNCC[C@@]12OCc1cc(F)c(F)cc12)N(Cc1cccc(C(F)(F)F)c1Cl)C1CC1,0.52675587,train
COCCCc1cc(C)c(C)c(CN(C(=O)C2CNCC[C@@]23OCc2cc(F)c(F)cc23)C2CC2)c1,0.4311209,train
O=C(C1CNCC[C@@]12OCc1cc(F)c(F)cc12)N(Cc1cccc2ccccc12)C1CC1,0.4664503,train
COCCCc1cc(CN(C(=O)C2CNCC[C@@]23OCc2cc(F)c(F)cc23)C2CC2)c2ccccc2c1,0.5483856,train
COCCCc1cccc2cccc(CN(C(=O)C3CNCC[C@@]34OCc3cc(F)c(F)cc34)C3CC3)c12,0.55085665,train
O=C(C1CNCC[C@@]12OCc1cc(F)c(F)cc12)N(Cc1ccnc2ccccc12)C1CC1,0.24958438,train
O=C(C1CNCC[C@@]12OCc1cc(F)c(F)cc12)N(Cc1cccc2cccnc12)C1CC1,0.17491692,val
O=C1O[C@@]2(CCNCC2C(=O)N(Cc2cccc(C(F)(F)F)c2Cl)C2CC2)c2cc(F)c(F)cc21,0.20526221,train
COCCCc1cc(CCCN2CCOCC2)c(Cl)c(CN(C(=O)C2CNCC[C@@]23OCc2cc(F)c(F)cc23)C2CC2)c1,0.4448684,val
CCN(CC)CCCc1cc(CCCOC)cc(CN(C(=O)C2CNCC[C@@]23OCc2cc(F)c(F)cc23)C2CC2)c1Cl,0.4300106,train
COCCCc1cc(CCCCNS(C)(=O)=O)c(Cl)c(CN(C(=O)C2CNCC[C@@]23OCc2cc(F)c(F)cc23)C2CC2)c1,0.4089711,train
COCCCc1cc(CCCNS(C)(=O)=O)c(Cl)c(CN(C(=O)C2CNCC[C@@]23OCc2cc(F)c(F)cc23)C2CC2)c1,0.06488677,train
COCCCc1cc(CCCN2CCS(=O)(=O)CC2)c(Cl)c(CN(C(=O)C2CNCC[C@@]23OCc2cc(F)c(F)cc23)C2CC2)c1,0.1795848,val
COCCCc1cc(CCC(=O)N2CCOCC2)c(Cl)c(CN(C(=O)C2CNCC[C@@]23OCc2cc(F)c(F)cc23)C2CC2)c1,0.038764298,train
CCCCCC(Cc1ccc(C(=O)NCCC(=O)O)cc1)C(=O)c1cc2cc(Cl)ccc2n1-c1cccc(C(F)(F)F)c1,0.9146375,test
COc1ccc2nccc(NC(=O)C3CCC(NCc4ccc5c(c4)OCCO5)CC3)c2c1,0.288204,train
COc1ccc2nccc(NC(=O)[C@]3(O)CC[C@@H](NCc4cc5c(cn4)OCCO5)CC3)c2n1,0.11322216,train
COc1ccc2nccc(NC(=O)[C@]3(O)CC[C@@H](NCc4ccc5c(c4)OCCO5)CC3)c2n1,0.48615852,test
COc1ccc2nccc(NC(=O)[C@]3(O)CC[C@@H](NCc4cnc5c(c4)OCCO5)CC3)c2n1,0.16467467,test
COc1ccc2nccc(NC(=O)C3CCC(NCc4cc5c(cn4)OCCO5)CC3)c2n1,0.09179786,train
Cc1ccc2cccc(NC(=O)[C@]3(O)CC[C@@H](NCc4cc5c(cn4)OCCO5)CC3)c2n1,0.091678314,train
COc1ccc(N(Cc2cnccc2C)C2CCN([C@H](C)CCNC(=O)c3c(C)cc(Cl)nc3C)CC2)cc1,0.9454956,test
COc1ccc2nccc([C@@H](O)CN3CCC(NCc4cc5c(cn4)OCCO5)CC3)c2n1,0.1460942,train
COc1ccc2ncc(F)c(CCN3CCC(NCc4cc5c(cn4)OCCO5)CC3)c2c1,0.5212307,train
COc1ccc2ncc(Cl)c(CCN3CCC(NCc4cc5c(cn4)OCCO5)CC3)c2n1,0.86274093,train
COc1ccc2ncc(F)c([C@@H](O)CN3CCC(NCc4cc5c(cn4)OCCO5)CC3)c2n1,0.14257051,train
COc1ccc2ncc(F)c(CCN3CC[C@H](NCc4cc5c(cn4)OCCO5)[C@H](O)C3)c2n1,0.5906082,train
COc1ccc2ncc(C#N)c(CCN3CCC(NCc4cc5c(cn4)OCS5)CC3)c2c1,0.9791582,val
COc1ccc2nccc([C@@H](O)CN3CCC(NCc4ccc5c(c4)OCCO5)CC3)c2c1,0.32223433,train
COc1ccc2ncc(C#N)c(CCN3CCC(NCc4cc5c(cn4)OCCO5)CC3)c2n1,0.8891315,train
COc1ccc2ncc(F)c([C@H](O)CN3CCC(NCc4cc5c(cn4)OCCO5)CC3)c2n1,0.12240492,train
COc1ccc2ncc(F)c(CCN3CC[C@@H](NCc4cc5c(cn4)OCCO5)[C@@H](O)C3)c2n1,0.40588236,train
COc1ccc2ncc(F)c(CCN3CC[C@@H](NCc4cc5c(cn4)OCCO5)[C@H](O)C3)c2n1,0.32738823,train
O=S1(=O)CCC(Oc2ccc3c(c2)CCC2(CCN(C4CCC4)CC2)O3)CC1,0.93227845,train
CN(C)C(=O)CN1CCCC(c2nc3ccccc3n2Cc2ccc(F)cc2)C1,0.99760085,train
CN(C)C(=O)CN1CCCC(c2nc3ccccc3n2CCOc2ccccc2)C1,0.9946238,train
Cc1ccc(Cn2c([C@H]3CNCCO3)nc3ccccc32)cc1,0.93727034,train
Fc1ccc(Cn2c([C@H]3CNCCO3)nc3ccccc32)cc1,0.96111095,train
Cc1ccc(Cn2c(C3CNCCO3)nc3ccccc32)cc1C,0.89011693,train
Cc1ccc(Cn2c(C3CNCCS3)nc3ccccc32)cc1,0.97257,train
Fc1ccc(Cn2c([C@H]3CNCCS3)nc3ccccc32)cc1,0.99260795,train
COc1ccc(Cn2c([C@H]3CNCCS3)nc3ccccc32)cc1,0.9855415,train
O=S(=O)(c1cccc(F)c1)c1ccc2c3c(oc2c1)C1(CCCOC1)NCC3,0.9856511,test
CC1(C)NCCc2c1oc1cc(S(=O)(=O)c3cccc(F)c3)ccc21,0.96408737,train
O=S(=O)(c1cccc(F)c1)c1ccc2c3c(oc2c1)CNCC3,0.92255247,train
CC(=O)N[C@@H]1CC2(CCN(Cc3ccc4c(c3)c3ccccc3n4C(N)=O)CC2)c2ccccc21,0.78931177,val
COCCS(=O)(=O)c1ccc(-c2ccc(CCN3CCC[C@H]3C)cc2)cc1,0.8861961,train
C[C@@H]1CCCN1CCc1ccc(-c2ccc(S(=O)(=O)CCO)cc2)cc1,0.8082053,train
COCCCS(=O)(=O)c1ccc(-c2ccc(CCN3CCC[C@H]3C)cc2)cc1,0.89093167,train
C[C@@H]1CCCN1CCc1ccc(-c2ccc(S(=O)(=O)CC3CCOCC3)cc2)cc1,0.9883909,test
CC(=O)Nc1cccc(C2CCN(CCCn3nc(-c4ccc(F)c(F)c4)c4ccccc4c3=O)CC2)c1,0.9450397,test
C[C@@H]1CCCN1CCCOc1ccc(C2=NNC(=O)C(C)(C)C2)cc1,0.20906143,val
CN(CCO)C(=O)c1ccc([C@H](c2cccc(NC(=O)C3CC3)c2)N2CCN(Cc3ccc(F)cc3)CC2)cc1,0.046645813,train
CCN(CC)C(=O)c1ccc([C@H](c2cccc(NC(=O)C3CC3)c2)N2CCN(Cc3ccc(F)cc3)CC2)cc1,0.20047468,train
O=C(Nc1cccc([C@@H](c2ccc(C(=O)N3CCC3)cc2)N2CCN(Cc3ccc(F)cc3)CC2)c1)C1CC1,0.81803906,test
CCN(CC)C(=O)c1ccc([C@H](c2cccc(NC(=O)C3CC3)c2)N2CCN(Cc3ccccn3)CC2)cc1,0.06322349,val
CCN(C)C(=O)c1ccc([C@H](c2cccc(NC(=O)C3CC3)c2)N2CCN(Cc3nc(C)cs3)CC2)cc1,0.01577503,test
CCN(C)C(=O)c1ccc([C@H](c2cccc(NC(=O)C3CC3)c2)N2CCN(CCCOC)CC2)cc1,0.0506362,test
CCN(C)C(=O)c1ccc([C@H](c2cccc(NC(=O)C3CCC3)c2)N2CCN(Cc3cccnc3)CC2)cc1,0.01432358,train
CCN(CC)C(=O)c1ccc([C@H](c2cccc(NC(=O)OC)c2)N2CCN(Cc3cncs3)CC2)cc1,0.01689217,val
CCN(CC)C(=O)c1ccc([C@H](c2cccc(NC(=O)OC)c2)N2CCN(Cc3cccnc3)CC2)cc1,0.020224418,test
CCOC(=O)Nc1ccccc1[C@@H](c1ccc(C(=O)N(CC)CC)cc1)N1CCN(Cc2cscn2)CC1,0.9009639,train
CCOC(=O)Nc1cccc([C@@H](c2ccc(C(=O)N(CC)CC)cc2)N2CCN(Cc3cscn3)CC2)c1,0.8758406,train
CCOC(=O)Nc1ccc([C@@H](c2ccc(C(=O)N(CC)CC)cc2)N2CCN(Cc3cscn3)CC2)cc1,0.86569035,train
CCOC(=O)Nc1ccccc1[C@@H](c1ccc(C(=O)N(CC)CC)cc1)N1CCN(Cc2ccccn2)CC1,0.90589416,test
CCN(C)C(=O)c1ccc([C@H](c2cccc(NC(=O)OC)c2)N2CCN(Cc3cscn3)CC2)cc1,0.067218386,train
CCOC(=O)Nc1cccc([C@@H](c2ccc(C(=O)N3CCC3)cc2)N2CCN(Cc3cccnc3)CC2)c1,0.34747547,train
CCN(C)C(=O)c1ccc([C@H](c2cccnc2)N2CCN(Cc3cscn3)CC2)cc1,0.009578887,test
CCN(C)C(=O)c1ccc([C@H](c2cccnc2)N2CCN(Cc3ccccn3)CC2)cc1,0.009904645,train
Cc1n[nH]c(=O)cc1-c1ccc(OC2CCN(C3CCC3)CC2)cc1,0.7161115,train
O=c1cc(-c2ccc(OC3CCN(C4CCC4)CC3)cc2)cn[nH]1,0.8205459,train
CCN(CC)C(=O)c1ccc(C(=C2CCN(Cc3ccc(F)cc3)CC2)c2ccccn2)cc1,0.75465137,train
CCN(CC)C(=O)c1ccc(C(=C2CCN(Cc3ccc(F)cc3)CC2)c2cccnc2)cc1,0.79023147,test
CCN(C)C(=O)c1ccc(C(=C2CCN(Cc3ccc(F)cc3)CC2)c2ccccc2NC(C)=O)cc1,0.48620582,train
CCN(CC)C(=O)c1ccc(C(=C2CCN(Cc3ccc(F)cc3)CC2)c2cccc(NC(C)=O)c2)cc1,0.58098054,train
CCN(CC)C(=O)c1ccc(C(=C2CCN(Cc3ccc(F)cc3)CC2)c2ccc(NC(C)=O)cc2)cc1,0.43931815,train
CCN(CC)C(=O)c1ccc(C(=C2CCN(Cc3ccc(F)cc3)CC2)c2ccccc2NC(=O)OC)cc1,0.8894704,train
CCN(CC)C(=O)c1ccc(C(=C2CCN(Cc3ccc(F)cc3)CC2)c2cccc(NC(=O)OC)c2)cc1,0.8905702,train
CCN(CC)C(=O)c1ccc(C(=C2CCN(Cc3ccc(F)cc3)CC2)c2ccc(NC(=O)OC)cc2)cc1,0.8250613,train
CCN(CC)C(=O)c1ccc(C(=C2CCNCC2)c2cccc(F)c2)cc1,0.6052133,train
CCN(CC)C(=O)c1ccc(C(=C2CCNCC2)c2ccccn2)cc1,0.214687,val
CCN(CC)C(=O)c1ccc(C(=C2CCN(Cc3cscn3)CC2)c2ccccn2)cc1,0.27960932,train
CN(C)C(=O)c1ccc(C(=C2CCN(Cc3cscn3)CC2)c2ccccn2)cc1,0.16850762,train
C[N+](C)(CCCCNC(=O)Cc1ccc(OCc2ccccc2)cc1)CCNC(=O)c1nc(Cl)c(N)nc1N,0.30132234,test
O=c1ccc(-c2ccc(OC3CCN(C4CCC4)CC3)cc2)n[nH]1,0.6541782,train
O=c1ccc(-c2ccc(OC3CCN(C4CCC4)CC3)nc2)n[nH]1,0.46201223,train
C[C@H]1CC(=O)NN=C1c1ccc(OC2CCN(C3CCC3)CC2)cc1,0.15782098,train
CC1(C)CC(c2ccc(OC3CCN(C4CCC4)CC3)cc2)=NNC1=O,0.41750735,train
COc1cc(/C=C2\CCCN3C2=NO[C@]3(CO)c2ccc(F)cc2)ccc1-n1cnc(C)c1,0.7555736,train
COc1cc(/C=C2\CCCN3C2=NOC3(C)c2ccc(F)cc2)ccc1-n1cnc(C)c1,0.9979425,train
COc1cc(/C=C2\CCCN([C@@H](C)c3ccc(F)cc3)C2=O)ccc1-n1cnc(C)c1,0.9703161,test
COc1cc(/C=C2\CCCN3C2=NOC[C@@H]3c2cc(F)c(F)c(F)c2)ccc1-n1cnc(C)c1,0.9968706,train
COc1c(Nc2ccc(S(C)(=O)=O)nc2C)ncnc1OC1CCN(C(=O)OC(C)C)CC1,0.20442629,train
CCCOc1sc(C(=O)N2CCC(c3cccc(CN)c3)CC2)c(C)c1Br,0.80628943,train
Cc1nn(C)c(C)c1NS(=O)(=O)c1c(Cl)cc(-c2ccnc(N3CCNCC3)c2)cc1Cl,0.019241443,train
CCN(C(=O)Cc1ccc(S(C)(=O)=O)cc1)C1CCN(CC[C@H](c2ccc(S(C)(=O)=O)cc2)c2cc(F)cc(F)c2)CC1,0.97776127,train
CCN(C(=O)Cc1ccc(S(C)(=O)=O)cc1)C1CCN(CC[C@@H](c2ccccc2)C2CCN(S(C)(=O)=O)CC2)CC1,0.1731138,train
CCN(C(=O)Cc1ccc(S(C)(=O)=O)cc1)C1CCN(CC[C@@H](c2ccccc2)C2CCN(S(=O)(=O)C(F)(F)F)CC2)CC1,0.9221932,train
CCN(C(=O)Cc1ccc(S(C)(=O)=O)cc1)C1CCN(CC[C@@H](c2ccccc2)N2CCN(S(=O)(=O)C(F)(F)F)CC2)CC1,0.97903013,train
CCN(C(=O)Cc1ccc(S(C)(=O)=O)cc1)C1CCN(CC[C@@H](c2ccccc2)N2CCN(S(=O)(=O)CC(F)(F)F)CC2)CC1,0.64597446,train
CCN(C(=O)Cc1ccc(S(C)(=O)=O)cc1)C1CCN(CCC(c2ccccc2)N2CCN(c3ccccc3)CC2)CC1,0.6931086,train
CCN(C(=O)Cc1ccc(S(C)(=O)=O)cc1)C1CCN(CCC(c2ccccc2)N2CCN(c3cccc(F)c3)CC2)CC1,0.8592154,train
CCN(C(=O)Cc1ccc(S(C)(=O)=O)cc1)C1CCN(CCC(c2ccccc2)N2CCN(S(C)(=O)=O)CC2)CC1,0.28243852,train
CCN(C(=O)Cc1ccc(S(C)(=O)=O)cc1)C1CCN(CC[C@@H](c2cccc(OC)c2)C2CCN(S(C)(=O)=O)CC2)CC1,0.20947568,train
CCN(C(=O)Cc1ccc(S(C)(=O)=O)cc1)C1CCN(CC[C@@H](c2cccc(F)c2)C2CCN(S(C)(=O)=O)CC2)CC1,0.3341548,train
CCN(C(=O)Cc1ccc(S(C)(=O)=O)cc1)C1CCN(CC[C@@H](c2cc(F)cc(F)c2)C2CCN(S(C)(=O)=O)CC2)CC1,0.45446488,train
Cc1ccc([C@]2(O)CC[C@H](N3CC[C@@H](NC(=O)CNC(=O)c4cccc(C(F)(F)F)c4)C3)CC2)cc1,0.23617548,train
COc1ccc([C@]2(O)CC[C@H](N3CC[C@@H](NC(=O)CNC(=O)c4cccc(C(F)(F)F)c4)C3)CC2)cn1,0.1309313,train
CC#CCn1c(N2CCCNCC2)c(C#N)c2c1c(=O)n(Cc1nccc3ccccc13)c(=O)n2C,0.109679334,train
COc1cccc(C(=O)Cn2c(=O)c3c(c(C#N)c(N4CCC[C@H](N)C4)n3Cc3ccccc3)n(C)c2=O)c1,0.95795786,train
Cn1c(=O)n(Cc2nccc3ccccc23)c(=O)c2c1c(C#N)c(N1CCC[C@H](N)C1)n2Cc1ccccc1,0.95264024,train
COc1cccc(C(=O)Cn2c(=O)c3c(c(C#N)c(N4CCC[C@H](N)C4)n3CC=C(C)C)n(C)c2=O)c1,0.96773726,train
Cn1c(=O)c2c(c(C#N)c(N3CCC[C@H](N)C3)n2Cc2ccccc2)n(C)c1=O,0.7374613,train
CC(C)=CCn1c(N2CCC[C@H](N)C2)c(C#N)c2c1c(=O)n(Cc1nccc3ccccc13)c(=O)n2C,0.9643731,train
CC(C)=CCn1c(N2CCC[C@H](N)C2)c(C#N)c2c1c(=O)n(Cc1cnc3ccccc3n1)c(=O)n2C,0.9798687,train
CC(C)=CCn1c(N2CCC[C@H](N)C2)c(C#N)c2c1c(=O)n(Cc1nc(C)c3ccccc3n1)c(=O)n2C,0.9630779,train
CC(C)=CCn1c(N2CCC[C@H](N)C2)c(C#N)c2c1c(=O)n(Cc1ncccc1C#N)c(=O)n2C,0.9657845,train
CC#CCn1c(N2CCC[C@H](N)C2)c(C#N)c2c1c(=O)n(Cc1nccc3ccccc13)c(=O)n2C,0.3380699,train
CC#CCn1c(N2CCC[C@H](N)C2)c(C#N)c2c1c(=O)n(CC(=O)c1cccc(OC)c1)c(=O)n2C,0.43111572,train
CC#CCn1c(N2CCC[C@@H](N)C2)c(C#N)c2c1c(=O)n(Cc1nc(C)c3ccccc3n1)c(=O)n2C,0.101014115,train
COc1cccc(C(=O)Cn2c(=O)c3c(c(C#N)c(N4CCCNCC4)n3CC=C(C)C)n(C)c2=O)c1,0.8844787,val
CC(C)=CCn1c(N2CCCNCC2)c(C#N)c2c1c(=O)n(Cc1nccc3ccccc13)c(=O)n2C,0.8719282,train
CC(C)=CCn1c(N2CCCNCC2)c(C#N)c2c1c(=O)n(Cc1cn3ccccc3n1)c(=O)n2C,0.93013555,test
CC(C)=CCn1c(N2CCCNCC2)c(C#N)c2c1c(=O)n(Cc1nc(C)c3ccccc3n1)c(=O)n2C,0.84827787,train
CC(C)=CCn1c(N2CCCNCC2)c(C#N)c2c1c(=O)n(Cc1ncc3ccccc3c1C#N)c(=O)n2C,0.9504496,train
CC(C)=CCn1c(N2CCCNCC2)c(C#N)c2c1c(=O)n(Cc1c(C#N)cnc3ccccc13)c(=O)n2C,0.9861865,train
CC#CCn1c(N2CCCNCC2)c(C#N)c2c1c(=O)n(Cc1nc(C)c3ccccc3n1)c(=O)n2C,0.080694,train
CC#CCn1c(N2CCCNCC2)c(C#N)c2c1c(=O)n(Cc1c(C#N)cnc3ccccc13)c(=O)n2C,0.566186,train
CC#CCn1c(N2CCCNCC2)c(C#N)c2c1c(=O)n(Cc1ncc3ccccc3c1C#N)c(=O)n2C,0.23307501,train
CCN(C(=O)Cc1ccc(S(C)(=O)=O)cc1)C1CCN(CC[C@@H](c2cc(F)cc(Cl)c2)C2CCN(S(C)(=O)=O)CC2)CC1,0.65742546,train
CCN(C(=O)Cc1ccc(S(C)(=O)=O)cc1)C1CCN(CC[C@@H](c2cc(C)cc(C)c2)C2CCN(S(C)(=O)=O)CC2)CC1,0.31133708,train
CCN(C(=O)Cc1ccc(S(C)(=O)=O)cc1)C1CCN(CC[C@@H](c2cccc(Cl)c2)C2CCN(S(C)(=O)=O)CC2)CC1,0.4999907,train
CCN(C(=O)Cc1ccc(S(C)(=O)=O)cc1)C1CCN(CC[C@@H](c2cccc(C(F)(F)F)c2)C2CCN(S(C)(=O)=O)CC2)CC1,0.66178936,train
CCN(C(=O)Cc1ccc(S(C)(=O)=O)cc1)C1CCN(CC[C@@H](c2cc(Cl)cc(Cl)c2)C2CCN(S(C)(=O)=O)CC2)CC1,0.7928455,train
FC(F)(F)Oc1cccc(-n2nnc3ccc(NCC4CCNCC4)nc32)c1,0.96188724,train
CN1CCC(CNc2ccc3ncc(-c4cccc(OC(F)(F)F)c4)n3n2)CC1,0.9728444,train
COc1cc(NCC2CCNCC2)nc2c1nnn2-c1cccc(OC(F)(F)F)c1,0.97158957,train
COc1cc(NCC2CCNCC2)nc2c1nnn2-c1cccc(N(C)C)c1,0.68569195,train
FC(F)(F)Oc1cccc(-n2nnc3cc(Cl)c(NCC4CCNCC4)nc32)c1,0.9822573,train
CC(C)=CCn1c(N2CCC[C@H](N)C2)c(C#N)c2ncn(Cc3ccnc4ccccc34)c(=O)c21,0.9751482,train
O=C(N1CCCCC1)N1CC(O[C@@H](c2ccc(Cl)cc2)c2cccnc2Cl)C1,0.73905545,val
O=S1(=O)c2ccccc2-c2ccc(N3CCN4CCC3CC4)cc21,0.85443974,train
CN1CC2CN(c3ccc4oc5ccccc5c(=O)c4c3)CC2C1,0.9359716,val
CCCS(=O)(=O)n1c2c(c3cc(C(=O)N4CCC(C)CC4)ccc31)CN(C1CCOCC1)CC2,0.45535302,train
CCS(=O)(=O)n1c2c(c3cc(C(=O)N4CCC(C)CC4)ccc31)CN(C1CCOCC1)CC2,0.58390063,train
CCCS(=O)(=O)n1c2c(c3cc(C(=O)N4CCC(C)CC4)ccc31)CN(C1CCOC1)CC2,0.3420457,train
CCS(=O)(=O)n1c2c(c3cc(C(=O)N4CCC(C)CC4)ccc31)CN(C1CCOC1)CC2,0.4663756,train
CC1CCN(C(=O)c2ccc3c(c2)c2c(n3C)CCN(C3CCOCC3)C2)CC1,0.42198077,train
Cn1c2c(c3cc(C(=O)N4CCCCC4)ccc31)CN(C1CCOCC1)CC2,0.24518304,train
COc1cc(OC(C)C)cc(S(=O)(=O)c2ccc3c(c2)O[C@H]2CNCC[C@@H]32)c1,0.9847231,test
CS(=O)(=O)N1CCN(Cc2cn3cc(-c4cccc5[nH]ncc45)nc(N4CCOCC4)c3n2)CC1,0.15902641,val
CC(=O)NCCc1ccccc1-c1ccc([C@H]2CNCC[C@@H]2c2ccc(F)c(F)c2)c(Cl)c1,0.96900743,train
CC(=O)NCCc1ccccc1-c1ccc([C@H]2CNCC[C@@H]2c2cccnc2)c(Cl)c1,0.7209632,val
CC(=O)NCCc1ccccc1-c1ccc([C@H]2CNCC[C@@H]2c2ccn(C)c(=O)c2)c(Cl)c1,0.40084666,train
CCC(=O)NCCc1ccccc1-c1ccc([C@H]2CNCC[C@@H]2c2ccn(C)c(=O)c2)c(Cl)c1,0.7735927,train
COC(=O)NCCc1ccccc1-c1ccc([C@H]2CNCC[C@@H]2c2ccn(C)c(=O)c2)c(Cl)c1,0.6520393,train
CCOC(=O)NCCc1ccccc1-c1ccc([C@H]2CNCC[C@@H]2c2ccn(C)c(=O)c2)c(Cl)c1,0.804151,train
CC(=O)NCCc1ccccc1-c1ccc([C@H]2CNCC[C@]2(O)c2ccc(F)c(F)c2)c(C)c1,0.72684765,train
CC(=O)NCCc1ccccc1-c1ccc([C@H]2CNCC[C@@]23OC(=O)c2cc(F)c(F)cc23)c(C)c1,0.16714692,train
CC(=O)NCCc1ccccc1-c1ccc([C@H]2CNCC[C@@]23OCc2cc(F)c(F)cc23)c(C)c1,0.6418182,train
COCC(F)(F)COCc1ccc([C@@]2(O)CCNC[C@@H]2c2ccc(-c3ccccc3CCNC(C)=O)cc2C)cc1,0.56756485,train
COC[C@H](C)COCc1ccc([C@@]2(O)CCNC[C@@H]2c2ccc(-c3ccccc3CCNC(C)=O)cc2C)cc1,0.70478576,train
CC(=O)NCCc1ccccc1-c1ccc([C@@H](CN)Cc2ccc(OCCOc3c(Cl)cc(C)cc3Cl)cc2)c(C)c1,0.98187065,train
O=C(c1cccn2ccnc12)N1CCN(CCc2ccc(F)cc2F)CC1,0.7767704,train
CN[C@H]1CC[C@@H](N2CCc3ccc(N=C(N)c4cccs4)cc32)CC1,0.21108858,val
CN1CCC[C@H]1CCN1CCCc2cc(N=C(N)c3cccs3)ccc21,0.6496076,train
Cc1nc2ccc(Oc3ccc(F)cc3)cc2c(=O)n1C[C@H]1CCCN(C(C)C)C1,0.92849493,test
Cc1nc2ncc(Oc3ccc(F)cc3)cc2c(=O)n1C[C@H]1CCCN(C(C)C)C1,0.87927306,train
Cc1nc2ccc(Oc3ccc(F)cc3)nc2c(=O)n1C[C@H]1CCCN(C(C)C)C1,0.68286806,train
Cc1nc2ccc(Oc3ccc(Cl)cc3F)nc2c(=O)n1C[C@H]1CCCN(C(C)C)C1,0.8544454,train
COc1ccc2cccc(Oc3ccc4nc(C)n(C[C@H]5CCCN(C(C)C)C5)c(=O)c4n3)c2n1,0.5436984,train
Cc1nc2cnc(Oc3ccc(F)cc3)cc2c(=O)n1C[C@H]1CCCN(C(C)C)C1,0.8601995,train
Cc1nc2cnc(Oc3ccc(Cl)cc3F)cc2c(=O)n1C[C@H]1CCCN(C(C)C)C1,0.9305776,train
Cc1nc2cnc(Oc3ccc4ncsc4c3)cc2c(=O)n1C[C@H]1CCCN(C(C)C)C1,0.59342355,val
Cc1nc2cnc(Oc3ccc(F)c4cccnc34)cc2c(=O)n1C[C@H]1CCCN(C(C)C)C1,0.62830275,train
Cc1nc2ncc(Oc3ccc(F)cc3)nc2c(=O)n1C[C@H]1CCCN(C(C)C)C1,0.32391924,train
Cc1nc2cnc(Oc3cccc4cccnc34)cc2c(=O)n1C[C@H]1CCCN(C(C)C)C1,0.36865592,train
Cc1nc2ncc(Oc3ccc(Cl)cc3F)nc2c(=O)n1C[C@H]1CCCN(C(C)C)C1,0.4399587,train
Cc1nc2ncc(Oc3ccc(F)c4cccnc34)nc2c(=O)n1C[C@H]1CCCN(C(C)C)C1,0.062161043,test
Cc1nc2ccc(Oc3ccc(F)c4cccnc34)nc2c(=O)n1C[C@H]1CCCN(C(C)C)C1,0.41580746,train
Cc1nc2ncc(Oc3ccc(Br)cc3F)cc2c(=O)n1C[C@H]1CCCN(C(C)C)C1,0.9541224,train
Cc1nc2ccc(Oc3ccc4c(c3)OCO4)nc2c(=O)n1C[C@H]1CCCN(C(C)C)C1,0.5221373,test
Nc1ncnc(Nc2ccc(Oc3ccc(Cl)cc3)cc2)n1,0.9686844,val
Nc1ccnc(Nc2ccc(Oc3ccc(Cl)cc3)cc2)n1,0.988432,train
Nc1nccc(Nc2ccc(Oc3ccc(Cl)cc3)cc2)n1,0.98103565,train
Nc1cncc(Nc2ccc(Oc3ccc(Cl)cc3)cc2)c1,0.9918465,test
Nc1ccnc(Nc2ccc(Oc3ccc(Cl)cc3)cc2)c1,0.9942198,val
Nc1cncc(Nc2ccc(Oc3ccc(Cl)cc3)cc2)n1,0.93917567,train
CN(c1ccc(Cl)cc1)c1ccc(Nc2nccc(N)n2)cc1,0.9776164,train
Nc1ccnc(Nc2ccc(Oc3ccccc3Cl)cc2)n1,0.95504236,train
Nc1ccnc(Nc2ccc(Oc3ccc(F)cc3)cc2)n1,0.9707352,train
Cc1ccc(Oc2ccc(Nc3nccc(N)n3)cc2)cc1,0.94505864,train
Nc1ccnc(Nc2ccc(Oc3ccc(C4CC4)cc3)cc2)n1,0.95795304,train
N#Cc1ccc(Oc2ccc(Nc3nccc(N)n3)cc2)cc1,0.982929,train
Nc1ccnc(Nc2ccc(Oc3ccc(C(F)(F)F)cc3)cc2)n1,0.9869026,train
Nc1ccnc(Nc2ccc(Oc3ccc(OC(F)(F)F)cc3)cc2)n1,0.99538994,train
Nc1cncc(Nc2ccc(Oc3ccc(F)cc3)cc2)n1,0.8573383,train
Cc1ccc(Oc2ccc(Nc3cncc(N)n3)cc2)cc1,0.7570838,train
Nc1cncc(Nc2ccc(Oc3ccc(C(F)(F)F)cc3)cc2)n1,0.93137443,train
Nc1cncc(Nc2ccc(Oc3ccc(OC(F)(F)F)cc3)cc2)n1,0.97503567,train
Cc1c(C)n(Cc2ccccc2)c2ncnc(OC3CCN(Cc4cscn4)CC3)c12,0.99470264,train
Cc1cn(Cc2ccccc2)c2ncnc(OC3CCN(Cc4cscn4)CC3)c12,0.9943851,train
Fc1cn(Cc2ccccc2)c2ncnc(OC3CCN(Cc4cscn4)CC3)c12,0.99355245,train
Clc1cn(Cc2ccccc2)c2ncnc(OC3CCN(Cc4cscn4)CC3)c12,0.99830806,train
FC(F)(F)c1nc(OC2CCN(Cc3cscn3)CC2)c2ccn(Cc3ccccc3)c2n1,0.9993617,train
Fc1ccccc1Cn1ccc2c(OC3CCN(Cc4cscn4)CC3)ncnc21,0.98947585,train
Fc1cccc(Cn2ccc3c(OC4CCN(Cc5cscn5)CC4)ncnc32)c1,0.99803597,train
Clc1cccc(Cn2ccc3c(OC4CCN(Cc5cscn5)CC4)ncnc32)c1,0.998727,train
Cc1ccccc1Cn1ccc2c(OC3CCN(Cc4cscn4)CC3)ncnc21,0.99116725,train
Cc1cccc(Cn2ccc3c(OC4CCN(Cc5cscn5)CC4)ncnc32)c1,0.9901416,train
Cc1ccc(Cn2ccc3c(OC4CCN(Cc5cscn5)CC4)ncnc32)cc1,0.99698037,train
FC(F)(F)c1ccccc1Cn1ccc2c(OC3CCN(Cc4cscn4)CC3)ncnc21,0.9977374,train
FC(F)(F)c1cccc(Cn2ccc3c(OC4CCN(Cc5cscn5)CC4)ncnc32)c1,0.99830127,train
Fc1cccc(Cn2ccc3c(OC4CCN(Cc5cscn5)CC4)ncnc32)c1F,0.9903516,train
Fc1c(Cl)cccc1Cn1ccc2c(OC3CCN(Cc4cscn4)CC3)ncnc21,0.9920947,train
Fc1c(Cn2ccc3c(OC4CCN(Cc5cscn5)CC4)ncnc32)cccc1C(F)(F)F,0.9972887,train
Fc1cccc(F)c1Cn1ccc2c(OC3CCN(Cc4cscn4)CC3)ncnc21,0.99380726,train
c1ccc(CN2CCC(Oc3ncnc4c3ccn4Cc3ccccc3)CC2)cc1,0.98699784,train
Cc1cccc(CN2CCC(Oc3ncnc4c3ccn4Cc3ccccc3)CC2)n1,0.98769146,train
Cc1ccc(CN2CCC(Oc3ncnc4c3ccn4Cc3ccccc3)CC2)nc1,0.9881566,train
Cc1ccnc(CN2CCC(Oc3ncnc4c3ccn4Cc3ccccc3)CC2)c1,0.99226487,train
Cc1cccnc1CN1CCC(Oc2ncnc3c2ccn3Cc2ccccc2)CC1,0.9743077,train
Fc1cccc(CN2CCC(Oc3ncnc4c3ccn4Cc3ccccc3)CC2)n1,0.99150085,train
Fc1ccc(CN2CCC(Oc3ncnc4c3ccn4Cc3ccccc3)CC2)nc1,0.9918936,train
Fc1ccccc1Cn1ccc2c(OC3CCN(Cc4ccccn4)CC3)ncnc21,0.99052143,train
Fc1cccc(Cn2ccc3c(OC4CCN(Cc5ccccn5)CC4)ncnc32)c1F,0.991319,train
Fc1c(Cl)cccc1Cn1ccc2c(OC3CCN(Cc4ccccn4)CC3)ncnc21,0.99285734,train
Fc1c(Cn2ccc3c(OC4CCN(Cc5ccccn5)CC4)ncnc32)cccc1C(F)(F)F,0.99755186,train
c1ccc(Cn2ccc3c(OC4CCN(Cc5cscn5)CC4)ncnc32)cc1,0.9856888,train
Cc1nc2c(OC(F)F)cccc2n1-c1ccc(C(=O)NC2CC2)s1,0.40042496,train
Cc1nc2c(C#N)cccc2n1-c1ccc(C(=O)NC2CC2)s1,0.12357417,train
CCC(NCCCCC(Cc1cc(C)c(F)c(C)c1)C(O)=NO)c1ccc(F)cc1,0.8618613,train
CCC(NCCCCC(C[C@@H](OC)c1ccc(F)cc1)C(O)=NO)c1ccc(F)cc1,0.8756171,train
Cc1cc(CC(CCCCNCc2ccc(F)cc2)C(O)=NO)cc(C)c1F,0.8627672,train
CCC(NCCCCC(Oc1cc(C)c(F)c(C)c1)C(O)=NO)c1ccc(F)cc1,0.82457477,train
CO[C@H](CC(CCCCNCc1ccc(F)cc1)C(O)=NO)c1ccc(F)cc1,0.8516024,train
Cc1cc(NC(CCCCNCc2ccc(F)cc2)C(O)=NO)cc(C)c1F,0.9030521,train
CCC(NCCCCC(Nc1cc(C)c(F)c(C)c1)C(O)=NO)c1ccc(F)cc1,0.90261513,train
Cc1cc(OC(CCCCNCc2ccc(F)cc2)C(O)=NO)cc(C)c1F,0.8255481,train
CN(C(=O)Cc1ccc(S(C)(=O)=O)cc1)[C@@H]1CCN(Cc2nc3cc(F)ccc3s2)C[C@@H]1F,0.9019735,train
CN(C(=O)Cc1ccc(S(C)(=O)=O)cc1)[C@@H]1CCN(Cc2nc3ccccc3s2)C[C@@H]1F,0.5148618,train
CN(C(=O)Cc1ccc(S(C)(=O)=O)cc1)[C@@H]1CCN(Cc2ccc(C(F)(F)F)cc2)C[C@@H]1F,0.98952407,train
CN(C(=O)Cc1ccc(-n2cnnn2)cc1)[C@@H]1CCN(Cc2nc3cc(F)ccc3s2)C[C@@H]1F,0.7369317,train
CN(C(=O)Cc1ccc(-n2cnnn2)cc1)[C@@H]1CCN(Cc2ccc(C(F)(F)F)nc2)C[C@@H]1F,0.31960037,train
CN(C(=O)Cc1ccc(-n2cnnn2)cc1)[C@@H]1CCN(Cc2ccc(C(F)(F)F)cn2)C[C@@H]1F,0.85316235,train
CO[C@H]1CN(Cc2ccc(C(F)(F)F)cc2)CC[C@H]1N(C)C(=O)Cc1ccc(-n2cnnn2)cc1,0.975437,train
CO[C@@H]1CN(Cc2ccc(C(F)(F)F)cc2)CC[C@@H]1N(C)C(=O)Cc1ccc(-n2cnnn2)cc1,0.94951403,train
CN(C(=O)Cc1ccc(-n2cnnn2)cc1)[C@@H]1CCN(Cc2ccc(C(F)(F)F)cc2)C[C@@H]1F,0.9681014,train
CN(C(=O)Cc1ccc(-n2cnnn2)cc1)[C@H]1CCN(Cc2ccc(C(F)(F)F)cc2)C[C@H]1F,0.97055614,train
CN(C(=O)Cc1ccc(-n2cnnn2)cc1)C1CCN(Cc2nc3c(s2)CCCC3)CC1,0.5601152,val
CN(C(=O)Cc1ccc(-n2cnnn2)cc1)C1CCN(Cc2nc3cc(F)ccc3s2)CC1,0.83157396,train
Cc1nc(-c2ccc(CN3CCC(N(C)C(=O)Cc4ccc(-n5cnnn5)cc4)CC3)cc2)no1,0.7337707,train
CN(C(=O)Cc1ccc(-n2cnnn2)cc1)C1CCN(Cc2ccc(C(F)(F)F)c(F)c2)CC1,0.92490375,train
CN(C(=O)Cc1ccc(-n2cnnn2)cc1)C1CCN(Cc2ccc(C(F)(F)F)nc2)CC1,0.27611974,train
CN(C(=O)Cc1ccc(-n2cnnn2)cc1)C1CCN(Cc2ccc(C(F)(F)F)cn2)CC1,0.9070201,train
CN(C(=O)Cc1ccccc1)C1CCN(Cc2ccc(C(F)(F)F)cc2)CC1,0.98091644,train
CN(C(=O)Cc1ccc(-n2cnnn2)cc1)C1CCN(Cc2ccc(C(F)(F)F)cc2)CC1,0.9595722,train
CC(=O)Nc1ccc(CC(=O)N(C)C2CCN(Cc3ccc(C(F)(F)F)cc3)CC2)cc1,0.8842452,train
CNC(=O)c1ccc(CC(=O)N(C)C2CCN(Cc3ccc(C(F)(F)F)cc3)CC2)cc1,0.89083266,train
CN(C(=O)Cc1ccc(S(C)(=O)=O)c(F)c1)C1CCN(Cc2ccc(C(F)(F)F)cc2)CC1,0.95778877,train
CN(C(=O)Cc1ccc(S(C)(=O)=O)cc1F)C1CCN(Cc2ccc(C(F)(F)F)cc2)CC1,0.9787828,train
CN(C(=O)Cc1ccc(S(C)(=O)=O)cc1)C1CCN(Cc2ccc(C(F)(F)F)cc2)CC1,0.98661137,train
CCN(C(=O)Cc1ccc(S(C)(=O)=O)cc1)C1CCN(Cc2ccc(C(F)(F)F)cc2)CC1,0.95415366,train
CC(C)Cn1c2ccc(Nc3ncccn3)cc2c2c3c(c4c(c21)CCc1nn(C)cc1-4)C(=O)NC3,0.3498634,val
N[C@H]1CN(c2ccc(-n3ccc(OCc4ccccc4)cc3=O)cn2)C[C@@H]1c1cc(F)ccc1F,0.8871072,train
N[C@H]1CN(c2ccc(-n3ccc(OCc4ccccc4)cc3=O)cn2)C[C@@H]1c1cc(F)c(F)cc1F,0.8296573,train
NC(=O)CN1CCN(Cc2nc(-c3cn(CC4CCOCC4)c4c(Cl)cccc34)no2)CC1,0.32965052,train
Cc1nc(N2CCC(N3CCCC3)CC2)nc2ccc(NC(=O)COc3ccc(Cl)cc3)cc12,0.99949396,train
Cc1nc(N2CCC(N3CCCC3=O)CC2)nc2ccc(NC(=O)COc3ccc(OC(F)(F)F)cc3)cc12,0.9977634,test
COc1cc(-c2cn(CC(=O)N(c3ccccc3)c3ccccc3)nn2)ccc1-n1cnc(C)c1,0.9675079,test
COc1cc(-c2cn(CC(=O)N(c3ccccc3)C3CCCCC3)nn2)ccc1-n1cnc(C)c1,0.92849946,val
COc1cc(-c2cn(CC(=O)NC3C4CC5CC(C4)CC3C5)nn2)ccc1-n1cnc(C)c1,0.99335665,train
COc1cc(-c2cn(CC(=O)N(Cc3ccc(F)cc3)C3C4CC5CC(C4)CC3C5)nn2)ccc1-n1cnc(C)c1,0.9992797,test
COc1cc(-c2cn(CC(=O)N(Cc3ccccc3)Cc3ccccc3)nn2)ccc1-n1cnc(C)c1,0.97896796,train
COc1cc(-c2cn(CC(=O)N(Cc3ccccc3)[C@H](C)c3ccccc3)nn2)ccc1-n1cnc(C)c1,0.97420925,train
COc1cc(-c2cn(CC(=O)N([C@H](C)c3ccccc3)[C@H](C)c3ccccc3)nn2)ccc1-n1cnc(C)c1,0.9726979,train
COc1cc(-c2cn(CC(=O)N(C3CCCCC3)C3CCCCC3)nn2)ccc1-n1cnc(C)c1,0.8426187,test
COc1cc(-c2cn(CC(=O)N3CCC(c4nc5ccccc5o4)CC3)nn2)ccc1-n1cnc(C)c1,0.85290194,test
COc1cc(-c2cn(CC(=O)N(Cc3ccccc3)CC(F)(F)F)nn2)ccc1-n1cnc(C)c1,0.98467505,train
COc1cc(-c2cn(CC(=O)N(CC(F)(F)F)c3ccc4c(c3)CCC4)nn2)ccc1-n1cnc(C)c1,0.98937607,test
COc1cc(-c2cn(CC(=O)N(CC(F)(F)F)c3ccc4c(c3)OC(F)(F)O4)nn2)ccc1-n1cnc(C)c1,0.99839395,test
COc1cc(-c2cn(CC(=O)N(CC(F)(F)F)c3ccc4ccccc4c3)nn2)ccc1-n1cnc(C)c1,0.994562,train
COc1cc(-c2cn(CC(=O)N(CC(F)(F)F)c3cccc4ccccc34)nn2)ccc1-n1cnc(C)c1,0.99398625,test
COc1cc(-c2cn(C3CCCCNC3=O)nn2)ccc1-n1cnc(C)c1,0.11460977,train
COc1cc(-c2cn(C3C(=O)NC4CCC3C4)nn2)ccc1-n1cnc(C)c1,0.091754414,test
COc1cc(-c2cn(C3CC(C)(C)CCNC3=O)nn2)ccc1-n1cnc(C)c1,0.21818139,train
COc1cc(-c2cn(C3CC[C@H]4CCCC[C@@H]4NC3=O)nn2)ccc1-n1cnc(C)c1,0.2622057,train
COc1cc(-c2cn(C3CC([Si](C)(C)C)CCNC3=O)nn2)ccc1-n1cnc(C)c1,0.3460582,train
COc1cc(-c2cn(C3CCCC(C(C)(C)C)NC3=O)nn2)ccc1-n1cnc(C)c1,0.017074056,train
COc1cc(-c2cn(C3CC(C4CCCCC4)CCNC3=O)nn2)ccc1-n1cnc(C)c1,0.69051003,val
COc1cc(-c2cn(C3C[C@@H](C(C)(C)C)CCN(CC45CC6CC(CC(C6)C4)C5)C3=O)nn2)ccc1-n1cnc(C)c1,0.9995097,test
COc1cc(-c2cn(C3C[C@@H](C(C)(C)C)CCN(CC(C)(C)C)C3=O)nn2)ccc1-n1cnc(C)c1,0.71753913,train
COc1cc(-c2cn(C3CC[C@H](c4ccccc4)CN(Cc4ccccc4)C3=O)nn2)ccc1-n1cnc(C)c1,0.82229334,val
COc1cc(-c2cn(C3C[C@@H](C(F)(F)F)CCN(Cc4ccccc4)C3=O)nn2)ccc1-n1cnc(C)c1,0.3518512,train
COc1cc(-c2cn(C3C[C@@H]([Si](C)(C)C)CCN(Cc4ccccc4)C3=O)nn2)ccc1-n1cnc(C)c1,0.48864147,train
COc1cc(-c2cn(C3C[C@@H](C(F)(F)F)CCN(CC(F)(F)F)C3=O)nn2)ccc1-n1cnc(C)c1,0.31445247,train
COc1cc(-c2cn(C3C[C@@H](C(F)(F)F)CN(CC(F)(F)F)C3=O)nn2)ccc1-n1cnc(C)c1,0.14442559,train
COc1cc(-c2cn(C3CCCCN(CC(F)(F)F)C3=O)nn2)ccc1-n1cnc(C)c1,0.55507696,train
COc1cc(-c2cn(C3C[C@@H](c4ccccc4)CCN(CC(F)(F)F)C3=O)nn2)ccc1-n1cnc(C)c1,0.7028435,test
COc1cc(-c2cn(C3C[C@@H](C(C)(C)C)CCN(CC(F)(F)F)C3=O)nn2)ccc1-n1cnc(C)c1,0.9077944,train
Cc1nc(N2CCC(O)CC2)nc2ccc(NC(=O)/C=C/c3ccc(OC(F)(F)F)cc3)cc12,0.98231435,train
Cc1nc(N2CCC(O)(C3CC3)CC2)nc2ccc(NC(=O)/C=C/c3ccc(Cl)cc3)cc12,0.9968257,train
Cc1nc(N2CCC(O)(C3CC3)CC2)nc2ccc(NC(=O)/C=C/c3ccc(C(F)F)cc3)cc12,0.9962225,train
COCC(=O)NC1CCN(c2nc(C)c3cc(NC(=O)/C=C/c4ccc(Cl)cc4)ccc3n2)CC1,0.9776767,train
O[C@]1(c2ccc(F)c(F)c2)CCNC[C@@H]1c1cc(-c2ccc(F)cc2Br)no1,0.9951407,train
O[C@]1(c2ccc(F)c(F)c2)CCNC[C@@H]1c1cc(-c2c(Cl)cccc2Cl)no1,0.9973907,train
O[C@]1(c2ccc(F)c(F)c2)CCNC[C@@H]1c1cc(-c2ccc(F)cc2Cl)no1,0.99481755,train
O[C@]1(c2ccc(F)c(F)c2)CCNC[C@@H]1c1onc(-c2ccccc2Cl)c1Br,0.9126232,train
Cc1cccc(-c2noc([C@H]3CNCC[C@]3(O)c3ccc(F)c(F)c3)c2Br)c1C,0.768828,train
O[C@]1(c2ccc(F)c(F)c2)CCNC[C@@H]1c1onc(-c2c(Cl)cccc2Cl)c1Br,0.9832412,train
O[C@]1(c2ccc(F)c(F)c2)CCNC[C@@H]1c1onc(-c2cccc3ccccc23)c1Br,0.95847535,test
CC(=O)NCCc1ccccc1-c1noc([C@H]2CNCC[C@]2(O)c2ccc(F)c(F)c2)c1Br,0.2656424,train
CC(=O)NCCc1ccccc1-c1onc([C@H]2CNCC[C@]2(O)c2ccc(F)c(F)c2)c1Br,0.11486371,train
O[C@]1(c2ccc(F)c(F)c2)CCNC[C@@H]1c1cc(-c2c(Cl)cccc2Cl)on1,0.99620795,train
CC(=O)NCCc1cc(F)ccc1-c1onc([C@H]2CNCC[C@]2(O)c2ccc(F)c(F)c2)c1Br,0.19463958,train
CC(=O)NCCc1ccccc1-c1cc([C@H]2CNCC[C@]2(O)c2ccc(F)c(F)c2)no1,0.5617091,train
CC(=O)NCCc1ccccc1-c1onc([C@H]2CNCC[C@]2(O)c2ccc(F)c(F)c2)c1Cl,0.19909295,train
CC(=O)NCCc1ccccc1-c1onc([C@H]2CNCC[C@]2(O)c2ccc(F)c(F)c2)c1C(C)=O,0.20233704,train
CC(=O)NCCc1ccccc1-c1onc([C@H]2CNCC[C@]2(O)c2ccc(F)c(F)c2)c1C(C)O,0.16563651,train
CC(=O)NCCc1ccccc1-c1onc([C@H]2CNCC[C@@H]2c2ccc(F)c(F)c2)c1Br,0.2840466,train
CO[C@]1(c2ccc(F)c(F)c2)CCNC[C@@H]1c1noc(-c2ccccc2CCNC(C)=O)c1Br,0.1560387,train
CC(=O)NCCc1ccccc1-c1onc([C@H]2CNCC[C@]2(C(N)=O)c2ccc(F)c(F)c2)c1Br,0.048116956,train
COC[C@H](C)COCc1ccc([C@@]2(O)CCNC[C@@H]2c2noc(-c3ccccc3CCNC(C)=O)c2Br)cc1,0.14061204,train
CC(=O)N1CCC(C(=O)N(CCCN2CCN(Cc3ccc(F)cc3)CC2)c2ccc(C)c(Cl)c2)CC1,0.9515745,val
Nc1ncc(-c2cnn(CCO)c2)c2scc(-c3ccc(NC(=O)Nc4cccc(F)c4)cc3)c12,0.9894001,test
c1ccc(-n2cc(-c3ccnc4ccccc34)cn2)cc1,0.93770796,train
COc1ccc2c(-c3cnn(-c4ccccc4)c3)ccnc2c1,0.94080925,train
CCOc1cc2nccc(Oc3cnc(CC(=O)Nc4[nH]nc(CC)c4C)c(OC)c3)c2cc1OC,0.2881017,train
CCN(CC)CCCNc1nnc(-c2ccc(NC(=O)c3ccccc3F)cc2)o1,0.20444542,train
O=C(Nc1ccc(-c2nnc(NCCCN3CCCC3)o2)cc1)c1ccccc1F,0.47721687,train
O=C(Nc1ccc(-c2nnc(NCCCN3CCCCC3)o2)cc1)c1ccccc1F,0.53801,train
O=C(Nc1ccc(-c2nnc(NCCCN3CCCCCC3)o2)cc1)c1ccccc1F,0.5905477,val
O=C(Nc1ccc(-c2nnc(NCCCN3CCOCC3)o2)cc1)c1ccccc1F,0.22995688,train
O=C(Nc1ccc(-c2nnc(NCCCN3CCCCC3)o2)cc1)c1ccccc1,0.49373785,train
O=C(Nc1ccc(-c2nnc(NCCCN3CCCCC3)o2)cc1)c1ccccc1Cl,0.5475841,train
Cc1ccccc1C(=O)Nc1ccc(-c2nnc(NCCCN3CCCCC3)o2)cc1,0.5762081,train
O=C(Nc1ccc(-c2nnc(NCCCN3CCCCC3)o2)cc1)c1cccc(F)c1,0.6934673,train
O=C(Nc1ccc(-c2nnc(NCCCN3CCCCC3)o2)cc1)c1ccc(F)cc1,0.64790004,train
O=C(Nc1ccc(-c2nnc(NCCCN3CCCCC3)o2)cc1)c1c(F)cccc1F,0.49186015,train
O=C(Nc1ccc(-c2nnc(NCCCN3CCCCC3)o2)cc1)C1CCCC1,0.48936668,val
O=C(Nc1ccc(-c2nnc(NCCCN3CCCCC3)o2)cc1)C1CCCCC1,0.5032625,val
O=C(Nc1ccc(-c2nnc(NCCCN3CCCCC3)o2)cc1)C1CCCCCC1,0.5614368,train
O=C(Nc1ccc(-c2nnc(NCCCN3CCCCC3)o2)cc1F)c1ccccc1F,0.40207028,train
CCc1cc(-c2nnc(NCCCN3CCCCC3)o2)ccc1NC(=O)c1ccccc1F,0.5725703,train
Cc1cc(-c2nnc(NCCCN3CCCCC3)o2)ccc1NC(=O)c1ccccc1F,0.51377887,train
O=C(Nc1ccc(-c2nnc(NCCCN3CCCCC3)o2)c(Cl)c1)c1ccccc1F,0.7638445,train
Cc1cc(NC(=O)c2ccccc2F)ccc1-c1nnc(NCCCN2CCCCC2)o1,0.5758259,train
COc1cc(NC(=O)c2ccccc2F)ccc1-c1nnc(NCCCN2CCCCC2)o1,0.62350655,train
COc1cc(NC(=O)c2ccccc2F)ccc1-c1nnc(NCCCN2CCOCC2)o1,0.29734683,train
CCOc1cc(NC(=O)c2ccccc2F)ccc1-c1nnc(NCCCN2CCCCC2)o1,0.6186533,train
O=C(Nc1ccc(-c2nnc(NCCCN3CCCCC3)o2)c(F)c1)c1ccccc1F,0.51003855,train
O=C(Nc1ccc(-c2nnc(NCCCN3CCCCC3)o2)c(C(F)(F)F)c1)c1ccccc1F,0.8155499,train
CCc1cc(NC(=O)c2ccccc2F)ccc1-c1nnc(NCCCN2CCCCC2)o1,0.5716454,train
O=C(Nc1ccc(-c2nnc(NCCCN3CCCOCC3)o2)cc1)c1ccccc1F,0.22848776,train
C[C@@H]1CC[C@@H](C)N1CCCNc1nnc(-c2ccc(NC(=O)c3ccccc3F)cc2)o1,0.77007395,train
CN1CCN(CCCNc2nnc(-c3ccc(NC(=O)c4ccccc4F)cc3)o2)CC1,0.2979303,val
O=C(Nc1ccc(-c2nnc(NCCCN3CCC(F)CC3)o2)cc1)c1ccccc1F,0.5814948,train
O=C(Nc1ccc(-c2nnc(NCCCN3C[C@@H]4CC[C@H]3C4)o2)cc1)c1ccccc1F,0.9301546,test
O=C(Nc1ccc(-c2nnc(NCCCN3CCN4CCC3CC4)o2)cc1)c1ccccc1F,0.31779367,val
O=C(Nc1ccc(-c2nnc(NCCCCN3CCOCC3)o2)cc1)c1ccccc1F,0.21847582,train
O=C(Nc1ccc(-c2nnc(NCCCCN3CCCOCC3)o2)cc1)c1ccccc1F,0.21715772,train
O=C(Nc1ccc(-c2nnc(NCCCCN3CCCC3)o2)cc1)c1ccccc1F,0.4620334,test
CCN(CC)CCCCNc1nnc(-c2ccc(NC(=O)c3ccccc3F)cc2)o1,0.1988996,train
O=C(Nc1ccc(-c2nnc(NCCCCN3CCCCC3)o2)cc1)c1ccccc1F,0.5228266,train
O=C(Nc1ccc(-c2nnc(NCCCCN3CCCCC3)o2)cc1)c1ccccc1,0.4785098,train
O=C(Nc1ccc(-c2nnc(NCCCCN3CCCCC3)o2)cc1)C1CCCCC1,0.4885042,train
COc1cc(NC(=O)c2ccccc2F)ccc1-c1nnc(NCCCCN2CCCCC2)o1,0.60909146,train
O=C(Nc1ccc(-c2nnc(NCCCCN3CCCCC3)o2)c(Cl)c1)c1ccccc1F,0.7521977,train
O=C(Nc1ccc(-c2nnc(NCCCCN3CCOCC3)o2)c(F)c1)c1ccccc1F,0.19987945,train
O=C(Nc1ccc(-c2nnc(NCCCCN3CCOCC3)o2)c(F)c1)c1ccccc1,0.17265531,train
O=C(Nc1ccc(-c2nnc(NCCCCN3CCC(F)CC3)o2)cc1)c1ccccc1F,0.5664584,train
NS(=O)(=O)c1ccc(OCCN2CCCCC2)cc1,0.26519486,train
CCOC(=O)C1CCN(CCOc2ccc(S(N)(=O)=O)cc2)CC1,0.39775652,train
NS(=O)(=O)c1ccc(OCCCN2CCCCC2)cc1,0.31326708,train
CCOC(=O)C1CCN(CCCOc2ccc(S(N)(=O)=O)cc2)CC1,0.43254125,train
NS(=O)(=O)c1ccc(OCCCCN2CCCCC2)cc1,0.3969168,train
CCOC(=O)C1CCN(CCCCOc2ccc(S(N)(=O)=O)cc2)CC1,0.54445475,train
CC(C)NC(=O)NS(=O)(=O)c1ccc(OCCN2CCCCC2)cc1,0.09529303,train
O=C(Nc1ccccc1)NS(=O)(=O)c1ccc(OCCN2CCCCC2)cc1,0.13424562,train
CCOC(=O)C1CCN(CCCOc2ccc(S(=O)(=O)NC(=O)Nc3ccccc3)cc2)CC1,0.22514313,train
O=C(Nc1ccc(C(F)(F)F)cc1)NS(=O)(=O)c1ccc(OCCCCN2CCCC2)cc1,0.18072803,test
Cc1cccc(C(CCCN)(c2ccccc2)c2ccccc2)c1,0.90052605,train
Cc1ccc(C(=O)N(CCCN)[C@@H](c2nc3cc(Cl)ccc3c(=O)n2Cc2ccccc2)C(C)C)cc1,0.9128962,test
C[C@H]1c2c([nH]c3ccc(C(F)(F)F)cc23)C[C@H]2CCN(CCCC3CCOCC3)C[C@@H]21,0.9993025,train
C[C@H]1c2c([nH]c3ccc(C(F)(F)F)cc23)C[C@H]2CCN(CCCC3(C(=O)O)CCOCC3)C[C@@H]21,0.97004247,train
O=C(NCC(=O)N1CC[C@H](N[C@H]2CC[C@@](O)(c3ccc(-c4ncccn4)cn3)CC2)C1)c1cccc(C(F)(F)F)c1,0.12307583,test
O=C(C1CCN(c2nccc(C(F)(F)F)n2)CC1)N1CC[C@H](N[C@H]2CC[C@@](O)(c3ccc(-c4ncccn4)cn3)CC2)C1,0.4107612,val
O=C(C1CCN(c2cc(C(F)(F)F)ccn2)CC1)N1CC[C@H](N[C@H]2CC[C@@](O)(c3ccc(-c4ncccn4)cn3)CC2)C1,0.60029775,train
O=C(C1CCN(c2cccc(C(F)(F)F)n2)CC1)N1CC[C@H](N[C@H]2CC[C@@](O)(c3ccc(-c4ncccn4)cn3)CC2)C1,0.416425,train
O=C(C1CCN(c2cccc(C(F)(F)F)c2)CC1)N1CC[C@H](N[C@H]2CC[C@@](O)(c3ccc(-c4ncccn4)cn3)CC2)C1,0.74108016,test
O=C(NCC(=O)N1CC[C@H](N[C@H]2CC[C@@](O)(c3ccc(-c4ccncc4)cn3)CC2)C1)c1cccc(C(F)(F)F)c1,0.22240956,test
O=C(NCC(=O)N1CC[C@H](N[C@H]2CC[C@@](O)(c3ccc(-c4cccnc4)cn3)CC2)C1)c1cccc(C(F)(F)F)c1,0.22434218,test
Cc1ccc([C@]2(O)CC[C@H](N[C@H]3CCN(C(=O)CNC(=O)c4cccc(C(F)(F)F)c4)C3)CC2)nc1,0.1777069,test
CNC(=O)c1ccc(-c2ccc3c(c2)CCN(CCN2CCCC2)C3=O)cc1,0.36499003,train
CCNC(=O)c1ccc(-c2ccc3c(c2)CCN(CCN2CCCC2)C3=O)cc1,0.4907897,train
CC(C)NC(=O)c1ccc(-c2ccc3c(c2)CCN(CCN2CCCC2)C3=O)cc1,0.5390647,train
O=C(NC1CC1)c1ccc(-c2ccc3c(c2)CCN(CCN2CCCC2)C3=O)cc1,0.5460083,val
O=C(NC1CCC1)c1ccc(-c2ccc3c(c2)CCN(CCN2CCCC2)C3=O)cc1,0.5864857,train
O=C(NC1CCCC1)c1ccc(-c2ccc3c(c2)CCN(CCN2CCCC2)C3=O)cc1,0.67387474,val
CN(C)C(=O)c1ccc(-c2ccc3c(c2)CCN(CCN2CCCC2)C3=O)cc1,0.4236016,train
O=C(c1ccc(-c2ccc3c(c2)CCN(CCN2CCCC2)C3=O)cc1)N1CCCC1,0.50409895,train
C[C@@H]1CCCN1C(=O)c1ccc(-c2ccc3c(c2)CCN(CCN2CCCC2)C3=O)cc1,0.43410146,train
C[C@H]1CCCN1C(=O)c1ccc(-c2ccc3c(c2)CCN(CCN2CCCC2)C3=O)cc1,0.4412197,train
O=C(c1ccc(-c2ccc3c(c2)CCN(CCN2CCCC2)C3=O)c(F)c1)N1CCCC1,0.4587075,train
O=C(c1ccc(-c2ccc3c(c2)CCN(CCN2CCCC2)C3=O)cc1F)N1CCCC1,0.54999775,train
O=C(c1ccc(-c2ccc3c(c2)CCN(CCN2CCCC2)C3=O)cc1Cl)N1CCCC1,0.58129734,train
CNC(=O)c1ccc(-c2ccc3c(c2)CCN(CCN2CCCC2)C3=O)c(F)c1,0.3214099,train
CN(C)C(=O)c1ccc(-c2ccc3c(c2)CCN(CCN2CCCC2)C3=O)c(F)c1,0.3838801,train
CNC(=O)c1ccc(-c2ccc3c(c2)CCN(CCN2CCC[C@H]2C)C3=O)cc1,0.3430328,train
CCNC(=O)c1ccc(-c2ccc3c(c2)CCN(CCN2CCC[C@H]2C)C3=O)cc1,0.4653366,train
C[C@@H]1CCCN1CCN1CCc2cc(-c3ccc(C(=O)N4CCCC4)cc3)ccc2C1=O,0.66710454,train
C[C@@H]1CCCN1CCN1CCc2cc(-c3ccc(F)cc3)ccc2C1=O,0.9598172,train
C[C@@H]1CCCN1CCN1CCc2cc(-c3ccc(C#N)cc3)ccc2C1=O,0.9789216,train
O=C1CC2CCc3cc(OC4CCN(C5CCC5)CC4)ccc3C2=NN1,0.26776928,train
COc1cc(CN2CCN(CCCCCC(c3ccc(F)cc3)c3ccc(F)cc3)CC2)cc(OC)c1OC,0.99985886,train
CC(C)(C)c1cc(CN2CCN(CCCCCC(c3ccc(F)cc3)c3ccc(F)cc3)CC2)cc(C(C)(C)C)c1O,0.9991911,train
CC(C)(C)c1cc(C(=O)N2CCN(CCCCCC(c3ccc(F)cc3)c3ccc(F)cc3)CC2)cc(C(C)(C)C)c1O,0.99073,train
COc1c(C(C)(C)C)cc(CN2CCN(CCCCCC(c3ccc(F)cc3)c3ccc(F)cc3)CC2)cc1C(C)(C)C,0.9998673,train
COc1c(C(C)(C)C)cc(C(=O)N2CCN(CCCCCC(c3ccc(F)cc3)c3ccc(F)cc3)CC2)cc1C(C)(C)C,0.9983127,train
COc1c(C(C)(C)C)cc(CN2CCN(C(=O)CCCCC(c3ccc(F)cc3)c3ccc(F)cc3)CC2)cc1C(C)(C)C,0.9985482,test
COc1c(C(C)(C)C)cc(C(=O)N2CCN(C(=O)CCCCC(c3ccc(F)cc3)c3ccc(F)cc3)CC2)cc1C(C)(C)C,0.98810333,train
CC(C)(C)c1cc(CN2CCN(CCCCCC(c3ccc(F)cc3)c3ccc(F)cc3)CC2)cc(C(C)(C)C)c1,0.9999628,train
COc1c(C(C)(C)C)cc(C(=O)N2CCN(C(=O)CCCCC(c3ccc(F)cc3)c3ccc(F)cc3)[C@@H](C)C2)cc1C(C)(C)C,0.98376447,train
COc1c(C(C)(C)C)cc(C(=O)N2CCN(C(=O)CCCCC(c3ccc(F)cc3)c3ccc(F)cc3)C[C@@H]2C)cc1C(C)(C)C,0.99231744,train
CC(C)(C)c1ccc(C(=O)NCC2CCN(C(=O)CCCCC(c3ccc(F)cc3)c3ccc(F)cc3)C2)cc1,0.99865377,train
CC(C)(C)c1cc(C(=O)NCC2CCN(C(=O)CCCCC(c3ccc(F)cc3)c3ccc(F)cc3)C2)cc(C(C)(C)C)c1,0.9995296,train
COc1c(C(C)(C)C)cc(C(=O)NCC2CCN(C(=O)CCCCC(c3ccc(F)cc3)c3ccc(F)cc3)C2)cc1C(C)(C)C,0.99741924,train
O=C(NCC1CCN(C(=O)CCCCC(c2ccc(F)cc2)c2ccc(F)cc2)C1)c1cc(C(F)(F)F)cc(C(F)(F)F)c1,0.9998467,train
COc1c(C(C)(C)C)cc(C(=O)NCC2CCN(CCCCCC(c3ccc(F)cc3)c3ccc(F)cc3)C2)cc1C(C)(C)C,0.9993598,train
COc1cc(C(=O)NCC2CCN(CCCCCC(c3ccc(F)cc3)c3ccc(F)cc3)C2)cc(OC)c1OC,0.9994381,train
O=C(NCC1CCN(CCCCCC(c2ccc(F)cc2)c2ccc(F)cc2)C1)c1cc(C(F)(F)F)cc(C(F)(F)F)c1,0.9999658,train
COc1cc(CNCC2CCN(CCCCCC(c3ccc(F)cc3)c3ccc(F)cc3)C2)cc(OC)c1OC,0.9995377,train
CC(C)(C)c1cc(CNCC2CCN(CCCCCC(c3ccc(F)cc3)c3ccc(F)cc3)C2)cc(C(C)(C)C)c1O,0.9988166,train
CC(C)(C)c1cc(CNCC2CCN(CCCCCC(c3ccc(F)cc3)c3ccc(F)cc3)C2)cc(C(C)(C)C)c1,0.99992216,train
CC(C)(C)c1cc(C(=O)NC[C@H]2CCN(C(=O)CCCCC(c3ccc(F)cc3)c3ccc(F)cc3)C2)cc(C(C)(C)C)c1,0.9995223,train
CC(C)(C)c1cc(C(=O)NC[C@@H]2CCN(C(=O)CCCCC(c3ccc(F)cc3)c3ccc(F)cc3)C2)cc(C(C)(C)C)c1,0.99955136,train
COc1c(C(C)(C)C)cc(C(=O)NC[C@H]2CCN(C(=O)CCCCC(c3ccc(F)cc3)c3ccc(F)cc3)C2)cc1C(C)(C)C,0.9973677,train
COc1c(C(C)(C)C)cc(C(=O)NC[C@@H]2CCN(C(=O)CCCCC(c3ccc(F)cc3)c3ccc(F)cc3)C2)cc1C(C)(C)C,0.9975305,train
O=C(NC[C@H]1CCN(C(=O)CCCCC(c2ccc(F)cc2)c2ccc(F)cc2)C1)c1cc(C(F)(F)F)cc(C(F)(F)F)c1,0.9998435,train
O=C(NC[C@@H]1CCN(C(=O)CCCCC(c2ccc(F)cc2)c2ccc(F)cc2)C1)c1cc(C(F)(F)F)cc(C(F)(F)F)c1,0.99985194,train
COc1cc(C(=O)N2CCC(CNC(=O)CCCCC(c3ccc(F)cc3)c3ccc(F)cc3)C2)cc(OC)c1OC,0.9920363,train
COc1c(C(C)(C)C)cc(C(=O)N2CCC(CNC(=O)CCCCC(c3ccc(F)cc3)c3ccc(F)cc3)C2)cc1C(C)(C)C,0.99251175,train
COc1cc(CN2CCC(CNCCCCCC(c3ccc(F)cc3)c3ccc(F)cc3)C2)cc(OC)c1OC,0.9998777,train
CC(C)(C)c1cc(CN2CCC(CNCCCCCC(c3ccc(F)cc3)c3ccc(F)cc3)C2)cc(C(C)(C)C)c1O,0.99930143,train
COc1c(C(C)(C)C)cc(CN2CCC(CNCCCCCC(c3ccc(F)cc3)c3ccc(F)cc3)C2)cc1C(C)(C)C,0.99988544,train
CN1CCN(C)C(C(=O)N2CCN(C(=O)Nc3ccc(Cl)c(Cl)c3)CC2)C1,0.53689766,train
CN1CCNC(C(=O)N2CCN(C(=O)Nc3ccc(Cl)c(Cl)c3)CC2)C1,0.5648293,train
CC(C)N1CCNC(C(=O)N2CCN(C(=O)Nc3ccc(Cl)c(Cl)c3)CC2)C1,0.49663216,train
O=C(Nc1ccc(Cl)c(Cl)c1)N1CCN(C(=O)C2CN(C3CC3)CCN2)CC1,0.73980033,train
CCN1CCNC(C(=O)N2CCN(C(=O)Nc3ccc(Cl)c(Cl)c3)CC2)C1,0.72367305,train
CCN1CCOC(C(=O)N2CCN(C(=O)Nc3ccc(Cl)c(Cl)c3)CC2)C1,0.647858,test
CCN1CCCC(C(=O)N2CCN(C(=O)Nc3ccc(Cl)c(Cl)c3)CC2)C1,0.78523535,train
CC(C)N1CCN[C@@H](CN2CCN(C(=O)Nc3ccc(Cl)c(Cl)c3)CC2)C1,0.5898584,train
CCN1CCNC(CN2CCN(C(=O)Nc3ccc(Cl)c(Cl)c3)CC2)C1,0.7498078,train
CC(C)N1CCO[C@@H](CN2CCN(C(=O)Nc3ccc(Cl)c(Cl)c3)CC2)C1,0.7772258,train
O=C(Nc1ccc(Cl)c(Cl)c1)N1CCN(C[C@H]2CN(C3CC3)CCO2)CC1,0.85185856,test
CCN1CCO[C@@H](CN2CCN(C(=O)Nc3ccc(Cl)c(Cl)c3)CC2)C1,0.91276807,train
O=C(Nc1ccc(C(F)(F)F)cc1)N1CCN(C[C@@H]2CCCN(C3CC3)C2)CC1,0.8836308,train
O=C(Nc1cccc(C(F)(F)F)c1)N1CCN(C[C@@H]2CCCN(C3CC3)C2)CC1,0.9227471,train
O=C(Nc1ccc(Br)cc1)N1CCN(C[C@@H]2CCCN(C3CC3)C2)CC1,0.91317946,train
O=C(Nc1cccc(Cl)c1)N1CCN(C[C@@H]2CCCN(C3CC3)C2)CC1,0.8622917,train
O=C(Nc1ccc(Cl)cc1)N1CCN(C[C@@H]2CCCN(C3CC3)C2)CC1,0.8869115,train
Cc1ccc(NC(=O)N2CCN(C[C@@H]3CCCN(C4CC4)C3)CC2)cc1Cl,0.73161757,train
O=C(Nc1ccc(Cl)c(C(F)(F)F)c1)N1CCN(C[C@@H]2CCCN(C3CC3)C2)CC1,0.94303465,train
O=C(Nc1ccc(C(F)(F)F)c(Cl)c1)N1CCN(C[C@@H]2CCCN(C3CC3)C2)CC1,0.9387502,train
O=C(Nc1ccc(F)c(Cl)c1)N1CCN(C[C@@H]2CCCN(C3CC3)C2)CC1,0.7195632,train
CC(C)N1CCC[C@@H](CN2CCN(C(=O)Nc3ccc(Cl)c(Cl)c3)CC2)C1,0.6322944,train
O=C(Nc1ccc(Cl)c(Cl)c1)N1CCN(C[C@@H]2CCCN(C3CC3)C2)CC1,0.8156924,train
O=C(Nc1ccc(Cl)c(Cl)c1)N1CCN(C[C@@H]2CCCN(CCCc3ccccc3)C2)CC1,0.97473407,val
O=C(Nc1ccc(Cl)c(Cl)c1)N1CCN(C[C@@H]2CCCN(CC3CC3)C2)CC1,0.8907768,val
O=C(Nc1ccc(Cl)c(Cl)c1)N1CCN(C[C@@H]2CCCN(Cc3ccccc3)C2)CC1,0.9371079,val
CCN1CCC[C@@H](CN2CCN(C(=O)Nc3ccc(Cl)c(Cl)c3)CC2)C1,0.8445058,train
CCN1CCCC(CN2CCN(C(=O)Nc3ccc(Cl)c(Cl)c3)CC2)C1,0.8152275,train
O=C(Nc1ccc(Cl)c(Cl)c1)N1CCN(CC2CCCNC2)CC1,0.57969093,train
CN1CCCC(CN2CCN(C(=O)Nc3ccc(Cl)c(Cl)c3)CC2)C1,0.6645141,train
CN[C@H]1CC[C@@H](c2c[nH]c3ccc(N=C(N)c4cccs4)cc32)CC1,0.16265014,train
CCN[C@H]1CC[C@@H](c2c[nH]c3ccc(N=C(N)c4cccs4)cc32)CC1,0.32869512,train
CNC1CCCC(c2c[nH]c3ccc(N=C(N)c4cccs4)cc23)C1,0.44648004,train
CCN[C@H]1CCC[C@@H](c2c[nH]c3ccc(N=C(N)c4cccs4)cc23)C1,0.3448249,train
C1=C/COCc2cc(ccc2OCCN2CCCC2)Nc2nccc(n2)-c2ccnc(c2)OCC/1,0.8361181,val
C1=C/COCc2cc(ccc2OCCN2CCCC2)Nc2nccc(n2)-c2ccc(s2)COC/1,0.7115872,train
CN1C[C@@H]2CN(c3ccc(-c4ccc5[nH]ccc5c4)nc3)C[C@@H]21,0.96380067,train
O=C(O)c1cc(CN2CCN(c3ccc(Br)cc3)CC2)c2ccccn2c1=O,0.41472697,train
O=C(O)c1cc(CN2CCN(c3ccc(C(F)(F)F)cc3)CC2)c2ccccn2c1=O,0.2001273,train
COc1ccc(-c2cc(-c3ccc(S(C)(=O)=O)cc3)cnc2N)cn1,0.9166938,train
CS(=O)(=O)c1ccc(-c2cnc(N)c(-c3ccc(C(F)(F)F)nc3)c2)cc1,0.8605366,train
CC(C)(C)Oc1cccc2nc(N)nc(N)c12,0.2452841,train
Cc1cccnc1CN1CCC2(CC1)C(=O)N(c1ccc(-c3ccccc3)cc1)C(=O)N2c1cc(=O)[nH]cn1,0.90383255,train
COc1cc(N2C(=O)N(c3ccc(-c4ccc(C(=O)O)cc4)cc3)C(=O)C23CCN(Cc2ncccc2C)CC3)ncn1,0.3767973,train
COc1cc(N2C(=O)N(c3ccc(-c4cccc(C(=O)O)c4)cc3)C(=O)C23CCN(Cc2ncccc2C)CC3)ncn1,0.44817132,train
COc1cc(N2C(=O)N(c3ccc(-c4ccccc4C(=O)O)cc3)C(=O)C23CCN(Cc2ncccc2C)CC3)ncn1,0.37823498,train
COc1cc(N2C(=O)N(c3ccc(-c4ccc(C(=O)O)c(Cl)c4)cc3)C(=O)C23CCN(Cc2ncccc2C)CC3)ncn1,0.37249705,train
COc1cc(N2C(=O)N(c3ccc(-c4ccc(C(=O)O)cc4F)cc3)C(=O)C23CCN(Cc2ncccc2C)CC3)ncn1,0.334933,train
COc1cc(N2C(=O)N(c3ccc(-c4ccc(C(=O)O)cc4C)cc3)C(=O)C23CCN(Cc2ncccc2C)CC3)ncn1,0.35941857,train
COc1cc(N2C(=O)N(c3ccc(-c4ccc(C(=O)O)c(C)c4)cc3)C(=O)C23CCN(Cc2ncccc2C)CC3)ncn1,0.42815536,train
Cc1cccnc1CN1CCC2(CC1)C(=O)N(c1ccc(C3CCCCC3)cc1)C(=O)N2c1cc(=O)[nH]cn1,0.8685694,test
Cc1cccnc1CN1CCC2(CC1)C(=O)N(c1ccc(N3CCC3=O)cc1)C(=O)N2c1cc(=O)[nH]cn1,0.3597629,test
COCc1nc(-c2ccc(N3C(=O)N(c4cc(=O)[nH]cn4)C4(CCN(Cc5ncccc5C)CC4)C3=O)cc2)no1,0.22250426,test
Cc1cccnc1CN1CCC2(CC1)C(=O)N(c1ccc(-n3cccn3)cc1)C(=O)N2c1cc(=O)[nH]cn1,0.79569566,train
Cc1cccnc1CN1CCC2(CC1)C(=O)N(c1ccc(-c3ccno3)cc1)C(=O)N2c1cc(=O)[nH]cn1,0.8382841,test
Cc1nc(C)c(-c2ccc(N3C(=O)N(c4cc(=O)[nH]cn4)C4(CCN(Cc5ncccc5C)CC4)C3=O)cc2)s1,0.59937793,train
COc1cc(N2C(=O)N(c3ccc(-c4ccc(C(=O)O)s4)cc3)C(=O)C23CCN(Cc2ncccc2C)CC3)ncn1,0.3484745,train
COc1cc(N2C(=O)N(c3ccc(-c4csc(C(=O)O)c4)cc3)C(=O)C23CCN(Cc2ncccc2C)CC3)ncn1,0.30884042,val
COc1cc(N2C(=O)N(c3ccc(-c4ccc(-c5cc[nH]n5)cc4)cc3)C(=O)C23CCN(Cc2ncccc2C)CC3)ncn1,0.98564655,test
Cc1cccnc1CN1CCC2(CC1)C(=O)N(c1ccc(-c3ccc(-c4cc[nH]n4)cc3)cc1)C(=O)N2c1cc(=O)[nH]cn1,0.88793963,val
Cc1cccnc1CN1CCC2(CC1)C(=O)N(c1ccc(-c3ccc(N4CCOCC4)cc3)cc1)C(=O)N2c1cc(=O)[nH]cn1,0.44192722,train
COc1cc(N2C(=O)N(c3ccc(-c4ccc(-c5cc(=O)[nH][nH]5)cc4)cc3)C(=O)C23CCN(Cc2ncccc2C)CC3)ncn1,0.92073315,train
COc1cc(N2C(=O)N(c3ccc(-c4ccc5c[nH]nc5c4)cc3)C(=O)C23CCN(Cc2ncccc2C)CC3)ncn1,0.97765726,test
COc1cc(N2C(=O)N(c3ccc(-c4ccc5[nH]ncc5c4)cc3)C(=O)C23CCN(Cc2ncccc2C)CC3)ncn1,0.9733889,test
COc1cc(N2C(=O)N(c3ccc(-c4ccc5[nH]cnc5c4)cc3)C(=O)C23CCN(Cc2ncccc2C)CC3)ncn1,0.97518253,test
Cc1cccnc1CN1CCC2(CC1)C(=O)N(c1ccc(-c3ccc4scnc4c3)cc1)C(=O)N2c1cc(=O)[nH]cn1,0.9207368,test
COc1cc(N2C(=O)N(c3ccc(-c4ccc(C#N)cc4)cc3)C(=O)C23CCN(Cc2ncccc2C)CC3)ncn1,0.9972806,train
COc1cc(N2C(=O)N(c3ccc(-c4ccc(C(N)=O)cc4)cc3)C(=O)C23CCN(Cc2ncccc2C)CC3)ncn1,0.9500027,train
CNC(=O)c1ccc(-c2ccc(N3C(=O)N(c4cc(OC)ncn4)C4(CCN(Cc5ncccc5C)CC4)C3=O)cc2)cc1,0.90324277,train
COc1cc(N2C(=O)N(c3ccc(-c4ccc(C(=O)N(C)C)cc4)cc3)C(=O)C23CCN(Cc2ncccc2C)CC3)ncn1,0.9208388,train
COc1cc(N2C(=O)N(c3ccc(-c4ccc(C(=O)O)cc4)nc3)C(=O)C23CCN(Cc2ncccc2C)CC3)ncn1,0.24487779,train
COc1cc(N2C(=O)N(c3ccc(-c4ccc(C(=O)O)cc4C)nc3)C(=O)C23CCN(Cc2ncccc2C)CC3)ncn1,0.24062496,train
Cc1cc(C(=O)O)ccc1-c1ccc(N2C(=O)N(c3cc(=O)[nH]cn3)C3(CCN(Cc4ncccc4C)CC3)C2=O)cn1,0.25721774,val
Cc1cc(N2C(=O)N(c3ccc(-c4ccc(C(=O)O)cc4C)cc3)C(=O)C23CCN(Cc2ncccc2C)CC3)ncn1,0.20634803,train
Cc1cc(C(=O)O)ccc1-c1ccc(N2C(=O)N(c3cc(C(F)(F)F)ncn3)C3(CCN(Cc4ncccc4C)CC3)C2=O)cc1,0.10505301,train
Cc1nccc(N2C(=O)N(c3ccc(-c4ccc(C(=O)O)cc4C)cc3)C(=O)C23CCN(Cc2ncccc2C)CC3)n1,0.16228415,train
COc1nccnc1N1C(=O)N(c2ccc(-c3ccc(C(=O)O)cc3C)cc2)C(=O)C12CCN(Cc1ncccc1C)CC2,0.29757518,train
Cc1cc(C(=O)O)ccc1-c1ccc(N2C(=O)N(c3nccnc3C)C3(CCN(Cc4ncccc4C)CC3)C2=O)cc1,0.23015383,train
Cc1cccnc1CN1CCC2(CC1)C(=O)N(c1ccc(-c3ccc(C(=O)O)cc3)cc1)C(=O)N2c1ncccn1,0.29681173,train
Cc1cc(C(=O)O)ccc1-c1ccc(N2C(=O)N(c3ncccn3)C3(CCN(Cc4ncccc4C)CC3)C2=O)cc1,0.2829484,train
Cc1cccnc1CN1CCC2(CC1)C(=O)N(c1ccc(-c3ccc(C(=O)O)cc3)cc1)C(=O)N2c1cnccn1,0.27572536,train
Cc1cc(C(=O)O)ccc1-c1ccc(N2C(=O)N(c3cnccn3)C3(CCN(Cc4ncccc4C)CC3)C2=O)cc1,0.2625998,train
Cc1cc(C(=O)O)ccc1-c1ccc(N2C(=O)N(c3cnccn3)C3(CCN(Cc4ncccc4C)CC3)C2=O)cn1,0.17388502,val
Cc1cccnc1CN1CCC2(CC1)C(=O)N(c1ccc(-c3ccc(C(=O)O)cc3)cc1)C(=O)N2c1ccncn1,0.19641615,train
Cc1cc(C(=O)O)ccc1-c1ccc(N2C(=O)N(c3ccncn3)C3(CCN(Cc4ncccc4C)CC3)C2=O)cc1,0.18631135,train
CC(C)COc1cccc(/C=C2\SC(=O)NC2=O)c1N1CCC[C@@H](N)C1,0.13784716,val
c1ccc(CCNCCC(c2ccccc2)c2ccccc2)cc1,0.9972556,train
c1ccc(CCCNCCC(c2ccccc2)c2ccccc2)cc1,0.9945655,val
c1ccc(CCNCCN(c2ccccc2)c2ccccc2)cc1,0.9944372,train
c1ccc(CCCNCCN(c2ccccc2)c2ccccc2)cc1,0.9925309,train
Fc1ccc(N(CCNCCc2ccccc2)c2ccc(F)cc2)cc1,0.9990262,train
Fc1ccc(N(CCNCCCc2ccccc2)c2ccc(F)cc2)cc1,0.998711,train
O=C(Cc1ccccc1)NCCN(c1ccccc1)c1ccccc1,0.804435,test
O=C(CCc1ccccc1)NCCN(c1ccc(F)cc1)c1ccc(F)cc1,0.98965037,train
O=C1COc2ccccc2N1CCCN1CCC(n2c(=O)[nH]c3cc(F)ccc32)CC1,0.89797205,train
O=c1[nH]c2ccccc2n1C1CCN(CCOc2ccccc2)CC1,0.94855523,train
O=C1CCc2cc(F)ccc2N1CCCN1CCC(n2c(=O)[nH]c3ccccc32)CC1,0.9764024,train
O=C1COc2ccccc2N1CCCN1CCC(n2c(=O)[nH]c3c(F)cccc32)CC1,0.8691653,train
O=C1CCc2ccccc2N1CCCN1CCC(c2ccc3[nH]ccc3c2)CC1,0.9725055,train
O=C1COc2ccccc2N1CCCN1CCC(n2c(=O)[nH]c3ccc(F)cc32)CC1,0.906955,train
O=C1CCc2c(F)cccc2N1CCCN1CCC(n2c(=O)[nH]c3ccccc32)CC1,0.96617234,train
O=C1CCc2ccc(F)cc2N1CCCN1CCC(n2c(=O)[nH]c3ccccc32)CC1,0.9793076,train
O=C1CCc2cccnc2N1CCCN1CCC(n2c(=O)[nH]c3ccccc32)CC1,0.9354827,train
O=C1COc2ccccc2N1CCCN1CCC(n2c(=O)[nH]c3cccc(F)c32)CC1,0.8632894,train
O=C1COc2ccccc2N1CCCN1CCC(n2c(=O)[nH]c3ccccc32)CC1,0.8115284,train
O=C1CCc2ccccc2N1CCCN1CCC(n2c(=O)[nH]c3ccccc32)CC1,0.9396853,train
O=C1CCc2cccc(F)c2N1CCCN1CCC(n2c(=O)[nH]c3ccccc32)CC1,0.9420271,train
O=C1CCc2ccccc2N1OCCN1CCC(n2c(=O)[nH]c3ccccc32)CC1,0.93157643,train
O=C1COc2ccccc2N1CCCN1CCC(n2c(=O)[nH]c3cccnc32)CC1,0.5459661,train
O=C(Cc1ccccc1)NC1CCN(CCCN2C(=O)COc3ccccc32)CC1,0.3607424,train
O=C1COc2ccccc2N1CCCN1CCC(n2c(=O)[nH]c3ncccc32)CC1,0.570645,val
O=C1COc2ccccc2N1CCCN1CCC(n2c(=O)[nH]c3cnccc32)CC1,0.53845036,val
CC(C)(N)C(=O)N1CCn2c(nc(-c3ccc(F)cc3)c2Nc2ccc(F)cc2)C1(C)C,0.2686751,train
CC1(C)c2nc(-c3ccc(F)cc3)c(Nc3ccc(F)cc3)n2CCN1C(=O)CN,0.055456962,train
CC(C)[C@@H]1c2nc(-c3ccc(F)cc3)c(Nc3ccc(F)c(Cl)c3)n2CCN1C(=O)CN,0.19676846,train
CC(=O)Nc1ccc2ccn(-c3cc(NC4CC4)n4ncc(C#N)c4n3)c2c1,0.73446894,val
O=C1CC(c2nc(-c3cccc(Cl)c3)no2)CN1c1ccc(F)cc1,0.86712223,train
Cc1cccc(-c2noc(C3CC(=O)N(c4ccc(F)cc4)C3)n2)c1,0.6943502,train
CCCCOc1ccc(C(=O)N[C@@H]2COc3cccc(N4CCN(C)CC4)c3C2)cc1,0.822064,train
CN1CCN(c2cccc3c2C[C@H](NC(=O)c2ccc(OC(F)(F)F)cc2)CO3)CC1,0.89724267,train
CN1CCN(c2cccc3c2C[C@H](NC(=O)c2ccc(OCC(F)(F)F)nc2)CO3)CC1,0.79506844,train
CN1CCN(c2cccc3c2C[C@H](NC(=O)c2ccc(OCCC(F)(F)F)nc2)CO3)CC1,0.17466734,train
Cc1nn(-c2ccccc2)nc1C(=O)N[C@@H]1COc2cccc(N3CCN(C)CC3)c2C1,0.7838521,train
Cc1ccc(-n2nc(C)c(C(=O)N[C@@H]3COc4cccc(N5CCN(C)CC5)c4C3)n2)c(C)c1,0.854135,train
O=C(N[C@@H]1COc2cccc(-c3ccncc3)c2C1)c1ccc(OC(F)(F)F)cc1,0.9502169,val
O=C(N[C@@H]1COc2cccc(-c3cccnc3)c2C1)c1ccc(OCC(F)(F)F)nc1,0.8516488,train
O=C(N[C@@H]1COc2cccc(-c3ccncc3)c2C1)c1ccc(OCC(F)(F)F)nc1,0.8944378,train
COc1ncc(-c2cccc3c2C[C@H](NC(=O)c2ccc(OCC(F)(F)F)nc2)CO3)cc1F,0.8861633,train
O=C(N[C@@H]1COc2cccc(-c3ccc(CO)nc3)c2C1)c1ccc(OCC(F)(F)F)nc1,0.40590823,train
O=C(N[C@@H]1COc2cccc(-c3ccnc(CO)c3)c2C1)c1ccc(OCC(F)(F)F)nc1,0.43443742,train
O=C(N[C@@H]1COc2cccc(-c3ccc(CO)nc3)c2C1)c1ccc(OCCOCC(F)(F)F)nc1,0.092588976,train
Cc1nn(-c2ccccc2)nc1C(=O)N[C@@H]1COc2cccc(-c3ccncc3)c2C1,0.88780606,test
O=C(N[C@@H]1COc2cccc(-c3cncnc3)c2C1)c1ccc(OCCC(F)(F)F)nc1,0.07002427,train
COc1ncc(-c2cccc3c2C[C@H](NC(=O)c2ccc(OCC(F)(F)F)nc2)CO3)cn1,0.96017927,train
COc1ncc(-c2cccc3c2C[C@H](NC(=O)c2ccc(OCCC(F)(F)F)nc2)CO3)cn1,0.5664633,train
COc1ncc(-c2cccc3c2C[C@H](NC(=O)c2ccc(COCC(F)(F)F)nc2)CO3)cn1,0.18149833,train
Cc1ncc(-c2cccc3c2C[C@H](NC(=O)c2ccc(OCC(F)(F)F)nc2)CO3)cn1,0.46824273,train
COc1cnc(-c2cccc3c2C[C@H](NC(=O)c2ccc(COCC(F)(F)F)nc2)CO3)cn1,0.03678433,val
CCCCC1(CCCC)N[C@@H](c2nc(-c3ccccc3)c[nH]2)Cc2c1[nH]c1ccccc21,0.99933916,train
c1ccc(-c2c[nH]c([C@H]3Cc4c([nH]c5ccccc45)C(C4CCCCC4)N3)n2)cc1,0.9990502,train
CCOCC1(COCC)N[C@@H](c2nc(-c3ccccc3)c[nH]2)Cc2c1[nH]c1ccccc21,0.9560625,train
c1ccc(-c2c[nH]c([C@H]3Cc4c([nH]c5ccccc45)[C@@H](C4CCOCC4)N3)n2)cc1,0.9956321,train
c1ccc(-c2c[nH]c([C@H]3Cc4c([nH]c5ccccc45)[C@H](C4CCOCC4)N3)n2)cc1,0.9947567,train
c1ccc(-c2c[nH]c([C@H]3Cc4c([nH]c5ccccc45)C(C4CCOC4)N3)n2)cc1,0.98917484,train
c1ccc(-c2c[nH]c([C@H]3Cc4c([nH]c5ccccc45)C(C4CCSCC4)N3)n2)cc1,0.99943095,train
[O-][S+]1CCC(C2N[C@@H](c3nc(-c4ccccc4)c[nH]3)Cc3c2[nH]c2ccccc32)CC1,0.97886205,val
O=S1(=O)CCC(C2N[C@@H](c3nc(-c4ccccc4)c[nH]3)Cc3c2[nH]c2ccccc32)CC1,0.9748413,train
c1ccc(-c2c[nH]c([C@H]3Cc4c([nH]c5ccccc45)C(C4CCNCC4)N3)n2)cc1,0.992128,train
CC(=O)N1CCC(C2N[C@@H](c3nc(-c4ccccc4)c[nH]3)Cc3c2[nH]c2ccccc32)CC1,0.9772183,train
CS(=O)(=O)N1CCC(C2N[C@@H](c3nc(-c4ccccc4)c[nH]3)Cc3c2[nH]c2ccccc32)CC1,0.97105825,train
COC(=O)N1CCC(C2N[C@@H](c3nc(-c4ccccc4)c[nH]3)Cc3c2[nH]c2ccccc32)CC1,0.99361455,train
CNC(=O)N1CCC(C2N[C@@H](c3nc(-c4ccccc4)c[nH]3)Cc3c2[nH]c2ccccc32)CC1,0.98930573,train
c1ccc(CN2CCN(Cc3nc(-c4ccccc4)no3)CC2)cc1,0.92433286,test
c1ccc(CN2CCN(Cc3nnc(-c4ccccc4)o3)CC2)cc1,0.6231483,val
CN(Cc1nc(=O)c2ccccc2[nH]1)Cc1nc(-c2ccccc2)no1,0.84887904,test
c1ccc(-c2noc(CN3CCN(Cc4nc5ccccc5s4)CC3)n2)cc1,0.6737432,train
c1ccc(-c2nnc(CN3CCN(Cc4nc5ccccc5s4)CC3)o2)cc1,0.21920979,val
C[C@@H](Oc1nnc(-c2ccncc2)n1C)c1noc(-c2cccc(Cl)c2)n1,0.115520716,train
C[C@@H](Oc1nnc(-c2ccncc2)n1C)c1nnc(-c2cccc(Cl)c2)o1,0.018516807,val
c1cncc(-c2ccc(-c3noc(C4CN5CCC4CC5)n3)o2)c1,0.9424658,val
c1cncc(-c2ccc(-c3nnc(C4CN5CCC4CC5)o3)o2)c1,0.42508218,train
CCOC(=O)N1CCN(Cc2noc(-c3cc(Cl)ccc3F)n2)CC1,0.6684203,train
CCOC(=O)N1CCN(Cc2nc(-c3cccc(Cl)c3)no2)CC1,0.9015995,test
N#CC1(NC(=O)C2CCCCC2C(=O)N2CCN(c3ccc(F)cc3)CC2)CC1,0.23389573,train
N#CC1(NC(=O)C2CCCCC2C(=O)N2CCN(c3nc4ccccc4s3)CC2)CC1,0.105389774,val
CC(C)(C)c1csc(N2CCN(C(=O)C3CCCCC3C(=O)NC3(C#N)CC3)CC2)n1,0.42558715,train
N#CC1(NC(=O)C2CCCCC2C(=O)N2CCN(c3nc(C(F)(F)F)cs3)CC2)CC1,0.09435429,train
Cc1sc(N2CCN(C(=O)C3CCCCC3C(=O)NC3(C#N)CC3)CC2)nc1C(F)(F)F,0.120097,train
N#CC1(NC(=O)C2CCCCC2C(=O)N2CCN(c3nc(C(F)(F)F)c(Cl)s3)CC2)CC1,0.087113656,train
N#CC1(NC(=O)C2CCCCC2C(=O)N2CCN(c3nc(-c4ccccc4)cs3)CC2)CC1,0.22655876,test
NC(=O)Nc1cc(-c2cccc(F)c2)sc1C(=O)N[C@H]1CCCNC1,0.34103397,train
C=CCc1ccccc1OC(C)C1=NCCN1,0.49625,train
CC(Oc1ccccc1CC1CC1)C1=NCCN1,0.54923,train
COc1ccc(-c2cc(NC(=O)CCCCN3CCCN(C(C)=O)CC3)[nH]n2)cc1,0.414573,train
CC(C)c1nc(N2CCN(c3ncc(OCc4ccncc4C#N)cn3)[C@H](C)C2)no1,0.9253093,train
CCN1CCC(Nc2ccc3c(c2)=C(C(c2ccc(Cl)cc2)c2ncc[nH]2)C(=O)N=3)CC1,0.9988231,val
O=S(=O)(c1cccc(F)c1)C1(F)CCN(CCc2ccc(F)cc2F)CC1,0.9981865,train
CCCCN1CCC[C@@H]1Cn1nc(Cc2ccc(Cl)cc2)c2cnccc2c1=O,0.99101675,train
COCCN1CCC[C@@H]1Cn1nc(Cc2ccc(Cl)cc2)c2cnccc2c1=O,0.96533096,train
CN1CCC[C@@H]1Cn1nc(Cc2ccc(Cl)cc2)c2cccnc2c1=O,0.92911935,train
CCCCN1CCC[C@@H]1Cn1nc(Cc2ccc(Cl)cc2)c2cccnc2c1=O,0.99221706,train
COCCN1CCC[C@@H]1Cn1nc(Cc2ccc(Cl)cc2)c2cccnc2c1=O,0.97115517,train
CN1CCC[C@@H]1Cn1nc(Cc2ccc(Cl)cc2)c2ncccc2c1=O,0.90708417,train
CCCCN1CCC[C@@H]1Cn1nc(Cc2ccc(Cl)cc2)c2ncccc2c1=O,0.99011874,train
COCCN1CCC[C@@H]1Cn1nc(Cc2ccc(Cl)cc2)c2ncccc2c1=O,0.9616485,train
CN1CCC[C@@H]1Cn1nc(Cc2ccc(Cl)cc2)c2nccnc2c1=O,0.87505484,test
O=c1c2ccncc2c(Cc2ccc(Cl)cc2)nn1C[C@H]1CCCN1CCCCc1ccc(OCCCN2CCCCCC2)cc1,0.99973494,val
CN1CCC[C@@H]1Cn1nc(Cc2ccc(Cl)cc2)c2ccccc2c1=O,0.9510929,train
CCCCN1CCC[C@@H]1Cn1nc(Cc2ccc(Cl)cc2)c2ccccc2c1=O,0.99428034,train
COCCN1CCC[C@@H]1Cn1nc(Cc2ccc(Cl)cc2)c2ccccc2c1=O,0.98023075,train
CN1CCC[C@@H]1Cn1nc(Cc2ccc(Cl)cc2)c2ccncc2c1=O,0.89855295,test
CN1CCC[C@@H]1Cn1nc(Cc2ccc(Cl)cc2)c2cnccc2c1=O,0.9155455,train
Cc1cc2c(cc1F)[nH]c(=O)n2C1CCN(C2CCOCC2)CC1,0.66342205,train
Cc1ccc2[nH]c(=O)n(C3CCN(C4CCOCC4)CC3)c2c1,0.6964459,train
O=c1[nH]c2ccccc2n1C1CCN(CCCOc2ccc(F)cc2)CC1,0.9838743,train
O=[N+]([O-])c1ccc(CCN2CCNCC2)cc1,0.87229455,train
O=[N+]([O-])c1ccc(CCN2CCN(CCc3ccc([N+](=O)[O-])cc3)CC2)cc1,0.9968669,train
N#Cc1ccc(CCN2CCN(CCc3ccc([N+](=O)[O-])cc3)CC2)cc1,0.99862206,train
N#Cc1cccc(CCN2CCN(CCc3ccc([N+](=O)[O-])cc3)CC2)c1,0.99561995,train
O=[N+]([O-])c1ccc(CCN2CCN(CCc3ccc4nonc4c3)CC2)cc1,0.99827707,train
O=[N+]([O-])c1ccc(CCN2CCN(CCc3ccc(-c4ncco4)cc3)CC2)cc1,0.99147403,val
O=C1OCc2c1cccc2-c1ccc(CCN2CCN(CCc3ccc([N+](=O)[O-])cc3)CC2)cc1,0.99769294,test
CCOC(=O)c1ccc(CCN2CCN(CCc3ccc([N+](=O)[O-])cc3)CC2)cc1,0.99711347,train
O=[N+]([O-])c1ccc(CCN2CCN(CCc3ccc(F)cc3)CC2)cc1,0.9977215,train
COc1ccc(CCN2CCN(CCc3ccc([N+](=O)[O-])cc3)CC2)cc1,0.9962022,train
CS(=O)(=O)c1ccc(CCN2CCN(CCc3ccc([N+](=O)[O-])cc3)CC2)cc1,0.9956831,train
CC(CN1CCN(CCc2ccc([N+](=O)[O-])cc2)CC1)c1ccc([N+](=O)[O-])cc1,0.99124885,train
CC(Cc1ccc([N+](=O)[O-])cc1)N1CCN(CCc2ccc([N+](=O)[O-])cc2)CC1,0.977738,train
CC1CN(CCc2ccc([N+](=O)[O-])cc2)CCN1CCc1ccc([N+](=O)[O-])cc1,0.996518,train
N#Cc1ccc(CCN2CCN(CCc3ccc(C#N)cc3)CC2)cc1,0.99933475,train
c1cc2nonc2cc1CCN1CCN(CCc2ccc3nonc3c2)CC1,0.99904686,train
O=C1OCc2cc(CCN3CCN(CCc4ccc5c(c4)COC5=O)CC3)ccc21,0.98545027,train
N#Cc1ccc(CCN2CCN(CCc3ccc4c(c3)COC4=O)CC2)cc1,0.9968733,train
O=C1OCc2cc(CCN3CCN(CCc4ccc5nonc5c4)CC3)ccc21,0.99634415,test
N#Cc1ccc(CCN2CCN(CCc3ccc4nonc4c3)CC2)cc1,0.9992385,train
N#Cc1ccc(CCN2CCN(CCc3ccc4c(c3)COC4=O)CC2)cc1F,0.99773216,train
N#Cc1ccc(CCN2CCN(CCc3ccc4c(c3)COC4=O)CC2)cc1Cl,0.9989864,train
N#Cc1ccc(CCN2CCN(CCc3ccc4c(c3)COC4=O)CC2)cc1Br,0.99850804,train
COc1cc(CCN2CCN(CCc3ccc4c(c3)COC4=O)CC2)ccc1C#N,0.9962883,train
CCOc1cc(CCN2CCN(CCc3ccc4c(c3)COC4=O)CC2)ccc1C#N,0.99598616,train
N#Cc1ccc(CCN2CCN(CCc3ccc4c(c3)COC4=O)CC2)cc1OC(F)(F)F,0.99928194,train
N#Cc1ccc(CCN2CCN(CCc3ccc4c(c3)COC4=O)CC2)cc1OC1CC1,0.9987085,test
CSc1cc(CCN2CCN(CCc3ccc4c(c3)COC4=O)CC2)ccc1C#N,0.99966776,train
CNc1cc(CCN2CCN(CCc3ccc4c(c3)COC4=O)CC2)ccc1C#N,0.99216264,train
CS(=O)(=O)c1cc(CCN2CCN(CCc3ccc4c(c3)COC4=O)CC2)ccc1C#N,0.9832487,train
Cc1cc(C#N)ccc1-c1ccnc(NCc2[nH]nc3ncccc23)c1,0.7315339,train
Cc1cc(C#N)ccc1-c1ccnc(NCc2[nH]nc3nc(F)ccc23)c1,0.8675886,train
Cc1cc(C#N)ccc1-c1ccnc(NCc2[nH]nc3nc(N)ccc23)c1,0.8304233,train
Cc1cc(C#N)ccc1-c1ccnc(NCc2[nH]nc(-c3ccccc3)c2Cl)c1,0.9442624,val
Cc1cc(C#N)ccc1-c1ccnc(NCc2cc(-c3ccccn3)[nH]n2)c1,0.9120616,train
COCc1ccc2c3nc(N4CCC[C@@H](N)C4)n(Cc4ccccc4Cl)c3c(=O)n(C)c2c1,0.8175722,train
Cn1c(=O)c2c(nc(N3CCC[C@@H](N)C3)n2Cc2ccccc2Cl)c2ccc(C#N)cc21,0.9845894,train
COc1ncc(-c2ccccc2CCNC(=O)c2ccc(OCCC(F)(F)F)nc2)cn1,0.5929637,train
COc1cnc(-c2ccccc2CCNC(=O)c2ccc(OCCC(F)(F)F)nc2)cn1,0.22281863,train
O=C(NCCc1ccccc1-c1cnc(OC(F)F)cn1)c1ccc(OCCC(F)(F)F)nc1,0.63259774,train
O=C(NCCc1ccccc1-c1cccnc1)c1ccc(OCCC(F)(F)F)nc1,0.30212104,train
Cc1ncc(-c2ccccc2CCNC(=O)c2ccc(OCCC(F)(F)F)nc2)cn1,0.05023288,train
Cc1ncc(-c2ccccc2CCNC(=O)c2ccc(OCCOCC(F)(F)F)nc2)cn1,0.120949775,train
Cc1ncc(-c2ccccc2CCNC(=O)c2ccc(C(=O)NCCCC(F)(F)F)nc2)cn1,0.041753687,train
COc1ncc(-c2cccc(C)c2CCNC(=O)c2ccc(OCCC(F)(F)F)nc2)cn1,0.6477423,train
COc1ncc(-c2cccc(F)c2CCNC(=O)c2ccc(OCCC(F)(F)F)nc2)cn1,0.6230901,train
COc1ncc(-c2cccc(Cl)c2CCNC(=O)c2ccc(OCCC(F)(F)F)nc2)cn1,0.6612383,train
COc1ccc(CCNC(=O)c2ccc(OCCC(F)(F)F)nc2)c(-c2cnc(OC)nc2)c1,0.6279143,train
COc1ncc(-c2cccc(OC(F)F)c2CCNC(=O)c2ccc(OCCC(F)(F)F)nc2)cn1,0.89650047,train
COc1ncc(-c2c(C)ccc(F)c2CCNC(=O)c2ccc(OCC(F)(F)F)nc2)cn1,0.9437753,train
COc1cnc(-c2c(C)ccc(F)c2CCNC(=O)c2ccc(COCC(F)(F)F)nc2)cn1,0.03656205,train
COc1cnc(-c2c(F)ccc(F)c2CCNC(=O)c2ccc(COCC(F)(F)F)nc2)cn1,0.06967402,train
COc1ncc(-c2ccccc2C(F)(F)CNC(=O)c2ccc(COCC(F)(F)F)nc2)cn1,0.14283584,train
COc1cnc(-c2ccccc2C(F)(F)CNC(=O)c2ccc(COCC(F)(F)F)nc2)cn1,0.02555891,train
COc1cnc(-c2cccc(F)c2C(F)(F)CNC(=O)c2ccc(COCC(F)(F)F)nc2)cn1,0.09009687,train
CC(C)Oc1cc(Nc2nc(N[C@@H](C)c3ccc(F)cn3)ncc2Cl)[nH]n1,0.7429832,train
CC(C)Oc1cc(-n2cnc3ccc(N[C@@H](CO)c4ccc(F)cn4)nc32)[nH]n1,0.48282114,test
CCOc1cc(Nc2nc3c(cc2F)ncn3[C@@H](CO)c2ccc(F)cn2)[nH]n1,0.028773608,test
c1cc(-c2cnc3c(c2)C[C@@]2(CN4CCC2CC4)O3)co1,0.7546925,train
c1ccc([C@@H]([C@H](c2ccccc2)N2CCCCC2)N2CCCCC2)cc1,0.036703084,train
c1ccc([C@H]([C@@H](c2ccccc2)N2CCCCC2)N2CCCCC2)cc1,0.036703084,train
c1ccc([C@@H]([C@H](c2ccccc2)N2CCCC2)N2CCCC2)cc1,0.024939777,train
c1ccc([C@H]([C@@H](c2ccccc2)N2CCCC2)N2CCCC2)cc1,0.024939785,train
CNC(=O)c1nc(-c2ccc(Cl)c(S(=O)(=O)Nc3cccc(F)c3F)c2)cnc1N,0.39833173,val
COc1ccc2nccc([C@@H](O)CC[C@@H]3CCN(CCSc4cccs4)CC3C(=O)O)c2c1,0.2771331,train
N#Cc1c[nH]c(C(=O)Nc2ccc(C3CCN(Cc4ccccn4)CC3)cc2C2=CCCCC2)n1,0.9515693,val
CCN(CC)CCOc1cc(-c2nc(SCC(=O)NC)nc3[nH]cc(C#N)c23)c(Cl)cc1Cl,0.90934753,train
CCN(CC)CCSc1nc(-c2cc(OC)c(C#N)cc2Cl)c2c(C#N)c[nH]c2n1,0.99841154,train
CCN(CC)CCSc1nc(-c2cc(OC)c(Cl)cc2Cl)c2c(C#N)c[nH]c2n1,0.9960347,train
CCN(CC)CCOc1cc(-c2nc(SC)nc3[nH]cc(C#N)c23)c(Cl)cc1Cl,0.9991186,train
CSc1nc(-c2cc(OCCN3CCCC3)c(Cl)cc2Cl)c2c(C#N)c[nH]c2n1,0.9991272,val
Cc1cc(Cl)ccc1OC1CCN(CC2CCN([C@@](C)(Cc3ccc(F)cc3)C(=O)O)CC2)CC1,0.46234632,train
Cc1c(OC2CCN(CC3CCN(C(Cc4ccc(F)cc4)C(=O)O)CC3)CC2)ccc(C#N)c1Cl,0.71126133,train
O=C(O)C(Cc1cccc(C(F)(F)F)c1)N1CCC(CN2CCC(Oc3ccc(Cl)c(Cl)c3)CC2)CC1,0.8331615,train
COc1ccc(CC(C(=O)O)N2CCC(CN3CCC(Oc4ccc(Cl)c(Cl)c4)CC3)CC2)cc1,0.47630525,train
COc1ccccc1CC(C(=O)O)N1CCC(CN2CCC(Oc3ccc(Cl)c(Cl)c3)CC2)CC1,0.51633394,train
Cc1ccc(CC(C(=O)O)N2CCC(CN3CCC(Oc4ccc(Cl)c(Cl)c4)CC3)CC2)cc1,0.50410765,train
Cc1cccc(CC(C(=O)O)N2CCC(CN3CCC(Oc4ccc(Cl)c(Cl)c4)CC3)CC2)c1,0.49650073,train
N#Cc1ccc(CC(C(=O)O)N2CCC(CN3CCC(Oc4ccc(Cl)c(Cl)c4)CC3)CC2)cc1,0.740448,train
N#Cc1cccc(CC(C(=O)O)N2CCC(CN3CCC(Oc4ccc(Cl)c(Cl)c4)CC3)CC2)c1,0.4170177,train
N#Cc1ccccc1CC(C(=O)O)N1CCC(CN2CCC(Oc3ccc(Cl)c(Cl)c3)CC2)CC1,0.2651491,train
O=C(O)C(Cc1ccc(Cl)cc1)N1CCC(CN2CCC(Oc3ccc(Cl)c(Cl)c3)CC2)CC1,0.8083611,train
O=C(O)C(Cc1ccccc1)N1CCC(CN2CCC(Oc3ccc(Cl)c(Cl)c3)CC2)CC1,0.3955117,train
O=C(O)c1cccnc1N1CCC(CN2CCC(Oc3ccc(Cl)c(Cl)c3)CC2)CC1,0.5017698,test
O=C(O)c1ccc(CN2CCC(CN3CCC(Oc4ccc(Cl)c(Cl)c4)CC3)CC2)cc1,0.40147483,train
O=C(O)c1cccc(CN2CCC(CN3CCC(Oc4ccc(Cl)c(Cl)c4)CC3)CC2)c1,0.3763998,train
O=C(O)c1ccccc1CN1CCC(CN2CCC(Oc3ccc(Cl)c(Cl)c3)CC2)CC1,0.4085587,train
O=C(O)COc1ccc(N2CCC(CN3CCC(Oc4ccc(Cl)c(Cl)c4)CC3)CC2)cc1,0.5204606,train
O=C(O)COc1cccc(N2CCC(CN3CCC(Oc4ccc(Cl)c(Cl)c4)CC3)CC2)c1,0.6098262,train
O=C(O)COc1ccccc1N1CCC(CN2CCC(Oc3ccc(Cl)c(Cl)c3)CC2)CC1,0.36570957,train
O=C(O)Cc1ccc(N2CCC(CN3CCC(Oc4ccc(Cl)c(Cl)c4)CC3)CC2)cc1,0.35691977,train
O=C(O)Cc1cccc(N2CCC(CN3CCC(Oc4ccc(Cl)c(Cl)c4)CC3)CC2)c1,0.3778374,train
O=C(O)Cc1ccccc1N1CCC(CN2CCC(Oc3ccc(Cl)c(Cl)c3)CC2)CC1,0.3826674,train
O=C(O)c1ccc(N2CCC(CN3CCC(Oc4ccc(Cl)c(Cl)c4)CC3)CC2)cc1,0.31708482,train
O=C(O)c1cccc(N2CCC(CN3CCC(Oc4ccc(Cl)c(Cl)c4)CC3)CC2)c1,0.38788474,train
O=C(O)c1ccccc1N1CCC(CN2CCC(Oc3ccc(Cl)c(Cl)c3)CC2)CC1,0.40955433,train
O=C(O)C(c1ccccc1)N1CCC(CN2CCC(Oc3ccc(Cl)c(Cl)c3)CC2)CC1,0.18056628,train
O=C(O)C(c1ccccc1)N1CCCC(CN2CCC(Oc3ccc(Cl)c(Cl)c3)CC2)C1,0.3013581,test
Cc1ccc(S(=O)(=O)NC(=O)N2CCC(N3CCC(Oc4ccc(Cl)c(Cl)c4)CC3)CC2)cc1,0.24800083,train
O=C(O)C(c1ccccc1)N1CCC(N2CCC(Oc3ccc(Cl)c(Cl)c3)CC2)CC1,0.22531591,train
COc1ccc2cc(-c3cc(-c4cc(Cl)ccc4Cl)nn3[C@@H](C)c3ccc(C(=O)NCCC(=O)O)cc3)ccc2c1,0.8821209,train
O=C(NCc1cccc(OC(F)(F)F)c1)c1c2ccccc2c(O)n1CCc1ncc(F)cn1,0.18847501,train
O=C(NCc1ccc(OC(F)(F)F)cc1)c1c2cccc(F)c2c(O)n1CCc1ccccn1,0.93423843,train
COc1cccc2c(O)n(CCc3ccccn3)c(C(=O)NCc3ccc(OC(F)(F)F)cc3)c12,0.82092637,train
Cc1cccc2c(O)n(CCc3ccccn3)c(C(=O)NCc3ccc(OC(F)(F)F)cc3)c12,0.83844596,train
O=C(NCc1ccc(OC(F)(F)F)cc1)c1c2c(F)cccc2c(O)n1CCc1ccccn1,0.88806283,train
CC1(C(=O)NCc2ccc(OC(F)(F)F)cc2)c2ccccc2C(=O)N1CCc1ccccn1,0.1265421,test
O=C(NCc1ccc(OC(F)(F)F)cc1)c1c2ccccc2c(O)n1CCc1ncc(F)cn1,0.48881578,train
O=C(NCc1ccc(OC(F)(F)F)cc1)c1c2ccccc2c(O)n1CCc1cnccn1,0.48302576,val
O=C(NCc1ccc(OC(F)(F)F)cc1)c1c2ccccc2c(O)n1CCc1ncccn1,0.33995685,train
O=C(NCc1ccc(OC(F)(F)F)cc1)c1c2ccccc2c(O)n1CC(F)(F)c1ccccn1,0.44838026,train
CC(C)(Cc1ccccn1)n1c(O)c2ccccc2c1C(=O)NCc1ccc(OC(F)(F)F)cc1,0.95127434,train
CC(Cc1ccccn1)n1c(O)c2ccccc2c1C(=O)NCc1ccc(OC(F)(F)F)cc1,0.8514633,train
O=C(NCc1ccc(OC(F)(F)F)cc1)c1c2ccccc2c(O)n1Cc1ccc(C(F)(F)F)cn1,0.7192873,train
O=C(NCc1ccc(OC(F)(F)F)cc1)c1c2ccccc2c(O)n1CCOc1ccccn1,0.6944738,train
Cc1cccc(CCn2c(O)c3ccccc3c2C(=O)NCc2ccc(OC(F)(F)F)cc2)n1,0.8105929,train
O=C(NCc1ccc(OC(F)(F)F)cc1)c1c2ccccc2c(O)n1CCc1ccc(F)cn1,0.8238052,train
O=C(NCc1ccc(OC(F)(F)F)cc1)c1c2ccccc2c(O)n1CCc1ccncc1,0.76307154,val
O=C(NCc1ccc(OC(F)(F)F)cc1)c1c2ccccc2c(O)n1CCc1cccnc1,0.43384203,train
N#CCCn1c(O)c2ccccc2c1C(=O)NCc1ccc(OC(F)(F)F)cc1,0.276375,train
CC(CC#N)n1c(O)c2ccccc2c1C(=O)NCc1ccc(OC(F)(F)F)cc1,0.218188,train
O=C(NCc1ccc(OC(F)(F)F)cc1)c1c2ccccc2c(O)n1C1CC(F)(F)C1,0.7381266,test
CC(C)(C)OC(=O)N1CC(n2c(O)c3ccccc3c2C(=O)NCc2ccc(OC(F)(F)F)cc2)C1,0.12573007,val
CC(C)(C)OC(=O)N1CCC(n2c(O)c3ccccc3c2C(=O)NCc2ccc(OC(F)(F)F)cc2)CC1,0.19056995,train
O=C(NCc1ccc(OC(F)(F)F)cc1)c1c2ccccc2c(O)n1C1CCC(F)(F)CC1,0.29975006,train
O=C(NCc1ccc(OC(F)(F)F)cc1)c1c2ccccc2c(O)n1C[C@@H]1CCCO1,0.1382065,train
O=C(NCc1ccc(OC(F)(F)F)cc1)c1c2ccccc2c(O)n1CCC1CCOCC1,0.28279132,train
O=C(NCc1ccc(OCCC(F)(F)F)nc1)c1c2ccccc2c(O)n1CCc1ccccn1,0.07283835,train
O=C(NCc1ccc(OCC(F)(F)F)nc1)c1c2ccccc2c(O)n1CCc1ccccn1,0.39171898,train
CC(NC(=O)c1c2ccccc2c(O)n1CCc1ccccn1)c1ccc(OCC(F)(F)F)cc1,0.82450575,train
O=C(NCc1ccc(OCC(F)(F)F)cc1)c1c2ccccc2c(O)n1CCc1ccccn1,0.8103747,train
O=C(NCc1ccc(CC(F)(F)F)cc1)c1c2ccccc2c(O)n1CCc1ccccn1,0.33050096,train
O=C(NCc1cccc(OC(F)(F)F)c1)c1c2ccccc2c(O)n1CCc1ccccn1,0.49750802,train
O=C(NCc1ccc(OC(F)(F)F)cc1)c1c2ccccc2c(O)n1CCc1ccccn1,0.8027484,train
O=C(NCc1ccc(C(F)(F)F)cc1)c1c2ccccc2c(O)n1CCc1ccccn1,0.60460824,train
O=C(NCc1ccc(Br)cc1)c1c2ccccc2c(O)n1CCc1ccccn1,0.6920282,train
N#Cc1ccc(-c2noc(-c3cc(F)cc(C#N)c3)n2)nc1,0.98955566,train
N#Cc1ccc2ccc(=O)n(CCN3CC[C@H](NCc4cc5c(cn4)OCCO5)[C@@H](F)C3)c2c1,0.08546274,train
N#Cc1ccc2ccc(=O)n(CCN3CCC(NCc4cc5c(cn4)OCCO5)CC3)c2c1,0.24653234,train
COc1ccc2ncc(=O)n(CCN3CC[C@@H](NCc4ccc5c(n4)NC(=O)CO5)[C@H](OC)C3)c2c1,0.0498386,train
COc1ccc2ncc(=O)n(CCN3CC[C@H](NCc4cc5c(cn4)OCCO5)[C@@H](OC)C3)c2c1,0.026651764,train
COc1ccc2ncc(=O)n(CCN3CC[C@@H](NCc4ccc5c(n4)NC(=O)CO5)[C@@H](OC)C3)c2c1,0.06676964,train
COc1ccc2ncc(=O)n(CCN3CC[C@@H](NCc4cc5c(cn4)OCCO5)[C@@H](OC)C3)c2c1,0.024226423,train
COc1ccc2ncc(=O)n(CCN3CC[C@@H](NCc4cc5c(cn4)OCCO5)[C@@H](O)C3)c2c1,0.030316215,train
COc1ccc2ncc(=O)n(CCN3CC[C@H](NCc4ccc5c(n4)NC(=O)CO5)[C@@H](F)C3)c2c1,0.030580044,train
COc1ccc2ncc(=O)n(CCN3CC[C@H](NCc4cc5c(cn4)OCCO5)[C@@H](F)C3)c2c1,0.011842541,train
COc1ccc2ncc(=O)n(CCN3CC[C@@H](NCc4ccc5c(n4)NC(=O)CO5)[C@@H](F)C3)c2c1,0.035570078,train
COc1ccc2ncc(=O)n(CCN3CC[C@H](NCc4ccc5c(n4)NC(=O)CO5)[C@H](F)C3)c2c1,0.05149728,train
COc1ccc2ncc(=O)n(CCN3CCC(NCc4ccc5c(n4)NC(=O)CO5)CC3)c2c1,0.05526443,train
CS(=O)(=O)c1ccc(C(CC2CCCC2)C(=O)Nc2nccs2)cc1F,0.38157496,val
CS(=O)(=O)c1ccc(C(CC2CCCC2)C(=O)Nc2cnccn2)cc1Cl,0.4171558,train
CONC(=O)N(Cc1ccsc1)C1CCN([C@H](C)CCNC(=O)c2c(C)cc(C#N)nc2Cl)CC1,0.5002065,train
CONC(=O)N(Cc1ccsc1)C1CCN([C@H](C)CCNC(=O)c2c(C)cc(C(=O)NC(C)C)nc2C)CC1,0.44733393,train
CONC(=O)N(Cc1ccsc1)C1CCN([C@H](C)CCNC(=O)c2c(C)cc(Cl)nc2Cl)CC1,0.67475903,train
CONC(=O)N(Cc1ccsc1)C1CCN([C@H](C)CCNC(=O)c2c(C)cc(Cl)nc2C)CC1,0.85925436,train
Cc1cc(Cl)nc(C)c1C(=O)NCC[C@@H](C)N1CCC(N(Cc2ccsc2)C(=O)CC#N)CC1,0.6581941,train
COCC(=O)N(Cc1ccsc1)C1CCN([C@H](C)CCNC(=O)c2c(C)cc(Cl)nc2C)CC1,0.87179506,train
CNC(=O)N(Cc1ccsc1)C1CCN([C@H](C)CCNC(=O)c2c(C)cc(Cl)nc2C)CC1,0.6689464,train
CCN(CCO)C(=O)c1cc2cccnn2c1-c1cccc(C(F)(F)F)c1,0.545342,train
N#Cc1cccc(-c2c(C(=O)N3CCCCC3CO)cc3ccccn23)c1,0.52131945,train
Cc1ccc(S(=O)(=O)N(C)C(=O)N2CCC(N3CCC(Oc4ccc(Cl)c(Cl)c4)CC3)CC2)cc1,0.9334417,train
Cc1c(Cl)ccc(OC2CCN(C3CCN(S(=O)(=O)NC(=O)c4ccccc4)CC3)CC2)c1Cl,0.8310801,train
O=C(NS(=O)(=O)N1CCC(N2CCC(Oc3ccc(Cl)c(Cl)c3)CC2)CC1)c1ccccc1,0.7583645,train
O=C(NS(=O)(=O)c1ccc(Cl)cc1)N1CCC(N2CCC(Oc3ccc(Cl)c(Cl)c3)CC2)CC1,0.57462156,train
O=C(NS(=O)(=O)c1ccccc1)N1CCC(N2CCC(Oc3ccc(Cl)c(Cl)c3)CC2)CC1,0.20949467,train
Fc1cc(C(Oc2ccccc2)C2CNC2)ccc1Cl,0.99241555,val
Clc1ccc(OC(c2ccc3ccccc3c2)C2CNC2)cc1Cl,0.9960486,train
c1ccc(OC(c2ccc3ccccc3c2)C2CNC2)cc1,0.98750556,train
CCCOC(c1ccc2ccccc2c1)C1CNC1,0.95449555,train
CCCOC(c1ccc(Cl)c(Cl)c1)C1CNC1,0.96709824,val
CNc1nn2cc3c(nc2c1S(=O)(=O)c1ccccc1)CCN(C)C3,0.14163955,val
CNc1nn2c3c(cnc2c1S(=O)(=O)c1ccccc1)CN(C)CC3,0.21756856,train
Cc1cc(OCCN2C[C@@H](C)O[C@@H](C)C2)nn1-c1ccc2ccccc2c1,0.8736395,train
CC(=O)C1CCN(CCOc2ccn(-c3ccc(Cl)c(Cl)c3)n2)CC1,0.9603735,train
CCOC(=O)N1CCN(CCOc2cc(C)n(-c3ccc(Cl)c(Cl)c3)n2)CC1,0.9711302,train
Cc1cc(OCCN2CCN(C)CC2)nn1-c1ccc(Cl)c(Cl)c1,0.9679004,train
Cc1cc(OCCN2CCOCC2)nn1-c1ccc(Cl)c(Cl)c1,0.94309145,train
CC(C)(C)C(=O)N1CCC(c2ccc(C(=O)N=C(N)N)cc2C(F)(F)F)CC1,0.6487042,train
CC(=O)N1CCC(c2cc(C)c(C(=O)N=C(N)N)cc2C(F)(F)F)CC1,0.41275448,train
N#Cc1ccc(C(=O)N2CCC(c3ccc(C(=O)N=C(N)N)cc3C(F)(F)F)CC2)cc1,0.8805679,train
C=CC(=O)N1CCC[C@@H](n2nc(-c3cccc(C(=O)NCc4ccc(C(C)(C)C)cc4)c3)c3c(N)ncnc32)C1,0.912345,val
C=CC(=O)N1CCC[C@@H](n2nc(-c3cccc(C(=O)Nc4ccc(C(C)C)c(C)c4)c3)c3c(N)ncnc32)C1,0.8880519,train
C=CC(=O)N1CCC[C@@H](n2nc(-c3cccc(C(=O)Nc4ccc(C(C)C)cc4)c3)c3c(N)ncnc32)C1,0.8773859,train
CCCN1CNc2cc(Nc3ccnc4cc(Cl)ccc34)ccc2C1,0.9937756,train
CN1CC(C(=O)Nc2ccc(Cl)cc2)[C@H](c2ccc(/C=C/C(=O)Nc3ccccc3N)cc2)C1,0.88393533,train
CN1CC(C(=O)Nc2ccc(Cl)cc2)[C@@H](c2ccc(/C=C/C(=O)Nc3ccccc3N)cc2F)C1,0.9419158,train
Nc1ccccc1NC(=O)/C=C/c1ccc([C@H]2CN(CCO)CC2C(=O)Nc2ccc(Cl)cc2)cc1,0.89440227,train
CN1CC(C(=O)Nc2ccc(Cl)cc2)[C@@H](c2ccc(/C=C/C(=O)Nc3ccccc3N)cc2)C1,0.9330752,train
COC(C)C(=O)N[C@@H](Cc1ccc2c(c1)OCO2)[C@H](O)CN[C@H]1CC2(CCC2)Oc2ncc(CC(C)(C)C)cc21,0.40335438,train
COc1ccc(S(=O)(=O)n2cc(C)c3cc(Cl)ccc32)cc1NC1CCN(C)CC1,0.99680734,train
COc1ccc(S(=O)(=O)n2cc(C)c3cc(F)ccc32)cc1NC1CCN(C)CC1,0.993473,train
CCn1cc([C@]2(c3cccc(NC(=O)c4ccc(Cl)cn4)c3)N=C(N)c3c(F)cccc32)cc(C)c1=O,0.99686015,train
CCn1cc([C@]2(c3cccc(C#CC4CC4)c3)N=C(N)c3c(F)cccc32)cc(C)c1=O,0.99887973,val
CC#Cc1cncc(-c2cccc([C@@]3(c4cc(C)c(=O)n(CC)c4)N=C(N)c4c(F)cc(F)cc43)c2)c1,0.99377924,train
CC#Cc1cncc(-c2cccc([C@@]3(c4cc(C)c(=O)n(CC)c4)N=C(N)c4c(F)cccc43)c2)c1,0.99301803,train
CCn1cc(C2(c3cccc(-c4cncc(F)c4)c3)N=C(N)c3c(F)cccc32)cc(C)c1=O,0.99762076,train
CCn1cc(C2(c3cccc(-c4cncnc4)c3)N=C(N)c3c(F)cccc32)cc(C)c1=O,0.98129225,val
COc1c(C)cc(C2(c3cccc(-c4cncnc4)c3)N=C(N)c3c(F)cccc32)cc1C#N,0.996646,train
COc1c(C)cc(C2(c3cccc(-c4cncnc4)c3)N=C(N)c3c(F)cccc32)nc1C,0.98810416,val
COc1ccc(C2(c3cccc(-c4cncnc4)c3)N=C(N)c3c(F)cccc32)cc1,0.9977188,train
CC#Cc1cncc(-c2cccc(C3(c4ccnc(C(F)F)c4)N=C(N)c4c(F)cccc43)c2)c1,0.99910754,train
N=C1N[C@@](c2cccc(-c3cncnc3)c2)(c2ccnc(C(F)F)c2)c2cc(F)cc(F)c21,0.41239908,train
N=C1N[C@@](c2cccc(-c3cncnc3)c2)(c2ccnc(C(F)F)c2)c2cccc(F)c21,0.37889254,train
N=C1NC(c2cccc(-c3cncnc3)c2)(c2ccnc(C(F)F)c2)c2cccc(F)c21,0.5708659,train
COc1cc(C2(c3cccc(-c4cncnc4)c3)N=C(N)c3c(F)cccc32)ccn1,0.9981206,train
N=C1NC(c2cccc(-c3cncnc3)c2)(c2ccnc(C3CC3)c2)c2cccc(F)c21,0.72180855,train
Cc1cc(C2(c3cccc(-c4cncnc4)c3)N=C(N)c3c(F)cccc32)cc(C)n1,0.9808568,train
N=C1N[C@](c2ccnc(C(F)(F)F)c2)(c2ccc(F)c(-c3cncnc3)c2)c2cccc(F)c21,0.6897003,train
N=C1NC(c2ccnc(C(F)(F)F)c2)(c2ccc(F)c(-c3cncnc3)c2)c2cccc(F)c21,0.48492852,train
N#Cc1cncc(-c2cccc(C3(c4ccnc(C(F)(F)F)c4)N=C(N)c4c(F)cccc43)c2)c1,0.9992482,train
N=C1NC(c2cccc(-c3cncnc3)c2)(c2ccnc(C(F)(F)F)c2)c2cccc(F)c21,0.49992645,train
N=C1NC(c2ccncc2)(c2cccc(-c3cncc(F)c3)c2)c2cccc(F)c21,0.84796435,train
N=C1N[C@](c2ccncc2)(c2cccc(-c3cncnc3)c2)c2cccc(F)c21,0.7057295,train
N=C1NC(c2ccncc2)(c2cccc(-c3cncnc3)c2)c2cccc(F)c21,0.40306342,train
N=C1NC(c2cccc(-c3cncnc3)c2)(c2ccnc(C(F)(F)F)c2)c2ccccc21,0.37609702,train
N=C1NC(c2ccncc2)(c2cccc(-c3cncnc3)c2)c2ccccc21,0.2874451,train
COc1cc(Nc2cccc3c2nc(-c2ccc(F)cc2)n3C)ccc1-n1cnc(C)c1,0.98708946,test
Cc1cn(-c2ccc(Nc3cccc4c3nc(-c3ccc(F)cc3)n4C)nc2)cn1,0.9751348,train
COc1cc(Nc2cccc3c2nc(-c2ccc(F)cc2)n3C)cnc1-n1cnc(C)c1,0.981544,test
COc1nc(Nc2cccc3c2nc(-c2ccc(F)cc2)n3C)ccc1-n1cnc(C)c1,0.9871846,train
CC(C)C(NC(=O)c1ccccc1)C(=O)N1CCC(c2ccc(Cl)cc2)CC1,0.92995214,test
CC(=O)c1cccc(NC(=O)N[C@@H]2CCCC[C@H]2CN2CCC[C@@H](Cc3ccc(F)cc3)C2)c1,0.937776,train
CC#Cc1cncc(-c2cc(C3(C4CC4)N=C(C)C(=N)N3)ccc2O)c1,0.01676097,train
CC#Cc1cncc(-c2cccc(C3(C4CC4)N=C(C)C(=N)N3)c2)c1,0.016855832,train
COc1cccc(-c2cccc(C3(C4CCOCC4)N=C(C)C(=N)N3)c2)c1,0.021220911,test
CC1=NC(c2cccc(-c3cccnc3)c2)(C2CCCCC2)N=C1N,0.1744202,train
CC1=NC(c2cccc(-c3cncc(Cl)c3)c2)(C2CC2)N=C1N,0.32876918,val
CC#Cc1cncc(-c2cccc(C3(c4cc(C)c(OC)c(C)c4)N=C(C)C(=N)N3)c2)c1,0.008380944,train
COc1ccc(C2(c3cccc(-c4cccnc4)c3)N=C(C)C(=N)N2)cc1,0.01840093,train
COc1ccc(C2(c3cccc(-c4cncnc4)c3)N=C(C(C)C)C(=N)N2)cc1,0.023143869,train
COc1cccc(-c2cccc(C3(C)N=C(C)C(=N)N3)c2)c1,0.038810145,test
O=C(CCCN1CCCCC1)Nc1cc(-c2cncc(F)c2)[nH]n1,0.7289389,val
COc1ccc(-c2cc(NC(=O)CCCN3CCCCC3)[nH]n2)cc1,0.75075233,train
COc1cccc(-c2cc(NC(=O)CCCN3CCCCC3)[nH]n2)c1,0.79477614,train
O=C(CCCN1CCCCC1)Nc1cc(-c2cccc(F)c2)[nH]n1,0.9182411,test
C[C@H](c1nc(=O)c2cnn(C3CCCC3)c2[nH]1)N1CC(c2ncccn2)C1,0.0068694297,train
O=C(N[C@@H]1C2CCN(CC2)[C@H]1Cc1cccnc1)c1cc2ccccc2o1,0.591509,val
CC(=O)Nc1ccc(CCN2CCC(COc3nc4ccccc4c4cn(C)cc34)CC2)cc1,0.9867208,train
COCc1ccc(CCN2CCC(COc3nc4ccccc4c4cn(C)cc34)CC2)cc1,0.99496514,train
Cn1cc2c(OCC3CCN(CCc4ccc(CO)cc4)CC3)nc3ccccc3c2c1,0.9896965,train
Cn1cc2c(OCC3CCN(CCc4ccc(C(=O)O)cc4)CC3)nc3ccccc3c2c1,0.5683914,train
Cn1cc2c(OCC3CCN(CCc4ccc(N)cc4)CC3)nc3ccccc3c2c1,0.99776614,train
Cn1cc2c(OCC3CCN(CCN4CCOCC4)CC3)nc3ccccc3c2c1,0.98476726,train
CC(C)n1nc(C(=O)NCC2CCN(CCc3ccc(N)cc3)CC2)c2ccccc21,0.91087276,val
CC(C)n1nc(C(=O)NCC2CCN(CCNS(C)(=O)=O)CC2)c2ccccc21,0.1611188,val
COc1ccc(-c2cc(-c3ccc(C(=O)N4CCN(C)CC4)cc3)cnc2N)cn1,0.4288694,train
Nc1ncc(-c2ccc(C(=O)N3CCOCC3)cc2)cc1-c1ccc(C(F)(F)F)nc1,0.11091595,val
Nc1ncc(-c2ccc(C(=O)N3CCNCC3)cc2)cc1-c1ccc(C(F)(F)F)nc1,0.2033659,train
CN1CCN(C(=O)c2ccc(-c3cnc(N)c(-c4ccc(C(F)(F)F)cc4)c3)cc2)CC1,0.8658115,train
COc1ccc(-c2cc(-c3ccc(S(=O)(=O)N4CCN(C)CC4)cc3)cnc2N)cn1,0.8942722,val
COc1ccc(-c2cc(-c3ccc(S(=O)(=O)N(C)C)cc3)cnc2N)cn1,0.84703743,train
CN1CCN(C(=O)c2ccc(-c3cnc(N)c(-c4ccc(C(F)(F)F)nc4)c3)cc2)CC1,0.29750597,train
Nc1ncc(-c2ccc(C(=O)N3CCNCC3)cc2)cc1-c1ccc(C(F)(F)F)cc1,0.79547286,train
Nc1ncc(-c2ccc(C(=O)N3CCOCC3)cc2)cc1-c1ccc(C(F)(F)F)cc1,0.6552518,test
COc1ccc(-c2cc(-c3ccc(S(=O)(=O)NC4CC4)cc3)cnc2N)cn1,0.7370679,val
CC(C)n1nc(C(=O)NCC2CCN(CCN3CCOCC3)CC2)c2ccccc21,0.5867628,test
CN(C)CCCCc1ccc(C2(C)COC2)cc1,0.567718,train
CN(C)CCCCc1ccc(C(C)(C)C)cc1,0.9809848,train
N=C(Nc1ccc2c(c1)CCN2C1CCNCC1)c1cccs1,0.48631874,val
Cc1nc(C2(c3noc(C)n3)N[C@@H](c3nc(-c4ccc(F)cc4)c[nH]3)Cc3c2[nH]c2ccccc32)no1,0.9905291,test
Cn1cc(C2(c3cnn(C)c3)N[C@@H](c3nc(-c4ccc(F)cc4)c[nH]3)Cc3c2[nH]c2ccccc32)cn1,0.97832286,train
Cc1nc([C@]2(c3cnn(C)c3)N[C@H](c3nc(-c4ccc(F)cc4)c[nH]3)Cc3c2[nH]c2ccccc32)no1,0.98427755,train
Cc1nc([C@@]2(c3cnn(C)c3)N[C@H](c3nc(-c4ccc(F)cc4)c[nH]3)Cc3c2[nH]c2ccccc32)no1,0.99065673,train
Cc1nc([C@@]2(c3cnn(C)c3)N[C@@H](c3nc(-c4ccc(F)cc4)c[nH]3)Cc3c2[nH]c2ccccc32)no1,0.99286497,train
Cc1nc([C@]2(c3cnn(C)c3)N[C@@H](c3nc(-c4ccc(F)cc4)c[nH]3)Cc3c2[nH]c2ccccc32)no1,0.987163,train
Fc1ccc(-c2c[nH]c([C@H]3Cc4c([nH]c5ccccc45)C(c4ccccc4)(c4ccccc4)N3)n2)cc1,0.9991441,test
Cc1nc([C@@H]2N[C@@H](c3nc(-c4ccc(F)cc4)c[nH]3)Cc3c2[nH]c2ccccc32)no1,0.9964367,train
Cc1nc([C@H]2N[C@@H](c3nc(-c4ccc(F)cc4)c[nH]3)Cc3c2[nH]c2ccccc32)no1,0.99600226,train
Cn1cc([C@@H]2N[C@@H](c3nc(-c4ccc(F)cc4)c[nH]3)Cc3c2[nH]c2ccccc32)cn1,0.993569,train
Cn1cc([C@H]2N[C@@H](c3nc(-c4ccc(F)cc4)c[nH]3)Cc3c2[nH]c2ccccc32)cn1,0.99314344,train
Fc1ccc(-c2c[nH]c([C@H]3Cc4c([nH]c5ccccc45)[C@@H](C4CCOCC4)N3)n2)cc1,0.9982773,train
Cc1nn(C)cc1-c1nc2c(N3CCN(Cc4ncon4)CC3)c(Cl)cnc2[nH]1,0.24374868,train
Cc1nc(CN2CCN(c3c(Cl)cnc4[nH]c(-c5cn(C)nc5C)nc34)CC2)no1,0.2905094,train
Cc1cc(CN2CCN(c3c(Cl)cnc4[nH]c(-c5cccc(N6CCN(C)CC6)c5)nc34)CC2)no1,0.9534663,val
Cc1cc(CN2CCN(c3c(Cl)cnc4[nH]c(-c5cn(C)nc5C)nc34)CC2)no1,0.8433118,val
Cc1cc(CN2CCN(c3c(Br)cnc4[nH]c(-c5ccc(N6CCN(C)CC6)cc5)nc34)CC2)no1,0.92106384,train
Cc1cc(CN2CCN(c3c(Cl)cnc4[nH]c(-c5cn(C)nc5C5CC5)nc34)CC2)no1,0.92755735,val
Cc1cc(CN2CCN(c3c(Cl)cnc4[nH]c(-c5ccc(N6CCN(C)CC6)cc5)nc34)CC2)no1,0.91782033,train
CSc1ncc([C@]2(O)CC[C@H](N3CC(NC(=O)CNC(=O)c4cccc(C(F)(F)F)c4)C3)CC2)s1,0.32679483,train
CC(C)Oc1ncc([C@]2(O)CC[C@H](N3CC(NC(=O)CNC(=O)c4cccc(C(F)(F)F)c4)C3)CC2)s1,0.077584274,train
O=C(CNC(=O)c1cccc(C(F)(F)F)c1)NC1CN([C@H]2CC[C@@](O)(c3nc4ccccc4s3)CC2)C1,0.07364715,val
Cc1cnc([C@]2(O)CC[C@H](N3CC(NC(=O)CNC(=O)c4cccc(C(F)(F)F)c4)C3)CC2)s1,0.043308113,train
O=C(CNC(=O)c1cccc(C(F)(F)F)c1)NC1CN([C@H]2CC[C@@](O)(c3ccns3)CC2)C1,0.3375756,test
O=C(CNC(=O)c1cccc(C(F)(F)F)c1)NC1CN([C@H]2CC[C@@](O)(c3nccs3)CC2)C1,0.08790952,train
O=C(CNC(=O)c1cccc(C(F)(F)F)c1)NC1CN([C@H]2CC[C@@](O)(c3cccs3)CC2)C1,0.31645188,train
Cn1ccnc1[C@]1(O)CC[C@H](N2CC(NC(=O)CNC(=O)c3cccc(C(F)(F)F)c3)C2)CC1,0.03487782,train
O=C(CNC(=O)c1cccc(C(F)(F)F)c1)NC1CN([C@H]2CC[C@@](O)(c3ccc(OC4CCC4)nc3)CC2)C1,0.650557,train
CC(C)(C)Oc1ccc([C@]2(O)CC[C@H](N3CC(NC(=O)CNC(=O)c4cccc(C(F)(F)F)c4)C3)CC2)cn1,0.026075363,train
CC(C)Oc1ccc([C@]2(O)CC[C@H](N3CC(NC(=O)CNC(=O)c4cccc(C(F)(F)F)c4)C3)CC2)cn1,0.27559507,train
O=C(CNC(=O)c1cccc(C(F)(F)F)c1)NC1CN([C@H]2CC[C@@](O)(c3ccc(OCC(F)(F)F)nc3)CC2)C1,0.8461264,train
CCOc1ccc([C@]2(O)CC[C@H](N3CC(NC(=O)CNC(=O)c4cccc(C(F)(F)F)c4)C3)CC2)cn1,0.17376383,train
COc1ccc([C@]2(O)CC[C@H](N3CC(NC(=O)CNC(=O)c4cccc(C(F)(F)F)c4)C3)CC2)nc1,0.049545098,train
COc1cccc([C@]2(O)CC[C@H](N3CC(NC(=O)CNC(=O)c4cccc(C(F)(F)F)c4)C3)CC2)n1,0.0912631,train
COc1ncc([C@]2(O)CC[C@H](N3CC(NC(=O)CNC(=O)c4cccc(C(F)(F)F)c4)C3)CC2)cc1C,0.11517673,train
CN(C)c1ccc([C@]2(O)CC[C@H](N3CC(NC(=O)CNC(=O)c4cccc(C(F)(F)F)c4)C3)CC2)cn1,0.13736692,train
COc1ccc([C@]2(O)CC[C@H](N3CC(NC(=O)CNC(=O)c4cccc(C(F)(F)F)c4)C3)CC2)cn1,0.20004036,train
Cc1ccc([C@]2(O)CC[C@H](N3CC(NC(=O)CNC(=O)c4cccc(C(F)(F)F)c4)C3)CC2)cn1,0.1360658,train
N#Cc1ccc([C@]2(O)CC[C@H](N3CC(NC(=O)CNC(=O)c4cccc(C(F)(F)F)c4)C3)CC2)cn1,0.17621487,train
O=C(CNC(=O)c1cccc(C(F)(F)F)c1)NC1CN([C@H]2CC[C@@](O)(c3ccc(F)nc3)CC2)C1,0.4358274,train
O=C(CNC(=O)c1cccc(C(F)(F)F)c1)NC1CN([C@H]2CC[C@@](O)(c3cncnc3)CC2)C1,0.115365684,train
N#CC1(c2ccccn2)CCN(Cc2cc(C(=O)N[C@H]3CCCC[C@@H]3O)c(=O)n3ccccc23)CC1,0.15253772,train
O=C(N[C@H]1CCCC[C@@H]1O)c1cc(CN2CCN(c3cc4scnc4cn3)CC2)c2ccccn2c1=O,0.49033803,train
Cc1ccc(N2CCN(Cc3cc(C(=O)N[C@H]4CCCC[C@@H]4O)c(=O)n4ccccc34)CC2)nc1,0.42724976,test
N#CC1(c2ccccc2)CCN(Cc2cc(C(=O)N[C@H]3CCCC[C@@H]3O)c(=O)n3ccccc23)CC1,0.4060794,val
O=C(N[C@H]1CCCC[C@@H]1O)c1cc(CN2CCN(c3cc4ccccc4cn3)CC2)c2ccccn2c1=O,0.695335,test
N#Cc1ccc(N2CCN(Cc3cc(C(=O)N[C@H]4CCCC[C@@H]4O)c(=O)n4ccccc34)CC2)cc1,0.7896259,train
CSc1cc(Nc2cnc(C#N)c(O[C@H](C)CN(C)C)n2)ncc1-c1cnn(C)c1,0.94875157,train
COc1cc(Nc2cnc(C#N)c(O[C@@H]3CCN(C)C3)n2)ncc1-c1cnn(C)c1,0.103092745,train
COc1cc(Nc2cnc(C#N)c(O[C@H](C)CN(C)C)n2)ncc1-c1cnn(C)c1,0.57974005,train
CNc1cc(Nc2cnc(C#N)c(O[C@H]3CCN(C)C3)n2)ncc1-c1cnn(C)c1,0.018195357,train
CNc1cc(Nc2cnc(C#N)c(O[C@@H]3CCN(C)C3)n2)ncc1-c1cnn(C)c1,0.07806093,train
CNc1cc(Nc2cnc(C#N)c(O[C@H](C)CN(C)C)n2)ncc1-c1cnn(C)c1,0.50616217,train
C#Cc1cnc(Nc2cnc(C#N)c(O[C@H](C)CN(C)C)n2)cc1NC,0.77574426,train
CNc1cc(Nc2cnc(C#N)c(O[C@H](C)CN(C)C)n2)ncc1C1CC1,0.8536835,train
CNc1cc(Nc2cnc(C#N)c(O[C@H](C)CN(C)C)n2)ncc1C(F)(F)F,0.90320843,train
CNc1cc(Nc2cnc(C#N)c(O[C@H](C)CN(C)C)n2)ncc1Cl,0.8419931,train
COC(=O)c1cnc(Nc2cnc(C#N)c(O[C@@H]3CCNC3)n2)cc1N(C)C,0.062137403,train
CNc1cc(Nc2cnc(C#N)c(O[C@@H]3CCNC3)n2)ncc1C(=O)OC,0.091339014,train
CNc1cc(Nc2cnc(C#N)c(O[C@H](C)CN(C)C)n2)ncc1C(=O)OC,0.718225,train
C[C@H](CN(C)C)Oc1nc(Nc2cc3cccc(Cl)c3cn2)cnc1C#N,0.9204496,train
Cc1nc2ccccc2n1[C@@H]1C[C@H]2COC[C@@H](C1)N2CC[C@H](NC(=O)C1CCC1)c1ccccc1,0.9929599,train
CC(=O)NC1CC2CCC(C1)N2CCc1ccc(Oc2nc3ncccc3s2)cc1,0.6164548,train
O=C1CCCN1C1CCN(CCc2ccc(Oc3nc4ncccc4s3)cc2)CC1,0.8882704,test
O=C1CCCN1C1CCN(CCOc2ccc(Oc3nc4ncccc4s3)cc2)CC1,0.74427664,test
Cc1ccnc2nc(Oc3ccc(CN4CCCCC4)cc3)sc12,0.96228147,train
NC(=O)C1CCN(Cc2ccc(Oc3nc4ncccc4s3)cc2)CC1,0.7126889,train
NC(=O)C1CCN(Cc2ccc(Oc3nc4ccccc4s3)cc2)CC1,0.83815163,train
O=C(CO)NC1CCN(Cc2ccc(Oc3nc4ccccc4s3)cc2)CC1,0.4688101,train
COCCC(Oc1ncnc2c1cnn2-c1ccccc1C(F)(F)F)C(=O)Nc1ccc(C)cn1,0.11462082,train
COCCC(Oc1ncnc2c1cnn2-c1ccccc1Cl)C(=O)Nc1ccc(C)cn1,0.08218801,train
Cc1cc(Cl)ccc1OC1CCN(C[C@H](O)CNC(=O)c2c[nH]c(=O)cc2C(F)(F)F)CC1,0.9811451,train
O=C(NC[C@@H](O)CN1CCC(Oc2ccc(Cl)c(Cl)c2)CC1)c1c[nH]c(=O)cc1C(F)(F)F,0.9602272,train
Cc1cc(Cl)ccc1OC1CCN(C[C@H](O)CNC(=O)c2c[nH]nc2C(F)(F)F)CC1,0.9917493,train
O=C(NC[C@@H](O)CN1CCC(Oc2ccc(Cl)c(Cl)c2)CC1)c1c[nH]nc1C(F)(F)F,0.9826742,train
Cn1cc(C(=O)NC[C@@H](O)CN2CCC(Oc3ccc(Cl)c(Cl)c3)CC2)c(C(F)(F)F)cc1=O,0.94375557,train
Cc1c(Cl)ccc(OC2CCN(C[C@H](O)CNC(=O)c3c[nH]c(=O)cc3C(F)(F)F)CC2)c1Cl,0.971208,train
O=C(NC[C@@H](O)CN1CCC(Oc2ccc(Cl)c(Cl)c2)CC1)c1c[nH]nc1C1CC1,0.96786064,train
Cc1c(Cl)ccc(OC2CCN(C[C@H](O)CNC(=O)c3c[nH]nc3C(F)(F)F)CC2)c1Cl,0.98727685,train
O=C(NC[C@@H](O)CN1CCC(Oc2ccc(Cl)c(Cl)c2)CC1)c1c[nH]c(=O)c2c(F)cccc12,0.9737161,train
CC1(O)CN(S(=O)(=O)c2ccc3c(C(=O)NC[C@@H](O)CN4CCC(Oc5ccc(Cl)c(Cl)c5)CC4)c[nH]c(=O)c3c2)C1,0.6479575,train
O=C(NC[C@@H](O)CN1CCC(Oc2ccc(Cl)c(Cl)c2)CC1)c1c[nH]c(=O)c2cc(S(=O)(=O)N3CCC3)ccc12,0.9601478,train
CN(C)S(=O)(=O)c1ccc2c(C(=O)NC[C@@H](O)CN3CCC(Oc4ccc(Cl)c(Cl)c4)CC3)c[nH]c(=O)c2c1,0.9405586,train
O=C(NC[C@@H](O)CN1CCC(Oc2ccc(Cl)c(Cl)c2)CC1)c1c[nH]c(=O)c2cc(S(=O)(=O)NC3CC3)ccc12,0.8957402,test
CNS(=O)(=O)c1ccc2c(C(=O)NC[C@@H](O)CN3CCC(Oc4ccc(Cl)c(Cl)c4)CC3)c[nH]c(=O)c2c1,0.7800545,train
O=C(NC[C@@H](O)CN1CCC(Oc2ccc(Cl)c(Cl)c2)CC1)c1c[nH]c(=O)c2cc(S(=O)(=O)NCCO)ccc12,0.5921792,train
O=C(NC[C@@H](O)CN1CCC(Oc2ccc(Cl)c(Cl)c2)CC1)c1c[nH]c(=O)c2ccc(F)cc12,0.97405607,train
Cc1cc(Cl)ccc1OC1CCN(C[C@H](O)CNC(=O)c2c[nH]c(=O)c3cc(S(C)(=O)=O)ccc23)CC1,0.9828341,train
CS(=O)(=O)c1ccc2c(C(=O)NC[C@@H](O)CN3CCC(Oc4ccc(Cl)c(Cl)c4)CC3)c[nH]c(=O)c2c1,0.96563995,train
O=C(NC[C@@H](O)CN1CCC(Oc2ccc(Cl)c(Cl)c2)CC1)c1c[nH]c(=O)c2ccccc12,0.95104825,train
O=C(NC[C@@H](O)CN1CCC(Oc2ccc(Cl)c(Cl)c2)CC1)c1[nH]nc2ccccc12,0.9715784,test
COc1cc(C(=O)NC[C@@H](O)CN2CCC(Oc3ccc(Cl)c(Cl)c3)CC2)ccc1N,0.9651349,train
O=C(NC[C@@H](O)CN1CCC(Oc2ccc(Cl)c(Cl)c2)CC1)c1n[nH]c(=O)c2ccccc12,0.7951084,val
O=C(NC[C@@H](O)CN1CCC(Oc2ccc(Cl)c(Cl)c2)CC1)n1c(=O)[nH]c2ccccc21,0.9778023,train
CN(C[C@@H](O)CN1CCC(Oc2ccc(Cl)c(Cl)c2)CC1)C(=O)c1c[nH]c(=O)c2ccccc12,0.90837365,train
O=C(NC[C@@H](O)CN1CCC(Oc2ccc(Cl)c(Cl)c2)CC1)c1c[nH]c2ccccc12,0.9876673,train
O=C(NC[C@@H](O)CN1CCC(Oc2ccc(Cl)c(Cl)c2)CC1)c1cnnc2ccccc12,0.9791668,train
O=C(CNc1nccc2ccc(C(F)(F)F)cc12)NC1CN([C@H]2CC[C@@](O)(c3cncs3)CC2)C1,0.06897464,train
O=C(CNc1ccnc2ccc(C(F)(F)F)cc12)NC1CN([C@H]2CC[C@@](O)(c3cncs3)CC2)C1,0.092303574,train
N#Cc1cc(NCC(=O)NC2CN([C@H]3CC[C@@](O)(c4cncs4)CC3)C2)c2cc(C(F)(F)F)ccc2n1,0.105038844,train
O=C(CNc1cc(C(F)(F)F)nc2ccc(C(F)(F)F)cc12)NC1CN([C@H]2CC[C@@](O)(c3cncs3)CC2)C1,0.11692706,train
O=C(CNc1nc(C(F)(F)F)nc2ccc(C(F)(F)F)cc12)NC1CN([C@H]2CC[C@@](O)(c3cncs3)CC2)C1,0.19404308,train
Cc1nc(NCC(=O)NC2CN([C@H]3CC[C@@](O)(c4cncs4)CC3)C2)c2cc(C(F)(F)F)ccc2n1,0.023662526,train
N#Cc1ccccc1[C@H]1CC[C@@H](N2CC(NC(=O)CNc3ncnc4ccc(C(F)(F)F)cc34)C2)CC1,0.84144664,train
O=C(CNc1ncnc2ccc(C(F)(F)F)cc12)NC1CN([C@H]2CC[C@@H](c3ccccc3O)CC2)C1,0.60549617,train
O=C(CNc1ncnc2ccc(C(F)(F)F)cc12)NC1CN([C@H]2CC[C@@H](c3ccccn3)CC2)C1,0.7109024,train
Nc1cccnc1[C@H]1CC[C@@H](N2CC(NC(=O)CNc3ncnc4ccc(C(F)(F)F)cc34)C2)CC1,0.40417746,train
O=C(CNc1ncnc2ccc(C(F)(F)F)cc12)NC1CN([C@H]2CC[C@@H](c3ccc(O)cn3)CC2)C1,0.24871382,train
O=C(CNc1ncnc2ccc(C(F)(F)F)cc12)NC1CN([C@H]2CC[C@@H](c3cccnc3)CC2)C1,0.3593923,train
COc1cnccc1[C@H]1CC[C@@H](N2CC(NC(=O)CNc3ncnc4ccc(C(F)(F)F)cc34)C2)CC1,0.65971655,train
Nc1cnccc1[C@H]1CC[C@@H](N2CC(NC(=O)CNc3ncnc4ccc(C(F)(F)F)cc34)C2)CC1,0.41522512,train
COc1cccc([C@]2(O)CC[C@H](N3CC(NC(=O)CNc4ncnc5ccc(C(F)(F)F)cc45)C3)CC2)n1,0.031605944,train
COc1ccc([C@]2(O)CC[C@H](N3CC(NC(=O)CNc4ncnc5ccc(C(F)(F)F)cc45)C3)CC2)cn1,0.12502062,train
CC(C)c1ncc([C@]2(O)CC[C@H](N3CC(NC(=O)CNc4ncnc5ccc(C(F)(F)F)cc45)C3)CC2)s1,0.011487635,train
O=C(CNc1ncnc2ccc(C(F)(F)F)cc12)NC1CN([C@H]2CC[C@@](O)(c3ccns3)CC2)C1,0.17587407,train
O=C(CNc1ncnc2ccc(C(F)(F)F)cc12)NC1CN([C@H]2CC[C@@](O)(c3ccccc3)CC2)C1,0.38950136,train
O=C(CNc1ncnc2ccc(C(F)(F)F)cc12)NC1CN([C@H]2CC[C@@H](c3ccccc3)CC2)C1,0.8330756,train
C[S+]([O-])Cc1ccc(C(=O)Nc2nccnc2C(=O)NCC2CCC2)c2ccccc12,0.20852846,val
COc1ccc(NC(=O)c2ccc(Cn3ccnn3)c3ccccc23)c(C(=O)NCC2CCOCC2)n1,0.829912,test
COc1ccc(Cl)cc1-c1ccnc(Nc2ccc(N3CCOCC3)c(OC)c2)c1,0.91624653,train
COc1ccc(C#N)cc1-c1ccnc(Nc2ccc(N3CCOCC3)c(OC)c2)c1,0.82259697,train
COc1cc(Nc2cc(-c3cccc(C#N)c3)ccn2)ccc1N1CCOCC1,0.7760365,train
COc1cc(Nc2cc(-c3cccc(C#N)c3)ccn2)ccc1N1CCN(C)CC1,0.93461335,test
COC1COCCC1N[C@@H]1C[C@H]2CCC[C@@]2(C(=O)N2CCc3ccc(OC(F)(F)F)cc3C2)C1,0.31816018,train
COC1COCCC1N[C@@H]1C[C@H]2CCC[C@@]2(C(=O)N2CCc3ccc(C#N)cc3C2)C1,0.08071569,train
COC1COCCC1N[C@@H]1C[C@H]2CCC[C@@]2(C(=O)N2CCc3ccc(C(F)(F)F)cc3C2)C1,0.13736916,train
COC1COCCC1N[C@@H]1C[C@H]2CCC[C@@]2(C(=O)N2CCc3ccc(Br)cc3C2)C1,0.23105177,train
COC1COCCC1N[C@@H]1C[C@H]2CCC[C@@]2(C(=O)N2CCc3ccc(Cl)cc3C2)C1,0.21679625,train
COC1COCCC1N[C@@H]1C[C@H]2CCC[C@@]2(C(=O)N2CCc3ccc(F)cc3C2)C1,0.07128756,train
COC1COCCC1N[C@@H]1C[C@H]2CCC[C@@]2(C(=O)N2CCc3ncc(OC(C)C)cc3C2)C1,0.02076785,train
COc1cnc2c(c1)CN(C(=O)[C@@]13CCC[C@@H]1C[C@@H](NC1CCOCC1OC)C3)CC2,0.02684954,train
COC1COCCC1N[C@@H]1C[C@H]2CCC[C@@]2(C(=O)N2CCc3ncc(Br)cc3C2)C1,0.06134932,train
COC1COCCC1N[C@@H]1C[C@H]2CCC[C@@]2(C(=O)N2CCc3ncc(Cl)cc3C2)C1,0.06780956,train
COC1COCCC1N[C@@H]1C[C@H]2CCCC[C@@]2(C(=O)N2CCc3ncc(C(F)(F)F)cc3C2)C1,0.009822763,train
O=C(N1CCc2ncc(C(F)(F)F)cc2C1)[C@@]12CCCC[C@@H]1C[C@@H](NC1CCOCC1)C2,0.052361462,train
O=C(N1CCc2ncc(C(F)(F)F)cc2C1)[C@@]12CCC[C@@H]1C[C@@H](NCC1CCOCC1)C2,0.010509739,test
O=C(N1CCc2ncc(C(F)(F)F)cc2C1)[C@@]12CCC[C@@H]1C[C@@H](NC1CCOCC1)C2,0.019408474,train
O=C(N1CCc2ncc(C(F)(F)F)cc2C1)[C@@]12CCC[C@@H]1C[C@@H](NC1CCSCC1)C2,0.09412351,train
O=C(N1CCc2ncc(C(F)(F)F)cc2C1)[C@@]12CCC[C@@H]1C[C@@H](NC1CCCCCC1)C2,0.13092844,val
O=C(N1CCc2ncc(C(F)(F)F)cc2C1)[C@@]12CCC[C@@H]1C[C@@H](NC1CCCCC1)C2,0.1065268,test
O=C(N1CCc2ncc(C(F)(F)F)cc2C1)[C@@]12CCC[C@@H]1C[C@@H](NC1CCCC1)C2,0.09173332,test
Cc1ccc(OCCCc2cccc(CCCOc3ccc(C)cc3)[n+]2C)cc1,0.99834514,train
Cc1ccc(C#CCOCc2cccc(COCC#Cc3ccc(C)cc3)[n+]2C)cc1,0.8309881,train
Cc1ccc(CCCOCc2cccc(COCCCc3ccc(C)cc3)[n+]2C)cc1,0.9957657,train
Cc1ccc(OCCCc2cc(N)cc(CCCOc3ccc(C)cc3)n2)cc1,0.99757105,train
C[n+]1c(CCc2ccccc2)cccc1CCc1ccccc1,0.99918324,train
c1ccc(CCc2cccc(CCc3ccccc3)n2)cc1,0.99970526,train
C[n+]1c(COc2ccccc2)cccc1COc1ccccc1,0.9059557,train
c1ccc(OCc2cccc(COc3ccccc3)n2)cc1,0.88205135,test
C[n+]1c(CCCOc2ccccc2Cl)cccc1CCCOc1ccccc1Cl,0.99940467,train
C[n+]1c(CCCOc2cccc(Cl)c2)cccc1CCCOc1cccc(Cl)c1,0.9997991,train
C[n+]1c(CCCOc2ccc(Cl)cc2)cccc1CCCOc1ccc(Cl)cc1,0.9998951,train
COc1ccc(OCCCc2cccc(CCCOc3ccc(OC)cc3)[n+]2C)cc1,0.99731344,train
C[n+]1c(CCCOc2ccccc2)cccc1CCCOc1ccccc1,0.9977209,train
C[n+]1c(C#CCOc2ccc(Cl)cc2)cccc1C#CCOc1ccc(Cl)cc1,0.05945885,train
C[n+]1c(C#CCOc2ccccc2)cccc1C#CCOc1ccccc1,0.0025530353,train
C[n+]1c(C#Cc2ccccc2Cl)cccc1C#Cc1ccccc1Cl,0.96567386,train
C[n+]1c(C#Cc2cccc(Cl)c2)cccc1C#Cc1cccc(Cl)c1,0.9992563,train
C[n+]1c(C#Cc2ccc(Cl)cc2)cccc1C#Cc1ccc(Cl)cc1,0.99841917,train
COc1ccc(C#Cc2cccc(C#Cc3ccc(OC)cc3)[n+]2C)cc1,0.94569033,train
C[n+]1c(C#Cc2ccc(-c3ccccc3)cc2)cccc1C#Cc1ccc(-c2ccccc2)cc1,0.9975284,train
C[n+]1c(C#CC2CCCCC2)cccc1C#CC1CCCCC1,0.8630597,train
C[n+]1c(C#Cc2ccccc2)cccc1C#Cc1ccccc1,0.8246565,train
Cc1ccc(OCC#Cc2cccc(CCCOc3ccc(C)cc3)[n+]2C)cc1,0.66024894,train
CCCCCCCCc1cccc(CCCCCCCC)[n+]1C,0.9979431,train
CCCCCCC#Cc1cccc(C#CCCCCCC)[n+]1C,0.9535013,train
Cc1ccc(CCOCCCc2cccc(CCCOCCc3ccc(C)cc3)[n+]2C)cc1,0.9989311,train
Cc1ccc(CCc2cccc(CCc3ccc(C)cc3)[n+]2C)cc1,0.99961674,train
Cc1ccc(CCOCC#Cc2cccc(C#CCOCCc3ccc(C)cc3)[n+]2C)cc1,0.31567362,train
Cc1ccc(C#Cc2cccc(C#Cc3ccc(C)cc3)[n+]2C)cc1,0.9525626,train
Cc1ccc(CCOCc2cccc(COCCc3ccc(C)cc3)[n+]2C)cc1,0.9967829,test
Cc1ccc(COCc2cccc(COCc3ccc(C)cc3)[n+]2C)cc1,0.16638409,test
Cc1ccc(OCc2cccc(COc3ccc(C)cc3)[n+]2C)cc1,0.95440346,train
Cc1ccc(Cc2cc[n+](C)c(COc3ccc(C)cc3)c2)cc1,0.9557981,test
Clc1ccc(OCCCc2cccc(CCCOc3ccc(Cl)cc3)n2)cc1,0.9999043,train
Cc1ccc(CCN(C)CCOc2ccc(C)cc2)cc1,0.9930524,train
COCCCOc1cc(C(=O)N(C[C@@H]2CNC[C@H]2Cc2ccccc2)C(C)C)ccc1OC,0.546821,test
COc1cc(N2CCN(C(=O)Cn3nc(C(F)(F)F)c(Cl)c3C)CC2)ccc1Cl,0.67931753,test
N#Cc1ccc(-c2ccc3c(c2)OC[C@H]2[C@H](CO)OC(=O)N32)cn1,0.12551089,train
CC(=O)NC[C@@H]1OC(=O)N2c3ccc(-c4ccc(C#N)nc4)cc3OC[C@@H]12,0.25312322,train
COCCN1CC=CC[C@H](c2ccc(Cl)c(Cl)c2)C1,0.9118058,train
OCCN1CC=CC[C@H](c2ccc(Cl)c(Cl)c2)C1,0.73042816,train
Clc1ccc(C2CCCCNC2)cc1Cl,0.84119,train
CN1CCCCC(c2ccc(Cl)c(Cl)c2)C1,0.88473034,train
C1=CCC(c2cc3ccccc3o2)CNC1,0.09599695,train
CN1CC=CCC(c2cc3ccccc3o2)C1,0.33410153,train
Fc1ccc(C2CC=CCNC2)cc1Cl,0.09211435,train
Cc1cc(C2CC=CCNC2)ccc1Cl,0.14731325,train
Cc1cc(C2CC=CCN(C)C2)ccc1Cl,0.49532124,train
C1=CCC(c2ccc3ccccc3c2)CNC1,0.10440304,test
Clc1ccc([C@@H]2CC=CCNC2)cc1Cl,0.2925622,train
Clc1ccc([C@H]2CC=CCNC2)cc1Cl,0.14966898,train
Clc1ccc(C2CC=CCNC2)cc1Cl,0.115978055,train
CN1CC=CC[C@H](c2ccc(Cl)c(Cl)c2)C1,0.7923118,train
CN1CC=CCC(c2ccc(Cl)c(Cl)c2)C1,0.383204,train
Nc1nc2cc3c(cc2s1)CCN(Cc1cscn1)CC3,0.6181693,val
Nc1nc2cc3c(cc2s1)CCN(Cc1cccnc1)CC3,0.20799613,val
Nc1nc2cc3c(cc2s1)CCN(Cc1ccccn1)CC3,0.64324725,test
CN(C)C(=O)c1ccc(CN2CCc3cc4nc(N)sc4cc3CC2)cc1,0.31950805,train
COc1cccc(CN2CCc3cc4nc(N)sc4cc3CC2)c1,0.7103669,train
COc1ccc(CN2CCc3cc4nc(N)sc4cc3CC2)cc1,0.7555431,train
Nc1nc2cc3c(cc2s1)CCN(Cc1cccc(F)c1)CC3,0.8282554,train
Nc1nc2cc3c(cc2s1)CCN(Cc1ccc(F)cc1)CC3,0.86135924,train
Nc1nc2cc3c(cc2s1)CCN(Cc1ccccc1)CC3,0.6989244,train
Nc1nc2cc3c(cc2s1)CCN(C1CC1)CC3,0.43525335,train
CCN1CCc2cc3nc(N)sc3cc2CC1,0.45017046,val
CC(C#N)=C1CCN(c2ccc(N3C[C@H](Cn4cc(F)nn4)OC3=O)cc2F)CC1,0.28885403,train
N#CC=C1CCN(c2ccc(N3C[C@H](Cn4cc(F)nn4)OC3=O)cc2F)CC1,0.39888215,train
N#CC=C1CCN(c2ccc(N3C[C@H](Cn4ccnn4)OC3=O)cc2F)CC1,0.34272426,train
COc1ccc(C(CCCN)(c2ccccc2)c2ccccc2)cc1,0.8761276,train
Cc1ccc(C(=O)N(CCCN)[C@@H](c2oc3cc(Cl)ccc3c(=O)c2Cc2ccccc2)C(C)C)cc1,0.86688423,train
C[C@@H]1COCCN1c1cc(C2(S(C)(=O)=O)CC2)nc(-c2cccc3[nH]ccc23)n1,0.19390725,train
COCCC(NC(=O)C1(N)CCN(c2ncnc3[nH]ccc23)CC1)c1ccc(Cl)cc1,0.88329226,train
NC1(C(=O)NC(CCCO)c2ccc(Cl)cc2)CCN(c2ncnc3[nH]ccc23)CC1,0.52049917,train
CS(=O)(=O)NCCC(NC(=O)C1(N)CCN(c2ncnc3[nH]ccc23)CC1)c1ccc(Cl)cc1,0.3566501,train
NC1(C(=O)N[C@@H](CCN2CCCCC2)c2ccc(Cl)cc2)CCN(c2ncnc3[nH]ccc23)CC1,0.9719881,val
NC1(C(=O)N[C@@H](CCN2CCCC2)c2ccc(Cl)cc2)CCN(c2ncnc3[nH]ccc23)CC1,0.96548814,test
NC1(C(=O)NC(CCCN2CCOCC2)c2ccc(Cl)cc2)CCN(c2ncnc3[nH]ccc23)CC1,0.8657446,test
CC(NC(=O)C1(N)CCN(c2ncnc3[nH]ccc23)CC1)c1ccc(F)cc1,0.63330287,train
NC1(C(=O)NC(Cc2ccccc2)c2ccc(Cl)cc2)CCN(c2ncnc3[nH]ccc23)CC1,0.86608523,train
NC1(C(=O)NC(c2ccccc2)c2ccc(Cl)cc2)CCN(c2ncnc3[nH]ccc23)CC1,0.8212614,test
NC1(C(=O)NC(c2ccc(Cl)cc2)C2CC2)CCN(c2ncnc3[nH]ccc23)CC1,0.9102731,test
CCC(NC(=O)C1(N)CCN(c2ncnc3[nH]ccc23)CC1)c1ccc(Cl)cc1,0.90837735,train
C[C@H](NC(=O)C1(N)CCN(c2ncnc3[nH]ccc23)CC1)c1ccc(Cl)cc1,0.86795014,train
C[C@@H](NC(=O)C1(N)CCN(c2ncnc3[nH]ccc23)CC1)c1ccc(Cl)cc1,0.8631902,train
CC(NC(=O)C1(N)CCN(c2ncnc3[nH]ccc23)CC1)c1ccc(Cl)cc1,0.8011324,train
NC1(C(=O)NCc2ccc(Cl)cc2)CCN(c2ncnc3[nH]ccc23)CC1,0.6953425,train
CN1CCC(COCc2cc(C(F)(F)F)cc(C3CC3)n2)(c2cccc(F)c2)CC1,0.4367026,train
CN1CCC(COCc2cc(C(F)(F)F)cc(C3CC3)n2)(c2cccc(Cl)c2)CC1,0.6291146,train
CN1CCC(COCc2cc(C(F)(F)F)cc(C3CC3)n2)(c2ccc(Cl)cc2)CC1,0.7733125,train
CN1CCC(COCc2cc(C#N)cc(C3CC3)n2)(c2ccc(F)cc2)CC1,0.2810053,train
CN1CCC(COCc2cc(C3CC3)cc(C3CC3)n2)(c2ccc(F)cc2)CC1,0.20963252,train
CN1CCC(COCc2cc(C(F)(F)F)cc(C3CCCC3)n2)(c2ccc(F)cc2)CC1,0.68362844,test
CN1CCC(COCc2cc(C(F)(F)F)cc(C3(F)CC3)n2)(c2ccccc2)CC1,0.0654518,train
CN1CCC(COCc2cc(C(F)(F)F)cc(C3(F)CC3)n2)(c2ccc(F)cc2)CC1,0.13256341,train
CN1CCC(COCc2cc(C(F)(F)F)cc(C3CC3(C)C)n2)(c2ccc(F)cc2)CC1,0.6051843,train
CC1CC1c1cc(C(F)(F)F)cc(COCC2(c3ccc(F)cc3)CCN(C)CC2)n1,0.44103947,train
FC(F)(F)c1cc(COCC2(c3ccccc3)CCNCC2)nc(C2CC2)c1,0.32128975,train
CN1CCC(COCc2cc(C(F)(F)F)cc(C3CC3)n2)(c2ccccc2)CC1,0.26391754,train
CN1CCC(COCc2cc(C(F)(F)F)cc(C3CC3)n2)(c2ccc(F)cc2)CC1,0.43894675,train
CC(C)=Cc1cc(C(F)(F)F)cc(COCC2(c3ccc(F)cc3)CCN(C)CC2)n1,0.3198438,train
C/C=C/c1cc(C(F)(F)F)cc(COCC2(c3ccc(F)cc3)CCN(C)CC2)n1,0.25566006,train
CC(C)Cc1cc(C(F)(F)F)cc(COCC2(c3ccc(F)cc3)CCN(C)CC2)n1,0.6760202,train
CC(C)c1cc(C(F)(F)F)cc(COCC2(c3ccc(F)cc3)CCN(C)CC2)n1,0.3377708,train
COc1cc(C(F)(F)F)cc(COCC2(c3ccc(F)cc3)CCN(C)CC2)n1,0.666857,train
CN1CCC(COCc2cc(C(F)(F)F)cc(C#N)n2)(c2ccccc2)CC1,0.029639034,train
CN1CCC(COCc2cc(C(F)(F)F)ccn2)(c2ccc(F)cc2)CC1,0.236314,train
CN1CCC(COCc2cc(C(F)(F)F)cc(N3CCC(C#N)CC3)n2)(c2ccc(F)cc2)CC1,0.32772288,test
CN1CCN(c2cc(C(F)(F)F)cc(COCC3(c4ccccc4)CCNCC3)n2)CC1,0.24358308,test
CN1CCC(COCc2cc(C(F)(F)F)cc(N3CCC(C#N)C3)n2)(c2ccc(F)cc2)CC1,0.6979363,train
CN1CCC(COCc2cc(C(F)(F)F)cc(N3CC=CC3)n2)(c2ccc(F)cc2)CC1,0.5286226,train
CN1CCC(COCc2cc(C(F)(F)F)cc(N3CCC4CC43)n2)(c2ccc(F)cc2)CC1,0.6155444,train
CN1CCC(COCc2cc(C(F)(F)F)cc(N3CCCC3)n2)(c2ccccc2)CC1,0.3358152,train
FC(F)(F)c1cc(COCC2(c3ccccc3)CCNCC2)nc(N2CCCC2)c1,0.40031695,train
CC(C)CN(CC(C)C)c1cc(C(F)(F)F)cc(COCC2(c3ccc(F)cc3)CCN(C)CC2)n1,0.7589938,train
CCN(C)c1cc(C(F)(F)F)cc(COCC2(c3ccc(F)cc3)CCN(C)CC2)n1,0.4215909,train
CCC(CC)Nc1cc(C(F)(F)F)cc(COCC2(c3ccc(F)cc3)CCN(C)CC2)n1,0.6904612,train
CCNc1cc(C(F)(F)F)cc(COCC2(c3ccc(F)cc3)CCN(C)CC2)n1,0.23596203,train
CCN(CC)c1cc(C(F)(F)F)cc(COCC2(c3ccc(F)cc3)CCN(C)CC2)n1,0.39214152,train
CN(C)c1cc(C(F)(F)F)cc(COCC2(c3ccc(F)cc3)CCNCC2)n1,0.4063133,train
CN1CCC(COCc2cc(Cl)cc(C(F)(F)F)n2)(c2ccccc2)CC1,0.30518273,train
FC(F)(F)c1cc(Cl)cc(COCC2(c3ccccc3)CCNCC2)n1,0.36782503,train
Clc1cc(COCC2(c3ccccc3)CCNCC2)cc(Cl)n1,0.11895093,train
CN1CCC(COCc2cncc(Br)c2)(c2ccccc2)CC1,0.07180352,train
Brc1cncc(COCC2(c3ccccc3)CCNCC2)c1,0.09245868,train
CN1CCC(COCc2cc(C(F)(F)F)cc(Cl)n2)(c2ccccc2F)CC1,0.33473244,train
CN1CCC(COCc2cc(C(F)(F)F)cc(Cl)n2)(c2ccc(F)cc2)CC1,0.2755972,train
Fc1ccc(C2(COCc3cc(C(F)(F)F)cc(Cl)n3)CCNCC2)cc1,0.33435524,train
CN1CCC(COCc2cc(C(F)(F)F)cc(Cl)n2)(c2ccc(Cl)cc2)CC1,0.62692755,train
CN1CCC(COCc2cc(C(F)(F)F)cc(Cl)n2)(c2ccccc2)CC1,0.14846706,train
FC(F)(F)c1cc(Cl)nc(COCC2(c3ccccc3)CCNCC2)c1,0.18712197,train
FC(F)(F)c1cc(Cl)cc(COCC2(c3ccccc3)CCNCC2)c1,0.8072058,test
CCNc1nc2c(c(C(N)=O)n1)CN(C(=O)CCc1ccc(OC(F)(F)F)cc1)CC2,0.91180444,val
CCNC(=O)Nc1ccc(-c2nc3c(c(N4CCOC[C@@H]4C)n2)CCN(C(C)C)C3)cc1,0.09497419,train
CCOC(=O)N1[C@@H]2CC[C@H]1C[C@H](CN1CC[C@H](n3c(O)cc4ccccc43)C1)C2,0.9732746,test
CCOC(=O)N1CCC(O)(CN2CC[C@H](n3c(O)cc4ccccc43)C2)CC1,0.8426336,train
CCOC(=O)N1CCC(C)(CN2CC[C@H](n3c(O)cc4ccccc43)C2)CC1,0.9593276,train
CCOC(=O)N1CCC(CN2CC[C@H](n3c(O)cc4ccccc43)C2)CC1,0.9730775,train
COc1cc(N2Cc3ccc(Sc4ccc(F)cc4)nc3C2=O)ccc1OCCN1CCCC1,0.99830174,val
CS(=O)(=O)c1ccc(C(CC2CCCC2)C(=O)Nc2cnc([C@H](O)CO)cn2)cc1Cl,0.20666799,train
CNC(=O)c1cccc(-c2ccc3c(N4CCOC[C@@H]4C)nc(N4CCOC[C@@H]4C)nc3n2)c1,0.041977238,train
COc1ccc(-c2ccc3c(N4CCOC[C@@H]4C)nc(N4CCOC[C@@H]4C)nc3n2)cc1CO,0.039659772,train
COc1ccc(-c2ccc3c(N4CCOCC4)nc(N4C[C@@H](C)O[C@@H](C)C4)nc3n2)cc1CNCCO,0.17879847,train
CNC(=O)c1cc(-c2ccc3c(N4CCOC[C@@H]4C)nc(N4CCOC[C@@H]4C)nc3n2)ccc1OC(F)F,0.39270058,train
CNCc1cccc(-c2ccc3c(N4CCOCC4)nc(N4C[C@@H](C)O[C@@H](C)C4)nc3n2)c1,0.39346656,train
COCC(C)Nc1nc(N2CCOC[C@@H]2C)c2ccc(-c3ccc(OC)c(CO)c3)nc2n1,0.23189203,train
C[C@@H]1CN(c2nc(N3CCOC[C@@H]3C)c3ncc(-c4ccccc4)nc3n2)C[C@H](C)O1,0.5401468,test
C[C@@H]1CN(c2nc(N3CCOCC3)c3ccc(-c4cccc(CNCCO)c4)nc3n2)C[C@H](C)O1,0.653466,train
COc1ccc(-c2ccc3c(N4CCOCC4)nc(N4C[C@@H](C)O[C@@H](C)C4)nc3n2)cc1CO,0.2089758,train
COc1ccc(-c2ccc3c(N4CCOC[C@@H]4C)nc(N4CC[C@@H](O)C4)nc3n2)cc1CO,0.14253394,val
C[C@@H]1CN(c2nc(N3CCOC[C@@H]3C)c3ccc(-c4ccccc4)nc3n2)C[C@H](C)O1,0.9428185,train
CC(C)(C)NC(=O)NCCN1CCCC(NC(=O)c2cc(Cl)cc(Cl)c2)C1,0.5332043,train
CC(C)(C)NC(=O)NCCN1CCC(NC(=O)c2cc(Cl)cc(Cl)c2)C1,0.47380736,train
CC(C)(C)NC(=O)NCCN1CC(NC(=O)c2cc(Cl)cc(Cl)c2)C1,0.4531769,test
CC(C)(C)NC(=O)NCCN1CCC(CNC(=O)c2cc(Cl)cc(Cl)c2)C1,0.54989624,test
CC(C)(C)NC(=O)NCCN1CCCC(CNC(=O)c2cc(Cl)cc(Cl)c2)C1,0.590558,val
CC(C)(C)NC(=O)NCCN1CCC(CNC(=O)c2cc(Cl)cc(Cl)c2)CC1,0.57988477,train
CC(C)(C)NC(=O)NCCN1CCN(CC(=O)Nc2cc(Cl)cc(Cl)c2)CC1,0.7319871,test
O[C@H](COc1ccc(C(F)(F)F)cc1)CN1CCN(Cc2c(F)cccc2Cl)CC1,0.9741449,train
COc1cccc(N2CCN(C[C@H](O)COc3ccc(C(F)(F)F)cc3)CC2)c1,0.9680219,train
O[C@H](COc1ccc(F)cc1)CN1CCN(Cc2ccc(Cl)c(Cl)c2)CC1,0.9850846,train
O[C@H](COc1ccc(F)cc1)CN1CCN(Cc2ccc(Cl)cc2)CC1,0.99237895,train
O[C@H](COc1ccc(Cl)cc1)CN1CCN(Cc2c(F)cccc2Cl)CC1,0.97629625,train
O[C@H](COc1ccc(Cl)cc1)CN1CCN(Cc2ccc(Cl)cc2)CC1,0.9967056,train
O[C@@H](COc1ccc(C(F)(F)F)cc1)CN1CCN(Cc2ccc(Cl)c(Cl)c2)CC1,0.98059493,train
COc1ccccc1N1CCN(C[C@@H](O)COc2ccc(C(F)(F)F)cc2)CC1,0.9483914,train
O[C@@H](COc1ccc(F)cc1)CN1CCN(Cc2ccc(Cl)c(Cl)c2)CC1,0.95433897,train
Cc1cn([C@H]2CCCN(S(=O)(=O)c3ccc(O)c(Oc4cccc(Cl)c4)c3)C2)c(=O)[nH]c1=O,0.6947016,train
Brc1cccc2nc(C#Cc3ccccn3)ccc12,0.35806438,train
C(#Cc1ccc2ccccc2n1)c1ccccn1,0.23038751,train
COc1cccc2nc(C#Cc3cccnc3)ccc12,0.5370702,val
COc1cccc2nc(C#Cc3ccccc3)ccc12,0.88863117,val
CC(C)(C)NC(=O)c1c[nH]c2ncc(-c3ncn4c3CCCC4)nc12,0.23240396,val
CC(C)(C)NC(=O)c1c[nH]c2ncc(-c3nn(CCC(O)CO)c4ccc(OC(F)F)cc34)nc12,0.89613396,train
CC(C)(C)NC(=O)c1c[nH]c2ncc(-c3nn(CCCS(C)(=O)=O)c4ccc(OC(F)F)cc34)nc12,0.8976287,train
CN(C)CCCn1nc(-c2cnc3[nH]cc(C(=O)NC(C)(C)CO)c3n2)c2cc(OC(F)F)ccc21,0.95064324,train
CC(C)(C)NC(=O)c1c[nH]c2ncc(-c3nn(CCCN4CCOCC4)c4ccc(OC(F)F)cc34)nc12,0.97201794,train
CC(C)(C)NC(=O)c1c[nH]c2ncc(-c3nn(CCCN4CC(C#N)C4)c4ccc(OC(F)F)cc34)nc12,0.9967056,train
CN1CC(Cn2nc(-c3cnc4[nH]cc(C(=O)NC(C)(C)C)c4n3)c3cc(OC(F)F)ccc32)C1,0.9587001,train
NC(=O)c1cnc(N[C@@H]2CCCC[C@@H]2N)nc1Nc1cccc(-n2nccn2)c1,0.9949114,train
CC(=O)N1CCN(CCOc2ccc(C3CCN(c4ccc5nnc(C(F)(F)F)n5n4)CC3)cc2)CC1,0.05047503,train
Cn1nccc1CCOc1ccc(C2CCN(c3ccc4nnc(C(F)(F)F)n4n3)CC2)cc1,0.3578316,train
Fc1ccc(CN2CCN(C3=Nn4c(nnc4C(F)(F)F)CC3)CC2)cc1,0.4040785,val
OC1(c2cccnc2)CCN(c2ccc3nnc(C(F)(F)F)n3n2)CC1,0.02736585,test
OC1(c2ccc(F)cc2)CCN(c2ccc3nnc(C(F)(F)F)n3n2)CC1,0.3474646,train
Fc1ccc(CN2CCN(c3ccc4nnc(C(F)(F)F)n4n3)CC2)cc1,0.3144964,train
N#Cc1ccc(CN2CCN(c3ccc4nnc(C(F)(F)F)n4n3)CC2)cc1,0.4266041,train
C[C@@H]1C[C@H]2[C@@H]3CC=C4CC(=O)C=C[C@]4(C)C3=CC[C@]2(C)[C@@]1(O)C(=O)CO,0.14508949,train
CNC1CN(c2nc(N)nc3cc(C(C)C)cnc23)C1,0.3515192,train
CCc1cnc2c(N3CC[C@@H](NC)C3)nc(N)nc2c1,0.50394255,val
CCc1cnc2c(N3CC(NC)C3)nc(N)nc2c1,0.38696966,train
CCc1cnc2c(N3CCN(C)CC3)nc(N)nc2c1,0.58846736,val
CN[C@@H]1CCN(c2cc(NCC3CC3)nc(N)n2)C1,0.93810266,val
CCc1ccc2c(N3CC[C@@H](NC)C3)nc(N)nc2c1,0.83785653,val
CCc1ccc2c(N3CC(NC)C3)nc(N)nc2c1,0.7718817,val
CCc1ccc2c(N3CCNCC3)nc(N)nc2c1,0.5898927,val
CNC1CN(c2nc(N)nc3cc(C4CC4)ccc23)C1,0.84050363,val
Nc1nc(N2CCNCC2)c2ccc(C3CC3)cc2n1,0.6927951,train
CNC1CN(c2nc(N)nc3cc(C4CCCC4)ccc23)C1,0.90097135,train
Nc1nc(N2CCNCC2)c2ccc(C3CCCC3)cc2n1,0.7955476,train
Nc1nc(N2CCNCC2)c2ccc(-c3ccco3)cc2n1,0.72894555,val
O[C@H]1CC[C@H](c2ccc(OCCCN3CCCCC3)cc2)CC1,0.3411172,train
N#Cc1cnccc1COc1cnc(N2CC3CCC(C2)N3C(=O)OCC(F)(F)F)nc1,0.81207675,test
C[C@@H]1CN(C(=O)OCC(F)(F)F)CCN1c1ncc(OCc2ccncc2C#N)cn1,0.71062046,train
N#Cc1cnccc1COc1cnc(N2CCN(C(=O)OCC(F)(F)F)CC2)nc1,0.70727366,train
CC(C)CN1CCC(COc2ccc(NC(=O)Nc3cccnc3Oc3ccccc3C(C)(C)C)c(F)c2)CC1,0.9938909,test
CN(C)Cc1ccccc1-c1ccc(NC(=O)Nc2cccnc2Oc2ccccc2C(C)(C)C)c(F)c1,0.90906036,val
COc1ccc2nccc([C@@H](O)CC[C@@H]3CCN(C4CC(c5cc(F)cc(F)c5F)C4)CC3C(=O)O)c2c1,0.11267572,train
COc1ccc2nccc([C@@H](O)CC[C@@H]3CCN(C4CC(c5cc(F)cc(F)c5)C4)CC3C(=O)O)c2c1,0.14274804,train
COc1ccc2nccc([C@@H](O)CC[C@@H]3CCN(C4CC(c5cc(F)ccc5F)C4)CC3C(=O)O)c2c1,0.115683004,train
COc1ccc2nccc([C@@H](O)CC[C@@H]3CCN(C4CC(c5c(F)cccc5F)C4)CC3C(=O)O)c2c1,0.093725786,train
COc1ccc2nccc([C@@H](O)CC[C@@H]3CCN(C4CC(c5cccc(F)c5)C4)CC3C(=O)O)c2c1,0.108432524,train
COc1ccc2nccc([C@@H](O)CC[C@@H]3CCN(C4CC(c5ccccc5F)C4)CC3C(=O)O)c2c1,0.07727912,train
COc1ccc2nccc([C@@H](O)CC[C@@H]3CCN(C4CC(c5ccccc5)C4)CC3C(=O)O)c2c1,0.07465582,train
COc1ccc2ncc(F)c([C@@H](O)CC[C@@H]3CCN(CCSc4cccs4)CC3C(=O)O)c2c1,0.2514786,train
COc1ccc(C2(c3cccc(-c4cncnc4)c3)CCC(=N)N2)cc1,0.63735247,val
COc1cccc(-c2cccc(C3(c4ccncc4)N=C(N)CS3)c2)c1,0.828984,val
COc1cccc(-c2cccc(C3(C)N=C(N)CCS3)c2)c1,0.8858972,train
COc1ccc(C2(c3cccc(-c4cccnc4)c3)N=C(N)CS2)cc1,0.80459636,test
COc1cccc(-c2cccc(C3(C)N=C(N)CS3)c2)c1,0.8606993,train
COc1cccc(-c2cccc(C3(C)CSCC(=N)N3)c2)c1,0.87499607,train
CC1(c2cccc(-c3cncnc3)c2)N=C(N)c2c(F)cccc2O1,0.9506595,train
COc1ccc(C2(c3cccc(-c4cncnc4)c3)N=C(N)n3nc(C)cc32)cc1,0.96222806,train
COc1cccc(-c2cccc(C3(C)COCC(=N)N3)c2)c1,0.74393076,train
COc1cccc(-c2cccc(C3(C)CCSC(=N)N3)c2)c1,0.94559073,train
CC1(c2cccc(-c3cccc(Cl)c3)c2)N=C(N)CCO1,0.9702435,train
CC1(c2cccc(-c3cncnc3)c2)N=C(N)c2ccccc2S1,0.7384911,val
CC1(c2cccc(-c3cncnc3)c2)N=C(N)c2ccccc2O1,0.89546293,train
COc1ccc(C2(c3cccc(-c4cccnc4)c3)CC(OC)C(=N)N2)cc1,0.886476,test
CC1(c2cccc(-c3cccnc3)c2)N=C(N)c2ccccc2O1,0.9685292,val
CCC1(c2cccc(-c3cncnc3)c2)N=C(N)c2ccccc2O1,0.85286564,train
COc1ccc(C2(c3cccc(-c4cncnc4)c3)N=C(N)c3nc(C)sc32)cc1,0.71553016,val
O=C(Nc1c[nH]c2ncc(-c3ccccc3F)cc12)c1cnn2ccc(NC[C@H]3CCNC[C@@H]3F)nc12,0.70786786,test
Cc1c(C)c2ccc(OCCCCN3CCC(c4noc5cc(F)ccc45)CC3)cc2oc1=O,0.95767033,train
Cc1cc(=O)oc2c(C)c(OCCCCN3CCC(c4noc5cc(F)ccc45)CC3)ccc12,0.9864727,train
Cc1cc(=O)oc2c(Cl)c(OCCCCN3CCC(c4noc5cc(F)ccc45)CC3)ccc12,0.9912259,train
O=c1cc(-c2ccccc2)c2ccc(OCCCCN3CCC(c4noc5cc(F)ccc45)CC3)cc2o1,0.9979448,test
COc1ccccc1N1CCN(CCCCOc2ccc3c(C)cc(=O)oc3c2)CC1,0.7849979,test
Cc1cc(=O)oc2cc(OCCCCN3CCC(c4noc5cc(F)ccc45)CC3)ccc12,0.98509175,train
CN(C)C(=O)C1C[C@@H]1c1ccc(-c2ncn(C)c2Sc2ccc(Cl)cn2)cc1,0.9066322,val
C[C@@H](O)c1nc2cnc3[nH]ccc3c2n1[C@H]1CC[C@H](CCC#N)CC1,0.18935767,val
COc1cccc(COC(=O)c2c(-c3ccc(OC)c(OC)c3)csc2N)c1,0.90075463,train
Cc1cc(N2CCC(N3CCCC3C)C2)ccc1NC(=O)c1cc(F)ccc1C,0.8731503,train
Cc1cc(N2CCC(N3CCCC3C)C2)ccc1NC(=O)c1ccccc1F,0.6982508,train
O=C1CC2(CCN(Cc3ccc(F)cc3)CC2)Oc2ccc(/C=C/C(O)=NO)cc21,0.5353891,train
O=C1CC2(CCN(Cc3ccccc3)CC2)Oc2ccc(/C=C/C(O)=NO)cc21,0.45198458,train
O=C(c1ccc(O)cc1OC[C@@H](O)CN1CCC2(CC1)Cc1cc(Cl)ccc1O2)N1CC[C@H](O)C1,0.6045921,train
O=C(c1cc(Cl)c(O)cc1OC[C@@H](O)CN1CCC2(CC1)Cc1cc(Cl)ccc1O2)N1CC[C@H](O)C1,0.6314194,train
O=C(c1ccc(O)cc1OC[C@@H](O)CN1CCC2(CC1)Cc1cc(Cl)ccc1O2)N1CCC(O)CC1,0.6731464,train
CC(=O)NCCNC(=O)c1ccc(O)cc1OC[C@@H](O)CN1CCC2(CC1)Cc1cc(Cl)ccc1O2,0.55655086,train
O=C(c1ccc(F)cc1OC[C@@H](O)CN1CCC2(CC1)Cc1cc(Cl)ccc1O2)N1CC[C@H](O)C1,0.87655467,train
O=C(NC1CC1)c1ccc(O)cc1OC[C@@H](O)CN1CCC2(CC1)Cc1cc(Cl)ccc1O2,0.8420908,train
O=C(NC1CC1)c1ccc(F)cc1OC[C@@H](O)CN1CCC2(CC1)Cc1cc(Cl)ccc1O2,0.9676485,train
CC(C)(C(=O)O)c1ccc(CN2CCC(COC(=O)c3c4n(c5ccccc35)CCCO4)CC2)cc1,0.1557289,train
Cc1cc(N2CC[C@H](N3CCC[C@@H]3C)C2)ccc1NC(=O)c1cc(F)ccc1C,0.9296548,train
Cc1cc(N2CC[C@@H](N3CCC[C@@H]3C)C2)ccc1NC(=O)c1cc(F)ccc1C,0.99499255,train
Cc1cc(Nc2ncc(Cl)c(Nc3ccccc3S(=O)(=O)C(C)C)n2)c(OC(C)C)cc1C1CCNCC1,0.6408504,train
Cc1cc(Nc2ncc(Cl)c(Nc3ccccc3S(=O)(=O)C(C)C)n2)c(OC(C)C)cc1C1CCN(C(=O)CN(C)C)CC1,0.23395617,train
Cc1cc(Nc2ncc(C)c(Nc3ccccc3S(=O)(=O)C(C)C)n2)c(OC(C)C)cc1C1CCN(C)CC1,0.6056053,train
CC(C)Oc1cc(C2CCNCC2)ccc1Nc1ncc(Cl)c(Nc2ccccc2S(=O)(=O)C(C)C)n1,0.6610015,train
Cc1cc(Nc2ncc(Cl)c(Nc3ccccc3S(=O)(=O)C(C)C)n2)c(OC(C)C)cc1C1CCN(C)CC1,0.78252757,train
Cc1cc(Nc2ncc(Cl)c(Nc3ccccc3S(=O)(=O)C(C)C)n2)c(OC2CCC2)cc1C1CCNCC1,0.6166244,val
Cc1cc(Nc2ncc(Cl)c(Nc3ccccc3S(=O)(=O)C(C)C)n2)c(OC(C)C)cc1C1CCN(CCO)CC1,0.8722561,train
CC(C)Oc1nc(C2CCNCC2)ncc1Nc1ncc(Cl)c(Nc2ccccc2S(=O)(=O)C(C)C)n1,0.55486065,val
Cc1nc2cc(F)ccc2n1[C@H]1CC[C@@H](NC[C@H]2Cc3ccc(C#N)cc3C2)CC1,0.99249774,train
CC(C)(O)c1nc2cc(Cl)ccc2n1[C@H]1CC[C@@H](NC[C@H]2Cc3ccc(C#N)cc3C2)CC1,0.9368444,train
CC(C)(O)c1nc2cc(Cl)ccc2n1[C@H]1CC[C@@H](NCC2Cc3ccc(Cl)cc3C2)CC1,0.96012133,train
O=c1ncn(Cc2c(F)cc(F)cc2F)c2ccc(Oc3ccccc3)cc12,0.94545543,val
Cc1ccc(Cn2cnc(=O)c3cc(Oc4ncccc4C(F)(F)F)ccc32)c(F)c1,0.6360605,train
Cc1ccc(Cn2cnc(=O)c3cc(Oc4ncccc4C(F)(F)F)ccc32)cc1,0.7313022,train
C[C@]1(CS(=O)(=O)N2CCN(c3ncc(OCc4ccc(C(F)(F)F)o4)cn3)CC2)NC(=O)NC1=O,0.17422426,val
C[C@]1(CS(=O)(=O)N2CCC(Oc3ccc(OC(F)(F)C(F)F)cc3)CC2)NC(=O)NC1=O,0.123557426,val
COCCN1CCN(c2cc3c(Nc4ccc(C)cc4F)c(C(N)=O)nnc3cc2OC)CC1,0.40304002,train
CCOc1cc2ncc(C(N)=O)c(Nc3ccc(F)cc3F)c2cc1N1CCN(C)CC1,0.6325302,train
COc1cc2nnc(C(N)=O)c(Nc3ccc(C)cc3F)c2cc1N1CCC(N(C)C)CC1,0.24913244,train
COc1cc2nnc(C(N)=O)c(Nc3ccc(C)cc3F)c2cc1N1C[C@@H](C)N[C@@H](C)C1,0.086187996,train
COc1cc2nnc(C(N)=O)c(Nc3ccc(C)cc3F)c2cc1N1CCN(C(C)C)CC1,0.086461015,train
CCOc1cc2ncc(C(N)=O)c(Nc3ccc(F)cc3F)c2cc1N1CCC(O)CC1,0.46730202,val
COc1cc2nnc(C(N)=O)c(Nc3ccc(C)cc3F)c2cc1N1CCS(=O)(=O)CC1,0.09319011,train
CCOc1cc2ncc(C(N)=O)c(Nc3ccc(C)cc3F)c2cc1N1CCN(C)CC1,0.50017005,train
COc1cc2nnc(C(N)=O)c(Nc3ccc(C)cc3F)c2cc1C1CCN(CCO)CC1,0.40177128,train
COc1cc2nnc(C(N)=O)c(Nc3ccc(C)cc3F)c2cc1N1CCCN(CCO)CC1,0.27375156,train
COc1cc2nnc(C(N)=O)c(Nc3ccc(C)cc3F)c2cc1C1CCN(C(C)C)CC1,0.1884615,train
CCOc1cc2ncc(C(N)=O)c(Nc3ccc(F)cc3F)c2cc1C1CCN(C)CC1,0.7850174,train
COCCOc1cc2ncc(C(N)=O)c(Nc3ccc(C)cc3F)c2cc1N1CCOCC1,0.074043304,val
CCOc1cc2ncc(C(N)=O)c(Nc3cccc(Cl)c3Cl)c2cc1N1CCN(C)CC1,0.8311573,train
COc1cc2nnc(C(N)=O)c(Nc3ccc(C)cc3F)c2cc1N1CCCN(C)CC1,0.20151061,train
CCOc1cc2ncc(C(N)=O)c(Nc3ccc(F)cc3F)c2cc1N1CCCN(C)CC1,0.73049927,train
CCOc1cc2ncc(C(N)=O)c(Nc3cccc(Cl)c3Cl)c2cc1C1CCN(C)CC1,0.9105909,train
CCCN1C(=O)CC2(CCN(CC3CCN(C(=O)OCC)CC3)CC2)c2cccnc21,0.97804743,train
CCOC(=O)N1CCC(CN2CCC3(CC2)CC(=O)N(CC)c2ncccc23)CC1,0.96824014,train
CCOC(=O)N1CCC(CN2CCC3(CC2)CC(=O)N(C)c2ncccc23)CC1,0.91637576,train
CCOC(=O)N1CCC(CN2CCC3(CC2)CC(=O)Nc2ncccc23)CC1,0.9005623,train
CCOC(=O)N1CCC(CN2CCC3(CC2)OC(=O)Nc2ncccc23)CC1,0.8490935,train
CCOC(=O)N1CCC(CN2CCC3(CC2)OC(=O)N(C)c2ncccc23)CC1,0.84564275,train
CC(=O)Nc1cc(Nc2cc(NC3CCC3)n3ncc(C#N)c3n2)c(F)cc1C,0.06679817,train
CC(=O)Nc1cc(Nc2cc(NC3CCC3)n3ncc(C#N)c3n2)ccc1C,0.26031086,train
CC(=O)Nc1cc(Nc2cc(NC3CC3)n3ncc(C#N)c3n2)ncc1C,0.16789591,test
CC(=O)Nc1cc(Nc2cc(NC3CC3)n3ncc(C#N)c3n2)c(F)cc1C,0.052169286,train
CC(=O)Nc1cc(Nc2cc(NC3CC3)n3ncc(C#N)c3n2)ccc1C1CC1,0.3897821,test
CC(=O)Nc1cc(Nc2cc(NC3CC3)n3ncc(C#N)c3n2)ccc1C,0.21339859,train
O=C(N[C@@H]1CC[C@H]2CN(Cc3cccc(C(F)(F)F)c3)C[C@H]21)C(C1CCCCC1)C1CCCCC1,0.99934715,train
O=C(N[C@H]1CC[C@H]2CN(Cc3cccc(C(F)(F)F)c3)C[C@H]21)C(C1CCCCC1)C1CCCCC1,0.9994473,train
COc1cc(-c2nc3n(n2)CCC[C@@H]3c2ccc(F)cc2C)ccc1-n1cnc(C)c1,0.9513483,train
COc1cc(-c2nc3n(n2)CCC[C@H]3c2ccc(F)cc2C)ccc1-n1cnc(C)c1,0.954656,train
Cn1cc(-c2ccnc(C3COCCN3)c2)c(-c2ccc(F)cc2)n1,0.7961308,train
CNCc1cc(-c2cn(C)nc2-c2ccc(F)cc2)ccn1,0.7034209,train
Nc1nccc(-c2c(-c3ccc(F)cc3)ncn2C2CCCCC2)n1,0.8602048,val
Cn1cc(-c2ccnc3c2OCCNC3)c(-c2ccc(F)cc2)n1,0.41439393,test
O=c1cc(N2CCOCC2)oc2c(-c3cccc4c3sc3ccccc34)cccc12,0.70802665,val
CC#CCn1c(N2CCC[C@@H](N)C2)cc(=O)n(Cc2ccc3ccc(Cl)cc3n2)c1=O,0.50099725,train
COc1ccc(NC(=O)/C=C/CN(C)C)cc1Nc1ncc(Cl)c(-c2cnn3ccccc23)n1,0.59713537,train
O=c1ccc2ncc(F)c3c2n1C[C@H]3CN1CCC(NCc2cc3c(cn2)OCCO3)CC1,0.01881479,train
O=c1ccc2ncc(F)c3c2n1C[C@@]3(F)CN1CCC(NCc2cc3c(cn2)OCCO3)CC1,0.0566437,train
CCc1nc2c(Cc3ccc(C(O)=NO)cc3)cccc2c(=O)n1CCc1ccccc1,0.64000857,train
N[C@H]1C[C@@H](N2Cc3cnc(C(F)(F)F)nc3C2)CO[C@@H]1c1cc(F)c(F)cc1F,0.54742104,test
N[C@H]1C[C@@H](N2Cc3cnc(C(F)(F)F)nc3C2)CC[C@@H]1c1cc(F)c(F)cc1F,0.89805937,test
CC1(C)c2nc(-c3ccc(F)cc3)c(Nc3ccc(Cl)cc3)n2CCN1C(=O)CN,0.108709164,train
CN1CCN(Cc2ccc(-c3cnc4[nH]cc(-c5ccc6[nH]ccc6c5)c4c3)cc2)CC1,0.97444147,train
Cc1nc(Oc2ccc(C(N)=O)cc2)ccc1CN1CCC(N2C(=O)N(C3CCOCC3)C[C@H]2c2ccccc2)CC1,0.3531168,train
Cc1nc(Oc2ccc(C(=O)O)cc2)ccc1CN1CCC(N2C(=O)N(C3CCOCC3)C[C@H]2c2cccc(Cl)c2)CC1,0.14306451,train
CNC(C)C(=O)NC1C(=O)N(Cc2c(C)ccc3ccccc23)c2ccc(C#N)cc2N(C(C)=O)[C@H]1C,0.46142823,test
Cc1ccc(S(=O)(=O)N/N=C/c2cn(CC(=O)Nc3ccc(F)cc3F)c3ccccc23)cc1,0.13998038,train
Cc1ccc(S(=O)(=O)N/N=C/c2cn(CC(=O)Nc3ccccc3Cl)c3ccccc23)cc1,0.1536085,train
Cc1ccc(S(=O)(=O)N/N=C/c2cn(CC(=O)Nc3ccccc3)c3ccccc23)cc1,0.15816873,train
COc1ccc(S(=O)(=O)NCCc2cn(CC(=O)Nc3ccc(Cl)cc3)c3ccccc23)cc1,0.8146013,train
COc1ccc(NC(=O)Cn2cc(CCNS(=O)(=O)c3ccc(OC)cc3)c3ccccc32)cc1,0.27025387,train
CCCCOc1ccc(S(=O)(=O)NCCc2c[nH]c3ccccc23)cc1,0.7053612,train
COC(=O)C(Cc1c[nH]c2ccccc12)NS(=O)(=O)c1ccc(Br)cc1,0.9439482,train
COC(=O)C(Cc1c[nH]c2ccccc12)NS(=O)(=O)c1ccc(OC2CCCC2)cc1,0.9492807,val
O=C1OCc2c1ccc(CCN1CCN(C(=O)Cc3ccc(-n4cnnn4)cc3)CC1)c2F,0.28867683,train
Cc1c(CCN2CCN(C(=O)Cc3ccc(-n4cnnn4)cc3)CC2)ccc2c1COC2=O,0.39116046,train
O=C1OCCc2cc(CCN3CCN(C(=O)Cc4ccc(-n5cnnn5)cc4)CC3)ccc21,0.49931526,train
O=C1OCc2cc(CCN3CCN(C(=O)Cc4ccc(-n5cnnn5)cc4)CC3)ccc21,0.5844684,train
O=C1OCc2cc(CCN3CCN(C(=O)Cc4ccc(-n5cnnn5)cc4)CC3)cc(Cl)c21,0.5239598,train
O=C1OCc2cc(CCN3CCN(C(=O)Cc4ccc(-n5cnnn5)cc4)CC3)cc(F)c21,0.48484647,train
Cc1cc(CCN2CCN(C(=O)Cc3ccc(-n4cnnn4)cc3)CC2)cc2c1C(=O)OC2,0.588683,train
COc1cc2c(cc1CCN1CCN(C(=O)Cc3ccc(-n4cnnn4)cc3)CC1)COC2=O,0.54214525,train
O=C1OCc2cc(CCN3CCN(C(=O)Cc4ccc(-n5cnnn5)cc4)CC3)c(F)cc21,0.3795102,train
Cc1cc2c(cc1CCN1CCN(C(=O)Cc3ccc(-n4cnnn4)cc3)CC1)COC2=O,0.47699448,train
COc1c(CCN2CCN(C(=O)Cc3ccc(-n4cnnn4)cc3)CC2)ccc2c1COC2=O,0.565618,train
O=C1OCc2c1ccc(CCN1CCN(C(=O)Cc3ccc(-n4cnnn4)cc3)CC1)c2Cl,0.3649022,train
O=C1OCc2c1ccc(CCN1CCN(C(=O)Cc3ccc(-n4cnnn4)cc3)CC1)c2C1CC1,0.65452874,test
CCc1c(CCN2CCN(C(=O)Cc3ccc(-n4cnnn4)cc3)CC2)ccc2c1COC2=O,0.5381082,train
O=C1OCc2cc(CCN3CCN(C(=O)Cc4ccc(-n5cnnn5)cc4C(F)(F)F)CC3)ccc21,0.94954455,train
O=C1OCc2cc(CCN3CCN(C(=O)Cc4ccc(-n5cnnn5)cc4C4CC4)CC3)ccc21,0.7722259,train
Cc1cc(-n2cnnn2)ccc1CC(=O)N1CCN(CCc2ccc3c(c2)COC3=O)CC1,0.6481256,train
O=C1OCc2cc(CCN3CCN(C(=O)Cc4ccc(-n5cnnn5)c(C(F)(F)F)c4)CC3)ccc21,0.7931264,train
N#Cc1cc(CC(=O)N2CCN(CCc3ccc4c(c3)COC4=O)CC2)ccc1-n1cnnn1,0.72043073,train
COc1cc(CC(=O)N2CCN(CCc3ccc4c(c3)COC4=O)CC2)ccc1-n1cnnn1,0.65950114,train
O=C1OCc2cc(CCN3CCN(C(=O)Cc4ccc(-n5cnnn5)c(F)c4)CC3)ccc21,0.63985026,train
O=C1CCc2cc(CCN3CCN(C(=O)Cc4ccc(-n5cnnn5)cc4)CC3)ccc21,0.3774772,test
O=C(Cc1ccc(-n2cnnn2)cc1)N1CCN(CCc2ccc3c(c2)COC3)CC1,0.21337493,train
O=C1OCc2ccc(CCN3CCN(C(=O)Cc4ccc(-n5cnnn5)cc4)CC3)cc21,0.37697414,train
O=C(Cc1ccc(-n2cnnn2)cc1)N1CCN(CCc2ccc3nonc3c2)CC1,0.8093592,test
N#Cc1cccc(CCN2CCN(C(=O)Cc3ccc(-n4cnnn4)cc3)CC2)c1,0.64184886,train
N#Cc1ccc(CCN2CCN(C(=O)Cc3ccc(-n4cnnn4)cc3)CC2)cc1,0.8729035,train
O=C(Cc1ccc(-n2cnnn2)cc1)N1CCN(CCc2ccc([N+](=O)[O-])cc2)CC1,0.701801,train
O=C1OCc2cc(CC(=O)N3CCN(CCc4ccc([N+](=O)[O-])cc4)CC3)ccc21,0.8155235,val
O=C(Cc1ccc([N+](=O)[O-])cc1)N1CCN(CCc2ccc([N+](=O)[O-])cc2)CC1,0.8841478,val
O=[N+]([O-])c1ccc(CCN2CCN(CCc3ccc(-n4cnnn4)cc3)CC2)cc1,0.9909594,val
Cc1cc(N2CC[C@H](N3CCC[C@@H]3C)C2)ccc1NC(=O)C1CCOCC1,0.4496054,val
O=C(O)c1ccccc1-c1ccc(CN2CCC(COC(=O)c3c4n(c5ccccc35)CCCO4)CC2)cc1,0.23085395,train
COC(=O)c1ccccc1-c1ccc(CN2CCC(COC(=O)c3c4n(c5ccccc35)CCCO4)CC2)cc1,0.97162104,train
O=C(OCC1CCN(Cc2ccc(-c3ccccc3-c3nn[nH]n3)cc2)CC1)c1c2n(c3ccccc13)CCCO2,0.71889746,train
COc1ccsc1CNCC[C@@]1(c2ccccn2)CCOC2(CCCC2)C1,0.8334435,train
c1ccc([C@]2(CCNCc3cccs3)CCOC3(CCCC3)C2)nc1,0.52563936,train
Cc1cc(N2CC[C@H](N3CCC[C@@H]3C)C2)ccc1NC(=O)c1c(C)noc1C,0.7087056,train
CCN(CC)CC(=O)N[C@@H]1CCC(C(=O)NC(c2ccc(F)cc2)c2ccc(F)cc2)[C@H](c2ccc(Br)cc2)C1,0.9961981,val
O=C(NC(c1ccc(Cl)cc1)c1ncccn1)C1CC[C@@H](N2CCOCC2)C[C@H]1c1ccc(Br)cc1,0.95144814,test
O=C(NC(c1ccc(Cl)cc1)c1cnccn1)C1CC[C@@H](N2CCOCC2)C[C@H]1c1ccc(Br)cc1,0.9894155,train
O=C(NC(c1ccc(Cl)cc1)c1ccc(F)cn1)C1CC[C@@H](N2CCOCC2)C[C@H]1c1ccc(Br)cc1,0.9982786,val
O=C(NC(c1ccc(Cl)cc1)c1ccnc(F)c1)C1CC[C@@H](N2CCOCC2)C[C@H]1c1ccc(Br)cc1,0.99761933,train
O=C(NC(c1ccc(Cl)cc1)c1ccncc1Cl)C1CC[C@@H](N2CCOCC2)C[C@H]1c1ccc(Br)cc1,0.9970874,train
Cc1cc(C(NC(=O)C2CC[C@@H](N3CCOCC3)C[C@H]2c2ccc(Br)cc2)c2ccc(Cl)cc2)ccn1,0.9951692,train
O=C(NC(c1ccncc1)c1ccc(Cl)cc1)C1CC[C@@H](N2CCOCC2)C[C@H]1c1ccc(Br)cc1,0.9961293,train
O=C(NC(c1ccncc1)c1ccc(F)cc1)C1CC[C@@H](N2CCOCC2)C[C@H]1c1ccc(Br)cc1,0.99093086,train
O=C(NC(c1ccc(F)cc1)c1ccc(F)cc1)C1CC[C@@H](N2CCOCC2)C[C@H]1c1ccc(Br)cc1,0.9991549,train
O=C(NC(c1ccc(Cl)cc1)c1ccc(Cl)cc1)C1CC[C@@H](N2CCOCC2)C[C@H]1c1ccc(Br)cc1,0.9997919,train
C[C@H](NC(=O)C1CC[C@@H](N2CCOCC2)C[C@H]1c1ccc(Br)cc1)c1ccc(F)cc1,0.9974841,val
O=C(C1CC[C@@H](N2CCOCC2)C[C@H]1c1ccc(Br)cc1)N1CC(c2ccccc2)(c2ccccc2)C1,0.9983039,train
O=C(NC(c1ccccc1)c1ccccc1)C1CC[C@@H](N2CCOCC2)C[C@H]1c1ccc(Br)cc1,0.9882952,train
O=C(NC(c1ccccc1)c1ccccc1)C1CC[C@@H](N2CCOCC2)C[C@H]1c1ccccc1,0.8976303,train
Cc1ccccc1[C@H]1C[C@@H](NCc2ccc(Cl)cc2)CCC1C(=O)N1CC(c2ccccc2)(c2ccccc2)C1,0.9683308,train
CN1Cc2cccc(Oc3ncccc3NC(=O)Nc3ccc(OC(F)(F)F)cc3)c2C1C(C)(C)C,0.9539551,train
CC(C)CN1CCC(c2ccccc2Oc2ncccc2NC(=O)Nc2ccc(OC(F)(F)F)cc2)CC1,0.9961015,train
CC(C)(C)CN1CCC(c2ccccc2Oc2ncccc2NC(=O)Nc2ccc(OC(F)(F)F)cc2)CC1,0.995968,train
CCCCCCCN(CC)C/C=C/Cc1ccc(Cl)cc1,0.9884461,train
CCCCCCCN(CC)CC#CCOC(c1ccccc1)c1ccccc1,0.7589656,train
CCCCCCCN(CC)CCCCc1ccc(Cl)cc1,0.98785734,train
CCCCCCCN(CC)CC#CCc1ccc(Cl)cc1,0.98475397,train
CCCCCCCN(CC)CC#CCCc1ccc(Cl)cc1,0.9858965,train
CCCCN(CC)CC#CC#Cc1ccc(Cl)cc1,0.9785372,train
CCCCCCCN(CC)CC#CCOc1ccc(Cl)cc1,0.87912893,train
CCCCN(CC)CC#CCOC(c1ccccc1)c1ccccc1,0.794334,train
CCCCCCCN(CC)CC#CCOCc1ccc(Cl)cc1,0.92513764,train
CCCCN(CC)CC#CCOCc1ccc(Cl)cc1,0.93874073,train
CCCCCCCN1CCC(C(=O)c2ccccc2)CC1,0.79018426,train
CCCCCCCN1CCC(Cc2ccccc2)CC1,0.95196044,val
CCCCCCCN(CC)CCCCCc1ccc(Cl)cc1,0.9865102,train
CCCCN(CC)CCCCCc1ccc(Cl)cc1,0.984999,train
CCCCCCCN(CC)CCCCc1ccccc1,0.93864214,train
CCCCCCC[N+](CC)(CC)C/C=C/Cc1ccc(Cl)cc1,0.99310994,train
CCCCCCCN(CC)C/C=C\Cc1ccccc1,0.9545093,train
CCCCCCCN(CC)C/C=C/CCc1ccc(Cl)cc1,0.9918652,train
CCCCN(CC)C/C=C/CCc1ccc(Cl)cc1,0.9923768,train
CCCCCCCN(CC)C/C=C/Cc1ccccc1,0.92730504,train
CCCCN(CC)C/C=C/Cc1ccc(Cl)cc1,0.989146,train
CCCCCCCN(CC)C/C=C/c1ccc(Cl)cc1,0.97584355,train
CCCCN(CC)C/C=C/c1ccc(Cl)cc1,0.97862864,train
CCCCN(CC)CC#CCOc1ccc(Cl)cc1,0.8988716,train
CCCCCCCN(CC)CC#CCCc1ccc(C)cc1,0.95285213,train
CCCCN(CC)CC#CCCc1ccc(C)cc1,0.95999336,train
CCCCN(CC)CC#CCCc1ccc(Cl)cc1,0.9880041,train
CCCCCCCN(CC)CC#CCCc1ccccc1,0.92714924,train
CCCCCCCN(CC)CC#CC(c1ccccc1)c1ccccc1,0.9880436,train
CCCCCCCN(CC)CC#CCc1ccc(C)cc1,0.949225,train
CCCCN(CC)CC#CCc1ccc(C)cc1,0.9569646,train
CCCCN(CC)CC#CCc1ccc(Cl)cc1,0.98707634,train
CCCCCCCN(CC)CC#CCc1ccccc1,0.92289513,train
CCCCN(CC)CC#CCc1ccccc1,0.93444854,train
CCCCCCC[N+](CC)(CC)CC#Cc1ccc(Cl)cc1,0.9920969,train
CCCCCCCN(CC)CC#Cc1ccc(Cl)cc1,0.9930824,train
O[C@@H](c1cc(C(F)(F)F)nc2c(C(F)(F)F)cccc12)[C@H]1CCCCN1,0.8257028,train
NC(=O)Nc1ccc(F)cc1OC[C@@H](O)CN1CCC2(CC1)Cc1cc(Cl)ccc1O2,0.93250644,train
NC(=O)Nc1ccccc1OC[C@@H](O)CN1CCC2(CC1)Cc1cc(Cl)ccc1O2,0.86593807,train
O=C(Nc1ccc(O)cc1OC[C@@H](O)CN1CCC2(CC1)Cc1cc(F)ccc1O2)NC1CC1,0.52353823,train
O=C(Nc1ccc(O)cc1OC[C@@H](O)CN1CCC2(CC1)Cc1cc(Cl)ccc1O2)NC1CC1,0.73863417,train
COc1ccc(NC(=O)NC2CC2)c(OC[C@@H](O)CN2CCC3(CC2)Cc2cc(Cl)ccc2O3)c1,0.8938991,train
O=C(Nc1cc(Cl)c(O)cc1OC[C@@H](O)CN1CCC2(CC1)Cc1cc(Cl)ccc1O2)NC1CC1,0.79774934,train
CNC(=O)Nc1ccc(O)cc1OC[C@@H](O)CN1CCC2(CC1)Cc1cc(Cl)ccc1O2,0.55489486,train
CNC(=O)Nc1ccc(O)cc1OC[C@@H](O)CN1CCC2(CC1)Cc1cc(F)ccc1O2,0.37241286,train
N[C@H](COc1cccc2ccc(=O)[nH]c12)CN1CCC2(CC1)Cc1cc(F)ccc1O2,0.9608619,train
N[C@H](COc1cccc2c1NC(=O)CO2)CN1CCC2(CC1)Cc1cc(F)ccc1O2,0.95219475,train
O=c1ccc2cccc(OC[C@@H](O)CN3CCC4(CC3)Cc3cc(Cl)ccc3O4)c2[nH]1,0.93941355,train
O=C1CCc2cccc(OC[C@@H](O)CN3CCC4(CC3)Cc3cc(Cl)ccc3O4)c2N1,0.9591427,test
O=C1COc2cccc(OC[C@@H](O)CN3CCC4(CC3)Cc3cc(Cl)ccc3O4)c2N1,0.9566431,train
CC1(C)OC(=O)N([C@H]2CC[C@H](c3cnc(N)c(-c4ncccn4)c3)CC2)[C@H]1c1ccccc1,0.068830766,val
COc1ccc(CNC(=O)c2cc(-c3cc(Cl)cc(Cl)c3)cnc2-c2cccnc2)cc1OC,0.98571706,val
COCCOc1ccn2c(-c3ccc4cccc(O[C@@H]5CCNC[C@H]5F)c4n3)cnc2c1,0.7161553,train
NC[C@]1(c2cccc(Cl)c2)CC[C@H](n2nc(-c3cccnc3)ccc2=O)CC1,0.5221078,train
NC[C@]1(c2cccc(Cl)c2)CC[C@H](N2CCc3c(nc(C(F)(F)F)nc3C3CC3)C2=O)CC1,0.9335027,train
COC1COCCC1N[C@@H]1C[C@H]2CN(C(=O)C#CC3CC3)C[C@@]2(C(=O)N2CCc3ncc(C(F)(F)F)cc3C2)C1,0.00929072,val
COC1COCCC1N[C@@H]1C[C@H]2CN(C(=O)/C=C/c3ccccc3)C[C@@]2(C(=O)N2CCc3ncc(C(F)(F)F)cc3C2)C1,0.022620274,train
COC1COCCC1N[C@@H]1C[C@H]2CN(c3ccccc3)C[C@@]2(C(=O)N2CCc3ncc(C(F)(F)F)cc3C2)C1,0.0522575,val
COC1COCCC1N[C@@H]1C[C@H]2CN(C3CC3)C[C@@]2(C(=O)N2CCc3ncc(C(F)(F)F)cc3C2)C1,0.02001889,train
CCN1C[C@@H]2C[C@@H](NC3CCOCC3OC)C[C@]2(C(=O)N2CCc3ncc(C(F)(F)F)cc3C2)C1,0.08059012,train
COC(=O)C(CCCN1CCC(c2ccccc2OC)CC1)(c1ccc(Br)cc1)C(C)C,0.9854822,test
COC(=O)C(CCCN1CC=C(c2ccccc2OC)CC1)(c1ccc(Br)cc1)C(C)C,0.9898141,test
COC(=O)C(CCC(=O)N1CCN(c2ccccc2OC)CC1)(c1ccc(Br)cc1)C(C)C,0.34143263,train
COC(=O)C(CCC(=O)N(C)CCCc1nc2ccccc2[nH]1)(c1ccc(Br)cc1)C(C)C,0.9414494,val
COc1ccccc1N1CCN(CCCC(C(=O)O)(c2ccc(Br)cc2)C(C)C)CC1,0.79227376,train
CC(C)C(CCCN(C)CCCc1nc2ccccc2[nH]1)(C(=O)O)c1ccc(Br)cc1,0.9374441,train
COC(=O)C(CCCN1CCN(c2ccccc2OC)CC1)(c1ccc(Br)cc1)C(C)C,0.96701896,train
Fc1ccccc1-c1nc2ccn(Cc3cc(-c4ccc(C(F)(F)F)cc4C(F)(F)F)no3)cc-2n1,0.9999747,train
Fc1ccccc1-c1nc2ccn(Cc3ccc(-c4ccc(C(F)(F)F)cc4C(F)(F)F)nn3)cc-2n1,0.99997294,val
O=C1NN=C(c2ccc(OC3CCN(C4CCC4)CC3)cc2)[C@@H]2CC12,0.69616586,train
O=C1NN=C(c2ccc(OC3CCN(C4CCC4)CC3)cc2)[C@H]2CC12,0.6690102,train
CCN(CC)C(C(=O)N1CCC[C@H]1c1nc(-c2ccc(-c3ccc(-c4c[nH]c([C@@H]5CCCN5C(=O)C(C)NC(=O)OC)n4)cc3)cc2)c[nH]1)c1ccccc1,0.76930743,train
COC(=O)NC(C(=O)N1CCC[C@H]1c1nc(-c2ccc(-c3ccc(-c4c[nH]c([C@@H]5CCCN5C(=O)C(NC(=O)OC)C(C)C)n4)cc3)cc2)c[nH]1)C(C)C,0.6809041,test
CNc1nc(NCCCN(C)C)c2sc(-c3ccc4nonc4c3)cc2n1,0.99011713,train
CNc1nc(NCCCN(C)C)c2sc(-c3ccc(N4CCOCC4)cc3)cc2n1,0.7481293,val
CNc1nc(NCCCN(C)C)c2sc(-c3ccc(OC)nc3)cc2n1,0.96571755,val
CNc1nc(NCCCN(C)C)c2sc(-c3ccc(OC(F)(F)F)cc3)cc2n1,0.9981042,train
CNc1nc(NCCCN(C)C)c2sc(-c3ccc(C(F)(F)F)cc3)cc2n1,0.9956405,train
CNc1nc(NCCCN(C)C)c2sc(-c3ccccc3)cc2n1,0.96676743,train
CCS(=O)(=O)c1ccc(-c2cnc(N)c(-c3ccc(C(F)(F)F)nc3)n2)cc1,0.89319956,train
Nc1ncc(-c2ccc(C(=O)N3CCOCC3)cc2)nc1-c1ccc(C(F)(F)F)nc1,0.037848156,test
CS(=O)(=O)c1ccc(-c2cnc(N)c(-c3ccc(C(F)(F)F)nc3)n2)cc1,0.6504948,train
Cc1nc2c(s1)CCC2C(=O)Nc1ccc(C[C@@H]2CC[C@H]([C@H](O)c3cccnc3)N2)cc1,0.29681686,train
Nc1nc2c(s1)CCC2C(=O)Nc1ccc(C[C@@H]2CC[C@H]([C@H](O)c3ccc(F)cc3)N2)cc1,0.86232215,train
O=C(Nc1ccc(C[C@@H]2CC[C@H]([C@H](O)c3cccnc3)N2)cc1)C1CCc2scnc21,0.6579194,train
Nc1nc2c(s1)CCC2C(=O)Nc1ccc(C[C@@H]2CC[C@H]([C@H](O)c3cccnc3)N2)cc1,0.2989452,train
Nc1nc2c(s1)CCC2C(=O)Nc1ccc(C[C@@H]2CC[C@H]([C@H](O)c3cccc(F)c3)N2)cc1,0.8605696,train
Nc1nc2c(s1)CCC2C(=O)Nc1ccc(C[C@@H]2CC[C@H]([C@H](O)c3cccc(Cl)c3)N2)cc1,0.93151736,train
Nc1nc2c(s1)CCC2C(=O)Nc1ccc(C[C@@H]2CC[C@H]([C@H](O)c3ccccc3)N2)cc1,0.62671494,train
CN1C(=O)CC[C@H]1CN(Cc1ccc(Cl)cc1)S(=O)(=O)c1cccc(C#N)c1,0.74228454,test
COc1ccc2c(c1)[C@@H]1C[C@]1(C(=O)N1[C@@H]3CC[C@H]1CN(C)C3)Cn1c-2c(C2CCCCC2)c2ccc(C(=O)NS(=O)(=O)N(C)C)cc21,0.032570142,train
O=C(C1CC12CCN(C1CCCCC1)CC2)N1CCN(C2CCCCC2)CC1,0.96334267,val
N#C[C@@H]1C[C@H](F)CN1C(=O)C(N)Cc1cc2c(cc1Br)OCO2,0.029445654,train
COC[C@H](C)Oc1cc(Oc2ccc(S(C)(=O)=O)cc2)cc(C(=O)Nc2nccs2)c1,0.6987146,train
COC[C@H](C)Oc1cc(Oc2ccc(S(C)(=O)=O)cc2)cc(C(=O)Nc2nc(C)ns2)c1,0.6029229,train
C[C@@H](CO)Oc1cc(Oc2ccc(C(=O)N3CCC3)cc2)cc(C(=O)Nc2ccn(C)n2)c1,0.10618875,train
C[C@@H]1CN(c2noc(C(F)(F)F)n2)CCN1c1ncc(OCc2ccncc2C#N)cn1,0.96033984,train
C[C@@H]1CN(c2nc(C(F)(F)F)no2)CCN1c1ncc(OCc2ccncc2C#N)cn1,0.72838885,train
CC(C)c1noc(N2CCN(c3ncc(OCc4ccncc4C#N)cn3)[C@H](C)C2)n1,0.7372573,train
C[C@@H]1CN(c2nnc(C(F)(F)F)o2)CCN1c1ncc(OCc2ccncc2C#N)cn1,0.45643005,train
NCC(=O)N1CCN(c2cnc3cc(C(F)(F)F)cc(NCc4cccc([N+](=O)[O-])c4)c3c2)CC1,0.09021943,train
CC(N)C(=O)N1CCN(c2cnc3cc(C(F)(F)F)cc(NCc4cccc([N+](=O)[O-])c4)c3c2)CC1,0.45145345,train
O=C(/C=C/[C@@H]1CCCN1)N1CCN(c2cnc3cc(C(F)(F)F)cc(NCc4cccc([N+](=O)[O-])c4)c3c2)CC1,0.44657844,train
CN(C)C/C=C/C(=O)N1CCN(c2cnc3cc(C(F)(F)F)cc(NCc4cccc([N+](=O)[O-])c4)c3c2)CC1,0.12352684,train
CCNC(=O)N1CCN(c2cnc3cc(C(F)(F)F)cc(NCc4cccc([N+](=O)[O-])c4)c3c2)CC1,0.6976036,train
CCCNC(=O)N1CCN(c2cnc3cc(C(F)(F)F)cc(NCc4cccc([N+](=O)[O-])c4)c3c2)CC1,0.7600021,train
O=C(N1CCOCC1)N1CCN(c2cnc3cc(C(F)(F)F)cc(NCc4cccc([N+](=O)[O-])c4)c3c2)CC1,0.2019074,test
CN1CCN(c2cnc3cc(C(F)(F)F)cc(NCc4cccc([N+](=O)[O-])c4)c3c2)CC1,0.9098039,train
CC(=O)N1CCN(c2cnc3cc(C(F)(F)F)cc(NCc4cccc([N+](=O)[O-])c4)c3c2)CC1,0.39083546,train
O=[N+]([O-])c1cccc(CNc2cc(C(F)(F)F)cc3ncc(N4CCN(CCO)CC4)cc23)c1,0.9416226,train
CN1CCN(c2cnc3cc(C(F)(F)F)cc(NCc4cccc(C#N)c4)c3c2)CC1,0.8430878,train
CC(=O)c1cccc(CNc2cc(C(F)(F)F)cc3ncc(N4CCN(C)CC4)cc23)c1,0.66882825,train
CCNC(=O)Nc1cccc(CNc2cc(C(F)(F)F)cc3ncc(N4CCN(C)CC4)cc23)c1,0.5662796,train
CN1CCN(c2cnc3cc(C(F)(F)F)cc(NCc4cccc5nonc45)c3c2)CC1,0.9436875,test
CN1CCN(c2cnc3cc(C(F)(F)F)cc(NCc4ccc5cccnc5c4)c3c2)CC1,0.8274183,val
[2H]C(Nc1cc(C(F)(F)F)cc2ncc(N3CCN(C)CC3)cc12)c1cccc([N+](=O)[O-])c1,0.98069066,train
[2H]C([2H])(O)CN1CCN(c2cnc3cc(C(F)(F)F)cc(NCc4cccc([N+](=O)[O-])c4)c3c2)CC1,0.8992985,train
[2H]C(Nc1cc(C(F)(F)F)cc2ncc(N3CCN(CC([2H])([2H])O)CC3)cc12)c1cccc([N+](=O)[O-])c1,0.97823364,train
CCn1ccc(NC(=O)c2cc(Oc3ccc(C(=O)N4CCC4)cc3)cc(O[C@@H](C)CO)c2)n1,0.2625275,train
CC(C)n1ccc(NC(=O)c2cc(Oc3ccc(C(=O)N4CCC4)cc3)cc(O[C@@H](C)CO)c2)n1,0.11248152,train
C[C@@H](CO)Oc1cc(Oc2ccc(C(=O)N3CCC3)cc2)cc(C(=O)Nc2nccs2)c1,0.13432567,train
Cc1nsc(NC(=O)c2cc(Oc3ccc(C(=O)N4CCC4)cc3)cc(O[C@@H](C)CO)c2)n1,0.08682979,val
Cc1cnc(NC(=O)c2cc(Oc3ccc(C(=O)N4CCC4)cc3)cc(O[C@@H](C)CO)c2)cn1,0.0657824,train
COC[C@H](C)Oc1cc(Oc2ccc(C(=O)N3CCC3)cc2)cc(C(=O)Nc2ccn(C)n2)c1,0.22201876,train
CC(C)Oc1cc(Oc2ccc(C(=O)N3CCC3)cc2)cc(C(=O)Nc2ccn(C)n2)c1,0.30867705,train
Cn1ccc(NC(=O)c2cc(Oc3ccc(C(=O)N4CCC4)cc3)cc(O[C@H]3CCOC3)c2)n1,0.053544678,test
Cn1ccc(NC(=O)c2cc(Oc3ccc(C(=O)N4CCC4)cc3)cc(OC(CF)CF)c2)n1,0.05034009,train
COC[C@H](C)Oc1cc(Oc2ccc(C(=O)N3CCC3)cc2)cc(C(=O)Nc2cnc(C)cn2)c1,0.11740107,train
COC[C@H](C)Oc1cc(Oc2ccc(C(=O)N3CCC3)nc2)cc(C(=O)Nc2cnc(C)cn2)c1,0.11706827,val
COC[C@H](C)Oc1cc(Oc2ncc(C(=O)N3CCC3)cc2Cl)cc(C(=O)Nc2cnc(C)cn2)c1,0.113332786,train
Cc1cnc(NC(=O)c2cc(Oc3ccc(S(C)(=O)=O)cc3)c3cc(C)oc3c2)cn1,0.6016923,train
Cc1cnc(NC(=O)c2cc(Oc3ccc(C#N)cc3)c3cc(C)oc3c2)cn1,0.89178693,train
Cc1cnc(NC(=O)c2cc(Oc3ccc(C(=O)N(C)C)cc3)c3cc(C)oc3c2)cn1,0.16809998,train
CC(=O)Nc1cccc(C2CCN(Cc3ccc(C(=O)c4nc5ccccc5n4-c4ccc(F)cc4)cc3)CC2)c1,0.9863942,train
CC(=O)Nc1cccc(C2CCN(Cc3ccc(C(=O)c4nc5ccccc5n4-c4ccc(Cl)cc4)cc3)CC2)c1,0.99370885,train
CC(=O)Nc1cccc(C2CCN(Cc3ccc(C(=O)c4nc5ccccc5n4C4CCOCC4)cc3)CC2)c1,0.82554823,train
CC(=O)Nc1cccc(C2CCN(Cc3ccc(C(=O)c4nc5ccccc5n4-c4ccc(F)cc4)cc3F)CC2)c1,0.9767864,train
CC(=O)Nc1cccc(C2CCN(Cc3ccc(C(=O)c4nc(C)c(C)n4-c4ccc(F)cc4)cc3)CC2)c1,0.91136706,train
N#Cc1ccc(OCC2(O)CN(S(=O)(=O)c3ccc(Cl)cc3Cl)C2)cc1F,0.88734984,val
CC[C@]1(c2cccc(NS(C)(=O)=O)c2)[C@@H]2CN(CC3Cc4ccccc4C3)C[C@@H]21,0.9986355,train
CC[C@]1(c2cccc(NS(C)(=O)=O)c2)[C@@H]2CN(CCCC3(O)CCCCC3)C[C@@H]21,0.99821717,train
CC[C@]1(c2cccc(C(N)=O)c2)[C@@H]2CN(CC3(O)Cc4ccccc4C3)C[C@@H]21,0.98144513,train
CC[C@]1(c2cccc(NS(C)(=O)=O)c2)[C@@H]2CN(CC3(O)Cc4ccccc4C3)C[C@@H]21,0.99666625,train
Cc1ccccc1-c1nc2ccc(-c3ccc(Cl)cc3)cc2c(=O)n1C[C@H]1CCCN(C(C)C)C1,0.9779537,test
Cc1ccccc1-c1nc2cc(-c3ccc(Cl)cc3)sc2c(=O)n1CC1CCCN(C(C)C)C1,0.94667894,train
Cc1ccccc1-c1nc2cn(-c3ccc(Cl)cc3)nc2c(=O)n1CC1CCCN(C(C)C)C1,0.71022373,train
COCCN1CCC[C@@H](Cn2c(-c3ccccc3C)nc3cc(-c4ccc(Cl)cc4)sc3c2=O)C1,0.9904203,train
COCCN1CCC[C@@H](Cn2c(-c3ccccc3C)nc3nc(-c4ccc(Cl)cc4)sc3c2=O)C1,0.96962637,train
COCCN1CCC[C@@H](Cn2c(-c3ccccc3C)nc3cn(-c4ccc(Cl)cc4)nc3c2=O)C1,0.9398649,train
COc1ccc(-n2cc3nc(-c4ccccc4C)n(CC4CCCN(C(C)C)C4)c(=O)c3n2)cc1,0.26033977,train
Cc1ccccc1-c1nc2cn(-c3cccc(Cl)c3)nc2c(=O)n1CC1CCCN(C(C)C)C1,0.7026328,train
COc1cccc(-n2cc3nc(-c4ccccc4C)n(CC4CCCN(C(C)C)C4)c(=O)c3n2)c1,0.31282213,train
Cc1ccccc1-c1nc2cn(-c3cccc(C#N)c3)nc2c(=O)n1CC1CCCN(C(C)C)C1,0.3931088,train
COCCN1CCCC(Cn2c(-c3cccnc3C)nc3cn(-c4ccc(C#N)cc4)nc3c2=O)C1,0.6451327,train
COc1cccc(-n2cc3nc(-c4cccnc4C)n(C[C@H]4CCCN(C(C)C)C4)c(=O)c3n2)c1,0.12313543,train
COCCN1CCC[C@H](Cn2c(-c3cccnc3C)nc3cn(-c4cccc(OC)c4)nc3c2=O)C1,0.28096616,train
COc1cccc(-n2cc3nc(C)n(C[C@H]4CCCN(C[C@H]5CCCO5)C4)c(=O)c3n2)c1,0.6616434,train
COc1cccc(-n2cc3nc(CC(C)C)n(C[C@H]4CCCN(C[C@H]5CCCO5)C4)c(=O)c3n2)c1,0.85055506,train
Cc1ncccc1-c1nc2cn(-c3ccccc3)nc2c(=O)n1C[C@H]1CCCN(C[C@H]2CCCO2)C1,0.35585612,train
COc1ccc(-n2cc3nc(-c4cccnc4C)n(C[C@H]4CCCN(C[C@H]5CCCO5)C4)c(=O)c3n2)cc1,0.34357864,train
CCOc1cccc(-n2cc3nc(-c4cccnc4C)n(C[C@H]4CCCN(C[C@H]5CCCO5)C4)c(=O)c3n2)c1,0.43924552,train
CCCOc1cccc(-n2cc3nc(-c4cccnc4C)n(C[C@H]4CCCN(C[C@H]5CCCO5)C4)c(=O)c3n2)c1,0.8083713,train
Cc1ncccc1-c1nc2cn(-c3cccc(OC(C)C)c3)nc2c(=O)n1C[C@H]1CCCN(C[C@H]2CCCO2)C1,0.5522226,train
Cc1ncccc1-c1nc2cn(-c3cccc(OC(F)F)c3)nc2c(=O)n1C[C@H]1CCCN(C[C@H]2CCCO2)C1,0.8542807,train
COc1cccc(-n2cc3nc(-c4cccnc4C)n(C[C@H]4CCCN(C[C@H]5CCCO5)C4)c(=O)c3n2)c1,0.40401962,train
COCCC(Oc1ncnc2c1cnn2-c1ncccc1Cl)C(=O)Nc1ccc(C)cn1,0.022960896,train
CC(C)OCC(Oc1ncnc2c1cnn2-c1ncccc1Cl)C(=O)Nc1ccc(F)cn1,0.0077969083,train
CCOCC(Oc1ncnc2c1cnn2-c1ncccc1Cl)C(=O)Nc1ccc(C)cn1,0.04375035,train
CC(C)OCC(Oc1ncnc2c1cnn2-c1ncccc1Cl)C(=O)Nc1ccc(Cl)cn1,0.032271903,train
CCOCC(Oc1ncnc2c1cnn2-c1ncccc1Cl)C(=O)Nc1ccc(F)cn1,0.051087484,train
CC(C)OCC(Oc1ncnc2c1cnn2-c1ccccc1Cl)C(=O)Nc1ccccn1,0.01948651,train
COCC(Oc1ncnc2c1cnn2-c1ccccc1Cl)C(=O)Nc1ccc(C)cn1,0.07718675,train
CCOCC(Oc1ncnc2c1cnn2-c1ccccc1Cl)C(=O)Nc1cnc(C)cn1,0.025013108,train
CC(C)OCC(Oc1ncnc2c1cnn2-c1ncccc1Cl)C(=O)Nc1ccc(C#N)cn1,0.025168614,train
Cc1ccc(NC(=O)C(COC2CCC2)Oc2ncnc3c2cnn3-c2ncccc2Cl)nc1,0.044335354,test
Cc1cnc(NC(=O)C(COC2CCC2)Oc2ncnc3c2cnn3-c2ncccc2Cl)cn1,0.0080036605,test
Cc1ccc(NC(=O)C(COC(C)C)Oc2ncnc3c2cnn3-c2ccccc2Cl)nc1,0.019412847,train
CC(C)OCC(Oc1ncnc2c1cnn2-c1ccccc1Cl)C(=O)Nc1ccc(F)cn1,0.022438135,train
CCOCC(Oc1ncnc2c1cnn2-c1ncccc1Cl)C(=O)Nc1ccc(C#N)cn1,0.18766977,train
CCOCC(Oc1ncnc2c1cnn2-c1ncccc1Cl)C(=O)Nc1cnc(C)cn1,0.008067446,val
Cc1cnc(NC(=O)C(COC2CCC2)Oc2ncnc3c2cnn3-c2ccccc2Cl)cn1,0.02548839,val
CC(C)OCC(Oc1ncnc2c1cnn2-c1ccccc1Cl)C(=O)Nc1ccc(C#N)cn1,0.08870846,train
CCOCC(Oc1ncnc2c1cnn2-c1ncccc1Cl)C(=O)Nc1ccc(Cl)cn1,0.22727162,train
CC(C)OCC(Oc1ncnc2c1cnn2-c1ccccc1Cl)C(=O)Nc1ccc(Cl)cn1,0.10962638,train
O=C(Nc1ccc(Cl)cn1)C(COCCO)Oc1ncnc2c1cnn2-c1ncccc1Cl,0.040912457,train
N#Cc1ccc(NC(=O)C(COCCO)Oc2ncnc3c2cnn3-c2ncccc2Cl)nc1,0.028373413,train
O=C(Nc1ccc(Cl)cn1)C(COCCO)Oc1ncnc2c1cnn2-c1ccccc1Cl,0.096615426,train
C[C@@H](CO)OCC(Oc1ncnc2c1cnn2-c1ncccc1Cl)C(=O)Nc1ccc(C#N)cn1,0.03138392,train
C[C@H](CO)OCC(Oc1ncnc2c1cnn2-c1ncccc1Cl)C(=O)Nc1ccc(C#N)cn1,0.033679772,train
O=C(Nc1ccc(Cl)cn1)C(CN1CC(O)C1)Oc1ncnc2c1cnn2-c1ncccc1Cl,0.3368757,val
O=C(Nc1ccc(Cl)cn1)C(CN1CC(O)C1)Oc1ncnc2c1cnn2-c1ccccc1Cl,0.6551642,train
N#Cc1ccc(NC(=O)C(CN2CC(O)C2)Oc2ncnc3c2cnn3-c2ccccc2Cl)nc1,0.59949106,train
O=C(Nc1ccc(F)cn1)C(CN1CC(O)C1)Oc1ncnc2c1cnn2-c1ccccc1Cl,0.25860217,train
O=C(Nc1ccc(F)cn1)C(COCCO)Oc1ncnc2c1cnn2-c1ccccc1Cl,0.028166672,train
N#Cc1ccc(NC(=O)C(CN2CC(O)C2)Oc2ncnc3c2cnn3-c2c(Cl)cccc2Cl)nc1,0.86344355,train
O=C(Nc1ccc(F)cn1)C(CN1CC(O)C1)Oc1ncnc2c1cnn2-c1c(Cl)cccc1Cl,0.59678876,train
COc1ccc(N2C(=O)C(C)(C)C2c2ccccc2OC)cc1,0.21145326,train
O=C(Nc1ccc(F)cn1)C(COCCO)Oc1ncnc2c1cnn2-c1c(Cl)cccc1Cl,0.0783219,train
N#Cc1ccc(NC(=O)C(CN2CC(O)C2)Oc2ncnc3c2cnn3-c2c(Cl)cccc2C#N)nc1,0.7403817,train
N#Cc1cccc(Cl)c1-n1ncc2c(OC(CN3CC(O)C3)C(=O)Nc3ccc(F)cn3)ncnc21,0.4001534,train
N#Cc1cccc(Cl)c1-n1ncc2c(OC(COCCO)C(=O)Nc3ccc(F)cn3)ncnc21,0.03886762,train
O=C(Nc1ccccn1)C(CN1CC(O)C1)Oc1ncnc2c1cnn2-c1c(F)cccc1Cl,0.29902494,train
O=C(Nc1ccc(F)cn1)C(CN1CC(O)C1)Oc1ncnc2c1cnn2-c1c(F)cccc1Cl,0.3328493,train
O=C(Nc1ccc(F)cn1)C(COCCO)Oc1ncnc2c1cnn2-c1c(F)cccc1Cl,0.034459405,train
Cc1cnc(NC(=O)C(CN2CC(O)C2)Oc2ncnc3c2cnn3-c2c(Cl)cccc2Cl)cn1,0.15788521,train
Cc1cccc(Nc2cc(N[C@@H]3CCCC[C@@H]3N)nnc2C(N)=O)n1,0.84662545,train
CCc1cccc(Nc2cc(N[C@@H]3CCCC[C@@H]3N)nnc2C(N)=O)n1,0.93957907,train
CCCc1cccc(Nc2cc(N[C@@H]3CCCC[C@@H]3N)nnc2C(N)=O)n1,0.9942821,train
NC(=O)c1nnc(N[C@@H]2CCCC[C@@H]2N)cc1Nc1cccc(C2CC2)n1,0.92788464,val
CC(C)c1cccc(Nc2cc(N[C@@H]3CCCC[C@@H]3N)nnc2C(N)=O)n1,0.8663732,train
Cc1nc(Nc2cc(N[C@@H]3CCCC[C@@H]3N)nnc2C(N)=O)ccc1F,0.8059007,train
Cc1ccc(Nc2cc(N[C@@H]3CCCC[C@@H]3N)nnc2C(N)=O)nc1C,0.71339506,train
Cc1nc(Nc2cc(N[C@@H]3CCCC[C@@H]3N)nnc2C(N)=O)ccc1Cl,0.91869617,train
NC(=O)c1nnc(N[C@@H]2CCCC[C@@H]2N)cc1Nc1ccc2c(n1)CCC2,0.87198126,train
COc1ccc(Nc2cc(N[C@@H]3CCCC[C@@H]3N)nnc2C(N)=O)nc1OC,0.9132409,train
CC(C)(C)c1cccc(Nc2cc(N[C@@H]3CCCC[C@@H]3N)nnc2C(N)=O)n1,0.94651794,train
CC(C)C[C@H](CN)Nc1cc(Nc2cccc(C(C)(C)C)n2)c(C(N)=O)nn1,0.9358442,train
Cc1ccc(Nc2cc(N[C@@H]3CCCC[C@@H]3N)nnc2C(N)=O)nc1C(C)C,0.90640014,train
CCCc1nc(Nc2cc(N[C@@H]3CCCC[C@@H]3N)nnc2C(N)=O)ccc1OC,0.9889971,train
COc1ccc(Nc2cc(N[C@@H]3CCCC[C@@H]3N)nnc2C(N)=O)nc1C(C)C,0.93076295,train
COc1ccc(Nc2cc(N[C@@H]3CCOC[C@@H]3N)nnc2C(N)=O)nc1C(C)C,0.388611,train
Cc1ccc(Nc2cc(NCCN)nnc2C(N)=O)nc1C(C)C,0.2653155,train
COc1ccc(Nc2cc(NCCN)nnc2C(N)=O)nc1C(C)C,0.27255204,train
CCCc1nc(Nc2cc(NCCN)nnc2C(N)=O)ccc1OC,0.7505229,train
CC(C)c1nc(Nc2cc(N[C@@H]3CCOC[C@@H]3N)nnc2C(N)=O)ccc1F,0.31655642,train
CC(C)c1nc(Nc2cc(NCCN)nnc2C(N)=O)ccc1F,0.25666565,train
CC(C)(O)c1ccc(-c2cc(C(N)=O)c(Nc3cccc(CN4CCOCC4)n3)s2)cc1,0.56071854,train
CC(C)(O)COCc1cccc(Nc2sc(-c3c(F)cc(C(C)(C)O)cc3F)cc2C(N)=O)n1,0.24538687,val
NC(=O)c1cc(-c2ccccc2F)sc1Nc1cccc(CN2CCOCC2)n1,0.8765615,train
CCS(=O)(=O)C[C@@H]1C[C@H](N(C)C(C)C)CC[C@@H]1N1CCC(NC(=O)c2cccc(-c3ccccc3)c2)C1=O,0.09160045,train
CC(C)N(C)[C@@H]1CC[C@H](N2CCC(NC(=O)c3cccc(C(C)(C)C)c3)C2=O)[C@H](CS(=O)(=O)C(C)C)C1,0.057272434,train
Fc1nccc2c3cnc(Nc4ccc(N5CCNCC5)cn4)nc3n(C3CCCC3)c12,0.788814,train
Clc1nccc2c3cnc(Nc4ccc(N5CCNCC5)cn4)nc3n(C3CCCC3)c12,0.82719725,train
C[C@@H](O)CN(C)C1CCN(c2ccc(Nc3ncc4c5ccncc5n([C@H]5CC[C@H](C)CC5)c4n3)nn2)CC1,0.9690258,train
O=C(N1CCc2ncc(C(F)(F)F)cc2C1)[C@@]12CCO[C@@H]1C[C@@H](NC1CCOCC1)C2,0.022262601,test
O=C(N1CCc2ncc(C(F)(F)F)cc2C1)[C@@]12CCO[C@@H]1C[C@@H](N1CCC(c3ccccc3)CC1)C2,0.8917426,train
O=C(O)c1cccc(C2CCN([C@@H]3C[C@H]4OCC[C@@]4(C(=O)N4COc5ccc(C(F)(F)F)cc5C4)C3)CC2)c1,0.15480138,train
CNC(=O)c1cccc(C2CCN([C@@H]3C[C@H]4OCC[C@@]4(C(=O)N4COc5ccc(C(F)(F)F)cc5C4)C3)CC2)c1,0.78628993,train
N[C@H]1CCCC[C@H]1Nc1cc2[nH]cnc(=O)c2c(Nc2cccc3c(Cl)c[nH]c23)n1,0.90119463,val
N[C@H]1COCC[C@H]1Nc1cc2cc[nH]c(=O)c2c(Nc2cccc3cc[nH]c23)n1,0.3598349,val
Cc1c[nH]c2c(Nc3nc(N[C@@H]4CCCC[C@@H]4N)cc4cc[nH]c(=O)c34)cccc12,0.98782396,train
CC(C)CNCc1ccc(-c2ccccc2S(=O)(=O)N2CCCC2)cc1,0.9294939,train
CC(c1nc(-c2ccc(C#N)cc2)cs1)[C@](O)(Cn1cncn1)c1ccc(F)cc1F,0.8700484,val
C[C@@H](n1cnc2cc(Cl)ccc2c1=O)[C@](O)(Cn1cncn1)c1ccc(F)cc1F,0.111195594,val
N#Cc1ccc(-c2ccc(C[C@@H](C#N)NC(=O)C3CCCCN3)cc2)cc1,0.8824351,train
CSc1cc(-c2ccc(C[C@@H](C#N)NC(=O)C3CCCCN3)cc2)ccc1C#N,0.9912487,train
N#Cc1ccc(-c2ccc(C[C@@H](C#N)NC(=O)C3(N)CCCCC3)cc2)cc1,0.8981083,train
N#Cc1ccc(-c2ccc(C[C@@H](C#N)NC(=O)C3(N)CCOCC3)cc2)cc1,0.69990385,val
Cc1cccc(-c2[nH]c(CNc3ccccc3F)nc2-c2ccc3ncnn3c2)n1,0.4271387,val
c1cncc(OC[C@H]2CNCCN2c2nc3ncccc3o2)c1,0.08882516,train
COc1ccc(NC(=O)N2CCNC[C@@H]2COc2cccnc2)cc1,0.06537001,val
C=c1c(NC(=O)CCN2CCN(C)CC2)c(C)[nH]c1=Cc1c(O)[nH]c2ccc(F)cc12,0.5045462,test
Cc1csc(-c2ccc(N)c(NC(=O)c3ccc(N4CCC5(CC4)CNC(=O)O5)nc3)c2)c1,0.9490564,train
Nc1ccc(-c2ccccc2)cc1NC(=O)c1ccc(N2CCC3(CC2)CNC(=O)O3)nc1,0.76663804,train
Nc1ccc(-c2ccc(F)cc2)cc1NC(=O)c1ccc(N2CCC3(CC2)CNC(=O)O3)nc1,0.8812908,train
CC(C)OC(=O)N1CCC(C)(CN2CCC3(CC2)CN(S(C)(=O)=O)c2ncccc23)CC1,0.8213798,train
CCOC(=O)N1CCC(CN2CCC3(CC2)CN(S(C)(=O)=O)c2ncccc23)CC1,0.90292555,train
CCOC(=O)N1CCC(C)(CN2CCC3(CC2)CN(S(C)(=O)=O)c2ncccc23)CC1,0.8584561,train
COC(=O)N1CCC(C)(CN2CCC3(CC2)CN(S(C)(=O)=O)c2ncccc23)CC1,0.67721933,train
Nc1nc2ccc(NCC(F)(F)F)nc2n1CC(O)c1ccc(Cl)cc1Cl,0.6979667,val
Nc1nc(C2CC2)cn1CC(O)c1ccc(Cl)cc1Cl,0.46901438,train
Nc1nc2ccccc2n1CC(O)c1ccc(Cl)cc1Cl,0.54893553,val
CN1CCN(c2ccc3nc(N)n(CC(O)c4ccc(C(F)(F)F)cc4Cl)c3n2)CC1,0.30509928,train
Nc1nc2ccc(OC3CCOC3)nc2n1CC(O)c1ccc(C(F)(F)F)cc1Cl,0.1487558,train
Nc1nccn1CC(O)c1cccc(Cl)c1Cl,0.11164599,train
Nc1nc(-c2ccc(F)cc2)cn1CC(O)c1ccc(C(F)(F)F)cc1Cl,0.7787548,val
Nc1nccn1CC(O)c1ccc(Cl)cc1F,0.35992396,train
CC1CN(CC(=O)N[C@H]2C3CC4CC2C[C@](C(N)=O)(C4)C3)S(=O)(=O)N(c2c(Cl)cc(Cl)cc2Cl)C1,0.50730187,test
COc1ccc(CC(=O)N2CCC3(CC2)CN([C@@H]2CCc4cc(-c5ncccn5)ccc42)C3)cc1,0.6615182,test
Cc1cc(-c2ccc3c(c2)CC[C@H]3N2CC3(CCN(C(=O)Cc4cn5cc(C)sc5n4)CC3)C2)ncn1,0.90181196,test
O=S(=O)(NCCCCN1CCC(c2noc3cc(F)ccc23)CC1)c1cc2ccccc2s1,0.9755078,train
CS(=O)(=O)c1ccc(-c2nn(-c3ccc(F)cc3)cc2Sc2ccc(Cl)cc2)cc1,0.9997838,test
CC(C)(O)c1cnc(-c2nn(-c3ccc(F)cc3)cc2Sc2ccc(Cl)cc2)cn1,0.9885847,test
CC(C)(O)c1ccc(-c2nc(-c3ccc(F)cc3)oc2Sc2ccc(Cl)cn2)cn1,0.7336018,test
Clc1ccc(Sc2c[nH]nc2-c2ccc3c(c2)OCCO3)cc1,0.9802627,val
CS(=O)(=O)c1ccc(-c2nc(-c3ccc(F)cc3)oc2Sc2ccc(Cl)cn2)cc1,0.99540603,val
Clc1ccc(Sc2cn(-c3cccnc3)nc2-c2ccc(-c3ncon3)cc2)cc1,0.99861467,test
CS(=O)(=O)c1ccc(-c2nc(-c3ccccc3)oc2Sc2ccc(Cl)cc2)cc1,0.99821174,val
Cc1cc(C(=O)N[C@H]2CC[C@@H](NC(=O)c3cc(F)cnc3Oc3cccc(-c4ccc(O)cc4CN4CCOCC4)c3)CC2)nn1C,0.42713428,val
Cc1csc(C(=O)N[C@H]2CC[C@@H](NC(=O)c3cc(F)cnc3Oc3cccc(-c4ccc(CN5C[C@@H](C)N[C@@H](C)C5)cc4CN4CCOCC4)c3)CC2)n1,0.10230634,train
Cc1ccc(O)c(C(=O)N[C@H]2CC[C@@H](NC(=O)c3cc(F)cnc3Oc3cccc(-c4ccc(CN5C[C@@H](C)N[C@@H](C)C5)cc4CN4CCOCC4)c3)CC2)c1,0.6750408,test
Cc1onc(C(=O)N2[C@@H]3CC[C@H]2C[C@@H](Nc2cc(=O)n(C)c4cc(F)c(F)cc24)C3)c1C,0.5771154,test
COc1ccc2ccc(=O)n(CCN3CCC(NCc4ccc5c(n4)NC(=O)CO5)CC3)c2n1,0.1608434,val
Cc1nc(CNC2CCN(CCn3c(=O)ccc4ccc(C#N)cc43)CC2)ccc1C#N,0.6853067,train
Cc1ncc(CNC2CCN(CCn3c(=O)ccc4ccc(C#N)cc43)CC2)cc1C#N,0.31561613,train
Cc1ncc(CNC2CCN(CCn3c(=O)ccc4ncc(F)cc43)CC2)cc1C#N,0.07398835,train
COc1cnc2ccc(=O)n(CCN3CCC(NCc4cnc(C)c(C#N)c4)CC3)c2c1,0.056181405,train
COc1ccc2c(ccc(=O)n2CCN2CCC(NCc3cnc(C)c(C#N)c3)CC2)n1,0.15750484,train
Cc1ncc(CNC2CCN(CCn3c(=O)ccc4c3ccc(=O)n4C)CC2)cc1C#N,0.048194867,train
COc1cc(C#N)c2ccc(=O)n(CCN3CCC(NCc4cnc(C)c(C#N)c4)CC3)c2c1,0.16148718,train
COc1cnc2ccc(=O)n(CCN3CCC(NC(=O)c4cnc(C)c(C#N)c4)CC3)c2c1,0.08068054,train
COc1cnc2ccc(=O)n(CCN3CCC(NCc4cnc(OC)c(C#N)c4)CC3)c2c1,0.07488168,train
COc1cnc2ccc(=O)n(CCN3CCC(NCc4cnc(C)c(C#N)n4)CC3)c2c1,0.011982758,train
COc1ccc2ncc(=O)n(CCN3CCC(NCc4cnc(C)c(C#N)c4)CC3)c2n1,0.06448497,train
COc1cnc2ccc(=O)n(CCN3CC[C@@H](NCc4cnc(C)c(C#N)c4)[C@@H](F)C3)c2c1,0.037975896,train
COc1ccc2ncc(F)c(CCC34CCC(NCc5ccc6c(n5)NC(=O)CO6)(CC3)CO4)c2n1,0.9883314,train
COc1ccc2ncc(F)c(C[C@H](O)C34CCC(NCc5ccc6c(n5)NC(=O)CO6)(CC3)CO4)c2n1,0.9452364,train
C[C@@H]1Cn2ncc(-c3ccc(S(C)(=O)=O)cc3)c2CN1c1ccnc2[nH]ccc12,0.8002295,train
C[C@@H]1Cn2ncc(C3CCN(S(C)(=O)=O)CC3)c2CN1c1cc(Cl)nc2[nH]ccc12,0.53097415,test
O=C(NCCN1CCC(O)(Cc2ccc(F)cc2)CC1)Nc1ccnc2ccsc12,0.8797802,val
COc1ccccc1CCNCC(=O)N1CCc2ccccc2C1C1CCCCC1,0.55608904,train
O=C(CNCCc1c(Cl)cccc1Cl)N1CCc2ccccc2C1C1CCCCC1,0.7954953,train
O=C(CNCC1CCCCC1)N1CCc2ccccc2C1C1CCCCC1,0.2122461,train
O=C(CNCC1(O)CCCCC1)N1CCc2ccccc2C1C1CCCCC1,0.086107396,train
O=C(CNCC1(O)CCCC1)N1CCc2ccccc2C1C1CCCCC1,0.10318937,test
O=C(CNCC1(O)CCCCCC1)N1CCc2ccccc2C1C1CCCCC1,0.08925474,train
O=C(CNCC1(O)CCCCC1)N1CCc2ccccc2[C@@H]1C1CCCCC1,0.07931314,train
O=C(CNCC1(O)CCCCC1)N1CCc2ccccc2[C@H]1C1CCCCC1,0.07605839,train
CN1CCC(CNc2ccn3ncc(-c4cccc(OC(F)(F)F)c4)c3n2)CC1,0.98412675,val
CC(C)(CC(O)(Cc1cc2cc(N3CCOCC3)ncc2[nH]1)C(F)(F)F)c1ccccc1S(C)(=O)=O,0.03931139,train
Cc1ccc(F)cc1C(C)(C)CC(O)(Cc1cc2cc(-c3ccccc3)ncc2[nH]1)C(F)(F)F,0.83853215,test
Fc1cc(C(CC2CNC2)Oc2ccccc2F)ccc1Cl,0.98624307,train
Fc1cccc(OC(CC2CNC2)c2ccc(Cl)c(F)c2)c1,0.99528533,train
CN(C)c1ccc(/C=C/c2c(F)cccc2F)cc1,0.26299167,train
CNc1ccc(C=Cc2c(F)cccc2F)cc1,0.34858984,train
CNc1ccc(C=Cc2c(F)cccc2Cl)cc1,0.3101285,train
CN(C)c1ccc(/C=C/c2c(F)cccc2F)nc1,0.20610966,train
CN(C)c1ccc(/C=C/c2c(F)cccc2Cl)nc1,0.18653902,train
CN(C)c1ccc(/C=C/c2c(F)cccc2F)cn1,0.17298271,train
CN(C)c1ccc(/C=C/c2c(F)cccc2Cl)cn1,0.16834275,train
CNc1ccc(C=Cc2c(F)cccc2Cl)cn1,0.20888717,train
CN(C)c1ncc(/C=C/c2c(F)cccc2F)cn1,0.24651396,train
Cn1cc([C@@]2(c3cncc(C(=O)O)c3)N[C@@H](c3nc(-c4ccc(F)cc4)c[nH]3)Cc3c2[nH]c2ccccc32)cn1,0.14039996,train
Cn1cc([C@@]2(c3cc(C(=O)O)ccn3)N[C@@H](c3nc(-c4ccc(F)cc4)c[nH]3)Cc3c2[nH]c2ccccc32)cn1,0.20879288,train
Cn1cc([C@@]2(c3cccc(C(=O)O)n3)N[C@@H](c3nc(-c4ccc(F)cc4)c[nH]3)Cc3c2[nH]c2ccccc32)cn1,0.20777969,train
CCOC(=O)c1ccc([C@@]2(c3cnn(C)c3)N[C@@H](c3nc(-c4ccc(F)cc4)c[nH]3)Cc3c2[nH]c2ccccc32)nc1,0.9957689,train
CCOC(=O)c1ccc([C@]2(c3cnn(C)c3)N[C@@H](c3nc(-c4ccc(F)cc4)c[nH]3)Cc3c2[nH]c2ccccc32)nc1,0.9950121,train
CCOC(=O)c1cncc([C@@]2(c3cnn(C)c3)N[C@@H](c3nc(-c4ccc(F)cc4)c[nH]3)Cc3c2[nH]c2ccccc32)c1,0.99525404,train
CCOC(=O)c1cncc([C@]2(c3cnn(C)c3)N[C@@H](c3nc(-c4ccc(F)cc4)c[nH]3)Cc3c2[nH]c2ccccc32)c1,0.99661595,train
CCOC(=O)c1ccnc([C@@]2(c3cnn(C)c3)N[C@@H](c3nc(-c4ccc(F)cc4)c[nH]3)Cc3c2[nH]c2ccccc32)c1,0.99526453,train
CCOC(=O)c1ccnc([C@]2(c3cnn(C)c3)N[C@@H](c3nc(-c4ccc(F)cc4)c[nH]3)Cc3c2[nH]c2ccccc32)c1,0.99403495,train
CCOC(=O)c1cccc([C@@]2(c3cnn(C)c3)N[C@@H](c3nc(-c4ccc(F)cc4)c[nH]3)Cc3c2[nH]c2ccccc32)n1,0.9971756,train
CCOC(=O)c1cccc([C@]2(c3cnn(C)c3)N[C@@H](c3nc(-c4ccc(F)cc4)c[nH]3)Cc3c2[nH]c2ccccc32)n1,0.9968172,train
C=c1c(C(=O)NCCN2CCCC2)c(C)[nH]c1=Cc1c(O)[nH]c2cc(NC(=O)NC(=O)c3ccc(OC)cc3F)ccc12,0.51169366,test
CN1Cc2cc(N3CCOCC3)ccc2[C@@H](c2ccc3sccc3c2)C1,0.60144866,val
CCOC[C@@H](CC(C)C)NC(=O)C1CNCC(C(=O)N(c2cc(OCCCOC)c(C(C)C)cc2F)C2CC2)C1,0.94096404,train
CCOC[C@@H](CC(C)C)NC(=O)C1CNCC(C(=O)N(c2ccc(C(C)C)c(OCCCOC)n2)C2CC2)C1,0.985247,train
CCOC[C@@H](CC(C)C)NC(=O)C1CNCC(C(=O)N(c2ccc(C(C)C)cn2)C2CC2)C1,0.9874779,train
COc1cnc2ccc(=O)n(CCN3CCC(c4c[nH]c5ccc(C#N)cc45)CC3)c2c1,0.9135285,train
COc1cnc2ccc(=O)n(CCN3CCC(c4c[nH]c5cc(C(F)(F)F)ccc45)CC3)c2c1,0.95145,train
COc1cnc2ccc(=O)n(CCN3CCC(c4c(O)[nH]c5ccc(Cl)cc45)CC3)c2c1,0.9001086,train
COc1cnc2ccc(=O)n(CCN3CCC(c4nc5cc(C(F)(F)F)ccc5[nH]4)CC3)c2c1,0.9640611,train
COc1cnc2ccc(=O)n(CCN3CCN(c4nc5cc(C(F)(F)F)ccc5[nH]4)CC3)c2c1,0.93528867,train
COc1cnc2ccc(=O)n(CCN3CCN(c4nc5ccccc5[nH]4)CC3)c2c1,0.64544296,train
O=c1ccc2ncc(F)cc2n1CCN1CCN(c2nc3cc(C(F)(F)F)ccc3[nH]2)CC1,0.95099294,train
COc1cnc2ccc(=O)n(CCN3CCC(c4nc5cc(Cl)ccc5[nH]4)CC3)c2c1,0.96764106,train
COc1cnc2ccc(=O)n(CCN3CCC(c4nc5cc(C#N)ccc5[nH]4)CC3)c2c1,0.9445672,train
COc1cnc2ccc(=O)n(CCN3CCC(c4nc5cc(Cl)c(F)cc5[nH]4)CC3)c2c1,0.9111969,train
COc1cnc2ccc(=O)n(CCN3CCC(c4nc5cc(C)c(Cl)cc5[nH]4)CC3)c2c1,0.9150914,train
Cc1cc2[nH]c(C3CCN(CCn4c(=O)ccc5ncc(F)cc54)CC3)nc2cc1Cl,0.9391925,train
COc1cnc2ncc(=O)n(CCN3CCC(c4nc5cc(C)c(Cl)cc5[nH]4)CC3)c2c1,0.8156754,test
COc1cnc2ccc(=O)n(CCN3CCC(c4nc5cc(C#N)c(C)cc5[nH]4)CC3)c2c1,0.9530788,train
N#Cc1ccc2[nH]c(C3CCN(CCn4c(=O)ccc5ncc(Oc6cccnc6)cc54)CC3)nc2c1,0.9508324,test
CCNC(=O)N1CC2(CCN(CC3CCN(C(=O)OCC)CC3)CC2)c2cccnc21,0.9537022,train
CCOC(=O)N1CCC(CN2CCC3(CC2)CN(C(=O)N(CC)CC)c2ncccc23)CC1,0.98502874,train
CCOC(=O)N1CCC(CN2CCC3(CC2)CN(C(=O)NC)c2ncccc23)CC1,0.90327555,train
CCOC(=O)N1CCC(CN2CCC3(CC2)CN(C(N)=O)c2ncccc23)CC1,0.91406685,train
Cc1cccc(C(=O)Nc2cccc(NC(=O)c3cccc(C)c3)c2)c1,0.8491104,train
CN1CCN(c2ccc3[nH]c(Nc4ccc(Br)cn4)nc3c2)CC1,0.83356225,train
Cc1ccc(Nc2nc3cc(N4CCN(C)CC4)ccc3[nH]2)nc1,0.438503,train
CN1CCN(c2cc(Cl)c3[nH]c(Nc4ccc(Br)cn4)nc3c2)CC1,0.9548934,train
CN1CCC(c2ccc3[nH]c(Nc4ccc(C(F)(F)F)cn4)nc3c2)CC1,0.84449315,train
CN1CCN(Cc2ccc3[nH]c(Nc4ccc(C(F)(F)F)cn4)nc3c2)CC1,0.80474216,train
Cc1nc(Nc2nc3cc(N4CCN(C)CC4)ncc3[nH]2)cc(C2CC2)c1F,0.6502683,test
O=c1[nH]c(O)c(Cc2coc3ccc(Cl)cc3c2=O)s1,0.52173376,train
Cc1cc2c(cc1CN(C)C)CCN(C(=O)c1cc3cc(Cl)ccc3n1C)C2,0.7431879,train
CN(C)Cc1ccc2c(c1)CCN(C(=O)c1cc3cc(Br)ncc3n1C)C2,0.20379712,val
CN(C)Cc1ccc2c(c1)CCN(C(=O)c1cc3cc(Cl)ccc3n1C)C2,0.7030349,train
CC(C)COc1ccc2c(c1)[C@]1(COC(=N)N1)c1cc(-c3cncnc3)ccc1O2,0.97748065,train
CC(C)(C)COc1ccc2c(c1)[C@]1(COC(=N)N1)c1cc(-c3cncnc3)ccc1O2,0.9573026,train
CC(C)(C)C#Cc1ccc2c(c1)[C@]1(COC(=N)N1)c1cc(-c3cncnc3)ccc1O2,0.9686215,train
CC(C)(C)CCc1ccc2c(c1)[C@]1(COC(=N)N1)c1cc(-c3cncnc3)ccc1O2,0.99451375,train
CC(C)(O)C#Cc1ccc2c(c1)[C@]1(COC(=N)N1)c1cc(-c3cncnc3)ccc1O2,0.09560019,train
COC(C)(C)C#Cc1ccc2c(c1)[C@]1(COC(=N)N1)c1cc(-c3cncnc3)ccc1O2,0.75745076,train
N=C1N[C@]2(CO1)c1cc(C3=CCOCC3)ccc1Oc1ccc(-c3cncnc3)cc12,0.8646248,train
N=C1N[C@]2(CO1)c1cc(OCC3CCCCC3)ccc1Oc1ccc(-c3cncnc3)cc12,0.996181,val
CC(C)(F)COc1ccc2c(c1)[C@]1(COC(=N)N1)c1cc(-c3cncnc3)ccc1O2,0.97915375,train
CC(C)(C#N)COc1ccc2c(c1)[C@]1(COC(=N)N1)c1cc(-c3cncnc3)ccc1O2,0.08189069,train
CC(C)(C)COc1ccc2c(c1)[C@]1(COC(=N)N1)c1cc(-c3ccccn3)ccc1O2,0.9853925,train
CC(C)(C)COc1ccc2c(c1)[C@]1(COC(=N)N1)c1cc(-c3ccncc3)ccc1O2,0.98554987,train
CC(C)(C)COc1ccc2c(c1)[C@]1(COC(=N)N1)c1cc(-c3cccnc3)ccc1O2,0.9904592,train
CC(C)(C)COc1ccc2c(c1)[C@]1(COC(=N)N1)c1cc(-c3ccc(F)nc3)ccc1O2,0.99469477,train
CC(C)(C)COc1ccc2c(c1)[C@]1(COC(=N)N1)c1cc(-c3cncc(C#N)c3)ccc1O2,0.9958085,train
CC(C)(C)COc1ccc2c(c1)[C@]1(COC(=N)N1)c1cc(-c3cncc(F)c3)ccc1O2,0.9949759,train
N=C1N[C@@]2(CO1)c1cc(-c3cccnc3F)ccc1Oc1c(F)cc(C3=CCOCC3)cc12,0.95580345,train
N=C1N[C@@]2(CO1)c1cc(-c3cccnc3F)ccc1Oc1c(F)cc(-c3ccccn3)cc12,0.98207355,train
C=CC(=O)Nc1cc(Nc2nccc(-c3cn(C)c4ccccc34)n2)c(OC)cc1N(C)CCN(C)C,0.62818706,train
C=CC(=O)Nc1cc(Nc2nccc(-c3c[nH]c4ccccc34)n2)c(OC)cc1N1CCN(C)CC1,0.5778549,test
C=CC(=O)Nc1cc(Nc2ncc(Cl)c(-c3cnn4ccccc34)n2)c(OC)cc1N1CCN(C)CC1,0.7096914,test
C=CC(=O)Nc1cc(Nc2ncc(Cl)c(-c3cnn4ccccc34)n2)c(OC)cc1N1CC[C@@H](N(C)C)C1,0.8764476,val
C=CC(=O)Nc1cc(Nc2ncc(Cl)c(-c3cnn4ccccc34)n2)c(OC)cc1N(C)CCN(C)C,0.7328149,train
C=CC(=O)Nc1cc(Nc2ncc(Cl)c(-c3cnn4ccccc34)n2)c(OC)cc1N1CC(N(C)C)C1,0.8863161,train
C=CC(=O)Nc1cc(Nc2ncc(C#N)c(-c3cn(C)c4ccccc34)n2)c(OC)cc1N(C)CCN(C)C,0.8284303,train
C=CC(=O)Nc1cc(Nc2ncc(Cl)c(-c3cn(C)c4ccccc34)n2)c(OC)cc1N(C)CCN(C)C,0.71706253,train
C=CC(=O)Nc1cc(Nc2ncc(Cl)c(-c3c[nH]c4ccccc34)n2)c(OC)cc1N(C)CCN(C)C,0.73469204,train
C[C@@H]1CN(c2nnc(C(F)(F)F)o2)CCN1c1ncc(OCc2ccc(OS(C)(=O)=O)cc2F)cn1,0.32892752,train
C[C@@H]1CN(c2nnc(C(F)(F)F)o2)CCN1c1ncc(OCc2ccc(-n3cnnn3)cc2F)cn1,0.49855614,train
C[C@@H]1CN(c2nnc(C(F)(F)F)o2)CCN1c1ncc(OCc2ccc(C#N)cc2F)cn1,0.8998931,train
C[C@@H]1CN(c2nnc(C(F)(F)F)o2)CCN1c1ncc(OCc2ccc(S(C)(=O)=O)cc2)cn1,0.8350769,train
C[C@@H]1CN(c2nnc(C(F)(F)F)o2)CCN1c1ncc(OCc2ccc(C#N)cc2C#N)cn1,0.9649718,train
C[C@@H]1CN(c2nnc(C(F)(F)F)o2)CCN1c1ncc(OCc2ccc(S(C)(=O)=O)cc2C#N)cn1,0.8832416,train
C[C@@H]1CN(c2nnc(C(F)(F)F)o2)CCN1c1ncc(OCc2ccc(S(C)(=O)=O)cc2F)cn1,0.6087618,train
C[C@@H]1CN(c2nc(C(F)(F)F)no2)CCN1c1ncc(OCc2ccc(S(C)(=O)=O)cc2F)cn1,0.8331018,train
C[C@@H]1CN(c2nc(C(F)(F)F)no2)CCN1c1ncc(OCc2ccc(C[S+](C)[O-])cc2F)cn1,0.6198876,train
C[C@@H]1CN(C(=O)OC2(C(F)(F)F)COC2)CCN1c1ncc(OCc2ccc(S(C)(=O)=O)cc2F)cn1,0.009744208,train
CC(C)c1noc(N2CCN(c3ncc(OCc4ccc(S(C)(=O)=O)cc4F)cn3)[C@H](C)C2)n1,0.8394404,train
C=CC(=O)Nc1cc(Nc2ncc(C)c(-c3cn(C)c4ccccc34)n2)c(OC)cc1N(C)CCN(C)C,0.52978987,train
C=CC(=O)Nc1cc(Nc2nccc(-c3c[nH]c4ccccc34)n2)c(OC)cc1N(C)CCN(C)C,0.6020648,train
O=C(NC[C@@H]1OC(=O)N2c3ccc(N4CCOCC4=O)cc3OC[C@@H]12)c1ccc(Cl)s1,0.29786906,train
O=C(NCCCCN1CCN(c2ccccc2)CC1)c1ccc2ncccc2c1,0.6297043,test
COc1ccc(-n2cnc3c(-c4ccccc4)csc3c2=O)cc1,0.56228596,train
COc1ccc(-n2cnc3c(-c4ccccc4C)csc3c2=O)cc1,0.60401165,train
C#CCNc1ccnc2sc3c(=O)n(-c4ccc(OC)cc4)cnc3c12,0.28408578,val
O=C(O)C1CCC(OC2CCN(c3ccc(-c4nc5cc(F)ccc5[nH]4)cn3)CC2)CC1,0.46562743,train
O=C(O)C1CCC(OC2CCN(c3ccc(-c4nc5cc(Cl)ccc5[nH]4)cn3)CC2)CC1,0.7164684,train
O=C(O)C1CCC(OC2CCN(c3ccc(-c4nc5cc(C(F)(F)F)ccc5[nH]4)cn3)CC2)CC1,0.6328338,train
OC(c1ccccc1)(c1ccccc1)C1CCN(Cc2ccc(-c3ccccc3)cc2)CC1,0.9831283,train
OC(c1ccccc1)(c1ccccc1)C1CCN(CCCOc2ccc(-c3ccccc3)cc2)CC1,0.9901355,test
N#C[C@@H]1C[C@H](F)CN1C(=O)C[C@H](N)Cc1cc(F)c(F)cc1F,0.03387158,test
N#C[C@@H]1C[C@@H]2CCC[C@@H]2N1C(=O)C[C@H](N)Cc1cc(F)c(F)cc1F,0.032073885,train
CC(C)(C)C#Cc1cnc2c(c1)[C@]1(COC(=N)N1)c1cc(-c3cccnc3F)ccc1O2,0.9483663,train
N#Cc1ccc(-c2cnc3c(c2)[C@]2(COC(=N)N2)c2cc(-c4cccnc4F)ccc2O3)cc1,0.9904653,train
Cc1ccc(-c2cnc3c(c2)[C@]2(COC(=N)N2)c2cc(-c4cccnc4F)ccc2O3)cc1,0.9676137,train
COC(C)(C)COc1cnc2c(c1)[C@]1(COC(=N)N1)c1cc(-c3cccnc3F)ccc1O2,0.58977324,train
CC(C)(C)COc1ccc2c(c1)[C@]1(COC(=N)N1)c1cc(-c3cncnc3)cnc1O2,0.6012734,train
CC(C)(C)COc1cnc2c(c1)[C@]1(COC(=N)N1)c1cc(-c3cccnc3F)ccc1O2,0.92564136,train
O=C(OCC1CCN(CC(O)CO)CC1)c1c2n(c3ccccc13)CCCO2,0.30371982,train
CC(C(=O)O)c1ccc(CN2CCC(COC(=O)c3c4n(c5ccccc35)CCCO4)CC2)cc1,0.17705216,train
Clc1ccc(CN(C2CC2)C2CNC2)cc1Cl,0.93452233,train
Clc1cccc(CN(CC2CNC2)c2ccccc2)c1Cl,0.80830604,test
CC(C)N(Cc1ccc(Cl)c(Cl)c1)CC1CNC1,0.9455947,train
CS(=O)(=O)c1ccc(-n2cc(Cl)c(OC3CCN(c4ncc(Cl)cn4)CC3)cc2=O)c(F)c1,0.98327094,train
O=C1NC(=O)/C(=C\c2ccccc2OCc2nnc(-c3ccccc3)o2)S1,0.032468382,val
O=C1NC(=O)/C(=C\c2ccccc2OCc2nnc(OCc3c(Cl)cccc3Cl)o2)S1,0.047363956,train
C[S+]([O-])c1ccc(-c2cnc3ccc(-c4cccc(S(C)(=O)=O)c4)nn23)cc1,0.6301423,train
C[S+]([O-])c1ccc(-c2cnc3ccc(-c4cccc([S+](C)[O-])c4)nn23)cc1,0.25087103,train
C[S+]([O-])c1ccc(-c2cnc3ccc(-c4cccc(S(=O)(=O)C5CC5)c4)nn23)cc1,0.8292339,train
CS(=O)(=O)c1ccc(-c2cnc3ccc(-c4cccc(S(=O)(=O)C5CC5)c4)nn23)cc1,0.9660113,train
C[S+]([O-])c1cccc(-c2ccc3ncc(-c4ccc(S(C)(=O)=O)cc4)n3n2)c1,0.6457719,train
Cc1nn(C)c(C)c1N(C(F)F)S(=O)(=O)c1c(Cl)cc(CCCC2CCN(C)CC2)cc1Cl,0.9839389,train
O=C(NOCCO)c1ccc2cncn2c1Nc1ccc(I)cc1F,0.94464964,test
O=C(NOCCO)c1ccn2cncc2c1Nc1ccc(I)cc1F,0.9026037,train
O=C(NOCCO)c1ncc2cncn2c1Nc1ccc(I)cc1F,0.8951241,train
C[C@H](O)CONC(=O)c1ncc2cncn2c1Nc1ccc(I)cc1F,0.86792743,train
C[C@H](CO)CONC(=O)c1ncc2cncn2c1Nc1ccc(I)cc1F,0.84721947,train
CC(C)[C@H](CC(=O)C1Cc2ccc(O)cc2CN1)CN1CC[C@@](C)(c2cccc(O)c2)[C@@H](C)C1,0.9561387,train
CC(C)[C@H](CC(=O)C1Cc2ccc(O)cc2CN1)CN1CC[C@@](C)(c2ccccc2)[C@@H](C)C1,0.9786365,train
CC(C)[C@H](CC(=O)C1Cc2ccc(O)cc2CN1)CN1CC[C@@](C)(c2cccc(F)c2)[C@@H](C)C1,0.99360424,train
Cc1nc(-c2ccccc2)nc(OCCCN2CCCCC2)c1Cl,0.96664107,train
Cc1nc(-c2ccccc2)nc(OCCCN2CCCC2)c1Cl,0.9577693,val
Cc1ccc(-c2nc(C)c(Cl)c(OCCCN3CCCCC3)n2)cc1,0.9790259,train
Cc1nc(-c2ccc(C(F)(F)F)cc2)nc(OCCCN2CCCCC2)c1Cl,0.99629575,train
Cc1nc(-c2ccc(F)cc2)nc(OCCCN2CCCCC2)c1Cl,0.98792666,train
Cc1nc(-c2ccc(F)c(F)c2)nc(OCCCN2CCCCC2)c1Cl,0.98584557,train
Cc1nc(-c2ccc(Cl)cc2)nc(OCCCN2CCCCC2)c1Cl,0.9947286,train
CC(C)n1ncc2c1C(=O)CC1(CCN(C(=O)c3cnc4cc[nH]c4c3)CC1)C2,0.11683785,train
CC(C)n1ncc2c1C(=O)CC1(CCN(C(=O)c3ccc4[nH]ncc4c3)CC1)C2,0.07464611,train
CC(C)(C)n1ncc2c1C(=O)CC1(CCN(C(=O)c3ccc4[nH]ncc4c3)CC1)C2,0.04180629,train
CC(C)(C)n1cc2c(n1)C(=O)CC1(CCN(C(=O)c3ccc4[nH]ncc4c3)CC1)O2,0.05578036,test
Fc1cccc(F)c1-c1ccc2[nH]nc(-c3cncc(O[C@H]4CNCCC45CC5)n3)c2c1,0.98340535,train
Fc1cccnc1-c1ccc2[nH]nc(-c3cncc(O[C@H]4CNCCC45CC5)n3)c2c1,0.92203987,train
Oc1ccc(-c2ccc3[nH]nc(-c4cncc(O[C@H]5CNCCC56CC6)n4)c3c2)c(F)c1,0.9204235,train
NC(=O)c1ccc(-c2ccc3[nH]nc(-c4cncc(O[C@H]5CNCCC56CC6)n4)c3c2)c(F)c1,0.90023226,train
CS(=O)(=O)c1ccc(-c2ccc3[nH]nc(-c4cncc(O[C@H]5CNCCC56CC6)n4)c3c2)c(F)c1,0.9765381,train
CS(=O)(=O)Nc1ccc(-c2ccc3[nH]nc(-c4cncc(O[C@H]5CNCCC56CC6)n4)c3c2)c(F)c1,0.98647076,train
COC(=O)NC(C(=O)N1C[C@@H](C)C[C@H]1c1nc(-c2ccc(-c3ccc(-c4cc5[nH]c([C@@H]6C[C@H](C)CN6C(=O)C(NC(=O)OC)C(C)C)nc5s4)s3)cc2)c[nH]1)C(C)C,0.99779725,val
N=C1N[C@@]2(CO1)c1cc(-c3cccnc3F)ccc1Oc1cnc(N3CC[C@@H](F)C3)cc12,0.98356104,train
COc1ccc(CC(=O)N2CCC3(CC2)CN([C@@H]2CCc4cc(-c5cc(C)ncn5)ccc42)C3)c(C(N)=O)c1,0.27653304,train
N=C1N[C@@]2(CO1)c1cc(-c3cccnc3F)ccc1Oc1c2cc(N2CCC(F)(F)CC2)nc1F,0.9893468,train
N=C1N[C@@]2(CO1)c1cc(-c3cccnc3F)ccc1Oc1c2cc(N2CCC(F)(F)C2)nc1F,0.9777385,train
COc1cc([C@H]2CCN(CCO)C[C@@H]2O)ccc1Nc1ncc2ccc(-c3ccccc3OC)n2n1,0.6362875,test
Cc1c(-c2ccc(F)cc2F)noc1-c1ccc2c(c1)CN(C(C)C)C2=O,0.7718722,test
CC(C)N1Cc2cc(-c3cc(-c4ccc(Cl)nc4)no3)ccc2C1=O,0.5975397,train
COc1ccc(-c2cc(-c3ccc4c(c3)CN(C(C)C)C4=O)on2)cn1,0.6082268,train
CC(C)[C@]1(C)CC(=O)N(Cc2cc(F)cc(C(=O)N[C@@H](C)c3ccccc3)c2)C(N)=N1,0.52030396,train
c1ccc(C2CC3(N4CCCC4)CNCC2C(c2ccccc2)C3)cc1,0.9993943,train
COCCCOc1cc(C(=O)N(C[C@@H]2CNC[C@H]2OC(=O)NCc2ccccc2)C(C)C)ccc1OC,0.056436557,test
O=C1COc2ccc(CNC34CCC(CC5Cn6c(=O)ccc7ncc(F)c5c76)(CC3)OC4)nc2N1,0.271669,train
O=C1COc2ccc(CNC34CCC(CC5(F)Cn6c(=O)ccc7ncc(F)c5c76)(CC3)OC4)nc2N1,0.2742824,train
CO[C@@]1(CC23CCC(NCc4ccc5c(n4)NC(=O)CO5)(CC2)CO3)Cn2c(=O)ccc3ncc(F)c1c32,0.47055298,train
CO[C@]1(CC23CCC(NCc4ccc5c(n4)NC(=O)CO5)(CC2)CO3)Cn2c(=O)ccc3ncc(F)c1c32,0.090990186,train
O=C1COc2ccc(CNC34CCC(C[C@]5(O)Cn6c(=O)ccc7ncc(Cl)c5c76)(CC3)OC4)nc2N1,0.20353603,train
NC(=O)c1ccccc1OCCCN1CCN(c2cccc3c2ccn3S(=O)(=O)c2ccccc2)CC1,0.9812154,train
CNC(=O)[C@@]12C[C@@H]1[C@@H](n1cnc3c(NC)nc(C#Cc4ccc(F)c(F)c4)nc31)[C@H](O)[C@@H]2O,0.115082055,val
CNC(=O)[C@@]12C[C@@H]1[C@@H](n1cnc3c(NC)nc(C#Cc4cccs4)nc31)[C@H](O)[C@@H]2O,0.16256365,train
N#Cc1c(-c2ccccc2)cc(-c2ccccc2)nc1NC(=S)Nc1ccccc1,0.9735194,train
N#Cc1c(-c2ccccc2)cc(-c2ccccc2)nc1/N=c1\sc(-c2ccccc2)nn1-c1ccccc1,0.95716166,test
CC(=O)c1nn(-c2ccccc2)/c(=N/c2nc(-c3ccccc3)cc(-c3ccccc3)c2C#N)s1,0.026998682,train
CC(=O)c1nn(-c2ccc(C)cc2)/c(=N/c2nc(-c3ccccc3)cc(-c3ccccc3)c2C#N)s1,0.04703966,train
COc1ccc(-n2nc(C(C)=O)s/c2=N\c2nc(-c3ccccc3)cc(-c3ccccc3)c2C#N)cc1,0.0351918,train
CC(=O)c1nn(-c2ccc(Cl)cc2)/c(=N/c2nc(-c3ccccc3)cc(-c3ccccc3)c2C#N)s1,0.2097069,train
CCOC(=O)c1nn(-c2ccccc2)/c(=N/c2nc(-c3ccccc3)cc(-c3ccccc3)c2C#N)s1,0.5773394,train
CCOC(=O)c1nn(-c2ccc(C)cc2)/c(=N/c2nc(-c3ccccc3)cc(-c3ccccc3)c2C#N)s1,0.70683724,train
CCOC(=O)c1nn(-c2ccc(Cl)cc2)/c(=N/c2nc(-c3ccccc3)cc(-c3ccccc3)c2C#N)s1,0.9267261,train
N#Cc1c(-c2ccccc2)cc(-c2ccccc2)nc1/N=c1\sc(C(=O)Nc2ccccc2)nn1-c1ccccc1,0.16288899,val
N#Cc1c(-c2ccccc2)cc(-c2ccccc2)nc1/N=c1\scc(O)n1-c1ccccc1,0.9345399,val
N#Cc1c(-c2ccccc2)cc(-c2ccccc2)nc1/N=c1\scc(-c2ccccc2)n1-c1ccccc1,0.9982582,train
N#Cc1c(-c2ccccc2)cc(-c2ccccc2)nc1/N=C1\S/C(=C2\SC(c3ccccc3)=NN2c2ccccc2)C(=O)N1c1ccccc1,0.9997502,train
CC(=O)C1=NN(c2ccccc2)/C(=C2/S/C(=N\c3nc(-c4ccccc4)cc(-c4ccccc4)c3C#N)N(c3ccccc3)C2=O)S1,0.95283145,train
CCOC(=O)C1=NN(c2ccccc2)/C(=C2/S/C(=N\c3nc(-c4ccccc4)cc(-c4ccccc4)c3C#N)N(c3ccccc3)C2=O)S1,0.998009,train
N#Cc1c(-c2ccccc2)cc(-c2ccccc2)nc1/N=C1\S/C(=C2\SC(C(=O)Nc3ccccc3)=NN2c2ccccc2)C(=O)N1c1ccccc1,0.9920459,val
CNC(=O)[C@@]12C[C@@H]1[C@@H](n1cnc3c(NC)nc(C#Cc4ccc(Cl)s4)nc31)[C@H](O)[C@@H]2O,0.30445313,train
CNC(=O)[C@@]12C[C@@H]1[C@@H](n1cnc3c(NCc4cccc(Cl)c4)nc(C#Cc4ccc(F)c(F)c4)nc31)[C@H](O)[C@@H]2O,0.19478351,test
Cc1nc(C#Cc2ccnc(Cl)c2)c(C)n1-c1ccc(F)cc1,0.9760676,train
Cc1nc(C#Cc2ccnc(Cl)c2)c(C)n1-c1ccc(OC(F)(F)F)cc1,0.99633944,train
CCOc1nc(NC(=O)C2(NC(=O)c3ccc4c(C5CCCC5)c(-c5ccc(F)cn5)n(C)c4c3)CCC2)ccc1C=CC(=O)O,0.49280056,train
CCOc1nc(NC(=O)C2(NC(=O)c3ccc4c(c3)c(C)c(-c3ccc(F)cn3)n4C3CCCCC3)CCC2)ccc1C=CC(=O)O,0.54404014,test
C[C@H](c1cc(C(=O)N(C)C)cc2c(=O)cc(N3CCOCC3)oc12)N(C)c1cc(F)cc(F)c1,0.107748516,test
O=c1cc(-c2ccnc(NC3CCOCC3)n2)ccn1[C@H](CO)c1ccc(Cl)c(F)c1,0.1973944,train
Clc1ccc(-n2cc(NCCN3CCCCC3)nn2)cc1Cl,0.94823784,train
Clc1ccc(-n2cc(NCCN3CCCCC3)nn2)c(Cl)c1,0.97723675,train
Clc1ccc(-n2cc(NCCN3CCCCC3)nn2)cc1,0.9761139,train
Fc1cccc(-n2cc(NCCN3CCCCC3)nn2)c1,0.95384055,train
Fc1ccc(-n2cc(NCCN3CCCCC3)nn2)cc1F,0.93938535,train
Clc1ccc(Cn2cc(NCCN3CCCCC3)nn2)cc1Cl,0.9854256,train
Clc1ccc(Cn2cc(NCCN3CCCCCC3)nn2)cc1Cl,0.9879067,test
C[C@@H]1CCC[C@H](C)N1CCNc1cn(Cc2ccc(F)cc2)nn1,0.99704355,train
COc1cccc2[nH]c(-c3nc(N[C@@H]4CCOC[C@@H]4N)cnc3C(N)=O)cc12,0.27342764,test
Cc1cc(Nc2cc(N[C@@H]3CCCC[C@@H]3N)cnc2C(N)=O)nc(-n2nccn2)n1,0.9736998,val
Cc1nc(Nc2cc(N[C@@H]3CCCC[C@@H]3N)cnc2C(N)=O)cc(OCC(C)(C)O)n1,0.12776928,val
Cc1cc(C(C)(C)O)cc(Nc2cc(N[C@@H]3CCCC[C@@H]3N)cnc2C(N)=O)n1,0.79124105,train
Cc1cc(CC(C)(C)O)cc(Nc2cc(N[C@@H]3CCCC[C@@H]3N)cnc2C(N)=O)n1,0.7845919,train
Cc1cc(Nc2cc(N[C@@H]3CCCC[C@@H]3N)cnc2C(N)=O)nc(C)c1-c1cnn(C)c1,0.74813527,val
COc1cc(C)nc(Nc2cc(N[C@@H]3CCCC[C@@H]3N)cnc2C(N)=O)c1,0.9304341,train
NC(=O)c1ncc(N[C@@H]2CCCC[C@@H]2N)cc1Nc1cccc(C(F)(F)F)n1,0.9575276,train
Cc1cc(C)nc(Nc2cc(NC[C@@H](N)CCS(C)(=O)=O)cnc2C(N)=O)c1,0.23961811,train
Cc1cc(C)nc(Nc2cc(N[C@@H]3CS(=O)(=O)CC[C@@H]3N)cnc2C(N)=O)c1,0.20178765,test
COC[C@H](N)CNc1cnc(C(N)=O)c(Nc2cc(C)cc(C)n2)c1,0.638637,train
Cc1cc(C)nc(Nc2cc(NCC3(N)CC3)cnc2C(N)=O)c1,0.540163,test
Cc1cc(C)nc(Nc2cc(NC[C@@H](N)CC(F)F)cnc2C(N)=O)c1,0.87071276,train
Cc1cc(C)nc(Nc2cc(N[C@@H]3CCCC[C@@H]3N)cnc2C(N)=O)c1,0.93474823,train
Cc1cc(C)nc(Nc2cc(NC[C@@H](N)C(F)(F)F)cnc2C(N)=O)c1,0.07015373,train
C[C@H](COc1ccc(C2=NNC(=O)C3CC23)cc1)CN1CCC[C@H]1C,0.5499968,train
NC(=O)c1nnc(N[C@@H]2CCCC[C@@H]2N)nc1Nc1cccc2[nH]ccc12,0.8800425,train
NC(=O)c1nnc(N[C@@H]2CCCC[C@@H]2N)nc1Nc1cccc2cc[nH]c12,0.8900631,test
NC(=O)c1nnc(N[C@@H]2CCCC[C@@H]2N)nc1Nc1cccc(-n2nccn2)c1,0.94237113,val
NC(=O)c1ncc(N[C@@H]2CCCC[C@@H]2N)nc1Nc1cccc2cc[nH]c12,0.9028308,test
NC(=O)c1ncc(N[C@@H]2CCCC[C@@H]2N)nc1Nc1cccc(-n2nccn2)c1,0.953512,test
NC(=O)c1ccc(N[C@@H]2CCCC[C@@H]2N)nc1Nc1cccc(-n2nccn2)c1,0.9940843,train
NC[C@H]1C[C@@H]1c1cc(Cl)ccc1OCCF,0.782321,train
C=C(F)COc1ccc(Cl)cc1[C@H]1C[C@@H]1CN,0.95063883,train
C=CCOc1ccc(Cl)cc1[C@H]1C[C@@H]1CN,0.8494712,train
COc1ccc(Oc2ccc(S(=O)(=O)C3(C(O)=NO)CCC4(CCNCC4)C3)cc2)cc1,0.34713253,train
O=S(=O)(c1ccc(Oc2ccc(OC(F)(F)F)cc2)cc1)C1(C(O)=NO)CCC2(CCNCC2)C1,0.70418835,train
O=S(=O)(c1ccc(OCc2ccc(OC(F)(F)F)cc2)cc1)C1(C(O)=NO)CCC2(CCNCC2)C1,0.65689176,test
COc1ccc(C(=O)Oc2ccc(S(=O)(=O)C3(C(O)=NO)CCC4(CCNCC4)C3)cc2)cc1,0.37819478,train
Cc1cccc(-c2nnc3n2CCN(C(=O)c2ccc(-c4cccs4)cc2)[C@@H]3C)n1,0.39350605,val
Cc1cncc(-c2nnc3n2CCN(C(=O)c2ccc(-c4cccs4)cc2)[C@@H]3C)n1,0.10877209,val
C[C@@H]1c2nnc(-c3csc(-c4ccc(F)cc4F)n3)n2CCN1C(=O)c1ccc(-c2cccs2)cc1,0.9637494,train
Cc1nc(-c2nnc3n2CCN(C(=O)c2ccc(-c4cccs4)cc2)[C@@H]3C)cs1,0.1005278,train
Cc1nc(-c2nnc3n2CCN(C(=O)c2ccc(-c4cccs4)cc2)C3)cs1,0.08050565,train
CC(C)c1nc(-c2nnc3n2CCN(C(=O)c2ccc(-c4cccs4)cc2)[C@@H]3C)co1,0.5832089,train
Cc1csc(-c2nnc3n2CCN(C(=O)c2ccc(-c4cccs4)cc2)[C@@H]3C)n1,0.23800565,train
Cc1noc(-c2nnc3n2CCN(C(=O)c2ccc(-c4cccs4)cc2)[C@@H]3C)n1,0.6207796,train
Cc1nsc(-c2nnc3n2CCN(C(=O)c2ccc(-c4cccs4)cc2)[C@@H]3C)n1,0.18130621,test
COc1ccc2ncc(Cl)c(CCC34CCC(NCc5ccc6c(n5)NC(=O)CO6)(CC3)CO4)c2n1,0.99532926,train
COc1ccc2nccc(CCC34CCC(NCc5ccc6c(n5)NC(=O)CO6)(CC3)CO4)c2n1,0.9866817,train
COc1ccc2ncc(C#N)c(CCC34CCC(NCc5ccc6c(n5)NC(=O)CO6)(CC3)CO4)c2n1,0.99583,train
COc1ccc2ncc(C(F)(F)F)c(CCC34CCC(NCc5ccc6c(n5)NC(=O)CO6)(CC3)CO4)c2n1,0.9970964,train
COc1ccc2ncc(C(F)F)c(CCC34CCC(NCc5ccc6c(n5)NC(=O)CO6)(CC3)CO4)c2n1,0.9954484,train
COc1ccc2ncc(C)c(CCC34CCC(NCc5ccc6c(n5)NC(=O)CO6)(CC3)CO4)c2n1,0.98915243,train
COc1ccc2ncc(CO)c(CCC34CCC(NCc5ccc6c(n5)NC(=O)CO6)(CC3)CO4)c2n1,0.8562864,train
COc1ccc2ncc(S(C)(=O)=O)c(CCC34CCC(NCc5ccc6c(n5)NC(=O)CO6)(CC3)CO4)c2n1,0.95185286,train
COc1ccc2ncc(OC)c(CCC34CCC(NCc5ccc6c(n5)NC(=O)CO6)(CC3)CO4)c2n1,0.9837119,train
COc1ccc2ncc(O)c(CCC34CCC(NCc5ccc6c(n5)NC(=O)CO6)(CC3)CO4)c2n1,0.9402038,train
O=C1COc2ccc(CNC34CCC(CCc5c(F)cnc6ccc(=O)[nH]c56)(CC3)OC4)nc2N1,0.8397135,val
COC(=O)c1ccc2ncc(F)c(CCC34CCC(NCc5ccc6c(n5)NC(=O)CO6)(CC3)CO4)c2n1,0.9520466,train
N#Cc1ccc2ncc(F)c(CCC34CCC(NCc5ccc6c(n5)NC(=O)CO6)(CC3)CO4)c2n1,0.9651209,train
Nc1ccc2ncc(F)c(CCC34CCC(NCc5ccc6c(n5)NC(=O)CO6)(CC3)CO4)c2n1,0.9394828,train
CN(C)c1ccc2ncc(F)c(CCC34CCC(NCc5ccc6c(n5)NC(=O)CO6)(CC3)CO4)c2n1,0.9557403,train
O=C1COc2ccc(CNC34CCC(CCc5c(F)cnc6ccc(N7CCOCC7)nc56)(CC3)OC4)nc2N1,0.88320166,train
COc1cc2ncc(F)c(CCC34CCC(NCc5ccc6c(n5)NC(=O)CO6)(CC3)CO4)c2nc1OC,0.9820386,train
COc1nc2c(CCC34CCC(NCc5ccc6c(n5)NC(=O)CO6)(CC3)CO4)c(F)cnc2cc1F,0.9715838,train
COc1cc(C)c2ncc(F)c(CCC34CCC(NCc5ccc6c(n5)NC(=O)CO6)(CC3)CO4)c2n1,0.9915006,train
CCOc1cc(C)c2ncc(F)c(CCC34CCC(NCc5ccc6c(n5)NC(=O)CO6)(CC3)CO4)c2n1,0.98608553,train
COc1nc2c(CCC34CCC(NCc5ccc6c(n5)NC(=O)CO6)(CC3)CO4)c(F)cnc2cc1C(F)(F)F,0.9697109,train
Cc1cc(S(C)(=O)=O)nc2c(CCC34CCC(NCc5ccc6c(n5)NC(=O)CO6)(CC3)CO4)c(F)cnc12,0.88523585,train
O=C1COc2ccc(CNC34CCC(CCc5c(F)cnc6cc(C(F)(F)F)cnc56)(CC3)OC4)nc2N1,0.96066284,train
CN(C)c1cnc2c(CCC34CCC(NCc5ccc6c(n5)NC(=O)CO6)(CC3)CO4)c(F)cnc2c1,0.93651235,train
O=C1COc2ccc(CNC34CCC(CCc5c(F)cnc6cc(Cl)cnc56)(CC3)OC4)nc2N1,0.99041194,train
N#Cc1ccc2ncc(C#N)c(CCC34CCC(NCc5ccc6c(n5)NC(=O)CO6)(CC3)CO4)c2n1,0.9880244,train
COc1nc2c(CCC34CCC(NCc5ccc6c(n5)NC(=O)CO6)(CC3)CO4)ccnc2cc1Cl,0.99128824,train
COc1cc2nccc(CCC34CCC(NCc5ccc6c(n5)NC(=O)CO6)(CC3)CO4)c2nc1OC,0.9764475,train
COc1nc2c(CCC34CCC(NCc5ccc6c(n5)NC(=O)CO6)(CC3)CO4)ccnc2cc1F,0.9674873,train
COc1nc2c(CCC34CCC(NCc5ccc6c(n5)NC(=O)CO6)(CC3)CO4)ccnc2cc1C#N,0.9775999,train
COc1cc(C)c2nccc(CCC34CCC(NCc5ccc6c(n5)NC(=O)CO6)(CC3)CO4)c2n1,0.9900468,train
COc1cc(OC)c2nccc(CCC34CCC(NCc5ccc6c(n5)NC(=O)CO6)(CC3)CO4)c2n1,0.99220043,train
COc1cc(CCC23CCC(NCc4ccc5c(n4)NC(=O)CO5)(CC2)CO3)c2nc(OC)ccc2n1,0.99651307,train
Cc1nc2c(CCC34CCC(NCc5ccc6c(n5)NC(=O)CO6)(CC3)CO4)ccnc2cc1C#N,0.96253,train
COc1cc2nccc(CCC34CCC(NCc5ccc6c(n5)NC(=O)CO6)(CC3)CO4)c2nc1C#N,0.95471805,train
COc1cc2nccc(CCC34CCC(NCc5ccc6c(n5)NC(=O)CO6)(CC3)CO4)c2nc1C(=O)O,0.3032546,train
Cc1cc(C#N)nc2c(CCC34CCC(NCc5ccc6c(n5)NC(=O)CO6)(CC3)CO4)ccnc12,0.9774829,train
Cc1cc(S(C)(=O)=O)nc2c(CCC34CCC(NCc5ccc6c(n5)NC(=O)CO6)(CC3)CO4)ccnc12,0.8641101,train
CN(C)c1nc2c(CCC34CCC(NCc5ccc6c(n5)NC(=O)CO6)(CC3)CO4)ccnc2cc1C(F)(F)F,0.9664864,train
CN(C)c1nc2c(CCC34CCC(NCc5ccc6c(n5)NC(=O)CO6)(CC3)CO4)ccnc2cc1F,0.95427406,train
O=C1COc2ccc(CNC34CCC(CCc5ccnc6ccc(C(F)(F)F)nc56)(CC3)OC4)nc2N1,0.97148377,train
O=C1COc2ccc(CNC34CCC(CCc5ccnc6cc(C(F)(F)F)cnc56)(CC3)OC4)nc2N1,0.9469617,train
COc1cnc2c(CCC34CCC(NCc5ccc6c(n5)NC(=O)CO6)(CC3)CO4)ccnc2c1,0.94113505,train
O=C1COc2ccc(CNC34CCC(CCc5ccnc6cc(Cl)cnc56)(CC3)OC4)nc2N1,0.98849154,train
O=C1COc2ccc(CNC34CCC(CCc5ccnc6cc(F)cnc56)(CC3)OC4)nc2N1,0.95957714,train
CCOC(=O)c1c(OC)cnc2c(CCC34CCC(NCc5ccc6c(n5)NC(=O)CO6)(CC3)CO4)ccnc12,0.9617368,train
COc1ccc2ncc(C#N)c(CC(O)C34CCC(NCc5ccc6c(n5)NC(=O)CO6)(CC3)CO4)c2n1,0.89567375,train
N=C1N[C@@]2(c3ccc(F)cc3F)CO[C@@H](c3ncco3)C[C@H]2CS1,0.75513434,train
Cc1coc([C@H]2C[C@H]3CSC(=N)N[C@@]3(c3ccc(F)cc3F)CO2)n1,0.8234605,train
Cc1cc([C@H]2C[C@H]3CSC(=N)N[C@@]3(c3ccc(F)cc3F)CO2)on1,0.92371714,train
Cn1cc([C@H]2C[C@H]3CSC(=N)N[C@@]3(c3ccc(F)cc3F)CO2)cn1,0.76641816,train
Cc1coc([C@H]2C[C@H]3[C@@H](C)SC(=N)N[C@@]3(c3ccc(F)cc3F)CO2)n1,0.9533154,train
Cc1cc([C@H]2C[C@H]3[C@@H](C)SC(=N)N[C@@]3(c3ccc(F)cc3F)CO2)on1,0.98128754,train
C[C@H]1SC(=N)N[C@@]2(c3ccc(F)cc3F)CO[C@@H](c3cnn(C)c3)C[C@@H]12,0.9434175,train
Cc1coc([C@H]2C[C@H]3[C@@H](CF)SC(=N)N[C@@]3(c3ccc(F)cc3F)CO2)n1,0.35146165,train
Cc1cc([C@H]2C[C@H]3[C@@H](CF)SC(=N)N[C@@]3(c3ccc(F)cc3F)CO2)on1,0.45930612,train
Cn1cc([C@H]2C[C@H]3[C@@H](CF)SC(=N)N[C@@]3(c3ccc(F)cc3F)CO2)cn1,0.2647667,train
O=C1COc2cc(Cl)c(CNC34CCC(C[C@]5(O)Cn6c(=O)ccc7ncc(F)c5c76)(CC3)OC4)nc2N1,0.13195074,train
O=C1COc2cnc(CNC34CCC(C[C@]5(O)Cn6c(=O)ccc7ncc(F)c5c76)(CC3)OC4)cc2N1,0.07372902,test
O=c1ccc2ncc(F)c3c2n1C[C@@]3(O)CC12CCC(NCc3cc4c(cn3)OCCO4)(CC1)CO2,0.25754085,test
O=c1ccc2ncc(F)c3c2n1C[C@@]3(O)CC12CCC(NC/C=C/c3c(F)cccc3F)(CC1)CO2,0.5293517,train
O=c1ccc2ncc(F)c3c2n1C[C@@]3(O)CC12CCC(NC/C=C/c3cc(F)ccc3F)(CC1)CO2,0.83389294,train
O=c1ccc2ncc(F)c3c2n1C[C@@]3(O)CC12CCC(NC/C=C/c3ccc(F)cc3)(CC1)CO2,0.83856297,train
O=c1ccc2ncc(F)c3c2n1C[C@@]3(O)CC12CCC(NC/C(F)=C\c3cc(F)ccc3F)(CC1)CO2,0.93058556,train
O=c1ccc2ncc(F)c3c2n1C[C@@]3(O)CC12CCC(NC/C(F)=C/c3cc(F)ccc3F)(CC1)CO2,0.87587225,train
O=c1ccc2ncc(F)c3c2n1C[C@@]3(O)CC12CCC(NC/C=C/c3ccccc3)(CC1)CO2,0.75691843,train
O=c1ccc2ncc(F)c3c2n1C[C@@]3(O)CC12CCC(NC/C=C/c3ccccn3)(CC1)CO2,0.54423285,val
O=c1ccc2ncc(F)c3c2n1C[C@@]3(O)CC12CCC(NCCCc3cc(F)ccc3F)(CC1)CO2,0.9525537,val
O=c1ccc2ncc(F)c3c2n1C[C@@]3(O)CC12CCC(NCOc3cc(F)ccc3F)(CC1)CO2,0.86967677,val
O=c1ccc2ncc(F)c3c2n1C[C@@]3(O)CC12CCC(NCc3cc(-c4cccs4)on3)(CC1)CO2,0.9753514,train
O=C1CSc2ccc(CNC34CCC(C[C@]5(O)Cn6c(=O)ccc7ncc(F)c5c76)(CC3)OC4)nc2N1,0.12391836,train
O=C1COc2cc(OC(=O)c3ccccc3)c(CNC34CCC(C[C@]5(O)Cn6c(=O)ccc7ncc(F)c5c76)(CC3)OC4)nc2N1,0.1721746,train
O=C1COc2cnc(CNC34CCC(C[C@]5(O)Cn6c(=O)ccc7ncc(F)c5c76)(CC3)OC4)nc2N1,0.032312866,train
O=C1COc2ccc(CNC34CCC(C[C@]5(O)Cn6c(=O)ccc7ncc(F)c5c76)(CC3)OC4)cc2N1,0.16179267,val
O=c1ccc2ncc(F)c3c2n1C[C@@]3(O)CC12CCC(NCc3ccc4c(c3)OCCO4)(CC1)CO2,0.4073421,train
O=c1ccc2ncc(F)c3c2n1C[C@@]3(O)CC12CCC(NCc3c(Cl)cc4c(c3Cl)OCCO4)(CC1)CO2,0.4257409,train
O=c1ccc2ncc(F)c3c2n1C[C@@]3(O)CC12CCC(NCc3cc4c(c(Cl)c3Cl)OCCO4)(CC1)CO2,0.42973986,train
CN1CCN(C)c2nc(CNC34CCC(C[C@]5(O)Cn6c(=O)ccc7ncc(F)c5c76)(CC3)OC4)ccc21,0.1473746,val
O=c1ccc2ncc(F)c3c2n1C[C@@]3(O)CC12CCC(NCc3ccc4c(c3)OC(F)(F)O4)(CC1)CO2,0.9027713,val
O=c1ccc2ncc(F)c3c2n1C[C@@]3(O)CC12CCC(NCc3cc4c(cn3)OCS4)(CC1)CO2,0.8845329,test
CCC[C@@H]1C[C@H](N(C)C(C)C)CC[C@@H]1NC(=O)CNC(=O)c1cccc(C(F)(F)F)c1,0.61155367,train
CCCC[C@@H]1C[C@H](N(C)C(C)C)CC[C@@H]1NC(=O)CNC(=O)c1cccc(C(F)(F)F)c1,0.698243,train
CC(C)CC[C@@H]1C[C@H](N(C)C(C)C)CC[C@@H]1NC(=O)CNC(=O)c1cccc(C(F)(F)F)c1,0.6450739,train
CC(C)N(C)[C@@H]1CC[C@H](NC(=O)CNC(=O)c2cccc(C(F)(F)F)c2)[C@H](CCc2ccccc2)C1,0.7478484,test
CC(C)N(C)[C@@H]1CC[C@H](NC(=O)CNC(=O)c2cccc(C(F)(F)F)c2)[C@H](COc2ccccc2)C1,0.598489,val
CCC[C@@H]1C[C@H](N(C)C(C)C)CC[C@@H]1N1CCC(NC(=O)c2cc(C(F)(F)F)ccc2NC(=O)NCC)C1=O,0.23043363,train
CCC[C@@H]1C[C@H](N(C)C(C)C)CC[C@@H]1N1CCC(Nc2ncnc3ccc(C(F)(F)F)cc23)C1=O,0.63942784,train
CNC(=O)c1ccc(-c2cc(F)c3ncc(Cc4ccc5ncccc5c4)n3c2)cc1F,0.52945036,train
Cn1cc([C@@]2(c3ccc(C(=O)O)cn3)N[C@@H](c3nc(-c4ccc(F)cc4)c[nH]3)Cc3c2[nH]c2ccccc32)cn1,0.1859333,train
Fc1ccc(-c2c[nH]c([C@H]3Cc4c([nH]c5ccccc45)CN3)n2)cc1,0.98110735,train
Fc1ccc(-c2c[nH]c([C@@H]3CCc4[nH]c5ccccc5c4C3)n2)cc1,0.9963313,val
c1ccc(-c2c[nH]c([C@H]3Cc4c([nH]c5ccccc45)C(C4CCCCC4)O3)n2)cc1,0.99561477,val
CC1(c2ccccc2)N[C@@H](c2nc(-c3ccc(F)cc3)c[nH]2)Cc2c1[nH]c1ccccc21,0.9984328,train
Fc1ccc(-c2c[nH]c([C@H]3Cc4c([nH]c5ccccc45)C(c4ccccc4)(C(F)(F)F)N3)n2)cc1,0.9986493,train
c1ccc(-c2c[nH]c([C@H]3Cc4c([nH]c5ccccc45)C(C4CCCCC4)N3)n2)nc1,0.99866176,train
c1cncc(-c2c[nH]c([C@H]3Cc4c([nH]c5ccccc45)C(C4CCCCC4)N3)n2)c1,0.9976388,train
c1ccc2c3c([nH]c2c1)C(C1CCCCC1)N[C@@H](c1nc(-c2ccncc2)c[nH]1)C3,0.9967789,val
c1ccc2c3c([nH]c2c1)C(C1CCCCC1)N[C@@H](c1nc(-c2cnccn2)c[nH]1)C3,0.996111,val
Fc1ccc(-c2c[nH]c([C@H]3Cc4c([nH]c5ccccc45)C(C4CCCCC4)N3)n2)nc1,0.99913377,train
Cc1nc([C@]2(c3cnn(C)c3)N[C@@H](c3nc(-c4ccc(F)cn4)c[nH]3)Cc3c2[nH]c2ccccc32)no1,0.9705894,train
CCn1cc([C@@]2(c3nn(C)c(=O)o3)N[C@@H](c3nc(-c4ccc(F)cn4)c[nH]3)Cc3c2[nH]c2ccccc32)cn1,0.04569853,train
Cc1nc([C@]2(c3cn[nH]c3)N[C@@H](c3nc(-c4ccc(F)cn4)c[nH]3)Cc3c2[nH]c2ccccc32)no1,0.9822405,train
CCn1cc([C@@]2(c3noc(C)n3)N[C@@H](c3nc(-c4ccc(F)cn4)c[nH]3)Cc3c2[nH]c2ccccc32)cn1,0.9978835,train
CCc1nc([C@]2(c3cnn(C)c3)N[C@@H](c3nc(-c4ccc(F)cn4)c[nH]3)Cc3c2[nH]c2ccccc32)no1,0.99366164,train
Cc1nc([C@]2(c3cnn(CC4CC4)c3)N[C@@H](c3nc(-c4ccc(F)cn4)c[nH]3)Cc3c2[nH]c2ccccc32)no1,0.99813217,train
Cn1cc([C@@]2(c3nc(=O)o[nH]3)N[C@@H](c3nc(-c4ccc(F)cn4)c[nH]3)Cc3c2[nH]c2ccccc32)cn1,0.55157447,train
Cn1cc([C@@]2(c3noc(CN)n3)N[C@@H](c3nc(-c4ccc(F)cn4)c[nH]3)Cc3c2[nH]c2ccccc32)cn1,0.76864564,train
Cc1nnc([C@]2(c3cnn(C)c3)N[C@@H](c3nc(-c4ccc(F)cn4)c[nH]3)Cc3c2[nH]c2ccccc32)o1,0.43146837,train
CCc1nnc([C@]2(c3cnn(C)c3)N[C@@H](c3nc(-c4ccc(F)cn4)c[nH]3)Cc3c2[nH]c2ccccc32)o1,0.8287427,train
CCn1cc([C@@]2(c3nnc(C)o3)N[C@@H](c3nc(-c4ccc(F)cn4)c[nH]3)Cc3c2[nH]c2ccccc32)cn1,0.85857916,train
CCn1cc([C@@]2(c3n[nH]c(=O)o3)N[C@@H](c3nc(-c4ccc(F)cn4)c[nH]3)Cc3c2[nH]c2ccccc32)cn1,0.070696406,train
CCn1cc([C@@]2(c3n[nH]c(=S)o3)N[C@@H](c3nc(-c4ccc(F)cn4)c[nH]3)Cc3c2[nH]c2ccccc32)cn1,0.7107736,val
CCn1cc([C@@]2(c3nnc(SC)o3)N[C@@H](c3nc(-c4ccc(F)cn4)c[nH]3)Cc3c2[nH]c2ccccc32)cn1,0.9985018,train
Cn1cc([C@@]2(c3nnc(N)o3)N[C@@H](c3nc(-c4ccc(F)cn4)c[nH]3)Cc3c2[nH]c2ccccc32)cn1,0.3234859,train
CCn1cc([C@@]2(c3nnc(NC)o3)N[C@@H](c3nc(-c4ccc(F)cn4)c[nH]3)Cc3c2[nH]c2ccccc32)cn1,0.8761598,train
CCn1cc([C@@]2(c3nnc(N(C)C)o3)N[C@@H](c3nc(-c4ccc(F)cn4)c[nH]3)Cc3c2[nH]c2ccccc32)cn1,0.8940699,train
Cn1nc([C@]2(c3cn[nH]c3)N[C@@H](c3nc(-c4ccc(F)cn4)c[nH]3)Cc3c2[nH]c2ccccc32)oc1=O,0.00989491,train
Cn1cc([C@@]2(c3nn(C)c(=O)o3)N[C@@H](c3nc(-c4ccc(F)cn4)c[nH]3)Cc3c2[nH]c2ccccc32)cn1,0.009602498,train
CCn1nc([C@]2(c3cnn(C)c3)N[C@@H](c3nc(-c4ccc(F)cn4)c[nH]3)Cc3c2[nH]c2ccccc32)oc1=O,0.16666862,train
CC(C)n1nc([C@]2(c3cnn(C)c3)N[C@@H](c3nc(-c4ccc(F)cn4)c[nH]3)Cc3c2[nH]c2ccccc32)oc1=O,0.1463976,train
CCn1cc(C2(c3nn(C)c(=O)o3)N[C@@H](c3nc(-c4ccc(F)cn4)c[nH]3)Cc3c2[nH]c2ccccc32)cn1,0.056953833,train
CCn1cc(C2(c3nn(C)c(=O)o3)NC(c3nc(-c4ccc(F)cn4)c[nH]3)Cc3c2[nH]c2ccccc32)cn1,0.035675302,train
CCn1cc([C@@]2(c3nn(CC)c(=O)o3)N[C@@H](c3nc(-c4ccc(F)cn4)c[nH]3)Cc3c2[nH]c2ccccc32)cn1,0.59135073,train
CCn1cc([C@@]2(c3nn(C(C)C)c(=O)o3)N[C@@H](c3nc(-c4ccc(F)cn4)c[nH]3)Cc3c2[nH]c2ccccc32)cn1,0.55491465,train
CCn1cc([C@@]2(c3nn(CC4CC4)c(=O)o3)N[C@@H](c3nc(-c4ccc(F)cn4)c[nH]3)Cc3c2[nH]c2ccccc32)cn1,0.5144904,val
CCn1cc([C@@]2(c3nn(CCN(C)C)c(=O)o3)N[C@@H](c3nc(-c4ccc(F)cn4)c[nH]3)Cc3c2[nH]c2ccccc32)cn1,0.62465906,train
CCn1cc([C@@]2(c3nn(CC(=O)O)c(=O)o3)N[C@@H](c3nc(-c4ccc(F)cn4)c[nH]3)Cc3c2[nH]c2ccccc32)cn1,0.04301022,train
CCn1cc([C@@]2(c3nn(CC(N)=O)c(=O)o3)N[C@@H](c3nc(-c4ccc(F)cn4)c[nH]3)Cc3c2[nH]c2ccccc32)cn1,0.11957392,train
Cc1cn(-c2ccc3n(c2=O)CCN([C@@H](C)COc2ccc(F)cc2[C@@H](C)C(F)(F)F)C3=O)cn1,0.36762556,test
O=C(NCCCNc1nc2ccccc2[nH]1)c1ccnc(C(F)(F)F)c1,0.31103444,train
O=C(NCCCNc1nc2ccccc2[nH]1)c1cc(Cl)cc(Cl)c1,0.9064389,test
Cc1cc(C)nc(N2C[C@H]3CN(C(=O)c4cccc(F)c4-n4nccn4)C[C@H]3C2)n1,0.9943667,train
Cc1cc(C)nc(N2C[C@H]3CN(C(=O)c4c(C)cccc4-n4nccn4)C[C@H]3C2)n1,0.99811625,train
COc1ccc(-n2nccn2)c(C(=O)N2C[C@@H]3CN(c4nc(C)cc(C)n4)C[C@@H]3C2)c1,0.9907426,train
Cc1ncc(OC[C@@]2(c3ccccc3)CC2C(=O)Nc2ccc(F)cn2)c(C)n1,0.8467239,train
Cc1ncc(OC[C@@]2(c3ccccc3F)CC2C(=O)Nc2ccc(F)cn2)c(C)n1,0.9352744,train
Cc1ncc(OC[C@@]2(c3cccc(F)c3)CC2C(=O)Nc2ccc(F)cn2)c(C)n1,0.95161,train
Cc1ncc(OC[C@@]2(c3ccc(F)cc3)CC2C(=O)Nc2ccc(F)cn2)c(C)n1,0.94535196,train
Cc1ncc(OC[C@@]2(c3cc(F)cc(F)c3)CC2C(=O)Nc2ccc(F)cn2)c(C)n1,0.9716508,train
Cc1ncc(OC[C@@]2(c3ccc(F)c(F)c3)CC2C(=O)Nc2ccc(F)cn2)c(C)n1,0.9351126,train
CO[C@H]1CC[C@H](N2C(=O)CNc3ncc(-c4ccc(C(C)(C)O)nc4)nc32)CC1,0.010532555,val
CNC(=O)c1ccc(-c2cc(Cl)cc(Cl)c2Cl)c(N)n1,0.75841427,train
O=C(NCC[C@@H](O)CN1CCN(c2cccc(Cl)c2Cl)CC1)c1cc2ccccc2[nH]1,0.9256932,train
C[C@H]1CN(c2ccc(C#N)cn2)CC[C@H]1Nc1c(C(N)=O)cnc2[nH]ccc12,0.90339005,train
N#Cc1ccc(N2CCC(Nc3c(C(N)=O)cnc4[nH]ccc34)CC2)nc1,0.878356,train
COc1cccc(N2CCN(Cc3nc4c5cccc(OC)c5nc(N)n4n3)[C@H](C)C2)c1,0.058029994,train
COc1ccccc1N1CCN(Cc2nc3c4cccc(OC)c4nc(N)n3n2)[C@H](C)C1,0.08063653,train
COc1cccc2c1nc(N)n1nc(CN3CCN(c4ccncc4)C[C@H]3C)nc21,0.01160634,test
COc1cccc2c1nc(N)n1nc(CN3CCN(c4cccnc4)C[C@H]3C)nc21,0.016717006,train
COc1cccc2c1nc(N)n1nc(CN3CCN(c4ccccn4)C[C@H]3C)nc21,0.04067119,train
COc1cccc2c1nc(N)n1nc(CN3CCN(c4ccccc4)C[C@H]3C)nc21,0.038822997,train
COc1cccc2c1nc(N)n1nc(CN3CCN(c4ccc(F)cn4)C[C@H]3C)nc21,0.05067603,train
COc1cccc2c1nc(N)n1nc(CN3CCN(c4cccc(F)c4)C[C@H]3C)nc21,0.1063446,train
COc1cccc2c1nc(N)n1nc(CN3CCN(c4ccccc4F)C[C@H]3C)nc21,0.034714837,train
COc1cccc2c1nc(N)n1nc(CN3CCN(c4ccc(F)cc4)C[C@H]3C)nc21,0.07693364,train
COc1ccc(N2CCN(Cc3nc4c5cccc(OC)c5nc(N)n4n3)[C@H](C)C2)cc1,0.036237963,train
COc1cccc2c1nc(N)n1nc(CN3CCN(c4ncc(C)s4)C[C@H]3C)nc21,0.007439023,train
COc1cccc2c1nc(N)n1nc(CN3CCN(c4cnc(C)s4)C[C@H]3C)nc21,0.0043118126,test
COc1cccc2c1nc(N)n1nc(CN3CCN(c4nsnc4Cl)C[C@H]3C)nc21,0.13114801,val
CCn1cc(N2CCN(Cc3nc4c5cccc(OC)c5nc(N)n4n3)[C@H](C)C2)cn1,0.039834358,train
COc1cc2c(cc1OC(C)C)[C@H](c1ccc(Cl)cc1)N(c1ccc(N(C)C[C@H]3CC[C@H](N4CCNC(=O)C4)CC3)cc1)C(=O)C2,0.931007,test
CC[C@@H](C)Oc1cc2c(cc1OC)CC(=O)N(c1ccc(N(C)C[C@H]3CC[C@H](N(C)C)CC3)cc1)[C@H]2c1ccc(Cl)cc1,0.9989839,train
COc1ccc(COc2cnn(CC(=O)c3ccc(CN(C)C)cc3C)c(=O)c2)nc1,0.20149048,val
COc1ccc2ncc(F)c(CCC34CCC(NCc5nc6c(cc5Cl)OCC(=O)N6)(CC3)CO4)c2n1,0.9917686,train
COc1ccc2ncc(F)c(CCC34CCC(NCc5nc6c(cc5F)OCC(=O)N6)(CC3)CO4)c2n1,0.9826544,train
COc1ccc2ncc(F)c(CCC34CCC(NCc5nc6c(cc5C)OCC(=O)N6)(CC3)CO4)c2n1,0.9835275,train
COc1ccc2ncc(F)c(CCC34CCC(NCc5cc(C)c6c(n5)NC(=O)CO6)(CC3)CO4)c2n1,0.9931532,train
COc1ccc2ncc(F)c(CCC34CCC(NCc5nc6c(c(C)c5C)OCC(=O)N6)(CC3)CO4)c2n1,0.97944736,train
CCc1c(CNC23CCC(CCc4c(F)cnc5ccc(OC)nc45)(CC2)OC3)nc2c(c1C)OCC(=O)N2,0.99296546,train
COc1ccc2ncc(F)c(CCC34CCC(NCc5nc6c(c(C)c5C(C)C)OCC(=O)N6)(CC3)CO4)c2n1,0.9980959,train
CC=c1c(CNC23CCC(CCc4c(F)cnc5ccc(OC)nc45)(CC2)OC3)nc2c(c1C)OCC(=O)N=2,0.9946802,train
COc1ccc2ncc(F)c(CCC34CCC(NCc5nc6c(c(C)c5F)OCC(=O)N6)(CC3)CO4)c2n1,0.97860354,train
COc1ccc2ncc(F)c(CCC34CCC(NCc5ccc6c(n5)NC(=O)C(C)O6)(CC3)CO4)c2n1,0.9763134,train
COc1ccc2ncc(F)c(CCC34CCC(NCc5ccc6c(n5)NC(=O)C(C)(C)O6)(CC3)CO4)c2n1,0.8388052,train
CCOC(=O)C1(C)Oc2ccc(CNC34CCC(CCc5c(F)cnc6ccc(OC)nc56)(CC3)OC4)nc2NC1=O,0.9490624,train
COc1ccc2ncc(F)c(CCC34CCC(NCc5ccc6c(n5)N(C)C(=O)CO6)(CC3)CO4)c2n1,0.9885013,train
COc1ccc2ncc(F)c(CCC34CCC(N(C)Cc5ccc6c(n5)NC(=O)CO6)(CC3)CO4)c2n1,0.9935674,train
COC(=O)N(Cc1ccc2c(n1)NC(=O)CO2)C12CCC(CCc3c(F)cnc4ccc(OC)nc34)(CC1)OC2,0.96587265,train
COc1ccc2ncc(F)c(C[C@H](O)C3CCC(NCc4nc5c(cc4F)OCC(=O)N5)CO3)c2n1,0.46946958,train
Cc1cc(NCc2c(Cl)ccc(Cl)c2Cl)c2cccc(C(N)=O)c2n1,0.85722995,train
Cc1cc(NCc2c(F)cccc2C(F)(F)F)c2cccc(C(N)=O)c2n1,0.90533227,train
Cc1cc(NCc2c(C)cccc2C)c2cccc(C(N)=O)c2n1,0.69124323,train
CCOc1ccc2ncc(F)c(CCC34CCC(NCc5ccc6c(n5)NC(=O)CO6)(CC3)CO4)c2n1,0.9779824,train
CC(C)CCOc1ccc2ncc(F)c(CCC34CCC(NCc5ccc6c(n5)NC(=O)CO6)(CC3)CO4)c2n1,0.99421823,train
O=C1COc2ccc(CNC34CCC(CCc5c(F)cnc6ccc(OC7CCC7)nc56)(CC3)OC4)nc2N1,0.9937033,val
O=C1COc2ccc(CNC34CCC(CCc5c(F)cnc6ccc(OCC(F)(F)F)nc56)(CC3)OC4)nc2N1,0.9954254,train
O=C1COc2ccc(CNC34CCC(CCc5c(F)cnc6ccc(OC(F)F)nc56)(CC3)OC4)nc2N1,0.9984755,train
COCCOc1ccc2ncc(F)c(CCC34CCC(NCc5ccc6c(n5)NC(=O)CO6)(CC3)CO4)c2n1,0.89569634,train
O=C1COc2ccc(CNC34CCC(CCc5c(F)cnc6ccc(OCCO)nc56)(CC3)OC4)nc2N1,0.66711575,train
O=C1COc2ccc(CNC34CCC(CCc5c(F)cnc6ccc(OCCCO)nc56)(CC3)OC4)nc2N1,0.70848775,train
O=C1COc2ccc(CNC34CCC(CCc5c(F)cnc6ccc(OCCCCO)nc56)(CC3)OC4)nc2N1,0.9204126,train
O=C1COc2ccc(CNC34CCC(CCc5c(F)cnc6ccc(OCCCCCO)nc56)(CC3)OC4)nc2N1,0.9777068,train
CC(C)(O)CCOc1ccc2ncc(F)c(CCC34CCC(NCc5ccc6c(n5)NC(=O)CO6)(CC3)CO4)c2n1,0.81666327,train
O=C1COc2ccc(CNC34CCC(CCc5c(F)cnc6ccc(OCC7(CO)CC7)nc56)(CC3)OC4)nc2N1,0.97559774,train
O=C1COc2ccc(CNC34CCC(CCc5c(F)cnc6ccc(OCC(O)CO)nc56)(CC3)OC4)nc2N1,0.52209616,train
O=C1COc2ccc(CNC34CCC(CCc5c(F)cnc6ccc(OCC(CO)CO)nc56)(CC3)OC4)nc2N1,0.23572023,train
O=C1COc2ccc(CNC34CCC(CCc5c(F)cnc6ccc(OC[C@@H]7C[C@@H](O)[C@@H](O)C7)nc56)(CC3)OC4)nc2N1,0.91080934,train
O=C1COc2ccc(CNC34CCC(CCc5c(F)cnc6ccc(OC[C@H]7C[C@@H](O)[C@@H](O)C7)nc56)(CC3)OC4)nc2N1,0.8789241,train
O=C1COc2ccc(CNC34CCC(CCc5c(F)cnc6ccc(OCC7(O)COC7)nc56)(CC3)OC4)nc2N1,0.2442023,train
O=C1COc2ccc(CNC34CCC(CCc5c(F)cnc6ccc(OC7CC(O)CC(O)C7)nc56)(CC3)OC4)nc2N1,0.87876904,test
NCCOc1ccc2ncc(F)c(CCC34CCC(NCc5ccc6c(n5)NC(=O)CO6)(CC3)CO4)c2n1,0.92170733,train
NCCCOc1ccc2ncc(F)c(CCC34CCC(NCc5ccc6c(n5)NC(=O)CO6)(CC3)CO4)c2n1,0.89739215,train
NCCCCOc1ccc2ncc(F)c(CCC34CCC(NCc5ccc6c(n5)NC(=O)CO6)(CC3)CO4)c2n1,0.97343236,train
NCC1(COc2ccc3ncc(F)c(CCC45CCC(NCc6ccc7c(n6)NC(=O)CO7)(CC4)CO5)c3n2)CC1,0.98749846,train
NC1(COc2ccc3ncc(F)c(CCC45CCC(NCc6ccc7c(n6)NC(=O)CO7)(CC4)CO5)c3n2)CC1,0.9976603,train
NC1CC1COc1ccc2ncc(F)c(CCC34CCC(NCc5ccc6c(n5)NC(=O)CO6)(CC3)CO4)c2n1,0.9693248,train
NC1COCC1Oc1ccc2ncc(F)c(CCC34CCC(NCc5ccc6c(n5)NC(=O)CO6)(CC3)CO4)c2n1,0.8551451,train
N[C@H]1COC[C@@H]1Oc1ccc2ncc(F)c(CCC34CCC(NCc5ccc6c(n5)NC(=O)CO6)(CC3)CO4)c2n1,0.45196253,train
N[C@@H]1COC[C@H]1Oc1ccc2ncc(F)c(CCC34CCC(NCc5ccc6c(n5)NC(=O)CO6)(CC3)CO4)c2n1,0.29980528,train
N[C@@H]1CO[C@H]1COc1ccc2ncc(F)c(CCC34CCC(NCc5ccc6c(n5)NC(=O)CO6)(CC3)CO4)c2n1,0.27731353,train
N[C@H]1CO[C@@H]1COc1ccc2ncc(F)c(CCC34CCC(NCc5ccc6c(n5)NC(=O)CO6)(CC3)CO4)c2n1,0.30555567,train
N[C@@H]1CO[C@@H]1COc1ccc2ncc(F)c(CCC34CCC(NCc5ccc6c(n5)NC(=O)CO6)(CC3)CO4)c2n1,0.6292046,train
N[C@H]1CO[C@H]1COc1ccc2ncc(F)c(CCC34CCC(NCc5ccc6c(n5)NC(=O)CO6)(CC3)CO4)c2n1,0.1851375,train
NCC(O)COc1ccc2ncc(F)c(CCC34CCC(NCc5ccc6c(n5)NC(=O)CO6)(CC3)CO4)c2n1,0.6019756,train
NC1C(=O)NC1COc1ccc2ncc(F)c(CCC34CCC(NCc5ccc6c(n5)NC(=O)CO6)(CC3)CO4)c2n1,0.58177984,val
NC1C(=O)NCC1Oc1ccc2ncc(F)c(CCC34CCC(NCc5ccc6c(n5)NC(=O)CO6)(CC3)CO4)c2n1,0.45817706,train
N#CCCCOc1ccc2ncc(F)c(CCC34CCC(NCc5ccc6c(n5)NC(=O)CO6)(CC3)CO4)c2n1,0.9913291,train
N#CC1(COc2ccc3ncc(F)c(CCC45CCC(NCc6ccc7c(n6)NC(=O)CO7)(CC4)CO5)c3n2)CC1,0.9798308,train
CCOC(=O)COc1ccc2ncc(F)c(CCC34CCC(NCc5ccc6c(n5)NC(=O)CO6)(CC3)CO4)c2n1,0.9647035,train
CCOC(=O)CCCOc1ccc2ncc(F)c(CCC34CCC(NCc5ccc6c(n5)NC(=O)CO6)(CC3)CO4)c2n1,0.99132943,train
COC(=O)CCCCOc1ccc2ncc(F)c(CCC34CCC(NCc5ccc6c(n5)NC(=O)CO6)(CC3)CO4)c2n1,0.9856688,train
O=C(O)CCCCOc1ccc2ncc(F)c(CCC34CCC(NCc5ccc6c(n5)NC(=O)CO6)(CC3)CO4)c2n1,0.4697678,train
CCOC(=O)C(F)(F)CCOc1ccc2ncc(F)c(CCC34CCC(NCc5ccc6c(n5)NC(=O)CO6)(CC3)CO4)c2n1,0.9789958,train
COC(=O)C1C[C@@H]1COc1ccc2ncc(F)c(CCC34CCC(NCc5ccc6c(n5)NC(=O)CO6)(CC3)CO4)c2n1,0.98874575,train
O=C1COc2ccc(CNC34CCC(CCc5c(F)cnc6ccc(OC[C@H]7CC7C(=O)O)nc56)(CC3)OC4)nc2N1,0.40124264,train
COC(=O)C1(COc2ccc3ncc(F)c(CCC45CCC(NCc6ccc7c(n6)NC(=O)CO7)(CC4)CO5)c3n2)CC1,0.97221833,train
NC(=O)C(F)(F)CCOc1ccc2ncc(F)c(CCC34CCC(NCc5ccc6c(n5)NC(=O)CO6)(CC3)CO4)c2n1,0.74302435,train
O=C1COc2ccc(CNC34CCC(CCc5c(F)cnc6ccc(OCc7cc(=O)c(O)c[nH]7)nc56)(CC3)OC4)nc2N1,0.80547214,train
O=C1COc2ccc(CNC34CCC(CCc5c(F)cnc6ccc(OCCc7cc(=O)c(O)c[nH]7)nc56)(CC3)OC4)nc2N1,0.9470364,train
O=C1COc2ccc(CNC34CCC([C@@H](O)Cc5c(F)cnc6ccc(OCCO)nc56)(CC3)OC4)nc2N1,0.18086171,train
CC(C)c1noc(-c2nnc3n2CCN(C(=O)c2ccc(F)cc2)[C@@H]3C)n1,0.5910217,train
Cc1nsc(-c2nnc3n2CCN(C(=O)c2ccc(F)cc2)C3)n1,0.023613317,train
Cc1nsc(-c2nnc3n2CCN(C(=O)c2ccc(Cl)cc2)[C@@H]3C)n1,0.12464807,train
C[C@@H]1c2nnc(-c3nc(C(F)(F)F)ns3)n2CCN1C(=O)c1ccc(F)cc1,0.12743837,train
Cc1nsc(-c2nnc3n2CCN(C(=O)c2ccccc2)[C@@H]3C)n1,0.01655708,train
Cc1nsc(-c2nnc3n2CCN(C(=O)c2ccc(F)cc2)[C@@H]3CCO)n1,0.017848747,train
Cc1ncc(CNC2CCN(CCn3c(=O)ccc4ncc(Oc5ccc(S(N)(=O)=O)cc5)cc43)CC2)cc1Cl,0.08133306,val
O=C1COc2ccc(CNC3CCN(CCn4c(=O)ccc5ncc(Oc6cncc(F)c6)cc54)CC3)nc2N1,0.14887707,train
O=C1COc2ccc(CN[C@@H]3CCN(CCn4c(=O)ccc5ncc(Oc6cccnc6)cc54)C[C@@H]3F)nc2N1,0.070181645,train
CN(C)C[C@@H]1CCN(C(=O)Nc2nc3c(s2)-c2nc(C(C)(C)C)sc2CC3)C1C(N)=O,0.269157,val
COc1cc(-c2cn(C3CCc4ccccc4NC3=O)nn2)ccc1-n1cnc(C)c1,0.5043824,train
COc1cc(-c2cn(C3CCc4ccccc4N(C)C3=O)nn2)ccc1-n1cnc(C)c1,0.7432658,train
COc1cc(-c2cn(C3CCc4ccccc4N(CCF)C3=O)nn2)ccc1-n1cnc(C)c1,0.86140674,train
COc1cc(-c2cn(C3CCc4ccccc4N(CC(F)F)C3=O)nn2)ccc1-n1cnc(C)c1,0.94563276,train
COc1cc(-c2cn(C3CCc4ccccc4N(CC(F)(F)F)C3=O)nn2)ccc1-n1cnc(C)c1,0.951137,train
COc1cc(-c2cn(C3CCc4ccccc4N(CC4CC4)C3=O)nn2)ccc1-n1cnc(C)c1,0.9271571,test
COc1cc(-c2cn(C3CCc4ccccc4N(Cc4ccccc4)C3=O)nn2)ccc1-n1cnc(C)c1,0.9431915,test
COc1cc(-c2cn(C3CCc4ccccc4N(Cc4ccccn4)C3=O)nn2)ccc1-n1cnc(C)c1,0.75621814,val
COc1cc(-c2cn(C3CCc4ccccc4N(Cc4ccncc4)C3=O)nn2)ccc1-n1cnc(C)c1,0.8433437,test
COc1cc(-c2cn(C3CCc4ccccc4N(Cc4cccnc4)C3=O)nn2)ccc1-n1cnc(C)c1,0.7659784,train
COc1cc(-c2cn(C3CCc4ccccc4N(CC4(C)COC4)C3=O)nn2)ccc1-n1cnc(C)c1,0.641619,test
COc1cc(-c2cn(C3C[C@H](C)c4ccccc4N(CC(F)(F)F)C3=O)nn2)ccc1-n1cnc(C)c1,0.9726601,train
COc1cc(-c2cn(C3CSc4ccccc4N(CC(F)(F)F)C3=O)nn2)ccc1-n1cnc(C)c1,0.98398155,test
COc1cc(-c2cn(C3(C)CCc4ccccc4N(CC(F)(F)F)C3=O)nn2)ccc1-n1cnc(C)c1,0.81413865,train
COc1cc(-c2cn(C3CCc4c(ccc5ccccc45)N(CC(F)(F)F)C3=O)nn2)ccc1-n1cnc(C)c1,0.9893853,train
COc1cc(-c2cn(C3CCc4cc(F)ccc4N(CC(F)(F)F)C3=O)nn2)ccc1-n1cnc(C)c1,0.98139143,train
COc1cc(-c2cn(C3CCc4c(F)cccc4N(CC(F)(F)F)C3=O)nn2)ccc1-n1cnc(C)c1,0.98429376,train
COc1cc(-c2cn(C3CCc4c(F)cc(F)cc4N(CC(F)(F)F)C3=O)nn2)ccc1-n1cnc(C)c1,0.9940671,train
COc1cc(-c2cn(C3CCc4c(ccc(Br)c4F)N(CC(F)(F)F)C3=O)nn2)ccc1-n1cnc(C)c1,0.99287015,train
COc1cc(-c2cn(C3CCc4cccnc4N(CC(F)(F)F)C3=O)nn2)ccc1-n1cnc(C)c1,0.8773327,val
COc1cc(-c2cn(C3CC[C@@H]4CCCC[C@H]4N(Cc4ccccc4)C3=O)nn2)ccc1-n1cnc(C)c1,0.77756697,test
Cc1cn(-c2ccc(-c3cn(C4CCc5c(F)cccc5N(CC(F)(F)F)C4=O)nn3)cc2)cn1,0.9842619,train
COc1cc(-n2cnc(C)c2)ccc1-c1cn(C2CCc3c(F)cccc3N(CC(F)(F)F)C2=O)nn1,0.986876,train
Cc1cn(-c2ccc(-c3cn(C4CCc5c(F)cccc5N(CC(F)(F)F)C4=O)nn3)cc2OCC(F)(F)F)cn1,0.9963882,train
Cc1cn(-c2ccc(-c3cn(C4CCc5c(F)cccc5N(CC(F)(F)F)C4=O)nn3)c(F)c2)cn1,0.99011606,train
COc1c(-n2cnc(C)c2)ccc(-c2cn(C3CCc4c(F)cccc4N(CC(F)(F)F)C3=O)nn2)c1F,0.98156667,train
COc1c(-c2cn(C3CCc4c(F)cccc4N(CC(F)(F)F)C3=O)nn2)ccc(-n2cnc(C)c2)c1F,0.9705028,train
COc1cc(-c2cn(C3CCc4c(F)cccc4N(CC(F)(F)F)C3=O)nn2)ccc1-n1cnc(C)n1,0.95509,test
COc1cc([C@H](O)CN2CCN(C[C@H](O)c3ccc4c(c3C)COC4=O)CC2)ncc1C#N,0.4291951,train
Cc1c([C@@H](O)CN2CCN(C[C@H](O)c3ccc(C#N)cn3)CC2)ccc2c1COC2=O,0.3711485,train
COc1cc(C(O)CN2CCN(CCc3ccc4c(c3C)COC4=O)CC2)ncc1C#N,0.873064,train
COc1cc(C(O)CN2CCN(CCc3ccc4c(c3C)COC4=O)CC2)ccc1C#N,0.9581363,train
COc1cc(C(C)(C)CN2CCN(CCc3ccc4c(c3C)COC4=O)CC2)ccc1C#N,0.98444486,train
COc1cc(C(C)CN2CCN(CCc3ccc4c(c3C)COC4=O)CC2)ccc1C#N,0.98273736,train
COc1cc(CC(C)N2CCN(CCc3ccc4c(c3C)COC4=O)CC2)ccc1C#N,0.9551889,train
CCOC(CN1CCN(CCc2ccc(C#N)c(OC)c2)CC1)c1ccc2c(c1C)COC2=O,0.98368406,train
COc1cc(CCN2CCN(CC(OC)c3ccc4c(c3C)COC4=O)CC2)ccc1C#N,0.9675249,train
COc1cc(CCN2CCN(CC(O)c3ccc4c(c3C)COC4=O)CC2)ccc1C#N,0.96233535,train
COc1cc(CCN2CCN(CC(F)c3ccc4c(c3C)COC4=O)CC2)ccc1C#N,0.97671014,train
COc1cc(CCN2CCN(CC(C)c3ccc4c(c3C)COC4=O)CC2)ccc1C#N,0.9840301,train
COc1cc(CCN2CCN(CCc3ccc4c(c3C)COC4=O)CC2)ccc1C#N,0.9924787,train
O=C1OCc2cc(CCN3CCN(CCc4ccc([N+](=O)[O-])cc4)CC3)ccc21,0.9933615,train
COc1cc([C@@H](O)CN2CCN(C[C@H](O)c3ccc4c(c3C)COC4=O)CC2)ncc1C#N,0.28402954,train
COc1cc(C(O)CN2CCN(C[C@H](O)c3ccc4c(c3C)COC4=O)CC2)ccc1C#N,0.82147396,train
Cc1nc(C(O)CN2CCN(C[C@H](O)c3ccc4c(c3C)COC4=O)CC2)ccc1C#N,0.53151375,train
Cc1c([C@@H](O)CN2CCN(CC(O)c3ncc(C#N)cc3Cl)CC2)ccc2c1COC2=O,0.790068,train
Cc1c([C@@H](O)CN2CCN(CC(O)c3cc(C4CC4)c(C#N)cn3)CC2)ccc2c1COC2=O,0.4144859,val
COc1cc(C(O)CN2CCN(C[C@H](O)c3ccc4c(c3C)COC4=O)CC2)nc(C)c1C#N,0.4933229,train
CCOc1cc(C(O)CN2CCN(C[C@H](O)c3ccc4c(c3C)COC4=O)CC2)ncc1C#N,0.50707173,train
Cc1c([C@@H](O)CN2CCN(CC(O)c3cc(C(F)(F)F)c(C#N)cn3)CC2)ccc2c1COC2=O,0.51469743,train
[2H]C([2H])([2H])Oc1cc(C(O)CN2CCN(C[C@H](O)c3ccc4c(c3C)COC4=O)CC2)ncc1C#N,0.0793608,train
CC(C)[C@@H](CN1CC[C@@](C)(c2cccc(O)c2)[C@@H](C)C1)NC(=O)C1Cc2ccc(O)cc2CN1,0.89597595,train
CC(C)[C@@H](CN1CC[C@@](C)(c2ccccc2)[C@@H](C)C1)NC(=O)C1Cc2ccc(O)cc2CN1,0.94622296,train
CC(C)[C@@H](CN1CC[C@@](C)(c2cccc(F)c2)[C@@H](C)C1)NC(=O)C1Cc2ccc(O)cc2CN1,0.98339003,train
CC(C)[C@@H](CN1CCC(C)(c2cccc(F)c2)CC1)NC(=O)C1Cc2ccc(O)cc2CN1,0.9452528,train
CCC(C)[C@@H](CN1CCC(C)(c2cccc(F)c2)CC1)NC(=O)C1Cc2ccc(O)cc2CN1,0.9738957,train
CC(C)[C@@H](CN1CCC(c2cccc(O)c2)CC1)NC(=O)C1Cc2ccc(O)cc2CN1,0.8310659,train
CC(C)[C@@H](CN1CCC(c2ccccc2)CC1)NC(=O)C1Cc2ccc(O)cc2CN1,0.92707914,train
CC(C)[C@@H](CN1CCC(c2cccc(F)c2)CC1)NC(=O)C1Cc2ccc(O)cc2CN1,0.9663384,train
COc1cc(-n2cnn3cc(-c4ccc(Cl)cc4)cc3c2=O)ccc1OCCN1CCCC1,0.99186605,train
CNC1CCN(c2ccc(-n3cnn4cc(-c5ccc(Cl)cc5)cc4c3=O)cn2)C1,0.957504,val
O=c1c2cc(-c3ccc(Cl)cc3)cn2ncn1-c1ccc(N2CC(O)C2)nc1,0.8541948,test
O=c1c2cc(-c3ccc(Cl)cc3)cn2ncn1-c1ccc(N2CCC(N3CC(O)C3)C2)nc1,0.92526215,test
CNc1nc(NCCN2CCNCC2)c2sc(-c3ccc(C(F)(F)F)cc3)cc2n1,0.99656326,train
Nc1nc(NC2CCNCC2)c2sc(-c3ccc(C(F)(F)F)cc3)cc2n1,0.9921956,train
Nc1nc(NC2CCNC2)c2sc(-c3ccc(C(F)(F)F)cc3)cc2n1,0.98838645,val
Nc1nc(NC2CCOCC2)c2sc(-c3ccc(C(F)(F)F)cc3)cc2n1,0.9915222,test
Nc1nc(N2CCC(N)CC2)c2sc(-c3ccc(C(F)(F)F)cc3)cc2n1,0.99790037,test
COCc1cnc(N2CCC([C@H]3C[C@H]3COCc3ccc(S(C)(=O)=O)cc3F)CC2)nc1,0.06003766,train
Cc1nn(-c2ccnc(Nc3ccc4c(c3)c(Cl)c(C)n4C)n2)cc1CN1CC(O)C1,0.3117826,train
Cc1nn(-c2ccnc(Nc3ccc4c(c3)c(C)c(C)n4C)n2)cc1CN1CC(O)C1,0.1115495,train
COc1cc2ncnc(Nc3cccc(Cl)c3F)c2cc1CN1CCOCC1,0.6803833,val
Cc1ncn(-c2cc(Cl)c(C(=O)NC[C@@H](c3cccc(F)c3)c3ccc4[nH]c(C)nc4c3)c(Cl)c2)n1,0.10081565,train
COc1cc2[nH]c(C(CNC(=O)c3c(Cl)cc(-n4cnc(C)n4)cc3Cl)c3cccc(F)c3)nc2cc1Cl,0.58784354,train
Cc1ncn(-c2cc(Cl)c(C(=O)NCC(c3cccc(F)c3)c3nc4c(C)cc(Cl)cc4[nH]3)c(Cl)c2)n1,0.80493134,train
Cc1ncn(-c2cc(Cl)c(C(=O)NCC(c3cccc(F)c3)c3nc4cc(Cl)ccc4[nH]3)c(Cl)c2)n1,0.82147545,train
NC1=NC(=O)C2CCCN2c2ccc(cc2)OCCCCCCNCC(=O)Nc2c(Cl)cc(cc2Cl)CN1,0.15577653,train
CS(=O)(=O)c1ccc(-c2cnc3ccc(-c4cccc(S(C)(=O)=O)c4)nn23)cc1,0.90985596,train
CS(=O)(=O)c1ccc(-c2cnc3ccc(-c4cccc(S(C)(=O)=O)c4)cn23)cc1,0.9710225,test
CS(=O)(=O)c1ccc(-c2cnn3ccc(-c4cccc(S(=O)(=O)C5CC5)c4)cc23)cc1,0.9860669,val
CS(=O)(=O)c1ccc(-c2cnn3ccc(-c4cccc(S(=O)(=O)C5CC5)c4)nc23)cc1,0.97141516,val
O=C(c1ccc(F)cc1F)C1CCN(CCCOc2ccc(-c3nc4ccccc4o3)cc2)CC1,0.95333856,test
Fc1ccc2c(C3CCN(CCCOc4ccc(-c5nc6ccccc6o5)cc4)CC3)noc2c1,0.9980703,val
Fc1ccc2c(C3CCN(CCCOc4ccc(Cc5nc6ccccc6o5)cc4)CC3)noc2c1,0.9979898,train
Fc1ccc2c(C3CCN(CCCOc4ccc(CCc5nc6ccccc6o5)cc4)CC3)noc2c1,0.9999176,train
CC(c1ccc(OCCCN2CCC(c3noc4cc(F)ccc34)CC2)cc1)c1nc2ccccc2o1,0.9982886,train
CS(=O)(=O)n1cc2c(n1)CN([C@H]1CO[C@H](c3cc(F)ccc3F)[C@@H](N)C1)C2,0.13467798,test
N[C@H]1C[C@@H](N2Cc3cn(S(=O)(=O)C4CC4)nc3C2)CO[C@@H]1c1cc(F)ccc1F,0.32650176,train
Cc1noc([C@H]2CC2C(=O)NCc2ccc(-c3cccc(OC(F)(F)F)c3)c3c2CN(C(=O)NC(C)(C)C)CC3)n1,0.51594275,val
CC(C)(C)n1nnc2c1CCC(n1cnc(-c3ccc(F)cc3)n1)C2,0.63289994,train
CCOC[C@]12Cc3cnn(-c4ccc(F)cc4)c3C=C1CCN(S(=O)(=O)c1ccc(C(F)(F)F)cc1)C2,0.99756014,train
O=C(c1ccccn1)[C@]12Cc3cnn(-c4ccc(F)cc4)c3C=C1CCN(S(=O)(=O)c1ccc(F)cc1)C2,0.9822266,train
O=C(c1ccccn1)[C@]12Cc3cnn(-c4ccc(F)cc4)c3C=C1CCN(S(=O)(=O)c1ccc(C(F)(F)F)cc1)C2,0.9978042,train
O=C(COc1ccc2ccccc2c1Br)Nc1cccnc1,0.847567,train
O=S(=O)(c1ccc(C(F)(F)F)cc1)N1CCC(CN2CCC(c3noc4cc(F)ccc34)CC2)CC1,0.9997228,train
O=[N+]([O-])c1ccc(S(=O)(=O)N2CCC(CN3CCC(c4noc5cc(F)ccc45)CC3)CC2)cc1,0.9974554,train
COCCCN1C[C@@H]2[C@@H](CNC(=O)c3nc(C(C)C)n4ccccc34)[C@@H]2C1,0.9833233,test
CC1(C#N)CN(c2cc(COc3ccc(F)c(F)c3F)nc(-c3ccccn3)n2)C1,0.9749795,train
Fc1ccc(OCc2cc(OCC3(F)COC3)nc(-c3ccccn3)n2)c(F)c1F,0.9202177,train
O=C(c1ccc(Cl)c(C(F)(F)F)c1)N1CCN(c2cc(=O)[nH]c(=O)n2Cc2ccc(OS(=O)(=O)c3cccc4cnccc34)cc2)CC1,0.9826486,test
O=C(O)C1CN(Cc2ccc(OCc3ccc(Cl)c(Cl)c3)cc2)C1,0.3137662,test
CCOC(=O)C1CCN(C(=O)c2ccc(C[C@@H]3CC[C@H]([C@H](O)c4ccccc4)N3)cc2)CC1,0.78266764,test
O=C(c1ccc(C[C@@H]2CC[C@H]([C@H](O)c3ccccc3)N2)cc1)N1CCC2(CCOC2=O)CC1,0.45837164,train
CC1(C)CC2(CCN(C(=O)c3ccc(C[C@@H]4CC[C@H]([C@H](O)c5ccccc5)N4)cc3)CC2)C(=O)O1,0.20755225,train
CCOC(=O)C1[C@H]2CN(C(=O)c3ccc(C[C@@H]4CC[C@H]([C@H](O)c5ccccc5)N4)cc3)C[C@@H]12,0.7545511,val
O=C(c1ccc(C[C@@H]2CC[C@H]([C@H](O)c3ccccc3)N2)cc1)N1C[C@@H]2[C@H](C1)[C@H]2c1nnco1,0.06741511,train
CCc1nnc([C@H]2[C@@H]3CN(C(=O)c4ccc(C[C@@H]5CC[C@H]([C@H](O)c6ccccc6)N5)cc4)C[C@@H]32)o1,0.18881066,train
Cn1nnc([C@H]2[C@@H]3CN(C(=O)c4ccc(C[C@@H]5CC[C@H]([C@H](O)c6ccccc6)N5)cc4)C[C@@H]32)n1,0.015951006,train
C[C@@H]1C[C@H](N)C[C@H](c2ccncc2NC(=O)c2ccc(F)c(-c3c(F)cccc3F)n2)C1,0.9919624,val
CNCc1cc(Oc2ccc3c(ccn3C(=O)Nc3ccc(F)c(C(F)(F)F)c3)c2)ncn1,0.862155,test
O=C(Nc1cccc(C(F)(F)F)c1)n1ccc2cc(Oc3ncnc4c3CCNC4)ccc21,0.7738113,train
C[C@H]1Cc2c(ncnc2Oc2ccc3c(ccn3C(=O)Nc3cccc(C(F)(F)F)c3)c2)CN1,0.5178113,train
O=C(Nc1cccc(C(F)(F)F)c1)n1ccc2cc(Oc3ncnc4c3CNC4)ccc21,0.5351811,train
C[C@H]1Cc2c(ncnc2Oc2ccc3c(ccn3C(=O)Nc3cc(C4(C)CC4)[nH]n3)c2)CN1,0.045573384,test
CC(C)(C)c1cc(NC(=O)n2ccc3cc(Oc4ncnc5c4CCNC5)ccc32)no1,0.43373552,train
C[C@H]1Cc2c(ncnc2Oc2ccc3c(ccn3C(=O)Nc3cc(C(C)(C)C)on3)c2)CN1,0.19383053,train
CC(C)(C)c1cc(NC(=O)n2ccc3cc(Oc4ncnc5c4CNC5)ccc32)no1,0.2066175,test
Nc1ccc(-c2cnc(N)c(-c3ccc(Cl)cc3)c2)cn1,0.9614381,train
COc1ccc2ncc(F)c(CC(N)C34CCC(NCc5ccc6c(n5)NC(=O)CO6)(CC3)CO4)c2n1,0.71673846,train
COc1ccc2ncc(F)c(C(=O)CC34CCC(NCc5ccc6c(n5)NC(=O)CO6)(CC3)CO4)c2n1,0.84840316,train
COc1ccc2ncc(F)c(CC(=O)C34CCC(NCc5ccc6c(n5)NC(=O)CO6)(CC3)CO4)c2n1,0.92519194,train
COc1ccc2ncc(F)c(C[C@H](OC)C34CCC(NCc5ccc6c(n5)NC(=O)CO6)(CC3)CO4)c2n1,0.9146899,train
COc1ccc2ncc(F)c(CC(OCCO)C34CCC(NCc5ccc6c(n5)NC(=O)CO6)(CC3)CO4)c2n1,0.73715645,train
COc1ccc2ncc(F)c(CC(OCC(=O)O)C34CCC(NCc5ccc6c(n5)NC(=O)CO6)(CC3)CO4)c2n1,0.2753655,train
COc1ccc2ncc(F)c(CC(F)C34CCC(NCc5ccc6c(n5)NC(=O)CO6)(CC3)CO4)c2n1,0.9448066,train
COc1ccc2ncc(F)c(CC(NOC(C)=O)C34CCC(NCc5ccc6c(n5)NC(=O)CO6)(CC3)CO4)c2n1,0.22790627,train
COc1ccc2ncc(F)c(CC(NS(C)(=O)=O)C34CCC(NCc5ccc6c(n5)NC(=O)CO6)(CC3)CO4)c2n1,0.5450603,train
COc1ccc2ncc(F)c(CC(=NO)C34CCC(NCc5ccc6c(n5)NC(=O)CO6)(CC3)CO4)c2n1,0.8935133,train
CO/N=C(/Cc1c(F)cnc2ccc(OC)nc12)C12CCC(NCc3ccc4c(n3)NC(=O)CO4)(CC1)CO2,0.9841166,train
COc1ccc2ncc(F)c(CC(C)(O)C34CCC(NCc5ccc6c(n5)NC(=O)CO6)(CC3)CO4)c2n1,0.8817027,train
COc1ccc2ncc(F)c(CC(O)(C(F)(F)F)C34CCC(NCc5ccc6c(n5)NC(=O)CO6)(CC3)CO4)c2n1,0.8456397,train
COc1ccc2ncc(F)c(C(O)CC34CCC(NCc5ccc6c(n5)NC(=O)CO6)(CC3)CO4)c2n1,0.7996556,train
COc1ccc2ncc(F)c(C(C)(O)CC34CCC(NCc5ccc6c(n5)NC(=O)CO6)(CC3)CO4)c2n1,0.6421806,train
COc1ccc2ncc(F)c(C(CO)CC34CCC(NCc5ccc6c(n5)NC(=O)CO6)(CC3)CO4)c2n1,0.44284227,train
CCOC(=O)C(CC12CCC(NCc3ccc4c(n3)NC(=O)CO4)(CC1)CO2)c1c(F)cnc2ccc(OC)nc12,0.97852623,train
COc1ccc2ncc(F)c(C(CC34CCC(NCc5ccc6c(n5)NC(=O)CO6)(CC3)CO4)C(=O)O)c2n1,0.16767806,train
COc1ccc2ncc(F)c([C@@H](O)[C@H](O)C34CCC(NCc5ccc6c(n5)NC(=O)CO6)(CC3)CO4)c2n1,0.45117998,train
COc1ccc2ncc(F)c([C@H](O)[C@@H](O)C34CCC(NCc5ccc6c(n5)NC(=O)CO6)(CC3)CO4)c2n1,0.33922616,train
COc1ccc2ncc(F)c([C@H]3OC(=O)O[C@@H]3C34CCC(NCc5ccc6c(n5)NC(=O)CO6)(CC3)CO4)c2n1,0.45333642,train
COc1ccc2ncc(F)c([C@@H]3OC(=O)O[C@H]3C34CCC(NCc5ccc6c(n5)NC(=O)CO6)(CC3)CO4)c2n1,0.7648194,train
COc1ccc2c(c1)[C@@H]1C[C@]1(C(=O)N1C3CCC1CN(C)C3)Cn1c-2c(C2CCCCC2)c2ccc(C(=O)NS(=O)(=O)C(C)C)cc21,0.037998855,train
COc1ccc2c(c1)[C@@H]1C[C@]1(C(=O)N1C3CCC1CN(C)C3)Cn1c-2c(C2CCCCC2)c2ccc(C(=O)NS(=O)(=O)CC(C)C)cc21,0.050935425,train
COc1ccc2c(c1)[C@@H]1C[C@]1(C(=O)N1C3CCC1CN(C)C3)Cn1c-2c(C2CCCCC2)c2ccc(C(=O)NS(=O)(=O)C3CCC3)cc21,0.052516807,test
COc1cc(N)c(Cl)cc1C(=O)N[C@H]1CCN(CCCn2cccc2)C[C@H]1OC,0.95138454,train
COc1cc(N)c(Cl)cc1C(=O)N[C@H]1CCN(CCCn2ccnc2)C[C@H]1OC,0.889322,test
COc1cc(N)c(Cl)cc1C(=O)N[C@H]1CCN(CCCn2cncn2)C[C@H]1OC,0.92850405,train
COc1cc(N)c(Cl)cc1C(=O)N[C@H]1CCN(CCC(=O)N2CCC(Cc3ccccc3)CC2)C[C@H]1OC,0.9626293,val
COC(=O)N1CCC(CN2CC[C@H](NC(=O)c3cc(Cl)c(N)cc3OC)[C@H](OC)C2)CC1,0.9247541,train
COc1cc(N)c(Cl)cc1C(=O)N[C@H]1CCN(CC2CCN(C(=O)CC(C)C)CC2)C[C@H]1OC,0.95517164,train
CCOC(=O)N1CCC(CN2CC[C@H](NC(=O)c3cc(Cl)c(N)cc3OC)[C@H](OC)C2)CC1,0.9709944,train
CCC(=S)N1CCC(CN2CC[C@H](NC(=O)c3cc(Cl)c(N)cc3OC)[C@H](OC)C2)CC1,0.9647594,train
COc1cc(N)c(Cl)cc1C(=O)N[C@H]1CCN(CC2CCN(C(=S)C(C)C)CC2)C[C@H]1OC,0.9156121,train
COc1cc(N)c(Cl)cc1C(=O)N[C@H]1CCN(CC2CCN(C(=O)NC(C)C)CC2)C[C@H]1OC,0.91423696,train
Cc1[nH]c(NC(=O)c2cc(CNC(=O)C(C)C)cnc2C(F)F)nc1-c1ccc(C(F)(F)F)cc1,0.5787684,test
O=S(=O)(Nc1ccc(CCNC[C@H](O)c2cccnc2)cc1)c1ccc(-c2nc(-c3ccc(C(F)(F)F)cc3)cs2)cc1,0.99573106,val
O=C(Cn1cnc2ccccc2c1=O)Nc1ccc(C[C@@H]2CC[C@H]([C@H](O)c3ccccc3)N2)cc1,0.5076209,train
COc1ccccc1N1CCN(CCCCCC(=O)n2c3ccccc3c3ccccc32)CC1,0.9873793,test
Cc1ncoc1-c1nnc(SCCCN2CCOC(c3ccc(F)cc3)C2)n1C,0.9214425,train
Cc1ncoc1-c1nnc(SCCCN2CCOC(c3ccc(C(F)(F)F)cc3)C2)n1C,0.9752162,train
Cc1ncoc1-c1nnc(SCCCCN2CCOC(c3ccc(C(F)(F)F)cc3)C2)n1C,0.97260123,val
Cn1c(SCCCN2CCOC(c3ccc(C(F)(F)F)cc3)C2)nnc1-c1ccc(C(N)=O)nc1,0.98528695,test
Cn1c(SCCCN2CCOC(c3ccc(C(F)(F)F)cc3)C2)nnc1-c1ccc(C(N)=O)cc1,0.99057287,val
Cn1c(SCCCN2CCOC(c3ccc(C(F)(F)F)cc3)C2)nnc1-c1ccc(-c2ncco2)cc1,0.9933333,test
Cc1ccc(C2CN(CCCSc3nnc(-c4ccc(-c5noc(C)n5)cc4)n3C)CCO2)cc1,0.98832357,train
CN(C)Cc1cc(C(=O)N[C@@H]2CCc3ccc(Oc4ccnc5c4CCC(=O)N5)cc3C2)cc(C(F)(F)F)c1,0.9698706,train
CNCc1cc(C(=O)N[C@@H]2CCc3ccc(Oc4ccnc5c4CCC(=O)N5)cc3C2)cc(C(F)(F)F)c1,0.9064726,train
CCNCc1cc(C(=O)N[C@@H]2CCc3ccc(Oc4ccnc5c4CCC(=O)N5)cc3C2)cc(C(F)(F)F)c1,0.8988234,train
NCc1cc(C(=O)N[C@@H]2CCc3ccc(Oc4ccnc5c4CCC(=O)N5)cc3C2)cc(C(F)(F)F)c1,0.82785624,train
CC(C)(N)c1cc(C(=O)N[C@@H]2CCc3ccc(Oc4ccnc5c4CCC(=O)N5)cc3C2)cc(C(F)(F)F)c1,0.92902696,train
NC1(c2cc(C(=O)N[C@@H]3CCc4ccc(Oc5ccnc6c5CCC(=O)N6)cc4C3)cc(C(F)(F)F)c2)CCC1,0.9289734,test
N[C@H](CO)c1cc(C(=O)N[C@@H]2CCc3ccc(Oc4ccnc5c4CCC(=O)N5)cc3C2)cc(C(F)(F)F)c1,0.28673837,train
O=C1CCc2c(Oc3ccc4c(c3)C[C@H](NC(=O)c3cc(C(F)(F)F)cc(C5(O)CNC5)c3)CC4)ccnc2N1,0.93649393,train
O=C(O)CN(C1(c2ccc(-c3ccccc3OC(F)(F)F)cc2)CCC1)S(=O)(=O)c1ccc(OC(F)F)cc1,0.12948038,train
CC1(C)CCc2cc(S(=O)(=O)N(CC(=O)O)C3(c4cccc(-c5cc(Cl)cc(Cl)c5)c4)CCC3)ccc2O1,0.15529679,val
CC1(C)CCc2cc(S(=O)(=O)N(CC(=O)O)Cc3cccc(-c4ccccc4)c3)ccc2O1,0.07731143,train
O=C(O)CN(Cc1cccc(-c2ccccc2OC(F)(F)F)c1)S(=O)(=O)c1ccc(OC(F)F)cc1,0.17425074,val
C=CCOc1cc(F)c(F)cc1C1CC1CN,0.8937248,train
Cn1c(SCCCN2CC3CCN(c4ccc(C(F)(F)F)cc4)C3C2)nnc1-c1cc[nH]c(=O)c1,0.99799913,train
Cn1c(SCCCN2CC3CCN(c4ccc(C(F)(F)F)cc4)C3C2)nnc1-c1ccc(=O)[nH]c1,0.9982375,train
Cn1c(SCCCN2CC3CCN(c4ccc(C(F)(F)F)cc4)C3C2)nnc1-c1ccc(=O)n(C)c1,0.9980434,train
Cn1c(SCCCN2CC3CCN(c4ccc(F)cc4)C3C2)nnc1-c1cc[nH]c(=O)c1,0.9942022,train
Cn1c(SCCCN2CC3CCN(c4ccc(F)cc4)C3C2)nnc1-c1ccn(C)c(=O)c1,0.98956406,train
Cn1c(SCCCN2CC3CCN(c4c(F)cc(F)cc4F)C3C2)nnc1-c1ccn(C)c(=O)c1,0.9751906,train
Cn1c(SCCCN2CC3CCN(c4ccc(C(F)(F)F)cc4)C3C2)nnc1N1CCOCC1,0.99903166,train
Cn1c(SCCCN2CC3CCN(c4ccccc4)C3C2)nnc1C1CCOCC1,0.98871803,train
Cn1c(SCCCN2CC3CCN(c4ccc(F)cc4)C3C2)nnc1C1CCOCC1,0.99471444,train
Cn1c(SCCCN2CC3CCN(c4ccc(C(F)(F)F)cc4)C3C2)nnc1C1CCCC1,0.99965954,train
Cn1c(SCCCN2CC3CCN(c4ccc(C(F)(F)F)cc4)C3C2)nnc1C1CCCCC1,0.99968517,train
Cn1c(SCCCN2CC3CCN(c4ccc(F)cc4)C3C2)nnc1C1CCCCC1,0.9990056,train
Cc1ncoc1-c1nnc(SCCCN2CC3CN(c4ccc(C(F)(F)F)cc4)C3C2)n1C,0.9992755,train
Cn1c(SCCCN2CC3CCN(c4ccccc4C(F)(F)F)C3C2)nnc1-c1ccccn1,0.9992269,train
Cn1c(SCCCN2CC3CCN(c4ccccc4C(F)(F)F)C3C2)nnc1-c1ccncc1,0.99880314,val
Cn1c(SCCCN2CC3CCN(c4ccccc4C(F)(F)F)C3C2)nnc1-c1cccnc1,0.99797255,train
Cn1c(SCCCN2CC3CCN(c4ccc(C(F)(F)F)cc4)C3C2)nnc1-c1ccccn1,0.9994448,train
Cn1c(SCCCN2CC3CCN(c4ccc(C(F)(F)F)cc4)C3C2)nnc1-c1cccnc1,0.9985428,train
Cn1cc(-c2nnc(SCCCN3CC4CCN(c5ccc(C(F)(F)F)cc5)C4C3)n2C)cn1,0.9987174,test
Cn1c(SCCCN2CC3CCN(c4ccc(C(F)(F)F)cc4)C3C2)nnc1-c1cccnn1,0.9995466,train
Cn1c(SCCCN2CC3CCN(c4ccc(C(F)(F)F)cc4)C3C2)nnc1-c1ccncn1,0.9979631,train
Cn1c(SCCCN2CC3CCN(c4ccc(C(F)(F)F)cc4)C3C2)nnc1-c1cncnc1,0.99505687,train
Cn1c(SCCCN2CC3CCN(c4c(F)cc(F)cc4F)C3C2)nnc1-c1cnccn1,0.9910574,train
Cn1c(SCCCN2CC3CCN(c4c(F)cccc4F)C3C2)nnc1-c1cnccn1,0.98297864,train
Cn1c(SCCCN2CC3CCN(c4c(F)cccc4C(F)(F)F)C3C2)nnc1-c1cnccn1,0.9979912,train
Cn1c(SCCCN2CC3CCN(c4ccc(F)cc4C(F)(F)F)C3C2)nnc1-c1cnccn1,0.99922717,train
COc1cc(N2CCC3CN(CCCSc4nnc(-c5cnccn5)n4C)CC32)ccc1F,0.9902282,train
Cn1c(SCCCN2CC3CCN(c4ccc(F)cc4F)C3C2)nnc1-c1cnccn1,0.9952148,train
CC(C)Oc1ccccc1N1CCC2CN(CCCSc3nnc(-c4cnccn4)n3C)CC21,0.99485344,train
Cn1c(SCCCN2CC3CCN(c4ccccc4C#N)C3C2)nnc1-c1cnccn1,0.9930883,train
Cn1c(SCCCN2CC3CCN(c4cccc(C#N)c4)C3C2)nnc1-c1cnccn1,0.9955627,train
Cn1c(SCCCN2CC3CCN(c4ccc(C#N)cc4)C3C2)nnc1-c1cnccn1,0.9981694,train
Cn1c(SCCCN2CC3CCN(c4ccccc4OC(F)(F)F)C3C2)nnc1-c1cnccn1,0.99836653,train
Cn1c(SCCCN2CC3CCN(c4cccc(OC(F)(F)F)c4)C3C2)nnc1-c1cnccn1,0.9989831,train
COc1ccccc1N1CCC2CN(CCCSc3nnc(-c4cnccn4)n3C)CC21,0.99153394,train
COc1cccc(N2CCC3CN(CCCSc4nnc(-c5cnccn5)n4C)CC32)c1,0.9918433,train
COc1ccc(N2CCC3CN(CCCSc4nnc(-c5cnccn5)n4C)CC32)cc1,0.9894705,train
Cc1ccccc1N1CCC2CN(CCCSc3nnc(-c4cnccn4)n3C)CC21,0.9899172,train
Cc1cccc(N2CCC3CN(CCCSc4nnc(-c5cnccn5)n4C)CC32)c1,0.99570423,train
Cc1ccc(N2CCC3CN(CCCSc4nnc(-c5cnccn5)n4C)CC32)cc1,0.9922875,train
Cn1c(SCCCN2CC3CCN(c4ccccc4F)C3C2)nnc1-c1cnccn1,0.98807853,train
Cn1c(SCCCN2CC3CCN(c4cccc(F)c4)C3C2)nnc1-c1cnccn1,0.99719894,train
Cn1c(SCCCN2CC3CCN(c4ccc(F)cc4)C3C2)nnc1-c1cnccn1,0.9962753,train
Cn1c(SCCCN2CC3CCN(c4ccccc4C(F)(F)F)C3C2)nnc1-c1cnccn1,0.998072,train
Cn1c(SCCCN2CC3CCN(c4ccc(C(F)(F)F)cc4)C3C2)nnc1-c1cnccn1,0.99861944,train
Cc1ncoc1-c1nnc(SCCCN2CC3CCN(c4ccccc4OC(F)(F)F)C3C2)n1C,0.998066,train
Cc1ncoc1-c1nnc(SCCCN2CC3CCN(c4c(F)cccc4F)C3C2)n1C,0.9798861,train
Cc1ncoc1-c1nnc(SCCCN2CC3CCN(c4ccc(Cl)cc4Cl)C3C2)n1C,0.9982115,train
Cc1ncoc1-c1nnc(SCCCN2CC3CCN(c4cccc(C#N)c4)C3C2)n1C,0.99475586,train
Cc1ncoc1-c1nnc(SCCCN2CC3CCN(c4cccc(F)c4)C3C2)n1C,0.99668866,train
Cc1ncoc1-c1nnc(SCCCN2CC3CCN(c4ccc(F)cc4)C3C2)n1C,0.99559754,train
Cc1ncoc1-c1nnc(SCCCN2CC3CCN(c4ccc(C(F)(F)F)cc4F)C3C2)n1C,0.99708575,train
Cc1ncoc1-c1nnc(SCCCN2CC3CCN(c4ccc(C(F)(F)F)cc4)C3C2)n1C,0.9983664,train
Cc1ncoc1-c1nnc(SCCCN2CC3CCN(c4ccccc4)C3C2)n1C,0.990595,train
COc1cccc(-c2c[nH]c([C@H]3Cc4c([nH]c5ccccc45)[C@](c4cnn(C)c4)(c4noc(C)n4)N3)n2)n1,0.99316895,train
Cc1nc([C@@]2(c3cnn(C)c3)N[C@@H](c3nc(-c4ccc(F)cn4)c[nH]3)Cc3c2[nH]c2ccccc32)no1,0.98355424,train
Cc1nc([C@@]2(c3cnn(C)c3)N[C@@H](c3nc(-c4ccccn4)c[nH]3)Cc3c2[nH]c2ccccc32)no1,0.97477823,train
Cc1nc([C@]2(c3cnn(C)c3)N[C@@H](c3nc(-c4ccccn4)c[nH]3)Cc3c2[nH]c2ccccc32)no1,0.95519376,train
Cc1nc([C@@]2(c3cnn(C)c3)N[C@@H](c3nc(-c4ccccc4)c[nH]3)Cc3c2[nH]c2ccccc32)no1,0.98195124,train
Cc1nc([C@]2(c3cnn(C)c3)N[C@@H](c3nc(-c4ccccc4)c[nH]3)Cc3c2[nH]c2ccccc32)no1,0.96777034,train
COc1cccc(-c2c[nH]c([C@H]3Cc4c([nH]c5ccccc45)[C@@H](C4CCOCC4)N3)n2)n1,0.9990804,train
Clc1ccc(-c2c[nH]c([C@H]3Cc4c([nH]c5ccccc45)[C@@H](C4CCOCC4)N3)n2)nc1,0.9988029,train
Fc1ccc(-c2c[nH]c([C@H]3Cc4c([nH]c5ccccc45)[C@@H](C4CCOCC4)N3)n2)nc1,0.99601954,train
c1ccc2c3c([nH]c2c1)[C@@H](C1CCOCC1)N[C@@H](c1nc(-c2cscn2)c[nH]1)C3,0.99121374,val
c1cncc(-c2c[nH]c([C@H]3Cc4c([nH]c5ccccc45)[C@@H](C4CCOCC4)N3)n2)c1,0.9891784,val
c1ccc2c3c([nH]c2c1)[C@@H](C1CCOCC1)N[C@@H](c1nc(-c2ccncc2)c[nH]1)C3,0.98527306,train
c1ccc(-c2c[nH]c([C@H]3Cc4c([nH]c5ccccc45)[C@@H](C4CCOCC4)N3)n2)nc1,0.993853,train
c1ccc2c3c([nH]c2c1)[C@@H](C1CCOCC1)N[C@@H](c1nc(-c2csc4ccccc24)c[nH]1)C3,0.99949205,val
Clc1ccc(-c2c[nH]c([C@H]3Cc4c([nH]c5ccccc45)[C@@H](C4CCOCC4)N3)n2)s1,0.9989286,train
c1ccc2c3c([nH]c2c1)[C@@H](C1CCOCC1)N[C@@H](c1nc(-c2ccsc2)c[nH]1)C3,0.99694604,test
Fc1ccc(-c2c[nH]c([C@H]3Cc4c([nH]c5ccccc45)[C@@H](C4CCOCC4)N3)n2)c(F)c1,0.99901354,train
Fc1ccc(-c2c[nH]c([C@H]3Cc4c([nH]c5ccccc45)[C@@H](C4CCOCC4)N3)n2)cc1F,0.99820185,train
O=C(O)c1cccc(-c2c[nH]c([C@H]3Cc4c([nH]c5ccccc45)[C@@H](C4CCOCC4)N3)n2)c1,0.4141263,train
c1ccc(-c2ccc(-c3c[nH]c([C@H]4Cc5c([nH]c6ccccc56)[C@@H](C5CCOCC5)N4)n3)cc2)cc1,0.99901724,train
FC(F)(F)Oc1cccc(-c2c[nH]c([C@H]3Cc4c([nH]c5ccccc45)[C@@H](C4CCOCC4)N3)n2)c1,0.99958795,train
FC(F)(F)Oc1ccc(-c2c[nH]c([C@H]3Cc4c([nH]c5ccccc45)[C@@H](C4CCOCC4)N3)n2)cc1,0.999742,train
COc1cccc(-c2c[nH]c([C@H]3Cc4c([nH]c5ccccc45)[C@@H](C4CCOCC4)N3)n2)c1,0.99680364,train
COc1ccc(-c2c[nH]c([C@H]3Cc4c([nH]c5ccccc45)[C@@H](C4CCOCC4)N3)n2)cc1,0.9954484,train
Oc1ccc(-c2c[nH]c([C@H]3Cc4c([nH]c5ccccc45)[C@@H](C4CCOCC4)N3)n2)cc1,0.98747605,train
FC(F)(F)c1ccc(-c2c[nH]c([C@H]3Cc4c([nH]c5ccccc45)[C@@H](C4CCOCC4)N3)n2)cc1,0.9994137,train
Cc1ccc(-c2c[nH]c([C@H]3Cc4c([nH]c5ccccc45)[C@@H](C4CCOCC4)N3)n2)cc1,0.99667007,train
Clc1ccc(-c2c[nH]c([C@H]3Cc4c([nH]c5ccccc45)[C@@H](C4CCOCC4)N3)n2)cc1,0.9993161,train
Fc1ccccc1-c1c[nH]c([C@H]2Cc3c([nH]c4ccccc34)[C@@H](C3CCOCC3)N2)n1,0.9978065,train
Fc1cccc(-c2c[nH]c([C@H]3Cc4c([nH]c5ccccc45)[C@@H](C4CCOCC4)N3)n2)c1,0.9986362,train
c1ccc2c3c([nH]c2c1)C(C1CCOCC1)NC(c1nc(C24CC5CC(CC(C5)C2)C4)c[nH]1)C3,0.99968135,test
CC(C)(C)c1c[nH]c(C2Cc3c([nH]c4ccccc34)C(C3CCOCC3)N2)n1,0.9865654,train
c1ccc2c3c([nH]c2c1)C(C1CCOCC1)NC(c1nc(C2CCCCC2)c[nH]1)C3,0.98992175,test
CC1(c2nc(-c3ccccc3)c[nH]2)Cc2c([nH]c3ccccc23)C(C2CCOCC2)N1,0.9425945,train
Cc1cc(C)n(Cc2ccc(C(=O)NCC3(c4nc(-c5ccccc5)cs4)CCOCC3)cc2)n1,0.5326848,train
CC(C)(C)NC(=O)c1c2ccccc2c(O)n1Cc1ccccc1-c1ccccc1,0.06955041,train
CCCCNC(=O)c1c2ccccc2c(O)n1CC(C)c1ccc(Cl)cc1,0.51773596,test
Cc1c(O)ccc2c(C(=O)NC(C)(C)C)n(Cc3ccccc3-c3ccccc3)c(O)c12,0.06748454,train
CC(C)(C)NC(=O)c1c2ccc(O)cc2c(O)n1Cc1ccccc1-c1ccccc1,0.07870216,train
CC(C)(C)NC(=O)c1c2ccc(NS(C)(=O)=O)cc2c(O)n1Cc1ccccc1-c1ccccc1,0.13193874,train
CC(C)(C)NC(=O)c1c2c(O)cccc2c(O)n1Cc1ccccc1-c1ccccc1,0.06862087,train
COc1ccc2c(C(=O)NC(C)(C)C)n(Cc3ccccc3-c3ccccc3)c(O)c2c1C,0.07027229,train
Cc1c(OC(F)F)ccc2c(C(=O)NC(C)(C)C)n(Cc3ccccc3-c3ccccc3)c(O)c12,0.3416022,train
Cc1c(OCF)ccc2c(C(=O)NC(C)(C)C)n(Cc3ccccc3-c3ccccc3)c(O)c12,0.04436395,train
COc1ccc2c(C(=O)NC(C)(C)C)n(Cc3ccccc3-c3ccccc3)c(O)c2c1,0.063122734,train
CC(C)(C)NC(=O)c1c2ccccc2c(O)n1Cc1ccccc1-c1ccc(F)cc1,0.11413082,train
Cc1c(O)ccc2c(C(=O)NC(C)(C)C)n(Cc3ccccc3-c3ccc(F)c(F)c3)c(O)c12,0.0770098,train
CCCC(=O)OC(C(=O)N1N=CCC1C(=O)NCc1cc(Cl)ccc1-n1cnnn1)c1ccc(F)cc1,0.09678226,train
CCCCC(=O)OC(C(=O)N1N=CCC1C(=O)NCc1cc(Cl)ccc1-n1cnnn1)c1ccc(F)cc1,0.11335398,train
O=C(OC(C(=O)N1N=CCC1C(=O)NCc1cc(Cl)ccc1-n1cnnn1)c1ccc(F)cc1)c1ccccc1,0.23358554,test
COc1cc2c(cc1Nc1ncc(Cl)c(Nc3ccccc3S(=O)(=O)C(C)C)n1)CC/C(=N\N1CCN(C)CC1)C2(C)C,0.012043767,train
COc1cc2c(cc1Nc1ncc(Cl)c(Nc3ccccc3S(=O)(=O)C(C)C)n1)CCC(N)C2(C)C,0.72482234,val
O=C(c1nnc(-c2ccc(Cl)cc2)o1)N1CCC(Oc2ccc(CN3CCCC3)cc2)CC1,0.9495369,train
O=C(c1nnc(-c2ccccc2)o1)N1CCC(Oc2ccc(CN3CCCC3)cc2)CC1,0.6874637,train
COc1ccc(-c2nnc(C(=O)N3CCC(Oc4ccc(CN5CCCC5)cc4)CC3)o2)cc1,0.6452559,train
O=C(c1nnc(-c2ccc(OC(F)F)cc2)o1)N1CCC(Oc2ccc(CN3CCCC3)cc2)CC1,0.967927,train
O=C(c1nnc(-c2ccc(F)cc2)o1)N1CCC(Oc2ccc(CN3CCCC3)cc2)CC1,0.8378737,train
O=C(c1nnc(-c2ccccc2Cl)o1)N1CCC(Oc2ccc(CN3CCCC3)cc2)CC1,0.8370482,train
COc1ccc(-c2nnc(C(=O)N3CCC(Oc4ccc(CN5CCCC5)nc4)CC3)o2)cc1,0.40162274,val
COc1ccc(-c2nnc(C(=O)N3CCC(Oc4ccc(CN5CCN(C)CC5)cc4)CC3)o2)cc1,0.4989921,val
COc1ccc(-c2nnc(C(=O)N3CCC(Oc4ccc(CN5CCOCC5)cc4)CC3)o2)cc1,0.269131,test
COc1ccc(-c2nnc(C(=O)N3CC(Oc4ccc(CN5CCOCC5)c(OC)c4)C3)o2)cc1,0.14178485,test
O=C(c1nnc(-c2ccccc2)o1)N1CCC(Oc2ccc(CN3CCC(O)C3)cc2)CC1,0.14301388,train
COc1ccc(-c2nnc(C(=O)N3CCC(Oc4ccc(CN5CCC(O)C5)cc4)CC3)o2)cc1,0.12150095,train
COc1ccc(-c2nnc(C(=O)N3CC(Oc4ccc(CN5CCC(C)(O)C5)cc4)C3)o2)cc1,0.046269592,train
COc1ccc(-c2nnc(C(=O)N3CC(Oc4ccc(CN5CC(OC)C5)cc4)C3)o2)cc1,0.16721775,test
COc1ccc(-c2nnc(C(=O)N3CCC(Oc4ccc(CN5CC(O)C(C)(C)C5)cc4)CC3)o2)cc1,0.4194916,train
COc1ccc(-c2nnc(C(=O)N3CC(Oc4ccc(CN(C)CC5(C)COC5)cc4)C3)o2)cc1,0.1397197,train
CN(Cc1ccc(OC2CN(C(=O)c3nnc(-c4ccccc4)o3)C2)cc1)CC1(C)COC1,0.16412027,train
COc1ccc(-c2nnc(C(=O)N3CC(Oc4ccc(CN5CCCOCC5)cc4)C3)o2)cc1,0.105707884,test
COc1ccc(-c2nnc(C(=O)N3CC(Oc4ccc(CN5CCCC56COC6)cc4)C3)o2)cc1,0.32490322,train
COc1ccc(-c2nnc(C(=O)N3CC(Oc4ccc(CN5CC6(CCOC6)C5)cc4)C3)o2)cc1,0.1922614,train
O=C(c1nnc(-c2ccccc2)o1)N1CC(Oc2ccc(CN3CC4(CCOC4)C3)cc2)C1,0.22347893,train
COc1ccc(-c2nnc(C(=O)N3CC(Oc4ccc(CN5CC6(CCCO6)C5)cc4)C3)o2)cc1,0.14318001,train
O=C(c1nnc(-c2ccccc2)o1)N1CC(Oc2ccc(CN3CC4(CCCO4)C3)cc2)C1,0.16806771,train
COc1ccc(-c2nnc(C(=O)N3CC(Oc4ccc(CN5CC6(COC6)C5)cc4)C3)o2)cc1,0.15551753,train
O=C(c1nnc(-c2ccccc2)o1)N1CC(Oc2ccc(CN3CC4(COC4)C3)cc2)C1,0.18191442,train
Cc1cc(CN(C)C)ccc1OC1CN(C(=O)c2nnc(-c3ccccc3)o2)C1,0.19565557,train
COc1ccc(-c2nnc(C(=O)N3CC(Oc4ccc(CN(C)C)c(C)c4)C3)o2)cc1,0.2503453,train
COc1ccc(-c2nnc(C(=O)N3CC(Oc4ccc(CN(C)C)c(F)c4)C3)o2)cc1,0.16884679,train
COc1ccc(-c2nnc(C(=O)N3CC(Oc4ccc(CN(C)C)cc4)C3)o2)cc1,0.24410796,train
COc1ccc(-c2nnc(C(=O)N3CC(Oc4ccc(CN5CCCC5)cc4)C3)o2)cc1,0.39399955,train
O=C(c1nc(-c2ccccc2)no1)N1CCC(Oc2ccc(CN3CCCC3)cc2)CC1,0.92581064,train
Cc1oc(-c2ccccc2)nc1C(=O)N1CCC(Oc2ccc(CN3CCCC3)cc2)CC1,0.92499685,train
Cn1nc(C(=O)N2CCC(Oc3ccc(CN4CCCC4)cc3)CC2)cc1-c1ccccc1,0.94500214,test
O=C(c1noc(-c2ccccc2)n1)N1CCC(Oc2ccc(CN3CCCC3)cc2)CC1,0.8447562,val
O=C(c1cc(-c2ccccc2)on1)N1CCC(Oc2ccc(CN3CCCC3)cc2)CC1,0.96059716,train
Nc1ncnc2c1c(-c1cccc(OCc3ccccc3)c1)cn2[C@H]1C[C@@H](CN2CCC2)C1,0.9903619,train
Nc1ncnc2c1c(-c1cccc(O)c1)cn2[C@H]1C[C@@H](CN2CCC2)C1,0.9520094,test
Nc1ncnc2c1c(-c1cccc(OC[C@@H]3CCCO3)c1)cn2[C@H]1C[C@@H](CN2CCC2)C1,0.99064094,test
Nc1ncnc2c1c(-c1cccc(OCC34CCC(CC3)O4)c1)cn2[C@H]1C[C@@H](CN2CCC2)C1,0.99944013,train
CC(=O)N1CCN([C@H]2C[C@@H](n3cc(-c4cccc(OCC56CCC(CC5)O6)c4)c4c(N)ncnc43)C2)CC1,0.9985518,test
C=CC(=O)Nc1cccc(Oc2nc(Nc3ccc(N4CCN(C)CC4)cc3)nc3[nH]ccc23)c1,0.7922894,train
Cc1cc(F)ccc1C1CCN(CC2Cc3ccccc3CN2)CC1,0.9680876,train
Cc1cc(F)ccc1C1CCN(CC2Cc3c(Cl)ccc(O)c3CN2)CC1,0.98109597,train
CN1C(=O)c2ccccc2CC1CN1CCC2(CCc3ccccc32)CC1,0.90010095,train
CC(=O)N1Cc2ccccc2CC1CN1CCC2(CCc3ccccc32)CC1,0.6832099,train
Oc1ccc(Cl)c2c1CNC(CN1CCC3(CCc4ccccc43)CC1)C2,0.98023933,train
Oc1ccc(Br)c2c1CNC(CN1CCC3(CCc4ccccc43)CC1)C2,0.98325837,train
Oc1cccc2c1CNC(CN1CCC3(CCc4ccccc43)CC1)C2,0.938725,train
Oc1ccc2c(c1)CC(CN1CCC3(CCc4ccccc43)CC1)NC2,0.94317424,train
c1ccc2c(c1)CC(CN1CCC3(CCc4ccccc43)CC1)CO2,0.98854595,train
O=c1cnc2ccc(F)c3c2n1C[C@H]3CN1CCC(NCc2cc3c(nn2)OCCO3)CC1,0.005511761,val
O=C1OCc2cc(/C=C/C3CCN(C(=O)Cc4ccc(-n5cnnn5)cc4)CC3)ccc21,0.19790377,test
O=C1OCc2cc(CCC3C4CN(C(=O)Cc5ccc(-n6cnnn6)cc5)CC34)ccc21,0.957312,test
O=C1OCc2cc(CCC3CCN(C(=O)Cc4ccc(-n5cnnn5)nc4)CC3)ccc21,0.88589376,test
O=C1OCc2cc(CCC3CCN(C(=O)Cc4ccc(-n5cnnn5)cn4)CC3)ccc21,0.8367343,test
O=C1OCc2cc(CCC3(F)CCN(C(=O)Cc4ccc(-n5cnnn5)cc4)CC3)ccc21,0.8104259,train
O=C1OCc2cc(CCC3(O)CCN(C(=O)Cc4ccc(-n5cnnn5)cc4)CC3)ccc21,0.44897953,train
Cc1c(CCC2CCN(C(=O)Cc3ccc(-n4cnnn4)cc3)CC2)ccc2c1COC2=O,0.78295505,train
O=C1OCc2cc(CCN3CCN(C(=O)Cc4ccc(-n5cnnn5)nc4)CC3)ccc21,0.58156985,train
O=C1OCc2cc(CCN3CCN(C(=O)Cc4ccc(-n5cnnn5)cn4)CC3)ccc21,0.47786966,train
O=C1OCc2nc(CCN3CCN(C(=O)Cc4ccc(-n5cnnn5)cc4)CC3)ccc21,0.27995288,test
O=C1OCc2cc(CCC3CCN(C(=O)Cc4ccc(-n5cnnn5)cc4)CC3)ccc21,0.88749206,train
Cc1c(CCN2CCN(C(=O)Cc3ccc(-n4cnnn4)cn3)CC2)ccc2c1COC2=O,0.294802,train
Cc1c(CCN2CCN(C(=O)Cc3ccc(-n4cnnn4)nc3)CC2)ccc2c1COC2=O,0.38832134,train
Cc1c(CCN2CCN(C(=O)Cc3cnc(-n4cnnn4)cn3)CC2)ccc2c1COC2=O,0.32675004,test
Cc1cc(-n2cnnn2)cnc1CC(=O)N1CCN(CCc2ccc3c(c2C)COC3=O)CC1,0.23842788,train
Cc1cc(-n2cnnn2)ncc1CC(=O)N1CCN(CCc2ccc3c(c2C)COC3=O)CC1,0.53646827,train
Cc1nc(-n2cnnn2)ccc1CC(=O)N1CCN(CCc2ccc3c(c2C)COC3=O)CC1,0.545661,train
Cc1cc(-n2cnnn2)ncc1C(C)C(=O)N1CCN(CCc2ccc3c(c2C)COC3=O)CC1,0.5970559,train
Cc1nc(-n2cnnn2)ccc1C(C)C(=O)N1CCN(CCc2ccc3c(c2C)COC3=O)CC1,0.6974025,train
Cc1c(CCN2CCN(C(=O)Cc3cncc(-n4cnnn4)c3)CC2)ccc2c1COC2=O,0.13540736,train
Cc1c(C(C)CN2CCN(C(=O)Cc3ccc(-n4cnnn4)nc3)CC2)ccc2c1COC2=O,0.08492101,train
Cc1c(C(F)CN2CCN(C(=O)Cc3ccc(-n4cnnn4)nc3)CC2)ccc2c1COC2=O,0.022096032,train
Cc1c(C(O)CN2CCN(C(=O)Cc3ccc(-n4cnnn4)nc3)CC2)ccc2c1COC2=O,0.06576542,train
COc1c(C(O)CN2CCN(C(=O)Cc3ccc(-n4cnnn4)nc3)CC2)ccc2c1COC2=O,0.13300303,train
CN(C)C(=O)c1cc(CN2CCOc3c(F)cccc32)c2oc(N3CCOCC3)cc(=O)c2c1,0.06052686,val
O=C(O)C1CN(Cc2ccc(-c3noc(-c4onc(-c5ccccc5)c4C(F)(F)F)n3)cc2)C1,0.109558366,val
COc1nc(N2CC3C(=O)N(C)C(N)=N[C@@]3(c3ccc(F)cc3F)C2)nc(C)c1F,0.989456,train
CNC(=O)c1cc(Oc2ccc3nc(NC(=O)c4cc(C(F)(F)F)cc(C(F)(F)F)c4)sc3c2)ccn1,0.9367038,train
CC(C)CS(=O)(=O)n1ccc2c(-c3ccc(C(F)(F)F)cc3)cc(N3CCN(C)CC3)nc21,0.99429685,train
CC(C)CS(=O)(=O)n1ccc2c(-c3ccc(C(F)(F)F)cc3)cc(N3CCNCC3)nc21,0.98732716,train
O=C1N[C@H](c2cncc(C#Cc3ccccc3)c2)[C@@H](c2cc(F)ccc2F)O1,0.9389096,train
Cc1cc2ncc3c(n2n1)CN([C@H]1CC[C@H](c2cc(F)c(F)cc2F)[C@@H](N)C1)C3,0.9043306,train
Cc1cc2ncc3c(n2n1)CN([C@H]1CO[C@H](c2cc(F)c(F)cc2F)[C@@H](N)C1)C3,0.530614,train
N[C@H]1C[C@@H](N2Cc3cnc4nnc(C5CC5)n4c3C2)CC[C@@H]1c1cc(F)c(F)cc1F,0.9661972,val
Cc1ccn2nc3c(c2n1)CN([C@H]1CO[C@H](c2cc(F)ccc2F)[C@@H](N)C1)C3,0.533319,train
Cc1ccnc2c3c(nn12)CN([C@H]1CO[C@H](c2cc(F)ccc2F)[C@@H](N)C1)C3,0.40899187,train
N[C@H]1C[C@@H](N2Cc3nn4nccnc4c3C2)CO[C@@H]1c1cc(F)ccc1F,0.4690008,test
O=c1ccc(OCCCN2CCCCC2)nn1-c1ccc(Cl)cc1,0.965198,train
O=c1ccc(OCCCN2CCCCC2)nn1-c1ccc(Cl)c(Cl)c1,0.94142187,train
O=c1ccc(OCCCN2CCCCC2)nn1-c1ccc(F)c(Cl)c1,0.9331901,train
O=c1ccc(OCCCN2CCCCC2)nn1-c1ccc(F)c(F)c1,0.91946363,train
CC1CCN(CCCOc2ccc(=O)n(-c3ccc(Cl)cc3)n2)CC1,0.9710183,train
CC1CCN(CCCOc2ccc(=O)n(-c3ccc(Cl)c(Cl)c3)n2)CC1,0.9509759,train
CC1CCN(CCCOc2ccc(=O)n(-c3ccc(F)c(Cl)c3)n2)CC1,0.9440703,train
CC1CCN(CCCOc2ccc(=O)n(-c3ccc(F)c(F)c3)n2)CC1,0.932601,train
CNC(=O)c1cccc(OCCCCN2CCC(c3noc4cc(F)ccc34)CC2)c1,0.9877523,train
CNC(=O)c1cc(OCCCCN2CCC(c3noc4cc(F)ccc34)CC2)ccc1F,0.9869061,train
CC(=O)Nc1ccc2c3c(cccc13)C(=O)N(CCCCN1CCC(Nc3nc4ccccc4n3Cc3ccc(F)cc3)CC1)C2=O,0.98198044,train
O=[N+]([O-])c1ccc(NCCCCN2CCC(Nc3nc4ccccc4n3Cc3ccc(F)cc3)CC2)c2nonc12,0.99977034,train
CCN(CC)c1ccc2cc(C(=O)NCCCCN3CCC(Nc4nc5ccccc5n4Cc4ccc(F)cc4)CC3)c(=O)oc2c1,0.93954426,train
COc1cnc(C(=O)Nc2cc(F)c(F)c([C@]3(C)C[C@@H](c4c(C)noc4C)SC(=N)N3)c2)cn1,0.996449,test
CC(=O)Nc1cc(Nc2cc(NC3CC3)n3ncc(C#N)c3n2)ccc1N(C)CCN(C)C,0.19749792,train
C[C@H]1Cc2c(ncnc2Oc2ccc3c(ccn3C(=O)Nc3cc(C4(C(F)(F)F)CC4)on3)c2)CN1,0.14232635,val
C[C@H]1Cc2c(ncnc2Oc2ccc3ccn(C(=O)Nc4cc(C5(C(F)(F)F)CC5)on4)c3c2)CN1,0.12791179,train
CC(C)(C)c1cc(NC(=O)n2ccc3ccc(Oc4ncnc5c4CNC5)cc32)no1,0.18715772,train
CC(C)(C)c1cc(NC(=O)n2ccc3nc(Oc4ncnc5c4CNC5)ccc32)no1,0.09757106,train
CC(C)(C)c1cc(NC(=O)c2cnc3cc(Oc4ncnc5c4CNC5)ccn23)no1,0.12358794,val
CC(C)(C)c1cc(NC(=O)n2ccc3cc(Oc4ncnc5c4CNC5)cnc32)no1,0.163371,train
CC(C)(C)c1cc(NC(=O)n2ncc3cc(Oc4ncnc5c4CNC5)ccc32)no1,0.13591516,val
Cn1c(O)cn2c(=O)c3c(nc(N4CCC[C@@H](N)C4)n3Cc3cc(F)ccc3C#N)nc12,0.98590624,test
CN(C/C=C/c1ccc(C(F)(F)F)cc1)Cc1cccc2ccoc12,0.948322,val
CC(C)Oc1cc([C@@](Cc2ccccc2)(NC[C@H](O)CC(F)(F)F)c2cc(F)cc(OC(F)(F)C(F)F)c2)ccc1F,0.06577134,train
CC(C)Oc1cc([C@@](Cc2ccccc2)(NC[C@@H](O)C(F)(F)F)c2cc(F)cc(OC(F)(F)C(F)F)c2)ccc1F,0.01204262,train
CC(C)Oc1cc([C@@](Cc2ccccc2)(NC[C@H](O)C(F)(F)F)c2cc(F)cc(OC(F)(F)C(F)F)c2)ccc1F,0.015760459,train
CC(C)Oc1cc([C@@](Cc2ccccc2)(NC[C@@H](O)CC(F)(F)F)c2cc(F)cc(OC(F)(F)C(F)F)c2)ccc1F,0.09083727,train
CC(=O)N1CCC(n2cc(Nc3ncc(Cl)c(-c4cnc5ccccn45)n3)cn2)CC1,0.74264795,train
COc1nn(C2CCN(C(C)=O)CC2)cc1Nc1ncc(Cl)c(-c2cnc3ccccn23)n1,0.80785954,train
CC(=O)N1CCC(n2cc(Nc3ncc(Cl)c(-c4cnc5ccccn45)n3)c(C)n2)CC1,0.5501707,train
Cc1nn(C2CCNCC2)cc1Nc1ncc(Cl)c(-c2cnc3ccccn23)n1,0.67506206,train
CC(=O)N1CCC(n2ncc(Nc3ncc(Cl)c(-c4cnc5ccccn45)n3)c2C)CC1,0.47593665,train
CC(=O)N1CCC(n2nc(C)c(Nc3ncc(Cl)c(-c4cnc5ccccn45)n3)c2C)CC1,0.13568553,train
COc1nn(C2CCN(C(C)=O)CC2)cc1Nc1ncc(Cl)c(-c2cnn3ccccc23)n1,0.7131293,train
CC(=O)N1CCC(n2cc(Nc3ncc(Cl)c(-c4cnn5ccccc45)n3)c(C)n2)CC1,0.41965988,train
Cc1nn(C2CCNCC2)c(C)c1Nc1ncc(Cl)c(-c2cnn3ccccc23)n1,0.199223,train
CC(=O)N1CCC(n2nc(C)c(Nc3ncc(Cl)c(-c4cnn5ccccc45)n3)c2C)CC1,0.08493357,train
CCOc1nn(C2CCN(C(C)=O)CC2)cc1Nc1ncc(Cl)c(-c2cnn3ccccc23)n1,0.7049549,train
CCc1nn(C2CCN(C(C)=O)CC2)cc1Nc1ncc(Cl)c(-c2cnn3ccccc23)n1,0.7214297,train
CCc1c(Nc2ncc(Cl)c(-c3cnn4ccccc34)n2)cnn1C1CCN(C(C)=O)CC1,0.6122796,train
Cc1nn(C2CCN(CCO)CC2)c(C)c1Nc1ncc(Cl)c(-c2cnn3ccccc23)n1,0.51406384,train
CNC(=O)CN1CCC(n2nc(C)c(Nc3ncc(Cl)c(-c4cnn5ccccc45)n3)c2C)CC1,0.25262806,train
Cc1nn(C2CCN(CC(=O)N(C)C)CC2)c(C)c1Nc1ncc(Cl)c(-c2cnn3ccccc23)n1,0.6091226,train
Cc1nn(C2CCN(C(=O)CO)CC2)c(C)c1Nc1ncc(Cl)c(-c2cnn3ccccc23)n1,0.034521315,train
COCC(=O)N1CCC(n2nc(C)c(Nc3ncc(Cl)c(-c4cnn5ccccc45)n3)c2C)CC1,0.07959885,train
Cc1nn(C2CCN(C(=O)C(C)O)CC2)c(C)c1Nc1ncc(Cl)c(-c2cnn3ccccc23)n1,0.072936155,train
N#Cc1ccc(Oc2ccc(S(=O)(=O)Nc3ccc(F)cn3)cc2C#N)cc1Cl,0.9982827,test
CN1CCN(c2ccccc2CNC(=O)c2ccc(F)c(NC(=O)c3cnc4cc(-c5ccnn5C)ccn34)c2)CC1,0.18874662,train
Cc1ncoc1-c1nnc(SCCCN2CC[C@]3(C[C@H]3c3ccccc3)C2)n1C,0.9842569,train
Cc1ncoc1-c1nnc(SCCCN2CC[C@@]3(C[C@@H]3c3ccccc3)C2)n1C,0.9799574,train
Cc1ncoc1-c1nnc(SCCCN2CC[C@]3(C[C@@H]3c3ccccc3)C2)n1C,0.9817778,train
Cc1ncoc1-c1nnc(SCCCN2CC[C@@]3(C[C@H]3c3ccccc3)C2)n1C,0.9688787,train
Cc1ncoc1-c1nnc(SCCCN2CC[C@]3(C[C@H]3c3ccc(C(F)(F)F)cc3)C2)n1C,0.9986285,train
Cc1ncoc1-c1nnc(SCCCN2CC[C@@]3(C[C@@H]3c3ccc(C(F)(F)F)cc3)C2)n1C,0.9981395,train
Cc1ncoc1-c1nnc(SCCCN2CC[C@]3(C[C@@H]3c3ccc(C(F)(F)F)cc3)C2)n1C,0.99843365,train
Cc1ncoc1-c1nnc(SCCN2CC[C@]3(C[C@H]3c3ccc(C(F)(F)F)cc3)C2)n1C,0.9928924,train
Cc1ncoc1-c1nnc(SCCN2CC[C@@]3(C[C@@H]3c3ccc(C(F)(F)F)cc3)C2)n1C,0.9929341,train
Cc1ncoc1-c1nnc(SCCN2CC[C@]3(C[C@@H]3c3ccc(C(F)(F)F)cc3)C2)n1C,0.9919224,train
Cc1ncoc1-c1nnc(SCCCCN2CC[C@]3(C[C@@H]3c3ccc(C(F)(F)F)cc3)C2)n1C,0.9982457,train
Cc1ncoc1-c1nnc(SCCCN2CC[C@]3(C[C@H]3c3ccccc3C(F)(F)F)C2)n1C,0.9977658,train
Cc1ncoc1-c1nnc(SCCCN2CC[C@@]3(C[C@@H]3c3ccccc3C(F)(F)F)C2)n1C,0.9963504,train
Cc1ncoc1-c1nnc(SCCCN2CC[C@@]3(C[C@H]3c3ccc(F)cc3)C2)n1C,0.9906696,train
Cc1ncoc1-c1nnc(SCCCN2CC[C@@]3(C[C@H]3c3ccc(F)cc3F)C2)n1C,0.99452364,train
Cc1ncoc1-c1nnc(SCCCN2CC[C@]3(C[C@H]3c3ccc(C(F)(F)F)cc3F)C2)n1C,0.99846977,train
Cc1ncoc1-c1nnc(SCCCN2CC[C@@]3(C[C@@H]3c3ccc(C(F)(F)F)cc3F)C2)n1C,0.9973699,train
Cc1ncoc1-c1nnc(SCCCN2CC[C@]3(C[C@@H]3c3ccc(C(F)(F)F)cc3F)C2)n1C,0.9979837,train
Cc1ncoc1-c1nnc(SCCCN2CC[C@@]3(C[C@H]3c3ccc(C(F)(F)F)cc3F)C2)n1C,0.9967961,train
Cc1ncoc1-c1nnc(SCCCN2CC[C@]3(C[C@H]3c3ccc(F)cc3C(F)(F)F)C2)n1C,0.99910945,train
Cc1ncoc1-c1nnc(SCCCN2CC[C@@]3(C[C@H]3c3ccc(F)cc3C(F)(F)F)C2)n1C,0.99768984,train
Cc1ncoc1-c1nnc(SCCCN2CC[C@]3(C[C@@H]3c3cc(Cl)cc(Cl)c3)C2)n1C,0.9990305,train
Cc1ncsc1-c1nnc(SCCCN2CC[C@]3(C[C@@H]3c3ccc(C(F)(F)F)cc3)C2)n1C,0.9986217,val
Cn1c(SCCCN2CC[C@]3(C[C@@H]3c3ccc(C(F)(F)F)cc3)C2)nnc1-c1nccs1,0.99959415,val
Cn1c(SCCCN2CC[C@]3(C[C@H]3c3ccc(C(F)(F)F)cc3)C2)nnc1-c1csnn1,0.9998741,test
Cn1c(SCCCN2CC[C@]3(C[C@@H]3c3ccc(C(F)(F)F)cc3)C2)nnc1-c1ccoc1,0.9996556,val
Cn1cc(-c2nnc(SCCCN3CC[C@]4(C[C@@H]4c4ccc(C(F)(F)F)cc4)C3)n2C)cn1,0.9987702,train
Cn1nccc1-c1nnc(SCCCN2CC[C@]3(C[C@@H]3c3ccc(C(F)(F)F)cc3)C2)n1C,0.9987953,test
Cc1cc(-c2nnc(SCCCN3CC[C@]4(C[C@@H]4c4ccc(C(F)(F)F)cc4)C3)n2C)on1,0.9999244,train
Cn1c(SCCCN2CC[C@]3(C[C@@H]3c3ccc(C(F)(F)F)cc3)C2)nnc1-c1ccc(C(N)=O)cc1,0.9994035,train
Cn1c(SCCCN2CC[C@]3(C[C@@H]3c3ccc(C(F)(F)F)cc3)C2)nnc1-c1cccc(C(N)=O)c1,0.9988825,train
Cn1c(SCCCN2CC[C@]3(C[C@@H]3c3ccc(C(F)(F)F)cc3)C2)nnc1-c1ccc(S(N)(=O)=O)cc1,0.99600047,train
Cn1c(SCCCN2CC[C@]3(C[C@@H]3c3ccc(C(F)(F)F)cc3)C2)nnc1-c1ccc(CC(N)=O)cc1,0.998516,train
Cn1c(SCCCN2CC[C@]3(C[C@@H]3c3ccc(C(F)(F)F)cc3)C2)nnc1-c1ccc(-c2ncco2)cc1,0.99958163,val
Cn1c(SCCCN2CC[C@]3(C[C@@H]3c3ccc(C(F)(F)F)cc3)C2)nnc1-c1cccc(-c2ncco2)c1,0.99931085,test
Cn1c(SCCCN2CC[C@]3(C[C@@H]3c3ccc(C(F)(F)F)cc3)C2)nnc1-c1cccnc1,0.9986027,train
Cn1c(SCCCN2CC[C@]3(C[C@@H]3c3ccc(C(F)(F)F)cc3)C2)nnc1-c1ccccn1,0.99946743,train
Cn1c(SCCCN2CC[C@]3(C[C@@H]3c3ccc(F)cc3F)C2)nnc1-c1cccnc1,0.99730206,train
Cn1c(SCCCN2CC[C@]3(C[C@H]3c3ccc(C(F)(F)F)cc3)C2)nnc1-c1ccncc1,0.9992803,train
Cn1c(SCCCN2CC[C@]3(C[C@@H]3c3ccc(C(F)(F)F)cc3)C2)nnc1-c1ccncc1,0.9991781,train
Cn1c(SCCCN2CC[C@]3(C[C@@H]3c3ccc(C(F)(F)F)cc3)C2)nnc1-c1cnccn1,0.99867576,train
Cn1c(SCCCN2CC[C@]3(C[C@@H]3c3ccc(C(F)(F)F)cc3)C2)nnc1-c1ccncn1,0.99804664,val
Cn1c(SCCCN2CC[C@]3(C[C@@H]3c3ccc(C(F)(F)F)cc3)C2)nnc1-c1ccnnc1,0.9990515,train
Cn1c(SCCCN2CC[C@]3(C[C@@H]3c3ccc(C(F)(F)F)cc3F)C2)nnc1-c1cccnc1,0.998209,train
Cn1c(SCCCN2CC[C@]3(C[C@@H]3c3ccc(F)cc3)C2)nnc1-c1cccnc1,0.99598396,train
Cc1ncccc1-c1nnc(SCCCN2CC[C@]3(C[C@@H]3c3ccc(C(F)(F)F)cc3)C2)n1C,0.9978459,train
Cn1c(SCCCN2CC[C@]3(C[C@@H]3c3ccc(C(F)(F)F)cc3)C2)nnc1-c1cccnc1C(F)(F)F,0.99913234,train
COc1ncccc1-c1nnc(SCCCN2CC[C@]3(C[C@@H]3c3ccc(C(F)(F)F)cc3)C2)n1C,0.9996774,train
Cn1c(SCCCN2CC[C@]3(C[C@@H]3c3ccc(C(F)(F)F)cc3)C2)nnc1-c1ccc(C(N)=O)nc1,0.9990607,train
Cc1ccc(-c2nnc(SCCCN3CC[C@]4(C[C@@H]4c4ccc(C(F)(F)F)cc4)C3)n2C)c(C)n1,0.99943906,train
Cc1nc(C(N)=O)ccc1-c1nnc(SCCCN2CC[C@]3(C[C@@H]3c3ccc(C(F)(F)F)cc3)C2)n1C,0.99908984,train
Cc1nc(C(=O)O)ccc1-c1nnc(SCCCN2CC[C@]3(C[C@@H]3c3ccc(C(F)(F)F)cc3)C2)n1C,0.7891174,train
Cn1c(SCCCN2CC[C@]3(C[C@@H]3c3ccc(C(F)(F)F)cc3)C2)nnc1-c1ccc(=O)[nH]c1,0.9983084,train
Cn1c(SCCCN2CC[C@]3(C[C@@H]3c3ccc(C(F)(F)F)cc3)C2)nnc1-c1cc[nH]c(=O)c1,0.99807966,train
Cn1c(SCCCN2CC[C@]3(C[C@@H]3c3ccc(C(F)(F)F)cc3)C2)nnc1-c1ccn(C)c(=O)c1,0.9963062,train
Cn1c(SCCCN2CC[C@]3(C[C@@H]3c3ccc(C(F)(F)F)cc3)C2)nnc1C1CCN(C(N)=O)CC1,0.991096,train
CC(=O)NC1CCC(c2nnc(SCCCN3CC[C@]4(C[C@@H]4c4ccc(C(F)(F)F)cc4)C3)n2C)CC1,0.99457574,train
Cn1c(SCCCN2CC[C@]3(C[C@@H]3c3ccc(C(F)(F)F)cc3)C2)nnc1C1CCOCC1,0.99812406,train
Cn1c(SCCCN2CC[C@]3(C[C@@H]3c3ccc(C(F)(F)F)cc3)C2)nnc1-c1ccc(=O)n(C)c1,0.99812204,train
Cn1c(SCCCN2CC[C@]3(C[C@@H]3c3ccc(C(F)(F)F)cc3)C2)nnc1C1CC2CCC(C1)O2,0.9996074,test
Cn1c(SCCCN2CC[C@]3(C[C@@H]3c3ccc(C(F)(F)F)cc3)C2)nnc1C1CCCCC1,0.99970216,train
COc1c(Nc2ncc(Cl)c(N[C@H]3C(C(N)=O)[C@@H]4C=C[C@H]3C4)n2)ccc2c1CCC[C@H](N1CCN(C)CC1)C2,0.9925211,train
COc1c(Nc2ncc(Cl)c(N[C@H]3C(C(N)=O)[C@@H]4C=C[C@H]3C4)n2)ccc2c1CCC[C@@H](N1CCN(C)CC1)C2,0.9977323,train
COc1c(Nc2ncc(Cl)c(Nc3ccccc3N3CCCS3(=O)=O)n2)ccc2c1CCCC(N1CCN(CCO)CC1)C2,0.9690268,train
COc1c(Nc2ncc(Cl)c(Nc3ccccc3S(=O)(=O)N(C)C)n2)ccc2c1CCCC(N1CCN(CCO)CC1)C2,0.90744865,val
COc1c(Nc2ncc(Cl)c(Nc3ccccc3-n3cccn3)n2)ccc2c1CCCC(N1CCN(CCO)CC1)C2,0.9942615,train
Cc1c(-c2c(F)cc(C(N)=O)c3[nH]c4c(c23)CC[C@H](C(C)(C)O)C4)cccc1-n1c(=O)c2cccc(F)c2n(C)c1=O,0.6342437,val
N#Cc1ccc(-c2ccc(C[C@@H](C#N)NC(=O)C3CCCC[C@@H]3N)cc2)cc1,0.92245656,train
N#Cc1ccc(-c2ccc(C[C@@H](C#N)NC(=O)C3CCCCC[C@@H]3N)cc2)cc1,0.91660506,test
N#Cc1ccc(-c2ccc(C[C@@H](C#N)NC(=O)C3CNCCCO3)cc2)cc1,0.81207955,test
Cn1c(=O)sc2ccc(-c3ccc(C[C@@H](C#N)NC(=O)C4CNCCCO4)cc3)cc21,0.20779376,test
CCn1c(=O)oc2ccc(-c3ccc(C[C@@H](C#N)NC(=O)C4CNCCCO4)cc3)cc21,0.21472771,test
COc1ccc2[nH]c3c(c2c1)CC1c2cc4c(cc2CCN1C3)OCO4,0.7417492,train
COc1ccc2[nH]c3c(c2c1)C[C@H]1c2cc4c(cc2CCN1C3)OCO4,0.732207,train
Cc1nc2cc(-n3ncc(C(=O)c4cc5ccccc5[nH]4)c3N)ccc2[nH]1,0.8506715,train
Cc1nc2cc(-n3ncc(C(=O)c4cc5ccc(CN6CCC(F)(F)CC6)cc5[nH]4)c3N)ccc2[nH]1,0.83703005,train
Cc1ccc2cc(C(=O)c3cnn(-c4ccc5[nH]c(C)nc5c4)c3N)[nH]c2c1,0.8803125,train
COc1cnc(O[C@@H]2CC(C(=O)N[C@]3(C(=O)NS(=O)(=O)C4CC4)C[C@H]3C3CC3)N(C(=O)C(NC(=O)O[C@H](C)C(F)(F)F)C3CCCCC3)C2)c2cc(Cl)ccc12,0.123434156,val
CC(C(=O)Nc1ccc(Cl)c(-c2ccccn2)c1)[C@@H]1CC[C@@H](C)c2ccc(CN3CCOCC3)nc21,0.9141939,val
N[C@H]1CCCN(c2ccncc2Nc2ncc3ccc(-c4c(F)cccc4F)nn23)C1,0.81561303,train
N[C@H]1CCCN(c2ccncc2Nc2ncc3ccc(-c4ncccc4F)nn23)C1,0.46041113,train
C[C@@H]1C[C@H](N)CN(c2ccncc2Nc2ncc3ccc(-c4c(F)cccc4F)nn23)C1,0.95083535,train
C[C@@H]1CC[C@H](N)CN1c1ccncc1Nc1ncc2ccc(-c3c(F)cccc3F)nn12,0.75607806,train
N[C@@H]1CN(c2ccncc2Nc2ncc3ccc(-c4c(F)cccc4F)nn23)C[C@H](N)[C@H]1O,0.09802376,train
C[C@@H]1C[C@H](N)CN(c2ccncc2Nc2ncc3ccc(-c4ncccc4F)nn23)C1,0.7886646,train
N[C@@H]1CN(c2ccncc2Nc2ncc3ccc(-c4ncccc4F)nn23)C[C@H](N)[C@H]1O,0.022110155,train
CC1(C)c2cc(C3CCN(CC4CCOCC4)CC3)ccc2C(=O)c2c1[nH]c1cc(C#N)ccc21,0.987929,train
Cn1ccc(Cn2cc(-c3ccc(Cl)c(C(F)(F)F)c3)cn2)n1,0.9950041,train
FC(F)c1cc(-c2cnn(Cc3cc[nH]n3)c2)ccc1Cl,0.9906641,train
CCc1[nH]ncc1Cn1cc(-c2ccc(Cl)c(OC(F)F)c2)cn1,0.997018,train
FC(F)Oc1cc(-c2cnn(Cc3cn[nH]c3)c2)ccc1Cl,0.9970024,train
FC(F)Oc1cc(-c2cnn(Cc3cc[nH]n3)c2)ccc1Cl,0.99648535,train
Cn1cc(Cn2cc(-c3ccc(Cl)c(OC(F)F)c3)cn2)cn1,0.99748623,train
Cn1ccc(Cn2cc(-c3ccc(Cl)c(OC(F)F)c3)cn2)n1,0.99704725,train
Cc1cn(-c2ccc(-c3cn(CC(=O)Nc4cccc(Cl)c4Cl)nn3)cc2F)cn1,0.9239942,train
Cc1nccn1-c1ccc(-c2cn(CC(=O)Nc3cccc(Cl)c3Cl)nn2)cc1,0.93886554,train
Cc1nccn1-c1ccc(-c2cn(CC(=O)Nc3cccc(Cl)c3Cl)nn2)cn1,0.95287085,test
Cc1cc(-c2cc(OC(F)(F)F)ccc2Cl)cc(C)c1OCCCC(=O)O,0.59196407,train
Cc1c([C@H]2CN3CCN(C(=O)Cc4ccc(-n5cnnn5)nc4)C[C@@H]3CO2)ccc2c1COC2=O,0.033634152,train
Cc1c([C@@H]2CN3CCN(C(=O)Cc4ccc(-n5cnnn5)nc4)C[C@H]3CO2)ccc2c1COC2=O,0.12347042,train
Cc1c([C@H]2CN3CCN(C(=O)Cc4ccc(-n5cnnn5)nc4)C[C@H]3CO2)ccc2c1COC2=O,0.051586993,train
Cc1c([C@@H]2CN3CCN(C(=O)Cc4ccc(-n5cnnn5)nc4)C[C@@H]3CO2)ccc2c1COC2=O,0.06793933,train
Cc1c([C@@H]2CN3CCN(C(=O)Cc4ccc(-n5cnnn5)nc4)C[C@H]3CS2)ccc2c1COC2=O,0.8255197,train
Cc1c([C@H]2CN3CCN(C(=O)Cc4ccc(-n5cnnn5)nc4)C[C@@H]3CN2)ccc2c1COC2=O,0.39654619,test
O=C1OCCc2cc([C@@H]3CN4CCN(C(=O)Cc5ccc(-n6cnnn6)nc5)C[C@H]4CO3)ccc21,0.14996722,train
Cc1c([C@@H]2CN3CCN(C(=O)Cc4ccc(-n5cnnn5)nc4)C[C@H]3CO2)ccc(F)c1C#N,0.6247245,train
Cc1c([C@H]2CN3CCN(C(=O)Cc4ccc(-n5cnnn5)nc4)C[C@H]3CO2)ccc(F)c1C#N,0.27356175,train
Cc1c(C#N)cccc1[C@H]1CN2CCN(C(=O)Cc3ccc(-n4cnnn4)nc3)C[C@H]2CO1,0.12651812,train
Cc1c([C@H]2CN3CCN(C(=O)Cc4ccc(-n5cnnn5)nc4)C[C@H]3CO2)ccc2nonc12,0.23823963,val
Cc1c(C#N)cccc1[C@@H]1CN2CCN(C(=O)Cc3ccc(-n4cnnn4)nc3)C[C@@H]2CO1,0.23414542,train
O=C1OCCc2cc([C@H]3CN4CCN(C(=O)Cc5ccc(-n6cnnn6)nc5)C[C@@H]4CO3)ccc21,0.045870032,train
Cc1c([C@@H]2CN3CCN(C(=O)Cc4ccc(-n5cnnn5)cn4)C[C@H]3CO2)ccc(F)c1C#N,0.44634908,train
Cc1c([C@@H]2CN3CCN(C(=O)Cc4cnc(-n5cnnn5)nc4)C[C@H]3CO2)ccc(F)c1C#N,0.73686934,train
Cc1c([C@@H]2CN3CCN(C(=O)Cc4cnc(-n5cnnn5)cn4)C[C@H]3CO2)ccc(F)c1C#N,0.477805,train
Cc1c([C@H]2CN3CCN(C(=O)Cc4ccc(-n5cnnn5)cn4)C[C@H]3CO2)ccc(F)c1C#N,0.1546298,train
Cc1c([C@H]2CN3CCN(C(=O)Cc4cnc(-n5cnnn5)nc4)C[C@H]3CO2)ccc(F)c1C#N,0.38567796,train
Cc1c([C@H]2CN3CCN(C(=O)Cc4ccc(-n5cnnn5)nn4)C[C@H]3CO2)ccc(F)c1C#N,0.37561297,test
Cc1c([C@H]2CN3CCN(C(=O)Cc4cnc(-n5cnnn5)cn4)C[C@H]3CO2)ccc(F)c1C#N,0.1703497,train
c1cnc2c(N3CCN(CCc4ccc(OCCCN5CCCCCC5)cc4)CC3)cccc2c1,0.9929113,train
c1cnc2c(N3CCN(CCCc4ccc(OCCCN5CCCCCC5)cc4)CC3)cccc2c1,0.9938904,train
c1cnc2c(N3CCN(CCCCc4ccc(OCCCN5CCCCCC5)cc4)CC3)cccc2c1,0.9962251,train
O=C(O)c1cnc2c(N3CCN(CCc4ccc(OCCCN5CCCCCC5)cc4)CC3)cccc2c1,0.43289992,train
O=C(O)c1cc(N2CCN(CCc3ccc(OCCCN4CCCCCC4)cc3)CC2)c2ncccc2c1,0.3300829,train
O=C(O)c1ccc2cccnc2c1N1CCN(CCc2ccc(OCCCN3CCCCCC3)cc2)CC1,0.40901053,train
O=C(O)CCc1ccc2cccc(N3CCN(CCc4ccc(OCCCN5CCCCCC5)cc4)CC3)c2n1,0.50839335,train
O=C(O)CCc1cnc2c(N3CCN(CCc4ccc(OCCCN5CCCCCC5)cc4)CC3)cccc2c1,0.4694393,train
CCc1cc(N2CCN(CCc3ccc(OCCCN4CCCCCC4)cc3)CC2)c2nc(CCC(=O)O)ccc2c1,0.5348779,train
CCCCc1cc(N2CCN(CCc3ccc(OCCCN4CCCCCC4)cc3)CC2)c2nc(CCC(=O)O)ccc2c1,0.85703796,train
O=C(O)CCc1ccc2cc(Cc3ccccc3)cc(N3CCN(CCc4ccc(OCCCN5CCCCCC5)cc4)CC3)c2n1,0.65478563,val
Brc1ccc2c(N=C3NC[C@@]4(CN5CCC4CC5)O3)ncnn12,0.8508115,test
C/C(=N\N=C(N)N)c1ccc2c(c1)Cc1cc(/C(C)=N/N=C(N)N)ccc1-2,0.9966893,train
N=C(N)N/N=C/c1ccc(-c2ccc(/C=N/Nc3ccccc3Cl)cc2)cc1,0.97438306,train
N=C(N)N/N=C/c1ccc(-c2ccc(/C=N/Nc3ccccc3Br)cc2)cc1,0.95062405,train
N=C(N)N/N=C/c1ccc(-c2ccc(/C=N/Nc3ccc(F)cc3)cc2)cc1,0.9909574,train
N=C(N)N/N=C/c1ccc(-c2ccc(/C=N/Nc3ccc(F)cc3F)cc2)cc1,0.9855913,train
CN(C)C(=O)N[C@H]1CC[C@H](CCN2CCN(c3cccc(Cl)c3Cl)CC2)CC1,0.8772215,val
O=C(N[C@H]1CC[C@H](CCN2CCN(c3nsc4ccccc34)CC2)CC1)c1ccco1,0.996757,val
CC(C)Cc1cc(CNS(=O)(=O)c2ccc(Cc3ccccc3)cc2)nn1-c1ccccc1,0.6492844,test
CC(C)Cc1cc(CNS(=O)(=O)c2ccc(CCc3ccccc3)cc2)nn1-c1ccccc1,0.96691686,test
CC(C)Cc1cc(CNS(=O)(=O)c2cccc(F)c2)nn1-c1ccccc1,0.5096865,train
CC(C)Cc1cc(CNS(=O)(=O)c2ccccc2)nn1-c1ccccc1,0.36091807,train
FC(F)(F)c1c(OC[C@H]2C[C@@H]2c2ccc(Cl)cc2)ccn2c(CC3CC3)nnc12,0.99777275,test
COc1ccc(OC)c(Cc2nc3ccccc3n2CC(=O)Nc2cc(C(C)(C)C)cc(C(C)(C)C)c2)c1,0.9982261,train
CCN1CCCC1CNC(=O)c1ccc(Cn2c(Cc3c(Cl)cccc3Cl)nc3ccccc32)cc1,0.9975012,val
CN(C)CCCNC(=O)c1ccc(Cn2c(Cc3c(Cl)cccc3Cl)nc3ccccc32)cc1,0.9949576,train
COc1ccc2nc(N=C3NC[C@@]4(CN5CCC4CC5)O3)sc2c1,0.9633615,train
c1ccc2cc(N=C3NC[C@@]4(CN5CCC4CC5)O3)ncc2c1,0.98483837,train
COc1ccc(CCO[C@@H]2CCCC[C@H]2N2CC[C@@H](O)C2)cc1OC,0.8000284,val
COc1ccc(-c2cc(=O)c3c(O)cc(O)cc3o2)cc1,0.3042969,train
COc1ccc(C(=O)Oc2cc(O)cc3oc(-c4ccc(OC)cc4)cc(=O)c23)cc1,0.6205155,train
COc1ccc(-c2cc(=O)c3ccccc3o2)cc1,0.4428188,train
COc1ccc(-c2cc(=O)c3cc(Cl)ccc3o2)cc1,0.84274375,train
COc1ccc(-c2cc(=O)c3cc(C)ccc3o2)cc1,0.48277846,train
COc1ccc2c(c1)CNCCS2,0.7049762,train
COc1ccc2c(c1)CN(C(=O)N1CCN(Cc3ccc4c(c3)OCO4)CC1)CCS2,0.92932224,train
O=C(N1CCN(Cc2ccc3c(c2)OCO3)CC1)N1CCSc2ccccc2C1,0.8266596,train
COc1ccc2c(c1)CN(C(=O)CCN1CCC(Cc3ccccc3)CC1)CCS2,0.98999536,test
CC(C)S(=O)(=O)NCCN1CC2CN(C[C@H](O)COc3ccc(C#N)cc3)CC(C1)O2,0.99072367,val
N#Cc1ccc(OCCCN2CC3CN(CCNS(=O)(=O)c4ccc(F)cc4F)CC(C2)O3)cc1,0.9974662,val
COc1ccccc1OCC(O)CN1CCN(CC(=O)Nc2c(C)cccc2C)CC1,0.5655544,val
O=C1c2cc(-c3ccc(OC(F)(F)F)cc3)ccc2OCCN1Cc1ncccn1,0.6818871,test
Clc1ccc(Cn2c(/C=C/C3CCN(CC4CCCCC4)C3)nc3cc(Br)ccc32)cc1,0.99977607,train
Cc1cc2nc(/C=C/C3CCCN3C)n(Cc3ccc(Cl)cc3)c2cc1C,0.9959197,val
Cc1cc2nc(/C=C/C3CCNC3)n(Cc3ccc(Cl)cc3)c2cc1C,0.99382097,val
Cc1cc2nc(CC3CCNCC3)n(Cc3ccc(Cl)cc3)c2cc1C,0.9964774,train
Cc1cc2nc(CC3CC4CCC(C3)N4)n(Cc3ccc(Cl)cc3)c2cc1C,0.99928916,train
Cc1cc2nc(CC3CCNC(C)C3)n(Cc3ccc(Cl)cc3)c2cc1C,0.9974245,train
Cc1cc2nc(C(C)Cc3ccncc3)n(Cc3ccc(Cl)cc3)c2cc1C,0.9936575,test
Cc1cc2nc(CC3CCCNC3)n(Cc3ccc(Cl)cc3)c2cc1C,0.99253803,train
Cc1cc2nc(CCC3CCCN3C)n(Cc3ccc(Cl)cc3)c2cc1C,0.9992225,train
Cc1cc2ncn(Cc3ccc(Cl)cc3)c2cc1C,0.97959673,test
O=c1ccc(-c2nc3cc(Cl)c(Cl)cc3n2Cc2ccc(Cl)c(Cl)c2)c[nH]1,0.98315823,test
Cc1cc2nc(/C=C/c3ccccc3)n(Cc3ccc(Cl)cc3)c2cc1C,0.99861,val
O=C1CCCN1Cc1nc2ccccc2n1Cc1ccc(Cl)cc1,0.95792174,test
Cc1cc2nc(CC3CCCC3)n(Cc3ccc(Cl)cc3)c2cc1C,0.99817455,train
COc1ccc2nc(CN3CCC[C@H]3CO)n(Cc3ccc(Cl)cc3)c2c1,0.9882714,train
Cc1ccc2nc(CN3CCCC3)n(Cc3ccc(Cl)cc3)c2c1,0.9970591,train
N=C1NC2(CO1)c1cc(Br)ccc1OC(Cc1ccccc1)C21COC1,0.96580297,train
N=C1NC2(CO1)c1cc(NC(=O)c3ccc(Cl)cn3)ccc1OCC21CC1,0.99654096,train
CC#Cc1cncc(-c2ccc3c(c2)C2(COC(=N)N2)C2(CC2)CO3)c1,0.99578625,train
N=C1NC2(CO1)c1cc(-c3cncc(C4CC4)c3)ccc1OCC21CC1,0.9978327,train
N=C1NC2(CO1)c1cc(-c3cncc(OCC(F)(F)F)c3)ccc1OCC21CC1,0.99913776,train
N=C1NC2(CO1)c1cc(-c3cncc(OCC(F)F)c3)ccc1OCC21CC1,0.99904233,train
N=C1NC2(CO1)c1cc(-c3cncc(OC(F)F)c3)ccc1OCC21CC1,0.9995198,train
N=C1NC2(CO1)c1cc(-c3cnc4[nH]ccc4c3)ccc1OCC21CC1,0.9964683,train
N=C1NC2(CO1)c1cc(-c3cnc4[nH]cc(Cl)c4c3)ccc1OCC21CC1,0.9990563,train
CCc1cncc(-c2ccc3c(c2)C2(COC(=N)N2)C2(CC2)CO3)c1,0.99671125,train
N=C1NC2(CO1)c1cc(-c3cncc(OCC(F)(F)C(F)F)c3)ccc1OCC21CC1,0.99002457,train
COc1ccnc(-c2ccc3c(c2)C2(COC(=N)N2)C2(COC2)C(C)(C)O3)c1,0.69195014,val
CC#Cc1cncc(-c2ccc3c(c2)C2(CSC(=N)N2)C2(COC2)CO3)c1,0.93080044,test
COc1cncc(-c2ccc3c(c2)C2(COC(=N)N2)C2(COC2)C2(CCC2)O3)c1,0.89695543,val
CC#Cc1cncc(-c2ccc3c(c2)C2(COC(=N)N2)C2(COC2)C(CC)O3)c1,0.93731904,train
CC#Cc1cncc(-c2ccc3c(c2)C2(COC(=N)N2)C2(COC2)C(CCC)O3)c1,0.98814195,train
N=C1NC2(CO1)c1cc(-c3cncnc3)ccc1OCC21CCC1,0.98102933,test
N=C1NC2(CO1)c1cc(-c3cc(Cl)cnc3F)ccc1OCC21CC1,0.99796814,train
COc1cncc(-c2ccc3c(c2)C2(COC(=N)N2)C2(CC2)CO3)c1,0.99683577,train
CCOc1cncc(-c2ccc3c(c2)C2(COC(=N)N2)C2(CC2)CO3)c1,0.9969199,train
N=C1NC2(CO1)c1cc(-c3cncc(Cl)c3)ccc1OCC21CC1,0.9981337,train
CC#Cc1cncc(-c2ccc3c(c2)C2(COC(=N)N2)C2(COC2)CO3)c1,0.9227079,train
CC#Cc1cncc(-c2cc3c(cc2F)OCC2(CC2)C32COC(=N)N2)c1,0.9935607,train
Cc1cc(Cl)cnc1C(=O)Nc1ccc2c(c1)C1(COC(=N)N1)C1(CC1)CO2,0.9975842,train
N#Cc1ccc(C(=O)Nc2ccc3c(c2)C2(COC(=N)N2)C2(CC2)CO3)nc1,0.9956103,train
N=C1NC2(c3cc(-c4cncnc4)ccc3OCC23CC3)c2cccc(F)c21,0.9796887,train
N=C1NC2(CO1)c1cc(-c3cncnc3)ccc1OC(Cc1ccccc1)C21COC1,0.7325359,val
CC#Cc1cncc(-c2ccc3c(c2)C2(COC(=N)N2)C2(COC2)C(CC2CC2)O3)c1,0.98964673,test
N=C1NC2(CO1)c1cc(-c3cncc4ccccc34)ccc1OC1(CCC1)C21COC1,0.8784163,test
CC1(C)Oc2ccc(NC(=O)c3ccc(Cl)cn3)cc2[C@@]2(COC(=N)N2)C12COC2,0.09827846,train
CC1(C)Oc2ccc(NC(=O)c3ccc(Cl)cn3)cc2[C@@]2(COC(=N)N2)C12CC2,0.6551683,train
COc1cnc(C(=O)Nc2ccc3c(c2)[C@@]2(COC(=N)N2)C2(CC2)C(C)(C)O3)cn1,0.20889936,train
CC1(C)Oc2ccc(NC(=O)c3cnc(C(F)F)cn3)cc2[C@@]2(COC(=N)N2)C12CC2,0.041609876,train
CC[C@@H](NC(=O)c1cc(C(=O)N2CCC[C@@H]2C)n2c1COCC2)c1ccc(Cl)c(Cl)c1,0.1786236,val
N=C1N[C@@]2(c3cc(NC(=O)c4ccc(OC(F)F)cn4)ccc3F)COCC[C@H]2CS1,0.9605224,train
C[C@H]1C[C@H]2CSC(=N)N[C@@]2(c2cc(NC(=O)c3ccc(C#N)cn3)cs2)CO1,0.72188634,train
C[C@H]1C[C@H]2CSC(=N)N[C@@]2(c2cc(NC(=O)c3ccc(Cl)cn3)ccc2F)CO1,0.87086546,train
Oc1ccc(OC[C@@H](O)CN2CCN(c3ccc(Cl)cc3)CC2)cc1,0.73455393,train
O=c1[nH]c2ccc(OC[C@@H](O)CN3CCN(c4ccc(Cl)cc4)CC3)cc2o1,0.6067383,val
CS(=O)(=O)Nc1ccc(OC[C@@H](O)CN2CCN(c3ccc(Cl)cc3)CC2)cc1,0.9406799,train
NC(=O)Nc1ccc(OC[C@@H](O)CN2CCN(c3ccc(Cl)cc3)CC2)cc1,0.5871096,train
O[C@H](COc1ccc2[nH]ncc2c1)CN1CCN(c2ccc(Cl)cc2)CC1,0.9033802,test
O=c1ccc2cc(OC[C@@H](O)CN3CCN(c4ccc(Cl)cc4)CC3)ccc2[nH]1,0.8108383,train
O=c1[nH]c2ccc(OC[C@@H](O)CN3CCN(c4ccc(Cl)cc4)CC3)cc2[nH]1,0.80795616,test
Oc1cc2cc(OC[C@@H](O)CN3CCN(c4ccc(Cl)cc4)CC3)ccc2[nH]1,0.8999767,train
O[C@H](COc1ccc2[nH]c(=S)[nH]c2c1)CN1CCN(c2ccc(Cl)cc2)CC1,0.9720418,train
O=C1CCc2cc(OC[C@@H](O)CN3CCN(c4ccc(Cl)cc4)CC3)ccc2N1,0.8002708,train
NCCCCN(Cc1nccc2c3ccccc3n(CC(=O)O)c12)[C@H]1CCCc2cccnc21,0.58545357,train
NCCCCN(Cc1nccc2c3ccccc3n(CCCN3CCNCC3)c12)[C@H]1CCCc2cccnc21,0.99618524,val
c1cnc2c(c1)CCCC2N(CCCN1CCNCC1)Cc1nccc2c3ccccc3n(CCN3CCOCC3)c12,0.9387192,train
OCCn1c2ccccc2c2ccnc(CN(CCCN3CCNCC3)C3CCCc4cccnc43)c21,0.8789592,val
NCCCCN(Cc1nccc2c3ccccc3n(CC(N)=O)c12)[C@H]1CCCc2cccnc21,0.97258186,train
C[C@H]1C[C@H]2CSC(=N)N[C@@]2(c2nc(NC(=O)c3ccc(OC(F)F)cn3)cs2)CO1,0.69646573,train
C[C@H]1C[C@H]2CSC(=N)N[C@@]2(c2nc(NC(=O)c3ccc(Cl)cn3)cs2)CO1,0.55540514,train
Cc1cc(OC(F)F)cnc1C(=O)Nc1csc([C@]23CO[C@@H](C)C[C@H]2CSC(=N)N3)n1,0.7297517,train
C[C@H]1C[C@H]2CSC(=N)N[C@@]2(c2nc(NC(=O)c3ccc(OC(F)F)cn3)ccc2F)CO1,0.87465316,train
O[C@H]1CC[C@H](Nc2ccc3ncc(-c4cccc(Cl)c4)n3n2)CC1,0.5494267,train
C[C@]1(O)CC[C@H](Nc2ccc3ncc(-c4cccc(C(F)(F)F)c4)n3n2)CC1,0.37049755,train
O[C@H]1CC[C@H](Nc2ccc3ncc(-c4cccc(C(F)(F)F)c4)n3n2)CC1,0.58471096,train
C[C@]1(O)CC[C@H](Nc2ccc3ncc(-c4cccc(OC(F)(F)F)c4)n3n2)CC1,0.44522402,train
O[C@H]1CC[C@H](Nc2ccc3ncc(-c4cccc(OC(F)(F)F)c4)n3n2)CC1,0.6571841,train
O=S1(=O)CCC(CNc2ccc3ncc(-c4cccc(OC(F)(F)F)c4)n3n2)CC1,0.71196336,val
Cc1nsc(-c2nnc3n2CCN(C(=O)c2ccc(Cl)c(Cl)c2)[C@@H]3C)n1,0.069159895,train
CCc1nsc(-c2nnc3n2CCN(C(=O)c2ccc(F)cc2)[C@@H]3C)n1,0.21487191,train
Cc1nsc(-c2nnc3n2CCN(C(=O)c2ccc(Cl)c(F)c2)[C@@H]3C)n1,0.053284857,train
Cc1nsc(-c2nnc3n2CCN(C(=O)c2ccc(F)cc2)[C@@H]3C)n1,0.031033907,train
Cc1nsc(-c2nnc3n2CCN(C(=O)c2ccc(F)c(Cl)c2)[C@@H]3C)n1,0.037707202,train
Cc1nsc(-c2nnc3n2CCN(C(=O)c2cc(F)c(F)c(F)c2)[C@@H]3C)n1,0.032874808,train
Cc1nsc(-c2nnc3n2CCN(C(=O)c2ccc(F)c(F)c2F)[C@@H]3C)n1,0.017336532,train
Cc1nsc(-c2nnc3n2CCN(C(=O)c2ccc(F)c(F)c2)[C@@H]3C)n1,0.025831986,train
Cc1nsc(-c2nnc3n2CCN(C(=O)c2cc(F)c(F)c(F)c2F)[C@@H]3C)n1,0.016074358,train
CCc1noc(-c2nnc3n2CCN(C(=O)c2ccc(F)cc2)[C@@H]3C)n1,0.23022038,train
Cc1nsc(-c2nnc3n2CCN(C(=O)c2cccc(F)c2)[C@@H]3C)n1,0.039778892,train
Cc1nsc(-c2nnc3n2CCN(C(=O)c2cccc(Cl)c2)[C@@H]3C)n1,0.08290191,train
Cc1nsc(-c2nnc3n2CCN(C(=O)c2cc(F)cc(F)c2)[C@@H]3C)n1,0.06698343,train
Cc1nsc(-c2nnc3n2CCN(C(=O)c2ccc(F)cc2F)[C@@H]3C)n1,0.01920797,train
Cc1nsc(-c2nnc3n2CCN(C(=O)c2ccc(C(F)(F)F)cc2)[C@@H]3C)n1,0.10830336,train
CC[C@@H]1c2nnc(-c3nc(C)ns3)n2CCN1C(=O)c1ccc(F)cc1,0.035404984,train
CCC[C@@H]1c2nnc(-c3nc(C)ns3)n2CCN1C(=O)c1ccc(F)cc1,0.22430462,train
COc1cccc(C(=O)N2CCn3c(-c4nc(C)ns4)nnc3[C@H]2C)c1,0.013685067,train
Cc1nsc(-c2nnc3n2CCN(C(=O)c2ccc(C#N)cc2)[C@@H]3C)n1,0.06360479,train
CCc1noc(-c2nnc3n2CCN(C(=O)c2ccc(-c4cccs4)cc2)[C@@H]3C)n1,0.6729413,train
Cn1cc(-c2nc3c(N4CCN(Cc5cccnc5)CC4)c(Br)cnc3[nH]2)cn1,0.37688136,train
Cc1nn(C)c(C)c1-c1nc2c(N3CCN(Cc4cccnc4)CC3)c(Br)cnc2[nH]1,0.15156536,train
Cc1cc(Cl)c2c(C(=O)OCC34CCN(CC3)CC4)c[nH]c2c1,0.99054986,train
Cc1nc(-c2nnc3n2CCN(C(=O)c2ccc(-c4cccs4)cc2)[C@@H]3C)sc1C,0.12767689,train
Cc1cccc(-c2nnc3n2CCN(C(=O)c2ccc(-c4ccccc4)cc2)[C@@H]3C)n1,0.17198895,train
C[C@@H]1c2nnc(-c3cccc(=O)[nH]3)n2CCN1C(=O)c1ccc(-c2cccs2)cc1,0.15206063,val
CC(C)(N)c1nc(-c2ccc(OC(F)(F)F)cc2)c[nH]1,0.72144467,train
NC1(Cc2nc(-c3ccc(OC(F)(F)F)cc3)c[nH]2)COC1,0.9629636,test
C[C@](N)(CF)c1nc(-c2ccc(OC(F)(F)F)cc2)c[nH]1,0.103355974,train
NC(CF)(CF)c1nc(-c2ccc(OC(F)(F)F)cc2)c[nH]1,0.06478262,train
COC[C@@](C)(N)c1nc(-c2ccc(OC(F)(F)F)cc2)c[nH]1,0.88484484,train
CC(C)(N)c1nc(-c2cccc(OC(F)(F)F)c2)c[nH]1,0.5900389,train
c1ccc(-c2cc(N=C3NC[C@@]4(CN5CCC4CC5)O3)ncn2)cc1,0.9815337,train
O=C(Cc1ccc(OCC[C@@H]2C[C@@H]2C2CCN(c3ncc(Cl)cn3)CC2)cc1)N1CCC1,0.9820786,train
O=C(Cc1ccc(OCC[C@@H]2C[C@@H]2C2CCN(c3ncc(Cl)cn3)CC2)nc1)N1CCC1,0.94825083,test
O=C(Cc1ccc(OCC[C@@H]2C[C@@H]2C2CCN(c3ncc(Cl)cn3)CC2)c(F)c1)N1CCC1,0.9791326,train
O=C(Cc1ccc(OCC[C@@H]2C[C@@H]2C2CCN(c3ncc(Cl)cn3)CC2)cc1F)N1CCC1,0.9797792,train
O=C(Cc1ccc(OCC[C@@H]2C[C@@H]2C2CCN(c3ncc(Cl)cn3)CC2)cc1F)N1CC(O)C1,0.9113932,train
O=C(Cc1ccc(OCC[C@@H]2C[C@@H]2C2CCN(c3ncc(Cl)cn3)CC2)cc1F)N1CCCCC1,0.97238785,train
CCc1cnc(N2CCC([C@H]3C[C@H]3CCOc3ccc(CC(=O)N4CCC4)c(F)c3)CC2)nc1,0.8226373,train
CC1(OC(=O)N2CCC([C@H]3C[C@H]3CCOc3ccc(CC(=O)N4CCC4)c(F)c3)CC2)CC1,0.4155592,test
CC(C)c1noc(N2CCC([C@H]3C[C@H]3CCOc3ccc(CC(=O)N4CCC4)c(F)c3)CC2)n1,0.8647338,test
COCc1cnc(N2CCC([C@H]3C[C@H]3CCOc3ccc(CC(=O)N4CCC4)c(F)c3)CC2)nc1,0.2273119,train
COCc1cnc(N2CCC([C@H]3C[C@H]3CCOc3cc(F)c(CC(=O)N4CCC4)c(F)c3)CC2)nc1,0.3482905,train
C[C@H](NC(=O)c1c(CN2CCC(N3CCCCC3)CC2)c(-c2cccc(C(F)(F)F)c2)nc2ccccc12)c1ccccc1,0.9989008,train
CCOc1cc(C(=O)Nc2cc(C(F)(F)F)ccn2)ccc1-c1nc(C23CCC(C(=O)O)(CC2)CC3)n2ccnc(N)c12,0.1389693,train
C[C@]1(C(=O)O)CC[C@@](C)(c2nc(-c3ccc(C(=O)Nc4cc(C(F)(F)F)ccn4)cc3)c3c(N)nccn23)C1,0.10206303,val
C[C@H]1CC[C@@H](c2nc(-c3ccc(C(=O)Nc4cc(C(F)(F)F)ccn4)cc3F)c3c(N)nccn23)CN1C(=O)C1CC1,0.9145591,val
O=C(c1ccc(C[C@@H]2CC[C@H]([C@H](O)c3ccccc3)N2)cc1)N1CCN(Cc2ncn(CC(F)F)n2)CC1,0.064499445,test
O=C(c1ccc(C[C@@H]2CC[C@H]([C@H](O)c3ccccc3)N2)cc1)N1CCN(Cc2nnn(CC3CC3)n2)CC1,0.060702264,test
O=C(c1ccc(C[C@@H]2CC[C@H]([C@H](O)c3ccccc3)N2)cc1)N1CCN(Cc2nnn(CC(F)(F)F)n2)CC1,0.09916302,train
Cc1c([C@@H](O)CN2CCC3(CC2)CCN(c2ccc(C#N)cn2)C3)ccc2c1COC2=O,0.97051054,train
Cc1c([C@@H](O)CN2CCC3(CC2)CC(=O)N(c2ccc(C#N)cn2)C3)ccc2c1COC2=O,0.78282875,train
Cc1c([C@@H](O)CN2CCC3(CC2)CN(c2ccc(C#N)cn2)C3)ccc2c1COC2=O,0.94278175,train
Cc1c([C@@H](O)CN2CCC3(CC2)CCN(c2cncc(C#N)c2)C3)ccc2c1COC2=O,0.9402553,train
Cc1c([C@@H](O)CN2CCC3(CC2)CC(=O)N(c2cncc(C#N)c2)C3)ccc2c1COC2=O,0.47024655,val
Cc1c([C@@H](O)CN2CCC3(CC2)CCN(c2ccc(C#N)nc2)C3)ccc2c1COC2=O,0.8926495,train
CSc1ccc(N2CCC3(CCN(C[C@H](O)c4ccc5c(c4C)COC5=O)CC3)C2)cn1,0.9926312,train
COc1ccc(N2CCC3(CCN(C[C@H](O)c4ccc5c(c4C)COC5=O)CC3)C2)cn1,0.97643083,train
Cc1c([C@@H](O)CN2CCC3(CC2)CCN(c2ccc(C(C)(C)O)nc2)C3)ccc2c1COC2=O,0.17915177,train
Cc1c([C@@H](O)CN2CCC3(CC2)CCN(c2ccc([S+](C)[O-])nc2)C3)ccc2c1COC2=O,0.5087471,train
Cc1c([C@@H](O)CN2CCC3(CC2)CCN(c2cnc(S(C)(=O)=O)cn2)C3)ccc2c1COC2=O,0.42682302,train
Cc1c([C@@H](O)CN2CCC3(CC2)CC(=O)N(c2cnc(S(C)(=O)=O)cn2)C3)ccc2c1COC2=O,0.16809076,train
CCS(=O)(=O)c1cnc(N2CC3(CCN(C[C@H](O)c4ccc5c(c4C)COC5=O)CC3)CC2=O)cn1,0.6691316,train
Cc1c([C@@H](O)CN2CCC3(CC2)CCN(c2ccc(S(C)(=O)=O)cn2)C3)ccc2c1COC2=O,0.88523847,train
Cc1c([C@@H](O)CN2CCC3(CC2)CC(=O)N(c2ccc(S(C)(=O)=O)cn2)C3)ccc2c1COC2=O,0.46113762,train
Cc1nc(N2CCC3(CCN(C[C@H](O)c4ccc5c(c4C)COC5=O)CC3)C2)ccc1S(C)(=O)=O,0.81994694,train
Cc1c([C@@H](O)CN2CCC3(CC2)CCN(c2ccc(S(C)(=O)=O)nc2)C3)ccc2c1COC2=O,0.58278215,train
Cc1c([C@@H](O)CN2CCC3(CC2)CCN(c2ccc(C#N)cn2)CC3)ccc2c1COC2=O,0.9536223,test
c1ccc(-c2ccccc2CC(c2cccnc2)c2cccnc2)cc1,0.1525387,train
N#Cc1cccc(-c2cc(F)ccc2CC(c2cccnc2)c2cccnc2)c1,0.55970204,train
CS(=O)(=O)Nc1cccc(-c2cc(F)ccc2CC(c2cccnc2)c2cccnc2)c1,0.59446365,train
c1cncc(C(Cc2ccccc2-c2ccncc2)c2cccnc2)c1,0.05161851,train
c1cncc(C(Cc2ccccc2-c2cncc3ccccc23)c2cccnc2)c1,0.09670555,train
Fc1ccc(CC(c2cccnc2)c2cccnc2)c(-c2cccc(C(F)(F)F)c2)c1,0.86509854,train
FC(F)(F)Oc1cccc(-c2ncccc2CC(c2cccnc2)c2cccnc2)c1,0.22871466,train
N#Cc1cccc(-c2cccc(Cl)c2CC(c2cccnc2)c2cccnc2)c1,0.3762423,train
Nc1cccc(C(Cc2cccnc2-c2cc(Cl)cc(Cl)c2)c2cccnc2)n1,0.72277814,train
OC(Cc1cccnc1-c1cccc(C(F)(F)F)c1)(c1cccnc1F)c1cccnc1F,0.49360153,train
CN(C)C(=O)c1cccc(-c2ccc(F)cc2CC(c2cccnc2)c2cccnc2)c1,0.07609418,train
Cc1[nH]c(Cc2c(O)[nH]c3ccc(F)cc23)c(C)c1NC(=O)C1=NCCC1,0.7503837,train
COc1nc(C2=NOC[C@H](c3cc4ccccc4o3)N2)ccc1-n1cnc(C)c1,0.98710364,val
CCOC(=O)C1=C[C@]2(CC)CCCN3CCc4c(n1c1ccccc41)[C@@H]32,0.9635145,val
O=c1n(Cc2ccc(Cl)cc2)c2sc3c(c2c2ncnn12)CCCC3,0.99686915,train
CN1CCc2c(sc3c2c2ncnn2c(=O)n3Cc2ccc(Cl)cc2)C1,0.9927407,train
O=c1n(Cc2ccc(Cl)cc2)c2sc3c(c2c2ncnn12)CCN(CC1CC1)C3,0.9983065,val
O=C(C1CC1)N1CCc2c(sc3c2c2ncnn2c(=O)n3Cc2ccc(Cl)cc2)C1,0.98526865,train
COc1ccc(Cn2c(=O)n3ncnc3c3c4c(sc32)CN(C(=O)C2CC2(F)F)CC4)cc1,0.92615885,train
O=c1n(Cc2ccc(Cl)cc2)c2sc3c(c2c2ncnn12)CCN(C1COC1)C3,0.98955953,test
O=c1n(Cc2ccc(Cl)cc2)c2sc3c(c2c2ncnn12)CCN(Cc1ccccc1)C3,0.9983967,train
O=c1n(Cc2ccccc2)c2sc3c(c2c2ncnn12)CCN(CC1CCOCC1)C3,0.955918,train
O=c1n(Cc2ccc(Cl)cc2)c2sc3c(c2c2ncnn12)CCN(CC1CCOCC1)C3,0.99776864,train
O=c1n(Cc2ccc(Cl)cc2F)c2sc3c(c2c2ncnn12)CCN(CC1CCOCC1)C3,0.9965228,train
COc1ccc(Cn2c(=O)n3ncnc3c3c4c(sc32)CN(CC2CCOCC2)CC4)cc1,0.99025905,train
COc1ccc(Cn2c(=O)n3ncnc3c3c4c(sc32)CN(CC2CCOCC2)CC4)c(F)c1,0.97969615,train
COc1ccc(Cn2c(=O)n3ncnc3c3c4c(sc32)CN(CC2CCOCC2)CC4(F)F)cc1,0.9653497,train
N=C(CC(O)c1cc2c(F)cc(F)cc2c2cc(C(F)(F)F)ccc12)NN=Cc1ccc(F)cc1,0.99107075,train
CCN(CC)Cc1cc(C=NN=C(N)CC(O)c2cc3c(F)cc(F)cc3c3cc(C(F)(F)F)ccc23)ccc1O,0.99801767,test
COc1ccccc1CNC[C@H]1C[C@@H]1c1cc(F)ccc1OC,0.94768745,train
O=C(c1cc([C@H]2CCCN2c2cc(F)cc(F)c2)c2oc(N3CCOCC3)cc(=O)c2c1)N1CCOCC1,0.04834068,train
CNC(=O)c1c(-c2ccc(F)cc2)oc2ccc(-c3cc(C(=O)NC4(c5ncccn5)CC4)ccc3C)c(F)c12,0.3858581,train
CNC(=O)c1c(-c2ccc(F)cc2)oc2ccc(-c3cc(C(=O)NC4(c5ncccn5)CC4)ccc3C)cc12,0.44250444,train
CNC(=O)c1c(-c2ccc(F)cc2)oc2ccc(-c3cc(C(=O)NC4(c5ccccn5)CC4)ccc3C)cc12,0.7492179,test
O=C1CCc2ccc(OCCCCN3CCCN(c4ccc(O)c5[nH]c(=O)ccc45)CC3)cc2N1,0.39844432,test
CC(C)Oc1cc2c(OC[C@@H]3CCC(=O)N3)nccc2cc1C(N)=O,0.14615937,val
Cc1[nH]nc2c1C(c1cc(-c3cccnc3)cc(C(F)(F)F)c1)(C(C)C)C(C#N)C(=N)O2,0.03859742,train
CC(=O)N1CCN(c2cccc(-c3cc(-c4ccnn4CC(F)(F)F)c4c(N)ncnn34)c2)C(=O)C1(C)C,0.011861462,train
COc1cncc(Cc2cc(-c3ccccc3)no2)c1,0.9524355,val
CN(C)c1ccc(C(=O)N(CCCCCC(O)=NO)CC(=O)NCc2ccccc2)cc1,0.20462818,test
CN(C)c1ccc(C(=O)N(CC(=O)NC2CCCCC2)Cc2ccc(C(O)=NO)cc2)cc1,0.23018707,train
O=C1C(Cc2ccccc2)N(CCCCCC(O)=NO)C(=O)c2ccccc2N1Cc1ccccc1,0.44758603,val
N=C(Nc1ccc(I)cc1)NC12CC3CC(CC(C3)C1)C2,0.99913305,train
N=C(NCCCOc1ccc(F)cc1)Nc1ccc(I)cc1,0.99872404,train
N=C(NCCCOc1ccc(F)cc1)Nc1ccc(Cl)cc1,0.9848881,train
COc1ccc(N=C(N)NCCCOc2ccc(F)cc2)cc1,0.88874537,val
O=S(=O)(Nc1cscn1)c1cc(Cl)c(OCC2NCCC=C2c2ccc(F)cc2)cc1F,0.73242074,test
N[C@@H]1CCC=C(c2ccc(F)cc2)[C@H]1COc1cc(F)c(S(=O)(=O)Nc2cscn2)cc1Cl,0.5287815,train
CN(C/C=C/c1ccc2ccccc2c1)Cc1ccc2c(c1)OCCC2,0.856314,train
CN(C/C=C/c1ccc(Br)cc1)Cc1ccc2c(c1)OCCC2,0.96206564,train
Cc1ccc(/C=C/CN(C)Cc2ccc3c(c2)OCCC3)cc1,0.7631288,train
CN(C/C=C/c1ccc(C(F)F)cc1)Cc1ccc2c(c1)OCCC2,0.9318582,train
CN(C/C=C/c1ccc(C(F)(F)F)cc1)Cc1ccc2c(c1)OCCC2,0.9520079,train
COC(=O)c1ccc(/C=C/CN(C)Cc2ccc3c(c2)OCCC3)cc1,0.65159756,train
CN(C/C=C/c1ccc(-c2ccccc2)cc1)Cc1ccc2c(c1)OCCC2,0.9071293,train
CN(C/C=C/c1ccc(C(F)(F)F)cc1F)Cc1ccc2c(c1)OCCC2,0.925116,train
CN(C/C=C/c1ccc(C(F)(F)F)c(F)c1)Cc1ccc2c(c1)OCCC2,0.9391106,train
COc1ccc(/C=C/CN(C)Cc2ccc3c(c2)OCCC3)c(F)c1,0.53668123,train
CN(C/C=C/c1ccc2ccccc2c1)Cc1ccc2c(c1)CCO2,0.89489484,test
CN(C/C=C/c1ccc(C(F)F)cc1)Cc1ccc2c(c1)CCO2,0.9513082,train
CN(C/C=C/c1ccc(C(F)(F)F)cc1)Cc1ccc2c(c1)CCO2,0.96592873,train
CN(C/C=C/c1ccc(-c2ccccc2)cc1)Cc1ccc2c(c1)CCO2,0.93311864,test
CN(C/C=C/c1ccc(C(F)(F)F)cc1F)Cc1ccc2c(c1)CCO2,0.9463952,train
COc1ccc(/C=C/CN(C)Cc2ccc3c(c2)CCCCC3)cc1,0.7943879,train
CN(C/C=C/c1ccc(C(F)(F)F)cc1)Cc1ccc2c(c1)CCCC2,0.9765673,train
COc1ccc(CN(CC(=O)N2CCC3(CC2)CNC3)c2ccc(C#N)cc2)cc1F,0.5733336,train
COc1ccc(CN(CC(=O)N2CCC(CN)CC2)c2ccc(C#N)cc2)cc1F,0.43374023,test
Cc1ccc(-c2ncc(OC[C@H]3CCNC3)cc2-c2ccc(C#N)cc2)cc1,0.9810637,train
Nc1ccc(F)cc1NC(=O)c1ccc(CNC(=O)/C=C/c2cccnc2)cc1,0.54102975,test
Cc1ccc(/C=C/C(=O)N2CCN(c3ccc(C(=O)Nc4ccccc4N)cc3)CC2)cc1,0.37613952,train
COc1ccc(/C=C/C(=O)N2CCN(c3ccc(C(=O)Nc4ccccc4N)cc3)CC2)cc1,0.25378528,train
Nc1ccccc1NC(=O)c1ccc(N2CCN(C(=O)/C=C/c3ccc(F)cc3)CC2)cc1,0.38288856,train
CCc1cc(COc2cc(C(=O)N3CCC[C@@H](N)C3)nn2-c2ccc(C#N)cc2)on1,0.91112316,test
CC(C)CN(CCc1ccc(Cl)cc1)C1CCN(c2n[nH]c(N)n2)CC1,0.9831329,train
COc1ccc(Oc2ccnc3cc(-c4cnn(C5CCNCC5)c4)ccc23)cc1,0.93074375,train
Oc1ccc(Oc2ccnc3cc(-c4cnn(C5CCNCC5)c4)ccc23)cc1,0.77939296,train
Cc1ccc(Oc2ccnc3cc(-c4cnn(C5CCNCC5)c4)ccc23)cc1,0.95274615,train
CN(Cc1ccccn1)Cc1ccccc1CNc1ccnc2cc(Cl)ccc12,0.94937927,val
CCOC(=O)C1C2CCC(C[C@@H]1OC(c1ccc(F)cc1)c1ccc(F)cc1)N2CCc1c[nH]c2ccccc12,0.99931395,val
Fc1ccc(C(OC2CC3CCC(C2)N3CCN2CCCCC2)c2ccc(F)cc2)cc1,0.9956648,train
CN(C)CCN1C2CCC1CC(NC(c1ccc(F)cc1)c1ccc(F)cc1)C2,0.9591076,val
CN(C)CCN1C2CCC1CC(OC(c1ccc(F)cc1)c1ccc(F)cc1)C2,0.9861226,train
CC(C)[C@@H](N)CN1C2CCC1CC(OC(c1ccc(F)cc1)c1ccc(F)cc1)C2,0.98690444,train
Fc1ccc(C(OC2CC3CCC(C2)N3CC2CC2)c2ccc(F)cc2)cc1,0.99343723,train
CN(C/C=C/c1ccc(-c2ccccc2)cc1)Cc1coc2ccccc12,0.9129896,val
CCOC(=O)C1C(CN2CCOC[C@H]2CO)=NC(c2nccs2)=N[C@H]1c1ccc(F)cc1Br,0.6249277,train
CCOC(=O)C1C(CN2CCOC(CO)C2)=NC(c2nccs2)=NC1c1ccc(F)cc1Br,0.9856983,train
CCOC(=O)C1C(CNC(Cc2ccccc2)C(=O)O)=NC(c2nccs2)=NC1c1ccc(F)cc1Br,0.8372989,train
CCOC(=O)C1C(CN2CCS(=O)(=O)CC2)=NC(c2nccs2)=NC1c1ccc(F)cc1Br,0.9711864,test
CCOC(=O)C1C(CN2CC[S+]([O-])CC2)=NC(c2nccs2)=NC1c1ccc(F)cc1Br,0.97569525,val
CCOC(=O)C1C(CN2CCOCC2)=NC(c2nc(CC(=O)OC)cs2)=NC1c1ccc(F)cc1Br,0.99366754,train
CCOC(=O)C1C(CN2CCOCC2)=NC(c2ncc(OC)s2)=NC1c1ccc(F)cc1Br,0.9886707,train
CCOC(=O)C1C(CN2CCOCC2)=NC(n2cncn2)=NC1c1ccc(F)cc1Br,0.99770784,val
CCOC(=O)C1C(CN2CCOCC2)=NC(c2nccn2C)=NC1c1ccc(F)cc1Br,0.99737847,val
CCOC(=O)C1C(CN2CCOCC2)=NC(c2ccccn2)=NC1c1ccc(F)cc1Br,0.9996001,train
CCOC(=O)C1C(CN2CCOCC2)=NC(c2cccs2)=NC1c1ccc(F)cc1Br,0.9981499,train
CCOC(=O)C1C(CN2CCOCC2)=NC(c2nncs2)=NC1c1ccc(F)cc1Br,0.9823313,train
CCOC(=O)C1C(CN2CCOCC2)=NC(c2nccs2)=NC1c1ccc(F)cc1-c1ccccc1,0.996442,test
CCOC(=O)C1C(CN2CCOCC2)=NC(c2nccs2)=NC1c1ccccc1[N+](=O)[O-],0.9029718,train
CCOC(=O)C1C(CN2CCOCC2)=NC(c2nccs2)=NC1c1ccccc1Cl,0.9656407,train
CCOC(=O)C1C(CN2CCOCC2)=NC(c2nccs2)=NC1c1ccc(Cl)cc1Cl,0.9951466,train
CCOC(=O)C1C(CN2CCOCC2)=NC(c2nccs2)=NC1c1ccc(F)cc1Cl,0.9927046,train
CCOC(=O)C1C(CN2CCOCC2)=NC(c2nccs2)=N[C@@H]1c1ccc(F)cc1Br,0.9806065,train
CCOC(=O)C1C(CN2CCOCC2)=NC(c2nccs2)=N[C@H]1c1ccc(F)cc1Br,0.9640008,train
CCOC(=O)C1C(CN2CCOCC2)=NC(c2nccs2)=NC1c1ccc(F)cc1Br,0.99227893,train
Cc1c([C@@H](O)CN2CCC3(CC2)CCN(c2ccc(=O)n(C)n2)C3=O)ccc2c1COC2=O,0.23234709,train
Cc1c([C@@H](O)CN2CCC3(CC2)CCN(c2ccc(-n4cnnn4)cn2)C3)ccc2c1COC2=O,0.81784624,test
Cc1nsc(N2CCC3(CCN(C[C@H](O)c4ccc5c(c4C)COC5=O)CC3)C2)n1,0.9362286,train
Cc1c([C@@H](O)CN2CCC3(CC2)CCN(c2ccns2)C3)ccc2c1COC2=O,0.96121776,train
Cc1c([C@@H](O)CN2CCC3(CC2)CN(c2ccns2)C3)ccc2c1COC2=O,0.8681217,val
Cc1c([C@@H](O)CN2CCC3(CC2)CC(=O)N(c2ccns2)C3)ccc2c1COC2=O,0.6865326,train
Cc1c([C@@H](O)CN2CCC3(CC2)CN(c2ccns2)C(=O)O3)ccc2c1COC2=O,0.7296396,train
Cc1c([C@@H](O)CN2CCC3(CC2)CCN(c2ccns2)C3=O)ccc2c1COC2=O,0.8165369,train
Cc1c([C@@H](O)CN2CCC3(CC2)CCN(c2sncc2Cl)C3=O)ccc2c1COC2=O,0.871142,train
Cc1cnsc1N1CCC2(CCN(C[C@H](O)c3ccc4c(c3C)COC4=O)CC2)C1=O,0.8739123,train
Cc1cc(N2CCC3(CCN(C[C@H](O)c4ccc5c(c4C)COC5=O)CC3)C2=O)sn1,0.935599,train
Cc1c([C@@H](O)CN2CCC3(CC2)CCN(c2cc(-c4ccccc4)ns2)C3=O)ccc2c1COC2=O,0.94334984,train
Cc1c([C@@H](O)CN2CCC3(CC2)CCN(c2cc(-c4ccccc4)no2)C3=O)ccc2c1COC2=O,0.8058481,train
Cc1c([C@@H](O)CN2CCC3(CC2)CCN(c2cnsc2)C3=O)ccc2c1COC2=O,0.68941766,train
Cc1c([C@@H](O)CN2CCC3(CC2)CCN(c2cnsn2)C3=O)ccc2c1COC2=O,0.8200023,val
Cc1c([C@@H](O)CN2CCC3(CC2)CCN(c2ncns2)C3=O)ccc2c1COC2=O,0.42498654,train
Cc1nsc(N2CCC3(CCN(C[C@H](O)c4ccc5c(c4C)COC5=O)CC3)C2=O)n1,0.5257675,train
COc1nsc(N2CCC3(CCN(C[C@H](O)c4ccc5c(c4C)COC5=O)CC3)C2=O)n1,0.9561403,train
Cc1c([C@@H](O)CN2CCC3(CC2)CCN(c2ccncc2)C3=O)ccc2c1COC2=O,0.3653319,train
COc1cc(N2CCC3(CCN(C[C@H](O)c4ccc5c(c4C)COC5=O)CC3)C2=O)ccn1,0.826937,train
Cc1c([C@@H](O)CN2CCC3(CC2)CCN(c2ccnnc2)C3=O)ccc2c1COC2=O,0.28925198,train
Cc1c([C@@H](O)CN2CCC3(CC2)CCN(c2ccncn2)C3=O)ccc2c1COC2=O,0.24903294,train
Cc1nccc(N2CCC3(CCN(C[C@H](O)c4ccc5c(c4C)COC5=O)CC3)C2=O)n1,0.40708655,train
COc1nccc(N2CCC3(CCN(C[C@H](O)c4ccc5c(c4C)COC5=O)CC3)C2=O)n1,0.935742,train
CNc1nccc(N2CCC3(CCN(C[C@H](O)c4ccc5c(c4C)COC5=O)CC3)C2=O)n1,0.7316802,train
Cc1c([C@@H](O)CN2CCC3(CC2)CCN(c2cnn(C)c(=O)c2)C3=O)ccc2c1COC2=O,0.18586095,test
CCn1nc(N2CCC3(CCN(C[C@H](O)c4ccc5c(c4C)COC5=O)CC3)C2=O)ccc1=O,0.46990186,train
Cc1c([C@@H](O)CN2CCC3(CC2)CCN(c2ccc(=O)n(C4CCCC4)n2)C3=O)ccc2c1COC2=O,0.334544,test
Cc1c([C@@H](O)CN2CCC3(CC2)CCN(c2ccc(=O)n(C(F)F)n2)C3=O)ccc2c1COC2=O,0.29882485,train
Cc1c([C@@H](O)CN2CCC3(CC2)CCN(c2cc(C)c(=O)n(C)n2)C3=O)ccc2c1COC2=O,0.25984424,train
Cc1cc(=O)n(C)nc1N1CCC2(CCN(C[C@H](O)c3ccc4c(c3C)COC4=O)CC2)C1=O,0.26154312,train
Cc1c([C@@H](O)CN2CCC3(CC2)CCN(c2ccc(=O)n(C)n2)C3)ccc2c1COC2=O,0.25519177,test
Cc1c([C@@H](O)CN2CCC3(CC2)CC(=O)N(c2ccc(=O)n(C)n2)C3)ccc2c1COC2=O,0.15653563,train
Cn1nc(N2CCC3(CCN(C[C@H](O)c4ccc(-n5cnnn5)nn4)CC3)C2=O)ccc1=O,0.021337632,val
Cc1nc(-n2cnnn2)ccc1[C@@H](O)CN1CCC2(CC1)CCN(c1ccc(=O)n(C)n1)C2=O,0.071185805,val
Cc1c(CCN2CCC3(CC2)CCN(c2ccc(=O)n(C)n2)C3=O)ccc2c1COC2=O,0.40416375,train
Cc1c([C@@H](O)CN2CCC3(CC2)CCN(c2ccc(=O)n(C)n2)CC3)ccc2c1COC2=O,0.2030495,test
Cc1c([C@@H](O)CN2CCC3(CC2)CN(c2ccc(=O)n(C)n2)C(=O)CO3)ccc2c1COC2=O,0.23243631,train
Cn1c([S+](C)[O-])nc(-c2ccc(F)cc2)c1-c1ccnc(N)c1,0.031191686,train
CSc1nc(-c2ccc(F)cc2)c(-c2ccnc(NC(C)=O)c2)n1C,0.5697049,train
CSc1nc(-c2ccc(F)cc2)c(-c2ccnc(Nc3ccccc3)c2)[nH]1,0.9985668,test
Cc1cc(CNc2nc(N)nc3ccn(Cc4ccccn4)c23)no1,0.95614856,train
Nc1nc(NCc2cc(C3CC3)on2)c2c(ccn2Cc2ccccn2)n1,0.94363326,val
COc1ccc(Cn2ccc3nc(N)nc(NCc4cc(C)on4)c32)nc1OC,0.99479645,train
COc1cccc(Cn2ccc3nc(N)nc(NCc4cc(C)on4)c32)n1,0.9947154,train
Cc1cc(CNc2nc(N)nc3ccn(Cc4ccc(F)cn4)c23)no1,0.9776518,train
Cc1cc(CNc2nc(N)nc3ccn(Cc4ncccc4F)c23)no1,0.91512203,train
Cc1cc(CNc2nc(N)nc3ccn(Cc4ccc(C(F)(F)F)cn4)c23)no1,0.991482,train
Cc1cc(CNc2nc(N)nc3ccn(Cc4ncccc4Cl)c23)no1,0.9760165,train
Cc1cc(CNc2nc(N)nc3ccn(Cc4cc(Cl)ccn4)c23)no1,0.99735755,train
Cc1cnc(COc2nc(N)nc3ccn(Cc4ccccn4)c23)s1,0.11497582,train
COc1cccnc1Cn1ccc2nc(N)nc(OCc3ncc(C)o3)c21,0.1152275,test
COc1cccnc1Cn1ccc2nc(N)nc(NCc3cc(C)on3)c21,0.9340718,train
CN(Cc1ccc(C(F)(F)F)cc1)c1cc(C(=O)Nc2ccccc2)ncn1,0.9871623,train
CN(Cc1ccc(C(F)(F)F)nc1)c1cc(C(=O)Nc2ccccc2)ncn1,0.70006907,test
CC(C)Oc1ccc(NC(=O)c2cc(N(C)Cc3ccc(F)cc3)ncn2)cc1,0.9646296,train
CN1CCN(c2ccc(NC(=O)c3cc(N(C)Cc4ccc(C(F)(F)F)cc4)ncn3)cc2)CC1,0.94133353,train
CN(Cc1ccc(F)cc1)c1cc(C(=O)Nc2nncs2)ncn1,0.6276448,train
CN(Cc1ccc(C(F)(F)F)nc1)c1cc(C(=O)Nc2nncs2)ncn1,0.153486,train
CN(C)[C@H]1CC[C@H](n2cc(C(N)=O)c(Nc3ccc(Cl)cc3)n2)[C@@H](C#N)C1,0.25758916,train
N#C[C@H]1C[C@@H](O)CC[C@@H]1n1cc(C(N)=O)c(Nc2ccc(Cl)cc2)n1,0.15994729,train
CN([C@H]1CC[C@H](n2cc(C(N)=O)c(Nc3ccc(Cl)cc3)n2)[C@@H](C#N)C1)C1(C)COC1,0.27559835,train
N#C[C@H]1C[C@@H](N2CCC2)CC[C@@H]1n1cc(C(N)=O)c(Nc2ccc([C@H](O)C(F)(F)F)cc2)n1,0.3803605,test
N#C[C@H]1CCOC[C@@H]1n1cc(C(N)=O)c(Nc2ccc(Cl)cc2)n1,0.07629424,train
N#C[C@H]1CCOC[C@@H]1n1cc(C(N)=O)c(Nc2ccc(F)cc2)n1,0.04770103,train
N#C[C@H]1CCOC[C@@H]1n1cc(C(N)=O)c(Nc2ccc(C3CC3)cc2)n1,0.029234936,train
N#C[C@H]1CCOC[C@@H]1n1cc(C(N)=O)c(Nc2ccc(OC(F)F)cc2)n1,0.07894756,train
N#C[C@H]1CCOC[C@@H]1n1cc(C(N)=O)c(Nc2ccc(-n3ccnn3)cc2)n1,0.016090564,train
N#Cc1ccc(Nc2nn([C@H]3COCC[C@@H]3C#N)cc2C(N)=O)cc1,0.08213815,train
C[C@@H](c1ccc(Br)cc1)N1CC[C@](CCC(N)=O)(c2ccc(F)cc2)OC1=O,0.8595092,train
C[C@@H](c1ccc(OC(F)F)cc1)N1CC[C@](CCC(N)=O)(c2ccc(F)cc2)OC1=O,0.89557105,train
COc1ccc2ncc(F)c([C@@H](O)CC[C@@H]3CCN(C4CC(c5cc(F)ccc5F)C4)CC3C(=O)O)c2n1,0.13670792,val
COc1ccc2ncc(F)c([C@@H](O)CC[C@@H]3CCN(C4CC(c5ncccc5F)C4)CC3C(=O)O)c2c1,0.041253634,val
COc1ccc2ncc(F)c([C@@H](O)CC[C@@H]3CCN(C4CC(c5cccc(F)c5F)C4)CC3C(=O)O)c2c1,0.078989655,train
COc1ccc2ncc(F)c([C@@H](O)CC[C@@H]3CCN(C4CC(c5cc(F)cc(F)c5)C4)CC3C(=O)O)c2c1,0.1290489,train
COc1ccc2ncc(F)c([C@@H](O)CC[C@@H]3CCN(C4CC(c5cc(F)ccc5F)C4)CC3C(=O)O)c2c1,0.10426159,train
COc1ccc2ncc(F)c([C@@H](O)CC[C@@H]3CCN(C4CC(c5c(F)cccc5F)C4)CC3C(=O)O)c2c1,0.08405766,train
COc1ccc2ncc(F)c([C@@H](O)CC[C@@H]3CCN(C4CC(c5ccccc5)C4)CC3C(=O)O)c2c1,0.06510936,train
C[C@@H]1O[C@@H](O[C@H]2C[C@@H](O)[C@]3(CO)[C@H]4[C@H](O)C[C@]5(C)[C@@H](C6=CC(=O)OC6)CC[C@]5(O)[C@@H]4CC[C@]3(O)C2)[C@H](O)[C@H](O)[C@H]1O,0.88452744,train
C[C@@H]1CC[C@H](Nc2ncc(C(N)=O)c3sc(-c4ccccc4)cc23)CN1,0.95210516,train
C[C@@H]1CC[C@H](Nc2ncc(C(N)=O)c3sc(-c4ccccc4)cc23)[C@H](C)N1,0.94187593,train
C[C@@H]1NCCC[C@@H]1Nc1ncc(C(N)=O)c2sc(-c3ccccc3)cc12,0.97273093,train
NC(=O)c1cnc(N(CCc2ccccc2)[C@H]2CCCNC2)c2cc(-c3ccccc3)sc12,0.994942,val
CCN(c1ncc(C(N)=O)c2sc(-c3ccccc3)cc12)[C@H]1CCCNC1,0.9749517,train
CN(c1ncc(C(N)=O)c2sc(-c3ccccc3)cc12)[C@H]1CCCNC1,0.91219795,train
NC(=O)c1cnc(SC2CCCNC2)c2cc(-c3ccccc3)sc12,0.90420353,test
NC(=O)c1cnc(O[C@H]2CCCNC2)c2cc(-c3ccccc3)sc12,0.6329502,val
NC(=O)c1ccc(N[C@H]2CCCNC2)c2cc(-c3ccc(Cl)cc3)[nH]c12,0.9385474,train
NC(=O)c1ccc(N[C@H]2CCCNC2)c2cc(-c3ccc(F)cc3)[nH]c12,0.8448179,train
NC(=O)c1ccc(N[C@H]2CCCNC2)c2cc(-c3cccc(F)c3)[nH]c12,0.88342,train
NC(=O)c1ccc(N[C@H]2CCCNC2)c2cc(-c3ccccc3)[nH]c12,0.70706993,train
NC(=O)c1cnc(N[C@H]2CCCNC2)c2cc(-c3ccsc3)sc12,0.84057164,test
NC(=O)c1cnc(N[C@H]2CCCNC2)c2cc(-c3cccc(F)c3)sc12,0.93518704,train
NC(=O)c1cnc(N[C@H]2CCCNC2)c2cc(-c3ccccc3)sc12,0.8003324,train
Cc1cc(Oc2cncnc2)cc(C(=O)Nc2ccc(F)cn2)n1,0.28447083,val
O=C(CN1CCCC2=C1C(=O)N(C1CC1)C2=O)Nc1ccc(-c2cccnc2)nn1,0.18913028,test
Clc1cccc(N2CCN(CCCCNc3nccc4ccccc34)CC2)c1Cl,0.9757211,test
Clc1cccc(N2CCN(CCCCNc3ccc4ccccc4n3)CC2)c1Cl,0.97430646,train
c1ccc(C(OCCCc2c[nH]cn2)c2ccccc2)cc1,0.9084156,train
N#Cc1c(N)ncnc1N1CCC[C@H]1c1nc2cccc(C#CCCCC(=O)N3CCOCC3)c2c(=O)n1-c1ccccc1,0.25423545,train
N=C1N[C@@]2(c3cc(CNCC(F)(F)F)c(F)cc3F)CO[C@@H](CF)C[C@H]2CS1,0.43433198,train
C[C@@H]1C[C@@](C)(c2cc(CNC3(C(F)(F)F)CC3)c(F)cc2F)N=C(N)S1,0.959026,val
C[C@@]1(c2cc(CNC3(C(F)(F)F)CC3)c(F)cc2F)CCSC(=N)N1,0.4967435,train
C[C@@]1(c2cc(CNC3(C(F)(F)F)COC3)c(F)cc2F)CCSC(=N)N1,0.020848652,train
C[C@@]1(c2cc(CNC3(C#N)CC3)c(F)cc2F)CCSC(=N)N1,0.04516101,train
C[C@@]1(c2cc(CNC3(C(F)F)CC3)c(F)cc2F)CCSC(=N)N1,0.16263604,train
C[C@@]1(c2cc(CNCC3CC3)c(F)cc2F)CCSC(=N)N1,0.3457917,val
C[C@@]1(c2cc(CNC3CC3)c(F)cc2F)CCSC(=N)N1,0.19418465,train
C[C@@]1(c2cc(CNCCC(F)(F)F)c(F)cc2F)CCSC(=N)N1,0.23336019,train
C[C@@H](NCc1cc([C@]2(C)CCSC(=N)N2)c(F)cc1F)C(F)(F)F,0.23725772,train
CC(C)(NCc1cc([C@]2(C)CCSC(=N)N2)c(F)cc1F)C(F)(F)F,0.04642734,train
C[C@@]1(c2cc(CNCC(F)F)c(F)cc2F)CCSC(=N)N1,0.26847026,train
C[C@@]1(c2cc(CNCC(F)(F)F)c(F)cc2F)CCSC(=N)N1,0.41072685,train
CCc1nc2c(C)cc(C)nc2n1Cc1ccc(/C=C/CN2CCN(C(C)C)CC2)cc1,0.9602082,test
Cc1nc2n(c(=O)c1CCN1CCN(c3cccc4sccc34)CC1)CCCC2,0.99344444,train
Cc1nc2n(c(=O)c1CCN1CCN(c3cccc4sccc34)CC1)CCCC2O,0.9135215,train
Cc1nc2n(c(=O)c1CCN1CCN(c3cccc4sccc34)CC1)CCCC2F,0.9730393,train
Cc1nc2n(c(=O)c1CCN1CCN(c3cccc4sccc34)CC1)CCCC2(F)F,0.9264564,train
O=C(c1ccccc1)N1CCc2oc(-c3ccc(F)cn3)nc2C1,0.092774466,train
O=C(c1cccc(F)c1)N1CCc2oc(-c3ccc(F)cn3)nc2C1,0.20899034,train
O=C(c1cc(F)cc(Cl)c1)N1CCc2oc(-c3ccc(F)cn3)nc2C1,0.5088379,train
O=C(c1cc(F)cc(Cl)c1)N1CCn2nc(-c3ccc(F)cn3)cc2C1,0.77761483,val
NC(=O)c1cc(Cl)c2c(Cl)c(C3CC3)n([C@H]3CCCNC3)c2n1,0.98790246,train
NC(=O)c1cc(Cl)c2c(Cl)c(C3CC3)n([C@@H]3CCCNC3)c2n1,0.9852292,train
NC(=O)c1cc(Cl)c2c(Cl)c(C3CC3)n(C3CCCNC3)c2n1,0.96064615,train
NC(=O)c1cc(Cl)c2c(Cl)c(C#CC3CC3)n(C3CCCNC3)c2n1,0.9827461,test
Cc1ccc([C@@H]2CN(C(=O)C3CCC(CN)CC3)C[C@H]2c2ccc(C#N)cc2)cc1,0.8588905,train
Cc1ccc(-c2ncc(OC[C@@H]3CCNC3)cc2-c2ccc(C#N)cc2)cc1,0.9970245,train
COCCCC(=O)NCCN1CCC[C@@H]1Cn1nc(Cc2ccc(Cl)cc2)c2ccccc2c1=O,0.96495,train
CCCCc1cc(OC2CCN(CCS(=O)(=O)CC)CC2)c2ncccc2c1,0.99409443,train
CCCCc1cc(OC2CCN(CCCS(=O)(=O)CC)CC2)c2ncccc2c1,0.99425006,train
CCCCc1cc(OC2CCN(CCCS(=O)(=O)CCC)CC2)c2ncccc2c1,0.99393094,train
CCCCc1cc(OC2CCN(CCCS(=O)(=O)C(C)C)CC2)c2ncccc2c1,0.9856435,train
CCCCc1cc(OC2CCN(CCCS(=O)(=O)C(C)(C)C)CC2)c2ncccc2c1,0.9853977,train
CCCCc1cc(OC2CCN(CCCCS(=O)(=O)C(C)(C)C)CC2)c2ncccc2c1,0.9888313,train
CCCCc1cc(OC2CCN(CCC(C)S(=O)(=O)CC)CC2)c2ncccc2c1,0.9954366,train
CCCCc1cc(OC2CCN(CCNS(=O)(=O)CC)CC2)c2ncccc2c1,0.9632856,train
CCCCc1cc(OC2CCN(CCCNS(=O)(=O)CC)CC2)c2ncccc2c1,0.9825402,train
CCCCc1cc(OC2CCN(CCCCNS(C)(=O)=O)CC2)c2ncccc2c1,0.980627,train
CCCCc1cc(OC2CCN(CCCCNS(=O)(=O)CC)CC2)c2ncccc2c1,0.9880547,train
CCCCc1cc(OC2CCN(CCCCNS(=O)(=O)CCC)CC2)c2ncccc2c1,0.984714,train
CCCCc1cc(OC2CCN(CCCCNS(=O)(=O)C(C)C)CC2)c2ncccc2c1,0.9794623,train
CCCCc1cc(OC2CCN(CCCCNS(=O)(=O)CC(C)C)CC2)c2ncccc2c1,0.98796076,train
CCCCc1cc(OC2CCN(CCCCNS(=O)(=O)C3CCCCC3)CC2)c2ncccc2c1,0.99558383,train
CCCCc1cc(OC2CCN(CCCCN(C)S(=O)(=O)CC)CC2)c2ncccc2c1,0.99155325,train
CCCCc1cc(OC2CCN(CCS(=O)(=O)NC(C)(C)C)CC2)c2ncccc2c1,0.96910906,train
CCCCc1cc(OC2CCN(CCCS(=O)(=O)NC(C)(C)C)CC2)c2ncccc2c1,0.9666999,train
CCCCc1cc(OC2CCN(CCCCS(=O)(=O)NCCC)CC2)c2ncccc2c1,0.98232955,train
CCN1CCc2c(sc(NC(=O)Nc3ccc(Cl)cc3)c2C(N)=O)C1,0.7438602,train
NC(=O)c1c(NC(=O)Nc2ccc(Cl)cc2)sc2c1CCN(CCCNC(=O)CCc1c[nH]c3ccccc13)C2,0.8907923,train
CC[N+]1(C)CCc2c(sc(NC(=O)Nc3ccc(Cl)cc3)c2C(N)=O)C1,0.792786,train
NC(=O)c1c(NC(=O)Nc2ccc(Cl)cc2)sc2c1CC[N+]1(CCCC1)C2,0.90956205,test
NC(=O)c1c(NC(=O)Nc2ccc(Cl)cc2)sc2c1CC[N+]1(CCOCC1)C2,0.7737615,val
CC[N+]1(C)Cc2sc(NC(=O)Nc3ccc(Cl)cc3)c(C(N)=O)c2C1,0.7560112,train
CN1[C@@H]2CC[C@H]1c1c(sc(NC(=O)Nc3ccc(Cl)cc3)c1C(N)=O)C2,0.9046297,train
CCc1ccn2ccnc2c1N1CCCN(CC2CCN(C(=O)C3C[C@@H]4CC[C@H]3O4)CC2)CC1,0.8460037,train
CCc1ccn2ccnc2c1N1CCCN([C@@H](CC(N)=O)C2CCN(C(=O)C3C[C@@H]4CC[C@H]3O4)CC2)CC1,0.8565681,train
O=C(O)c1ccc2c(c1)C(=O)OC21CCN(c2ccc(-c3nc4cc(C(F)(F)F)ccc4[nH]3)cn2)CC1,0.1610607,val
O=C(O)CC1CCC2(CC1)CCN(c1ccc(-c3nc4cc(C(F)(F)F)ccc4[nH]3)cn1)CC2,0.8673115,test
O=C(O)CN1CCC2(CC1)CCN(c1ccc(-c3nc4cc(C(F)(F)F)ccc4[nH]3)cn1)CC2,0.7475765,train
O=C(O)C1CCC2(CCN(c3ccc(-c4nc5cc(C(F)(F)F)ccc5[nH]4)cn3)CC2)OC1,0.4094242,train
O=C(O)CC1CCOC2(CCN(c3ccc(-c4nc5cc(C(F)(F)F)ccc5[nH]4)cn3)CC2)C1,0.48858434,train
O=C(O)CC1CCC2(CCN(c3ccc(-c4nc5cc(C(F)(F)F)ccc5[nH]4)cn3)CC2)OC1,0.5579502,train
O=C(O)CC1COC2(CCN(c3ccc(-c4nc5cc(C(F)(F)F)ccc5[nH]4)cn3)CC2)C1,0.3563301,train
O=C(O)C[C@@H]1COC2(CCN(c3ccc(-c4nc5cc(C(F)(F)F)ccc5[nH]4)cn3)CC2)C1,0.4896267,train
O=C(O)C[C@H]1COC2(CCN(c3ccc(-c4nc5cc(C(F)(F)F)ccc5[nH]4)cn3)CC2)C1,0.39797562,train
O=C(O)CC1CCC2(CCN(c3ccc(-c4nc5cc(C(F)(F)F)ccc5[nH]4)cn3)CC2)O1,0.54699683,train
COc1ccc2ncc(F)c(C[C@H](N)[C@@H]3CC[C@@H](NCc4ccc5c(n4)NC(=O)CO5)CO3)c2n1,0.14589512,train
COc1ccc2ccc(=O)n(C[C@H](O)[C@@H]3CC[C@@H](NCc4ccc5c(n4)NC(=O)CO5)CO3)c2n1,0.16887476,train
COc1ccc2ccc(=O)n(C[C@H](N)[C@@H]3CC[C@@H](NCc4ccc5c(n4)NC(=O)CO5)CO3)c2n1,0.043795127,train
CCc1nc2c(C)cc(N3CCN(CC(=O)N4CC(O)C4)CC3)cn2c1N(C)c1nc(-c2ccc(F)cc2)c(C#N)s1,0.9340739,val
CCc1nc2ccc(C3CCN(CC(=O)N4CC(O)C4)CC3)cn2c1N(C)c1nc(-c2ccc(F)cc2)cs1,0.9784008,train
CCc1nc2ccc(C3CCN(CC(=O)N4CC(O)C4)CC3)cn2c1N(C)c1nc(-c2ccc(F)cc2)c(C#N)s1,0.98422146,train
CC1(COc2ccc(OC(F)(F)F)cc2)CCn2cc([N+](=O)[O-])nc2O1,0.99783933,train
C[C@]1(COc2ccc(OC(F)(F)F)cc2)Cn2cc([N+](=O)[O-])nc2O1,0.9589428,test
Cc1cc(/C=C/C#N)cc(C)c1Oc1nc(NC2CCN(Cc3ccc(S(N)(=O)=O)cc3)CC2)nc2ccsc12,0.8264991,train
C=CC(=O)Nc1cc(Nc2nccc(-c3cn4c5c(cccc35)CCC4)n2)c(OC)cc1N(C)CCN(C)C,0.7558119,val
CC1(C)[C@H](Nc2c(C(N)=O)cnn3cc(-c4ccccc4)cc23)CC[C@]1(C)N,0.74080765,train
COc1ccc(-c2cc3c(N[C@@H]4CC[C@](C)(N)C4(C)C)c(C(N)=O)cnn3c2)cn1,0.7415933,train
Cc1ccccc1-c1cc2c(N[C@@H]3CC[C@](C)(N)C3(C)C)c(C(N)=O)cnn2c1,0.67768824,train
Cc1cccc(-c2cc3c(N[C@@H]4CC[C@](C)(N)C4(C)C)c(C(N)=O)cnn3c2)c1,0.85212064,train
COc1ccccc1-c1cc2c(N[C@@H]3CC[C@](C)(N)C3(C)C)c(C(N)=O)cnn2c1,0.7123121,train
COc1cccc(-c2cc3c(N[C@@H]4CC[C@](C)(N)C4(C)C)c(C(N)=O)cnn3c2)c1,0.7942927,train
COc1ccc(-c2cc3c(N[C@@H]4CC[C@](C)(N)C4(C)C)c(C(N)=O)cnn3c2)cc1,0.7008485,train
CC1(C)[C@H](Nc2c(C(N)=O)cnn3cc(-c4ccccc4F)cc23)CC[C@]1(C)N,0.76414126,train
CC1(C)[C@H](Nc2c(C(N)=O)cnn3cc(-c4cccc(F)c4)cc23)CC[C@]1(C)N,0.89887875,train
CC1(C)[C@H](Nc2c(C(N)=O)cnn3cc(-c4ccc(F)cc4)cc23)CC[C@]1(C)N,0.86319005,train
CC1(C)[C@H](Nc2c(C(N)=O)cnn3cc(-c4cccc(Cl)c4)cc23)CC[C@]1(C)N,0.9424048,train
CC1(C)[C@H](Nc2c(C(N)=O)cnn3cc(-c4ccc(C#N)cc4)cc23)CC[C@]1(C)N,0.9274344,train
CC1(C)[C@H](Nc2c(C(N)=O)cnn3cc(-c4cncnc4)cc23)CC[C@]1(C)N,0.18540186,test
Cc1cc(-c2cc3c(N[C@@H]4CC[C@](C)(N)C4(C)C)c(C(N)=O)cnn3c2)ccn1,0.45355594,train
CC1(C)[C@H](Nc2c(C(N)=O)cnn3cc(-c4ccnc(F)c4)cc23)CC[C@]1(C)N,0.5822945,train
Cc1ccncc1-c1cc2c(N[C@@H]3CC[C@](C)(N)C3(C)C)c(C(N)=O)cnn2c1,0.43902132,train
Cc1ccc(-c2cc3c(N[C@@H]4CC[C@](C)(N)C4(C)C)c(C(N)=O)cnn3c2)cn1,0.48393106,train
CC1(C)[C@H](Nc2c(C(N)=O)cnn3cc(-c4cncc(F)c4)cc23)CC[C@]1(C)N,0.6889031,train
CC1(C)[C@H](Nc2c(C(N)=O)cnn3cc(-c4ccc(F)nc4)cc23)CC[C@]1(C)N,0.66832906,train
CCOc1ccc(-c2cc3c(N[C@@H]4CC[C@](C)(N)C4(C)C)c(C(N)=O)cnn3c2)cn1,0.6879338,train
CC(C)Oc1ccc(-c2cc3c(N[C@@H]4CC[C@](C)(N)C4(C)C)c(C(N)=O)cnn3c2)cn1,0.8195642,train
CC1(C)[C@H](Nc2c(C(N)=O)cnn3cc(-c4ccc(C#N)nc4)cc23)CC[C@]1(C)N,0.6386084,train
CC(C)c1cc(CN2Cc3ccccc3S2(=O)=O)nn1-c1ccc(F)cc1,0.15082031,train
CC(C)c1cc(CN2Cc3ccccc3S2(=O)=O)nn1C(C)(C)C,0.03331634,train
Nc1nccn2c([C@H]3CN(C4CCOCC4)CCO3)nc(-c3ccc(C(=O)Nc4cc(C(F)(F)F)ccn4)cc3F)c12,0.57384133,test
Nc1nccn2c([C@@H]3CCCN(C4CCOCC4)C3)nc(-c3ccc(C(=O)Nc4cc(C(F)(F)F)ccn4)cc3F)c12,0.9910746,train
COCC(=O)N1CCO[C@@H](c2nc(-c3ccc(C(=O)Nc4cc(C(F)(F)F)ccn4)cc3F)c3c(N)nccn23)C1,0.15951276,train
COCC(=O)N1CCC[C@@H](c2nc(-c3ccc(C(=O)Nc4cc(C(F)(F)F)ccn4)cc3F)c3c(N)nccn23)C1,0.8900476,train
CC(C)C(=O)N1CCO[C@@H](c2nc(-c3ccc(C(=O)Nc4cc(C(F)(F)F)ccn4)cc3F)c3c(N)nccn23)C1,0.28862765,train
CC(C)C(=O)N1CCC[C@@H](c2nc(-c3ccc(C(=O)Nc4cc(C(F)(F)F)ccn4)cc3F)c3c(N)nccn23)C1,0.95811814,train
CC(=O)N1CCO[C@@H](c2nc(-c3ccc(C(=O)Nc4cc(C(F)(F)F)ccn4)cc3F)c3c(N)nccn23)C1,0.17398714,train
CC(=O)N1CCC[C@@H](c2nc(-c3ccc(C(=O)Nc4cc(C(F)(F)F)ccn4)cc3F)c3c(N)nccn23)C1,0.9061976,train
CC1(C(=O)N2CCO[C@@H](c3nc(-c4ccc(C(=O)Nc5cc(C(F)(F)F)ccn5)cc4F)c4c(N)nccn34)C2)CCC1,0.5978814,val
COCCC(=O)N1CCSC(c2nc(-c3ccc(C(=O)Nc4cc(C(F)(F)F)ccn4)cc3)c3c(N)nccn23)C1,0.97526544,val
COCCC(=O)N1CCO[C@@H](c2nc(-c3ccc(C(=O)Nc4cc(C(F)(F)F)ccn4)cc3)c3c(N)nccn23)C1,0.47886655,train
CC1(C(=O)N2CCO[C@@H](c3nc(-c4ccc(C(=O)Nc5cc(C(F)(F)F)ccn5)cc4)c4c(N)nccn34)C2)COC1,0.24411745,train
CC1(C(=O)N2CC[C@@H](c3nc(-c4ccc(C(=O)Nc5cc(C(F)(F)F)ccn5)cc4)c4c(N)nccn34)C2)COC1,0.94962656,val
CC1(C(=O)N2CC(c3nc(-c4ccc(C(=O)Nc5cc(C(F)(F)F)ccn5)cc4)c4c(N)nccn34)C2)COC1,0.8951986,train
CC1(C(=O)N2CCC[C@@H](c3nc(-c4ccc(C(=O)Nc5cc(C(F)(F)F)ccn5)cc4)c4c(N)nccn34)C2)COC1,0.9396637,train
CC(C)Cc1cc(CNS(=O)(=O)c2cccc3cccnc23)nn1-c1ccccc1,0.26236755,train
CC(C)Cc1cc(CNS(=O)(=O)c2cccc3cccnc23)nn1-c1ccc(F)cc1,0.49490407,train
C[C@]12CCCC[C@H]1C[C@@H](N1CCC[C@@H](N)C1)[C@@H]2Oc1ccc(C#N)cc1,0.9200871,train
C[C@]12CCC(F)(F)C[C@H]1C[C@@H](N1CCC[C@@H](N)C1)[C@@H]2Oc1ccc(C#N)cc1,0.28085366,train
C[C@]12CCC(F)=C[C@H]1C[C@@H](N1CCC[C@@H](N)C1)[C@@H]2Oc1ccc(C#N)cc1,0.89118665,test
CO/N=C1\CC[C@@]2(C)[C@@H](C1)C[C@@H](N1CCC[C@@H](N)C1)[C@@H]2Oc1ccc(C#N)cc1,0.48266152,val
C[C@]12CC[C@H](C(F)F)C[C@H]1C[C@@H](N1CCC[C@@H](N)C1)[C@@H]2Oc1ccc(C#N)cc1,0.22638252,train
N#Cc1ccc(O[C@@H]2[C@H]3C4C[C@@H](CC4=O)[C@H]3C[C@H]2N2CCC[C@@H](N)C2)cc1,0.05775107,train
O=C(CCN1CCN(C(=O)OCc2cc(Cl)cc(Cl)c2)CC1)c1ccc2[nH]c(=O)oc2c1,0.7901982,train
CN(CCC1CCN(C(=O)OCc2cc(Cl)cc(Cl)c2)CC1)C(=O)c1c[nH]c(=O)o1,0.598897,val
CN(CCC1CCN(C(=O)OCc2cc(Cl)cc(Cl)c2)CC1)C(=O)c1c[nH]nn1,0.702907,val
O=C(CCc1c[nH]nn1)NC1CCN(C(=O)OCc2cc(Cl)cc(Cl)c2)CC1,0.70800817,test
O=C(CCCc1c[nH]nn1)NC1CCN(C(=O)OCc2cc(Cl)cc(Cl)c2)CC1,0.92162967,train
O=C(CCCCc1c[nH]nn1)NC1CCN(C(=O)OCc2cc(Cl)cc(Cl)c2)CC1,0.94885504,train
CC(=O)Nc1nc(C)c(-c2cc3c(c(S(C)(=O)=O)c2)C(=O)N([C@@H](C)C2CC2)C3)s1,0.14125569,train
CC(=O)Nc1nc(C)c(-c2cc3c(c(NS(C)(=O)=O)c2)C(=O)N([C@@H](C)C2CC2)C3)s1,0.13347383,train
COc1ccc(CCC(=O)N(c2nccc3ccccc23)[C@@H]2CCCNC2)cc1,0.83083016,train
O=C(c1ccc(-c2ccccc2)cc1)N(c1nccc2ccccc12)[C@@H]1CCCNC1,0.9234089,train
Cn1cc(-c2ccc(C(=O)N(c3nccc4ccccc34)[C@@H]3CCCNC3)cc2)cn1,0.63421756,test
O=C(c1ccc(-c2cnn3cccnc23)cc1)N(c1nccc2ccccc12)[C@@H]1CCCNC1,0.69948286,val
O=C(c1ccc(-n2nnc3cccnc32)cc1)N(c1nccc2ccccc12)[C@@H]1CCCNC1,0.6683915,val
O=C(c1ccc(-n2nnc3cccnc32)cc1)N(c1ncccc1Cl)[C@@H]1CCCNC1,0.42789388,train
Cc1ccc2nnn(-c3ccc(C(=O)N(c4ncccc4Cl)[C@@H]4CCCNC4)cc3)c2n1,0.5095838,train
Cc1cnc2c(c1)nnn2-c1ccc(C(=O)N(c2ncccc2Cl)[C@@H]2CCCNC2)cc1,0.57726586,train
O=C(c1ccc(-n2nnc3cccnc32)cn1)N(c1ncccc1Cl)[C@@H]1CCCNC1,0.6077887,train
O=C(c1ccc(-n2nnc3cccnc32)nc1)N(c1ncccc1Cl)[C@@H]1CCCNC1,0.3335268,test
Cc1cnc2c(c1)nnn2-c1ccc(C(=O)N(c2ncccc2Cl)[C@@H]2CCCNC2)nc1,0.73993236,train
CN(C)c1cncc(-c2ccc(C(=O)N(c3ncccc3Cl)[C@@H]3CCCNC3)cc2)n1,0.4943506,train
Cc1cncc(-c2ccc(C(=O)N(c3ncccc3Cl)[C@@H]3CCCNC3)cc2)n1,0.2771457,train
CNc1cncc(-c2ccc(C(=O)N(c3ncccc3Cl)[C@@H]3CCCNC3)cc2)n1,0.28871393,train
O=S(=O)(NCc1ccccc1)c1cccc(Nc2ccc3nccc(-c4ccncc4)c3n2)c1,0.115202405,test
O=C1S/C(=C\c2ccc3c(cnn3Cc3ccc(Cl)cc3C(F)(F)F)c2)C(=O)N1[C@@H]1CCNC[C@H]1F,0.14028612,train
CCc1cc2c(s1)CCN1Cc3ccccc3CC21,0.63051033,train
c1ccc(Cc2cc3c(s2)CCN2Cc4ccccc4CC32)cc1,0.7060776,train
COc1nc2ccc(Br)cc2cc1[C@@H](c1ccccc1)[C@@](O)(CCN(C)C)c1cccc2ccccc12,0.9871983,train
COc1nc2ccccc2cc1C(c1ccccc1)C(O)(CCN(C)C)c1cccc2ccccc12,0.998855,train
COc1nc2ccc(Cl)cc2cc1C(c1ccccc1)C(O)(CCN(C)C)c1cccc2ccccc12,0.9997694,train
COc1nc2ccc(C)cc2cc1C(c1ccccc1)C(O)(CCN(C)C)c1cccc2ccccc12,0.9992243,train
CC#Cc1ccc2nc(OC)c(C(c3ccccc3)C(O)(CCN(C)C)c3cccc4ccccc34)cc2c1,0.9994129,train
COc1nc2ccc(C=NO)cc2cc1C(c1ccccc1)C(O)(CCN(C)C)c1cccc2ccccc12,0.9953851,train
CO/N=C/c1ccc2nc(OC)c([C@@H](c3ccccc3)[C@](O)(CCN(C)C)c3cccc4ccccc34)cc2c1,0.9885904,train
COc1nc2ccc(CN(C)C)cc2cc1C(c1ccccc1)C(O)(CCN(C)C)c1cccc2ccccc12,0.99862695,train
COc1nc2ccc(CN)cc2cc1C(c1ccccc1)C(O)(CCN(C)C)c1cccc2ccccc12,0.99360526,train
COc1nc2ccc(CO)cc2cc1C(c1ccccc1)C(O)(CCN(C)C)c1cccc2ccccc12,0.9894967,train
COc1nc2ccc(CC(C)=O)cc2cc1C(c1ccccc1)C(O)(CCN(C)C)c1cccc2ccccc12,0.9988913,train
COc1nc2ccc(C(=O)N(C)C)cc2cc1C(c1ccccc1)C(O)(CCN(C)C)c1cccc2ccccc12,0.9938834,train
COc1nc2ccc(C(=O)O)cc2cc1C(c1ccccc1)C(O)(CCN(C)C)c1cccc2ccccc12,0.6848758,train
COC(=O)c1ccc2c(C(=Nc3ccc(N4C(=O)CC[C@@H]4CN4CCN(C)CC4)cc3)c3ccccc3)c(O)[nH]c2c1,0.9167573,train
COC(=O)c1ccc2c(C(=Nc3ccc(N4C(=O)CC[C@H]4CN4CCN(C)CC4)cc3)c3ccccc3)c(O)[nH]c2c1,0.93266416,train
COC(=O)c1ccc2c(C(=Nc3ccc(N(C)C(=O)CN4CCN(C)CC4)cc3)c3ccccc3)c(O)[nH]c2c1,0.95462793,val
C[C@]1(c2cc(NC(=O)c3ccc(C#N)cn3)ccc2F)N=C(N)CO[C@@H]1F,0.2930141,val
COCCNCCC(=O)N[C@H]1c2ccccc2C[C@@H]1NC(=O)c1cc2ccccc2n1C,0.48606145,train
CN(C)CCC(=O)N[C@H]1c2ccccc2C[C@@H]1NC(=O)c1cc2cc(F)c(F)cc2[nH]1,0.76140547,train
Cc1ccc2[nH]c(C(=O)N[C@H]3Cc4ccccc4[C@@H]3NC(=O)CCN(C)C)cc2c1,0.65120363,train
Cc1ccc2[nH]c(C(=O)N[C@@H]3Cc4ccccc4[C@H]3NC(=O)CCN(C)C)cc2c1,0.7720209,train
Cc1ccc2[nH]c(C(=O)N[C@H]3Cc4ccccc4[C@H]3NC(=O)CCN(C)C)cc2c1,0.69658506,train
Cc1ccc2[nH]c(C(=O)N[C@@H]3Cc4ccccc4[C@@H]3NC(=O)CCN(C)C)cc2c1,0.77536035,train
CN(C)CCNC(=O)C1c2ccccc2C[C@@H]1NC(=O)c1cc2ccccc2[nH]1,0.44386217,train
CN(C)CCNC(=O)C1c2ccccc2C[C@H]1NC(=O)c1cc2ccccc2[nH]1,0.3460753,train
CCC[C@@H](CCO)Nc1nc(N)nc2ccccc12,0.930429,train
CCCC[C@@H](CCO)Nc1nc(N)nc2ccccc12,0.95855,train
CCC[C@@H](CCO)Nc1nc(N)nc2cccc(C)c12,0.9598087,train
CCCC[C@@H](CCO)Nc1nc(N)nc2cccc(C)c12,0.9750838,train
CCC[C@@H](CCO)Nc1nc(N)nc2cccc(F)c12,0.9762098,train
CCC[C@@H](CCO)Nc1nc(N)nc2ccc(C)cc12,0.9508374,train
CCCC[C@@H](CCO)Nc1nc(N)nc2ccc(C)cc12,0.9696549,train
CCC[C@@H](CCO)Nc1nc(N)nc2ccc(F)cc12,0.9697409,train
CCCC[C@@H](CCO)Nc1nc(N)nc2ccc(F)cc12,0.9810265,train
CCCC[C@@H](CCO)Nc1nc(N)nc2ccc(OC)cc12,0.9507708,train
CCC[C@@H](CCO)Nc1nc(N)nc2cc(C)ccc12,0.94829714,train
CCCC[C@@H](CCO)Nc1nc(N)nc2cc(C)ccc12,0.9682072,train
CCC[C@@H](CCO)Nc1nc(N)nc2cc(F)ccc12,0.9743149,train
CCCC[C@@H](CCO)Nc1nc(N)nc2cc(F)ccc12,0.9837331,train
CCCC[C@@H](CCO)Nc1nc(N)nc2cc(OC)ccc12,0.95583534,train
CCCC[C@@H](CCO)Nc1nc(N)nc2c(F)cccc12,0.9485191,train
O=C(NC[C@@H]1[C@H]2CN(C(=O)/C=C/c3cc(Cl)cc(Cl)c3)C[C@@H]12)c1ccc2[nH]c(=O)oc2c1,0.8523788,train
O=C(NC[C@@H]1[C@H]2CN(C(=O)CCc3cc(Cl)cc(Cl)c3)C[C@@H]12)c1ccc2[nH]c(=O)oc2c1,0.96949166,test
O=C(NC[C@@H]1[C@H]2CN(C(=O)C3CC3c3cc(Cl)cc(Cl)c3)C[C@@H]12)c1ccc2[nH]c(=O)oc2c1,0.9712904,train
CC(OC(=O)N1C[C@@H]2[C@@H](CNC(=O)c3ccc4[nH]c(=O)oc4c3)[C@@H]2C1)c1cc(Cl)cc(Cl)c1,0.96823174,train
O=C(NC[C@@H]1[C@H]2CN(C(=O)OCc3cc(C(F)(F)F)cc(C(F)(F)F)c3)C[C@@H]12)c1ccc2[nH]c(=O)oc2c1,0.9826043,train
O[C@H]1CNCCC[C@@H]1n1c2ccc(C(F)(F)F)cc2c2cc(C(F)(F)F)ccc21,0.9755131,test
COc1ccc(C(=O)NC(C)c2cnn(C)n2)cc1S(=O)(=O)Nc1ccc(Cl)cc1,0.37715292,train
CN(C/C=C/C=C/c1ccc(C(F)(F)F)cc1F)Cc1ccc2c(c1)OCO2,0.9240639,train
CN(C/C=C/c1ccc(F)cc1C(F)(F)F)Cc1ccc2c(c1)OCO2,0.98064077,train
Cc1ccc(CN2CCC(N3CC[C@H](c4ccc(O)cc4)[C@H](F)C3)C2=O)cc1,0.52354866,train
O=C1C(N2CCC(c3ccc(O)cc3)CC2)CCN1Cc1ccc(F)cc1,0.8124401,train
Cc1ccc(CN2CCC(N3CCC(c4ccc(O)cc4)CC3)C2=O)cc1,0.70631677,train
Cc1ccc(CN2CCC(N3CC[C@@H](c4ccc(O)cc4)[C@H](F)C3)C2=O)cc1,0.45962125,train
Cn1cnc(S(=O)(=O)NCCOc2ccc3c(c2)[C@@H](Cc2ccccc2)[C@@H](N2CCC2)CC3)c1,0.8749078,val
O=S(=O)(CC1CC1)NCCOc1ccc2c(c1)[C@@H](Cc1ccccc1)[C@@H](N1CCC1)CC2,0.91187984,train
O=S(=O)(CC1CC1)NC1CN(c2ccc3c(c2)[C@@H](Cc2ccccc2)[C@@H](N2CCC2)CC3)C1,0.74435216,val
O=S(=O)(CC1CC1)NC1CN(c2ccc3c(c2)[C@@H](Cc2ccccc2)[C@@H](N2CCC2)CO3)C1,0.40458563,train
CCCS(=O)(=O)NC1CN(c2ccc3c(c2)[C@@H](Cc2ccccc2)[C@@H](N2CCC2)CC3)C1,0.88574123,train
CCCS(=O)(=O)NC1CCN(c2ccc3c(c2)[C@@H](Cc2ccccc2)[C@@H](N2CCC2)CC3)C1=O,0.8847551,train
COCc1ccc(-c2cc3c(cc2F)ncc2c3n([C@H]3CC[C@H](OC)CC3)c(=O)n2C)cn1,0.25245973,train
CO[C@H]1C[C@@H](n2c(=O)n(C)c3cnc4cc(F)c(-c5ccc(OCCCN(C)C)nc5F)cc4c32)C1,0.4510578,train
NC(=O)c1cnc2ccc(-c3cccnc3)cc2c1NC1CCOCC1,0.5962084,train
CO[C@H]1C[C@@H](n2c(=O)n(C)c3cnc4cc(F)c(-c5ccc(CS(C)(=O)=O)nc5)cc4c32)C1,0.28268257,train
CO[C@H]1C[C@@H](n2c(=O)n(C)c3cnc4cc(F)c(-c5ccc(CO)nc5)cc4c32)C1,0.050701324,train
CO[C@H]1C[C@@H](n2c(=O)n(C)c3cnc4cc(F)c(-c5ccc(NC(=O)CCCN(C)C)nc5)cc4c32)C1,0.21642746,train
CO[C@H]1C[C@@H](n2c(=O)n(C)c3cnc4cc(F)c(-c5ccc(N(C)CCN(C)C)nc5)cc4c32)C1,0.5088217,train
CO[C@H]1C[C@@H](n2c(=O)n(C)c3cnc4cc(F)c(-c5ccc(NCCN(C)C)nc5)cc4c32)C1,0.45608565,train
COCc1ccc(-c2cc3c(cc2F)ncc2c3n([C@@H](C)C3CCOCC3)c(=O)n2C)cn1,0.26062414,train
COCc1ccc(-c2cc3c(cc2F)ncc2c3n(C3CCOCC3)c(=O)n2C)cn1,0.11545056,train
COCc1ccc(-c2cc3c(cc2F)ncc2c3n([C@H]3C[C@@H](O)C3)c(=O)n2C)cn1,0.03492184,train
COCc1ccc(-c2cc3c(cc2F)ncc2c3n([C@H]3C[C@H](OC)C3)c(=O)n2C)cn1,0.60536736,train
COCc1ccc(-c2cc3c(cc2F)ncc2c3n([C@H]3C[C@@H](OC)C3)c(=O)n2C)cn1,0.14403929,train
Cn1c(=O)n(C2CCOCC2)c2c3cc(-c4cccnc4)ccc3ncc21,0.33702037,train
CO[C@H]1C[C@@H](n2c(=O)n(C)c3cnc4ccc(-c5ccc(OCCCN6CCCCC6)nc5)cc4c32)C1,0.84012836,test
Cn1c(=O)n([C@H]2CCCOC2)c2c3cc(-c4ccc(OCCCN5CCCCC5)nc4)c(F)cc3ncc21,0.7608321,test
CN(C)CCCOc1ccc(-c2ccc3ncc4c(c3c2)n([C@H]2CCCOC2)c(=O)n4C)cn1,0.36888018,val
NCCCCN(C[C@H]1Cc2ccccc2CN1)[C@H]1CCCc2cccnc21,0.97171134,test
CN(C[C@H]1Cc2c(cccc2N2CCNCC2)CN1)[C@H]1CCCc2cccnc21,0.77275074,test
C[C@@H]1CN(CC(=O)N2CC(C)(C)c3ncc(Cc4ccc(F)cc4)cc32)[C@@H](CN2CCOC[C@H]2C)CN1,0.57818455,train
C[C@@H]1CN(CC(=O)N2CC(C)(C)c3nc(CO)c(Cc4ccc(F)cc4)cc32)[C@@H](CN2CCOC[C@H]2C)CN1,0.13956162,train
O[C@H]1Cc2ccccc2C2(CCC(N3CCN(C4CCCCC4)CC3)CC2)O1,0.89004385,train
CCOC(=O)C[C@H]1Cc2ccccc2C2(CCC(N3CCN(C4CCCCC4)CC3)CC2)O1,0.9944141,train
FCC[C@@H]1Cc2ccccc2C2(CCC(N3CCN(C4CCCCC4)CC3)CC2)O1,0.993555,train
CCc1nn2c(C)cc(C)nc2c1Cc1ccc(-c2nnc(C3CCNCC3)o2)cc1,0.40147293,train
CCc1nn2c(C)cc(C)nc2c1Cc1ccc(/C=C/CN2CCNCC2=O)cc1,0.15522118,train
CCc1nn2c(C)cc(C)nc2c1Cc1ccc(CCC(=O)N2CCNCC2)cc1,0.49660042,val
CCc1nn2c(C)cc(C)nc2c1Cc1ccc(CCC(O)C2CCNCC2)cc1,0.9106996,train
CCc1nn2c(C)cc(C)nc2c1Cc1ccc(CCCC2(O)CCNCC2)cc1,0.7880431,train
CCc1nn2c(C)cc(C)nc2c1Cc1ccc(CCCC2(O)CCN(C(C)C)CC2)cc1,0.7938295,train
CCc1nn2c(C)cc(C)nc2c1Cc1ccc(CCCN2CCN(C(C)C)CC2)cc1,0.8641201,val
CCc1nn2c(C)cc(C)nc2c1Cc1ccc(/C=C/CN2CCN(C(C)C)CC2)cc1,0.7955266,val
CCc1nc2c(C)cc(C)nn2c1Cc1ccc(/C=C/CN2CCN(C(C)C)CC2)cc1,0.8835412,val
N#Cc1cc(S(=O)(=O)Nc2ncns2)ccc1Oc1ccc(-c2cccc(C(F)(F)F)c2)cc1-c1ccnc(CNCCC2CCNCC2)c1,0.9970849,val
CCN[C@@H]1CCC=C(c2ccc(F)cc2)[C@H]1COc1cc(F)c(S(=O)(=O)Nc2cscn2)cc1Cl,0.8580462,train
N[C@@H]1CCC=C(c2ccc(F)cc2)[C@H]1CNc1cc(F)c(S(=O)(=O)Nc2cscn2)cc1Cl,0.52047956,train
COc1ccc(CCN2CCC(Nc3nc4ccccc4n3Cc3ccc(F)cc3F)CC2)cc1,0.9993656,train
COc1ccc(CCN2CCC(Nc3nc4ccccc4[nH]3)CC2)cc1,0.9906686,train
CCCCCCn1c(NC2CCN(CCc3ccc(OC)cc3)CC2)nc2ccccc21,0.9990792,train
CCCCCCCCn1c(NC2CCN(CCc3ccc(OC)cc3)CC2)nc2ccccc21,0.99897695,train
CCCCCCCCCCn1c(NC2CCN(CCc3ccc(OC)cc3)CC2)nc2ccccc21,0.9990094,train
COc1ccc(CCN2CCC(Nc3nc4ccccc4n3CCC(C)C)CC2)cc1,0.99876,train
COc1ccc(CCN2CCC(Nc3nc4ccccc4n3CC3CCCCC3)CC2)cc1,0.9974612,test
CC(C)OCc1ccccc1CNC(=O)c1c2c(c(Cl)n1C)CC(C)(C)CC2,0.13499317,train
COc1nc2ccc(Br)cc2cc1[C@@H](c1cc(C)c(C)s1)[C@@](O)(CCN(C)C)c1cccc(F)c1,0.99229723,val
COc1nc2ccc(Br)cc2cc1[C@@H](c1ccc(N(C)C)nc1)[C@@](O)(CCN(C)C)c1cccc(F)c1,0.9631128,train
CCSc1ccc([C@H](c2cc3cc(Br)ccc3nc2OC)[C@@](O)(CCN(C)C)c2cccc(F)c2)cn1,0.99939585,train
COc1cc([C@H](c2cc3cc(Br)ccc3nc2OC)[C@@](O)(CCN(C)C)c2cccc(F)c2)cnc1OC,0.98288363,train
COc1nc2ccc(Br)cc2cc1[C@@H](c1ccnc(OC)c1OC)[C@@](O)(CCN(C)C)c1cccc(C)c1,0.9732517,train
N#Cc1ccc(Cn2ccc(NC(=O)Cc3ccc(C4(C(F)(F)F)CC4)cc3)n2)nc1,0.9861368,val
Cc1cc(C2C[C@H]3[C@@H](C)SC(=N)N[C@@]3(c3ccc(F)cc3F)CO2)on1,0.996259,train
Cc1cc(C2C[C@H]3[C@@H](CF)SC(=N)N[C@@]3(c3ccc(F)cc3F)CO2)on1,0.8317462,train
C[C@H]1C[C@H]2CSC(=N)N[C@@]2(c2ccc(F)cc2F)CO1,0.7626821,train
C[C@H]1C[C@H]2CSC(=N)N[C@@]2(c2ccccc2C(F)(F)F)CO1,0.5554121,train
C[C@H]1C[C@H]2CSC(=N)N[C@@]2(c2ccccc2)CO1,0.2185336,train
COc1ccccc1[C@]12CO[C@@H](C)C[C@H]1CSC(=N)N2,0.18354471,train
C[C@H]1C[C@H]2CSC(=N)N[C@@]2(c2ccsc2)CO1,0.16162477,train
COc1ccc(C(=O)Nc2csc([C@]34CO[C@@H](C)C[C@H]3CSC(=N)N4)n2)cc1,0.17354958,test
COc1ccc(C(=O)Nc2csc([C@]34CO[C@@H](C)C[C@H]3CSC(=N)N4)n2)nc1,0.15211785,train
C[C@H]1C[C@H]2CSC(=N)N[C@@]2(c2nc(NC(=O)c3ccc(F)cn3)cs2)CO1,0.17925514,train
Cc1cc(F)cnc1C(=O)Nc1csc([C@]23CO[C@@H](C)C[C@H]2CSC(=N)N3)n1,0.26484558,train
C[C@H]1C[C@H]2CSC(=N)N[C@@]2(c2nc(NC(=O)c3ccc(C(F)(F)F)cn3)cs2)CO1,0.21538517,train
C[C@H]1C[C@H]2CSC(=N)N[C@@]2(c2nc(NC(=O)c3ccc(OC(F)(F)F)cn3)cs2)CO1,0.70278037,train
C[C@H]1C[C@H]2CSC(=N)N[C@@]2(c2nc(NC(=O)c3ccc(C#N)cn3)cs2)CO1,0.4549066,train
COc1cnc(C(=O)Nc2csc([C@]34CO[C@@H](C)C[C@H]3CSC(=N)N4)n2)cn1,0.18827954,train
C[C@H]1C[C@H]2CSC(=N)N[C@@]2(c2nc(NC(=O)c3cnc(OC(F)F)cn3)cs2)CO1,0.48024377,train
C[C@H]1C[C@H]2CSC(=N)N[C@@]2(c2nc(NC(=O)c3ccn(C(F)F)n3)cs2)CO1,0.1640868,test
COc1cccc(NC(=O)c2cnc([C@]34CO[C@@H](C)C[C@H]3CSC(=N)N4)s2)c1,0.105732076,test
COc1cccc(NC(=O)c2cnc([C@]34CO[C@@H](C)C[C@H]3CSC(=N)N4)s2)n1,0.11690866,val
CCN(CC)CCNC(=O)c1ccnc(-c2cnn3ccc(-c4cccs4)nc23)c1,0.84868765,train
CCN(CC)[C@@H](C)CNC(=O)c1ccnc(-c2cnn3ccc(-c4cccs4)nc23)c1,0.994662,train
CCc1cc(C(=O)NC[C@H](C)N(CC)CC)cc(-c2cnn3ccc(-c4cccs4)nc23)n1,0.9967894,train
CCN(CC)[C@@H](C)CNC(=O)c1cc(-c2cnn3ccc(-c4cccs4)nc23)nc(N2CC(OC)C2)c1,0.9986089,test
COc1ccccc1CCN1CCC(CCc2ccccc2OCCF)CC1,0.99934894,train
FCCOc1ccccc1CCC1CCN(CCc2ccccc2)CC1,0.99900526,train
COc1ccc(CCN2CCC(CCc3cccc(OCCF)c3)CC2)cc1,0.99936074,train
COc1ccccc1CCN1CCC(CCc2cccc(OCCF)c2)CC1,0.9994282,train
FCCOc1cccc(CCC2CCN(CCc3ccccc3)CC2)c1,0.99912506,train
COc1ccc(CCN2CCC(CCc3ccccc3OCCF)CC2)cc1,0.99927026,train
FCCOc1ccccc1CCC1CCN(CCc2ccccc2Cl)CC1,0.9991035,train
FCCOc1ccccc1CCC1CCN(CCc2ccc(F)cc2)CC1,0.99955446,train
FCCOc1ccc(CCC2CCN(CCc3ccccc3Cl)CC2)cc1,0.99923134,train
FCCOc1ccc(CCN2CCC(CCc3ccccc3)CC2)cc1,0.9991003,train
FCCOc1cccc(CCN2CCC(CCc3ccccc3)CC2)c1,0.9989926,train
FCCOc1ccccc1CCN1CCN(CCc2ccccc2)CC1,0.99683976,train
FCCOc1cccc(CCN2CCN(CCc3ccccc3)CC2)c1,0.9966583,train
FCCOc1ccc(CCN2CCN(CCc3ccccc3)CC2)cc1,0.99701834,train
FCCOc1ccccc1CCN1CCN(CCc2ccccc2Cl)CC1,0.9971578,train
FCCOc1ccccc1CCN1CCN(CCc2ccc(F)cc2)CC1,0.998606,train
FCCOc1ccc(CCN2CCN(CCc3ccccc3Cl)CC2)cc1,0.99731797,train
CCN1CCN(Cc2ccc(Nc3ncc(F)c(-c4cc(F)c5nc(C)n(C(C)C)c5c4)n3)nc2)CC1,0.72768044,test
CCN1CCN(Cc2ccc(Nc3ncc(F)c(-c4cc(F)c5nc6n(c5c4)C(C)(C)CC6)n3)nc2)CC1,0.6347889,val
COCCCN1CCC(c2nnc(-c3cccc4cc(C(C)C)nn34)o2)CC1,0.47567195,test
CC(C)c1cc2cccc(-c3nnc(C4CCN(CC5CCOCC5)CC4)o3)n2n1,0.3621228,test
NC(=O)c1ccc(-c2cc(C(=O)O)cc(-n3cc(-c4ccc(C(F)(F)F)cc4)nn3)c2)cc1,0.3460804,train
CS(=O)(=O)N1CCN(C(=O)c2cnc3ccc(F)cc3c2N2CCC(C#N)(c3ccccc3)CC2)CC1,0.032387026,val
CS(=O)(=O)N1CCN(C(=O)c2cnc3ccc(F)cc3c2-c2ccc(C3(C#N)CC3)cc2)CC1,0.12465501,train
O=C(NC[C@@H](Cc1ccccc1)N1CCC(O)(C(F)(F)F)CC1)C1(c2ccc(Cl)cc2)CCCC1,0.6441285,test
O=C1CN(c2ccncc2)CCN1CCCCCOc1ccc(-c2ccc(Cl)cc2)cc1,0.9246045,train
CCO/N=C/c1ccc(OCCCCCN2CCN(c3ccnc(N)c3)S2(=O)=O)cc1,0.9873854,test
O=C1N(CCCCC2CCc3cc(-c4ccc(Cl)cc4)ccc3O2)CCN1c1ccncc1,0.99086845,train
CCO/N=C1\CCc2cc(OCCCCCN3CCN(c4ccnc(N)c4)S3(=O)=O)ccc21,0.96798843,train
CCO/N=C/c1ccc(OCCC(C)CCN2CCN(c3ccnc(N)c3)C2=O)cc1,0.9834536,train
CC1=C[C@@](CF)(c2cc(NC(=O)c3ccc(C#N)cn3)ccc2F)N=C(N)O1,0.90122813,val
C[C@@]1(c2cc(NC(=O)c3ccc(C#N)cn3)ccc2F)C=C(CF)OC(=N)N1,0.59562296,val
Cc1cc(-n2cc3c(n2)CN(C(=O)c2cc(C#N)ccc2O[C@@H](C)C(F)(F)F)C3)ccn1,0.8512937,train
Cc1cc(-n2cc3c(n2)CN(C(=O)c2cc(C#N)ccc2OC(C)C)C3)ccn1,0.8865937,train
Cc1cc(-n2cc3c(n2)CN(C(=O)c2cc(C#N)ccc2N2CCC(F)(F)CC2)C3)ccn1,0.7493081,val
N#Cc1ccc(-c2cccc(F)c2)c(C(=O)N2Cc3cn(-c4cncc(F)c4)nc3C2)c1,0.98648524,val
Cc1cc(-n2cc3c(n2)CN(C(=O)c2cc(C#N)ccc2-c2cccc(F)c2)C3)ccn1,0.96911466,train
CS(=O)(=O)c1ccc(-c2cccc(F)c2)c(C(=O)N2Cc3cn(-c4ccccc4F)nc3C2)c1,0.9835947,train
CS(=O)(=O)c1ccc(N2CCC(F)(F)CC2)c(C(=O)N2Cc3cn(-c4cncc(F)c4)nc3C2)c1,0.7077823,val
CS(=O)(=O)c1ccc(N2CCC(F)(F)CC2)c(C(=O)N2Cc3cn(-c4ccccc4F)nc3C2)c1,0.83051765,test
CS(=O)(=O)c1ccc(OCC2CC2)c(C(=O)N2Cc3cn(-c4ccccc4F)nc3C2)c1,0.9789163,train
CC(C)(C)Oc1ccc(S(C)(=O)=O)cc1C(=O)N1Cc2cn(-c3ccccc3F)nc2C1,0.35965058,train
Cn1cc(-c2ccc(OC3CCN(C(=O)Nc4ccc(OC(F)(F)F)cc4)CC3)c(C(N)=O)c2)cn1,0.9821568,test
Cn1cc(-c2ccc(OC3CCN(C(=O)Cc4ccc(OC(F)(F)F)cc4)CC3)c(C(N)=O)c2)cn1,0.970508,val
Cn1cnc(-c2ccc(OC3CCN(C(=O)Cc4ccc(OC(F)(F)F)cc4)CC3)c(C(N)=O)c2)c1,0.97763526,train
Cn1cc(-c2ccc(OC3CCN(C(=O)Cc4ccc(OC(F)(F)F)cc4)CC3)c(C(N)=O)n2)cn1,0.7984416,test
Cn1cc(-c2ccc(O[C@@H]3CCN(C(=O)Cc4ccc(OC(F)(F)F)cc4)C3)c(C(N)=O)n2)cn1,0.57687396,val
CNC(=O)c1cnc(N)c(O[C@H]2CN(C(=O)Cc3ccc(OC(F)(F)F)cc3)CC2(F)F)c1,0.0831159,train
CCNC(=O)c1cnc(N)c(O[C@H]2CN(C(=O)Cc3ccc(OC(F)(F)F)cc3)CC2(F)F)c1,0.15320404,train
CC(C(=O)N1CCC(Oc2ccc(-c3cn(C)cn3)cc2C(N)=O)CC1)c1ccc(OC(F)(F)F)cc1,0.98019433,train
Cn1cnc(-c2cnc(OC3CCN(C(=O)Cc4ccc(OC(F)(F)F)cc4)CC3)c(C(N)=O)c2)c1,0.95212555,train
Cn1cnc(-c2cnc(O[C@@H]3CCN(C(=O)Cc4ccc(OC(F)(F)F)cc4)C[C@H]3F)c(C(N)=O)c2)c1,0.60692245,train
Cn1cnc(-c2cnc(O[C@H]3CCN(C(=O)Cc4ccc(OC(F)(F)F)cc4)C[C@@H]3F)c(C(N)=O)c2)c1,0.4555543,train
Cn1cnc(-c2cnc(O[C@@H]3CCN(C(=O)Cc4ccc(OC(F)(F)F)cc4)C[C@@H]3F)c(C(N)=O)c2)c1,0.6699918,train
Cn1cnc(-c2cnc(O[C@H]3CCN(C(=O)Cc4ccc(OC(F)(F)F)cc4)C[C@H]3F)c(C(N)=O)c2)c1,0.45991194,train
CC(C)(O)COc1ccc(C(N)=O)c(O[C@@H]2CCN(C(=O)Cc3ccc(OC(F)(F)F)cc3)C[C@H]2F)c1,0.06191014,train
CC(C)(O)COc1ccc(C(N)=O)c(O[C@H]2CCN(C(=O)Cc3ccc(OC(F)(F)F)cc3)C[C@@H]2F)c1,0.046770006,train
CC(C)(O)COc1ccc(C(N)=O)c(O[C@@H]2CCN(C(=O)Cc3ccc(OC(F)(F)F)cc3)C[C@@H]2F)c1,0.07784165,train
CC(C)(O)COc1ccc(C(N)=O)c(O[C@H]2CCN(C(=O)Cc3ccc(OC(F)(F)F)cc3)C[C@H]2F)c1,0.048038885,train
CC(C)(CO)Oc1ccc(C(N)=O)c(O[C@@H]2CCN(C(=O)Cc3ccc(OC(F)(F)F)cc3)C[C@@H]2F)c1,0.144586,train
Cn1cnc(-c2cnc(N)c(O[C@H]3CN(C(=O)Cc4ccc(OC(F)(F)F)cc4)C[C@@H]3F)c2)c1,0.24513735,train
Cn1cnc(-c2cnc(N)c(O[C@@H]3CN(C(=O)Cc4ccc(OC(F)(F)F)cc4)C[C@H]3F)c2)c1,0.20787513,train
Cn1cnc(-c2cnc(N)c(O[C@@H]3CN(C(=O)Cc4ccc(OC(F)(F)F)cc4)CC3(F)F)c2)c1,0.1832932,train
Cn1cnc(-c2cnc(N)c(O[C@H]3CN(C(=O)Cc4ccc(OC(F)(F)F)cc4)CC3(F)F)c2)c1,0.32939717,train
Cc1ccc(NC(=O)N2CCN(c3nc(N)nc4sc(-c5cccnc5)nc34)CC2)cc1,0.84214634,train
COc1ccc(NC(=O)N2CCN(c3nc(N)nc4scnc34)CC2)cc1,0.3115458,train
COc1ccc(NC(=O)N2CCN(c3nc(N)nc4sc(-c5cccnc5)nc34)CC2)cc1,0.7237462,train
COc1ccc(NC(=O)N2CCN(c3nc(N)nc4sc(-c5ccccc5)nc34)CC2)cc1,0.7908486,train
COc1ccc(NC(=O)N2CCN(c3nc(N)nc4scnc34)[C@@H](C)C2)cc1,0.25232515,train
COc1ccc(NC(=O)N2CCN(c3nc(N)nc4sccc34)[C@@H](C)C2)c(C)c1,0.77850616,test
COc1ccc(NC(=O)N2CCN(c3nc(N)nc4sncc34)[C@@H](C)C2)c(C)c1,0.87394786,train
O=c1c2cc(Cc3cccnc3)c3ccccc3c2ncn1[C@H]1CCCC[C@@H]1O,0.10859197,train
Cc1ccc(Cc2cc3c(=O)n([C@H]4CCCC[C@@H]4O)cnc3c3ccccc23)cn1,0.1706037,train
O=c1c2cc(Cc3ccc(Cl)nc3)c3ccccc3c2ncn1[C@H]1CCCC[C@@H]1O,0.42201585,train
COc1ccc(Cc2cc3c(=O)n([C@H]4CCCC[C@@H]4O)cnc3c3ccccc23)cn1,0.66980976,train
CSc1ccc(Cc2cc3c(=O)n([C@H]4CCCC[C@@H]4O)cnc3c3ccccc23)cn1,0.84444225,train
C[C@H](Nc1c(C(N)=O)nnc2ccc(-c3ccc(OCCCN(C)C)nc3)cc12)C1CCOCC1,0.29108885,train
CNC(=O)c1nnc2ccc(-c3ccc(OCCCN(C)C)nc3)cc2c1N[C@@H](C)C1CCOCC1,0.312197,train
O=C(Nc1ccc(OC(F)(F)F)cc1)c1cccc(CN2CCOCC2)c1,0.9023434,train
O=C(Nc1ccc(OC(F)(F)F)cc1)c1cnc(N2CC[C@H](O)C2)c(-c2cncnc2)c1,0.6157711,train
COc1ccc(C(=O)Nc2ccc(OC(F)(F)F)cc2)cc1-c1cncnc1,0.8704449,val
O=C(Nc1ccc(OC(F)(F)F)cc1)c1ccc(OCCN2CCCC2)c(-c2cncnc2)c1,0.9433304,test
O=C(Nc1ccc(OC(F)(F)F)cc1)c1cnc(NCCCO)c(-c2cncnc2)c1,0.53267944,test
CN1CCN(c2ncc(C(=O)Nc3ccc(OC(F)(F)F)cc3)cc2-c2cncnc2)CC1,0.8371194,train
O=C(Nc1ccc(OC(F)(F)F)cc1)c1cnc(N2CC[C@@H](O)C2)c(-c2cncnc2)c1,0.58197534,train
O=C(Nc1ccc(SC(F)(F)F)cc1)c1cnc(N2CC[C@@H](O)C2)c(-c2cncnc2)c1,0.8533463,train
O=C(Nc1ccc(OC(F)(F)Cl)cc1)c1cnc(N2CC[C@@H](O)C2)c(-c2cncnc2)c1,0.7328963,train
O=C(Nc1ccc(OC(F)(F)Cl)cc1)c1cnc(N2CC[C@@H](O)C2)c(-c2cc[nH]n2)c1,0.9024351,test
COc1cncc(NC(C(=O)c2c[nH]c3ccccc23)c2ccccc2)c1,0.48789084,val
Cc1c[nH]c2ncnc(O[C@H]3CC[C@H](N4CCO[C@@H](C)C4)CC3)c12,0.5756828,test
Cn1cc(Nc2nc(N)nc(-c3cccc(-n4ccc5cc(C6CC6)cc(F)c5c4=O)c3CO)n2)cn1,0.35076985,val
Nc1nc(Nc2cnn(C3CC3)c2)nc(-c2cccc(-n3ccc4cc(C5CC5)cc(F)c4c3=O)c2CO)n1,0.4972709,val
CC(C1CC1)n1cc(Nc2nc(N)nc(-c3cccc(-n4ccc5cc(C6CC6)cc(F)c5c4=O)c3CO)n2)cn1,0.70198834,train
Cn1cc(Nc2nc(N)nc(-c3cccc(-n4ccc5cc(C6CC6)cc(F)c5c4=O)c3CO)n2)cc1C#N,0.7757448,train
CCn1cc(Nc2nc(N)nc(-c3cccc(-n4ccc5cc(C6CC6)cc(F)c5c4=O)c3CO)n2)cc1C#N,0.8147733,train
CC(C)n1cc(Nc2nc(N)nc(-c3cccc(-n4ccc5cc(C6CC6)cc(F)c5c4=O)c3CO)n2)cc1C#N,0.49527252,train
N#Cc1cc(Nc2nc(N)nc(-c3cccc(-n4ccc5cc(C6CC6)cc(F)c5c4=O)c3CO)n2)cn1C1CC1,0.5473389,train
CN(c1ncnc2[nH]ccc12)[C@@H]1CCN(C(=O)CC#N)C1,0.17275357,test
O=C(Nc1nc2cccc(-c3ccc(CN4CCS(=O)(=O)CC4)cc3)n2n1)C1CC1,0.1331446,train
COc1cc2ccc(Br)cc2cc1[C@@H](c1ccccc1)[C@@](O)(CCN(C)C)c1cccc2ccsc12,0.992592,train
COc1cc2ccc(Br)cc2cc1[C@@H](c1ccccc1)[C@@](O)(CCN(C)C)c1cccc2c1CCC2,0.9823084,train
COc1cc2ccc(C#N)cc2cc1[C@@H](c1cccc(OC)c1OC)[C@@](O)(CCN(C)C)c1cccc2c1CCC2,0.98768383,train
COc1cc2ccc(Br)cc2cc1[C@@H](c1cccc(OC)c1F)[C@@](O)(CCN(C)C)c1cccc2c1CCC2,0.9700496,train
COc1cc2ccc(Br)cc2cc1[C@@H](c1ccccc1)[C@@](O)(CCN(C)C)c1cccc2ccoc12,0.9819719,train
COc1cc2ccc(C#N)cc2cc1[C@@H](c1cccc(F)c1)[C@@](O)(CCN(C)C)c1cccc2ccoc12,0.98447824,train
COc1cc2ccc(Br)cc2cc1[C@@H](c1cnc(OC)c(OC)c1)[C@@](O)(CCN(C)C)c1cccc2ccoc12,0.96904343,val
COc1cc2ccc(Br)cc2cc1[C@@H](c1ccnc(OC)c1OC)[C@@](O)(CCN(C)C)c1cccc2ccoc12,0.9811039,train
CCOc1cc([C@H](c2cc3cc(C#N)ccc3cc2OC)[C@@](O)(CCN(C)C)c2cccc3ccoc23)cc(OCC)n1,0.97611135,train
CCOc1cc([C@H](c2cc3cc(Br)ccc3cc2OC)[C@@](O)(CCN(C)C)c2cccc3ccoc23)cc(OC)n1,0.98948634,train
COc1cc2ccc(Br)cc2cc1[C@@H](c1ccccc1)[C@@](O)(CCN(C)C)c1ccc2occc2c1,0.98271346,train
COc1cc2ccc(Br)cc2cc1[C@@H](c1ccnc(OC)c1OC)[C@@](O)(CCN(C)C)c1ccc2occc2c1,0.9823256,test
COc1cc2ccc(Br)cc2cc1[C@@H](c1ccnc(OC)c1OC)[C@@](O)(CCN(C)C)c1cccc2occc12,0.98059803,test
COc1cc2ccc(C#N)cc2cc1[C@@H](c1cccc(F)c1)[C@@](O)(CCN(C)C)c1cc2ccccc2o1,0.98023856,train
COc1cc2ccc(Br)cc2cc1[C@@H](c1ccnc(OC)c1OC)[C@@](O)(CCN(C)C)c1cc2ccccc2o1,0.97555065,val
COc1cc2ccc(Br)cc2cc1[C@@H](c1ccccc1)[C@@](O)(CCN(C)C)c1cccc2c1CCN2C,0.97551686,val
COc1cc2ccc(Br)cc2cc1[C@@H](c1cccc(C)c1)[C@@](O)(CCN(C)C)c1cccc2c1OCO2,0.98633,train
COc1cc2ccc(C#N)cc2cc1[C@@H](c1cccc(C)c1)[C@@](O)(CCN(C)C)c1cccc2c1OCO2,0.97445345,train
C[C@@H]1c2[nH]ncc2CN1C1=NC(NCc2c(F)cccc2C(F)(F)F)c2cccc(C(N)=O)c2N1,0.8315882,train
Cc1[nH]nc2c1CN(C1=NC(NCc3c(F)cccc3C(F)(F)F)c3cccc(C(N)=O)c3N1)C2,0.55119807,train
N#Cc1cnccc1COc1cnc(N2CCN(c3nnc(C(F)(F)F)o3)CC2)nc1,0.45059443,train
N#Cc1cnccc1COc1cnc(N2CCN(c3nc(C(F)(F)F)no3)CC2)nc1,0.71612287,train
N#Cc1cnccc1COc1cnc(N2CCN(c3noc(C(F)(F)F)n3)CC2)nc1,0.9366895,train
COc1ccc(-n2cc(Cn3ccc4nc(-c5ccccc5F)nc-4c3)nn2)cc1,0.9990809,train
COc1ccc2nccc(CCN3CCC(NCc4ccc(Cl)c(Cl)c4)CC3)c2c1,0.9851644,test
COc1ccc2nccc(CCN3CCC(NCc4ccc5c(n4)NC(=O)CO5)CC3)c2c1,0.6959331,val
COc1ccc2nccc(CCN3CCC(NCc4cc5c(cn4)OCCO5)CC3)c2c1,0.61872333,train
COc1ccc2nccc(CCN3CCC(NCc4ccc5c(c4)OCCO5)CC3)c2c1,0.8799341,train
COc1ccc2nccc(CC[C@H]3CC[C@H](NCc4ccc(Cl)c(Cl)c4)CC3)c2c1,0.9913087,test
COc1ccc2nccc(CC[C@H]3CC[C@H](NCc4ccc5c(n4)NC(=O)CO5)CC3)c2c1,0.83247656,train
COc1ccc2nccc(CC[C@H]3CC[C@H](NCc4cc5c(cn4)OCCO5)CC3)c2c1,0.72576976,train
COc1ccc2nccc(CC[C@H]3CC[C@H](NCc4ccc5c(c4)OCCO5)CC3)c2c1,0.94423616,test
COc1ccc2nccc(CC[C@H]3OC[C@H](NCc4ccc(Cl)cc4)CO3)c2c1,0.99762124,train
COc1ccc2nccc(CC[C@H]3OC[C@H](NCc4ccc(Cl)c(Cl)c4)CO3)c2c1,0.9934094,train
COc1ccc2nccc(CC[C@H]3OC[C@H](NCc4ccc5c(n4)NC(=O)CO5)CO3)c2c1,0.9040442,val
COc1ccc2nccc(CC[C@H]3OC[C@H](NCc4ccc5c(n4)NC(=O)CS5)CO3)c2c1,0.89735466,val
COc1ccc2nccc(CC[C@H]3OC[C@H](NCc4cc5c(cn4)OCCC5)CO3)c2c1,0.90966374,val
COc1ccc2nccc(CC[C@H]3OC[C@H](NCc4cc5c(cn4)OCCO5)CO3)c2c1,0.8191027,val
COc1ccc2nccc(CC[C@H]3OC[C@H](NCc4ccc5c(c4)OCCO5)CO3)c2c1,0.9612183,train
COc1cc(OC)cc(C(=O)N[C@H]2CC[C@H](Nc3nc(C)cc(N(C)C)n3)CC2)c1,0.70277345,val
COc1cc(Nc2nc(C)cc(N(C)C)n2)ccc1F,0.7742451,val
C=CC(=O)N1CCC[C@@H](n2nc(-c3ccc(Oc4ccccc4)cc3)c3c(N)ncnc32)C1,0.9805289,test
C=CC(=O)N1C[C@@H]2C[C@H]1CN2c1ccc(C(N)=O)c(Oc2ccc(Oc3ccccc3)cc2)n1,0.97845024,train
CC(C)Cc1ccc2ncccc2c1NS(=O)(=O)c1ccc(CCCN2CCN3CCC[C@@H]3C2)cc1,0.99692875,test
CC(C)Cc1ccc2ncccc2c1NS(=O)(=O)c1ccc(CCCO[C@@H]2C[C@H]3CC[C@@H](C2)N3C)cc1,0.9991478,val
CC(C)Cc1ccc2nn(C)cc2c1NS(=O)(=O)c1ccc(CCCCC2CCN(C)CC2)cc1,0.9877885,train
CC(C)Cc1ccc2nn(C)cc2c1NS(=O)(=O)c1ccc(CCCOC[C@@H]2CCCN2C)cc1,0.99523586,test
CC(C)Cc1ccc2nn(C)cc2c1NS(=O)(=O)c1ccc(CCCO[C@@H]2C[C@H]3CC[C@@H](C2)N3C)cc1,0.9985292,test
CC(C)Cc1ccc2nn(C)cc2c1NS(=O)(=O)c1ccc(CCCOC[C@H]2COCCN2C)cc1,0.96426964,train
CC(C)Cc1ccc2nn(C)cc2c1NS(=O)(=O)c1ccc(CCCOC[C@@H]2CN(C)CCO2)cc1,0.98587984,train
CC(C)Cc1ccc2nn(C)cc2c1NS(=O)(=O)c1ccc(CCCOC[C@H]2CN(C)CCO2)cc1,0.9640675,train
CC(C)Cc1ccc2nn(C)cc2c1N(C(F)F)S(=O)(=O)c1ccc(CCCCC2CCN(C)CC2)cc1,0.9977876,train
O=C(O)C[C@H](CN1CC[C@@H](CCc2ccc3c(n2)NCCC3)C1)c1cccc(Br)c1,0.49770236,val
O=C(O)C[C@H](CN1CC[C@@H](CCc2ccc3c(n2)NCCC3)C1)c1cccc(C2CC2)c1,0.4449893,train
Cc1ccn(-c2cccc([C@H](CC(=O)O)CN3CC[C@@H](CCc4ccc5c(n4)NCCC5)C3)c2)n1,0.38717976,train
Cc1cnn(-c2cccc([C@H](CC(=O)O)CN3CC[C@@H](CCc4ccc5c(n4)NCCC5)C3)c2)c1,0.5061508,train
Cc1cc(C)n(-c2cccc([C@H](CC(=O)O)CN3CC[C@@H](CCc4ccc5c(n4)NCCC5)C3)c2)n1,0.3211272,train
Cc1cnn(C)c1-c1cccc([C@H](CC(=O)O)CN2CC[C@@H](CCc3ccc4c(n3)NCCC4)C2)c1,0.09547225,train
O=C(O)C[C@H](CN1CC[C@@H](CCc2ccc3c(n2)NCCC3)C1)c1cccc(O[C@H]2CCOC2)c1,0.08191427,train
O=C(O)C[C@H](CN1CC[C@@H](CCc2ccc3c(n2)NCCC3)C1)c1cccc(O[C@@H]2CCOC2)c1,0.12024265,train
O=C(O)C[C@H](CN1CC[C@@H](CCc2ccc3c(n2)NCCC3)C1)c1cccc(C2CCOC2)c1,0.1639348,val
O=C(O)C[C@H](CN1CC[C@@H](CCc2ccc3c(n2)NCCC3)C1)c1cccc(-n2cccn2)c1,0.4204424,train
Cc1ccnn1-c1cccc([C@H](CC(=O)O)CN2CC[C@@H](CCc3ccc4c(n3)NCCC4)C2)c1,0.30292892,train
Cc1cc(-c2cccc([C@H](CC(=O)O)CN3CC[C@@H](CCc4ccc5c(n4)NCCC5)C3)c2)[nH]n1,0.25516927,train
O=C(O)C[C@H](CN1CC[C@@H](CCc2ccc3c(n2)NCCC3)C1)c1cccc(OC2CCOCC2)c1,0.14307547,val
Cc1nnc(C(C)C)n1[C@@H]1C[C@H]2CC[C@@H](C1)N2CC[C@H](NC(=O)C1CCC(F)(F)CC1)c1cccs1,0.9999639,train
Cc1ccc([C@H](CCN2[C@@H]3CC[C@H]2C[C@H](n2c(C)nnc2C(C)C)C3)NC(=O)C2CCC(F)(F)CC2)s1,0.9999647,train
Cc1nnc(C(C)C)n1[C@@H]1C[C@H]2CC[C@@H](C1)N2CC[C@H](NC(=O)C1CCCCC1)c1cccs1,0.99992,train
Cc1nnc(C(C)C)n1[C@@H]1C[C@H]2CC[C@@H](C1)N2CC[C@H](NC(=O)C1CCCC1)c1cccs1,0.99991596,train
Cc1cn(-c2ccc3n(c2=O)CCN(C[C@@]24C[C@@H]2C(C)(C)Oc2ccc(C(F)(F)F)cc24)C3=O)cn1,0.062464524,test
Fc1ccc(N2CCN(CCCc3c[nH]c4ccc(F)cc34)CC2)c(-c2ccccc2)c1,0.998495,test
Oc1c2c(c(O)n1CCCCN1CCN(c3cccc4sccc34)CC1)[C@H]1CC[C@@H]2C1,0.986629,train
Oc1c2c(c(O)n1CCCCN1CCN(c3cccc4sccc34)CC1)[C@H]1C=C[C@@H]2C1,0.98922205,train
CCC1(C)CC(=O)N(CCCCN2CCN(c3cccc4sccc34)CC2)C(=O)C1,0.9649115,test
O=C1CC2(CCCC2)CC(=O)N1CCCCN1CCN(c2cccc3sccc23)CC1,0.98547935,train
Cc1c(CN2CCOCC2)cc(-c2ccc(C(C)C)cc2)n1-c1ccc(F)cn1,0.8734372,train
Cc1c(CN2CCOCC2)cc(-c2ccc(C(C)C)cc2)n1Cc1ccc(F)cc1,0.97356737,train
Cc1c(CN2CCOCC2)cc(-c2ccc(C(C)C)cc2)n1C(C)C,0.5201921,train
Cc1c(CN2CCOCC2)cc(-c2ccc(C(C)C)cc2)n1CC(C)C,0.6355403,train
Cc1c(CN2CCOCC2)cc(-c2ccc(C(C)C)cc2)n1C1CC1,0.5563486,test
Cc1c(CN2CCOCC2)cc(-c2ccc(C(C)C)cc2)n1C1CCC1,0.7390429,train
Cc1c(CN2CCOCC2)cc(-c2ccc(C(C)C)cc2)n1C1CCCCC1,0.8402376,val
Cc1c(CN2CCOCC2)cc(-c2ccc(C(C)C)cc2)n1C1CCCOC1,0.32197717,test
Cc1c(CN2CCOCC2)cc(-c2ccc(C(C)C)cc2)n1-c1ccc(F)cc1,0.94687724,train
CN(C/C=C/C=C/C=C/c1ccc(C(F)(F)F)cc1)Cc1ccc2c(c1)OCCO2,0.76012033,val
CN(C/C=C/C=C/c1ccc(C(F)(F)F)cc1)Cc1ccc2c(c1)OCCO2,0.8408236,train
CN(C/C=C/c1ccc(C(F)(F)F)cc1)Cc1ccc2c(c1)OCCO2,0.90060234,train
Cc1ccc(/C=C/CN(C)Cc2ccc3c(c2)OCCO3)cc1,0.59509575,train
O=C(NCc1ccc(OC(F)(F)F)c(Cl)c1)c1ccc(S(=O)(=O)Nc2nccs2)c(F)c1,0.5134911,val
Cc1cc(-c2ccc3c(c2)CC[C@H]3N2CCC(N(C)C(=O)N[C@@H](C)c3ccc(C#CC4CC4)c(Cl)c3Cl)CC2)ncn1,0.99136144,val
COc1ccccc1-n1nc(C2CC(C)(C)OC(C)(C)C2)cc1-c1ccc(Cl)cc1,0.990473,val
COc1ccccc1-n1nc(C2CC(C)(C)OC(C)(C)C2)cc1-c1csc(Cl)c1,0.99088013,test
CN(c1ccc(-c2cc3ccccc3s2)nn1)C1CC(C)(C)NC(C)(C)C1,0.9821124,train
CC1(C)CC(Nc2ccc(-c3cc4ccccc4s3)nn2)CC(C)(C)N1,0.98189247,train
CC1(C)CC(Nc2ccc(-c3ccc4ccccc4c3)nn2)CC(C)(C)N1,0.962743,train
CN(c1ccc(-c2ccc(F)cc2O)nn1)C1CC(C)(C)NC(C)(C)C1,0.8399878,train
CN(c1ccc(-c2cc3ccccc3cc2O)nn1)C1CC(C)(C)NC(C)(C)C1,0.8704193,train
CN(c1ccc(-c2ccc(C#N)cc2O)nn1)C1CC(C)(C)NC(C)(C)C1,0.91025263,train
CN(c1ccc(-c2ccc(-n3cccn3)cc2O)nn1)C1CC(C)(C)NC(C)(C)C1,0.8620975,train
CC1(C)CC(Oc2ccc(-c3ccc(-n4cccn4)cc3O)nn2)CC(C)(C)N1,0.94338834,train
Oc1cc(-n2cccn2)ccc1-c1ccc(OC2CCNCC2)nn1,0.5439095,train
CN(c1ccc(-c2cc3cccnc3cc2O)nn1)C1CC(C)(C)NC(C)(C)C1,0.7139658,test
CN(c1ccc(-c2cc3cnccc3cc2O)nn1)C1CC(C)(C)NC(C)(C)C1,0.7212205,val
CN(c1ccc(-c2ccc(-n3ccc(N)n3)cc2O)nn1)C1CC(C)(C)NC(C)(C)C1,0.7329274,train
CN(c1ccc(-c2ccc(-n3cc(CO)cn3)cc2O)nn1)C1CC(C)(C)NC(C)(C)C1,0.24235079,train
CN(c1ccc(-c2ccc(-c3cn[nH]c3)cc2O)nn1)C1CC(C)(C)NC(C)(C)C1,0.81115144,train
Oc1cc(-c2cn[nH]c2)ccc1-c1ccc(N2CCC3(CCCNC3)C2)nn1,0.79981816,train
Oc1cc(-c2cn[nH]c2)ccc1-c1ccc(N2C[C@H]3CNC[C@H]3C2)nn1,0.98700863,train
CC1(C)CC(Cc2ccc(-c3ccc(-c4cn[nH]c4)cc3O)nn2)CC(C)(C)N1,0.9665405,test
CC1(C)CC(Oc2ccc(-c3ccc(-c4cn[nH]c4)cc3O)nn2)CC(C)(C)N1,0.9197821,train
Cc1cc(Oc2nccc3occc23)ccc1-c1c(C)ncc2nccn12,0.65717226,train
FC(F)(F)Oc1ccc(Oc2ccc(N3CCC4(CC3)OCCc3sccc34)cc2)cc1,0.9990175,train
Brc1ccc(Nc2ccc(CN3CCC4(CC3)OCCc3sccc34)cc2)cc1,0.9987582,val
FC(F)(F)Oc1ccc(Oc2ccc(CN3CCC4(CCCCO4)CC3)cc2)cc1,0.99963784,test
CC(C)(C)c1ccc(CN2CCC3(CCCCO3)CC2)cc1,0.9897686,train
N=C1N[C@@]2(CO1)c1cc(NC(=O)c3ccc(Cl)cn3)ccc1Oc1cnc(C3=CCCOC3)cc12,0.9888037,train
C=CC(=O)N[C@H]1CCN(c2ccc(C(N)=O)c(Nc3ccc(N4CCOCC4)nc3)n2)C1,0.3277184,train
C=CC(=O)N[C@H]1CCN(c2ccc(C(N)=O)c(Nc3ccc(N4CCCCC4)nc3)n2)C1,0.5646809,val
C=CC(=O)N[C@H]1CCN(c2ccc(C(N)=O)c(Nc3ccc(N4CCCCC4)cc3)n2)C1,0.54990697,test
C=CC(=O)N[C@H]1CCN(c2ccc(C(N)=O)c(Nc3ccc(N4C[C@@H](C)O[C@@H](C)C4)nc3)n2)C1,0.3224102,train
CCCCNc1nc(N)nc2c1CN(C(=O)c1cccs1)CC2,0.81028175,train
CCCCNc1nc(N)nc2c1CN(C(=O)c1csc(C)n1)CC2,0.5582406,train
CCC[C@@H](CCO)Nc1nc(N)nc2c1CN(C(=O)c1csc(C)n1)CC2,0.62001497,train
CCC[C@@H](CCO)Nc1nc(N)nc2c1CN(C(=O)c1cccs1)CC2,0.836592,train
CCCC[C@@H](CCO)Nc1nc(N)nc2c1CN(C(=O)c1cccs1)CC2,0.8897626,train
CCCCc1nc(C(C)C)c(CC(=S)N2CCCC2)c(=O)n1Cc1ccc(-c2ccccc2-c2nc(=O)o[nH]2)cc1,0.96630394,val
CC(C)(C)S(=O)(=O)c1ccc2nccc(Nc3[nH]nc4ccc(F)cc34)c2c1,0.8489248,val
CC(C)(C)S(=O)(=O)c1ccc2nccc(Nc3[nH]nc4ncc(F)cc34)c2c1,0.49348933,train
CC(C)(C)S(=O)(=O)c1ccc2nccc(Nc3[nH]nc4c3CCCC4)c2c1,0.67663324,train
CC(C)(C)S(=O)(=O)c1ccc2nccc(Nc3cc[nH]n3)c2c1,0.46956122,train
Cc1cc(Nc2ccnc3ccc(S(=O)(=O)C(C)(C)C)cc23)[nH]n1,0.4304819,train
Cc1[nH]nc(Nc2ccnc3ccc(S(=O)(=O)C(C)(C)C)cc23)c1C,0.17497055,train
COc1cc2nccc(Nc3[nH]nc(C)c3C)c2cc1S(=O)(=O)C(C)(C)C,0.060829304,train
COCCOc1cc2nccc(Nc3[nH]nc(C)c3C)c2cc1S(=O)(=O)C(C)(C)C,0.028952122,train
CCc1cc2nccc(Nc3[nH]nc(C)c3C)c2cc1S(=O)(=O)C(C)(C)C,0.044468556,train
C[C@@H]1COCCN1c1cc(C2(S(C)(=O)=O)CC2)nc(-c2cncc3[nH]ccc23)n1,0.12527868,val
CNc1nc2ccccc2n1-c1nc(N2CCOC[C@H]2C)cc(C2(S(C)(=O)=O)CC2)n1,0.74095184,train
CNc1nc2ccccc2n1-c1nc(N2CCOC[C@H]2C)cc(C2([S@](C)(=N)=O)CC2)n1,0.397286,train
CCOc1cc(CN2CCC(NC(=O)c3cncc(C)c3)CC2)cc(OCC)c1-c1ccc(F)cc1,0.95073783,train
CCOc1cc(CN2CC[C@H]3C(Nc4nc5ccc(C(=O)O)cc5o4)CC[C@H]32)cc(OCC)c1-c1ccc(F)cc1,0.29354864,train
CCOc1cc(CN2CCC(c3nc(-c4ccc(F)cc4)c[nH]3)CC2)cc(OCC)c1-c1ccc(F)cc1,0.9994287,val
CCOc1cc(CN2CCC3(CC2)CCN(S(=O)(=O)c2cccnc2)CC3)cc(OCC)c1-c1ccc(F)cc1,0.99628204,test
CCOc1cc(CN2CCC(C3CCN(S(=O)(=O)c4ccccc4)CC3)CC2)cc(OCC)c1-c1ccc(F)cc1,0.99896204,val
CCOc1cc(CN2CCC(COc3cccc4cccnc34)CC2)cc(OCC)c1-c1ccc(F)cc1,0.9964498,train
CCOc1cc(CN2CCC3(CC2)CC(Cc2ccc(F)cc2)C(=O)O3)cc(OCC)c1-c1ccc(F)cc1,0.99891424,test
CCOc1cc(CN2CCC3(CC2)NC(=O)NC3=O)cc(OCC)c1-c1ccc(F)cc1,0.85071707,test
CCOc1cc(CN2CCC3(CC2)CC(=O)N(c2ccc(C(=O)O)cc2)C3)cc(OCC)c1-c1ccc(F)cc1,0.37366158,train
O=C(Nc1ccc(Cl)c(Cl)c1)Nc1nccnc1OCc1ccccc1,0.56768256,train
O=C(CCCN1CCC(c2noc3cc(F)ccc23)CC1)c1cc2c3c(c1)CCN3C(=O)CC2,0.9755205,test
O=C(CCCCN1CCC(c2noc3cc(F)ccc23)CC1)c1cc2c3c(c1)CCN3C(=O)CC2,0.9845723,train
O=C1CCc2cc(C(O)CCCN3CCC(c4noc5cc(F)ccc45)CC3)cc3c2N1CC3,0.9875102,test
CS(=O)(=O)c1cc(-c2ccccc2)cc(S(=O)(=O)c2ccc(CN)s2)c1,0.64820206,train
Cc1ccc(-c2cc(S(C)(=O)=O)cc(S(=O)(=O)c3ccc(CN)s3)c2)cc1,0.70434284,train
Cc1ccc(-c2cc(S(=O)(=O)c3ccc(CN)s3)ccc2S(C)(=O)=O)cc1,0.33052593,train
Cc1nc2c(F)cc(-c3nc(Nc4ccc5c(n4)CCN(CCN(C)C)C5)ncc3F)cc2n1C(C)C,0.88101155,test
COC1CCN(Cc2cc(-c3ccc(C(C)C)cc3)n(-c3ccc(F)cc3)n2)CC1,0.9924866,train
CC(C)c1ccc(-c2cc(CN3CCN(c4ccccn4)CC3)nn2-c2ccc(F)cc2)cc1,0.9640938,train
CC(C)c1ccc(-c2cc(CN3CC[Si](C)(C)CC3)nn2-c2ccc(F)cc2)cc1,0.99744713,train
CC(C)c1ccc(-c2cc(CN3CCOCC3)nn2C2CCC2)cc1,0.7349392,val
COC1CCN(Cc2cc(-c3ccc(C(F)(F)F)cc3)n(-c3ccc(F)cc3)n2)CC1,0.9989385,train
C[Si]1(C)CCN(Cc2cc(-c3ccc(C(F)(F)F)cc3)n(-c3ccc(F)cc3)n2)CC1,0.9996389,train
C[Si]1(C)CCN(Cc2cc(-c3ccc(C(F)(F)F)cc3)n(C3CCCCC3)n2)CC1,0.99847525,train
CC(C)c1ccc(-c2cc(CN3CC[Si](C)(C)CC3)nn2C2CCCCC2)cc1,0.9891205,train
FC(F)(F)c1cccc(Nc2cc3[nH]c(Nc4ccc(N5CCNCC5)cn4)nc3cn2)c1,0.86836463,train
FC(F)(F)c1cccc(Nc2cc3[nH]c(Nc4ccc(N5CCOCC5)cn4)nc3cn2)c1,0.81217664,train
C[C@@H]1CN(C(=O)c2ccnc(Nc3nc4cc(Nc5ccc(F)c(C(F)(F)F)c5)ncc4[nH]3)c2)C[C@H](C)N1,0.8132504,val
C[C@@H]1CN(C(=O)c2ccnc(Nc3nc4cc(Nc5ccc(F)c(C(F)(F)F)c5)ncc4[nH]3)c2)C[C@H](C)O1,0.87704,train
Nc1n[nH]c(N2CCC(N3CCOC[C@@H]3Cc3ccc(Cl)cc3)CC2)n1,0.19643995,train
CO[C@@H]1C[C@H](Cc2ccc(Cl)cc2)N(C2CCN(c3n[nH]c(N)n3)CC2)C1,0.104536586,train
Nc1n[nH]c(N2CCC(N3C[C@H](O)C[C@@H]3Cc3ccc(Cl)cc3)CC2)n1,0.03720327,train
CO[C@H]1C[C@H](Cc2ccc(Cl)cc2)N(C2CCN(c3n[nH]c(N)n3)CC2)C1,0.15264595,train
Nc1n[nH]c(N2CCC(N3C[C@@H](O)C[C@@H]3Cc3ccc(Cl)cc3)CC2)n1,0.043702226,train
CO[C@H]1CN(C2CCN(c3n[nH]c(N)n3)CC2)[C@H]1Cc1ccc(Cl)cc1,0.11065978,test
Nc1n[nH]c(N2CCC(N3CCCC[C@@H]3Cc3ccc(Cl)cc3)CC2)n1,0.9016767,train
Nc1n[nH]c(N2CCC(N3CCC[C@@H]3Cc3ccc(Cl)cc3)CC2)n1,0.7452886,train
Nc1n[nH]c(N2CCC(N(CCc3ccc(Cl)cc3)CC3CCCCO3)CC2)n1,0.929287,train
Nc1n[nH]c(N2CCC(N(CCc3ccc(Cl)cc3)CC3CCCO3)CC2)n1,0.9018519,val
Nc1n[nH]c(N2CCC(N(CCc3ccc(Cl)cc3)C3COC3)CC2)n1,0.92407024,train
COC(C)(C)CN(CCc1ccc(Cl)cc1)C1CCN(c2n[nH]c(N)n2)CC1,0.8838351,train
CC(C)(O)CN(CCc1ccc(Cl)cc1)C1CCN(c2n[nH]c(N)n2)CC1,0.3457645,train
CO[C@@H](C)CN(CCc1ccc(Cl)cc1)C1CCN(c2n[nH]c(N)n2)CC1,0.5633499,train
C[C@H](O)CN(CCc1ccc(Cl)cc1)C1CCN(c2n[nH]c(N)n2)CC1,0.5807861,train
CO[C@H](C)CN(CCc1ccc(Cl)cc1)C1CCN(c2n[nH]c(N)n2)CC1,0.69238913,train
C[C@@H](O)CN(CCc1ccc(Cl)cc1)C1CCN(c2n[nH]c(N)n2)CC1,0.5345075,train
COCCN(CCc1ccc(Cl)cc1)C1CCN(c2n[nH]c(N)n2)CC1,0.8632136,train
Nc1n[nH]c(N2CCC(N(CCO)CCc3ccc(Cl)cc3)CC2)n1,0.83654207,train
CNC(=O)NCCN(CCc1ccc(Cl)cc1)C1CCN(c2n[nH]c(N)n2)CC1,0.67367893,train
CNS(=O)(=O)CCN(CCc1ccc(Cl)cc1)C1CCN(c2n[nH]c(N)n2)CC1,0.5877994,train
CS(=O)(=O)NCCN(CCc1ccc(Cl)cc1)C1CCN(c2n[nH]c(N)n2)CC1,0.8347968,train
CC(=O)NCCN(CCc1ccc(Cl)cc1)C1CCN(c2n[nH]c(N)n2)CC1,0.78796357,train
CNC(=O)CN(CCc1ccc(Cl)cc1)C1CCN(c2n[nH]c(N)n2)CC1,0.5256634,train
Nc1n[nH]c(N2CCC(N(CCc3ccc(Cl)cc3)CC(=O)O)CC2)n1,0.20645994,train
Cc1ccc2oc(-c3c4c(N)n[nH]c(=O)c4nn3-c3ccccc3)c(C)c2c1,0.2622112,train
Cc1ccc2oc(-c3c4c(N)n[nH]c(=O)c4nn3-c3ccc(NC(=O)/C=C/CN(C)C)cc3)c(C)c2c1,0.09387634,train
Cc1c(C(=O)CC#N)oc2ccccc12,0.7164395,train
Cc1ccc2oc(C(=O)CC#N)c(C)c2c1,0.80324924,train
Cc1c(C(=O)CC#N)oc2ccc(Cl)cc12,0.9487453,train
Cc1c(C(=O)CC#N)oc2ccc(Br)cc12,0.9463788,train
COc1ccc(-c2nn(-c3cccc(NC(=O)c4cccc(C(F)(F)F)c4)c3)cc2-c2ccncc2)cc1Cl,0.99858487,test
CC(C)C(=O)c1c(Nc2ccc(F)c(F)c2F)[nH]c2c(F)cc(F)cc2c1=O,0.8245316,train
O=C(CSc1nc2cc([N+](=O)[O-])ccc2[nH]1)Nc1ccc(Oc2ccccc2)cc1,0.87226325,val
CCCCCCCc1[nH]c2ccc([N+](=O)[O-])cc2c(=O)c1CO,0.61171705,val
Cc1ccc(NC(=O)c2ccc3c(c2)CC(c2ccc(Cl)cc2)OC3=O)cc1C,0.97576874,train
Cc1ccc(N(C)C(=O)c2ccc3c(c2)CC(c2ccc(Cl)cc2)OC3=O)cc1C,0.9829291,train
CCC(C)c1ccc(OCCOc2ccc(Cl)cc2CNn2cnnc2)cc1,0.97158855,val
O=C(c1cn(CCCNCc2ccc(Oc3ccc(Cl)cc3)cc2)nn1)N1CCOCC1,0.8970985,train
CCCCOc1ccc(Cl)c(OCCCC)c1N=Nc1c(O)ccc2ccccc12,0.9996265,train
CCCCOc1cc(Cl)cc(OCCCC)c1N=Nc1c(O)ccc2ccccc12,0.9995389,train
CCCCOc1cc(Cl)c(N=Nc2c(O)ccc3ccccc23)c(OCCCC)c1,0.99875975,train
O=C(CCCC(=O)c1cccc([N+](=O)[O-])c1)NC1CCCC1,0.18546279,val
O=C(CCCS(=O)(=O)c1ccccc1)Nc1cc[nH]c(=O)n1,0.28138053,train
O=C(CCCS(=O)(=O)c1ccccc1)Nc1[nH]c(=O)ncc1F,0.18864642,val
COc1cc(N)c(Cl)cc1C(=O)N[C@H]1CCN(CCCOc2ccc(F)cc2)C[C@H]1OC,0.98897016,train
Cn1ncc(NC(=O)c2nc(-c3c(F)cccc3F)sc2N)c1N1CC[C@@H](N)[C@H](F)CC1,0.7374402,train
O=C1OCc2cc(C3CN4CCN(C(=O)Cc5ccc(-n6cnnn6)cc5)CC4CO3)ccc21,0.12983595,test
O=C1OCCc2cc([C@@H]3CN4CCN(C(=O)Cc5ccc(-n6cnnn6)cc5)C[C@H]4CO3)ccc21,0.15358992,val
Cc1c(C#N)cccc1[C@@H]1CN2CCN(C(=O)Cc3ccc(-n4cnnn4)cc3)C[C@H]2CO1,0.38113898,train
Cc1cc(F)cc2c(=O)[nH]c(-c3ccc(C4CCNCC4)cc3)nc12,0.8708494,val
N#Cc1ccc(O[C@H]2CN(S(=O)(=O)c3ccc(Cl)cn3)C[C@@]2(O)CN)cc1F,0.7000882,test
N#Cc1ccc(O[C@H]2CN(S(=O)(=O)c3ccc(Cl)cc3Cl)C[C@@]2(O)CN)cc1F,0.9404638,test
C[C@H]1SC(=N)N[C@](C)(c2cc(NC(=O)c3cnc(OCF)cn3)ccc2F)[C@H]1F,0.88888925,train
O=C(Nc1ccc(Oc2ccc(F)cc2)cc1)N1CCc2ncccc2[C@@H]1c1ccc(Cl)cc1,0.99491477,train
O=C(Nc1cnc(Oc2ccc(F)cc2)nc1)N1CCc2ncccc2[C@@H]1c1ccc(F)cc1,0.9599305,val
Cc1cnc(Nc2ccc(N3CCC(N(C)CCO)CC3)c(F)c2)nc1-c1cnn(C(C)C)c1,0.18425742,train
Cc1cnc(Nc2ccnn2C)nc1-c1cn2c(n1)C(=O)N(Cc1ccc(F)c(F)c1)CC2,0.1755755,train
COC[C@H]1Cn2cc(-c3nc(Nc4ccnn4C)ncc3C)cc2C(=O)N1Cc1cccc(C)n1,0.016466275,val
Cc1cnc(Nc2ccnn2C)nc1-c1cn2c(n1)C(=O)N(Cc1ccc(F)c(F)c1)[C@@H](C)C2,0.22225039,train
COC[C@H]1Cn2cc(-c3nc(Nc4ccnn4C)ncc3C)nc2C(=O)N1Cc1ccc(F)c(F)c1,0.116790496,train
C[S+]([O-])c1ccc(-c2ccc3ncc(-c4ccc(S(C)(=O)=O)cc4)n3n2)cc1,0.6509822,train
CCN(CC)Cc1cc(-c2ccc3ncc(-c4ccc([S+](C)[O-])cc4)n3n2)ccc1F,0.898786,train
CCN(CC)Cc1ccc(-c2ccc3ncc(-c4ccc(S(C)(=O)=O)cc4)n3n2)cc1F,0.9824294,train
C[S+]([O-])c1cccc(-c2ccc3ncc(-c4cccc([S+](C)[O-])c4)n3n2)c1,0.22127892,train
C[S+]([O-])c1ccc(-c2cnc3ccc(Nc4cccc(S(C)(=O)=O)c4)nn23)cc1,0.46360797,train
C[S+]([O-])c1ccc(-c2cnc3ccc(Nc4cccc([S+](C)[O-])c4)nn23)cc1,0.13804075,train
C[S+]([O-])c1ccc(Nc2ccc3ncc(-c4ccc([S+](C)[O-])cc4)n3n2)cc1,0.1746082,train
C[S+]([O-])c1ccc(-c2cnc3ccc(Nc4ccc(S(C)(=O)=O)cc4)nn23)cc1,0.4701072,train
C[S+]([O-])c1ccc(-c2cnc3ccc(Nc4cnccn4)nn23)cc1,0.14518666,val
C[S+]([O-])c1ccc(-c2cnc3ccc(NC4CCS(=O)(=O)CC4)nn23)cc1,0.074122705,train
C[S+]([O-])c1ccc(-c2cnc3ccc(NC4CCN(S(C)(=O)=O)CC4)nn23)cc1,0.089318424,val
CCN(CC)Cc1cc(Nc2ccc3ncc(-c4ccc([S+](C)[O-])cc4)n3n2)ccc1O,0.66766727,train
CS(=O)(=O)c1cccc(-c2ccc3ncc(-c4cccc(S(C)(=O)=O)c4)n3n2)c1,0.8835505,train
CS(=O)(=O)c1ccc(-c2ccc3ncc(-c4cccc(S(C)(=O)=O)c4)n3n2)cc1,0.8926193,train
C[S+]([O-])c1ccc(-c2ccc3ncc(-c4cccc([S+](C)[O-])c4)n3n2)cc1,0.22468078,train
O=C(CCc1ccc(-n2nnc3cccnc32)cc1)N(c1ncccc1Cl)[C@@H]1CCCNC1,0.5066085,val
Cc1cnc2c(c1)nnn2-c1ccc(CCC(=O)N(c2ncccc2Cl)[C@@H]2CCCNC2)nc1,0.4465854,test
O=C(N1CCC(c2ccccc2)CC1)N(c1nccc2ccccc12)[C@@H]1CCCNC1,0.79297096,train
O=C(N1CCC(c2ccccc2)CC1)N(c1ncccc1Cl)[C@@H]1CCCNC1,0.5514425,train
Cc1nccnc1N(C(=O)N1CCC(c2ccccc2)CC1)[C@@H]1CCCNC1,0.19433394,test
Cn1ccc2ccnc(N(C(=O)N3CCC(c4ccccc4)CC3)[C@@H]3CCCNC3)c21,0.6562491,test
Cc1cccnc1N(C(=O)N1CCC(c2ccccc2F)CC1)[C@@H]1CCCNC1,0.61667633,train
O=C(N1CCN(c2ccccc2)CC1)N(c1nccc2ccccc12)[C@@H]1CCCNC1,0.5729681,test
Cc1ccc2c(N3CCN(C(=O)N(c4nccc5ccccc45)[C@@H]4CCCNC4)CC3)noc2c1,0.92182183,val
O=[N+]([O-])c1ccc2c(c1)ncn2Cc1ccc(O)c2ncccc12,0.3551401,train
Oc1ccc(Cn2c(-c3cscn3)nc3ccccc32)c2cccnc12,0.29533973,test
CC(C)(C)c1ccc2[nH]c(C(C)(C)N)nc2c1,0.29609773,train
CCCCc1nc(C(C)C)c(CC(=O)OCC)c(=O)n1Cc1ccc(-c2ccccc2-c2nc(=O)o[nH]2)cc1,0.9857655,test
CS(=O)(=O)c1cc(CNC(=O)c2cncc3c2cnn3-c2ccc(F)cc2)ccn1,0.20822175,train
CS(=O)(=O)c1cc(C2(NC(=O)c3cncc4c3cnn4-c3ccc(F)cc3)CC2)ccn1,0.4155422,val
O=C(c1ccc(-c2ccc(F)c(F)c2)o1)N1CCN(Cc2ccc(OC3CCNCC3)c(Cl)c2)CC1,0.8757121,train
CC1=C(c2cccc(O)c2)[C@H](c2ccc(OCCN3CC(CF)C3)cc2)Oc2ccc(O)cc21,0.9947352,val
Nc1cc(F)c(S(=O)(=O)N2CCC(O)CC2)cc1C(=O)Nc1cc(F)c(F)c(F)c1,0.57881695,train
Cc1cc(-c2cnc3ccn(CC(=O)N4CCC4)c3c2)ccc1F,0.8775407,train
Cc1cc(-c2cnc3ccn(CC(=O)N4CC(F)C4)c3c2)ccc1F,0.7968523,train
Cc1cc(-c2cnc3ccn(CC(=O)N(C)C)c3c2)ccc1F,0.93206817,val
Cc1cc(-c2cnc3ccn(Cc4ccccn4)c3c2)ccc1F,0.96486294,test
Cc1cc(-c2cnc3ccn(Cc4ncco4)c3c2)ccc1F,0.8654896,train
Cc1cc(-c2cnc3ccn(CC4CCOC4)c3c2)ccc1F,0.78345704,val
Cc1cc(-c2cnc3ccn(CC4CCC4)c3c2)ccc1F,0.93593943,train
O=C(Cn1ccc2ncc(-c3cccc(C(F)(F)F)c3)cc21)N1CCC1,0.97147274,train
O=C(Cn1ccc2ncc(-c3cccc(C(F)(F)F)c3)cc21)NC1CC1,0.9710243,train
CN1CCOc2c1cnn1c(-c3ccc4cccc(NCC5(F)CCNCC5)c4n3)nnc21,0.22275004,train
CN1CCOc2c1cnn1c(-c3ccc4ccc(Cl)c(NCC5(F)CCNCC5)c4n3)nnc21,0.4090122,train
CN1CCOc2c1cnn1c(-c3ccc4ccnc(NC5CCCCC5)c4c3)nnc21,0.5402693,test
CN1CCOc2c1cnn1c(-c3ccc4cccc(NC5CCCCC5)c4c3)nnc21,0.7944699,val
Cc1sc(-c2ccccc2Cl)cc1C(=O)N[C@@H](CN)c1ccccc1,0.8416437,train
NC[C@H](Oc1noc2ccc(-c3ccccc3Cl)cc12)c1ccccc1,0.63369906,train
NC[C@H](Oc1noc2ccc(-c3ccccc3Cl)nc12)c1ccccc1,0.5904215,val
N=C(N)NC[C@H](Oc1noc2ccc(-c3ccccc3Cl)cc12)c1ccccc1,0.80254984,train
C[C@H]1C[C@H]2CSC(=N)N[C@@]2(c2ncc(NC(=O)c3ccc(OC(F)F)cn3)s2)CO1,0.4393067,test
C[C@H]1C[C@H]2CSC(=N)N[C@@]2(c2cc(NC(=O)c3ccc(OC(F)F)cn3)ccc2F)CO1,0.9305117,train
C#CCOc1cnc(C(=O)Nc2cc(F)c(F)c([C@@]3(C)N=C(N)S[C@@]4(COC)C[C@H]43)c2)cn1,0.16313335,val
COc1cc(NC(=O)C2CCCCC2C(=O)c2ccc(-c3cc[nH]n3)cc2)ncn1,0.5530283,train
CCn1cnc2c(-c3ccc(F)c(-c4ccc(S(=O)(=O)CC)cc4OC)c3)cnnc21,0.9866557,test
CNCc1ccc(-c2cc(-c3nc(-c4ccc(S(=O)(=O)C(C)C)cc4)cnc3N)on2)cc1,0.91060424,train
O=S1(=O)CCCN1CCNc1nonc1C(=NO)Nc1ccc(F)c(Br)c1,0.49298498,val
O=C1OCCN1CCNc1nonc1C(=NO)Nc1ccc(F)c(Br)c1,0.7426123,val
COCCN1CCN(CCNc2nonc2C(=NO)Nc2ccc(F)c(Br)c2)S1(=O)=O,0.5119164,test
Cc1ccc2c(c1)nc(CCN1C(=O)c3cccc4cccc(c34)C1=O)n2-c1ccncc1,0.93688923,test
CC1OC2(CCN(CCc3ccccc3)CC2)CN(c2ccccc2)C1=O,0.9927933,train
CCC1OC2(CCN(CCc3ccccc3)CC2)CN(c2ccccc2)C1=O,0.9942801,train
CC(C)C1OC2(CCN(CCc3ccccc3)CC2)CN(c2ccccc2)C1=O,0.9969664,train
COCC1OC2(CCN(CCc3ccccc3)CC2)CN(c2ccccc2)C1=O,0.99489474,train
O=C1C(CO)OC2(CCN(CCc3ccccc3)CC2)CN1c1ccccc1,0.94979465,train
O=C1C(COCc2ccccc2)OC2(CCN(CCc3ccccc3)CC2)CN1c1ccccc1,0.99328256,train
COC(=O)CC1OC2(CCN(CCc3ccccc3)CC2)CN(c2ccccc2)C1=O,0.99243426,train
CC1(C)OC2(CCN(CCc3ccccc3)CC2)CN(c2ccccc2)C1=O,0.948156,train
O=C1N(c2ccccc2)CC2(CCN(CCc3ccccc3)CC2)OC12CC2,0.98324317,train
CC1OC2(CCN(CCc3ccccc3)CC2)CN(c2ccccc2Cl)C1=O,0.9944917,train
CC1OC2(CCN(CCc3ccccc3)CC2)CN(c2ccccc2F)C1=O,0.99230945,train
COc1cccc(N2CC3(CCN(CCc4ccccc4)CC3)OC(C)C2=O)c1,0.99349904,train
CC1OC2(CCN(CCc3ccccc3)CC2)CN(c2cnccn2)C1=O,0.9792819,val
CC1OC2(CCN(CCc3ccccc3)CC2)CN(c2ncccc2F)C1=O,0.9859489,train
CC1OC2(CCN(CCc3ccccc3)CC2)CN(c2ncccc2C(F)(F)F)C1=O,0.99756795,train
CC1OC2(CCN(CCc3ccccc3)CC2)CN(c2cncc(F)c2)C1=O,0.9901973,train
CC1OC2(CCN(CCc3ccccc3)CC2)CN(c2cnccc2C(F)(F)F)C1=O,0.99546486,train
CC1OC2(CCN(CCc3ccccc3)CC2)CN(c2cccnc2C(F)(F)F)C1=O,0.98844993,train
CC1OC2(CCN(CCc3ccccc3)CC2)CN(c2cncc(C(F)(F)F)c2)C1=O,0.99089116,train
CC1OC2(CCN(CCc3ccccc3F)CC2)CN(c2ccccc2)C1=O,0.99207765,train
CC1OC2(CCN(CCc3cccc(F)c3)CC2)CN(c2ccccc2)C1=O,0.99702436,train
CC1OC2(CCN(CCc3ccc(F)cc3)CC2)CN(c2ccccc2)C1=O,0.9968368,train
CC1OC2(CCN(CCc3cccc(C#N)c3)CC2)CN(c2ccccc2)C1=O,0.99390197,train
CC1OC2(CCN(CCc3ccccn3)CC2)CN(c2ccccc2)C1=O,0.9852072,val
CC1OC2(CCN(CCc3ccccc3F)CC2)CN(c2cnccc2C(F)(F)F)C1=O,0.99490947,train
CC1OC2(CCN(CCc3ccccc3F)CC2)CN(c2ncccc2C(F)(F)F)C1=O,0.99728227,train
C=CC(=O)N1CCC[C@H]1COc1c(N)ncnc1-c1cc(F)cc(NC(=O)c2ccc(C3CC3)cc2F)c1C,0.43392444,test
C=CC(=O)N(C)CCOc1c(N)ncnc1-c1cc(F)cc(NC(=O)c2ccc(C3CC3)cc2F)c1C,0.8315983,train
CCC(=O)N(C)CCOc1c(N)ncnc1-c1cc(F)cc(NC(=O)c2ccc(C3CC3)cc2F)c1C,0.9160402,train
Cc1cc(/C=C/C#N)cc(C)c1Oc1nc(NC2CCN(Cc3ccc(S(N)(=O)=O)cc3)CC2)nc2sccc12,0.9577634,test
Cc1cc(C=CC#N)cc(C)c1Nc1ccnc(Nc2ccc(C#N)cc2)n1,0.7622787,test
Cc1cc(C#N)cc(C)c1Oc1nc(NC2CCN(Cc3ccc(S(N)(=O)=O)cc3)CC2)nc2ccsc12,0.9837307,train
CC(C)(C)c1cc(NC(=O)Cc2ccc(-n3cnc4cc(-c5ccc(S(C)(=O)=O)cc5)ccc43)cc2)no1,0.99050295,train
COc1nc(N[C@@H](C)c2cc3cc(Cl)ccc3[nH]c2=O)ncc1C#N,0.87636703,train
CON=C1CCC(CN2CCN(c3nc(=O)c4cc(C(F)(F)F)cc([N+](=O)[O-])c4s3)CC2)CC1,0.16351646,train
CCON=C1CCC(CN2CCN(c3nc(=O)c4cc(C(F)(F)F)cc([N+](=O)[O-])c4s3)CC2)CC1,0.14239655,train
O=C(CC(O)(C(F)(F)F)C(F)(F)F)N[C@@](Cc1ccccc1)(c1cc(F)cc(C(F)(F)F)c1)c1ccc(Cl)cn1,0.02868079,test
CNC(C(=O)N[C@](Cc1ccccc1)(c1ccc(F)cc1)c1cc(F)cc(C(F)(F)F)c1)C(O)(C(F)(F)F)C(F)(F)F,0.059354436,train
CC(C)NC(C(=O)N[C@](Cc1ccccc1)(c1ccc(F)cc1)c1cc(F)cc(C(F)(F)F)c1)C(O)(C(F)(F)F)C(F)(F)F,0.022220636,train
CN(C)C(C(=O)N[C@](Cc1ccccc1)(c1ccc(F)cc1)c1cc(F)cc(C(F)(F)F)c1)C(O)(C(F)(F)F)C(F)(F)F,0.031843748,train
CC(C)Oc1cc([C@@](Cc2ccccc2)(NC(=O)C(N)C(O)(C(F)(F)F)C(F)(F)F)c2cc(F)cc(OC(F)(F)C(F)F)c2)ccc1F,0.0015909562,train
CC(C)Oc1cc([C@@](Cc2ccccc2)(NC(=O)C(O)C(O)(C(F)(F)F)C(F)(F)F)c2cc(F)cc(OC(F)(F)C(F)F)c2)ccc1F,0.02638229,train
CC(C)Oc1cc([C@@](Cc2ccccc2)(NCC(O)C(O)(C(F)(F)F)C(F)(F)F)c2cc(F)cc(OC(F)(F)C(F)F)c2)ccc1F,0.0022791473,train
CCOCc1nnc(N2C[C@@H]3C[C@]3(c3ccc(F)cc3Cl)C2)n1-c1ccc(OC)nc1,0.87402576,train
COCc1nnc(N2C[C@@H]3C[C@]3(c3ccc(F)cc3Cl)C2)n1-c1ccc(OC)nc1,0.43760154,train
COc1ccccc1-c1[nH]nc2nc(N[C@H]3CC[C@H](NS(=O)(=O)CCC(F)(F)F)CC3)nc(OC)c12,0.38126394,train
Cc1cc(C#N)cc(C)c1Oc1nc(NC2CCN(Cc3ccc(C(N)=O)cc3)CC2)nc2c1COC2,0.81713545,val
CC(C)(O)c1cccc(-c2ccc3nc(-c4ccc(Cl)cc4)cn3c2)c1,0.9765509,train
COCCN1CCN(c2ccc(OCc3ccccc3)c(C(=O)Nc3ccnnc3)c2)CC1,0.7313496,train
COCCC#Cc1c(Cl)c2c(Cl)cc(C(N)=O)nc2n1[C@H]1CCCNC1,0.9902569,train
COCC(C)(C)C#Cc1c(Cl)c2c(Cl)cc(C(N)=O)nc2n1[C@H]1CCCNC1,0.9528077,train
COC(C)(C)CC#Cc1c(Cl)c2c(Cl)cc(C(N)=O)nc2n1[C@H]1CCCNC1,0.9710154,train
NC(=O)c1cc(Cl)c2c(Cl)c(C#CC3CCCO3)n([C@H]3CCCNC3)c2n1,0.9860606,val
NC(=O)c1cc(Cl)c2c(Cl)c(C#CC3CCOCC3)n([C@H]3CCCNC3)c2n1,0.9881902,val
NC(=O)c1cc(Cl)c2c(Cl)c(C#CC3COCCO3)n([C@H]3CCCNC3)c2n1,0.95075774,train
CC1(C#Cc2c(Cl)c3c(Cl)cc(C(N)=O)nc3n2[C@H]2CCCNC2)COC1,0.96487826,test
CC1(CC#Cc2c(Cl)c3c(Cl)cc(C(N)=O)nc3n2[C@H]2CCCNC2)COC1,0.97806996,val
CC(C)(C#N)CC#Cc1c(Cl)c2c(Cl)cc(C(N)=O)nc2n1[C@H]1CCCNC1,0.9891117,train
NC(=O)c1cc(Cl)c2c(Cl)c(C#CC3CNCCO3)n([C@H]3CCCNC3)c2n1,0.978786,train
COc1cc(F)cc2c1nnc1c2c(-c2ccncc2C)nn1C,0.6607148,test
C=CC(=O)Nc1cccc(Nc2ncnc(N)c2-c2ccc(Oc3ccccc3)cc2)c1,0.9317564,val
C=CC(=O)N[C@@H]1CCC[C@H](Nc2ncnc(N)c2-c2ccc(Oc3ccccc3)cc2)C1,0.9624739,train
C=CC(=O)NC12CCC(Nc3ncnc(N)c3-c3ccc(Oc4ccccc4)cc3)(C1)C2,0.898857,train
C=CC(=O)N1CC2(CC(Nc3ncnc(N)c3-c3ccc(Oc4ccccc4)cc3)C2)C1,0.9155395,test
C=CC(=O)N1CCC(CNc2ncnc(N)c2-c2ccc(Oc3ccccc3)cc2)CC1,0.74744165,val
CNC(=O)c1cnc(Nc2ccc(C#N)cn2)cc1Nc1cccc(-c2ncn(C)n2)c1OC,0.5768418,train
CNC(=O)c1cnc(Nc2ccc(C(F)(F)F)cn2)cc1Nc1cccc(-c2ncn(C)n2)c1OC,0.36898628,train
CNC(=O)c1cnc(Nc2cc(C)c(F)cn2)cc1Nc1cccc(-c2ncn(C)n2)c1OC,0.20351262,train
C[C@H](c1ccnc(Nc2nc3cc(-c4cc(N(C)C)ncn4)ccc3[nH]2)c1)N1CCN(C(=O)CC(F)(F)F)CC1,0.4347857,train
CCCCCOc1cccc(CCNCC(=O)N(C)C)c1,0.90652674,train
CN(C)C(=O)CNCCc1cccc(OCCCC(F)(F)CF)c1,0.42070657,train
CN(C)C(=O)CNCCc1cccc(OCCCC(C)(F)F)c1,0.4859993,train
CN(C)C(=O)CNCCc1cccc(OCCCCC(F)(F)F)c1,0.66211724,train
CN(C)C(=O)CNCCc1cccc(OCCCC(F)(F)F)c1,0.25708747,train
CCCCOc1cccc(CCNCC(=O)N(C)C)c1,0.8865116,train
Cc1cc(/C=C/C#N)cc(C)c1Oc1nc(Nc2ccc(C#N)cc2F)nc2sccc12,0.9926605,val
CCc1nc(C)cn2nc(-c3cc(=O)n4cc(C5CCN(C)CC5)cc(C)c4n3)cc12,0.5406708,val
O=C(NNC(=S)Nc1ccc(Cl)c(Cl)c1)c1ccccc1O,0.51992834,val
COc1ccc(Oc2nc(Nc3ccc(N4CCOCC4)nc3)ncc2NC(=O)c2cc(OC)cc(OC)c2)cc1,0.58086437,test
CC1(c2ccc(C#N)cc2)NC(=O)N(CC(=O)c2ccc(F)cc2F)C1=O,0.20084806,train
CC1(c2ccc(OC(F)F)cc2)NC(=O)N(CC(=O)c2ccc(F)cc2F)C1=O,0.1870378,train
CC1(c2ccc(-n3cnnn3)cc2)NC(=O)N(CC(=O)c2ccc(F)cc2F)C1=O,0.025767598,test
CC1(c2ccc(NS(C)(=O)=O)cc2)NC(=O)N(CC(=O)c2ccc(F)cc2F)C1=O,0.18957984,train
N#Cc1ccc(S(=O)(=O)N2C[C@H](S(=O)(=O)c3ccc(Cl)cc3)[C@](O)(CN)C2)c(Cl)c1,0.9716735,train
N#Cc1ccc(S(=O)(=O)N2C[C@H](S(=O)(=O)c3ccc(Cl)cn3)[C@](O)(CN)C2)c(Cl)c1,0.8454545,train
N#Cc1ccc(S(=O)(=O)N2C[C@H](S(=O)(=O)c3ccc(Cl)cn3)[C@@](O)(CN)C2)c(Cl)c1,0.7561748,train
CCC#CC[C@H](C)[C@H](O)/C=C/[C@H]1CCC(=O)N1CCCCCCC(=O)O,0.34759843,train
CCC#CC[C@H](C)[C@H](O)/C=C/[C@H]1CC(F)(F)C(=O)N1CCCCCCC(=O)O,0.27790692,train
COC(=O)c1ccc(COc2ccc3nc(N)sc3c2)cc1,0.75626105,train
Nc1nc2ccc(SC(F)(F)F)cc2s1,0.97212356,train
COc1c(C#N)ccc2[nH]c(-c3cn4c(n3)[C@H](c3cccc(F)c3C)OCC4)cc12,0.8797714,train
CNC(=O)c1c(-c2ccc(F)cc2)oc2cc(N(c3ccc(B(O)O)c(Cl)c3)S(C)(=O)=O)c(C3CC3)cc12,0.39401925,val
CNC(=O)c1c(-c2ccc(F)cc2)oc2cc(N(c3cc(Cl)c4c(c3)COB4O)S(C)(=O)=O)c(C3CC3)cc12,0.58131933,val
Cc1ccc(CNC(=O)C2CNC[C@H]2c2ccc(C(F)(F)F)cc2)cc1,0.8816698,train
CN(C)c1ccc(CNC(=O)C2CNC[C@@H]2c2ccc(C(F)(F)F)cc2)cc1,0.6453963,train
CCN(CC)c1ccc(CNC(=O)C2CNC[C@H]2c2ccc(C(F)(F)F)cc2)cc1,0.8070958,train
CN(C)c1ccc(CNC(=O)C2CNC[C@H]2c2ccc(C(F)(F)F)c(F)c2)cc1,0.76152253,train
CN(C)c1ccc(CNC(=O)C2CNC[C@H]2c2ccc(C(F)(F)F)c(Cl)c2)cc1,0.77268153,train
CN(C)c1ccc(CNC(=O)C2CNC[C@H]2c2ccc(Oc3ccccc3)cc2)cc1,0.87518585,test
CN(C)c1ccc(CNC(=O)C2CNC[C@@H]2c2ccc(C(F)(F)F)nc2)cc1,0.06322281,test
C[C@H](NC(=O)C1CNC[C@@H]1c1ccc(C(F)(F)F)cc1)c1ccc(N(C)C)cc1,0.70713896,train
FC(F)(F)c1ccc2[nH]c(-c3ccc(-c4ccccc4)cc3)nc2c1,0.9959474,train
FC(F)(F)c1ccc2[nH]c(-c3ccc(-c4cccnc4)cc3)nc2c1,0.98941004,val
O=c1ccc(-c2ccc(-c3nc4cc(C(F)(F)F)ccc4[nH]3)cc2)c[nH]1,0.95112765,train
N#Cc1ccc(-c2ccc(-c3nc4cc(C(F)(F)F)ccc4[nH]3)cc2)cc1,0.9990717,train
Oc1ccc(-c2ccc(-c3nc4cc(C(F)(F)F)ccc4[nH]3)cc2)cc1,0.98589617,train
CN1CCN(c2ccc(-c3ccc(-c4nc5cc(C(F)(F)F)ccc5[nH]4)cc3)cc2)CC1,0.9867855,val
CN1CCN(c2ccc(-c3ccc(-c4nc5cc(C(F)(F)F)ccc5[nH]4)cc3)cn2)CC1,0.9896492,test
FC(F)(F)c1ccc2[nH]c(-c3ccc(-c4ccc(N5CCOCC5)nc4)cc3)nc2c1,0.96603453,val
CC1(C(=O)O)CCN(c2ccc(-c3ccc(-c4nc5cc(Cl)ccc5[nH]4)cn3)cn2)CC1,0.47962004,train
O=C(O)C1(CNc2ccc(-c3ccc(-c4nc5cc(Cl)ccc5[nH]4)cn3)cn2)CC1,0.58786875,test
O=C(O)C1CCCCC1Nc1ccc(-c2ccc(-c3nc4cc(Cl)ccc4[nH]3)cn2)cn1,0.7792196,train
CC1(C)CN(c2ccc(-c3ccc(-c4nc5cc(Cl)ccc5[nH]4)cn3)cn2)CCC1CC(=O)O,0.649701,train
CC1(C(=O)O)CCCN(c2ccc(-c3ccc(-c4nc5cc(Cl)ccc5[nH]4)cn3)cn2)C1,0.5354104,train
O=C(O)C1CCC(Nc2ccc(-c3ccc(-c4nc5cc(Cl)ccc5[nH]4)cn3)cn2)CC1,0.68407744,train
O=C(O)c1ccc(CNc2ccc(-c3ccc(-c4nc5cc(Cl)ccc5[nH]4)cn3)cn2)cc1,0.4435903,train
O=C(O)CC1CCN(c2ccc(-c3ccc(-c4nc5cc(Cl)ccc5[nH]4)cn3)cn2)CC1,0.5495454,train
CC(C)(COc1ccc(-c2ccc(-c3nc4cc(Cl)ccc4[nH]3)cn2)cn1)C(=O)O,0.24498764,val
O=C(O)c1ccc(Oc2ccc(-c3ccc(-c4nc5cc(Cl)ccc5[nH]4)cn3)cn2)cc1,0.5101483,test
O=C(O)C1CCC(Oc2ccc(-c3ccc(-c4nc5cc(Cl)ccc5[nH]4)cn3)cn2)CC1,0.8465373,train
O=C(O)C1(COc2ccc(-c3ccc(-c4nc5cc(Cl)ccc5[nH]4)cn3)cn2)CCC1,0.30377015,test
O=C(O)C1(COc2ccc(-c3ccc(-c4nc5cc(Cl)ccc5[nH]4)cn3)cn2)CC1,0.3235695,train
O=C(O)C1CC(Oc2ccc(-c3ccc(-c4nc5cc(Cl)ccc5[nH]4)cn3)cn2)C1,0.49427676,val
O=C(O)C1CC1COc1ccc(-c2ccc(-c3nc4cc(Cl)ccc4[nH]3)cn2)cn1,0.43683317,train
O=C(O)C1(COc2ccc(-c3ccc(-c4nc5cc(Cl)ccc5[nH]4)cn3)cn2)COC1,0.17848925,test
O=C(O)C[C@H]1CC[C@@H](Oc2ccc(-c3ccc(-c4nc5cc(Cl)ccc5[nH]4)cn3)cn2)CC1,0.8674799,train
O=C(O)C[C@H]1CC[C@@H](Oc2ccc(-c3ccc(-c4nc5cc(C(F)(F)F)ccc5[nH]4)cn3)cn2)CC1,0.8349484,train
O=C(O)C[C@H]1CC[C@@H](Oc2ccc(-c3ccc(-c4nc5cc(F)c(F)cc5[nH]4)cn3)cn2)CC1,0.5532465,train
O=C(O)C[C@H]1CC[C@@H](Oc2ccc(-c3ccc(-c4nc5c(F)cc(F)cc5[nH]4)cn3)cn2)CC1,0.64097595,train
O=C(O)C[C@H]1CC[C@@H](Oc2ccc(-c3ccc(-c4nc5cc(F)ccc5[nH]4)cn3)cn2)CC1,0.6861107,train
O=C(O)C[C@H]1CC[C@@H](Oc2ccc(-c3ccc(-c4nc5cc(Cl)cnc5[nH]4)cn3)cn2)CC1,0.6441299,train
N#Cc1ccc2[nH]c(-c3ccc(-c4ccc(O[C@H]5CC[C@@H](CC(=O)O)CC5)nc4)nc3)nc2c1,0.7644155,train
O=C(O)C[C@H]1CC[C@@H](Oc2ccc(-c3ccc(-c4nc5ccccc5[nH]4)cn3)cn2)CC1,0.4099528,train
O=C(O)C[C@H]1CC[C@@H](Oc2ccc(-c3ccc(-c4nc5cc(C(F)(F)F)cnc5[nH]4)cn3)cn2)CC1,0.20284213,train
COc1ccc2[nH]c(-c3ccc(-c4ccc(O[C@H]5CC[C@@H](CC(=O)O)CC5)nc4)nc3)nc2n1,0.6362125,val
O=C(O)C[C@H]1CC[C@H](OC2CCN(c3ccc(-c4nc5cc(C(F)(F)F)ccc5[nH]4)cn3)CC2)CC1,0.7675127,train
O=C(O)C[C@H]1CC[C@H](OC2CCN(c3ccc(-c4nc5cc(Cl)ccc5[nH]4)cn3)CC2)CC1,0.8215291,train
O=C(O)C[C@H]1CC[C@H](OC2CCN(c3ccc(-c4nc5c(F)cc(F)cc5[nH]4)cn3)CC2)CC1,0.5513218,train
O=C(O)C[C@H]1CC[C@H](OC2CCN(c3ccc(-c4nc5cc(F)c(F)cc5[nH]4)cn3)CC2)CC1,0.45831004,train
O=C(O)C[C@H]1CC[C@H](OC2CCN(c3ccc(-c4nc5c(F)cccc5[nH]4)cn3)CC2)CC1,0.3370941,train
O=C(O)C[C@H]1CC[C@H](OC2CCN(c3ccc(-c4nc5ccccc5[nH]4)cn3)CC2)CC1,0.32196456,train
O=C(O)C[C@H]1CC[C@H](OC2CCN(c3ccc(-c4nc5cc(C(F)(F)F)cnc5[nH]4)cn3)CC2)CC1,0.14098296,val
N#Cc1ccc2[nH]c(-c3ccc(N4CCC(O[C@H]5CC[C@H](CC(=O)O)CC5)CC4)nc3)nc2c1,0.73397684,train
COc1ccc2[nH]c(-c3ccc(N4CCC(O[C@H]5CC[C@H](CC(=O)O)CC5)CC4)nc3)nc2n1,0.59729975,val
CCCN(CCC)[C@H](c1ccccn1)[C@@H](c1ccccn1)N(CCC)CCC,0.9911111,train
CC(C)c1cc(C(=O)NC[C@H]2CCN(CCc3ccc(C(F)(F)F)cc3)C2)on1,0.9933246,train
CC(C)c1cc(C(=O)NC[C@H]2CCN(CCc3ccc(Cl)c(Cl)c3)C2)on1,0.9730579,train
CC(C)c1cc(C(=O)NC[C@H]2CCN(CCc3ccc(Cl)c(F)c3)C2)on1,0.97335863,train
CC(C)c1cc(C(=O)NC[C@H]2CCN(CCc3ccc(OC(F)(F)F)c(F)c3)C2)on1,0.99535596,train
Cc1ccc(CCN2CC[C@H](CNC(=O)c3cc(C(C)C)no3)C2)cc1C(F)(F)F,0.9932074,train
COC(=O)C1=C(C)N=C(C)C(C(=O)NC[C@H]2CCN(CCc3ccc(C(F)(F)F)cc3)C2)C1c1cccc([N+](=O)[O-])c1,0.9941136,train
COC(=O)C1=C(C)N=C(C)C(C(=O)NC[C@H]2CCN(CCc3ccc(Cl)c(Cl)c3)C2)C1c1cccc([N+](=O)[O-])c1,0.97900385,train
COC(=O)C1=C(C)N=C(C)C(C(=O)NC[C@H]2CCN(CCc3ccc(C)c(C(F)(F)F)c3)C2)C1c1cccc([N+](=O)[O-])c1,0.99417406,train
COC(=O)C1=C(C)N=C(C)C(C(=O)NC[C@H]2CCN(CCc3ccc(Cl)c(F)c3)C2)C1c1cccc([N+](=O)[O-])c1,0.97910154,train
COC(=O)C1=C(C)N=C(C)C(C(=O)NC[C@H]2CCN(CCc3ccc(OC(F)(F)F)c(F)c3)C2)C1c1cccc([N+](=O)[O-])c1,0.99590486,train
Cc1cnc(NC(=O)Nc2cc(Br)c(C)cc2OC[C@@H]2CNCCO2)cn1,0.3312768,test
COc1cccc(OCCCN)c1-c1cc(Nc2cnc(C#N)cn2)[nH]n1,0.15051457,train
COc1ccc2c(c1)CCN(CCC(F)Cc1ccccc1)CC2,0.9316489,train
FC(CCN1CCc2ccccc2CC1)Cc1ccccc1,0.9397717,train
CC(C)CC(NC(=O)C(CCc1ccccc1)NC(=O)CN1CCOCC1)C(=O)NC(Cc1ccccc1)C(=O)NC(CC(C)C)C(=O)[C@@]1(C)CO1,0.48704502,train
Cc1cc(-c2ccnc3[nH]nc(C(F)(F)F)c23)cc(C2(CN)CCC2)c1,0.7409444,train
NCC1(c2cccc(-c3ccnc4[nH]nc(C(F)(F)F)c34)c2)CCC1,0.6774132,train
C[C@]12CC[C@@H]3c4ccc(OCCCN5CCCC5)cc4CC[C@H]3[C@@H]1CC[C@@H]2N1CCCC1,0.99867237,test
CCNC(=O)C1CC[C@@]2(C)CC[C@@H]3c4ccc(OCCCN5CCC[C@H]5C)cc4CC[C@H]3[C@H]12,0.69454914,train
C[C@@H]1CCCN1CCCOc1ccc2c(c1)CC[C@@H]1[C@@H]2CC[C@]2(C)CCC(C(=O)NCC3CC3)[C@@H]12,0.9808379,train
CCNC(=O)C1C[C@H](OC)[C@@]2(C)CC[C@@H]3c4ccc(OCCCN5CCC[C@H]5C)cc4CC[C@H]3[C@H]12,0.18379876,train
CCNC(=O)C1CC(=O)[C@@]2(C)CC[C@@H]3c4ccc(OCCCN5CCC[C@H]5C)cc4CC[C@H]3[C@H]12,0.026022226,test
C[C@H]1CCCN1CCCOc1ccc2c(c1)CC[C@@H]1[C@@H]2CC[C@]2(C)C(=O)CC(C(=O)N3CCCC3)[C@@H]12,0.2668825,train
NCc1ncc(S(=O)(=O)c2ccc3ccccc3c2)s1,0.10823877,train
CS(=O)(=O)c1cc(-c2ccccc2)cc(S(=O)(=O)c2cnc(CN)s2)c1,0.25032502,train
CCc1cc(-c2ccccc2)cc(S(=O)(=O)c2cnc(CN)s2)c1,0.13396703,train
Cc1ccc(-c2cc(S(C)(=O)=O)cc(S(=O)(=O)c3cnc(CN)s3)c2)cc1,0.30132943,train
CCc1cc(-c2cnn(C)c2)cc(S(=O)(=O)c2cnc(CN)s2)c1,0.05412512,train
Cn1cc(-c2cc(F)cc(S(=O)(=O)c3cnc(CN)s3)c2)cn1,0.060378924,train
CCc1cc(-c2cnn(C)c2)cc(S(=O)(=O)c2csc(CN)n2)c1,0.13394563,test
Cc1cc2nccn2cc1Nc1ncc2c(n1)n(C1CCOCC1)c(=O)n2C,0.10134319,test
Cc1cnc(Nc2cccnc2F)nc1-c1c[nH]c2c(NC(=O)C(C)N3CCN(C)CC3)cccc12,0.25821474,train
COc1nn(C)cc1Nc1ncc(Cl)c(-c2c[nH]c3c(NC(=O)C(C)N4CCN(C)CC4)cccc23)n1,0.5167175,train
COc1nn(C)cc1Nc1ncc(Br)c(-c2c[nH]c3c(NC(=O)C(C)N4CCN(C)CC4)cccc23)n1,0.44862992,train
COc1cc(-c2cncc(-c3ccc(N4C[C@@H](C)N(C)[C@@H](C)C4)cc3)c2C)cc(F)c1C(N)=O,0.47508985,train
NC(=O)c1ccn(-c2cccc(OC(=O)NCCN3CCN(c4ccccc4)CC3)c2)c1,0.5562337,val
Cc1cc(C(N)=O)c(-c2cccc(OC(=O)NCCN3CCN(c4ccccc4)CC3)c2)s1,0.88370454,test
Cn1c(C(N)=O)ccc1-c1cccc(OC(=O)NCCN2CCN(c3ccccc3)CC2)c1,0.5129853,train
NC(=O)c1ccn(-c2cccc(OC(=O)NCCCN3CCN(c4ccccc4)CC3)c2)c1,0.7629204,test
Cc1cc(C(N)=O)c(-c2cccc(OC(=O)NCCCN3CCN(c4ccccc4)CC3)c2)o1,0.75145155,val
O=C1c2ccccc2C(Cc2c(F)cncc2F)(Cc2c(F)cncc2F)c2ccccc21,0.079210564,train
O=C1c2ccccc2C(Cc2ccnc(F)c2)(Cc2ccnc(F)c2)c2ccccc21,0.24607418,train
CCOc1c([C@H](C)n2nc(C)c3c(N)ncnc32)cc(Cl)c(F)c1[C@@H]1CNC(=O)C1,0.17614877,train
O=C1CN(c2cn[nH]c(=O)c2Cl)CCN1Cc1ccccc1C(F)(F)F,0.30952826,train
N=C(N)N/N=C/c1ccc(-c2cccc(/C=N/N=C(N)N)c2)cc1,0.9197542,train
Cc1ccc(/C(=C(\CCCO)c2ccccc2)c2ccc(N3CCNCC3)cc2)cc1,0.12391094,train
Cc1ccc(/C(=C(\CCCO)c2ccccc2)c2ccc(N3CCN(C)CC3)cc2)cc1,0.18268532,train
CC(C)N1CCN(c2ccc(C(=C(CCCO)c3ccccc3)c3ccc(O)cc3)cc2)CC1,0.12496575,train
CC(C)N1CCN(c2ccc(/C(=C(/CCCO)c3ccccc3)c3ccc(Br)cc3)cc2)CC1,0.51302844,train
CCN1CCN(c2ccc(/C(=C(/CCCO)c3ccccc3)c3ccc(C)cc3)cc2)CC1,0.29079273,train
CC(C)N1CCN(c2ccc(/C(=C(/CCCO)c3ccccc3)c3cccc(O)c3)cc2)CC1,0.11152027,train
Cn1c(N2CCC(C)(CN)CC2)nc(N)c(Sc2cccc(Cl)c2Cl)c1=O,0.96565807,val
C[C@@H]1OCC2(CCN(c3nc(N)c(Sc4cccc(Cl)c4Cl)c(=O)n3C)CC2)[C@@H]1N,0.97813696,train
C[C@@H]1OCC2(CCN(c3nc(N)c(Sc4ccnc(C5CC5)c4Cl)c(=O)n3C)CC2)[C@@H]1N,0.7052566,val
Cn1c(N2CCC(C)(N)CC2)nc2[nH]nc(-c3cccc(Cl)c3Cl)c2c1=O,0.9694036,train
Cn1c(N2CCC(C)(CN)CC2)nc2[nH]nc(-c3cccc(Cl)c3Cl)c2c1=O,0.910665,train
Cn1c(N2CCC3(CCC[C@H]3N)CC2)nc2[nH]nc(-c3cccc(Cl)c3Cl)c2c1=O,0.99178094,val
Cn1c(N2CCC3(CC2)COC[C@H]3N)nc2[nH]nc(-c3cccc(Cl)c3Cl)c2c1=O,0.93169594,train
C[C@@H]1OCC2(CCN(c3nc4[nH]nc(-c5cccc(Cl)c5Cl)c4c(=O)n3C)CC2)[C@@H]1N,0.94593656,train
C[C@@H]1OCC2(CCN(c3cnc4c(-c5cccc(Cl)c5Cl)[nH]nc4n3)CC2)[C@@H]1N,0.7879991,train
C[C@@H]1OCC2(CCN(c3cnc4c(-c5cccc(Cl)c5Cl)c[nH]c4n3)CC2)[C@@H]1N,0.9362347,test
C[C@@H]1OCC2(CCN(c3nc4[nH]nc(-c5ccnc(Cl)c5Cl)c4c(=O)n3C)CC2)[C@@H]1N,0.824652,val
C[C@@H]1OCC2(CCN(c3nc4[nH]nc(-c5ccnc(NC6CCC6)c5Cl)c4c(=O)n3C)CC2)[C@@H]1N,0.82816726,test
Cc1nc(N)ccc1-c1[nH]nc2nc(N3CCC4(CC3)CO[C@@H](C)[C@H]4N)n(C)c(=O)c12,0.76899374,train
C[C@@H]1OCC2(CCN(c3nc4[nH]nc(-c5ccnc(NC6CC6)c5Cl)c4c(=O)n3C)CC2)[C@@H]1N,0.796205,train
CNC(=O)c1cnc(Nc2ccc(F)cn2)cc1Nc1ccccc1S(C)(=O)=O,0.22507036,train
CNC(=O)c1cnc(Nc2cc(C)ccn2)cc1Nc1ccccc1S(C)(=O)=O,0.28662294,train
CNC(=O)c1cnc(Nc2ccc(N3CCOCC3)cn2)cc1Nc1ccccc1S(C)(=O)=O,0.08317094,train
CNC(=O)c1cnc(Nc2ccc(C)nn2)cc1Nc1ccccc1S(C)(=O)=O,0.12711038,train
CNC(=O)c1cnc(Nc2ccccn2)cc1Nc1ccccc1S(C)(=O)=O,0.19618948,train
CNC(=O)c1cnc(Nc2ccc(OC)cn2)cc1Nc1ccccc1S(C)(=O)=O,0.17961378,train
CC1(C)CCN1Cc1cccc(F)c1CNc1cc(F)c(S(=O)(=O)Nc2cscn2)c(F)c1,0.22566706,train
CN(Cc1cccc(F)c1CNc1cc(F)c(S(=O)(=O)Nc2cscn2)c(F)c1)C(C)(C)C,0.27962163,val
CN1CCC(c2nc(-c3ccc(F)c(NS(C)(=O)=O)c3)c(-c3ccnc(NCC4CC4)n3)s2)CC1,0.2951708,test
CN1CCC(c2nc(-c3ccc(F)cc3)c(-c3ccnc(Nc4ccc(N5CCNCC5)cc4)n3)s2)CC1,0.7009685,train
CN1CCN(c2ccc(Nc3nccc(-c4sc(C5CCNCC5)nc4-c4ccc(F)cc4)n3)cc2)CC1,0.57220227,train
Fc1ccc(-c2nc(N3CCOCC3)sc2-c2ccnc(Nc3ccc(N4CCNCC4)cc3)n2)cc1,0.24949059,test
Fc1ccc(-c2nc(N3CCCC3)sc2-c2ccnc(Nc3ccc(N4CCNCC4)cc3)n2)cc1,0.7238576,val
Nc1nc(-c2ccc(F)cc2)c(-c2ccnc(Nc3ccc(N4CCNCC4)cc3)n2)s1,0.3224031,train
CC(=O)Nc1nc(-c2ccc(F)cc2)c(-c2ccnc(Nc3ccc(N4CCNCC4)cc3)n2)s1,0.04625748,train
CN1CCC(C(=O)Nc2nc(-c3ccc(F)cc3)c(-c3ccnc(Nc4ccc(N5CCNCC5)cc4)n3)s2)CC1,0.18241951,train
Fc1ccc(-c2nc(C3CCNCC3)sc2-c2ccnc(Nc3nncs3)n2)cc1,0.2823722,test
Fc1ccc(-c2nc(C3CCNCC3)sc2-c2ccnc(Nc3ccncn3)n2)cc1,0.3537439,train
Cc1cc(Nc2nccc(-c3sc(C4CCNCC4)nc3-c3ccc(F)cc3)n2)ccn1,0.61318934,train
Cc1cc(Nc2nccc(-c3sc(C4CCNCC4)nc3-c3ccc(F)cc3)n2)cc(C)n1,0.541371,train
Fc1ccc(-c2nc(C3CCNCC3)sc2-c2ccnc(NCc3ccncc3)n2)cc1,0.22976913,test
OC(CNc1nccc(-c2sc(C3CCNCC3)nc2-c2ccc(F)cc2)n1)c1ccncc1,0.22213513,train
Cc1cc(Nc2nccc(-c3sc(C4CCNCC4)nc3C3CC3)n2)ccn1,0.3083062,test
CCc1cc(F)c2nc(N3CCC(NC4CCOCC4)CC3)c(-c3nc(C)no3)c(C)c2c1,0.8899516,train
O=C(O)C[C@H]1CCCN(C[C@@H](O)c2ccc(-c3noc(-c4onc(-c5ccccc5)c4C(F)(F)F)n3)cc2)C1,0.6264091,test
Cc1c([C@H](O)CN2CCN(C[C@@H](O)c3ccc4c(c3C)COC4=O)CC2)ccc2c1COC2=O,0.402761,train
Cc1c([C@@H](O)CN2CCN(C[C@H](O)c3ccc4c(c3C)COC4=O)CC2)ccc2c1COC2=O,0.40276104,train
Cc1c(C(O)CN2CCN(CC(O)c3ccc4c(c3C)COC4=O)CC2)ccc2c1COC2=O,0.36526376,train
Cc1c([C@H](O)CN2CCN(C[C@H](O)c3ccc4c(c3C)COC4=O)CC2)ccc2c1COC2=O,0.48953196,train
Cc1c(C(F)CN2CCN(CC(F)c3ccc4c(c3C)COC4=O)CC2)ccc2c1COC2=O,0.52033556,train
Cc1c(CCN2CCN(CC(O)c3ccc4c(c3C)COC4=O)CC2)ccc2c1COC2=O,0.767163,train
Cc1c(CCN2CCN(CCc3ccc4c(c3C)COC4=O)CC2)ccc2c1COC2=O,0.9429782,train
Cc1c(C(F)CN2CCN(C(=O)Cc3ccc(-n4cnnn4)cc3)CC2)ccc2c1COC2=O,0.022935841,train
Cc1c(C(O)CN2CCN(C(=O)Cc3ccc(-n4cnnn4)cc3)CC2)ccc2c1COC2=O,0.067958266,train
Cc1c(C(C)CN2CCN(C(=O)Cc3ccc(-n4cnnn4)cc3)CC2)ccc2c1COC2=O,0.08740092,train
CNC(=O)C1C[C@H](N2CCc3c(cccc3OCCc3ccccc3)C2)CN1C(=O)c1ccc(CN)c(OC)c1,0.58205074,train
CNC(=O)C1C[C@H](N2CCc3c(cccc3OCCC3CC3)C2)CN1C(=O)c1ccc(CN)c(OC)c1,0.33726248,val
COc1cc(C(=O)N2C[C@@H](n3cc(C4CC4)nn3)CC2C(=O)N[C@H]2CCCC[C@@H]2c2ccccc2)ccc1CN,0.6241462,train
COc1cc(C(=O)N2C[C@@H](n3cc(C4CC4)nn3)CC2C(=O)N[C@@H]2C[C@H]2c2ccccc2)ccc1CN,0.4737879,test
NCc1ccc(C(=O)N2C[C@@H](n3cc(C4CC4)nn3)CC2C(=O)NCC(c2ccccc2)c2ccccc2)cc1,0.5787725,train
COc1cc(C(=O)N2C[C@@H](n3cc(C4CC4)nn3)CC2C(=O)NCC(c2ccccc2)c2ccccc2)ccc1CN,0.5894592,train
COc1cc(C(=O)N2C[C@@H](n3cc(C4CC4)nn3)CC2C(=O)N2CC[C@H](c3ccccc3)C2)ccc1CN,0.46515825,train
Cn1cc(NC(=O)c2cccc(-c3ccnc(N)c3)n2)c(C(N)=O)n1,0.29921272,test
Cn1cc(NC(=O)c2cccc(-c3ccnc(NCC4CC4)c3)n2)c(C(=O)N2CC(CN)C2)n1,0.3721436,train
CN1CCCC(CNC(=O)c2nn(C)cc2NC(=O)c2cccc(-c3ccnc(NCC4CC4)c3)n2)C1,0.587506,val
Cn1cc(NC(=O)c2ccnc(-c3ccnc(NCC4CC4)c3)n2)c(C(N)=O)n1,0.3447749,test
Cn1cc(NC(=O)c2cccc(-c3ccnc(NCC4CC4)c3)c2)c(C(N)=O)n1,0.5607204,val
Cn1cc(NC(=O)c2cccc(-c3ccnc(NCC4CC4)c3)n2)c(C(N)=O)n1,0.44614536,train
Cn1cc(NC(=O)c2cncc(-c3ccnc(NCC4CC4)c3)c2)c(C(N)=O)n1,0.4909412,test
O=S(=O)(Nc1ncns1)c1ccc2c(-c3ccc(C(F)(F)F)c(Cl)c3)nccc2c1,0.9089385,val
Cc1c(-c2ccc(C(N)=O)c3[nH]c4cc(C(C)(C)O)ccc4c23)cccc1-n1cnc2ccccc2c1=O,0.89045835,train
Cc1nc2cc(Nc3cc(NC4CCN(c5ccc(C#N)cn5)CC4)c(C(N)=O)cn3)ccc2o1,0.5871207,test
Cc1nccc(Nc2cc(NC3CCN(c4ccc(C#N)cn4)CC3)c(C(N)=O)cn2)n1,0.67602897,train
Cc1cnc(Nc2cc(NC3CCN(c4ccc(C#N)cn4)CC3)c(C(N)=O)cn2)cn1,0.64216244,train
Cc1cncc(Nc2cc(NC3CCN(c4ccc(C#N)cn4)CC3)c(C(N)=O)cn2)n1,0.66038585,train
N#Cc1ccc(N2CCC(Nc3cc(Nc4ccncn4)ncc3C(N)=O)CC2)nc1,0.6913235,train
N#Cc1ccc(N2CCC(Nc3cc(Nc4cnccn4)ncc3C(N)=O)CC2)nc1,0.7624486,train
N#Cc1ccc(N2CCC(Nc3cc(Nc4ccccn4)ncc3C(N)=O)CC2)nc1,0.8829955,train
CC(NC(=O)c1ccc(C(F)(F)F)cc1Cl)C1(N2CCN(S(=O)(=O)c3cn(C)nn3)CC2)CCC(F)(F)CC1,0.3173113,train
CN1CCN(C(=O)c2cccc(-c3ncnc4ccc(-c5cnc6ccccc6c5)cc34)c2)CC1,0.42004022,test
COc1ccc(-c2ccc3ncnc(-c4cccc(C(=O)N5CCN(C)CC5)c4)c3c2)cc1OC,0.5178664,test
COc1ncc(-c2ccc3ncnc(-c4cccc(C(=O)N5CCN(C)CC5)c4)c3c2)cc1C#N,0.22088137,train
COc1ncc(-c2ccc3ncnc(-c4cccc(C(=O)N5CCN(C)CC5)c4)c3c2)cc1C(F)(F)F,0.27638814,train
COc1ccc(-c2ccc3ncnc(-c4cccc(C(=O)N5CCN(C)CC5)c4)c3c2)cn1,0.41171858,train
COc1ccc(-c2ccc3ncnc(-c4cncc(C(=O)N5CCN(C)CC5)c4)c3c2)cn1,0.25639477,test
COc1ccc(-c2ccc3ncnc(N4CCCC(C(=O)N5CCN(C)CC5)C4)c3c2)cn1,0.8015722,train
CC(C)Cc1cc(CNC(=O)C2C3CN(CCC(C)(C)C)CC32)nn1-c1ccccc1,0.7549873,val
CC(C)Cc1cc(CNC(=O)C2C3CN(Cc4ccccc4)CC32)nn1-c1ccccc1,0.6599023,train
CC(C)Cc1cc(CNC(=O)C2C3CN(C(=O)c4ccccc4)CC32)nn1-c1ccccc1,0.21120466,test
CC(C)Cc1cc(CNC(=O)C2C3CN(C(=O)Cc4ccccc4)CC32)nn1-c1ccccc1,0.24052046,train
CC(C)Cc1cc(C(=O)NCC2C3CN(CCC(C)(C)C)CC23)nn1-c1ccccc1,0.9821146,train
COc1ncc(-c2nc(NCc3ccccn3)c3c(-c4ccccc4)cccc3n2)cn1,0.9956131,val
c1ccc(-c2cccc3nc(-c4ccncc4)nc(NCc4ccccn4)c23)cc1,0.93672884,test
COc1cncc(-c2nc(NCc3ccccn3)c3c(-c4ccccc4)cccc3n2)c1,0.9747089,train
c1ccc(-c2cccc3nc(-c4cccnc4)nc(NCc4ccccn4)c23)cc1,0.94838196,train
Cc1noc(C)c1-c1nc(NCc2ccccn2)c2c(-c3ccccc3)cccc2n1,0.98948085,train
Cn1cncc1-c1nc(NCc2ccccn2)c2c(-c3ccccc3)cccc2n1,0.90625256,test
c1ccc(-c2cccc3nc(-c4cncs4)nc(NCc4ccccn4)c23)cc1,0.8344683,train
FC(F)(F)c1nc(NCc2ccccn2)c2c(-c3ccccc3)cccc2n1,0.95158166,train
Cc1nc(NCc2ccccn2)c2c(-c3ccccc3)cccc2n1,0.6210277,train
CN(C)c1nc(NCc2ccccn2)c2c(-c3ccccc3)cccc2n1,0.9640333,train
CCOc1ccc2cc(-c3nn(CC4CCN(C)CC4)c4ncnc(N)c34)ccc2c1,0.96275806,train
CCOc1ccc2cc(-c3nn(CC4CNC4)c4ncnc(N)c34)ccc2c1,0.7347766,train
CCOc1ccc2cc(-c3nn(CC4CN(C)C4)c4ncnc(N)c34)ccc2c1,0.92968035,train
CCOc1ccc2cc(-c3nn(CC4CCN(C(C)C)CC4)c4ncnc(N)c34)ccc2c1,0.9437295,train
CN1CCC(Cn2nc(-c3ccc4cc(OCC5CC5)ccc4c3)c3c(N)ncnc32)CC1,0.9968919,train
CN1CCC(Cn2nc(-c3ccc4cc(OC5CCC5)ccc4c3)c3c(N)ncnc32)CC1,0.98185927,test
CN1CCC(Cn2nc(-c3ccc4cc(OC5CC5)ccc4c3)c3c(N)ncnc32)CC1,0.9842843,test
CCOc1ccc2cc(-c3nn(CC4CCN(C)CC4)c4ncnc(N)c34)ccc2n1,0.9554651,train
CN1CCC(Cn2nc(-c3ccc4nc(OCC(F)(F)F)ccc4c3)c3c(N)ncnc32)CC1,0.99061275,train
CN1CCC(Cn2nc(-c3ccc4nc(OC5CC5)ccc4c3)c3c(N)ncnc32)CC1,0.9867684,train
CN(C)CC(C)(C)Cn1nc(-c2ccc3nc(OC4CC4)ccc3c2)c2c(N)ncnc21,0.97775364,train
CC(C)Cn1nc(-c2ccc3nc(OC4CC4)ccc3c2)c2c(N)ncnc21,0.9754175,train
CC1(Cn2nc(-c3ccc4cc(OC5CC5)ccc4c3)c3c(N)ncnc32)COC1,0.9271954,train
O=c1c(O)c(-c2cccc(O)c2)oc2ccc(O)cc12,0.34521595,train
CC(C)=CCn1c(N2CCC[C@H](N)C2)nc2c1c(=O)n(CC(=O)c1ccccc1)c(=O)n2C,0.9607105,train
CN1[C@H](CCc2ccccc2)CCC[C@@H]1CC(=O)c1ccccc1,0.9792908,test
COc1ccccc1CCN1CCN(CCc2ccccc2OC)CC1,0.99636346,train
Clc1ccccc1CCN1CCN(CCc2ccccc2Cl)CC1,0.9931195,train
COc1ccccc1CCN1CCN(CCc2ccccc2)CC1,0.9944384,train
CCNC(=O)Nc1ccc(-c2nc(N3CCOC[C@@H]3C)c3c(n2)C(C)(C)S(=O)(=O)C3)cc1,0.02467988,test
Cc1ccc(-c2cc3nccnc3c(NCCCCN)n2)cc1,0.5247442,test
CN(C)c1ccc(-c2cc3nccnc3c(NCCCCN)n2)cn1,0.32392812,train
CN(C)c1ccc(-c2cc3nccnc3c(NCCCCO)n2)cn1,0.1662621,train
CN(C)c1ccc(-c2cc3nccnc3c(NC[C@H]3CCCNC3)n2)cn1,0.30895016,train
CN(C)c1ccc(-c2cc3nccnc3c(NC[C@@H]3CNCCC3(F)F)n2)cn1,0.25389683,train
CN(C)c1ccc(-c2cc3nccnc3c(NC[C@H]3CNCCC3(F)F)n2)cn1,0.15244813,train
CN(C)c1ccc(-c2cc3nccnc3c(NC[C@H]3CNCCN3C)n2)cn1,0.45057252,val
Cc1ccc(-c2cc3ncccc3c(NC[C@H]3CCCNC3)n2)cc1,0.8494301,val
Cc1ccc(-c2cc3ncncc3c(NC[C@H]3CCCNC3)n2)cc1,0.6393961,val
Cc1ccc(-c2cc3[nH]cnc(=O)c3c(NC[C@H]3CCCNC3)n2)cc1,0.6880009,train
Cc1ccc(-c2cc3ncn(C)c(=O)c3c(NC[C@H]3CCCNC3)n2)cc1,0.61082965,train
CN(C)c1ccc(-c2cc(NC[C@H]3CCCNC3)c3cccnc3c2)cn1,0.84759974,test
CN(C)c1ccc(-c2cc3nccnc3c(CCC3CCCNC3)n2)cn1,0.698343,val
CN(C)c1ccc(-c2cc3nccnc3c(OC[C@H]3CCCNC3)n2)cn1,0.23130819,train
CN(C)c1ccc(-c2cc3nccnc3c(OC[C@@H]3CCCNC3)n2)cn1,0.435631,train
O=C1CN(c2cc3nccnc3c(NC[C@H]3CCCNC3)n2)CCN1,0.040721342,train
Cc1ccc(-c2cc3nccnc3c(NC[C@H]3CCCNC3)n2)s1,0.6387255,test
Cc1ccc(-c2cc3nccnc3c(NC[C@H]3CCCNC3)n2)o1,0.31191266,train
Cn1cc(-c2cc3nccnc3c(NC[C@@H]3CNCCC3(F)F)n2)cn1,0.079434834,train
Cn1cc(-c2cc3nccnc3c(OCC3CNCCC3(F)F)n2)cn1,0.018960563,train
Clc1ccc(CCCOCCCN2CCCCC2)cc1,0.99323684,train
c1ccc(-c2ccc(OCCCCCN3CCCCCC3)cc2)cc1,0.99110085,val
c1ccc(-c2ccc(OCCCCCN3CCCCC3)cc2)cc1,0.98925775,test
C[C@@H]1CCCN1[C@H]1C[C@H](c2ccc(-c3ccc(C#N)cc3)cc2)C1,0.9998658,val
CN1C[C@H]2CCN(c3ccc(-c4ccc(-n5ncccc5=O)cc4)cc3)[C@H]2C1,0.8765637,train
CCC(CC)CNc1c(C(N)=O)cnc2ccc(C#N)cc12,0.9522612,train
CCC(CC)CNc1c(C(N)=O)cnc2ccc(-c3cccnc3)cc12,0.9355511,train
CCC(CC)COc1c(C(N)=O)cnc2ccc(-c3cccnc3)cc12,0.9679892,train
NC(=O)c1cnc2ccc(-c3cccnc3)cc2c1NC1CCCC1,0.84645563,train
NC(=O)c1cnc2ccc(-c3cccnc3)cc2c1SC1CCCC1,0.9614732,test
NC(=O)c1cnc2ccc(-c3cccnc3)cc2c1NCC1CCCCC1,0.89495116,test
NC(=O)c1cnc2ccc(-c3cccnc3)cc2c1NCC1CCOCC1,0.66781527,train
C[C@@H](Nc1c(C(N)=O)cnc2ccc(-c3cccnc3)cc12)C1CCOCC1,0.7572378,train
C[C@H](Nc1c(C(N)=O)cnc2ccc(-c3cccnc3)cc12)C1CCOCC1,0.72788525,train
C[C@@H](Nc1c(C(N)=O)cnc2ccc(-c3cccnc3)cc12)c1ccn(C)n1,0.16019407,train
C[C@H](Nc1c(C(N)=O)cnc2ccc(-c3cccnc3)cc12)c1ccn(C)n1,0.18627378,train
CCC(CC)CNc1c(C(N)=O)cnc2ccc(-c3ccncc3)cc12,0.90395147,train
CCC(CC)CNc1c(C(N)=O)cnc2ccc(-c3cccnn3)cc12,0.895782,train
CCC(CC)CNc1c(C(N)=O)cnc2ccc(-c3ccnnc3)cc12,0.8921437,val
CCC(CC)CNc1c(C(N)=O)cnc2ccc(-c3cncnc3)cc12,0.7578105,train
CCC(CC)CNc1c(C(N)=O)cnc2ccc(-c3ccc(C)nc3)cc12,0.9243633,train
CCC(CC)CNc1c(C(N)=O)cnc2ccc(-c3ccc(COC)cc3)cc12,0.9001439,train
CCC(CC)CNc1c(C(N)=O)cnc2ccc(-c3ccc(CS(C)(=O)=O)cc3)cc12,0.9458274,train
CCC(CC)CNc1c(C(N)=O)cnc2ccc(-c3ccc(CO)nc3)cc12,0.63702375,train
CCC(CC)CNc1c(C(N)=O)cnc2ccc(-c3ccc(COC)nc3)cc12,0.8437192,train
CCC(CC)CNc1c(C(N)=O)cnc2ccc(-c3ccc(CS(C)(=O)=O)nc3)cc12,0.91491634,train
CCC(CC)CNc1c(C(N)=O)c(C)nc2ccc(-c3cccnc3)cc12,0.8782003,train
CCC(CC)CNc1c(C(N)=O)cnc2c(C)cc(-c3cccnc3)cc12,0.9394245,train
NC(=O)c1cnc2ccc(-c3cccnc3)c(F)c2c1NC1CCOCC1,0.5828615,train
NC(=O)c1cnc2cc(F)c(-c3cccnc3)cc2c1NC1CCOCC1,0.52460676,train
NC(=O)c1cnc2cc(Cl)c(-c3cccnc3)cc2c1NC1CCOCC1,0.6841085,train
NC(=O)c1cnc2c(F)cc(-c3cccnc3)cc2c1NC1CCOCC1,0.60309434,train
NC(=O)c1cnc2c(Cl)cc(-c3cccnc3)cc2c1NC1CCOCC1,0.7236274,train
COCc1ccc(-c2ccc3ncc(C(N)=O)c(N[C@@H](C)C4CCOCC4)c3c2)cn1,0.53398883,train
COCc1ccc(-c2cc3c(N[C@@H](C)C4CCOCC4)c(C(N)=O)cnc3cc2F)cn1,0.46322837,train
COCc1ccc(-c2cc3c(N[C@@H](C)c4ccn(C)n4)c(C(N)=O)cnc3cc2F)cn1,0.057772897,train
COCc1ccc(-c2ccc3ncc(C(N)=O)c(N[C@@H](C)c4ccn(C)n4)c3c2)c(F)n1,0.056219876,train
COCc1ccc(-c2cc3c(N[C@@H](C)c4ccn(C)n4)c(C(N)=O)cnc3cc2F)c(F)n1,0.04760893,train
COCc1ccc(-c2cc3c(N[C@@H](C)c4nn(C)cc4C)c(C(N)=O)cnc3cc2F)cn1,0.07808846,train
CCC(CC)CNc1c(C(N)=O)cnc2ccc(-c3cnn(C)c3)cc12,0.84177816,test
CCc1c(-c2ccc(N3CCC(N(C)C)C3)cc2)[nH]c(=O)c2c(=O)[nH]sc12,0.23040973,train
COc1cccc(C(O)(CCN(C)C)C(c2cc3cc(Br)ccc3nc2OC)c2cccc3c2OCO3)n1,0.9995517,val
COc1cccc(C(c2cc3cc(Br)ccc3nc2OC)C(O)(CCN(C)C)c2cc(C)cnc2C)c1OC,0.9960459,train
COc1cccc(C(c2cc3cc(Br)ccc3nc2OC)C(O)(CCN(C)C)c2cnc(C)cc2C)c1OC,0.99866843,train
COc1nc2ccc(Br)cc2cc1C(c1cccc(C)c1)C(O)(CCN(C)C)c1cccnc1OC,0.9982681,train
COc1nc2ccc(C#N)cc2cc1C(c1cccc(C)c1)C(O)(CCN(C)C)c1cccnc1OC,0.9964334,train
COc1cnc(OC)c(C(O)(CCN(C)C)C(c2cc3cc(Br)ccc3nc2OC)c2cccc(OC)c2F)c1,0.99609715,train
COc1cc(C(O)(CCN(C)C)C(c2cc3cc(Br)ccc3nc2OC)c2ccnc(OC)c2OC)cnc1OC,0.9955615,train
COc1cc(C(O)(CCN(C)C)C(c2cc3cc(Br)ccc3nc2OC)c2ccnc(OC)c2OC)c(OC)nc1OC,0.99860567,train
COc1cccc(C(c2cc3cc(C#N)ccc3nc2OC)C(O)(CCN(C)C)c2cc(C)nc(C)c2)c1OC,0.9893534,train
COc1cc(C(O)(CCN(C)C)C(c2cc3cc(Br)ccc3nc2OC)c2cccc(OC)c2F)c(OC)cn1,0.99900526,train
CCOc1cc(C(O)(CCN(C)C)C(c2cc3cc(Br)ccc3nc2OC)c2ccnc(OC)c2OC)cc(OC(C)C)n1,0.9994234,train
COc1cc([C@](O)(CCN(C)C)[C@@H](c2cc3cc(C#N)ccc3nc2OC)c2cccc3c2CCC3)cc(OC)n1,0.9504177,val
COc1cc([C@](O)(CCN(C)C)[C@@H](c2cc3cc(Br)ccc3nc2OC)c2cccc(OC)c2F)cc(OC)n1,0.92829436,train
CCOc1cc([C@](O)(CCN(C)C)[C@@H](c2cc3cc(Br)ccc3nc2OC)c2cccc(OC)c2F)cc(OCC)n1,0.9207313,train
COc1cc([C@](O)(CCN(C)C)[C@@H](c2cc3cc(Br)ccc3nc2OC)c2cccc(OC)c2OC)cc(OC)n1,0.97948587,train
CCOc1cc([C@](O)(CCN(C)C)[C@@H](c2cc3cc(Br)ccc3nc2OC)c2cccc(OC)c2OC)cc(OCC)n1,0.9771509,train
COc1cc([C@](O)(CCN(C)C)[C@@H](c2cc3cc(C#N)ccc3nc2OC)c2cccc3c2OCO3)cc(OC)n1,0.9305292,train
COc1cc([C@](O)(CCN(C)C)[C@@H](c2cc3cc(C#N)ccc3nc2OC)c2cccc3c2OCCO3)cc(OC)n1,0.77722883,train
CCOc1cc([C@](O)(CCN(C)C)[C@@H](c2cc3cc(Br)ccc3nc2OC)c2cccc3c2OCCO3)cc(OCC)n1,0.86710656,train
CCOc1cc([C@](O)(CCN(C)C)[C@@H](c2cc3cc(C#N)ccc3nc2OC)c2cccc3c2OCCO3)cc(OCC)n1,0.7623888,train
COc1cc([C@](O)(CCN(C)C)[C@H](c2cccnc2OC)c2cc3cc(Br)ccc3nc2OC)cc(OC)n1,0.9653193,train
CCOc1cc([C@](O)(CCN(C)C)[C@H](c2ccc(N(CC)CC)nc2)c2cc3cc(Br)ccc3nc2OC)cc(OCC)n1,0.78463,train
COc1cnc(OC)c([C@H](c2cc3cc(Br)ccc3nc2OC)[C@@](O)(CCN(C)C)c2cc(OC)nc(OC)c2)c1,0.98714685,train
COc1cnc(OC)c([C@H](c2cc3cc(C#N)ccc3nc2OC)[C@@](O)(CCN(C)C)c2cc(OC)nc(OC)c2)c1,0.9716833,train
COc1cc([C@](O)(CCN(C)C)[C@H](c2cc(OC(C)C)cnc2OC)c2cc3cc(C#N)ccc3nc2OC)cc(OC)n1,0.9230953,train
COc1cc([C@](O)(CCN(C)C)[C@H](c2cc(OC)c(OC)nc2OC)c2cc3cc(Br)ccc3nc2OC)cc(OC)n1,0.98489505,train
COc1cc([C@](O)(CCN(C)C)[C@@H](c2cc3cc(Br)ccc3nc2OC)c2ccnc(OC)c2OC)cc(OC)n1,0.9450412,train
COc1cc([C@](O)(CCN(C)C)[C@H](c2cc(OC)nc(OC(C)C)c2)c2cc3cc(C#N)ccc3nc2OC)cc(OC)n1,0.9450779,train
COc1cc([C@](O)(CCN(C)C)[C@H](c2cc(OC)nc(N(C)C)c2)c2cc3cc(C#N)ccc3nc2OC)cc(OC)n1,0.93966085,train
COc1cc(C(O)(CCn2ccnc2)C(c2cc3cc(Br)ccc3nc2OC)c2cccc(OC)c2OC)cc(OC)n1,0.99976915,test
COc1cc(C(O)(CCn2ccnc2)C(c2cc3cc(Br)ccc3nc2OC)c2ccnc(OC)c2OC)cc(OC)n1,0.9994629,val
C[C@@H]1CC1C(=O)N1CCN(c2cnc(C#N)c(-c3cnn(C)c3)n2)C[C@H]1C,0.02705256,train
CC(C)Cn1cc(-c2ccncc2)c2ccncc21,0.58649707,test
c1cc(-c2cn(CC3CC3)c3cnccc23)ccn1,0.71547854,train
c1ccc(Cn2cc(-c3ccncc3)c3ccncc32)cc1,0.7927354,train
Nc1cc(-c2cn(-c3ccccc3)c3cnccc23)ccn1,0.8922766,train
O=C(Nc1cc(-c2cn(-c3ccccc3)c3cnccc23)ccn1)C1CC1,0.9040403,train
O=C(Nc1cc(-c2cn(-c3ccccc3)c3cnccc23)ccn1)NC1CC1,0.74087447,train
O=C(Nc1cc(-c2cn(C3CCOCC3)c3cnccc23)ccn1)NC1CC1,0.1569946,val
CC1(C)CN(C(=O)Nc2cc(-c3cn(C4CCOCC4)c4cnccc34)ccn2)C1,0.03119944,val
O=C(Nc1cc(-c2cn(C3CCOCC3)c3cnccc23)ccn1)N1CCOCC1,0.05732177,train
C[C@@H]1CN(C(=O)Nc2cc(-c3cn(C4CCOCC4)c4cnccc34)ccn2)C[C@H](C)O1,0.32109854,train
COc1nn(C)cc1C(=O)Nc1cccc(-c2nncn2C(C)C)n1,0.56399965,test
COc1nn(C)cc1C(=O)Nc1cccc(-c2cncn2C(C)C)n1,0.7527482,val
Cc1ccc(C(=O)Nc2ccc(CN3CCC4C=NNC4C3)c(Cl)c2)cc1C#Cc1cnc2cccnn12,0.828364,test
COCCN1CCN(Cc2ccc(NC(=O)c3ccc(C)c(C#Cc4cnc5cccnn45)c3)cc2C2CC2)CC1,0.91372293,train
Cc1ccc(C(=O)Nc2ccc(CN3CCN(CCO)CC3)c(Cl)c2)cc1C#Cc1cnc2cccnn12,0.7407718,train
Cc1ccc(C(=O)Nc2ccc(CN3CCN(CCO)CC3)c(C3CC3)c2)cc1C#Cc1cnc2cccnn12,0.8157883,train
Cc1ccc(C(=O)Nc2ccc(CN3Cc4c[nH]nc4C3)c(Cl)c2)cc1C#Cc1cnc2cccnn12,0.0800837,train
Cc1ccc(C(=O)Nc2ccc(CN3Cc4ccc(O)cc4C3)c(Cl)c2)cc1C#Cc1cnc2cccnn12,0.22936639,test
Cc1ccc(C(=O)Nc2ccc(CN3CCN(C)CC3)c(C(F)(F)F)c2)cc1C#Cc1cnc2cccnn12,0.9335101,train
COc1ccc(-c2cnn3c(N)c(-c4ccccc4)c(NC4CC(C)(C)N(C)C(C)(C)C4)nc23)cc1OC,0.9730216,train
CN1C(C)(C)CC(Nc2nc3c(-c4ccc(C(=O)N5C[C@@H]6C[C@H]5CO6)cc4)cnn3c(N)c2-c2ccccc2)CC1(C)C,0.6991171,val
COC(=O)N1CCN(C(=O)c2ccc(-c3cnn4c(N)c(-c5ccccc5)c(NC5CC(C)(C)N(C)C(C)(C)C5)nc34)cc2)CC1,0.73348695,train
CN1C(C)(C)CC(Nc2nc3c(-c4ccc(C(=O)N5CCN(S(C)(=O)=O)CC5)cc4)cnn3c(N)c2-c2ccccc2)CC1(C)C,0.19788365,train
Cc1cc(Cl)cc(-c2ccnc3cc(Cn4c(O)c5c(c4O)C5(C)C)sc23)c1O[C@@H]1CCNC[C@@H]1C,0.9792586,train
Cc1cc(Cl)cc(-c2ccnc3cc(Cn4c(O)ccc4O)sc23)c1CN1[C@@H](C)CNC[C@@H]1C,0.990283,train
Cc1cc(Cl)cc(-c2ccnc3cc(Cn4c(O)c5c(c4O)C5)sc23)c1C[C@@H]1CNCCO1,0.91532344,train
Cc1cc(Cl)cc(-c2ccnc3cc(Cn4c(O)c5c(c4O)C5(C)C)sc23)c1C[C@@H]1CNCCO1,0.95924896,train
O=C(CCCCCCC(=O)Nc1ccccc1)NOC(c1ccccc1)(c1ccccc1)c1ccccc1,0.09156064,train
CCOc1cc([C@](O)(CCN(C)C)[C@@H](c2cc3cc(Br)ccc3nc2OC)c2ccnc(OC)c2OC)cc(OC)n1,0.9420329,train
COc1cc([C@](O)(CCN(C)C)[C@@H](c2cc3cc(Br)ccc3nc2OC)c2ccnc(OC)c2OC)cc(OC(C)C)n1,0.9135692,train
CCCOc1cc([C@](O)(CCN(C)C)[C@@H](c2cc3cc(Br)ccc3nc2OC)c2ccnc(OC)c2OC)cc(OC)n1,0.9898245,train
COc1cc([C@](O)(CCN(C)C)[C@@H](c2cc3cc(C#N)ccc3nc2OC)c2cccc3c2OCO3)cc(OC(F)F)n1,0.9858425,train
COc1cc([C@](O)(CCN(C)C)[C@@H](c2cc3cc(C#N)ccc3nc2OC)c2cccc(OC)c2F)cc(OC(F)F)n1,0.96919394,train
COc1cc([C@](O)(CCN(C)C)[C@@H](c2cc3cc(C#N)ccc3nc2OC)c2ccnc(OC)c2OC)cc(OC(F)F)n1,0.9762046,train
COc1cc([C@](O)(CCN(C)C)[C@@H](c2cc3cc(Br)ccc3nc2OC)c2cccc(OC)c2F)cc(S(C)(=O)=O)n1,0.6112426,train
COc1cc([C@](O)(CCN(C)C)[C@@H](c2cc3cc(C#N)ccc3nc2OC)c2ccnc(OC)c2OC)cc(N(C)C)n1,0.80927265,train
COc1cccc([C@H](c2cc3cc(C#N)ccc3nc2OC)[C@@](O)(CCN(C)C)c2cc(SC)nc(SC)c2)c1F,0.998784,train
COc1nc2ccc(Br)cc2cc1[C@@H](c1ccnc(OC)c1OC)[C@@](O)(CCN(C)C)c1cc(SC)nc(SC)c1,0.99957687,train
COc1nc2ccc(C#N)cc2cc1[C@@H](c1cccc2c1OCO2)[C@@](O)(CCN(C)C)c1cc(SC)nc(SC)c1,0.9995603,train
CCSc1cc([C@](O)(CCN(C)C)[C@@H](c2cc3cc(Br)ccc3nc2OC)c2ccnc(OC)c2OC)cc(SCC)n1,0.99985147,train
CCSc1cc([C@](O)(CCN(C)C)[C@@H](c2cc3cc(C#N)ccc3nc2OC)c2ccnc(OC)c2OC)cc(SCC)n1,0.9997123,train
Cc1cc(C)c(-c2cn(C)cn2)cc1NC(=O)c1ccc(OCc2ccccn2)cc1,0.27642143,train
Cc1nc(-c2cc(NC(=O)c3ccc(OCc4ccccn4)cc3)c(C)cc2C)c[nH]1,0.3041194,train
Cc1cnc(-c2ccc(-c3ccco3)cc2)n1Cc1ccccc1OCCCCCC(=O)O,0.7401851,train
Cc1cnc(-c2ccc(OC(F)(F)F)cc2)n1Cc1ccccc1OCCC[C@@H](C)CC(=O)O,0.975493,val
CCS(=O)(=O)Nc1cc(-c2cn(C)c3c(=O)[nH]ccc23)cc2c1ccn2C(C)(c1ccccn1)c1ccccn1,0.7672729,test
CS(=O)(=O)c1ccc(-c2cc(N3CCOCC3)nc3c(-c4cc[nH]n4)nccc23)cc1,0.57003456,val
C[C@@H](Nc1nc2c(cnn2C(C)(C)C)c(=O)n1Cc1ccc(F)cc1)c1ccc(Cl)cc1,0.97070336,test
CC(O)CN1[C@H](C)CN(CCSC(c2ccc(F)cc2)c2ccc(F)cc2)C[C@@H]1C,0.99730194,train
CC(O)CN1[C@H](C)CN(CC[S+]([O-])C(c2ccc(F)cc2)c2ccc(F)cc2)C[C@@H]1C,0.97630364,train
C[C@@H]1CN(CC[S+]([O-])C(c2ccc(F)cc2)c2ccc(F)cc2)C[C@H](C)N1CC(O)Cc1ccccc1,0.9944647,val
Cc1cc(Br)c(NC2=NCCN2)c2ccccc12,0.8811789,test
CO[C@H]1CCN(Cc2c(C)cc(C)c3[nH]ccc23)[C@H](CO)C1,0.34577465,train
COCCN1CCC(CNC(=O)c2[nH]nc3ccc(-c4cccc(F)c4F)cc23)CC1,0.9018675,train
O=C(NCC1CCOCC1)c1[nH]nc2ccc(-c3cccc(F)c3F)cc12,0.57697475,train
O=C(NCC1CCCOC1)c1[nH]nc2ccc(-c3cccc(F)c3F)cc12,0.5485666,val
O=C(NCC1CCOC1)c1[nH]nc2ccc(-c3cccc(F)c3F)cc12,0.5893094,train
O=C(NCC1CCCO1)c1[nH]nc2ccc(-c3cccc(F)c3F)cc12,0.67959714,val
O=C(NC1CCOCC1)c1[nH]nc2ccc(-c3cccc(F)c3F)cc12,0.42614758,val
O=C(NC1CCCOC1)c1[nH]nc2ccc(-c3cccc(F)c3F)cc12,0.45497346,val
O=C(NC1CCOC1)c1[nH]nc2ccc(-c3cccc(F)c3F)cc12,0.45894593,train
O=C(NC1CCS(=O)(=O)CC1)c1[nH]nc2ccc(-c3cccc(F)c3F)cc12,0.17418575,val
O=C(NC1CCS(=O)(=O)C1)c1[nH]nc2ccc(-c3cccc(F)c3F)cc12,0.14173359,test
O=C(NCC1CCOCC1)c1[nH]nc2ccc(-c3cccnc3)cc12,0.21561755,train
CC(C)Oc1cncc(-c2ccc3[nH]nc(C(=O)NCC4CCOCC4)c3c2)c1,0.44181588,train
COCc1cncc(-c2ccc3[nH]nc(C(=O)NCC4CCOCC4)c3c2)c1,0.07746107,train
COCc1ccncc1-c1ccc2[nH]nc(C(=O)NCC3CCOCC3)c2c1,0.062285654,train
O=C(NCC1CCOCC1)c1[nH]nc2ccc(-c3cnccc3CO)cc12,0.05835936,train
CC#CC(=O)N[C@H]1CCCN(c2c(F)cc(C(N)=O)c3[nH]c(C)c(C)c23)C1,0.21749897,train
Nc1n[nH]c(N2CCC(N(CCc3ccc(Cl)cc3)Cc3ccccc3O)CC2)n1,0.9567946,train
Nc1n[nH]c(N2CCC(N(CCc3ccc(Cl)cc3)Cc3cccc(O)c3)CC2)n1,0.9720701,train
Nc1n[nH]c(N2CCC(N(CCc3ccc(Cl)cc3)Cc3ccccc3Cl)CC2)n1,0.99349135,train
Nc1n[nH]c(N2CCC(N(CCc3ccc(Cl)cc3)Cc3cccc(Cl)c3)CC2)n1,0.9964288,train
Nc1n[nH]c(N2CCC(N(CCc3ccc(Cl)cc3)Cc3ccc(Cl)cc3)CC2)n1,0.99835473,train
Nc1n[nH]c(N2CCC(N(CCc3ccc(Cl)cc3)Cc3ccc(F)cc3Cl)CC2)n1,0.9973839,train
Nc1n[nH]c(N2CCC(N(CCc3ccc(Cl)cc3)Cc3cccc(C(F)(F)F)c3)CC2)n1,0.9981059,train
Nc1n[nH]c(N2CCC(N(CCc3ccc(Cl)cc3)Cc3cc(F)ccc3F)CC2)n1,0.9943849,train
Nc1n[nH]c(N2CCC(N(CCc3ccc(Cl)cc3)Cc3ccncc3Cl)CC2)n1,0.975293,train
Nc1n[nH]c(N2CCC(N3Cc4ccccc4OC[C@@H]3Cc3ccc(Cl)cc3)CC2)n1,0.5437658,train
Nc1n[nH]c(N2CCC(N3Cc4cc(F)ccc4OC[C@@H]3Cc3ccc(Cl)cc3)CC2)n1,0.8169927,train
Nc1n[nH]c(N2CCC(N3Cc4cc(Cl)ccc4OC[C@@H]3Cc3ccc(Cl)cc3)CC2)n1,0.9181025,train
N#Cc1ccc2c(c1)CN(C1CCN(c3n[nH]c(N)n3)CC1)[C@@H](Cc1ccc(Cl)cc1)CO2,0.8761013,val
Nc1n[nH]c(N2CCC(N3Cc4cc(Cl)cc(Cl)c4OC[C@@H]3Cc3ccc(Cl)cc3)CC2)n1,0.9126559,train
Nc1n[nH]c(N2CCC(N3Cc4cnccc4OC[C@@H]3Cc3ccc(Cl)cc3)CC2)n1,0.26082733,val
Nc1n[nH]c(N2CCC(N3Cc4ccncc4OC[C@@H]3Cc3ccc(Cl)cc3)CC2)n1,0.18323405,test
Nc1n[nH]c(N2CCC(N(Cc3ccccc3)[C@H](CO)Cc3ccc(Cl)cc3)CC2)n1,0.7500942,train
CN1C[C@H](Cc2ccc(Cl)cc2)N(C2CCN(c3n[nH]c(N)n3)CC2)Cc2ccccc21,0.6355108,train
CN1C[C@H](Cc2ccc(Cl)cc2)N(C2CCN(c3n[nH]c(N)n3)CC2)Cc2cc(Cl)ccc21,0.9587806,train
COc1cc(N2C[C@H]3CC[C@@H](C2)[C@@H]3Nc2nc3n(n2)CCCCC3c2ccc(F)c(F)c2F)ncn1,0.9999291,train
Cc1cc(N2C[C@H]3CC[C@@H](C2)[C@@H]3Nc2nc3n(n2)CCCN3c2cc(F)cc(F)c2)ncn1,0.9992231,val
Cc1cc(N2C[C@H]3CC[C@@H](C2)[C@@H]3Nc2nc3n(n2)CCCC[C@H]3c2ccc(F)c(F)c2F)ncn1,0.99919814,train
C[C@H](CNC(C(=O)Nc1ccc(-c2cnn(C)c2)cn1)c1ccccc1)c1ccc(C#N)cc1,0.23738512,val
Cc1c(N2CC[C@@H]([C@H](C)N)C2)c(F)cc2ccc(=O)n(C3CC3)c12,0.0436143,train
O=c1n(CCCCN2CCN(c3cccc4sccc34)CC2)nc2ccccn12,0.9889276,train
O=c1n(CCCCN2CCN(c3cccc4sccc34)CC2)nc2c(F)cccn12,0.98036855,train
N#Cc1ccc2nn(CCCCN3CCN(c4cccc5sccc45)CC3)c(=O)n2c1,0.99669826,train
CC(C)c1cc(COc2ccccc2CC(=O)O)cc(-c2ccc3c(c2)[C@H](N)CO3)c1,0.10016958,test
CNC(=O)C(C)Cn1cnc2ccc(-c3cnc(OC)c(NS(=O)(=O)c4ccc(F)cc4Cl)c3)cc2c1=O,0.1810625,test
Cc1cc(N2C[C@H]3CC[C@@H](C2)[C@@H]3Nc2nc3c(OCC(F)(F)F)cccn3n2)sn1,0.9979962,test
Cc1noc(N2C[C@H]3CC[C@@H](C2)[C@@H]3Nc2nc3c(OCC(F)(F)F)ccc(C(F)(F)F)n3n2)n1,0.9919137,val
Cc1cc(N2C[C@H]3CC[C@@H](C2)[C@@H]3Nc2nc3c(OCC(F)F)ccc(C(F)(F)F)n3n2)ncn1,0.9928047,train
O=C(O)c1cc(-c2ccc(C34CCN(CC3)CC4)cc2)c2ccc(-c3ccc(C(F)(F)F)cc3)cc2c1,0.31256917,val
O=C(O)c1cc(-c2ccc(C34CCN(CC3)CC4)cc2)cc(-n2cc(-c3ccc(C(F)(F)F)cc3)nn2)c1,0.27835134,train
Cn1cc(-c2ccnc(-n3ncc4cc(C(C)(C)C)cc(F)c4c3=O)c2CO)cc(NC(=O)C2C[C@@H]2F)c1=O,0.122426875,test
Cn1cc(-c2cc(F)cc(-n3ncc4cc(C(C)(C)C)cc(F)c4c3=O)c2CO)cc(NC(=O)C2C[C@@H]2F)c1=O,0.3597486,train
Cn1nccc1[C@H]1CCCC[C@@H]1Oc1cc(F)c(S(=O)(=O)Nc2cscn2)cc1F,0.021832827,val
Cc1cc(S(=O)(=O)Nc2ccncn2)c(F)cc1O[C@H]1CCCC[C@@H]1c1ccnn1C,0.071272746,test
Nc1ncnc2c1c(-c1ccc3cc[nH]c3c1)cn2-c1ccc(OCCNCCO)cc1,0.9712262,test
CN(C)Cc1ccc(-n2cc(-c3ccc4cc[nH]c4c3)c3c(Cl)ccnc32)cc1,0.9982658,train
NCc1ccc(-n2cc(-c3ccc4cc[nH]c4c3)c(C(F)(F)F)n2)cc1,0.9691479,train
NCCCCn1cc(-c2ccc3cc[nH]c3c2)c(C(F)(F)F)n1,0.99427164,test
N[C@@H]1CC[C@@H](n2cc(-c3ccc4cc[nH]c4c3)c(C(F)(F)F)n2)C1,0.991916,val
O=C(Nc1nccs1)/C(=N/N1CCCC1)c1ccc(S(=O)(=O)C2CC2)cc1,0.30292863,train
O=C(Nc1ncc(Cl)s1)/C(=N/N1CCCC1)c1ccc(S(=O)(=O)C2CC2)cc1,0.3506752,train
O=C(Nc1ncns1)/C(=N/N1CCCC1)c1ccc(S(=O)(=O)C2CC2)cc1,0.2775618,train
CN1CCN(Cc2cnc(NC(=O)/C(=N/N3CCCC3)c3ccc(S(=O)(=O)C4CC4)cc3)s2)CC1,0.12737405,val
COc1c(S(C)(=O)=O)ccc(O[C@@H](C)C(F)(F)F)c1C(=O)N1CC(c2ccc(C(F)(F)F)cc2)C1,0.97270614,train
C[C@H](Oc1ccc(S(C)(=O)=O)cc1C(=O)N1CC(c2ccc(C(F)(F)F)cc2)C1)C(F)(F)F,0.9703626,train
COc1c(S(C)(=O)=O)ccc(O[C@@H](C)C(F)(F)F)c1C(=O)N1CC(c2ccccc2)C1,0.7425287,train
COc1cc(-c2cncc(-c3ccc(N4CCNCC4)cc3)c2C)cc(OC)c1OC,0.8638271,train
COc1cc(-c2cncc(-c3ccc(N4CCNCC4)cc3)c2Cl)cc(OC)c1OC,0.89406073,train
COc1cc(-c2cncc(-c3ccc(N4CCNCC4)cc3)c2C#N)cc(OC)c1OC,0.8072569,train
COc1cc(-c2cncc(-c3ccc(N4CCNCC4)cc3)c2C)cc(OC)c1F,0.70339096,train
COc1cc(-c2cncc(-c3ccc(N4CCN(C(C)C)CC4)cc3)c2C)cc(OC)c1OC,0.8912084,train
COc1cc(-c2cncc(-c3ccc(N4C[C@@H](C)N[C@@H](C)C4)cc3)c2C)cc(OC)c1OC,0.9178588,train
COc1cc(-c2cncc(-c3ccc(C4CCN(C)CC4)cc3)c2C)cc(OC)c1OC,0.9799009,test
COc1cc(-c2cncc(-c3ccc(C4=CCNCC4)cc3)c2C)cc(OC)c1OC,0.9720114,test
COc1cc(-c2cncc(-c3ccc(OC4CCNCC4)cc3)c2C)cc(OC)c1OC,0.984544,train
NC(=O)C1CC[C@@H](c2ccc(OCc3ccccc3F)cc2)N1,0.3621088,train
NC(=O)C1CC[C@H](c2ccc(OCc3ccccc3F)cc2)N1,0.36328346,train
NC(=O)C1CCC[C@H](c2ccc(OCc3cccc(F)c3)cc2)N1,0.8185129,train
NC(=O)C1CCC[C@@H](c2ccc(OCc3cccc(F)c3)cc2)N1,0.84020513,train
NC(=O)C1CSC[C@H](c2ccc(OCc3cccc(F)c3)cc2)N1,0.927061,test
NC(=O)C1CC[C@H](c2ccc(OCc3cccc(F)c3)cc2)N1,0.79730225,train
NC(=O)C1CC[C@H](c2ccc(OCc3ccccc3)cc2)N1,0.39721292,train
NC(=O)C1CC[C@H](c2ccc(OCc3ccc(F)cc3)cc2)N1,0.8222238,train
N#Cc1ccc(COc2ccc([C@H]3CCC(C(N)=O)N3)cc2)cc1,0.8850387,train
N#Cc1cccc(COc2ccc([C@H]3CCC(C(N)=O)N3)cc2)c1,0.59896404,train
N#Cc1ccccc1COc1ccc([C@H]2CCC(C(N)=O)N2)cc1,0.31952187,train
C[C@@H](Oc1ccc([C@H]2CCC(C(N)=O)N2)cc1)c1ccccc1,0.5093316,train
NC(=O)C1CC[C@H](c2ccc(OCc3ccccc3F)cc2F)N1,0.44495073,train
CN1C(C(N)=O)CC[C@@H]1c1ccc(OCc2ccccc2F)cc1,0.39102829,train
CNC(=O)C1CC[C@H](c2ccc(OCc3ccccc3F)cc2)N1,0.45983806,train
COc1cc([C@H]2CCC(C(N)=O)N2)ccc1OCc1ccccc1F,0.3233461,train
N#Cc1cc([C@H]2CCC(C(N)=O)N2)ccc1OCc1ccccc1F,0.34610376,train
NC(=O)C1CC[C@H](c2ccc(OCc3ccccc3F)cn2)N1,0.1106705,train
NC(=O)C1CC[C@H](c2ccc(Oc3ccccc3)cc2)N1,0.7816664,train
NC(=O)C1CC[C@H](c2ccc(Oc3ccc(F)cc3)cc2)N1,0.89135456,train
NC(=O)C1CC[C@H](c2ccc(Oc3cccc(F)c3)cc2)N1,0.8779211,train
N#Cc1ccccc1Oc1ccc([C@H]2CCC(C(N)=O)N2)cc1,0.7893771,train
NC(=O)C1CC[C@H](c2cccc(Oc3ccccc3)c2)N1,0.7790973,test
NC(=O)C1CC[C@H](c2cccc(OCc3ccccc3)c2)N1,0.37767375,train
CC(C)(C#N)c1cc(Nc2nc(N3CCC[C@H](N)C3)ncc2C(N)=O)cc(C(C)(C)C#N)c1,0.97239345,train
CC(C)c1cc(Nc2nc(N3CCC[C@H](N)C3)ncc2C(N)=O)cc(C(C)C)n1,0.8861824,test
COc1cc(/C=C2\CCCN3C2=NO[C@H](c2cc(F)cc(F)c2)[C@@H]3C)ccc1-n1cnc(C)c1,0.9973731,train
COc1cc(/C=C2\CCCN3C2=NO[C@H](c2cc(F)c(F)c(F)c2)[C@@H]3C)ccc1-n1cnc(C)c1,0.9955296,train
COc1cc(C2=CC3=NO[C@H](c4cc(F)c(F)c(F)c4)CN3CCC2)ccc1-n1cnc(C)c1,0.9968382,val
COc1cc(C2=CC3=NOC[C@H](c4cc(F)c(F)c(F)c4)N3CCC2)ccc1-n1cnc(C)c1,0.99348736,train
Cc1noc(C)c1-c1ccc2nc(-c3cnn(CC(C)(C)O)c3)nc(N3CCOC[C@@H]3c3ccccc3)c2c1,0.82376164,train
CN(C)c1ccc(CC(=O)N[C@@H]2CNC[C@H]2c2ccc(C(F)(F)F)cc2)cc1,0.8921713,train
CN(C)c1ccc(CC(=O)N[C@@H]2CNC[C@H]2c2ccc(S(F)(F)(F)(F)F)cc2)cc1,0.99757963,train
CN(C)c1ccc(CC(=O)N[C@@H]2CNC[C@H]2c2ccc(C(C)(F)F)cc2)cc1,0.8830126,train
CNC(=O)c1nn(C)c2ccc(Nc3nccc(-n4cc(CN(C)C)c(C)n4)n3)cc12,0.28850454,train
Cc1nn(-c2ccnc3[nH]c(-c4cccc5c4ccn5C)nc23)cc1CN(C)C,0.8103796,train
CN(C)Cc1cc(-c2ccnc3[nH]c(-c4cccc5c4ccn5C)nc23)nn1C,0.7970084,val
Cc1nn(-c2ccnc3[nH]c(-c4cccc5c4ccn5C)nc23)cc1CN1CC[C@@H](O)C1,0.16612822,train
Cc1nn(-c2ccnc3[nH]c(-c4cccc5c4ccn5C)nc23)cc1CN1CC[C@H](O)C1,0.2726364,train
CN(c1cnn(-c2ccnc3[nH]c(-c4cccc5c4ccn5C)nc23)c1)[C@@H]1CCOC[C@@H]1N,0.8039778,train
CN(C)Cc1cnn(-c2ccnc3[nH]c(-c4cccc5c4ccn5C)nc23)c1,0.87457204,train
Cc1cc([C@H]2CC[C@H](c3nnc4n3-c3ccc(Cl)cc3CC4)CC2)no1,0.8715072,test
Clc1ccc2c(c1)CCc1nnc([C@H]3CC[C@H](Oc4ccccn4)CC3)n1-2,0.9024911,train
Clc1ccc2c(c1)CCCc1nnc([C@H]3CC[C@H](Oc4ccccn4)CC3)n1-2,0.952954,val
Cc1cc(Cl)cc(N2C=Nc3cc(C)c(-c4cc(F)cc(C#N)c4)cc3C2C(=O)N(C)C[C@@H]2CCCN2)c1,0.9995202,train
Cc1cc(Cl)cc(N2C=Nc3cc(C)c(-c4cc(O)cc(F)c4)cc3C2C(=O)N(C)C[C@@H]2CCCN2)c1,0.9933565,train
Cc1cc(Cl)cc(N2C=Nc3cc(C)c(-c4cc(O)ccc4F)cc3C2C(=O)N(C)C[C@@H]2CCCN2)c1,0.9864737,train
Cc1cc(Cl)cc(N2C=Nc3cc(C)c(-c4cccc(F)c4O)cc3C2C(=O)N(C)C[C@@H]2CCCN2)c1,0.97775877,train
Cc1cc(Cl)cc(N2C=Nc3cc(C)c(-c4cc(F)cc(C(N)=O)c4)cc3C2C(=O)N(C)C[C@@H]2CCCN2)c1,0.99267596,train
Cc1cc(Cl)cc(-c2cnc3ncn(-c4cc(O)cc(F)c4)c(=O)c3c2CN(C)C[C@@H]2CCCN2)c1,0.99899775,train
Cc1ccc2c(c1)C(C1=C[C@H](C)N(C)CC1)=Nc1cc(Cl)ccc1N2,0.9995491,train
CCc1ccc2c(c1)C(C1=C[C@H](C)N(C)CC1)=Nc1cc(Cl)ccc1N2,0.99955636,train
COc1ccc2c(c1)C(C1=C[C@H](C)N(C)CC1)=Nc1cc(Cl)ccc1N2,0.9993216,train
CCOc1ccc2c(c1)C(C1=C[C@H](C)N(C)CC1)=Nc1cc(Cl)ccc1N2,0.9993863,train
C[C@H]1C=C(C2=Nc3cc(Cl)ccc3Nc3ccc(OC(F)(F)F)cc32)CCN1C,0.99988985,train
C[C@H]1C=C(C2=Nc3cc(Cl)ccc3Nc3ccc(F)cc32)CCN1C,0.999383,train
C[C@H]1C=C(C2=Nc3cc(Cl)ccc3Nc3ccc(Cl)cc32)CCN1C,0.9996637,train
C[C@H]1C=C(C2=Nc3cc(Cl)ccc3Nc3ccc(C#N)cc32)CCN1C,0.99950016,train
Cc1ccc2c(c1)N=C(C1=C[C@H](C)N(C)CC1)c1cc(F)ccc1N2,0.99894804,train
Cc1ccc2c(c1)N=C(C1=C[C@H](C)N(C)CC1)c1cc(Cl)ccc1N2,0.99944395,train
CCc1ccc2c(c1)C(C1=C[C@H](C)N(C)CC1)=Nc1ccccc1N2,0.99780685,train
C[C@H]1C=C(C2=Nc3ccccc3Nc3ccc(Cl)cc32)CCN1C,0.9983438,train
COC(=O)N(C)c1c(N)nc(-c2nc(Cc3ccccc3F)n3ccccc23)nc1N,0.314095,val
COC(=O)N(C)c1c(N)nc(-c2nc(Cc3ccccc3F)n3ncccc23)nc1N,0.107042715,val
COC(=O)N(C)c1c(N)nc(-n2nc(Cc3ccccc3F)c3cc(Cl)ccc32)nc1N,0.9489895,train
COC(=O)N(C)c1c(N)nc(-n2nc(Cc3ccccc3F)c3cc(F)ccc32)nc1N,0.8745006,train
COC(=O)N(C)c1c(N)nc(-n2nc(Cc3ccccc3F)c3cc(C#N)ccc32)nc1N,0.8830136,train
COC(=O)N(C)c1c(N)nc(-n2nc(Cc3ccccc3Cl)c3ccccc32)nc1N,0.73552614,train
COC(=O)N(C)c1c(N)nc(-n2nc(Cc3cccc(F)c3F)c3ccccc32)nc1N,0.5942525,train
COC(=O)N(C)c1c(N)nc(-n2nc(Cc3cc(F)ccc3F)c3ccccc32)nc1N,0.8616308,train
COC(=O)N(C)c1c(N)nc(-n2nc(Cc3cc(F)cc(F)c3F)c3ccccc32)nc1N,0.7991631,train
COC(=O)N(C)c1c(N)nc(-n2nc(Cc3c(F)ccc(F)c3F)c3cc(Cl)ccc32)nc1N,0.98299164,train
CC1(C)C(=O)Nc2nc(-n3nc(Cc4ccccc4F)c4ccccc43)nc(N)c21,0.8272464,train
CC1(C)C(=O)Nc2nc(-n3nc(Cc4ccccc4F)c4cc(Cl)ccc43)nc(N)c21,0.9829767,train
CC1(C)C(=O)Nc2nc(-n3nc(Cc4c(F)ccc(F)c4F)c4ccccc43)nc(N)c21,0.93608105,train
CC1(C)C(=O)Nc2nc(-n3nc(Cc4c(F)ccc(F)c4F)c4cc(Cl)ccc43)nc(N)c21,0.99444675,train
CCCc1nn(-c2nc(N)c3c(n2)NC(=O)C3(C)C)c2ccc(Cl)cc12,0.9950435,train
CCCCc1nn(-c2nc(N)c3c(n2)NC(=O)C3(C)C)c2ccc(Cl)cc12,0.9952369,train
CCCCCc1nn(-c2nc(N)c3c(n2)NC(=O)C3(C)C)c2ccc(Cl)cc12,0.9966826,train
CC1(C)C(=O)Nc2nc(-n3nc(CCCC(F)(F)F)c4cc(Cl)ccc43)nc(N)c21,0.8442122,train
CC(C)(CO)Cn1nc(-c2ccc3cc(OC4CC4)ccc3c2)c(C(N)=O)c1N,0.5911384,train
CC(C)(CO)Cn1nc(-c2ccc3nc(OC4CC4)ccc3c2)c(C(N)=O)c1N,0.6347962,train
CCOc1ccc2cc(-c3nn(CC4CC4)c(N)c3C(N)=O)ccc2c1,0.6630314,test
CC(C)(C)n1nc(-c2ccc3cc(OC4CC4)ccc3c2)c(C(N)=O)c1N,0.38067305,train
CC(C)(CO)n1nc(-c2ccc3cc(OC4CC4)ccc3c2)c(C(N)=O)c1N,0.2673531,train
CC(C)(CCO)n1nc(-c2ccc3cc(OC4CC4)ccc3c2)c(C(N)=O)c1N,0.35594425,train
CC(C)(CCO)n1nc(-c2ccc3nc(OC4CC4)ccc3c2)c(C(N)=O)c1N,0.39899218,train
CCOc1ccc2cc(-c3nn(CC(C)(C)CO)c(N)c3C(N)=O)ccc2c1,0.41859752,test
CNC(=O)c1nn(C)c2ccc(Nc3nccc(-n4cc(CN5CC(O)C5)c(C)n4)n3)cc12,0.060937304,val
CNC(=O)c1nn(C)c2ccc(Nc3nccc(-n4cc(CN(C)C)cn4)n3)cc12,0.37367886,train
CNC(=O)c1nn(C)c2c(C)cc(Nc3nccc(-n4cc(CN(C)C)cn4)n3)cc12,0.6015248,train
CNC(=O)c1ncn2ccc(Nc3nccc(-n4cc(CN(C)C)cn4)n3)cc12,0.36308134,train
CNC(=O)c1nc(C)n2ccc(Nc3nccc(-n4cc([C@@H]5C[C@H](O)CN5C)cn4)n3)cc12,0.2327304,train
CNC(=O)c1nc(C)n2ccc(Nc3nccc(-n4cc([C@@H]5C[C@@H](F)CN5C)cn4)n3)cc12,0.75694746,train
CNC(=O)c1nn(C)c2ccc(Nc3nccc(-n4cc(CN(C)C)c(F)n4)n3)cc12,0.23149882,train
CNC(=O)c1nn(C)c2ccc(Nc3nccc(-n4cc(CN(C)C)c(OC)n4)n3)cc12,0.54189414,train
COC(=O)c1nn(C)c2c(C)cc(Nc3nccc(-c4cc(CN(C)C)n(C)n4)n3)cc12,0.6183902,train
Cc1nnc(-c2nn(C)c3ccc(Nc4nccc(-c5cc(CN(C)C)n(C)n5)n4)cc23)o1,0.11701865,train
C[C@@H]1Cc2c(ccc3[nH]ncc23)[C@@](C)(c2ccc(NC3CN(CCCF)C3)cn2)N1CC(F)F,0.96317214,train
C[C@@H]1Cc2c(ccc3[nH]ncc23)[C@@H](c2ccc(N[C@H]3CCN(CCCF)C3)cn2)N1CC(F)(F)F,0.8227958,train
C[C@@H]1Cc2c(ccc3[nH]ncc23)[C@@H](c2ccc(N(C)C3CN(CCCF)C3)cn2)N1CC(F)(F)F,0.9086837,train
C[C@@H]1Cc2c(ccc3[nH]ncc23)[C@@H](c2ccc(NC3CN(CCCF)C3)cn2)N1CC(F)(F)F,0.92686844,train
COc1cc(NC2CN(CCCF)C2)ccc1[C@@H]1c2ccc3[nH]ncc3c2C[C@@H](C)N1CC1(F)CC1,0.9952304,train
CC1N(S(=O)(=O)c2ccc(F)cc2)c2ccc(C(=O)NCc3ccccc3Cl)cc2C12CCNCC2,0.8661976,test
CCN1CC2(CCN(CCc3ccc(F)cc3F)CC2)OC(C)C1=O,0.97746354,train
CCN1CC2(CCN(CCc3ccc(F)cc3)CC2)OC(C)C1=O,0.9829626,train
CCN1CC2(CCN(CCc3cccc(F)c3)CC2)OC(C)C1=O,0.98398155,train
CCN1CC2(CCN(CCc3ccccc3F)CC2)OC(C)C1=O,0.9581676,train
CCN1CC2(CCN(CCc3ccccc3)CC2)OC(C)C1=O,0.96175677,train
CN1CC2(CCN(CCc3ccccc3)CC2)OC2(CC2)C1=O,0.9262235,train
CC(C)C1OC2(CCN(CCc3ccccc3)CC2)CN(C)C1=O,0.9681548,train
CCC1OC2(CCN(CCc3ccccc3)CC2)CN(C)C1=O,0.9600768,train
CC1OC2(CCN(CCc3ccccc3)CC2)CN(C(C)C)C1=O,0.91085416,train
CC1OC2(CCN(CCc3ccccc3)CC2)CN(C2CC2)C1=O,0.9528953,train
CC1OC2(CCN(CCc3ccccc3)CC2)CN(CCc2ccccc2)C1=O,0.98329943,train
CC1OC2(CCN(CCc3ccccc3)CC2)CN(Cc2ccccc2)C1=O,0.98318315,train
Cc1ncn(C2CCN(C(=O)/C=C/c3ccc(C(F)(F)F)cc3Cn3nnc(C)n3)CC2)n1,0.0038785955,train
Cc1noc(C2CCN(C(=O)/C=C/c3ccc(C(F)(F)F)cc3Cn3nnc(C)n3)CC2)n1,0.07375791,train
Cc1nnn(Cc2cc(C(F)(F)F)ccc2/C=C/C(=O)N2CCC(c3nnc(C)o3)CC2)n1,0.0078030825,train
Cc1nnn(Cc2cc(C(F)(F)F)ccc2/C=C/C(=O)N2CCC(C#N)CC2)n1,0.04344793,train
Cc1nnn(Cc2cc(C(F)(F)F)ccc2/C=C/C(=O)N2CCC(C(F)(F)F)CC2)n1,0.09239894,train
Cc1nnn(Cc2cc(Cl)ccc2/C=C/C(=O)N2CCC(Cc3ncc(C)o3)CC2)n1,0.12681772,test
Cc1nnn(Cc2cc(Cl)ccc2/C=C/C(=O)N2CCN(Cc3coc(C)n3)CC2)n1,0.034696836,test
Cc1nnn(Cc2cc(Cl)ccc2/C=C/C(=O)N2CCN(Cc3cnn(C)c3)CC2)n1,0.045420624,train
Cc1cc(CN2CCN(C(=O)/C=C/c3ccc(Cl)cc3Cn3nnc(C)n3)CC2=O)on1,0.09254305,train
Cc1cc(CN2CCN(C(=O)/C=C/c3ccc(Cl)cc3Cn3nnc(C)n3)CC2)on1,0.19592804,val
COc1ccc(CN2CCN(C(=O)/C=C/c3ccc(Cl)cc3Cn3nnc(C)n3)CC2)nc1,0.10985205,train
C[C@H]1CN(CC[C@H]2CC[C@H](NC(=O)N(C)C)CC2)CCc2ccc(Cl)cc21,0.9647333,val
COc1cc(NC(=O)c2cccc(C(F)(F)F)n2)cc2cn(C3CCN(C)CC3)nc12,0.8811214,train
CN(C)CCn1cc2cc(NC(=O)c3cccc(C(F)(F)F)n3)c(C(C)(C)O)cc2n1,0.5989987,train
NC(=O)c1cc(Cl)c2cc(-c3cc4c(s3)CCNC4)cnn12,0.86707705,val
NC(=O)c1cc(Cl)c2cc(-c3cc4c(s3)CNCC4)cnn12,0.9182074,test
COc1ncc(NC(=O)Nc2cnc3ccc(F)cc3c2N(C)C2CCCN(C)C2)cc1Cl,0.8965053,test
C[C@H]1COCCN1c1c(NC(=O)Nc2cnc(OC3CCN(C)CC3)c(Cl)c2)cnc2ccc(F)cc12,0.34215146,train
Cc1nc(NC(=O)NCCc2cn(CC(F)F)cn2)sc1C#Cc1cccnc1,0.048056737,val
Cc1cncc(C#Cc2sc(NC(=O)NC[C@H](C)OCC3CC3)nc2C)c1,0.18640399,train
CNS(=O)(=O)c1ccc(CNc2nc3cnc(-c4c(C)ncnc4C4CC4)nc3n([C@@H](C)C3CC3)c2=O)nc1,0.07900717,train
CCS(=O)(=O)c1cnc(CNc2nc3cnc(-c4c(C)ncnc4C4CC4)nc3n([C@@H](C)C3CC3)c2=O)nc1,0.6195004,train
CCS(=O)(=O)c1ccc(CNc2nc3cnc(-c4c(C)ncnc4C4CC4)nc3n([C@@H](C)C3CC3)c2=O)cn1,0.5019082,test
CCS(=O)(=O)c1ccc(CNc2nc3cnc(-c4c(C)ncnc4C4CC4)nc3n([C@@H](C)C3CC3)c2=O)nc1,0.8706171,train
Cc1ncnc(C2CC2)c1-c1ncc2nc(NCc3ccc(S(C)(=O)=O)cn3)c(=O)n([C@@H](C)C3CC3)c2n1,0.48066396,train
CCS(=O)(=O)c1ccc(CNc2nc3cnc(-c4c(OC)ncnc4C4CC4)nc3n([C@@H](C)C(F)(F)F)c2=O)nc1,0.78210014,train
CCS(=O)(=O)c1ccc(CNc2nc3cnc(-c4c(OC)ncnc4C4CC4)nc3n([C@H](C)C3CC3)c2=O)nc1,0.91919714,train
CCS(=O)(=O)c1ccc(CNc2nc3cnc(-c4c(OC)ncnc4C4CC4)nc3n([C@@H](C)C3CC3)c2=O)nc1,0.95820504,train
CC[C@@H](C)n1c(=O)c(NCc2ccc(S(=O)(=O)CC)cn2)nc2cnc(-c3c(OC)ncnc3C3CC3)nc21,0.96863246,train
CCS(=O)(=O)c1ccc(CNc2nc3cnc(-c4c(C)ncnc4C4CC4)nc3n(C(C)C)c2=O)nc1,0.26412323,train
CCS(=O)(=O)c1ccc(CNc2nc3cnc(-c4c(OC)ncnc4C4CC4)nc3n(C(C)C)c2=O)nc1,0.54928356,train
N#Cc1ccc(N2C3CCC2CN(C(=O)CCS(=O)(=O)c2cccc4ncsc24)C3)nc1,0.68982035,train
O=C(NCCN1CCCC1)c1cc(-c2ccc(CN3CCOCC3)cc2)nc2ccc(F)cc12,0.92899424,test
O=C(NCCN1CCCC1)c1cc(-c2ccc(S(=O)(=O)N3CCOCC3)cc2)nc2ccc(F)cc12,0.8889287,val
O=C(O)C1CN(Cc2ccc3c(c2)CCc2c-3noc2-c2onc(-c3ccccc3)c2C(F)(F)F)C1,0.14596477,test
CC(C)n1cc(C(=O)c2ccnc(NC(=O)Cc3ccc(F)cc3F)c2)c2c(N)ncnc21,0.55215853,train
CC(C)n1cc(C(=O)c2cncc(NC(=O)Cc3ccc(Cl)cc3)c2)c2c(N)ncnc21,0.7837346,train
CC(C)n1cc(C(=O)c2cncc(NC(=O)Cc3ccc(Cl)cc3)c2)c2cncnc21,0.6627084,train
CC(C)n1cc(C(=O)c2cncc(NC(=O)Cc3ccc(C#N)cc3)c2)c2cncnc21,0.5518224,train
CC(C)n1cc(C(=O)c2cncc(NC(=O)Cc3ccc(C#N)cc3)c2)c2c(N)ncnc21,0.69293547,train
CC(C)n1cc(C(=O)c2cncc(NC(=O)Cn3ccc(C(F)(F)F)n3)c2)c2cnccc21,0.6702323,train
CC(C)n1cc(C(=O)c2cncc(NC(=O)Cn3ccc(C4CC4)n3)c2)c2cncnc21,0.25558335,train
CC(C)n1cc(C(=O)c2cncc(NC(=O)Cn3ccc(C4CC4)n3)c2)c2cnccc21,0.5813357,train
CC(C)n1cc(C(=O)c2cncc(NC(=O)Cn3ccc(C4CC4)n3)c2)c2cncc(F)c21,0.47251552,train
CC(C)n1cc(C(=O)c2cncc(NC(=O)Cn3ccc(C4CC4)n3)c2)c2cnc(N)nc21,0.4699035,train
CC(C)n1cc(C(=O)c2cncc(NC(=O)Cc3ccc(Cl)cc3)c2)c2cnc(N)nc21,0.836626,train
C[C@@H]1CN(c2ccc(S(C)(=O)=O)cc2F)CCN1c1nccc(C(=O)NC2C3CC4CC2CC(O)(C4)C3)n1,0.85825646,test
CN1CCCC1CCOc1ccc(/C(=C(/CCCO)c2ccccc2)c2ccc(Br)cc2)cc1,0.9690768,train
CN1CCC[C@H]1COc1ccc(/C(=C(/CCCO)c2ccccc2)c2ccc(Br)cc2)cc1,0.9405762,train
CN1CCCC1CCOc1ccc(C(=C(CCCO)c2ccccc2)c2ccc(O)cc2)cc1,0.42612422,train
CN1CCC[C@H]1COc1ccc(C(=C(CCCO)c2ccccc2)c2ccc(O)cc2)cc1,0.28469363,train
CC(C)(Oc1ccc(-c2cnc(N)c(-c3ccc(Cl)cc3)c2)cc1)C(=O)O,0.24812785,train
CC#CCn1c(N2CCC[C@@H](N)C2)nc2c1c(=O)n(CCCN1CCN(c3nc(-c4ccccc4)no3)CC1)c(=O)n2C,0.7692084,test
CN1CCC(CN=C2NC(=O)/C(=C/c3csc(-c4ccc(OC(F)(F)F)cc4)n3)S2)CC1,0.9531154,train
Cc1nc2cc(F)c(-c3cnc(C(C)(C)O)nc3)nc2c(N[C@H](C)c2cc(C#N)ccc2F)c1Cl,0.03594224,val
CN1CCC(c2noc(-c3cnc(Nc4ccc5c(c4)C(C)(C)OC5=O)nc3N[C@H](CO)c3ccccc3)n2)CC1,0.72909766,test
CC1(C)OC(=O)c2ccc(Nc3ncc(-c4nc(C56CCN(CC5)CC6)no4)c(N[C@H](CO)c4ccccc4)n3)cc21,0.7397072,train
CC(C)CC(=O)N1CCCc2cc(CNC(=O)c3ccsc3)ccc21,0.3063658,train
CCCNC(=O)C1(c2ccc(NC(=O)c3cccc(Cl)c3)cc2)CCC1,0.6260044,train
CC(C)CC(=O)N1CCCc2cc(CNC(=O)c3ccc(Cl)cc3)ccc21,0.6021279,test
O=C(NCc1ccc2c(c1)CCCN2C(=O)c1cccc(Cl)c1)c1ccc(Cl)cc1,0.92687285,train
C[C@@H](NC(=O)c1ccc(Cl)cc1)c1ccc2c(c1)CCCN2C(=O)c1cccc(Cl)c1,0.93337595,train
C[C@H](NC(=O)c1ccc(Cl)cc1)c1ccc2c(c1)CCCN2C(=O)c1cccc(Cl)c1,0.9588768,train
C[C@@H](NC(=O)c1ccc(Cl)cc1)c1ccc2c(c1)OCCN2C(=O)c1cccc(Cl)c1,0.9386933,val
C[C@@H](NC(=O)c1ccc(Cl)cc1)c1ccc2c(n1)CCCN2C(=O)c1cccc(Cl)c1,0.823423,train
C[C@@H](NC(=O)c1ccc(Cl)cc1)c1cc2c(cn1)N(C(=O)c1cccc(Cl)c1)CCC2,0.83508545,test
C[C@@H](NC(=O)c1ccc(F)cc1)c1ccc2c(n1)CCCN2C(=O)c1cccc(Cl)c1,0.51843613,train
COC(=O)N1CCCc2nc([C@@H](C)NC(=O)c3ccc(F)cc3)ccc21,0.16123566,train
CCOC(=O)N1CCCc2nc([C@@H](C)NC(=O)c3ccc(F)cc3)ccc21,0.2541555,train
C[C@@H](NC(=O)c1ccc(F)cc1)c1ccc2c(n1)CCCN2C(=O)OC1CC1,0.15789272,test
C[C@@H](NC(=O)c1ccc(F)cc1)c1ccc2c(n1)CCCN2C(=O)OC1CCC1,0.09492968,val
Cc1cc(N2CCCc3nc([C@@H](C)NC(=O)c4ccc(F)cc4)ccc32)ccn1,0.06825223,val
C[C@@H](NC(=O)c1ccc(F)cc1)c1ccc2c(n1)CCCN2c1ncccn1,0.06789632,train
C[C@@H](NC(=O)c1ccc(F)cc1)c1ccc2c(n1)CCCN2c1ccncn1,0.031432163,train
Cc1nccc(N2CCCc3nc([C@@H](C)NC(=O)c4ccc(F)cc4)ccc32)n1,0.035173275,train
C[C@@H](NC(=O)c1ccc(F)cc1)c1ccc2c(n1)CCCN2c1ccnc(C(F)(F)F)n1,0.36240846,train
Cc1c(-c2cc(F)c(N)cc2F)ccc2c3oc(CN)nc3c(=O)n(C3CC3)c12,0.02256975,val
Cc1c(-c2cnc3[nH]ncc3c2)ccc2c3oc(CN)nc3c(=O)n(C3CC3)c12,0.010854528,test
Cc1c(-c2ccc3[nH]ncc3c2)ccc2c3oc(CN)nc3c(=O)n(C3CC3)c12,0.023751413,test
Cc1nc2c(=O)n(C3CC3)c3c(Cl)c(N4CC[C@@H]([C@H](C)N)C4)c(F)cc3c2o1,0.011658212,val
CNc1nc(Nc2ccc(-n3cnc(Cl)c3)c(OC)c2)nc2c1CCC2c1ccccc1,0.98129857,val
CNc1nc(Nc2ccc(-n3cnc(C)n3)c(OC)c2)nc2c1CCC2c1ccc(F)cc1,0.95041865,test
FC(F)Oc1ccc(-c2nnc3cncc(OCCC45C6C7C8C6C4C8C75)n23)cc1,0.99999976,train
FC(F)Oc1ccc(-c2nnc3cncc(OCCc4ccccc4)n23)cc1,0.99832815,test
Cn1ccc2c(-c3nc4c(-n5cc(N[C@@H]6CCOC[C@@H]6N)cn5)ccnc4[nH]3)cccc21,0.90201676,train
CNC(=O)c1nc(C)n2ccc(Nc3nccc(-n4cc(CN(C)C)cn4)n3)cc12,0.5602149,train
CNC(=O)c1nn(C)c2ccc(Nc3nccc(-n4cc(N[C@@H]5CCOC[C@@H]5N)cn4)n3)cc12,0.47721812,train
CNC(=O)c1nn(C)c2ccc(Nc3nccc(-n4cc(N[C@@H]5CCOC[C@@H]5N)c(C)n4)n3)cc12,0.24875636,train
CNC(=O)c1nn(C)c2ccc(Nc3nccc(-n4cc(NCC5(N)CC5)c(C)n4)n3)cc12,0.36364666,test
Cc1nn(-c2ccnc(Nc3ccc4c(c3)c(C(=O)C(F)(F)F)cn4C)n2)cc1N[C@@H]1CCOC[C@@H]1N,0.96840066,train
Cc1nnc(-c2nn(C)c3ccc(Nc4nccc(-n5cc(N[C@@H]6CCOC[C@@H]6N)c(C)n5)n4)cc23)o1,0.16937502,train
CNC(=O)c1nn(C)c2ccc(Nc3nccc(-n4cc(O[C@@H]5CCNC5)c(C)n4)n3)cc12,0.4790376,train
CNC(=O)c1nn(C)c2ccc(Nc3nccc(-n4cc(O[C@@H]5CCCNC5)c(C)n4)n3)cc12,0.3247496,val
CNC(=O)c1nn(C)c2ccc(Nc3nccc(-n4cc(N[C@H]5CNC[C@@H]5F)c(C)n4)n3)cc12,0.15867954,train
CNC(=O)c1nn(C)c2ccc(Nc3nccc(-n4cc(O[C@H]5CNC[C@H]5F)c(C)n4)n3)cc12,0.33813387,train
C[C@H]1CC(C(=O)O)CCC1C(=O)N1CC[C@@]2(S(=O)(=O)c3ccccc3)c3cc(F)c(C(F)(C(F)(F)F)C(F)(F)F)cc3CC[C@@H]12,0.07547635,val
Cc1c(F)c(Nc2ccc(-c3cn(C)cn3)cn2)cc2c1ncn2CC1CC1,0.5529346,test
CC1(N)CCN(c2cnc(-c3cccc(Cl)c3Cl)c(N)n2)CC1,0.93511707,train
CC1(N)CCN(c2cnc(Sc3cccc(Cl)c3Cl)c(N)n2)CC1,0.94643056,train
CC1(N)CCN(c2cnc(Sc3ccccc3Cl)c(N)n2)CC1,0.87084574,train
CC1(N)CCN(c2cnc(Sc3cccnc3C(F)(F)F)c(N)n2)CC1,0.20492063,train
CC1(CN)CCN(c2cnc(Sc3cccc(Cl)c3Cl)c(N)n2)CC1,0.8793137,train
CC1(CN)CCN(c2cnc(-c3cccc(Cl)c3Cl)c(N)n2)CC1,0.85650617,train
CC1(CN)CCN(c2cnc(Sc3cccnc3C(F)(F)F)c(N)n2)CC1,0.09683606,train
Nc1nc(N2CCC3(CCC[C@H]3N)CC2)cnc1Sc1cccnc1C(F)(F)F,0.47840464,train
Nc1nccc(Sc2cnc(N3CCC4(CCC[C@H]4N)CC3)cn2)c1Cl,0.9135282,train
CCn1nc2c(c1Nc1nc(-c3ccc(-n4cnc(C)c4)c(OC)n3)cs1)CCCC2,0.9639412,train
COc1nc(-c2csc(Nc3c4c(nn3C(C)(C)C)CCCC4)n2)ccc1-n1cnc(C)c1,0.8713742,train
COc1nc(-c2csc(Nc3c4c(nn3CCF)CCCC4)n2)ccc1-n1cnc(C)c1,0.9834026,train
COc1nc(-c2csc(Nc3c4c(nn3CCO)CCCC4)n2)ccc1-n1cnc(C)c1,0.8124945,train
COc1nc(-c2csc(Nc3c4c(nn3CC(C)(C)O)CCCC4)n2)ccc1-n1cnc(C)c1,0.72766054,train
CCn1nc(C2(C)CC2)cc1Nc1nc(-c2ccc(-n3cnc(C)c3)c(OC)n2)cs1,0.8926908,test
CCn1nc(C(F)(F)F)cc1Nc1nc(-c2ccc(-n3cnc(C)c3)c(OC)n2)cs1,0.7459375,train
COc1nc(-c2csc(Nc3c4c(nn3C)CCC4)n2)ccc1-n1cnc(C)c1,0.6538925,train
CCn1nc2c(c1Nc1nc(-c3ccc(-n4cnc(C)c4)c(OC)n3)cs1)CCC2,0.93406075,train
COc1nc(-c2csc(Nc3c4c(nn3CCF)CCC4)n2)ccc1-n1cnc(C)c1,0.96913254,train
COc1nc(-c2csc(Nc3c4c(nn3CC(F)(F)F)CCC4)n2)ccc1-n1cnc(C)c1,0.980287,train
CCCCCN(CCCCC)Cc1cc(C(=O)O)ccc1NC(=O)c1cc2cc(F)cc(NC)c2[nH]c1=O,0.539223,train
CNc1cc(F)cc2cc(C(=O)Nc3ccc(CO)cc3CN(CCO)C3CCCCC3)c(=O)[nH]c12,0.49568522,train
COc1ccc(-c2c(-c3ccc(C#N)c(F)c3)nc(N3CCC(N)CC3)n(C)c2=O)cc1F,0.99422556,val
CC(C)CN1C[C@H](Cc2ccc(Cl)cc2)N(C2CCN(c3n[nH]c(N)n3)CC2)C[C@@H]1C,0.9107601,train
Nc1n[nH]c(N2CCC(N3CC(=O)NC[C@@H]3Cc3ccc(Cl)cc3)CC2)n1,0.03836258,test
C[C@H]1CN(C2CCN(c3n[nH]c(N)n3)CC2)[C@@H](Cc2ccc(Cl)cc2)CO1,0.045446392,train
CC[C@H]1CN(C2CCN(c3n[nH]c(N)n3)CC2)[C@@H](Cc2ccc(Cl)cc2)CO1,0.25053254,train
CC(C)[C@H]1CN(C2CCN(c3n[nH]c(N)n3)CC2)[C@@H](Cc2ccc(Cl)cc2)CO1,0.11844365,train
CC(C)C[C@H]1CN(C2CCN(c3n[nH]c(N)n3)CC2)[C@@H](Cc2ccc(Cl)cc2)CO1,0.85466796,train
Nc1n[nH]c(N2CCC(N3C[C@H](CO)OC[C@@H]3Cc3ccc(Cl)cc3)CC2)n1,0.049851704,train
COC[C@H]1CN(C2CCN(c3n[nH]c(N)n3)CC2)[C@@H](Cc2ccc(Cl)cc2)CO1,0.06946192,train
Cc1cn([C@@H](C)[C@]2(F)CCNC2)c2nc(C(N)=O)cc(Cl)c12,0.49370936,train
Cc1cn([C@H](C)[C@]2(F)CCNC2)c2nc(C(N)=O)cc(Cl)c12,0.35024288,train
Cc1cn([C@H](C)[C@H]2CCNC[C@@H]2F)c2nc(C(N)=O)cc(Cl)c12,0.8017805,train
Cc1cn([C@H](C)[C@@H]2CCNC[C@H]2F)c2nc(C(N)=O)cc(Cl)c12,0.9129497,train
Cc1cn([C@@H](C)[C@H]2CCNC[C@H]2F)c2nc(C(N)=O)cc(Cl)c12,0.95866346,train
Cc1cn([C@@H](C)[C@@H]2CCNC[C@@H]2F)c2nc(C(N)=O)cc(Cl)c12,0.96848595,train
CN1CCCN(c2nccc3[nH]c(-c4ccc(F)c(F)c4)nc23)CC1,0.9283113,train
CN1CCN(CC2CCN(c3nccc4[nH]c(-c5cc(F)cc(F)c5)cc34)CC2)CC1,0.99495405,val
Fc1ccc(-c2nc3c(N4CCNCC4)nccc3[nH]2)cc1F,0.7661393,test
CN1CCN(C(=O)C2CCN(c3nccc4[nH]c(-c5ccc(F)c(F)c5)nc34)CC2)CC1,0.817885,train
CN1CCN(C(=O)C2CCN(c3nccc4[nH]c(-c5ccc(F)c(F)c5)cc34)CC2)CC1,0.90915287,train
CN1CCN(C2CCN(c3nccc4[nH]c(-c5cc(F)cc(F)c5)cc34)CC2)CC1,0.9913428,train
CN1CCCN(c2nccc3[nH]c(-c4cc(F)cc(F)c4)nc23)CC1,0.96864533,train
CC[C@@H](c1nc2cccc(F)c2c(=O)n1C1CC1)n1nc(-c2ccc(OC)c(F)c2)c2c(N)ncnc21,0.9316806,test
Cc1cc(COCCN2CCCC2)nn1-c1ccc(Cl)c(Cl)c1,0.93773836,val
CC(=O)N1CCN(CCCOCc2cc(C)n(-c3ccc(Cl)c(Cl)c3)n2)CC1,0.7440476,test
C[C@@H](c1cc(OCC(F)F)ccn1)n1cnc2c(N)nc(Cl)nc21,0.8448457,test
O=C(NC1CCN(C2CCCCC2)CC1)c1cc(-c2ccc(F)cc2F)on1,0.9474712,train
O=C(NC1CCN(C2CCCCC2)CC1)c1noc(-c2ccc(F)cc2F)n1,0.74685806,val
O=C(NC1CCN(C2CCCCC2)CC1)c1nnc(-c2ccc(F)cc2F)o1,0.51162225,val
CN(C)C(=O)C1CN(C2CCCCC2)CC[C@@H]1NC(=O)c1cc(-c2ccc(F)cc2F)on1,0.9818627,train
C[C@@H](NC(=O)C1CN(C2CCCCC2)CC[C@@H]1NC(=O)c1cc(-c2ccc(F)cc2F)on1)c1ccccn1,0.87020236,train
O=C(N[C@H]1CCN(C2CCCCC2)CC1C(=O)N[C@H](CO)c1ccccc1)c1cc(-c2ccc(F)cc2F)on1,0.9200884,train
O=C(N[C@H]1CCN(C2CCCCC2)CC1C(=O)NCCc1ccccn1)c1cc(-c2ccc(F)cc2F)on1,0.96744585,test
CC(C)(NC(=O)C1CN(C2CCCCC2)CC[C@@H]1NC(=O)c1cc(-c2ccc(F)cc2F)on1)c1ccccn1,0.8174266,train
O=C(N[C@H]1CCN(C2CCCCC2)CC1C(=O)NC1(c2ncccn2)CC1)c1cc(-c2ccc(F)cc2F)on1,0.8834431,val
CCCN1CC[C@H](NC(=O)c2cc(-c3ccc(F)cc3F)on2)C(C(=O)NC2(c3ncccn3)CC2)C1,0.8746264,val
O=C(N[C@H]1CCN(CC2CC2)CC1C(=O)NC1(c2ncccn2)CC1)c1cc(-c2ccc(F)cc2F)on1,0.8581654,train
O=C(N[C@H]1CCN(CC2CCC2)CC1C(=O)NC1(c2ncccn2)CC1)c1cc(-c2ccc(F)cc2F)on1,0.83800316,train
O=C(N[C@H]1CCN(C2CCCC2)CC1C(=O)NC1(c2ncccn2)CC1)c1cc(-c2ccc(F)cc2F)on1,0.8561383,val
CC1(CN2CC[C@H](NC(=O)c3cc(-c4ccc(F)cc4F)on3)C(C(=O)NC3(c4ncccn4)CC3)C2)CC1,0.68513525,train
Cc1cc(Nc2ccc(S(F)(F)(F)(F)F)cc2)n2nc(C(C)(F)F)nc2n1,0.99991584,val
Cc1cc(NC2CCc3cc(F)ccc3C2)n2nc(C(C)(F)F)nc2n1,0.9882896,train
Cc1cc(NC2CCc3cc(Cl)ccc3C2)n2nc(C(C)(F)F)nc2n1,0.99482805,train
Cc1cc(N[C@H]2CCc3ccc(Cl)cc3C2)n2nc(C(C)(F)F)nc2n1,0.9931282,train
Cc1cc(NC2CCc3cc(Br)ccc3C2)n2nc(C(C)(F)F)nc2n1,0.99465746,train
Cc1cc(NC2CCc3ccc(Br)cc3C2)n2nc(C(C)(F)F)nc2n1,0.9961204,train
COc1ccc2c(c1)CC(Nc1cc(C)nc3nc(C(C)(F)F)nn13)CC2,0.9694501,train
Cc1cc(NC2Cc3cc(F)c(F)cc3C2)n2nc(C(C)(F)F)nc2n1,0.96579397,val
N#Cc1cnc(Nc2cc(NC[C@H]3CNCCO3)c(-c3cccc(F)c3)cn2)cn1,0.9677123,train
N#Cc1cnc(Nc2cc(NC[C@@H]3CNCCO3)c(-c3cccc(F)c3)cn2)cn1,0.98190284,train
Cc1cnc(-c2cnc(Nc3cnc(C#N)cn3)cc2NC[C@H]2CNCCO2)s1,0.60473776,val
Cn1cc(-c2cnc(Nc3cnc(C#N)cn3)cc2NC[C@H]2CNCCO2)cn1,0.42403007,train
Cn1cc(-c2cnc(Nc3cnc(C#N)cn3)cc2NC[C@@H]2CNCCO2)cn1,0.57183266,train
Cn1cc2cc(-c3cnc(Nc4cnc(C#N)cn4)cc3NC[C@H]3CNCCO3)ccc2n1,0.70821774,val
CC(C)(O)C#Cc1cnc(Nc2cnc(C#N)cn2)cc1NC[C@@H]1CNCCO1,0.030075254,train
N#Cc1cnc(Nc2cc(NC[C@@H]3CNCCO3)c(C#CC3(O)CCCC3)cn2)cn1,0.15558864,train
C#Cc1cnc(Nc2cnc(C#N)cn2)cc1NC[C@@H]1CNCCO1,0.8829992,train
N#Cc1cnc(Nc2cc(NC[C@@H]3CNCCO3)c(C3CC3)cn2)cn1,0.91046745,train
N#Cc1cnc(Nc2cc(NC[C@H]3CNCCO3)c(Cl)cn2)cn1,0.81897336,train
N#Cc1cnc(Nc2cc(NC[C@H]3CNCCO3)c(C(F)(F)F)cn2)cn1,0.9223432,train
COc1ccc(-c2nc(N3CCOCC3)c3sc(CN(C)c4ncc(C(O)=NO)cn4)cc3n2)cn1,0.41501293,val
Cc1nc(CN(C)[C@H]2CCCc3cccnc32)cc(N2CCN(C)CC2)n1,0.56127983,train
OCCCC(=C(c1ccc(O)cc1)c1ccc(C2CCN(C3CC3)C2)cc1)c1ccccc1,0.29220375,test
OCCCC(=C(c1ccc(O)cc1)c1ccc(C2CCNCC2)cc1)c1ccccc1,0.17298454,train
CC(C)N1CCC(c2ccc(C(=C(CCCO)c3ccccc3)c3ccc(O)cc3)cc2)CC1,0.1727604,train
CC(C)N1CC=C(c2ccc(/C(=C(/CCCO)c3ccccc3)c3cccc(O)c3)cc2)CC1,0.19821553,train
CC(C)N1CC=C(c2ccc(C(=C(CCCO)c3ccccc3)c3ccc(O)cc3)cc2)CC1,0.21175726,train
CC(C)N1CCC(c2ccc(C(=C(CCCO)c3ccc(F)cc3)c3ccc(O)cc3)cc2)CC1,0.21741092,train
CC(C)N1CCC(c2ccc(C(=C(CCCO)c3ccc(F)cc3F)c3ccc(O)cc3)cc2)CC1,0.20786446,train
CNC(=O)c1[nH]nc2cc(-c3ccc(-n4cccc(C)c4=O)cc3Cl)ccc12,0.289563,train
Cc1cccn(-c2ccc(-c3ccc4c(C(=O)NCC5CC5)[nH]nc4c3)c(Cl)c2)c1=O,0.537352,test
CN[C@@H]1C[C@H]2O[C@@](C)([C@@H]1OC)n1c3ccccc3c3c4c(c5c6ccccc6n2c5c31)C(=O)NC4,0.1627522,train
Cc1nc(Nc2[nH]nc3c2CN(C(=O)N[C@H](CN(C)C)c2ccccc2)C3(C)C)c2sccc2n1,0.1627532,train
CCNC(=O)c1[nH]nc2cc(-c3ccc(-n4cccc(C)c4=O)cc3Cl)ccc12,0.5611465,train
Cc1cccn(-c2ccc(-c3ccc4c(C(=O)NCc5ccncc5)[nH]nc4c3)c(Cl)c2)c1=O,0.2597256,train
CN1CCc2ccc(OCCCN3CCC(c4noc5cc(F)ccc45)CC3)cc2C1=O,0.98434305,val
Cn1ccc2ccc(OCCCN3CCC(c4noc5cc(F)ccc45)CC3)cc2c1=O,0.98770976,val
COc1ccccc1S(=O)(=O)/C=C/c1ccccc1Cl,0.61876875,val
O=C1CCC(N2Cc3cc(CNC(=O)C(F)(F)c4ccc(Cl)cc4)ccc3C2=O)C(=O)N1,0.19385141,val
C[C@H](NC(=O)c1cc(C(F)(F)F)nn1C)c1nc(-c2ccnc(C(F)(F)F)c2)no1,0.10442108,test
Cn1cc(-c2nc3c(-c4ccnc(OC5CC5)c4)cnn3cc2OCCC(C)(C)O)cn1,0.28514493,train
Cc1cc(Nc2nc(Nc3ccccc3S(=O)(=O)C(C)C)c3c(C)[nH]nc3n2)c(OC(C)C)cc1C1CCN(C)CC1,0.6294501,train
Cc1cc(Nc2nc(Nc3ccccc3S(=O)(=O)C(C)C)c3c[nH]nc3n2)c(OC(C)C)cc1C1CCN(C)CC1,0.61004764,train
Cc1cc(Nc2nc(Nc3ccccc3S(=O)(=O)C(C)C)c3cc[nH]c3n2)c(OC(C)C)cc1C1CCN(C)CC1,0.8529444,train
Cc1cc(Nc2nc(Nc3ccccc3S(=O)(=O)C(C)C)c3cc[nH]c3n2)c(OC(C)C)cc1C1CCNCC1,0.74258363,train
Cc1cc(-c2ccc3c(c2)-c2nnc(Oc4cccc(Cl)c4F)n2CCO3)ccn1,0.86046696,train
Cc1cc(-c2ccc3c(c2)-c2nnc(Oc4ccccc4Cl)n2CCO3)ccn1,0.7769021,train
Cc1cc(-c2ccc3c(c2)-c2nnc(Oc4ccccc4OC(F)(F)F)n2CCO3)ccn1,0.94424504,train
Cc1cc(-c2ccc3c(c2)-c2nnc(Oc4cccc(OC(F)(F)F)c4)n2CCO3)ccn1,0.97986835,train
Cc1cc(-c2ccc3c(c2)-c2nnc(Oc4cccc(Cl)c4)n2CCO3)ccn1,0.96474695,train
Cc1cc(-c2ccc3c(c2)-c2nnc(Cc4cccc(Cl)c4)n2CCO3)ccn1,0.9820124,test
Cc1cc(-c2ccc3c(c2)-c2nnc(Nc4cccc(OC(F)(F)F)c4)n2CCO3)ccn1,0.98438823,train
FC(F)(F)Oc1cccc(Nc2nnc3n2CCOc2ccc(-c4ccncc4)cc2-3)c1,0.98280853,train
CCc1cc(-c2ccc3c(c2)-c2nnc(Nc4cccc(C(F)(F)F)c4)n2CCO3)ccn1,0.99376374,train
Cc1cc(-c2ccc3c(c2)-c2nnc(Nc4cccc(C(F)(F)F)c4)n2CCO3)ccn1,0.98580486,train
FC(F)(F)c1cccc(Nc2nnc3n2CCOc2ccc(-c4ccncc4)cc2-3)c1,0.98436683,train
Cc1cc(-c2ccc3c(c2)-c2nnc(Nc4cccc(Cl)c4)n2CCO3)ccn1,0.9753087,train
Nc1ncc(-c2ccc(C(=O)N3CCC(N)C3)cc2)nc1-c1ccc(C(F)(F)F)cc1,0.8596158,train
CC(C)(C)N1CCN(C(=O)c2ccc(-c3cnc(N)c(-c4ccc(C(F)(F)F)cc4)n3)cc2)CC1,0.79905707,train
CN1CCCN(C(=O)c2ccc(-c3cnc(N)c(-c4ccc(C(F)(F)F)cc4)n3)cc2)CC1,0.79951996,train
Nc1ncc(-c2ccc(C(=O)N3CCNCC3)cc2)nc1-c1ccc(C(F)(F)F)cc1,0.5758626,train
C=CC(=O)N1CCC(Cn2cc(-c3ccc4c(c3)OCO4)c3c(N)ncnc32)CC1,0.60307676,test
COc1cnc(-n2cnc(C)n2)c2[nH]cc(C(=O)C(=O)N3CCN(C(=O)c4ccccc4)CC3)c12,0.044755302,val
NC[C@H](NC(=O)c1ccc(-c2ccc(C(F)(F)F)c(F)c2)[nH]1)c1nc(CO)cs1,0.6482341,train
NC[C@H](NC(=O)c1ccc(-c2cc(F)c(Cl)c(F)c2)[nH]1)c1nc(CO)cs1,0.49332768,train
COCCOc1cc(NC(=O)N2CCCc3cc(CN4C[C@@H](C)N[C@@H](C)C4)c(C=O)nc32)ncc1C#N,0.1861761,train
COCCOc1cc(NC(=O)N2CCCc3cc(CN4CCN(C)C(=O)C4)c(C=O)nc32)ncc1C#N,0.15538731,val
COCCOc1cc(NC(=O)N2CCCc3cc(CN4CCC(N(C)C)C4=O)c(C=O)nc32)ncc1C#N,0.27781823,test
COCCOc1cc(NC(=O)N2CCCc3cc(CN(CCN(C)C)S(C)(=O)=O)c(C=O)nc32)ncc1C#N,0.17721328,train
COCCOc1cc(NC(=O)N2CCCc3cc(CN(CCN(C)C)C(C)=O)c(C=O)nc32)ncc1C#N,0.2990177,train
COCCOc1cc(NC(=O)N2CCCc3cc(CN(C)C(=O)CN(C)C)c(C=O)nc32)ncc1C#N,0.2602119,train
COCCOc1cc(NC(=O)N2CCCc3cc(C4CCN(CC(F)(F)F)CC4)c(C=O)nc32)ncc1C#N,0.5487954,train
COCCOc1cc(NC(=O)N2CCCc3cc(C4CCN(C5COC5)CC4)c(C=O)nc32)ncc1C#N,0.13069677,train
CN(C)CC(C)(C)COc1cc(NC(=O)N2CCCc3cc(C(F)F)c(C=O)nc32)ncc1C#N,0.19445845,train
CN1CCC(COc2cc(NC(=O)N3CCCc4cc(C(F)F)c(C=O)nc43)ncc2C#N)CC1,0.88330686,val
CN(C)CC(C)(O)CNc1cc(NC(=O)N2CCCc3cc(CO)c(C=O)nc32)ncc1C#N,0.27563882,train
ON=C(O)c1ccc(CCCN2CCC(CN[C@H]3C[C@@H]3c3ccccc3)CC2)cc1,0.4454504,train
CCOc1cc(C(=O)N2CCC(N3CCCC3)CC2)ccc1Nc1cc2c(cn1)N(C)C(=O)c1ccccc1N2C,0.78536004,val
Nc1cc(F)c(S(=O)(=O)N2CCC(O)CC2)cc1C(=O)Nc1ccc(F)c(F)c1,0.5430739,train
CNCCOc1ccccc1C(C)(C)Nc1nccn(-c2cc(C(=O)NC3CC3)ccc2C)c1=O,0.07648841,train
COc1ccc2c3c([nH]c2c1)[C@@H]1N(CC3)C(=O)c2c(OC)cccc2N1C,0.42313933,test
CC(=O)Nc1ccc(OCCCN2CCC(c3noc4cc(F)ccc34)CC2)cc1,0.97012365,train
CC(=O)Nc1ccc(OCCCCN2CCC(c3noc4cc(F)ccc34)CC2)cc1,0.98353666,train
C=CC(=O)N1CCC[C@@H](n2nc(-c3ccc(Oc4ccccc4)cc3)c3c(N)n[nH]c(=O)c32)C1,0.72847456,train
CSc1ccccc1C(=O)NCCCC[C@H](NC(=O)c1cncs1)c1nc(-c2ccc3ccccc3c2)c[nH]1,0.78231764,train
COc1nc2ccccc2cc1-c1c[nH]c([C@H](CCCCNC(=O)c2ccccc2SC)NC(=O)c2cncs2)n1,0.81687754,train
COc1nc2ccccc2cc1-c1nnc([C@H](CCCCNC(=O)c2ccccc2SC)NC(=O)c2cncs2)o1,0.3677844,train
N#Cc1cncc(NC(=O)COc2ccc(C(=O)c3cc(Cl)ccc3Br)cc2)c1,0.98811066,train
O=C(COc1ccc(C(=O)c2ccccc2Br)cc1)Nc1cccnc1,0.8518537,train
O=C(COc1ccc(C(=O)c2cc(Cl)ccc2Br)cc1)Nc1ccncc1,0.97297,train
O=C(COc1ccc(C(=O)c2cc(Cl)ccc2Br)cc1)Nc1ccnc(F)c1,0.97490394,train
N#Cc1cc(NC(=O)COc2ccc(C(=O)c3cc(Cl)ccc3Br)cc2)ccc1F,0.99575186,train
CNC(=O)c1cccc(NC(=O)COc2ccc(C(=O)c3cc(Cl)ccc3Br)cc2)c1,0.92740643,train
O=C(COc1ccc(C(=O)c2cc(Cl)ccc2Br)cc1)Nc1cccc(C(=O)NCC2CC2)c1,0.96666414,train
O=C(COc1ccc(C(=O)c2cc(Cl)ccc2Br)cc1)Nc1cccnc1,0.9747523,train
Cc1cc(NC(=O)COc2ccc(C(=O)c3cc(Cl)ccc3Br)cc2)ccn1,0.97073346,train
Cc1cnccc1NC(=O)COc1ccc(C(=O)c2cc(Cl)ccc2Br)cc1,0.96789694,train
Cc1ccc(C#N)cc1NC(=O)COc1ccc(C(=O)c2cc(Cl)ccc2Br)cc1,0.99377304,train
N#Cc1cccc(NC(=O)COc2ccc(C(=O)c3cc(Cl)ccc3Br)cc2)c1F,0.98379195,train
O=C(COc1ccc(C(=O)c2cc(Cl)ccc2Br)cc1)Nc1cccc(C(=O)NC2CC2)c1,0.9644546,test
O=C(COc1ccc(C(=O)c2cc(Cl)ccc2Br)cc1)Nc1ccc(Cl)c(C(=O)NCC2CC2)c1,0.9677316,train
N#Cc1cccc(NC(=O)COc2ccc(C(=O)c3cc(Cl)ccc3Br)cc2)c1,0.99240416,train
O=C(COc1ccc(C(=O)c2cc(Cl)ccc2Br)cc1)Nc1cncc(C(=O)NCC2CC2)c1,0.9627386,val
O=C(COc1ccc(C(=O)c2cc(Cl)ccc2Br)cc1)Nc1ccnc(C(=O)NCC2CC2)c1,0.95424604,test
NC(=O)c1cccc2cc(C(=O)N3CCN(c4nc(-c5cnc(NC(=O)CN6CCOCC6)cc5C(F)(F)F)nc(N5CCOCC5)n4)CC3)oc12,0.30206808,train
O=C1NCCC12CCN(c1c(Cl)cncc1-c1cc3ccccc3o1)CC2,0.900827,val
O=C1NCCC12CCN(c1c(Cl)cncc1-c1cc3ccccc3s1)CC2,0.9654908,train
NC(C(=O)N1CC(CNc2ccc(F)cc2)C2(C1)CN(c1cc(F)cc(F)c1)C2)c1ccc(O)cc1,0.8420588,test
Oc1ccc(CN2CC(CNc3ccccc3)C3(C2)CN(c2ccccc2)C3)cc1,0.9465932,test
N=C(N)NC(=O)c1nc(Cl)c(N2CCCCCC2)nc1N,0.5488837,train
N=C(N)NC(=O)c1nc(-c2cc3ccccc3o2)c(N)nc1N,0.46452758,train
CC(=O)N1CCc2nc(N3CCC(Oc4ccc(F)cc4F)CC3)c(N[C@@H]3CCOC3)nc2C1,0.85508037,train
CC(=O)N1CCc2nc(N3CCC(Oc4ccc(F)cc4F)CC3)c(N[C@H]3CCOC3)nc2C1,0.47259828,train
COc1cc(C)[nH]c(=O)c1CNC(=O)c1c(C)n([C@H](C)C2CCN(CC(F)(F)F)CC2)c2ccccc12,0.9448465,val
Cc1ccc(NC(=O)c2cccc(C(F)(F)F)c2)cc1C#Cc1nn(C2CCN(C)CC2)c2ncnc(N)c12,0.9552916,test
Cc1ccc(NC(=O)c2cccc(C(F)(F)F)c2)cc1C#Cc1nn(CC2CCN(C)CC2)c2ncnc(N)c12,0.9882061,train
Cc1ccc(NC(=O)c2cccc(C(F)(F)F)c2)cc1C#Cc1nn(CC2CCN(C)C2)c2ncnc(N)c12,0.973056,val
Cc1ccc(NC(=O)c2cccc(C(F)(F)F)c2)cc1C#Cc1nn([C@@H]2CCN(C)C2)c2ncnc(N)c12,0.98688334,train
Cc1ccc(NC(=O)c2cccc(C(F)(F)F)c2)cc1C#Cc1nn([C@H]2CC[C@H](O)CC2)c2ncnc(N)c12,0.9216049,val
CC#C[C@@H](CC(=O)O)c1ccc(OCc2ccc(CN3CCC4(C=Cc5ccccc54)CC3)c(OC)c2)cc1,0.7898384,train
COc1ccc(C(NC(=O)c2c[nH]c(-n3cccn3)nc2=O)c2ccc(OC)cc2)cc1,0.51422817,train
COc1ccc2ncc(F)c(CC[C@H]3OC[C@H](NCc4ccc5c(c4)OCCO5)CO3)c2n1,0.9802593,train
COc1ccc2ncc(F)c(CC[C@@]3(O)CO[C@@H]4[C@@H](NCc5cc6c(cn5)OCCO6)CO[C@@H]43)c2n1,0.3696046,train
COc1ccc2ncc(F)c(CC[C@@]3(O)CO[C@@H]4[C@@H](NCc5ccc6c(n5)NC(=O)CO6)CO[C@@H]43)c2n1,0.60540277,val
COc1ccc2ncc(F)c(CC[C@@]3(O)CO[C@@H]4[C@@H](NCc5ccc6c(c5)OCCO6)CO[C@@H]43)c2n1,0.80099624,test
COc1ccc2ncc(F)c(CC[C@@]3(O)CO[C@@H]4[C@@H](NCc5ccc(C)cc5)CO[C@@H]43)c2n1,0.94133,train
COc1ccc2ncc(F)c(CC[C@@]3(O)CO[C@@H]4[C@@H](NCc5ccc(Cl)c(Cl)c5)CO[C@@H]43)c2n1,0.96679384,train
COc1ccc2ncc(F)c(CC[C@H]3OC[C@H](NCc4cc5c(cn4)OCCO5)CO3)c2n1,0.90119386,test
COc1ccc2ncc(F)c(CC[C@H]3OC[C@H](NCc4ccc5c(n4)NC(=O)CO5)CO3)c2n1,0.9515254,test
COc1ccc2ncc(F)c(CC[C@H]3OC[C@H](NCc4ccc(Cl)c(Cl)c4)CO3)c2n1,0.99644095,test
COc1ccc2ncc(F)c(CC[C@]3(O)CC[C@@H](NCc4ccc5c(c4)OCCO5)CC3)c2n1,0.7538592,train
COc1ccc2ncc(F)c(CC[C@]3(O)CC[C@H](NCc4ccc5c(c4)OCCO5)CC3)c2n1,0.8905984,train
COc1ccc2ncc(F)c(CC[C@]3(O)CC[C@H](NCc4ccc(Cl)c(Cl)c4)CC3)c2n1,0.9825562,val
COc1ccc(-c2ccccc2N2CCN(C[C@@H](O)COc3ccc(-c4cn5ccccc5n4)cc3)CC2)cc1,0.9814161,test
COc1ccc(-c2ccccc2N2CCN(CCCCOc3ccc4c(c3)NC(=O)C(C)O4)CC2)cc1,0.9800898,train
COc1ccc(-c2ccccc2C2CCN(C[C@@H](O)COc3ccc(-c4cn5ccccc5n4)cc3)CC2)cc1,0.9895098,train
COc1cc(F)ccc1-c1nc(Nc2ccc3c(N4CCOCC4)c(C(C)=O)c(=O)oc3c2)ncc1F,0.06934817,train
O=C(CCCCCCC(O)=NO)Nc1ccccc1,0.47749004,train
CN(C)CCOc1ccc(-c2cc(=O)c3c(O)cc(OCCCCCC(O)=NO)cc3o2)cc1,0.5601832,train
Nc1[nH]nc2cccc(C#Cc3cccc(NC(=O)c4ccc(N5CCOCC5)c(C(F)(F)F)c4)c3)c12,0.84342974,test
CC(C)n1c(=O)n(C)c2cnc3cc(F)c(-c4ccc(OCCCN5CCCCC5)nc4)cc3c21,0.8604786,train
C[C@H](Oc1cc2cc(C(N)=O)ccc2nc1N)c1cc(F)ccc1-n1cccn1,0.5785865,train
C[C@H](Oc1cc2cc(C#N)ccc2nc1N)c1cc(F)c(F)cc1-n1cccn1,0.8660441,train
C[C@H](Oc1cc2cc(C(N)=O)ccc2nc1N)c1cc(F)c(F)cc1-n1cccn1,0.4292574,train
C[C@H](Oc1cc2cc(F)ccc2nc1N)c1cc(F)c(F)cc1-n1cccn1,0.8844158,train
C[C@H](Oc1cc2cc(C(N)=O)ccc2nc1N)c1cc2[nH]ncc2cc1-n1cccn1,0.10541903,train
C[C@H](Oc1cc2cc(C(N)=O)ccc2nc1N)c1ncc(F)cc1-n1cccn1,0.14005716,train
C[C@H](Oc1cc2cc(F)ccc2nc1N)c1cc2c(cnn2CCO)cc1-n1cccn1,0.473959,train
C[C@H](Oc1cc2cc(F)cc(F)c2nc1N)c1cc(C(=O)O)ccc1-n1cccn1,0.073814385,train
C[C@H](Oc1cc2cc(F)cc(F)c2nc1N)c1[nH]c(=O)ccc1-n1cccn1,0.135103,train
Cc1[nH]ncc1-c1cnc(N)c(O[C@@H](C)c2cc(F)ccc2-n2cccn2)c1,0.6058101,test
C[C@H](Oc1cc2cc(F)ccc2nc1N)c1[nH]c(=O)ccc1-n1cccn1,0.13970762,train
Cc1c(N2CC[C@@H]([C@H](C)N)C2)c(F)cc2cc(O)c(=O)n(C3CC3)c12,0.06717623,train
C[C@H]1COc2c(N3CC[C@@H](C4(N)CC4)C3)ccc3cc(C(=O)O)c(=O)n1c23,0.19631329,train
C[C@H]1COc2c(N3CC[C@@H](C4(N)CC4)C3)cc(Cl)c3cc(C(=O)O)c(=O)n1c23,0.33077,train
Cc1c(N2CC[C@@H](C3(N)CC3)C2)c(F)cc2cc(C(N)=O)c(=O)n(C3CC3)c12,0.8554064,train
Cc1c(N2CC[C@@H](C3(N)CC3)C2)c(F)cc2cc(C#N)c(=O)n(C3CC3)c12,0.9204205,train
Cc1c(N2CC[C@@H](C3(N)CC3)C2)c(F)cc2cc(-c3nc(=O)o[nH]3)c(=O)n(C3CC3)c12,0.38436583,test
Cc1c(N2CC[C@@H](C3(N)CC3)C2)c(F)cc2cc(-c3n[nH]c(=O)o3)c(=O)n(C3CC3)c12,0.10910288,val
Cc1c(N2CC[C@@H](C3(N)CC3)C2)c(F)cc2cc(-c3ncon3)c(=O)n(C3CC3)c12,0.9582054,val
Cc1c(N2CC[C@@H](C3(N)CC3)C2)c(F)cc2cc(-c3nnco3)c(=O)n(C3CC3)c12,0.8300492,train
Cc1c(N2CCC(C3(N)CC3)C2)c(F)cc2c(-c3cc(=O)[nH]o3)cc(=O)n(C3CC3)c12,0.2944199,val
Cc1c(N2CCC(C3(N)CC3)C2)c(F)cc2c(-c3nc(=S)o[nH]3)cc(=O)n(C3CC3)c12,0.2001584,train
Cc1c(N2CCC(C3(N)CC3)C2)c(F)cc2c(-c3n[nH]c(=O)o3)cc(=O)n(C3CC3)c12,0.035299424,test
C[C@@]1(c2cc(NC(=O)c3ccc(C#N)cn3)ccc2F)C=CSC(=N)N1,0.3638464,test
Cc1c(C2(c3ccc(C(F)(F)F)c(C#N)c3)CC2)c[nH]c1C(=O)NC(C)c1nc[nH]n1,0.15311716,train
COc1cc2c(cc1OC)C(=O)C(CC1(F)CCN(Cc3ccccc3F)CC1)C2,0.9417605,train
O=C(Oc1ccc(OCc2ccccc2)cc1)N(Nc1ccccc1)S(=O)(=O)c1ccc(Cl)cc1,0.79221314,val
O=C(Oc1ccc(OCc2ccccc2)cc1)N(Cc1ccccc1)S(=O)(=O)c1ccc(Cl)cc1,0.9135877,val
CC(C)(O)C(=O)N[C@@H]1CC[C@@]2(S(=O)(=O)c3ccc(F)cc3)c3ccc(C(F)(C(F)(F)F)C(F)(F)F)cc3CC[C@@H]12,0.912667,test
Fc1ccc2c(C3CCN(CCCOc4ccc(CCN5CCCCC5)cc4)CC3)noc2c1,0.9997223,train
CN1CCN(Cc2ccc(OCCCN3CCC(c4noc5cc(F)ccc45)CC3)cc2)CC1,0.9983381,val
CN1CCN(Cc2ccc(OCCCCN3CCC(c4noc5cc(F)ccc45)CC3)cc2)CC1,0.99904186,val
Fc1ccc2c(C3CCN(CCCOc4ccc(CCN5CCOCC5)cc4)CC3)noc2c1,0.99713516,test
Cn1cc(-c2nc3c(-c4ccc(CN5CCc6cc(C(C)(C)C)ccc6C5=O)c(F)c4)ccnc3[nH]2)cn1,0.9158633,train
Cn1cc(-c2nc3c(-c4ccc5c(c4)CCC[C@H]5NC(=O)c4nc(C(C)(C)C)no4)ccnc3[nH]2)cn1,0.6630314,val
CN1CCN(c2ccc(Nc3cc(-c4cccc(-n5ccc6cc(C7CC7)cc(F)c6c5=O)c4CO)cn(C)c3=O)nc2)CC1,0.34235722,train
CC[C@@H](NC(=O)c1ccc(OC)nc1)[C@H]1CC[C@@H](c2ccnc(OC)c2C(F)F)CC1,0.6665954,train
Cn1cc(-c2ccc(F)c(C(F)(F)F)c2)nc1C1CCN(c2ncnc(N)c2C#N)CC1,0.9135651,train
Cn1cc(-c2ccc(F)c(C(F)(F)F)c2)nc1C1CCN(c2ncnc(N)c2C(N)=O)CC1,0.8122835,train
Cn1cc(-c2ccc(F)c(C(F)(F)F)c2)nc1C1CCN(c2ncnc(N)c2-c2ccc(F)cc2)CC1,0.99457175,train
CN(C)CCn1cc(-c2ccc(F)c(C(F)(F)F)c2)nc1C1CCN(c2ncnc(N)c2-c2ccc(F)cc2)CC1,0.9972083,train
Nc1ncnc(N2CCC(c3nc(-c4ccc(F)c(C(F)(F)F)c4)cn3CCN3CCC3)CC2)c1-c1ccc(F)cc1,0.9980641,train
Nc1ncnc(N2CCC(c3nc(-c4ccc(F)c(C(F)(F)F)c4)cn3CCN3CCCC3)CC2)c1-c1ccc(F)cc1,0.99855226,train
CN(C)CCn1cc(-c2ccc(F)c(C(F)(F)F)c2)nc1C1CCN(c2ncnc(N)c2C#N)CC1,0.95371705,train
CN(C)CCn1cc(-c2ccc(F)c(C(F)(F)F)c2)nc1C1CCN(c2ncnc(N)c2C(N)=O)CC1,0.89514595,train
C=Cc1c(N)ncnc1N1CCC(c2nc(-c3ccc(F)c(C(F)(F)F)c3)cn2CCN(C)C)CC1,0.98395663,train
CCc1c(N)ncnc1N1CCC(c2nc(-c3ccc(F)c(C(F)(F)F)c3)cn2CCN(C)C)CC1,0.9885648,train
CN(C)CCn1cc(-c2ccc(F)c(C(F)(F)F)c2)nc1C1CCN(c2ncnc(N)c2C2CC2)CC1,0.99599576,val
Nc1ncnc(N2CCC(c3nc(-c4ccc(F)c(C(F)(F)F)c4)cn3CCN3CCC3)CC2)c1Cl,0.9813989,train
C=Cc1c(N)ncnc1N1CCC(c2nc(-c3ccc(F)c(C(F)(F)F)c3)cn2CCN2CCC2)CC1,0.9887504,train
CCc1c(N)ncnc1N1CCC(c2nc(-c3ccc(F)c(C(F)(F)F)c3)cn2CCN2CCC2)CC1,0.99204564,train
Nc1ncnc(N2CCC(c3nc(-c4ccc(F)c(C(F)(F)F)c4)cn3CCN3CCC3)CC2)c1C1CCC1,0.99723864,train
N#Cc1c(N)ncnc1N1CCC(c2nc(-c3ccc(F)c(C(F)(F)F)c3)cn2CCN2CCC2)CC1,0.96766603,train
CC(C)c1c(N)ncnc1N1CCC(c2nc(-c3ccc(F)c(C(F)(F)F)c3)cn2CCN2CCC2)CC1,0.9975459,train
NC(=O)c1c(N)ncnc1N1CCC(c2nc(-c3ccc(F)c(C(F)(F)F)c3)cn2CCN2CCC2)CC1,0.92394626,train
CN(C)c1ccc(N=Nc2ccccn2)c(O)c1,0.57595253,train
Oc1ccc2ccccc2c1N=Nc1nccs1,0.5921686,val
CN(C)c1ccc(/N=N/c2ccccn2)c([O-])c1,0.9477398,train
CS(=O)(=O)c1nc(Nc2ccc(F)c(Cl)c2)cc(NC2CCC(N)CC2)n1,0.20505168,val
Cc1ccc(CN2CCN(C(=O)C(=O)Nc3ccc4c(ccn4C)c3)CC2)cc1,0.46560073,val
O=C(NCc1ccc2[nH]ccc2c1)N1CC(COc2ccc(C(F)(F)F)cc2)C1,0.96856594,test
C[C@@H]1Cc2c([nH]c3ccccc23)[C@@H](c2c(F)cc(NC3CN(CCCF)C3)cc2F)N1CC(F)(F)CO,0.9966378,train
C[C@@H]1Cc2c([nH]c3ccc(F)cc23)[C@@H](c2c(F)cc(NC3CN(CCCF)C3)cc2F)N1CC(F)(F)CO,0.99848324,train
COc1cc2c(cc1OC)[C@H]1C[C@@H](OC(=O)C(N)C(C)C)[C@H](CC(C)C)CN1CC2,0.9394112,train
COc1cc2c(cc1OCC(F)(F)F)CCN1CC(CC(C)C)C(O)CC21,0.95895547,train
CS(=O)(=O)c1nccc(-c2c(-c3cccc(OCc4ccccc4)c3)nc3sccn23)n1,0.14722073,train
c1ccc(COc2cccc(-c3nc4sccn4c3-c3ccncn3)c2)cc1,0.78657055,train
CCS(=O)(=O)c1ccc(C(NC(C)=O)C(=O)Nc2ccc(C(O)(C(F)(F)F)C(F)(F)F)cc2)nc1,0.2246881,train
CCS(=O)(=O)c1ccc(C(NC(=O)OC)C(=O)Nc2ccc(C(O)(C(F)(F)F)C(F)(F)F)cc2)nc1,0.5765345,train
CCS(=O)(=O)c1ccc(C(NC(=O)CC2CC2)C(=O)Nc2ccc(C(O)(C(F)(F)F)C(F)(F)F)cc2)nc1,0.2924604,train
CCS(=O)(=O)c1ccc(C(NC(=O)Cc2ccccc2)C(=O)Nc2ccc(C(O)(C(F)(F)F)C(F)(F)F)cc2)nc1,0.51954913,val
CCS(=O)(=O)c1ccc(C(NC(=O)Cc2ccccn2)C(=O)Nc2ccc(C(O)(C(F)(F)F)C(F)(F)F)cc2)nc1,0.34512833,val
CCS(=O)(=O)c1ccc(C(NC(=O)Cc2nccs2)C(=O)Nc2ccc(C(O)(C(F)(F)F)C(F)(F)F)cc2)nc1,0.25457233,test
CCS(=O)(=O)c1ccc(C(CC(=O)N(C)C)C(=O)Nc2ccc(C(O)(C(F)(F)F)C(F)(F)F)cc2)cc1,0.84110075,train
CCS(=O)(=O)c1ccc(C(Cn2cccn2)C(=O)Nc2ccc(C(O)(C(F)(F)F)C(F)(F)F)cc2)cc1,0.9085045,train
CCS(=O)(=O)c1ccc2c(c1)CN(C(C)=O)C2C(=O)Nc1ccc(C(O)(C(F)(F)F)C(F)(F)F)cc1,0.17084149,train
CC(=O)N1Cc2cc(S(=O)(=O)CC3CC3)ccc2C1C(=O)Nc1ccc(C(O)(C(F)(F)F)C(F)(F)F)cc1,0.13752529,train
COC(=O)N1Cc2cc(S(C)(=O)=O)ccc2C1C(=O)Nc1ccc(C(O)(C(F)(F)F)C(F)(F)F)cc1,0.2950673,train
COCC(=O)N1Cc2cc(S(=O)(=O)CC3CC3)ccc2C1C(=O)Nc1ccc(C(O)(C(F)(F)F)C(F)(F)F)cc1,0.28385237,train
CC(=O)N1CCN([C@H]2C[C@@H](n3cc(-c4ccc(Cl)c(N)c4)c4c(N)ncnc43)C2)CC1,0.9557418,train
COC(=O)N[C@H]1CC[C@@H](n2cc(-c3ccc(Cl)c(N)c3)c3c(N)ncnc32)CC1,0.90169555,val
COC(=O)NC12CCC(n3cc(-c4ccc(Cl)c(N)c4)c4c(N)ncnc43)(CC1)CC2,0.91700155,train
COC(=O)NC12CCC(n3cc(-c4cc(N)c(Cl)cc4F)c4c(N)ncnc43)(CC1)CC2,0.87489367,train
Cc1ccc(Oc2ccc(-c3nnn(CCN)n3)cc2)cc1,0.8335559,train
NCCn1nnc(-c2ccc(Oc3ccc(Cl)cc3)cc2)n1,0.960792,train
NCCCn1nnc(-c2ccc(Oc3ccc(Cl)cc3)cc2)n1,0.97497183,train
CCNC(=O)c1cc(Cc2cccc3[nH]ccc23)nc(-c2cn(C)nn2)c1,0.39771298,train
C[C@H](Oc1ccc(C(=O)NC2CC2)cc1-c1cn(C)nn1)c1ccccn1,0.05391478,train
Cc1cc(C#N)cc(C)c1Oc1nc(NC2CCN(Cc3ccc(C(N)=O)cc3)CC2)ncc1-c1ccncc1,0.98937243,test
COc1ccc(-c2ccc(CO[C@H]3C[C@@H](N=C=S)C3)nc2)cc1F,0.057361744,train
CC(=O)NC[C@@H]1OC(=O)N2Cc3cc(-c4ccc(C#N)nc4)c(F)cc3O[C@@H]12,0.08380465,test
CCN1CCN(c2ccc(Nc3ncc4scc(-c5cccc(NS(C)(=O)=O)c5)c4n3)cc2)CC1,0.9723466,test
COc1ccc(CCNCCCNc2nc3ccccc3n2Cc2ccc(F)cc2)cc1,0.99781173,train
N#Cc1ccc(CCN2CCC(Nc3nc4ccccc4[nH]3)CC2)cc1,0.99682933,train
N#Cc1ccc(CCN2CCC(Nc3nc4ccccc4n3Cc3ccc(C#N)cc3)CC2)cc1,0.9999014,train
CS(=O)(=O)c1ccc(Cn2c(NC3CCN(CCc4ccc(C#N)cc4)CC3)nc3ccccc32)cc1,0.999666,train
N#Cc1ccc(CCN2CCC(Nc3nc4ccccc4n3Cc3ccc(C(=O)O)cc3)CC2)cc1,0.85955274,train
N#Cc1ccc(CCN2CCC(Nc3nc4ccccc4n3Cc3ccc(C(F)(F)F)nc3)CC2)cc1,0.9987835,train
N#Cc1ccc(CCN2CCC(Nc3nc4ccccc4n3Cc3ccc(C#N)c(F)c3)CC2)cc1,0.99993455,train
O=C(c1ccc(CCN2CCC(Nc3nc4ccccc4n3Cc3ccc(F)cc3)CC2)cc1)N1CCNCC1,0.9922665,test
Fc1cc(F)c(F)c(-c2ccc(N[C@H]3C[C@@H]4CN(CC5CCOCC5)C[C@@H]4C3)nn2)c1,0.9998597,val
COc1nc(C2=NC(c3ccc(Cl)cc3)C(C3CC3)ON2)ccc1-n1cnc(C)c1,0.9995049,val
COc1ccc2ncc(F)c(C(O)C[C@H]3OC[C@H](NCc4ccc5c(c4)OCCO5)CO3)c2c1,0.78576034,train
CNC(=O)c1cc(-n2ncc3cc(Oc4ccccc4Cl)ccc32)cs1,0.65752417,test
CNC(=O)c1cc(-n2ncc3cc(Nc4c(F)cccc4Cl)cnc32)cs1,0.16243869,test
Cc1nc2c(cnn2-c2csc(C(=O)NC3COC3)c2)cc1Nc1c(F)cccc1Cl,0.063112535,val
Cc1cc(C)cc(OCc2cncc(-c3cc(C)cc(C)c3)c2N2CCC(N)CC2)c1,0.9902637,test
Cc1cc(C)cc(CNc2cncc(-c3cc(C)cc(C)c3)c2N2CCC(N)CC2)c1,0.935398,train
Cc1cc(C)cc(NC(=O)c2cncc(-c3cc(C)cc(C)c3)c2N2CCC(N)CC2)c1,0.9902352,train
Cc1cc(C)cc(C(=O)Nc2cncc(-c3cc(C)cc(C)c3)c2N2CCC(N)CC2)c1,0.9725955,train
Cc1cc(C)cc(-c2cncc(-c3nc4c(C)cc(C)cc4[nH]3)c2N2CCC(N)CC2)c1,0.99303657,train
NC1CCN(c2c(NC(=O)c3ccccc3)cncc2-c2cc(Cl)cc(Cl)c2)CC1,0.99480903,train
NC1CCN(c2c(NC(=O)c3cn4ccccc4n3)cncc2-c2cc(Cl)cc(Cl)c2)CC1,0.99555224,test
Cn1ncc(C(=O)Nc2cncc(-c3cc(Cl)cc(Cl)c3)c2N2CCC(N)CC2)c1C(F)(F)F,0.9958234,train
Cc1cc(C(=O)Nc2cncc(-c3cc(Cl)cc(Cl)c3)c2N2CCC(N)CC2)n(C)n1,0.9919485,test
Cc1cc(C)cc(-c2cncc(-c3nc4ccccc4[nH]3)c2N2CCC(N)CC2)c1,0.9892579,train
Cc1cc(C)cc(-c2cncc(-c3nc4cc(C#N)ccc4[nH]3)c2N2CCC(N)CC2)c1,0.99762446,train
Cc1cc(C)cc(-c2cncc(-c3nc4cc(Cl)ccc4[nH]3)c2N2CCC(N)CC2)c1,0.9986847,train
Cc1cc(C)cc(-c2cncc(-c3nc4cc(C(F)(F)F)ccc4[nH]3)c2N2CCC(N)CC2)c1,0.9985317,train
Cc1cc(C)cc(-c2cncc(-c3nc4cc(C)ccc4[nH]3)c2N2CCC(N)CC2)c1,0.9929442,train
Cc1cc(C)cc(-c2cncc(-c3nc4cc(F)ccc4[nH]3)c2N2CCC(N)CC2)c1,0.9965432,train
NC1CCN(c2c(-c3cc(F)cc(Cl)c3)cncc2-c2nc3cc(F)ccc3[nH]2)CC1,0.99943775,train
Cc1cc(F)cc(-c2cncc(-c3nc4cc(F)ccc4[nH]3)c2N2CCC(N)CC2)c1,0.9986235,train
COc1cc(F)cc(-c2cncc(-c3nc4cc(F)ccc4[nH]3)c2N2CCC(N)CC2)c1,0.99766517,train
COc1cc(F)cc(-c2cncc(-c3nc4cc(C)ccc4[nH]3)c2N2CCC(N)CC2)c1,0.9952304,train
COc1cc(OC)cc(-c2cncc(-c3nc4cc(C)ccc4[nH]3)c2N2CCC(N)CC2)c1,0.99021673,train
CC[C@@H](NC(=O)c1ccc(Cl)cc1)[C@H]1[C@@H]2C[C@@H](n3cnc4cc(F)c(F)cc43)C[C@@H]21,0.99850756,train
CC(NC(=O)c1ccc(Cl)cc1)[C@H]1[C@@H]2C[C@@H](n3cnc4cc(F)c(F)cc43)C[C@@H]21,0.96922404,train
CCC(c1nc2cc(Cl)ccc2[nH]1)[C@H]1[C@@H]2C[C@@H](c3ccnc4ccc(F)cc34)C[C@@H]21,0.989291,train
CC(C(=O)Nc1ccc(Cl)cc1)[C@H]1CC[C@@H](c2ccnc3ccc(F)cc32)CC1,0.983095,val
CCC(NC(=O)c1ccc(Cl)cc1)[C@H]1[C@@H]2C[C@@H](n3cnc4cc(F)ccc43)C[C@@H]21,0.98916644,train
CCC(NC(=O)c1ccc(Cl)cc1)[C@H]1[C@@H]2C[C@@H](n3cnc4ccc(F)cc43)C[C@@H]21,0.98769057,train
CCC(NC(=O)c1ccc(Cl)cc1)[C@H]1[C@@H]2C[C@@H](n3cnc4cccc(F)c43)C[C@@H]21,0.9874616,train
CCC(NC(=O)c1ccc(Cl)cc1)[C@H]1[C@@H]2C[C@@H](n3cnc4ccccc43)C[C@@H]21,0.961597,train
CCC(NC(=O)c1ccc(Cl)cc1)[C@H]1[C@@H]2C[C@@H](n3cnc4c(F)cccc43)C[C@@H]21,0.9685998,train
CCC(NC(=O)c1ccc(Cl)cc1)[C@H]1[C@@H]2C[C@@H](n3cnc4cc(C#N)ccc43)C[C@@H]21,0.99288505,train
CCC(NC(=O)c1ccc(Cl)cc1)[C@H]1[C@@H]2C[C@@H](n3cnc4c(F)cc(F)cc43)C[C@@H]21,0.9871542,train
CCC(NC(=O)c1ccc(Cl)cc1)[C@H]1[C@@H]2C[C@@H](n3cnc4cc(F)cc(F)c43)C[C@@H]21,0.9959485,train
CCC(NC(=O)c1ccc(Cl)cc1)[C@H]1[C@@H]2C[C@@H](n3cnc4ccc(F)c(F)c43)C[C@@H]21,0.9844081,train
CCC(NC(=O)c1ccc(Cl)cc1)[C@H]1[C@@H]2C[C@@H](n3cnc4cc(F)c(F)cc43)C[C@@H]21,0.9815855,train
CCC(NC(=O)c1ccc(Cl)cc1)[C@H]1[C@@H]2C[C@@H](n3cnc4cc(Cl)c(Cl)cc43)C[C@@H]21,0.9912753,train
CCC(NC(=O)c1ccc(Cl)cc1)[C@H]1[C@@H]2C[C@@H](n3cnc4cnccc43)C[C@@H]21,0.90350604,test
CCC(NC(=O)c1ccc(Cl)cc1)[C@H]1[C@@H]2C[C@@H](n3cnc4ccncc43)C[C@@H]21,0.9117569,val
CCC(NC(=O)c1ccc(Cl)cc1)[C@H]1[C@@H]2C[C@@H](n3cnc4cccnc43)C[C@@H]21,0.8349351,train
CCC(NC(=O)c1ccc(Cl)cc1)[C@H]1[C@@H]2C[C@@H](n3cnc4cc(F)cnc43)C[C@@H]21,0.9532532,train
CCC(NC(=O)c1ccc(Cl)cc1)[C@H]1[C@@H]2C[C@@H](n3cnc4cc(C#N)cnc43)C[C@@H]21,0.97413164,train
CCC(NC(=O)c1ccc(Cl)cc1)[C@H]1[C@@H]2C[C@@H](n3cnc4ncc(C#N)cc43)C[C@@H]21,0.9695637,val
O=C(NC[C@@H]1[C@H]2C[C@H](n3cnc4cc(F)c(F)cc43)C[C@@H]12)c1ccc(Cl)cc1,0.9813262,train
Fc1cc2ncn([C@H]3C[C@@H]4[C@@H](CNC(c5ccc(Cl)cc5)C(F)(F)F)[C@@H]4C3)c2cc1F,0.9951396,val
CC[C@@H](NC(=O)c1ccc(Cl)cc1)[C@H]1[C@@H]2C[C@@H](n3c(C)nc4ccc(F)cc43)C[C@@H]21,0.9993192,train
CC[C@@H](NC(=O)c1ccc(Cl)cc1)[C@H]1[C@@H]2C[C@@H](n3cnc4ccc(Cl)cc43)C[C@@H]21,0.9995173,train
CC[C@@H](NC(=O)c1ccc(Cl)cc1)[C@H]1[C@@H]2C[C@@H](n3cnc4ccc(C#N)cc43)C[C@@H]21,0.99914074,train
CC[C@@H](NC(=O)c1ccc(C#N)cc1)[C@H]1[C@@H]2C[C@@H](n3cnc4ccc(Cl)cc43)C[C@@H]21,0.99917656,train
CC[C@@H](NC(=O)c1ccc(C#N)cc1)[C@@H]1[C@@H]2C[C@@H](n3cnc4ccc(C#N)cc43)C[C@@H]21,0.95989853,train
CC[C@@H](NC(=O)c1ccc(Cl)c(F)c1)[C@H]1[C@@H]2C[C@@H](n3cnc4cc(F)c(F)cc43)C[C@@H]21,0.9967397,train
CC[C@@H](NC(=O)c1ccc(C#N)cc1)[C@H]1[C@@H]2C[C@@H](n3cnc4cc(F)c(F)cc43)C[C@@H]21,0.99732363,train
C[C@@H](NC(=O)c1ccc(Cl)cc1)[C@H]1[C@@H]2C[C@@H](n3cnc4cc(F)c(F)cc43)C[C@@H]21,0.9962263,train
CC(C)(NC(=O)c1ccc(Cl)cc1)[C@H]1[C@@H]2C[C@@H](n3cnc4cc(F)c(F)cc43)C[C@@H]21,0.9893566,train
O=C(N[C@H](C1CC1)[C@H]1[C@@H]2C[C@@H](n3cnc4cc(F)c(F)cc43)C[C@@H]21)c1ccc(Cl)cc1,0.97418404,val
C[C@@H](NC(=O)c1ccc(C#N)cc1)[C@H]1[C@@H]2C[C@@H](n3cnc4cc(F)c(F)cc43)C[C@@H]21,0.9928179,train
CC[C@@H](NC(=O)C12CC(F)(C1)C2)[C@H]1[C@@H]2C[C@@H](n3cnc4cc(F)c(F)cc43)C[C@@H]21,0.99163145,test
CC[C@@H](NC(=O)c1ccc(Cl)cc1)[C@H]1[C@@H]2C[C@@H](n3cnc4ccc(F)cc43)C[C@@H]21,0.99891245,train
CC[C@H](NC(=O)c1ccc(Cl)cc1)[C@@H]1[C@@H]2C[C@@H](n3cnc4ccc(F)cc43)C[C@@H]21,0.32089183,train
COc1ccc(-c2ccc(C(=O)O)cc2C)cc1-c1ccc(C(F)(F)F)cc1CN1C(=O)O[C@H](c2cc(C(F)(F)F)cc(C(F)(F)F)c2)[C@@H]1C,0.6245898,train
Cc1cc(C(=O)O)ccc1-c1ccc(Cl)c(-c2ccc(C(F)(F)F)cc2CN2C(=O)O[C@H](c3cc(C(F)(F)F)cc(C(F)(F)F)c3)[C@@H]2C)c1,0.74240005,train
COc1ncc(-c2ccc(C(=O)O)cc2C)cc1-c1ccc(C(F)(F)F)cc1CN1C(=O)O[C@H](c2cc(C(F)(F)F)cc(C(F)(F)F)c2)[C@@H]1C,0.559901,val
COc1ncc(-c2ccc(C(=O)O)cc2C)cc1-c1ccc(C(F)(F)F)nc1CN1C(=O)O[C@H](c2cc(C(F)(F)F)cc(C(F)(F)F)c2)[C@@H]1C,0.047716357,val
COc1ccc(-c2ccc(C(=O)O)cc2C)cc1-c1cnc(N(C)C)nc1CN1C(=O)O[C@H](c2cc(C(F)(F)F)cc(C(F)(F)F)c2)[C@@H]1C,0.1311316,train
COc1ccc(-c2ccc(C(=O)O)cc2C)cc1-c1cnc(N2CC(F)C2)nc1CN1C(=O)O[C@H](c2cc(C(F)(F)F)cc(C(F)(F)F)c2)[C@@H]1C,0.30095616,train
COc1ccc(-c2ccc(C(=O)O)cc2C)cc1-c1cnc(N2CCOCC2)nc1CN1C(=O)O[C@H](c2cc(C(F)(F)F)cc(C(F)(F)F)c2)[C@@H]1C,0.038507,val
CCc1ncc(-c2cc(-c3ccc(C(=O)O)cc3C)ccc2OC)c(CN2C(=O)O[C@H](c3cc(C(F)(F)F)cc(C(F)(F)F)c3)[C@@H]2C)n1,0.027006187,train
COc1ccc(-c2ccc(C(=O)O)cc2C)cc1-c1cnc(N(C)C)nc1CN1C(=O)O[C@H](c2cccc(C(F)(F)F)c2)[C@@H]1C,0.18085179,train
COc1ccc(-c2ccc(C(=O)O)cc2C)cc1-c1cnc(N(C)C)nc1CN1C(=O)O[C@H](c2cccc(OC(F)(F)F)c2)[C@@H]1C,0.161858,train
COc1ccc(-c2ccc(C(=O)O)cc2C)cc1-c1cnc(N(C)C)nc1CN1C(=O)O[C@H](c2ccc(OC(F)(F)F)cc2)[C@@H]1C,0.3055363,train
COc1ccc(-c2ccc(C(=O)O)cc2C)cc1-c1cnc(N(C)C)nc1CN1C(=O)O[C@H](c2cccc(Cl)c2)[C@@H]1C,0.2809181,train
COc1ccc(-c2ccc(C(=O)O)cc2C)cc1-c1cnc(N(C)C)nc1CN1C(=O)O[C@H](c2cc(Cl)cc(C(F)(F)F)c2)[C@@H]1C,0.25238818,train
COc1ccc(-c2ccc(C(=O)O)cc2C)cc1-c1cnc(N(C)C)nc1CN1C(=O)O[C@H](c2cc(F)cc(C(F)(F)F)c2)[C@@H]1C,0.16666242,train
COc1ccc(-c2ccc(C(=O)O)cc2C)cc1-c1cnc(N(C)C)nc1CN1C(=O)O[C@H](c2cc(Cl)cc(Cl)c2)[C@@H]1C,0.4686569,train
COc1ccc(-c2ccc(C(=O)O)cc2C)cc1-c1cnc(N(C)C)nc1CN1C(=O)O[C@H](c2cc(F)cc(F)c2)[C@@H]1C,0.2489272,train
COc1ccc(-c2ccc(C(=O)O)cc2C)cc1-c1cnc(N(C)C)nc1CN1C(=O)O[C@H](c2cccc(C(F)(F)F)n2)[C@@H]1C,0.056659225,train
O=S(=O)(c1cccc(F)c1)n1ccc2c(N3CCNCC3)nc3ccccc3c21,0.9761574,test
NC(=O)c1ccn(-c2ccc(NCC3(c4ncccc4F)CCC3)nn2)c1,0.2779077,val
CN1CCN(Nc2cccc3c2C[C@@H](CN(C)[C@H]2CCCc4cccnc42)NC3)CC1,0.9050645,train
CCS(=O)(=O)[C@]1(C)CC[C@@](CF)(c2cc(NC(=O)c3cc4c(cn3)OC(F)(F)O4)ccc2F)N=C1N,0.7799081,test
C[C@H]1CC[C@H](Cn2c(N3CCO[C@@H]4CCC[C@H]43)nc3cc(-c4nc(=O)o[nH]4)nc(-c4cncc(Cl)c4)c32)CC1,0.17222859,train
CCCC(N)C(=O)NCCc1ccc(-c2ccc(Cl)c(Cl)c2)cc1,0.88897765,train
COc1cc(OC)cc(-c2nn(CCCCCN3CCN(C(=O)/C=C/C(F)(F)F)CC3)c3ncnc(N)c23)c1,0.9413999,train
CCC(=O)N(CC1(N2CCN(Cc3ccccc3)CC2)CC1)c1ccccc1F,0.9702138,train
CCC(=O)N(CC1(N2CCN(Cc3ccccc3)CC2)CC1)c1cccc(F)c1,0.9887256,train
CCC(=O)N(CC1(N2CCN(Cc3ccccc3)CC2)CC1)c1cccc(C(F)(F)F)n1,0.9920912,train
CCC(=O)N(CC1(N2CCN(Cc3ccccc3)CC2)COC1)c1ccccc1,0.8644406,train
CCC(=O)N(CC1(N2CCN(Cc3ccccc3)CC2)CCOCC1)c1ccccc1,0.95199144,test
CCC(=O)N(CC1(N2CCN(Cc3ccccc3)CC2)CCOCC1)c1cccc(C(F)(F)F)n1,0.98047024,train
CCC(=O)N(CC1(N2CCN(Cc3ccccc3)CC2)CCSCC1)c1cccc(C(F)(F)F)n1,0.99773175,train
CCC(=O)N(CC1(N2CCN(Cc3ccccc3)CC2)CCOC(C)(C)C1)c1cccc(C(F)(F)F)n1,0.9778282,train
CCC(=O)N(CC1(N2CC3CN(Cc4ccccc4)CC3C2)CCOCC1)c1cccc(C(F)(F)F)n1,0.99616015,test
CCC(=O)N(CC1(C2CCN(Cc3ccccc3)CC2)CCOCC1)c1cccc(C(F)(F)F)n1,0.98041844,train
CCCCN1CCN(C2(CN(C(=O)CC)c3cccc(C(F)(F)F)n3)CCOCC2)CC1,0.9706952,train
CCC(=O)N(CC1(N2CCN(CCOCC(C)C)CC2)CCOCC1)c1cccc(C(F)(F)F)n1,0.97727865,train
CCC(=O)N(CC1(N2CCN(CCOc3ccccc3)CC2)CCOCC1)c1cccc(C(F)(F)F)n1,0.98577404,train
CCC(=O)N(CC1(N2CCN(CCOCC(F)(F)F)CC2)CCOCC1)c1cccc(C(F)(F)F)n1,0.9929813,train
CCCOCCN1CCN(C2(CN(C(=O)CC)c3cccc(C(F)(F)F)n3)CCOCC2)CC1,0.978778,train
O=C1c2nc3cccc(-c4ccccc4)c3n2CCN1CC1CC1,0.3400802,train
O=C1c2nc3cccc(-c4cccc(F)c4)c3n2CCN1CC1CC1,0.5929475,train
O=C1c2nc3cccc(-c4ccc(F)cc4)c3n2CCN1CC1CC1,0.5466408,train
O=C1c2nc3cccc(-c4ccc(Cl)cc4)c3n2CCN1CC1CC1,0.7601528,train
O=C1c2nc3cccc(Cl)c3n2CCN1CC1CC1,0.22788863,train
O=C1c2nc3cccc(Br)c3n2CCN1CC1CC1,0.1640051,train
O=C1c2nc3cccc(C(F)(F)F)c3n2CCN1CC1CC1,0.3590678,train
O=C1c2nc3cccc(Br)c3n2CCN1Cc1ccccc1,0.38235712,train
O=C1c2nc3cccc(Br)c3n2CCN1Cc1ccccc1F,0.42404124,train
O=C1c2nc3cccc(Br)c3n2CCN1Cc1ccc(F)cc1,0.6489184,train
O=C1c2nc3cccc(Br)c3n2CCN1Cc1ccc(Cl)cc1,0.82327807,train
O=C1c2nc3cccc(Br)c3n2CCN1Cc1ccc(Cl)cc1F,0.8078036,train
O=C1c2nc3cccc(C(F)(F)F)c3n2CCN1Cc1ccc(Cl)cc1,0.9293385,train
O=C1c2nc3cccc(Br)c3n2CCN1CC1CCC1,0.21652272,train
O=C1c2nc3cccc(C(F)(F)F)c3n2CCN1CC1CCC1,0.4562901,train
O=C1c2nc3cccc(C(F)(F)F)c3n2CCN1CC1CC2CCC1C2,0.78910065,train
N=C1N[C@@]2(c3cc(NC(=O)c4ccc(F)cn4)ccc3F)CN(c3ncc(F)cn3)C[C@H]2CS1,0.9968837,train
N=C1N[C@@]2(c3cc(NC(=O)c4ncc(F)cc4F)ccc3F)CN(c3ncc(F)cn3)C[C@H]2CS1,0.99630773,train
COc1cnc(C(=O)Nc2ccc(F)c([C@]34CN(c5ncc(F)cn5)C[C@H]3CSC(=N)N4)c2)cn1,0.99607396,train
CO[C@]1(C)C[C@H](O[C@@H]2C(C)C(=O)NC(C(C)C)C(=O)N[C@H](Cc3ccc(NC(=O)C(Cc4ccccc4Cl)NC(=O)Nc4ccccc4)cc3)CC(=O)N(C)C[C@H](C)C[C@@](C)(O)[C@H](O[C@@H]3O[C@H](C)C[C@H](N(C)C)[C@H]3O)[C@H]2C)O[C@@H](C)[C@@H]1O,0.4836806,test
O=C1NC2(CC2)COc2ncc(F)cc2[C@H]2CNCCN2c2ccn3ncc1c3n2,0.31377277,test
O=C1NC2(CC2)COc2ncc(F)cc2[C@H]2COCCN2c2ccn3ncc1c3n2,0.039320953,train
Cc1cnc2c(-c3ccc(C(=O)N(c4ncccc4C)[C@@H]4CCCNC4)cc3F)cnn2c1,0.5122952,test
C[C@]1(COc2ccc(OC(F)(F)F)cc2)CCn2cc([N+](=O)[O-])nc2O1,0.99365956,train
C[C@@]1(COc2ccc(OC(F)(F)F)cc2)CCn2cc([N+](=O)[O-])nc2O1,0.9933381,train
C=CC(=O)N1C(=O)CC(c2ccc(F)cc2)Sc2ccccc21,0.57315207,train
O=c1ccc2c([nH]1)CCC(NCCNc1c3c(nc4cc(Cl)ccc14)CCCC3)C2,0.9418612,train
O=c1ccc2c([nH]1)CCC(NCCCNc1c3c(nc4cc(Cl)ccc14)CCCC3)C2,0.95343715,train
O=c1ccc2c([nH]1)CCC(NCCCCNc1c3c(nc4cc(Cl)ccc14)CCCC3)C2,0.95771736,test
O=c1ccc2c([nH]1)CCC(NCCCCCNc1c3c(nc4cc(Cl)ccc14)CCCC3)C2,0.9629258,val
O=c1ccc2c([nH]1)CCC(NCCCCCCNc1c3c(nc4cc(Cl)ccc14)CCCC3)C2,0.9602332,test
O=c1ccc2c([nH]1)CCC(NCCCCCCCNc1c3c(nc4cc(Cl)ccc14)CCCC3)C2,0.96076894,train
O=c1ccc2c([nH]1)CCC(NCCCCCCCCNc1c3c(nc4cc(Cl)ccc14)CCCC3)C2,0.96127063,train
O=c1ccc2c([nH]1)CCC(NCCCCCCCCCNc1c3c(nc4cc(Cl)ccc14)CCCC3)C2,0.9617661,val
O=c1ccc2c([nH]1)CCC(NCCCCCCCCCCNc1c3c(nc4cc(Cl)ccc14)CCCC3)C2,0.96225566,test
CNC(=O)c1c(-c2ccc(O)cc2)oc2ccc(O)c(CN3CCCCC3)c12,0.4024038,train
CNC(=O)c1c(-c2ccc(O)cc2)oc2ccc(O)c(CN3CCCC3)c12,0.39065674,test
CNC(=O)c1c(-c2ccc(O)cc2)oc2ccc(O)c(CN3CC4(CCO4)C3)c12,0.25422195,train
CNC(=O)c1c(-c2ccc(O)cc2)oc2ccc(O)c(CN3CCC4(CCO4)C3)c12,0.39988518,test
CNC(=O)c1c(-c2ccc(O)cc2)oc2ccc(O)c(CN3CC4(CCOC4)C3)c12,0.3089664,val
CNC(=O)c1c(-c2ccc(O)cc2)oc2ccc(O)c(CN3CCC(F)CC3)c12,0.43509504,train
CN(C)C(=O)c1c(-c2ccc(O)cc2)oc2ccc(O)c(CN3CCC4(COC4)C3)c12,0.55116326,train
O=C(c1c(-c2ccc(O)cc2)oc2ccc(O)c(CN3CCC4(COC4)C3)c12)N1CCC1,0.66016465,train
O=C(c1c(-c2ccc(O)cc2)oc2ccc(O)c(CN3CCC4(COC4)C3)c12)N1CC(F)C1,0.5694323,train
CC(=O)c1c(-c2ccc(O)cc2)oc2ccc(O)c(CN3CCC4(COC4)C3)c12,0.59299767,train
Oc1ccc(-c2cc3c(CN4CCC5(COC5)C4)c(O)ccc3o2)cc1,0.865254,train
CNC(=O)c1c(-c2ccccc2)oc2ccc(O)c(CN3CCC4(COC4)C3)c12,0.62530476,train
CNC(=O)c1c(-c2ccc(OC)cc2)oc2ccc(O)c(CN3CCC4(COC4)C3)c12,0.60001594,train
CNC(=O)c1c(-c2ccc3[nH]ccc3c2)oc2ccc(O)c(CN3CCC4(COC4)C3)c12,0.65861964,test
CNC(=O)c1c(-c2ccc(O)c(F)c2)oc2ccc(O)c(CN3CCC4(COC4)C3)c12,0.44715223,train
CNC(=O)c1c(-c2ccc(O)c(C)c2)oc2ccc(O)c(CN3CCC4(COC4)C3)c12,0.44654372,train
CNC(=O)c1c(-c2ccc(O)cc2C)oc2ccc(O)c(CN3CCC4(COC4)C3)c12,0.44782487,train
O=C(c1c(-c2ccc(O)cn2)oc2ccc(O)c(CN3CCCCC3)c12)N1CCC1,0.28165483,train
O=C(c1c(-c2ccc(O)cn2)oc2ccc(O)c(CN3CCCCC3)c12)N1CC(F)C1,0.24189834,train
CC(=O)c1c(-c2ccc(O)cn2)oc2ccc(O)c(CN3CCCC3)c12,0.2433433,train
CC(=O)c1c(-c2cc(C)c(O)cn2)oc2ccc(O)c(CN3CCC3)c12,0.2478739,test
CNC(=O)c1c(-c2ccc(O)cc2)oc2ccc(O)c(CN3CCC3)c12,0.37283126,test
CNCCNC(=O)c1cc2c([nH]c3c(C)cccc32)c(-c2ccc(Cl)c(Cl)c2)n1,0.9236493,test
O=C(NCCN1CCCCC1)c1cccn2c(=O)c3ccc4ccccc4c3nc12,0.9350735,val
CCN(CC)CCNC(=O)c1cccn2c(=O)c3ccc4ccccc4c3nc12,0.7938127,train
CN(C)CCNC(=O)c1cccn2c(=O)c3ccc4ccccc4c3nc12,0.7743154,train
O=C(NCCN1CCCC1)c1cccn2c(=O)c3ccc4ccccc4c3nc12,0.9190841,train
O=C(NCCN1CC[C@@H](F)C1)c1cccn2c(=O)c3ccc4ccccc4c3nc12,0.85178745,train
CN(C)CCCNC(=O)c1cccn2c(=O)c3ccc4ccccc4c3nc12,0.8045651,train
O=C(NCCCN1CCCC1)c1cccn2c(=O)c3ccc4ccccc4c3nc12,0.9405852,test
O=C(NC1CNC1)c1cccn2c(=O)c3ccc4ccccc4c3nc12,0.68119615,test
CN1CCC(NC(=O)c2cccn3c(=O)c4ccc5ccccc5c4nc23)CC1,0.73266685,train
Cc1ccc(NC(=O)c2ccnc(C(F)(F)F)c2)cc1-c1ccc2c(c1)OC1(CCOCC1)CC(=O)N2,0.5784236,val
Cc1ccc(NC(=O)c2cc(C(F)(F)F)cnn2)cc1-c1ccc2c(c1)OC1(CCOCC1)CC(=O)N2,0.8158135,val
CC(C(=O)O)n1nc(Cn2cc3cc(OCC4CC4)c(Cl)cc3n2)c2ccccc2c1=O,0.26070067,train
Nc1nc(-c2cccc(-n3ccc4cc(C5CC5)cc(F)c4c3=O)c2CO)c2cc(C3=CCN(C4COC4)CC3)[nH]c2n1,0.6200776,test
Cc1noc(C)c1-c1cnc2c3ccc(C(C)(C)O)cc3n([C@H](c3ccccc3)C3CCOCC3)c2c1,0.29743052,train
Cc1nnn(C)c1-c1cnc2c3ccc(C(C)(C)O)cc3n([C@H](c3ccccc3)C3CCOCC3)c2c1,0.022061622,test
C[C@@]1(c2nc(NC(=O)c3ncc(C(F)(F)F)cc3Cl)ccc2F)CO[C@@](C)(C(F)(F)F)C(=N)N1,0.0077045225,test
COCc1nc2cnc3cc(-c4c(C)noc4C)c(OC[C@H]4CCNC4)cc3c2n1[C@H](C)c1ccccc1,0.22691278,train
N#Cc1ccc(COc2cccc(C3CCN(Cc4nc5ccc(C(=O)O)cc5n4C[C@@H]4CCO4)CC3)n2)c(F)c1,0.26593432,val
O=C(O)c1cc(F)c2nc(CN3CCN(c4cccc(OCc5ccc(Cl)c6cc(F)oc56)n4)C=N3)n(C[C@@H]3CCO3)c2c1,0.1473692,val
O=C(O)c1cc(F)c2nc(CN3CCN(c4cccc(OCc5ccc(Cl)c6c5OCC6)n4)C=N3)n(C[C@@H]3CCO3)c2c1,0.18467776,test
COc1cc2c(cc1-c1c(C)noc1C)ncc1[nH]c(=O)n([C@H](C)c3ccccn3)c12,0.38032022,val
CCn1cnc2c(NCc3ccc(-c4ccoc4)nc3)nc(N3CCOC[C@H]3CCO)nc21,0.08788616,test
COC1CCC2(CC1)Cc1ccc(C#N)cc1C21N=C(N)N(CC2CCCO2)C1=O,0.44357532,test
C[C@H]1OC(=O)[C@]2(C(N)=O)CC(F)(F)[C@@H](C)[C@H](/C=C/c3ccc(-c4ccccc4C#N)cn3)[C@H]12,0.019624919,train
Cc1cccc(-c2ccc(/C=C/[C@@H]3[C@@H]4[C@@H](C)OC(=O)[C@]4(C(N)=O)CC(F)(F)[C@H]3C)nc2)c1F,0.021337977,train
Cc1c(F)cccc1-c1ccc(/C=C/[C@@H]2[C@@H]3[C@@H](C)OC(=O)[C@]3(C(N)=O)CC(F)(F)[C@H]2C)nc1,0.026081115,train
Cc1nc(/C=C/[C@@H]2[C@@H]3[C@@H](C)OC(=O)[C@]3(C(N)=O)CC(F)(F)[C@H]2C)ccc1-c1ccccc1C#N,0.017086206,train
C[C@H]1OC(=O)[C@]2(CC(N)=O)CC(F)(F)[C@@H](C)[C@H](/C=C/c3ccc(-c4ccccc4C#N)cn3)[C@H]12,0.02128729,train
C[C@H]1OC(=O)[C@]2(CC(N)=O)CC(F)(F)[C@@H](C)[C@H](/C=C/c3ccc(-c4cccc(F)c4)cn3)[C@H]12,0.042380985,train
CC(C(N)=O)[C@@]12CC(F)(F)[C@@H](C)[C@H](/C=C/c3ccc(-c4ccccc4C#N)cn3)[C@@H]1[C@@H](C)OC2=O,0.01120611,train
C[C@H]1OC(=O)[C@]2(C(N)=O)CC(F)(F)[C@@H](C)[C@H](/C=C/c3ccc(-c4cccc5c4OC(F)(F)O5)cn3)[C@H]12,0.011394917,train
C[C@H]1OC(=O)[C@]2(C(N)=O)CC(F)(F)[C@@H](C)[C@H](/C=C/c3ccc(-c4cccnc4C#N)cn3)[C@H]12,0.009819168,train
C[C@H]1OC(=O)[C@]2(N3CC(C(N)=O)C3)CC(F)(F)[C@@H](C)[C@H](/C=C/c3ccc(-c4ccccc4C#N)cn3)[C@H]12,0.023752946,train
C[C@H]1OC(=O)[C@]2(N3CC(C(N)=O)C3)CC(F)(F)[C@@H](C)[C@H](/C=C/c3ccc(-c4cccc(F)c4)cn3)[C@H]12,0.046829578,train
C[C@H]1OC(=O)[C@]2(CCC(N)=O)CC(F)(F)[C@@H](C)[C@H](/C=C/c3ccc(-c4ccccc4C#N)cn3)[C@H]12,0.023783144,train
C[C@H]1OC(=O)[C@]2(CCC(N)=O)CC(F)(F)[C@@H](C)[C@H](/C=C/c3ccc(-c4cccnc4C#N)cn3)[C@H]12,0.011924979,train
COc1ncccc1-c1ccc(/C=C/[C@@H]2[C@@H]3[C@@H](C)OC(=O)[C@]3(CC(N)=O)CC(F)(F)[C@H]2C)nc1,0.017355055,train
C[C@H]1OC(=O)[C@]2(CC(N)=O)CC(F)(F)[C@@H](C)[C@H](/C=C/c3ccc(-c4cccnc4C#N)cn3)[C@H]12,0.010659956,train
C[C@H]1OC(=O)[C@]2(NCC(N)=O)CC(F)(F)[C@@H](C)[C@H](/C=C/c3ccc(-c4ccccc4C#N)cn3)[C@H]12,0.012346992,train
COC(C(N)=O)[C@@]12CC(F)(F)[C@@H](C)[C@H](/C=C/c3ccc(-c4ccccc4C#N)cn3)[C@@H]1[C@@H](C)OC2=O,0.016359884,train
C[C@H]1OC(=O)[C@]2(C(O)C(N)=O)CC(F)(F)[C@@H](C)[C@H](/C=C/c3ccc(-c4ccccc4C#N)cn3)[C@H]12,0.048153386,train
C[C@H]1OC(=O)[C@]2(C(C)(C)C(N)=O)CC(F)(F)[C@@H](C)[C@H](/C=C/c3ccc(-c4ccccc4C#N)cn3)[C@H]12,0.016262686,train
Cc1cc(Nc2ncc3c(=O)n(-c4c(Cl)cccc4Cl)ccc3n2)ccc1N1CCNCC1,0.88131315,train
CN1CCC(c2ccc(Nc3ncc4c(=O)n(-c5c(Cl)cccc5Cl)ccc4n3)cc2)CC1,0.97949606,val
CN(C)CCc1ccc(Nc2ncc3c(=O)n(-c4c(Cl)cccc4Cl)ccc3n2)cc1,0.9944601,train
COc1cc(Nc2ncc3c(=O)n(-c4c(Cl)cccc4Cl)ccc3n2)ccc1N1CCN(C)CC1,0.9647405,train
CN1CCN(c2ccc(Nc3ncc4c(=O)n(-c5c(Cl)cccc5Cl)ccc4n3)cc2)CC1,0.9256447,train
CC(C)N1CCN(c2ccc(Nc3ncc4c(=O)n(-c5c(Cl)cccc5Cl)ccc4n3)cc2)CC1,0.87983435,train
[C-]#[N+]c1ccc(C(=O)N2CCn3c(-c4nc(C)ns4)nnc3[C@H]2C)cc1,0.011876852,train
FC(F)(F)c1ccc(C(F)(F)CN2CCC(Nc3ncnc4[nH]ncc34)CC2)cc1,0.8548241,train
FC(F)(F)c1ccc(C(F)(F)CN2CCC(Nc3ncnc4[nH]ncc34)CC2)nc1,0.21568787,train
Fc1cc(Cl)cnc1C(F)(F)CN1CCC(Nc2ncnc3[nH]ncc23)CC1,0.56509644,train
Fc1cc(C(F)(F)F)cnc1C(F)(F)CN1CCC(Nc2ncnc3[nH]ncc23)CC1,0.17351852,train
FC(F)(F)c1ccc(C(F)(F)CN2CCC(Nc3ncnc4[nH]ncc34)CC2)cn1,0.16381711,test
FC(F)(CN1CCC(Nc2ncnc3[nH]ccc23)CC1)c1ccc(Cl)cn1,0.7277791,train
Cc1ccc(C(F)(F)CN2CCC(Nc3ncnc4[nH]ccc34)CC2)nc1,0.28908658,train
FC(F)(F)c1ccc(C(F)(F)CN2CCC(Nc3ncnc4[nH]ccc34)CC2)nc1,0.5945,train
Cc1cnc(C(F)(F)CN2CCC(Nc3ncnc4[nH]ccc34)CC2)cn1,0.09109851,train
FC(F)(F)c1ccc(C(F)(F)CN2CCC(Nc3ncnc4[nH]ccc34)CC2)cn1,0.51086783,train
Cc1ccc(C(F)(F)CN2CCC(Nc3ncnc4[nH]ccc34)CC2)cn1,0.43508187,train
Fc1ccc(C(F)(F)CN2CCC(Nc3ncnc4[nH]ccc34)CC2)cc1,0.91652745,val
NC(=O)N1CCC(c2c(-c3ccc(N)nc3)n(-c3ccc(Cl)cc3)c3cnccc23)CC1,0.9837848,train
NC(=O)N1CCC(c2c(-c3cccnc3)n(-c3ccc(Cl)cc3)c3cnccc23)CC1,0.972477,train
COc1cc(-c2c(C3CCN(C(N)=O)CC3)c3ccncc3n2-c2ccc(Cl)cc2)ccn1,0.99315345,train
NC(=O)N1CCC(c2c(-c3ccc(N4CCOCC4)nc3)n(-c3ccc(Cl)cc3)c3cnccc23)CC1,0.9577847,train
NC(=O)N1CCC(c2c(-c3cncnc3)n(-c3ccc(Cl)cc3)c3cnccc23)CC1,0.88451236,train
NC(=O)N1CCC(c2c(-c3cc[nH]n3)n(-c3ccc(Cl)cc3)c3cnccc23)CC1,0.9771861,test
Cn1nccc1-c1c(C2CCN(C(N)=O)CC2)c2ccncc2n1-c1ccc(Cl)cc1,0.9336981,train
NC(=O)N1CCC(c2c(-n3cccn3)n(-c3ccc(Cl)cc3)c3cnccc23)CC1,0.98027647,train
Clc1ccc(-n2c(-c3ccncc3)c(C3CCNCC3)c3ccncc32)cc1,0.9889894,train
CN(C)Cc1c(-c2ccncc2)n(-c2ccc(Cl)cc2)c2cnccc12,0.97521734,train
COCC(F)(F)CN1[C@H](c2ccc(NC3CN(CCCF)C3)cc2OC)c2ccc3[nH]ncc3c2C[C@H]1C,0.98499113,train
COCC(C)(F)CN1[C@H](c2ccc(NC3CN(CCCF)C3)cc2OC)c2ccc3[nH]ncc3c2C[C@H]1C,0.9770686,train
C[C@@H]1Cc2c(ccc3[nH]ncc23)[C@@H](c2c(F)cc(NC3CN(CCCF)C3)cc2F)N1CC(F)(F)CO,0.99388844,train
Cc1c(N)cccc1C[C@@H](C)NC(=O)C(F)(F)F,0.14494587,train
COc1cc(NC2CN(CCCF)C2)ccc1[C@@H]1c2ccc3[nH]ncc3c2C[C@@H](C)N1CC(C)(F)F,0.9734433,train
COc1cc(NC2CN(CCCF)C2)ccc1[C@@H]1c2ccc3[nH]ncc3c2C[C@@H](C)N1CC(F)F,0.9925539,train
C[C@@H]1Cc2c(ccc3[nH]ncc23)[C@@H](c2ccc(NC3CN(CCCF)C3)cn2)N1CC(F)F,0.94148004,train
C[C@@H]1Cc2c(ccc3[nH]ncc23)[C@@H](c2ccc(NC3CN(CCCF)C3)cc2)N1CC(F)(F)F,0.9841987,train
COc1cc(NC2CN(CCCF)C2)ccc1[C@@H]1c2ccc3[nH]ncc3c2C[C@@H](C)N1CC(F)(F)F,0.98770404,train
C[C@@H]1Cc2c(ccc3[nH]ncc23)[C@@H](c2ccc(NC3CN(CCCF)C3)c(F)n2)N1CC(F)(F)F,0.8645178,train
C[C@@H]1Cc2c(ccc3[nH]nc(F)c23)[C@@H](c2ccc(NC3CN(CCCF)C3)cn2)N1CC(F)(F)F,0.9279621,train
C[C@@H]1Cc2c(ccc3[nH]nc(F)c23)[C@@H](c2ncc(NC3CN(CCCF)C3)cc2F)N1CC(F)(F)F,0.9265543,train
COc1cc(NC2CN(CCCF)C2)cnc1[C@@H]1c2ccc3[nH]ncc3c2C[C@@H](C)N1CC(F)(F)F,0.95707047,train
C[C@@H]1Cc2c(ccc3[nH]nc(F)c23)[C@@H](c2cnc(NC3CN(CCCF)C3)cn2)N1CC(F)(F)F,0.81112933,train
C[C@@H]1Cc2c(ccc3[nH]nc(F)c23)[C@@H](c2ccc(NC3CN(CCCF)C3)c(F)n2)N1CC(F)(F)F,0.8668011,train
C[C@@H]1Cc2c(ccc3[nH]ncc23)[C@@H](c2ccc(NC3CN(CCCF)C3)nc2F)N1CC(F)(F)F,0.9796723,train
C[C@@H]1Cc2c(ccc3[nH]ncc23)[C@@H](c2ccc(NC3CN(CCCF)C3)c(F)c2)N1CC(F)(F)F,0.96950513,train
C[C@@H]1Cc2c(ccc3[nH]ncc23)[C@@H](c2cnc(NC3CN(CCCF)C3)cn2)N1CC(F)(F)F,0.8086792,train
COc1cc(NC2CN(CCCF)C2)ccc1[C@]1(C)c2ccc3[nH]ncc3c2C[C@@H](C)N1CC(F)F,0.990906,train
C[C@@H]1Cc2c(ccc3[nH]ncc23)[C@@H](c2c(F)cc(NC3CN(CCCF)C3)cc2F)N1CC(F)F,0.99764436,train
C[C@@H]1Cc2c(ccc3[nH]ncc23)[C@@H](c2cnc(NC3CN(CCCF)C3)cn2)N1CC(F)F,0.8492026,train
FCCCN1CC(Nc2ccc([C@@H]3c4ccc5[nH]ncc5c4C[C@@H](C(F)F)N3CC(F)F)nc2)C1,0.6065036,train
COc1cc(N(C)C2CN(CCCF)C2)ccc1[C@@H]1c2ccc3[nH]ncc3c2C[C@@H](C)N1CC1(F)CC1,0.993381,train
C[C@@H]1Cc2c(ccc3[nH]ncc23)[C@@H](c2ccc(N(C)C3CN(CCCF)C3)cn2)N1CC1(F)CC1,0.97671074,train
COc1cc(NC2CN(CCCF)C2)ccc1[C@@H]1c2ccc3[nH]ncc3c2C[C@@H](C)N1CC(F)(F)CO,0.96526897,train
C[C@@H]1Cc2c(ccc3[nH]ncc23)[C@@H](c2ccc(NC3CN(CCCF)C3)cn2)N1CC(C)(C)F,0.9684055,train
COc1cc(NC2CN(CCCF)C2)ccc1[C@@H]1c2ccc3[nH]ncc3c2C[C@@H](C)N1CC(C)(C)F,0.9898711,train
CC(F)CN1[C@H](c2ccc(NC3CN(CCCF)C3)cn2)c2ccc3[nH]ncc3c2C[C@H]1C,0.9648233,train
COc1cc(NC2CN(CCCF)C2)ccc1[C@@H]1c2ccc3[nH]ncc3c2C[C@@H](C)N1CC(C)F,0.99469614,train
CC(C)CN1[C@H](c2ccc(NC3CN(CCCF)C3)cn2)c2ccc3[nH]ncc3c2C[C@H]1C,0.9863897,train
C[C@@H]1Cc2c(ccc3[nH]ncc23)[C@@H](c2ccc(NC3CN(CCCF)C3)cn2)N1CC(C)(F)F,0.8765763,train
CC1(C)Cc2c(ccc3[nH]ncc23)[C@@H](c2ccc(NC3CN(CCCF)C3)cn2)N1CC(F)F,0.98394704,train
Cc1n[nH]c(C)c1CCn1cc(-c2ccc(Cl)c(OC(F)F)c2)cn1,0.99599946,train
Cc1cc(Cn2cc(-c3ccc(Cl)c(OC(F)F)c3)cn2)n(C)n1,0.99721503,train
Cn1nccc1Cn1cc(-c2ccc(Cl)c(OC(F)F)c2)cn1,0.994843,train
CCn1ccc(Cn2cc(-c3ccc(Cl)c(OC(F)F)c3)cn2)n1,0.99922943,train
FC(F)Oc1cc(-c2cnn(CCc3cn[nH]c3)c2)ccc1Cl,0.99727637,train
CCn1cc(CCn2cc(-c3ccc(Cl)c(OC(F)F)c3)cn2)cn1,0.9992835,train
FC(F)Oc1cc(-c2cnn(Cc3ccn(C4CCCC4)n3)c2)ccc1Cl,0.99957055,val
Cc1cc(Cn2cc(-c3ccc(Cl)c(OC(F)F)c3)cn2)[nH]n1,0.99727374,train
CCc1cc(Cn2cc(-c3ccc(Cl)c(OC(F)F)c3)cn2)[nH]n1,0.9988865,train
CCCc1cc(Cn2cc(-c3ccc(Cl)c(OC(F)F)c3)cn2)[nH]n1,0.999876,train
Cc1[nH]ncc1Cn1cc(-c2ccc(Cl)c(OC(F)F)c2)cn1,0.9901481,train
Fc1ccc(-c2cnn(Cc3cc[nH]n3)c2)cc1OC(F)F,0.9905033,train
Cn1cc(Cn2cc(-c3ccc(F)c(OC(F)F)c3)cn2)cn1,0.9932106,train
CCc1[nH]ncc1Cn1cc(-c2ccc(F)c(OC(F)F)c2)cn1,0.9919525,train
FC(F)Oc1cc(Cl)cc(-c2cnn(Cc3cc[nH]n3)c2)c1,0.99821246,train
Cc1cc(Cn2cc(-c3cccc(OC(F)(F)F)c3)cn2)n(C)n1,0.99319834,train
Cn1ccc(Cn2cc(-c3cccc(OC(F)(F)F)c3)cn2)n1,0.9927844,train
Cn1ccc(Cn2cc(-c3ccc(Cl)c(C(F)F)c3)cn2)n1,0.99214727,train
Cc1cc(Cn2cc(-c3ccc(Cl)c(C(F)F)c3)cn2)n(C)n1,0.99259347,train
Cc1n[nH]c(C)c1CCn1cc(-c2ccc(Cl)c(C(F)F)c2)cn1,0.9898516,train
FC(F)c1cc(Cl)cc(-c2cnn(Cc3cc[nH]n3)c2)c1,0.9926064,train
Cc1cc(Cn2cc(-c3ccc(Cl)c(C(F)(F)F)c3)cn2)n(C)n1,0.9952884,train
Cn1ccc(Cn2cc(-c3ccc(F)c(C(F)F)c3)cn2)n1,0.9858294,train
Cc1cc(Cn2cc(-c3ccc(F)c(C(F)F)c3)cn2)n(C)n1,0.9866433,train
Cn1cc(Cn2cc(-c3ccc(F)c(C(F)F)c3)cn2)cn1,0.9879386,train
Cn1nccc1Cn1cc(-c2ccc(F)c(C(F)F)c2)cn1,0.9753473,train
Fc1ccc(-c2cnn(Cc3cc[nH]n3)c2)cc1C(F)F,0.9831619,train
Cc1n[nH]c(C)c1CCn1cc(-c2ccc(F)c(C(F)F)c2)cn1,0.98171574,train
Fc1ccc(-c2cnn(CCc3cn[nH]c3)c2)cc1C(F)F,0.9876886,train
CCn1ccc(Cn2cc(-c3ccc(F)c(C(F)F)c3)cn2)n1,0.99674207,train
Cc1cc(Cn2cc(-c3ccc(F)c(C(F)F)c3)cn2)[nH]n1,0.9869285,train
CCc1cc(Cn2cc(-c3ccc(F)c(C(F)F)c3)cn2)[nH]n1,0.9950062,train
CCCc1cc(Cn2cc(-c3ccc(F)c(C(F)F)c3)cn2)[nH]n1,0.99955124,train
Cc1[nH]ncc1Cn1cc(-c2ccc(F)c(C(F)F)c2)cn1,0.95353436,train
CCc1[nH]ncc1Cn1cc(-c2ccc(F)c(C(F)F)c2)cn1,0.98571485,train
CC(F)(F)c1cc(-c2cnn(Cc3cc[nH]n3)c2)ccc1F,0.98702234,train
Cn1cc(Cn2cc(-c3ccc(F)c(C(C)(F)F)c3)cn2)cn1,0.9907136,train
CCc1[nH]ncc1Cn1cc(-c2ccc(F)c(C(C)(F)F)c2)cn1,0.9889964,train
Fc1cc(-c2cnn(Cc3cc[nH]n3)c2)cc(C(F)F)c1,0.98855466,train
Cc1cc(Cn2cc(-c3cccc(C(F)(F)F)c3)cn2)n(C)n1,0.99152654,train
Cn1ccc(Cn2cc(-c3ccc(C(F)(F)F)cc3)cn2)n1,0.99056774,train
Cc1cc(Cn2cc(-c3ccc(C)c(F)c3)cn2)n(C)n1,0.96268624,train
Cc1ccc(-c2cnn(Cc3ccn(C)n3)c2)cc1F,0.9604692,train
Cc1cc(Cn2cc(-c3ccc(F)c(C)c3)cn2)n(C)n1,0.9673067,train
Cc1cc(-c2cnn(Cc3ccn(C)n3)c2)ccc1F,0.96535426,train
Cc1cc(-c2cnn(Cc3cc[nH]n3)c2)ccc1F,0.9589911,train
Cc1cc(Cn2cc(-c3ccc(Cl)c(C)c3)cn2)n(C)n1,0.98257476,train
Cc1cc(-c2cnn(Cc3ccn(C)n3)c2)ccc1Cl,0.9813477,train
Cn1ccc(Cn2cc(-c3ccc(Cl)c(F)c3)cn2)n1,0.97974455,train
Cc1cc(Cn2cc(-c3ccc(Cl)c(F)c3)cn2)n(C)n1,0.9810831,train
Cn1ccc(Cn2cc(-c3ccc(F)c(Cl)c3)cn2)n1,0.9634955,train
Cc1cc(Cn2cc(-c3ccc(F)c(Cl)c3)cn2)n(C)n1,0.965742,train
Cn1ccc(Cn2cc(-c3ccc(Cl)c(Cl)c3)cn2)n1,0.9716632,train
Cc1cc(Cn2cc(-c3ccc(Cl)c(Cl)c3)cn2)n(C)n1,0.97352713,train
Cc1cc(Cn2cc(-c3ccc(Cl)cc3Cl)cn2)n(C)n1,0.9875836,train
Cn1ccc(Cn2cc(-c3ccc(Cl)cc3Cl)cn2)n1,0.98670864,train
c1cc(-c2cnn(Cc3cc[nH]n3)c2)cc(C2CC2)c1,0.9634808,train
CS(=O)(=O)c1cccc(-c2cnn(Cc3cc[nH]n3)c2)c1,0.90352696,train
Cn1cc(Cn2cc(-c3cccc(S(C)(=O)=O)c3)cn2)cn1,0.92925954,train
FS(F)(F)(F)(F)c1cccc(-c2cnn(Cc3cc[nH]n3)c2)c1,0.9999163,train
Cc1n[nH]c(C)c1CCn1cc(-c2ccc(Cl)cc2)cn1,0.98401535,train
Cc1cc(Cn2cc(-c3ccc(Cl)cc3)cn2)n(C)n1,0.98952216,train
Cn1ccc(Cn2cc(-c3ccc(Cl)cc3)cn2)n1,0.9887827,train
Cn1nccc1Cn1cc(-c2ccc(Cl)cc2)cn1,0.98051286,train
Clc1ccc(-c2cnn(Cc3cc[nH]n3)c2)cc1,0.986615,train
Cn1cc(Cn2cc(-c3ccc(Cl)cc3)cn2)cn1,0.99043536,train
Cn1ccc(Cn2cc(-c3ccc(Br)cc3)cn2)n1,0.99078125,train
Cc1cc(Cn2cc(-c3cccc(Br)c3)cn2)n(C)n1,0.9799299,train
Cn1ccc(Cn2cc(-c3cccc(Br)c3)cn2)n1,0.97850686,train
Cc1cc(Cn2cc(-c3cc(F)cc(F)c3)cn2)n(C)n1,0.9871612,train
Cc1n[nH]c(C)c1Cn1cc(-c2ccc(Cl)c(OC(F)F)c2)cn1,0.9860146,train
Cc1n[nH]c(C)c1Cn1cc(-c2ccc(F)c(C(F)F)c2)cn1,0.93497086,train
Cc1n[nH]c(C)c1Cn1cc(-c2ccc(F)c(C(C)(F)F)c2)cn1,0.94931406,train
CCc1c[nH]nc1Cn1cc(-c2ccc(F)c(OC(F)F)c2)cn1,0.9949157,train
CCc1c[nH]nc1Cn1cc(-c2ccc(F)c(C(F)F)c2)cn1,0.99096745,train
CC(F)(F)c1cccc(-c2cnn(Cc3cc[nH]n3)c2)c1,0.9837642,train
FC(F)Oc1cccc(-c2cnn(Cc3cc[nH]n3)c2)c1,0.99203485,train
CCn1cncc1Cn1cc(-c2ccc(Cl)c(C(F)F)c2)cn1,0.9940157,train
CCn1cncc1Cn1cc(-c2ccc(F)c(C)c2)cn1,0.9735729,train
CCn1cncc1Cn1cc(-c2ccc(Cl)cc2)cn1,0.9913238,train
Cn1nccc1-n1cc(-c2ccc(Cl)c(Cl)c2)cn1,0.8594072,train
Cn1nccc1-n1cc(-c2ccc(F)c(Cl)c2)cn1,0.82749623,train
C[C@H]1C[C@H]2CSC(=NC(=O)c3ccccc3)N[C@@]2(c2nc(NC(=O)c3ccc(OC(F)F)cn3)cs2)CO1,0.9649554,train
C[C@H]1C[C@H]2CSC(=NC(=O)c3ccccc3)N[C@@]2(c2nc(NC(=O)c3cnc(OC(F)F)cn3)cs2)CO1,0.9178548,test
C[C@H]1C[C@H]2CSC(=NC(=O)c3ccccc3)N[C@@]2(c2nc(NC(=O)c3ccc(Cl)cn3)cs2)CO1,0.9359387,train
N#Cc1ccc(C(=O)Nc2csc([C@]34COCC[C@H]3CSC(=N)N4)c2)nc1,0.9060868,train
Cc1cccc(-n2nc(C(C)(C)C)cc2NC(=O)Nc2ccc(Oc3ccnc4[nH]c(=O)cnc34)cc2F)c1,0.5585556,val
CC(=O)N[C@@H](CCN1C2CCC1CC(n1c(C)nnc1C(C)C)C2)c1cccs1,0.60589194,train
Cc1nnc(C(C)C)n1C1CC2CCC(C1)N2CC[C@H](NC(=O)C1CCC(F)(F)CC1)c1cccs1,0.9922186,train
Cc1nnc(C(C)C)n1C1CC2CCC(C1)N2CC[C@H](NC(=O)C1CCCCC1)c1cccs1,0.9841887,train
Cc1nnc(C(C)C)n1C1CC2CCC(C1)N2CC[C@H](NC(=O)C1CCCC1)c1cccs1,0.9833182,train
CCC1CCC(C(=O)N[C@@H](CCN2C3CCC2CC(n2c(C)nnc2C(C)C)C3)c2ccsc2)CC1,0.7540325,train
Cc1nnc(C(C)C)n1C1CC2CCC(C1)N2CC[C@H](NC(=O)C1CCC(F)(F)CC1)c1ccsc1,0.8377215,train
Cc1nnc(C(C)C)n1C1CC2CCC(C1)N2CC[C@H](NC(=O)C1CCCC1)c1ccsc1,0.7034853,test
Cc1ccc([C@H](CCN2C3CCC2CC(n2c(C)nnc2C(C)C)C3)NC(=O)C2CCC(F)(F)CC2)s1,0.99515885,train
Cc1nc2c(n1C1CC3CCC(C1)N3CC[C@H](NC(=O)C1CCC(F)(F)CC1)c1ccsc1)CCN(C(=O)C(C)C)C2,0.5224787,train
CCc1ccc([C@H](CCN2C3CCC2CC(n2c(C)nnc2C(C)C)C3)NC(=O)C2CCCCC2)s1,0.984886,train
Cc1cc(C)c([C@H](CCN2C3CCC2CC(n2c(C)nnc2C(C)C)C3)NC(=O)C2CCCCC2)s1,0.9957734,train
Cc1sc([C@H](CCN2C3CCC2CC(n2c(C)nnc2C(C)C)C3)NC(=O)C2CCC(F)(F)CC2)c(C)c1C,0.99304986,train
Cc1nnc(C(C)C)n1[C@H]1C[C@H]2CC[C@@H](C1)N2CC[C@H](NC(=O)C1CCC(F)(F)CC1)c1ccccc1,0.9969901,test
OC(c1ccc(F)c(-c2ncnc3cc(N4CCOCC4)ccc23)c1)c1c(F)cncc1F,0.003274252,train
OC(c1ccc(F)c(-c2ncnc3cc(N4CCOCC4)ccc23)c1)c1cncc(F)c1Cl,0.0140968375,train
O=c1[nH]ccnc1C(O)c1ccc(F)c(-c2ncnc3cc(N4CCOCC4)ccc23)c1,0.0039303894,test
COc1nnc(Cl)cc1C(O)c1cc(-c2ncnc3cc(N4CCOCC4)ccc23)c(F)cc1Cl,0.022912994,train
COc1cc(C(O)c2ccc(F)c(-c3ncnc4cc(N5CCOCC5)ccc34)c2)c(Cl)nn1,0.017651424,train
COc1cc(Cl)nnc1C(O)c1cc(-c2ncnc3cc(N4CCOCC4)ccc23)c(F)cc1Cl,0.010432113,train
COc1nnccc1C(O)c1ccc(F)c(-c2ncnc3cc(N4CCOCC4)ccc23)c1,0.015388357,train
CC(C)(C)Oc1nccnc1C(O)c1ccc(F)c(-c2ncnc3cc(N4CCOCC4)ccc23)c1,0.00073277036,train
COc1nccnc1C(O)c1ccc(F)c(-c2ncnc3cc(N4CCOCC4)ccc23)c1,0.0069592632,train
OC(c1ccc(F)c(-c2ncnc3cc(N4CCOCC4)ccc23)c1)c1c(Cl)cncc1Cl,0.00458881,train
COc1ccnnc1C(O)c1ccc(F)c(-c2ncnc3cc(N4CCOCC4)ccc23)c1,0.0051397136,train
OC(c1ccc(F)c(-c2ncnc3cc(N4CCOCC4)sc23)c1)c1nccnc1Cl,0.002165995,train
OC(c1ccc(F)c(-c2ncnc3cc(N4CCOCC4)ccc23)c1)c1nccnc1Cl,0.0019590363,train
OC(c1cccnn1)c1cc(-c2ncnc3cc(N4CCOCC4)ccc23)c(F)cc1Cl,0.0012532651,train
COc1cnc(C(O)c2ccc(F)c(-c3ncnc4cc(N5CCOCC5)ccc34)c2)c(Cl)c1,0.006272348,train
OC(c1ccc(F)c(-c2ncnc3cc(N4CCOCC4)ccc23)c1)c1nccnc1OC1COC1,0.0005745501,test
OC(c1cnccn1)c1cc(-c2ncnc3cc(N4CCOCC4)ccc23)c(F)cc1Cl,0.00093294395,train
OC(c1ccc(F)c(-c2ncnc3cc(N4CCOCC4)ccc23)c1)c1nc(Cl)cnc1Cl,0.0026829778,train
OC(c1ccn2nccc2n1)c1cc(-c2ncnc3cc(N4CCOCC4)ccc23)c(F)cc1Cl,0.0016024086,train
COc1nnc(C(O)c2cc(-c3ncnc4cc(N5CCOCC5)ccc34)c(F)cc2Cl)c2ccncc12,0.00061430276,train
OC(c1ccc(Cl)nn1)c1cc(-c2ncnc3cc(N4CCOCC4)ccc23)c(F)cc1Cl,0.0067372755,train
OC(c1ccc(F)c(-c2ncnc3cc(N4CCOCC4)ccc23)c1)c1ncccc1Cl,0.004870707,train
Cn1nc(C(O)c2cc(-c3ncnc4cc(N5CCOCC5)ccc34)c(F)cc2Cl)ccc1=O,0.0013239237,train
Cc1cnnc(C(O)c2cc(-c3ncnc4cc(N5CCOCC5)ccc34)c(F)cc2Cl)c1,0.0013857484,train
OC(c1cccnn1)c1cc(-c2ncnc3cc(N4CCOCC4)ccc23)c(F)cc1F,0.000973145,train
OC(c1ccc2nccn2n1)c1cc(-c2ncnc3cc(N4CCOCC4)ccc23)c(F)cc1F,0.0010382645,train
OC(c1ccc2nccn2n1)c1cc(-c2ncnc3cc(N4CCOCC4)ccc23)c(F)cc1Cl,0.0013756925,train
COc1cnc(C(O)c2ccc(F)c(-c3ncnc4cc(N5CCOCC5)ccc34)c2)cn1,0.0024142023,train
OC(c1cc(-c2ncnc3cc(N4CCOCC4)ccc23)c(F)cc1Cl)c1nccnc1Cl,0.0009468054,train
OC(c1ccc(F)c(-c2ncnc3cc(N4CCOCC4)ccc23)c1)c1c(F)cncc1Cl,0.0033992536,train
Cc1nccnc1C(O)c1ccc(F)c(-c2ncnc3cc(N4CCOCC4)ccc23)c1,0.0022749428,train
CCOc1cnnc(C(O)c2ccc(F)c(-c3ncnc4cc(N5CCOCC5)ccc34)c2)c1,0.0043633576,train
Cc1nccnc1[C@H](O)c1cc(-c2ncnc3cc(N4CCOCC4)ccc23)c(F)cc1F,0.00048655865,train
Cc1nccnc1C(O)c1cc(-c2ncnc3cc(N4CCOCC4)ccc23)c(F)cc1F,0.00069237204,train
COc1cncnc1C(O)c1ccc(F)c(-c2ncnc3cc(N4CCOCC4)ccc23)c1,0.0014283995,train
Cc1cnc(C)c(C(O)c2cc(-c3ncnc4cc(N5CCOCC5)ccc34)c(F)cc2F)n1,0.0005149154,train
OC(c1cc(-c2ncnc3cc(N4CCOCC4)ccc23)ccc1Cl)c1ncnc2ccsc12,0.0024152924,train
CCn1nc(C(O)c2cc(-c3ncnc4cc(N5CCOCC5)ccc34)c(F)cc2Cl)ccc1=O,0.0028076796,train
OC(c1ccc(OC2COC2)nn1)c1cc(-c2ncnc3cc(N4CCOCC4)ccc23)c(F)cc1Cl,0.00037824287,train
CC(C#N)Oc1ccc(C(O)c2cc(-c3ncnc4cc(N5CCOCC5)ccc34)c(F)cc2Cl)nn1,0.0004208686,train
OCCNc1nccnc1C(O)c1ccc(F)c(-c2ncnc3cc(N4CCOCC4)ccc23)c1,0.0024721501,train
CSc1ccc(C(O)c2cc(-c3ncnc4cc(N5CCOCC5)ccc34)c(F)cc2Cl)nn1,0.06718391,train
COc1nnc(C(O)c2cc(-c3ncnc4cc(N5CCOCC5)ccc34)c(F)cc2Cl)cc1C,0.0013571505,train
COCCOc1ccc(C(O)c2cc(-c3ncnc4cc(N5CCOCC5)ccc34)c(F)cc2Cl)nn1,0.00094710995,train
OC(c1ccc(OCC(F)(F)F)nn1)c1cc(-c2ncnc3cc(N4CCOCC4)ccc23)c(F)cc1Cl,0.003869663,train
Nc1nccnc1C(O)c1cc(-c2ncnc3cc(N4CCOCC4)ccc23)c(F)cc1Cl,0.0010399395,train
N#Cc1ccc(C(O)c2cc(-c3ncnc4cc(N5CCOCC5)ccc34)c(F)cc2Cl)nn1,0.0014202205,train
N#CCOc1ccc(C(O)c2cc(-c3ncnc4cc(N5CCOCC5)ccc34)c(F)cc2Cl)nn1,0.00035076516,train
OC(c1ccc(F)c(-c2ncnc3cc(N4CCOCC4)ccc23)c1)c1ccc(OC(F)F)nn1,0.03813943,train
C#CC(O)(c1ccc(OC)nn1)c1cc(-c2ncnc3cc(N4CCOCC4)ccc23)c(F)cc1Cl,0.0005191638,train
COc1ccc(C(C)(O)c2cc(-c3ncnc4cc(N5CCOCC5)ccc34)c(F)cc2Cl)nn1,0.006588011,train
COc1ccc(C(O)c2cc(-c3ncnc4cc(N5CCOCC5)sc34)c(F)cc2Cl)nn1,0.0020933424,test
COc1ccc(C(O)c2cc(-c3ncnc4cc(N5CCOCC5)ccc34)c(F)cc2Cl)nn1,0.0019977516,train
COc1ccc(C(O)c2cc(-c3ncnc4cc(N5CCOCC5)ccc34)c(F)cc2F)nn1,0.0015047631,train
CCOc1ccc(C(O)c2ccc(F)c(-c3ncnc4cc(N5CCOCC5)ccc34)c2)nn1,0.005083827,train
CC(O)(c1cncc(-c2ncnc3cc(N4CCOCC4)ccc23)c1)c1nccs1,0.001699442,train
OC(c1ccc(F)c(-c2ncnc3cc(N4CCOCC4)ncc23)c1)c1nccs1,0.0030552172,train
OCc1csc(C(O)c2cc(-c3ncnc4cc(N5CCOCC5)ncc34)c(F)cc2Cl)n1,0.0011783583,train
CNCc1csc(C(O)c2cc(-c3ncnc4cc(N5CCOCC5)ccc34)c(F)cc2Cl)n1,0.001033948,train
OC(c1ccc(F)c(-c2ncnc3cc(N4CCOCC4)sc23)c1)c1nccs1,0.0037129405,train
OC(c1ccc(-c2ncnc3cc(N4CCOCC4)ccc23)s1)c1nccs1,0.0033166867,train
OC(c1cccc(-c2ncnc3cc(N4CCOCC4)ccc23)c1)c1nccs1,0.0034548938,train
CC(O)(c1cccc(-c2ncnc3cc(N4CCOCC4)ccc23)c1)c1nccs1,0.004346268,train
CC(O)(c1ccc(F)c(-c2ncnc3cc(N4CCOCC4)ccc23)c1)c1nccs1,0.003812724,train
OCc1csc(C(O)c2cc(-c3ncnc4cc(N5C6CCC5COC6)ccc34)c(F)cc2Cl)n1,0.0010085655,val
OC(c1cnc(F)c(-c2ncnc3cc(N4CCOCC4)ccc23)c1)c1nccs1,0.0009313152,train
CCNCc1csc(C(O)c2cc(-c3ncnc4cc(N5CCOCC5)ccc34)c(F)cc2Cl)n1,0.0012812348,train
Cc1nc(C(O)c2cc(-c3ncnc4cc(N5CCOCC5)ncc34)cnc2F)sc1C,0.0004992266,train
Cc1csc(C(O)c2cnc(F)c(-c3ncnc4cc(N5CCOCC5)ncc34)c2)n1,0.0007088073,train
CC(O)c1csc(C(O)c2cc(-c3ncnc4cc(N5CCOCC5)ccc34)c(F)cc2Cl)n1,0.0010786108,train
CCn1cc(C(O)c2cc(-c3ncnc4cc(N5CCOCC5)ccc34)c(F)cc2Cl)cn1,0.0072671142,test
Cc1nc(C(O)c2cnc(F)c(-c3ncnc4cc(N5CCOCC5)ncc34)c2)sc1C,0.00047697258,train
Cc1nc(C(O)c2cc(-c3ncnc4cc(N5CCOCC5)ccc34)cnc2F)sc1C,0.0005126213,train
Cc1cc(F)c(-c2ncnc3cc(N4CCOCC4)ccc23)cc1C(O)c1nccs1,0.0018507456,train
Cn1nccc1C(O)c1ccc(F)c(-c2nc(Cl)nc3cc(N4CCOCC4)ccc23)c1,0.03353194,train
C#Cc1nc(-c2cc(C(O)c3nccs3)ccc2F)c2ccc(N3CCOCC3)cc2n1,0.0040073916,train
OC(c1ccccn1)c1cc(-c2ncnc3cc(N4CCOCC4)ccc23)c(F)cc1F,0.0018114186,train
Cn1nc(C(O)c2cc(-c3ncnc4cc(N5CCOCC5)ccc34)c(F)cc2F)ccc1=O,0.0009999798,train
COc1ccc(C(O)c2cc(-c3ncnc4cc(N5CCOCC5)ccc34)c(F)cc2F)cn1,0.012788273,train
COc1ccc(C(O)c2cc(-c3ncnc4cc(N5CCOCC5)ccc34)c(F)cc2F)nc1,0.0017572674,train
CNC(=O)C(c1ccc(F)c(-c2ncnc3cc(N4CCOCC4)ccc23)c1)c1ncccc1Cl,0.008431152,train
Cc1nccnc1C(O)c1ccc(F)c(-c2ncnc3cc(N4CCOCC4)cnc23)c1,0.0011535777,train
COc1nccnc1C(O)c1cc(-c2ncnc3cc(N4CCOCC4)ccc23)c(F)cc1Cl,0.0018809625,train
COc1nccnc1C(O)c1cc(-c2ncnc3cc(N4CCOCC4)cnc23)c(F)cc1Cl,0.00098791,train
COc1nccnc1C(C(N)=O)c1cc(-c2ncnc3cc(N4CCOCC4)cc(F)c23)c(F)cc1Cl,0.012493705,train
NC(=O)C(c1ccc(F)c(-c2ncnc3cc(N4CCOCC4)ccc23)c1)c1nncc2sccc12,0.02191118,train
NC(=O)C(c1cc(-c2ncnc3cc(N4CCOCC4)ccc23)c(F)cc1Cl)c1ncccc1Cl,0.007593868,train
NC(=O)C(c1cncc(Cl)c1)c1ccc(F)c(-c2ncnc3cc(N4CCOCC4)ccc23)c1,0.02685478,train
Cc1nccnc1C(C(N)=O)c1cc(-c2ncnc3cc(N4CCOCC4)ccc23)ccc1Cl,0.0044907713,train
COc1ccc(C(C(N)=O)c2cc(-c3ncnc4cc(N5CCOCC5)ccc34)ccc2Cl)nn1,0.008825082,train
NC(=O)C(c1ccc(F)c(-c2ncnc3cc(N4CCOCC4)ccc23)c1)c1ncccc1Cl,0.00709225,train
Cc1ncc(C(O)c2ccc(F)c(-c3ncnc4cc(N5CCOCC5)ccc34)c2)nc1C,0.0006940157,train
NC(=O)C(c1cc(-c2ncnc3cc(N4CCOCC4)ccc23)ccc1Cl)c1nccnc1Cl,0.0040526344,train
COc1nccnc1C(C(N)=O)c1cc(-c2ncnc3cc(N4CCOCC4)ccc23)ccc1F,0.0055673616,train
Cn1nc(C(C(N)=O)c2ccc(F)c(-c3ncnc4cc(N5CCOCC5)ccc34)c2)ccc1=O,0.004197047,train
NC(=O)C(c1ccc(F)c(-c2ncnc3cc(N4CCOCC4)ccc23)c1)c1c(F)cncc1F,0.00513367,train
NC(=O)C(c1ccc(F)c(-c2ncnc3cc(N4CCOCC4)ccc23)c1)c1cncc(F)c1Cl,0.023025837,train
NC(=O)C(c1ccc2nccn2n1)c1cc(-c2ncnc3cc(N4CCOCC4)ccc23)c(F)cc1Cl,0.004015164,train
COc1ccc(C(C(N)=O)c2cc(-c3ncnc4cc(N5CCOCC5)ccc34)c(F)cc2Cl)nn1,0.0072794845,train
OC(c1ccc(F)c(-c2ncnc3cc(N4CCOCC4)ccc23)c1)c1nncc2ccsc12,0.010328274,test
OC(c1ccc(F)c(-c2ncnc3cc(N4CCOCC4)ccc23)c1)c1nncc2sccc12,0.021450799,train
O=c1[nH]nc(C(O)c2ccc(F)c(-c3ncnc4cc(N5CCOCC5)ccc34)c2)c2sccc12,0.003999446,val
OC(c1cc(-c2ncnc3cc(N4CCOCC4)ccc23)c(F)cc1F)c1nncc2sccc12,0.0049911914,train
OC(c1ccc(F)c(-c2ncnc3cc(N4CCOCC4)ccc23)c1)c1nnc2ccccn12,0.0018086161,train
Cn1cnc2c(C(O)c3cc(-c4ncnc5cc(N6CCOCC6)ccc45)c(F)cc3F)ncnc21,0.00021475847,train
NC(=O)C(c1cc(-c2ncnc3cc(N4CCOCC4)ccc23)c(F)cc1F)c1nncn2cccc12,0.0026818642,train
Cc1cnc(C(O)c2cc(-c3ncnc4cc(N5CCOCC5)ccc34)c(F)cc2F)c(C)n1,0.0004980154,train
OC(c1cc(-c2ncnc3cc(N4CCOCC4)ccc23)c(F)cc1F)c1nccn2cccc12,0.0017691121,train
Cn1c(C(O)c2cc(-c3ncnc4cc(N5CCOCC5)ccc34)ccc2Cl)cccc1=O,0.004245746,train
OC(c1cc(-c2ncnc3cc(N4CCOCC4)ccc23)ccc1Cl)c1nccn2ccnc12,0.0010968293,train
Cn1cnc2c(C(O)c3cc(-c4ncnc5cc(N6CCOCC6)ccc45)ccc3Cl)ncnc21,0.00034657048,train
OC(c1cc(-c2ncnc3cc(N4CCOCC4)ccc23)ccc1F)c1cccc2nncn12,0.0022268423,test
OC(c1cc(-c2ncnc3cc(N4CCOCC4)ccc23)ccc1F)c1ncnc2ccoc12,0.00097240537,train
Cc1cncnc1C(C(N)=O)c1cc(-c2ncnc3cc(N4CCOCC4)ccc23)ccc1Cl,0.002959678,train
Cn1c(C(O)c2cc(-c3ncnc4cc(N5CCOCC5)ccc34)c(F)cc2Cl)cccc1=O,0.0030740364,train
OC(c1cc(-c2ncnc3cc(N4CCOCC4)ccc23)c(F)cc1F)c1ncnc2c1CCNC2,0.00038947296,train
OC(c1ccc(F)c(-c2ncnc3cc(N4CCOCC4)ccc23)c1)c1ncnc2c1CCNC2,0.00080662034,train
OC(c1cc(-c2ncnc3cc(N4CCOCC4)ccc23)ccc1Cl)c1ncncc1F,0.0007242119,train
Cn1ncc2c(C(O)c3cc(-c4ncnc5cc(N6CCOCC6)ccc45)ccc3F)ncnc21,0.00020919162,train
Cc1cncnc1C(O)c1cc(-c2ncnc3cc(N4CCOCC4)ccc23)ccc1F,0.0007577416,train
Cc1nccnc1C(O)c1cc(-c2ncnc3cc(N4CCOCC4)ccc23)ccc1F,0.0009288007,train
OC(c1cc(-c2ncnc3cc(N4CCOCC4)ccc23)c(F)cc1Cl)c1nccn2ccnc12,0.0008048084,train
Cn1c(C(O)c2cc(-c3ncnc4cc(N5CCOCC5)ccc34)ccc2F)cccc1=O,0.0032145572,train
Cn1ncc2c(C(O)c3cc(-c4ncnc5cc(N6CCOCC6)ccc45)c(F)cc3Cl)ncnc21,0.00018268196,train
Cn1ncc2c(C(O)c3cc(-c4ncnc5cc(N6CCOCC6)ccc45)c(F)cc3F)ncnc21,0.00015354835,train
OC(c1cc(-c2ncnc3cc(N4CCOCC4)ccc23)ccc1F)c1ncnc2sccc12,0.002011681,train
COc1cncnc1C(O)c1cc(-c2ncnc3cc(N4CCOCC4)ccc23)ccc1Cl,0.0009086087,train
COc1nccnc1C(O)c1cc(-c2ncnc3cc(N4CCOCC4)ccc23)ccc1Cl,0.0025274542,train
OC(c1cc(-c2ncnc3cc(N4CCOCC4)ccc23)ccc1Cl)c1ncnc2ccoc12,0.0011624115,train
OC(c1cc(-c2ncnc3cc(N4CCOCC4)ccc23)ccc1Cl)c1ncnc2occc12,0.0008653491,train
Cc1cncnc1C(O)c1cc(-c2ncnc3cc(N4CCOCC4)ccc23)ccc1Cl,0.0009021565,train
Cc1nccnc1C(O)c1cc(-c2ncnc3cc(N4CCOCC4)ccc23)ccc1Cl,0.001079717,train
OC(c1ccc(F)c(-c2ncnc3cc(N4CCOCC4)ccc23)c1)c1ncnc2sccc12,0.0064574424,train
OC(c1ccc(F)c(-c2ncnc3cc(N4CCOCC4)ccc23)c1)c1ncnc2ccsc12,0.0067468043,train
OC(c1cc(-c2ncnc3cc(N4CCOCC4)ccc23)c(F)cc1F)c1ncnc2ccsc12,0.0016485151,train
OC(c1cc(-c2ncnc3cc(N4CCOCC4)ccc23)c(F)cc1Cl)c1ncnc2ccoc12,0.00085094105,train
COc1cncnc1C(O)c1cc(-c2ncnc3cc(N4CCOCC4)ccc23)c(F)cc1Cl,0.00066111214,train
COc1cncnc1C(O)c1cc(-c2ncnc3cc(N4CCOCC4)ccc23)c(F)cc1F,0.0005619638,train
OC(c1cc(-c2ncnc3cc(N4CCOCC4)ccc23)c(F)cc1F)c1nccnc1OC(F)F,0.004168391,train
COc1nccnc1C(O)c1cc(-c2ncnc3cc(N4CCOCC4)ccc23)c(F)cc1F,0.0017312774,train
COc1nccnc1[C@H](O)c1cc(-c2ncnc3cc(N4CCOCC4)ccc23)c(F)cc1F,0.0007352466,train
COc1nccnc1[C@@H](O)c1cc(-c2ncnc3cc(N4CCOCC4)ccc23)c(F)cc1F,0.0011175153,train
COc1ccc(C(O)c2cc(-c3ncnc4cc(N5CCOCC5)ccc34)ccc2Cl)nn1,0.002655314,train
CCc1nccnc1C(O)c1ccc(F)c(-c2ncnc3cc(N4CCOCC4)ccc23)c1,0.0056845644,train
CCOc1cccnc1C(O)c1ccc(F)c(-c2ncnc3cc(N4CCOCC4)ccc23)c1,0.011389229,train
OC(c1ccc(F)c(-c2ncnc3cc(N4CCOCC4)ccc23)c1)c1nccnc1OC(F)F,0.017985292,train
OC(c1cccnn1)c1cc(-c2ncnc3cc(N4CCOCC4)ccc23)ccc1Cl,0.0017000795,train
COc1cnc(C(O)c2ccc(F)c(-c3ncnc4cc(N5CCOCC5)ccc34)c2)c(Br)c1,0.0076797,train
OC(c1cn2ccsc2n1)c1cc(-c2ncnc3cc(N4CCOCC4)ccc23)c(F)cc1F,0.0014278771,train
OC(c1ccc(F)c(-c2ncnc3cc(N4CCOCC4)ccc23)c1)c1ncccc1OC(F)(F)F,0.057912897,train
CCn1c(N2CCNCC2)nc2c([N+](=O)[O-])c(Br)c(Br)cc21,0.9762417,train
CCn1c(N2CCN(C(=O)OC(C)(C)C)CC2)nc2c(C#N)c(Br)c(Br)cc21,0.99069667,train
CCn1c(N2CCNC(=O)C2)nc2c([N+](=O)[O-])c(Br)c(Br)cc21,0.74746686,val
CCCn1c(N2CCNCC2)nc2c([N+](=O)[O-])c(Br)c(Br)cc21,0.9950858,train
CC(C)Cn1c(N2CCNCC2)nc2c([N+](=O)[O-])c(Br)c(Br)cc21,0.9779269,train
CC(C)(C)OC(=O)N1CCN(c2nc3c([N+](=O)[O-])c(Br)c(Br)cc3[nH]2)CC1,0.878186,train
CCCn1c(NCCCN)nc2c([N+](=O)[O-])c(Br)c(Br)cc21,0.9936405,train
CCn1c(N[C@H]2CCCNC2)nc2c([N+](=O)[O-])c(Br)c(Br)cc21,0.96241397,train
NCCCNc1nc2c([N+](=O)[O-])c(Br)c(Br)cc2n1CC1CC1,0.9738022,train
CC(C)Cn1c(NC2CCCNCC2)nc2c([N+](=O)[O-])c(Br)c(Br)cc21,0.9836553,val
CCn1c(N2CCNCC2C)nc2c([N+](=O)[O-])c(Br)c(Br)cc21,0.9790608,train
CCn1c(N2CCCCC(N)C2)nc2c([N+](=O)[O-])c(Br)c(Br)cc21,0.9974808,train
CCn1c(N2CCC[C@H](N)C2)nc2c([N+](=O)[O-])c(Br)c(Br)cc21,0.9978751,train
CCn1c(N2CCC[C@@H](N)C2)nc2c([N+](=O)[O-])c(Br)c(Br)cc21,0.99406403,train
CCn1c(NCCN)nc2c([N+](=O)[O-])c(Br)c(Br)cc21,0.96454793,train
CCn1c(NCC2CCCN2)nc2c([N+](=O)[O-])c(Br)c(Br)cc21,0.98278296,val
CC(C)n1c(N2CCC[C@H](N)C2)nc2c([N+](=O)[O-])c(Br)c(Br)cc21,0.99693537,train
CC(C)n1c(N2CCOC(CN)C2)nc2c([N+](=O)[O-])c(Br)c(Br)cc21,0.9693289,train
CC(C)n1c(NCC2CNCCO2)nc2c([N+](=O)[O-])c(Br)c(Br)cc21,0.92395663,train
CC(C)n1c(N[C@@H]2CCCNC2)nc2c([N+](=O)[O-])c(Br)c(Br)cc21,0.98875624,train
CC(C)n1c(N2CCNC[C@H]2C)nc2c([N+](=O)[O-])c(Br)c(Br)cc21,0.9762372,train
CC(C)n1c(N2CC[C@@H](N)C2)nc2c([N+](=O)[O-])c(Br)c(Br)cc21,0.9929981,train
CC(C)n1c(N2CC[C@H](N)C2)nc2c([N+](=O)[O-])c(Br)c(Br)cc21,0.99810684,train
CC(C)n1c(N2CC[C@@H](N)C2)nc2c(C#N)c(Br)c(Br)cc21,0.9985362,train
CC(C)n1c(N[C@H]2CCNC2)nc2c([N+](=O)[O-])c(Br)c(Br)cc21,0.9474125,train
CC(C)n1c(N2CCOC(CN)C2)nc2c(C#N)c(Br)c(Br)cc21,0.99412835,train
O[C@@H](c1ccc(F)c(-c2ncnc3cc(N4CCOCC4)ccc23)c1)c1nccnc1Cl,0.0016749867,train
Cn1ccnc1C(O)c1ccc(F)c(-c2nc(Cl)nc3cc(N4CCOCC4)ccc23)c1,0.037705146,val
COc1ccc(C(O)c2cc(-c3ncnc4cc(N5CCOCC5)ccc34)c(F)cc2Cl)cc1,0.020539416,test
COc1nccnc1C(C(N)=O)c1cc(-c2ncnc3cc(N4CCOCC4)ccc23)c(F)cc1F,0.0049611623,train
NC(=O)C(c1cc(-c2ncnc3cc(N4CCOCC4)ccc23)c(F)cc1F)c1nccn2cccc12,0.0051611555,train
COc1nccnc1[C@H](O)c1cc(-c2ncnc3cc(N4CCOCC4)ccc23)c(F)cc1Cl,0.00089527736,train
COc1nccnc1[C@@H](O)c1cc(-c2ncnc3cc(N4CCOCC4)ccc23)c(F)cc1Cl,0.0014369115,train
Cc1nsc(-c2nnc3n2CCN(C(=O)c2ccc(Cl)cc2)C3)n1,0.092292115,train
C[C@@H]1Cc2c([nH]c3ccccc23)[C@@H](c2cccc(OCCNCCCF)c2)N1CC1(F)COC1,0.97254115,train
COc1ccc(OCCNCCCF)cc1[C@@H]1c2[nH]c3ccccc3c2C[C@@H](C)N1CC(F)F,0.9952512,train
COc1ccc(OCCNCCCF)cc1[C@@H]1c2[nH]c3ccccc3c2C[C@@H](C)N1CC(F)(F)F,0.99087954,train
COc1ccc(OCCNCCCF)cc1[C@@H]1c2[nH]c3ccccc3c2C[C@@H](C)N1CC(F)(F)CO,0.9781899,train
C[C@@H]1Cc2c([nH]c3ccccc23)[C@@H](c2c(F)ccc(OCCNCCCF)c2F)N1CC(F)(F)F,0.987822,train
C[C@@H]1Cc2c([nH]c3ccccc23)[C@@H](c2cc(OCCNCCCF)ccc2F)N1CC(F)(F)F,0.9853152,train
COc1ccc(OCCNCCCF)c(F)c1[C@@H]1c2[nH]c3ccccc3c2C[C@@H](C)N1CC(F)(F)F,0.9930461,train
COc1cnc(OCCNCCCF)cc1[C@@H]1c2[nH]c3ccccc3c2C[C@@H](C)N1CC(F)(F)F,0.9730079,train
C[C@@H]1Cc2c([nH]c3ccccc23)[C@@H](c2c(F)ccc(OCCNCCCF)c2F)N1CC1(F)COC1,0.9867829,train
C[C@@H]1Cc2c([nH]c3ccccc23)[C@@H](c2c(F)ccc(OCCNCCCF)c2F)N1CC(F)(F)CO,0.976986,train
C[C@@H]1Cc2c([nH]c3ccc(F)cc23)[C@@H](c2c(F)ccc(OCCNCCCF)c2F)N1CC(F)(F)CO,0.99035627,train
Cc1ccc(OCCNCCCF)cc1[C@@H]1c2[nH]c3ccccc3c2C[C@@H](C)N1CC(F)(F)F,0.9911054,train
Cc1cc(OCCNCCCF)cc([C@@H]2c3[nH]c4ccccc4c3C[C@@H](C)N2CC(F)(F)F)c1,0.99055964,train
Cc1c(OCCNCCCF)cccc1[C@@H]1c2[nH]c3ccccc3c2C[C@@H](C)N1CC(F)(F)F,0.99379647,train
C[C@@H]1Cc2c([nH]c3ccccc23)[C@@H](c2cc(OCCNCCCF)ccc2Cl)N1CC(F)(F)F,0.99278957,train
C[C@@H]1Cc2c([nH]c3ccccc23)[C@@H](c2cc(OCCNCCCF)ccc2C#N)N1CC(F)(F)F,0.992176,train
C[C@@H]1Cc2c([nH]c3ccccc23)[C@@H](c2cccc(OCCNCCCF)c2F)N1CC(F)(F)F,0.96014816,train
C[C@@H]1Cc2c([nH]c3ccccc23)[C@@H](c2cccc(OCCNCCCF)c2Cl)N1CC(F)(F)F,0.98231894,train
COc1ccc(OCCNCCCF)c(C)c1[C@@H]1c2[nH]c3ccccc3c2C[C@@H](C)N1CC(F)(F)F,0.9978824,train
COc1c(F)cc(OCCNCCCF)cc1[C@@H]1c2[nH]c3ccccc3c2C[C@@H](C)N1CC(F)(F)F,0.99091864,train
COc1cc(F)c(OCCNCCCF)cc1[C@@H]1c2[nH]c3ccccc3c2C[C@@H](C)N1CC(F)(F)F,0.9901782,train
COc1c(F)cc(OCCNCCCF)c(F)c1[C@@H]1c2[nH]c3ccccc3c2C[C@@H](C)N1CC(F)(F)F,0.99177814,train
C[C@@H]1Cc2c([nH]c3ccccc23)[C@@H](c2cc(OCCNCCCF)cc(F)c2F)N1CC(F)(F)F,0.9834067,train
C[C@@H]1Cc2c([nH]c3ccccc23)[C@@H](c2cc(F)cc(OCCNCCCF)c2F)N1CC(F)(F)F,0.97785944,train
C[C@@H]1Cc2c([nH]c3ccccc23)[C@@H](c2c(F)c(F)cc(OCCNCCCF)c2F)N1CC(F)(F)F,0.98372513,train
Cc1c(OCCNCCCF)ccc(F)c1[C@@H]1c2[nH]c3ccccc3c2C[C@@H](C)N1CC(F)(F)F,0.9974897,train
C[C@@H]1Cc2c([nH]c3ccccc23)[C@@H](c2cccc(OCCNCCCF)n2)N1CC(F)(F)F,0.9021968,train
C[C@@H]1Cc2c([nH]c3ccccc23)[C@@H](c2cc(OCCNCCCF)ccn2)N1CC(F)(F)F,0.8078499,train
COc1ncc(OCCNCCCF)cc1[C@@H]1c2[nH]c3ccccc3c2C[C@@H](C)N1CC(F)(F)F,0.9729331,train
Cc1ncc(OCCNCCCF)cc1[C@@H]1c2[nH]c3ccccc3c2C[C@@H](C)N1CC(F)(F)F,0.98519486,train
Cc1c(OCCNCCCF)cncc1[C@@H]1c2[nH]c3ccccc3c2C[C@@H](C)N1CC(F)(F)F,0.98096573,train
C[C@@H]1Cc2c([nH]c3ccccc23)[C@@H](c2cc(OCCNCCCF)ncc2F)N1CC(F)(F)F,0.92214966,train
COc1ccc(NCCNCCCF)cc1[C@@H]1c2[nH]c3ccccc3c2C[C@@H](C)N1CC(F)(F)F,0.9758068,train
COc1ncc(NCCNCCCF)cc1[C@@H]1c2[nH]c3ccccc3c2C[C@@H](C)N1CC(F)(F)F,0.92356896,train
COc1cnc(NCCNCCCF)cc1[C@@H]1c2[nH]c3ccccc3c2C[C@@H](C)N1CC(F)(F)F,0.9257656,train
COc1ccc(NCCNCCCF)nc1[C@@H]1c2[nH]c3ccccc3c2C[C@@H](C)N1CC(F)(F)F,0.8896951,train
C[C@@H]1Cc2c([nH]c3ccccc23)[C@@H](c2cc(OCCNCCCF)ccc2Cl)N1CC(F)(F)CO,0.9856737,train
Cc1c(OCCNCCCF)ccc(F)c1[C@@H]1c2[nH]c3ccccc3c2C[C@@H](C)N1CC(F)(F)CO,0.99423355,train
COc1ccc(OCCNCCCF)cc1[C@@H]1c2[nH]c3ccc(F)cc3c2C[C@@H](C)N1CC(F)(F)CO,0.9916933,train
COc1ccc(O[C@H](C)CNCCCF)cc1[C@@H]1c2[nH]c3ccccc3c2C[C@@H](C)N1CC(F)(F)CO,0.9901704,train
COc1ccc(O[C@@H](C)CNCCCF)cc1[C@@H]1c2[nH]c3ccccc3c2C[C@@H](C)N1CC(F)(F)CO,0.9894727,train
COc1ccc(OC[C@H](C)NCCCF)cc1[C@@H]1c2[nH]c3ccccc3c2C[C@@H](C)N1CC(F)(F)CO,0.9927032,train
COc1ccc(OC[C@@H](C)NCCCF)cc1[C@@H]1c2[nH]c3ccccc3c2C[C@@H](C)N1CC(F)(F)CO,0.9823944,train
C[C@@H]1Cc2c([nH]c3ccccc23)[C@@H](c2c(F)ccc(OCCNCCCF)c2F)N1CC(F)F,0.9897626,train
COc1ccc(OCCNCCCF)cc1[C@@H]1c2[nH]c3ccccc3c2C[C@@H](C)N1CC1(F)CC1,0.99706644,train
C[C@@H]1Cc2c([nH]c3c(F)cccc23)[C@@H](c2c(F)ccc(OCCNCCCF)c2F)N1CC(F)(F)CO,0.9853189,train
C[C@@H]1Cc2c([nH]c3cc(F)ccc23)[C@@H](c2c(F)ccc(OCCNCCCF)c2F)N1CC(F)(F)CO,0.98882234,train
C[C@@H]1Cc2c([nH]c3cccc(F)c23)[C@@H](c2c(F)ccc(OCCNCCCF)c2F)N1CC(F)(F)CO,0.9873103,train
Cc1ccc2[nH]c3c(c2c1)C[C@@H](C)N(CC(F)(F)CO)[C@@H]3c1c(F)ccc(OCCNCCCF)c1F,0.9808477,train
C[C@@H]1Cc2c([nH]c3ccccc23)[C@@H](c2c(F)cnc(OCCNCCCF)c2F)N1CC(F)(F)CO,0.8165106,train
C[C@@H]1Cc2c([nH]c3ccc(F)cc23)[C@@H](c2c(F)cnc(OCCNCCCF)c2F)N1CC(F)(F)CO,0.9150379,train
Cc1ccc2[nH]c3c(c2c1)C[C@@H](C)N(CC(F)(F)CO)[C@@H]3c1c(F)cnc(OCCNCCCF)c1F,0.86092377,train
C[C@@H]1Cc2c([nH]c3ccc(F)cc23)[C@@H](c2c(F)cnc(OCCN(C)CCCF)c2F)N1CC(F)(F)CO,0.95392203,train
C[C@@H]1Cc2c([nH]c3ccccc23)[C@@H](c2cccc(OCCNCCCF)c2C(F)F)N1CC(F)(F)CO,0.97691774,train
C[C@@H]1Cc2c([nH]c3ccccc23)[C@@H](c2cccc(OCCNCCCF)c2C#N)N1CC(F)(F)F,0.9868955,train
C[C@@H]1Cc2c([nH]c3ccccc23)[C@@H](c2cc(OCCNCCCF)ccc2CO)N1CC(F)(F)F,0.6547639,train
COCc1ccc(OCCNCCCF)cc1[C@@H]1c2[nH]c3ccccc3c2C[C@@H](C)N1CC(F)(F)F,0.8712287,train
C[C@@H]1Cc2c([nH]c3ccccc23)[C@@H](c2cc(F)cc(OCCNCCCF)c2)N1CC(F)(F)F,0.98938006,train
C[C@@H]1Cc2c([nH]c3ccccc23)[C@@H](c2ccc(F)c(OCCNCCCF)c2)N1CC(F)(F)F,0.9780156,train
C[C@@H]1Cc2c([nH]c3ccccc23)[C@@](C)(c2cccc(OCCNCCCF)c2)N1CC(F)(F)F,0.9858738,train
C[C@@H]1Cc2c([nH]c3ccccc23)[C@@H](c2c(F)ccc(OCCNCCCF)c2F)N1CC1(F)CC1,0.996902,train
C[C@@H]1Cc2c([nH]c3ccccc23)[C@@H](c2c(F)ccc(OCCNCCCF)c2F)N1CC1(S(C)(=O)=O)CC1,0.978876,train
Cc1ccc(OCCNCCCF)c(C)c1[C@@H]1c2[nH]c3ccccc3c2C[C@@H](C)N1CC(F)(F)F,0.9973326,train
Cc1ccc(OCCNCCCF)c(F)c1[C@@H]1c2[nH]c3ccccc3c2C[C@@H](C)N1CC(F)(F)F,0.9895564,train
COc1ccc(OCCNCCCF)c(F)c1[C@@H]1c2[nH]c3ccccc3c2C[C@@H](C)N1CC(F)(F)CO,0.9840698,train
COc1ccc(OCCNCCCF)c(F)c1[C@@H]1c2[nH]c3ccccc3c2C[C@@H](C)N1CC(F)F,0.9964964,train
COc1ccc(OCCNCCCF)c(F)c1[C@@H]1c2[nH]c3ccccc3c2C[C@@H](C)N1CC1(F)CC1,0.99785465,train
COc1ccc(OCCNCCCF)c(F)c1[C@@H]1c2[nH]c3ccccc3c2C[C@@H](C)N1CC1(F)COC1,0.9893027,train
C[C@@H]1Cc2c([nH]c3ccccc23)[C@@H](c2c(F)ccc(OCCNCCCF)c2Cl)N1CC(F)(F)CO,0.98935705,train
COc1ccc(OCCNCCCF)c(F)c1[C@@H]1c2[nH]c3ccc(F)cc3c2C[C@@H](C)N1CC(F)(F)CO,0.99394715,train
Cc1c(OCCNCCCF)ccc(F)c1[C@@H]1c2[nH]c3ccccc3c2C[C@@H](C)N1CCC#N,0.99784374,train
C[C@@H]1Cc2c([nH]c3ccccc23)[C@@H](c2c(F)ccc(NCCNCCCF)c2F)N1CC(F)(F)F,0.98229814,train
C[C@@H]1Cc2c([nH]c3ccc(F)cc23)[C@@H](c2c(F)ccc(NCCNCCCF)c2F)N1CC(F)(F)CO,0.9859918,train
COc1ccc(NCCNCCCF)c(F)c1[C@@H]1c2[nH]c3ccccc3c2C[C@@H](C)N1CC(F)(F)F,0.9792348,train
COc1cc(F)c(NCCNCCCF)cc1[C@@H]1c2[nH]c3ccccc3c2C[C@@H](C)N1CC(F)(F)F,0.95745087,train
C[C@@H]1Cc2c([nH]c3ccccc23)[C@@H](c2nccc(OCCNCCCF)c2F)N1CC(F)(F)F,0.4360871,train
C[C@@H]1Cc2c([nH]c3ccccc23)[C@@H](c2nccc(OCCNCCCF)c2Cl)N1CC(F)(F)F,0.7045786,train
C[C@@H]1Cc2c([nH]c3ccccc23)[C@@H](c2nccc(NCCNCCCF)c2F)N1CC(F)(F)F,0.522245,train
Cc1c(NCCNCCCF)ccnc1[C@@H]1c2[nH]c3ccccc3c2C[C@@H](C)N1CC(F)(F)F,0.8770858,train
Cc1c(OCCNCCCF)ccnc1[C@@H]1c2[nH]c3ccccc3c2C[C@@H](C)N1CC(F)(F)CO,0.8649323,train
C[C@@H]1Cc2c([nH]c3ccccc23)[C@@H](c2nccc(OCCNCCCF)c2F)N1CC(F)(F)CO,0.29572657,train
C[C@@H]1Cc2c([nH]c3ccccc23)[C@@H](c2nccc(OCCNCCCF)c2F)N1CC1(F)CC1,0.76822567,test
C[C@@H]1Cc2c([nH]c3ccccc23)[C@@H](c2nccc(OCCNCCCF)c2F)N1CC1(F)COC1,0.43282422,train
C[C@@H]1Cc2c([nH]c3ccccc23)[C@@H](c2cncc(OCCNCCCF)c2)N1CC(F)(F)F,0.9651972,train
C[C@@H]1Cc2c([nH]c3ccccc23)[C@@H](c2ccnc(OCCNCCCF)c2)N1CC(F)(F)F,0.95236653,train
Cc1c([C@@H]2c3[nH]c4ccccc4c3C[C@@H](C)N2CC(F)(F)CO)ccnc1OCCNCCCF,0.89282256,train
C[C@@H]1Cc2c([nH]c3ccccc23)[C@@H](c2ccnc(OCCNCCCF)c2Cl)N1CC(F)(F)CO,0.8489922,train
Cc1ccc(OCCNCCCF)nc1[C@@H]1c2[nH]c3ccccc3c2C[C@@H](C)N1CC(F)(F)F,0.9598815,train
Cc1c([C@@H]2c3[nH]c4ccccc4c3C[C@@H](C)N2CC(F)(F)F)ccnc1OCCNCCCF,0.95295453,train
C[C@@H]1Cc2c([nH]c3ccccc23)[C@@H](c2c(F)cnc(OCCNCCCF)c2F)N1CC(F)(F)F,0.8949751,train
C[C@@H]1Cc2c([nH]c3ccccc23)[C@@H](c2c(F)cnc(OCCNCCCF)c2F)N1CC1(F)CC1,0.9712985,val
Cc1c(OCCNCCCF)ncc(F)c1[C@@H]1c2[nH]c3ccccc3c2C[C@@H](C)N1CC(F)(F)CO,0.9010637,train
C[C@@H]1Cc2c([nH]c3ccccc23)[C@@H](c2c(F)cnc(OCCNCCCF)c2Cl)N1CC(F)(F)CO,0.91246855,train
COc1nnc(OCCNCCCF)cc1[C@@H]1c2[nH]c3ccccc3c2C[C@@H](C)N1CC(F)(F)F,0.9273797,train
Cc1c(OCCNCCCF)ncnc1[C@@H]1c2[nH]c3ccccc3c2C[C@@H](C)N1CC(F)(F)F,0.41307282,train
Cc1c(OCCNCCCF)ncnc1[C@@H]1c2[nH]c3ccccc3c2C[C@@H](C)N1CC(F)(F)CO,0.25571033,train
C[C@@H]1Cc2c([nH]c3ccccc23)[C@@H](c2c(F)ccc(OCCN(C)CCCF)c2F)N1CC1(F)COC1,0.9928069,train
FC(F)(F)c1ccc(CCN2CCC(Nc3ncnc4[nH]ncc34)C(F)(F)C2)cc1,0.74145544,train
FC1(F)CN(CCc2ccccc2)CCC1Nc1ncnc2[nH]ncc12,0.22372495,train
Fc1ccc(CCN2CCC(Nc3ncnc4[nH]ncc34)C(F)(F)C2)cc1,0.41554844,train
Cc1ccc(CCN2CCC(Nc3ncnc4[nH]ncc34)C(F)(F)C2)cc1,0.30666026,train
FC(F)c1ccc(CCN2CCC(Nc3ncnc4[nH]ncc34)C(F)(F)C2)cc1,0.62291646,train
Cc1ccc(COC(=O)N2CC[C@H](CNc3nccn4cnnc34)C(F)(F)C2)cc1,0.14109936,train
Cc1ccc(COC(=O)N2CC[C@@H](CNc3ncc4c[nH]nc4n3)C(F)(F)C2)cc1,0.34646216,train
CNC[C@H](c1ccc2ccccc2c1)[C@H](OCC(=O)NC)c1ccccc1,0.06516447,train
CNCC(Cc1ccccc1CO)c1ccc2ccccc2c1,0.18392324,train
CNC[C@H](c1ccc2ccccc2c1)[C@H](OCC(N)=O)c1ccccc1,0.057823334,train
CN1CO[C@H](c2ccccc2)[C@@H](c2ccc3ccccc3c2)C1,0.34593403,val
CNC[C@@H](Cc1ccccc1)c1ccc2ccccc2c1,0.53849113,train
CCNC(=O)CO[C@H](c1ccccc1)[C@H](CNC)c1ccc2ccccc2c1,0.07491941,train
CNC[C@H](c1ccc2ccccc2c1)[C@@H](O)c1ccncc1Cl,0.072129734,train
CNC[C@H](c1ccc2ccccc2c1)[C@H](F)c1ccccc1,0.5320862,train
CNC[C@H](c1ccc(Cl)c(Cl)c1)[C@H](O)c1ccccc1,0.51455027,train
CNC[C@H](c1ccc2ccccc2c1)[C@@H](F)c1ccccc1,0.41213438,train
CNC[C@H](c1ccc2ccccc2c1)[C@H](O)c1ccncc1,0.19622347,train
CNC[C@H](c1ccc2ccccc2c1)[C@H](OCC(=O)NC1CC1)c1ccccc1,0.05656139,train
CNC[C@H](c1ccc2ccccc2c1)[C@H](OCC(=O)NCCO)c1ccccc1,0.052082546,train
CNC[C@H](c1ccc2ccccc2c1)[C@H](O)c1ccccc1F,0.21495886,train
CNCC(c1ccc(Br)c(Cl)c1)[C@H](O)c1ccccc1,0.78101045,train
CNCC(Cc1ccccc1F)c1ccc2ccccc2c1,0.7615253,train
CNC[C@H](c1ccc2ccccc2c1)[C@H](OCc1cc(C)on1)c1ccccc1,0.15710971,test
CNC[C@H](c1ccc2ccccc2c1)[C@H](OCC(=O)N1CC[C@H](O)C1)c1ccccc1,0.04601057,train
CNC[C@H](c1ccc2ccccc2c1)[C@H](OCc1cc(C)no1)c1ccccc1,0.14941825,test
CNC[C@H](c1ccc(Br)c(Cl)c1)[C@@H](O)c1ccccc1,0.5399575,train
CNC[C@H](c1ccc2ccccc2c1)[C@H](OCc1noc(C)n1)c1ccccc1,0.008237348,val
CNC[C@H](c1ccc2ccccc2c1)[C@H](OCC(=O)N1CCOCC1)c1ccccc1,0.02011399,test
CNC[C@H](c1ccc(Cl)c(Cl)c1)[C@H](O)c1cccc(N)c1,0.5525653,train
CNCC(c1ccc2ccccc2c1)[C@H](CO)c1ccccc1,0.0602172,train
CNC[C@H](c1ccc2ccccc2c1)[C@H](O)c1ccc(Cl)nc1,0.4289594,train
CNC[C@H](c1ccc2ccccc2c1)[C@H](O)c1ccccc1C,0.43581495,train
CCCNC(=O)CO[C@H](c1ccccc1)[C@H](CNC)c1ccc2ccccc2c1,0.10995669,train
CNC[C@H](c1ccc2ccccc2c1)[C@H](OCC(=O)N1CCC1)c1ccccc1,0.048823334,test
CNC[C@H](c1ccc2ccccc2c1)[C@H](OCCO)c1ccccc1,0.03829219,train
CNC[C@H](c1ccc2ccccc2c1)[C@H](OCC(=O)N(C)C)c1ccccc1,0.06990131,train
CNC[C@H](c1ccc2ccccc2c1)[C@H](OCC(=O)N1CC[C@@H](O)C1)c1ccccc1,0.042811904,train
CCOC(=O)CO[C@H](c1ccccc1)[C@H](CNC)c1ccc2ccccc2c1,0.13325603,train
CNCC(c1ccc2ccccc2c1)C(OC)c1ccccc1,0.36563975,train
CNCC(Cc1ccccc1C)c1ccc2ccccc2c1,0.7338814,train
CNCC(Cc1cccs1)c1ccc2ccccc2c1,0.74926114,train
C[C@](CN)(Cc1cccnc1)c1ccc2ccccc2c1,0.053318303,train
CNC[C@H](c1ccc(Br)c(Cl)c1)[C@H](O)c1ccccc1,0.7353006,train
CNC[C@@H](Cc1ccc(C)s1)c1ccc2ccccc2c1,0.7138396,train
CNC[C@H](c1ccc2ccccc2c1)[C@H](OC)c1ccccc1,0.1659832,train
CNC[C@H](c1ccc2ccccc2c1)[C@H](O)c1cccs1,0.7208226,train
CNCC(Cc1cccnc1)c1ccc2ccccc2c1,0.23172653,train
CNC[C@@H](c1ccc2ccccc2c1)[C@@H](O)c1cccnc1,0.058490623,train
CNC[C@H](c1ccc2ccccc2c1)[C@H](OCC(=O)N1CCCC1)c1ccccc1,0.04586422,train
CNCC(Cc1ccccc1O)c1ccc2ccccc2c1,0.46623707,train
CNCC(c1ccc(Cl)c(Cl)c1)[C@H](O)c1ccccc1,0.5772895,train
CNCC(Cc1ccccc1OC)c1ccc2ccccc2c1,0.84274274,train
CNC[C@H](c1ccc2ccccc2c1)[C@H](O)c1ccc(Cl)s1,0.93338674,train
CNC[C@@H](Cc1cccnc1)c1ccc(Cl)c(Cl)c1,0.24503261,train
CNC[C@H](c1ccc2ccccc2c1)[C@@H](O)c1ccccc1F,0.14974138,train
CNC[C@H](c1ccc2ccccc2c1)[C@@H](Cl)c1ccccc1,0.46578676,train
CNC[C@H](c1ccc2ccccc2c1)[C@H](O)c1cccnc1,0.08442847,train
CNC[C@H](c1ccc(Cl)c(Cl)c1)[C@@H](O)c1cccc(N)c1,0.3797978,train
c1ccc([C@@H]2OCCNC[C@H]2c2ccc3ccccc3c2)cc1,0.4921544,train
CNC[C@H](c1ccc(Cl)c(Cl)c1)[C@@H](O)c1ccccc1[N+](=O)[O-],0.20352076,train
CNCC(CCc1ccccc1)[C@H](O)c1ccccc1,0.76466274,val
CNC[C@H](c1ccc2ccccc2c1)[C@H](OCc1nc(C)no1)c1ccccc1,0.016593333,train
CNC[C@H](c1ccc(Cl)c(Cl)c1)[C@@H](O)c1ccccc1,0.30912915,train
CNC[C@@H](c1ccc2ccccc2c1)[C@H](O)c1ccccn1,0.043898992,val
CNCC(c1ccc(F)c(Cl)c1)[C@H](O)c1ccccc1,0.3928172,train
CNC[C@H](c1ccc(Cl)c(Cl)c1)[C@H](O)c1cccc(Br)c1,0.87622184,train
CN1CCO[C@H](c2ccccc2)[C@@H](c2ccc3ccccc3c2)C1,0.5212945,train
CNC[C@@H](c1ccc2ccccc2c1)[C@@H](O)c1ccccc1F,0.1299078,train
CNCC(Cc1cccnc1)c1ccc(Cl)c(Cl)c1,0.20894727,train
CN(C)C[C@H](c1ccc2ccccc2c1)[C@H](N)c1ccccc1,0.35551167,train
CN(C)C[C@H](c1ccc2ccccc2c1)[C@H](O)c1ccccc1,0.85454184,train
CNCC(C[C@H](O)c1ccccc1)c1ccc2ccccc2c1,0.51530045,train
CN(C)CC(C)(c1ccc2ccccc2c1)C(O)c1ccccc1,0.5740507,train
CNC[C@H](c1ccc2ccccc2c1)[C@H](N)c1ccccc1,0.029784748,train
NC[C@@H](c1ccc2ccccc2c1)[C@@H](O)c1ccccc1,0.07935352,train
CN(C)C[C@H](c1ccc2ccccc2c1)[C@H](OCCO)c1ccccc1,0.2992426,train
NCC(c1ccc2ccccc2c1)[C@@H](O)c1ccccc1,0.12111395,train
CNC[C@H](c1ccc2ccccc2c1)[C@H](O)c1cncc(OC)c1,0.18147998,train
CNC[C@H](C[C@H](O)c1ccccc1)c1ccc2ccccc2c1,0.45098442,train
CNC[C@H](c1ccc(Cl)c(Cl)c1)[C@@H](O)c1cccc(NC(C)=O)c1,0.20664129,train
NC[C@H](c1ccc2ccccc2c1)[C@@H](O)c1ccncc1Cl,0.035001546,train
CNC[C@@H](c1ccc2ccccc2c1)[C@H](O)c1ccccc1F,0.09645375,train
CNC[C@H](c1ccc(Cl)c(Cl)c1)[C@@H](O)c1ccccc1SC,0.91274774,train
CNC[C@@H](c1ccc(Cl)c(Cl)c1)[C@H](O)c1cccc(NC(C)=O)c1,0.24647392,train
CNC[C@H](c1ccc(Cl)c(Cl)c1)[C@@H](O)c1ccccc1-c1cccs1,0.79495496,train
CNC[C@@H](c1ccc(Br)c(Cl)c1)[C@@H](O)c1ccccc1,0.5782415,train
CNC[C@@H](c1ccc(Cl)c(Cl)c1)[C@@H](O)c1ccccc1,0.3514942,train
NC[C@@H](c1ccc2ccccc2c1)C(O)c1ccncc1Cl,0.048988815,train
CN(C)C[C@H](c1ccc2ccccc2c1)[C@H](O)c1cccs1,0.9742968,train
CNC[C@H](c1ccc2ccccc2c1)[C@H](OC)c1ccc2c(c1)OCO2,0.30870163,test
NCC(Cc1ccccc1F)c1ccc2ccccc2c1,0.5169685,train
CNCC(Cc1ccc(C)s1)c1ccc2ccccc2c1,0.8399064,train
CNC[C@H](Cc1ccccc1O)c1ccc2ccccc2c1,0.42430088,train
CNC[C@H](c1ccc2ccccc2c1)[C@H](O)c1ccc2c(c1)OCCO2,0.15250391,train
CNC[C@@H](c1ccc2ccccc2c1)[C@@H](O)c1cccs1,0.3142294,train
CNC[C@@H](c1ccc2ccccc2c1)[C@@H](O)c1ccc2c(c1)OCCO2,0.08416312,train
CNC[C@H](c1ccc2ccccc2c1)[C@H](Cl)c1ccccc1,0.47590628,train
CNC[C@H](c1ccc(Cl)c(Cl)c1)[C@H](O)c1cccc(I)c1,0.99026275,train
CNC[C@@H](c1ccc(Cl)c(Cl)c1)[C@@H](O)c1ccsc1,0.69577855,train
CNC[C@@H](c1ccc(Cl)c(Cl)c1)[C@@H](O)c1cccc(SC)c1,0.96053404,train
CNC[C@H](c1ccc(Cl)c(Cl)c1)[C@H](O)c1ccccc1SC,0.9479057,train
CCc1ccccc1[C@@H](O)[C@H](CNC)c1ccc(Cl)c(Cl)c1,0.5975182,train
CNC[C@H](c1ccc(Cl)c(Cl)c1)[C@H](O)c1ccccc1OC,0.69735515,train
CNC[C@H](c1ccc(Cl)c(Cl)c1)[C@H](O)c1ccccc1I,0.90797484,train
CNC[C@H](c1ccc(Cl)c(Cl)c1)[C@@H](O)c1cccc(I)c1,0.9848823,train
CNC[C@H](c1ccc(Cl)c(Cl)c1)[C@H](O)c1cccc(OC)n1,0.18192449,train
CNC[C@@H](c1ccc(Cl)c(Cl)c1)[C@@H](OC)c1cccc(NS(=O)(=O)C(F)(F)F)c1,0.9159227,train
CNC[C@H](c1ccc2ccccc2c1)[C@H](O)c1ccccc1,0.2918774,train
CC(NC(C)(C)C)C(=O)c1cccc(Cl)c1,0.17354497,train
CNC[C@@H](c1ccc2ccccc2c1)[C@H](O)c1ccccc1,0.14517565,train
Cc1ncnn1Cc1cn(-c2ccc(Cl)cc2)nn1,0.8812597,train
Clc1ccc(-n2cc(Cn3ncnc3C3CCCC3)nn2)cc1,0.98122245,train
CCCc1nccn1Cc1cn(-c2ccc(Cl)cc2)nn1,0.9994246,train
CC(C)c1nccn1Cc1cn(-c2ccc(Cl)cc2)nn1,0.9942614,train
Cc1nccn1Cc1cn(-c2ccc(Cl)cc2)nn1,0.9824057,train
CCc1nccn1Cc1cn(-c2ccc(Cl)cc2)nn1,0.99370265,train
Clc1ccc(-n2cc(Cn3ccnc3Cl)nn2)cc1,0.99242765,train
CCCCc1nccn1Cc1cn(-c2ccc(Cl)cc2)nn1,0.9995191,train
OCc1nccn1Cc1cn(-c2ccc(Cl)cc2)nn1,0.81797653,train
Clc1ccc(-n2cc(Cn3ccnc3C3CC3)nn2)cc1,0.9950054,train
CC(C)(C)c1nccn1Cc1cn(-c2ccc(Cl)cc2)nn1,0.9900295,train
Cc1nccn1Cc1cn(-c2ccc(Cl)c(Cl)c2)nn1,0.9635783,train
CCc1nccn1Cc1cn(-c2ccc(Cl)c(Cl)c2)nn1,0.98726034,train
CCCc1nccn1Cc1cn(-c2ccc(Cl)c(Cl)c2)nn1,0.99891603,train
CC(C)c1nccn1Cc1cn(-c2ccc(Cl)c(Cl)c2)nn1,0.98805505,train
Clc1ccc(-n2cc(Cn3ccnc3C3CC3)nn2)cc1Cl,0.98954964,train
CCCCc1nccn1Cc1cn(-c2ccc(Cl)c(Cl)c2)nn1,0.9990983,train
CC(C)(C)c1nccn1Cc1cn(-c2ccc(Cl)c(Cl)c2)nn1,0.979255,train
Clc1ccc(-n2cc(Cn3ccnc3C3CCC3)nn2)cc1Cl,0.9954829,train
OCCc1nccn1Cc1cn(-c2ccc(Cl)c(Cl)c2)nn1,0.976791,train
FCCc1nccn1Cc1cn(-c2ccc(Cl)c(Cl)c2)nn1,0.99723095,train
CCc1nccn1Cc1cn(-c2ccc(F)c(Cl)c2)nn1,0.98387194,train
CCCc1nccn1Cc1cn(-c2ccc(F)c(Cl)c2)nn1,0.99868685,train
Fc1ccc(-n2cc(Cn3ccnc3C3CC3)nn2)cc1Cl,0.9869148,train
CCCCc1nccn1Cc1cn(-c2ccc(F)c(Cl)c2)nn1,0.99891126,train
Cc1nccn1Cc1cn(-c2ccc(Cl)cc2Cl)nn1,0.9867013,train
Cc1nccn1Cc1cn(-c2ccc(Cl)c(F)c2)nn1,0.9681152,train
Cc1nccn1Cc1cn(-c2ccc(F)c(Cl)c2)nn1,0.9537152,train
COc1cc(F)ccc1-n1cc(Cn2ccnc2C)nn1,0.9627102,train
Cc1ccc(-n2cc(Cn3ccnc3C)nn2)cc1F,0.9408829,train
Cc1cc(-n2cc(Cn3ccnc3C)nn2)ccc1F,0.94659495,train
Cc1cc(-n2cc(Cn3ccnc3C)nn2)ccc1Cl,0.9688719,train
Cc1nccn1Cc1cn(-c2ccc(Cl)c(C(F)(F)F)c2)nn1,0.99069726,train
Cc1nccn1Cc1cn(-c2cccc(OC(F)(F)F)c2)nn1,0.98786086,train
Cc1nccn1Cc1cn(-c2cccc(C(F)(F)F)c2)nn1,0.989121,train
Cc1nccn1Cc1cn(-c2ccc(C(F)(F)F)cc2)nn1,0.98334587,train
Clc1ccc(-n2cc(Cn3ccnc3C3CC3)nn2)c(Cl)c1,0.9961564,train
Fc1cc(-n2cc(Cn3ccnc3C3CC3)nn2)ccc1Cl,0.9910239,train
COc1cc(F)ccc1-n1cc(Cn2ccnc2C2CC2)nn1,0.98967415,train
Cc1ccc(-n2cc(Cn3ccnc3C3CC3)nn2)cc1F,0.98339117,train
Cc1cc(-n2cc(Cn3ccnc3C3CC3)nn2)ccc1F,0.985045,train
Cc1cc(-n2cc(Cn3ccnc3C3CC3)nn2)ccc1Cl,0.99110293,train
FC(F)(F)c1cc(-n2cc(Cn3ccnc3C3CC3)nn2)ccc1Cl,0.9974669,train
FC(F)(F)Oc1cccc(-n2cc(Cn3ccnc3C3CC3)nn2)c1,0.9966888,train
FC(F)(F)c1cccc(-n2cc(Cn3ccnc3C3CC3)nn2)c1,0.9970368,train
FC(F)(F)c1ccc(-n2cc(Cn3ccnc3C3CC3)nn2)cc1,0.99545383,train
CCc1nccn1Cc1cn(-c2ccc(Cl)c(C)c2)nn1,0.9891641,train
Cc1cc(-n2cc(Cn3ccnc3C(C)C)nn2)ccc1Cl,0.98981243,train
CCc1nccn1Cc1cn(-c2cccc(OC(F)(F)F)c2)nn1,0.99590105,train
CC(C)c1nccn1Cc1cn(-c2cccc(OC(F)(F)F)c2)nn1,0.99617225,train
Cc1cc(-n2cc(Cn3ccnc3CCO)nn2)ccc1Cl,0.9800038,train
Cc1cc(-n2cc(Cn3ccnc3CCF)nn2)ccc1Cl,0.997615,train
Cc1nccn1Cc1cn(-c2cccc(C3CC3)c2)nn1,0.96002465,train
Cc1nccn1Cc1cn(-c2cccc(S(C)(=O)=O)c2)nn1,0.8798621,train
OCCc1nccn1Cc1cn(-c2cccc(C3CC3)c2)nn1,0.9742003,train
CS(=O)(=O)c1cccc(-n2cc(Cn3ccnc3CCO)nn2)c1,0.92691565,train
CS(=O)(=O)c1cccc(-n2cc(Cn3ccnc3CCF)nn2)c1,0.9908919,train
Cc1nccn1Cc1cn(-c2ccc(F)c(C(F)F)c2)nn1,0.97325414,train
Fc1ccc(-n2cc(Cn3ccnc3C3CC3)nn2)cc1C(F)F,0.9926523,train
CCc1nccn1Cc1cn(-c2ccc(F)c(C(F)F)c2)nn1,0.99092114,train
CC(C)c1nccn1Cc1cn(-c2ccc(F)c(C(F)F)c2)nn1,0.99151516,train
CCCc1nccn1Cc1cn(-c2ccc(F)c(C(F)F)c2)nn1,0.99939716,train
CCCCc1nccn1Cc1cn(-c2ccc(F)c(C(F)F)c2)nn1,0.9995078,train
CC(C)(C)c1nccn1Cc1cn(-c2ccc(F)c(C(F)F)c2)nn1,0.9851291,train
OCCc1nccn1Cc1cn(-c2ccc(F)c(C(F)F)c2)nn1,0.9827346,train
Cc1nccn1Cc1cn(-c2ccc(Cl)c(C(F)F)c2)nn1,0.9857043,train
FC(F)c1cc(-n2cc(Cn3ccnc3C3CC3)nn2)ccc1Cl,0.9960978,train
CCc1nccn1Cc1cn(-c2ccc(Cl)c(C(F)F)c2)nn1,0.9951643,train
CC(C)c1nccn1Cc1cn(-c2ccc(Cl)c(C(F)F)c2)nn1,0.9954841,train
Cc1nccn1Cc1cn(-c2ccc(Cl)c(OC(F)F)c2)nn1,0.9951934,train
FC(F)Oc1cc(-n2cc(Cn3ccnc3C3CC3)nn2)ccc1Cl,0.99868995,train
CC(C)(C)c1nccn1Cc1cn(-c2ccc(Cl)c(OC(F)F)c2)nn1,0.9973436,train
CCc1nccn1Cc1cn(-c2ccc(Cl)c(OC(F)F)c2)nn1,0.99835986,train
CC(C)c1nccn1Cc1cn(-c2ccc(Cl)c(OC(F)F)c2)nn1,0.9984831,train
OCCc1nccn1Cc1cn(-c2ccc(Cl)c(OC(F)F)c2)nn1,0.9967933,train
FCCc1nccn1Cc1cn(-c2ccc(Cl)c(OC(F)F)c2)nn1,0.999635,train
Cc1nccn1Cc1cn(-c2ccc(F)c(OC(F)F)c2)nn1,0.9880116,train
OCCc1nccn1Cc1cn(-c2ccc(F)c(OC(F)F)c2)nn1,0.99219185,train
Cc1nccn1Cc1cn(-c2cc(F)cc(C(F)F)c2)nn1,0.9852106,train
OCCc1nccn1Cc1cn(-c2cc(F)cc(C(F)F)c2)nn1,0.99059486,train
FCCc1nccn1Cc1cn(-c2cc(F)cc(C(F)F)c2)cn1,0.99548584,train
Cc1nccn1Cc1cn(-c2ccc(F)c(C(C)(F)F)c2)nn1,0.98094624,train
CC(F)(F)c1cc(-n2cc(Cn3ccnc3CCO)nn2)ccc1F,0.9877944,train
Cn1nccc1Cc1cn(-c2ccc(F)c(Cl)c2)nn1,0.9126206,train
Nc1nccn1Cc1cn(-c2ccc(Cl)c(OC(F)F)c2)nn1,0.99767,train
Nc1nccn1Cc1cn(-c2cc(F)cc(C(F)F)c2)nn1,0.9928508,train
Nc1nccn1Cc1cn(-c2ccc(Cl)c(C(F)F)c2)nn1,0.99309313,train
Nc1nccn1Cc1cn(-c2ccc(F)c(C(F)F)c2)nn1,0.9870184,train
CC(F)(F)c1cc(-n2cc(Cn3ccnc3N)nn2)ccc1F,0.9907856,train
Fc1ccc(-n2cc(Cc3cc[nH]n3)nn2)cc1C(F)F,0.9814999,val
Cc1nc2ccccc2n1Cc1cn(-c2ccc(Cl)c(Cl)c2)nn1,0.99262846,train
OCCc1nccn1Cn1cc(-c2ccc(S(F)(F)(F)(F)F)cc2)nn1,0.99992394,val
Cc1nncn1Cc1cn(-c2ccc(Cl)cc2)nn1,0.9632562,val
FCCc1nccn1Cc1cn(-c2cc(F)cc(C(F)F)c2)nn1,0.999015,train
CC(F)(F)c1cc(-n2cc(Cn3ccnc3N)nn2)ccc1Cl,0.9949498,train
OCCc1nccn1Cc1cn(-c2ccc(S(F)(F)(F)(F)F)cc2)nn1,0.99987614,train
COc1cc(C(=O)NC2CCN(C[C@H](O)c3ccc4c(c3C)COC4=O)CC2)ncc1C#N,0.66054916,test
Clc1ccc(-n2c(-c3ccc(N4CCOCC4)nn3)nc3ccncc32)cc1,0.972038,test
Fc1ccc(-n2c(-c3cnc(NCC4CC4)nc3)nc3ccncc32)cc1,0.97781724,val
Clc1ccc(-n2c(-c3ccc(N4CCOCC4)nc3)nc3ccncc32)cc1,0.97411186,train
Clc1ccc(-n2c(-c3ccc(Cn4ccnc4)cc3)nc3ccncc32)cc1,0.9967051,val
Clc1ccc(-n2c(-c3cnc(N4CCOCC4)nc3)nc3ccncc32)cc1,0.9804458,train
Cc1ccc(-n2c(-c3ccc(N4CCOCC4)nc3)nc3ccncc32)c(F)c1,0.89192784,train
CS(=O)(=O)NC1CCN(c2ccc(-c3nc4ccncc4n3-c3ccc(Cl)cc3)cn2)CC1,0.97076696,train
Clc1ccc(-n2c(-c3ccncc3)nc3ccncc32)cc1,0.97907215,val
Clc1ccc(-n2c(-c3cccnc3)cc3ccncc32)cc1,0.9859621,test
Clc1ccc(-n2c(-c3cnc(N4CCOCC4)nc3)cc3ccncc32)cc1,0.97064114,train
Cc1ccc(-n2c(-c3cnc(N4CCOCC4)nc3)cc3ccncc32)cc1,0.871004,train
c1ccc(-n2c(-c3cnc(N4CCOCC4)nc3)cc3ccncc32)cc1,0.8455744,train
Cc1ccc(-n2c(-c3cnc(N4CCOCC4)nc3)cc3ccncc32)nc1,0.82138604,val
Cn1cncc1-c1cc2ccncc2n1-c1ccc(Cl)cc1,0.9774189,train
O=c1cc(-c2cc3ccncc3n2-c2ccc(Cl)cc2)ccn1C1CC1,0.9477365,train
Clc1ccc(-n2c(-c3cnc(NC4CCOCC4)nc3)cc3ccncc32)cc1,0.9886473,val
Clc1ccc(-n2c(-c3ccc(CN4CCOCC4)nc3)cc3ccncc32)cc1,0.9862816,train
O=c1cc(-c2cc3ccncc3n2-c2ccc(Cl)cc2)cc[nH]1,0.94599193,train
Nc1cc(-c2cc3ccncc3n2-c2ccc(Cl)cc2)ccn1,0.9815201,train
Fc1cnccc1-c1cc2ccncc2n1-c1ccc(Cl)cc1,0.98347247,train
Clc1ccc(-n2c(-c3ccncc3Cl)cc3ccncc32)cc1,0.9868667,train
Clc1ccc(-n2c(-c3ccncc3)cc3ccncc32)cc1,0.98057073,train
O=C(Nc1ccc([C@H]2CNCCO2)cc1)c1ccc(OCC(F)(F)F)nc1,0.7266201,train
O=C(Nc1ccc([C@H]2CNCCO2)cc1)c1ccc(Cl)nc1,0.431993,train
O=C(Nc1ccc([C@H]2CNCCO2)cc1)c1ccnc(Cl)c1,0.35177413,train
O=C(Nc1ccc([C@H]2CNCCO2)cc1)c1cnc(-c2ccccc2)s1,0.065558694,val
O=C(Nc1ccc([C@H]2CNCCO2)cc1)c1cc(Cl)nc(Cl)c1,0.26138672,train
Cc1c(-c2ccccc2)n[nH]c1C(=O)Nc1ccc([C@H]2CNCCO2)cc1,0.23601405,train
O=C(Nc1ccc([C@H]2CNCCO2)cc1)c1cnc(Cl)c(Cl)c1,0.4912608,train
N#Cc1ccc(C(=O)Nc2ccc([C@H]3CNCCO3)cc2)cn1,0.25818557,train
O=C(Nc1ccc([C@H]2CNCCO2)cc1)c1ccc(C(F)(F)F)nc1,0.20364712,train
O=C(Nc1ccc([C@H]2CNCCO2)cc1)c1ccc(Cl)cn1,0.711979,val
O=C(Nc1ccc([C@H]2CNCCO2)cc1)c1cncc(Cl)c1,0.41480052,train
Cc1cc(C(=O)Nc2ccc([C@H]3CNCCO3)cc2)cc(Cl)n1,0.347224,train
O=C(Nc1ccc([C@H]2CNCCO2)cc1)c1coc(-c2ccccc2)n1,0.23916768,train
O=C(Nc1ccc([C@H]2CNCCO2)cc1)c1csc(-c2ccccc2)n1,0.63593364,test
Cc1nc(C(=O)Nc2ccc([C@H]3CNCCO3)cc2)cs1,0.22515172,test
O=C(Nc1ccc([C@H]2CNCCO2)cc1)c1ccn(-c2ccccc2)n1,0.5116721,train
Cc1ccc(COC(=O)N2CC[C@H](CNc3ncc4c[nH]nc4n3)C(F)(F)C2)cc1,0.45057553,train
COc1cc(CC[C@@H](C)N2Cc3ccc(Cl)cc3C2)ccc1O,0.9548761,train
COc1cc(CC[C@@H](C)N2Cc3ccc(C(F)(F)F)cc3C2)ccc1O,0.95071006,train
COc1cc(CC[C@@H](C)N2Cc3cc4c(cc3C2)OCO4)ccc1O,0.7802587,train
COc1cc(CC[C@@H](C)N2Cc3cccc(F)c3C2)ccc1O,0.8056376,train
C[C@H](CCc1ccc(Cl)c(Cl)c1)N1Cc2cccc(F)c2C1,0.9026446,train
C[C@H](CCc1ccc(Cl)c(Cl)c1)N1Cc2cc3c(cc2C1)OCO3,0.90459937,train
COc1cc2c(cc1OC)CN([C@H](C)CCc1ccc(Cl)c(Cl)c1)C2,0.8939794,train
Cc1ccc2c(c1)CN([C@H](C)CCc1ccc(Cl)c(Cl)c1)C2,0.9092527,train
COc1cc(CC[C@@H](C)N2Cc3ccc(F)cc3C2)ccc1O,0.9093643,train
CC(CCc1ccc(Cl)c(Cl)c1)N1Cc2ccc3ccccc3c2C1,0.9711835,val
COc1cc2c(cc1OC)CN([C@@H](C)CCc1ccc(Cl)c(Cl)c1)C2,0.9746844,train
C[C@H](CCc1ccc(F)cc1)N1Cc2cccc(F)c2C1,0.93770975,train
C[C@H](CCc1ccc(F)cc1)N1Cc2ccc(F)cc2C1,0.98019385,train
C[C@H](CCc1ccc(F)cc1)N1Cc2cc3c(cc2C1)OCO3,0.93900806,train
C[C@H](CCc1ccc(O)c(OC(F)(F)F)c1)N1Cc2cc3c(cc2C1)OCO3,0.70955807,train
CC(C)Oc1cc(CC[C@@H](C)N2Cc3cc4c(cc3C2)OCO4)ccc1O,0.8634767,train
CC(C)Oc1cc(CC[C@@H](C)N2Cc3cccc(F)c3C2)ccc1O,0.880591,train
CC(C)Oc1cc(CCC(C)(C)N2Cc3ccc(F)cc3C2)ccc1O,0.92339694,train
CC(C)Oc1cc(CCC(C)(C)N2Cc3cccc(F)c3C2)ccc1O,0.8442831,train
CC(C)Oc1cc(CCC(C)(C)N2Cc3cc4c(cc3C2)OCO4)ccc1O,0.84801733,train
COc1cc(CC[C@@H](C)N2Cc3ccc(F)cc3C2)ccc1OCCO,0.9065439,train
C[C@H](CCc1ccc(O)c(OC(F)(F)F)c1)N1Cc2ccc(F)cc2C1,0.88839173,train
CC(C)(CCc1ccc(F)cc1)N1Cc2cccc(F)c2C1,0.9791911,train
COc1cc2c(cc1OC)CN(C(C)(C)CCc1ccc(F)cc1)C2,0.98102933,train
CC(C)(CCc1ccc(F)cc1)N1Cc2ccc(F)cc2C1,0.98935366,train
CC(C)(CCc1ccc(F)cc1)N1Cc2cc3c(cc2C1)OCO3,0.9802586,train
CC(C)Oc1cc(CC[C@@H](C)N2Cc3ccc(F)cc3C2)ccc1O,0.946647,train
CC(C)Oc1ccc(CC[C@@H](C)N2Cc3ccc(F)cc3C2)cc1OC(C)C,0.9949837,train
CC(C)Oc1ccc(CC[C@@H](C)N2Cc3cccc(F)c3C2)cc1OC(C)C,0.98801893,train
CC(C)Oc1ccc(CC[C@@H](C)N2Cc3cc4c(cc3C2)OCO4)cc1OC(C)C,0.986102,train
C[C@H](CCc1ccc(OC(=O)N(C)C)c(OC(F)(F)F)c1)N1Cc2cccc(F)c2C1,0.9052302,train
CC(C)Oc1ccc(CCC(C)(C)N2Cc3ccc(F)cc3C2)cc1OC(C)C,0.9926363,train
C[C@H](CCc1ccc(OC(=O)N(C)C)c(OC(F)(F)F)c1)N1Cc2ccc(F)cc2C1,0.9693788,train
COc1cc(CCC(C)(C)N2Cc3cccc(F)c3C2)ccc1OCCO,0.74550444,train
COc1cc(CCC(C)(C)N2Cc3ccc(F)cc3C2)ccc1OCCO,0.8673705,train
COC[C@H](CCc1ccc(Cl)c(Cl)c1)N1Cc2ccc(F)cc2C1,0.9800038,train
COc1cc(CCC(C)(C)N2Cc3cc4c(cc3C2)OCO4)ccc1OCCO,0.7509146,train
COc1cc2c(cc1OC)CN(C(C)(C)CCc1ccc(OCCO)c(OC)c1)C2,0.7579078,train
COc1cc(CCC(C)(C)N2Cc3cccc(F)c3C2)ccc1OC(=O)N(C)C,0.8430938,train
COc1cc(CCC(C)(C)N2Cc3ccc(F)cc3C2)ccc1OC(=O)N(C)C,0.9227862,train
COc1cc(CC[C@@H](C)N2Cc3cccc(F)c3C2)ccc1OCCO,0.8000837,train
COc1cc(CC[C@@H](C)N2Cc3cc4c(cc3C2)OCO4)ccc1OCCO,0.7742471,train
COc1cc(CCC(C)(C)N2Cc3cccc(F)c3C2)ccc1O,0.7520107,train
CC(C)(CCc1ccc(O)c(OC(F)(F)F)c1)N1Cc2cccc(F)c2C1,0.89027095,train
CC(C)(CCc1ccc(O)c(OC(F)(F)F)c1)N1Cc2c(F)ccc(F)c2C1,0.8626109,train
CC(C)(CCc1ccc(O)c(OC(F)(F)F)c1)N1Cc2cccc(C(=O)O)c2C1,0.23150726,train
CN(C)C(=O)c1cccc2c1CN(C(C)(C)CCc1ccc(O)c(OC(F)(F)F)c1)C2,0.5786907,train
CC(C)(C)Oc1cc(CCC(C)(C)N2Cc3cccc(F)c3C2)ccc1O,0.14062198,train
CN(C)C(=O)c1cccc2c1CN(C(C)(C)CCc1ccc(O)c(OC(C)(C)C)c1)C2,0.08225827,train
C[C@H](CCc1ccc(O)c(OC(C)(C)C)c1)N1Cc2c(F)ccc(F)c2C1,0.043646265,train
C[C@H](CCc1ccc(O)c(OC(C)(C)C)c1)N1Cc2cccc(F)c2C1,0.04704442,train
CC(C)(CCc1ccc(O)c(OC(F)(F)F)c1)N1Cc2ccc(S(C)(=O)=O)cc2C1,0.8857185,train
CC(C)(C)Oc1cc(CCC(C)(C)N2Cc3ccc(S(C)(=O)=O)cc3C2)ccc1O,0.13582659,train
C[C@H](CCc1ccc(O)c(OC(C)(C)C)c1)N1Cc2ccc(S(C)(=O)=O)cc2C1,0.07029012,train
COc1cc(CCC(C)(C)N2Cc3cccc(S(C)(=O)=O)c3C2)ccc1O,0.30888975,train
COc1cc(CC[C@@H](C)N2Cc3cccc(S(C)(=O)=O)c3C2)ccc1O,0.2178255,train
CC(C)(C)Oc1cc(CCC(C)(C)N2Cc3cccc(S(C)(=O)=O)c3C2)ccc1O,0.07296706,train
CC(C)(CCc1ccc(O)c(OC(F)(F)F)c1)N1Cc2cccc(S(C)(=O)=O)c2C1,0.52220714,train
COc1cc(CC[C@@H](C)N2Cc3ccc(S(C)(=O)=O)cc3C2)ccc1O,0.76065665,train
CC(C)Oc1cc(CC[C@@H](C)N2Cc3ccc(S(C)(=O)=O)cc3C2)ccc1O,0.84766686,train
CC(C)Oc1cc(CCC(C)(C)N2Cc3ccc(S(C)(=O)=O)cc3C2)ccc1O,0.8382034,train
C[C@H](CCc1ccc(OCCO)c(OC(F)(F)F)c1)N1Cc2ccc(F)cc2C1,0.949633,train
CC(C)(C)Oc1cc(CCC(C)(C)N2Cc3c(F)ccc(F)c3C2)ccc1O,0.112900935,train
CC(C)(C)Oc1cc(CCC(C)(C)N2Cc3cccc(C(=O)O)c3C2)ccc1O,0.09409788,train
COc1cc(CCC(C)(C)N2Cc3cccc(C(=O)N4CCNCC4)c3C2)ccc1O,0.20295973,train
COc1cc(CCC(C)(C)N2Cc3cccc(C(=O)NCCO)c3C2)ccc1O,0.3172828,train
COc1cc(CCC(C)(C)N2Cc3cccc(C(=O)N4CCOCC4)c3C2)ccc1O,0.1524128,val
COc1cc(CCC(C)(C)N2Cc3cccc(C(=O)N(C)CCN(C)C)c3C2)ccc1O,0.43277296,train
COc1cc(CCC(C)(C)N2Cc3cccc(C(=O)N4CCN(C)CC4)c3C2)ccc1O,0.24797279,train
COc1cc(CCC(C)(C)N2Cc3cccc(C(=O)N4CCN(C(C)=O)CC4)c3C2)ccc1O,0.2830701,train
COCCNC(=O)c1cccc2c1CN(C(C)(C)CCc1ccc(O)c(OC)c1)C2,0.4201559,train
COc1cc(CCC(C)(C)N2Cc3cccc(C(=O)N(C)CCO)c3C2)ccc1O,0.24902673,train
COCCN(C)C(=O)c1cccc2c1CN(C(C)(C)CCc1ccc(O)c(OC)c1)C2,0.38768253,train
CC(C)COc1cc(CCC(C)(C)N2Cc3ccc(S(C)(=O)=O)cc3C2)ccc1O,0.7933682,train
CC(C)COc1cc(CCC(C)(C)N2Cc3cccc(F)c3C2)ccc1O,0.8046182,train
COCC(F)(F)CN1[C@H](c2ccc(NC3CN(CCCF)C3)cn2)c2ccc3[nH]ncc3c2C[C@H]1C,0.9221361,train
C[C@@H]1Cc2c(ccc3[nH]ncc23)[C@@H](c2ccc(NC3CN(CCCF)C3)cn2)N1CC1(F)CC1,0.9816226,train
COc1cc(OC2CN(CCCF)C2)ccc1[C@@H]1c2ccc3[nH]ncc3c2C[C@@H](C)N1CC1(F)CC1,0.99779093,test
C[C@@H]1Cc2c(ccc3[nH]ncc23)[C@@H](c2c(F)cc(NC3CN(CCCF)C3)cc2F)N1CC(F)(F)F,0.9971818,train
COc1cc(NC2CN(CCCF)C2)ncc1[C@@H]1c2ccc3[nH]ncc3c2C[C@@H](C)N1CC1(F)CC1,0.98693126,train
COc1cc(NC2CN(CCCF)C2)ccc1[C@@H]1c2ccc3[nH]ncc3c2C[C@@H](C)N1CC1(CF)COC1,0.9628618,train
C[C@@H]1Cc2c(ccc3[nH]ncc23)[C@@H](c2c(F)cc(NC3CN(CCCF)C3)cc2F)N1CC1(F)CC1,0.9991314,train
COC[C@](C)(F)CN1[C@H](c2ccc(NC3CN(CCCF)C3)cc2OC)c2ccc3[nH]ncc3c2C[C@H]1C,0.9909148,train
C[C@@H]1Cc2c(ccc3[nH]ncc23)[C@@H](c2ccc(NC3CN(CCCF)C3)cn2)N1CC(F)(F)CO,0.8746282,train
C[C@@H]1Cc2c(ccc3[nH]ncc23)[C@@H](c2ncc(NC3CN(CCCF)C3)cc2F)N1CC1(F)CC1,0.9812174,train
CCOc1cc(NC2CN(CCCF)C2)ccc1[C@@H]1c2ccc3[nH]ncc3c2C[C@@H](C)N1CC1(F)CC1,0.9953858,train
COc1cc(OC2CN(CCCF)C2)ccc1[C@@H]1c2ccc3[nH]ncc3c2C[C@@H](C)N1CC(F)F,0.99654514,train
C[C@@H]1Cc2c(ccc3[nH]ncc23)[C@@H](c2c(F)cc(NC3CN(CCCF)C3)cc2F)N1CC(C)(F)CO,0.99507785,train
C[C@@H]1Cc2c(ccc3[nH]ncc23)[C@@H](c2ccc(OC3CN(CCCF)C3)cn2)N1CC(F)F,0.97160125,train
C[C@@H]1Cc2c(ccc3[nH]ncc23)[C@@H](c2ncc(NC3CN(CCCF)C3)cc2F)N1CC(F)(F)F,0.9228852,train
C[C@@H]1Cc2c(ccc3[nH]ncc23)[C@@H](c2ncc(NC3CN(CCCF)C3)cc2F)N1CC(F)(F)CO,0.8695664,train
C[C@@H]1Cc2c(ccc3[nH]ncc23)[C@@H](c2ccc(N(C)C3CN(CCCF)C3)cn2)N1CC(F)F,0.92664105,train
C[C@@H]1Cc2c(ccc3[nH]ncc23)[C@@H](c2ncc(NC3CN(CCCF)C3)cc2F)N1CC(F)F,0.9363587,train
C[C@@H]1Cc2c(ccc3[nH]ncc23)[C@@H](c2ccc(NC3CN(CCCF)C3)c(F)n2)N1CC(F)F,0.89731055,train
C[C@@H]1Cc2c(ccc3[nH]ncc23)[C@@H](c2ccc(NC3CN(CCCF)C3)cc2)N1CC(F)F,0.9878818,train
COc1cc(NC2CN(CCCF)C2)c(F)cc1[C@@H]1c2ccc3[nH]ncc3c2C[C@@H](C)N1CC1(F)CC1,0.9851301,train
C[C@@H]1Cc2c(ccc3[nH]ncc23)[C@@H](c2ccc(NC3CN(CCCF)C3)nc2)N1CC1(F)CC1,0.984411,train
C[C@@H]1Cc2c(ccc3[nH]ncc23)[C@@H](c2cnc(NC3CN(CCCF)C3)cn2)N1CC1(F)CC1,0.9468597,train
COc1cc(NC2CN(CCC(F)(F)F)C2)ccc1[C@@H]1c2ccc3[nH]ncc3c2C[C@@H](C)N1CC1(F)CC1,0.98691386,train
C[C@@H]1Cc2c(ccc3[nH]ncc23)[C@@H](c2ccc(OC3CN(CCCF)C3)cn2)N1CC(F)(F)CO,0.9370243,train
C[C@@H]1Cc2c(ccc3[nH]ncc23)[C@@H](c2ncc(OC3CN(CCCF)C3)cc2F)N1CC(F)(F)CO,0.9307259,train
COc1cc(OC2CN(CCCF)C2)ccc1[C@@H]1c2ccc3[nH]ncc3c2C[C@@H](C)N1CC(F)(F)CO,0.98370796,train
C[C@@H]1Cc2c(ccc3[nH]nc(F)c23)[C@@H](c2ccc(OC3CN(CCCF)C3)cn2)N1CC(F)(F)CO,0.93795687,train
C[C@@H]1Cc2c(ccc3[nH]nc(F)c23)[C@@H](c2ccc(NC3CN(CCCF)C3)c(F)n2)N1CC(F)(F)CO,0.7808843,train
C[C@@H]1Cc2c(ccc3[nH]ncc23)[C@@H](c2ncc(NC3CN(CCCF)C3)cc2F)N1CC(F)(F)CF,0.8743727,train
CC1(C)Cc2c(ccc3[nH]ncc23)[C@@H](c2ccc(NC3CN(CCCF)C3)cn2)N1CC(F)(F)F,0.9805414,train
Cc1nnc(-c2c(N)ncnc2N[C@@H](C)c2nc3cccc(C#CCO)c3c(=O)n2-c2ccccc2)o1,0.024938874,train
Nc1ccc(-c2ccco2)cc1NC(=O)c1ccc2nc(N3CCNCC3)ccc2c1,0.6332056,val
Nc1ccc(-c2ccccc2)cc1NC(=O)c1ccc(N2CCNCC2)nc1,0.5428622,val
Nc1ccc(-c2cccs2)cc1NC(=O)c1ccc(N2CCNCC2)nc1,0.7787772,val
Nc1ccccc1NC(=O)c1cc2ccc(N3CCNCC3)cc2cn1,0.30381647,test
Nc1ccc(-c2ccccc2)cc1NC(=O)c1cc2ccc(N3CCNCC3)cc2cn1,0.73793554,test
Nc1ccc(-c2ccoc2)cc1NC(=O)c1cnc2cc(N3CCNCC3)ccc2c1,0.3723352,test
CN1CCN(c2ccc(C(=O)Nc3cc(-c4ccncc4)ccc3N)nc2)CC1,0.34493694,val
CN1CCN(c2ccc3cc(C(=O)Nc4cc(-c5ccco5)ccc4N)ncc3c2)CC1,0.73019356,train
CN1CCN(c2ncc(C(=O)Nc3cc(-c4cccs4)ccc3N)s2)CC1,0.22820437,train
Cc1nc(N2CCNCC2)sc1C(=O)Nc1cc(-c2cccs2)ccc1N,0.1095085,train
Nc1ccc(-c2ccncc2)cc1NC(=O)c1cnc(N2CCNCC2)s1,0.040722027,test
Nc1ccc(-c2ccc(F)cc2)cc1NC(=O)c1ccc(N2CCNCC2)cn1,0.63733816,train
Nc1ccc(-c2cccs2)cc1NC(=O)c1ncc(N2CCNCC2)s1,0.08236329,test
O=C(NCCN1CCC(c2cccc(C(F)(F)F)n2)CC1)C1CCC(F)(F)CC1,0.95172554,train
Cc1cccc(C2CCN(CCNC(=O)C3CC4CCC3O4)CC2)n1,0.6818563,test
Cc1cccc(C2CCN(CCNC(=O)C3CCC(F)(F)CC3)CC2)n1,0.8592382,train
COCC(C)(C)C(=O)NCCN1CCC(c2cccc(C)n2)CC1,0.2787934,train
COCC(C)(C)C(=O)NCCN1CCC(c2cccc(C(F)(F)F)n2)CC1,0.55508536,train
COCC1(C(=O)NCCN2CCC(c3cccc(C(F)(F)F)n3)CC2)CC1,0.78469175,val
Cc1cccc(C2CCN(CCNC(=O)C3CCOCC3)CC2)n1,0.4407561,train
CC(C)(C)C(=O)NCCN1CCC(c2cccc(C(F)(F)F)n2)CC1,0.84250903,train
O=C(NCCN1CCC(c2cccc(C(F)(F)F)n2)CC1)C1CCOCC1,0.7179832,train
O=C(NCCN1CC=C(c2cccc(C(F)(F)F)n2)CC1)C1CCC(F)(F)CC1,0.9798324,train
Cc1cccc(C2=CCN(CCNC(=O)C3CCC(F)(F)CC3)CC2)n1,0.94356024,train
O=C(NCCN1CCC(c2cccc(C(F)F)n2)CC1)C1CCOCC1,0.72286624,train
Fc1ccc(-c2ccn3c(CC4CC4(F)F)nnc3c2)cc1,0.17126046,train
CC(C)(O)c1ccc(-c2ccn3c(CC4CC4(F)F)nnc3c2)cc1,0.01921201,train
COC(=O)c1ccc(-c2ccn3c(CC4CC4(F)F)nnc3c2)c(F)c1,0.051080067,train
Fc1cccc(-c2ccn3c(CC4CC4(F)F)nnc3c2Cl)c1,0.16460137,train
Cc1cc(F)ccc1-c1ccn2c(CC3CC3(F)F)nnc2c1Cl,0.16631769,train
COc1ccc(-c2ccn3c(CC4CC4(F)F)nnc3c2Cl)cc1F,0.063945755,train
COC(=O)c1ccc(-c2ccn3c(CC4CC4(F)F)nnc3c2Cl)c(F)c1,0.050464656,train
COC(=O)c1ccc(-c2ccn3c(CC4CC4(F)F)nnc3c2Cl)c(Cl)c1,0.06796518,train
FC1(F)CC1Cc1nnc2c(Cl)c(-c3ccc4c(c3)CCO4)ccn12,0.07762078,val
FC1(F)CC1Cc1nnc2c(Cl)c(-c3ccc4c(c3)OCO4)ccn12,0.10913572,train
Cc1nccn1CC(=O)N1CCC2(CC1)COC1c3cc(Cl)ccc3OC(C)(C)C1C2,0.99807173,train
Cc1nccn1CC(=O)N1CCC2(CC1)COC1c3ccc(Br)cc3OC(C)(C)C1C2,0.9977825,train
CC1(C)Oc2ccc(N=[N+]=[N-])cc2C2OCC3(CCN(C(=O)Cn4ccnc4C#N)CC3)CC21,0.99026793,train
CC1(C)Oc2ccc(Cl)cc2C2OCC3(CCN(C(=O)Cn4ccnc4C#N)CC3)CC21,0.9972916,train
CC1(C)Oc2ccc(Cl)cc2C2OCC3(CCN(C(=O)Cn4cnc(CO)c4)CC3)CC21,0.97146565,train
Cc1c(CO)ncn1CC(=O)N1CCC2(CC1)COC1c3cc(Cl)ccc3OC(C)(C)C1C2,0.93583703,train
CC1(C)Oc2ccc(Cl)cc2C2OCC3(CCN(C(=O)Cn4ccnc4CO)CC3)CC21,0.96578526,train
CC1(C)Oc2ccc(Cl)cc2C2OCC3(CCN(C(=O)Cn4cnc(CF)c4)CC3)CC21,0.9981768,train
CC1(C)Oc2ccc(Cl)cc2C2OCC3(CCN(C(=O)Cn4cnc(C(F)(F)F)c4)CC3)CC21,0.9972389,train
Cc1[nH]cnc1CN1CCC2(CC1)COC1c3ccc(Cl)cc3OC(C)(C)C1C2,0.999806,train
Cc1[nH]cnc1CN1CCC2(CC1)COC1c3cc(F)ccc3OC(C)(C)C1C2,0.99957615,train
Cc1[nH]cnc1CN1CCC2(CC1)COC1c3cc(Cl)ccc3OC(C)(C)C1C2,0.999793,train
Cc1[nH]cnc1CN1CCC2(CC1)COC1c3cccc(Cl)c3OC(C)(C)C1C2,0.9994585,train
CCc1nc(C)c(CN2CCC3(CC2)COC2c4cc(Cl)ccc4OC(C)(C)C2C3)[nH]1,0.9997942,train
CC1(C)Oc2ccc(Cl)cc2C2OCC3(CCN(Cc4c[nH]cn4)CC3)CC21,0.99989104,train
Cc1nc(CN2CCC3(CC2)COC2c4cc(Cl)ccc4OC(C)(C)C2C3)c[nH]1,0.99991274,train
Cn1cncc1CN1CCC2(CC1)COC1c3cc(F)ccc3OC(C)(C)C1C2,0.99933666,train
Cn1cncc1CN1CCC2(CC1)COC1c3cc(Cl)ccc3OC(C)(C)C1C2,0.99968016,train
Cn1cncc1CN1CCC2(CC1)COC1c3ccc(Cl)cc3OC(C)(C)C1C2,0.9997003,train
Cn1cncc1CN1CCC2(CC1)COC1c3cccc(Cl)c3OC(C)(C)C1C2,0.9991524,train
CC1(C)Oc2ccc(Cl)cc2C2OCC3(CCN(Cc4ncc[nH]4)CC3)CC21,0.9998481,train
Cn1ccnc1CN1CCC2(CC1)COC1c3cc(Cl)ccc3OC(C)(C)C1C2,0.9997074,train
CC1(C)Oc2cc(Cl)ccc2C2OCC3(CCN(CCn4ccnc4)CC3)CC21,0.99975854,train
CC1(C)Oc2ccc(F)cc2C2OCC3(CCN(CCn4ccnc4)CC3)CC21,0.9994733,train
CC1(C)Oc2ccc(Cl)cc2C2OCC3(CCN(CCn4ccnc4)CC3)CC21,0.99974245,train
Cc1nccn1CCN1CCC2(CC1)COC1c3cc(F)ccc3OC(C)(C)C1C2,0.9992155,train
Cc1nccn1CCN1CCC2(CC1)COC1c3cc(Cl)ccc3OC(C)(C)C1C2,0.99961674,train
Cc1nccn1CCN1CCC2(CC1)COC1c3ccc(Cl)cc3OC(C)(C)C1C2,0.9996407,train
CC1(C)Oc2ccc(F)cc2C2OCC3(CCN(CCn4ccnc4CO)CC3)CC21,0.9891144,train
CC1(C)Oc2ccc(Cl)cc2C2OCC3(CCN(CCn4ccnc4CO)CC3)CC21,0.9947495,train
CC1(C)Oc2cc(Cl)ccc2C2OCC3(CCN(CCn4ccnc4CO)CC3)CC21,0.9950813,train
CC1(C)Oc2ccc(Cl)cc2C2OCC3(CCN(CCn4cnc(CO)c4)CC3)CC21,0.99577624,train
Cc1c(CO)ncn1CCN1CCC2(CC1)COC1c3cc(Cl)ccc3OC(C)(C)C1C2,0.99211615,train
Cc1nc(CO)cn1CCN1CCC2(CC1)COC1c3ccc(Cl)cc3OC(C)(C)C1C2,0.997875,train
CC1(C)Oc2ccc(Cl)cc2C2OCC3(CCN(CCn4ccnc4C#N)CC3)CC21,0.9995541,train
COC(=O)c1cn(CCN2CCC3(CC2)COC2c4cc(Cl)ccc4OC(C)(C)C2C3)cn1,0.9996909,train
CC(=O)NCCc1nccn1CCN1CCC2(CC1)COC1c3cc(Cl)ccc3OC(C)(C)C1C2,0.9986613,train
CC1(C)Oc2cc(Cl)ccc2C2OCC3(CCN(CCn4ccnc4CCN)CC3)CC21,0.9996996,train
Cc1[nH]cnc1CN1CCC2(CC1)COC1c3ccc(Cl)cc3OCC1C2,0.99981576,train
Cc1nsc(-c2nnc3n2CCN(C(=O)c2cccc(O)c2)[C@@H]3C)n1,0.015654447,train
Fc1ccc([C@]2(CCNCc3cccc(Cl)c3)CCO[C@]3(CCOC3)C2)nc1,0.19962586,train
Cc1cccc(CNCC[C@@]2(c3ccc(F)cn3)CCO[C@]3(CCOC3)C2)c1,0.059169997,train
Cc1cc(/C=C/C(=O)c2cc3ccccc3s2)cc(C)c1OC(C)(C)C(=O)O,0.3720162,train
CCc1cc2cnc(CN3CCN(c4ccc(C(=O)NC)nc4Cl)CC3)cc2[nH]c1=O,0.082977295,val
CCCc1nc2ccc(CN3CCN(c4ccc(C(=O)NC)nc4)CC3)cc2[nH]c1=O,0.3457155,train
CCCc1nc2ccc(CN3CCN(c4ccc(C(=O)NC)nc4Cl)CC3)cc2[nH]c1=O,0.3184205,train
CCCc1nc2ccc(CN3CCN(c4ccc(C(=O)NC)nc4F)CC3)cc2[nH]c1=O,0.21876338,train
CNC(=O)c1ccc(N2CCN(Cc3ccc4nc(CC(F)F)c(=O)[nH]c4c3)CC2)cn1,0.07838784,train
CNC(=O)c1ccc(N2CCN(Cc3ccc4nc(CC(F)F)c(=O)[nH]c4c3)CC2)c(F)n1,0.04921395,train
CNC(=O)c1ccc(N2CCN(Cc3ccc4nc(CC(F)(F)F)c(=O)[nH]c4c3)CC2)cn1,0.10420004,train
CCN(CCN1CCC(c2noc3cc(F)ccc23)CC1)C(=O)C(C)O,0.98556376,train
CCN(CCN1CCC(n2ncc3cc(F)ccc32)CC1)C(=O)CCO,0.8462449,train
CCN(CCN1CCC(c2noc3cc(F)ccc23)CC1)C(=O)C(O)CCC(=O)OC,0.9663399,train
CCN(CCN1CCC(c2noc3cc(F)ccc23)CC1)C(=O)C(C)(C)O,0.9787769,train
CCN(CCN1CCC(c2noc3cc(F)ccc23)CC1)C(=O)C(C)(C)CO,0.96383655,train
CCN(CCN1CCC(c2noc3cc(F)ccc23)CC1)C(=O)C(O)C(C)C,0.99293184,train
CCN(CCN1CCC(c2noc3cc(F)ccc23)CC1)C(=O)C1CCC(O)CC1,0.97456586,train
CCN(CCN1CCC(c2noc3cc(F)ccc23)CC1)C(=O)CC(C)O,0.9353077,train
CCN(CCN1CCC(c2noc3cc(F)ccc23)CC1)C(=O)C1(O)CCOCC1,0.9850979,val
CCN(CCN1CCC(c2noc3cc(F)ccc23)CC1)C(=O)CO,0.97417533,train
CCN(CCN1CCC(c2noc3cc(F)c(C)cc23)CC1)C(=O)C(C)O,0.9733096,train
CCN(CCN1CCC(c2noc3ccc(C)cc23)CC1)C(=O)C(C)O,0.9652479,train
CCN(CCN1CCC(c2noc3cc(F)ccc23)CC1)C(=O)CCO,0.9675793,train
CCN(CCN1CCC(C2NOc3cc(F)ccc32)CC1)C(=O)C(O)COC,0.98803884,val
CCN(CCN1CCC(c2c[nH]c3cc(F)ccc23)CC1)C(=O)C(C)O,0.95273805,train
CCN(CCN1CCC(n2ncc3cc(F)ccc32)CC1)C(=O)C(C)O,0.93166643,train
CCN(CCN1CCC(c2noc3cc(F)ccc23)CC1)C(=O)C1(O)CC1,0.98605865,train
CCC(O)C(=O)N(CC)CCN1CCC(c2noc3cc(F)ccc23)CC1,0.9872643,train
CC(O)C(=O)N(CCN1CCC(c2noc3cc(F)ccc23)CC1)CC1CC1,0.9838275,test
CC(O)C(=O)N(CCN1CCC(c2noc3cc(F)ccc23)CC1)C(C)C,0.97911125,train
CCN(CCN1CCC(c2noc3cc(F)ccc23)CC1)C(=O)C1CCCCC1O,0.98923993,train
CCN(CCN1CCC(c2noc3cc(F)ccc23)CC1)C(=O)C(O)C(F)(F)F,0.9972856,train
CC(C)N(CCN1CCC(c2noc3cc(F)ccc23)CC1)C(=O)CCO,0.93838453,train
CCN(CCN1CCC(c2noc3cc(F)ccc23)CC1)C(=O)C(F)(F)CO,0.87923425,train
CCCN(CCN1CCC(c2noc3cc(F)ccc23)CC1)C(=O)C(C)O,0.99121046,train
CCN(CCN1CCC(c2noc3cc(F)ccc23)CC1)C(=O)C1CC(O)C1,0.97992754,test
CCN(CCN1CCC(c2c[nH]c3ccccc23)CC1)C(=O)CCO,0.80335754,train
CCN(CCN1CCC(c2c[nH]c3cc(F)ccc23)CC1)C(=O)CCO,0.8972228,train
CCN(CCN1CCC(n2ccc3cc(F)ccc32)CC1)C(=O)C(C)O,0.94634324,train
CCN(CCN1CCC(c2noc3cc(F)ccc23)CC1)S(=O)(=O)CCO,0.90367395,train
CCN(CCCN1CCC(c2noc3cc(F)ccc23)CC1)S(=O)(=O)CCO,0.932827,train
CCN(CCCN1CCC(c2noc3ccccc23)CC1)S(=O)(=O)C(C)CO,0.8829443,train
CCN(CCCN1CCN(c2noc3cc(F)ccc23)CC1)S(=O)(=O)C(C)CO,0.94936067,train
CCN(CCCN1CCC(c2noc3cc(F)ccc23)CC1)S(=O)(=O)C(C)CO,0.96641237,train
CCN(CCN1CCC(c2c[nH]c3ccccc23)CC1)S(=O)(=O)CCO,0.5417876,train
CCN(CCN1CCC(c2c[nH]c3cc(F)ccc23)CC1)S(=O)(=O)CCO,0.7306824,train
CCN(CCN1CCC(n2ncc3cc(F)ccc32)CC1)S(=O)(=O)CCO,0.613511,train
CCN(CCN1CCC(c2noc3cc(F)ccc23)CC1)C(=O)C1(O)CCCN(C(C)=O)C1,0.9460754,train
CCN(CCN1CCC(c2noc3cc(F)ccc23)CC1)C(=O)C1CN(C(C)=O)CCC1O,0.8928943,train
CCN(CCN1CCC(c2noc3cc(F)ccc23)CC1)C(=O)C1CN(C)CC1O,0.98498756,test
CC(C)Oc1cncc(-c2ccc3[nH]nc(C(=O)NCC4CCOC4)c3c2)c1,0.45431474,train
O=C(NC[C@@H]1CCOC1)c1[nH]nc2ccc(-c3cccc(F)c3F)cc12,0.547849,train
O=C(NC[C@H]1CCOC1)c1[nH]nc2ccc(-c3cccc(F)c3F)cc12,0.28411114,train
CC(C)Oc1cncc(-c2ccc3[nH]nc(C(=O)NCC4CCS(=O)(=O)C4)c3c2)c1,0.101910055,val
CN(C)Cc1cncc(-c2ccc3[nH]nc(C(=O)NCC4CCOCC4)c3c2)c1,0.25742158,train
O=C(NCC1CCOCC1)c1[nH]nc2ccc(-c3cncc(CN4CCCC4)c3)cc12,0.33479145,train
O=C(NCC1CCOCC1)c1[nH]nc2ccc(-c3cnccc3CN3CCCC3)cc12,0.35812056,train
O=C(NCC1CCOCC1)c1[nH]nc2ccc(-c3cnccc3CN3CCOCC3)cc12,0.11014044,val
CN(C)Cc1ccncc1-c1ccc2[nH]nc(C(=O)NCC3CCOCC3)c2c1,0.2183678,train
O=C(NCC1CCOCC1)c1[nH]nc2ccc(-c3cnccc3CN3CCNCC3)cc12,0.15091085,test
O=C(NCC1CCOCC1)c1[nH]nc2ccc(-c3cncc(CN4CCOCC4)c3)cc12,0.09336052,test
Clc1ccc(-n2c(C3CCN(c4ccncc4)CC3)nc3ccncc32)cc1,0.9560368,train
COc1ccnc(OCCCNC(=O)OC(C)(C)C)c1-c1cc(Nc2cnc(C#N)cn2)[nH]n1,0.023599006,train
COc1cc(Cl)nc(OCCCN)c1-c1cc(Nc2cnc(C#N)cn2)[nH]n1,0.24160592,train
COc1cncc(OCCCN)c1-c1cc(Nc2cnc(C#N)cn2)[nH]n1,0.061318126,train
COc1nccc(OCCCN)c1-c1cc(Nc2cnc(C#N)cn2)[nH]n1,0.08405734,train
COc1cncc(OCC2(F)CNC2)c1-c1cc(Nc2cnc(C#N)cn2)[nH]n1,0.7100298,train
COc1nccc(OCC2(C)CNC2)c1-c1cc(Nc2cnc(C#N)cn2)[nH]n1,0.81720155,train
COc1nccc(OCC2(O)CNC2)c1-c1cc(Nc2cnc(C#N)cn2)[nH]n1,0.09330381,train
COc1cncc(OCC[C@@H](C)N)c1-c1cc(Nc2cnc(C#N)cn2)[nH]n1,0.07336518,train
COc1cncc(OCC[C@H](C)N)c1-c1cc(Nc2cnc(C#N)cn2)[nH]n1,0.122113876,train
COc1cncc(OCC2(CN)CC2)c1-c1cc(Nc2cnc(C#N)cn2)[nH]n1,0.33288273,test
COc1cncc(OC[C@@H]2CNCCO2)c1-c1cc(Nc2cnc(C#N)cn2)[nH]n1,0.17898983,test
COc1ncnc(OCCCN)c1-c1cc(Nc2cnc(C#N)cn2)[nH]n1,0.019498553,val
COc1cncc(OCC2CNC2)c1-c1cc(Nc2cnc(C#N)cn2)[nH]n1,0.2791882,train
COc1cncc(O[C@@H]2CCC[C@H](N)C2)c1-c1cc(Nc2cnc(C#N)cn2)[nH]n1,0.3559176,train
COc1cncc(OC[C@]2(F)CCNC2)c1-c1cc(Nc2cnc(C#N)cn2)[nH]n1,0.72707206,train
COc1cncc(OC[C@H]2CCNC2)c1-c1cc(Nc2cnc(C#N)cn2)[nH]n1,0.07960996,train
COc1cncc(OC[C@@]2(F)CCNC2)c1-c1cc(Nc2cnc(C#N)cn2)[nH]n1,0.7330691,train
N#Cc1cnc(Nc2cc(-c3c(OCF)cncc3OCCCN)[nH]n2)cn1,0.018348489,train
COc1cncc(OCC2(C)CNC2)c1-c1cc(Nc2cnc(C#N)cn2)[nH]n1,0.73409826,train
COc1cncc(OC[C@@H](C)CN)c1-c1cc(Nc2cnc(C#N)cn2)[nH]n1,0.009854071,train
COc1cncc(OC[C@H](C)CN)c1-c1cc(Nc2cnc(C#N)cn2)[nH]n1,0.019619541,train
COc1cncc(OC[C@@H](F)CN)c1-c1cc(Nc2cnc(C#N)cn2)[nH]n1,0.022468759,train
COc1cncc(OC[C@H](F)CN)c1-c1cc(Nc2cnc(C#N)cn2)[nH]n1,0.05497284,train
CNCCCOc1cncc(OC)c1-c1cc(Nc2cnc(C#N)cn2)[nH]n1,0.1413321,train
COc1cncc(O[C@@H]2CC[C@@H](N)C2)c1-c1cc(Nc2cnc(C#N)cn2)[nH]n1,0.08401062,train
COc1cncc(O[C@H](C)C2CNC2)c1-c1cc(Nc2cnc(C#N)cn2)[nH]n1,0.07032723,train
CN[C@@H]1CC[C@@H](Oc2cncc(OC)c2-c2cc(Nc3cnc(C#N)cn3)[nH]n2)C1,0.28500745,train
COc1cncc(O[C@H]2C[C@H](N)[C@H]3C[C@H]32)c1-c1cc(Nc2cnc(C#N)cn2)[nH]n1,0.006122523,train
CCOc1ccc(-c2nnc(-c3ccc4c(c3)C[C@](N)(CO)CC4)o2)cc1OCC,0.53438026,train
CC(C)Oc1ccc(-c2nnc(-c3ccc4c(c3)C[C@](N)(CO)CC4)o2)cc1C(F)(F)F,0.9358711,train
CC(C)Oc1ccc(-c2nnc(-c3ccc4c(c3)CC(N)(CO)CC4)o2)cc1C#N,0.77364784,train
Cn1c(=O)cnc2ccc(OCCNC[C@H]3CN(c4ccc5c(n4)NC(=O)CO5)C(=O)O3)nc21,0.054352246,train
Cn1c(=O)cnc2ccc(OCCNC[C@@H]3CN(c4ccc5c(n4)NC(=O)CO5)C(=O)O3)nc21,0.047442265,train
Cn1c(=O)ccc2ncc(OCCNC[C@H]3CN(c4ccc5c(n4)NC(=O)CO5)C(=O)O3)nc21,0.067275874,train
Cn1c(=O)ccc2ncc(OCCNC[C@@H]3CN(c4ccc5c(n4)NC(=O)CO5)C(=O)O3)nc21,0.06162286,train
Cn1c(=O)cnc2cc(F)c(OCCNC[C@H]3CN(c4cnc5c(n4)NC(=O)CO5)C(=O)O3)nc21,0.02765124,train
Cn1c(=O)cnc2ccc(OCCNC[C@H]3CN(c4cnc5c(n4)NC(=O)CS5)C(=O)O3)nc21,0.025315952,val
CC(C)(F)[C@H]1CN(C2CCN(c3n[nH]c(N)n3)CC2)[C@@H](Cc2ccc(Cl)cc2)CO1,0.06248774,train
Cn1nnc(C[C@H]2CN(C3CCN(c4n[nH]c(N)n4)CC3)[C@@H](Cc3ccc(Cl)cc3)CO2)n1,0.0015867212,test
N#Cc1cnn(C[C@H]2CN(C3CCN(c4n[nH]c(N)n4)CC3)[C@@H](Cc3ccc(Cl)cc3)CO2)c1,0.29075316,train
Nc1n[nH]c(N2CCC(N3C[C@H]([C@@H](O)C(F)(F)F)OC[C@@H]3Cc3ccc(Cl)cc3)CC2)n1,0.030876637,train
C[C@@H]([C@H]1CN(C2CCN(c3n[nH]c(N)n3)CC2)[C@@H](Cc2ccc(Cl)cc2)CO1)n1cccn1,0.01239319,train
C[C@H]([C@H]1CN(C2CCN(c3n[nH]c(N)n3)CC2)[C@@H](Cc2ccc(Cl)cc2)CO1)n1cccn1,0.004950214,train
Nc1n[nH]c(N2CCC(N3C[C@H](Cn4ccnn4)OC[C@@H]3Cc3ccc(Cl)cc3)CC2)n1,0.09031786,train
Cc1cc([C@H]2CN(C3CCN(c4n[nH]c(N)n4)CC3)[C@@H](Cc3ccc(Cl)cc3)CO2)[nH]n1,0.022314174,train
Nc1n[nH]c(N2CCC(N3C[C@H](CN4CCCCC4=O)OC[C@@H]3Cc3ccc(Cl)cc3)CC2)n1,0.052350614,test
Nc1n[nH]c(N2CCC(N3C[C@H](Cn4cc(F)cn4)OC[C@@H]3Cc3ccc(Cl)cc3)CC2)n1,0.14724004,train
Nc1n[nH]c(N2CCC(N3C[C@H](CN4CC(F)C4)OC[C@@H]3Cc3ccc(Cl)cc3)CC2)n1,0.80471414,test
Nc1n[nH]c(N2CCC(N3C[C@H](CN4CCC(F)(F)CC4)OC[C@@H]3Cc3ccc(Cl)cc3)CC2)n1,0.32041863,train
Nc1n[nH]c(N2CCC(N3C[C@H](COCC(F)(F)F)OC[C@@H]3Cc3ccc(Cl)cc3)CC2)n1,0.50630015,train
Nc1n[nH]c(N2CCC(N3C[C@H](COC(F)F)OC[C@@H]3Cc3ccc(Cl)cc3)CC2)n1,0.06965638,train
CSC[C@H]1CN(C2CCN(c3n[nH]c(N)n3)CC2)[C@@H](Cc2ccc(Cl)cc2)CO1,0.36045888,train
CC(F)(F)[C@H]1CN(C2CCN(c3n[nH]c(N)n3)CC2)[C@@H](Cc2ccc(Cl)cc2)CO1,0.03181231,train
Nc1n[nH]c(N2CCC(N3C[C@H](COCC(F)F)OC[C@@H]3Cc3ccc(Cl)cc3)CC2)n1,0.28374812,train
Nc1n[nH]c(N2CCC(N3C[C@H](Cn4cc(Cl)cn4)OC[C@@H]3Cc3ccc(Cl)cc3)CC2)n1,0.5251214,train
Nc1n[nH]c(N2CCC(N3C[C@H](Cn4ccnc4)OC[C@@H]3Cc3ccc(Cl)cc3)CC2)n1,0.026463183,train
CN(C)C(=O)OC[C@H]1CN(C2CCN(c3n[nH]c(N)n3)CC2)[C@@H](Cc2ccc(Cl)cc2)CO1,0.0216198,train
Cc1coc([C@H]2CN(C3CCN(c4n[nH]c(N)n4)CC3)[C@@H](Cc3ccc(Cl)cc3)CO2)n1,0.050489638,train
Cc1nc([C@H]2CN(C3CCN(c4n[nH]c(N)n4)CC3)[C@@H](Cc3ccc(Cl)cc3)CO2)oc1C,0.0743637,train
CC1CN(C[C@H]2CN(C3CCN(c4n[nH]c(N)n4)CC3)[C@@H](Cc3ccc(Cl)cc3)CO2)C1,0.6579961,test
Nc1n[nH]c(N2CCC(N3C[C@H](CN4CCCCC4)OC[C@@H]3Cc3ccc(Cl)cc3)CC2)n1,0.44140384,train
Nc1n[nH]c(N2CCC(N3CC(C(=O)N4CCC(F)(F)CC4)OC[C@@H]3Cc3ccc(Cl)cc3)CC2)n1,0.1357646,train
Nc1n[nH]c(N2CCC(N3C[C@H](N4CCOCC4)C[C@@H]3Cc3ccc(Cl)cc3)CC2)n1,0.44178802,test
Nc1n[nH]c(N2CCC(N3CC(F)(F)C[C@@H]3Cc3ccc(Cl)cc3)CC2)n1,0.20456977,train
Nc1n[nH]c(N2CCC(N3C[C@H](N4CCOCC4)CC[C@@H]3Cc3ccc(Cl)cc3)CC2)n1,0.48238057,test
CC1(O)CCN(C2CCN(c3n[nH]c(N)n3)CC2)[C@@H](Cc2ccc(Cl)cc2)C1,0.062046137,train
CCC(O)(CC)[C@H]1CN(C2CCN(c3n[nH]c(N)n3)CC2)[C@@H](Cc2ccc(Cl)cc2)CO1,0.16777468,train
CC(C)CNC(=O)C1CN(C2CCN(c3n[nH]c(N)n3)CC2)[C@@H](Cc2ccc(Cl)cc2)CO1,0.12087947,train
Nc1n[nH]c(N2CCC(N3C[C@H](O)CC[C@@H]3Cc3ccc(Cl)cc3)CC2)n1,0.06587627,train
CO[C@@H]1CC[C@H](Cc2ccc(Cl)cc2)N(C2CCN(c3n[nH]c(N)n3)CC2)C1,0.23172085,train
Nc1n[nH]c(N2CCC(N3CC4CC4C[C@@H]3Cc3ccc(Cl)cc3)CC2)n1,0.92795897,test
Nc1n[nH]c(N2CCC(N3C[C@@H]4COCCN4C[C@@H]3Cc3ccc(Cl)cc3)CC2)n1,0.40971434,train
C[C@H]1CN(C2CCN(c3n[nH]c(N)n3)CC2)[C@@H](Cc2ccc(Br)cc2)CO1,0.05727635,train
Nc1n[nH]c(N2CCC(N3Cc4cncn4C[C@@H]3Cc3ccc(C(F)(F)F)cc3)CC2)n1,0.11793042,train
Nc1n[nH]c(N2CCC(N3C[C@@H]4CC(F)(F)CN4C[C@@H]3Cc3ccc(C(F)(F)F)cc3)CC2)n1,0.28567022,train
COC(C)(C)[C@H]1CN(C2CCN(c3n[nH]c(N)n3)CC2)[C@@H](Cc2ccc(Cl)cc2)CO1,0.06002926,train
CCOC(=O)C1CC[C@H](Cc2ccc(Cl)cc2)N(C2CCN(c3n[nH]c(N)n3)CC2)C1,0.8406002,train
C[C@H]1CN(C2CCN(c3n[nH]c(N)n3)CC2)[C@@H](Cc2ccc(Cl)cc2)CN1C,0.5537119,train
CC(C)CN1CCN(C2CCN(c3n[nH]c(N)n3)CC2)[C@@H](Cc2ccc(Cl)cc2)C1,0.9587563,train
Nc1n[nH]c(N2CCC(N3C[C@@H]4CCCN4C[C@@H]3Cc3ccc(Cl)cc3)CC2)n1,0.86478037,train
CCC(C)C(NC(=O)C(Cc1ccccc1)NC(=O)C(CC(C)C)NC(=O)C(CCCN=C(N)N)NC(=O)C(NC(=O)C(C)NC(=O)C(CCC(=O)O)NC(=O)C(CCC(=O)O)NC(=O)C(CCC(=O)O)NC(=O)C(CCSC)NC(=O)C(CCC(N)=O)NC(=O)C(CCCCN)NC(=O)C(CO)NC(=O)C(CC(C)C)NC(=O)C(CC(=O)O)NC(=O)C(CO)NC(=O)C(NC(=O)C(Cc1ccccc1)NC(=O)C(NC(=O)CNC(=O)C(CCC(=O)O)NC(=O)CNC(=O)C(N)Cc1c[nH]cn1)C(C)O)C(C)O)C(C)C)C(=O)NC(CCC(=O)O)C(=O)NC(Cc1c[nH]c2ccccc12)C(=O)NC(CC(C)C)C(=O)NC(CCCCN)C(=O)NC(CC(N)=O)C(=O)NCC(=O)NCC(=O)N1CCCC1C(=O)NC(CO)C(=O)NC(CO)C(=O)NCC(=O)NC(C)C(=O)N1CCCC1C(=O)N1CCCC1C(=O)N1CCCC1C(=O)NC(CO)C(N)=O,0.9991391,train
N#Cc1ccc(COc2cccc(C3CCN(Cc4nc5ccc(C(=O)O)nc5n4C[C@@H]4CCO4)CC3)c2)c(F)c1,0.17773703,val
C[C@H]1CN(c2cncc(OCc3ccc(C#N)cc3F)n2)CCN1Cc1nc2ccc(C(=O)O)cc2n1C[C@@H]1CCO1,0.026618484,test
N#Cc1ccc(COc2cccc(N3CCN(Cc4nc5ccc(C(=O)O)cc5n4CC4(F)CC4)CC3)c2)c(F)c1,0.27041075,train
Cc1nc(N2CCC3(CC2)CO[C@@H](C)[C@H]3N)c(CO)nc1-c1cccc(Cl)c1Cl,0.46999094,test
Cc1c(N2CCC3(CC2)Cc2ccccc2[C@H]3N)nc(C)n(-c2cccc(Cl)c2Cl)c1=O,0.99149233,train
Cc1c(N2CCC3(CC2)Cc2ncccc2[C@@H]3N)nc(C)n(-c2cccc(Cl)c2Cl)c1=O,0.84750384,val
Cc1c(N2CCC3(CC2)Cc2ccccc2[C@H]3N)nc(N)n(-c2cccc(Cl)c2Cl)c1=O,0.99013954,train
