mol_id,smiles,y,split
a6ee0011c64f20636d8b45ccd6e697aec92bd15a,CC(C(=O)N[C@]1(c2ccccc2)CC[C@@H](N2CCN(C(C)C)CC2)CC1)c1cc(C(F)(F)F)cc(C(F)(F)F)c1,1,test
62e57aff8d3a48b4df9bbe10132225a062b62957,CC(C(=O)NC1(c2ccccc2)CCC(N2CCC3(CCCO3)CC2)CC1)c1cc(C(F)(F)F)cc(C(F)(F)F)c1,1,train
61722ad2ac3fc5f30dfc326b4953ca96a1a85253,CC(C(=O)N[C@]1(c2ccccc2)CC[C@@H](N2CCC(c3ccc(F)cc3)CC2)CC1)c1cc(C(F)(F)F)cc(C(F)(F)F)c1,1,test
06345802872d6feb9e806b7799b382e879efe945,CC(C(=O)N[C@]1(c2ccccc2)CC[C@H](N2CCCCC2)CC1)c1cc(C(F)(F)F)cc(C(F)(F)F)c1,1,train
118b847c2a36b59d053a3c01a0eb6379b884b39e,CC1CCN([C@H]2CC[C@](NC(=O)C(C)c3cc(C(F)(F)F)cc(C(F)(F)F)c3)(c3ccccc3)CC2)CC1,1,train
bc30d3741f8befe37eae1c78cc1159117c569586,CC(C(=O)N[C@]1(c2ccccc2)CC[C@@H](N2CCC(=O)CC2)CC1)c1cc(C(F)(F)F)cc(C(F)(F)F)c1,1,test
03168af6279da91a477fc191a767df238bbdb6af,CC(C(=O)N[C@]1(c2ccccc2)CC[C@@H](N2CCC3(CC2)OCCO3)CC1)c1cc(C(F)(F)F)cc(C(F)(F)F)c1,1,test
377c85addcce733832578823337f24438ab4e327,CC(C(=O)N[C@]1(c2ccccc2)CC[C@@H](N2CCC(O)CC2)CC1)c1cc(C(F)(F)F)cc(C(F)(F)F)c1,1,train
a0603c1eea809d135edfb33667e8652244f0ac8e,CC(C(=O)NC1(c2ccccc2)CCC(N2CCC3(CC2)CCC(C)(C)O3)CC1)c1cc(C(F)(F)F)cc(C(F)(F)F)c1,1,train
49ccdaf573c00a76f84a375fa71b112f18eb4304,CC(C(=O)NC1(c2ccccc2)CCC(N2CCC(O)(Cc3ccccc3)CC2)CC1)c1cc(C(F)(F)F)cc(C(F)(F)F)c1,1,train
e5d52c9102c9352089c207201d3feb92d29506a7,CC(C(=O)NC1(c2ccccc2)CCC(N2CCC3(CCOC3)CC2)CC1)c1cc(C(F)(F)F)cc(C(F)(F)F)c1,1,train
cc4243e81a5fbc9ae98d37f2b0e09da0082e3b84,CC(C(=O)NC1(c2ccccc2)CCC(N2CCC(C3CCOC3=O)CC2)CC1)c1cc(C(F)(F)F)cc(C(F)(F)F)c1,1,test
5f18de209ba93ce83697e19ec61f585cec29e262,CC(C(=O)N[C@]1(c2ccccc2)CC[C@H](N2CCC(C3CCOC3(C)C)CC2)CC1)c1cc(C(F)(F)F)cc(C(F)(F)F)c1,1,val
c954a710d4e3311554f442d150232cd7f27bfb8c,CC(C(=O)NC1(c2ccccc2)CCC(N2CCC(C3CCC(=O)O3)CC2)CC1)c1cc(C(F)(F)F)cc(C(F)(F)F)c1,1,train
1d98d07f9c1352cffa5244240248a56a4abfcf67,CC(C(=O)N[C@]1(c2ccccc2)CC[C@H](N(C)C)CC1)c1cc(C(F)(F)F)cc(C(F)(F)F)c1,1,val
3d39fb4abc8a01ba4e250db87d3e22a563d15b31,NC(C(=O)N1CCSC1)C1CCC(NC(=O)c2ccc(F)c(F)c2)CC1,1,train
9161389480eb5bde46d016058cea905c663fc5f4,NC(C(=O)N1CCCC1)C1CCC(NC(=O)OCc2ccccc2)CC1,0,train
82a7adb1b9f227073ffc6e18b31b986e246f9a39,NC(C(=O)N1CCSC1)C1CCC(NC(=O)c2cccc3ccccc23)CC1,0,test
338c5561d1fc6805302290890b2d93e010ed2414,NC(C(=O)N1CCCC1)C1CCC(NS(=O)(=O)c2ccc(F)cc2F)CC1,0,train
d933ac9db0fd0224de1fac230c7c2e4d1151f81e,NC(C(=O)N1CCCC1)C1CCC(NS(=O)(=O)c2ccc(OC(F)(F)F)cc2)CC1,1,train
2ad84a95558ffbe887a310391cb20b3abeeb27b1,NC(C(=O)N1CCSC1)C1CCC(NC(=O)Nc2ccc(I)cc2)CC1,1,test
4e83c07b327d3f3153cd2f715a0aac3b70665674,NC(C(=O)N1CCCC1)C1CCC(NC(=O)c2cccc3ccccc23)CC1,0,train
26dadc25d60714095af299af5e38003284835fbb,NC(C(=O)N1CCSC1)C1CCC(NS(=O)(=O)c2ccc(OC(F)(F)F)cc2)CC1,1,val
25d1f72957b2fd277ec90c53aa9e022ef4a56bcc,Fc1ccc(CCN2CCC3(CCc4ccccc4C3)CC2)c(F)c1,1,train
b364ed9512c352220e239fb6edcfc1fd261817d9,N#Cc1ccc(S(=O)(=O)C2CCN(CCc3ccc(F)cc3F)CC2)cc1,1,train
034e19b91370628146dfabc8da5dbf3950a1e19c,CC(C)(O)c1ccc(C(Cc2ccc[n+]([O-])c2)c2ccc(OC(F)F)c(OC3CC3)c2)cn1,0,val
64ebdadca9175da58aa1e7ad4ebb5fd4ea003d3a,CC(C)(O)c1ncc(C(Cc2cc[n+]([O-])cc2)c2ccc(OC(F)F)c(OC3CCC3)c2)s1,0,train
c1af233f6a966416c451a3fae887eaf6f2d9afb8,[O-][n+]1ccc(CC(c2ccc(OC(F)F)c(OC3CC3)c2)c2cnc(C(O)(C(F)(F)F)C(F)(F)F)s2)cc1,0,test
f8b5dd131a63aba9fff253ec5fe98a1411d36dd9,O=S(=O)(c1ccccc1)C1CCN(CCc2ccc(F)cc2F)CC1,1,train
0f9c3c57eb9db477fa54ba6fb5d12475b980105a,Fc1ccc2c([C@@H]3CNCC[C@H]3F)c(-c3ccccc3)[nH]c2c1,1,train
b7abd941f70b6ae7e4189dbb21abc03446f9e9d4,CC(C)(O)c1ccc(C(Cc2cc[n+]([O-])cc2)c2ccc(OC(F)F)c(OC3CCC3)c2)cn1,0,val
d7b314c454d60f095764439d1fbf7221f4fcf16b,CC(C)(O)c1ccc(C(Cc2cc[n+]([O-])cc2)c2ccc(OC(F)F)c(OC3CC3)c2)cn1,0,test
65e637ee5b55a31ef4b67fc0e37e6348bc407b63,NC(=O)c1ccc(S(=O)(=O)C2CCN(CCc3ccc(F)cc3F)CC2)cc1,1,train
c4f084f855ca4e24574d2db0b76f9e204e464ad2,N#Cc1cccc(S(=O)(=O)C2CCN(CCc3ccc(F)cc3F)CC2)c1,1,train
5956a21558abd4f357c532ba19fc58c5c0b552a9,[O-][n+]1ccc(CC(c2ccc(OC(F)F)c(OC3CCC3)c2)c2cnc(C(O)(C(F)(F)F)C(F)(F)F)s2)cc1,0,train
b451d4a47c21a09e558e3654571a9611142647da,OC1c2ccccc2CCC12CCN(CCc1ccccc1)CC2,1,train
c688e4cd208f0306eb9805b4626c0030ecae110a,O=S(=O)(c1ccc(F)cc1)C1CCN(CCc2ccc(F)cc2F)CC1,1,train
09531df95ed6b3fddcee7a6f34a3c7591e8a679e,CC(O)(c1ccccc1)c1ccc(C(Cc2cc[n+]([O-])cc2)c2ccc(OC(F)F)c(OC(F)F)c2)cn1,1,val
bf6b6cc2f17e50820c7cec6ccb1500f10be89883,CC(C)(O)c1ccc(C(Cc2ccc(=O)[nH]c2)c2ccc(OC(F)F)c(OC3CC3)c2)cn1,0,train
549ce62a20aec1a9c7512fd5f3083e7271a538d5,[O-][n+]1cccc(C[C@H](c2ccc(OC(F)F)c(OC3CC3)c2)c2cnc(C(O)(C(F)(F)F)C(F)(F)F)s2)c1,0,train
bbc5080cead353c7763e75ffc6218cca6cd2228b,O=S1(=O)c2ccccc2CCC12CCN(CCc1ccc(F)cc1F)CC2,1,val
45454b38c11fcc989f99986ebdc4d3654821e470,O=S(=O)(c1ccccc1)C1CCN(CCCc2ccccc2)CC1,1,train
d3854d46dab7dc698b80db33edd8be64221ceebc,CC(C)(O)c1ccc(C(Cc2cc[n+]([O-])cc2)c2ccc(OC(F)F)c(OC3CCC3)c2)cc1,0,test
00f23bc8510a7702aaa9fc86f868a64d6e3def77,CC(C)(O)c1ccc(C(Cc2cc[n+]([O-])cc2)c2ccc(OC(F)F)c(OC(F)F)c2)cn1,0,train
c33b41cdcc31615dc7c65d7961244cb4f7d4715f,Fc1ccc(CCN2CCC3(CCc4ccccc4O3)CC2)c(F)c1,1,train
eedadd1fdf82e9d16d59a5fc75d20250d5711b02,O=C(CN1CCC(S(=O)(=O)c2ccccc2)CC1)c1ccc(F)cc1,1,train
f0ed181441faaafc6ee0a4e74ea6dc49220f2262,NC(=O)c1cccc(S(=O)(=O)C2CCN(CCc3ccc(F)cc3F)CC2)c1,1,train
2370b5b54d87df6ed133f851fdd19689f593b423,[O-][n+]1cccc(C[C@@H](c2ccc(OC(F)F)c(OC3CC3)c2)c2cnc(C(O)(C(F)(F)F)C(F)(F)F)s2)c1,0,train
f108aab1a9fbf9065b706b6e54244f676d1acef9,O=S(=O)(c1ccc(Cl)cc1)C1CCN(CCc2ccc(F)cc2F)CC1,1,train
4a14331011ec5c68e093458fa6efe5a5565d85e5,COc1ccc2c(c1)CCC1(CCN(CCc3ccc(F)cc3F)CC1)O2,1,train
991194a76948cff59882d59d2c5e9d1eff9f445b,N#Cc1ccccc1S(=O)(=O)C1CCN(CCc2ccc(F)cc2F)CC1,1,train
4b795f4f1212718c0a0e00f8313469cca17c4c35,O=S(=O)(c1ccccc1)C1CCN(CCc2ccccc2)CC1,1,train
86c2f1a3fe11afcab00d5d2fb03a59a2f1e29646,Fc1ccc2c([C@@H]3CNCC[C@H]3F)c(-c3cccc4ccccc34)[nH]c2c1,1,test
db9d9056bc0e8b531147d37b639741ed0a610caf,Fc1ccc2c([C@@H]3CNCC[C@H]3F)c(C3CCCCC3)[nH]c2c1,1,val
735a4334b25d1cd5791ae490ca3674e4c5d14a74,F[C@@H]1CCNC[C@H]1c1c(-c2ccccc2)[nH]c2c(Cl)cccc12,1,train
95bfecff7a7caf4bfbf3fe4627a7759034337448,c1ccc(-c2[nH]c3ccccc3c2C2CCNCC2)cc1,1,test
ea7f54701fb0da848bbc4d9e4a438f2f737ff1c0,Fc1ccc2c([C@@H]3CNCC[C@H]3F)c(-c3ccsc3)[nH]c2c1,1,val
911e3c8b9aa05db475ae634ba0e30ee0fae71023,COC(=O)c1[nH]c2cc(F)ccc2c1[C@@H]1CNCC[C@H]1F,1,val
55337d9cd585eaf29b09fb85fc993764b25312ca,Fc1ccc(-c2[nH]c3cc(F)ccc3c2C2CCCNC2)cc1,1,train
7ba0ae4c811a85fad6b0d18a71f39ecd0b09914a,Fc1ccc2c([C@@H]3CNCC[C@H]3F)c(-c3ccc4ccccc4c3)[nH]c2c1,1,val
d81e581e44f7fd79785a24c588d520c346b7d720,c1ccc(CCN2CCCC(c3c(-c4ccccc4)[nH]c4ccccc34)C2)cc1,1,train
a82d7bdeabc25d461056ed2e9ed238d8fd39eede,Fc1cccc2c([C@@H]3CNCC[C@H]3F)c(-c3ccccc3)[nH]c12,1,train
d3488d755f0ff5751f61acd7b3b5ee17dc8ae98b,Fc1ccc(-c2[nH]c3cc(F)ccc3c2[C@@H]2CNCC[C@H]2F)cc1,1,train
6a04f6fbceb07349eb7b2206780d209bead33469,Fc1ccc2c([C@@H]3CNCC[C@H]3F)c(-c3cccnc3)[nH]c2c1,1,test
7525a4a2b03dfe64022f4ab38bf9dff93c09d0e2,c1ccc(CCN2[C@@H]3CC[C@H]2CC(c2c(-c4ccccc4)[nH]c4ccccc24)C3)cc1,1,test
d4211c3237ce966fcf33a8ee30cfbbb86abc5f90,c1ccc(CCN2CCC(c3c(-c4ccccc4)[nH]c4ccccc34)CC2)cc1,1,val
c5a8bcfc7df9a8ea971db9c097b918c60ed1f8b2,CN1CCCC(c2c(-c3ccccc3)[nH]c3ccccc23)C1,1,train
5d0981c7dfb2553f6a52345ddafa26216bb76862,c1ccc(CN2CCCC(c3c(-c4ccccc4)[nH]c4ccccc34)C2)cc1,1,train
67de4acaceeeeded2571d052cd1886db20402bee,CN1CCCCC1c1c(-c2ccccc2)[nH]c2ccccc12,1,val
28515eed41e56be4efa96b9fe35721e98f336b5d,F[C@@H]1CCNC[C@H]1c1c(-c2ccccc2)[nH]c2cc(Cl)ccc12,1,train
5f4ba70774bf5747c69eeb7824d661c77e8b73ef,c1ccc(-c2[nH]c3ccccc3c2C2CCCNC2)cc1,1,train
4b2a307948d230dd24d2f84a989f0c983a5d93c3,O=C(Nc1ccccc1)c1[nH]c2cc(F)ccc2c1[C@@H]1CNCC[C@H]1F,1,train
1c53032808c3899a14dec5deefac95e5699ae373,NC(C(=O)N1CC[C@H](F)C1)C1CCC(NS(=O)(=O)c2ccc(F)cc2F)CC1,0,train
a9aa7fcd2ff727100226a787e9fddab1514c03b4,NC(C(=O)N1CCSC1)C1CCCCC1,0,train
a41832f195b033e11e7d5a5cc88772a1c9755e72,NC(C(=O)N1CC[C@@H](F)C1)C1CCC(NS(=O)(=O)c2ccc(OC(F)(F)F)cc2)CC1,1,train
bd96cbe83de5e185aa00ed9caa6a293f2a2bba8e,NC(C(=O)N1CC[C@@H](F)C1)C1CCC(NS(=O)(=O)c2ccc(F)cc2F)CC1,0,train
20dd354dca54797d9962e16e43ca882188d49faa,NC(C(=O)N1CCCC1)C1CCC(NC(=O)c2ccc(F)c(F)c2)CC1,0,train
939091e83e5c1da47298a80932aa7c037a2735b0,NC(C(=O)N1CCSC1)C1CCC(NC(=O)c2ccccc2C(F)(F)F)CC1,0,train
9da2dcf9dd3d19671cc52e0bef797b4d35896605,NC(C(=O)N1CC[C@@H](F)C1)C1CCC(NC(=O)OCc2ccccc2)CC1,0,train
bb55549155d5dadc386a09f9fd9cbfad1b10aedf,NC(C(=O)N1CC[C@H](F)C1)C1CCC(NS(=O)(=O)c2ccc(OC(F)(F)F)cc2)CC1,1,train
63fe1b1c55addcf27a89adfe5845fed6f329b3ae,NC(C(=O)N1CCC(F)(F)C1)C1CCC(NC(=O)c2ccc(F)c(F)c2)CC1,0,train
36225f8ab9098439cfe8de4a72bbffed70153eee,NC(C(=O)N1CCC(F)(F)C1)C1CCC(NC(=O)OCc2ccccc2)CC1,0,train
ad0f0b02b091f4e2348309445180f87dc812efbd,NC(C(=O)N1CC[C@H](F)C1)C1CCC(NC(=O)c2ccc(F)c(F)c2)CC1,0,train
864a259bd5492d7ae6aed950908a51de53971cb6,NC(C(=O)N1CC[C@@H](F)C1)C1CCC(NC(=O)c2ccc(F)c(F)c2)CC1,0,train
2ad8ce6bb75260d049e8ae2a4ebe5dddceb4ab8f,NC(C(=O)N1CCC(F)(F)C1)C1CCC(NS(=O)(=O)c2ccc(OC(F)(F)F)cc2)CC1,1,train
3535254629ead0d2a3e73bffb5fbc60ade2a90c5,NC(C(=O)N1CC[C@H](F)C1)C1CCC(NC(=O)OCc2ccccc2)CC1,0,train
c3c7760763a9d94ba125a4f0490f0a3e9bbebb89,CCC(CC)c1cn(-c2ccc(F)cc2)c2ccc(Cl)cc12,1,train
861313b9e9da9f163dec6b2ca3b3fa3a57fd03f0,O=C1NCCN1CCN1CCC(C2CN(c3ccc(F)cc3)c3ccccc32)CC1,1,val
6a3a9cb2cebaabc3fd5d079ffa16d439464d619a,COc1cc(N)c(Cl)cc1C(=O)NC1CCN(CCCOc2ccc(F)cc2)CC1OC,1,train
355f7a4271f631026aceb5d38de9721fd0b74ab2,COc1ccc(CCN(C)CCCC(C#N)(c2ccc(OC)c(OC)c2)C(C)C)cc1OC,1,train
52a53c7a4aaa0ca613989811ee73b87e4ed87279,CC(C)(C)c1ccc(C(O)CCCN2CCC(C(O)(c3ccccc3)c3ccccc3)CC2)cc1,1,train
a494ebd5dc7b26f5d58d99eb993907bc70273091,CN(CCOc1ccc(NS(C)(=O)=O)cc1)CCc1ccc(NS(C)(=O)=O)cc1,1,train
b8b7376c5c0259037a202438671c6f27880775ed,CCC(O)c1cn(-c2ccc(F)cc2)c2ccc(Cl)cc12,1,train
220568bc305a8d8757c0a351b66e31a894167e8e,CN(C)Cc1cn(-c2ccc(F)cc2)c2ccc(Cl)cc12,1,train
d3ca1329b1beeae0f0c6ecbc12700d2441cbfd42,CCC(=O)c1cn(-c2ccc(F)cc2)c2ccc(Cl)cc12,1,train
5b040e4c5aec1d65c800fccb889c024d6eb3136d,CC(C)(C(=O)O)c1ccc(C(O)CCCN2CCC(C(O)(c3ccccc3)c3ccccc3)CC2)cc1,0,train
72e14ca7a7784a659437f757c09ba3748f0d3e03,CC(O)c1cn(-c2ccc(F)cc2)c2ccc(Cl)cc12,1,train
fe6fe2eb143448e57bfcc02cc3759942b25983e0,O=C(CCCN1CCC(O)(c2ccc(Cl)cc2)CC1)c1ccc(F)cc1,1,train
ed6317a78a2bf0bbb8ecec11a386375dc8d40da9,CCc1cn(-c2ccc(F)cc2)c2ccc(Cl)cc12,1,train
f74d3ec9115cc2afffdd5432ea743c08ba287e9d,CS(=O)(=O)Nc1ccc2c(c1)C(O)CC1(CCN(C3CCc4cc(C#N)ccc4C3)CC1)O2,1,train
ede9f8f5ee8fd9149832db25e4cec09cb00feb9b,CC(C)(O)c1ccc(C(O)CCCN2CCC(C(O)(c3ccccc3)c3ccccc3)CC2)cc1,1,train
9a23691c98f92aaf4cf015e39909259139ffbcf7,O=c1[nH]c2ccccc2n1C1CCN(CCCC(c2ccc(F)cc2)c2ccc(F)cc2)CC1,1,train
43a60257b26cc7979f57e77492fc5979a4890f21,Cc1c(F)c(N2CCNC(C)C2)cc2c1c(=O)c(C(=O)O)cn2C1CC1,0,train
e54153046401fb0d4d9f38b99917168ee60d3843,COc1ccc(CCN2CCC(Nc3nc4ccccc4n3Cc3ccc(F)cc3)CC2)cc1,1,train
da2824550736c9bfa84f8cb85d6ae208ab7c143f,CSc1ccc2c(c1)N(CCC1CCCCN1C)c1ccccc1S2,1,train
282a64c13ad924ed35028f9d5617926fc004a51a,CCn1nc(Cc2ccc(OC3CCC3)cc2)cc1C1CCN(C[C@H]2CN(C(C(=O)O)C(C)(C)C)C[C@@H]2c2cccc(F)c2)CC1,1,train
655dd1451077880757a251587a912f3a6e1bd3ee,CC[C@H](C)C(C(=O)O)N1C[C@H](CN2CCC(c3cc(Cc4ccc(C(C)C)cc4)nn3CC)CC2)[C@@H](c2cccc(F)c2)C1,1,train
a6e3c88fbc4ce56c5bc0cec704a2b94881cba7fc,CC(C)COCC(CN(Cc1ccccc1)c1ccccc1)N1CCCC1,1,test
027541b8b8ca28caae37aa4a98a4afb699939691,COc1ccccc1OCCNCC(O)COc1cccc2[nH]c3ccccc3c12,0,val
de9a100692dc1337c47072a34379dd0dcfb237ac,CCCCN(CCCC)CCC(O)c1cc2c(Cl)cc(Cl)cc2c2cc(C(F)(F)F)ccc12,1,test
4358c953d35c21a51241b9e02f4f12e19c80559e,C1CCC(C(CC2CCCCN2)C2CCCCC2)CC1,1,test
8914f5bb40fe77c9f35508c54a7acbc4f7d9b32e,CN(C)CCCC1(c2ccc(F)cc2)OCc2cc(C#N)ccc21,1,test
009228e30f17070f320d1749976668d9cd7cf347,CC[C@H](C)C(C(=O)O)N1C[C@H](CN2CCC(c3cc(Cc4ccc(OCC(F)(F)F)cc4)nn3CC)CC2)[C@@H](c2cccc(F)c2)C1,1,train
9653d15f0f1229e8ca3151d578a67117ff274b6d,CCn1nc(Cc2ccccc2)cc1C1CCN(C[C@H]2CN(C(C(=O)O)C(C)(C)C)C[C@@H]2c2cccc(F)c2)CC1,0,train
30a4cbde72113728abba884731248d57a83e2dc2,CC[C@H](C)C(C(=O)O)N1C[C@H](CN2CCC(c3cc(Cc4ccc(OC)c(OC)c4)nn3CC)CC2)[C@@H](c2cccc(F)c2)C1,0,train
bae352aa94f094745dbff53ca8e7646a567e5cb1,O=C1CN2[C@@H]3CC(OC(=O)C4CNc5ccccc54)C[C@@H]2CC1C3,1,val
2bd0f8b1c385fb6c9e864c1f11e67f9408aa43ec,CC[C@H](C)C(C(=O)O)N1C[C@H](CN2CCC(c3cc(Cc4ccccc4)nn3CC)CC2)[C@@H](c2cccc(F)c2)C1,0,train
ce3a260bdee94c58f6e3d484da65c09b5c5ae15f,CCn1nc(Cc2ccc(OC)c(OC)c2)cc1C1CCN(C[C@H]2CN(C(C(=O)O)C(C)(C)C)C[C@@H]2c2cccc(F)c2)CC1,0,train
4f871583218f298f5a30dd29e42064774f884391,CCn1nc(Cc2ccc(C(C)(C)C)cc2)cc1C1CCN(C[C@H]2CN(C(C(=O)O)C(C)(C)C)C[C@@H]2c2cccc(F)c2)CC1,1,train
1d169693e7de9b66a7c2fb0211e3c4da89d4987e,COC(=O)C1[C@@H](OC(=O)c2ccccc2)C[C@@H]2CC[C@H]1N2C,1,train
67376cafd6675e1c48d96511936878ba61c645c1,CCCCCCCN(CC)CCCC(O)c1ccc(NS(C)(=O)=O)cc1,1,train
d6e22bb3e620f3633e33f2ec2c458e274906f56f,COCC(=O)O[C@]1(CCN(C)CCCc2nc3ccccc3[nH]2)CCc2cc(F)ccc2[C@@H]1C(C)C,1,train
bc85e30a7f1457028a338e9ab80ad380e2e4e41d,CC(C)N(CCC(C(N)=O)(c1ccccc1)c1ccccn1)C(C)C,0,train
1f1ba131a1d07feaa6eaa02494c995361f7949e6,C[C@@H]1CN(c2c(F)c(N)c3c(=O)c(C(=O)O)cn(C4CC4)c3c2F)C[C@H](C)N1,0,train
cdecd92f8bff9288b87e97057923a171ccb25366,CCn1nc(Cc2ccc(OC(C)C)cc2)cc1C1CCN(C[C@H]2CN(C(C(=O)O)C(C)(C)C)C[C@@H]2c2cccc(F)c2)CC1,1,train
ee95680e18c83bc42cfca74c37bdd678315d1ca6,CCn1nc(Cc2ccc(C#N)cc2)cc1C1CCN(C[C@H]2CN(C(C(=O)O)C(C)(C)C)C[C@@H]2c2cccc(F)c2)CC1,1,train
954663113529aa92aca8c1230640c71b31de5409,CN(c1nc(=O)cc[nH]1)C1CCN(c2nc3ccccc3n2Cc2ccc(F)cc2)CC1,1,train
c8f46a90d214a5f679249b0a44b59ed03c59660c,OC(c1cc(C(F)(F)F)nc2c(C(F)(F)F)cccc12)C1CCCCN1,1,train
fb5066b09edff3b535e33ad97c991dc46c17aa1c,CC[C@@H](C)C(C(=O)O)N1C[C@H](CN2CCC(c3cc(Cc4ccc(OC5CCC5)cc4)nn3CC)CC2)[C@@H](c2cccc(F)c2)C1,1,train
dafa5150e1e4cb94bc19a352589c997bb8a995cc,CN1CCN(C2=Nc3cc(Cl)ccc3Nc3ccccc32)CC1,1,train
0440493906a418fb95c58e956511a72e3fe9002b,CN(C)CCCN1c2ccccc2Sc2ccc(Cl)cc21,1,test
b6e78099a3d9e61d1f13811c67f9511477ef2f24,CNCCC(Oc1ccc(C(F)(F)F)cc1)c1ccccc1,1,train
aa363ae08e51445782004d542971df5da3c5c542,CC[C@@H](C)C(C(=O)O)N1C[C@H](CN2CCC(c3cc(Cc4ccc(OC)c(OC)c4)nn3CC)CC2)[C@@H](c2cccc(F)c2)C1,0,train
b53d5d72d6a789017275eb7570a60c2fbb91feb8,CN1CCN(CCCCn2c(O)cn(/N=C/c3ccc(-c4ccc(Cl)cc4)o3)c2=O)CC1,1,val
7f70594e69c003fc1b9df2fccfa9bfd8176adc50,CCCc1nn(C)c2c(=O)[nH]c(-c3cc(S(=O)(=O)N4CCN(C)CC4)ccc3OCC)nc12,1,train
4220ba095eb5db2253a6a71c3cb24388283c45b2,COc1ccc([C@@H]2Sc3ccccc3N(CCN(C)C)C(=O)C2OC(C)=O)cc1,0,train
92f66647feacce16a88e643d23483ef89585ed0f,O=C(O)COCCN1CCN(C(c2ccccc2)c2ccc(Cl)cc2)CC1,0,test
7bccab2fd8f974ce0d7ef7765084824c65f2d863,CC(=O)N1CCN(c2ccc(OCC3COC(Cn4ccnc4)(c4ccc(Cl)cc4Cl)O3)cc2)CC1,1,test
0246d1d9f4fdfaeeb83934ad02d9ede7e4bef48d,CNCCCN1c2ccccc2CCc2ccccc21,1,train
7e7bfa65292d5a9382f01e5ebda760626d6ec780,Cc1nc2n(c(=O)c1CCN1CCC(c3noc4cc(F)ccc34)CC1)CCCC2,1,train
5ada0a3c83c1ca014d7813a5279c20a705ab1f86,CCOc1ccc(Cc2cc(C3CCN(C[C@H]4CN(C(C(=O)O)[C@@H](C)CC)C[C@@H]4c4cccc(F)c4)CC3)n(CC)n2)cc1,0,train
5616b20e74f597f81f1c24c3c9e704cc70b8548d,CC[C@H]1OC(=O)C(C)[C@@H](O[C@H]2C[C@@](C)(OC)[C@@H](O)[C@H](C)O2)[C@H](C)[C@@H](O[C@@H]2O[C@H](C)C[C@H](N(C)C)[C@H]2O)[C@](C)(OC)CC(C)C(=O)C(C)[C@@H](O)[C@]1(C)O,0,train
dc5f4fe71f54632eaad7cc84d9881eb8eda1c11b,CCOC(=O)C1=C(C)N=C(C)C(C(=O)OC)C1c1cccc([N+](=O)[O-])c1,1,train
4067c3d19e045f6be8962f2878de25ea4c3a9999,O=C(CCCN1CC=C(n2c(=O)[nH]c3ccccc32)CC1)c1ccc(F)cc1,1,train
3192016df7f3a7881de2aca48e47abf931e07c0f,CC[C@@H](C)C(C(=O)O)N1C[C@H](CN2CCC(c3cc(Cc4ccc(OC(C)(C)C)cc4)nn3CC)CC2)[C@@H](c2cccc(F)c2)C1,1,train
2e4e000b2db64aa317a823d53356cf7083de523e,CN1CCCCC1CCN1c2ccccc2Sc2ccc([S+](C)[O-])cc21,1,train
1cea212dd1b6d0cbbacf6069e568b600f7fc581d,COc1ccc(C2CCN(CCC3CCOc4ccccc43)CC2)cc1OC,1,train
2da558a559f09fe0a1b07412975adf4acc36f90e,CCn1nc(Cc2ccc(-c3ccccc3)cc2)cc1C1CCN(C[C@H]2CN(C(C(=O)O)C(C)(C)C)C[C@@H]2c2cccc(F)c2)CC1,1,train
6d8fc8731fd2b979f3bc125c7b5e6585a6ebba51,NC1=NCC2c3ccccc3Cc3ccccc3N12,0,val
17398f7f5931f7bfa5ddbd157c4ef2923b513cb2,Cc1cc2c(s1)Nc1ccccc1N=C2N1CCN(C)CC1,1,train
b81c03070a47293ef7345afad6b3c0100fc0a94d,CCn1nc(Cc2ccc(OC(F)(F)F)cc2)cc1C1CCN(C[C@H]2CN(C(C(=O)O)C(C)(C)C)C[C@@H]2c2cccc(F)c2)CC1,1,train
61ea5acf512a97329267af313f76adf29e2eefc3,O=C(NCC1CCCCN1)c1cc(OCC(F)(F)F)ccc1OCC(F)(F)F,1,val
a5629c375aeb7c1f1b55f04408fd69a3d5447923,CC[C@H](C)C(C(=O)O)N1C[C@H](CN2CCC(c3cc(Cc4ccc(OC5CCC5)cc4)nn3CC)CC2)[C@@H](c2cccc(F)c2)C1,1,train
663ba7a36f45aab76c047cfee2a6d2d059d41962,CC[C@H](C)C(C(=O)O)N1C[C@H](CN2CCC(c3cc(Cc4ccc(-c5ccccc5)cc4)nn3CC)CC2)[C@@H](c2cccc(F)c2)C1,1,train
0a8b419adfa0cc9c794dcdc604daa62fe6fc6120,CCn1nc(Cc2ccc(-c3ccccc3)cc2)cc1C1CCN(C[C@H]2CN(C(C(=O)O)C3CCCCC3)C[C@@H]2c2cccc(F)c2)CC1,1,val
8445c525e192f4a764d211dd4120cdd16a2d1e69,Oc1cc2cc(CCN3CCN(c4nsc5ccccc45)CC3)c(Cl)cc2[nH]1,1,test
eff57861ea0a2466c6c8e434962795ae0ef5ceee,O=C(O[C@H]1C[C@H]2CC3C[C@@H](C1)N2CC3=O)c1c[nH]c2ccccc12,0,train
6d5e0ab66fc080c8922448c833267bdc7e84a637,Cc1cccc(CCN2CCC(C(=O)c3ccc(NS(C)(=O)=O)cc3)CC2)n1,1,test
2958f5e0334b0a7bfa0aa888360dacfb13c9b702,Fc1ccc(Cn2c(NC3CCNCC3)nc3ccccc32)cc1,1,train
099f2302630374861c070ce7cf44629097d6fc28,CN(C)CCCn1nc(C2=C(c3cn(-c4cccnc4)c4ccccc34)C(=O)NC2=O)c2ccccc21,1,train
069f23620a6c23efefa3503710b5a126accefc2f,CN(C)CCCn1nc(C2=C(c3cn(-c4ccc5ccccc5c4)c4ccccc34)C(=O)NC2=O)c2ccccc21,1,val
f4763b8ffe5bacfcae65a4e28ed2ac9e70ace341,CN(C)CCCn1nc(C2=C(c3cn(-c4cncc5ccccc45)c4ccccc34)C(=O)NC2=O)c2ccccc21,1,train
09b3ddd1d95d52640bd1e44cb6efcef1ff65132a,CN(C)CCCn1nc(C2=C(c3cn(-c4cnc5ccccc5c4)c4ccccc34)C(=O)NC2=O)c2ccccc21,1,val
f6447219b1cb199d5f734bef1a875e904dd63438,O=S(=O)(c1ccccc1)C1(F)CCN(CCc2ccc(F)cc2F)CC1,1,train
42a6b493ff5877de8fcf54d39f1f01f899cfe877,O=S(=O)(c1ccc(F)cc1)C1(F)CCN(CCc2ccc(F)cc2F)CC1,1,train
315f9bf37a216545fa69de7237b4ff2d0f7b0482,O=C1NC(=O)C(c2nn(CCCN3CCOCC3)c3ccccc23)=C1c1cn(-c2ccc3ccccc3c2)c2ccccc12,1,test
f0ce8108d3382c8ebbc6d64ffce42e367c103a2a,O=C1NC(=O)C(c2nn(CCCN3CCCC3)c3ccccc23)=C1c1cn(-c2ccc3ccccc3c2)c2ccccc12,1,train
d274d0f3b4b847c7e8a038fe7f2a266cdc78dfea,N#Cc1ccc(S(=O)(=O)C2(F)CCN(CCc3ccc(F)cc3F)CC2)cc1,1,train
046ee4808e69bf9f7e767f8806c48bf938f7ac79,CN1CCN(CCCn2nc(C3=C(c4cn(-c5ccc6ccccc6c5)c5ccccc45)C(=O)NC3=O)c3ccccc32)CC1,1,train
05ce540a91a99d78dfe61ca319af40766dfa88e0,O=C(CN1CCC(S(=O)(=O)c2ccccc2)CC1)c1ccc(F)cc1F,1,train
41dc058c6b42a235b5ea45653076483adbc6002f,O=S(=O)(c1ccc(Cl)cc1)C1(F)CCN(CCc2ccc(F)cc2F)CC1,1,train
841f184e10a8feb3f6051d2958ce89b84e2c4a34,O=S(=O)(c1ccccc1F)C1(F)CCN(CCc2ccc(F)cc2F)CC1,1,train
b537185f9af3f384b629b18d7d01d188c8dffcba,O=S(=O)(c1ccc(N2CCC2)cc1)C1(F)CCN(CCc2ccc(F)cc2F)CC1,1,train
43db304eadd2ff9cc9a5b3fdeb859370ffb09aeb,CN([C@H]1c2cc(OCCCC(F)(F)F)ccc2OC(C)(C)[C@@H]1O)S(C)(=O)=O,0,test
3683120ddac97a3f1c0bb0d5e1a2635e2257ef0e,CC[C@H]1OC(=O)C(C)[C@@H](O[C@H]2C[C@@](C)(OC)[C@@H](O)[C@H](C)O2)[C@H](C)[C@@H](O[C@@H]2O[C@H](C)C[C@H](N(C)C)[C@H]2O)[C@](C)(O)CC(C)C(=O)C(C)[C@@H](O)[C@]1(C)O,1,train
55db2a1335adb30b1c9ae01ad359090a614e2f17,CCCNCC(O)COc1ccc(O)cc1C(=O)CCc1ccccc1,0,train
700894583a15010ed3c2a30876e568afef60f6e1,NCC(O)COc1ccccc1C(=O)CCc1ccccc1,0,train
435615e063c9cd3c121448fd920427879617280f,CCC[S+]([O-])CCCN(CC)CC(O)COc1ccc(C#N)cc1,1,train
22f9769fd018bd5d1bed297d5ef728334758a1b9,CC(CC(c1ccccc1)c1ccccc1)NC(C)(C)C,1,train
a8653b833e2a4bd5658aea87ed9fdf6c65bc5d69,CCCNCC(O)COc1ccccc1C(=O)CCc1ccccc1,1,train
39ad02ca35890212b85f59b25f796b668dbdd10d,COc1ccc(CCN(C)CCOc2ccc(NS(C)(=O)=O)cc2N)cc1OC,1,train
adbc10398abc92dda7f0473f9e6458c7a9934311,COc1ccc(CN(CCN(C)C)c2ccccn2)cc1,0,train
6cbe908a0311f387c64864be2d5cf380665766c6,COc1ccc(CCNC(C)COc2c(C)cccc2C)cc1OC,1,train
4b9d549de4528a04ce922d53f4decd2be7cae0ca,c1ccc(C2(c3ccccc3)CC2C2=NCCN2)cc1,1,val
ac490e7b73d5001113157072e03269e9345811fa,CCN(CC)CC#CCOC(=O)[C@](O)(c1ccccc1)C1CCCCC1,0,val
a8f2d2323fc931eb47029cf48270346c778b14ed,COc1cc2c(cc1OC)C1Cc3ccc(OC)c(OC)c3C(Cc3ccccc3)N1CC2,0,test
aaaa0c4c0368c1e343cd75b9bb14bfc34c88ba92,COC(=O)C1=C(C)N=C(C)C(C(=O)OCC(C)C)C1c1ccccc1[N+](=O)[O-],0,train
7469948bee57c119b74f9a8e4f2e7ee63b940061,CCN(CC)CCNC(=O)c1ccc(NC(C)=O)cc1,0,train
71a552e7870a573790225e242b87e7f91769480e,CN1Cc2ccccc2[C@@H](c2ccccc2)N=C1CCc1ccccc1,1,test
08dd219b3eb42d49a74729b6d3d5c0396d77520f,O=C1NCN(c2ccccc2)C12CCN(CCCC(c1ccc(F)cc1)c1ccc(F)cc1)CC2,1,train
d67474c41c6b531eb7b30e551cd284fd93395033,CCN(CC)CCCC(C)Nc1ccnc2cc(Cl)ccc12,1,train
c402852f93c2502caa0a860369087065e92776df,CCCCN(CCCC)CC(O)c1cc(Cl)cc2c1-c1ccc(Cl)cc1/C2=C/c1ccc(Cl)cc1,1,train
89cecb9703ec5c8d99603e6fe5f1d1ac5ba4cdc9,NC(CC(=O)N1CCCC1C(=O)NCc1ccc(C(=O)O)cc1)Cc1ccc(F)c(F)c1,0,train
9069c3ba9682ff56d69020af641b5ad4106c747a,NC(CC(=O)N1CCCC1C(=O)NCc1ccc(C(F)(F)F)cc1)Cc1ccccc1F,1,train
ad49d840669eda9272bbca4693a94cbd92b68cea,CC(C)C(Oc1ccc(CNC(=O)C2CCCN2C(=O)CC(N)Cc2cc(F)ccc2F)cc1)C(=O)O,0,train
879059b0c9e5aaf157d093987789e19b05ae13c7,COC(=O)Cc1ccc(CNC(=O)C2CSCN2C(=O)CC(N)Cc2ccccc2F)cc1,1,train
cfe0a18fd4bac280dab63f6864e0f5a50a0b900c,NCc1ccc(F)c(C2CCN(C(=O)c3cccc(-c4nc(-c5cccs5)no4)c3)CC2)c1,1,train
f09a39c7c2934b397135b68c95bec321270d28e5,NCc1ccc(F)c(C2CCN(C(=O)c3cc(C(=O)O)cc(-c4nc(-c5cccs5)no4)c3)CC2)c1,0,train
317fd0d49d09872499388f3cf17f3736707d421f,NCc1ccc(F)c(C2CCN(C(=O)c3cc(C(N)=O)cc(-c4nc(-c5cccs5)no4)c3)CC2)c1,0,train
2cdb646310fabe2fe333ccb351f6ffd1b54ea47d,CC(c1ccc(-c2ccc(F)cc2)cc1)C(N)C(=O)N1CC[C@H](F)C1,1,train
944be835bc0f063d557c0141293efe89e26203c3,O=C(O)C(CC1CCC1)N1C[C@H](CN2CCC(c3cnc4ccccn34)CC2)[C@@H](c2cccc(F)c2)C1,1,train
e99fae84980d39ad572ae63b8860403fdd5cf2a9,CC(c1ccc(-c2cccc(-c3nn[nH]n3)c2)cc1)C(N)C(=O)N1CC[C@H](F)C1,0,train
06c2dd1e6164adbad52f013cd82930ade6312b99,CC(c1ccc(-c2cccc(-c3nc(=O)o[nH]3)c2)cc1)C(N)C(=O)N1CC[C@H](F)C1,0,train
2648c987ebae529ef222c08890f62ee53d1093cf,COc1ccc([C@@H](O)C[C@H]2c3cc(OC)c(OC)cc3CCN2C)cc1,1,train
1610a7064299471691aa6c470bb860d0752b6109,COc1cc2c(cc1OC)[C@H](C[C@H](O)c1ccc(Cl)cc1)N(C)CC2,1,train
80462ba7046c5c296e8681c996c6d3145ad06564,COc1cccc(CN2CCCCCCC2)c1OCc1csc(-c2ccccc2)n1,1,train
d99244682d3bc77631673c576a490060b9f15328,COc1cccc(CN2CCCCCCC2)c1OCc1csc(-c2ccc(Cl)cc2)n1,1,train
2e70a804706ec70985daae88ec7b31ae5bbab542,Clc1ccc(-c2nc(COc3ccccc3CN3CCCCCCC3)cs2)cc1,1,train
59a6d3400e40a57e3144a7bb5163cbc9f740fe8a,Cc1cccc(C)c1NC(=O)CN1CCN(CCCC(c2ccc(F)cc2)c2ccc(F)cc2)CC1,1,train
994e145c61baf7056627e1c313813d36d64e0c04,Cc1ccc(O)c([C@H](CCN(C(C)C)C(C)C)c2ccccc2)c1,1,train
611478e264314ba9c10c8b56cea99cce61312f97,Cc1nc2n(c(=O)c1CCN1CCC(C3NOc4cc(F)ccc43)CC1)CCCC2,1,val
a840f262272874fd96416a1c4cff009d942b7da2,COc1cccc(C(=O)N2CCCC2)c1OCc1csc(-c2ccc(Cl)cc2)n1,1,train
23c620385a12ce1b1b2a2b86afb054e63aa2c800,O=C(c1ccccc1OCc1csc(-c2ccc(Cl)cc2)n1)N1CCCC1,1,train
534fc6de36c0ffa83f320200c207c588bcd46fdf,O=c1[nH]c2ccccc2n1CCCN1CCC(n2c(=O)[nH]c3cc(Cl)ccc32)CC1,1,test
fbf857dc9deeaa3145e3593aeda1802273fd8752,CCC(=O)N(c1ccccc1)C1CCN(CCc2ccccc2)CC1,1,train
fd484a026791719e1310d4183cf3ef6cc9e34c67,CC(C)(C)c1ccc(C(=O)CCCN2CCC(OC(c3ccccc3)c3ccccc3)CC2)cc1,1,val
686d3da7b70ee7d1ac9ac2ed6d203dc55060e5dd,CN1C2CCCC1CC(NC(=O)c1nn(C)c3ccccc13)C2,1,val
bb9f446bced4be3d0948a8b90d2a9e76271e7bab,CO[C@@]12CC[C@@]3(C[C@@H]1[C@](C)(O)C(C)(C)C)[C@H]1Cc4ccc(O)c5c4[C@@]3(CCN1CC1CC1)[C@H]2O5,1,val
1687dca6e88498a69b89ff87e6762aec34548350,CCC(=O)C(CC(C)N(C)C)(c1ccccc1)c1ccccc1,1,train
7792d406a490404c6f2b60ae4b72f9054162802d,C/C=C1/N(C)C(C)CC1(c1ccccc1)c1ccccc1,0,train
e042b6d1e89da990e49e550cbc0b2875b2993489,O=c1cc(NC2CCN(Cc3ccc4c(c3)OCO4)CC2)c2cc(Cl)ccc2o1,1,test
ddd7c89846c19f48e60e169b184a34ef6019f182,CC(C)(C)C1CCC2(CC1)CCN(c1ccc(OC(F)(F)F)cc1)C(=O)N2Cc1ccc(C(=O)Nc2nn[nH]n2)cc1,1,train
9f785f14ce9553662eb8de21f05873cfb541fe79,COc1ccc(OC(F)(F)F)cc1CN[C@H]1CCCN[C@H]1c1ccccc1,1,train
d4846ca4780cfbaa546fb1a3969c0ff33a66ea1f,O=c1[nH]nc(C2CC3(c4ccccc4)NC2CCC3NCc2cc(OC(F)(F)F)ccc2OC2CC2)[nH]1,1,train
4e08c108b1dcdc75df21a03c1230efdaa3ab83cb,O=C(O)C1CC2(c3ccc(F)cc3)NC1CCC2NCc1cc(OC(F)(F)F)ccc1OC1CC1,1,train
43295bd8e2a2e672772a98109e505a33d9765199,O=S(=O)(NCC1CC2(c3ccc(F)cc3)NC1CCC2NCc1cc(OC(F)(F)F)ccc1OC1CC1)c1ccccc1,1,train
ed44b2ba77cd561d199945449e00f569dd455401,CS(=O)(=O)NCC1CC2(c3ccc(F)cc3)NC1CCC2NCc1cc(OC(F)(F)F)ccc1OC1CC1,1,train
f7e66c734a18a1bf2cab61b6a2476e4f6eb752a5,OCC1CC2(c3ccccc3)NC1CCC2NCc1cc(OC(F)(F)F)ccc1OC1CC1,1,train
aa96254e46ab63730b47c357f11d08b16c596b65,FC(F)(F)Oc1ccc(Cl)c(CNC2CCC3CCC2(c2ccccc2)N3)c1,1,train
5d0539b501144ad499d07ac1c7ff859f449614f0,FC(F)(F)Oc1ccc(OC2CC2)c(CNC2CCC3CCC2(c2ccccc2)N3)c1,1,train
5414c2d4103665bff51bf007ca3bcfb28db6ff03,COc1ccc(OC(F)(F)F)cc1CNC1CCC2CCC1(c1ccccc1)N2,1,train
73550bf284499219c4759f95f77ba78b8080d4c9,CN(C)[C@H]1CC[C@](c2ccccc2)(N2CCC(c3cc(C(F)(F)F)cc(C(F)(F)F)c3)C2=O)CC1,1,train
e2778e3c1da9c3d1f3d48ba552f53557eb341ffb,CC(C(=O)N[C@]1(c2ccccc2)CC[C@@H](N2CCN(c3ccccc3)C(=O)C2)CC1)c1cc(C(F)(F)F)cc(C(F)(F)F)c1,1,test
4274bdf17bca5e85e1783c22719d08338ba6e5c1,CC(C(=O)N[C@]1(c2ccccc2)CC[C@@H](N2CCC3(CCOC3)CC2)CC1)c1cc(C(F)(F)F)cc(C(F)(F)F)c1,1,train
f7ac24ef35dd8d57eee8a346bcd6c2987637ecd3,COC1(c2cc(C(F)(F)F)cc(C(F)(F)F)c2)CCN([C@]2(c3ccccc3)CC[C@@H](N3CCC4(CCOC4)CC3)CC2)C1=O,1,train
c1117ea9c16a284a5b47480449999a97e6f95c4f,CC1(c2cc(C(F)(F)F)cc(C(F)(F)F)c2)CCN([C@]2(c3ccccc3)CC[C@@H](N3CCN(c4ccccc4Cl)C(=O)C3)CC2)C1=O,1,train
f633390f368fb24767c9ffcb3717c008ee2712c6,CC1(c2cc(C(F)(F)F)cc(C(F)(F)F)c2)CCN([C@]2(c3ccccc3)CC[C@@H](N3CCN(c4ccccc4)C(=O)C3)CC2)C1=O,1,train
abbee76904ebc354f6abfad8b164c71ac405abcb,CC1(c2cc(C(F)(F)F)cc(C(F)(F)F)c2)CCN([C@]2(c3ccccc3)CC[C@@H](N3CCC4(CCOC4)CC3)CC2)C1=O,1,train
6724c014d3e42a51263212fd58edd6407fad99a7,O=C1N([C@]2(c3ccccc3)CC[C@@H](N3CCC4(CCOC4)CC3)CC2)CCC1(O)c1cc(C(F)(F)F)cc(C(F)(F)F)c1,1,train
9c4e3bbdd077a1937dc50d1d5fa34dee2a58514b,O=C1CN([C@H]2CC[C@](c3ccccc3)(N3CCCC(c4cc(C(F)(F)F)cc(C(F)(F)F)c4)C3=O)CC2)CCN1c1ccccc1,1,test
7c6ea287a19507c56d59ac95b63d01158e549806,O=C1CN([C@H]2CC[C@](c3ccccc3)(N3CCC(c4cc(C(F)(F)F)cc(C(F)(F)F)c4)C3=O)CC2)CCN1c1ccccc1,1,train
6ee815e5470800c44d1d48d789c02751b7737447,O=C1C(c2cc(C(F)(F)F)cc(C(F)(F)F)c2)CCCN1[C@]1(c2ccccc2)CC[C@@H](N2CCC3(CCOC3)CC2)CC1,1,val
30ff8fa1e00bdb16e32f9f56a109451c5c6d2550,O=C1C(c2cc(C(F)(F)F)cc(C(F)(F)F)c2)CCN1[C@]1(c2ccccc2)CC[C@@H](N2CCC3(CCOC3)CC2)CC1,1,train
640bbd08f4d60d92cf9d13b4d31f121874ac9487,CC(c1ccc(-c2ccc(=O)[nH]c2)cc1)C(N)C(=O)N1CC[C@H](F)C1,1,train
158705ef1995530c505f4842fa49e17ae10a44b4,O=C(C(O)C1CC1)N1CC(c2cc(F)ccc2F)=C[C@H]1c1ccccc1,0,train
0996078f63028572fc625a33691be9186f7d916a,CC(C)(C)C(NC(=O)OCCO)C(=O)N1CC(c2cc(F)ccc2F)=C[C@H]1c1ccccc1,0,train
01055bef76dca77ce5da86042000be0fd5ef4e08,CC(C)C(N)C(=O)N1CC(c2cc(F)ccc2F)=C[C@H]1c1ccccc1,1,train
d68127cab76b1f40040bb1110c41318e87c7d258,CC(C)(CN)C(=O)N1CC(c2cc(F)ccc2F)=C[C@H]1c1ccccc1,1,train
96cef93897ef647b16672855ada8f7655d533e8c,CN(C(=O)N1CC(c2cc(F)ccc2F)=CC1c1cccc(O)c1)C1CCNCC1,1,train
589cf4e38b17e1c7d2cc4bf173ca5e262d15d801,CN(C)C(=O)N1CC(c2cc(F)ccc2F)=C[C@H]1c1cccc(O)c1,0,train
9d0955fd4b451b61f307c19e3d2a2263ea6a5a19,CC(C)C(N)C(=O)N1CC(c2cc(F)ccc2F)=C[C@H]1c1cccc(O)c1,1,train
d6c86ff1feaa9b28e996852ea4eb74518ec4dfe8,FC(F)(F)c1cc(COC2CCC3CCC2(c2ccccc2)N3)cc(C(F)(F)F)c1,1,train
246125b6fc98236600e089122f3a06e7bb9d4016,C[C@@H](OC1CCC2NC1(c1ccccc1)CC2c1nnnn1C)c1cc(C(F)(F)F)cc(C(F)(F)F)c1,1,train
366ae006b8ee874e1f016616115f7ee7754782a9,C[C@@H](OC1CCC2NC1(c1ccccc1)CC2c1nnn(C)n1)c1cc(C(F)(F)F)cc(C(F)(F)F)c1,1,train
3afc1284e64f733e2522d42feb9953415152c68e,Cn1nnnc1C1CC2(c3ccccc3)NC1CCC2OCc1cc(C(F)(F)F)cc(C(F)(F)F)c1,1,train
50fdf09526ebdd509e968da98ea449a48da315be,Cn1nnc(C2CC3(c4ccccc4)NC2CCC3OCc2cc(C(F)(F)F)cc(C(F)(F)F)c2)n1,1,train
8f6065e996af3aa9eaecc0e35d2fc57a3162d9c0,C[C@@H](OC1CCC2NC1(c1ccccc1)CC2S(=O)(=O)c1ccccc1)c1cc(C(F)(F)F)cc(C(F)(F)F)c1,1,train
49caf5701214f45124c1191dfda2ccc520eaf182,O=S(=O)(c1ccccc1)C1CC2(c3ccccc3)NC1CCC2OCc1cc(C(F)(F)F)cc(C(F)(F)F)c1,1,train
c7b4e86dddbd39f891d7088f230f3a5c0ed41804,COc1ccc(Br)cc1CCc1c(Cl)cccc1C(=O)N=C(N)N,1,train
ea6473f17808f400c9f62810280cad786058a1c6,COc1ccc(Br)cc1CCc1c(Cl)cccc1C1=NCCN1,1,test
f81af582d5065de48684c654c13b1e8de0ee159a,COc1ccccc1Oc1cccc(CN2CCC(NC(=O)C3(c4ccccc4)CCNCC3)CC2)c1,1,train
cffd7bc1d7f7431cd895866fb8496ba28b07b6a8,O=c1cc(NC2CCN(Cc3ccc4c(c3)OCO4)CC2)c2cc(Cl)ccc2[nH]1,1,train
e32f3b3f78e514488ada66e54dbc792b72197876,Cn1c(=O)nc(NC2CC3CCC(C2)N3Cc2ccc3c(c2)OCO3)c2cc(Cl)ccc21,1,train
4ff00a1d9d69fb8a44093f037eb8dcc69b5df9e2,O=c1nc(NC2CC3CCC(C2)N3Cc2ccc3c(c2)OCO3)c2cc(Cl)ccc2n1CC(F)(F)F,1,train
e8bfd4d0881684b46bdb7ae83052532b61b57580,CCCCCn1c(=O)nc(NC2CCN(Cc3ccc4c(c3)OCO4)CC2)c2cc(Cl)ccc21,1,train
4f32e6a49afdf32a3f0d24e3bebb2f7e0054d792,O=c1nc(NC2CCN(Cc3ccc4c(c3)OCO4)CC2)c2cc(Cl)ccc2n1CC(F)(F)F,1,train
41eb76e31ae3a9b7352c2d6a45d10284b3aa3201,O=c1nc(NC2CCN(Cc3ccc4ccccc4c3)CC2)c2cc(Cl)ccc2n1CC(F)(F)F,1,train
5235cfbbfe91f3f2062611cb3460d5ecd77f7c45,Cn1c(=O)nc(NC2CCN(Cc3ccc4ncccc4c3)CC2)c2cc(Cl)ccc21,1,val
3137d319f714e635e94e35035f31877cdb3507f9,Cn1c(=O)nc(NC2CCN(Cc3ccc4c(c3)OCO4)CC2)c2cc(Cl)ccc21,1,train
90f98d6ec50aae3d913397c814aab7babedc5dc8,Cn1c(=O)nc(NC2CCN(Cc3ccc4ccccc4c3)CC2)c2cc(Cl)ccc21,1,train
8a7929aac13770facf9ba43ba604ecfa1d7ed144,COC(=O)c1c(NC2CCN(Cc3ccc4c(c3)OCO4)CC2)c2cc(Cl)ccc2n(C)c1=O,1,train
851f7e2fd13ddcce1700c491a3ebce4939d135f2,N#Cc1c(NC2CCN(Cc3ccc4c(c3)OCO4)CC2)c2cc(Cl)ccc2[nH]c1=O,1,train
8ba1e10d6118edf73652c9ac4bbe3ff6826479f4,O=c1cc(NC2CCN(Cc3ccc4c(c3)OCO4)CC2)c2cc(Cl)ccc2n1Cc1ccccn1,1,test
671df6a0ce03375583a01305886fff0805a3c881,O=c1cc(NC2CCN(Cc3ccc4ccccc4c3)CC2)c2cc(Cl)ccc2n1Cc1ccccn1,1,test
6347fce1c6f99608e42dbe3a0f53b22852d3bcb1,O=c1cc(NC2CCN(Cc3ccc4c(c3)OCO4)CC2)c2cc(Cl)ccc2n1Cc1ccncc1,1,test
0c7b98776836ee073edacae4312ad81a3b7a4bfb,O=c1cc(NC2CCN(Cc3ccc4c(c3)OCO4)CC2)c2cc(Cl)ccc2n1Cc1ccccc1,1,val
d085d2dcc0ba1413985fa9d3847ba46701a991b0,Cn1c(=O)cc(NC2CCN(Cc3ccc4c(c3)OCO4)CC2)c2cc(OC(F)(F)F)ccc21,1,train
0162d4e66418d2b97f51a851355ae110bee3d52f,COc1ccc2c(c1)c(NC1CCN(Cc3ccc4c(c3)OCO4)CC1)cc(=O)n2C,1,train
6f47d1990da550935bc0d547e2d84785a198a04a,Cn1c(=O)cc(NC2CCN(Cc3ccc4ccccc4c3)CC2)c2cc(Cl)ccc21,1,val
0f00904fdfee41f3f4337b55107c5b1a267cc004,Cn1c(=O)cc(NC2CCN(C/C=C/c3ccccc3)CC2)c2cc(Cl)ccc21,1,test
efaf17af2560921f893efa62be6e910e7b4187a2,C[C@@H](O[C@H]1CCn2ccnc2C[C@@H]1c1ccc(F)cc1)c1cc(C(F)(F)F)cc(C(F)(F)F)c1,1,val
0fa2ac956773ef6888dc538424c01d5af3197167,C[C@@H](O[C@H]1CCc2nccn2C[C@@H]1c1ccc(F)cc1)c1cc(C(F)(F)F)cc(C(F)(F)F)c1,1,test
df97b4829b8cc31e6c18a9dabefdbc993819458a,C[C@@H](O[C@H]1CCC(=O)N(C)[C@@H](C)[C@@H]1c1ccc(F)cc1)c1cc(C(F)(F)F)cc(C(F)(F)F)c1,1,train
5c3abf3e158036559eb4c3748191b75b27fa782b,CC1C[C@H](O[C@H](C)c2cc(C(F)(F)F)cc(C(F)(F)F)c2)[C@@H](c2ccc(F)cc2)CN(C)C1=O,1,train
2e37e95e04f1c6726f6b3688a560eb74165cab4f,CC1C[C@H](O[C@H](C)c2cc(C(F)(F)F)cc(C(F)(F)F)c2)[C@@H](c2ccc(F)cc2)CNC1=O,1,train
04b6e9b7161d27323d8ed34a1b7afc354ca2a1f6,C[C@@H]1C[C@H](O[C@H](C)c2cc(C(F)(F)F)cc(C(F)(F)F)c2)[C@@H](c2ccc(F)cc2)CC(=O)N1,1,train
0e6ef16f60e23a76668f82c433400b1298a31712,O=S(=O)(c1ccc(F)cc1)N1CCN(CCc2ccc(F)cc2F)CC1,1,test
71ba0c3b6c0527d3c1b03f016592b5930bf3ce79,N#Cc1c[nH]c2c(C(=O)N3CCN(CCc4ccc(F)cc4F)CC3)cccc12,1,test
72ca79c8cee80f4ec4e9bb7b964fb26a8e8d29b6,O=C(NC1CC1)c1cc(NCc2cnc(Nc3ccccn3)s2)c(F)cc1F,0,test
c28cd20f531d866852689178a9f8f0de8b9b92b6,CNC1CCN(c2ccc(NC(=O)c3ccc(-c4ccccc4)cc3)cn2)C1,1,train
72d06affe98f9f0b164b6af6e9d86505c83feaf3,CCOc1ccccc1C[C@H](c1ccccc1)N1CCNCC1,1,train
29bb5260b19b2100f4d630c6f9323e67c5c24af8,O=C(NC1CCN(Cc2ccc3c(c2)OCO3)CC1)c1cc(=O)c2cc(F)c(F)cc2o1,1,val
31cec970cecff4fe0953ecd533579349efcb149a,COc1ccc2c(=O)n(CC(O)CO)c(C#N)c(-c3cccc(F)c3)c2c1,0,train
ebf3485a6e201dcafc6b4b328050e443588abef8,COc1ccc2c(=O)n(CC(O)CO)c(C#N)c(-c3cccc(C(F)(F)F)c3)c2c1,0,train
8f568308b37f1da48eab43d4c9745de151304e57,COc1ccc2c(=O)n(C[C@@H](O)CO)c(C#N)c(-c3ccccc3)c2c1,0,train
68d5451a5a61a7a1801b1816b140373c962c0ba2,COc1ccc2c(=O)n(CC(CO)NCc3cccnc3)c(C#N)c(-c3ccccc3)c2c1,1,test
aed395a734d706661d83e1b1c6d032ea4284a332,COCCN(C)CCn1c(C#N)c(-c2cccc(F)c2)c2cc(OC)ccc2c1=O,1,train
0d384cadf03f6a64a59d1a8cf83259ae20bef098,COc1ccc2c(=O)n(CCO)c(C#N)c(-c3cccc(F)c3)c2c1,0,train
ada840d57f13a6662335c2bea445e8a6c8fbd159,COc1ccc2c(-n3cnc(C)c3)nc(C#N)c(-c3cccc(F)c3)c2c1,0,val
3e07aa204718b82371a45878adcececd61ab2f07,COc1ccc2c(NC[C@H](O)CO)nc(C#N)c(-c3ccccc3)c2c1,0,train
711d716ac8d3163f3f0c146cd6a77dbe24d974e3,COc1ccc2c(OC[C@H](O)CO)nc(C#N)c(-c3ccccc3)c2c1,0,train
0a8c69a4f62f4e928c7cf26084aefbbf229a5c12,COc1ccc2c(=O)n(C)c(CN(C)C)c(-c3ccccc3)c2c1,1,train
0f8e37fdd685e834445302ee31f1b15029631602,O=C(NC1CCN(Cc2ccc3occc3c2)CC1)c1cc(=O)c2ccc(F)cc2o1,1,train
ce716fabfdbb518a069b566ba7e19f710f035be6,O=C(NC1CCN(Cc2ccc3sccc3c2)CC1)c1cc(=O)c2ccc(F)cc2o1,1,test
a79c692b79473528d88a0eb87145934037da3b70,O=C(NC1CCN(Cc2ccc3[nH]ccc3c2)CC1)c1cc(=O)c2ccc(F)cc2o1,1,test
e4824c54d0c565d29136feffb0739d715ada1537,O=C(NC1CCN(Cc2ccc3cc[nH]c3c2)CC1)c1cc(=O)c2ccc(F)cc2o1,1,train
9938c8b3e83cec9ff7c94ff4c722f38084fe7d39,O=C(NC1CCN(Cc2ccc3ncoc3c2)CC1)c1cc(=O)c2ccc(F)cc2o1,0,train
eb19b2d78f1a95a1dcdb20622ace1c2b54288e94,CCc1nc2ccc(CN3CCC(NC(=O)c4cc(=O)c5ccc(F)cc5o4)CC3)cc2o1,0,train
5f4fbef750b672d759040f1719c360a41466286c,CCc1nc2cc(CN3CCC(NC(=O)c4cc(=O)c5ccc(F)cc5o4)CC3)ccc2o1,0,test
2c2d125ef8dd1024335f8918f3149319efcce466,O=C(NC1CCN(Cc2ccc3oc(=O)[nH]c3c2)CC1)c1cc(=O)c2ccc(F)cc2o1,0,train
e16bf242b520b3d4b08fab18d3bc7ff37ba6e505,O=C(NC1CCN(Cc2ccc3oc(=O)oc3c2)CC1)c1cc(=O)c2ccc(F)cc2o1,0,val
7be7e898db2f37a10307d523d1757742326c7a68,O=C1COc2ccc(CN3CCC(NC(=O)c4cc(=O)c5ccc(F)cc5o4)CC3)cc2N1,1,train
fdc7a85aa8bd7200524a3644c6c3917cd90bbc72,O=C(NC1CCN(Cc2ccc3ccc(=O)[nH]c3c2)CC1)c1cc(=O)c2ccc(F)cc2o1,0,train
afb9974de2022ae0ebc4765c76856cec0eb4e2f5,Cn1c(=O)ccc2ccc(CN3CCC(NC(=O)c4cc(=O)c5ccc(F)cc5o4)CC3)cc21,0,train
b66923d852b22d0436c0ab8cc477da32fbf39d18,O=C(NC1CCN(Cc2ccc3ccc(=O)oc3c2)CC1)c1cc(=O)c2ccc(F)cc2o1,0,train
6fb84cb1a068d93e0f6aa3862a63ec797c34538c,CC(=O)Nc1cccc(CN2CCC(NC(=O)c3cc(=O)c4ccc(F)cc4o3)CC2)c1,0,train
6201b090d894344838cef42b428faec50811a072,O=C(NC1CCN(C2CCc3cc4c(cc32)OCO4)CC1)c1cc(=O)c2cc(F)ccc2o1,1,val
928fd49d828c2b3118346818a86882f2e7367585,O=C(NC1CCN(C2CCc3c2ccc2c3OCO2)CC1)c1cc(=O)c2cc(F)ccc2o1,1,train
bda480eaabd166176c776ffb2b14700fca6e8055,O=C(NC1CCN(C2CCc3cc4oc(=O)[nH]c4cc32)CC1)c1cc(=O)c2ccc(F)cc2o1,0,test
03d369f2946bff18d42ff76b5a55180a0cd1e0b9,O=C1COc2cc3c(cc2N1)C(N1CCC(NC(=O)c2cc(=O)c4ccc(F)cc4o2)CC1)CC3,0,val
14c8ef720c1224f10fca8077d3d2abd14f55bc81,CC(=O)Nc1ccc2c(c1)C(N1CCC(NC(=O)c3cc(=O)c4ccc(F)cc4o3)CC1)CC2,0,val
a73b6f4e3c9b8520229e40e1b96cbf17e4865b77,CN(C)Cc1ccc2c(c1)CC[C@H](N(C)C(=O)c1ccc(-c3ccc(F)cc3)cc1)C2,1,train
43edcdf0f2cf2950fa0faff7514f551d73c2c518,CN(C)Cc1ccc2c(c1)CC[C@H](N(C)C(=O)c1ccc(-c3ccc(Cl)cc3)cn1)C2,1,train
1f5b8a83a785caa85647374ba4edaf2b6e744623,CN(C)Cc1ccc2c(c1)CC[C@H](N(C)C(=O)c1ccc(-c3ccc(Cl)cc3)nc1)C2,1,train
5e0ca3bf40b92ec59b4619d65792b51f5a5fe45b,CN(C)Cc1ccc2c(c1)CC[C@H](N(C)C(=O)c1ccc(-c3ccc(F)cc3)cn1)C2,1,train
a5b6edee1a81b5d7a35b1f31cd43fbf25f0b389a,CN(C)Cc1ccc2c(c1)CC[C@H](N(C)C(=O)c1ccc(-c3ccc(F)cc3)nc1)C2,1,train
3c1e022a395ec7459d7a257d694f4d701e4d5236,CN(C)Cc1ccc2c(c1)CC[C@H](N(C)C(=O)c1ccc(-c3ccc(Cl)cn3)cc1)C2,0,train
71d58055bac3f87f0b17d4b4af5e9f01ea2ce789,CN(C)Cc1ccc2c(c1)CC[C@H](N(C)C(=O)c1ccc(-c3ccccc3)cn1)C2,0,train
d1fc4d67c78a1916548cf514cf26e2c4098f788b,CN(C)Cc1ccc2c(c1)CC[C@H](N(C)C(=O)c1ccc(-c3ccccn3)cc1)C2,0,train
12bb9e8da67fbf98fdb231e6413a7a36f4a51296,CN(CC(=O)N(C)C)Cc1ccc2c(c1)CC[C@H](N(C)C(=O)c1ccc(-c3ccc(F)cc3)cc1)C2,1,train
f85cfe6b922d64335fd43f0d9f147be24e4794e0,CN(C)C(=O)C1CCCN1Cc1ccc2c(c1)CC[C@H](N(C)C(=O)c1ccc(-c3ccc(F)cc3)cc1)C2,1,test
e61de419194dad7d0d5340bc20c9d6fb1b767c39,CN(C(=O)c1ccc(-c2ccc(F)cc2)cc1)[C@H]1CCc2cc(CN3CCN(C(N)=O)CC3)ccc2C1,1,test
271354b12e64444052a509611025aad29c36f851,CCN(CC)Cc1ccc2c(c1)CC[C@H](N1CCN(CCc3cccc(C(F)(F)F)c3)CC1=O)C2,1,train
bf3ef839c06fffe40b2fcdf8255137f284fd488b,CCN(CC)Cc1ccc2c(c1)CC[C@H](N1CCN(CCC3CCCS3)CC1=O)C2,0,test
dd1099d7427d6b996199e00174605072664e722e,O=C1CN(CCc2ccc(F)cc2)CCN1[C@H]1CCc2cc(CN3CCOCC3)ccc2C1,0,val
b0841568f8501d3d2adaecac92b2623171e6d450,CN(C)C(=N)c1ccc(C(=O)Nc2ccc(Sc3ccccc3)cc2C(=O)Nc2ccc(Cl)cn2)cc1,1,train
51bde237a9265d4e9fddd74cef4234ea387828b5,Cc1cc(C(=O)Nc2ccc(-c3ccccc3CN3CCCCC3)cc2F)n(-c2cc3ccccc3cc2F)n1,1,train
e6e3d2ada884acc0f4046124c54de75ccb285f0c,CC(=N)N1CCC(Oc2ccc(N(Cc3ccc4ccc(C(=N)N)cc4c3)S(C)(=O)=O)cc2)CC1,1,train
29d85047818b0784aab4a6e2d7a904d83226a868,C/C(=C(\F)C(=O)Nc1ccc(-c2ccccc2S(N)(=O)=O)cc1)c1cccc(C(=N)N)c1,1,train
6d67f92041420ac51dfffcaf5c32e7295fec9105,Cc1cc(C(=O)Nc2ccc(C(=N)N3CCCC3)cc2)n(-c2cc3ccccc3cc2C#N)n1,1,val
c04387433717a96f625739da06823a0672b38944,CCOC(=O)C1CN(S(=O)(=O)c2cc3cc(Cl)ccc3[nH]2)CC(=O)N1Cc1ccc(C(=N)N(C)C)cc1,1,test
971e62bead991c82fefae6ae8fd09451d21ce5de,CN1CCN=C1c1ccc(C(=O)N2CCN(S(=O)(=O)c3cc4ccc(Cl)cc4s3)CC2CC(=O)N2CCOCC2)cc1,1,train
d9e3b949e5d83ffcbb60d243f303fc65a46eceb5,CCOC(=O)C1CCN(c2cc(C(=N)N(C)C)ccc2C(=O)Nc2ccc(OC)cc2C(=O)Nc2ccc(Cl)cn2)CC1,1,train
ecde6d4ce08fdc7b3ea96a869dbd7eea1a161d51,COc1ccc(NC(=O)c2ccc(C(=N)N(C)C)cc2N2CCCCC2)c(C(=O)Nc2ccc(Cl)cn2)c1,1,train
7e214cbc78747c409b79a62f6b5887758578ab77,CN(C)C(=N)c1ccc(C(=O)Nc2ccc(Cl)cc2C(=O)Nc2ccc(Cl)cn2)c(N2CCCC(C(=O)O)C2)c1,1,train
9a0dcb16c434c4b0667c1d34e20c79fc1ae98526,CN(C)C(=N)c1ccc(C(=O)Nc2ccc(Cl)cc2C(=O)Nc2ccc(Cl)cn2)c(N2CCCCC2)c1,1,train
35394a9ee4f4e2c80c6f4b7777639588398d3159,CN(CCCC(=O)O)C(=N)c1ccc(C(=O)Nc2ccc(Cl)cc2C(=O)Nc2ccc(Cl)cn2)cc1,1,train
5d32e7e10724dffaa8fb2d3ec7b34fa0f1595b23,CN(CC(=O)O)C(=N)c1ccc(C(=O)Nc2ccc(Cl)cc2C(=O)Nc2ccc(Cl)cn2)cc1,1,train
54f10d2a7c2986cace5d033f72f7fe755d7e34d3,CN(C)C(=N)c1ccc(C(=O)Nc2ccc(Cl)cc2C(=O)Nc2ccc(Cl)cn2)cc1,1,train
483887b34e622cbb15da04410403dc00ce40700c,CCOC(=O)C1CCN(C(=N)c2ccc(C(=O)Nc3c(OC)cc(Cl)cc3C(=O)Nc3ccc(Cl)cn3)c(F)c2)CC1,1,train
842e58cb32970ab545ac8cb1543bb17660224301,CCOC(=O)C1CCN(C(=N)c2ccc(C(=O)Nc3ccc(Cl)cc3C(=O)Nc3ccc(Cl)cn3)cc2)CC1,1,train
78c618c636b0bebdc1980fab4a6638e2c618bed7,CCOC(=O)C1CCCN(C(=N)c2ccc(C(=O)Nc3ccc(Cl)cc3C(=O)Nc3ccc(Cl)cn3)cc2)C1,1,train
542eb1fd92512fc007bd21e72829ec88a396fa78,CCOC(=O)COc1ccc(NC(=O)c2ccc(C(=N)N(C)C)cc2)c(C(=O)Nc2ccc(Cl)cn2)c1,1,train
8227d351a5af4f7e18b35b8966158fc1db778cad,COC(=O)CCc1ccc(NC(=O)c2ccc(C(=N)N(C)C)cc2)c(C(=O)Nc2ccc(Cl)cn2)c1,1,train
532bccbe9755cdfcd88913934a85cefb6895ff2c,COC(=O)c1ccc(Oc2ccc(NC(=O)c3ccc(C(=N)N(C)C)cc3)c(C(=O)Nc3ccc(Cl)cn3)c2)cc1,1,train
a76efb540bcd3a1ccfe9b21fe9925df61e0d3ff5,CN(C)C(=N)c1ccc(C(=O)Nc2ccc(Sc3ccc(C(=O)O)cc3)cc2C(=O)Nc2ccc(Cl)cn2)cc1,1,train
aab70a4d825441c0a2ec169721e643051bc33789,CN(C)C(=N)c1ccc(C(=O)Nc2ccc(Sc3ccc(C(=O)N(C)C)cc3)cc2C(=O)Nc2ccc(Cl)cn2)cc1,1,train
6d49468113659699c248a044da75ec3677fb3d05,COC(=O)c1ccc(Sc2ccc(NC(=O)c3ccc(C(=N)N(C)C)cc3)c(C(=O)Nc3ccc(Cl)cn3)c2)cc1,1,train
9208df0578fe3889ddfca2976fc335f255ec5a66,COC(=O)N(NC(=O)c1c(OCCN(C)C)c(-c2ccccc2)nc2ccccc12)c1ccccc1,1,train
3a71e18fd11ebf90cd0a2c91dcd6455793948510,COC(=O)N(NC(=O)c1c(CN2CCN(C3(C)CCCCC3)CC2)c(-c2ccccc2)nc2c(F)cccc12)c1ccccc1,1,train
5fca7582f20bcaf0b7c9c40714d46983816fd06a,COC(=O)N(NC(=O)c1c(CN2CCNCC2)c(-c2ccccc2)nc2c(F)cccc12)c1ccccc1,1,train
510dcfd57bc8ef566dcf17a47fef8e57297d5a33,COC(=O)N(NC(=O)c1c(CC2CCN(C3CCOCC3)CC2)c(-c2ccccc2)nc2ccccc12)c1ccccc1,1,val
f54517de298d6e2569ca90a206599bd8c32d199c,COC(=O)N(NC(=O)c1c(CC2CCNCC2)c(-c2ccccc2)nc2ccccc12)c1ccccc1,1,test
21f90775a7e3c961c4686451a19188ce379835b4,COC(=O)N(NC(=O)c1c(CN2CCN(S(=O)(=O)c3ccccc3)CC2)c(-c2ccccc2)nc2ccccc12)c1ccccc1,1,test
2115a2b51b999db9e61ceacc496cb7cd58b612ac,COC(=O)N(NC(=O)c1c(CN2CCN(Cc3ccccc3)CC2)c(-c2ccccc2)nc2ccccc12)c1ccccc1,1,train
6cfdb78562d071d40e7d744d6db056cb39bb709a,COC(=O)N(NC(=O)c1c(CN2CCN(C3CCSCC3)CC2)c(-c2ccccc2)nc2ccccc12)c1ccccc1,1,val
955af7e8c3a5fcfb930dfd5af3745d084dd7dfce,COC(=O)N(NC(=O)c1c(CN2CCN(C3CCOCC3)CC2)c(-c2ccccc2)nc2ccccc12)c1ccccc1,1,train
2e353ab434a8a53e75742a343f29346b19089e90,COC(=O)N(NC(=O)c1c(CN2CCN(C3CCCCC3)CC2)c(-c2ccccc2)nc2ccccc12)c1ccccc1,1,train
a9da7d98eb885c72e0ff55fd289a85c72debe73e,COC(=O)N(NC(=O)c1c(CN2CCN(C(C)C)CC2)c(-c2ccccc2)nc2ccccc12)c1ccccc1,1,train
0c0154a3d73edd0434a19983052fc2a3b2e13284,COC(=O)N(NC(=O)c1c(CN2CCN(C)CC2)c(-c2ccccc2)nc2ccccc12)c1ccccc1,1,train
479149dd2a1385257b9ec21633c51cd981267e2e,COC(=O)N(NC(=O)c1c(CN2CCNCC2)c(-c2ccccc2)nc2ccccc12)c1ccccc1,1,train
020be6dba63ee1fc918b5c6a079922d2d706e38c,COC(=O)N(NC(=O)c1c(CN2CCCCC2)c(-c2ccccc2)nc2ccccc12)c1ccccc1,1,train
21ee5c88dd4471b3c39d2f0f56e672b73c0ee363,COC(=O)N(NC(=O)c1c(OC2CCN(C(C)(C)C)CC2)c(-c2ccccc2)nc2ccccc12)c1ccccc1,1,val
05fb0017b93ee724768711a2f95a0e89725db458,COC(=O)N(NC(=O)c1c(OC2CCN(C3CCOCC3)CC2)c(-c2ccccc2)nc2ccccc12)c1ccccc1,1,train
0581eec4a956b02c29ed59b8b2c1eaf319ab0c99,c1ccc(COc2ccc(CCNc3ccncc3)cc2)cc1,1,val
77e53c6ed25e8ada8f34d5718790cc33abe0fd4a,CC#Cc1cc(-c2[nH]nc3c2Cc2cc(CN4CCN(C)CC4)ccc2-3)cs1,1,train
3449a0901f8b8d0d276911d0fdd0f43e89d2e555,CN1CCN(Cc2ccc3c(c2)Cc2c(-c4csc(C#CCOc5ccc(CN6CCOCC6)cc5)c4)n[nH]c2-3)CC1,1,train
448b49296f113dfcdd9cc8ae71790e4b08518080,CCCC#Cc1cc(-c2[nH]nc3c2Cc2cc(CN4CCN(C)CC4)ccc2-3)cs1,1,train
4099d1064a3c25e970dfdffbd2ded4873e12b473,COCC#Cc1cc(-c2[nH]nc3c2Cc2cc(CN4CCN(C)CC4)ccc2-3)cs1,1,train
1903d7077cb1ff3271bd33c775c68901320a991f,CN1CCN(Cc2ccc3c(c2)Cc2c(-c4csc(C#CCCOc5ccccc5)c4)n[nH]c2-3)CC1,1,val
e7881218262241819a5df989b711c3c8bd1d3d76,CN1CCN(Cc2ccc3c(c2)Cc2c(-c4csc(C#CCOc5ccccc5Cl)c4)n[nH]c2-3)CC1,1,train
a127cf7249e409992fc79beb85feac1847b7c288,CN1CCN(Cc2ccc3c(c2)Cc2c(-c4csc(C#CCOc5cccc(Cl)c5)c4)n[nH]c2-3)CC1,1,train
ec49516941ef299d2038e7f167f2e223f844b992,CN1CCN(Cc2ccc3c(c2)Cc2c(-c4csc(C#CCOc5ccc(Cl)cc5)c4)n[nH]c2-3)CC1,1,train
b76e2821f4c41c46194cc3dc02475d78327c2e7c,Cc1ccc(OCC#Cc2cc(-c3[nH]nc4c3Cc3cc(CN5CCN(C)CC5)ccc3-4)cs2)cc1C,1,val
4d17bfd6b1b893d635074720198d4d7d8c70e6ea,CN1CCN(Cc2ccc3c(c2)Cc2c(-c4csc(C#CCOc5cccnc5)c4)n[nH]c2-3)CC1,1,train
1931606afef8c1e6cbd21fbedf98335c26179ee0,CN1CCN(Cc2ccc3c(c2)Cc2c(-c4csc(C#CCCc5ccccc5)c4)n[nH]c2-3)CC1,1,train
8deba739c4244752c233920a9186d7b40aee7d2e,CN1CCN(Cc2ccc3c(c2)Cc2c(-c4csc(C#CCNc5ccccc5)c4)n[nH]c2-3)CC1,1,train
892948aef9871b54f9483923923aaaa4edf7c859,CN1CCN(Cc2ccc3c(c2)Cc2c(-c4csc(C#CCNC(=O)c5ccccc5)c4)n[nH]c2-3)CC1,1,train
b2d8f36eca3a0eef84ebd7afa49a3d845a9e74b7,CN1CCN(Cc2ccc3c(c2)Cc2c(-c4csc(C#CCNS(=O)(=O)c5ccccc5)c4)n[nH]c2-3)CC1,1,train
0e22bac1f6e138ff652b16d2032e004b96aafd33,CN1CCN(Cc2ccc3c(c2)Cc2c(-c4csc(C#CCNC(=O)Oc5ccccc5)c4)n[nH]c2-3)CC1,1,val
67a11844e830f2c995b6281bdba08302481b54d9,CN1CCN(Cc2ccc3c(c2)Cc2c(-c4csc(C#CCNC(=O)Nc5ccccc5)c4)n[nH]c2-3)CC1,1,test
744ffd6841af8facdf2fbb6d1094fe61e2206b3e,CN1CCN(c2ccc3c(c2)Cc2c(-c4csc(C#CCOc5ccccc5)c4)n[nH]c2-3)CC1,1,train
7d299376f4ca2266fc8d5d2649cc52b8ed5e52c7,CN1CCN(CCc2ccc3c(c2)Cc2c(-c4csc(C#CCOc5ccccc5)c4)n[nH]c2-3)CC1,1,test
c7080228b0ff976e84e65e0127cef56bb0487fbd,CC1CCN(Cc2ccc3c(c2)Cc2c(-c4csc(C#CCOc5ccccc5)c4)n[nH]c2-3)CC1,1,val
c433fbdaed23e6dfd6cce777208e931c6305a6ed,CN1CCC(Cc2ccc3c(c2)Cc2c(-c4csc(C#CCOc5ccccc5)c4)n[nH]c2-3)CC1,1,train
4bbf23342b6a9a835c2651dcc2e3d1d10bde42c3,NC(=O)N1CCN(Cc2ccc3c(c2)Cc2c(-c4csc(C#CCOc5ccccc5)c4)n[nH]c2-3)CC1,1,train
2f8bdbcc6ca784a3b1b974c97e31ec0ce941b5de,CN1CCN(C(=O)c2ccc3c(c2)Cc2c(-c4csc(C#CCOc5ccccc5)c4)n[nH]c2-3)CC1,1,test
e61253e9ae6671bd5c7f5a5b6842183ca192b520,C(#Cc1cc(-c2[nH]nc3c2Cc2cc(Cn4ccnc4)ccc2-3)cs1)COc1ccccc1,1,train
8cda74777445be43ad9e15bb9bb85e868a4c1a0f,COCCOCC#Cc1cc(-c2[nH]nc3c2Cc2cc(CN4CCN(C)CC4)ccc2-3)cs1,1,train
752fbd1292ed1b52e30bf65ee6ce649de8c48e10,CCC1(CN)CN(c2c(F)cc3c(=O)c(C(=O)O)cn(C4CC4)c3c2C)C1,0,test
1bbb40648a9d56242765f73c946d893b7701375b,Cc1c(N2CC[C@@H]([C@H](C)NCCC#N)C2)c(F)cc2c(=O)c(C(=O)O)cn(C3CC3)c12,0,train
3defadf22223b49fc1cf3628c325f1148ab4284a,Cc1c(N2CC[C@@H]([C@H](C)N)C2)c(F)cc2c(=O)c(C(=O)O)cn(C3CC3)c12,0,train
b8e1c039a0fe18b7157264bc67ddf0228a540515,COc1c(N2CC[C@@H]([C@H](C)N)C2)ccc2c(=O)c(C(=O)O)cn(C3CC3)c12,0,train
6342266a736fdd2483c28963a3d09dcd928c8ca6,COc1c(N2CC[C@@H](CN)C2)ccc2c(=O)c(C(=O)O)cn(C3CC3)c12,0,train
1a5e2e163db4a1cbf61aa23c6d8627ecfd0ba6f3,COc1c(N2CC[C@@H]([C@H](C)N)C2)c(F)cc2c(=O)c(C(=O)O)cn(C3CC3)c12,0,train
9367f79fd33eac8804ef3e67a6db65110d7f4cdb,COc1c(N2CC[C@@H](CN)C2)c(F)cc2c(=O)c(C(=O)O)cn(C3CC3)c12,0,train
d4612992a6309b20f40a97811b82ba802df81df7,CN(C)c1ccc2c(c1)Cc1cc(N(C)C)ccc1C21OC(=O)c2cc(C(=O)NCCCCCCN(CCOc3ccc(NS(C)(=O)=O)cc3)CCc3ccc(NS(C)(=O)=O)cc3)ccc21,1,train
815ac48ebc7a0d12966d5c92b315e299a5373677,CS(=O)(=O)Nc1ccc(CCN(CCCCCCNC(=O)c2ccc3c(c2)C(=O)OC32c3ccc(O)cc3Cc3cc(O)ccc32)CCOc2ccc(NS(C)(=O)=O)cc2)cc1,1,train
87746b92a0b05b0ac005537613f3c1cfaf5db073,CC1(C)C2=C3C=C4C5=[N+](CCC4OC3CCN2c2ccc(CCCCCC(=O)NCCCCCCN(CCOc3ccc(NS(C)(=O)=O)cc3)CCc3ccc(NS(C)(=O)=O)cc3)cc21)c1ccc(S(=O)(=O)[O-])cc1C5(C)C,1,test
2cd236726b80e977243cba6c6b3061b8d848615b,CC1(C)C2=C3C=C4C5=[N+](CCC4OC3CCN2c2ccc(CCC(=O)NCCCCCCN(CCOc3ccc(NS(C)(=O)=O)cc3)CCc3ccc(NS(C)(=O)=O)cc3)cc21)c1ccc(S(=O)(=O)[O-])cc1C5(C)C,1,train
6c111c75f21ba8291161839e187fe8c700fa541b,CC1(C)C2=C3CC4C5=[N+](CCC4OC3CCN2c2ccc(CC(=O)NCCCCCCN(CCOc3ccc(NS(C)(=O)=O)cc3)CCc3ccc(NS(C)(=O)=O)cc3)cc21)c1ccc(S(=O)(=O)[O-])cc1C5(C)C,1,val
a401877a34e536048dbeabc6328086839e25a2ac,CC1(C)C2=C3C=C4C5=[N+](CCC4OC3CCN2c2ccc(CC(=O)NCCCCCN(CCOc3ccc(NS(C)(=O)=O)cc3)CCc3ccc(NS(C)(=O)=O)cc3)cc21)c1ccc(S(=O)(=O)[O-])cc1C5(C)C,1,test
d8aac767982a9568117359b48817e426d45fbc70,CC1(C)C2=C3C=C4C5=[N+](CCC4OC3CCN2c2ccc(CC(=O)NCCCCN(CCOc3ccc(NS(C)(=O)=O)cc3)CCc3ccc(NS(C)(=O)=O)cc3)cc21)c1ccc(S(=O)(=O)[O-])cc1C5(C)C,1,val
9699bf27445a72f9d91f3092d14b7ca08e2aecbd,CC1(C)C2=C3C=C4C5=[N+](CCC4OC3CCN2c2ccc(CC(=O)NCCCN(CCOc3ccc(NS(C)(=O)=O)cc3)CCc3ccc(NS(C)(=O)=O)cc3)cc21)c1ccc(S(=O)(=O)[O-])cc1C5(C)C,1,val
deb7107c0f8c8ed1a1dd6f22c8ed7dd9593b9a12,CC1(C)C2=C3C=C4C5=[N+](CCC4OC3CCN2c2ccc(CC(=O)NCCN(CCOc3ccc(NS(C)(=O)=O)cc3)CCc3ccc(NS(C)(=O)=O)cc3)cc21)c1ccc(S(=O)(=O)[O-])cc1C5(C)C,1,test
f26890f8876168676409d2efadf3969820cb3d31,CCN1CCCc2cc3c(cc21)OC1=CC2=[N+](CCCC(=O)N(CCOc4ccc(NS(C)(=O)=O)cc4)CCc4ccc(NS(C)(=O)=O)cc4)CCCC2=CC1N3,1,val
4c1237318337db5c5689a30fd8b37d673e4adebf,CS(=O)(=O)Nc1ccc(CCN(CCOc2ccc(NS(C)(=O)=O)cc2)C(=O)c2ccc3c(c2)C(=O)OC32c3ccc(O)cc3Oc3cc(O)ccc32)cc1,1,train
fd40d876d2fc9abd0ba21837fb335fa40abd188a,CS(=O)(=O)Nc1ccc(CCN(CCOc2ccc(NS(C)(=O)=O)cc2)c2ccc([N+](=O)[O-])c3nonc23)cc1,1,train
e8801fc8d0519bc25c7412d7cf5a35ba430641ea,N[C@H]1CN(c2ccncn2)CC[C@@H]1c1cc(F)c(F)cc1F,0,train
6c7404cfb34cf65806fe77a0e55a08a93917f60b,Cc1nnc2ccc(N3CC[C@H](c4cc(F)c(F)cc4F)[C@@H](N)C3)nn12,0,train
34eb27fadbfc8b676bc4a09837912369e26bb6f8,Cc1cc(=O)n2nc(N3CC[C@H](c4cc(F)c(F)cc4F)[C@@H](N)C3)ccc2n1,0,train
9a58457458ebd4d7f5d7494255c58c0b269c91f5,N[C@H]1CN(c2ccc3nc(=O)ccn3n2)CC[C@@H]1c1cc(F)c(F)cc1F,0,train
66eb6a92a67ffdb1e844546695646bfe1b41fd3d,N[C@H]1CN(c2ccn3cnnc3n2)CC[C@@H]1c1cc(F)c(F)cc1F,0,val
97968eb5c248faec802cbb40b37a85869b6efbc7,N[C@H]1CN(c2ccc3nc(C(F)(F)F)nn3n2)CC[C@@H]1c1cc(F)c(F)cc1F,1,train
f564b893df66aa360769ab9534c768f0df60451b,N[C@H]1CN(c2cnc3nccnc3n2)CC[C@@H]1c1cc(F)c(F)cc1F,1,test
c97c11fa709aec4e61b36670e695e29acfc87d5c,N#Cc1ccc2c(c1)CCN(CC[C@H]1CC[C@H](NC(=O)c3ccnc4ccccc34)CC1)C2,1,val
c7fbc3e11e62f3d5b8edf86bad7a666835b2b101,Cc1ccc2c(-c3nnc(SCCC(C)N4CCc5ccc(-c6cc(C)nn6C)cc5CC4)n3C)cccc2n1,1,train
5a880d24ed153b41a4a0472a309d79ce95dd75e7,Cc1cc(-c2ccc3c(c2)CCN(CCSc2nnc(-c4ccc(F)c(F)c4)n2C)CC3)n(C)n1,1,val
fd592d32567db65d3d5fa1dffad5c6938ef56e7a,Cc1cnc(-c2nnc(SCCN3CCc4ccc(-c5cc(C)nn5C)cc4CC3)n2C)cn1,1,test
de91f3ca4914ba9ba582f5b9cabaa29558db0077,Cc1ccc2c(-c3nnc(SCCN4CCc5ccc(-c6cc(C)nn6C)cc5CC4)n3C)cccc2n1,1,val
44aa15170c7eab77d6402506b67c34b65b05eea7,Cc1cc(-c2ccc3c(c2)CCN(CCCSc2nnc(-c4ocnc4C)n2C)CC3)n(C)n1,1,train
ace8eb9451cde3ac31e91be1525b71219cb9e1da,Cc1cc(-c2ccc3c(c2)CCN(CCCSc2nnc(-c4ccc(C(F)(F)F)cc4)n2C)CC3)n(C)n1,1,train
2ea0c9d36dc8b345ab39daa68ca0d5d3c6585062,Cc1cc(-c2ccc3c(c2)CCN(CCCSc2nnc(-c4ccc(F)c(F)c4)n2C)CC3)n(C)n1,1,train
36b2174d7f887c2eb3316bf03f0e48c85a58ab86,Cc1ccc2c(-c3nnc(SCCCN4CCc5ccc(-c6cc(C)nn6C)cc5CC4)n3C)cccc2n1,1,train
8e716c3d088b97478fa506741b0f43e63bcdd1f8,COc1ccc(-c2nnc(SCCCN3CCc4ccc(-c5cc(C)on5)cc4CC3)n2C)cn1,1,test
25504e9be19365e97384648d01799aa85aa1c90d,COc1ccc(-c2nnc(SCCCN3CCc4ccc(-c5cc(C)on5)cc4CC3)n2C)cc1,1,train
c1551b0346c50ba9a72483f207a2c8ccf28c1f33,COc1ccccc1-c1nnc(SCCCN2CCc3ccc(-c4cc(C)on4)cc3CC2)n1C,1,train
6f92830f07d5f405d53b77240ac2fe239e4aac98,Cc1cc(-c2ccc3c(c2)CCN(CCCSc2nnc(C4CCOCC4)n2C)CC3)no1,1,test
012a72d6f74293e4c18e0a99f4e15f6bed41b9db,Cc1cc(-c2ccc3c(c2)CCN(CCCSc2nnc(C4CCC(C)CC4)n2C)CC3)no1,1,test
85a44a90ccc182f72c756d5227b203d02483eb44,Cc1cc(-c2ccc3c(c2)CCN(CCCSc2nnc(C4CCCC4)n2C)CC3)no1,1,test
d97668e99bfc40721f63b366d9b3158d3c7bbe03,Cc1cc(-c2ccc3c(c2)CCN(CCCSc2nnc(C(C)(C)C)n2C)CC3)no1,1,train
14f0ca66eeaeb4016cde3e895f83d01c8dc52ecd,Cc1cc(-c2ccc3c(c2)CCN(CCCSc2nnc(C(C)C)n2C)CC3)no1,1,train
293545299ac8c647b89e3dca561fa25e0a3a3655,Cc1cc(-c2ccc3c(c2)CCN(CCCSc2nnc(C(F)(F)F)n2C)CC3)no1,1,train
8405dcaddc1d3710a02b490e18e697de27feb32f,Cc1cc(-c2ccc3c(c2)CCN(CCCSc2nnc(C)n2C)CC3)no1,1,train
0baf081fe008212d5b21ab5b99aad1f3c1a728d1,Cc1cc(-c2ccc3c(c2)CCN(CCCSc2nnc(-c4cccc(F)c4)n2C)CC3)no1,1,train
3b9f1a246674b7ebb9cf445321326e0b376d4545,Cc1cc(-c2ccc3c(c2)CCN(CCCSc2nnc(-c4ccc(Cl)c(Cl)c4)n2C)CC3)no1,1,train
170690041e8ca9120ac86392679c36f2450ca276,Cc1cc(-c2ccc3c(c2)CCN(CCCSc2nnc(-c4ccc(Cl)cc4)n2C)CC3)no1,1,train
c31333a415d70ef188f4eb0c41d364f6b731b402,Cc1cc(-c2ccc3c(c2)CCN(CCCSc2nnc(-c4cccc(Cl)c4)n2C)CC3)no1,1,train
2157158a4aa3334fd072b742d221cd2e8df1802e,Cc1cc(-c2ccc3c(c2)CCN(CCCSc2nnc(-c4ccccc4Cl)n2C)CC3)no1,1,train
5d52777e4258841b3cd1640debbe4bf85e6ea4bf,Cc1cc(-c2ccc3c(c2)CCN(CCCSc2nnc(-c4cccn4C)n2C)CC3)no1,1,test
a7ea7dd934de853fd506ba64434be08def84e88f,Cc1cc(-c2ccc3c(c2)CCN(CCCSc2nnc(-c4cccs4)n2C)CC3)no1,1,val
e73685b02d14114c567232a1672e9bbdcaf805db,Cc1cc(-c2ccc3c(c2)CCN(CCCSc2nnc(-c4ccncc4)n2C)CC3)no1,1,val
df3012aad030e01f4daddea040a24263d3fb2651,Cc1cc(-c2ccc3c(c2)CCN(CCCSc2nnc(-c4ccccn4)n2C)CC3)no1,1,test
73ea3845de25c905a0f1ae2eb29417e111151e09,Cc1ccc(-c2nnc(SCCCN3CCc4ccc(-c5cc(C)on5)cc4CC3)n2C)cc1,1,train
f71c33f2d8fad08517ea494dec9a13f197d684e8,Cc1cc(-c2ccc3c(c2)CCN(CCCSc2nnc(-c4ccc(C(F)(F)F)cc4)n2C)CC3)no1,1,train
4bf9921352eebfef1dc20dfcb03be746e85d7897,Cc1cc(-c2ccc3c(c2)CCN(CCCSc2nnc(-c4ccc(C#N)cc4)n2C)CC3)no1,1,train
5b163b7c8f6c30d31efaf7e2b941247f5456f29e,Cc1cc(-c2ccc3c(c2)CCN(CCCSc2nnc(-c4ccccc4)n2C)CC3)no1,1,train
7ce3d2a12a6f2b914bfbe00fa837bd145e4556fe,Cc1cc(-c2ccc3c(c2)CCN(CCCSc2nnc(-c4ccc5nc(C)c(C)nc5c4)n2C)CC3)no1,1,test
df4ae8255329eeedda1e4e0c4db16e8b028d7f1a,Cc1ccc2c(-c3nnc(SCCCN4CCc5ccc(-c6cc(C)on6)cc5CC4)n3C)cccc2n1,1,train
71ce4a30c90ad256392fc1b6cccb8e1566512ee7,Cc1cnc(-c2ccc3c(c2)CCN(CCCSc2nnc(-c4cccn4C)n2C)CC3)o1,1,test
03854b542671f60a5151936a69ff56be8216ed80,Cc1cnc(-c2ccc3c(c2)CCN(CCCSc2nnc(-c4ccc5[nH]ccc5c4)n2C)CC3)o1,1,val
33dd26926c73b508416ef9a782528bb9af55dc42,Cc1cnc(-c2ccc3c(c2)CCN(CCCSc2nnc(-c4cc5ccccc5[nH]4)n2C)CC3)o1,1,test
20310286398dcfaa6c48acc846c1a89a81113a5b,Cc1cnc(-c2ccc3c(c2)CCN(CCCSc2nnc(-c4cccs4)n2C)CC3)o1,1,val
3ba163b0d9598cc2cc97000a7abb7c6685fe74b1,Cc1ccc2c(-c3nnc(SCCCN4CCc5ccc(-c6ncc(C)o6)cc5CC4)n3C)cccc2n1,1,train
114263db8e99683238fd40fa42bdeed3c6791fd9,Cc1nc(-c2cccc(C(=O)N[C@H]3CC[C@H](CCN4CCc5ccc(S(C)(=O)=O)cc5CC4)CC3)c2)no1,1,val
305406204ce8192902dfb83cf41064d80819b188,O=C1CCc2cc([C@@H](O)CN3CCC(O)(c4cccc(F)c4)CC3)ccc2N1,1,train
3e004ef7f1ec236899713212a4c06fa1b6367bf2,CN(C)C(=O)C(c1ccc(-c2ccc(F)cc2)cc1)C(N)C(=O)N1CC[C@H](F)C1,1,train
47cf1b8250d681249733f9768763badcbdf34fcf,CN(C)C(=O)C(c1ccc(-c2ccc3ncnn3c2)cc1)C(N)C(=O)N1CC[C@H](F)C1,0,val
7c1e00f210552f8df54f89958bb50e1412449ac0,CCOc1cc(CN2CCC(NC(=O)c3cccc(S(C)(=O)=O)c3)CC2)ccc1Cl,1,test
37fa6d11d3a2f88abdb042c5049e49b497bb0e05,O=C(c1ccccc1)N1CCN(c2ccc(OCCCN3CCCCC3)cc2)C(=O)C1,0,train
b8a627d8f5ab70bb6e2d909a9de70ff9f23d1b85,O=C(c1ccc(F)cc1F)N1CCN(c2ccc(OC3CCN(C4CCCC4)CC3)cc2)C(=O)C1,0,train
32793ce8093c1583b69d0d2988b696fcf20c6d88,O=C(c1cc(F)cc(F)c1)N1CCN(c2ccc(OC3CCN(C4CCCC4)CC3)cc2)C(=O)C1,1,train
813435159c74139435275d38cc830d3759146dfd,O=C(c1ccc(F)cc1)N1CCN(c2ccc(OC3CCN(C4CCCC4)CC3)cc2)C(=O)C1,0,train
bef2229faf4850aba84d159328267d975319f5bb,O=C(c1ccc(Cl)cc1)N1CCN(c2ccc(OC3CCN(C4CCCC4)CC3)cc2)C(=O)C1,1,train
f673242e6a61eba41ecafdc34e20c6e5080f0800,N#Cc1ccc(C(=O)N2CCN(c3ccc(OC4CCN(C5CCC5)CC4)cc3)C(=O)C2)cc1,1,train
23c9c69c836335cf586b8a14f0671ecac099ca84,O=C(c1ccc(Cl)cc1)N1CCN(c2ccc(OC3CCN(C4CCC4)CC3)cc2)C(=O)C1,0,train
a4793cbdc26a4ab5fe0af6189eabac1868023c44,C[C@H]1CCCN1CCCOc1ccc(N2CCN(C(=O)c3ccc(F)cc3F)CC2=O)cc1,0,train
9a8f64e6075a9a06ec9e898e5031277478341ce9,C[C@H]1CCCN1CCCOc1ccc(N2CCN(C(=O)c3cc(F)cc(F)c3)CC2=O)cc1,0,train
e435f8097687938229de61a784d2facc1d970509,C[C@H]1CCCN1CCCOc1ccc(N2CCN(C(=O)c3ccc(F)cc3)CC2=O)cc1,0,train
cb70595a60cac075998c42cf27e13203e5190354,C[C@@H]1CCCN1CCCOc1ccc(N2CCN(C(=O)c3ccc(F)cc3F)CC2=O)cc1,1,train
df707aa5a06fbe6729e51ea9c27dbb6de587ee2e,C[C@@H]1CCCN1CCCOc1ccc(N2CCN(C(=O)c3cc(F)cc(F)c3)CC2=O)cc1,1,train
11c614d7c4b05eb4c459df0c6305fe546db2bcec,C[C@@H]1CCCN1CCCOc1ccc(N2CCN(C(=O)c3ccc(F)cc3)CC2=O)cc1,0,train
a563750876d7fd6a5467e63200dabe32bc05f0bd,O=C(c1ccc(F)cc1F)N1CCN(c2ccc(OCCCN3CCCCCC3)cc2)C(=O)C1,0,train
5ab6800af4c47c899094780e57f06b7eba3915d5,O=C(c1cc(F)cc(F)c1)N1CCN(c2ccc(OCCCN3CCCCCC3)cc2)C(=O)C1,0,train
8c73158385d4c757254ad0b1b6fd80a040fa5d8e,N#Cc1ccc(C(=O)N2CCN(c3ccc(OCCCN4CCCCCC4)cc3)C(=O)C2)cc1,0,train
7398418feca1b76e661ef8f31baa89ac72b95064,O=C(c1ccc(F)cc1)N1CCN(c2ccc(OCCCN3CCCCCC3)cc2)C(=O)C1,0,train
27c8faba55c727caf65bde5a16a62504516adf36,O=C(c1cc(F)cc(F)c1)N1CCN(c2ccc(OCCCN3CCCC3)cc2)C(=O)C1,1,train
1a7ff2150597b684acfba90c87adb010aa45aac9,O=C(c1ccc(F)cc1)N1CCN(c2ccc(OCCCN3CCCC3)cc2)C(=O)C1,1,train
62a6ac4d37a3dec629494e4ef7a22c3921a34175,O=C(c1cc(F)cc(F)c1)N1CCN(c2ccc(OCCCN3CCCCC3)cc2)C(=O)C1,0,train
cd1aa19ac4c74d2e2a0159e2286ab5ae46c64643,O=C(c1ccc(F)cc1)N1CCN(c2ccc(OCCCN3CCCCC3)cc2)C(=O)C1,0,train
f3aca39d5feec0b10fd1d47858c3bb9bdb56c921,Cc1ccc(C(=O)N2CCN(c3ccc(OCCCN4CCCCC4)cc3)C(=O)C2)cc1,0,train
be21125bfcb49a343d566d4c9f3c2fc8c39bc2c7,CN1CCN(c2cccc3ccc(OCc4noc(-c5ccc(Cl)cc5)n4)cc23)CC1,1,val
cc1b5c0f65ea37bfd8e347ba05981b0c4153e6b8,OCC1CCCN(CCCC2CCCc3ccc(OCc4noc(-c5ccc(Cl)cc5)n4)cc32)C1,1,train
3a005968b3d85150f7aa92418ad6a141704f9222,CCN(Cc1cccc(OCc2noc(-c3ccccc3F)n2)c1)C1CCN(C2CC(C)C(C)C2)C1,1,train
c2ffb77456c059e09bcc273ba247cf8d0a214090,OCC1CCCN(CCCC2CCCc3ccc(OCc4ccc(-c5ccccc5F)cn4)cc32)C1,1,test
f7d34a6b38a95618a397ede71e0d916a54780304,OCC1CCCN(CCCC2CCCc3ccc(OCc4noc(-c5ccccc5F)n4)cc32)C1,1,train
b62fa37627dd8cc86127c1f633df24b91bf713ce,OCC1(NCCCC2CCc3ccc(OCc4noc(-c5ccc(Cl)cc5)n4)cc32)CCCC1,1,train
f953893e486565bbd13175b3c2600ae48117e188,OCC1(N2CCN(C3CCc4ccc(OCc5noc(-c6ccccc6F)n5)cc43)CC2)CCCC1,1,train
5d5ba9d1f24e945543d4bae65a6ead078e1722df,Fc1ccccc1-c1nc(COc2ccc3c(c2)C(N2CCN(C4CCCC4)CC2)CC3)no1,1,train
bdd3726913b8b85abe976e641e0078e36c67a832,OCC1(N2CCN(C3CCc4ccc(OCc5noc(-c6ccc(Cl)cc6)n5)cc43)CC2)CCCC1,1,train
6a04ef78aafd95a6bf7c0b0116cce874f21f0f4e,CC1CC(N2CCN(C3CCc4ccc(OCc5noc(-c6ccc(Cl)cc6)n5)cc43)CC2)CC1C,1,train
54a64d1e110703d928740666a7b2d96776649a17,CC(C)N1CCN(C2CCc3ccc(OCc4noc(-c5ccc(Cl)cc5)n4)cc32)CC1,1,val
4a5ff6982f9b05870a9a0e338af6f2ec15a726bb,[O-][S+](c1ccccc1)c1ccc(/C=C/c2ccc(F)cc2F)nc1,1,train
1b654968c79087aebe3af3a374cd82ca9cc14b91,[O-][S+](c1ccccc1)c1ccc(/C=C/c2ccc(F)cc2)nc1,1,train
eea3643cec6b4b976bf1299913eb246345ded807,[O-][S+](c1ccc(/C=C/c2ccc(F)cc2)nc1)c1ccccc1F,1,train
bc74a8c67288dc75895850f0504255f5cbcefe0b,O=S(=O)(c1ccccc1)c1ccc(/C=C/c2ccc(F)cc2F)nc1,1,train
c781861261adc080d41bc8f6dee044de94393683,COc1cc(F)ccc1/C=C/c1ccc(S(=O)(=O)c2ccccc2F)cn1,1,train
10ab2b90a9c1cc63f994a25e5018985459663b98,O=S(=O)(c1ccc(/C=C/c2ccccc2O)nc1)c1ccccc1F,1,train
3e9bc065a73b4ecf8ef37df7fcb267d45c8766d1,O=S(=O)(c1ccc(/C=C/c2ccc(F)cc2O)nc1)c1ccccc1F,1,train
0db694acab75673f68105d43eec59df656759e44,N#Cc1cc(F)ccc1/C=C/c1ccc(S(=O)(=O)c2ccccc2F)cn1,1,train
6f08564017b5ed0728910489de239b2506bbbe6b,Cc1cc(F)ccc1/C=C/c1ccc(S(=O)(=O)c2ccccc2F)cn1,1,train
72af156c985a832b3c129fa3e0824ea6b195827c,O=S(=O)(c1ccc(/C=C/c2ccc(F)cc2Cl)nc1)c1ccccc1F,1,train
e380bfdb4cea12ea30078c526d54325d8cfc2cc8,O=S(=O)(c1ccc(/C=C/c2ccncc2)nc1)c1ccccc1F,1,train
9674937372d9c7b30be61659431450caf259d469,O=S(=O)(c1ccc(F)cc1)c1ccc(/C=C/c2ccc(F)cc2)nc1,1,train
62fd65f5d748fd84d477747b0e4d7dfed73ba401,O=S(=O)(c1ccc(F)cc1)c1ccc(/C=C/c2ccc(F)cc2)cn1,1,train
57f4eab5f4a2641b786b98dd637bb19650eca114,O=S(=O)(c1ccc(F)cc1)c1ccc(CCc2ccc(F)cc2)nc1,1,train
52f70219f2f67274f783bae5a262aef65c6dd890,O=S(=O)(c1ccc(F)cc1)c1ccc(CCc2ccc(F)cc2)cn1,1,val
d5e905cfb5b4b1c4bf67a68b3e6cc13944613e9b,O=C(CCN1CCCCC1)Nc1ccc(CN2CCC(NC(=O)c3cc(=O)c4ccc(F)cc4o3)CC2)cc1F,1,train
faf7bfafaf6fc7332e91422a2e3944d54233a7ee,COc1cc(C(=O)NCCN2CCCC2)ccc1CN1CCC(NC(=O)c2cc(=O)c3ccc(F)cc3o2)CC1,1,train
f2374f51301bb91286c20016dab101f822df04cf,O=C(NCCN1CCCC1)c1ccc(CN2CCC(NC(=O)c3cc(=O)c4ccc(F)cc4o3)CC2)c(Cl)c1,0,train
582ad117e922bf33c9ef6a39fc940dcc93d593a3,O=C(NCCN1CCC(F)(F)CC1)c1ccc(CN2CCC(NC(=O)c3cc(=O)c4ccc(F)cc4o3)CC2)cc1,1,train
042b6fb125e8f10d25adbb549bd0ad77746d8665,O=C(NCCN1CCCCC1)c1ccc(CN2CCC(NC(=O)c3cc(=O)c4ccc(F)cc4o3)CC2)cc1,0,train
ce97292216a02ed392aad03814087f90fec41f97,O=C(NC1CCN(Cc2ccc(OCCCn3c(O)csc3=O)c(F)c2)CC1)c1cc(=O)c2ccc(F)cc2o1,1,train
30a3e1f7dab71819f03bdc4c7b991c70bc5f2efb,CC(C)CO/N=C/COc1ccc(CN2CCC(NC(=O)c3cc(=O)c4ccc(F)cc4o3)CC2)cc1F,1,train
637229646755b365cf0e79a5d3b88eebe64d7d2f,CO/N=C/COc1ccc(CN2CCC(NC(=O)c3cc(=O)c4ccc(F)cc4o3)CC2)cc1F,1,train
aced2bee4aa81b7c934597613e52a485dc3eac98,O=C(NC1CCN(Cc2ccc(OCCCN(C3CC3)C3CC3)c(F)c2)CC1)c1cc(=O)c2ccc(F)cc2o1,1,test
415113cf5977ec67e426ec0fcbe30b8d3fad15c6,O=C(NC1CCN(Cc2ccc(OCCCN3CCOCC3)c(F)c2)CC1)c1cc(=O)c2ccc(F)cc2o1,0,val
d1ea98ba80fbee7efa7767fe1b7e9ae756d6a8f9,O=C(NC1CCN(Cc2ccc(OCC(F)(F)F)c(F)c2)CC1)c1cc(=O)c2ccc(F)cc2o1,1,train
244f13bfb478e4077bd9c4a4bd35e981f17af785,COC(C)(C)CCOc1ccc(CN2CCC(NC(=O)c3cc(=O)c4ccc(F)cc4o3)CC2)cc1,1,train
587ed7cc4a0eb8dbbfb99888e0f3008c639f3c79,O=C(NC1CCN(Cc2ccc(OCCCN3CCCCC3)c(F)c2)CC1)c1cc(=O)c2ccc(F)cc2o1,0,test
e5e12a345103caa18f0e0f589c981f2d37118d0a,CN(C)CCCOc1ccc(CN2CCC(NC(=O)c3cc(=O)c4ccc(F)cc4o3)CC2)cc1F,0,train
69b27198a428ec6e64e0b21faab905b778892e57,CC(C1CCC(N(C)C(=O)C2CC2)CC1)C(N)C(=O)N1CC[C@H](F)C1,0,train
84cacf27f979c52cf32796e54f4b5cd7b2a4745f,CC(C1CCC(N(C)C(=O)c2cccc(F)c2)CC1)C(N)C(=O)N1CC[C@H](F)C1,0,test
61705587f4554a3d8763878dfa1f4d2eca91010e,CC(C(O)c1ccc2[nH]c(=O)oc2c1)N1CCC(O)(c2ccc(F)cc2)CC1,1,train
5a061e60c2370bf794375c7c97294882b669e4ef,CC(C(O)c1ccc2c(c1)CCC(=O)N2)N1CCC(O)(c2ccc(F)cc2)CC1,1,train
d487539e31169f6db00d47c005514baddece3e2f,CC(C(O)c1ccc2c(c1)CN(C)C(=O)N2)N1CCC(O)(c2ccc(F)cc2)CC1,1,train
f131d3eb2086ca98493feea096e7058ff1eeb743,CC(C(O)c1ccc2c(c1)CNC(=O)N2)N1CCC(O)(c2ccc(F)cc2)CC1,1,train
b249f4f23fed6cb7cc6c87d958a04ef2736bf18f,CC(C(O)c1ccc2c(c1)OCC(=O)N2)N1CCC(O)(c2ccc(F)cc2)CC1,1,train
8b53aff92bda5d2c5681152a34319466fec413fc,CC(C(O)c1ccc2c(c1)COC(=O)N2)N1CCC(O)(c2ccc(F)cc2)CC1,1,train
bac4a5465ea2f1e5970623c0df89cdba64bf9fde,COc1cccc(C2(O)CCN(C(C)C(O)c3ccc4c(c3)CCC(=O)N4)CC2)c1,0,train
63986bda39a5094314f6454d08abbf1ee56488a1,CC(C(O)c1ccc2c(c1)CCC(=O)N2)N1CCC(O)(c2cccc(F)c2)CC1,1,train
be81d5b4c141d429fc11bb54cdf1a9dfa8ad2366,Cc1ccc(C2(O)CCN(C(C)C(O)c3ccc4c(c3)CCC(=O)N4)CC2)cc1,1,train
10f043e066aa1ce5090c8908ed287783f4017250,CC(C(O)c1ccc2c(c1)CCC(=O)N2)N1CCC(O)(c2ccc3c(c2)COCC3)CC1,0,train
187477f51c59f3eb87cbf408e71a2bfa7d528c3b,O=C1CCc2cc(C(O)CN3CCC(O)(c4cccc(F)c4)CC3)ccc2N1,0,train
0e9e01251b2dccd616c8abe9440a49eeacada6d2,C[C@@H]([C@@H](O)c1ccc(O)cc1)N1CCC(O)(c2ccccc2)CC1,1,train
2a132bd534ac20a1f189db06bbd3db445d95e5ea,Cc1[nH]nc2c1c(=O)n(C[C@H](F)CN)c1cc(C3CCCCC3)c(C3CCCCC3)cc21,0,train
7011918a9271bef5e612655e5b478f41fdd90a2f,Cc1[nH]nc2c1c(=O)n(CCCN)c1cc(C3CCCCC3)c(C3CCCCC3)cc21,1,train
86f2f07d45839ab4831c51d125beb90bae9f3e9a,Nc1ccc(-c2ccccc2)cc1NC(=O)c1ccc(CNC(=O)OCc2cccnc2)cc1,1,train
16ebe1f99b24a67c81573b151e2705b8962a0840,Nc1ccc(-c2ccccc2)cc1NC(=O)c1ccc(CNC(=O)CCc2cccnc2)cc1,1,val
e374ab2ba169a88f3b3a131ce7ddb639348f932b,O=C(NC1CCc2ccc(CCN3CCN(c4nsc5ccccc45)CC3)cc21)C(F)(F)F,1,train
61f563bb3e6d6a931cf675516b0e486b502a9c7e,O=C(NC1CCc2cc(CCN3CCN(c4nsc5ccccc45)CC3)ccc21)c1cccnc1,1,train
2903f20d2632f19777f89f11e6b70630976d1119,O=C(NC1CCc2cc(CCN3CCN(c4nsc5ccccc45)CC3)ccc21)c1ccc(F)cc1,1,test
74db9ce6e4c9070c24266219a04d79085d96e10d,CC(C)C(=O)NC1CCc2cc(CCN3CCN(c4nsc5ccccc45)CC3)ccc21,1,train
047c50b59447131963d1b6c90baa5bd87fd156b8,O=C(NC1CCc2cc(CCN3CCN(c4nsc5ccccc45)CC3)ccc21)C1CC1,1,test
e418a0932483c9db7552f2184e86259d279f66bf,CCCC(=O)NC1CCc2cc(CCN3CCN(c4nsc5ccccc45)CC3)ccc21,1,train
444047efa0618651ca277c562be16e2161b0388e,CCC(=O)NC1CCc2cc(CCN3CCN(c4nsc5ccccc45)CC3)ccc21,1,train
6c4697e5f36318b2a9099ff1d019baa0aa692827,CC(=O)NC1CCc2cc(CCN3CCN(c4nsc5ccccc45)CC3)ccc21,1,train
f4c3589a2c0be225f6e5b77ddc80e43c9485f90c,O=C(NC1CCc2cc(CCN3CCN(c4nsc5ccccc45)CC3)ccc21)C(F)(F)F,1,train
cca3f5c9db49f60caabbe3f8423132be42a93963,O=C(NC1CCc2ccc(CCN3CCN(c4nsc5ccccc45)CC3)cc21)c1ccno1,1,train
c52a2060a6f76a404b65ddb65fca0e8cd2de1fa7,O=C(NC1CCc2ccc(CCN3CCN(c4nsc5ccccc45)CC3)cc21)c1ccco1,1,val
5b38c4c1e83e26e9e6845861e181667f939f8829,O=C(CCc1ccccc1)NC1CCc2ccc(CCN3CCN(c4nsc5ccccc45)CC3)cc21,1,train
90b563f9c0c36850c9df2223d5ee4389931fccd1,O=C(Cc1ccccc1)NC1CCc2ccc(CCN3CCN(c4nsc5ccccc45)CC3)cc21,1,test
26902fcd4fd646e3544ff92d8da61106e355a2e3,O=C(NC1CCc2ccc(CCN3CCN(c4nsc5ccccc45)CC3)cc21)c1cccnc1,1,train
ef3ffc44be9bc44ee317e4bedb99c0116f773a5c,O=C(NC1CCc2ccc(CCN3CCN(c4nsc5ccccc45)CC3)cc21)c1ccc(F)cc1,1,train
a5ed0c2a48f8cdec52e387c599cf79dfb1f5b2ad,O=C(NC1CCc2ccc(CCN3CCN(c4nsc5ccccc45)CC3)cc21)c1ccc(Cl)cc1,1,train
8ea2521c0f54e4792ddc56b71384026e4e1b3b25,Cc1ccc(C(=O)NC2CCc3ccc(CCN4CCN(c5nsc6ccccc56)CC4)cc32)cc1,1,train
1e06e1c9fabc24a8fe63cee98a865e74645db4b8,O=C(NC1CCc2ccc(CCN3CCN(c4nsc5ccccc45)CC3)cc21)c1ccccc1,1,train
99f3795e5eec1805878b4cef060a100feb36bc1e,CC(C)C(=O)NC1CCc2ccc(CCN3CCN(c4nsc5ccccc45)CC3)cc21,1,train
b2532aad0e6ddaa88d037418622080ea92f6a5fa,O=C(NC1CCc2ccc(CCN3CCN(c4nsc5ccccc45)CC3)cc21)C1CC1,1,train
6a0c71d6c54193449e39081305fa6515d9a0f673,CCCC(=O)NC1CCc2ccc(CCN3CCN(c4nsc5ccccc45)CC3)cc21,1,train
c34a7feb816d67c29c638e1ee408126ca4ab3bca,CCC(=O)NC1CCc2ccc(CCN3CCN(c4nsc5ccccc45)CC3)cc21,1,train
9f53acfe0e1bdb828f547a7b66e2d62a911467ec,CC(=O)NC1CCc2ccc(CCN3CCN(c4nsc5ccccc45)CC3)cc21,1,train
e077c0587cffcde7a736cfb0b8c2999290fb1147,NC1CCc2ccc(CCN3CCN(c4nsc5ccccc45)CC3)cc21,1,train
e083e58f1db547f5776fb42bb553b25f84132751,CC(C)[C@]1(C(=O)NCc2cc(C(F)(F)F)cc(C(F)(F)F)c2)CC[C@@H](N2CCC(c3ccc(F)cc3)CC2)C1,1,train
8bf3764b29a6c38eed17fe8bc57d8e269f67f692,CC(C)[C@]1(C(=O)NCc2cc(C(F)(F)F)cc(C(F)(F)F)c2)CC[C@@H](N2CCC(c3cccc(C(=O)O)c3)CC2)C1,1,train
a234da44432249ea3d0ff83ac640fe2020f32603,CC(C)[C@]1(C(=O)NCc2cc(C(F)(F)F)cc(C(F)(F)F)c2)CC[C@@H](N2CCC(c3ccncn3)CC2)C1,1,train
f94e134ea00cf580e39687505499aa7a9bf7e577,CC(C)(O)[C@]1(C(=O)NCc2cc(C(F)(F)F)cc(C(F)(F)F)c2)CC[C@@H](N2CCC(c3cc(Cl)ncn3)CC2)C1,1,train
14b2894575a3547286fd37fdf568f28a0335915c,CC(C)(O)[C@]1(C(=O)NCc2cc(C(F)(F)F)cc(C(F)(F)F)c2)CC[C@@H](N2CCC(c3cncnc3)CC2)C1,1,train
109ae0d57006ff1c51697c7edb1f8c43c4405bac,CC(C)[C@]1(C(=O)NCc2cc(C(F)(F)F)cc(C(F)(F)F)c2)CC[C@@H](N2CCC(c3cncnc3)CC2)C1,1,train
c7f0fe5c493bb0053e4e0ad57063835f249f9159,CC(C)(O)[C@]1(C(=O)NCc2cc(C(F)(F)F)cc(C(F)(F)F)c2)CC[C@@H](N2CCC(c3cccc(C(=O)O)c3)CC2)C1,0,train
d0f752622b0035b67886f49516151c762b1b4a1d,CC(C)[C@]1(C(=O)NCc2cc(C(F)(F)F)cc(C(F)(F)F)c2)CC[C@@H](N2CCC(c3cccc(O)c3)CC2)C1,1,train
e55f72ce05fdd1e5fc4821a1b2dfccae741b1876,COc1cccc(C2CCN([C@@H]3CC[C@@](C(=O)NCc4cc(C(F)(F)F)cc(C(F)(F)F)c4)(C(C)C)C3)CC2)c1,1,train
2d7903cfd914c944f15ad21253a3fc3175ebd5ed,CC(C)[C@]1(C(=O)NCc2cc(C(F)(F)F)cc(C(F)(F)F)c2)CC[C@@H](N2CCC(c3cccc(F)c3)CC2)C1,1,train
98da2224bdbe381e8adcbb792e546338b3b88f1b,CC(C)(O)[C@]1(C(=O)NCc2cc(C(F)(F)F)cc(C(F)(F)F)c2)CC[C@@H](N2CCC(c3ccc(F)cc3)CC2)C1,1,train
38bac00ba14dfff192c47c51120797a62900c095,CC(C)[C@]1(C(=O)NCc2cc(C(F)(F)F)cc(C(F)(F)F)c2)CC[C@@H](N2CCC(c3cccnc3)CC2)C1,1,val
1e48a8a373d394da7276a99ffe87f258c502f4ad,Cc1nc[n+]([O-])c(C)c1C(=O)N1CCC(C)(N2CCC(N(c3ccccc3)c3ccccc3)CC2)CC1,1,train
a2f11f6be4d0d76e43962075fe318fa1151b28c7,Cc1nc(CN(c2ccccc2)C2CCN(C3(C)CCN(C(=O)c4c(C)cc[n+]([O-])c4C)CC3)CC2)cs1,0,train
489db91510f2fe45fca0428147ee177b71185378,CC1(N2CCC(N(c3ccccc3)c3cccnc3)CC2)CCN(C(=O)c2c(Cl)c[n+]([O-])cc2Cl)CC1,1,train
b1a1b118dc136be1149c6f51897f8b7904eb3c2d,CC1(N2CCC(N(c3ccccc3)c3cccnc3)CC2)CCN(C(=O)c2c(Cl)cncc2Cl)CC1,1,train
55425541bd0ea014001ec342abf0fbd145c5c3b1,Cc1cccnc1C(=O)N1CCC(C)(N2CCC(N(c3ccccc3)c3cccnc3)CC2)CC1,1,val
f23c02dab306fb55ed82790cd3430c456777e257,Cc1cc[n+]([O-])c(C)c1C(=O)N1CCC(C)(N2CCC(N(Cc3cccc(C#N)c3)c3ccccc3)CC2)CC1,1,train
2ee2f597929ca6e3c967f017e9daa476f869dbc6,Cc1cccc(C)c1C(=O)N1CCC(C)(N2CCC(N(Cc3ccccc3)c3ccccc3)CC2)CC1,1,train
5dd1a6a62ebdae213733bb768a91dac4c59bfa64,Cc1cccc(C)c1C(=O)N1CCC(C)(N2CCC(N(c3ccccc3)c3ccccc3)CC2)CC1,1,val
af2e384f35f88bfe2501b3339ccdabe38a5b0d88,Cc1cc[n+]([O-])c(C)c1C(=O)N1CCC(C)(N2CCC(N(Cc3ccccc3)c3ccccc3)CC2)CC1,1,train
e1861d86cd1c69a42011eced46c0bc4e23600381,Cc1ccnc(C)c1C(=O)N1CCC(C)(N2CCC(N(c3ccccc3)c3ccccc3)CC2)CC1,1,train
6c9bbabbd278078779b22d5fb86ca79927a63c3f,CC(Oc1cccc2ncnc(Nc3ccc4c(cnn4Cc4ccccn4)c3)c12)C(=O)N(C)C,0,train
9453a9f26261b919ae47bc4ff2375cf552b5a03f,Cc1cc(C)n(-c2cc(NC(=O)COc3ccccc3CCN3CCOCC3)nc(-c3ccc(C)o3)n2)n1,1,val
ca51ec774cf782c5bdc555673e90485e14e0e71d,Cc1cc(C)n(-c2cc(NC(=O)COc3cccc(CN(C)C)c3)nc(-c3ccc(C)o3)n2)n1,1,test
9a43426a5610383b75b6818d8ebb4b6760fd4218,CN1CCC(Oc2cccc3ncnc(Nc4ccc(OCc5ccccn5)c(Cl)c4)c23)CC1,1,train
099ccf7e3d4451672d318780fa6bd714c306bda6,Cc1ccc(Oc2ccc(Nc3ncnc4cccc(OC(C)C(=O)N(C)C)c34)cc2C)cn1,1,train
53313060e4e99576db293ab5223b3406e517485c,Cc1ccc(Oc2ccc(Nc3ncnc4cccc(OC(C)C(=O)N(C)CCO)c34)cc2C)cn1,0,train
0b0a23f7f5bd42c72dac7d24802cbcb8afa27db8,CNC(=O)C(C)Oc1cccc2ncnc(Nc3ccc(OCc4ccccn4)c(Cl)c3)c12,0,train
6df62534517b04f35542065cd6e2ed9cd6e16708,CC(Oc1cccc2ncnc(Nc3ccc(OCc4ccccn4)c(Cl)c3)c12)C(=O)N(C)C,1,train
47c5b71e1f947317773934fbbecf91f336230d85,CC(Oc1cccc2ncnc(Nc3ccc(OCc4ccccn4)c(Cl)c3)c12)C(=O)N1CCOCC1,1,val
226d3fcb521238fc423eac7b8e711a2023deb73a,CC(Oc1cccc2ncnc(Nc3ccc(OCc4ccccn4)c(Cl)c3)c12)C(=O)N(C)CCO,0,train
0bde33a4fe0f37ade6c28fc64441e04f0065685f,Cc1cc(-c2nc3c4c(ccc3o2)CCN(CCCSc2nnc(-c3ocnc3C)n2C)CC4)n(C)n1,1,test
24d15a628d58b92260896847361eae3a21f69dce,Cc1ccc2c(-c3nnc(SCCCN4CCc5ccc6oc(-c7cc(C)nn7C)nc6c5CC4)n3C)cccc2n1,1,val
74dae039bbc4ceaeca6f395b1b3b34d7cac5bae9,Cc1ccc2c(-c3nnc(SCCCN4CCc5c(Cl)cc6oc(C)nc6c5CC4)n3C)cccc2n1,1,train
bea67867d13b33a915dc4d6d1927b12d766f5245,Cc1nc(C)c(-c2nnc(SCCCN3CCc4ccc5oc(C(F)(F)F)nc5c4CC3)n2C)s1,1,train
7611776fe3eea9a20460812d2a640f70f7695801,Cn1c(SCCCN2CCc3ccc4oc(C(F)(F)F)nc4c3CC2)nnc1-c1ccccc1,1,val
ce25da9493f6b96cbbb0ac750eab6c5a08f26b5a,Cc1ncccc1-c1nnc(SCCCN2CCc3ccc4oc(C(F)(F)F)nc4c3CC2)n1C,1,train
eb22ca9f13fe03b8ca80d9d63a25c7f0cee2c2ae,Cc1ccc(-c2nnc(SCCCN3CCc4ccc5oc(C(F)(F)F)nc5c4CC3)n2C)cn1,1,train
14dd53ecdc48362ec85dbab72ec5d942cd5a7f37,Cc1cnc(-c2nnc(SCCCN3CCc4ccc5oc(C(F)(F)F)nc5c4CC3)n2C)cn1,1,train
f585f8f3cf15afc4240820b3dc28c5c74e87d128,Cc1ncoc1-c1nnc(SCCCN2CCc3ccc4oc(C(F)(F)C(F)(F)F)nc4c3CC2)n1C,1,train
36f6e782d16af3843555d6d150757b282dd95d77,Cc1ccc2c(-c3nnc(SCCCN4CCc5ccc6oc(C(F)(F)C(F)(F)F)nc6c5CC4)n3C)cccc2n1,1,train
fa53a62e60313b5e44892f0061e0e934afd2226d,Cc1ncoc1-c1nnc(SCCCN2CCc3ccc4oc(C(C)(F)F)nc4c3CC2)n1C,1,train
6074c89bf0a2515850217a42ce03a5faedc46384,Cc1ncoc1-c1nnc(SCCCN2CCc3ccc4oc(C(F)(F)F)nc4c3CC2)n1C,1,train
0cdb304eaef00b648853dbb65325a99bd3238c80,Cc1ccc2c(-c3nnc(SCCCN4CCc5ccc6oc(C(F)(F)F)nc6c5CC4)n3C)cccc2n1,1,train
7549e195df6295bb301f9e60ebe02c513df42e51,CCc1nc2c3c(ccc2o1)CCN(CCCSc1nnc(-c2ocnc2C)n1C)CC3,1,train
d36ed4151976bb5e573b2ac15571b6e85c9e48a8,CCc1nc2c3c(ccc2o1)CCN(CCCSc1nnc(-c2cccc4nc(C)ccc24)n1C)CC3,1,train
c8a2669477e3b29e1b28cdbc92127aff34b41d95,Cc1nc2c3c(ccc2o1)CCN(CCCSc1nnc(-c2ocnc2C)n1C)CC3,0,train
c98cff0abac9761de36afcc3463575609585db8f,Cc1ccc2c(-c3nnc(SCCCN4CCc5ccc6oc(C)nc6c5CC4)n3C)cccc2n1,1,train
53c4ccb6ee1d9457df15233751452cd68fce1d8f,Cc1ncoc1-c1nnc(SCCCN2CCc3nc4ccc(C(F)(F)F)cn4c3CC2)n1C,1,train
318436a50b9f7571768a594f2cb44bd4db5ba5b4,Cc1ccc2c(-c3nnc(SCCCN4CCc5nc6ccc(C(F)(F)F)cn6c5CC4)n3C)cccc2n1,1,train
74ad9ce34348524d5246409c84cf4fbfae132b7a,Cc1ncoc1-c1nnc(SCCCN2CCc3nc4cc(C(F)(F)F)ccn4c3CC2)n1C,1,train
90a0272b3cdcba350e33d22782f604f9f3099b53,Cc1ccc2c(-c3nnc(SCCCN4CCc5nc6cc(C(F)(F)F)ccn6c5CC4)n3C)cccc2n1,1,train
d8e91af61d3c682853af63ce6f766724a11b7d6a,Cc1ccc2c(-c3nnc(SCCCN4CCc5nc6ccccn6c5CC4)n3C)cccc2n1,1,train
4f44109a2f3c33fee7e08ce101a378350ddc55cd,Cc1ccc2c(-c3nnc(SCCCN4CCc5nc6ccc(Cl)cn6c5CC4)n3C)cccc2n1,1,train
66126d555cf7f539cbedae6e0a22ab4a5fee3f8a,Cc1ccc2nc3c(n2c1)CCN(CCCSc1nnc(-c2cccc4nc(C)ccc24)n1C)CC3,1,train
9cc26136cc4e9fd332d55160162ed626ab8247fd,Cc1ccn2c3c(nc2c1)CCN(CCCSc1nnc(-c2cccc4nc(C)ccc24)n1C)CC3,1,train
8c0230bad0126918fc2bea5c36e0ab5c09c59b30,CCc1nc2ccc3c(c2s1)CCN(CCCSc1nnc(-c2ocnc2C)n1C)CC3,1,train
4e36b4b7e166d9b416adde50bd1e512fe0ae1105,CCc1nc2ccc3c(c2s1)CCN(CCCSc1nnc(-c2cccc4nc(C)ccc24)n1C)CC3,1,train
6b3e05a1927bf742ac135169e8fae50140ce2993,Cc1nc2ccc3c(c2s1)CCN(CCCSc1nnc(-c2ocnc2C)n1C)CC3,0,train
ff2a6009e50c08e0c0b34721538a6a50670415b3,Cc1ccc2c(-c3nnc(SCCCN4CCc5ccc6nc(C)sc6c5CC4)n3C)cccc2n1,1,train
0c439611cc8dae9d7d4be2005a05450112c1f56a,Cc1ncoc1-c1nnc(SCCCN2CCc3ccc4nc(C(C)(F)F)oc4c3CC2)n1C,1,train
7e506b2b89153c1f922d8e7bdef76d3be35164af,Cc1ccc2c(-c3nnc(SCCCN4CCc5ccc6nc(C(C)(F)F)oc6c5CC4)n3C)cccc2n1,1,train
fbe81373238476b074b68112d3a061adebfecdc0,Cc1ncoc1-c1nnc(SCCCN2CCc3ccc4nc(C(F)(F)F)oc4c3CC2)n1C,1,train
64620d040e829f389e1500af81cb965af76b5c72,Cc1ccc2c(-c3nnc(SCCCN4CCc5ccc6nc(C(F)(F)F)oc6c5CC4)n3C)cccc2n1,1,train
dc4e3a5aaa835b9bdb8012fed8280fb0eba93065,CN(C)S(=O)(=O)N(C)[C@@H]1CCCn2c1nc(C(=O)NCc1ccc(F)cc1)c(O)c2=O,0,val
05ee8b280be5f9b12ef701ee3a1e0fc0faee8c7c,CNCc1cc(NS(C)(=O)=O)ccc1Oc1ccc(Cl)cc1C,1,train
e133b7d63d4c3e794490a746f4fabb70fb2aa296,CNCc1cc(N2CCCS2(=O)=O)ccc1Oc1ccc(Cl)cc1C,1,train
15af8d21a242f0131300152532c24efaa47685d6,CNCc1cc(C(=O)N(C)C)ccc1Oc1ccc(Cl)cc1C,1,train
3d7b3d6f9a4911ebef9f04551db3d0764ded7797,CNCc1cc(C(N)=O)ccc1Oc1ccc(Cl)cc1C,1,train
0e4018c9be06610c56c3ce338682fcdbd42f62c2,CNCc1cc(N2CCCS2(=O)=O)ccc1Oc1ccc(Cl)cc1Cl,1,train
282e79c5937f19f216e89dfe560485024a4e634a,CNCc1cc(C(=O)NC)ccc1Oc1ccc(Cl)cc1Cl,1,train
d37c891efa0f77a40c2b6b9f752657bbc55e3b97,CNCc1cc(C#N)ccc1Oc1ccc(Cl)cc1Cl,1,train
821cec1fa8c8b34bb5bf1928bf871dbd6742efe0,CNCc1ccccc1Oc1ccc(Cl)cc1F,1,train
19955e21c0751883bf6cf158754c946a380e77c9,CNCc1ccccc1Oc1ccc(Cl)cc1OC,1,train
fcc866739e3a8dc12d6e927b9822bc1743cec767,Cc1ccc2c(-c3nnc(SCCCN4CCc5cc6c(cc5CC4)OCC(=O)N6)n3C)cccc2n1,1,train
3d3df3ccc86a219e3da52c753245d4fb133391c8,Cc1ccc2c(-c3nnc(SCCCN4CCc5cc6c(cc5CC4)OCCN6)n3C)cccc2n1,1,train
ca06e49e49ebadacca1d7729c99cbd38bac36b51,CC(=O)N1CCOc2cc3c(cc21)CCN(CCCSc1nnc(-c2cccc4nc(C)ccc24)n1C)CC3,1,train
1c7f3a572b6c3a7cd4630801033106b6aea41308,Cc1ccc2c(-c3nnc(SCCCN4CCc5cc6c(cc5CC4)N(S(C)(=O)=O)CCO6)n3C)cccc2n1,1,train
7a225beea31d41277b5c60dd28581cb91b30cd0e,Cc1ncoc1-c1nnc(SCCCN2CCc3cc4c(cc3CC2)N(C)C(=O)CO4)n1C,0,train
8387db28f6ea48b9335cdbdb3ef376fda9e4d704,Cc1ccc2c(-c3nnc(SCCCN4CCc5cc6c(cc5CC4)N(C)C(=O)CO6)n3C)cccc2n1,1,train
8c9ca72f8f6531727b00ae0f99e25b59516de730,Cc1ncoc1-c1nnc(SCCCN2CCc3cc4c(cc3CC2)OCC(=O)N4)n1C,1,train
44597a82af55be9b39fb66271958d3e438849944,Cc1noc2cc3c(cc12)CCN(CCCSc1nnc(-c2ccc(C(F)(F)F)cc2)n1C)CC3,1,val
3247f32fa24ac300400fa8c13598381eeb68d78d,CCc1noc2cc3c(cc12)CCN(CCCSc1nnc(-c2cccc4nc(C)ccc24)n1C)CC3,1,train
51731fe857260ed4db83a09dadc797a5fe683106,Cc1ncoc1-c1nnc(SCCCN2CCc3cc4onc(C)c4cc3CC2)n1C,1,train
12ec42c14b9b79299f196193422138ad35332b00,Cc1ccc2c(-c3nnc(SCCCN4CCc5cc6onc(C)c6cc5CC4)n3C)cccc2n1,1,train
89124cbcff57c6f1628f446525ec1538a55cbee7,Cc1cc(-c2nc3cc4c(cc3o2)CCN(CCCSc2nnc(-c3ocnc3C)n2C)CC4)n(C)n1,1,train
a334599d065d7b61a4e76805df85c2ff892c600a,Cc1ccc2c(-c3nnc(SCCCN4CCc5cc6nc(-c7cc(C)nn7C)oc6cc5CC4)n3C)cccc2n1,1,test
83523034ecc65bd24fe73ddad9a9da1a96961f5e,Cc1ncoc1-c1nnc(SCCCN2CCc3cc4nc(C(F)(F)C(F)(F)F)oc4cc3CC2)n1C,1,train
b1c0887ace14fc5d9af13f48ef7c12ab268b9abe,Cc1ccc2c(-c3nnc(SCCCN4CCc5cc6nc(C(F)(F)C(F)(F)F)oc6cc5CC4)n3C)cccc2n1,1,train
0522b10d334a9db2fe631caa294f6a34063d1560,Cc1ccc2c(-c3nnc(SCCCN4CCc5cc6nc(N(C)C)oc6cc5CC4)n3C)cccc2n1,0,train
6ab2d2f581dcab8a8887e17cddb783d761b9f702,Cc1ccc2c(-c3nnc(SCCCN4CCc5cc6nc(N7CCCCC7)oc6cc5CC4)n3C)cccc2n1,1,train
94078c7306d7a1436d9cbc1a4a6d57edcf796393,Cc1ncoc1-c1nnc(SCCCN2CCc3cc4nc(CC5CC5)oc4cc3CC2)n1C,1,train
02490c8168773b0bc2940cb792aeedbbd56f5634,Cc1ccc2c(-c3nnc(SCCCN4CCc5cc6nc(CC7CC7)oc6cc5CC4)n3C)cccc2n1,1,train
a0e152e6dbc28a22eafee1cb6752472012b6363a,Cc1ccc2c(-c3nnc(SCCCN4CCc5cc6nc(C(C)(F)F)oc6cc5CC4)n3C)cccc2n1,1,train
882bff6cde0f3b3222a178bfb43a79492586dfd8,Cc1ccc2c(-c3nnc(SCCCN4CCc5cc6nc(CC(F)(F)F)oc6cc5CC4)n3C)cccc2n1,1,train
9747c2770fc4a46b6b5aa719b7c766a7d9842f61,Cc1ccc2c(-c3nnc(SCCCN4CCc5cc6nc(C(F)(F)F)oc6cc5CC4)n3C)cccc2n1,1,train
16797174a10d29d3d9a6429fcfe913753e23c81e,CCc1nc2cc3c(cc2o1)CCN(CCCSc1nnc(-c2ccc(F)c(F)c2)n1C)CC3,1,train
139e1d301d29212e908206be4024f462eed93c6d,CCc1nc2cc3c(cc2o1)CCN(CCCSc1nnc(-c2ccc(C(F)(F)F)cc2)n1C)CC3,1,train
b40e9fc62c53582878b1e1e0bb80cfe75aa926ff,CCc1nc2cc3c(cc2o1)CCN(CCCSc1nnc(-c2cccnc2)n1C)CC3,0,train
e476870b8d9f7916280734a48d5de9f091f46608,Cc1nc2cc3c(cc2o1)CCN(CCCSc1nnc(-c2ccc(F)c(F)c2)n1C)CC3,1,train
b6d8096586a56b7a51fb36d10753daf52989674c,Cc1nc2cc3c(cc2o1)CCN(CCCSc1nnc(-c2ccc(C(F)(F)F)cc2)n1C)CC3,1,train
09045e6165c31ebb045b203aa7fd541667e7fcf1,Cc1nc2cc3c(cc2o1)CCN(CCCSc1nnc(-c2cccnc2)n1C)CC3,0,train
87dc72693c87f9dc054986fad3e8b726924750c2,Cc1ccc2c(-c3nnc(SCCCN4CCc5cc6nc(C(C)(C)C)oc6cc5CC4)n3C)cccc2n1,1,train
1c3f694ed2fc998ef5db39777f9e36b47329e8d5,Cc1ccc2c(-c3nnc(SCCCN4CCc5cc6nc(C7CC7)oc6cc5CC4)n3C)cccc2n1,1,train
34191a747c5bc72981dd92d998223a18ea9e95a8,Cc1ncoc1-c1nnc(SCCCN2CCc3cc4nc(C(C)C)oc4cc3CC2)n1C,1,train
50796c4db447b9b3aaa1374c1747cb294a2305ce,Cc1ccc2c(-c3nnc(SCCCN4CCc5cc6nc(C(C)C)oc6cc5CC4)n3C)cccc2n1,1,train
707b750281472b743d0ffdeac16d62f7d2c3ce20,CCCc1nc2cc3c(cc2o1)CCN(CCCSc1nnc(-c2cccc4nc(C)ccc24)n1C)CC3,1,train
802e5674b949eaa2e02fad1a67e205d91d0967ca,CCc1nc2cc3c(cc2o1)CCN(CCCSc1nnc(-c2ocnc2C)n1C)CC3,1,train
dbd3f3a1514f7688a0e52b6a6887ea1efcc41c9a,CCc1nc2cc3c(cc2o1)CCN(CCCSc1nnc(-c2cccc4nc(C)ccc24)n1C)CC3,1,train
7234a12f35d8d00f2b3675567d85684ae89a8d15,Cc1ccc2c(-c3nnc(SCCCN4CCc5cc6ncoc6cc5CC4)n3C)cccc2n1,1,train
d5da9a22857eaebdc34b4fab5d92c832a163acf1,Cc1ncoc1-c1nnc(SCCCN2CCc3cc4ncoc4cc3CC2)n1C,1,train
418cdf89aa89118d1ec8b0495e390040cc620812,Cc1nc2cc3c(cc2o1)CCN(CCCSc1nnc(-c2ocnc2C)n1C)CC3,0,train
1abc94175780c79c7e8b979910275e9fcbfc4863,Cc1ccc2c(-c3nnc(SCCC(C)N4CCc5cc6nc(C(F)(F)F)oc6c(Br)c5CC4)n3C)cccc2n1,1,train
732e5e50af41653e19785a792a6f397f3832e42b,CCc1nc2cc3c(c(Br)c2o1)CCN(C(C)CCSc1nnc(-c2cccc4nc(C)ccc24)n1C)CC3,1,train
4de2ecdf8151089cfeb75e7668a0fa7d7bf1f38a,Cc1ccc2c(-c3nnc(SCCC(C)N4CCc5cc6nc(C)oc6c(Br)c5CC4)n3C)cccc2n1,1,train
31cfc19851e20f608d86aef7708ff0f1e6f6b68f,Cc1ccc2c(-c3nnc(SCCC(C)N4CCc5cc6nc(C(F)(F)F)oc6c(C)c5CC4)n3C)cccc2n1,1,train
7c0269df6c79439624a82444ae9cf3fb393df1bb,CCc1nc2cc3c(c(C)c2o1)CCN(C(C)CCSc1nnc(-c2cccc4nc(C)ccc24)n1C)CC3,1,train
f9f3aa7a30f00ea2845072771b7bbbc5dfada566,Cc1ccc2c(-c3nnc(SCCC(C)N4CCc5cc6nc(C)oc6c(C)c5CC4)n3C)cccc2n1,0,train
9f8606b6fc55f6be36978eb3268e5cf68e844c28,Cc1ccc2c(-c3nnc(SCCN4CCc5cc6nc(C(F)(F)F)oc6c(C)c5CC4)n3C)cccc2n1,1,train
c61d7daedf0da2c1dcc40121831a3dd6510a3dbe,CCc1nc2cc3c(c(C)c2o1)CCN(CCSc1nnc(-c2cccc4nc(C)ccc24)n1C)CC3,1,train
f8a2831bd0d3abc34919facfdb1345b927cfb918,Cc1ccc2c(-c3nnc(SCCN4CCc5cc6nc(C)oc6c(C)c5CC4)n3C)cccc2n1,0,train
813138df22591f72a36e2668486a4e7e1b1f4fe6,Cc1ccc2c(-c3nnc(SCCN4CCc5cc6nc(C(F)(F)F)oc6c(Br)c5CC4)n3C)cccc2n1,1,train
e88fb25377a5868a9658abdb5271e99efdcf13f2,CCc1nc2cc3c(c(Br)c2o1)CCN(CCSc1nnc(-c2cccc4nc(C)ccc24)n1C)CC3,1,train
243e097709e14989dfb1472d5cb0d5a2ce0c4394,Cc1ccc2c(-c3nnc(SCCN4CCc5cc6nc(C)oc6c(Br)c5CC4)n3C)cccc2n1,1,train
14fafc44c5a2adcd8f46bc19a337c78c82658bcc,Cc1ccc2c(-c3nnc(SCCN4CCc5cc6nc(C)oc6cc5CC4)n3C)cccc2n1,0,train
e7cd05ade80084150d01732a81907ce9d2ffc438,Cc1ccc2c(-c3nnc(SCCCCN4CCc5cc6nc(C(F)(F)F)oc6c(C)c5CC4)n3C)cccc2n1,1,train
d2c0b3b681cf3bf1f858bab73047d3b2fcf86c16,CCc1nc2cc3c(c(C)c2o1)CCN(CCCCSc1nnc(-c2cccc4nc(C)ccc24)n1C)CC3,1,train
9cc46a3e845a2faba562427224efb3958b12fde0,Cc1ccc2c(-c3nnc(SCCCCN4CCc5cc6nc(C)oc6c(C)c5CC4)n3C)cccc2n1,1,train
a33e4dc9226c81cea49371be4313617ca8ca7de4,Cc1ccc2c(-c3nnc(SCCCCN4CCc5cc6nc(C(F)(F)F)oc6c(Br)c5CC4)n3C)cccc2n1,1,train
629b4233e484f157f27e7aab2976c08718fb5c11,CCc1nc2cc3c(c(Br)c2o1)CCN(CCCCSc1nnc(-c2cccc4nc(C)ccc24)n1C)CC3,1,train
c880e3332a237d53fba9cd125f8c1585a864baf9,Cc1ccc2c(-c3nnc(SCCCCN4CCc5cc6nc(C)oc6c(Br)c5CC4)n3C)cccc2n1,1,train
5315c3ad023729572494493c8ddc2494dddf9ef8,Cc1nc2cc3c(cc2o1)CCN(CCCCSc1nnc(-c2ocnc2C)n1C)CC3,0,train
1d060e9f0878c9888741bcc16ede7a4742d8c882,Cc1ccc2c(-c3nnc(SCCCN4CCc5cc6nc(C(C)(C)C)oc6c(C)c5CC4)n3C)cccc2n1,1,train
6378c6dc14ab43d3426cd7a5eaadce3d10350288,CCc1nc2cc3c(c(C)c2o1)CCN(CCCSc1nnc(-c2cccc4nc(C)ccc24)n1C)CC3,1,train
c697159c6ffd536454f13a57143306246fc6b8d1,Cc1ccc2c(-c3nnc(SCCCN4CCc5cc6nc(C)oc6c(C)c5CC4)n3C)cccc2n1,1,train
458b3513c8a3a0edec467f15fb5cc35f10edd935,Cc1ccc2c(-c3nnc(SCCCN4CCc5cc6nc(C(C)(C)C)oc6c(Br)c5CC4)n3C)cccc2n1,1,train
472779d90d668f9b51debcb624cc6e704abd4447,CCc1nc2cc3c(c(Br)c2o1)CCN(CCCSc1nnc(-c2cccc4nc(C)ccc24)n1C)CC3,1,train
333e7c743fc47951b3980362b3a15f574ade59ef,Cc1ccc2c(-c3nnc(SCCCN4CCc5cc6nc(C)oc6c(Br)c5CC4)n3C)cccc2n1,1,train
aa3ac1be1f8131987608b00290908e23c50e3900,CCc1nc2cc3c(cc2s1)CCN(CCCSc1nnc(-c2ocnc2C)n1C)CC3,1,train
1293789cf377017659e684ceea8836279e8696c8,CCc1nc2cc3c(cc2s1)CCN(CCCSc1nnc(-c2cccc4nc(C)ccc24)n1C)CC3,1,train
2d82d06ddbbadaa43b67b01a2b221a6050706740,Cc1nc2cc3c(cc2s1)CCN(CCCSc1nnc(-c2ocnc2C)n1C)CC3,1,train
78a053ea15689df5fef00cf547b49bc15e6772c9,Cc1ccc2c(-c3nnc(SCCCN4CCc5cc6nc(C)sc6cc5CC4)n3C)cccc2n1,1,train
1f77903327018bdbdc740f531a602089809ce3b6,CCc1nn(C)c2cc3c(cc12)CCN(CCCSc1nnc(-c2cccc4nc(C)ccc24)n1C)CC3,1,test
b9805dd53b1b87a5297600492d7d4f4afb1647ba,Cc1ccc2c(-c3nnc(SCCC(C)N4CCc5cc6c(cc5CC4)C(=O)N(C(C)C)C6)n3C)cccc2n1,1,train
c163b967c29d58e64c984e621ed2b18b5a3d065e,Cc1ccc2c(-c3nnc(SCCC(C)N4CCc5cc6c(cc5CC4)C(=O)N(C)C6)n3C)cccc2n1,0,train
77cbb8e541114c6a1e921f2d01a887ebeb77e5e5,Cc1ccc2c(-c3nnc(SCCCCN4CCc5cc6c(cc5CC4)C(=O)N(C(C)C)C6)n3C)cccc2n1,1,train
cede8302a330518e2129d31dc23b65d500ec66f8,Cc1ccc2c(-c3nnc(SCCCCN4CCc5cc6c(cc5CC4)C(=O)N(C)C6)n3C)cccc2n1,0,train
f50b82d900fa38ebd08722f89219b433e75200e2,Cc1ccc2c(-c3nnc(SCCCN4CCc5cc6c(cc5CC4)C(=O)N(C(C)C)C6)n3C)cccc2n1,1,train
2eef76fac3598d846d94d31f1a6a97e1cea3854d,Cc1cc2c(-c3nnc(SCCCN4CCc5ccc(-c6cc(C)nn6C)cc5CC4)n3C)cccc2cn1,1,train
94c750aaa1724f70db7b7c60e5eeeb68800d3c92,O=C(c1ccc(O)cc1OC[C@@H](O)CN1CCC2(CC1)Cc1cc(Cl)ccc1O2)N1C[C@H](O)CO1,1,val
bb5c6ebfda1af12de3e76429b6fb0a8c5a9e1f2c,COc1ccccc1Oc1cccc(CN2CCC3(CC2)CCN(C(=O)c2cccc[n+]2[O-])CC3)c1,0,test
65355bfba2b4416084e4ffbf0c5ae54a8dfaa838,COc1ccccc1Oc1cccc(CN2CCC3(CC2)CCN(C(=O)c2cc[n+]([O-])cc2)CC3)c1,1,train
6cdb31232f28630a6e9477e7dfe7819fe91bc3dc,O=C(c1cc[n+]([O-])cc1)N1CCC2(CCN(Cc3cccc(Oc4ccccc4)c3)CC2)CC1,0,train
6c902327cbcaf20bc616dbc8c02504e2f8de0154,O=C(c1ccncn1)N1CCC2(CCN(Cc3cccc(Oc4ccccc4)c3)CC2)CC1,1,train
f1172be1a4cc01e58c6503d3395b791e61ab8028,O=C(c1ccncc1)N1CCC2(CCN(Cc3cccc(Oc4ccccc4)c3)CC2)CC1,1,train
fe785ebca822224964844e76e3eb270423a859a4,COc1ccccc1Oc1cccc(CN2CCC3(CC2)CCN(C(=O)c2ccc(Cl)cc2)CC3)c1,1,train
d80b37fc7e8bcffab90efc938724e7cc2837bd62,O=C(c1ccc(Cl)cc1)N1CCC2(CCN(Cc3cccc(Oc4ccccc4)c3)CC2)CC1,1,train
2425c5ad7b6451b802dc7e32f99f5157e3b1c283,COc1ccccc1Oc1ccccc1CN1CCC2(CC1)CCN(C(=O)c1cccc[n+]1[O-])CC2,1,test
16da2cdc13e290b43534b926a94aafea578566dc,COc1ccccc1Oc1ccccc1CN1CCC2(CC1)CCN(C(=O)c1cc[n+]([O-])cc1)CC2,1,test
4d2661cb12638ee0522af9ee111c4c244da7f0bb,COc1ccccc1Oc1ccccc1CN1CCC2(CC1)CCN(C(=O)c1ccncc1)CC2,1,train
82ead60707736a9f3968ca2137900be0fce47d1c,COc1ccccc1Oc1ccccc1CN1CCC2(CC1)CCN(C(=O)c1ccccn1)CC2,1,train
ba748fdcb9dc51cb817f72beb85cbbeac47b8180,O=C(c1ccncc1)N1CCC2(CCN(Cc3ccccc3Oc3ccccc3)CC2)CC1,1,train
899d1e49d76fc4332e1cbfcd2e0b2ab4104c85e0,COc1ccccc1Oc1ccccc1CN1CCC2(CC1)CCN(C(=O)c1ccc(Cl)cc1)CC2,1,train
be684fc174547d94a9e391441a7bd2049ec2f83d,O=C(c1ccc(Cl)cc1)N1CCC2(CCN(Cc3ccccc3Oc3ccccc3)CC2)CC1,1,train
cc608ade476bee92b69fbaf187abdd96a47da490,Cc1oc(-c2ccc(Cl)cc2)nc1CCOc1cccc(CC2C(=O)N(c3ccc(C(C)(C)C)cc3)C2C(=O)O)c1,1,train
de77663dfb69e4ffe41fe30d59a26323ab6ff18b,COc1ccc(-c2nc(CCOc3cccc(CC4C(=O)N(c5ccc(C(C)(C)C)cc5)C4C(=O)O)c3)c(C)o2)cc1,1,train
b5b21420122be90c8390b5e8a300fe5db288e575,Cc1oc(-c2cccc(Cl)c2)nc1CCOc1cccc(CC2C(=O)N(c3ccc(C(C)(C)C)cc3)C2C(=O)O)c1,1,train
3b8d26492a507b51ee0902ee1caacac186a07f7f,COc1cccc(-c2nc(CCOc3cccc(CC4C(=O)N(c5ccc(C(C)(C)C)cc5)C4C(=O)O)c3)c(C)o2)c1,1,train
ee52e3cab443fc53c3ec50534c2d9ca92375dfa1,Cc1oc(-c2ccccc2)nc1CCOc1ccc(CC2C(=O)N(c3ccc(C(C)(C)C)cc3)C2C(=O)O)cc1,0,train
8f3e72e256279719a9e92d674382fe7f91723939,Cc1oc(-c2ccccc2)nc1CCOc1cccc(CC2C(=O)N(c3ccc(C(C)(C)C)cc3)C2C(=O)O)c1,1,train
b6d88c2598ad134bc4a7abb35b224b17cfc8c5bc,COc1ccc(N2C(=O)C(Cc3ccc(OCCc4nc(-c5ccccc5)oc4C)cc3)C2C(=O)O)cc1,0,train
954db870a817c512ceacad153165f9ad2b8ac034,CN(C)C(=O)C(N)c1ccc(C(=O)Nc2cc(-c3cccs3)ccc2N)cc1,1,train
d87392f5f1a8b084e202a055afba39c9736d109e,CCOC(=O)C(N)c1ccc(C(=O)Nc2cc(-c3cccs3)ccc2N)cc1,1,train
380c4dbec7551c5928e69bbbe6f9dbe77257da14,Cc1cc(C)n(-c2cc(NC(=O)CN3CCN(C)CC3)nc(-c3ccc(C)o3)n2)n1,1,test
cb6f9b9a7e3aa5c8e95f577d1d74480e5cc34efb,Cc1cc(C)n(-c2cc(NC(=O)CCN3CC[C@H](N(C)C)C3)nc(-c3ccc(C)o3)n2)n1,1,test
e26a227fc748e88cd5eb1f6296f77338ce753f15,Cc1cc(C)n(-c2cc(NC(=O)CCN(C)C)nc(-c3ccc(C)o3)n2)n1,1,train
03a092e7569a8942536f2b089427427f0169667c,Cc1cc(C)n(-c2cc(NC(=O)CN3CC[C@@H](CN(C)C)C3)nc(-c3ccc(C)o3)n2)n1,1,train
97eff5d43f57669338f2c39e5a88a90611fe9bcb,Cc1cc(C)n(-c2cc(NC(=O)CN3CC[C@H](CN(C)C)C3)nc(-c3ccc(C)o3)n2)n1,1,train
b9b402b6d631fb79c566f01c10d9c7d2d1f4fb0d,CCN[C@H]1CCN(CC(=O)Nc2cc(-n3nc(C)cc3C)nc(-c3ccc(C)o3)n2)C1,1,train
6e88e3accfbeed3062e76b46aa41394223e5f384,Cc1cc(C)n(-c2cc(NC(=O)CN3CC[C@H](N(C)C)C3)nc(-c3ccc(C)o3)n2)n1,1,train
9ee41f47d3a7f6db0faec7b2626dd4a570ee8192,Cc1cc(C)n(-c2cc(NC(=O)CC3CCN(C)CC3)nc(-c3ccc(C)o3)n2)n1,1,train
f01a3f16e4f8721588e40e911f9730efd218f018,Cc1cc(C)n(-c2cc(NC(=O)CN3CCC(CN(C)C)CC3)nc(-c3ccc(C)o3)n2)n1,1,train
e2e8a95f81b71c461c3a60291bd2da8879094d5f,Cc1cc(C)n(-c2cc(NC(=O)CN3CCCN(C)CC3)nc(-c3ccc(C)o3)n2)n1,1,train
cf859df207fec3b69bcf29f3f1b4e4c59a1d42fd,CNCc1cnc(C)cc1Oc1ccccc1Oc1ccccc1,1,test
1149f9924b14f74e03ed8a0d70e9f20c218a4b6d,CC(c1nc(-c2ccc(S(C)(=O)=O)cc2Cl)no1)C(N)C(=O)N1CCCC1,0,train
dc7b391c94ab485cf24492345177ff88024e1bcb,CS(=O)(=O)c1ccc(-c2noc(C(CC3CC3)[C@H](N)C(F)=C3CCCC3)n2)c(Cl)c1,1,val
b3e52f7d4720706c9f240f1d883b4d9c77cd731b,CS(=O)(=O)c1ccc(-c2noc(C(CCO)[C@H](N)C(F)=C3CCCC3)n2)c(Cl)c1,0,train
2a952e3063d9c468908862bdc9487dbf3220e4d6,CC(c1nc(-c2ccc(S(C)(=O)=O)cc2Cl)no1)[C@H](N)C(F)=C1CCCC1,0,train
5a4be5979693416693e1828671142feeaee520a6,COC1OC2(CCN(Cc3ccccc3)CC2)c2cnn(-c3ccccc3)c21,1,train
06a43b3f5c71133ad965eb43ad6d716a30063137,CCCCN1CCC2(CC1)OC(OC)c1c2cnn1-c1ccccc1,1,val
a94caf382f47eafe5d94d6ed3fa373c62beadcc5,CC(C)N1CCN(Cc2cnc(-c3ccc(C(=O)Nc4ccccc4N)cc3)c(Cl)c2)CC1,1,train
888ab08acb5fb1982733ba6b502295ed91b5eec7,CC(C)N1CCN(Cc2cnc(-c3ccc(C(=O)Nc4ccccc4N)cc3)c(C#N)c2)CC1,0,train
24f2a114e13257f050b1b7646fefaa88f8e844bb,CCN1CCN(Cc2cnc(-c3ccc(C(=O)Nc4ccccc4N)cc3)c(Cl)c2)CC1,1,train
ed2bf5aa911e646a611c12e0c9da4fef4e7b740e,Nc1ccccc1NC(=O)c1ccc(-c2ncc(CN3CCC3)cc2Cl)cc1,0,train
d5a832b717913f818ae85ff1c565da10910b7d13,COc1cc(Cl)ccc1O[C@@H](c1ccccc1)[C@@H]1CNCCO1,1,val
ee178016a720d62c2b82b9ac106af24f1e0b0040,Cc1cc2cc(Nc3ncnn4cc(-c5nnc(C)o5)c(C(C)C)c34)cnc2[nH]1,1,train
be5c223210bdb1437a7eec91d7b1789a42c3a539,O=c1[nH]ccc2nc(-c3ccc(CN4CCC(c5n[nH]c(-c6ccccn6)n5)CC4)cc3)c(-c3ccccc3)cc12,1,test
e8e19e92929b3a856d55c7cdd519db476c95136a,COc1ccc(Cl)cc1C(=O)NCCc1ccc(S(=O)(=O)NC(=O)NC2CCCCC2)cc1,0,train
59ac330c18bd7f1bde19e64b4d228e08ead4b068,CN(C)c1cn(-c2ccc(F)cc2)c2ccc(Cl)cc12,1,train
abf2dc581c0c5b69a5145e064975d9bfd5be28d8,CC(C)OC(=O)c1ccc(NC(=O)NC(Cc2ccc(O)cc2)C(=O)N[C@H]2CCC[N+](C)(Cc3cccc(O)c3)C2)cc1,1,val
9d571f87c3cf3b5e19fe8419100c5ad4c30a185e,O=C(COc1cccc(Cl)c1)NC1CCN(Cc2ccn(-c3ccc(C(F)(F)F)cc3)c2)CC1,1,train
f9a410237cd5b847e3d044e399b98e83d1a261cd,O=C(COc1cccc(Cl)c1)NC1CCN(Cc2ccn(-c3ccc(OC(F)(F)F)cc3)c2)CC1,1,train
418130bcb16180091b4a8f92dd1fffffc672f49c,COc1cccc2cc3n(c12)CCN(CCCCN1CCn2c(cc4ccccc42)C1=O)C3,1,val
4fc9b17bf561ca59c2c65e9f9380e8602037fd0d,Clc1cccc(N2CCN(CCCCCOc3cc4ccccc4cn3)CC2)c1Cl,1,train
9f2c2c4c725b2482dc68abb8ac1038e6ded817f6,Clc1cccc(N2CCN(CCCCOc3cc4ccccc4cn3)CC2)c1Cl,1,train
0cfaf388b5af9237be243d8cc3fbcaf9a8564097,Cc1cccc(N2CCN(CCCCNC(=O)c3cc4ccccc4o3)CC2)c1,1,train
c3852d56744a322e6f255b2f802ad4db0c6c6085,O=C1c2cc3ccccc3n2CCN1CCCCN1CCN(c2cccc(Cl)c2Cl)CC1,1,train
7d36a72eb5630fbc8b158c0b34a91d5d7c895283,N#Cc1cccc(N2CCN(CCCCNC(=O)c3cc4ccccc4o3)CC2)c1,1,train
40b427ce855095e8692d3b1b8cdb7bb281b98b80,O=C(NCCCCN1CCN(c2cccc(Cl)c2Cl)CC1)c1cc2ccccc2cn1,1,train
a5e2fffa5ec32c5e8cfcc5f2a7ce0e9d7e11b8d0,O=C(NCCCCN1CCN(c2cccc(Cl)c2)CC1)c1cc2ccccc2cn1,1,train
734b8908d9a7a3dc927c251c77e2a910834b006d,COc1cccc2cc3n(c12)CCN(CCCCNC(=O)C1=Cc2ccccc2CN1)C3,1,train
260790e6cb5758698287f0595c0fec0b690f45f8,Clc1ccc(-n2c(-c3ccc(Cl)cc3Cl)nc3c(NN4CCCCC4)ncnc32)cc1,1,train
f4c18e8f28e09c20876d8ef521b8ad4ee446afd8,CN1CCN(c2ncnc3c2nc(-c2ccc(Cl)cc2Cl)n3-c2ccc(Cl)cc2)CC1,1,train
acd6334922f024bd05f0b980aea46fda585db0b9,CN1CCN(c2ncnc3c2nc(-c2ccccc2Cl)n3-c2ccc(Cl)cc2)CC1,1,train
687055601eea099a9225c0ba29f0518b06f7ac45,Fc1ccc2c(c1)nc(-c1ccccn1)n2-c1ccc(OCCCN2CCCCC2)cc1,1,train
bc5818fb92b8713199e60bfd08d9a89ab3cc21a0,Fc1ccc2c(c1)nc(-c1ccccn1)n2-c1ccc(OCCCN2CCOCC2)cc1,1,train
ad7bf0cb54129c694dded921a08bca71b1be3d48,CC(C)[C@@H]1CCN(CCCOc2ccc(-n3c(-c4ccccn4)nc4cc(F)ccc43)cc2)C1,1,test
f62e47eda35d5d7bb7bc03814b11797e30f56db0,Fc1ccc2c(c1)nc(-c1ccccn1)n2-c1ccc(OCCCN2CCSC2)cc1,1,train
64f0d8d4c44ebfc5170eeb4fdd48e9e5cb0ce520,Fc1ccc2c(c1)nc(-c1ccccn1)n2-c1ccc(OCCCN2CCc3ccccc3C2)cc1,1,train
ee3918b0c722cbb8cd7d1de329098f26fa70fa07,OC1CCN(CCCOc2ccc(-n3c(-c4ccccn4)nc4cc(F)ccc43)cc2)CC1,1,train
43e4e0f888eb54192c92f9199331fdab95ddfee2,COC(=O)C1CCN(CCCOc2ccc(-n3c(-c4ccccn4)nc4cc(F)ccc43)cc2)CC1,1,train
730ce8b92e4832289db690ce8e034f7d66aa606f,CS(=O)(=O)c1ccc(OCC2CC2)c(C(=O)N2CCN(c3ccc(C#N)cc3F)CC2)c1,1,test
7eccd78bb25b9ef27eafa49dba84fca29b1d28c7,CCCCNc1nccc2[nH]c3ccccc3c12,1,train
01ece82c67dce18b8d4ddb98c6182a9c0919914e,CN1C(=O)C(CN2CCCCC2)C[C@H]1C#Cc1ccccc1,1,val
40a955c5f062d0700032b206627d588fbe33d6f4,Nc1ccnc(N2CCC(C(=O)Nc3ccc4ccccc4n3)(c3ccccc3)CC2)c1,1,test
c53e8e097dda163cbfaa3ced7922262799ebe80c,Nc1ccnc(N2CCC3(CC2)OC(c2ccccc2)c2ccccc23)c1,1,test
c396afd0a57f42893448f94f5718189fe6b6ff73,Nc1ccnc(N2CCC(C(=O)N3CCc4ccccc4C3)(c3ccccc3)CC2)c1,1,train
81416bb0c041790bcbaa33c5c160f9529549fc87,COc1ccc(C(=O)NC2(c3ccccc3)CCN(c3cc(N)ccn3)CC2)c(OC)c1,1,train
043dcefd8c69982e1c24c683a394b1305d059142,CCOC(=O)N1CCN(C(=O)C2(c3ccccc3)CCN(c3cc(N)ccn3)CC2)CC1,1,test
2cf9ea06339ae2f5e954e0dd000bddbbb1563f61,COc1ccc(CNC(=O)C2(c3ccccc3)CCN(c3cc(N)ccn3)CC2)cc1,1,test
fe9cd0e4e8cf52798a334df148881a7e78d6eeb2,COc1ccc(C(=O)NC2(c3ccccc3)CCN(c3cc(N)ccn3)CC2)cc1Cl,1,train
ffe79cbb826551c664d82bfcf6ff46214029a512,Nc1ccnc(N2CCC(n3c(=O)n(Cc4ccccc4)c4cccnc43)CC2)c1,1,test
1bcd39d1311b961ce370ea4e99a351fc9ce7a18f,Nc1ccnc(N2CCC(NC(=O)c3ccccn3)(c3ccccc3)CC2)c1,1,train
8f4c4d2901fd9c4049ffbef0a469317479968bab,Nc1ccnc(N2CCC(n3c(=O)n(CC4CC4)c4cccnc43)CC2)c1,1,val
81f3d7f3c83859bb4d4c5e968e96287c03beed62,COc1ccc(-n2c(=O)n(C3CCN(c4cc(N)ccn4)CC3)c3ncccc32)cc1,1,train
bcf06874b6031e01b1cda9960e9c3533a45756a5,Nc1ccnc(N2CCC(n3c(=O)n(-c4ccccc4)c4cccnc43)CC2)c1,1,train
b74c4262d5ee808675b0c7476b3a0d5d1007672c,COc1cccc(C2(C)CN(c3cc(N)ccn3)C2)c1,1,val
aee7ee7d3a651bce2b68502470c965a1519a34b1,CN(C)C(=O)C1CC2(CCN(c3cc(N)ccn3)CC2)c2ccccc21,1,train
c492008b11ee3b4aabfbcbbc290523c592bd34cc,COc1ccc(C(=O)N(c2cc(C)ccn2)C2CCN(c3cc(N)ccn3)CC2)cc1,1,train
beb24a6e5d3551149b9c770e82305275ed6b0e6f,COc1cccc(C(=O)N(c2ccccn2)C2CCN(c3cc(N)ccn3)CC2)c1,1,train
b03da22dfde5525a43fd57e97f1193b849abce84,O=S(=O)(c1ccc2c(c1)CCNCC2)N1CC(Oc2ccc(Cl)cc2)C1,1,train
5db3547aa5c848684c14b666e6bebaf11c38273b,O=S(=O)(c1ccc2c(c1)CCNCC2)N1CCC(Oc2ccccc2Cl)CC1,1,train
b7d0c93eef22c5bd9dd767a5d69b7b6224030eb7,CN(CC1COc2ccccc21)S(=O)(=O)c1ccc2c(c1)CCNCC2,1,val
6121fc2b79a5a15acb0b9e2dcda8b0584594c8de,O=S(=O)(c1ccc2c(c1)CCNCC2)N1CC(Oc2ccccc2Cl)C1,1,train
e273f6fc181bbe0dd1cc32b8f821f955af309612,O=S(=O)(c1ccc2c(c1)CCNCC2)N1CC[C@@H](Oc2ccccc2Cl)C1,1,train
fb7601395093300323dea17224e733ed2dee34f5,O=S(=O)(c1ccc2c(c1)CCNCC2)N1CC(Oc2cccc(Cl)c2)C1,1,train
f23f1cd4367275c3d51a92d5f611fa6ff1cfdcb3,O=S(=O)(c1ccc2c(c1)CCNCC2)N1CC[C@H](Oc2ccccc2Cl)C1,1,train
b3136e02d3e85b3897e27964303c4ec371b07f19,C[C@@H]1CN(CC2(C(N)=O)CCC2)CCN1S(=O)(=O)c1ccc(C(C)(O)C(F)(F)F)cc1,0,val
d20927c81b437dd182634f7d6d55de04fbd319b8,C[C@@H]1CN(CC2(c3ccc(C(N)=O)cc3)CC2)CCN1S(=O)(=O)c1ccc(C(C)(O)C(F)(F)F)cc1,1,train
6e31347b6486174cf77c359ccd07b353dad71c14,C[C@@H]1CN(CC2(c3ccncc3)CC2)CCN1S(=O)(=O)c1ccc(C(C)(O)C(F)(F)F)cc1,1,val
a6f13597c7b741bee371a054cb60ee4b9c559cf3,Cc1nnc(C(C)C)n1C1CCN(C(C)C[C@H](NC(=O)C2CC(F)(F)C2)c2ccccc2)CC1,1,train
40459853b57475f60f3f9619bd092cceaf6cfdbe,Cc1nnc(C(C)C)n1C1CCN(C(C)C[C@H](NC(=O)C2CCC(F)(F)CC2)c2ccccc2)CC1,1,val
67f492b4dbb56f1c41c9f8bb5296c88defd2e61c,N#Cc1ccc2cc1Oc1ccc3c(c1)[C@@H](CC3)N1CCC(NCc3cncn3C2)C1=O,1,train
fdec5bd8052e14048d936caab82c9536534c4aea,CC(=O)Nc1cccc(N2CCN(CCCCNS(=O)(=O)CC3CCCCC3)CC2)c1,1,val
06feea3f8d44bbf1546dacfc3cf440441e980b56,CC(=O)Nc1cccc(N2CCN(CCCCNS(=O)(=O)c3ccc(C)cc3)CC2)c1,1,train
a09f1adff0ec70f4b98ab8ac52df3a297ac1c6e2,COc1ccccc1N1CCN(CCCCNS(=O)(=O)c2ccc(C)cc2)CC1,1,train
463250fe149f738e4ce26e491ae89e3b06ac4e6b,N#Cc1ccc(Cn2cncc2CN[C@H]2CCN(C(=O)c3cccc(Cl)c3)C2)cc1,1,train
9c1697aaf8f9a0d806362e421757789182c23d5c,N#Cc1ccc2cc1Oc1ccc3c(c1)[C@@H](CCO3)N1CCC(NCc3cncn3C2)C1=O,1,val
7c42bff4032e5afed3cee7bbf5e22eb480a4c4ad,N#Cc1ccc2cc1Oc1ccc3c(c1)[C@@H](CCC3)N1CCC(NCc3cncn3C2)C1=O,1,test
1593467ba3f1f0e7e8da3d932c1fed5e11f16c38,Cc1nc2n(c(=O)c1CCN1CCC(c3noc4cc(F)ccc34)CC1)CCCC2O,1,train
3a341d0bdbdd63eb76fbf331fa41cb4a2c8eec52,N#Cc1ccc2cc1Oc1cccc(c1)CN1CCC(NCc3cncn3C2)C1=O,1,train
c6c2ff71a046e41a294f0806fa8051378344b150,N#Cc1ccc2cc1Oc1cc(Cl)cc(c1)CN1CCC(NCc3cncn3C2)C1=O,1,train
fa3a928bc8f12856c06984223aa585f37ebb788a,N#Cc1ccc2cc1Oc1cccc(c1)C(c1ccccc1)N1CCC(NCc3cncn3C2)C1=O,1,train
1560923172e945cb31450f22af6d3501e331d948,N#Cc1ccc2cc1Oc1cccc(c1)C(c1cccc(Cl)c1)N1CCC(NCc3cncn3C2)C1=O,1,train
037af23aadedbdcf51d6f61b541596b0b337c544,CC1c2ccc(C#N)c(c2)Oc2cccc(c2)CN2CCC(NCc3cncn31)C2=O,1,train
9690e516b776b0f4bd0c1afd335694dd6f4df7a1,N#Cc1ccc2cc1Oc1ccc(Br)c(c1)CN1CCC(NCc3cncn3C2)C1=O,1,train
bbb8a6dab2133417217b49f1787be5070b4b04c1,N#Cc1ccc2cc1Oc1cccc(c1)-c1ccccc1N1CCC(NCc3cncn3C2)C1=O,1,train
5c95139e62164878d5dc4c0c47fa4826062d4f9e,N#Cc1ccc2cc1Oc1ccc3cccc(c3c1)N1CCC(NCc3cncn3C2)C1=O,1,train
186f44f7b3cbea111cc804c9da34fb51621bbb30,CN1Cc2cncn2Cc2ccc(C#N)c(c2)Oc2ccc3cccc(c3c2)N2CCC1C2=O,1,train
2dfc7fff2f0a35ed9e7834225d01efb5ae209715,N#Cc1ccc2cc1Oc1ccc3cccc(c3c1)N1CCC(NC(=O)Cc3cncn3C2)C1=O,1,train
4d4c9146c98b4bd176ca693c603ef59e50055d04,N#Cc1ccc2cc1Oc1ccc3cccc(c3c1)N1CCC(NCCc3cncn3C2)C1=O,1,train
ebefdabe1f59ca4007cbc5e42a5da3a43e765a6d,CN1CCc2cncn2Cc2ccc(C#N)c(c2)Oc2ccc3cccc(c3c2)N2CCC1C2=O,1,train
899da20288675631163cd929bc9d3f791957b764,N#Cc1ccc2cc1Oc1ccc3c(c1)[C@H](CC3)N1CCC(NCc3cncn3C2)C1=O,1,train
0f3b33fa4a754154571895f38dd1f86e809f7404,CN1Cc2cncn2Cc2ccc(C#N)c(c2)Oc2ccc3c(c2)[C@@H](CC3)N2CCC1C2=O,1,train
dbc17c20ba6a97c746ff501984d93bea9852bf70,N#Cc1ccc(Cn2cncc2CNC2CCN(Cc3ccccc3)C2=O)cc1,1,train
06b3f97d956c3c281c7aff913392df2ce4bd15c9,N#Cc1ccc(Cn2cncc2CNC2CCN(Cc3cccc(Cl)c3)C2=O)cc1,1,train
878291dbe5aac8cccb15c2266e993184a15365eb,N#Cc1ccc(Cn2cncc2CNC2CCN(c3ccncc3)C2=O)cc1,1,test
0f84c6724e45ab9b06ba1a43d3a6e9b306fdc6ff,N#Cc1ccc(Cn2cncc2CNC2CCN(c3cccc4ncccc34)C2=O)cc1,1,val
c8a91e19c9560daa2d03bb839f3a32e7d447c1c4,N#Cc1ccc(Cn2cncc2CNC2CCN(C(=O)c3cccc(Cl)c3)C2=O)cc1,1,train
8d52b8da310e0425b7d8a9a5db99c7869f08202c,Cc1ncccc1C(=O)N1CCC(NCc2cncn2Cc2ccc(C#N)cc2)C1=O,1,train
3415ff6b5800132a5bde78c3fe08fe4d559d1fa2,N#Cc1ccc(Cn2cncc2CNC2CCN(C(=O)c3cccnc3N)C2=O)cc1,0,train
b230884977d1473cec85d429f67ac8a2b3c891f7,COc1ncccc1C(=O)N1CCC(NCc2cncn2Cc2ccc(C#N)cc2)C1=O,0,train
bf5239a005233bae1017ff97a54d64a15e19320b,CSc1ncccc1C(=O)N1CCC(NCc2cncn2Cc2ccc(C#N)cc2)C1=O,1,train
d092160fd8c8117527823068fd8d75d1cdb16b94,CCSc1ncccc1C(=O)N1CCC(NCc2cncn2Cc2ccc(C#N)cc2)C1=O,0,train
85bc9f44311e0125d4f8fe847bb6806ddb50d7ee,N#Cc1ccc(Cn2cncc2CNC2CCN(C(=O)c3cncc(Br)c3)C2=O)cc1,1,train
65b8ebdf58a6dbea5ab2d9981322d067ac52a461,CCCCN(Cc1cncn1Cc1ccc(C#N)cc1)C1CCN(Cc2ccccc2)C1=O,1,train
8f627853b100de51d1323185e4cdaf48dda7ada1,N#Cc1ccc(Cn2cncc2CN(Cc2cccnc2)C2CCN(Cc3ccccc3)C2=O)cc1,1,train
941f93d512d4c74ae59598646b28fa6741964103,N#Cc1ccc(Cn2cncc2CN(CCCc2ccccc2)C2CCN(Cc3ccccc3)C2=O)cc1,1,train
16b49057d3d3d24925382025d2148d532d1d652c,N#Cc1ccc(Cn2cncc2CN(CCCN)C2CCN(Cc3ccccc3)C2=O)cc1,1,train
46b6edd35766b3f7073799ec470f5ffa8832149a,N#Cc1ccc(Cn2cncc2CN(CCN2CCOCC2)C2CCN(Cc3ccccc3)C2=O)cc1,1,train
71233bcaefe8dad51905ec6b4f558caa9b45538b,N#Cc1ccc(Cn2cncc2CN(CCN2CCNCC2)C2CCN(Cc3ccccc3)C2=O)cc1,1,val
2dc89f0fdeeefa40e1a0e7579d8c988f3fa2292f,c1ccc(-c2[nH]c3ccccc3c2C2CC3CCC(C2)N3)cc1,1,val
c4fa666c711e89fb994e7fb830c0193aec41b02d,F[C@@H]1CCNC[C@H]1c1c(-c2ccccc2)[nH]c2ccccc12,1,train
c59f9062e9ab1a56af810b4a37ff3355c03c43d4,Fc1ccc2[nH]c(-c3ccccc3)c([C@@H]3CNCC[C@H]3F)c2c1,1,train
56e85568fcd25559bd7aee0b5286b6f6fb8ffa4a,F[C@@H]1CCNC[C@H]1c1c(-c2ccccc2)[nH]c2ccc(Cl)cc12,1,train
08faa53b83837ff6d7874f659d855208cc20a2cd,CC(C)(C)OC(=O)NCCCN(Cc1cncn1Cc1ccc(C#N)cc1)C1CCN(Cc2ccccc2)C1=O,1,train
ade1b804d091c6cfb5b064d9c860f2fcff610dca,O=C(OC1CC2CC3CC(C1)N2CC3O)c1c[nH]c2ccccc12,1,val
184bf9f04c566429728ba14a7276108f9db79974,CS(=O)(=O)N1CCN(Cc2cc3nc(-c4cccc5[nH]ncc45)nc(N4CCOCC4)c3s2)CC1,0,train
9adc7bff6cb8bd318d80a611086b5ebd0a9d7304,C1=C(c2ccccc2)c2ccccc2OC12CCNCC2,1,train
faaa44208d3e2511c5b329b8799ae8f009626652,CCN(CC)C(=O)c1ccc(C2=CC3(CCNCC3)Oc3cccc(O)c32)cc1,0,train
24a80705fbf166c34709011291cc2d41c97221b0,CCN(CC)C(=O)c1ccc(C2=CC3(CCNCC3)Oc3ccc(O)cc32)cc1,0,train
76def52ef13e2ebc55996d8bf9a05c3472add921,CCN(CC)C(=O)c1ccc(C2=CC3(CCNCC3)Oc3cc(O)ccc32)cc1,0,train
9416b09050cf402ebc872b7847f596e7aa752f9e,CCN(CC)C(=O)c1ccc(C2=CC3(CCNCC3)Oc3c(O)cccc32)cc1,0,train
02bb61ded46ab863da6def4c47aae9c3e213b7d6,CCN1CCC2(C=C(c3ccc(C(=O)N(CC)CC)cc3)c3ccccc3O2)CC1,1,train
edae7d8ebcd627f373d600efe8a9cf932c89f93f,CCN(CC)C(=O)c1ccc(C2=CC3(CCN(C)CC3)Oc3ccccc32)cc1,1,train
57c05fc404df30877f28db077be0031982d3df34,CCN(CC)C(=O)c1ccc(C2=CC3(CCN(C(C)=O)CC3)Oc3ccccc32)cc1,0,train
2f6f0f69241474f27c0d3f7f3f4ca2c5d257650a,CCN(CC)C(=O)c1ccccc1C1=CC2(CCNCC2)Oc2ccccc21,1,train
ff53ae0ccc78ebbab69c3ce27c163922f2aaebab,CCN(CC)C(=O)c1cccc(C2=CC3(CCNCC3)Oc3ccccc32)c1,1,train
b4ea551439e89334767b9f902e32587113005d7e,CCN(CC)C(=O)c1ccc(C2=CC3(CCNCC3)Oc3ccccc32)cc1,1,train
953ba089f7632add2264ff83f7cf29b1f8b2853f,COC(=O)c1ccc(C2=CC3(CCNCC3)Oc3ccccc32)cc1,1,train
6160e18892e09cfc19b8a807a35e4f76279153fc,Oc1ccc(C2=CC3(CCNCC3)Oc3ccccc32)cc1,1,train
68f6bb4c401da6d465cb782e6b68473a53d92d4d,COc1ccc(C2=CC3(CCNCC3)Oc3ccccc32)cc1,1,train
acd6f5d680eb7a8cd31e1f20eaf1d31e8b8c8d26,FC(F)(F)c1ccc(C2=CC3(CCNCC3)Oc3ccccc32)cc1,1,train
848d180e2077d769c837251d9e1360648ef511b6,Cc1ccc(C2=CC3(CCNCC3)Oc3ccccc32)cc1,1,train
656b5bb09e40436c01c59efbbac30c76ecc35fb8,C[C@H]1CN(Cc2cccc(-c3cc(CNC(=O)c4cccc(CC5CCNCC5)c4)ccc3F)c2)CCN1,1,val
e551a3f09be4c8a531ec85f9a2554f4f36f29cfb,CS(=O)(=O)Nc1ccc(OC[C@@H](O)CNCCc2ccc(Cl)c(Cl)c2)cc1,1,train
e0ff36d114416158192285ba72ae0d864919e015,CS(=O)(=O)Nc1ccc(OC[C@@H](O)CN(CCc2ccc(Cl)c(Cl)c2)Cc2ccc(F)c(F)c2F)cc1,1,train
15df6788aa31e5459226b17eb13b4aedfa4eb2fb,CS(=O)(=O)Nc1ccc(OC[C@@H](O)CN(CCc2ccc(Cl)c(Cl)c2)Cc2ccccc2F)cc1,1,train
0586783396b87d8141c3f71fe3f489fe23cf47fb,CS(=O)(=O)Nc1ccc(OC[C@@H](O)CN(CCc2ccc(Cl)c(Cl)c2)Cc2cccc(O)c2)cc1,1,train
a75b6f9319466c1656389bade75893e30e5d121f,CS(=O)(=O)Nc1ccc(OC[C@@H](O)CN(CCc2ccc(Cl)c(Cl)c2)Cc2ccccc2O)cc1,1,train
a598a3e651dd377e5ac3dd4ff9e319e413dab364,CS(=O)(=O)Nc1ccc(OC[C@@H](O)CN(CCc2ccc(Cl)c(Cl)c2)Cc2ccccc2)cc1,1,train
794d1fb81b9887729c5a2160c51b2bce5b304f02,CC(C)CN(CCc1ccc(Cl)c(Cl)c1)C[C@H](O)COc1ccc(NS(C)(=O)=O)cc1,1,train
7a94dd888c6c7f5191c0a35f7697c0bcbbe57fad,CCCCN(CCc1ccc(Cl)c(Cl)c1)C[C@H](O)COc1ccc(NS(C)(=O)=O)cc1,1,train
87c869537df4a29c34e27c45993db9811d6cf0c0,CCCN(CCc1ccc(Cl)c(Cl)c1)C[C@H](O)COc1ccc(NS(C)(=O)=O)cc1,1,train
b7e423f2b5c876204cace6f5bffc53c439d2ee91,CCN(CCc1ccc(Cl)c(Cl)c1)C[C@H](O)COc1ccc(NS(C)(=O)=O)cc1,1,train
c8d1bb9e2282d7c54b74c34429d834e97ebd0948,CN(CCc1ccc(Cl)c(Cl)c1)C[C@H](O)COc1ccc(NS(C)(=O)=O)cc1,1,train
661c092609aa267e2fc1b0a3d39e47e05da41ce7,Cc1ccc(CCNC[C@H](O)COc2ccc(NS(C)(=O)=O)cc2)cc1C,1,train
073069bc6a3c679bc288a8664f55a6907bc73966,CS(=O)(=O)Nc1ccc(OC[C@@H](O)CNCCc2ccc(F)c(F)c2)cc1,1,train
ba4db0cfeaf33b3085c47079775026385089ebaa,CS(=O)(=O)Nc1ccc(OC[C@@H](O)CNCCc2ccc(Cl)c(F)c2)cc1,1,train
c280b8ee001d233f658dd91babc9359f034e16d7,CS(=O)(=O)Nc1ccc(OC[C@@H](O)CNCCc2ccc(Cl)cc2)cc1,1,train
e4bd1a68a4d61ca022f3b83e2b70a050c1c7df23,CNc1noc2c(-c3ccc4c(N5CCOC[C@@H]5C)nncc4c3)c(C)ccc12,0,val
67d9e76e78dd59f37cdaf49c6a20b5f78cecf9b9,CC(C)(C)CCN1CC[C@@H](CNC(=O)c2cc(Cl)cc(Cl)c2)[C@H](F)C1,1,train
67098f57571765e7a5f0d99ebea72966173c6f78,CC(C)(C)CCN1CC[C@H](CNC(=O)c2cc(Cl)cc(Cl)c2)[C@H](F)C1,1,train
88f06ddbf46a8d2360181cc35e8f68014ea1f077,CC(C)(C)OCCN1CCC(CNC(=O)c2cc(Cl)cc(Cl)c2)CC1,1,train
931a87669719165cb43ce61f621fcb48ab73da95,CC(C)(C)C(F)CN1CCC(CNC(=O)c2cc(Cl)cc(Cl)c2)CC1,1,train
1bebe29ea5fd85558143e1defc211f1bda89faca,CC(C)(C)C(O)CN1CCC(CNC(=O)c2cc(Cl)cc(Cl)c2)CC1,1,train
93f840a3bca543f7f12a12c0f052c28c063448f6,CC(C)(C)C(=O)CN1CCC(CNC(=O)c2cc(Cl)cc(Cl)c2)CC1,1,train
a20f74e3f8ebfea51b2477906e00b06b1ca1e4b7,CC(C)(C)CCN1CCC(CNC(=O)Cc2ccc(C(C)(C)C)cc2)CC1,1,train
0f07661591353eb075d3432fce7d8d0640e5e7ef,CC(C)(C)CCN1CCC(CNC(=O)C2(c3ccc(F)cc3)CCCCC2)CC1,1,val
4f9684a0a2016d9735e0cb06a8d16094fcb0671c,CC(C)(C)CCN1CCC(CNC(=O)c2cccc(Cl)c2)CC1,1,train
3a500a45c8ca3fd2d0c0625e95ea4bba3c2a6fb0,CC(C)(C)CCN1CCC(CNC(=O)c2ccc(Cl)c(Cl)c2)CC1,1,train
555b625b73e4f654abeda02411d625dcdda9786f,CC(C)(C)CCN1CCC(CNC(=O)c2cc(C(F)(F)F)cc(C(F)(F)F)c2)CC1,1,train
cd1fe3d1141fdc09f39b385dbf077c7397a472f7,CCC(C)C(C)CN1CCC(CNC(=O)c2cc(Cl)cc(Cl)c2)CC1,1,train
84f318241ec352c3c76bdd6ee165921aa1a332c5,CC(CC(C)(C)C)N1CCC(CNC(=O)c2cc(Cl)cc(Cl)c2)CC1,1,train
8f47b198c217e7e44049f0bc080fc47ddb9cd99b,O=C(NCC1CCN(Cc2ccc(Br)nc2)CC1)c1cc(Cl)cc(Cl)c1,1,val
d2f910e5dd3608c996244ec062f96034459584a2,O=C(NCC1CCN(Cc2cccc(C(F)(F)F)c2)CC1)c1cc(Cl)cc(Cl)c1,1,train
267b8b620ad1302097af87160fd4de87148f6d46,CC(C)(C)CCN1CCC(CNC(=O)c2cc(Cl)cc(Cl)c2)CC1,1,train
99cd57740b4fc75cc228bcf15a63f6bce8b701db,CC(C)(C)CCN1CCC(CNC(=O)Nc2cccc(Cl)c2)(c2ccccc2)CC1,1,val
0694cadc26e7566ed4be791bbd020c16e711b1c1,Cc1ccc(CN2CCC(CNC(=O)c3cc(Cl)cc(Cl)c3)CC2)cc1,1,train
cc675c153d56b148a35a761917d796538cbb4e5c,CC1(C)C[C@@H](CN2CCC(F)(CNC(=O)c3cc(Cl)cc(Cl)c3)CC2)CCO1,1,val
7aaf908e0176dc91dba89b21bcc74a69cf1918bc,Cc1c(C(=O)c2ccc(Cl)cc2)c2ccc(OC(F)(F)F)cc2n1Cc1cccc(OC(C)C(=O)O)c1,1,val
17740423fb627e75d1c7fef515e11f7f926b6a0d,C[C@H]1CN(Cc2ccc(CC(=O)N3CCC(Nc4cccc(F)c4)CC3)cc2)CCN1,0,test
2480856f40f00716bf67b86b4e6241174fc77f6e,CCN(CC)Cc1cc(Nc2ccnc3cc(Cl)ccc23)ccc1O,1,train
1a56148b98c3ecdca5447a6e0cad6ec98948b5e8,CCN(CC)Cc1ccc(Nc2ccnc3cc(Cl)ccc23)cc1O,1,train
7cb9b73eff7a4e8078deff4c8e41799b25e5a7e4,CC(C)(C)NCc1ccc(Nc2ccnc3cc(Cl)ccc23)cc1O,1,train
7eca36f7517b9de654dea205c816b8bfc946e3ba,CCNCc1cc(Nc2ccnc3cc(Cl)ccc23)ccc1O,1,train
fbec6adecdf066d44b229cc001d87fb0daeb9fa6,COc1cncc(-c2cc(NC(C)=O)nc(-n3nc(C)cc3C)n2)c1,0,train
6c415d9007c106aee07624f0c65682c96e26a826,CC(=O)Nc1cc(-c2cccc(N3CCN(C)CC3)n2)nc(-n2nc(C)cc2C)n1,1,train
e8b0f163f81fd71c891112f50993fc01de905ec1,CNCCC(c1ccccc1)c1c[nH]c2ccccc12,1,test
bf51e3255999c4836a4da9c451edd7e5c7b49145,CCCCC1(c2ccc3[nH]ccc3c2)CCNC1,1,train
3bdf5bbd610da63f7ad12bbf47218b1d7ac0c8f3,N#Cc1cc2cc(C3(Cc4ccccc4)CCNC3)ccc2[nH]1,1,train
f2b8beba23524f891d2bd32b213df31ac29e6050,Cn1ccc2cc(C3(Cc4ccccc4)CCNC3)ccc21,1,train
ea215f9ec5947dd1a8e6ee20b5c4777952318397,Fc1ccc(CC2(c3ccc4[nH]ccc4c3)CCNC2)cc1,1,train
5ebd7bd1518274312f3cc96469cdbc5ce097201b,c1ccc(CC2(c3ccc4sccc4c3)CCNC2)cc1,0,val
31ad0b2a151068c7de542c7ec282dcc156d66a81,c1ccc(CC2(c3ccc4[nH]ccc4c3)CCNC2)cc1,1,train
3cec619dafa06a3d37003060f1677cc374487dec,Clc1ccc([C@]23CNC[C@H]2C3)cc1Cl,1,train
f2b03dee44042a290bc1f6e8c77280ea64e6598b,Nc1ccccc1NC(=O)c1ccc(N2CCC3(CC2)C(=O)NCN3c2ccccc2)nc1,0,test
3f12a68729b73397d5c0b6def4ababe285f2f368,Nc1ccccc1NC(=O)c1ccc(N2CCC3(CCN(S(=O)(=O)c4ccccc4)C3)C2)nc1,0,train
15f1a3fcd778d171d05d10211a01b841776030f4,Nc1ccccc1NC(=O)c1ccc(N2CCC3(CC2)CNc2ccccc23)nc1,0,train
92d57478a5a8a8793bebe9d84acaa9a86b21bab2,Nc1ccccc1NC(=O)c1ccc(N2CCC3(CC2)CNCc2ccccc23)nc1,1,val
599fbca4ec1027913c5772a84d1efd54b3c969dd,Nc1ccccc1NC(=O)c1ccc(N2CCC3(CCNC3)CC2)nc1,0,test
2a0d71997ff3890e252c4d0778cc06f6bc001236,Nc1ccc(-c2cccs2)cc1NC(=O)c1ccc(N2CCC3(CCNC3)CC2)nc1,1,train
c8124b74934bf24c764c1db0d1e6d1987742b71f,Nc1ccc(-c2ccsc2)cc1NC(=O)c1ccc(N2CCC3(CCNC3)CC2)nc1,1,val
5c6adc07c808c5a61520a7f4721ccfc2b1a44bcc,Cn1cc(-c2ccc(N)c(NC(=O)c3ccc(N4CCC5(CCNC5)CC4)nc3)c2)cn1,0,train
366de0123c709102c3c0970c33dda379958ee085,Cn1cnc(-c2ccc(N)c(NC(=O)c3ccc(N4CCC5(CCNC5)CC4)nc3)c2)c1,1,val
870be29cf90396746874f781640d0cdd040d8da1,CC(=O)N1CCC2(CCN(c3ccc(C(=O)Nc4cc(-c5cccs5)ccc4N)cn3)CC2)C1,1,train
35606d862d378ec091268d10b3e654a99f2348ea,CCNC(=O)N1CCC2(CCN(c3ccc(C(=O)Nc4cc(-c5cccs5)ccc4N)cn3)CC2)C1,1,train
bc8afa963ba1281f7aa916e8c2f61415c09f7ee1,CS(=O)(=O)N1CCC2(CCN(c3ccc(C(=O)Nc4cc(-c5cccs5)ccc4N)cn3)CC2)C1,1,train
5945c5aa0f05dbec901cfe92b9ef652c23720be2,Nc1ccc(-c2cccs2)cc1NC(=O)c1ccc(N2CCC3(CC2)CCN(c2ncccn2)C3)nc1,1,test
73e56f4288a20893cbdec9d955ea43cdcb2225b0,Nc1ccc(-c2cccs2)cc1NC(=O)c1ccc(N2CCC3(CCN(CC(F)(F)F)C3)CC2)nc1,1,train
fcd9289dc1f771f5fcad4651bb44a16819b2e13d,Nc1ccc(-c2cccs2)cc1NC(=O)c1ccc(N2CCC3(CCN(CCO)C3)CC2)nc1,1,train
18e8075813c0385d7826410630c46f723abed0cc,Nc1ccc(-c2cccs2)cc1NC(=O)c1ccc(N2CCC3(CCN(CC(=O)O)C3)CC2)nc1,1,train
928e204e308465f0e0d18a4d5cf1b63c8f6bbd8a,NC(=O)CN1CCC2(CCN(c3ccc(C(=O)Nc4cc(-c5cccs5)ccc4N)cn3)CC2)C1,1,train
5bc14ce1a8db2244d0e6209079ed8f3978be71f3,CC(=O)N1CCC2(CCN(c3ccc(C(=O)Nc4cc(-c5cccs5)ccc4N)cn3)C2)C1,1,val
227f11fb861bd160a4b0ed8ade72f34c4a30bad6,CC(=O)N1CC2(CCN(c3ccc(C(=O)Nc4cc(-c5cccs5)ccc4N)cn3)CC2)C1,1,test
13f4e0483b32a828d22f4fe0e8db0ed82c231ced,CC(=O)N1CCC2(CCCN(c3ccc(C(=O)Nc4cc(-c5cccs5)ccc4N)cn3)C2)C1,1,test
195ed6675d29486969fd324d1a163e8c93d4b979,CC(=O)N1CCCC12CCN(c1ccc(C(=O)Nc3cc(-c4cccs4)ccc3N)cn1)CC2,0,train
68f0a08325f6fcd246a48412e86fa87623ddce71,Nc1ccc(-c2cccs2)cc1NC(=O)c1ccc(N2CCC3(CC2)CNc2ccccc23)nc1,0,test
328ea0787a3d7e889bf33113695e7dd0e828bc29,Nc1ccc(-c2cccs2)cc1NC(=O)c1ccc(N2CCC3(CCCC3O)CC2)nc1,1,test
b3feed0a78d0692c3032c28551cf6e1c115800e3,Nc1ccc(-c2cccs2)cc1NC(=O)c1ccc(N2CCC3(CCNC3=O)CC2)nc1,1,test
419ac6b5ad317e492bd0c7a7983df1f34918b880,Nc1ccc(-c2cccs2)cc1NC(=O)c1ccc(N2CCC3(CC2)CNC3=O)nc1,0,val
01826115e629ae82db8c811649491083ab751d72,Nc1ccc(-c2cccs2)cc1NC(=O)c1ccc(N2CCC3(CC2)CNC(=O)C3)nc1,1,test
9b577dc0ec4f64e5444714544a9a23dfd2ca194d,Nc1ccc(-c2cccs2)cc1NC(=O)c1ccc(N2CCC3(CC2)NC(=O)NC3=O)nc1,1,val
1ee5f6d7eced275fa128a93956d3e23a7dc945db,Nc1ccc(-c2cccs2)cc1NC(=O)c1ccc(N2CCC3(CC2)NCNC3=O)nc1,1,train
46f35946ba23589a59408e594c71bb1ed91d4dfc,Nc1ccc(-c2cccs2)cc1NC(=O)c1ccc(N2CCC3(CC2)C(=O)NCN3c2ccccc2)nc1,1,val
38fef33d4e4570ddd933b5ba5c3be2aea52d43c7,Nc1ccc(-c2cccs2)cc1NC(=O)c1ccc(N2CCC3(CC2)CNC(=O)N3)nc1,0,test
802c38c587ebf73788689337cca5165784348f71,Nc1ccc(-c2ccccc2)cc1NC(=O)c1ccc(N2CCC3(CCNC3)CC2)nc1,1,test
cb9ae55421b3a46630b1f22a00d430f1a1b7957f,Cc1ncc(C)c(C(=O)N2CCC([C@H](N)Cc3cc(F)c(F)cc3F)CC2)n1,0,test
f2d11b896a0a7243d7e4f080dc1f69e790369bf2,Cc1nccnc1C(=O)N1CCC([C@H](N)Cc2cc(F)c(F)cc2F)CC1,0,train
d162ce707c53f46263b7e7ce81ead4a701ed79ed,N[C@H](Cc1cc(F)c(F)cc1F)C1CCN(C(=O)c2cnc3ncccn23)CC1,0,train
5ee9c1b24b40e7d6f156fb19f7c7e0df689803d1,Cc1cc2ncc(C(=O)N3CCC([C@H](N)Cc4cc(F)c(F)cc4F)CC3)c(C)n2n1,0,train
bb3bc5c888a64780d51e76c1661a0222fe92fd50,Cc1ccc2c(N3CCN(CCc4ccc5c(c4)NC(=O)CO5)CC3)cccc2n1,1,train
ed0ac0cfb615df6eb0ab140eccaeeed9fec20198,Cc1ccc2c(N3CCN(CCc4ccc5c(c4)N(C)C(=O)CO5)CC3)cccc2n1,1,train
5a591d8400d90e0f4b25b630b938c802ecd9372b,Cc1ccc2c(N3CCN(CCc4cccc5c4OCC(=O)N5)CC3)cccc2n1,1,train
958755e9226a40a456fd629b89595c16526cf95f,Cc1ccc2c(N3CCN(CCc4cccc5c4OCC(=O)N5C)CC3)cccc2n1,1,train
17b42c42d72c4c38cda29660acbe43e62d25c1ab,Cc1ccc2c(N3CCN(CCc4ccc5c(c4)OCC(=O)N5)CC3)cccc2n1,1,train
a5f56d53d446fd495aee4d1ec2228f8b3ce8b46f,Cc1ccc2c(N3CCN(CCc4ccc5c(c4)OCC(=O)N5C)CC3)cccc2n1,1,train
00ff2c9b0a6cb4e71c07f4f54b476b9aed5ef132,CCN1C(=O)COc2c(CCN3CCN(c4cccc5nc(C)ccc45)CC3)cccc21,1,train
35b49f2a7320d5576ec97cf843555633d581c994,Cc1ccc2c(N3CCN(CCc4cccc5c4OCC(=O)N5C(C)C)CC3)cccc2n1,1,train
fcfa0cb03d72cd4e936a19e0b521a5077dc4ee51,Cc1ccc2c(N3CCN(CCc4cccc5c4OCC(=O)N5C4CC4)CC3)cccc2n1,1,test
539a138ee73655259b4bd59fc14324edb526f801,Cc1ccc2c(N3CCN(CCc4cccc5c4OCC(=O)N5CC4CC4)CC3)cccc2n1,1,train
289df8b159196a6806c07b76bf698f8483c916f4,Cc1ccc2c(N3CCN(CCc4cccc5c4OCC(=O)N5CC(F)F)CC3)cccc2n1,1,train
7502f417ac021da2891e354a4e2167f055601bd2,Cc1ccc2c(N3CCN(CCc4cccc5c4OCC(=O)N5C)[C@H](C)C3)cccc2n1,1,train
4ec5b8f4ebe50180e942f13ddbb491d40ed8d319,Cc1ccc2c(N3CCN(CCc4cccc5c4OCC(=O)N5C)[C@@H](C)C3)cccc2n1,0,train
1a62cac5f1dfebc444f15259d739c8ef5d195638,Cc1ccc2c(N3CCN(CCc4cccc5c4OCC(=O)N5C)CC3)cc(F)cc2n1,1,train
6a30cd5efae77de5c0bf3749f3149e4c7d4fb89b,Cc1ccc2c(N3CCN(CCc4cccc5c4OCC(=O)N5C)[C@H](C)C3)cc(F)cc2n1,1,train
6ee3148d9cbf367b1933370e2817849e5f106fba,Cc1ccc2c(N3CCN(CCCc4cccc5c4OCC(=O)N5C)CC3)cccc2n1,1,train
d88bed0310f3eb2b288efc3b6067750fd2f03a71,Cc1ccc2c(N3CCN(CCCc4cccc5c4OCC(=O)N5C)[C@H](C)C3)cccc2n1,1,train
ab04eb169242470b8942e422bd3256c0c76518f5,Cc1ccc2c(N3CCN(CCCc4cccc5c4OCC(=O)N5C)CC3)cc(F)cc2n1,1,train
8fd51918051788f855f9db10d7ba8cc70f22b5ef,Cc1ccc2c(N3CCN(CCCc4cccc5c4OCC(=O)N5C)[C@H](C)C3)cc(F)cc2n1,1,train
28a62669df08cd96f62f873029b50bc94d4bd3f5,Cc1ccc2c(N3CCN(CCCc4cccc5c4OCC(=O)N5)CC3)cccc2n1,1,train
a0c914a84e9f89cd7af8465d0fab02a2329d9919,COc1cc(-n2cnc3cc(-c4ccc(Cl)cc4)sc3c2=O)ccc1OCCN1CCCC1,1,val
f219cf5b7c29ba0bec3964a872202564e85c36d8,COc1cc(-n2ccnc(NCCc3ccccc3)c2=O)ccc1OCCN1CCCC1,1,train
adfd5d73aee3d644d654345413eaee8de75e7488,COc1cc(-n2ccnc(CCCc3ccccc3)c2=O)ccc1OCCN1CCCC1,1,train
c47e763f1eab0993f9b3f837d8534dab92721e4e,c1ccc2cc(CO[C@H]3CCNC3)ccc2c1,0,train
89c1109abe4a9ad59eb93532bf66c3f22619cd8b,c1ccc2cc(CO[C@@H]3CCNC3)ccc2c1,0,train
9b4f139e2384670168fc965e0ec2d63092435abc,N#Cc1ccc2cc(CO[C@H]3CCNC3)ccc2c1,1,train
e69c7e2d01a6fb0772f7a265ebdc6688cd31c57b,Fc1ccc2cc(CO[C@@H]3CCNC3)ccc2c1,0,train
1c953d911a3d62ab0eb53f4bd328503364438095,CCCCN(C1CCNCC1)S(=O)(=O)c1ccc2ccccc2c1,1,train
62e8fff743231d8c033fa4f2d4603ad1b9473f1a,CCCCN([C@H]1CCNC1)S(=O)(=O)c1ccc2ccccc2c1,1,train
f40b3bf886394e5305819abfe1fe66b0bb759d23,c1ccc2cc(OCC3CCNCC3)ccc2c1,1,train
8be61e1cd01c25d89f1b332ea69d4649cf138fd4,N#Cc1ccc2ccc(OCC3CCNCC3)cc2c1,1,train
aae3e3d17841947681dbffcf1e1f3d6ce7263b31,Fc1ccc2cc(CCN3CCNCC3)ccc2c1,1,train
5acefaf71b14b634edebf5aa40f7d725297e4dd9,Cc1c(CCN2CCNCC2)ccc2cc(F)ccc12,0,train
0f272fc96e539bfd7ef7d34fef2a60d6db55f397,Cc1n[nH]c(-c2cc(C(F)(F)F)cc(S(=O)(=O)N3CCN(C(=O)C4C[C@H]4c4ccc(C(F)(F)F)cc4)CC3)c2)n1,1,train
3397a737a852993ad3508e6a3520f7b19558d4a4,O=C(C1C[C@H]1c1ccc(C(F)(F)F)cc1)N1CCN(S(=O)(=O)c2cc(-c3c[nH]nn3)cc(C(F)(F)F)c2)CC1,1,train
cc9903fb31146a065ab4022460e98275396efe64,O=C(C1C[C@H]1c1ccc(C(F)(F)F)cc1)N1CCN(S(=O)(=O)c2cc(-c3nc(O)cs3)cc(C(F)(F)F)c2)CC1,1,test
55d02b5619b7d925b0538837b152e3e825e7b077,O=C(C1C[C@H]1c1ccc(C(F)(F)F)cc1)N1CCN(S(=O)(=O)c2cc(-c3cn[nH]c3)cc(C(F)(F)F)c2)CC1,1,train
defe41281f449f2bae7bd200e0765ca3a67cf24a,O=C(C1C[C@H]1c1ccc(C(F)(F)F)cc1)N1CCN(S(=O)(=O)c2cc(-c3cc[nH]n3)cc(C(F)(F)F)c2)CC1,1,val
a702a0a360555d58c66c69a9699ae26fe23b763e,O=C(C1C[C@H]1c1ccc(C(F)(F)F)cc1)N1CCN(S(=O)(=O)c2cc(-c3ncon3)cc(C(F)(F)F)c2)CC1,1,train
b1545b27e179265f7e1b33d507bff7a13b9d71c7,O=C(C1C[C@H]1c1ccc(C(F)(F)F)cc1)N1CCN(S(=O)(=O)c2cc(C(O)C(F)(F)F)cc(C(F)(F)F)c2)CC1,1,train
e10327d3c2fb9f0f5be26c6f6b69196dfa1e4c9e,O=C(C1C[C@H]1c1ccc(C(F)(F)F)cc1)N1CCN(S(=O)(=O)c2cc(C(F)(F)F)cc(C(F)(F)CO)c2)CC1,1,train
37c322a2135833b9c215331e552202f891499178,CC(C)(O)c1cc(C(F)(F)F)cc(S(=O)(=O)N2CCN(C(=O)C3C[C@H]3c3ccc(C(F)(F)F)cc3)CC2)c1,1,train
1d8a0255128291b130963056a5b18fb7288db956,O=C(C1C[C@H]1c1ccc(C(F)(F)F)cc1)N1CCN(S(=O)(=O)c2cc(CCO)cc(C(F)(F)F)c2)CC1,1,train
36b0a8920b949d673ff6d749cfd3c8226ceeae81,Cc1[nH]ncc1-c1cc(C(F)(F)F)cc(S(=O)(=O)N2CCN(C(=O)C3C[C@H]3c3ccc(C(F)(F)F)cc3)CC2)c1,1,train
63c437c5ec52c6e0672ba418301252159ca3f722,O=C(C1C[C@H]1c1ccc(C(F)(F)F)cc1)N1CCN(S(=O)(=O)c2cc(-c3nc[nH]n3)cc(C(F)(F)F)c2)CC1,1,val
312d7a9b5592f06812d9f3c42f3ecceaf87a95a9,Cc1nn(-c2c(Cl)cccc2NS(C)(=O)=O)cc1CN1CCC2(CC1)OCc1ccccc12,0,train
cac8e171388cad4d9ab5afe978ada172ac390afb,Cc1cccnc1-n1cc(CN2CCC3(CC2)OCc2ccccc23)c(C)n1,0,train
9556d2134c829b28f35f7c10b69eef858c96fbdf,Cc1nn(-c2ncccc2Cl)cc1CN1CCC2(CC1)OCc1ccccc12,1,train
007e4a0bf538a88a4cdd6435789591bace1d0fa9,Cc1nn(-c2ccccc2)cc1CN1CCC2(CC1)OCc1ccccc12,1,train
285ed3be98581e0d0ebf5ae148e085fae68b6e4c,O=C1NCCc2nc(-c3ccc(CN4CCC(c5n[nH]c(-c6ccccn6)n5)CC4)cc3)c(-c3ccccc3)cc21,1,val
fe1eb77841e431b2e0cc38ddb965ca0adeac79f8,CN1CCN(c2ccc3nc(-c4ccc(CN5CCC(c6n[nH]c(-c7ccccn7)n6)CC5)cc4)c(-c4ccccc4)nc3n2)CC1,1,train
a33121ef5577a07c0539bceeb12533aa3d891c8c,CN1CCN(c2ccc3nc(-c4ccccc4)c(-c4ccc(CN5CCC(c6n[nH]c(-c7ccc(N)nc7)n6)CC5)cc4)nc3n2)CC1,1,train
725f425ce1b263d11ffc78fb7dc8d83758c79b53,CN1CCN(c2ccc3nc(-c4ccccc4)c(-c4ccc(CN5CCC(c6n[nH]c(-c7ncccn7)n6)CC5)cc4)nc3n2)CC1,1,val
4a12bad287a96a85e18ff5215af8da0b6b55354c,CN(C)CCN1CCN(c2ccc3nc(-c4ccccc4)c(-c4ccc(CN5CCC(c6n[nH]c(-c7ccccn7)n6)CC5)cc4)nc3n2)CC1,1,train
81c191682418a7c3435c1485b332cfb981558780,CN1CCN(c2ccc3nc(-c4ccccc4)c(-c4ccc(CN5CCC(c6n[nH]c(-c7ccccn7)n6)CC5)cc4)nc3n2)CC1,1,train
bf55d12b6fff7ef1d4ff56813602dd6372ba36b6,CN(C)CCN1CCN(c2ncc3cc(-c4ccccc4)c(-c4ccc(CN5CCC(c6n[nH]c(-c7cc[n+]([O-])cc7)n6)CC5)cc4)nc3n2)CC1,1,train
4113fc6b7493f3a8653ec347b3ddf20837a50c2e,CN1CCN(c2ncc3cc(-c4ccccc4)c(-c4ccc(CN5CCC(c6n[nH]c(-c7cc[n+]([O-])cc7)n6)CC5)cc4)nc3n2)CC1,1,train
82d447976230a4ab79b9a96d603061d562dd99e8,CN(C)CCN1CCN(c2ncc3cc(-c4ccccc4)c(-c4ccc(CN5CCC(c6n[nH]c(-c7ccc(=O)[nH]c7)n6)CC5)cc4)nc3n2)CC1,1,train
b535fb5b8d8d3908d84e6cd0485fbc0fc8fe22bf,O=c1ccc(-c2n[nH]c(C3CCN(Cc4ccc(-c5nc6nc(N7CCN(CCO)CC7)ncc6cc5-c5ccccc5)cc4)CC3)n2)c[nH]1,1,test
be5a409ae719138cd599a76171727ddc20c2a719,CN(C)CCN1CCN(c2ncc3cc(-c4ccccc4)c(-c4ccc(CN5CCC(c6n[nH]c(-c7ccc(N)nc7)n6)CC5)cc4)nc3n2)CC1,1,train
43de4a193f73925eb0225098786ee708868f77dc,Nc1ccc(-c2n[nH]c(C3CCN(Cc4ccc(-c5nc6nc(N7CCN(CCO)CC7)ncc6cc5-c5ccccc5)cc4)CC3)n2)cn1,1,train
83a1469560b537fa1a51e444c90f76277a43596e,CN1CCN(c2ncc3cc(-c4ccccc4)c(-c4ccc(CN5CCC(c6n[nH]c(-c7ccc(N)nc7)n6)CC5)cc4)nc3n2)CC1,1,train
dbbdb29a332f10070d7bed7ffb3f482bb83d530b,CN(C)CCN1CCN(c2ncc3cc(-c4ccccc4)c(-c4ccc(CN5CCC(c6n[nH]c(-c7ncccn7)n6)CC5)cc4)nc3n2)CC1,1,train
7602c96bdde200606e8d4cbffac99c4e9cd64cc7,COc1ccc(-c2n[nH]c(C3CCN(Cc4ccc(-c5nc6cc[nH]c(=O)c6cc5-c5ccccc5)cc4)CC3)n2)cn1,1,train
acc03beeb36cbe55e879d71ce652a61f351d469d,O=c1[nH]ccc2nc(-c3ccc(CN4CCC(c5n[nH]c(-c6cnccn6)n5)CC4)cc3)c(-c3ccccc3)cc12,1,train
73864727e7113725804dac237513aad11b4958e8,Nc1ccc(-c2n[nH]c(C3CCN(Cc4ccc(-c5nc6cc[nH]c(=O)c6cc5-c5ccccc5)cc4)CC3)n2)cn1,1,train
81db6efa6c4fb128a917e86cc770eb1cc93764b7,CN(C)CCN1CCN(c2ncc3cc(-c4ccccc4)c(-c4ccc(CN5CCC(c6n[nH]c(-c7ccccn7)n6)CC5)cc4)nc3n2)CC1,1,train
1779e82fe974a3ac447c8c4efe486185f54a3481,O=C(Nc1ccc(S(=O)(=O)Nc2ccccc2C(=O)c2ccccc2)cc1)OCC1CCCO1,1,val
58873ac920fae73bff4d206896da2c518aab5569,O=C(NCCCN1CCCCC1)Nc1ccc(S(=O)(=O)Nc2ccccc2C(=O)c2ccccc2)cc1,1,val
9c3d8f39dd5c224fa88c9c6f4fe6da4b002bd264,CN(C(=O)N1CC(c2cc(F)ccc2F)=C[C@@]1(CO)c1ccccc1)C1CCNCC1,0,train
eda105b1650318cf92fb42c0d33c8ad789dd0ff7,CN1CC[C@H](N(C)C(=O)N2CC(c3cc(F)ccc3F)=C[C@@]2(CO)c2ccccc2)[C@@H](F)C1,0,train
3fa91a2615a40a12b58be1bf7507ef4aa5c3e5f5,CN1CC[C@H](N(C)C(=O)N2CC(c3cc(F)ccc3F)=C[C@@]2(CO)c2ccccc2)[C@H](F)C1,0,train
d8ef52bc05cdd5ec808de66cf9fbea6dfbc8d508,CN(C(=O)N1CC(c2cc(F)ccc2F)=C[C@@]1(CO)c1ccccc1)C1CCN(C2CC2)CC1,0,test
172ef791585a8e22137a18ec761882e0df2a2246,CN(C(=O)N1CC(c2cc(F)ccc2F)=C[C@@]1(CO)c1ccccc1)C1CCN(CCF)CC1,0,train
143e5536b87920b1ae88bda4aed3795fc974dab2,CN1CCC(N(C)C(=O)N2CC(c3cc(F)ccc3F)=C[C@@]2(CO)c2ccccc2)CC1,0,train
ce239f2070d2fbd5ecc75a8db16e6307b88f2baa,CN1CCC(N(C)C(=O)N2CC(c3cc(F)ccc3F)=C[C@H]2c2ccccc2)CC1,1,train
84cd88816b1587151a13490183dcb75b04ab3836,CN(C)C(=O)N1CC(c2cc(F)ccc2F)=C[C@@]1(CC[C@@H](N)C(F)F)c1ccccc1,0,train
839746576573bc1434a323fbb02e3f2757e47f06,Cc1ccccc1C1CCN(C[C@H]2CCc3cccnc3[C@@H](O)C2)CC1,1,train
f6ee50bfa16761e473645565509f272a36c8eb98,Cc1ccccc1C1CCN(C[C@@H]2CCc3cccnc3[C@@H](O)C2)CC1,1,train
a09dd6716959cdff41b2bdc2c9f23f38f46e76bf,Cc1ccccc1C1CCN(C[C@@H]2CCc3c(C)cccc3[C@@H](O)C2)CC1,1,train
bb82ae159d6e676676d0859ad3c6bd1c6a21b99f,O[C@H]1C[C@H](CN2CC[C@H](c3ccc(F)cc3Cl)[C@@H](O)C2)CCc2cccnc21,0,train
cd4542d05a3f2f793790877c0896407c21b645dc,Cc1cc(F)ccc1[C@@H]1CCN(C[C@@H]2CCc3cccnc3[C@@H](O)C2)C[C@H]1O,0,train
780c8d95e6a643aac59e27993ea19f3f1a3d8ce7,Cc1ccccc1[C@@H]1CCN(C[C@@H]2CCc3cccnc3[C@@H](O)C2)C[C@H]1O,0,train
f6355fc4b70c8f2b8c74f4126b4e5da11a0cbb4d,Cc1ccccc1[C@@H]1CCN(C[C@@H]2CCc3cccnc3[C@@H](O)C2)C[C@H]1CO,0,train
3c2b8435e437626e8a183a8c0a2aa3d70bb7f6b9,Cc1ccccc1[C@@H]1CCN(C[C@@H]2CCc3cccnc3[C@@H](O)C2)C[C@H]1C,1,train
66f2fa059ff024cc6acc0333f23a31ab82a6ba58,CC1(c2ccccc2)CCN(C[C@@H]2CCc3cccnc3[C@@H](O)C2)CC1,0,train
5660c9dd940631170b6149b0f15fa22b0a62083d,O[C@H]1C[C@H](CN2CCC(c3ccccc3)CC2)CCc2cccnc21,0,train
74ffca69595b0072f26ef19c769fdc46db0c17e4,Cc1ccccc1N1CCN(C[C@@H]2CCc3cccnc3[C@@H](O)C2)CC1,1,val
23637863dde8b513a7b9d05a4ce9b5e3f643f105,O[C@H]1C[C@H](CN2CCC(c3ccccc3Cl)CC2)CCc2cccnc21,1,train
42aff6660f50b0fe19ea6a7157f2099dbf4c2ce6,O[C@H]1C[C@H](CN2CCC(c3c(Cl)cccc3Cl)CC2)CCc2cccnc21,1,train
01167d799adac7b401c6f3ec1ffa5674cbc7f56e,Cc1noc(/C(=C/c2cccc(-c3cc(C(C)(C)S(C)(=O)=O)cc4cccnc34)c2)c2ccc(S(C)(=O)=O)cc2)n1,0,test
663d299262cce16f5cddba7255e9c174ec083da9,O=C(Nc1c(Cl)cncc1Cl)c1cn(-c2ccc(Cl)cc2)c2ncccc2c1=O,1,test
2daefd004203b2b56dc690c2efdfdada979c07b8,Cc1noc(/C(=C/c2cccc(-n3cc(C(=O)Nc4c(Cl)cncc4Cl)c(=O)c4cccnc43)c2)c2ccc(S(C)(=O)=O)cc2)n1,1,test
070453ab10b2af6d5a4cab173defeb0c685ceb80,CC(C)NC(=O)c1cn(-c2ccccc2)c2ncccc2c1=O,0,train
d334daf58896fd3305dffb2bacf17475c3fc2675,CC(C)NC(=O)c1cn(-c2cccc(Br)c2)c2ncccc2c1=O,0,train
f0b8148aa00a832d7d2669bee014c0bd5145edb0,CC(C)CNC(=O)c1cn(-c2cccc(Br)c2)c2ncccc2c1=O,0,train
8b0ceed34ace8177dc2d327127f1d32dadd3116d,CC(=O)c1cccc(-c2cccc(-n3cc(C(=O)NC(C)C)c(=O)c4cccnc43)c2)c1,1,train
7400d062f338b58d7f9cc66124b37253a6c95ffa,CC(=O)c1cccc(-c2cccc(-n3cc(C(=O)Nc4nccc(Cl)c4Cl)c(=O)c4cccnc43)c2)c1,1,train
17085158231d38d4c9895885a793cf5b268675a7,CCOc1cccc(-c2cccc(-n3cc(C(=O)NC(C)C)c(=O)c4cccnc43)c2)c1,1,train
0b372f38cefac81a2700a4915c110f25a95b897d,CSc1ccc(-c2cccc(-n3cc(C(=O)NC(C)C)c(=O)c4cccnc43)c2)cc1,1,train
d81c4ef0dd6f249bfa578113690568cd143da0bc,CC(=O)c1ccc(-c2cccc(-n3cc(C(=O)NC(C)C)c(=O)c4cccnc43)c2)cc1,1,train
e209d298a2c73c4972786a5b0b4eefdba0ac7f73,CC(C)NC(=O)c1cn(-c2cccc(-c3ccc(S(C)(=O)=O)cc3)c2)c2ncccc2c1=O,0,train
ab678ff9241ce362da8cde836ef82350742e6f0f,O=C(NC1CC1)c1cn(-c2cccc(-c3ccncc3)c2)c2ncccc2c1=O,0,train
54c62e3b9992cbb07c31db73a9f80a581f345b41,CS(=O)(=O)c1ccc(-c2cccc(-n3cc(C(=O)NC4CC4)c(=O)c4cccnc43)c2)cn1,0,train
11b336f2fec2136577c14847c274c61e769774c3,CC(C)(O)c1ccc(-c2cccc(-n3cc(C(=O)NC4CC4)c(=O)c4cccnc43)c2)cn1,0,train
27d78e565f773ee9b09484bfc775896a0bf2b45c,CC(C)(O)c1ccc(-c2cccc(-n3cc(C(=O)NC4CC4)c(=O)c4cccnc43)c2)c[n+]1[O-],0,train
935fb5eb4cce31bdb1c1e5935942f1396792b3bd,O=C(NC1CC1)c1cn(-c2cccc(C#Cc3cccnc3)c2)c2ncccc2c1=O,0,test
c792fed26e4b0b6e16277a1f6ef3b66491bfc12c,O=C(NC1CC1)c1cn(-c2cccc(C#Cc3ccc[n+]([O-])c3)c2)c2ncccc2c1=O,0,train
224156e7b1522882ab1dfb83158870d267062edf,CC(C)(O)c1ccc(C#Cc2cccc(-n3cc(C(=O)NC4CC4)c(=O)c4cccnc43)c2)c[n+]1[O-],0,train
465b42a3e7d669532526eba629f9982af8834550,O=C(NC1CC1)c1cn(-c2cccc(-c3cccnc3)c2)c2ncccc2c1=O,0,train
cfc219a537c5f3b46dd50633504b153b345b62a5,Cc1nc2ccccc2c(=O)n1-c1ccc(OC2CCCN(C3CCC3)CC2)cc1,1,train
66336263d6ea4d60a15322cd84efb2b31c94e447,Cc1nc2ccccc2c(=O)n1-c1ccc(OC2CCCN(C3CCCC3)CC2)cc1,1,train
325b486fe0cf007a19386d211fcc882fe6a6eb09,Cc1nc2ccccc2c(=O)n1-c1ccc(OC2CCC(N3CCCC3)C2)cc1,1,train
86e43b46412cb951fdb59475fb43aa22a1ddeabd,Cc1nc2ccccc2c(=O)n1-c1ccc(O[C@H]2CC[C@@H](N3CCCC3)CC2)cc1,1,val
802a052527a561dd5b32185440b6b9d68d73ca31,Cc1nc2ccc(Cl)cc2c(=O)n1-c1ccc(OC2CCN(C3CCC3)CC2)cc1,1,train
955ca15799725d88e59d6bcc1fabd71478b38a2a,Cc1nc2cc(Cl)ccc2c(=O)n1-c1ccc(OC2CCN(C3CCC3)CC2)cc1,1,train
9d53d95810d4d49da8e0970e040c45248ff5ea6b,Cc1nc2c(Cl)cccc2c(=O)n1-c1ccc(OC2CCN(C3CCC3)CC2)cc1,1,train
5382981f59b7c9a8692512dc46678173bf2fe546,CNC(=O)c1c(NCCC2CCCC2)nc(C#N)nc1OCC1CCN(C)CC1,1,train
86fcaba8b5be31565ab94140011ed8a9121e2042,CNC(=O)c1c(NCC2CCC3(CCC3)CC2)nc(C#N)nc1OCC1CCN(C(C)C)CC1,1,train
883ca1b42153ac5a057c1f66b8b0b202906b592b,CNC(=O)c1c(NCC2CCC3(CCC3)CC2)nc(C#N)nc1OCC1CCN(CCO)CC1,1,train
2fcd23832589ab822f2135c30e6382e08ce6c246,CNC(=O)c1c(NCC2CCC3(CCCC3)CC2)nc(C#N)nc1OCC1CCN(C)CC1,1,test
6ffedc51b0bfbcb6d17f186c4443fe32bd355dbe,CNC(=O)c1c(NCC2CCC3(CC2)OCCO3)nc(C#N)nc1OCC1CCN(C)CC1,1,train
4fb1fddcbeb6876a1ffe0e6fe5474fb35a38228a,CNC(=O)c1c(NCC2CCC3(CCC3)CC2)nc(C#N)nc1OCCC1CCN(C)CC1,1,val
71a2754de4cafdcddd9f82b0dc14c0fce3dd4b7f,CNC(=O)c1c(NCC2CCC3(CCC3)CC2)nc(C#N)nc1OCC1CCN(C)CC1,1,train
049f8f375157c2d903b86d1e788e792c295d3c47,CNC(=O)c1c(NCC2CCC3(CCC3)CC2)nc(C#N)nc1OC1CC(C)(C)NC(C)(C)C1,1,test
330382eb7ad02566ae9a4432a3a2b171c244442b,CNC(=O)c1c(NCC2CCC3(CCC3)CC2)nc(C#N)nc1OCC1CCNCC1,1,train
2679c15701b822a2ffda209c9bd32cc3730abee7,Cc1cc(C(=O)N2CCN(C(=O)C3CCCO3)CC2)ccc1OCc1cccc(Cl)c1,1,train
9574c15c76752d6d979e04b00c77897751ff1487,CN1CCN(C(=O)c2ccc(OCc3cccc(Cl)c3)c(Cl)c2)CC1=O,1,val
095685edd58954cfe9e96f9cb277223891c37ed6,ClCc1nnc2c3cc(-c4ccccc4)c(-c4ccc(CN5CCC(c6n[nH]c(-c7ccccn7)n6)CC5)cc4)nc3ccn12,1,train
71302845f21521d961a079fb24ca7cecc7164b93,Cc1nnc2c3cc(-c4ccccc4)c(-c4ccc(CN5CCC(c6n[nH]c(-c7ccccn7)n6)CC5)cc4)nc3ccn12,1,train
cb7e6693ea652897d9aa92d718d1595c2d13a9d6,O=c1[nH]nc2c3cc(-c4ccccc4)c(-c4ccc(CN5CCC(c6n[nH]c(-c7ccccn7)n6)CC5)cc4)nc3ccn12,1,train
a27acaf2a99c39e9a8d7dfd38c382a26ef3b954d,Nc1nnc2c3cc(-c4ccccc4)c(-c4ccc(CN5CCC(c6n[nH]c(-c7ccccn7)n6)CC5)cc4)nc3ccn12,1,train
1988ba8ef4bd87162a2c0f4f683e903c2fb2496f,N#Cc1ccnc(C2=NC(c3ccc(F)cc3)(c3ccc(F)cc3)CN2)c1,1,train
57e857d04ec1170d4e234dc4337abd6158ab3465,Fc1ccc(C2(c3ccc(F)cc3)CN=C(c3cnccn3)N2)cc1,1,train
e103d413f7f909372d358e72ccea756bafdb4d76,C[C@@H]1N=C(c2cc(C#N)ccn2)NC1(c1ccc(F)cc1)c1ccc(F)cc1,1,train
099dba0dd111ec3a8f610e0e6897aef72f769395,CC[C@@H]1N=C(c2cc(C#N)ccn2)NC1(c1ccc(F)cc1)c1ccc(F)cc1,1,train
188a59755c0dcf24dcf4ae77f7cec6d0cfd21e2b,CCC[C@@H]1N=C(c2cc(C#N)ccn2)NC1(c1ccc(F)cc1)c1ccc(F)cc1,1,train
09e00e65e9d5d49bb776f25b54682ee66bee6b38,N#Cc1ccnc(C2=NC(c3ccc(F)cc3)(c3ccc(F)cc3)[C@H](CO)N2)c1,1,train
b8a8eceec3d95ed76f73789159225b01d6059aec,COc1ccc([C@]2(c3ccc(F)cc3)N=C(c3cc(C#N)ccn3)N[C@H]2C)cn1,1,train
81f4fca76effac68efde6c7246ed6e872136246a,C[C@@H]1N=C(c2cccc(C#N)c2)N[C@@]1(c1ccc(F)cc1)c1ccc(F)nc1,1,val
28d3a4bff877d50ef2242413af0fbffc452f02c1,C[C@@H]1N=C(c2cccc(C#N)n2)N[C@@]1(c1ccc(F)cc1)c1ccc(F)nc1,1,train
ae53e154760fc48b83c539f15ba195e7850accd2,COc1ccnc(C2=N[C@@H](C)[C@](c3ccc(F)cc3)(c3ccc(F)nc3)N2)c1,1,train
5f8f35a6c9598177bfc63188d7ff841017a99f92,C[C@@H]1N=C(c2cc(Cl)ccn2)N[C@@]1(c1ccc(F)cc1)c1ccc(F)nc1,1,train
a59fde8a6d56c700ba28b39342fcca220f579bae,CC(C)CNc1nc(C#N)nc(N2CCNCC2)c1N,0,train
a59670f5ad3972a22623ccad88966bcecb7ef14f,CC(C)(C)CNc1nc(C#N)nc(N2CCOCC2)c1N,0,train
4d91cdeed56cbcfa874a8ca4f8347044f8c91128,O=C(C1C[C@H](N2CCN(c3ncccn3)CC2)CN1)N1C[C@@H](F)[C@@H](F)C1,0,train
747a1a5310335b1dd8a9d108c2e7e55ec071ace3,COc1ccc(NC(=O)c2ccc(C(=N)N(C)C)cc2)c(C(=O)Nc2ccc(Cl)cn2)c1,1,train
8b8696a63fb062ed834bf411232700b1e775271c,CN(C)C(=N)c1ccc(C(=O)Nc2ccc(Cl)cc2C(=O)Nc2ccc(Cl)cn2)c(F)c1,1,train
cec0e173368c45faef297dd4cb6c01c54a89f4f3,COc1ccc(NC(=O)c2ccc(C(=N)N(C)C)cc2F)c(C(=O)Nc2ccc(Cl)cn2)c1,1,train
6ae1894d4b8aed2dfd41d8eddcb21778b2378656,CN1CCC(Nc2nccc(-c3c[nH]nc3-c3ccc(Cl)cc3)n2)CC1,1,test
8ec6cac4a036cb766e8112a464f1b21ab8ddf1d4,Cc1nc2ccccc2c(=O)n1-c1ccc(OCCCN2CCCCC2)cc1,1,train
834bf974261b4575b743da6cb5ef0ea11442d29f,Cc1nc2ccccc2c(=O)n1-c1ccc(OCCCN2CCC[C@H](C)C2)cc1,1,train
c021c8ef0fd47e2261a74e06199843fbe61b3ebe,Cc1nc2ccccc2c(=O)n1-c1ccc(OCCCN2CCC(C)C2)cc1,1,train
4338a273827ce5b69390db19b72ec4fbf996873e,Cc1nc2ccccc2c(=O)n1-c1ccc(OCCCN2CCC[C@@H]2C)cc1,1,train
36982154cf6deda51573e01aedfdfb36a71f7632,Cc1nc2ccccc2c(=O)n1-c1ccc(OCCCN2CCCCCC2)cc1,1,train
5213df2268de019c1847cae79a8c06e4a3c7a29c,O=c1c2ccccc2ncn1-c1ccc(OCCCN2CCCC2)cc1,1,train
68d82dea2123d326797f0f5f48c026f51e3368a3,Cc1nc2c(C(F)(F)F)cccc2c(=O)n1-c1ccc(OCCCN2CCCC2)cc1,1,train
7526ec174867a90347b2b0cf470070d3c36280f0,Cc1nc2cc(C(F)(F)F)ccc2c(=O)n1-c1ccc(OCCCN2CCCC2)cc1,1,train
27031a6ae8912f565cc7ad6db0cce6a1d6bd1703,Cc1nc2cccc(Cl)c2c(=O)n1-c1ccc(OCCCN2CCCC2)cc1,1,train
07b09d6e4cfcffb2e2221d3ef75fc20608fc87cb,Cc1nc2cc(F)ccc2c(=O)n1-c1ccc(OCCCN2CCCC2)cc1,1,train
4f4322a29a9e37ec12460aaeebeba759bc43ca44,Cc1nc2ccc(F)cc2c(=O)n1-c1ccc(OCCCN2CCCC2)cc1,1,train
606de9c2963f686bea866f8331c375cdda18a2f9,Cc1cccc2c(=O)n(-c3ccc(OCCCN4CCCC4)cc3)c(C)nc12,1,train
7fafffcba0d5199ba26a3b63a065e343f1281e31,Cc1ccc2c(=O)n(-c3ccc(OCCCN4CCCC4)cc3)c(C)nc2c1,1,train
2286857fdb18b8f24472412aef703bec65b766c5,Cc1cccc2nc(C)n(-c3ccc(OCCCN4CCCC4)cc3)c(=O)c12,1,train
94726fc5235588deab11136bdd0bd0fb9196cb59,O=c1c2ccccc2nc(-c2ccccc2)n1-c1ccc(OCCCN2CCCC2)cc1,1,test
09966991de1a4204136df95f78a1aa1d2c3f55bb,CC(C)c1nc2ccccc2c(=O)n1-c1ccc(OCCCN2CCCC2)cc1,1,train
a1aee1753acca29cdda9b473cc559261112da1ea,CCCc1nc2ccccc2c(=O)n1-c1ccc(OCCCN2CCCC2)cc1,1,train
b592d6747d041beec7fbe45cae9a986daec78578,CCc1nc2ccccc2c(=O)n1-c1ccc(OCCCN2CCCC2)cc1,1,train
af97305ce4ba638ee99cc22c0553206ec488a9bf,Cc1ncc(-c2ccnc(Nc3ccc(N4CCN(S(C)(=O)=O)CC4)cc3)n2)n1C(C)C,1,train
b4c535022177a9d03165ed50d941c531d85465b9,Cc1ncc(-c2nc(Nc3ccc(N4CCOCC4)cc3)ncc2F)n1C(C)C,0,test
eb13f06b3cf506d99054d5a3ae5e2d85acaca5b2,Cc1ncc(-c2nc(Nc3ccc(N4CCN(C(=O)CO)CC4)cc3)ncc2F)n1C(C)C,0,train
a1fc69323270dadb3ed3da29a6a07baac9dccb1e,COCCS(=O)(=O)N1CCN(c2ccc(Nc3nccc(-c4cnc(C)n4C(C)C)n3)cc2)CC1,1,train
5e9e9e1a6952007ac62a4e7e47864fa7a91c7c0e,Cc1ncc(-c2ccnc(Nc3ccc(N4CCN(S(=O)(=O)CCN(C)C)CC4)cc3)n2)n1C(C)C,0,train
001ea89821bd6b5fa75210208ad3475e1b4940df,CC(C)C(=O)N(Cc1ccccc1-c1ccccc1)[C@H]1CCNC1,1,train
303ff6324aae0a96d5296582107e6c65e889d5c7,CCOC(=O)N(Cc1ccccc1-c1ccccc1)[C@H]1CCNC1,1,train
2be4a319810934e90364427c3023f09203239668,COC(=O)C(CCCN(C)CCCc1nc2ccccc2[nH]1)(c1ccc(Br)cc1)C(C)C,1,train
e6e1f461e0f61086b4488f07f1a93b08edfae8fc,CC(C)C(=O)N(Cc1cccc(Cl)c1Cl)[C@H]1CCNC1,0,train
0eb7460fc8705895a0816ff24f0892ad525d0bd0,CC(C)C(=O)N(Cc1ccc(Cl)cc1Cl)[C@H]1CCNC1,0,train
bced5b7e557661848d7ff78c87b223b2774a6253,Fc1ccc(-c2noc(C3CCN(c4cnc5ccc(Cl)cc5c4)CC3)n2)c(Cl)c1,1,test
075385cd05542a07dc8e4071e42c8d7caf8b0e66,c1ccc2sc(Oc3ccc(CCN4CCCCC4)cc3)nc2c1,1,train
2ae12158dde9067e36bb7f534fbcd03af630157f,CC(=O)OCC(=O)NC1CCN(Cc2ccc(Oc3nc4ccccc4s3)cc2)CC1,0,train
0433150d6381364209e231b6443d7c33ec86b007,CC(=O)NC1CCN(Cc2ccc(Oc3nc4ccccc4s3)cc2)CC1,0,train
3b438ecdd4d7b3a431305622f1960a35f44817eb,O=C1OCCN1C1CCN(Cc2ccc(Oc3nc4ccccc4s3)cc2)CC1,0,train
1f1bc13a53319829b7906ae87822becbc79493f5,O=C1CCCN1C1CCN(Cc2ccc(Oc3nc4ccccc4s3)cc2)CC1,0,test
9382a686ab6a045368091bcfccbdbfb0870cc692,CC(=O)OCC(=O)NC1CCN(CCc2ccc(Oc3nc4ccccc4s3)cc2)CC1,1,train
f10db254c1f295955580f40e6d9686500ba00e74,CC(=O)NC1CCN(CCc2ccc(Oc3nc4ccccc4s3)cc2)CC1,1,train
5718d3db2e553425218272e26b40ca3b2cf5fe80,O=C1OCCN1C1CCN(CCc2ccc(Oc3nc4ccccc4s3)cc2)CC1,1,val
c2cca64271164c7cc3ecab295f34f6322fe105e1,O=C1CCCN1C1CCN(CCc2ccc(Oc3nc4ccccc4s3)cc2)CC1,1,train
0a203f8683a932c56b235b7a2c4e7bd57c0e621d,OC1CCN(CCc2ccc(Oc3nc4ccccc4s3)cc2)CC1,1,train
a4bbd05283c6aa75601af1218a503722ad4afed8,c1ccc2oc(Oc3ccc(OCCN4CCCCC4)cc3)nc2c1,1,train
63e51fd784d699acb60e9a160c0c145faee0738d,O=C1CCCCN1C1CCN(CCOc2ccc(Oc3nc4ccccc4s3)cc2)CC1,1,train
fce9333ab97a1873a4250befad58333d2be40878,O=C1OCCN1C1CCN(CCOc2ccc(Oc3nc4ccccc4s3)cc2)CC1,1,train
bd1f6b1a80d25a6cb7b89a56b784fed4da385772,C1=C(CSC(=NC2CCCCC2)NC2CCCCC2)N2CCN=C2S1,1,train
c8db9a86ecd09b6ac84b2c98e71c17f77fc67d66,CC1(C)CN2C(CSC(=NC3CCCCC3)NC3CCCCC3)=CSC2=N1,0,train
9ac26087c254d57d950cf0ba6ab6b6b9fda87919,Cc1ncc(-c2ccnc(Nc3ccc(S(C)(=O)=O)cc3)n2)n1C(C)C,1,train
ae65f42b3edeb8657185897da73a82347054b9c7,Cc1ncc(-c2ccnc(Nc3ccc(C(N)=O)cc3)n2)n1C(C)C,0,train
f176090622db6f331371b2edbc40339893ed1d01,Cc1ncc(-c2ccnc(Nc3ccc(C(=O)N(C)C)cc3)n2)n1C(C)C,0,train
716800d0467382777ab6852b82db6eb33e888506,Cc1ncc(-c2ccnc(Nc3ccc(C(=O)NC4CC4)cc3)n2)n1C(C)C,1,train
fd1f2fa6e6d5e294249ea990455be6b5a5c8417e,Cc1ncc(-c2nc(Nc3ccc(C(N)=O)cc3)ncc2F)n1C(C)C,0,train
f91fd0dbeab2a0487eeeb954a638f4915e7305d3,CNC(=O)c1ccc(Nc2ncc(F)c(-c3cnc(C)n3C(C)C)n2)cc1,0,train
b04b0cfc78259f4530597f6008ef7e5519b6b39a,Cc1ncc(-c2nc(Nc3ccc(C(=O)N(C)C)cc3)ncc2F)n1C(C)C,0,train
1d85e5a5a507c23922f920d3455c1fcf2dc985ee,Cc1ncc(-c2ccnc(Nc3ccc(C(N)=O)c(F)c3)n2)n1C(C)C,1,train
eeec6fe3388f5d99f68e1621e880ae1e8df6f600,CNC(=O)c1ccc(Nc2nccc(-c3cnc(C)n3C(C)C)n2)cc1F,0,train
60026b466c96c548f5075c16b3b73b6783a4f5b6,Cc1ncc(-c2ccnc(Nc3ccc(C(=O)N(C)C)c(F)c3)n2)n1C(C)C,1,train
c4e1ef18ca1004b3fd21835cc0105d35e0240cbc,Cc1ncc(-c2nc(Nc3ccc(C(N)=O)c(F)c3)ncc2F)n1C(C)C,0,train
96221bc9bdf3cf6c76ea7fd4d61ea252bf04b17d,CNC(=O)c1ccc(Nc2ncc(F)c(-c3cnc(C)n3C(C)C)n2)cc1F,0,train
83fac6425d00897624e02105a491eba2b9300707,Cc1ncc(-c2nc(Nc3ccc(C(=O)N(C)C)c(F)c3)ncc2F)n1C(C)C,1,train
ae0726c22ba7031164bf4126a487f68197af5483,CN(C)Cc1ccccc1Oc1ccc(Cl)c(Cl)c1,1,train
bd34a8801b155e5dc495a477bb4e3b8cbcd16304,CNCc1cc(F)ccc1Oc1ccc(Cl)c(Cl)c1,1,train
b278ea3648b92e1e4fcd868f7a0c63bcdb04d42c,CNCc1ccccc1Oc1ccc(Cl)c(Cl)c1,1,train
887573d07404ef40e4c94c770d0c87da54d15528,CSc1ccc(Oc2ccccc2CN(C)C)cc1,1,train
44ddf3a706225204bd75ed535ddd90d9b50a9bae,CC(c1ccccc1Oc1ccc(Cl)c(Cl)c1)N(C)C,1,train
2d29cc2a56584477e4401c56b589246cd9596cd9,CN(C)Cc1ccc(C(F)(F)F)cc1Oc1ccc(Cl)c(Cl)c1,1,train
b89bd7ecf7259e8a4c0194da4be33afcbbe13ac1,CNCc1cc(F)ccc1Oc1ccc(C)c(C)c1,0,train
5c04bea73273e52813f06a079996782f2790d6b2,CNCc1ccc(C(F)(F)F)cc1Oc1ccc(Cl)c(Cl)c1,1,train
cb50c6d483e9c10ebf180a773fa257f76f237c1d,CNCc1ccc(Cl)cc1Oc1ccc(Cl)c(Cl)c1,1,train
e973d82bedfb95f5d346cc9406a83303a3d46002,CNC(C)c1cc(F)ccc1Oc1ccc(Cl)c(Cl)c1,1,train
982bedb2d742b4e8a438c423101e6978993c201e,CNCc1ccc(F)cc1Oc1ccc(Cl)c(Cl)c1,1,train
416bcdb4b2a3549226c5782ced6005d732249dfd,CNC(C)c1ccccc1Oc1ccc(Cl)c(Cl)c1,1,train
0df793e50fb38ef931c5c0dbc76cf22155c185c8,CNCc1cc(F)ccc1Oc1ccc(Cl)cc1,1,train
fe71fd0e111a283a004ce64fd05725804642dc70,CNC(C)c1cc(F)ccc1Oc1ccc(Cl)cc1,1,train
a3cd7ef8d5febe92e6551904c7f23b3a74eaa8e8,Cc1ccc(Oc2ccc(Cl)c(Cl)c2)c(CN(C)C)c1,1,train
94ae49feac01da80019e67cdd1e4a587ed671c08,CNCc1ccc(Br)cc1Oc1ccc(Cl)c(Cl)c1,1,train
d6082a2febe55b335021eaba13ae7d809f8cf499,CNCc1cc(Br)ccc1Oc1ccc(Cl)c(Cl)c1,1,train
06cbeb5410d4d54c1fbe14cc48f756759d1b02b9,CNCc1cc(OC)c(OC)cc1Oc1ccc(Cl)c(Cl)c1,0,train
960a88bd0eec6dda321ba90457db5cff33e33329,COc1ccc(CN(C)C)c(Oc2ccc(Cl)c(Cl)c2)c1,1,train
1ca05e965cfd7a57a64ef761adc736f9b1df263f,CNCc1cc(C#N)ccc1Oc1ccc(Cl)c(Cl)c1,1,train
db1cb2b64fcbc662b99b0285750e85af5d7bbe18,CNCc1cc(S(=O)(=O)NC)ccc1Oc1ccc(Cl)c(Cl)c1,1,train
b0b6eefe2e2f407e77de8b554be94b51b047f69e,CNCc1cc(C)c(C)cc1Oc1ccc(Cl)c(Cl)c1,1,train
035f41097c7bf0be6b4e522d261f76011e15f62f,CNCc1ccc(C#N)cc1Oc1ccc(Cl)c(Cl)c1,1,train
2e35d603b73392b3c0e43f69221897579a87f65a,CNCc1cc(C(N)=O)ccc1Oc1ccc(Cl)c(Cl)c1,1,train
5860cd1e349837cb1c2d4ba816a7b76ac313736a,CNCc1cc(C(F)(F)F)ccc1Oc1ccc(Cl)c(Cl)c1,1,train
6b94d289103672cebb7255853f8e2d371a515528,CNCc1cc(F)c(Cl)cc1Oc1ccc(Cl)c(Cl)c1,1,train
b15b433b61f426d3039a6e97e4c4ac670427530a,CNCc1ccc(OC)cc1Oc1ccc(Cl)c(Cl)c1,1,train
47d14cc65369df00473b656ae5f52465e9ea8ca8,CNCc1cc(F)ccc1Oc1ccc(Cl)c(F)c1,1,train
3c6a30fe34d8de774b05a865843650ad0884f00f,CNCc1cc(F)ccc1Oc1ccc(F)c(Cl)c1,1,train
06efc2589a8693c0d110c14e211b251b2a309b4b,CNC(C)c1cc(C(F)(F)F)ccc1Oc1ccc(Cl)c(Cl)c1,1,train
62cb45de56dfa4c538248ed78d72b13a164e9cf8,CNC(C)c1cc(C)ccc1Oc1ccc(Cl)c(Cl)c1,1,train
b1862f3103d453bcc958d8f2f0dea26f1a1ff8cb,CNC(C)c1ccc(OC)cc1Oc1ccc(Cl)c(Cl)c1,1,train
9da15985135b97f17b6603b8ad8fd711fe1990ab,CNCc1cc(F)c(OC)cc1Oc1ccc(Cl)c(Cl)c1,1,train
b538513961e77380a2f4f4d72b43fb05094a3691,CNCc1ccc(C(F)(F)F)cc1Oc1ccc(Cl)cc1,1,train
5e37e78a264262ae9d58561269fa2af180607e8b,CNCc1cc(C(F)(F)F)ccc1Oc1ccc(C)cc1,0,train
fac1be38264affcec80a505fe96759653d08565c,CNCc1ccc(Cl)cc1Oc1ccc(C)c(C)c1,1,train
19130599e7da5170457ca03a4333e3db2d3fe32b,CNCc1ccc(Cl)cc1Oc1ccc(C)cc1,1,train
f0eb7e505698db6dae55a7dbfc121aa88aadfd3b,CCc1cc(Oc2ccc(F)cc2CNC)ccc1Cl,1,train
d08edf131037a6ed81d75c9cfde124827225556d,CCc1cc(Oc2cc(Cl)ccc2CNC)ccc1Cl,1,train
f02249ac3319fc5e600b6115f43be31a4e983613,CNCc1ccc(Cl)cc1Oc1ccc(Cl)cc1,1,train
ec42fae8971599eec1a3d6ee3527def07a556efd,CNC(C)c1ccc(Cl)cc1Oc1ccc(C)cc1,1,train
3704f455d5273b78c7ae40effff255dc3dcfa587,CNC(C)c1ccc(Cl)cc1Oc1ccc(C)c(C)c1,1,train
9485e6dd95372b6bfe00b0d6a4c85cd2fd472212,CNCc1cc(Cl)ccc1Oc1ccc(C)c(C)c1,1,train
dbb791c94b25be530eea23f15d1c55b642d9b330,CNCc1cc(Cl)ccc1Oc1ccc(Cl)c(Cl)c1,1,train
3542d8c19aec978f1feaa6bfb5b423dff2e3bdc0,CNCc1cc(Cl)ccc1Oc1ccc(Cl)cc1,1,train
d99a6a6a7965dac6d7f5974353bcd2d054ff140d,CNCc1ccc(Cl)cc1Oc1ccc(C)c(Cl)c1,1,train
74ec40491dbee2e463f1b44a2cccdd2e1bbdec73,CNCc1ccc(Cl)cc1Oc1ccc(Cl)c(C)c1,1,train
7c8158f45bdc5427d24f7dda8e02faec89a1a899,CNCc1ccc(Cl)cc1Oc1cccc(Cl)c1,1,train
0cbd75adeda9cce75d322e0ff45b2a2cf22b2336,CNCc1ccc(Cl)cc1Oc1ccc(F)c(C)c1,1,train
37dbd8f55374487caf9d1fc4b0e0b5106535d627,CNCc1ccc(Cl)cc1Oc1ccc(F)c(Cl)c1,1,train
9be31941deab3fd7ee75f0dda9438fe0cc3c7645,CNCc1ccc(Cl)cc1Oc1ccc(F)c(C(F)(F)F)c1,1,train
eb347a790b33118e67cfc33eeb1a7486d33af73d,CNCc1ccc(Cl)cc1Oc1ccc(Cl)c(F)c1,1,train
c09d086e7fdca870a2001b6fc2060cea3d34d000,Cn1c(-c2ccc(OC3CCN(C4CCC4)CC3)cc2)nc2c(F)cccc2c1=O,1,train
6c28a7b6d716e61ec4bbee6701ed0ca91c55050e,Cn1c(-c2ccc(OC3CCN(C4CCC4)CC3)cc2)nc2c(C(F)(F)F)cccc2c1=O,1,train
e56159a0cac4bda733a41a9a41e331af7c4a0c27,Cn1c(-c2ccc(OC3CCN(C4CCC4)CC3)cc2)nc2c(Cl)cccc2c1=O,1,train
fb03005916a221f595a4345a2ff04590a44192b2,Cc1cccc2c(=O)n(C)c(-c3ccc(OC4CCN(C5CCC5)CC4)cc3)nc12,1,train
4bc75c21a5d4a94246298b413351469b29505331,COc1ccc2c(=O)n(C)c(-c3ccc(OC4CCN(C5CCC5)CC4)cc3)nc2c1,1,train
c433af4560840007f4a25812b7bf9d0ab6e62837,COc1ccc2nc(-c3ccc(OC4CCN(C5CCC5)CC4)cc3)n(C)c(=O)c2c1,1,train
3d8b27a8c66222ec5724a3e6ef9b26345d14b642,Cn1c(-c2ccc(OC3CCN(C4CCCC4)CC3)cc2)nc2ccccc2c1=O,1,val
8614991292ba3be9f5477ad111a33f09cdc22e89,Cn1c(-c2ccc(OC3CCN(C4CCC4)CC3)cc2)nc2ccccc2c1=O,1,train
0bbfd501aaa9145bf430d9b87e01c22b6de0a79b,Cn1c(-c2ccc(OCCCN3CCCC3)cc2)nc2ccccc2c1=O,1,test
5497eb1c22261505082ec56720d14c3fd5bc637e,O=c1c2ccccc2nc(-c2ccc(OCCCN3CCCCC3)cc2)n1-c1ccccc1,1,test
f24ff536fe6ab324e9963f474ff0d8f45b8ce88d,O=c1c2ccccc2nc(-c2ccc(OCCCN3CCCCC3)cc2)n1Cc1ccccc1,1,test
6ada48615d30d70901de801121c28f44bc1716df,CC(C)n1c(-c2ccc(OCCCN3CCCCC3)cc2)nc2ccccc2c1=O,1,train
0d826745adad6b898e6eff9e717fdccc3947d32c,CCCn1c(-c2ccc(OCCCN3CCCCC3)cc2)nc2ccccc2c1=O,1,train
630d373e363a3647b59857a824a3355b04d88405,CCn1c(-c2ccc(OCCCN3CCCCC3)cc2)nc2ccccc2c1=O,1,train
0d5e8b06acae6244e8a867d129a7a74a1f814963,Cn1c(-c2ccc(OCCCN3CCCCC3)cc2)nc2ccccc2c1=O,1,train
cc5feaaa966d61ab7871aaaf280c8609e1c58247,CN1CC(C)(NC(=O)Nc2cccc(-c3nnnn3C)c2)C(CN2CCC[C@@H](Cc3ccc(F)cc3)C2)OC1=O,0,train
b87b229d2ab420c6c3d2b50cb213b22950445e1f,Nc1ccc(-c2cccs2)cc1N,1,train
606e79b319bce11eb70f064a30197254031d2c17,Nc1ccc(-c2ccsc2)cc1N,1,train
8b67df2b643214b2a5e78d34c238c551ad05d15f,Nc1ccc(-c2cccs2)cc1NC(=O)c1ccc(CN2CCC3(CCCN3)CC2)cc1,1,val
20f139eb35a9d81b071ae70a95d80c1dfbd8b886,Nc1ccc(-c2ccsc2)cc1NC(=O)c1ccc(CN2CCC3(CCCN3)CC2)cc1,1,train
b6a6556e01fb33b64592623b534bd85264b20080,Nc1ccc(-c2ccccc2F)cc1NC(=O)c1ccc(CN2CCC3(CCCN3)CC2)cc1,1,train
132aecece0f534fa923d2889d8822c8ce64aa141,Nc1ccc(-c2cccc(F)c2)cc1NC(=O)c1ccc(CN2CCC3(CCCN3)CC2)cc1,1,train
2120996c4a5e62d13107a19750c7f166191ff680,Nc1ccc(-c2ccc(F)cc2)cc1NC(=O)c1ccc(CN2CCC3(CCNC3)CC2)cc1,1,val
ee3d50f7c5f0b5073e3e3a8e4d4e68c9211674f8,Nc1ccc(-c2cccs2)cc1NC(=O)c1ccc(C(=O)N2CCC3(CCCN3)CC2)cc1,0,val
ed1d9c689cd999032237ed0fcceafe729f25aacc,Nc1ccc(-c2ccccc2)cc1NC(=O)c1ccc(C(=O)N2CCC3(CCCN3)CC2)cc1,0,val
91179ef64df6cd1f907dbe4de94d6133873d6d26,Cc1cccc(C)c1C(=O)N1CCC(N2CC[C@@H](N(Cc3ccccc3)C(=O)C3CC3)C2)CC1,1,test
4104b1f3d478a68163d42b500080a66c181a0e2f,Cc1cccc(C)c1C(=O)N1CCC(N2CCC(N(Cc3ccccc3)C(=O)C3CCC3)CC2)CC1,1,train
2dc36dac36cab2142c0adc410a4a1ce4b29af06b,CN(C)C(=O)C(c1ccc(C2=CN3N=CNC3C=C2)cc1)C(N)C(=O)N1CC[C@H](F)C1,0,train
5466113b29e01541c4a24c9bf01b26e1a9fd59dc,CC(C)C(Oc1ccc(CNC(=O)C2CCCN2C(=O)C[C@H](N)Cc2cc(F)ccc2F)cc1)C(=O)O,0,train
42907c99845a9d54258e32f84748ab8896714e8f,CCOc1cc(N)c(Cl)cc1C(=O)NCC1CN(Cc2ccc(F)cc2)CCO1,1,test
9021c4e1ff02d392852a0a501402f57d545f1145,CC(C[C@H](NC(=O)C1CCC1)c1ccccc1)N1CCC(n2cc(-c3ccccc3)[nH]c2=O)CC1,1,val
77088711ae78a3f24aa63cb2bf971b23521fe462,CC(C[C@H](NC(=O)C1CCC1)c1ccccc1)N1CCC(c2[nH]ncc2-c2ccncc2)CC1,1,test
cf852f3444c4548df5f773bd37c2b0dc04a28f17,CCN(C(=O)Cc1ccc(OC)cc1)[C@H]1C[C@H]2CC[C@@H](C1)N2CC[C@H](NC(=O)C1CCC1)c1ccccc1,1,train
604a7d09c8f239534d2449805437cb4724aa2244,Cc1nnc(C)n1C1CCN(C(C)C[C@H](NC(=O)C2CCC2)c2ccccc2)CC1,1,train
731292e935820359af71ff6d627f15342f32f433,CC(C)c1noc(C2CCN(C(C)C[C@H](NC(=O)C3CCC3)c3ccccc3)CC2)n1,1,val
b3ede2f903bb5cbf711ea1ecb8bda38fdbec339b,CC(C[C@H](NC(=O)C1CCC1)c1ccccc1)N1CCC(c2nnc(CN(C)C)o2)CC1,1,val
024cb296b954faf4f12caf16a4a37b40917ddf4b,Cc1nnc(C(C)C)n1C1CCN(C(C)C[C@H](NC(=O)C2CCC2)c2ccccc2)CC1,1,train
cea2c0acf251433be4e175310f7283f79d51023e,CS(=O)(=O)Nc1ccc2c(c1)[C@H](O)CC1(CCN([C@@H]3CCc4cc(C#N)ccc4C3)CC1)O2,1,train
06cc21f9ba26d8b1e23436bd46a40a441e476f49,Cc1cccc(C)c1NC(=O)CC12CCCN1CCC2,0,train
790c89f850c5032b2d5b06c33138c4910e975947,CN1CCN(C2=Nc3ccccc3Nc3sc(CO)cc32)CC1,0,train
0b2c31f0f453bac28ee03852a399985c4f8363db,Cc1c(CNC(C)C)nn(-c2ccc(Cl)cc2Cl)c1-c1ccc(Cl)cc1,1,test
34f9f53d7560a266edd1cd54f8ccde9f635433e8,Cc1c(CNC2CCCC2)nn(-c2ccc(Cl)cc2Cl)c1-c1ccc(Cl)cc1,1,test
847804947fb80d0672d8a64105654624f24c38e1,Cc1c(CNC2CCCC2)nn(-c2ccc(Cl)cc2Cl)c1-c1cccnc1,1,val
a7b09982d1cb7e384cd94ac44bfa36d003978e70,Cc1c(CNC2CCCC2)nn(-c2ncccc2Cl)c1-c1cccnc1,0,train
705cc9d6ab3144e7e1f75c2665ba16abd30144c3,Cc1c(CNC2CCCC2)nn(-c2ncccc2Cl)c1-c1ccc(Cl)nc1,1,train
261cf85dfd6a3dfc3ee144a86aa33401878b1e2f,Cc1ccc(-c2c(C)c(CNC3CCCC3)nn2-c2ncccc2Cl)cn1,0,train
d4377fbe3e14eca225cd76570288318bf0cccade,Cc1cncc(-c2c(C)c(CNC3CCCC3)nn2-c2ncccc2Cl)c1,1,train
798404efea9a9a8dc4e6437745291c83cfbbb392,Cc1ccc(-c2c(C)c(CNC3CCCC3)nn2-c2ncc(Cl)cc2Cl)cn1,1,train
5b138be06de38da728e0b3b29c907c51b892c10a,Cc1ccc(-c2c(C)c(CNC3CCCC3F)nn2-c2ncccc2Cl)cn1,0,train
61809b75eb62ffb0994d5f4b888c6f46f40747e0,Cc1ccc(-c2c(C)c(CN[C@H]3CC[C@@H](F)C3)nn2-c2ncccc2Cl)cn1,0,train
8fd84be408b3a61a5e739de4586bd8c0e023f94a,Cc1ccc(-c2c(C)c(CNC3CCC(F)(F)C3)nn2-c2ncccc2Cl)cn1,0,train
60685d419f8c6bc49e9c32865397c70ecb575dc3,Cc1ncc(-c2c(C)c(CNC3CCCC3)nn2-c2ncccc2Cl)cc1F,0,train
da9aff76fb6caa4096a23a18486276107aa59125,Cc1ncc(-c2c(C)c(CN[C@H]3CC[C@@H](F)C3)nn2-c2ncccc2Cl)cc1F,0,train
1c7a0753827c53b747724e76104eeb5f4c538d89,COc1ccc(CC(C)(C)NCC(O)COc2ccccc2C#N)cc1,1,train
60cbc60402a600cc05ab9d540b82086496e9edd8,COc1ccc(CC(C)(C)NCC(O)COc2cccc(Cl)c2C#N)cc1,1,train
45059b70758800406d915ddfffdaad25e6700b28,COc1ccc(CC(C)(C)NC[C@H](O)COc2cccc3[nH]c(=O)[nH]c23)cc1,1,val
7eb062bbbd369220c698697b530ae5bb56676695,CCN1CCN(c2cc3[nH]c(C(=O)[C@]4(C)CC[C@@H](NC(=O)OC)CC4)nc3cc2Cl)CC1,1,train
7fee53188f853dccc84dc68596a8497f2a7b4509,CCN1CCN(c2cc3[nH]c(C(=O)[C@]4(C)CC[C@@H](NC(=O)OC)CC4)nc3cc2C)CC1,1,train
5ed244728dc21c66c2121d60576e66c7cfff55da,CCN1CCN(c2cc3[nH]c(C(=O)C4(C)CCC(=O)CC4)nc3cc2Cl)CC1,1,test
ff547b4b863cb379cc13aa5b0ba7eca2944e32e0,CCN1CCN(c2cc3[nH]c(C(=O)[C@]4(C)CC[C@@](C)(O)CC4)nc3cc2Cl)CC1,0,train
4bb0fe249894a0bf8e123fa8f5e0f6d7f153f87a,CCN1CCN(c2cc3[nH]c(C(=O)[C@]4(C)CC[C@](C)(O)CC4)nc3cc2Cl)CC1,1,train
5940a5ceed20d6962fe300a955eed4e176371601,CCN1CCN(c2cc3[nH]c(C(=O)[C@]4(CC)CC[C@@](C)(O)CC4)nc3cc2Cl)CC1,0,train
4f47eec8c0b969bf2d445065bc56375da301874e,C[C@@H]1CN(CCO)CCN1c1cc2[nH]c(SC(C)(C)C)nc2cc1Cl,1,train
57bdb95e98e3931228fa5260a596fb82ab2b61e0,CCN1CCN(c2cc3[nH]c(SC(C)(C)C)nc3cc2Cl)[C@H](C)C1,1,train
3569b92f937eca7bb219f2708ec2cce0c548ab43,CCOC(=O)N1CCC(C)(Sc2nc3cc(Cl)c(N4CCN(CC)CC4)cc3[nH]2)CC1,1,train
a6d0d98751d251e1d69dc44fc616516d76bc3351,CCN1CCN(c2cc3[nH]c(S[C@]4(C)CC[C@H](NC(=O)OC)CC4)nc3cc2Cl)CC1,1,train
0c00a4c69defb84324f97e8a034b5c06290903cd,CCN1CCN(c2cc3[nH]c(S[C@]4(C)CC[C@@H](NC(=O)OC)CC4)nc3cc2Cl)CC1,1,train
076f8008f4c2360c3581f29a069fc31ba33cdb83,CCN1CCN(c2cc3[nH]c(SC4(C)CCC(NC(=O)OC)C4)nc3cc2Cl)CC1,1,test
9bc5a8d855946e7ad92d4c41acab6be0510e329d,CCN1CCN(c2cc3[nH]c(S[C@]4(C)CC[C@@H](c5nnn(C)n5)CC4)nc3cc2Cl)CC1,1,train
f38e7af30cf7d53fada5908005e88765c9e2482a,CCN1CCN(c2cc3[nH]c(S[C@]4(C)CC[C@@H](c5nnnn5C)CC4)nc3cc2Cl)CC1,1,train
4b64a07fadbabb757ba7ed3f1ed7cb44ea41a64e,CCN1CCN(c2cc3[nH]c(S[C@]4(C)CC[C@@H](c5nc(C)no5)CC4)nc3cc2Cl)CC1,1,val
7386260f332ddb73f8ebc28c37a010d6913a0f20,CCN1CCN(c2cc3[nH]c(S[C@]4(C)CC[C@@H](c5nnco5)CC4)nc3cc2Cl)CC1,1,val
b2b7e26c7023e9e515e42d58e1a593e974481a71,O=c1n(C[C@@H](O)CO)c2ccccc2n1C1CCN(C[C@H]2[C@H]3CC[C@H](C3)C23CC3)CC1,0,train
1dd8df955feaf062731aa95759f165f1070f1321,CCN1C[C@@H]2[C@H](C1)[C@H]2CN(Cc1cccc(OC(F)(F)F)c1)C(=O)c1cn(C)cn1,1,train
67d6a5249f7b8ccca96581812a7f60817f605005,Cn1cnc(C(=O)N(Cc2cccc(OC(F)(F)F)c2)C[C@H]2[C@@H]3CN(CC4CC4)C[C@@H]32)c1,1,train
29d654cf16799010b1e61b419c13825658571114,CN1C[C@@H]2[C@H](C1)[C@H]2CN(Cc1cccc(OC(F)(F)F)c1)C(=O)c1cn(C)cn1,1,train
6857a2a69294c9770a3b61c8ff2bbb8e33a508b7,Cn1cnc(C(=O)N(Cc2cccc(OC(F)(F)F)c2)C[C@H]2[C@@H]3CN(CC4CCCC4)C[C@@H]32)c1,1,test
3f13d7b92cde879de61ebab70687d262d39a2542,CN1C[C@@H]2[C@H](C1)[C@H]2CN(Cc1ccc(F)c(Cl)c1)C(=O)c1cn(C)cn1,1,train
9bbb744fc0ab1a454c0fae5a099d8752aba43ada,Cn1cnc(C(=O)N(Cc2ccc(F)c(Cl)c2)C[C@H]2[C@@H]3CNC[C@@H]32)c1,0,train
00f2310fb577034e3bdd9f62e2e6b1e74c40f2c1,Cn1cnc(C(=O)N(Cc2cccc(Cl)c2)[C@H]2CC[C@@H](N)CC2)c1,1,train
6194f346e40f348fbf31b3c881c3f93da0df5c4b,CN1C[C@H]2CCN(c3ccc(-c4ccc(C#N)cc4)cc3)[C@H]2C1,1,val
6ddfc71cf18a512722829fc84f7977fff3fdb6c3,Clc1cccc(OC(c2cccnc2)C2CCNCC2)c1Cl,1,test
4dd25ca56aef6748f74c0d5d7c1ca10edf1e868f,Clc1cccc(OC(c2cccnc2)[C@@H]2CCCNC2)c1Cl,1,train
35e75f391948eeb6cf07ecbdd6344b65665f9058,Clc1cccc(OC(c2ccccn2)[C@H]2CCNC2)c1Cl,1,test
6530d6d3704a0a6642d4eac011dc49c3dc73d5bb,Clc1cccc(OC(c2ccccc2)C2CCNCC2)c1Cl,1,train
cc455cc59e64f85bb5a92d15c2eb782ab1a39860,O=C(NC1CC1c1ccccc1)N1CCC(c2nnco2)CC1,0,test
fe0ef49e1e75af8249bcebc1437e46ba4eb3e647,O=C(NC1CC1c1ccccc1)N1CCC(c2nc3ccccc3o2)CC1,1,train
143c0ff8114580a726df13ab12cea6f617963c0e,O=C(NC1CC1c1ccccc1)N1CCC(c2nc(-c3ccccc3C(F)(F)F)no2)CC1,1,train
27829655859455f0ce251f803d3a6ca374278ab8,CS(=O)(=O)c1ccc(-c2noc(C3CCN(C(=O)NC4CC4c4ccccc4)CC3)n2)cc1,1,train
fd4eed540f5f51f70a3ab8bfcf0f71d012701ebd,O=C(NC1CC1c1ccccc1)N1CCC(c2nc(-c3cccnc3)no2)CC1,1,test
0b413f28956150bcb7c7d48320f64b0ae798b049,O=C(NC1CC1c1ccccc1)N1CCC(c2nc(-c3ccncc3)no2)CC1,1,val
9ee32ad01c32db9915e8ec0f0b8c1ba2becd7f52,O=C(NC1CC1c1ccccc1)N1CCC(c2nc(-c3cnccn3)no2)CC1,0,val
28e147981d5f387838340c1f32176f45e353b887,O=C(NC1CC1c1ccccc1)N1CCC(c2nc(-c3nccc4ccccc34)no2)CC1,1,train
66ae81243c514c9efff9b0340ca29ca1c3439479,O=C(NC1CC1c1ccccc1)N1CCC(c2nc(-c3ccc4ccccc4n3)no2)CC1,1,test
6b36e30f1dd6659dc4d8c51fc9c8489fe65e0c08,O=C(Nc1ccc(C(F)(F)F)cc1)N1CCC(c2nc(-c3ccccn3)no2)CC1,1,train
896f88ba2957efc60b697eaac06ec17dc887491d,O=C(NC1CCc2ccccc2CC1)N1CCC(c2nc(-c3ccccn3)no2)CC1,0,train
54e5871ad04bf2a71b057b7356e3e64f69c216f8,O=C(NC1CCc2ccccc2C1)N1CCC(c2nc(-c3ccccn3)no2)CC1,1,train
7836d1a548995e0f86b88940646e037842563a95,O=C(CN1CCN(Cc2ccn(-c3ccc(C(F)(F)F)cn3)c2)CC1)NC(c1ccc(F)cc1)c1ccc(F)cc1,1,train
5384cfc4fb2644b8498331d0aabe1fb77b0257e3,O=C(CC1CCN(Cc2ccn(-c3ccc(C(F)(F)F)cn3)c2)CC1)NC(c1ccc(F)cc1)c1ccc(F)cc1,1,test
a07f695ac641fdae1836559d69935e9e8eb2b923,O=C(NCc1ccc(Cl)cc1Cl)C1CCN(Cc2ccn(-c3ccc(C(F)(F)F)cn3)c2)CC1,1,test
0af869741c2c90b24b129daa70ac5d88e63f5269,O=C(CC1CCN(Cc2ccn(-c3ccc(C(F)(F)F)cc3)c2)CC1)N(CCCO)Cc1ccc(F)cc1,1,train
c18dfa0f76b5c17a6bdee1bb2cbd4c1c076875cc,COCC(O)CN(Cc1ccc(F)cc1)C(=O)CC1CCN(Cc2ccc(-c3ccc(Cl)cc3)o2)CC1,1,val
d2181e4ad8750326ee135ce4e2b9d4c03b27ec18,O=C(CC1CCN(Cc2ccc(-c3ccc(Cl)cc3)o2)CC1)NCC(O)C(F)(F)F,1,val
dfb250a3156b15872d198d41540281204d042985,O=C(CC1CCN(Cc2ccc(-c3ccc(Cl)cc3)o2)CC1)N1CCCC(CO)C1,1,val
5d0c3f0df081d979357a6dd459b2fe9cd873619f,O=C(NCC1(O)CCCCC1)C1CCN(Cc2ccn(-c3ccc(C(F)(F)F)cc3)c2)CC1,0,test
a91c14cfdc26e2b27b51f96f672e2596158a0dc8,O=C(NCc1ccc(O)cc1Cl)C1CCN(Cc2ccn(-c3ccc(C(F)(F)F)cc3)c2)CC1,1,train
bfec47a1ed6f66d589ae3bb7305cfcc8bba1bfa9,O=C(NCc1ccc(Cl)cc1O)C1CCN(Cc2ccn(-c3ccc(C(F)(F)F)cc3)c2)CC1,1,train
be3192175276b153a21484e2a51e313f93822e86,O=C(NCc1c(O)cc(Cl)cc1Cl)C1CCN(Cc2ccn(-c3ccc(C(F)(F)F)cc3)c2)CC1,1,train
515992ab3719a1079ad4af29672faa1b59b23a74,O=C(NCCc1ccccn1)C1CCN(Cc2ccn(-c3ccc(C(F)(F)F)cc3)c2)CC1,1,test
d3945abb1b8d6c64e198f7080d6f6a9f0871de58,Cn1cccc1CNC(=O)CC1CCN(Cc2ccn(-c3ccc(C(F)(F)F)cc3)c2)CC1,1,train
9654ee796f883cabe26865f9efbf6fd8fb9e1908,CN(CCC(=O)N1CCCC1)C(=O)CC1CCN(Cc2ccn(-c3ccc(C(F)(F)F)cc3)c2)CC1,0,val
c34026f93b5d3ce9c4328afe36d7388e44ae1a2d,CCN(CC)C(=O)C1CCCN(C(=O)CC2CCN(Cc3ccn(-c4ccc(C(F)(F)F)cc4)c3)CC2)C1,0,test
8d2b79664de0a48d9f683a35c89176ea9e8b2910,O=C(CC1CCN(Cc2ccn(-c3ccc(C(F)(F)F)cc3)c2)CC1)N1CCCC(C(=O)N2CCCC2)C1,0,test
ec76be1adaf5b4f3d04ec9ad7e5c889be1e0bbc4,O=C(C1CCCCN1C(=O)CC1CCN(Cc2ccn(-c3ccc(C(F)(F)F)cc3)c2)CC1)N1CCCC1,1,train
cc1685c1392af6bf1a90eff9c0083b0bebc032dd,O=C(CC1CCN(Cc2ccn(-c3ccc(C(F)(F)F)cc3)c2)CC1)N1CCN(C(=O)N2CCCC2)CC1,0,test
e71982fe77eca078b360bfc8c204714b6a3b0eb1,O=C(CC1CCN(Cc2ccn(-c3ccc(C(F)(F)F)cc3)c2)CC1)NC(c1ccccc1)c1c[nH]cn1,0,train
33774452e94c935eed4bc4ef1ed9da3b3ddd781a,Cc1nccn1CC(NC(=O)CC1CCN(Cc2ccn(-c3ccc(C(F)(F)F)cc3)c2)CC1)c1ccccc1,0,train
0aa599f6ada8c2a4b17da1316659dd583a74073c,O=C(CC1CCN(Cc2ccn(-c3ccc(C(F)(F)F)cc3)c2)CC1)NC(c1ccccc1)c1ccccn1,1,train
ea6039a73c69146ccf02f6be096369ba159907d1,O=C(CC1CCN(Cc2ccn(-c3ccc(C(F)(F)F)cc3)c2)CC1)NC(c1ccncc1)c1ccc(Cl)cc1,1,val
7c2c1b83b6bb16abdd0137c27be00085326e44b3,O=C(CC1CCN(Cc2ccn(-c3ccc(C(F)(F)F)cc3)c2)CC1)NC(c1ccc(F)cc1)c1cccnc1,1,train
72c9e6d0cd01e1c8cd2ed73d7adccd73af9ed3b6,COc1ccc(C(NC(=O)CC2CCN(Cc3ccn(-c4ccc(C(F)(F)F)cc4)c3)CC2)c2ccc(F)cc2)cn1,1,train
c03011e342758ffed9995dcfa6c5ee17657db29b,CCCCC(NC(=O)CC1CCN(Cc2ccn(-c3ccc(C(F)(F)F)cc3)c2)CC1)c1ccc(OC)nc1,1,val
04436b0c4dc614f8742c59d065e881f36af0eacf,O=C(NC1CCN(Cc2ccn(-c3ccc(C(F)(F)F)cc3)c2)CC1)NC(c1ccccc1)c1ccccc1,1,test
c67067812df2f82033603d8ad0fa77f695c6c8d0,O=C(NCc1ccc(Cl)cc1Cl)N1CCN(Cc2ccn(-c3ccc(C(F)(F)F)cc3)c2)CC1,1,val
a04448a43527b5202c90fbe6862a736bccc44e28,C[C@@H]1Sc2ccccc2O[C@@H]1c1ccc(OCCCN2CCCC2)cc1,1,train
0dcc955fa0a99af2f1382f63001ec22e43745491,CC[C@@H]1Sc2ccccc2O[C@@H]1c1ccc(OCCCN2CCCC2)cc1,1,train
58ddcb8b804c02bf7bccd57a142734ae10cc766d,c1ccc([C@@H]2Sc3ccccc3O[C@@H]2c2ccc(OCCCN3CCCC3)cc2)cc1,1,train
bbe98748dc1f7ed52634db26dbfb6f734a39a3d3,C[C@H]1Sc2ccccc2O[C@@H]1c1ccc(OCCCN2CCCC2)cc1,1,train
7c7d7d907b1eb4db5651508578f08f7087c1f80a,CC1=C(c2ccc(OCCCN3CCCC3)cc2)Oc2ccccc2S1,1,val
306a0577e75e482acd16c827c1f8cb3c26720170,C[C@H]1[C@@H](c2ccc(OCCCN3CCCC3)cc2)Oc2ccccc2S1(=O)=O,1,train
e46db780a1df77bae138d4212e31936236746af7,C[C@@H]1[C@@H](c2ccc(OCCCN3CCCC3)cc2)Oc2ccccc2S1(=O)=O,1,train
b9240a5d4c499e5cf9e739ebfed7ba3907fb6803,CC1=C(c2ccc(OCCCN3CCCC3)cc2)Oc2ccccc2S1(=O)=O,1,train
5720c34f05490ed1942fff1a64f5265d4a268c72,COc1cccc2c1S(=O)(=O)C(C)C(c1ccc(OCCCN3CCCC3)cc1)O2,1,train
8be31167d53191ae77c5e6cefb94e39f1535d504,COc1ccc2c(c1)S(=O)(=O)C(C)C(c1ccc(OCCCN3CCCC3)cc1)O2,1,train
13c2751ee930a3aa5e4fc35cb6855fc777f017f0,COc1ccc2c(c1)OC(c1ccc(OCCCN3CCCC3)cc1)C(C)S2(=O)=O,1,train
6315ef736ca62fdcf41c57e3a49e3674740fd885,COc1cccc2c1OC(c1ccc(OCCCN3CCCC3)cc1)C(C)S2(=O)=O,1,train
3d0431d663416d0070afdfa3e4d7bf1203893e16,COc1cccc2c1OC(c1ccc(OCCCN3CCCCC3)cc1)C(C)S2(=O)=O,1,train
29d5c428d6f49c60d6aee8076c69b4845d040541,COc1cccc2c1OC(c1ccc(OCCCN3CCC[C@H]3C)cc1)C(C)S2(=O)=O,1,train
cb78534ae539cfa188c15f64b63d010391b11ded,COc1cccc2c1OC(c1ccc(OCCCN3CCC[C@@H]3C)cc1)C(C)S2(=O)=O,1,train
841fa7539d6db8430c445aaa994eaa684a552db5,COc1cccc2c1OC(c1ccc(OCCCN3CCC[C@H](C)C3)cc1)C(C)S2(=O)=O,1,train
ec6466a26522d5edacc0076e23375922caf2726e,COc1cccc2c1OC(c1ccc(OC3CCN(C4CCC4)CC3)cc1)C(C)S2(=O)=O,0,train
ab5948dad62754d867676efa37bd8e4cc49594aa,COc1cccc2c1O[C@@H](c1ccc(OCCCN3CCCC3)cc1)[C@H](C)S2(=O)=O,1,train
9a1218373899ef662d774903f46c8efc185231c8,COc1cccc2c1O[C@H](c1ccc(OCCCN3CCCC3)cc1)[C@@H](C)S2(=O)=O,1,train
86f3837e1651d2b4fc43af5a213112ad2fdaf3b6,CC1C(c2ccc(OCCCN3CCCC3)cc2)Oc2ccccc2S1(=O)=O,1,train
02eff98d92c95f8d385a3899b8a392c62fcfef09,O=C1N(CCN2Cc3ccccc3C2)CCN1c1cccc(Cl)c1,1,train
93f5ba3860fd3f46c59c7bf78dd49d4fa6d1a6c5,O=C1N(CCN2Cc3ccccc3C2)CCN1c1cccc(C(F)(F)F)c1,1,train
3402cf059fc070405a54bbf60d91244e24c9d219,CC(C)c1cccc(N2CCN(CCN3Cc4ccccc4C3)C2=O)c1,1,train
a60f34500799bf689704e83461570a8181760c14,O=C1N(CCN2Cc3ccccc3C2)CCN1c1cc(Cl)cc(Cl)c1,1,train
2b0505802b860bdffad8b057f64d243a76491b19,N#Cc1cc(N2CCN(CCN3Cc4ccccc4C3)C2=O)ccc1F,1,train
e2fd54503fc46a2a405e2566abc74509650be21e,O=C1N(CCN2Cc3ccccc3C2)CCN1c1ccc(Cl)c(Cl)c1,1,train
c9ddebdcde02354b2ea0b49525c1b3715699a255,O=C1N(CCN2Cc3ccccc3C2)CCN1c1cccc(OC(F)(F)F)c1,1,train
ea2dcb463f4e86f260a55440b7146df60d923bdf,O=C1N(CCN2Cc3ccccc3C2)CCN1c1ccc(F)c(Cl)c1,1,train
97e6d0ed3d1504ac6009ffcdb4c5bff52e04b139,CC(C)Oc1cccc(N2CCN(CCN3Cc4ccccc4C3)C2=O)c1,1,train
e9f56f048d99677d140ec4fcc6f120a9da5fdf21,N#Cc1cccc(N2CCN(CCN3Cc4ccccc4C3)C2=O)c1,1,train
2d842e63debd65b8c79704f4c079ef914ffe69cb,O=C1N(CCN2Cc3ccccc3C2)CCN1c1cc(F)cc(Cl)c1,1,train
184f406fe59bad629c7588c9a3f2655914090baa,O=C1N(CCN2Cc3ccccc3C2)CCN1c1cc(Cl)ccc1F,0,train
4d594fa48426dd291b953c135c40edcbf1e9ba73,CC(C)(C)c1ccc(N2CCN(CCN3Cc4ccccc4C3)C2=O)cc1,1,train
33d9f83f858395902fe8e9dd448db28296effaa8,O=C1N(CCN2Cc3ccccc3C2)CCN1c1ccc2sccc2c1,1,val
49df5c54d2c124683c19a559cdbabd9e95d606c1,Cc1nc2cc(N3CCN(CCN4Cc5ccccc5C4)C3=O)ccc2s1,1,test
fa83e8b1089f61c2386c4951cccaf0314c807ff7,Cc1ccc(N2CCN(CCN3Cc4ccccc4C3)C2=O)s1,0,val
f46aba49ec85a65ae45ff7759281f473aaed8f68,O=C1N(CCN2Cc3ccccc3C2)CCN1c1csc2ccccc12,1,train
8093f44d44b939cdd13d606f4e5e2b86cdee3a08,O=C1N(CCN2Cc3ccccc3C2)CCN1c1ccc2occc2c1,1,train
7c41df76784f8d4026ad1e1ec51249cd26e8cc2e,CC(=O)n1ccc2cc(N3CCN(CCN4Cc5ccccc5C4)C3=O)ccc21,1,val
986bfc1a41bad6a9909fab533e6fa8647de9cb94,Cc1ccc(N2CCN(CCN3Cc4ccccc4C3)C2=O)cn1,0,val
00f5b8a3ac7205b8a17ebfd46f5676a3fc418b9b,O=C1N(CCN2Cc3ccccc3C2)CCN1Cc1ccccc1,0,train
d1ef29634c23d7e3c276b6a79177d4a88511dfb9,O=C1N(CCN2Cc3ccccc3C2)CCN1Cc1cccc(Cl)c1,1,train
44614e259f4cfbd2fa8f74c8955b639d66b5dc86,O=C1N(CCN2Cc3ccccc3C2)CCN1Cc1cccc(C(F)(F)F)c1,1,train
4342ed9eb8fd4b91510788a2f434071f86878655,O=C1N(CCN2Cc3ccccc3C2)CCN1Cc1ccc(Cl)c(Cl)c1,1,train
9b72be3fcabfe531ea8686a9d195e60460d4553c,O=C1N(CCN2Cc3ccccc3C2)CCN1Cc1cc(Cl)ccc1Cl,1,train
1a2883dac4f3f75f4c4b1189851ced1100112fdf,O=C1N(CCN2Cc3ccccc3C2)CCN1Cc1ccc(Cl)cc1,1,train
158959ea3be12ba23c9fa87fe361ae79837cea7a,O=C1N(CCN2Cc3ccccc3C2)CCN1Cc1ccccc1Cl,1,train
476e51b364c940863c682911281cf9c96159d3a3,CC(c1cccc(C(F)(F)F)c1)N1CCN(CCN2Cc3ccccc3C2)C1=O,1,train
975fbb4253990aaeaeba6cfcf64b5361cb7733a6,CC1CCCN(CCN2CCN(c3cccc(Cl)c3)C2=O)C1,1,train
90e485988fe2bd62c49ea3d54658605dea0ccd23,CC1CCCCN1CCN1CCN(c2cccc(Cl)c2)C1=O,1,train
987306aaf7a89c40ad84b5e0fd54c1d29d3863f4,CC1CCN(CCN2CCN(c3cccc(Cl)c3)C2=O)CC1,1,train
da88b0a874807981cfbe014b28ad7a6d35413556,O=C1N(CCN2CCC(C(F)(F)F)CC2)CCN1c1cccc(O)c1,0,train
708c813cead0b502673bb04ff95bb1a8670b43de,O=C1N(CCN2CCC(C(F)(F)F)CC2)CCN1c1cccc(I)c1,1,train
b133c98bfb99c34dd5808f8f096142124f59b471,O=C1N(CCN2CCC(C(F)(F)F)CC2)CCN1c1cccc(Cl)c1,1,train
a23eaa275cf451f6626db17264f814f9f7bdda45,N#Cc1cccc(N2CCN(CCN3CCC(C(F)(F)F)CC3)C2=O)c1,1,train
ceeffcddee4557572891a3e0445d57048bce458a,O=C1N(CCN2CCC(C(F)(F)F)CC2)CCN1c1cccc(OC(F)(F)F)c1,1,train
ac08461240cdc76971eca4f3bf2a85eab33dad9e,N#Cc1cc(N2CCN(CCN3CCC(C(F)(F)F)CC3)C2=O)ccc1F,1,train
ef6546e3e036e5a36222f3238a91c188ed104ee6,COc1cccc(N2CCN(CCN3CCC(C(F)(F)F)CC3)C2=O)c1,0,train
edaadd50dcd63818b6b4756881d70a6c2aabbcf7,O=C1N(CCN2CCC(C(F)(F)F)CC2)CCN1c1cccc(Cl)c1F,0,train
1c7476d6e4957451be3e1f939d31ee2df6ae8021,CC(C)N1CCN(CCN2CCN(c3cccc(C#N)c3)C2=O)CC1,0,train
67088ea0df6ec4c52cc43be60c48c98f71bc2bd5,CC(C)N1CCN(CCN2CCN(c3cccc(OC(F)(F)F)c3)C2=O)CC1,1,train
36f1b696d8d7bd8c5d60004c87c3ed8129e1465a,CC(C)N1CCN(CCN2CCN(c3ccc(F)c(C#N)c3)C2=O)CC1,0,train
0b504c3cfe9e7657cb2c77b1e9b398881aa47f54,CC(C)N1CCN(CCN2CCN(c3cccc(Cl)c3F)C2=O)CC1,0,train
9bc2ffa040ace661fab8372c8effbae76565b5ce,COc1cccc(N2CCN(CCN3CCN(C(C)C)CC3)C2=O)c1,0,train
12657296c8118dc66a81d0fef312910a611c6af4,CC(C)N1CCN(CCN2CCN(c3cccc(Cl)c3)C2=O)CC1,1,train
8868d4a940f9a37c2065dfca18529a93f7a8c2da,CN1CCN(CCN2CCN(c3cccc(Cl)c3)C2=O)CC1,1,train
ce45f24e359468ce3bfd69e48fd15984346e97a5,C[C@@H](N[C@@H]1CCCc2c1[nH]c1ccc(Br)cc21)c1ccccc1,1,train
166216b7466948c37e178f679f9e9851b9d9fe4e,COc1cccnc1C(=O)N1CCN(c2ccc(NC(=O)C(C)(C)c3ccccc3)cc2Cl)CC1,0,train
03dbf6a5c324dbffb209e5b2b834b5eabe62c3b8,CCNc1cc(N2CCOCC2)cc(CCc2nc(C)c(CC)o2)n1,1,train
d28ba4bc46b0758c1f673b977987ab18abf02be5,CCc1oc(CCc2cc(N3CCOCC3)cc(NC)n2)nc1C,1,train
584ff28e4835303c758a2c1082a270c579906831,CCCNc1cc(N2CCOCC2)cc(CCc2nc(C)c(CC)o2)n1,1,train
db6980f93df0e193155db8ce2c07643598aef6e9,CCc1oc(CCc2cc(N3CCOCC3)cc(NC(C)C)n2)nc1C,1,train
744b262f8dc828cbce8f660c536dd71913bd977c,CCc1oc(CCc2cc(N3CCOCC3)cc(NCCOC)n2)nc1C,1,train
5af308b5b23d04b6474ff3dcfbef5782f84ba1e1,CCc1oc(CCc2cc(N3CCOCC3)cc(NCC#N)n2)nc1C,1,train
3dcae51b53aeb8cd5f4141fb6cf5ca2eda98346e,CCc1oc(CCc2cc(N3CCOCC3)cc(NCCC#N)n2)nc1C,1,train
fb797a8ef482bf97f7bcf1c061b5065f2b9c3783,CCOC(=O)CNc1cc(N2CCOCC2)cc(CCc2nc(C)c(CC)o2)n1,1,train
3b03b2d0df7a153bcead43b322feb6a5d3b8b5eb,CCc1oc(CCc2cc(N3CCOCC3)cc(NC(C)=O)n2)nc1C,1,train
78408d4ad26889573632b0d9319d3891561576de,CCc1oc(CCc2cc(N3CCOCC3)cc(NCC(F)(F)F)n2)nc1C,1,train
5e53a00b81372b4f5568719bea49d56407e3f0a4,CCc1oc(SCc2cc(N3CCOCC3)cc(NCC#N)n2)nc1C,1,train
4071ffb2a8f95a7644e669a9a0f36fb4ffa795d8,CCc1sc(CCc2cc(N3CCOCC3)cc(NC(C)c3cc(Cl)cc(NC(=O)OC(C)C)c3)n2)nc1C,1,train
86a1105834e3e32b09ab51b43381b90b1d5baf3c,CCNC(=O)c1ccc(C2=CC3(CCNCC3)Oc3ccccc32)cc1,0,train
4e11ed40e7897f0760bef52ee09a0738a2d68994,NC(=O)c1ccc(C2=CC3(CCNCC3)Oc3ccccc32)cc1,0,train
1720f1202a005b9169b56a22b89b2edb497f980e,CC(C)CNC(=O)c1ccc(C2=CC3(CCNCC3)Oc3ccccc32)cc1,1,train
b3859f6e191c0fb79fe0c168ebbbe2b4fcf5a8e3,CC(C)N(C(=O)c1ccc(C2=CC3(CCNCC3)Oc3ccccc32)cc1)C(C)C,1,train
ea72455d976bc2d067b623cccb62f3f7acb1c48b,CN(C)C(=O)c1ccc(C2=CC3(CCNCC3)Oc3ccccc32)cc1,0,train
79540d962759bdd4ff1fbf300377860e79a27c47,O=C(c1ccc(C2=CC3(CCNCC3)Oc3ccccc32)cc1)N1CCCC1,0,val
7ae9be7db159083280d5743d9875fadf16e50a8a,O=C(c1ccc(C2=CC3(CCNCC3)Oc3ccccc32)cc1)N1CCCCC1,1,train
0f12f8350eae1cada4126474f892b3b7cd517937,O=C(c1ccc(C2=CC3(CCNCC3)Oc3ccccc32)cc1)N1CCOCC1,0,test
fb720088e2b82c2722d51b5bbd430e2c626ee8cd,O=C(c1ccc(C2=CC3(CCNCC3)Oc3ccccc32)cc1)N1Cc2ccccc2C1,1,val
68e20704a77f8493e23835b0fd94fb0db32e8074,CN(Cc1ccccc1)C(=O)c1ccc(C2=CC3(CCNCC3)Oc3ccccc32)cc1,1,val
59b58eb270db0d23acf853335286bd3c22948fa7,CCN1CCc2cc(C3=CC4(CCNCC4)Oc4ccccc43)ccc2C1=O,0,test
e7f2a8ca2082c6d652288cdc56cf65af003b4586,CCN(CC)C(=O)c1ccc(C2=CC3(CCCNCC3)Oc3ccccc32)cc1,0,train
dfb50d8bb6b498f87415de97ee85d91138cde420,CCN(CC)C(=O)c1ccc(C2=CC3(CCNC3)Oc3ccccc32)cc1,1,val
eb9a4056752d2e1b6e01a9a829324c76b3a1fa7d,CCN(CC)C(=O)c1ccc(C2=CC3(CCCNC3)Oc3ccccc32)cc1,0,train
7583fbfd0b3177d57235a67e0146cf3deaf08f5c,CCN(CC)C(=O)c1ccc(C2CC3(CCNCC3)Oc3ccccc32)cc1,1,train
ce60b9ba3cc8925cc1c90c069f35a60cf839cfe6,CCN(CC)C(=O)c1ccc(C2=CC3(CCNCC3)Oc3ccccc32)s1,1,train
ab99df25342fa2379bda3ae6e8b5421ef056697b,CCN(CC)C(=O)c1ccc(C2=CC3(CCNCC3)Oc3ccccc32)o1,1,train
0d25cf989423a9b2b145cf980951977c4b72cc3a,CCN(CC)C(=O)c1cc(C2=CC3(CCNCC3)Oc3ccccc32)cs1,1,test
9af1b9c3c599697af322a854df97d7ddfe630982,CCN(CC)C(=O)c1ccc(C2=CC3(CCNCC3)Oc3ccccc32)cn1,0,train
6ed9357b8d97f204e8a318522548f7e0f4dccec2,CCN(CC)C(=O)c1ccc(C2=CC3(CCNCC3)Oc3ccccc32)nc1,0,val
6e13edfbe1ed0ea40e8bf679fa9f300edbb68c0e,CCN(CC)C(=O)c1ccc(C2=CC3(CCNCC3)Oc3ccccc32)cc1C,1,train
337952cbb10271e64eabc25421d1ccf12ff32199,CCN(CC)C(=O)c1ccc(C2=CC3(CCNCC3)Oc3ccccc32)cc1F,1,train
d4da70ba4aed928da936e00e3b6f903e5ab55e32,CCN(CC)C(=O)c1ccc(C2=CC3(CCNCC3)Oc3ccccc32)cc1O,0,train
87fe51635406036acf7573a14c4c9ff9c4af8472,CCN(CC)C(=O)c1ccc(C2=CC3(CCNCC3)Oc3ccccc32)c(C)c1,1,train
eef369a8702368f1260b44fc272bb9af9c82552c,CCN(CC)C(=O)c1ccc(C2=CC3(CCNCC3)Oc3ccccc32)c(F)c1,1,train
0215cd9065f08636f1040a3a20bf904b634cde80,CCN(CC)C(=O)c1ccc(C2=CC3(CCNCC3)Oc3ccccc32)c(O)c1,0,train
cd05f6e690474ab2d1028eae5b6267bb856ca262,CC(C1=C(CCN(C)C)Cc2ccccc21)c1ccccn1,1,val
2ecdc299ccd0993649f5140492fdbef1418e05d2,CN(C)CCC1=C(Cc2cnccn2)c2ccccc2C1,1,train
11cfd6b1e4e16b1bbd97f1082843aada9c570ea7,CC(C1=C(CCN(C)C)Cc2ccccc21)c1cnccn1,1,train
30b14bba7855f83603f7e8c4ed1690c1cecfc90d,CC(c1ccccn1)c1c(CCN(C)C)sc2ccccc12,1,train
c7e642374386703c069411d77a4233cb40ea715b,CC(c1ccccn1)c1c(CCN(C)C)oc2ccccc12,1,val
61cbb60657a58f17a0e0b7b5bb87203e5555c9ed,C[C@@H](N[C@@H]1CCC(C(=O)N2CCC(C(=O)N3CCCC3)(c3ccccc3)CC2)C(C)(C)C1)c1ccc(Cl)cc1,1,train
0e2d3b4669146b168f1882cfe2ee22529ce6d740,COc1ccc(CN[C@@H]2CCC(C(=O)N3CCC(C(=O)N4CCCC4)(c4ccccc4)CC3)C(C)(C)C2)cc1,1,train
472b65ce68d6a8252f61194db7d2d1e880ed4701,COc1ccc([C@H](C)N[C@@H]2CCC(C(=O)N3CCC(C(=O)N4CCCC4)(c4ccccc4)CC3)C(C)(C)C2)cc1,1,train
a523e2f77b4e38a3d693d4f9d4178453a4cb3f3a,COc1ccc([C@@H](C)N[C@@H]2CCC(C(=O)N3CCC(C(=O)N4CCCCC4)(c4ccccc4)CC3)C(C)(C)C2)cc1,1,train
66ff4e292b3bcfbd4fd685fc917f5f31b32a6c1b,COc1ccc([C@@H](C)N[C@@H]2CCC(C(=O)N3CCC(c4ccccc4)(N4CCCCC4)CC3)C(C)(C)C2)cc1,1,train
a23bca5ead5c3a0055ef1b3a52bac0d74e3e5ee2,COc1ccc([C@@H](C)N[C@@H]2CCC(C(=O)N3CCC(c4ccccc4)(c4ccc(Cl)nc4)CC3)C(C)(C)C2)cc1,1,train
dd196d811b0fd3f6ca98cb4011662e9aec854720,COc1ccc([C@@H](C)N[C@@H]2CCC(C(=O)N3CCC(c4ccccc4)(c4ccc(OC)nc4)CC3)C(C)(C)C2)cc1,1,train
1fc287cd8e50ce5fe4c47d7e74206291ca38f1f7,COc1ccc([C@@H](C)N[C@@H]2CCC(C(=O)N3CCC(c4ccccc4)(c4cccnc4)CC3)C(C)(C)C2)cc1,1,train
74f2c6b3fb737353f3af1e9b39ffa98b532831b1,COc1ccc([C@@H](C)N[C@@H]2CCC(C(=O)N3CCC(c4ccccc4)(c4ccccc4)CC3)C(C)(C)C2)cc1,1,val
e17e3a6890df97fc20adf062a5d9dd7c9f652884,Cc1ccc(-n2c(-c3ncccc3Cl)nc(CNC3CCCC3)c2C)cn1,0,train
da633268ec93d730121051bd8d957ae8c95c15d1,Cc1ccc(-n2c(-c3ncccc3Cl)nc(CN[C@H]3CC[C@@H](F)C3)c2C)cn1,0,train
63e581b6fa1b238453cad8e21b3face69f7b773f,CCc1c(CN[C@H]2CC[C@@H](F)C2)nc(-c2ncccc2Cl)n1-c1ccc(C)nc1,0,train
c91488158a3b0ae75e14540be69ec0b67daecf5c,Cc1ccc(-n2c(-c3ncccc3Cl)nc(CNC3CCCC3)c2C(C)C)cn1,1,train
995038ae29be6487b5743a0622de4714d0d27a48,Cc1ccc(-n2c(-c3ncccc3Cl)nc(CN[C@H]3CC[C@@H](F)C3)c2C(C)C)cn1,0,train
61ab6090fe107d0840b7a51c320d502ff78b71b1,Cc1nc(CN[C@H]2CC[C@@H](F)C2)c(C(C)C)n1-c1cc(F)cc(F)c1,0,test
3ecefbf54cae7ad57838bb4c83dea37a33d81fb2,Cc1nc(CNC2CCCC2)n(C(C)C)c1-c1ccc(Cl)cc1,1,train
54cb4b0feaa6b7fc56009342d0fe1484dd2fd594,COCCc1nc(CN[C@H]2CC[C@@H](F)C2)n(C(C)C)c1-c1ccc(Cl)cc1,0,train
3eba54b0b3eb3953136bd4214859f4f04e4554d9,C[C@@H]1C[C@H]2[C@@H]3CC[C@H]4N(C)C(=O)C=C[C@]4(C)[C@H]3CC[C@]2(C)[C@H]1O,0,train
f547737262a5e23035bc2ec6684c98f2b856f949,COC[C@@H]1C[C@H]2[C@@H]3CC[C@H]4N(C)C(=O)C=C[C@]4(C)[C@H]3CC[C@]2(C)[C@H]1O,0,train
dc0e7588be17a2f9a66910d5f4fceceaf977a068,CN1C(=O)C=C[C@]2(C)[C@H]3CC[C@]4(C)[C@@H](O)[C@H](Cc5cccc(F)c5)C[C@H]4[C@@H]3CC[C@@H]12,1,test
04b94a7a7eca40fa782d32b726cd819f58ef29e2,CN1C(=O)C=C[C@]2(C)[C@H]3CC[C@]4(C)[C@@H](O)/C(=C/c5cccc(F)c5)C[C@H]4[C@@H]3CC[C@@H]12,1,train
0b9bd926b86f479f4bb059519c197f7cfa3e5f16,CN1C(=O)C=C[C@]2(C)[C@H]3CC[C@]4(C)[C@@H](O)/C(=C/c5cc(F)cc(F)c5)C[C@H]4[C@@H]3CC[C@@H]12,1,train
42e5eb0e3422b7c8d51c12ffd7a59297a77c60b4,CN1C(=O)C=C[C@]2(C)[C@H]3CC[C@]4(C)[C@@H](O)/C(=C/c5ccccc5)C[C@H]4[C@@H]3CC[C@@H]12,1,train
cb3c3b4773b72fa4e48e959499630b56f3edd849,C/C=C1\C[C@H]2[C@@H]3CC[C@H]4N(C)C(=O)C=C[C@]4(C)[C@H]3CC[C@]2(C)[C@H]1O,1,val
03e772d1f66e3f60eed307548048b631ccf29298,CN1C(=O)C=C[C@]2(C)[C@H]3CC[C@]4(C)[C@@H](O)/C(=C/c5ccncc5)C[C@H]4[C@@H]3CC[C@@H]12,1,val
3acfbf47800911cf743818c6e4682b0af4df4a7d,CN1C(=O)C=C[C@]2(C)[C@H]3CC[C@]4(C)[C@@H](O)/C(=C/c5cccnc5)C[C@H]4[C@@H]3CC[C@@H]12,1,val
504e39a2352fce8ed1770abc2d72518dadf9e108,CN1C(=O)C=C[C@]2(C)[C@H]3CC[C@]4(C)[C@@H](O)/C(=C/c5cncnc5)C[C@H]4[C@@H]3CC[C@@H]12,1,train
f184ef8b9d7873d10ca3c21c28104218899d8daa,CN1C(=O)C=C[C@]2(C)[C@H]3CC[C@]4(C)[C@@H](O)/C(=C/c5cnc(C6CC6)nc5)C[C@H]4[C@@H]3CC[C@@H]12,1,val
d29609250dffa4e3cd542f11876ad9d56ebd7eef,COc1ncc(/C=C2\C[C@H]3[C@@H]4CC[C@H]5N(C)C(=O)C=C[C@]5(C)[C@H]4CC[C@]3(C)[C@H]2O)cn1,1,train
2869576110479662f28c34bf59f3301f77a424d0,Cc1ncc(/C=C2\C[C@H]3[C@@H]4CC[C@H]5N(C)C(=O)C=C[C@]5(C)[C@H]4CC[C@]3(C)[C@H]2O)cn1,0,train
ae8a17662814ffb93325f8d9b3d906792f90a5b3,CNc1ncc(C=C2C[C@H]3[C@@H]4CC[C@H]5N(C)C(=O)C=C[C@]5(C)[C@H]4CC[C@]3(C)[C@H]2O)cn1,0,train
4524d00abc91039b3e9b56e4394c3bd8773579d5,N[C@H]1Cn2c(nc3ccc(F)cc32)C[C@@H]1c1cc(F)c(F)cc1F,0,train
87accfb5a6d266c1de98e322624f19f686017690,N[C@H]1Cn2c(nc3cc(C(F)(F)F)ccc32)C[C@@H]1c1cc(F)c(F)cc1F,1,train
753f70b8630564206bf26b52c1f20227c2854b93,CS(=O)(=O)c1ccc2c(c1)nc1n2C[C@H](N)[C@@H](c2cc(F)c(F)cc2F)C1,0,train
64b6117f092f3d60e34c69ceca3babd47a6d2bec,CS(=O)(=O)Nc1ccc2c(c1)nc1n2C[C@H](N)[C@@H](c2cc(F)c(F)cc2F)C1,1,train
54beb846d25bd31c902bf8511e583a065f73b947,N[C@H]1Cn2c(nc3cnc(C(F)(F)F)cc32)C[C@@H]1c1cc(F)c(F)cc1F,0,train
16961f2bf963b23c84dccc2ac5593c01a0591e7a,N[C@H]1Cn2c(nc3cnccc32)C[C@@H]1c1cc(F)c(F)cc1F,0,train
b8db971d150c7e2c156173ef6635d908ccc5d371,N[C@H]1Cn2c(nc3cnc(F)cc32)C[C@@H]1c1cc(F)c(F)cc1F,0,train
1b58fbe5e01a79b5aef6f59584d2b93d7335f4c0,N[C@H]1Cn2c(nc3ncccc32)C[C@@H]1c1cc(F)c(F)cc1F,0,train
af01296e6e35df903adb069134000e253713d002,CCN(CC)CCN1CCN(c2cccc(Cl)c2)C1=O,1,test
11f05d2b5f53aa73af507e5ba91de43480096152,COC[C@@H]1CCCN1N1CCN(c2cccc(Cl)c2)C1=O,1,test
599c9e693f98719e5d31c4032115d67c57c207ee,CC1(C)C[C@@H]2C[C@@](C)(CN2CCN2CCN(c3cccc(Cl)c3)C2=O)C1,1,train
38cb940f05d245bccbfa9011220b7158e6e9589f,O=C1N(CCN2C[C@H]3CC[C@@H]2C3)CCN1c1cccc(Cl)c1,0,test
6bdaf5fd71937b0ed82a6df229c36d4d976e7ead,COCC1[C@@H]2CC[C@H]1CN(CCN1CCN(c3cccc(Cl)c3)C1=O)C2,1,train
6689fab2d7f0ff9982b1676e0c3dd2eceb5eb381,C[C@@]12CC(c3ccccc3)C[C@@H](C1)N(CCN1CCN(c3cccc(Cl)c3)C1=O)C2,1,train
cc697b94d8a169e5c4ab6ab2fe34b3c8acb4ecef,O=C1N(CCN2C[C@H]3CC[C@H](CC3)C2)CCN1c1cccc(Cl)c1,1,train
34065de8f7f2bed364f2f7680431ff13777b4d61,CC1(C)[C@H]2CC[C@]1(C)CN(CCN1CCN(c3cccc(Cl)c3)C1=O)C2,1,train
e27d9992f167f484502b5291304dc223f9f4c970,O=C1N(CCN2C[C@@H]3CC[C@H]2Cc2ccccc2C3)CCN1c1cccc(Cl)c1,1,test
e9842aff029d0a67a0f58ef4e0c3492353ebedcc,O=C1N(CCN2[C@@H]3CCC[C@H]2CC3)CCN1c1cccc(Cl)c1,1,train
2cd77758328839c052257a869353eb5ecb012c30,COc1cccc(C2CCCN(CCN3CCN(c4cccc(Cl)c4)C3=O)C2)c1,1,train
cfdb131f6e24e3b31d0b7433b05dc1192c087aea,O=C1N(CCN2CCCC(OCc3ccccc3)C2)CCN1c1cccc(Cl)c1,1,test
4247de50cea9a1b5d248849048280a815fe6674d,O=C1N(CCN2CCC(c3ccc(Cl)cc3)CC2)CCN1c1cccc(Cl)c1,1,test
b63c504e47d597ee0be75eb3f0581944c01465e4,COc1cccc(CCN(C)CCN2CCN(c3cccc(Cl)c3)C2=O)c1,1,train
517cd46f639979ca5372cb838b4b3f2f00c19432,COc1ccc(CCN(C)CCN2CCN(c3cccc(Cl)c3)C2=O)cc1OC,1,train
9888c5438bdef35d0f705f31634ae658a2c54b12,O=C1N(CCN2CCC(c3nnc(-c4ccccc4)o3)CC2)CCN1c1cccc(Cl)c1,1,test
2eb45426cd820d0735de1a95634e3a0aafd9919f,CN(CCN1CCN(c2cccc(Cl)c2)C1=O)Cc1cc2ccccc2s1,1,train
e173e6759ccbdc003a12dbef204cfe17ca1e9f88,Cc1cc(CN(C)CCN2CCN(c3cccc(Cl)c3)C2=O)on1,0,train
44c44460fb85e77c82ea50211eb510c0b8c8a02b,O=C1N(CCN2CCCc3sccc3C2)CCN1c1cccc(Cl)c1,1,train
6a55f1e89c6b4750bb2d428c62323488561613b9,CC1(C)[C@@H]2CC[C@]13CCN(CCN1CCN(c4cccc(Cl)c4)C1=O)C3C2,1,train
f5bec8c393f7e2b956cd1d89a49222ad54426c28,CN(CCN1CCN(c2cccc(Cl)c2)C1=O)C[C@]12CC[C@H](CC1)C2(C)C,1,train
2ce5abf804555ea3ef4960de53e24182389e387f,CN(CCN1CCN(c2cccc(C(F)(F)F)c2)C1=O)C[C@]12CC[C@H](CC1)C2(C)C,1,train
cef7e314b13c53833fc744898e7a44a4c966ad3c,Cc1ccc(N2CCN(CCN(C)C[C@]34CC[C@H](CC3)C4(C)C)C2=O)cc1,1,train
3251dd0d1b4b365532e9bd65bacf7c45f403f2f7,COc1cccc(N2CCN(CCN(C)C[C@]34CC[C@H](CC3)C4(C)C)C2=O)c1,1,train
fbf254772731c242ff22b89993ba8c11be05d366,Cc1cccc(N2CCN(CCN(C)C[C@]34CC[C@H](CC3)C4(C)C)C2=O)c1,1,train
4e06675ab3d7b8fe7b6a136791e657f6e986e854,CN(CCN1CCN(c2ccccc2)C1=O)C[C@]12CC[C@H](CC1)C2(C)C,1,train
5fe49b3cf95177963100c0af7316ac0e52df92a0,CN(CCN1CCN(c2ccc(F)cc2)C1=O)C[C@]12CC[C@H](CC1)C2(C)C,1,train
ed31783f3f7bc72690d0da4e9f65472a052fec2b,CN(CCN1CCN(c2ccc3c(c2)OCO3)C1=O)C[C@]12CC[C@H](CC1)C2(C)C,1,train
bde0af5191aaa296b33b0b5a2d848d0001bdd8bb,Cc1c(CN[C@H]2CC[C@@H](F)C2)nn(CCC#N)c1-c1cc(F)cc(F)c1,1,val
bf4de86acd4102066c7142520d5abd24ba7a7183,CC(C)CN(C(=O)c1ccccc1-c1ccccc1)[C@H]1CCNC1,1,train
b99759f43b938a9a0cc79b31e54331ac15f56c44,CCSc1ccccc1C(=O)N(CC1CCC1)[C@H]1CCNC1,1,train
61a978e0abd6d368e24821513f15ced40958274b,O=C(c1ccccc1C1CCCC1)N(CC1CCC1)[C@H]1CCNC1,1,test
4fad41d85d3cf5d62c207a9e92e634151354f5a1,O=C(c1ccccc1Oc1ccccc1)N(CC1CCC1)[C@H]1CCNC1,1,val
6ecaecd0988add97f09fc0ceffb66aa3fb38887f,CSc1ccccc1C(=O)N(C1CCCCC1)[C@H]1CCNC1,1,test
812286c1fe35f55b3dbba9b62e701d274dcc86f4,CC(C)c1ccccc1C(=O)N(CC1CCCC1)[C@H]1CCNC1,1,test
37b6118491247ad929c6fac77433b55339c3e6f9,CN(C(=O)c1ccccc1Oc1ccccc1)[C@H]1CCNC1,1,train
6cb9b8c2fea21c1ae74a31247f479c537d97e04a,CCN(C(=O)c1ccccc1Oc1ccccc1)[C@H]1CCNC1,1,train
9389a17e46290f6b76baa296fbecda040ab17d20,O=C(c1ccccc1Oc1ccccc1)N(C1CCC1)[C@H]1CCNC1,1,test
52cb28eb9343e8eef376a4a1b0147f79080b7fad,CC(C)CN(C(=O)c1ccccc1Oc1ccccc1)[C@H]1CCNC1,1,train
789ce4cf0f44c14be8e782759ae6a884a46b4caf,O=C(c1ccccc1Oc1ccccc1)N(c1ccccc1)[C@H]1CCNC1,1,train
db2492003a8258188c7e78fe2c24388f6f39358f,COc1ccc([C@H](N[C@@H]2CCC(C(=O)N3CCC(C(=O)N4CCCC4)(c4ccccc4)CC3)C(C)(C)C2)C(F)(F)F)cc1,1,train
e5068f09e3a8608a66254da92b098a442c1e7377,O=C(NCc1cccc(F)c1)NC1CCN(Cc2ccn(-c3ccc(C(F)(F)F)cc3)c2)CC1,1,train
731a8b15ecd51a2cc6077a7e82686adebeefadea,O=C(NC1CCN(Cc2ccn(-c3ccc(C(F)(F)F)cc3)c2)CC1)N1CCn2cccc2C1c1ccccc1,1,val
59a0f6e5309025f7a30dfad2e86a289627ca304c,O=C(NC1CCN(Cc2ccn(-c3ccc(C(F)(F)F)cc3)c2)CC1)N1CCCC1Cc1cccnc1,1,train
05c1515a4636366498b14310022afd916c42cae1,O=C(NC1CCN(Cc2ccn(-c3ccc(C(F)(F)F)cc3)c2)CC1)N1CCCC1c1ccc(F)cc1,1,val
571817bd386a5496b0fbc8872759d04fbe6e894b,COc1ccc(OC2CN(C(=O)NC3CCN(Cc4ccn(-c5ccc(C(F)(F)F)cc5)c4)CC3)C2)cc1,1,val
923a266b8864ef9c91481c4c353a344c2f51001d,CN(CC1(O)CCCCC1)C(=O)NC1CCN(Cc2ccn(-c3ccc(C(F)(F)F)cc3)c2)CC1,1,train
5e8c961c43b6a0c9f81188bdc61982f60ee4b606,Cc1cc(C)n(CC(NC(=O)NC2CCN(Cc3ccn(-c4ccc(C(F)(F)F)cc4)c3)CC2)c2ccccc2)n1,1,train
0fb84537debc99f516aed50a0da052912d0f7bdf,O=C(NC1CCN(Cc2ccn(-c3ccc(C(F)(F)F)cc3)c2)CC1)N1CC(N2CCCOCC2)C1,1,val
fd7928df3df441107b392acef726b07128583fbe,O=C(NC1CCN(Cc2ccn(-c3ccc(C(F)(F)F)cc3)c2)CC1)N1CCCC1c1cccnc1,1,val
64dc4ceabbc633d6c893f216cb21788241244110,O=C(NC1CCN(Cc2ccn(-c3ccc(C(F)(F)F)cc3)c2)CC1)N1CCCCC1CCO,1,train
c23ff23159df26aad7ffac1396aad4d2c5552abb,O=C(Nc1ccc(Cl)cc1CO)NC1CCN(Cc2ccn(-c3ccc(C(F)(F)F)cc3)c2)CC1,1,test
22df63237983d530f31cd907371531e98ae35233,O=C(NC1CCN(Cc2ccn(-c3ccc(C(F)(F)F)cc3)c2)CC1)N1CC(N2CCC(C(F)(F)F)CC2)C1,1,train
ea2c083ea70cb9324d9e03aa13709a7d35de01dd,O=C(NC[C@H]1CCCC[C@H]1O)NC1CCN(Cc2ccn(-c3ccc(C(F)(F)F)cc3)c2)CC1,1,train
2ca502568e990b761f2279ff106dccb5a35f5eaf,O=C(NC1CCN(Cc2ccn(-c3ccc(C(F)(F)F)cc3)c2)CC1)NC(Cn1cccn1)c1ccccc1,1,train
da9873e52d0a92d3beef0c2bba52d2d0de74e8c2,O=C(NC1CCN(Cc2ccn(-c3ccc(C(F)(F)F)cc3)c2)CC1)N1CCC(c2ccccc2O)CC1,1,train
19221637b98acfe784f0d875fa74cea550358974,CN1CCN(C(=O)NC2CCN(Cc3ccn(-c4ccc(C(F)(F)F)cc4)c3)CC2)C(c2ccccc2)C1,1,val
e7c6d1d03b1c3ce4e359b271f2e6dc34b08cd655,O=C(NC1CCN(Cc2ccn(-c3ccc(C(F)(F)F)cc3)c2)CC1)N1CCCC(CO)C1,1,train
e3b7e48f4a3e74f737b796b4c110abcdb75b664a,O=C(NC1CCN(Cc2ccn(-c3ccc(C(F)(F)F)cc3)c2)CC1)NC(Cc1cnccn1)c1ccccc1,1,val
387b30d9b95ac10c08b93dce49eaff7cc5c4ccdc,O=C(NC1CCN(Cc2ccn(-c3ccc(C(F)(F)F)cc3)c2)CC1)NC(CN1CCOCC1)c1ccccc1,1,val
e468e19bb40c57d37c4953ac5b5a2fe0c49e0354,O=C(NC[C@@H]1CCCC[C@H]1O)NC1CCN(Cc2ccn(-c3ccc(C(F)(F)F)cc3)c2)CC1,1,train
fe52d0ff64fd067266cb74ec579c2860c45ceff5,O=C(NC1CCN(Cc2ccn(-c3ccc(C(F)(F)F)cc3)c2)CC1)N1CCC(O)(Cc2ccccc2)CC1,1,train
441f490cc00a6449c906652431ab4db62bb9cf94,O=C(NC1CCN(Cc2ccn(-c3ccc(C(F)(F)F)cc3)c2)CC1)N1CCCC(C(=O)N2CCCC2)C1,0,val
79ef85046dc86dc3485f85fa9ce514e233155874,O=C(NC1CCN(Cc2ccn(-c3ccc(C(F)(F)F)cc3)c2)CC1)NC(c1ccccc1)c1ncc[nH]1,0,train
6be35a2ea6a98c3b4814c8e7b69dc62872acfcaf,O=C(NCc1nc2ccccc2[nH]1)NC1CCN(Cc2ccn(-c3ccc(C(F)(F)F)cc3)c2)CC1,0,test
5663dcb00ab322de5214c46ded1c3a86dd380606,O=C(NC1CCN(Cc2ccn(-c3ccc(C(F)(F)F)cc3)c2)CC1)c1c[nH]c(=O)c(Cl)c1,0,test
9c6b2b48fc0a8b63d39fc4f06410b0a55f12de50,CC(C)C(Cn1ccnc1)NC(=O)NC1CCN(Cc2ccn(-c3ccc(C(F)(F)F)cc3)c2)CC1,0,train
b346b5b3ec346ec3b881d78ea52520ec83d995da,O=C(NC1CCN(Cc2ccn(-c3ccc(C(F)(F)F)cc3)c2)CC1)N[C@H](CO)c1ccccc1,0,train
22ec24a0b4dd905582be16bca2361798aedd0b47,O=C(NC1CCN(Cc2ccn(-c3ccc(C(F)(F)F)cc3)c2)CC1)N[C@@H](CO)c1ccccc1,0,train
b4ccbdf16f05eaca98a3cc0244b63a12affecd83,Cc1cnn(C2CCN(c3nc4ccccc4n3Cc3ccc(F)cc3)CC2)c1,1,train
ab9acda37e388fe35b915f31abb44687d2427cdd,Fc1ccc(Cn2c(N3CCC(n4cccn4)CC3)nc3ccccc32)cc1,1,train
1f946c97f50316bec32c85895f563deba1db56a7,Fc1ccc(Cn2c(N3CCC(n4ccnc4)CC3)nc3ccccc32)cc1,1,val
11793d80834f62a875b83964f2e58b200ab3a863,Fc1ccc(Cn2c(N3CCC(n4cccc4)CC3)nc3ccccc32)cc1,1,train
c667881f264561df64c6a0f09505db873d594cc3,CN(C)CCN(C)C1CCN(c2nc3ccccc3n2Cc2ccc(F)cc2)CC1,1,train
3ce1be34c28cd4950cd90a5caf53690560fa28b9,COc1ccc(Cn2c(N3CCC(NCC4CCOCC4)CC3)nc3ccccc32)cc1,1,train
29d29c3433523314c62b49ebacc91daa320b32b0,Fc1ccc(Cn2c(N3CCC(NCC4CCOCC4)CC3)nc3ccccc32)cc1,1,train
7570516fc2ef12b6919d86445620bc2e2054272d,CN(CCO)C1CCN(c2nc3ccccc3n2Cc2ccc(F)cc2)CC1,1,train
5244944d2a88cb7237e82f2c0e831b6fe1e3be0b,COCCN(C)C1CCN(c2nc3ccccc3n2Cc2ccc(F)cc2)CC1,1,train
f2dda37f26ab31cfc1d2da7e8d6819be7aa94330,COc1ccc(Cn2c(N3CCC(N(C)CC4CCOCC4)CC3)nc3ccccc32)cc1,1,train
717e8243104a0589c2a8bcbf86d436b7e9470f83,CN(CC1CCOCC1)C1CCN(c2nc3ccccc3n2Cc2ccc(F)cc2)CC1,1,train
9232852f8ba554875107251531aaa6404eacec6e,COc1ccc(Cn2c(N3CCC(N(C)C)CC3)nc3ccccc32)cc1,1,train
b648c3575f766459011fc6e517f11370d979feb9,Cc1ccc(Cn2c(N3CCC(N(C)C)CC3)nc3ccccc32)cc1,1,train
0548963e3b3d63cd48291734785f094bf1448af4,CN(C)C1CCN(c2nc3ccccc3n2Cc2ccc(F)cc2)CC1,1,train
4d084e8c49dbd823ce19cc44827a66d3bdb12033,CN1CC[C@@H](N(Cc2ccccc2C(F)(F)F)c2ccc(C#N)c(Cl)c2)C1,1,train
d2fa3001251740396000915d94273fb2301ab81a,CCN1C[C@@H](N(Cc2cc(F)ccc2Cl)c2ccc(C#N)c(Cl)c2)CC1=O,1,train
d5aed52adfca1a9a600508f7f43553064c71640f,CN1C[C@@H](N(Cc2ccccc2F)c2ccc(C#N)c(Cl)c2)CC1=O,1,train
6e954a6e5c709dacbf7c38bae617f752b57f8807,CC[C@H]1OC(=O)C(C)C(=O)C(C)[C@@H](O[C@@H]2O[C@H](C)C[C@H](N(C)C)[C@H]2O)[C@](C)(OC)CC(C)C(=O)C(C)[C@H]2N(CCCCn3cnc(-c4cccnc4)c3)C(=O)O[C@]12C,0,test
cf72b46e006f5895a627f55906f851a05a23d859,CC[C@H]1OC(=O)C(C)C(=O)C(C)[C@@H](O[C@@H]2O[C@H](C)C[C@H](N(C)C)[C@H]2O)[C@](C)(O)CC(C)C(=O)C(C)[C@H]2N(C3CN(Cc4ccnc5ncccc45)C3)C(=O)O[C@]12C,0,train
f60ccb18d4908558f97ea8d89ce3ca00abbfec16,CC[C@H]1OC(=O)C(C)C(=O)C(C)[C@@H](O[C@@H]2O[C@H](C)C[C@H](N(C)C)[C@H]2O)[C@](C)(O)CC(C)C(=O)C(C)[C@H]2N(C3CN([C@H](C)c4ccnc5ncccc45)C3)C(=O)O[C@]12C,0,train
c273624d6ddccd2450cb11259e3476ff41cab2e1,CC[C@H]1OC(=O)C(C)C(=O)C(C)[C@@H](O[C@@H]2O[C@H](C)C[C@H](N(C)C)[C@H]2O)[C@](C)(O)CC(C)C(=O)C(C)[C@H]2N(C3CN(Cc4c(O)cnc5cccnc45)C3)C(=O)O[C@]12C,0,train
9f8f8048a23b7ee06b4eeeaf8c0c22c328bf3547,Cc1c(NC(=O)OC[C@@H]2COCCN2)cn2ncnc(Nc3ccc4c(cnn4Cc4cccc(F)c4)c3)c12,1,train
ea9434ffb2bb0d026193acf3e771b8558814a77f,CC[C@H]1OC(=O)C(C)[C@@H](O[C@H]2C[C@@](C)(OC)[C@@H](O)[C@H](C)O2)[C@H](C)[C@@H](O[C@@H]2O[C@H](C)C[C@H](N(C)C(C)C)[C@H]2O)[C@](C)(O)C[C@@H](C)[C@H](OCC(=O)NC)[C@H](C)[C@@H](O)[C@]1(C)O,1,train
43a873c21849b4151629baa08eb94c41d914cb21,CC[C@H]1OC(=O)C(C)[C@@H](O[C@H]2C[C@@](C)(OC)[C@@H](O)[C@H](C)O2)[C@H](C)[C@@H](O[C@@H]2O[C@H](C)C[C@H](N(C)C(C)C)[C@H]2O)[C@](C)(O)C[C@@H](C)[C@H](O)[C@H](C)[C@@H](O)[C@]1(C)O,1,train
58c672bec01699d4eab7d00dd84edcc1a12e48cc,CCOC(=O)CCc1ccc(OC[C@H](O)CNC(C)(C)Cc2ccc3ccccc3c2)c(C#N)c1,1,train
125e3144fc2bf15ecdc449e50c8690cc109b946a,CC(C)(Cc1ccc2ccccc2c1)NC[C@@H](O)COc1ccccc1C#N,1,train
6a9f477b93b69ee9cceb9f7b662ea22bde649696,CC(C)(Cc1ccc2ccccc2c1)NC[C@@H](O)COc1ccc(CCC(=O)O)cc1C#N,1,train
68a4ffc25ba0f9caf2e1949bd87ba2bc96a2b9b0,CC(C)(Cc1ccc2ccccc2c1)NC[C@@H](O)COc1ccc(CCC(=O)O)cc1,1,train
f8f52c3189865d50fb47e0882a893ebbec96befb,CC(C)COc1ccccc1CN1CCC2(CC1)CCN(C(=O)c1ccncn1)CC2,1,val
391d33fdcce68dc99ec94e39b7bdb5229b6f8376,CC(C)COc1ccccc1CN1CCC2(CC1)CCN(C(=O)c1ccncc1)CC2,1,train
0a0a7554d75c71cd2189533757df6ee6d1e50ed9,C=C(C)COc1ccccc1CN1CCC2(CC1)CCN(C(=O)c1ccncc1)CC2,1,train
883175cb1d63199f117b9c56b95fec3d84c67e3a,O=C(c1ccncc1)N1CCC2(CCN(Cc3ccccc3OC(F)(F)C(F)F)CC2)CC1,1,train
31d7ca25c07081c3d120f812d47ef35d19c8053d,COc1ccccc1Oc1ccccc1CN1CCC2(CC1)CCN(C(=O)c1ccncn1)CC2,1,train
e6b8010bf09f27f947dff848824e58f34e9b0e60,COc1ccccc1Oc1cccc(CN2CCC3(CC2)CCN(C(=O)c2ccncn2)CC3)c1,1,train
28975bcdf13f4dce87f4cf4e0418cbf31edce3c0,O=C(c1ccncn1)N1CCC2(CCN(Cc3ccccc3Oc3ccccc3)CC2)CC1,1,train
dfce73164c5226076f8f74ca7df04087fe31b084,COc1ccccc1Oc1ccccc1CN1CCC2(CC1)CCN(C(=O)c1ccc[nH]c1=O)CC2,1,test
68404d75857889f3df9dd6ac319a9bd2f10d53c4,CC1(C)CCc2cc(CN3CCC4(CC3)CCN(C(=O)c3ccncn3)CC4)ccc2O1,0,val
397632938b07f196c7cdda54cab4d870182f616c,CC1(C)CCc2cc(CN3CCC4(CC3)CCN(C(=O)c3ccc(N)cn3)CC4)ccc2O1,0,val
f3acb4ba210c8076c3f7f0893513919e1429753a,CC1Cc2cccc(CN3CCC4(CC3)CCN(C(=O)c3ccncc3)CC4)c2O1,1,train
3c32200e12cc3a887e3b29925d0365a9635db54e,CC1(C)C=Cc2cccc(CN3CCC4(CC3)CCN(C(=O)c3ccnc(N)c3)CC4)c2O1,0,val
c79415dc5474487c98da6c169c3eb27fcc1a9a11,CC1(C)Cc2cccc(CN3CCC4(CC3)CCN(C(=O)c3ccc(N)cn3)CC4)c2O1,0,train
a2c620541c06d4d73fe3e995a84f0d95820b9fa0,CC1(C)Oc2cccc(CN3CCC4(CC3)CCN(C(=O)c3ccnc(N)c3)CC4)c2O1,1,val
78c5ab7003ec242e5ac93ece7875bcb86edee1b4,CC1(C)Cc2cccc(CN3CCC4(CC3)CCN(C(=O)c3ncccc3N)CC4)c2O1,1,train
daa4d83d1853a4bec2b628f9086acacbe6c5faca,CC1(C)Cc2c(CN3CCC4(CC3)CCN(C(=O)c3ccnc(N)c3)CC4)cccc2O1,0,train
400a86f69b60900de0eba2c90361ef1d244b5ca1,CC1(C)Cc2c(CN3CCC4(CC3)CCN(C(=O)c3ccc(N)cn3)CC4)cccc2O1,0,train
ba3d2de51f4d16a19f7eadeb63edc5533972498e,CC1(C)Cc2c(CN3CCC4(CC3)CCN(C(=O)c3ccncc3)CC4)cccc2O1,1,train
d9f3eba562d0abe5616e2211c0967be20b359976,CC(C)(C)C1(C)Cc2c(CN3CCC4(CC3)CCN(C(=O)c3ccc(N)cn3)CC4)cccc2O1,0,train
3652d35e2e2eae720faf5e6b1ceafc7922d3eda6,CCCC1(CC)Cc2c(CN3CCC4(CC3)CCN(C(=O)c3ccc(N)cn3)CC4)cccc2O1,1,train
f5b4b7f4c41ed7d2f8f2edb396811fd56e533c68,CC1(C)Oc2c(CN3CCC4(CC3)CCN(C(=O)c3ccc(N)cn3)CC4)cccc2C1(F)F,0,train
f94673c23e273c0dbf8994ff1968c3d9f0cb977c,COc1ccc(CCN2C(=O)N(NS(C)(=O)=O)CC2c2ccc(C)c(C)c2)cc1,0,train
eaf3485e4643735c1e51084a989d24efaccb7dbd,COc1ccc(CCN2C(=O)N(NS(C)(=O)=O)CC2c2ccc(C)cc2)cc1,0,train
fa6b8eb1a92133bd0da7c4639f82762a3a91c63b,COc1ccc(CCN2C(=O)N(NS(C)(=O)=O)CC2c2ccc(C3CC3)cc2)cc1,1,val
c2b29f7f518c907f6899f106f05074ccfed55836,COc1ccc(CCN2C(=O)N(NS(C)(=O)=O)CC2c2ccc(Cl)cc2)cc1,1,train
7428b0a1957e3c29aab9ae898abee0ae41805e43,COc1ccc(CCN2C(=O)N(NS(C)(=O)=O)CC2c2ccc(C(F)(F)F)cc2)cc1,1,train
9328a1c46a383a052db316bcaf4943db95e8e083,COc1ccc(CCN2C(=O)N(NS(C)(=O)=O)C[C@@H]2c2ccc(OC)cc2)cc1,0,train
eefd74ccb8e2fc5471b5f3b15ce026af88190cf1,COc1ccc(CCN2C(=O)N(NS(C)(=O)=O)C[C@H]2c2ccc(OC)cc2)cc1,0,train
fc6c15d686dbfb5b25712d4876bfd966ebbf7ad7,COc1ccc(CCN2C(=O)N(NS(C)(=O)=O)CC2c2ccc(OC(C)C)cc2)cc1,0,train
0e88c1424fd4891c6ad4b0738b7e47a176adaf8a,COCCOc1ccc(C2CN(NS(C)(=O)=O)C(=O)N2CCc2ccc(OC)cc2)cc1,0,train
71414ba2c1c2418e62881ffffb3537d1326a5ce7,COc1ccc(CCCN2C(=O)N(NS(C)(=O)=O)C[C@@H]2c2ccc(OC)cc2)cc1,0,train
651bd736f742a5face72d67bfc24f57fb33f1051,COc1ccc(CCCN2C(=O)N(NS(C)(=O)=O)C[C@H]2c2ccc(OC)cc2)cc1,0,train
38eac2973c43549886474bf287765d835bee16ca,CCOc1ccc(CCN2C(=O)N(NS(C)(=O)=O)C[C@@H]2c2ccc(OC)cc2)cc1,0,train
50e4ce25c263d655c5b7ce8249de491af7dbc50e,COc1ccc([C@H]2CN(NS(C)(=O)=O)C(=O)N2CCc2ccc(OC(F)(F)F)cc2)cc1,1,train
638f20f3e09add7ed729f49abc6170972487eb34,COc1ccc(CCN2C(=O)N(NS(=O)(=O)Cc3ccccc3)C[C@@H]2c2ccc(OC)cc2)cc1,1,train
10799d6751e8b45dbf5cb5bc49d38d6b72a4b3ae,COc1ccc(CCN2C(=O)N(NS(=O)(=O)CC#N)C[C@@H]2c2ccc(OC)cc2)cc1,0,train
ff8ae9e1572637c9167e8845baecb748c8e4afdf,COc1ccc(CCN2C(=O)N(NS(=O)(=O)CF)C[C@@H]2c2ccc(OC)cc2)cc1,0,train
4d09c62c88e3088bb9d18f882379d09443c6852c,O=C(c1ccncc1)N1CCC2(CCN(Cc3cccc4c3OCC4)CC2)CC1,1,train
855ed1512a3528dbd7c72db9ae0e0a482ee007a0,Cc1ccc(CCCCN2CCC(C(O)(c3ccccc3)c3ccccc3)CC2)cc1,1,train
e4b618aef7a338f036058e47a49095439b15d0a8,O=C(O)c1ccc(CCCCN2CCC(C(O)(c3ccccc3)c3ccccc3)CC2)cc1,0,train
a0f7e83508d329ab22defe151822e012fac2a69a,C[C@@H]1CNCCN1c1ccc(=O)n(CCOc2ccccc2C(F)(F)F)n1,1,train
e2ddb5c7c0e87b264754b2e253b9fa0087768012,CCCNCc1ccc(CCn2ccc(OCc3ccc(F)cc3)cc2=O)nc1,1,test
1b8887ad7ca6d94b3ff18f4b6329b7e273e613b1,CCCNCc1ccc(CCn2ccc(OCc3ccc(F)cc3)cc2=O)cc1,1,train
f2518ad2d9505b2f16b9c31aaf50af979750b864,CN(CCN1CCN(C2COOC2)C1=O)C[C@]12CC[C@H](CC1)C2(C)C,1,train
c71bb15541f732b65f960feef7d5e09e06161968,CCCN(C(=O)c1ccc2ccccc2c1)C1CCNCC1,0,test
dbd62a35915c8f33ded4b1665b167f59d991340a,CC(C)CN(C(=O)c1ccc2ccccc2c1)[C@@H]1CCNC1,1,val
5b18fec7693f872c9b91cee25ffb626d8b524a30,Fc1cc2c(cn1)C1(CCN(Cc3ccc(Oc4ccc(F)c(F)c4)cc3)CC1)OC2,1,test
13ea3b7db0b7a539881b843c169a7e8ef5037b88,Fc1cc2c(cn1)C1(CCN(Cc3ccc(Nc4ccc(F)c(F)c4)cc3)CC1)OC2,1,train
dae5b66845ae72e3ec45162bf61e02835ee46f26,CN(c1ccc(CN2CCC3(CC2)OCc2cc(F)ncc23)cc1)c1ccc(F)c(F)c1,1,train
3d5b3b47d8a5adbf2baa403f292e431b4944e4c0,OC(c1ccc(CN2CCC3(CC2)OCc2cc(F)ncc23)cc1)c1ccc(F)c(F)c1,1,train
fbba93c06ab286e24369bdec5eaaaaf1be823a3c,CC(O)(c1ccc(CN2CCC3(CC2)OCc2cc(F)ncc23)cc1)c1ccc(F)c(F)c1,1,train
f670620c4beff4e7534ef99cdeaf7af1cb989dda,O=C(c1ccc(CN2CCC3(CC2)OCc2cc(F)ncc23)cc1)c1ccc(F)c(F)c1,1,test
2539c75ef037896ee9e7606ea769397e82b5a95b,ON=C(c1ccc(CN2CCC3(CC2)OCc2cc(F)ncc23)cc1)c1ccc(F)c(F)c1,1,train
0772e197d416da040aea6d272bade67dfeb7a3ae,CO/N=C(/c1ccc(CN2CCC3(CC2)OCc2cc(F)ncc23)cc1)c1ccc(F)c(F)c1,1,train
9e99f941d68f95343e5729af3e4b2f5eaacfaf3b,CCO/N=C(/c1ccc(CN2CCC3(CC2)OCc2cc(F)ncc23)cc1)c1ccc(F)c(F)c1,1,train
445f6897165f87218e8703cc7b9c4a348c3784a5,CCO/N=C(/c1ccc(F)c(F)c1)c1ccc(CN2CCC3(CC2)OCc2cc(F)ncc23)cn1,1,val
da1c4306af62ff6189bba003807fe335a33a9996,CCO/N=C(/c1ccc(F)c(F)c1)c1ccc(CN2CCC3(CC2)OCc2cn(C)c(=O)cc23)cn1,1,train
7ba8aedc93b39871ab3fac931659f7e118ebb9a2,CS(=O)(=O)N(Cc1ccc2ccccc2c1)[C@@H]1CCNC1,1,train
0928410a78df42e1db516ae107c66495e2d27301,Cc1c(CN([C@@H]2CCNC2)S(C)(=O)=O)ccc2cc(F)ccc12,1,train
cee6d27d20e6e11ce16dbd0f854df502f81aa152,CS(=O)(=O)N(Cc1ccc2ccccc2c1)C1CCNCC1,1,train
f3747333f16eee71e88e7dc32930c26e2b3e8f0a,CS(=O)(=O)N(Cc1ccc2ccccc2c1)[C@H]1CCNC1,0,train
5a03be206354b444874ff01f1fc6712038853d09,CCC(=O)N(Cc1ccc2ccccc2c1)C1CCNCC1,0,train
61799581d6f1a485ea30f70eee64218e7b72a081,CC(=O)N(Cc1ccc2ccccc2c1)[C@@H]1CCNC1,1,train
842e190213e55defcd3effec16791107c41621be,COc1cnc2c(NCc3nnc4ccc(-c5cc(F)cc(F)c5)nn34)ccnc2c1,1,val
36d6a6556dbd9295b429bc7facfaaa44925d5c21,COc1cnc2c(NCc3nnc4ccc(-c5cc(C)ns5)nn34)ccnc2c1,1,test
0d7614dc1c2b83c17962dc81e26080c665961965,CCc1n[nH]c(CC)c1Oc1cc(C#N)cc(C#N)c1,1,train
aed36809ec35db2e97d4cfa6f2bc410efe812b67,CCc1n[nH]c(CC)c1Oc1cc(Cl)cc(C#N)c1,0,train
cfde1db0bbc71b92fe0e3d5591433f45820debca,CCc1n[nH]c(CC)c1Oc1cc(C)cc(C#N)c1,0,train
f3d5d1fba9499fcba5037c5409986d4b44c1ea9d,N#Cc1cccc2c1C(=O)Nc1ncc(-c3ccccc3)cc1C2,1,train
835f9ea340554e58fcc8d22750451aae35936779,CS(=O)(=O)Nc1ccc(OCCNCCNc2ccc(Cl)c(Cl)c2)cc1,1,train
5df93d04f005deae4cd3159b8915288544822fbc,CS(=O)(=O)Nc1ccc(CCC(=O)NCCNc2ccc(Cl)c(Cl)c2)cc1,1,train
72b2120daa9845f83da5c949443ea4edd38f75c5,CS(=O)(=O)Nc1ccc(CCCNCCNc2ccc(Cl)c(Cl)c2)cc1,1,train
5438a82c0b75d7731c0b3fa7ae43daec675bc46e,CS(=O)(=O)Nc1ccc(CCC(=O)NC/C=C/c2ccc(Cl)c(Cl)c2)cc1,1,test
7e53e8911abd7ec5581e42c4eb1a32b55e5a356b,Cc1occc1-c1nc(N)c(OC[C@@H](N)Cc2c[nH]c3ccccc23)cc1-c1cnc2[nH]nc(C)c2n1,0,test
4ce2e4b0ede523e013980265117f68139589ed0e,Cc1ccc(F)cc1CO[C@H]1CCc2ccc(N3CCNC[C@H]3C)nc21,1,test
ff2241d1faad8a182740fc9b8b144845a35fb191,Cc1cc(Nc2ccccc2)nc(NCc2ccccn2)n1,0,train
edc3d7c6d19a4b0b2ae90c9078c3cd9926b64098,Cc1cc(Nc2ccccc2)nc(NCc2ccc3c(c2)OCO3)n1,1,test
7f670303c05e0a4b5939cf5d3696fd6617c8eca3,FC(F)(F)c1cc(Nc2ccccc2)nc(NCc2ccccn2)n1,0,train
f238bda396007e83bd5e2507dc7eaca2dee1dddc,CN1CC[C@H](N(Cc2ccccc2C(F)(F)F)c2ccc(C#N)c(Cl)c2)C1,1,train
6d783dadb306ce781ca1301862ace7a46db4e99c,Cc1ccccc1CN(c1ccc(C#N)c(Cl)c1)[C@H]1CCN(S(C)(=O)=O)C1,1,train
0c77d278d9320f28639f44d661e041ff1a884645,CC(O)C(=O)N1CC[C@H](N(Cc2cc(Cl)ccc2Cl)c2ccc(C#N)c(Cl)c2)C1,1,train
7412fa36528ff0e9314930d89329641471e3bb83,Brc1cnc2nc(N3CCN4CCC3CC4)oc2c1,1,train
a831e3c49259dcb8d4fff415b2470ce8c3812a8d,Clc1cnc2nc(N3CCN4CCC3CC4)oc2c1,1,train
b7cb5e50234d3a002930d4a2f29c07b2c3470ef2,Fc1cnc2nc(N3CCN4CCC3CC4)oc2c1,1,train
436146c6b3011a1807859d15235d8ec0f3e53d5b,Cc1ccc2oc(N3CCN4CCC3CC4)nc2n1,0,train
afd063fe7ca5b719b8a015ab64b286e10ecfada1,Clc1cnc2oc(N3CCN4CCC3CC4)nc2c1,1,train
35aea29b3fb3f7dc323e8b105f089aaaed2d859c,Cc1nc2nc(N3CCN4CCC3CC4)oc2cc1Cl,0,train
f3f61fc05edabeba60f8f1b6f5c6008a559fad33,CCc1ccc2oc(N3CCN4CCC3CC4)nc2n1,0,train
e9afab30e0dcad528634f690296535d7229fd9db,Fc1ccccc1-c1ccc2oc(N3CCN4CCC3CC4)nc2n1,1,val
a9ac16acd784a1353c766896f71fe91a04db6b5d,CN1C[C@H]2C[C@@H](N(Cc3ccc(F)c(C(F)(F)F)c3)C(=O)c3cn(C)cn3)C[C@H]2C1,1,train
b45f69626c19484f5e1c4134bd605fe037d4d916,CCN1C[C@H]2C[C@@H](N(Cc3ccc(F)c(C(F)(F)F)c3)C(=O)c3cn(C)cn3)C[C@H]2C1,1,train
c00e442ed38393b519dca505ab275f1364f1d6da,Cn1cnc(C(=O)N(Cc2cccc(OC(F)(F)F)c2)[C@H]2C[C@H]3CNC[C@H]3C2)c1,1,train
8f3d6dd8f576f520b8ecb05b54bb8edba35fd864,Cn1cnc(C(=O)N(Cc2ccc(F)c(C(F)(F)F)c2)[C@H]2C[C@H]3CNC[C@H]3C2)c1,1,train
6648e9fd28dc9474c029d399561f78d4b32e71b0,Cn1cnc(C(=O)N(Cc2cccc(OC(F)(F)F)c2)[C@@H]2C[C@@H]3CN(CC(C)(C)O)C[C@@H]3C2)c1,1,train
fdf52425c53e0af659c0730ef6945da445c50426,Cn1cnc(C(=O)N(Cc2cccc(OC(F)(F)F)c2)[C@@H]2C[C@@H]3CN(CC(O)c4ccccc4)C[C@@H]3C2)c1,1,test
8eaf85ed521dd77ca7b43015d1b274bd1247fcbe,Cn1cnc(C(=O)N(Cc2cccc(OC(F)(F)F)c2)[C@@H]2C[C@@H]3CN(CCC(F)(F)F)C[C@@H]3C2)c1,1,train
de2f074f4f067e4257ff640247ad4a9b7e0a83f9,CCN1C[C@H]2C[C@@H](N(Cc3cccc(OC(F)(F)F)c3)C(=O)c3cn(C)cn3)C[C@H]2C1,1,train
c9cbe331a2247f38a930b1d8590a9f3e1afaecfd,CN1C[C@H]2C[C@@H](N(Cc3ccc(F)c(OC4CCCC4)c3)C(=O)c3cn(C)cn3)C[C@H]2C1,1,train
c3004e71e1baa80c1d23967f98c2d5bc52860dac,CN1C[C@H]2C[C@@H](N(Cc3cccc(OC(F)(F)F)c3)C(=O)c3cn(C)cn3)C[C@H]2C1,1,train
8af731db57c24df136c8a9dd77056885ec8cb748,O=C(c1cc(Cc2c[nH]c(=O)c3cc(Cl)c(Cl)n23)ccc1F)N1CCC2(CCCN2)CC1,0,train
6c0802d9b616069f15570606854148a748a7d7ca,CNC(C)(C)C(=O)N1CCN(C(=O)c2cc(Cc3c[nH]c(=O)c4cc(Cl)c(Cl)n34)ccc2F)CC1,0,test
f72e1459d28dfce75bc8655102a9c391918446c8,O=C(c1cc(Cc2c[nH]c(=O)c3cc(Cl)c(Cl)n23)ccc1F)N1CCC(N2CCCC2)CC1,1,val
5769e2a2d0d734fc3dc305148ff7e332600e22aa,COc1cc2c(c(N3CCN(C)CC3)c1)OC(C(=O)Nc1ccc(N3CCOCC3)cc1)CC2,0,val
c72564a35d02f0d1222eb8ac363994007206bd34,COC1(c2ccc(NC(=O)c3cc(=O)c4cc(F)cc(-c5c(C)nn(C)c5C)c4o3)cn2)CCOCC1,0,train
32b0f4dc11d720f6d562a905d73c461574baf552,CC(C)OC(=O)C1=CN(C(=O)c2ccc(OCCCN3CCOCC3)cc2)CC(C)(C)c2c1[nH]c1ccccc21,1,test
dc10e6eaf3fb953f114c3f544a9b2c7413e5c1ef,CCCOCCn1c(=O)c(N2CCN([C@@H](C)[C@@H](C)O)CC2)nc2cnc(-c3ccc(OC)nc3)cc21,1,train
ed2d13cfb07e7b3d932850cfbde4a49ae0190036,CCCOCCn1c(=O)c(N2CCN(C[C@@H](C)O)CC2)nc2cnc(-c3ccc(OC)nc3)cc21,1,train
3ea6ac31be7adea4076fb7cac2bbcf0e4a73c25a,CCCOCCn1c(=O)c(N2CCN(CCO)CC2)nc2cnc(-c3ccc(OC)nc3)cc21,1,train
a3482ca422c986c5794c1cf8ceb42d5962bd2f90,CCCOCCn1c(=O)c(N2CCN(CC)CC2)nc2cnc(-c3ccc(OC)nc3)cc21,1,train
af6e92756c0162e276251e2452b24f50703eaa34,CCCOCCn1c(=O)c(N2CCNCC2)nc2cnc(-c3ccc(OC)nc3)cc21,1,train
505b616309d3d40046451ecac774c4e30541606a,CCCOCCn1c(=O)c(NCCNCCO)nc2cnc(-c3ccc(OC)nc3)cc21,1,val
75cc03722a3141e0a6f594ea4f3533d84d749d9e,CCOC[C@H]1[C@@H]2CNC[C@@]21c1ccc(Cl)c(Cl)c1,1,train
eb845af3b2022e1d90485cbdbfeb39b46db932d6,O=C1N(CC2CCCCN2)CCN1c1cccc(Cl)c1,1,val
e6b0f9383d8488692d36b2b47c2910290e172717,c1ccc(N2CCN(CC3CCCCN3)C2)cc1,0,train
66acd0e33aec81671434c636b39acfa718a3a4b8,N#Cc1nc(CCCN2CCCCC2)cc(-c2cccc(C(F)(F)F)c2)n1,1,train
308f556b02177fa1d92730c349beddeb4d1ade2f,CCC(CC)NCCCc1cc(-c2cccc(C(F)(F)F)c2)nc(C#N)n1,1,train
c31f257447f823c4172e295652f51dd7995170b1,CC(C)(C)NCCCc1cc(-c2cccc(C(F)(F)F)c2)nc(C#N)n1,1,train
59d187abb46c9e17da69e17a5b3ba0906945622b,Cc1ccc(C23CC2CN(CCCSc2nnc(-c4ocnc4C)n2C)C3)c(F)c1,1,train
153199d7e33bdbcd8d4452fb31c94b0f444438f2,Cc1ncoc1-c1nnc(SCCCN2CC3CC3(c3cc(C(F)(F)F)ccc3F)C2)n1C,1,train
a227821385667f8f4321cc982cb66c6eee6964b9,Cc1ncoc1-c1nnc(SCCCN2CC3CC3(c3cccc(C(F)(F)F)c3)C2)n1C,1,train
c103e5510cbebea3b0e1dc751c818ce1a4af3b16,COc1cccc(C23CC2CN(CCCSc2nnc(-c4ocnc4C)n2C)C3)c1,1,train
8cd80c3d8fe19b93e1869bc4be6bf321c3996516,Cc1ncoc1-c1nnc(SCCCN2CC3CC3(c3ccccc3C(F)(F)F)C2)n1C,1,train
5628df67c4bca4e77f4a415ec610cb81d52791ac,Cc1ccc2c(-c3nnc(SCCCN4CC5CC5(c5ccccc5)C4)n3C)cccc2n1,1,train
4a53a2e067fc7e55900e67e5fd6b3d24218f51ee,Cc1ncccc1-c1nnc(SCCCN2C[C@@H]3C[C@]3(c3ccc(C(F)(F)F)cc3)C2)n1C,1,train
ad5ea178eb3af8bbb8c8d0465221a0ce9b229322,Cn1c(SCCCN2C[C@@H]3C[C@]3(c3ccc(C(F)(F)F)cc3)C2)nnc1-c1ccnnc1,1,test
d79e0787cb634b43f7c257b87ea9fbb7fef12739,Cc1ncoc1-c1nnc(SCCCN2CC3CC3(c3cccc(C(F)(F)F)c3F)C2)n1C,1,train
54b87872fccade65d70ac1967136898e05cb7ca2,COc1ccc(C23CC2CN(CCCSc2nnc(-c4ocnc4C)n2C)C3)cc1Cl,1,train
d8d559e97b1d9d9bf5bc479b5a54dbb3b236492c,Cn1c(SCCCN2C[C@@H]3C[C@]3(c3ccc(C(F)(F)F)cc3)C2)nnc1-c1cncnc1,1,val
df3b986dbdad4b0e025f18c4bc4e41ea4d4399fa,COc1ccc(C23CC2CN(CCCSc2nnc(-c4cccc5nc(C)ccc45)n2C)C3)cc1,1,train
b645e8e9b1889c238906b831bdd759ededdf2c23,COc1ccc(C23CC2CN(CCCSc2nnc(-c4ocnc4C)n2C)C3)cc1,1,train
0eaaf2bc4fdac2e593d1a1550938426469386abf,Cc1ncoc1-c1nnc(SCCCN2CC3CC3(c3ccc(F)c(C(F)(F)F)c3)C2)n1C,1,train
9c73aa1a24294032e52d158701963e2e57410398,Cc1ccc2c(-c3nnc(SCCCN4CC5CC5(c5ccc(Cl)cc5)C4)n3C)cccc2n1,1,train
3da76079474925658d7c8bf3c75731daf23e123f,Cc1nc(C)c(-c2nnc(SCCCN3C[C@@H]4C[C@]4(c4ccc(C(F)(F)F)cc4)C3)n2C)s1,1,test
01978c343639ea1be5bba85e67621574555b09f6,Cc1ncoc1-c1nnc(SCCCN2CC3CC3(c3ccc(F)cc3)C2)n1C,1,train
2d67f3218c1f9d175b3279bb9f295480b8405175,Cc1ncoc1-c1nnc(SCCCN2CC3CC3(c3cccc(F)c3)C2)n1C,1,train
06b416763ae3c500ba3676c5d678a9da3d07ab84,Cc1ncoc1-c1nnc(SCCCN2CC3CC3(c3cc(F)cc(C(F)(F)F)c3)C2)n1C,1,train
a26dd49d7b662a07e1b237e6c3c6b66aa2fa7a5c,Cc1ccc2c(-c3nnc(SCCCN4CC5CC5(c5ccc(Cl)c(Cl)c5)C4)n3C)cccc2n1,1,train
c819ed16345981be5f86cf6d85f6fd652cea18a9,Cc1ncoc1-c1nnc(SCCCN2CC3CC3(c3ccccc3)C2)n1C,1,train
7eec160a86914e432c0df9e1f26405da796e391b,Cc1ncoc1-c1nnc(SCCCN2CC3CC3(c3cccc(Cl)c3)C2)n1C,1,train
168672ef748739817bfdac1495fd836e2406010b,COc1ccc(C23CC2CN(CCCSc2nnc(-c4ocnc4C)n2C)C3)cc1C(F)(F)F,1,train
872b649d7316715b28a7ffc338215276fb57870f,Cc1ncoc1-c1nnc(SCCCN2CC3CC3(c3ccc(C(F)(F)F)cc3)C2)n1C,1,train
4ade63d10141b78c7eae63be3c563b8e0285af19,Cc1ncoc1-c1nnc(SCCCN2C[C@@H]3C[C@]3(c3ccc(C(C)(C)C)cc3)C2)n1C,1,train
dcc28ee7762f7820126b16a3b5dafbfeafd4065c,Cc1ncoc1-c1nnc(SCCCN2CC3CC3(c3ccc(Cl)c(Cl)c3)C2)n1C,1,train
67b70c33192cbfe7f87a7bd371335d0cffcd5fa4,Cc1ncoc1-c1nnc(SCCCN2CC3CC3(c3ccc(C(F)(F)F)cc3F)C2)n1C,1,train
88e90658e2a41bc19d43d008a9d1c2af69b79fc4,Cc1ncoc1-c1nnc(SCCCN2CC3CC3(c3ccc(Cl)cc3F)C2)n1C,1,train
5d09f66038023fbfe39a5a0c0f4cbef91cdc6b45,Cc1ncoc1-c1nnc(SCCCN2CC3CC3(c3cccc(OC(F)(F)F)c3)C2)n1C,1,train
bb28133472d8fb0282c28704702e88e95373c7ca,Cc1ccc(-c2nnc(SCCCN3C[C@@H]4C[C@]4(c4ccc(C(F)(F)F)cc4)C3)n2C)cn1,1,train
b377c7de0b01a09349fe11dbb962246223ad91b0,Cc1cnc(-c2nnc(SCCCN3C[C@@H]4C[C@]4(c4ccc(C(F)(F)F)cc4)C3)n2C)cn1,1,train
84af5e3d228b70f7c854d1c5bf415b6b974fdfde,Cc1ncoc1-c1nnc(SCCCN2C[C@@H]3C[C@]3(c3ccc(C(F)(F)F)cc3)C2)n1C,1,train
5705b26dd8e156a4ca600bb9ee9a50ed8437f4e6,Cc1ncoc1-c1nnc(SCCCN2CC3CC3(c3ccc(Br)cc3)C2)n1C,1,train
a7920e860b5b030aeebe419f4cf4c89f1800d5e4,Cc1ncoc1-c1nnc(SCCCN2CC3CC3(c3ccc(Cl)cc3)C2)n1C,1,train
1a7b0d900c6f74f9b946ac343363dbca1e7d671d,Cc1ccc2c(-c3nnc(SCCCN4CC5CC5(c5ccc(C#N)cc5)C4)n3C)cccc2n1,1,train
59286728347729a62e102a62672d8ef8b9f22c18,Cn1c(SCCCN2C[C@@H]3C[C@]3(c3ccc(C(F)(F)F)cc3)C2)nnc1-c1ccccc1,1,val
c3b77fd50d25dc966b17a2ad151f42ed84345871,Cc1ncoc1-c1nnc(SCCCN2C[C@H]3C[C@@]3(c3ccc(C(F)(F)F)cc3)C2)n1C,1,train
2f01c37160f991844524be9f7f363281726ca52c,Cc1ncoc1-c1nnc(SCCCN2CC3CC3(c3ccc(C(C)(C)C)cc3)C2)n1C,1,train
00af16211e1cf2bf3877d2bc1e51551148ad5c3f,Cc1ncoc1-c1nnc(SCCCN2CC3CC3(c3ccc(C(F)(F)F)c(F)c3)C2)n1C,1,train
591858e5867126ce9a088185d02c3d6b69234560,Cc1ccc2c(-c3nnc(SCCCN4C[C@H]5C[C@@]5(c5ccc(Br)cc5)C4)n3C)cccc2n1,1,train
6b946aad03fe9c514b1f555b3c032c27ba156a40,Cc1ccc2c(-c3nnc(SCCCN4C[C@@H]5C[C@]5(c5ccc(C(F)(F)F)cc5)C4)n3C)cccc2n1,1,train
fb7630207dda7698743277fcdd1c7e98f0b4a142,Cc1ncoc1-c1nnc(SCCCN2C[C@H]3C[C@@]3(c3ccc(C(C)(C)C)cc3)C2)n1C,1,train
102c2e60f8181e930c5120aa1bd1616bbb55f13b,Cc1cc(C(F)(F)F)ccc1C12CC1CN(CCCSc1nnc(-c3ocnc3C)n1C)C2,1,train
e5f5eecb448960d173e35d4cc5f5d1f726ccafa6,Cc1ncoc1-c1nnc(SCCCN2CC3CC3(c3ccc(OC(F)(F)F)cc3)C2)n1C,1,train
04cedbf22671b485e793345a5967731322eb194a,Cc1ccc2c(-c3nnc(SCCCN4CC5CC5(c5ccc(C(C)(C)C)cc5)C4)n3C)cccc2n1,1,train
39e9c8ace905cf4ff7cc96093927b5cbba3d9ea6,Cc1ccc2c(-c3nnc(SCCCN4C[C@@H]5C[C@]5(c5ccc(Br)cc5)C4)n3C)cccc2n1,1,train
86341b9696d098e6fa5586486015b54af3a43e0c,Cc1ccoc1-c1nnc(SCCCN2C[C@@H]3C[C@]3(c3ccc(C(F)(F)F)cc3)C2)n1C,1,val
743df4fb07746a62d46751608ac87796278ddb8d,Cc1ccc2c(-c3nnc(SCCCN4CC5CC5(c5ccc(C(F)(F)F)cc5)C4)n3C)cccc2n1,1,train
2824a26d5a7060e87fd37e435c4805eb722db10e,Cc1ccc2c(-c3nnc(SCCCN4CC5CC5(c5ccc(Br)cc5)C4)n3C)cccc2n1,1,train
808899f7bc7d99cb619926adb5917c4cc394c250,Cc1cnc(Nc2cc(N3CCN(C)CC3)nc(N[C@@H](C)c3ccc(F)cn3)n2)s1,0,train
fe9236b0f32955dd856eca18d5eed160aaccc6e2,Cc1cnc(Nc2cc(N3CCOCC3)nc(N[C@@H](C)c3ccc(F)cn3)n2)s1,0,val
26f18fbb0c992860c4c423d267aee5498be1bf66,CCOc1cc(CN2CCC(Nc3nc4cc(S(N)(=O)=O)ccc4o3)CC2)ccc1OC,1,train
f29e8a0e4a281d637ba555505b189a39e11a717e,CCOc1cc(CN2CCC(Nc3nc4cc(S(=O)(=O)CC)ccc4o3)CC2)ccc1OC,1,train
5ede7dd67a0e93de323efa7ad27715740690f70b,CCOc1cc(CN2CCC(Nc3nc4cc(C(N)=O)ccc4o3)CC2)cc(OCC)c1F,1,train
6f856f1f365269bc7cf27210c26eaf47bfc93a84,CCCCc1ccc(S(=O)(=O)Nc2ccc3c(c2)CCN(Cc2cc[nH]n2)CC3)cc1,1,test
028e76fda93bfc2528c80faf12c351da9473dd66,CNC(=O)Cn1c(=O)n(C2CCN([C@H]3CC[C@@H](C(C)C)CC3)CC2)c2ccccc21,1,train
1ac8da9cf918f10f4e40af06abe3edeb56afe2f2,CNC(=O)Cn1c(=O)n(C2CCN(CCC(Oc3cc(OC)ccc3C)C(C)C)CC2)c2ccccc21,1,train
0ac4562dc57b82175280a3759759ff9a1dc27c44,CC(C)CN(C(=O)c1cccc(Cl)c1Cl)[C@H]1CCNC1,0,train
16f722913deb37a566d3e37385591e8f39e3d6e2,O=C(c1cccc(Cl)c1Cl)N(CCC1CC1)[C@H]1CCNC1,1,val
efbdf691321cc17fa58c0825e3ba21e09aba1247,CC(C)(C)CN(C(=O)c1cccc(Cl)c1Cl)[C@H]1CCNC1,0,train
c3199283257feb4a5371a7f7e453e87b8a10d52c,O=C(c1cccc(Cl)c1Cl)N(C1CCCC1)[C@H]1CCNC1,0,val
15be184692a7c271fd10eaa6bf27a9bee47f7bbe,CCC(CC)N(C(=O)c1cccc(Cl)c1Cl)[C@H]1CCNC1,1,train
1c46523dd4a3e93792c10bbd06bb830d65cb226a,O=C(c1cccc(Cl)c1Cl)N(c1ccccc1)[C@H]1CCNC1,1,train
bd1614a15a2c589e1b4803d658bf27070bee39bc,CC(C)CN(C(=O)c1cc(Cl)ccc1Cl)[C@H]1CCNC1,0,train
907b7abc4fced3ac8fceb352d0223fb5450d5618,CC(C)CN(C(=O)c1ccc(Cl)c(Cl)c1)[C@H]1CCNC1,0,train
7a1cb72dac3c59c78dd7f1e1af720cb69e1ba11c,CC(C)CN(C(=O)c1cccc(C(F)(F)F)c1Cl)[C@H]1CCNC1,1,train
ae286047feeb1cc1f029dc1de16f7673cacad68b,Cc1c(Cl)cccc1C(=O)N(CC(C)C)[C@H]1CCNC1,0,train
59a94b1682842946511fc273aebd19cad441d42b,CC(C)CN(C(=O)c1ccccc1C(C)C)[C@H]1CCNC1,0,train
5bddace540fbf2f0a114f353019c64ecfacd87ec,CCCC[C@H]1CN(CC2CCOCC2)C(=O)OC12CCN(C1(C)CCN(C(=O)c3c(C)ncnc3C)CC1)CC2,0,train
b89a6bc279691a23f5b5e7584a850597ab6c3dc9,CC(C)N(C)[C@@H]1CC[C@H](N2CCC(NC(=O)c3cc(F)cc(C(F)(F)F)c3)C2=O)[C@H](CS(=O)(=O)c2ccccc2)C1,0,train
0a1df6210aab5be15941d2c4fc8a15c1a421b5c3,CC(C)N(C)[C@@H]1CC[C@H](N2CCC(NC(=O)c3cc(C(F)(F)F)cc(C(F)(F)F)c3)C2=O)[C@H](CS(=O)(=O)c2ccccc2)C1,1,train
1dc2fa87f3f4b75f4c12ae7d1b3077acbfb1219e,Cc1ccc(S(=O)(=O)C[C@@H]2C[C@H](N(C)C(C)C)CC[C@@H]2N2CCC(NC(=O)c3cccc(C(F)(F)F)c3)C2=O)cc1,1,train
2d7d2855bbdee933705ecb27d444d8f5672c1afa,CC(C)N(C)[C@@H]1CC[C@H](N2CCC(NC(=O)c3cccc(C(F)(F)F)c3)C2=O)[C@H](CS(=O)(=O)c2ccccc2)C1,0,train
f1e739712c4f137b4f35c4a464d73a86510c2f4b,CC(C)(O)C(=O)c1oc2nc(-c3ccccc3Cl)c(-c3ccc(Cl)cc3)cc2c1NC(=O)CO,1,test
e8194eb0e0d9cd8aa461ecdd2efd7146cbaa2b21,CC(=O)N1CCC(c2[nH]nc(-c3ccc(F)cc3)c2-c2ccncc2)CC1,1,test
186b6c147832d3ae8585439ba65d44ceda829173,CC(C)C(N1CCOCC1)C(O)(c1cccnc1)c1cccnc1,0,train
acc0f5933ea1b067cbf6ee2040ff1fdeedf269c6,OC(c1cccnc1)(c1cccnc1)C(Cc1ccccc1)N1CCOCC1,0,train
8327dc85c0b062a0d6516841e7bd826beeba33d7,CCCCC(N1CCOCC1)C(O)(c1cccnc1)c1cccnc1,0,train
acb16eddba216f3d86e9ceccc34f08082ae587ca,CCCCCCC(N1CCOCC1)C(O)(c1cccnc1)c1cccnc1,0,train
e3e69c28fd87b00927e83b130dfb4dc0160fddbd,OC(c1cccnc1)(c1cccnc1)C(c1ccccc1)N1CCC1,0,test
6456c7e3288ecf2ef641702fdf8112ae71537c68,COCCN(C)C(c1ccccc1)C(O)(c1cccnc1)c1cccnc1,1,test
6242ff294fef32c863dc40cbaed464d9e3897a4e,OC(c1cccnc1)(c1cccnc1)C(c1ccccc1)N1CCCOCC1,1,val
1fd8dacbe7fb8817061060fd989feed48fcffbde,OC(c1cccnc1)(c1cccnc1)C(c1ccccc1)N1CCNCC1,1,val
71ed1c86ff13997ff02f34c2cad0c7b5753beed1,OC(c1cccnc1)(c1cccnc1)C(c1ccccc1)N1CCCCC1,0,test
fc8c8ebaebd1d9ab1a54da91a65c6b6d01ac5148,OC(c1cccnc1)(c1cccnc1)C(c1ccccc1)N1CCCC1,0,val
749c127bd622437007d949826795a9d5c3456e9a,COc1nccnc1CC1=C(CCN(C)C)Cc2ccccc21,1,train
50120c43fc33f1aaa56b4fa491a4986e2b2fb649,COc1nccnc1C(C)C1=C(CCN(C)C)Cc2ccccc21,1,train
3ec3080763e83adeefc76cf4e31f293c4cb48f72,CC(C1=C(CCN(C)C)Cc2ccccc21)c1nccs1,1,train
ed89cb16c61c13275cbe8e6cad292f667e638b4a,Cc1csc(C(C)C2=C(CCN(C)C)Cc3ccccc32)n1,1,train
fcf815358d36415033466ed3332fe4996a0129ea,Cc1ccc2c(c1)CC(CCN(C)C)=C2Cc1cnccn1,1,train
cf2f9bbbd3906823ad1cf78bce9be08b72aa7e00,COc1ccc2c(c1)CC(CCN(C)C)=C2Cc1cnccn1,1,train
830be76b1b40afb7fb7f0ba3cb75e027f2900e0b,CN(C)CCC1=C(Cc2cnccn2)c2ccc(Cl)cc2C1,1,train
497ff86e21840e39555941685cbcb246e5d8dc17,CN(C)CCC1=C(Cc2cnccn2)c2ccc(F)cc2C1,1,train
4500c3b156de6b13b05fbe85caa0f85451034be2,COc1nccnc1CC1=C(CCN(C)C)Cc2cc(Cl)ccc21,1,train
051578760d3a742864edc994bcc105f3731a4363,CN(C)CCC1=C(Cc2cccnn2)c2ccc(F)cc2C1,1,train
e3f3e10dbbcbe8b8890ef902ad8482453d1d0485,CN(C)CCC1=C(Cc2cccnn2)c2ccc(Cl)cc2C1,1,train
72d9aec5d95c6c109988dd2a9611ee2f29f7f48d,Cc1ccc2c(c1)CC(CCN(C)C)=C2C(C)c1cnccn1,1,train
c86ab6d92a80fa172f69cda08446847c9560550d,COc1ccc2c(c1)CC(CCN(C)C)=C2C(C)c1cnccn1,1,train
3615dae26cb8d0fddf0692b2fc01a41e92c10d5c,COc1nccnc1C(C)C1=C(CCN(C)C)Cc2cc(C)ccc21,1,train
649df0df198c9f0dab12874fa6e970f0ba8576b1,COc1ccc2c(c1)CC(CCN(C)C)=C2C(C)c1nccnc1OC,1,train
0876967138567759430af9d1cf2cc05ba31c744b,COc1nccnc1C(C)C1=C(CCN(C)C)Cc2cc(F)ccc21,1,train
dd8cb2b987fb3fc936d0d6f6c418f3883e53bc0c,Cc1ccc2c(c1)CC(CCN(C)C)=C2C(C)c1nccs1,1,train
99c34b10145d9cc24ad89023ca4042e0d2a61b4c,COc1ccc2c(c1)CC(CCN(C)C)=C2C(C)c1nccs1,0,train
b58e6011cf60f995bacae2e007de0b263129c8a9,CC(C1=C(CCN(C)C)Cc2cc(F)ccc21)c1nccs1,1,train
4c6e3bab13a1f63ea3a4eda645768aad0b18516a,CSc1nn2c3c(c(C)nc2c1S(=O)(=O)c1ccccc1)CCCC3,1,test
b9804c65e11dfb6299f70752a358cf125c13c97a,C[C@@H]1CN(C(=O)C2CN(c3cccnc3)C[C@@H]2c2ccc(F)cc2F)C[C@H](C)[C@@]1(O)c1ccccc1,1,val
2bfbcf8f785570c9fe340336062fbfe1d89067fa,C[C@@H]1CN(C(=O)C2CN(c3ccccn3)C[C@@H]2c2ccc(F)cc2F)C[C@H](C)[C@@]1(O)c1ccccc1,1,test
5c6cf0786e8c614a58be0b5cb17b85c55a0f82e2,C[C@@H]1CN(C(=O)C2CN(C3CCC3)C[C@@H]2c2ccc(F)cc2F)C[C@H](C)[C@@]1(O)c1ccccc1,1,val
6f97d0c881d25db035793d8c917938f75c68ec72,C[C@@H]1CN(C(=O)C2CNC[C@H]2c2ccc(F)cc2F)C[C@H](C)[C@@]1(O)c1ccccc1,1,train
36f4f0595054884cce150685c0b46bafddbfae5b,C[C@@H]1CN(C(=O)C2CN(C(C)(C)C)C[C@H]2c2ccc(F)cc2F)C[C@H](C)[C@@]1(O)c1ccccn1,1,train
fb4ec6eed3e51c93d559804817d9a12daac61cde,C[C@@H]1CN(C(=O)C2CN(C(C)(C)C)C[C@H]2c2ccc(F)cc2F)C[C@H](C)[C@@]1(O)c1c(F)cccc1F,1,train
8dd2b08d8d295ffb0c18a951a6ae49986ad477af,C[C@@H]1CN(C(=O)C2CN(C(C)(C)C)C[C@H]2c2ccc(F)cc2F)C[C@H](C)[C@@]1(O)c1ccc(F)cc1,1,train
bfea4653b1dd1599ec046b727af2ad6447b18856,CC(c1ccccn1)c1c(CCN2CCCC2)sc2ccccc12,1,test
f19b817a1cd40925fafa0a079b597d059fc48e7e,CC(c1ccccn1)c1c(CCN2CCC2)sc2ccccc12,1,val
2183ad8272aceede0c5146e7fd2d3112a6de92a2,CC(c1ccncc1)c1c(CCN(C)C)sc2ccccc12,1,train
3e6637888f108d48973599e7ea6f413e7addceb1,CNCCc1sc2ccccc2c1C(C)c1ccccn1,1,train
f36d7b2d4b17df26a0a4ebb613815af9c6e6d878,C[C@H](c1cccnc1)c1c(CCN(C)C)sc2ccccc12,1,train
070ed74884eba53174cdcdaa152e4cdfa25ee8f5,CC(c1ccc(F)cn1)c1c(CCN(C)C)sc2ccccc12,1,train
b45bfa49ca46982664399bfff8d1389ae5b1a2cf,Cc1cccnc1C(C)c1c(CCN(C)C)sc2ccccc12,1,train
3b0107668d1caa6d180506cc32e06a223b6e3693,COc1cccnc1C(C)c1c(CCN(C)C)sc2ccccc12,1,train
45ffde2e4272c5646e7ffae140fd1859edc35aaf,CC(c1ncccc1F)c1c(CCN(C)C)sc2ccccc12,1,train
0e3ede96b25e7de1130c281059a3a2a8d3aa3863,COc1ncccc1[C@@H](C)c1c(CCN(C)C)sc2ccccc12,1,train
859f22e6ebc0b83d398ac57910519429bdb1fff0,C[C@H](c1cccnc1F)c1c(CCN(C)C)sc2ccccc12,1,train
f157c798e5a7671ee15579b16e9055d0965f343c,C[C@H](c1cccnc1Cl)c1c(CCN(C)C)sc2ccccc12,1,train
f0d4476b6fbf8f73d4b0f0c3c8911aef81b9d5d7,C[C@@H](c1cscn1)c1c(CCN(C)C)sc2ccccc12,1,train
a825b8e01d2defc9e1eb72d9a7eaffd083b462a4,C[C@H](c1c(CCN(C)C)sc2ccccc12)n1cccn1,1,train
1ff566b02d5431d1a9c7ddabfc0ab5582ab11673,O=C(NCc1cc(Cl)cc(Cl)c1)N(c1ccc(Br)cc1)C1CCN(C2CCCC2)CC1,1,train
48eb6b91abc9312836591cb5a40623dda882cf9d,O=C(NCc1ccccc1)N(c1ccc(Br)cc1)C1CCN(C2CCCC2)CC1,1,train
e7971c2ac34a39549d35c7b82ca13ec7a678bb52,O=C(Nc1ccccc1)N(c1ccc(Br)cc1)C1CCN(C2CCCC2)CC1,1,test
4329dd40bcb04382388b6f0ca4a2090d4d59437f,O=C(NCc1ccc(F)cc1)N(c1ccc(Br)cc1)C1CCN(C2CCCC2)CC1,1,train
048d6a4c2ebbd074376b7619ac95ae83c9401766,CCN1CCC(N(C(=O)NCc2ccc(F)cc2)c2ccc(Cl)cc2)CC1,1,train
4866b6ec21038b81b8a961d2b95e43520f32e16d,CCN1CCC(N(C(=O)NCc2ccc(F)cc2)c2ccc(Cl)cn2)CC1,1,train
d45ceb924d2a691099c639eecd5826782ad2371d,O=C(NCc1ccc(F)cc1)N(c1ccc(Cl)cc1)C1CCN(CCO)CC1,0,train
59555ed1f92af77481bdcb4b4ea2f2fbc6b86e09,O=C(NCc1ccc(F)cc1)N(c1ccc(Br)cc1)C1CCN(CCO)CC1,1,train
b9404652b4e1499b8a1fdcad56aff4b3dea6e2f7,O=C(NCc1ccc(F)cc1)N(c1ccc(Cl)cc1)C1CCN(Cc2ccncc2)CC1,1,train
c5e4f36f7b9079ebeb0bd1ca78789850ed21b4be,Nc1cc(CN2CCC(N(C(=O)NCc3ccc(F)cc3)c3ccc(Cl)cc3)CC2)ccn1,1,train
67f7c9876cd0ad409c6604cd3e2965b88dca0643,O=C(NCc1ccc(F)cc1)N(c1ccc(Cl)cc1)C1CCN(Cc2ccnnc2)CC1,0,train
4345e699a136d2e42b504d370d3430c39d8a7f1f,O=C(NCc1ccccc1)N(c1ccc(Br)cc1)C1CCN(Cc2ccncc2)CC1,1,train
0612e324ac295e24440716bc0dc1dc1534041c32,O=C(NCc1ccccc1)N(c1ccc(Br)cc1)C1CCN(Cc2ccnnc2)CC1,0,train
1f16f83e27bf4a7832e151a97bd67735e42fbb01,Cc1ccc(C(=O)NC2CC2)cc1-c1cc2cnn(-c3c(F)cccc3F)c2n(C)c1=O,0,val
7ef3eeeb2615445227067fdb5b5abc0f75edc4b0,Cc1ccc(OC(=O)N(CC(=O)O)Cc2cccc(OCc3nc(-c4ccc(Cl)cc4)oc3C)c2)cc1,0,train
bc6e639da5e7ff0b8e385a8bc78f8f982eef7e5f,Cc1ccc(OC(=O)N(CC(=O)O)Cc2cccc(OCc3oc(-c4ccc(Cl)cc4)nc3C)c2)cc1,0,test
d0706ad71673fff6d90fb730d4cb31c3cb88caa7,Cc1ccc(OC(=O)N(CC(=O)O)Cc2cccc(OCc3nc(-c4ccc(Cl)cc4)sc3C)c2)cc1,1,val
1b3fafa39db885819dc251afb748b5f973c90bfa,Cc1ccc(OC(=O)N(CC(=O)O)Cc2cccc(OCc3nc(-c4cccc(Cl)c4)oc3C)c2)cc1,1,train
2f70ec85bb554237917380aa87b3cc561e228a2e,Cc1ccc(OC(=O)N(CC(=O)O)Cc2cccc(OCc3nc(-c4ccc(F)cc4)oc3C)c2)cc1,0,train
686a3ca68da740b483b93d4bc78316aad03c8ddd,Cc1ccc(OC(=O)N(CC(=O)O)Cc2cccc(OCc3nc(-c4ccc(C#N)cc4)oc3C)c2)cc1,0,train
3926d2223917b38f46a7a002d52b7209b3847c21,COc1ccc(-c2nc(COc3cccc(CN(CC(=O)O)C(=O)Oc4ccc(C)cc4)c3)c(C)o2)cc1,1,train
33dde6db15e3ac3f46115c655534090382eb12a2,Cc1ccc(OC(=O)N(CC(=O)O)Cc2cccc(OCc3nc(-c4ccc(C)cc4)oc3C)c2)cc1,0,train
0b086dbaea0bf70b4ec09a06b587efe64deb8ef2,Cc1ccc(OC(=O)N(CC(=O)O)Cc2cccc(OCc3nc(-c4ccc(C(F)(F)F)cc4)oc3C)c2)cc1,0,train
dc89ac991e8ea324975e4d85c9372c785fd7eb98,OCCN(CCc1c[nH]c2ccccc12)Cc1ccc(/C=C/C(O)=NO)cc1,0,train
5e99fd6ab91472c40c9d33f06c4026a84e1dab02,Cc1[nH]c2ccccc2c1C1CCCN(Cc2ccc(/C=C/C(O)=NO)cc2)C1,0,train
f5ffc46b3605a4c654a4c98c2a4456910b868543,Cc1[nH]c2ccccc2c1C1CCN(Cc2ccc(/C=C/C(O)=NO)cc2)C1,0,test
ee09343457eed280bad769112453ccbb6caf3187,Cc1[nH]c2ccccc2c1CC1CCCCN1Cc1ccc(/C=C/C(O)=NO)cc1,1,val
7a7785a2b27cd437d12b1bca7004af67bc81e9f3,Cc1[nH]c2ccccc2c1CCN1CCCC1c1ccc(/C=C/C(O)=NO)cc1,0,test
aabb7d842adf69bdc8a5716f1d9f3b7091c09791,Cc1[nH]c2ccccc2c1CCN1Cc2ccc(/C=C/C(O)=NO)cc2C1,1,test
5f9b54f207631c7c10512d4ec607ea90ac7f9936,Cc1[nH]c2ccccc2c1CCN1CCc2cc(/C=C/C(O)=NO)ccc2C1,0,train
2d1026b24215b9f1c218c67396f5e4776b4707e4,Cc1[nH]c2ccccc2c1CCN1CCc2ccc(/C=C/C(O)=NO)cc2C1,1,train
07b41402c5901c312b0224dc3806335a49095368,Cc1[nH]c2ccccc2c1CCN1CCc2ccc(/C=C/C(O)=NO)cc2CC1,1,test
7421a8818ad57a1a29aeb6f1f5de5dba87242091,ON=C(O)/C=C/c1ccc(CN2CCCC(c3c[nH]c4ccccc34)C2)cc1,0,train
db4babbcddaaae512ea2491d1299bd445603a07f,ON=C(O)/C=C/c1ccc(CN2CCCC(c3c(-c4ccccc4)[nH]c4ccccc34)C2)cc1,0,train
dd406200eed49b9de21f62aae80b1a2b3b463fc9,CC(C)(C)c1[nH]c2ccccc2c1C1CCCN(Cc2ccc(/C=C/C(O)=NO)cc2)C1,0,train
686a2c358793949f4a588c6052f8f530b7d77ca8,ON=C(O)/C=C/c1ccc(CN2CCCC(c3c[nH]c4ccccc34)C2)c(F)c1,0,train
32477f8cbba759fa3f9226a4c3ac59c9a45fc30c,ON=C(O)/C=C/c1ccc(CN2CCCC(c3c(-c4ccccc4)[nH]c4ccccc34)C2)c(F)c1,0,train
485c8eafd1935913428aba26b6a1f667fb1ce7e0,CC(C)(C)c1[nH]c2ccccc2c1C1CCCN(Cc2ccc(/C=C/C(O)=NO)cc2F)C1,0,train
40bd1cd275359a4295b363870d9c6601e13b72a6,CC(C)(C)c1[nH]c2ccccc2c1C1CCCN(Cc2ccc(/C=C/C(O)=NO)cc2Cl)C1,1,train
fa711f8decc19313b3b2e8e947a0653ddcde37e2,O=C(CNC(=O)c1cccc(C(F)(F)F)c1)N[C@@H]1CCN(CCC2CCN(C(=O)c3cc(F)ccc3F)CC2)C1,1,val
9cd36a51d86dcf4a73c91c27bacca3b089b5cdca,CCOCCn1c([C@@H]2CCCN(C3CCOCC3)C2)nc2ccccc21,1,val
0941277aae4dcc21d0a9003ce21df231daf0e61f,CN1CCC[C@@H](c2nc3ccccc3n2Cc2ccc(F)cc2)C1,1,train
b49cf60c6985d697ac9d941070af46632b93d031,CN1CCC[C@@H](c2nc3ccccc3n2Cc2ccccn2)C1,0,test
67ec788e53d23b70c956a27eae4c07d975ac5858,CN1CCC[C@H](c2nc3ccccc3n2Cc2ccc(F)cc2)C1,1,train
10a9bace491158f1c8b6a32056f46e8b8456d25c,Cc1csc(Cn2c(C3CCCN(C4CCCCC4)C3)nc3ccccc32)n1,1,train
6512f35724a9fc2ef43ee4d77c59afed6647097f,COc1ccc(Cn2c(C3CCCN(C4CCCCC4)C3)nc3ccccc32)cc1,1,train
a2e31b9489e954f537e1096cdb97f3e902d64df8,COc1ccc(Cn2c(C3CCCN(C(C)C)C3)nc3ccccc32)cc1,1,train
5a06a60fa5525d147e33845b90b12721d0fcd068,Fc1ccc(Cn2c(C3CCCN(C4CCCCC4)C3)nc3ccccc32)cc1,1,train
96b62cce8c10b513e2053ac028104cc2e26b135c,CC(C)N1CCCC(c2nc3ccccc3n2Cc2ccc(F)cc2)C1,1,train
49ffb5bfdcf503e708516a03ef9619ae0b84e772,CN1CCCC(c2nc3ccccc3n2CC2CCCO2)C1,1,val
4a5c1166f9a135dd0b808c8ee3b04417f0861459,CCOCCn1c(C2CCCN(C)C2)nc2ccccc21,1,train
3af1700fff3caf9a2b59e83859f6e6ebfe7d37c8,CN1CCCC(c2nc3ccccc3n2CCOc2ccccc2)C1,1,train
5753723923eaff1820598b9260e4f193ceec52fc,CCOCCn1c(N2CC[C@H](N(C)C)C2)nc2ccccc21,1,train
84df22419610138b90c21fff223d1cc7e8d26f5d,COc1ccc(Cn2c(N3CC[C@@H](N(C)C)C3)nc3ccccc32)cc1,1,train
894c1bb3ae32ab396e16a58875f0fdf9f3db8e77,O=C1NCc2c(-c3ccc(F)cc3F)cc(N3CCNCC3)cc2N1c1c(Cl)cccc1Cl,1,train
8c9852b06df9a44afcae0b14fc3dd5e78111411c,Nc1cc2c(ccc(=O)n2-c2c(F)cccc2F)c(-c2ccc(F)cc2F)n1,1,test
d0ba7b1e4b826055bb10ea5b2939b1a12fd64d41,CCOCCn1nc(C)c2nc(NC3CCNCC3)nc(Nc3cc(C)ccn3)c21,1,test
09f07ca46b07d96f4cc4c548b948afb1628aaa31,CCOCCn1nc(CC)c2nc(N3CCC(C(=O)O)CC3)nc(Nc3cc(C)ccn3)c21,1,train
06566d443355e8cea552b6134e526aaa0cec2963,O=C(C1C[C@H](Oc2cccc(F)c2)CN1)N1CCCN(C2CCC2)CC1,1,train
76b7d6cdc3a71bca71154bd2360ae9da7b208f26,O=C(C1C[C@H](Oc2ccc(F)cc2)CN1)N1CCCN(C2CCC2)CC1,1,train
b6e116c4c34fee0915f8b95e2c2769fe237a9077,CC(=O)N1C[C@@H](Oc2cccc(F)c2)CC1C(=O)N1CCCN(C2CCC2)CC1,1,train
f83c583a10593928906f64d7b30327e241f81a21,O=C(C1C[C@H](Oc2ccc(Cl)cc2)CN1)N1CCCN(C2CCC2)CC1,1,train
44beee502400db0de05316fa26e3d8f8e42c708b,O=C(C1C[C@H](Oc2cccc(Cl)c2)CN1)N1CCCN(C2CCC2)CC1,1,train
7a17303b686000c90fe051f90cdfe457ebe574ac,O=C(C1C[C@H](Oc2ccc(F)cc2)CN1)N1CCCN(C2CCCC2)CC1,1,train
d246e85fc17d34b9329b3769faf9747fa8dfd830,N#Cc1ccc(O[C@@H]2CNC(C(=O)N3CCCN(C4CCCC4)CC3)C2)cc1,1,train
8b88447c32f0c26663276f49554f2ca061b20de5,O=C(CN1CCCN(Cc2nc3ccccc3[nH]2)CC1)Nc1ccc(C(F)(F)F)cc1,1,val
f4ea3cfc8c0d105778d9d40990d476981233a1a8,O=C(CNc1ccccc1C(F)(F)F)N1CCCN(Cc2nc3ccccc3[nH]2)CC1,1,val
a2fc7c129fe588bd343631e160d92f6463e08018,Cc1cccc(Nc2nc(N3CCNCC3)nc3c(C)nn(CCOCC(F)(F)F)c23)n1,1,test
098cb49e28bc1efe3a4246c3c7336a5f7c2a5e1d,CCc1nn(CCOCC(F)(F)F)c2c(Nc3ccncn3)nc(N3CCNCC3)nc12,1,train
7ffd8546dbd7d914d3ebf4f0a01c525c8566c782,Cc1nn(CCOCC(F)(F)F)c2c(Nc3ccncn3)nc(N3CCN[C@H](C)C3)nc12,1,train
ffd5bba83cc035217aab5636fc4099b80765d116,CCc1nn(CCOCC(F)(F)F)c2c(Nc3ccncn3)nc(N3CCN[C@H](C)C3)nc12,1,train
34257c95ed601601d4d4923441f142fb6b947f58,CC(O)C(=O)NC1CC(C)(C)Oc2nc(-c3ccc(Cl)cc3Cl)c(-c3ccc(Cl)cc3)cc21,1,train
f0c403bbf37bdcbe844bf150f5cff3bcb9e77765,CC1(C)CC(NC(=O)C(C)(C)O)c2cc(-c3ccc(Cl)cc3)c(-c3ccc(Cl)cc3Cl)nc2O1,1,train
3379a323b5e743920883d6f4553f0ec2af256a62,CC1(C)CC(NC(=O)C2(O)CC2)c2cc(-c3ccc(Cl)cc3)c(-c3ccc(Cl)cc3Cl)nc2O1,1,train
18c9f915c5d5230acf8203bf3916a80833fe2ef3,Cc1cc(Cl)ccc1-c1nc2c(cc1-c1ccc(Cl)cc1)C(NC(=O)C(O)C(F)(F)F)CC(C)(C)O2,1,train
4c29a8fede1c9c0fb9f7eeca5fdf297b69f3cd56,CC1(C)CC(NC(=O)C(C)(O)C(F)(F)F)c2cc(-c3ccc(Cl)cc3)c(-c3ccc(Cl)cc3Cl)nc2O1,1,train
51f51723347f8ec735f602812aeece13767e8048,CC1(C)CC(NC(=O)CC(O)C(F)(F)F)c2cc(-c3ccc(Cl)cc3)c(-c3ccc(Cl)cc3Cl)nc2O1,1,train
68c89feb3b0c9fc1bea1fb37a10ae551bc714df0,CC1(C)CC(NC(=O)C(F)(F)CO)c2cc(-c3ccc(Cl)cc3)c(-c3ccc(Cl)cc3Cl)nc2O1,1,train
e0fb6662c62d30309e10a6ef2341abec8dcc4548,CCc1cc(C(=O)N[C@@H]2CC(C)(C)Oc3nc(-c4ccc(Cl)cc4Cl)c(-c4ccc(Cl)cc4)cc32)[nH]n1,1,train
453559875558c4128b3172eeb1e1301069b5be23,Cc1c[nH]nc1C(=O)N[C@@H]1CC(C)(C)Oc2nc(-c3ccc(Cl)cc3Cl)c(-c3ccc(Cl)cc3)cc21,1,train
015fe367f191ac771a841ef165b67239b473073f,Cc1[nH]nc(C(=O)N[C@@H]2CC(C)(C)Oc3nc(-c4ccc(Cl)cc4Cl)c(-c4ccc(Cl)cc4)cc32)c1C,1,train
c4c5bb44a3ef4da655fd545cd194befd2592cb88,CC1(C)C[C@@H](NC(=O)c2cn[nH]c2)c2cc(-c3ccc(Cl)cc3)c(-c3ccc(Cl)cc3Cl)nc2O1,1,train
26ad03b5ecdc30d98f8b1a4f8cd1058f74094163,Cc1[nH]ncc1C(=O)N[C@@H]1CC(C)(C)Oc2nc(-c3ccc(Cl)cc3Cl)c(-c3ccc(Cl)cc3)cc21,1,train
320b2f103a9d9c36d496fd750bec9b95c0779262,Cc1n[nH]c(C)c1C(=O)N[C@@H]1CC(C)(C)Oc2nc(-c3ccc(Cl)cc3Cl)c(-c3ccc(Cl)cc3)cc21,1,train
fa507ac4d8a009cdec34c398ad6c4114346ff129,Cc1n[nH]c(C(=O)N[C@@H]2CC(C)(C)Oc3nc(-c4ccc(Cl)cc4Cl)c(-c4ccc(Cl)cc4)cc32)n1,1,train
b52f312abad3a2109b91948dce805e4f9f384be0,CC1(C)C[C@@H](NC(=O)c2[nH]nc3ccccc23)c2cc(-c3ccc(Cl)cc3)c(-c3ccc(Cl)cc3Cl)nc2O1,1,train
814df66a43f31b0e417c8d8bc8b52558dfac2bc5,CC1(C)C[C@@H](NC(=O)c2ccc3[nH]ncc3c2)c2cc(-c3ccc(Cl)cc3)c(-c3ccc(Cl)cc3Cl)nc2O1,1,test
126711add201a1f00855e37f4af61a4595f8c497,CC(=O)N[C@@H]1CC(C)(C)Oc2nc(-c3ccc(Cl)cc3Cl)c(-c3ccc(Cl)cc3)cc21,1,train
735031c846204b17984194d2497320f788e0c562,CC(=O)N[C@H]1CC(C)(C)Oc2nc(-c3ccc(Cl)cc3Cl)c(-c3ccc(Cl)cc3)cc21,1,train
9e569adae037c97246451a516b4cbf3c89db41d6,Cc1cc(C(=O)N[C@@H]2CC(C)(C)Oc3nc(-c4ccc(Cl)cc4Cl)c(-c4ccc(Cl)cc4)cc32)[nH]n1,1,train
b9442f51d1df6aa73f7a2e3c29253d7915815479,Cc1cc(CN2CCN(c3c(Br)cnc4[nH]c(N5CCN(C)CC5)nc34)CC2)no1,1,train
d8c62ae33ffecaf8901c2cf0cc87f76dd80e72b5,Cc1cc(CN2CCN(c3c(Cl)cnc4[nH]c(N5CCN(C)CC5)nc34)CC2)no1,1,train
ec38bca1431e819a9d75d1343306cdb2f496a14c,CCOC(=O)c1cc(-c2ccc3cc(CCN4CCC[C@H]4C)ccc3n2)on1,1,train
7f1a7bed694c69f38708c1fec816c4d0493effc8,C[C@@H]1CCCN1CCc1ccc2nc(-c3cc[nH]n3)ccc2c1,1,test
be8bbf97b128480427280acbb9d67e98b857117f,C[C@@H]1CCCN1CCc1ccc2nc(-c3cn[nH]c3)ccc2c1,1,train
657c68d869fe25bab656d34f7ded3263578efe91,Cc1[nH]ncc1-c1ccc2cc(CCN3CCC[C@H]3C)ccc2n1,1,train
ed6692693022e203d8184c8c19685dbaca7d33be,Cc1c(-c2ccc3cc(CCN4CCC[C@H]4C)ccc3n2)cnn1C,1,train
ac8b2a61de19099c7ffa04fa0b5f13dae8db7926,Cc1nn(C)cc1-c1ccc2cc(CCN3CCC[C@H]3C)ccc2n1,1,train
01ada06503d11ac49a543f3b51ce8aae7b2d62e7,Cc1n[nH]c(C)c1-c1ccc2cc(CCN3CCC[C@H]3C)ccc2n1,1,train
9fe5d5ddc23335daa3d9491c2b4fac91742fc585,C[C@@H]1CCCN1CCc1ccc2nc(-c3ccoc3)ccc2c1,1,train
098bea3dfd3dd07df34e2cd6ec8bf2e91998d906,C[C@@H]1CCCN1CCc1ccc2nc(-c3ccsc3)ccc2c1,1,train
21d40af9b0a8883d8e3d6c3abeb37ebf47493086,C[C@@H]1CCCN1CCc1ccc2nc(-c3cccs3)ccc2c1,1,train
1d21d0f583708de572015790555d9e9378e8bac2,C[C@@H]1CCCN1CCc1ccc2nc(-c3cncnc3)ccc2c1,1,train
2173e05b8572577239a7beb7e90439d51fdfc08b,COc1ncc(-c2ccc3cc(CCN4CCC[C@H]4C)ccc3n2)cn1,1,train
c0ed15a3ea7d06b74a0ca04566a3710ee1d40c43,Cc1nc(N2CCCC2)ncc1-c1ccc2cc(CCN3CCC[C@H]3C)ccc2n1,1,train
743a293111e85ebb1b29041eedec083b9b9bc3aa,Cc1cc(-c2ccc3cc(CCN4CCC[C@H]4C)ccc3n2)nc(-c2ccccc2)n1,1,val
588600c01f1326e7817b7bed76d317a3fd0a7bd3,CC1CCN(c2ccc3cc(CCN4CCC[C@H]4C)ccc3n2)CC1,1,train
e16365edea211dd89bf364b7d437bf39570583d0,C[C@@H]1CCCN1CCc1ccc2nc(-c3ccc(N4CCCCC4)cc3)ccc2c1,1,train
5ab8093179816a8ddce845c58c0f5960a196bc3e,C[C@@H]1CCCN1CCc1ccc2nc(-c3ccc(-n4ccc(=O)cc4)cc3)ccc2c1,1,train
4613f48333d0c753bd7dba6475d24928af835cd3,C[C@@H]1CCCN1CCc1ccc2nc(-c3cnc(-c4ccccc4)s3)ccc2c1,1,train
fb4237c0b4f359bf852e4beb473b44051f42f274,Cc1nc(-c2cccs2)sc1-c1ccc2cc(CCN3CCC[C@H]3C)ccc2n1,1,train
50b2a31a446bbbeef1063bd7058f0eebaa3c2e65,Cc1nc(-c2cnccn2)sc1-c1ccc2cc(CCN3CCC[C@H]3C)ccc2n1,1,test
e43ba9e39f44bffdc89a3ea1f3587bceaecea4b9,Cc1nc(N2CCOCC2)sc1-c1ccc2cc(CCN3CCC[C@H]3C)ccc2n1,1,train
10d5c53ba63c412ca8fc0b783fdcdd9344e6e4b9,Cc1nc(-c2ccccn2)sc1-c1ccc2cc(CCN3CCC[C@H]3C)ccc2n1,1,val
40c39e65f6c3f5c494e790194975cc7fccaad4ba,Cc1nc(-c2cccnc2)sc1-c1ccc2cc(CCN3CCC[C@H]3C)ccc2n1,1,train
d9e0b22f0c2b08360d3193ef222dbc0d96ff7be2,Cc1c(-c2ccc3cc(CCN4CCC[C@H]4C)ccc3n2)nnn1-c1ccc(F)cc1F,1,val
0f448c4ad5aeab97907105d9c7e2681ecf759dc9,Cc1c(-c2ccc(Cl)cc2)noc1-c1ccc2cc(CCN3CCC[C@H]3C)ccc2n1,1,train
5cff1a3d8b3b639d30294c64ea6f83dc1614df8a,Cc1onc(-c2ccc(Cl)cc2)c1-c1ccc2cc(CCN3CCC[C@H]3C)ccc2n1,1,train
3448d67c63888d720b12f0e2b33c8fc4b0ae34b7,C[C@@H]1CCCN1CCc1ccc2nc(-c3c(-c4ccccc4)nn(C)c3Cl)ccc2c1,1,test
7474606b9bbcca0dab577d3b1aeba0abd22c3358,Cc1onc(-c2ccccc2)c1-c1ccc2cc(CCN3CCC[C@H]3C)ccc2n1,1,train
e52161368771ed15397181cc50361740f978f6a3,C[C@@H]1CCCN1CCc1ccc2nc(-c3nc4ccccc4s3)ccc2c1,1,val
3680638f9b2a35eed0e77c4260b53d65f4f7d0fd,Cc1c(-c2ccc3cc(CCN4CCC[C@H]4C)ccc3n2)sc2nc3ccccc3n12,1,test
5dec60732da29cdbc2d02f4d90682f3bfa5be75e,Cc1c(-c2ccc3cc(CCN4CCC[C@H]4C)ccc3n2)sc2ncnn12,1,train
9e5d1dcfcd7378bbfc5a0b6091f0f447dc79f7e6,C[C@@H]1CCCN1CCc1ccc2nc(-c3cn4c(n3)SCC4)ccc2c1,1,val
8768f469d25bd2d2b98c63ee014a4050831fe58c,Cc1nc2ccccn2c1-c1ccc2cc(CCN3CCC[C@H]3C)ccc2n1,1,val
8e7a5e5b968e69a9c8ecc357d42bd6f4df58894a,C[C@@H]1CCCN1CCc1ccc2nc(-c3ccc4nccnc4c3)ccc2c1,1,val
843e3bed9483a83aa408b1a9e43b27706617e413,Cc1nc2ncccc2cc1-c1ccc2cc(CCN3CCC[C@H]3C)ccc2n1,1,val
4e1ae795517aca9291cbb20fd49d9314e73849cd,C[C@@H]1CCCN1CCc1ccc2nc(-c3ccc4c(c3)COCO4)ccc2c1,1,train
28d36ad4b3a4b656cd6d9bf860463b125ce2769b,C[C@@H]1CCCN1CCc1ccc2nc(-c3ccc(C#N)s3)ccc2c1,1,train
21b144b6c455bde71ce104b8d00e463f011caa09,CCOC(=N)c1ccc(-c2ccc3cc(CCN4CCC[C@H]4C)ccc3n2)s1,1,train
67df50bed8d7b1620029099bf851b8116955114e,C[C@@H]1CCCN1CCc1ccc2nc(-c3ccccn3)ccc2c1,1,val
7baf47331d015e7b747bd5099f5f4293e0b4bb5c,Cc1nc(-c2ccncc2)sc1-c1ccc2cc(CCN3CCC[C@H]3C)ccc2n1,1,val
239e43580bcd586aaa29c82e8fd57fd5f7020775,Cc1nc(-c2nc(-c3ccc4cc(CCN5CCC[C@H]5C)ccc4n3)cs2)cs1,1,val
2cd94d2d2f814670acfc57b1be30e40a8bb8aa7a,Cc1cc(-c2nc(-c3ccc4cc(CCN5CCC[C@H]5C)ccc4n3)cs2)no1,1,train
231232d88c623f8dfcefaa6adc6599a6dccef47c,C[C@@H]1CCCN1CCc1ccc2nc(-c3cnc4c(c3)OCO4)ccc2c1,1,test
f722ceeb19ffee38ac20258589325fa6b707f677,Cc1cc2ncc(-c3ccc4cc(CCN5CCC[C@H]5C)ccc4n3)c(C)n2n1,1,train
def38db8ede86d6d444cd08ba92a9e6a4080fe20,C[C@@H]1CCCN1CCc1ccc2nc(-c3ccn4ncnc4n3)ccc2c1,1,test
05c816c75bab4a734e3d241320ade52453e170d0,CNC[C@@H](O)CCN1c2ccccc2N(c2ccccc2)S1(=O)=O,1,train
3f92925d713646476c58d6684e54c5fa479b6a72,CNC[C@@H](O)CCN1c2ccccc2N(c2c(F)cccc2F)S1(=O)=O,0,train
20ff02ec034af5777566b189813ed24896f244c7,CNC[C@@H](O)CCN1c2ccccc2N(c2cc(F)ccc2F)S1(=O)=O,0,train
6cefe0ba162086a714c61d559e9d1f30d592299e,O=S(=O)(c1ccccc1)c1ccc(/C=C/c2ccc(F)cc2F)cc1,1,train
563dc2cb9664c6962f7e3c96d5e5819b3ce960ac,NC(=O)c1ccc(S(=O)(=O)c2ccc(/C=C/c3ccc(F)cc3F)cc2)cc1,1,train
c57aa6d47d8ef20bfd53358690d42ba8bef22836,CC(O)c1ccccc1S(=O)(=O)c1ccc(/C=C/c2ccc(F)cc2)cc1,1,train
9c15e79bbfdd672d5d861875692ddb2ab17d5011,C[C@H](O)c1ccccc1S(=O)(=O)c1ccc(/C=C/c2ccc(F)cc2)cc1,1,train
bd5340ddc63c070daf9b90536ddc04f2bf580079,O=C(NCCCCN1CCCCC1)Nc1ccc(-c2ccc(F)cc2)nc1,1,test
1e9f2a0ab9dac09922af7b9f2491ad97771fb017,COc1ccccc1CC(c1ccccc1)N1CCNCC1,0,train
edb59a31e49b40fee82c429e11e1dbe66a5b7fce,CCCOc1ccccc1CC(c1ccccc1)N1CCNCC1,1,train
82ced32b0d88152f09aa0c930137eec758ae1a49,CC(C)Oc1ccccc1CC(c1ccccc1)N1CCNCC1,1,train
c0a4261ac3a34887aff3fef5dcfa4c6ec0aeec8c,c1ccc(C(Cc2ccccc2OC2CC2)N2CCNCC2)cc1,1,train
365209a65a7590a8539de8f3c8a6327460d18788,c1ccc(C(Cc2ccccc2OCC2CC2)N2CCNCC2)cc1,1,train
3daf174b370feb5e96933b2e5f757b43555d80f8,c1ccc(C(Cc2cccc3c2OCC3)N2CCNCC2)cc1,0,train
fc4e733f9fe37575d55b3beeea234ae435b976bd,FC(F)Oc1ccccc1CC(c1ccccc1)N1CCNCC1,0,train
4cd7ef857d045347dcf5f8c85f2ccc9732d33e15,FC(F)(F)Oc1ccccc1CC(c1ccccc1)N1CCNCC1,0,train
a2a0d2163eafb96a3d7a3e0b409d2507408521b8,COc1c(F)cccc1CC(c1ccccc1)N1CCNCC1,0,train
c49e351f2b7363c5c36420f0d644576e88fe2f6b,COc1cccc(F)c1CC(c1ccccc1)N1CCNCC1,1,train
ffef38e46918cc214c444566909f77dd6c129e67,Fc1cccc(OC(F)F)c1CC(c1ccccc1)N1CCNCC1,0,train
6dd1225baaf5092f7705c7838ed1a9d85ffdc6cc,COc1ccccc1CC(c1ccccc1F)N1CCNCC1,0,train
472b94de73de0e17902183cfe855b589c4a610b7,COc1ccccc1CC(c1ccc(F)cc1)N1CCNCC1,0,train
b86056f1d8cb35ada7a9ac5ebde83c072e5e9249,Fc1ccccc1C(Cc1ccccc1OC(F)F)N1CCNCC1,1,train
f741d05e23be9f67542ece9d4411cfc8da0bb5a3,Fc1cccc(C(Cc2ccccc2OC(F)F)N2CCNCC2)c1,1,train
498093ebdfc52b7f51f11773297c512d4ef024fd,Fc1ccc(C(Cc2ccccc2OC(F)F)N2CCNCC2)cc1,1,train
24b3648ceb0b40f86afe1d47fb0adf55b7d3f826,Fc1ccccc1C(Cc1ccccc1OC(F)(F)F)N1CCNCC1,1,train
60d7f3c22daa82df0588e65dbe852caa6f42760d,Fc1cccc(C(Cc2ccccc2OC(F)(F)F)N2CCNCC2)c1,1,train
366a5aecde234746a8ad26bd5c75aae44765d9c4,Fc1ccc(C(Cc2ccccc2OC(F)(F)F)N2CCNCC2)cc1,1,train
e6ea30e8225e75bf72bb21b7b4a4988bfd838424,COc1ccc(S(=O)(=O)N2CC(C(=O)N3CCCNCC3)c3ccccc32)c2ccccc12,1,val
e50733926e0a1fb1b1ec261a156e9343d2c5b685,CN1C[C@@H]2C[C@H]1CN2c1ccc(-c2ccc3occc3c2)nn1,1,val
119b42a702d2809dfef9c1edd35261c02dddc3f7,CN1C[C@@H]2C[C@H]1CN2c1ccc(-c2ccc3sccc3c2)nn1,1,train
20e17a86dcff22ae5a40c2eab5e4d9b78d802736,CN1C[C@@H]2C[C@H]1CN2c1ccc(-c2ccc3[nH]ccc3c2)nn1,1,train
6d577d34da178fdfd5bbc4c27599e30357ff0fe4,CN1C[C@@H]2C[C@H]1CN2c1ccc(-c2ccc3[nH]c(C(F)(F)F)cc3c2)nn1,1,train
437fb2f402e0aebd80d766953592f629ed6753f4,CN1C[C@@H]2C[C@H]1CN2c1ccc(-c2ccc3cc[nH]c3c2)nn1,1,val
78c435eb40c658a0d112ed6a4d52bc097cb8cba5,Cc1cc2cc(-c3ccc(N4C[C@@H]5C[C@H]4CN5C)nn3)ccc2[nH]1,1,train
3d5a68a160ced625701af969ae910faedb7b8302,CN1C[C@@H]2C[C@H]1CN2c1cnc(-c2ccccc2)cn1,1,train
03dfa50f3c071008330d2bbbaa7d8ecbdf84adf0,CN1C[C@@H]2C[C@H]1CN2c1cnc(-c2ccc3occc3c2)cn1,1,train
a34e3a19fe5d3643ea269d6f5aa6244469e5a1b3,CN1C[C@@H]2C[C@H]1CN2c1cnc(-c2ccc3sccc3c2)cn1,1,test
2048449fcfeec6d0385f45790d0d749ce6202d68,CN1C[C@@H]2C[C@H]1CN2c1cnc(-c2ccc3[nH]ccc3c2)cn1,1,train
3d36143e2cc0280e575bade745963cd18bc5f7ba,CN1C[C@@H]2C[C@H]1CN2c1cnc(-c2ccc3[nH]c(C(F)(F)F)cc3c2)cn1,1,train
4f4db15de925ad3641abf4eaabecc36e4c599c4c,CN1C[C@@H]2C[C@H]1CN2c1cnc(-c2ccc3cc[nH]c3c2)cn1,1,train
ecbdddcd7ef115546b52ab492437140addcd6c83,CN1C[C@@H]2C[C@H]1CN2c1ncc(-c2ccccc2)cn1,1,test
385ca1b9341dc202364f23579924d072cdb455a7,CN1C[C@@H]2C[C@H]1CN2c1ncc(-c2ccc3occc3c2)cn1,1,test
cb68245aeb5b733a22604cf1539436eb9d75e36c,CN1C[C@@H]2C[C@H]1CN2c1ncc(-c2ccc3sccc3c2)cn1,1,test
20a07ed8675004ea42bda08c37150abd13d0f138,CN1C[C@@H]2C[C@H]1CN2c1ncc(-c2ccc3[nH]ccc3c2)cn1,1,train
3bd958ddf56d55cbb530b90961bf058d82a0572b,CN1C[C@@H]2C[C@H]1CN2c1ncc(-c2ccc3[nH]c(C(F)(F)F)cc3c2)cn1,1,train
7d3308c3ca30430e9006b13c46f0d0a3a5c83303,CN1C[C@@H]2C[C@H]1CN2c1ncc(-c2cccc3[nH]ccc23)cn1,1,test
f2e2c061000270429a048a7d4782ef8d12da4c7b,CN1C[C@@H]2C[C@H]1CN2c1ccc(-c2ccccc2)cn1,1,train
f67ee92a181afdfc6e8fd477565737c1aa8248f9,CN1C[C@@H]2C[C@H]1CN2c1ccc(-c2ccc3occc3c2)cn1,1,train
95be6a88432914f472009de58bcccad399239801,CN1C[C@@H]2C[C@H]1CN2c1ccc(-c2ccc3sccc3c2)cn1,1,train
33882e7506c9af55a06af7a9dd94a6c73d5773e1,CN1C[C@@H]2C[C@H]1CN2c1ccc(-c2ccc3[nH]ncc3c2)cn1,1,train
1fdc297ef08a81a7841acc6a85135367ab4efcfd,CN1C[C@@H]2C[C@H]1CN2c1ccc(-c2ccc3[nH]ccc3c2)cn1,1,train
7a8a4c4e6b00077f8cafcc057f81270b7cf0ac5c,CN1C[C@@H]2C[C@H]1CN2c1ccc(-c2ccc3[nH]c(C(F)(F)F)cc3c2)cn1,1,train
bd397dd278b4e34910698d229463a42f3a9a7bbd,CN1C[C@@H]2C[C@H]1CN2c1ccc(-c2cccc3[nH]ccc23)cn1,1,val
1a3bd3f5b532b5adc021c1e0a3ac89a4a5dae91e,CN1C[C@@H]2C[C@H]1CN2c1ccc(-c2ccc3cc[nH]c3c2)cn1,1,train
f09b1279159508ab37c2a455d00604236e4aaf28,CC1(C)CC(NC(=O)CCO)c2cc(-c3ccc(Cl)cc3)c(-c3ccc(Cl)cc3Cl)nc2O1,1,train
f5c04473f0b1db406f2b273e2ef1d40826b50b1c,CN1c2nc(-c3ccc(Cl)cc3Cl)c(-c3ccc(Cl)cc3)cc2C(C(=O)NCO)CC1(C)C,1,train
e109afbd5a6263086ae89eacc45506e64d60318a,Cn1nccc1-c1cc(NC(=O)c2ccc(F)cc2F)ccc1OCCN1CCOCC1,1,train
e159250d410b95ecee0ec4fd235d90ba44f7554d,Cn1nccc1-c1cc(NC(=O)c2cccc(C(F)(F)F)c2)ccc1OCCN1CCOCC1,1,train
e6f49ffb389cfc4bdd9e91e28d4f9939049034b8,COc1cccc(C(=O)Nc2ccc(OCCN3CCOCC3)c(-c3ccnn3C)c2)c1,0,train
65e48cca2816c6ea5a83a7cc9b9844cb8a841500,CC(=O)N1CCN(CCOc2ccc(NC(=O)c3cccc(F)c3)cc2-c2ccnn2C)CC1,1,test
022b8118e866473787a7d0315972aacea6713b5f,C[C@@H]1CCCN1CCc1cc2cc(-c3ccc(C#N)cc3)ccc2o1,1,val
2ce95b419663edc50baa02353dbed420b79fc1ae,C[C@@H]1CCCN1CCc1ccc2nc(-c3ccc(C#N)cc3)ccc2c1,1,val
b6b0458c0894c6134113544892a35a9b7341e0a2,C[C@@H]1CCCN1CCc1ccc2ncccc2c1,1,train
1384e10c36c5b0d8819b5a22c5753e8c272c7741,Cc1ccc2cc(CCN3CCC[C@H]3C)ccc2n1,0,train
ffa4adb5fe936c7ae5673ac50e73ca844d1923fd,C[C@@H]1CCCN1CCc1ccc2nc(C3CC3)ccc2c1,0,train
f9e9f721bb42eafab14b1d0258f1049a166dee6f,C[C@@H]1CCCN1CCc1ccc2nc(C(C)(C)C)ccc2c1,1,train
eb76d2ce94afccfb577fa403e6274f80f6a4151b,C[C@@H]1CCCN1CCc1ccc2nc(-c3nccs3)ccc2c1,1,test
e41d643e47f1d06680f8774d650e795d50519978,C[C@@H]1CCCN1CCc1ccc2nc(C3=NCCS3)ccc2c1,1,val
7d183766563d498cd393902cd227b78b127bad2d,Cc1nc(C)c(-c2ccc3cc(CCN4CCC[C@H]4C)ccc3n2)s1,1,train
8641f3bc6b8f64e921a483b7cdd993d9fb6fa371,C[C@@H]1CCCN1CCc1ccc2nc(-c3cccnc3)ccc2c1,1,train
1b0036e355d11c370ff79fb2143967923ce73191,C[C@@H]1CCCN1CCc1ccc2nc(-c3ccncc3)ccc2c1,1,train
0a25863b1cd9f30b40082d5fe6b99aa2621e7ce0,C[C@@H]1CCCN1CCc1ccc2nc(-c3ccc(Cl)nc3)ccc2c1,1,train
49778840f0278733290fa5530fa6fb9d78b8c060,Cc1ccc(-c2ccc3cc(CCN4CCC[C@H]4C)ccc3n2)cn1,1,train
e49d21129b41a03836c9e88cc0665072563efa8e,Cc1ccc(-c2ccc3cc(CCN4CCC[C@H]4C)ccc3n2)c(C)n1,1,train
196a2cd7fb6267849175f72f28e996216cd887d6,Cc1nc(C)c(-c2ccc3cc(CCN4CCC[C@H]4C)ccc3n2)cc1C#N,1,train
202b5591a69f652b09c8a092495345afccc699f3,Cc1nc(C)c(-c2ccc3cc(CCN4CCC[C@H]4C)ccc3n2)cc1C(N)=O,1,train
b766693dc35d0d61ce281bd5843ac814874e8d5f,C[C@@H]1CCCN1CCc1ccc2nc(-c3c(C(F)(F)F)[nH]ccc3=O)ccc2c1,1,train
1966dbfc6840a8aec7d79f039700dab8c1874367,C[C@@H]1CCCN1CCc1ccc2nc(-c3cnccn3)ccc2c1,1,train
e0a6dc0477664177eeb288fba394823d6ddd9d56,C[C@@H]1CCCN1CCc1ccc2nc(-c3csc(-c4cc(Cl)nc(Cl)c4)n3)ccc2c1,1,test
13e64482a38c2c99529f80be5c2aa8fca454cc79,C[C@@H]1CCCN1CCc1ccc2nc(-c3csc(-c4ccccc4)n3)ccc2c1,1,test
00811b9dacb77664236f050690ff147924d6ee9f,C[C@@H]1CCCN1CCc1ccc2nc(-c3csc(-c4ccc(OCC(F)(F)F)nc4)n3)ccc2c1,1,val
d83e17aa0694fa7148cf5d9c28deaa2eb4456baf,Cc1ccc(-c2ccc(-c3ccc4cc(CCN5CCC[C@H]5C)ccc4n3)s2)s1,1,train
b913060b2b447e05882fcf5e042ee0b2d0245dbd,Cc1c(-c2ccc3cc(CCN4CCC[C@H]4C)ccc3n2)cnn1-c1ccc(Cl)c(Cl)c1,1,test
8be72a017f830aa079f2d6143cb1053ea7a9332e,Cc1c(-c2ccc3cc(CCN4CCC[C@H]4C)ccc3n2)cnn1-c1ccccn1,1,train
26cb707ac5dc7e868824cceec05f99768d1694c3,Cc1cc(C(F)(F)F)cc(-n2ncc(-c3ccc4cc(CCN5CCC[C@H]5C)ccc4n3)c2C)n1,1,train
f457daa622ba81b199d3d831812583cc533f9c52,CCOc1ccc(-n2ncc(-c3ccc4cc(CCN5CCC[C@H]5C)ccc4n3)c2C)nn1,1,train
039286a33a2bba922b5b7f79136bb0ef41c6482f,Cc1c(-c2ccc3cc(CCN4CCC[C@H]4C)ccc3n2)cnn1-c1ccc(N(C)C)nn1,1,train
9fdb4eb1aa7f818379c0ded2f05cfd69f4a3c567,Cc1nc(C)c(-c2ccc3cc(CCN4CCC[C@H]4C)ccc3n2)o1,1,val
177707ba76ea82099ff013484d4a496d217ef14c,C[C@@H]1CCCN1CCc1ccc2nc(-c3cc(Br)no3)ccc2c1,1,train
767f90922b383490a51082988e113c561adea7ad,CCOC(=O)c1c(C)noc1-c1ccc2cc(CCN3CCC[C@H]3C)ccc2n1,1,train
33830ebc86678cbc9ff02801c78ad62ec920d402,O=C(O)c1ccccc1Oc1ccc(Cl)cc1NS(=O)(=O)c1ccc(Cl)c(Cl)c1,1,test
38d116abe1330597b1a3b308a9f96d8c64cce524,Nc1ncc(-c2cnn(C3CCNCC3)c2)cc1-c1nc2ccccc2o1,1,train
5989d287a82bc3081748d0439b1ec8f9fe4e8324,O=C(c1ccc(Oc2ccc(F)cc2)cn1)N1CCCN(C2CCC2)CC1,1,test
4bf9f8ebd39be6785c7ceda932baa3e6b32995f7,O=C(c1ccc(Oc2cccc(F)c2)nc1)N1CCCN(C2CCC2)CC1,1,train
8e8f1831606461d4f927a35d861679d56e5f33f4,N#Cc1cccc(Oc2ccc(C(=O)N3CCCN(C4CCC4)CC3)cn2)c1,1,train
9a4ea0a6e3e7d716dbf1b6338cb5588da63e235c,O=C(c1ccc(Oc2cccc(Cl)c2)nc1)N1CCCN(C2CCC2)CC1,1,train
e1c7b39bbea0eb1a84ab7bab75c4d2d204b4616f,O=C(c1ccc(Oc2ccc(Cl)cc2)nc1)N1CCCN(C2CCC2)CC1,1,train
9d0d766cecdb1439510aa8b3c2871bc074f9bf5f,c1ccc(N2CCN(CCCCCCN3CCN(c4ccccc4)CC3)CC2)cc1,1,train
100383a01e713e94457840d9c1a26ba5efa36b2d,Cc1cccc(N2CCN(CCCCCCN3CCN(c4cccc(C)c4)CC3)CC2)c1,1,train
7e7b2eb129952d19fd472dce46a1225db22c050d,COc1cccc(N2CCN(CCCCCCN3CCN(c4cccc(OC)c4)CC3)CC2)c1,1,train
36e8dcf8696edf8dd27dd3b5adbb058422ababae,Clc1cccc(N2CCN(CCCCCCN3CCN(c4cccc(Cl)c4)CC3)CC2)c1,1,train
4b86c93d9aea5cf9f8a7af9c4984ff82cc5febb2,c1ccc(N2CCN(CCCCCCN3CCN(c4ccccn4)CC3)CC2)cc1,0,train
062d433abcad19f8a7f3c3dd96bf7d5fcc349fc8,Cc1cccc(N2CCN(CCCCCCN3CCN(c4ccccc4)CC3)CC2)n1,1,train
ac13de15842622fcab05dceb77dd676b0ac5e547,Cc1cccc(N2CCN(CCCCCCN3CCN(c4ccccc4)CC3)CC2)c1,1,train
554d972a934a3cd0034cbd5046d561adc2e4013c,c1ccc(N2CCN(CCCCCCN3CCN(c4ccnc5ccccc45)CC3)CC2)cc1,1,train
4aba7262285d1d96ceafa28bc18ec5fd9cc726ef,Cc1cccc(N2CCN(CCCCCCN3CCN(c4ccccn4)CC3)CC2)c1,1,train
3912db2817811b07e20371dded88a44f57450376,Cc1cccc(N2CCN(CCCCCCN3CCN(c4cccc(C)n4)CC3)CC2)c1,1,train
75416a25a2843e485d63122f33547573fabd75de,Cc1cccc(N2CCN(CCCCCCN3CCN(c4ccnc5ccccc45)CC3)CC2)c1,1,train
45e8411c5b47cbf50deca8dd9ae3a9a8aa37a1e9,COc1cccc(N2CCN(CCCCCCN3CCN(c4cccc(Cl)c4)CC3)CC2)c1,1,train
94bb15d2f95d0a3068c7b5b41292327eaa7cb7cc,CC(C)COc1ccc(S(C)(=O)=O)cc1C(=O)N1CCN(c2ccc(C#N)cc2F)CC1,1,train
eba6ce395eb0399ab62f327011f11279ad439cda,CC(C)Oc1ccc(S(C)(=O)=O)cc1C(=O)N1CCN(c2ccc(C#N)cc2F)CC1,1,train
a7252c0d5d044b202a5f5c0c39d32414d444344e,CS(=O)(=O)c1ccc(OCC(F)(F)F)c(C(=O)N2CCN(c3ccc(C#N)cc3F)CC2)c1,1,train
bcb4a606ad9099e565086da6a03a28e961f3ce6d,CC(Oc1ccc(S(C)(=O)=O)cc1C(=O)N1CCN(c2ccc(C#N)cc2F)CC1)C(F)(F)F,1,train
1cd6e67de6856e56eb23ded34a45077ffe9da261,CC(Oc1ccc(S(C)(=O)=O)cc1C(=O)N1CCN(c2ccc(C#N)cc2)CC1)C(F)(F)F,1,train
2efd2fd2271d42ce96e24bb8cab1de748d7a123c,CC(Oc1ccc(S(C)(=O)=O)cc1C(=O)N1CCN(c2ccc(C(F)(F)F)cc2)CC1)C(F)(F)F,1,train
faf59420b654bbe333ba2fb8b1ced667b8c9f0ae,CC(Oc1ccc(S(C)(=O)=O)cc1C(=O)N1CCN(c2ccc(C(F)(F)F)cc2F)CC1)C(F)(F)F,1,train
16591a51711c5699f4bc4403b01018815abb4048,CC(Oc1ccc(S(C)(=O)=O)cc1C(=O)N1CCN(c2ccc(C(F)(F)F)cn2)CC1)C(F)(F)F,0,train
4a08ca322eec979ca06799129a74124004b7b8bf,CC(Oc1ccc(S(C)(=O)=O)cc1C(=O)N1CCN(c2ncc(C(F)(F)F)cc2F)CC1)C(F)(F)F,0,train
4c914b147f401e952a1d8ca0f746662d6921d1c7,CC(Oc1ccc(S(C)(=O)=O)cc1C(=O)N1CCN(c2ncc(C(F)(F)F)cc2Cl)CC1)C(F)(F)F,1,train
6db4ac37c3294c3c2a363a81e80d788c81fa7e93,C[C@H](Oc1ccc(S(C)(=O)=O)cc1C(=O)N1CCN(c2ncc(C(F)(F)F)cc2F)CC1)C(C)(C)C,0,train
79aa549966612b84753e62ae5120a6703090c829,C[C@@H](Oc1ccc(S(C)(=O)=O)cc1C(=O)N1CCN(c2ncc(C(F)(F)F)cc2F)CC1)C(C)(C)C,0,train
db7d6338bd237a35539c86580c18836426036a8f,Cc1ncoc1-c1nnc(SCCCN2CC3CC3(c3ccc(S(F)(F)(F)(F)F)cc3)C2)n1C,1,train
3e3982c7107153501a2a6fb76e63db2eeef1db19,Cc1ncoc1-c1nnc(SCCCN2CC3CC3(c3cccc(S(F)(F)(F)(F)F)c3)C2)n1C,1,train
69b4bf311e460f51a0a136eae9359bee99d06518,O=C(C1CCOC1)N1C[C@@H]2[C@H](CNc3nc(-c4ccccn4)cs3)[C@@H]2C1,1,test
76faea5ddce9d21c4d073ced580e32dde8a352f5,c1cncc(-c2ccccc2O[C@H]2C[C@@H]3CNC[C@H]2C3)c1,1,train
622d4c3797aad1d25e35e34330ea2a14b92f9e57,Oc1cncc(-c2ccccc2O[C@H]2C[C@@H]3CNC[C@H]2C3)c1,1,train
69d8e79f427ad86a869454f3eac7d63c24947470,Fc1ccncc1-c1ccccc1O[C@H]1C[C@@H]2CNC[C@H]1C2,1,train
8828c166d6ff466412609d6581aedbd2efb48691,Cc1c(C(=O)NCCCN2CCN(c3cccc(Cl)c3Cl)CC2)cc(-c2ccccc2)n1C,1,train
2d70185ca8b15e7bbacfc1926d6a2dbbe9f73fc9,CCCn1c(-c2ccccc2)cc(C(=O)NCCCN2CCN(c3cccc(Cl)c3Cl)CC2)c1C,1,train
06321fa04c17a76f7f0896a4188c72c129088824,CCCn1c(-c2ccccc2)cc(C(=O)N(C)CCCN2CCN(c3cccc(C)c3C)CC2)c1C,1,train
ae2e7f1489e04ef17005b60cbbaad2366658a021,Cc1c(C(=O)N(C)CCCN2CCN(c3cccc(Cl)c3Cl)CC2)cc(-c2ccccc2)n1C,1,train
f3a8dfeb02f43687c491ed9860f5146772920ee2,Cc1[nH]c(-c2ccccc2)cc1C(=O)NCCCN1CCN(c2cccc(Cl)c2Cl)CC1,1,train
22f980cc415b6ff26719f817a3b625dc4e27fbcf,Cc1[nH]c(-c2ccccn2)cc1C(=O)NCCCN1CCN(c2cccc(Cl)c2Cl)CC1,1,train
5290ac449ded40fe75d0138ca10c5833a3afc978,Cc1c(C(=O)NCCCN2CCN(c3cccc(Cl)c3Cl)CC2)cc(-c2ccccn2)n1C,1,train
ae938f6d17b422735d04fbc6a0cbef4fea6fb537,CCCn1c(-c2ccccn2)cc(C(=O)NCCCN2CCN(c3cccc(Cl)c3Cl)CC2)c1C,1,train
5c9da741b1285dfe04838499df5446a72574ac05,Cc1c(C(=O)NCCCN2CCN(c3cccc(Cl)c3Cl)CC2)cc(-c2cccnc2)n1C,1,train
7858809138cad43b03b47a6337d12e3c5451207a,Cc1cccc(N2CCN(CCNC(=O)c3cc(C(C)(C)C)n(C)c3C)CC2)c1C,0,train
984257b08fa7591b3747aeb79c8bfa64534bf652,Cc1c(C(=O)NCCN2CCN(c3cccc(Cl)c3Cl)CC2)cc(C(C)(C)C)n1C,1,train
13fa2879b2332e32da5a44d60b348c52706ecfdd,N#Cc1ccc(N2N=C(c3ccc4[nH]c(=O)oc4c3)C[C@@H]2c2ccc(F)cc2)cc1,1,train
64fa37e02797c4e55fe21c5f5c94ca20e2254b5a,CN(C)CCN(C)C(=O)c1ccc(C2=NN(c3ccc(C#N)cc3)C(c3ccc(F)cc3)C2)cc1,1,test
751530ba3f43f7a1b36e1e59b6e890725cb3e31f,NC(=O)c1cnc(-c2cnc3c(Nc4ccc(C(F)(F)F)cn4)ccnc3n2)c(C(F)(F)F)c1,1,train
4893fe31f3006b2b99f8edcf45f679c72c9126fa,Cn1cc(Br)c(C(=O)N2CCN(CC(=O)c3ccc(F)cc3)CC2)n1,0,train
f514b1a328524c1e6bf73e73cadc01231db1005c,Cn1cc(Cl)c(C(=O)N2CCN(CC(=O)c3ccc(F)cc3)CC2)n1,0,train
eca7f1fe12bb058d5ff015875a0cc215ad4b73ea,CC(C)c1ccc(S(=O)(=O)Nc2ccc([C@@]34C[C@@H]3CN(C)C4)cc2)cc1,1,train
0a604c923f15680c68bd8ab808cf510be71a366f,CCN1C[C@H]2C[C@@]2(c2ccc(NS(=O)(=O)c3ccc(C(C)C)cc3)cc2)C1,1,train
ae1320c708208a8cb109cd0fbda861c91f8b30e4,C=CCN1C[C@H]2C[C@@]2(c2ccc(NS(=O)(=O)c3ccc(C(C)C)cc3)cc2)C1,1,train
706f1bb5a0f5120bd18a4e352f39ecd49675dade,COc1cc([C@]23CNC[C@H]2C3)ccc1NS(=O)(=O)c1ccc(C(C)C)cc1,1,train
d95d6af77da77d09a53527beb8e0395958afc40c,O=S(=O)(Nc1ccc([C@]23CNC[C@H]2C3)cc1)c1ccc(C(F)(F)F)cc1,1,train
8b2c3514d2f607245767860e9827087700b6379d,O=S(=O)(Nc1ccc([C@]23CNC[C@H]2C3)cc1)c1ccc(OC(F)(F)F)cc1,1,train
300363b153931868ee0b8cdb31b8e6c4e60ad49b,CC(C)c1ccc(S(=O)(=O)Cc2ccc([C@]34CNC[C@H]3C4)cc2)cc1,1,test
5f81c904f4979c45fae7d718ee1c41b8fa90f8e5,CC(C)c1ccc(CS(=O)(=O)c2ccc([C@]34CNC[C@H]3C4)cc2)cc1,1,train
33f6dea8f9110caaa9b2c5efb51a71f7a6373d75,CCCCc1ccc(S(=O)(=O)Nc2ccc([C@]34CNC[C@H]3C4)cc2)cc1,1,train
00951de87ad0879d3b35a43a654cf8b087c3e3b1,CCC(C)(C)c1ccc(S(=O)(=O)Nc2ccc([C@]34CNC[C@H]3C4)cc2)cc1,1,train
f867673751ebb30235d3a0705d6d076f1e353abb,CC(C)c1ccc(S(=O)(=O)Nc2ccc(C34CNCC3C4)cc2)cc1,1,train
66188d281b50069173e925ddcb0b6b537cb2304e,Cc1ccc(CN2[C@@H]3CC[C@H]2C[C@@H](Oc2cccc(C(N)=O)c2)C3)s1,1,train
7736c397e2d271dd0c0fe7c38554565e8af5c92e,NC(=O)c1cccc(O[C@H]2C[C@H]3CC[C@@H](C2)N3CC2CCCCC2)c1,1,train
0c6dd37f9f81323212635646ce4cd14766e6dc31,NC(=O)c1cccc(O[C@H]2C[C@H]3CC[C@@H](C2)N3Cc2ccccc2)c1,1,train
ef658846d6773cffd477cc7149c70cbc2a5c1746,NC(=O)c1cccc(O[C@@H]2C[C@H]3CC[C@@H](C2)N3Cc2ccccc2)c1,1,train
62ce0b8880b713b6bd4870c71ebed9e3f8385f06,NC(=O)c1cccc(C[C@H]2C[C@H]3CC[C@@H](C2)N3Cc2ccccc2)c1,1,train
99e9d60ed1b818a171543eab71b61e3438c29920,NC(=O)c1cccc(C[C@@H]2C[C@H]3CC[C@@H](C2)N3Cc2ccccc2)c1,1,train
68ce451a41ae9d7da2c6aface87069bcb2379401,NC(=O)c1cccc(S[C@H]2C[C@H]3CC[C@@H](C2)N3Cc2ccccc2)c1,1,test
75031ea74ac69f6348e1882cd8fe984e38b10e47,NC(=O)c1cccc([S+]([O-])[C@H]2C[C@H]3CC[C@@H](C2)N3Cc2ccccc2)c1,0,test
2b88567f8f76465d300f75d132f58146bdf0286a,NC(=O)c1cccc(N[C@H]2C[C@H]3CC[C@@H](C2)N3Cc2ccccc2)c1,1,train
30999e869f2a8a008acc9448acb9cb3c47616f0f,NC(=O)c1ccnc(O[C@H]2C[C@H]3CC[C@@H](C2)N3Cc2ccccc2)c1,1,train
3a51e12e7eb6b88178bc8055cfa23cf31c9225bc,NC(=O)c1cc(O[C@H]2C[C@H]3CC[C@@H](C2)N3Cc2ccccc2)ccn1,1,train
6e630b9489b01637e068d868bdacf3d0d9cb1c19,NC(=O)c1cncc(O[C@H]2C[C@H]3CC[C@@H](C2)N3Cc2ccccc2)c1,1,train
0222467b67bbc3609c1fa598b9c0863f1cdd9613,NC(=O)c1cccc(O[C@H]2C[C@H]3CC[C@@H](C2)N3Cc2ccccc2)n1,1,train
5e4f40190a1c4c5d4dd4b71acd7059fb496e9058,NC(=O)c1cncc(O[C@H]2C[C@H]3CC[C@@H](C2)N3Cc2ccccc2)n1,0,train
9f5ffbb2668b633da05dd25f4e89c8d642c22927,NC(=O)c1cc(F)cc(O[C@H]2C[C@H]3CC[C@@H](C2)N3Cc2ccccc2)c1,1,train
3efd80406cde1e219fb4b3ccf808fc6644f46f56,Cc1cc(O[C@H]2C[C@H]3CC[C@@H](C2)N3Cc2ccccc2)cc(C(N)=O)c1,1,train
9720218b4f4d59a03c916e784278e24ef5df377c,Cc1c(O[C@H]2C[C@H]3CC[C@@H](C2)N3Cc2ccccc2)cccc1C(N)=O,1,train
e89fb900630df90880a211d5d17b3ca027f79f1f,NC(=O)c1ccccc1O[C@H]1C[C@H]2CC[C@@H](C1)N2Cc1ccccc1,1,train
496f3d4f265c6525c99ab5cd626e7d39dda04379,NC(=O)c1ccc(O[C@H]2C[C@H]3CC[C@@H](C2)N3Cc2ccccc2)cc1,1,train
835e75d7ddd463e23aef227cf359bdde6a388ce7,Cc1cc(C(N)=O)ccc1O[C@H]1C[C@H]2CC[C@@H](C1)N2Cc1ccccc1,1,train
fba8aaf43af248b94d14f4cf70070aa9c3dd897e,NC(=O)c1ccc(O[C@H]2C[C@H]3CC[C@@H](C2)N3Cc2ccccc2)c(F)c1,1,train
99385055608f01917eacd343db4ad53b19f723aa,NC(=O)c1ccc(O[C@H]2C[C@H]3CC[C@@H](C2)N3Cc2ccccc2)nc1,1,train
19917b7ea2ef8f5d8d41a7a50f3e421bec17eea0,Oc1cccc(O[C@H]2C[C@H]3CC[C@@H](C2)N3Cc2ccccc2)c1,1,train
a17736b78dc9cd534cb3e07c153c6ebdc9c7ab73,CCCC1(C(=O)c2cc(F)c3[nH]ccc3c2)CCCN1,1,train
47df49af060c9b05a7ee8b9ab5fb7aef9e46813e,CCCC1(C(=O)c2ccc(Cl)c(Cl)c2)CCCN1,1,train
9d5c3db0e32ca8cdbd22d932516ed54498d5b7e5,CC(C)c1ccc(S(=O)(=O)Nc2ccc([C@]34CNC[C@H]3C4)cc2)cc1,1,train
0acbf3dba36f0ae05d398d82a1dc65dbf0e7e631,CC(C)N1CC(C(=O)Nc2ccc(Cl)cn2)C(C(=O)Nc2ccc(-n3ccccc3=O)cc2F)C1,0,val
87e7765ae46908e19fb477128dbfb5730b8521b4,CN(C(=O)CC[C@@H](C1CCCCC1)N1Cc2cc(Oc3ccccc3)ccc2N=C1N)C1CCCCC1,1,test
9d43788022e2a3558ba82271d63ca7b1e61e55be,CC[C@@H](CC(=O)NCC1CCCCC1)n1c(N)nc2cc(Cl)ccc21,1,train
ab188dfe6bcd6f958a9095007fbe159aeee82cbc,Cc1c(C(=O)NN2CCCCC2)nn(-c2ccc(Cl)cc2Cl)c1-c1ccc(Cl)cc1,1,train
f6ddea854737a730a3c6c45cb6340946d0236a7e,C[C@H](NC(=O)C(C)(C)Oc1ccc(C(F)(F)F)cn1)[C@@H](Cc1ccc(Cl)cc1)c1cccc(C#N)c1,0,test
2cde96b34d16de1819f76a675d760f7395f8274c,CC(C)(C)c1nnc(-c2nn(-c3ccccc3Cl)c(-c3ccc(Br)cc3)c2Cn2cncn2)s1,0,val
2f2ff525454a203771d2db65eb1137e5d0102b7e,Cc1ccc2c(N3CCN(CCc4cccc5c4OCc4nccn4-5)CC3)cccc2n1,1,train
7b573f80a473e59107684ff1606a347fc1db5aab,Cc1cn2c(n1)COc1c(CCN3CCN(c4cccc5nc(C)ccc45)CC3)cccc1-2,1,train
2333c45dc1ad7c29862a50cdc77ce2f8612e60a3,Cc1ccc2c(N3CCN(CCc4cccc5c4OCc4nc(C)c(C)n4-5)CC3)cccc2n1,1,train
b097edbbd3d3b670370a01a7909f4a2b69c84fab,Cc1ccc2c(N3CCN(CCc4cccc5c4OCc4nc(C(F)(F)F)cn4-5)CC3)cccc2n1,1,train
01edd5c006c11542dd4a6bd3759e1c4685e67f9d,Cc1ccc2c(N3CCN(CCc4cccc5c4OCc4cncn4-5)CC3)cccc2n1,1,train
493d558a6f95bc4df6457cbe79ee82bad2928dc6,Cc1ccc2c(N3CCN(CCc4cccc5c4OCc4nnc(C)n4-5)CC3)cccc2n1,0,val
cf22bced19d8d27d68e8782f797c0b52e9b98dce,Cc1ccc2c(N3CCN(CCc4cccc5c4OCc4c(C)nnn4-5)CC3)cccc2n1,1,train
015438f8b909b29ca102d8554ac3cc578fc71a3c,Cc1ccc2c(N3CCN(CCc4cccc5c4OCc4nnnn4-5)CC3)cccc2n1,1,val
ee6f5f6097b15bf352e13c2fd5f36f8d10b94486,CCOC(=O)c1ncn2c1COc1c(CCN3CCN(c4cccc5nc(C)ccc45)CC3)cccc1-2,1,train
b521289308625642cf97f361d40452fb95497579,CC(=O)c1ncn2c1COc1c(CCN3CCN(c4cccc5nc(C)ccc45)CC3)cccc1-2,1,train
921fedbb42df93650f498e931039710613be903e,CO/N=C(\C)c1ncn2c1COc1c(CCN3CCN(c4cccc5nc(C)ccc45)CC3)cccc1-2,1,train
7e00a2dd26c10f62733833863ebb1243f3d044e3,Cc1ccc2c(N3CCN(CCc4cccc5c4OCc4c(C(=O)N(C)C)ncn4-5)CC3)cccc2n1,1,train
312a648e8cb37921ba19e04fa5e19fd7cdef39cb,Cc1ccc2c(N3CCN(CCc4cccc5c4OCc4c(C#N)ncn4-5)CC3)cccc2n1,1,train
db88b444a0d4027ca1dfc3b0a114a4b59f6c36c2,Cc1ccc2c(N3CCN(CCc4cccc5c4OCc4c(C(N)=O)ncn4-5)CC3)cccc2n1,0,train
4b5e08405fcc0b545a85d811d32ce6c696d20053,Cc1ccc2c(N3CCN(CCc4cccc5c4OCc4c(C(=O)NC(C)C)ncn4-5)CC3)cccc2n1,1,train
ce66d1879911501076d611b70ed9eba26f8ff042,Cc1ccc2c(N3CCN(CCc4cccc5c4OCc4c(C(=O)NC6CC6)ncn4-5)CC3)cccc2n1,1,test
6450bc8a2ac6a142fd93817648977f95ca008fda,Cc1ccc2c(N3CCN(CCc4cccc5c4OCc4c(C(=O)NC6CCC6)ncn4-5)CC3)cccc2n1,1,val
ceb9a1b674daa2ec0316d0dc738bf9d1b7ae3363,Cc1ccc2c(N3CCN(CCc4cccc5c4OCc4c(C(=O)NC6CCCC6)ncn4-5)CC3)cccc2n1,1,train
2f7791387454837471dc8f9dd569e6e46031d8f1,Cc1ccc2c(N3CCN(CCc4cccc5c4OCc4c(C(=O)NCC6CC6)ncn4-5)CC3)cccc2n1,1,test
b6af76e7ab5205c36ec4f81bdfde7daf0d0d7e07,Cc1ccc2c(N3CCN(CCc4cccc5c4OCc4c(C(=O)N6CCC6)ncn4-5)CC3)cccc2n1,1,test
3b696e7c0111829dcd0682775ff9b1251a5815c6,Cc1ccc2c(N3CCN(CCc4cccc5c4OCc4c(C(=O)N6CCCC6)ncn4-5)CC3)cccc2n1,1,train
77537d58aa74e61ec8d7aa284ec6003047165da5,Cc1ccc2c(N3CCN(CCc4cccc5c4OCc4c(C(=O)N6CCCCC6)ncn4-5)CC3)cccc2n1,1,train
e1aad022200dbdab16dad848457121e9eb4122b4,Cc1ccc2c(N3CCN(CCc4cccc5c4OCc4c(C(=O)N6CCOCC6)ncn4-5)CC3)cccc2n1,1,val
04dbbd093dc4e7d61c41d2ec85d3518fa68b74f9,CNC(=O)c1ncn2c1COc1c(CCN3CCN(c4cccc5nc(C)ccc45)CC3)cccc1-2,1,train
9967cfeff38c7f970d0f0546a297c38d12836213,C[C@H]1Cc2c([nH]c3cc(Cl)c(F)cc23)[C@@]2(N1)C(=O)Nc1ccc(Cl)cc12,0,test
dc079f510a8b94599e075fda9cfdc80c0a005296,NC(=O)c1cccc(O[C@@H]2C[C@H]3CC[C@@H](C2)N3Cc2cccs2)c1,1,train
cf988b84f3dfbc73ace95bd927e82173ced0414d,Cc1ccc(CN2[C@@H]3CC[C@H]2C[C@H](Oc2cccc(C(N)=O)c2)C3)s1,1,train
289fb281ebfc90c2a31037d682e9876904b96fa7,Cc1ccc(CN2[C@@H]3CC[C@H]2C[C@H](Oc2cccc(C(N)=O)c2)C3)o1,1,train
c01c86abadd02b40f936b9f01c006ff9c97a3291,NC(=O)c1cccc(O[C@@H]2C[C@H]3CC[C@@H](C2)N3CCc2ccccc2)c1,1,train
af973f892b073c12339ae6d5bd8d5ef2cdb71297,NC(=O)c1cccc(O[C@@H]2C[C@H]3CC[C@@H](C2)N3CCCc2ccccc2)c1,1,train
5219734e25c4bcb691118b80c5c54bc8a6eb56ef,Cc1ccc(CN2[C@@H]3CC[C@H]2C[C@H](Oc2cccc(C(N)=O)c2)C3)cc1,1,train
00bee77d0c26b185bef4617a82777bc5a57a8ead,Cc1cccc(CN2[C@@H]3CC[C@H]2C[C@H](Oc2cccc(C(N)=O)c2)C3)c1,1,train
06367acef88d471e51e0e11fe272d5c32e5e585d,Cc1ccccc1CN1[C@@H]2CC[C@H]1C[C@H](Oc1cccc(C(N)=O)c1)C2,1,train
dfb90f4d9da68d36053ac18fb897101ea22a52a5,NC(=O)c1cccc(O[C@@H]2C[C@H]3CC[C@@H](C2)N3Cc2ccncc2)c1,1,train
1add3f105a1604798ceee164532b999a87519ed1,NC(=O)c1cccc(O[C@@H]2C[C@H]3CC[C@@H](C2)N3Cc2cccnc2)c1,1,train
fdeba553dae05daed9fb70200ae44c22b020c798,NC(=O)c1cccc(O[C@@H]2C[C@H]3CC[C@@H](C2)N3Cc2ccccn2)c1,1,val
9a5f4f5bf9b6514bd9f023a426f845206bef6d54,NC(=O)c1cccc(O[C@@H]2C[C@H]3CC[C@@H](C2)N3CC2CC2)c1,1,train
7a66754c4f43d1c213fabbf403cc964e4370cd4b,NC(=O)c1cccc(O[C@@H]2C[C@H]3CC[C@@H](C2)N3CC2CCCCC2)c1,1,train
0911d2f6f8dfaee533046ff8abd7822721f761ae,NC(=O)c1cccc(O[C@@H]2C[C@H]3CC[C@@H](C2)N3Cc2ccc3c(c2)OCO3)c1,1,train
7be4a775e1d4e0094d1c784fa1b63924e9427421,CS(=O)(=O)Cc1ccc(CN2[C@@H]3CC[C@H]2C[C@H](Oc2cccc(C(N)=O)c2)C3)cc1,1,train
35bcf2d51466d7fb12db07f3bd8323dfcc744a30,NC(=O)c1cccc(O[C@@H]2C[C@H]3CC[C@@H](C2)N3CC(=O)Nc2ccccc2)c1,1,val
84b1d32e701cf65156ec04a01d77be8ee3d80330,CC(c1ccccc1)N1[C@@H]2CC[C@H]1C[C@H](Oc1cccc(C(N)=O)c1)C2,1,train
8cbc1d2a6bb46c5836042393a16865d2a0b2f3d3,Cc1ccc(C(C)N2[C@@H]3CC[C@H]2C[C@H](Oc2cccc(C(N)=O)c2)C3)s1,1,train
7c5d428909ede95e57bfbc089e28f49fa65bc179,Cc1ccccc1C(C)N1[C@@H]2CC[C@H]1C[C@H](Oc1cccc(C(N)=O)c1)C2,1,train
6cab743da97fe8ed099d570f9e97cc82018ba637,NC(=O)c1cccc(O[C@@H]2C[C@H]3CC[C@@H](C2)N3C2CCCc3ccccc32)c1,1,val
7be2b74399104960fa8a6a0b3a2bf7d8c4b80b9a,NC(=O)c1cccc(O[C@@H]2C[C@H]3CC[C@@H](C2)N3C2CCCCC2)c1,1,train
4d6e272dcf265cbb7b9efdebc5241c742c54049e,CC(C)(c1ccccc1)N1[C@@H]2CC[C@H]1C[C@H](Oc1cccc(C(N)=O)c1)C2,1,train
0e20f3c609f72f2bc0d89db3accc8bbe9a1ddc45,NC(=O)c1cccc(O[C@@H]2C[C@H]3CC[C@@H](C2)N3C2(c3ccccc3)CC2)c1,1,val
13a1b78e6b6721c0a03bb78c78de83380f683604,CC(c1ccncc1)N1[C@@H]2CC[C@H]1C[C@H](Oc1cccc(C(N)=O)c1)C2,1,train
ac34d70ee9013f955647dc35baefcf77bf4bd651,C[C@H](c1ccccc1)N1[C@@H]2CC[C@H]1C[C@H](Oc1cccc(C(N)=O)c1)C2,1,train
d057b442681f461068a7fc2c97a8ed7dd09376c7,C[C@@H](c1ccccc1)N1[C@@H]2CC[C@H]1C[C@H](Oc1cccc(C(N)=O)c1)C2,1,train
1a10e0fbe04ce6055e603fc6a4e01d3d4a6d26fd,COc1cccc([C@@H](C)N2[C@@H]3CC[C@H]2C[C@H](Oc2cccc(C(N)=O)c2)C3)c1,1,train
534226f5bd04dc0163594b82571614ba8cd452cc,Cc1ccc([C@@H](C)N2[C@@H]3CC[C@H]2C[C@H](Oc2cccc(C(N)=O)c2)C3)cn1,1,train
94e707f6df5302476e07518a4dde44257fe57bc8,C[C@H](c1ccnc(Cl)c1)N1[C@@H]2CC[C@H]1C[C@H](Oc1cccc(C(N)=O)c1)C2,1,train
e4f6ee80b8676b82523770708aa735ecee7c3d53,C[C@H](c1ccc(Cl)nc1)N1[C@@H]2CC[C@H]1C[C@H](Oc1cccc(C(N)=O)c1)C2,1,train
2bd02f4444add0335e840e7248db9ea813e28ec8,Cc1ccc([C@@H](C)N2[C@@H]3CC[C@H]2C[C@H](Oc2cccc(C(N)=O)c2)C3)s1,1,train
bcf02522e489455072036fd1ac959b65af9d04ce,O=C1NCc2ccc(OCCCN3CCN(c4cccc5cc(F)ccc45)CC3)cc21,1,train
879fd02582f67803949cabbe01c25d15c85aa214,c1ccc2c(N3CCN(CCCOc4ccc5c(c4)CNC5)CC3)cccc2c1,1,train
eaf5f0f2292013752b6907433c54ca0375602f62,O=C1NCc2ccc(OCCCN3CCN(c4cccc5cc(F)c(F)cc45)CC3)cc21,1,train
e9a5f4df91026aec7aa992886330beb71eb400e3,Fc1ccc2cccc(N3CCN(CCCOc4ccc5c(c4)CNC5)CC3)c2c1,1,train
3be407f31b9903820a51aa5889aacca94f4a35fc,O=C1NCc2ccc(OCCCCN3CCN(c4cccc5cc(F)ccc45)CC3)cc21,1,train
85c481879f07e462f1b5d423666bcb9dc2dcbdb6,O=C1NCc2ccc(OCCCN3CCN(c4cccc5cccc(F)c45)CC3)cc21,1,train
75445d0d7a964797eb000f0bcb5ee8e9554c0a44,c1ccc2c(N3CCN(CCCCOc4ccc5c(c4)CNC5)CC3)cccc2c1,1,train
58223c0f3ef91c4f4cb1710f8a93cf6a14ae23d2,Fc1ccc2cccc(N3CCN(CCCCOc4ccc5c(c4)CNC5)CC3)c2c1,1,train
c1a0823eda7f061b06886915ea04a812a1e4c4e2,O=C1NCc2ccc(OCCCCN3CCN(c4cccc5ccccc45)CC3)cc21,1,train
918c3c42cd0fe2847b6f2c38780ee15711384763,O=C1NCc2ccc(OCCCCN3CCN(c4cccc5cc(F)c(F)cc45)CC3)cc21,1,train
6073e9439f9586b1ce82a10b8c8f86b928b2de43,O=C1NCc2ccc(OCCCCN3CCN(c4cccc5cccc(F)c45)CC3)cc21,1,train
22f59a1c363256543a1011a8c12934335009f278,O=C1NCc2ccc(OCCCN3CCN(c4cccc5ccccc45)CC3)cc21,1,train
975b464b7959cfcb46497f023b550eca1dff39a7,O=C1NCc2ccc(OCCCN3CCN(c4cccc5ccc(F)cc45)CC3)cc21,1,train
433d03fa6082b135647c4963929fc02a8f47814b,Cc1ncoc1-c1nnc(SCCCN2CCC3CC3(c3ccccc3)C2)n1C,1,train
c0bf9b445a270616490e746aae790c1e71606767,Cc1ncoc1-c1nnc(SCCCN2CCC3(c4ccccc4)CC3C2)n1C,1,train
0651a225401b838a706b7a7b7f09cac123dd17f7,Cc1ncoc1-c1nnc(SCCCN2CCC3CC3(c3ccc(C(F)(F)F)cc3)C2)n1C,1,train
6bb68124b8a9d3b0f802f3e2dcb0f07fe4434f0c,Cc1ncoc1-c1nnc(SCCCN2CCC3(c4ccc(C(F)(F)F)cc4)CC3C2)n1C,1,train
eaaba894cbc7797cdab09875a4cabcd49e6c324d,Cc1ncoc1-c1nnc(SCCCN2CCC3CC3(c3cccc(C(F)(F)F)c3)C2)n1C,1,train
0958b1c97b950e35d0d1fff2cbeb3aa9721bfe7e,Cc1ncoc1-c1nnc(SCCCN2CCC3(c4cccc(C(F)(F)F)c4)CC3C2)n1C,1,train
600e8736178ed026abfc04901a9bd66817ec9d0d,Cc1ncoc1-c1nnc(SCCCN2CCC3CC3(c3ccc(C(F)(F)F)cc3)CC2)n1C,1,train
b700643d1c8f721ddb2150a1aaefb1ea6f64f6d3,Cc1nc(C)c(-c2nnc(SCCCN3CCC4CC4(c4ccc(C(F)(F)F)cc4)CC3)n2C)o1,1,train
09800af871495401aaf2af5870adf15e74fd5dd7,Cc1nc(C)c(-c2nnc(SCCCN3CCC4CC4(c4ccc(C(F)(F)F)cc4)CC3)n2C)s1,1,train
8a20ea94d286f3f40b1455bddc68fb27217184be,Cn1c(SCCCN2CCC3CC3(c3ccc(C(F)(F)F)cc3)CC2)nnc1-c1ccnnc1,1,train
8d3d1d7deec7921a0602772fa6b963a44694105d,Cc1ncoc1-c1nnc(SCCCN[C@@H]2CC[C@]3(c4ccc(C(F)(F)F)cc4)CC23)n1C,1,train
774e317c69736a759e0256af5be12a1202279bf5,Cc1ncoc1-c1nnc(SCCCN[C@H]2CC[C@]3(c4ccc(C(F)(F)F)cc4)CC23)n1C,1,train
37886165a9a660ba5de4e2646da3040c91a64bc5,Cc1ncoc1-c1nnc(SCCCN[C@@H]2CC[C@]3(c4ccc(C(F)(F)F)cc4F)CC23)n1C,1,train
04d12e800f77a052b9fbbcbc18195d8177fc0e48,Cc1ncoc1-c1nnc(SCCCN[C@@H]2CC3C[C@]3(c3ccc(C(F)(F)F)cc3F)C2)n1C,1,train
2ed3665d94eb583b05a2324b5d3c6c14932fd09c,Cc1ncoc1-c1nnc(SCCCN2CCC3(CCCc4cc(Br)ccc43)C2)n1C,1,train
4010a2a73d8a0c028dfb578dc0f95d8911151e6c,Cc1ncoc1-c1nnc(SCCCN2CCC3(CCCc4ccc(Br)cc43)C2)n1C,1,train
e6a9866ad1ee6bf414d43f4a119a9a8af880cc1f,COc1ccc2c(c1)CCCC21CCN(CCCSc2nnc(-c3ocnc3C)n2C)C1,1,train
f62456e66a44c7a7297f4301621682c9bcf44200,COc1cccc2c1CCCC21CCN(CCCSc2nnc(-c3ocnc3C)n2C)C1,1,train
d12b7cdfb689712d3176fb4cfe17b64fbe21f4a2,COc1ccc2c(c1)C1(CCC2)CCN(CCCSc2nnc(-c3ocnc3C)n2C)C1,1,train
835a687a3dfff1d77fc1b064948a6e0907d1ccd9,Cc1ncoc1-c1nnc(SCCCN2CCC3(CCOc4ccccc43)C2)n1C,1,val
80f2e7cc1a67374857a09fb926caeb590460c5db,Cc1ncoc1-c1nnc(SCCCN2CCC3(CCc4cc(Br)ccc43)C2)n1C,1,train
f3db6de07fe7e694f9e4a78325c6b0be6fdadbbb,Cc1ncoc1-c1nnc(SCCCN2CCC3(CCc4c(Br)cccc43)C2)n1C,1,train
cdb4a7bc5ae409eb663ccb32e1d1deb17680e228,Cc1ncoc1-c1nnc(SCCCN2CCC3(CCc4ccc(Br)cc43)C2)n1C,1,train
e31c07b7ac9f5ebdecc7f71d4085484cc02e2b06,Cc1nc(C)c(-c2nnc(SCCCN3CCC4(CCc5ccc(Cl)cc54)C3)n2C)s1,1,train
767eae6522c18e13f34a44d07376015fc0fbf7ce,Cc1nc(C)c(-c2nnc(SCCCN3CCC4(CCc5cc(Cl)ccc54)C3)n2C)s1,1,train
945b0597843c43d1437f49c82f3149da95d0031b,Cc1ncoc1-c1nnc(SCCCN2CCC3(CCc4cc(F)ccc43)C2)n1C,1,train
8e2d2c17e86666d4d2c3fe7402492d050662636e,Cc1nc(C)c(-c2nnc(SCCCN3CCC4(CCc5ccc(F)cc54)C3)n2C)s1,1,train
05f173813cb685d71147d3beed85cd54ca012338,Cc1ncoc1-c1nnc(SCCCN2[C@@H]3CC[C@H]2C[C@@H](c2ccc(C(C)(C)C)cc2)C3)n1C,1,train
685fe3bf54f49efce942f8f9ab4ea8bcc3095b6c,Cc1ncoc1-c1nnc(SCCCN2[C@@H]3CC[C@H]2C[C@@H](c2ccc(C(F)(F)F)cc2)C3)n1C,1,train
edfbde780e9062be21508a3a8d31ba0da7f9c52c,Cc1ncoc1-c1nnc(SCCCN2[C@@H]3CC[C@H]2C[C@@H](c2cccc(C(F)(F)F)c2)C3)n1C,1,train
566219e3de51017c5afa870df58652856adae2ea,Cc1ncoc1-c1nnc(SCCCN2[C@@H]3CC[C@H]2C[C@@H](c2ccc(C(F)(F)F)cc2F)C3)n1C,1,train
eb7ee9ca06acbfa9a5d7c57f08a0bae629c4d938,Cc1ncoc1-c1nnc(SCCCNC2CC3CC3(c3ccccc3)C2)n1C,1,train
9201239c1113933f51ca7c7764d71eefa0a2a5d8,N#Cc1nc(CCCN2CCCCC2)cc(C2CCCCCC2)n1,1,train
e5018014b64f69796b12ea5c178269a07cde1ee3,CCCc1cc(-c2cc(C(=O)N(C)CCN(C)C)cc(C(F)(F)F)c2)nc(C#N)n1,1,train
c743d9f5bf232647735be173dce68ad3fe431a87,CCCc1cc(-c2cc(C(=O)N(CCN(C)C)Cc3ccccc3)cc(C(F)(F)F)c2)nc(C#N)n1,1,train
80b5d04b9c55e4e918c02735704612a362964385,CCCc1cc(-c2cc(C(=O)N(C)Cc3ccccc3)cc(C(F)(F)F)c2)nc(C#N)n1,1,train
cb5187b2b3885ec7785e4f7e35d4bc9cdcd48534,N#Cc1nc(CCCO)cc(-c2cccc(C(F)(F)F)c2)n1,0,train
2dc3e4f66e60666309dca8bb3f472c0434ff47ba,CCC(CC)NC(=O)CCc1cc(-c2cccc(C(F)(F)F)c2)nc(C#N)n1,1,train
473cd5fd1688a7a7b0ac9c6d7341317d12b20aa1,CNCCCc1cc(-c2cccc(C(F)(F)F)c2)nc(C#N)n1,1,train
96f80e986ae3768a4ae24ee4ccb226435b94c7e6,N#Cc1nc(CCCNCC(F)(F)F)cc(-c2cccc(C(F)(F)F)c2)n1,1,train
bef3e2570c2a6b0036690f5d91d4bfbe46aa0d3d,CN1CCN(CCCc2cc(-c3cccc(C(F)(F)F)c3)nc(C#N)n2)CC1,1,train
b302aad4fb9db7a65d366ee375dec34a4976f831,N#Cc1nc(CCCN2CCOCC2)cc(-c2cccc(C(F)(F)F)c2)n1,1,val
a8c7387af2696fb12a3f2b17adb7cbc8f1648b59,COCCNCCCc1cc(-c2cccc(C(F)(F)F)c2)nc(C#N)n1,1,train
3317317a82115c4183db523d184658f48b413095,N#Cc1nc(CCCN2CCC(O)CC2)cc(-c2cccc(C(F)(F)F)c2)n1,1,train
36a6ecb423259383e319916f82ba20828b8cfcb0,N#Cc1nc(CCCNc2ccccn2)cc(-c2cccc(C(F)(F)F)c2)n1,1,test
7253d60d6173ce0bc3ee48918b8f2c85dd1c53f9,N#Cc1nc(CCCNCC(N)=O)cc(-c2cccc(C(F)(F)F)c2)n1,1,train
2898eca8612616d856638f733ebdec123c139c22,CC(C)(NCCCc1cc(-c2cccc(C(F)(F)F)c2)nc(C#N)n1)C(N)=O,1,train
fcf52488b7d8c8272a60865fbd33cdb707341df2,N#Cc1nc(CCCNC2(C(N)=O)CC2)cc(-c2cccc(C(F)(F)F)c2)n1,1,train
34a74c3cb543577b8fb93f9625dfda294ea18798,N#Cc1nc(CCCNC2(C(N)=O)CCC2)cc(-c2cccc(C(F)(F)F)c2)n1,1,train
c85ddb99d91ed9c600ec80b19ecc47d8fbbc6ff2,N=C(c1ccc(C(=O)Nc2ccc(Cl)cc2C(=O)Nc2ccc(Cl)cn2)cc1)N1CCCCC1,1,train
00269a287f6a587d771ecff08b7f3ec16f4d09dd,Cc1nc2ccccc2n1C1C[C@H]2CC[C@@H](C1)N2CC[C@H](NC(=O)C1CCSCC1)c1cccc(F)c1,1,val
923f7f02597b3903427ef06127b6214ee1c1636d,O=C(NCc1cccnc1OCC(F)(F)F)c1cncc(-c2ccc(Cl)cc2)c1,0,val
00ade2828350802d9ddd265f9fb744462d12122a,Cc1cc(C)cc(NC(=O)c2cncc(-c3ccc(C#N)cc3)c2)c1,0,val
0369eb152286993c636a0808866126cfba79d7ef,Cc1ncnc(C)c1C(=O)N1C[C@H]2CN(CCC(c3cccc(F)c3)C3CCN(S(C)(=O)=O)CC3)C[C@H]2C1,0,test
e0901218770da533a83c7430d84d47a76ecde623,CSc1nn(-c2ccccc2)c2cc(NC(=O)C3CCNCC3)ccc12,1,test
03da9b741ecbab052af13646e802772e88644213,CN1[C@@H]2CCC[C@H]1C[C@H](NC(=O)c1cccc3oc(N4CCOCC4)nc13)C2,1,test
fa90eb3adf74aa82a339ae5fe2b381ec7b8f5507,O=C(N[C@@H]1CN2CCC1CC2)c1cccc2oc(N3CCOCC3)nc12,1,val
f1ea7047cca3ea9ae583247bd4cca348c58f6604,C[C@H]1CNC[C@H](C)N1c1nc2c(C(=O)N[C@@H]3C[C@H]4CCC[C@@H](C3)N4C)cccc2o1,1,test
d9413d827534da2d9e7dcd1b4dc7df36d3eb74eb,COc1ccccc1-c1nc2c(C(=O)N[C@@H]3CN4CCC3CC4)cccc2o1,1,val
c4673c396208219829d046a7053bd19db4329c9a,COc1ccccc1-c1nc2c(C(=O)N[C@@H]3C[C@H]4CCC[C@@H](C3)N4C)cccc2o1,1,train
9aa1c6a42ce68bd7cfdc415e38c824d7042f8636,O=C(N[C@@H]1CN2CCC1CC2)c1cccc2oc(C3CC3)nc12,1,train
6a471337d56e7fcf14fae748f05dac1274b3716d,CN1[C@@H]2CCC[C@H]1C[C@H](NC(=O)c1cccc3oc(C4CC4)nc13)C2,1,test
40e3f2ac5313931a57c8fee5c5ce7dde23bdd4b0,Nc1nc2c(C(=O)N[C@@H]3CN4CCC3CC4)cc(Cl)cc2o1,1,train
883e82edd6fff6a95b758b9a401418a3b84eeec9,Cc1nc(C(=O)NCCCN2CCN(c3cccc(C)c3C)CC2)cc(C(C)(C)C)n1,1,train
7be78f30fa480ee04513a0509e91e62c0fcc3544,Cc1nc(C(=O)NCCCN2CCN(c3cccc(Cl)c3Cl)CC2)cc(C(C)C)n1,1,train
61b259e337c4220760d56d97266f159beb7ff3bf,ON=C(O)c1cnc(N2C[C@H]3CN(Cc4ccc5ccccc5c4)C[C@H]3C2)nc1,1,test
ddb8163629415401d046ae502d14a66210c7d943,O=C(O)CCNC1CC[C@]2(Cc3ccccc3Cc3ccccc32)C1,0,train
a2879239e4cce90a384867607a1602d0536d11d2,CCO[C@H]1CN([C@H]2CC[C@@](O)(c3ccccc3)CC2)C[C@@H]1NC(=O)CNC(=O)c1cccc(C(F)(F)F)c1,0,train
ee4fec01d9274369f542862abded8b54f580d7d1,CCO[C@H]1CN([C@H]2CC[C@@](O)(c3ccc(C)cc3)CC2)C[C@@H]1NC(=O)CNC(=O)c1cccc(C(F)(F)F)c1,0,train
12cc41bfb7f77450224ba383ebf66ef7777f7a78,CCO[C@H]1CN([C@H]2CC[C@@](O)(c3ccc4c(c3)OCO4)CC2)C[C@@H]1NC(=O)CNC(=O)c1cccc(C(F)(F)F)c1,0,train
2e47bae9da86db6250edda8bd7b338947ae7d35a,N#Cc1ccc(CNC(=O)N(c2cccc(F)c2)C2CCN(CCC3(c4cccc(F)c4)CCN(C(=O)c4c(F)cccc4F)CC3)CC2)cc1,1,train
c893d82d66d50ec98e52e816ffc7fe5b0a46b2d7,N#Cc1ccc(CNC(=O)N(c2cccc(F)c2)C2CCN(CCC3(c4cccc(F)c4)CCN(C(=O)c4c(Cl)cccc4Cl)CC3)CC2)cc1,1,train
dbf2561b6f7a81b27042437cbf334256e47cb4f5,N#Cc1ccc(CNC(=O)N(c2cccc(F)c2)C2CCN(CCC3(c4cccc(F)c4)CCN(C(=O)c4ccc(F)cc4O)CC3)CC2)cc1,1,train
53904b9f19299eeb7a132d58584e620708dc612a,N#Cc1ccc(CNC(=O)N(c2cccc(F)c2)C2CCN(CCC3(c4cccc(F)c4)CCN(C(=O)c4ccc(C#N)cc4)CC3)CC2)cc1,1,train
aeded2a6799d8a57f3869321126751fc3560e868,N#Cc1ccc(CNC(=O)N(c2cccc(F)c2)C2CCN(CCC3(c4cccc(F)c4)CCN(C(=O)c4cccc(C(N)=O)c4)CC3)CC2)cc1,0,train
32a0c74ce10c3d4c940c11fd2d611901fb9266bd,CC(C)(O)C(=O)N1CCC(CCN2CCC(N(C(=O)NCc3ccc(C#N)cc3)c3cccc(F)c3)CC2)(c2cccc(F)c2)CC1,1,test
ed21170b60437b8d61c76777c3b0cf5830362d37,Cc1ncccc1N1C[C@]2(CC[C@@H](c3nc4cc(OC(F)(F)F)ccc4[nH]3)CC2)OC1=O,0,train
f69d09f6e6f5a5849e9712b5d8e9a6dc8bc63884,O=C1O[C@]2(CC[C@H](c3nc4cc(OC(F)(F)F)ccc4[nH]3)CC2)CN1c1cccnc1F,0,train
44425825007aace044d60d65b72dfe609c85df26,N#Cc1ccc2[nH]c([C@H]3CC[C@]4(CC3)CN(c3ccccn3)C(=O)O4)nc2c1,0,train
1d89e1c08601313847c993023c029724c998523a,N#Cc1ccc2[nH]c([C@H]3CC[C@]4(CC3)CN(c3ccccc3)C(=O)O4)nc2c1,1,train
9652c020c3cc337afe7165414bdcc86a93591df2,O=C1O[C@]2(CC[C@H](c3nc4cc(OC(F)(F)F)ccc4[nH]3)CC2)CN1c1cccnc1,1,train
758a9f63da46135d228b5435f8d019507ce975b8,O=C1O[C@]2(CC[C@H](c3nc4cc(OC(F)(F)F)ccc4[nH]3)CC2)CN1c1ccccc1F,1,train
b09febca42e16694cda3ef1d528fe736f4f4c34a,O=C1O[C@]2(CC[C@H](c3nc4cc(OC(F)(F)F)ccc4[nH]3)CC2)CN1c1cccc(F)n1,1,train
d045b0b001c013cf441c2ac642ca7ae1e8982705,O=C1O[C@]2(CC[C@H](c3nc4cc(C(F)(F)F)ccc4[nH]3)CC2)CN1c1ccccc1,1,train
469d088cf2bead0179652b40aab259a37a7ca5f5,O=C1O[C@]2(CC[C@H](c3nc4cc(C(F)(F)F)ccc4[nH]3)CC2)CN1c1ccccn1,1,train
5240b3abacaab4ef01f8a06afc2156bf4e1203c3,O=C1O[C@]2(CC[C@H](c3nc4cc(OC(F)(F)F)ccc4[nH]3)CC2)CN1c1ccccc1,1,train
aede0dfb41ffc0d39104da25515fa0c22022a112,O=C1O[C@]2(CC[C@H](c3nc4cc(OC(F)(F)F)ccc4[nH]3)CC2)CN1c1ccccn1,1,train
ef3ddb7d731aa51975ac01d505855947850aa3bc,O=C1OC2(CCN(c3nc4cc(C(F)(F)F)ccc4[nH]3)CC2)CN1c1ccccc1,1,train
452088cf7ffa4572485475f5ef6977111bd1ef2d,Cc1cccc(N2C[C@]3(CC[C@@H](c4nc5cc(OC(F)(F)F)ccc5[nH]4)CC3)OC2=O)n1,1,train
b301b49b5155cef5a9da16c7713faab29049a550,N#Cc1ccc2[nH]c([C@H]3CC[C@]4(CC3)CN(c3ccc(F)cc3)C(=O)O4)nc2c1,1,train
6aa68469631c9eb5c9e4a75ef9ddbcf2f9bdc0bc,O=C1OC2(CCN(c3nc4ccccc4[nH]3)CC2)CN1c1ccccc1,1,train
619df48f699e9e73cbb7d4d0aab215dc05485b55,O=C1O[C@]2(CC[C@H](c3nc4cc(OC(F)(F)F)ccc4[nH]3)CC2)CN1c1ccc(F)cc1,1,train
b5e653cac17e6e472ab2d38af3bb74e14cd382c5,Cc1ccc2c(N3CCN(CCc4cccc5c4CCC(=O)N5)CC3)cccc2n1,1,train
b914010b163df69564f7eb92bd5bf603f67240ba,Cc1ccc2c(N3CCN(CCc4cccc5c4CCC(=O)N5C)CC3)cccc2n1,1,train
ec0a57e50e56876b621b3736daf20b21e88bc8b0,Cc1ccc2c(N3CCN(CCc4c(C)ccc5c4CCC(=O)N5)CC3)cccc2n1,1,train
ac477dd748be398dd584882169a684e43a370738,Cc1ccc2c(N3CCN(CCc4c(C)ccc5c4CCC(=O)N5C)CC3)cccc2n1,1,train
4b7a3707c3ddcaeb97639ff41a797e1fea88cabe,Cc1ccc2c(N3CCN(CCc4cccc5c4ccc(=O)n5C)CC3)cccc2n1,1,train
0ef1e51ac1abc808e21b71b9a7818b90f108e47f,Cc1ccc2c(N3CCN(CCc4c(C)ccc5[nH]c(=O)ccc45)CC3)cccc2n1,0,train
087e3cdb9ae423d22ed8a8c09a88f4babcd4c386,Cc1ccc2c(N3CCN(CCc4c(C)ccc5c4ccc(=O)n5C)CC3)cccc2n1,1,train
27a05ae8f7f6e0988b5d803945fdc5ea15d84a68,Cc1ccc2c(N3CCN(CCc4c(F)ccc5c4ccc(=O)n5C)CC3)cccc2n1,0,train
cbcc5cf40bb71adf931bd98bae53119a55d967f0,Cc1ccc2c(N3CCN(CCc4c(Cl)ccc5c4ccc(=O)n5C)CC3)cccc2n1,1,train
22717f8b1019da9c73c93b6663582576616b5d77,Cc1ccc2c(N3CCN(CCc4c(C)ccc5c4ccc(=O)n5C)CC3)cc(F)cc2n1,1,train
9884727fb855795424845cee66e9c297c508dbcd,Cc1ccc2c(N3CCN(CCc4c(C)ccc5c4ccc(=O)n5C)[C@H](C)C3)cccc2n1,1,train
88429e185e0e46af1bfcf0c9c96618459beb2d9c,Cc1ccc2c(N3CCN(CCc4cccc5c4ccc(=O)n5C)[C@H](C)C3)cc(F)cc2n1,1,train
16358faf27af821cad8fe5d67af9c8bbcd4262ba,Cc1ccc2c(N3CCN(CCc4cccc5c4ccc(=O)n5C)[C@@H](C)C3)cccc2n1,1,train
ce063569bd198b13170c313185a7dcd82440f513,Cc1ccc2c(N3CCN(CCc4c(C)ccc5c4ccc(=O)n5C)[C@@H](C)C3)cccc2n1,1,train
514a8d0e9becdc776a638c7d56bf5401eed1a200,Cc1ccc2c(N3CCN(CCc4cccc5c4ccc(=O)n5C)[C@@H](C)C3)cc(F)cc2n1,1,train
b2707aa87288546e106f61144ce7e4a34ef0fb9e,Cc1ccc2c(N3CCN(CCc4c(C)ccc5c4ccc(=O)n5C)[C@@H](C)C3)cc(F)cc2n1,1,train
dc9d4101415cf16541b5a69b3d6a9035720e2223,Cc1ccc2c(N3CCN(CCc4cccc5c4ccc(=O)n5C)C(C)(C)C3)cccc2n1,1,train
9114cd938f7a537116cd07fac0189fa72d6e602f,Cc1ccc2c(C3CCN(CCc4c(C)ccc5c4ccc(=O)n5C)CC3)cccc2n1,1,train
322284329c32091335457da231781b6f6e844892,CCC(O)(c1cn(Cc2ccc3c(-c4ccccc4)c(C(=O)OC)sc3c2)nn1)C(F)(F)F,1,train
b3e55b7893f6d128d327be4bc0e2dac46580ed70,CCC(O)(c1cn(Cc2ccc3c(-c4ccccc4)c(CO)sc3c2)nn1)C(F)(F)F,0,train
6a545a409df046183d8baebc575cac50bafdc1f7,CCC(O)(c1cn(Cc2ccc3c(-c4ccccc4)c(C(C)(C)O)sc3c2)nn1)C(F)(F)F,1,train
57d10e9a589ea5a1887f390bdd30bc4f81049fe8,CCC(O)(c1cn(Cc2ccc3c(-c4ccccc4)c(C(C)O)sc3c2)nn1)C(F)(F)F,1,train
cf7b89ddc76c1d99ab7a8c39f43daf6a3d416d05,CCC(O)(c1cn(Cc2ccc3c(-c4ccccc4)c(C(C)=O)sc3c2)nn1)C(F)(F)F,1,train
0e6b65412377cae381427c4195acaf746ffce2d9,CCC(O)(c1cn(Cc2ccc3c(-c4ccccc4)c(C(N)=O)sc3c2)nn1)C(F)(F)F,0,train
e4170350bd90a361193d7b63fc47c333ac728cd6,CC[C@](O)(c1cn(Cc2ccc3c(-c4ccccc4)c(C(N)=O)sc3c2)nn1)C(F)(F)F,0,train
0468574df83f8df9dc2ccaf3acec392f9729f59f,CC[C@](O)(c1cn(Cc2ccc3c(-c4cccc(F)c4)c(C(N)=O)sc3c2)nn1)C(F)(F)F,0,train
107dbb2faf0b7122bd253bcee7dece87b22a8447,CC[C@](O)(c1cn(Cc2ccc3c(-c4ccc(F)cc4)c(C(N)=O)sc3c2)nn1)C(F)(F)F,0,train
e9a84b1802dd2e28c5f31f4fbb413ac28ff5e187,CC[C@@](O)(c1cn(Cc2ccc3c(-c4ccc(F)cc4)c(C(N)=O)sc3c2)nn1)C(F)(F)F,0,train
21004599abcca92c7ba8bbcffa6b513dc6de2e42,CC(C)[C@@H](Nc1nc2cc[nH]c(=O)c2c2cc(F)ccc12)C(F)(F)F,1,val
9befca631fd137001f69e4574500bb5e6f5ceace,CC(C)[C@@H](Nc1nc2cc[nH]c(=O)c2c2cnccc12)C(F)(F)F,1,train
55fa40b75611cc62aa81d94b3be30c883e01c449,CC(C)S(=O)(=O)N[C@H]1CN(C)C[C@@H]1c1ccc(-c2cccc(NS(C)(=O)=O)c2)cc1,0,train
57fe7408148261005eb49873bca988be0d72aa06,CCN1C[C@H](NS(=O)(=O)C(C)C)[C@@H](c2ccc(-c3cccc(NS(C)(=O)=O)c3)cc2)C1,1,train
7cdac00c0f3006ae383d5b99ea8860028a397d24,CC(C)N1C[C@H](NS(=O)(=O)C(C)C)[C@@H](c2ccc(-c3cccc(NS(C)(=O)=O)c3)cc2)C1,1,train
1d28be280f00076715e277eabaa12cfa8cc11a1f,CC(C)S(=O)(=O)N[C@H]1CN(c2ccccc2)C[C@@H]1c1ccc(-c2cccc(NS(C)(=O)=O)c2)cc1,1,train
2dec1e6ec44aeb0d794310eb39b71fa1904f0d34,CC(C)S(=O)(=O)N[C@H]1CN(C)C[C@@H]1c1ccc(-c2ccc(C#N)cc2)cc1,1,train
d5336e557d9215f38b2a72bfc42a901c3d6254b1,CCN1C[C@H](NS(=O)(=O)C(C)C)[C@@H](c2ccc(-c3ccc(C#N)cc3)cc2)C1,1,train
a1015e5aada991b704eb0a62f22533d6ee9e13a9,CC(C)S(=O)(=O)N[C@H]1CN(c2ccccc2)C[C@@H]1c1ccc(-c2ccc(C#N)cc2)cc1,1,train
aadb2027b45d95bc58b84464d4006789e141488f,CC(=O)Nc1cccc(-c2ccc([C@H]3CN(C)C[C@@H]3NS(=O)(=O)C(C)C)cc2)c1,0,train
2ed8fb75db426f7992f6c90578e4af54f3c39886,CC(=O)c1cccc(-c2ccc([C@H]3CN(C)C[C@@H]3NS(=O)(=O)C(C)C)cc2)c1,1,train
fcb867b4f4a364700c0046e400d0bba64fd41c9e,CC(C)S(=O)(=O)N[C@H]1CN(C)C[C@@H]1c1ccc(-c2cccc(C(F)(F)F)c2)cc1,1,train
c1528b477be82687232eeebc03a214b944529cd9,CC(C)S(=O)(=O)N[C@H]1CN(C)C[C@@H]1c1ccc(-c2cccnc2)cc1,0,train
b8f0dbb1aaa43847e9ce48f0defd80c455e850d8,CC(C)S(=O)(=O)N[C@H]1CN(C)C[C@@H]1c1ccc(-c2cccnc2F)cc1,1,train
cdbe6a4e50d14fda6871203e6c5af1e4711d7c07,CC(C)S(=O)(=O)N[C@H]1CN(C)C[C@@H]1c1ccc(-c2ccc(F)nc2)cc1,1,train
95da64687e83f9e6ca58d068be6c7b5b448b42f7,CC(C)S(=O)(=O)N[C@H]1CN(c2ccccc2)C[C@@H]1c1ccc(-c2ccc(F)nc2)cc1,1,train
6796e5c35069981cf2ca844712f6543d6ca61b37,CC(C)S(=O)(=O)N[C@H]1CN(C)C[C@@H]1c1ccc(-c2ccsc2)cc1,1,train
c3426200f1cd5adc0e5d80d7f3a661c048284730,CC(C)S(=O)(=O)N[C@@H]1COC[C@@H]1c1ccc(-c2ccc(C#N)cc2)cc1,0,test
3cee4169054db569122925833e1ab73a2dd3fd77,CC(C)S(=O)(=O)N[C@@H]1COC[C@@H]1c1ccc(-c2ccc(F)nc2)cc1,0,val
c9f6868f33cdd1d375ff0f75e9859d35151c760c,CN(C)CCn1ncc2cc(-n3ccc(OCc4ccccc4)cc3=O)ccc21,1,train
1bcc3e08851c9db02571e8d0abc3d771907c9b69,O=c1cc(OCc2ccccc2)ccn1-c1ccc2c(cnn2CCN2CCCC2)c1,1,train
159b9028ea5848375ea862ad830962d3f6558623,CN(C)CCCn1ncc2cc(-n3ccc(OCc4ccccc4)cc3=O)ccc21,1,train
393f2de7fb2a57827da80ed455281850b9731054,CN(C)CC(O)Cn1ncc2cc(-n3ccc(OCc4ccccc4)cc3=O)ccc21,0,train
76f814bead4793babc73edebacfef241b872d161,O=c1cc(OCc2ccccc2)ccn1-c1ccc2c(cnn2CCN2CC[C@H](O)C2)c1,1,train
12bbb7bca4d717a4b513aff9e3f6660400a905a9,CO[C@H]1CCN(CCn2ncc3cc(-n4ccc(OCc5ccccc5)cc4=O)ccc32)C1,1,train
0fdc4e78e775304f28f1e52039a79b18e006d769,O=c1cc(OCc2ccccc2)ccn1-c1ccc2c(cnn2C[C@@H]2CCCN2)c1,1,test
af73b8957970372fbe24849df2067265a506bb63,O=c1cc(OCc2ccccc2)ccn1-c1ccc2c(cnn2CCN2CCC[C@@H]2CO)c1,1,train
b06281982e2b33dea57fc6e8790b0227fc4d19d0,COC[C@H]1CCCN1CCn1ncc2cc(-n3ccc(OCc4ccccc4)cc3=O)ccc21,1,train
2e2f9b37d3281254e24a943fec5cac0a061a37c5,O=c1cc(OCc2ccccc2)ccn1-c1ccc2c(cnn2CC2=NCCN2)c1,1,train
56dd41676b43e8e8db3f5d7716e14ae525703d39,CN1CCN=C1Cn1ncc2cc(-n3ccc(OCc4ccccc4)cc3=O)ccc21,1,train
60fd0634e323b143b113a7d0ab4bd1d1fb99a114,O=c1cc(OCc2ccccc2)ccn1-c1ccc2c(cnn2CCN2CC3CC2CO3)c1,0,train
c26b625a97c792f1bcef675f9b92af9e4e272e9b,O=c1cc(OCc2ccccc2)ccn1-c1ccc2c(cnn2CCN2CCNCC2)c1,0,train
0b3196c986552189094deec838d4489980472159,Cc1ccc2c(N3CCN(CCc4cccc(NC(=O)c5ccccc5)c4)CC3)cccc2n1,1,train
6c9c5da33e0746bafb118d7b7cc1bc93977fc8ba,Cc1ccc2c(N3CCN(CCc4cccc(NC(=O)Nc5ccccc5)c4)CC3)cccc2n1,1,test
a6b371a19e65521573d0b3954b0aaf5321713315,Cc1ccc2c(N3CCN(CCc4cccc(NC(=O)c5csc(C)n5)c4)CC3)cccc2n1,1,train
033a304508587710f2bba533fa6737688e1560bd,Cc1ccc2c(N3CCN(CCc4cccc(NS(C)(=O)=O)c4)CC3)cccc2n1,1,train
ed01d9ae1d648d96bb654a85d7a41a8e65ad7bb1,CCNC(=O)Nc1cccc(CCN2CCN(c3cccc4nc(C)ccc34)CC2)c1,1,train
af2fa9e7e91af5f60592d7922e1026f51f26aeeb,Cc1ccc2c(N3CCN(CCc4cccc(N5CCOC5=O)c4)CC3)cccc2n1,1,train
c3dbd80c8832c01e0111eb5e5b2a5c4ead274671,CC(=O)Nc1cccc(CCN2CCN(c3cccc4nc(C)ccc34)CC2)c1,1,train
60e5181dd4edcf7262a1f1bf44f510bde9e5c49c,Cc1ccc2c(N3CCN(CCc4cccc(N5CCNC5=O)c4)CC3)cccc2n1,0,train
0926d4e6d960f7bf74778b0539a6e9752be7c5a5,COc1cc(/C=C/c2nc3ccccc3[nH]2)ccc1-n1cnc(C)c1,1,val
850268229d019729fead03bda5f0c311e0dc7252,COc1cc(/C=C/c2nc(=O)c3ccc(C(F)(F)F)cc3[nH]2)ccc1-n1cnc(C)c1,1,test
98bd79d437e128e35624ca3eddbe8971fcf40404,COc1cc(/C=C/c2nc(=O)c3c4c(sc3[nH]2)CCC4)ccc1-n1cnc(C)c1,1,test
1410e20975709024c11f7f5a0bb22f07491597cd,COc1cc(/C=C/c2nc(N)c3ccccc3n2)ccc1-n1cnc(C)c1,1,test
53eeb03c8b83e50c2342dcdce596f6581516ba3e,COc1cc(/C=C/c2nc3ccccc3c(=O)n2-c2ccccc2)ccc1-n1cnc(C)c1,1,val
09d479a87352146c501462a2312d9121b6488a4b,COc1cc(/C=C/c2nc3ccccc3c(=O)n2C)ccc1-n1cnc(C)c1,1,val
326fcdda4dd4480b70cede24a2b454c8a9a185af,COc1cc(/C=C/c2nc(N)nc(Nc3ccccc3)n2)ccc1-n1cnc(C)c1,1,test
9fa89d3343da20fd91113776dbf0539087b3f8c9,CCOC(=O)c1sc2nc(/C=C/c3ccc(-n4cnc(C)c4)c(OC)c3)nc(N)c2c1C,1,train
52f23d8353e71728a479e8a1c4e8ad8eebd65355,COc1cc(/C=C/c2nc(N)c3c(n2)oc2ccccc23)ccc1-n1cnc(C)c1,1,val
7fdd90274832003608574747985aabcca1baaac3,COc1cc(/C=C/c2nc(NCc3ccccc3)c3c4c(sc3n2)CCC4)ccc1-n1cnc(C)c1,1,val
700f9eac7b2648477041c32d7ea911497465ac62,COc1cc(/C=C/c2nc(N)c3c4c(sc3n2)CCCCC4)ccc1-n1cnc(C)c1,1,train
d38894a3ac589caae9a3413df8a38f8e0c41f18f,Nc1nccc2cc(CNCCc3ccccc3)ccc12,1,train
27a5543772bb2052bc113a4d5adf55cd19c8229e,Nc1nccc2cc(O[C@H]3CCCN(Cc4ccccc4)C3)ccc12,1,train
1c85093c1907e55f21ff49a625cc2df46744682b,Nc1nccc2cc(O[C@H]3CCCNC3)ccc12,0,train
e1fd601b397d3ac876a7e740f076db759c1e8490,O=S(=O)(c1cccc2cnccc12)N1CCCNCC1,0,train
312d3b8b24169a74b61909f46f5a6dfb71a5c951,C[C@@H](N)C1CCC(C(=O)Nc2ccncc2)CC1,0,val
597c3ca4f7f55c082a7bd0d097f5d88eada95b15,O=c1[nH]ccc2c(S(=O)(=O)N3CCCNCC3)cccc12,1,train
c1341f31a0e014e549e95a87ab1b1abd86d6065f,O=c1cc(OCc2ccccc2F)ccn1-c1ccc(OCCN2CCCC2)cc1,1,train
9e48dc98a2b44e621de499e6e15453407feed406,O=c1cc(OCc2cccc(F)c2)ccn1-c1ccc(OCCN2CCCC2)cc1,1,train
5bd01b0638353d5764f6fd2b79ee7a63f4e975f7,O=c1cc(OCc2ccc(F)cc2)ccn1-c1ccc(OCCN2CCCC2)cc1,1,train
1468a67c71c3a9652f3b5906697451199c2726c2,O=c1cc(OCc2cccc(Cl)c2)ccn1-c1ccc(OCCN2CCCC2)cc1,1,train
dcc1a7684b7c1dfdc44cb0fb649b0af171ec3919,O=c1cc(OCc2ccc(Cl)cc2)ccn1-c1ccc(OCCN2CCCC2)cc1,1,train
cbc0a3dda779d34a8cf65ac96631497c1669f2b7,COc1ccc(COc2ccn(-c3ccc(OCCN4CCCC4)cc3)c(=O)c2)cc1,1,train
1d171e721a732eae558cecf4890916e21df6f20f,O=c1cc(OCc2ccc(C(F)(F)F)cc2)ccn1-c1ccc(OCCN2CCCC2)cc1,1,train
d5f97ea41439b7499de17448d22a0067342e6ba1,O=c1cc(OCc2ccc3ccccc3c2)ccn1-c1ccc(OCCN2CCCC2)cc1,1,test
08cb11eed0f18b57f94b6694b98c2fa298220c53,O=c1cc(OCc2ccccc2)ccn1-c1ccc(OCCN2CCCCC2)cc1,1,val
b938135add0b2bb08b90b62f65659a9fa325a45e,O=c1cc(OCc2ccccc2)ccn1-c1ccc(OCCN2CCCC2)cc1,1,train
3b527f3b4e87eee30a69666ce47959beb4074de6,CCN(CC)CCOc1ccc(-n2ccc(OCc3ccccc3)cc2=O)cc1,1,train
7de84ac5d486438366dcd1b05ebedea70144b603,CC(C)N(CCOc1ccc(-n2ccc(OCc3ccccc3)cc2=O)cc1)C(C)C,1,train
5a76254f1aec8efe7ab8dcd975953e024184f9aa,CN(CCOc1ccc(-n2ccc(OCc3ccccc3)cc2=O)cc1)Cc1ccccc1,1,val
a78cc74339915aff010eb16cedaa3e8e3b1a2b05,CN1CCCCC1COc1ccc(-n2ccc(OCc3ccccc3)cc2=O)cc1,1,test
b466a842bddf323f7501d969ae4d34384f62a1da,CN1CCCC1COc1ccc(-n2ccc(OCc3ccccc3)cc2=O)cc1,1,val
98e92f0382e7555b76ce116a5f82bec8531e8945,CCN(CC)CCNc1ccc(-n2ccc(OCc3ccccc3)cc2=O)cc1,1,train
9029bc0bd08ed25b3f16d81d8d8c465b49f30169,CCN(CC)CCN(C)c1ccc(-n2ccc(OCc3ccccc3)cc2=O)cc1,1,train
663dab31891066444c543a0df8dfa98312df6343,COc1cc2c(cc1Nc1ncc(Cl)c(Nc3ccc(N4CCOCC4)cc3OC)n1)CCN(CC(=O)N(C)C)CC2,1,train
ee0a4614faf621a4b0711163d75bc31c172b7d7a,COC(=O)c1coc(CN2CCN(C(=O)CC(c3ccc(F)cc3)c3ccc(Br)cc3)CC2)n1,1,train
0387500448519922fe2cf86dd4591e59c228ce74,COC(=O)c1coc(CN2CCN(C(=O)CC(c3ccc(F)cc3)c3ccc(C(F)(F)F)cc3)CC2)n1,1,train
9093603cda7d2a46ca51b411599b722d20480ae0,Cc1ccc2nc(CN3CCN(C(=O)CC(c4ccccc4)c4ccc(F)cc4)CC3)oc2c1,1,train
8c810f837b534095501fa667440cc3e52aa9be6f,COc1ccc(C(CC(=O)N2CCN(Cc3nc4ccc(C)cc4o3)CC2)c2ccccc2)cc1,1,train
e602fae95cb81651f7c5e5c70a20eb644caab1aa,O=C(O)CCNC(=O)c1ccc(Cn2nc(-c3cc(Cl)cc(Cl)c3)cc2-c2ccc(OC(F)(F)F)cc2)cc1,1,val
f98bbcbf51a5812a6392d0e65b6a97d42177cac3,CN[C@@H]1Cc2ccccc2[C@@H](c2ccc(Cl)c(Cl)c2)C1,1,train
058a18d18177d4ac4d7f9b895dd393cefe77e6d7,CN[C@@H]1Cc2ccccc2[C@H](c2ccc(Cl)c(Cl)c2)C1,1,train
82c1591b9e64c0b64d305c7b04ee4918038e9de4,CN[C@H]1Cc2ccccc2[C@@H](c2ccc(Cl)c(Cl)c2)C1,1,train
a03c542d024906c2d46b40747481ddf9c857f449,CNC[C@H]1Cc2ccccc2[C@H](c2ccc(Cl)c(Cl)c2)C1,1,train
786fffdf8036b17ce32dcfce3e32b08c1dff0488,CNC[C@@H]1Cc2ccccc2[C@H](c2ccc(Cl)c(Cl)c2)C1,1,train
172790234e472cc2fcff3672bef0e989706dbe7c,NCC[C@@H]1Cc2ccccc2[C@H](c2ccc(Cl)c(Cl)c2)C1,0,train
7474d19ddcf1fa487c08f3e264c486ac43414ae8,NCC[C@H]1Cc2ccccc2[C@@H](c2ccc(Cl)c(Cl)c2)C1,1,train
25d7af1d580d9456ccfed6df28474eba29f2fa70,N[C@@H]1CCN(c2ccc(Cl)c(Cl)c2)c2ccccc21,1,train
2291379fcd490c2b9131265f453dee5c2eb88c5e,CNC1CCN(c2ccc(Cl)c(Cl)c2)c2ccccc21,1,train
62ba3c9661e40d23bdc8edbc2a091ad3bceb0240,CN[C@@H]1CCN(c2ccc(Cl)c(Cl)c2)c2ccccc21,1,train
8089cb24aa74df2252896e4945e36837d5fbf5f9,CN(C)[C@@H]1CCN(c2ccc(Cl)c(Cl)c2)c2ccccc21,1,train
c2253c6499c7b01695c936c0747892dbd841ecfc,CN([C@@H]1CCc2c(CC(=O)O)c3ccc(F)cc3n2C1)S(=O)(=O)c1ccc(F)cc1,0,val
8bae2d0da1debeac2f996820ed75095d0b518a8f,c1ccc(-c2cccc(O[C@@H]3C[C@H]4CC[C@@H](C3)N4)n2)cc1,1,train
bc72d03bdc5d4c2e00388de781be4bcb7ddd422a,N#Cc1cc(O[C@@H]2C[C@H]3CC[C@@H](C2)N3)nc(-c2ccccc2)c1,1,train
44be4992a0038a4e8bb4d34dbeb26e2901a0fce7,N#Cc1ccccc1-c1cccc(O[C@@H]2C[C@H]3CC[C@@H](C2)N3)n1,1,train
3e09614cfc8dc21400ad0742dc0247b507ce9767,N#Cc1cc(O[C@@H]2C[C@H]3CC[C@@H](C2)N3)cc(-c2ncccc2C#N)c1,1,train
57426d3f0a76f7caab10cfa10ba9698022da2f0b,N#Cc1cc(O[C@@H]2C[C@H]3CC[C@@H](C2)N3)cc(-c2ccccn2)c1,1,train
72b2669233251b212c6b0a8db9c743a36aff2273,FC(F)(F)c1ccccc1-c1cc(C(F)(F)F)c2[nH]c(C3=NOC4(CCCCC4)C3)nc2c1,0,val
28cc296e005c1a2d4fc63fa0b73119be7421b46f,O=C(O)C1CN(Cc2ccc(-c3cc4cc(Cc5ccccc5)ccc4o3)c(F)c2)C1,0,val
c698d7d6731cb6282196246dfbb3390c7dfb3210,CC(=O)N[C@@H](CCN1[C@@H]2CC[C@H]1C[C@@H](n1c(C)nc3c1CCN(C(=O)C(C)(C)C)C3)C2)c1cccc(F)c1,1,train
5f805d2e441e84e855fc480d129ec2c1de463e79,CC(=O)N[C@@H](CCN1[C@@H]2CC[C@H]1C[C@@H](n1c(C)nc3c1CCN(C(=O)C(C)C)C3)C2)c1cccc(F)c1,0,train
adcb1ad2d470b9c6016ad46343cb45edb3024e94,CCCC(=O)N1CCc2c(nc(C)n2[C@H]2C[C@H]3CC[C@@H](C2)N3CC[C@H](NC(C)=O)c2cccc(F)c2)C1,1,train
480f1383903d5bed2794bc7fba3add3b4cd6206a,CCC(=O)N1CCc2c(nc(C)n2[C@H]2C[C@H]3CC[C@@H](C2)N3CC[C@H](NC(C)=O)c2cccc(F)c2)C1,1,train
b2d415c3e0b34caa90d5a44d119527e6e4265787,CC(=O)N[C@@H](CCN1[C@@H]2CC[C@H]1C[C@@H](n1c(C)nc3c1CCN(C(C)=O)C3)C2)c1cccc(F)c1,1,train
e315b7c345a8ba15ee03177dc9cd3b8206eaade4,COC(=O)N1CCc2c(nc(C)n2[C@H]2C[C@H]3CC[C@@H](C2)N3CC[C@H](NC(C)=O)c2cccc(F)c2)C1,1,train
0fa9698b01d0d30644d1927debd153b799903025,CC(=O)N[C@@H](CCN1[C@@H]2CC[C@H]1C[C@@H](n1c(C)nc3c1CCN(c1ccncn1)C3)C2)c1cccc(F)c1,1,val
6df98a4b586b4423685c801190d62c1de587d21c,CC(=O)N[C@@H](CCN1[C@@H]2CC[C@H]1C[C@@H](n1c(C)nc3c1CCN(c1cnccn1)C3)C2)c1cccc(F)c1,1,test
61cde253bed5b8867fa0a956a64de1e8cb4b87ae,CC(=O)N[C@@H](CCN1[C@@H]2CC[C@H]1C[C@@H](n1c(C)nc3ccccc31)C2)c1ccccc1,1,train
62fb76e44f986ef944c154ac596e7bcd310842d2,Cc1nc(C(C)C)n([C@H]2C[C@H]3CC[C@@H](C2)N3CC[C@H](NC(=O)C2CCC(F)(F)CC2)c2ccccc2)n1,1,test
fdc7b49b9f4d2392b1dfaaa9d62669bf86a6ecb7,OCC1(N2CCC(n3c(N4CC5CNCC5C4)nc4ccccc43)CC2)CCCCCCC1,1,test
33040d9f1df9805c7f86904c210df29da268d854,O=C(NC1CCCCC1)C(C1CCCCC1)n1c(-c2ccc(Cl)cc2)nc2cc(F)c(Cl)cc21,1,train
ab9ebc52934642b3a0fe2b432314eedd2139508b,O=C(NC1CCCCC1)C(C1CCCCC1)n1c(-c2ccc(Cl)cc2)nc2cc(F)c(F)cc21,1,train
fde9454a4aecc43252ed574820c64f90c999b8d1,O=C(N[C@H]1CC[C@H](O)CC1)C(C1CCCCC1)n1c(-c2ccc(Cl)cc2)nc2cc(F)c(F)cc21,1,train
3fef476870dcb803f76ffdd15eced27397465419,O=C(O)C1CCC(NC(=O)C(C2CCCCC2)n2c(-c3ccc(Cl)cc3)nc3cc(F)c(F)cc32)CC1,1,train
d8274b790f9a070cba3ef039b4ff55ffc96410e1,O=C(O)c1ccc(NC(=O)C(C2CCCCC2)n2c(-c3ccc(Cl)cc3)nc3cc(F)c(F)cc32)c(Cl)c1,1,train
a2af959f0f486dd877bfea9ae618fd7f2fc8c7db,Cc1cc(C(=O)O)ccc1NC(=O)C(C1CCCCC1)n1c(-c2ccc(Cl)cc2)nc2cc(F)c(F)cc21,1,train
78a5fbf97a2f079c2b43f6edd9866fe360ad8823,CCC(C)(C)Cc1c[nH]c(CCc2ccc(-c3ccccn3)cc2)n1,1,train
d5376f6cc5c54ee5d41e18a6650438a61e8dcfce,CC(C)(C)Cc1c[nH]c(C(C)(O)Cc2ccc(-c3ccc(F)cn3)cc2)n1,1,train
83765d4bdc2bbebcfd6813ad6b7db53ec1cfddfb,CC(C)(C)Cc1c[nH]c(CC(C)(O)c2ccc(-c3ccc(F)cn3)cc2)n1,1,train
e99f330d69cb300459359c65080512d4ac6e3cce,CCCC1NC(C)C2C(=O)N=C(c3cc(S(=O)(=O)N4CCN(CC)CC4)ccc3OCC)NN12,0,train
60ab11587fd5c0f31d004df70995cc9ba44bd1e3,CC(C)Oc1cc(C(c2ccc(C(C)(C)O)nc2)c2ccc(=O)[nH]c2)ccc1OC(F)F,0,train
5dc59c06b4c23552dc3aa73f11e2da9b1cc85d60,CC1N=CN=C1CN1CCc2c(c3ccccc3n2C)C1=O,1,val
8246b9a67714a6e2379c2e08bbbe339cc70a263a,COCC(=O)OC1(CCN(C)CCCc2nc3ccccc3[nH]2)CCc2cc(F)ccc2C1C(C)C,1,train
1ac835de4930a610c562e9c82777fa87623bd2bc,O=C(c1ccc(F)cc1)N1CCN(CCn2c(=O)[nH]c3ccccc3c2=O)CC1,1,test
2b88c5f56d9f52a6180219473f9d28ac7971e953,CC(=O)NC(=O)C1CCC(C2N=CC(c3cccc(Br)c3)=N2)CC1,1,train
fac96fe848a9ba97f8768d2b1002bbc24803f527,O=C(OC1CC2CC3CC(C1)N2CC3=O)c1c[nH]c2ccccc12,0,train
510630fad42ad60a064535fcc39378ed23243189,CCC1OC(=O)C(C)C(OC2CC(C)(OC)C(O)C(C)O2)C(C)C(OC2OC(C)CC(N(C)C)C2O)C(C)(O)CC(C)C(=O)C(C)C(O)C1(C)O,0,train
6876d2c64d65465d10dbd6d0bb0fc43a494dc4e7,CCC1OC(=O)C(C)C(OC2CC(C)(OC)C(O)C(C)O2)C(C)C(OC2OC(C)CC(N(C)C)C2O)C(C)(O)CC(C)/C(=N/OCOCCOC)C(C)C(O)C1(C)O,0,test
7206e0f4f096c8b3fa282028c895b98207aec91d,OCCOCCN1CCN(C2=Nc3ccccc3Sc3ccccc32)CC1,1,train
84e22c6c39c58009bb1de888d64d9c0e9406dacc,CC(C)c1cn(-c2ccc(F)cc2)c2ccc(Cl)cc12,1,train
1fa6ae999a326b8b6b653715af1440738ae82fb9,CC(C)(C)c1ccc2c(ccn2-c2ccc(F)cc2)c1,1,train
6c291a024bff56d4809d8fb4a95b8b30981b174a,CC(=O)c1cn(-c2ccc(F)cc2)c2ccc(Cl)cc12,1,train
01e0aaa21e002a9dce8599dd77f8a18745aad6fe,CC/N=C(\c1ccc(OC)c(OC)c1)N1CCCc2cc(C3=NNC(=O)SC3C)ccc21,1,train
10ed0d8052e2e31989ed6ec5cd5c3dce51e7ce48,COC(=O)C1=CCC2CCC1N2C,1,val
e48b788b20eda2bc121d9e5c775608e0d1b02b89,CCN(CC)CCOc1ccc(/C(=C(\Cl)c2ccccc2)c2ccccc2)cc1,1,test
c435d75f02981780840c176a0f435c00dd539eba,O=C(NCCO)C1CCC(c2nc(-c3cccc(C(F)(F)F)c3)c[nH]2)CC1,1,train
f1dcf4e1e936843a9d813b03b1e036dc8fb1420d,COc1ccc(C2CCN(CCN3CCOc4ccccc43)CC2)cc1OC,1,train
eedf35390f29674c35b35a5b7eff34e456e61e74,c1ccc(-c2[nH]c3ccccc3c2C2CC3CCC(C2)N3c2ccccc2)cc1,1,train
d4a143a23a84e115699c73739528b5c5023397fd,CCC(=O)O[C@@](Cc1ccccc1)(c1ccccc1)[C@@H](C)CN(C)C,1,train
e03431ad9013778c5f9d4547b743394d52ff5098,Cc1ccc(C23CNCC2C3)cc1,0,train
cd0ce8235b5e6b33f352e44b6af0d35283a2ae61,Cc1cn2c(N)c(Cl)cc(C(=O)NCC3CCN(CC(C)C)CC3)c2n1,1,val
5e898523f175a3fb4fd2da9883c956e89a2d90d5,COc1cc2c(cc1OC)C(=O)C(CC1CCN(Cc3ccccc3)CC1)C2,1,train
65bc177995451d6eee559a72e54968962aa2f566,CN(C)CC/C=C1/c2ccccc2COc2ccccc21,1,train
b0f7a73a4dfc150f35e400e0c48c6e81879a498f,O=C(OC1Cc2c(O)cc(O)cc2OC1c1cc(O)c(O)c(O)c1)c1cc(O)c(O)c(O)c1,1,train
796c5ac58639d70fff36bf9bde3e72f9c8e39bec,COC(=O)C1=C(C)N=C(C)C(C(=O)OC(C)C)C1c1cccc2nonc12,0,val
46b33ac42435a57301e96021fd80d932cb221429,Cc1cccc(C)c1OCC(C)N,1,train
0cc07e887ddc7a35bfa991863b54327ce4b9979f,NCCC(Oc1ccc(C(F)(F)F)cc1)c1ccccc1,1,train
d25023cf18c39cbdf3071184dd61ef4a9b79460c,Cc1ccccc1C(OCCN(C)C)c1ccccc1,1,train
f0310db7b9fc12b9f49107be6a3af8c17ccc4c91,CCCN1C[C@H](CSC)C[C@@H]2c3cccc4[nH]cc(c34)C[C@H]21,1,val
adf0aca87f3c4635cab984c455e637521c68ec41,CCC1OC(=O)C(C)C(OC2CC(C)(OC)C(O)C(C)O2)C(C)C(OC2OC(C)CC(N(C)C)C2O)C(C)(OC)CC(C)C(=O)C(C)C(O)C1(C)O,0,train
1640c848f948da91e4bcd906f17c91274c65ed10,CN1CC(=O)N2C(Cc3c([nH]c4ccccc34)C2c2ccc3c(c2)OCO3)C1=O,0,test
98a8e88291ab82375020a97593938e2c04c7a9b4,COC(=O)C1C(OC(=O)c2ccccc2)CC2CCC1N2C,1,train
27a679dac22501342eabd451e8da0e87abf111f9,CCOC(=O)C1C(OC(=O)c2ccccc2)CC2CCC1N2C,1,train
36a7f5330e9ce8b2e765e7df7353aae3d0509042,CCC1=C(C)CC(C(=O)NCCc2ccc(S(=O)(=O)NC(=O)NC3CCC(C)CC3)cc2)C1=O,0,train
f9511b63f745894fc5ef2deade4c41b006e7a1dd,CC(C(O)c1ccc(O)cc1)N1CCC(Cc2ccccc2)CC1,1,train
4a88dcc3aed278253802c9833aaa166f860b049c,Cc1cccc(C)c1OCC(=O)N[C@@H](Cc1ccccc1)[C@@H](O)C[C@H](Cc1ccccc1)NC(=O)C(C(C)C)N1CCCNC1=O,1,train
e57abfa58573954124b193d333a475618435769e,CC(C[C@@H](CS(=O)(=O)N1CCC(OCc2ccc(Cl)cc2Cl)CC1)N(O)C=O)c1ncc(F)cn1,1,train
3a7446de70d20932455aec60d469d8dde189b9df,CC(C[C@@](C)(CS(=O)(=O)N1CCC(OCc2ccc(Cl)cc2Cl)CC1)N(O)C=O)c1ncc(F)cn1,1,train
10d39a889ded56790a7788eda9bbadd5bf3b2ffe,CC(C[C@@](C)(CS(=O)(=O)N1CCN(c2ccc(F)cc2)CC1)N(O)C=O)c1ncc(F)cn1,0,train
b22ad516702548beded3e8abbc0e46c2c5fe6958,CC(C[C@@H](CS(=O)(=O)N1CCN(c2ccc(F)cc2)CC1)N(O)C=O)c1ncc(F)cn1,0,train
b22a40aed2159722b256ecd936900cd8b0e6c56e,CNC(C)C1(c2ccc(Cl)c(Cl)c2)CCCCC1,0,train
5ebb4ecab539e3a090c240e314e55f8f6cd69e88,CC(N(C)C)C1(c2ccc(Cl)c(Cl)c2)CCCCC1,0,train
bfbbcd48bf9c66ddc757348424ff92656bf27f17,CC(N(C)C)C1(c2ccc3ccccc3c2)CCCCC1,1,val
03d0087be65a943faf7b774f45b48f32ec94fc84,Cc1c(C(=O)Nc2ccn(C)n2)ncn1Cc1cccc(C(F)(F)F)c1,0,test
7e13049504e842bada90ab121ed865762970e1c6,CO[C@@H]1COCC[C@@H]1N[C@@H]1CC[C@@](C(=O)N2CCN(c3cc(C(F)(F)F)ccn3)CC2)(C(C)C)C1,1,train
54b54bf7149d41f588f46319a4a8cb349d6241d6,Nc1nc(CC(=O)Nc2ccc(C[C@@H]3CC[C@H]([C@H](O)c4ccccc4)N3)cc2)cs1,0,test
8daa6cbd4ff5cd553a6a61441e1dbf246f3defde,CN(CC(N)=O)Cc1nc(-c2cn(CC3CCOCC3)c3c(Cl)cccc23)no1,0,train
fffc57c523ba8849bc43ee69efd62799aed027f7,CCO[C@@H]1Cc2cc(C(F)(F)F)ccc2[C@H]1N1CCN(C2(C)CCN(C(=O)c3c(C)ncnc3C)CC2)C[C@@H]1C,1,train
4d25bec8febac14381120d039f95b78e54fc12fb,N#Cc1ccc(C(=O)N2CCC3(CC2)N=C(N)c2c(F)ccc(F)c2N3)cn1,1,train
d7e2ba70205ef67474781a8151f91fdfaace16e0,CNCC[C@@H](Oc1cc(Cl)ccc1C#N)c1ccccc1,1,train
b3ea94ff966f28692182e275b609d880ae1a8a66,CCc1cccc2c(-c3nc(CN4CCCC4)cs3)cn(CC3CCOCC3)c12,1,train
e6c4e98a82d201be6fe4438fb312ad703b8eb3ee,CCc1cccc2c(-c3nc(CN(CC)CC)cs3)cn(CC3CCOCC3)c12,1,train
2f8316cb4dadd9af58f8ffd99386e4ffa115ff1e,Fc1cccc2c(-c3nc(CN4CCCC4)cs3)cn(CC3CCOCC3)c12,1,train
6e24e8cf36c27226b33253335e7334d028e3ce3d,CCN(CC)Cc1csc(-c2cn(CC3CCOCC3)c3c(F)cccc23)n1,1,train
e400028c89d77e3b317e644ee053bb62d5b3d69d,Clc1cccc2c(-c3nc(CN4CCCC4)cs3)cn(CC3CCOCC3)c12,1,train
d9626aa31ec37339953d63e6468aa9be0f621cd5,CCN(CC)Cc1csc(-c2cn(CC3CCOCC3)c3c(Cl)cccc23)n1,1,train
5edd4fb75be6992dbeb70b10d85086592ae908bb,COCCN(C)Cc1csc(-c2cn(CC3CCCCC3)c3c(Cl)cccc23)n1,1,train
fa67ce0cb274112b58291ae932317329f843e190,COCCN(C)Cc1csc(-c2cn(CC3CCOCC3)c3c(Cl)cccc23)n1,1,train
37f2f9d910f1832ac926109c3510477de473eeb6,CN(CCO)Cc1csc(-c2cn(CC3CCOCC3)c3c(Cl)cccc23)n1,1,train
dd2806b52089ad1f2dc3dad1d30ca5bf5077f44b,CCN(CCO)Cc1csc(-c2cn(CC3CCOCC3)c3c(Cl)cccc23)n1,1,train
ee1711ff77ea222065539636827c35240fed70b2,CC(C)N(CCO)Cc1csc(-c2cn(CC3CCOCC3)c3c(Cl)cccc23)n1,1,train
0a0b39e82710c013bea7c77dd7e8734d4b0d60fd,OC1CCN(Cc2csc(-c3cn(CC4CCOCC4)c4c(Cl)cccc34)n2)CC1,1,train
1339842af68a438c4588e24574ea8de6275058e9,COC1CCN(Cc2csc(-c3cn(CC4CCOCC4)c4c(Cl)cccc34)n2)CC1,1,train
5ac0337859349a6c1d758d90e62f1abb811751b1,Clc1cccc2c(-c3nc(CN4CCOCC4)cs3)cn(CC3CCOCC3)c12,1,val
566f5b2eeb6df5ce474c26c42e957c907b44e6a1,OCCN(CCO)Cc1csc(-c2cn(CC3CCOCC3)c3c(Cl)cccc23)n1,1,train
5e6c8e373ddb8de71319e5026d54e6c2a150786f,CCc1sc(-c2cn(CC3CCOCC3)c3c(Cl)cccc23)nc1CN(C)CCO,1,train
a4751c45f45488f20746536fd3e7c42aca03a5ef,CCc1sc(-c2cn(CC3CCOCC3)c3c(Cl)cccc23)nc1CN(CC)CCO,1,train
6a34515f5a8d01a43d19a5683fedc1f53fb7652a,CCc1sc(-c2cn(CC3CCOCC3)c3c(Cl)cccc23)nc1CN(CCO)C(C)C,1,train
bbd33bcca92598775af3cecdd4ffe0b8e3cb22b1,CC(C)N(CCO)Cc1nc(-c2cn(CC3CCOCC3)c3c(Cl)cccc23)sc1Cl,1,train
0a20c6f83c00aa608dd11c300ae83009967109a0,COc1ccc([C@H]2CN(CCc3ccc(OC)c(OC)c3)C[C@@H]2CNC(=O)c2cccc(Cl)c2)cc1,1,train
6ced42f7cea993fd3d6d701fa201cb626a52eb37,COc1ccc([C@H]2CN(Cc3ccc(OC)c(OC)c3)C[C@@H]2CNC(=O)c2cccc(Cl)c2)cc1,1,val
02f013da6bad46507d19049ce28a87f4b891b6c7,COc1ccc([C@H]2CN(CCCc3ccc(OC)c(OC)c3)C[C@@H]2CNC(=O)c2cccc(Cl)c2)cc1,1,train
e617b7aafe46fcd1499c18d235b299cbcecaaf0b,COc1ccc([C@H]2CN(CCc3cccc(OC)c3)C[C@@H]2CNC(=O)c2cccc(Cl)c2)cc1,1,train
f7b3ec3464bdff05814ef6b4ed6ccdc1b57fa701,COc1ccc(CCN2C[C@H](CNC(=O)c3cccc(Cl)c3)[C@@H](c3ccc(OC)cc3)C2)cc1,1,train
8778493f647b17dbcfac683a1cbb63130054f4f9,COc1ccc([C@H]2CN(CCC3CCOCC3)C[C@@H]2CNC(=O)c2cccc(Cl)c2)cc1,1,test
be89bf9a8d2e2a7775cece31c45d305c59b10667,COc1ccc([C@H]2CN(CCCC3CCOCC3)C[C@@H]2CNC(=O)c2cccc(Cl)c2)cc1,1,train
c9778c6595ad96d1aa5b85041217f5e7639ab808,COc1ccc([C@H]2CN(CCCC3CCNCC3)C[C@@H]2CNC(=O)c2cccc(Cl)c2)cc1,0,train
56955eaf61c820410390ab87f81a28e1f74bd093,COc1ccc([C@H]2CN(CCc3ccc(OC)c(OC)c3)C[C@@H]2CC(=O)Nc2cccc(Cl)c2)cc1,1,train
92b0d813bc6aa39d94c6dc925ae89498b5c25fbf,COc1ccc([C@H]2CN(CCc3ccc(OC)c(OC)c3)C[C@@H]2CC(=O)N(C)c2cccc(Cl)c2)cc1,1,train
5549a72d12db2ade101a18363e00f42ce0c767a6,COc1ccc([C@H]2CN(CCc3ccc(OC)c(OC)c3)C[C@@H]2CC(=O)NCc2cccc(Cl)c2)cc1,1,train
b7358705588321ab3523422a36b500f189c673a2,COc1ccc([C@H]2CN(CCc3ccc(OC)c(OC)c3)C[C@@H]2CCNC(=O)c2cccc(Cl)c2)cc1,1,train
991b95f5591f44a935ff7e28952d00c16bbb89d3,COc1ccc([C@H]2CN(CCc3ccc(OC)c(OC)c3)C[C@@H]2Cc2nc3cc(Cl)ccc3[nH]2)cc1,1,val
d41db690d4369f45861b38fc8426e532f1f3282c,COc1ccc([C@H]2CN(CCc3ccc(OC)c(OC)c3)C[C@@H]2CCc2nc3cc(Cl)ccc3[nH]2)cc1,1,train
7b0e1c565e9caf54f1acb3eb227cb26cd16c761d,COc1ccc([C@H]2CN(CCc3ccc(OC)c(OC)c3)C[C@@H]2CCc2cc3ccc(Cl)cc3[nH]2)cc1,1,test
0813443db58f08a14aa2c4abc858ec6dc551b043,COc1ccc([C@H]2CN(CCCC3CCOCC3)C[C@@H]2CC(=O)Nc2cccc(Cl)c2)cc1,1,train
72afc62b78cf671578ed3723bb034cf74e919f44,COc1ccc([C@H]2CN(CCC3CCOCC3)C[C@@H]2CC(=O)Nc2cccc(Cl)c2)cc1,1,train
2e1a4f8c1d2d754e3bc48a7122df727d8ed72c9b,COc1ccc([C@H]2CN(CCC3CCS(=O)(=O)CC3)C[C@@H]2CC(=O)Nc2cccc(Cl)c2)cc1,1,test
7dc80cec80b2362cad8c50924244b2a34b0d6f2d,COc1ccc([C@H]2CN(CCC3(O)CCOCC3)C[C@@H]2CC(=O)Nc2cccc(Cl)c2)cc1,1,train
b85a347cc326cde132f73a98e9a7ec648311ac07,COc1ccc([C@H]2CN(CCCN(C)S(C)(=O)=O)C[C@@H]2CC(=O)Nc2cccc(Cl)c2)cc1,1,val
23161162fbfe0d8fdd5879fa9d87aa48fe233619,COc1ccc([C@H]2CN(CCCN(C)S(=O)(=O)c3ccccc3)C[C@@H]2CC(=O)Nc2cccc(Cl)c2)cc1,1,train
55eb2c8c01390a6fc428a424c2ba153a65f3fa70,COc1ccc([C@H]2CN(CCCN3CCCC3=O)C[C@@H]2CC(=O)Nc2cccc(Cl)c2)cc1,1,val
0b79c0392892668467362ad4d7d8e5e282ab661d,CC(=O)Nc1cccc(C2CCN(CCCn3c(-c4ccc(Cl)cc4)nc4ccccc43)CC2)c1,1,val
296fc113dc05e60d472d7405ebed6fe06149d034,COCCCc1cc(CN(C(=O)C2CNCC[C@@H]2c2ccc(OCCOc3c(Cl)cc(C)cc3Cl)cc2)C2CC2)cc(OCC2(CC#N)CC2)c1,1,train
903f3f27bc33b5d0548e9b3fef01692d351b8b6b,COCCCc1cc(CN(C(=O)C2CNCC[C@@H]2c2ccc(OCCOc3c(Cl)cc(C)cc3Cl)cc2)C2CC2)cc(OCCOC)c1,1,train
41419edf801938e372d08f531c9592aee3d544e5,COCCCc1cc(CN(C(=O)C2CNCC[C@@H]2c2ccc(OCCOc3c(Cl)cc(C)cc3Cl)cc2)C2CC2)cc(OCCN(C)C)c1,1,train
deb0530a120355ff66abe97cd14220aea88c0821,COCCCc1cc(CN(C(=O)C2CNCC[C@@H]2c2ccc(OCCOc3c(Cl)cc(C)cc3Cl)cc2)C2CC2)cc(OCCCNS(C)(=O)=O)c1,1,train
541e6322575c03830e5c5a3a1f0ad0437d1dafac,CCNC(=O)NCCCOc1cc(CCCOC)cc(CN(C(=O)C2CNCC[C@@H]2c2ccc(OCCOc3c(Cl)cc(C)cc3Cl)cc2)C2CC2)c1,1,train
1efdf10643a3b5100e89beecf9ff41a5d694123c,COCCCc1cc(CN(C(=O)C2CNCC[C@@H]2c2ccc(OCCOc3c(Cl)cc(C)cc3Cl)cc2)C2CC2)cc(OCC(C)(C)O)c1,1,train
1f3c4622849ced5a57dc6e525bf507d7e323bca4,CCOC(=O)C1C[C@@H]1COc1cc(CCCOC)cc(CN(C(=O)C2CNCC[C@@H]2c2ccc(OCCOc3c(Cl)cc(C)cc3Cl)cc2)C2CC2)c1,1,train
6ba07b76c6719482e86b52630b58f767b2832cba,COCCCc1cc(CN(C(=O)C2CNCC[C@@H]2c2ccc(OCCOc3c(Cl)cc(C)cc3Cl)cc2)C2CC2)cc(OC[C@H]2CC2C(=O)O)c1,1,train
2cf3c06c7a245ce7ed440b1792146958b59ab88b,COCCCc1cc(CN(C(=O)C2CNCC[C@@H]2c2ccc(OCCOc3c(Cl)cc(C)cc3Cl)cc2)C2CC2)cc(OC[C@H]2CC2C(=O)OCC(=O)N(C)C)c1,1,train
e576310e34a115e67812578e168b7e3da2da6642,COCCCc1cc(CN(C(=O)C2CNCC[C@@H]2c2ccc(OCCOc3c(Cl)cc(C)cc3Cl)cc2)C2CC2)cc(OC[C@H]2CC2C(=O)OCOC(=O)C(C)(C)C)c1,1,train
49f3da0ae7d65f95855b0d17ca70d89e707e802d,COCCCc1cc(CN(C(=O)C2CN(C(=O)OCc3oc(=O)oc3C)CC[C@@H]2c2ccc(OCCOc3c(Cl)cc(C)cc3Cl)cc2)C2CC2)cc(OC[C@H]2CC2C(=O)O)c1,1,val
cce16d526a61bae779f420fc0bc06909ef8aa771,COCCCc1cc(CN(C(=O)C2CNCC[C@@H]2c2ccc(OCCOc3c(Cl)cc(C)cc3Cl)cc2)C2CC2)cc(OCC2(CC(=O)O)CC2)c1,1,train
a9c919c8892468ecda1c3c8b309210b381976158,COCCCc1cc(CN(C(=O)C2CNCC[C@@H]2c2ccc(OCCOc3c(Cl)cc(C)cc3Cl)cc2)C2CC2)cc(OCC(C)(C)C(=O)O)c1,1,train
f992433cb0b1e269f65fbafd09c460d0803340d0,COCCCc1cc(CN(C(=O)C2CNCC[C@@H]2c2ccc(OCCOc3c(Cl)cc(C)cc3Cl)cc2)C2CC2)cc(OCCC(C)(C)C(=O)O)c1,1,train
eb2b2497f810e1ea41ff2da5dad868250526002c,COCCCc1cc(CN(C(=O)C2CNCC[C@@H]2c2ccc(OCCOc3c(Cl)cc(C)cc3Cl)cc2)C2CC2)cc(OCCCC(C)(C)C(=O)O)c1,1,train
ea78f9353189a526028944d02288df895fb9a0ca,CCC(CC)(CCOc1cc(CCCOC)cc(CN(C(=O)C2CNCC[C@@H]2c2ccc(OCCOc3c(Cl)cc(C)cc3Cl)cc2)C2CC2)c1)C(=O)O,1,train
2396fece02b324b82e72f4bd3d53e29a39f43e1e,COCCCc1cc(CN(C(=O)C2CNCC[C@@H]2c2ccc(OCCOc3c(Cl)cc(C)cc3Cl)cc2)C2CC2)cc(OCCC2(C(=O)O)CCCC2)c1,1,train
1fac6379718ccccc669aa4c3cab78ba6471e1b2a,COCCCc1cc(CN(C(=O)C2CNCC[C@@H]2c2ccc(OCCOc3c(Cl)cc(C)cc3Cl)cc2)C2CC2)cc(OCC[C@](C)(OC)C(=O)O)c1,1,train
8f7cf7a7ba387fcb8c39369499973822c503c34a,COCCCc1cc(CN(C(=O)C2CNCC[C@@H]2c2ccc(OCCOc3c(Cl)cc(C)cc3Cl)cc2)C2CC2)cc(OC[C@H]2CC2C(=O)NS(C)(=O)=O)c1,1,train
3701675a0ed01388dac99e4bc10dea29e3f9a902,COCCCc1cc(CN(C(=O)C2CNCC[C@@H]2c2ccc(OCCOc3c(Cl)cc(C)cc3Cl)cc2)C2CC2)cc(OCC2(Cc3nn[nH]n3)CC2)c1,1,test
00c1bf74ed3a23b554c6777f710e5fc79a54a558,CC(C)NCc1c(C(=O)N[C@@H]2CCC[C@H](O)C2)noc1-c1ccc(C(F)(F)F)cc1,1,test
b5f79fa5ceec7406b9fc0969aae046de761d0683,O=C(N[C@@H]1CCC[C@H](O)C1)c1noc(-c2ccc(C(F)(F)F)cc2)c1CNCC1CC1,1,val
4bb2ee3bc74eafb549a6e61914e77457971ac64b,O=C(N[C@@H]1CCC[C@H](O)C1)c1noc(-c2ccc(C(F)(F)F)cc2)c1CNCC1CCC1,1,val
55a51a641ffb31322a108537ba5f542ccf9c29fe,CN1CCCC(n2nc(Cc3ccc(Cl)cc3)c3ccccc3c2=O)CC1,1,test
e55edc4ace34e6d295e6dfbf65faec992c99dfce,O=c1c2ccccc2c(Cc2ccc(Cl)cc2)nn1C[C@H]1CCCN1CCCCc1ccc(OCCCN2CCCCCC2)cc1,1,val
92d62e999f7daa079effbe97978a28a7faf76746,O=C1Nc2ncccc2C2(CCN(C(=O)N[C@@H]3CC[C@@H](c4cccc(F)c4F)Cn4c(CC(F)(F)F)cnc43)CC2)O1,1,train
58804ca8f530f977669f2748372f4a23664dc097,CC(C)c1cc(C#N)cc2nc(-c3ccc(C(=O)NC[C@H]4CC[C@@H](c5cccc(C(F)(F)F)c5)CC4)cc3)oc12,1,train
5e1450821dad1de0bf735f3265b8c3b2a38a2a8b,Cc1cccc([C@H]2CC[C@@H](CNC(=O)c3ccc(-c4nc5cc(C#N)cc(C(C)C)c5o4)cc3)CC2)c1,0,train
2d534d380eb49dac04b2b2578917608eb821ebab,CC(C)c1cc(C#N)cc2nc(-c3ccc(C(=O)NCC4CN(c5ccc(-c6ccccc6C#N)cn5)C(=O)O4)cc3)oc12,1,train
593ed809cf28a9fa81e664af77a6d39192c3e77d,Cc1ccc(-c2ccc(N3CC(CNC(=O)c4ccc(-c5nc6cc(C#N)cc(C(C)C)c6o5)cc4)OC3=O)nc2)s1,0,val
39c3532b4bbccc3d4d6de95fbc492bf54eb24744,CC(C)c1cc(C#N)cc2nc(-c3ccc(C(=O)NC[C@H]4CN(c5ccc(-c6ccccc6OC(F)(F)F)cn5)C(=O)O4)cc3)oc12,1,train
c6124fe99833a0d9d0f92e190c60c22335b850b2,CC(C)Oc1ccc(F)cc1-c1ccc(N2CCC(CNC(=O)c3ccc(-c4nc5cc(C#N)cc(C(C)C)c5o4)cc3)CC2)nc1,1,test
600fa3fb0db1b3c708c5b841a12518f250a55388,Cc1cccc(Nc2ccc(-c3ccc(N4CCNCC4)nc3)cc2)n1,1,test
3494314d25993f19f74aecde71b44bdcd0c61b14,Cc1cc(N2CCC(C3CCN(c4ncc(Cl)cn4)CC3)CC2)nc(C#N)n1,1,train
ad512405d08dab5bdbe9b3d0e92a3ae3ae279e59,Cc1cnc(N2CCC(C3CCN(c4cc(C#N)nc(C)n4)CC3)CC2)nc1,1,train
ba1bdd0707f24c074963d1c9e502c14324adc375,Cc1cnc(N2CCC(C3CCN(c4cc(C#N)nc(C)n4)CC3)CC2)cn1,1,train
f3312b60b3ab7a8727bdec8f896e092419e8c140,Cc1cnc(N2CCC(C3CCN(c4cc(C)nc(C#N)n4)CC3)CC2)cn1,0,train
93948380c922ef3a4d08e40c51407469e45ccab8,O=C(NC1CC1)c1ccc(OCC2CC2C2CCN(c3ncc(Cl)cn3)CC2)cc1F,1,val
2f7153ea9342b75dc5a0b5039cf2d3b6ea1d19a4,O=C(NC1CC1)c1ccc(OCCC2CC2C2CCN(c3ncc(Cl)cn3)CC2)cc1F,1,val
b17a4d26565d8952085de06754ec5fd18af73b38,O=C(NC1CC1)c1ccc(OCC2CC2CC2CCN(c3ncc(Cl)cn3)CC2)cc1F,1,test
30b1527477068c5e933cae55752a58d18474b3c5,CS(=O)(=O)c1ccc(OCC[C@@H]2C[C@@H]2C2CCN(c3ncc(Cl)cn3)CC2)nc1,0,val
d83b6f71bfc6b6a6e75f10649cba064cfa7e311c,Clc1cnc(N2CCC([C@H]3C[C@H]3CCOc3ccc(-n4ccnn4)cc3)CC2)nc1,0,test
7e78ac2f76895aa25f2cfcc95568e864d76830ce,Clc1cnc(N2CCC([C@H]3C[C@H]3CCOc3ccc(-n4ccnn4)cn3)CC2)nc1,0,train
1b700fccc7ddf64cda348f0d849d94e9e3c16854,Cc1cnc(N2CCC([C@H]3C[C@H]3CCOc3nc(C)cc(C#N)n3)CC2)nc1,1,val
03534e784f60c1404eaaa213a22d87f03642fc5a,Cc1cc(-c2c(Cl)cc(Cl)cc2OCCCC(F)(F)F)nc(N)n1,0,train
15a86f406339e9afc2cef858d4521ee62596fbcd,CC(C)OC(=O)N1CCC(Oc2ncnc3c2cnn3-c2ccc(S(C)(=O)=O)cc2F)CC1,1,test
b0b9c0759b1e4a93c4725ddb30272813219d2d92,O=C(Cc1ccc(Cl)cc1)NC(Cc1ccc(Cl)cc1)C(=O)N[C@H]1C[C@H]2CC[C@@H](C1)N2,1,train
8eed8a876717054721914d0582ef7ab4352020e0,O=C(N[C@H]1C[C@H]2CC[C@@H](C1)N2)C(Cc1ccc(Cl)cc1)NC(=O)C1(c2ccc(Cl)cc2)CC1,1,val
8c058382cfb800894240b201842adfb6a966c8e3,CC(C)(C)OCC1C(=O)NCCN1C(=O)C[C@H](N)Cc1cc(F)c(F)cc1F,0,train
c959f889e41d1300c4901dc5e727116f6eb112a2,CCN1C(=O)c2nc(Cc3ccccc3)n(Cc3ccccc3)c2N2CC3(CCc4ccccc43)N=C12,1,val
bcaef2094fc306f066f4be588b3dd49de6c7f592,CC[C@H]1OC(=O)C(C)[C@@H](O[C@H]2C[C@@](C)(OC)C[C@H](C)O2)[C@H](C)[C@@H](O[C@@H]2O[C@H](C)C[C@H](N(C)C(C)C)[C@H]2O)[C@](C)(O)C[C@@H](C)[C@H](OCC(=O)NC)[C@H](C)[C@@H](O)[C@]1(C)O,0,train
a94c839f355f125e85ca788971b627a3ccb39c5e,CC#CC(CC(=O)O)c1ccc(Oc2ccc(C(F)(F)F)cc2OC(F)F)cc1F,0,train
24b5044906c37fbbf289ee48b21549f552e7d7d1,CC#C[C@@H](c1ccc(Oc2ccc(C(F)(F)F)cc2OC(F)F)cc1)c1oc(=O)[nH]c1O,1,test
1fecf96a3f0a105d55b410dfe5853a00661650b2,Cc1c2c(n3c1CCCN[C@H](C)CNc1cc-3ccc1C(N)=O)CC(C)(C)CC2=O,1,test
1ce30ea49dc79fd7786f6a576ef71aeffe80e0cf,COc1cc(F)ccc1-c1cncc(CNC2CCCC2)c1,1,train
f419c846ca829919603a2a3722e4d45e740640de,COc1cc(F)ccc1-c1cccc(CNC2CCCC2)c1,1,test
93bd000d1da06e4438042ce61757f36c5fe32093,COc1cc(F)ccc1-c1cncc(CNC2CCCC2)n1,0,val
7e4fd88ef4f1aaa76cfd3229bb88d154a7df883a,COc1cc(F)ccc1-c1cccc(CNC2CCCC2)n1,1,val
4e8ae13588057d921d619e4294167531261149e0,COc1cc(F)ccc1-c1cc(CNC2CCCC2)ccn1,1,test
de4fc797f5649fb1c7ce2f0db9ecc516a505443d,COc1cc(F)ccc1-c1cncc(CNC2CCCCC2)c1,1,train
ddb07d5d69f9321d104967d1148246bf2061a58b,COc1cc(F)ccc1-c1cncc(CNC(C)C)c1,1,train
dd5c396d01628f9e4277e3b2621a422dfd7c9e2b,COc1cc(F)ccc1-c1cncc(C2CCCN2)c1,1,test
7ae14bad1982b40e22849795bdeddd55f5c5144d,COc1cc(F)ccc1-c1cncc(NCc2ccccc2)c1,1,train
28ab133eb0cab0600a71e8011ffa8cb59006af6e,COc1cc(F)ccc1-c1cncc(NC2CCCOC2)c1,1,val
ffda6f66616ea8e12e0127c64987113ceda157dc,COc1cc(F)ccc1-c1cncc(CNC(=O)c2cnccn2)c1,1,test
a5583afb7d05eb5f6e4a4d385400c40a5fdb2233,COc1cc(F)ccc1-c1cncc(CNC(=O)c2ccccn2)c1,0,val
4c3d46961afd8baaa10299d48fd82181ec5b759e,COc1cc(F)ccc1-c1cncc(CNC(=O)c2ccccc2)c1,0,train
f23bda00722e2622293f50bb10755169aa7ca65b,COc1cc(F)ccc1-c1cncc(CNC(=O)C2CCC2)c1,0,train
019ee67b76e9d1895c076f49a4cf13e142870d83,COc1cc(F)ccc1-c1cncc(CNCC2CC2)n1,1,test
f3ee7d449ae6dc1cdce9690a8dc75a71f7feaa5f,Cc1c2c(n3c1CCCN1CCC[C@@H]1CNc1cc-3ccc1C(N)=O)CC(C)(C)CC2=O,1,train
715ee1b68057f3c4c39ea3de9d857f60946f5b41,Cc1c2c(n3c1CCCN1CCCC[C@@H]1CNc1cc-3ccc1C(N)=O)CC(C)(C)CC2=O,1,train
304e6fef7e76909e9e9573fec8b537f41f217410,Cc1c2c(n3c1CCCN1CCOC[C@@H]1CNc1cc-3ccc1C(N)=O)CC(C)(C)CC2=O,0,val
e12895baa1464daa7669303e3c041c2f3f516d0a,CC(=O)N1CCN2CCCc3c(C)c4c(n3-c3ccc(C(N)=O)c(c3)NC[C@H]2C1)CC(C)(C)CC4=O,0,train
ed92009fcfa8f2ba506ccb0f46447a085b1e54af,Cc1c2c(n3c1CCCN1CC[C@H](CNc4cc-3ccc4C(N)=O)C1)CC(C)(C)CC2=O,1,train
b6fe601275460e2756b6b0e0a5b6a92053eed040,Cc1c2c(n3c1CCCN1C[C@@H](F)C[C@@H]1CNc1cc-3ccc1C(N)=O)CC(C)(C)CC2=O,0,train
cf9c8e63f4eccfd2928f468c60f04ef4997b9aad,Cc1c2c(n3c1CCCN1CCCC[C@@H]1[C@H](C)Nc1cc-3ccc1C(N)=O)CC(C)(C)CC2=O,1,train
5bb877e96a3db3d30e0f0b2fe7b40441cad09bba,Cc1c2c(n3c1CCCN1CCC[C@@H](C1)Nc1cc-3ccc1C(N)=O)CC(C)(C)CC2=O,1,val
7f71ecbaeba963fecff63e4039c900644c9141a2,CO[C@@H]1COCC[C@@H]1N[C@@H]1CC[C@@](C(=O)N2CCN(c3cncc(C(F)(F)F)c3)CC2)(C(C)C)C1,1,test
811a589ce8a16839bf373f4aa43a5257a7ff48ea,CO[C@@H]1COCC[C@@H]1N[C@@H]1CC[C@@](C(=O)N2CCN(c3cccc(C(F)(F)F)n3)CC2)(C(C)C)C1,1,train
732a54f5116151b6fcb406b424ec93949a8471c5,CO[C@@H]1COCC[C@@H]1N[C@@H]1CC[C@@](C(=O)N2CCN(c3nccc(C(F)(F)F)n3)CC2)(C(C)C)C1,1,train
88572c06431f2e916cec88d5544c04a40892b2df,CO[C@@H]1COCC[C@@H]1N[C@@H]1CC[C@@](C(=O)N2CCN(c3cncc(C(F)(F)F)n3)CC2)(C(C)C)C1,1,train
e4e943ae156797dde55a5894b196ee88877bef5a,CO[C@@H]1COCC[C@@H]1N[C@@H]1CC[C@@](C(=O)N2CCN(c3ccnc(C(F)(F)F)n3)CC2)(C(C)C)C1,0,train
05283f3280b22a84bf0ade410eb5328707141a9d,CO[C@@H]1COCC[C@@H]1N[C@@H]1CC[C@@](C(=O)N2CCN(c3cc(C(F)(F)F)ncn3)CC2)(C(C)C)C1,0,train
37c37b12818aac1beba04f2d979260bb1cbd6bf8,CO[C@@H]1COCC[C@@H]1N[C@@H]1CC[C@@](C(=O)N2CCN(c3nncc(C(F)(F)F)n3)CC2)(C(C)C)C1,1,train
6785504871d96ee1a6ad46fa00090a0919394ee3,CO[C@@H]1COCC[C@@H]1N[C@@H]1CC[C@@](C(=O)N2CCN(c3cc(C(F)(F)F)cnn3)CC2)(C(C)C)C1,0,train
c3445ec082176e959d686bcc41e95557d59141e3,CCO[C@H]1COCC[C@H]1N[C@@H]1CC[C@@](C(=O)N2CCN(c3cc(C(F)(F)F)ccn3)CC2)(C(C)C)C1,1,train
9f8ec1cd76e6e5064351f90539d56a17b5fed1e5,CCO[C@@H]1COCC[C@@H]1N[C@@H]1CC[C@@](C(=O)N2CCN(c3cc(C(F)(F)F)ccn3)CC2)(C(C)C)C1,1,train
36f86d8106b69c42ff6aea1769aab84fad057e43,CCC1COCC[C@@H]1N[C@@H]1CC[C@@](C(=O)N2CCN(c3cc(C(F)(F)F)ccn3)CC2)(C(C)C)C1,1,train
cc358a8403b557d320717dfed28e1847fe2cf095,CC(C)[C@]1(C(=O)N2CCN(c3cc(C(F)(F)F)ccn3)CC2)CC[C@@H](N[C@H]2CCOC[C@H]2O)C1,1,train
8c73da6dc373a4d46cf50761ce7b0f1b8881d338,CC(C)[C@]1(C(=O)N2CCN(c3cc(C(F)(F)F)ccn3)CC2)CC[C@@H](NC2C3CCCC2COC3)C1,1,test
fa78d265caafc49211b0179c339c7451a4aab27b,CO[C@@H]1COCC[C@@H]1N(C)[C@@H]1CC[C@@](C(=O)N2CCN(c3cc(C(F)(F)F)ccn3)CC2)(C(C)C)C1,0,train
132017df62a4b35db039ea3923f25f0efd746abe,CC(C)[C@]1(C(=O)N2CCN(c3cc(C(F)(F)F)ccn3)CC2)CC[C@@H](N2CCC3COCCC32)C1,1,train
723b7180c37e00ddac59f6053543c1d4a85ba335,CO[C@@H]1COCC[C@@H]1N(C)[C@@H]1CC[C@@](C(=O)N2CCN(c3cc(C(F)(F)F)cnn3)CC2)(C(C)C)C1,0,train
1f4ecd2491a4093c824973e92a253ac41307c4af,Cc1noc(C)c1CCC1CCN(S(=O)(=O)C[C@](C)(CC(C)c2ncc(F)cn2)N(O)C=O)CC1,0,val
762a7c1238a2b87985a644a7bf16ca990c075452,Cc1nc2ccccc2n1[C@H]1C[C@H]2CC[C@@H](C1)N2CCC1(c2ccccc2)CCN(C(=O)c2ccccc2)CC1,1,train
992b3ec564e4f06a67f6633e5df6c7f99a24365c,Cc1nc2ccccc2n1[C@H]1C[C@H]2CC[C@@H](C1)N2CCC1(c2ccccc2)CCN(C(=O)C(C)(C)C)CC1,1,train
9835ef306bd0e7cafb94cce05f55c9bdd1fc2754,Cc1nc2ccccc2n1C1CC2CCC(C1)N2CCC1(c2cccc(F)c2)CCN(C(=O)C(C)(C)C)CC1,1,train
bca55b9804e7ab7c41613cf936b4d406a94bb0b2,Cc1nc2ccccc2n1C1CC2CCC(C1)N2CCC1(c2cccc(F)c2)CCN(C(=O)C(C)(C)C(=O)O)CC1,0,train
09383691372c7e5775b3c48c0a49df36d26ccb65,Cc1nc2ccccc2n1C1CC2CCC(C1)N2CCC1(c2cccc(F)c2)CCN(C(=O)C2(C(=O)O)CCC2)CC1,0,test
3bd86c83f09b2b9a33eb34a467ab7add1aaed424,Cc1nc2ccccc2n1C1CC2CCC(C1)N2CCC1(c2ccccc2)CCN(C(=O)c2cccc(C(=O)O)c2)CC1,0,train
5dacd843c64aeeb34b043e9d7c89371e181185d6,Cc1nc2ccccc2n1C1CC2CCC(C1)N2CCC1(c2ccccc2)CCN(C(=O)C(C)(C)c2nn[nH]n2)CC1,0,train
5dca11cd360295fddfd129490684187b84199d15,Cc1nc2ccccc2n1C1CC2CCC(C1)N2CCC1(c2ccccc2)CCN(C(=O)C(C)(C)C(=O)NS(C)(=O)=O)CC1,0,train
3cee1ba5fc501a34d5b8173833fc477b83c2fc5b,Cc1nc2ccccc2n1C1CC2CCC(C1)N2CCC1(c2ccccc2)CCN(C(=O)c2cccc(-c3nn[nH]n3)c2)CC1,0,test
0ba43fd8065ff12c63a7e270db735b5f3b9ff88c,Cc1nc2ccccc2n1C1CC2CCC(C1)N2CCC1(c2ccccc2)CCN(C(=O)c2cccc(C(O)=NO)c2)CC1,0,train
23b5441a299c17686ef71cbad415c1e913c34c6a,Cc1nc2ccccc2n1C1CC2CCC(C1)N2CCC1(c2ccccc2)CCN(C(=O)C(C)(C)CO)CC1,1,train
343c041450d32a396eea798770f8e758cd9bf0db,COC(=O)c1cccc(C(=O)N2CCC(CCN3C4CCC3CC(n3c(C)nc5ccccc53)C4)(c3ccccc3)CC2)c1,1,train
01043db5bd1aef8390fa31304cd01a9583ce2eb3,Cc1nc2ccccc2n1C1CC2CCC(C1)N2CCC1(c2ccccc2)CCN(C(=O)c2cccc(C(N)=O)c2)CC1,0,train
7e7dccd9a9cb904e2be39ec6dc32fabbcd8abf9c,Cc1nc2ccccc2n1C1CC2CCC(C1)N2CCC1(c2ccccc2)CCN(C(=O)c2cccc(S(N)(=O)=O)c2)CC1,0,train
1536c214c3aad8414cc0d17c0d0633850aaf85e4,Cc1nc2ccccc2n1C1CC2CCC(C1)N2CCC1(c2ccccc2)CCN(C(=O)c2ccc(S(N)(=O)=O)cc2)CC1,0,train
60259edeecd28e54e0421111aba96da736f8857e,CNS(=O)(=O)c1cccc(C(=O)N2CCC(CCN3C4CCC3CC(n3c(C)nc5ccccc53)C4)(c3ccccc3)CC2)c1,0,train
0dd43fce12590edeb63990d87194440957c3b626,Cc1nc2ccccc2n1C1CC2CCC(C1)N2CCC1(c2ccccc2)CCN(C(=O)c2cccc(S(=O)(=O)N(C)C)c2)CC1,1,train
fb8684233579a864e3d431d26cc5c6599e131703,Cc1nc2ccccc2n1C1CC2CCC(C1)N2CCC1(c2cccc(F)c2)CCN(C(=O)c2cc(S(N)(=O)=O)ccc2F)CC1,0,train
94d3dada43d361b334ef05487b4a6f427ac60c37,Cc1nc2ccccc2n1C1CC2CCC(C1)N2CCC1(c2cccc(F)c2)CCN(C(=O)c2c(Cl)ccc(S(N)(=O)=O)c2Cl)CC1,0,train
e7ba6b0d37530de7c15ddc2313d09c3f208010fe,Cc1nc2ccccc2n1C1CC2CCC(C1)N2CCC1(c2cccc(F)c2)CCN(C(=O)c2cc(S(=O)(=O)NC3CCCC3)c(F)cc2Cl)CC1,0,train
c99486335c254c1bd9a9322de807a4ace0fc20d7,CCNS(=O)(=O)c1cc(C(=O)N2CCC(CCN3C4CCC3CC(n3c(C)nc5ccccc53)C4)(c3cccc(F)c3)CC2)c(Cl)cc1F,0,train
649e5a91abbb7ce1ddbe8dc0710863f4252f2d4b,Cc1nc2ccccc2n1C1CC2CCC(C1)N2CCC1(c2cccc(F)c2)CCN(C(=O)c2cc(S(=O)(=O)NC(C)C)c(F)cc2Cl)CC1,0,train
682d690d06282f5a03e448c8d46b2e8dd039ab26,Cc1nc2ccccc2n1C1CC2CCC(C1)N2CCC1(c2cccc(F)c2)CCN(C(=O)c2cc(S(=O)(=O)NC3CC3)c(F)cc2Cl)CC1,0,val
4117d5f1989c7dbfc55e4d950d32681315d7434c,Cc1nc2ccccc2n1C1CC2CCC(C1)N2CCC1(c2cccc(F)c2)CCN(C(=O)c2cc(S(=O)(=O)NCC(F)(F)F)c(F)cc2Cl)CC1,1,train
d05b3c292ce433dee1ad9c9f54310b9cc35c30e8,CCCNS(=O)(=O)c1cc(C(=O)N2CCC(CCN3C4CCC3CC(n3c(C)nc5ccccc53)C4)(c3cccc(F)c3)CC2)c(Cl)cc1F,1,train
849778097c2351d2bdd82f201b62a8fb831cf732,CNS(=O)(=O)c1cc(C(=O)N2CCC(CCN3C4CCC3CC(n3c(C)nc5ccccc53)C4)(c3cccc(F)c3)CC2)c(Cl)cc1F,0,train
96ce47ad9d3b8f2d12dfbddb91b5851a77d565bf,Cc1nc2ccccc2n1C1CC2CCC(C1)N2CCC1(c2cccc(F)c2)CCN(C(=O)c2ccc(NS(C)(=O)=O)cc2Cl)CC1,1,train
4b765436baaa2e90a92ff4561f5bb18bdb089bec,Cc1nc2ccccc2n1C1CC2CCC(C1)N2CCC1(c2cccc(F)c2)CCN(C(=O)c2cc(NS(C)(=O)=O)c(F)cc2Cl)CC1,0,train
4b5f5312e79abfc91b30e2e789617bd99c602b75,Cc1nc2ccccc2n1C1CC2CCC(C1)N2CCC1(c2cccc(F)c2)CCN(C(=O)c2cc(NS(C)(=O)=O)c(F)cc2F)CC1,0,train
38e3d4a3efa6c7489307ea972edc00fde11f92a0,Cc1nc2ccccc2n1C1CC2CCC(C1)N2CCC1(c2cccc(F)c2)CCN(C(=O)c2c(F)ccc(NS(C)(=O)=O)c2F)CC1,0,train
cdf438be3300cb6e83aa13ccb46a57ea63175743,Cc1nc2ccccc2n1C1CC2CCC(C1)N2CCC1(c2cccc(F)c2)CCN(C(=O)c2cc(NS(=O)(=O)C(C)C)c(F)cc2F)CC1,1,train
bbe9e22e0f4642a5b2e034c23295472a93cf5c29,CN(C)[C@@H]1CCC[C@H]1Nc1nc(Nc2ccc(S(C)(=O)=O)cc2)ncc1C(F)(F)F,1,train
fa05ff9b3e629befad45834ac9edec1fb4283f41,CN=[S+](C)([O-])c1ccc(Nc2ncc(C(F)(F)F)c(N[C@@H]3CCC[C@H]3N(C)C)n2)cc1,0,train
e50f2d995ea30bf8221448435ba4b628f86f5047,COCCCc1cc(CN(C(=O)C2CNCC[C@@H]2c2ccccc2)C2CC2)cc(OCCOC)c1,1,train
49a7a43f9309495f7e0b7f3c99ce4b04dd17aecc,COCCCc1cc(CN(C(=O)C2CNCC[C@@H]2c2cc(=O)n(C)c3ccccc23)C2CC2)cc(OCCOC)c1,0,train
03a07515d6f950fd964a839ef276eaf7893e0850,COCCCc1cc(CN(C(=O)C2CNCC[C@@H]2c2cc(=O)n(C)c3cc(Cl)ccc23)C2CC2)cc(OCCOC)c1,1,train
846826ff41887ff2572bff3a407bd747d4dfd0ad,Cn1ccc([C@H]2CCNCC2C(=O)N(Cc2cccc(Cl)c2Cl)C2CC2)cc1=O,0,train
ff4c59fd2a5749a49d2a0e3ee4fed013b88002f2,COCCCc1cc(Cl)c(Cl)c(CN(C(=O)C2CNCC[C@@H]2c2ccn(C)c(=O)c2)C2CC2)c1,1,train
4c5af7b296252357e65d092eba20fac9f0b531d1,COCCCc1ccc(Cl)c(CN(C(=O)C2CNCC[C@@H]2c2ccn(C)c(=O)c2)C2CC2)c1,0,train
9224eac3354b7519b0c4354d13b0c3e080c4f34e,COCCCc1cc(Cl)cc(CN(C(=O)C2CNCC[C@@H]2c2ccn(C)c(=O)c2)C2CC2)c1,1,train
cf8b1372c7021f7d05f69b67097437968038be41,COCCc1cc(Cl)c(Cl)c(CN(C(=O)C2CNCC[C@@H]2c2ccn(C)c(=O)c2)C2CC2)c1,0,train
d9356db6e906826b25a0025a22724e760843fcf5,Cn1ccc([C@H]2CCNCC2C(=O)N(Cc2cc(CCCC#N)cc(Cl)c2Cl)C2CC2)cc1=O,1,train
8adaf4137e8de3fa9301ad1719a0c87f9d1a5312,Cn1ccc([C@H]2CCNCC2C(=O)N(Cc2cc(CCC#N)cc(Cl)c2Cl)C2CC2)cc1=O,0,train
a154fb189c966522b5c55f3fa2db742bcd21c41b,COC(=O)NCCc1cc(Cl)c(Cl)c(CN(C(=O)C2CNCC[C@@H]2c2ccn(C)c(=O)c2)C2CC2)c1,0,train
f7b6ed0e363b1242eb746dc5061c3958044b2c17,COCCNc1cc(Cl)c(Cl)c(CN(C(=O)C2CNCC[C@@H]2c2ccn(C)c(=O)c2)C2CC2)c1,0,train
38ef4858c6ca2539998682b6f0604d02c90a152a,COCCCc1cc(Br)cc(CN(C(=O)C2CNCC[C@@H]2c2ccn(C)c(=O)c2)C2CC2)c1,1,train
8d45a62ce23684d6418210390dff0bb4104e84ba,COCCCc1cc(CN(C(=O)C2CNCC[C@@H]2c2ccn(C)c(=O)c2)C2CC2)cc(Br)c1C,0,train
f2b235a15a88e3eac057d53f3cd3aa5f45a98fb5,COCCCc1cc(CN(C(=O)C2CNCC[C@@H]2c2ccn(C)c(=O)c2)C2CC2)cc(-c2ccccc2)c1,1,train
c25cc463a14ad3cfbdaeefcd644be51b15ad7946,COCCCc1cc(CN(C(=O)C2CNCC[C@@H]2c2ccn(C)c(=O)c2)C2CC2)c2ccccc2c1,0,val
c7f3888b655c5b898378a356edce0a2765dc752f,COCCCc1cc(CN(C(=O)C2CNCC[C@@H]2c2ccn(C)c(=O)c2)C2CC2)c2ncccc2c1,0,test
164145dc162264d4376c183d19b3d2df6c437ad1,COCCCn1cc(CN(C(=O)C2CNCC[C@@H]2c2ccn(C)c(=O)c2)C2CC2)c2c(Cl)cccc21,0,train
54d3c1120d815283dd46856dbb69f698a792ae5e,COCCCn1cc(CN(C(=O)C2CNCC[C@@H]2c2ccn(C)c(=O)c2)C2CC2)c2c(Br)cccc21,0,train
c8ca306530eee16dbc6150f767b3a2f11de2bd63,Cn1ccc([C@H]2CCNCC2C(=O)N(Cc2cn(Cc3ccccc3)c3cccc(F)c23)C2CC2)cc1=O,1,train
252acb9b83043f3ef43f1ecef8d59433998d654b,Cn1ccc([C@H]2CCNCC2C(=O)N(Cc2cn(Cc3cccc(F)c3)c3cccc(F)c23)C2CC2)cc1=O,1,train
1289d83a7573bbe37938dc0ce196f445bcf8b291,Cn1ccc([C@H]2CCNCC2C(=O)N(Cc2cn(Cc3ccc(F)cc3)c3cccc(F)c23)C2CC2)cc1=O,1,train
8ab5de68d97470fd0099d9070b9e26315c1db216,Cn1ccc([C@H]2CCNCC2C(=O)N(Cc2cn(Cc3cccnc3)c3cccc(F)c23)C2CC2)cc1=O,0,val
ca9e2b334267b8e291a422cc574d31038d80f77b,Cn1ccc([C@H]2CCNCC2C(=O)N(Cc2cn(Cc3ccncc3)c3cccc(F)c23)C2CC2)cc1=O,0,test
40d6b003803a112cf0f451eb3703cb45312e68a3,Cc1nnc(N2CC[C@@H](F)C2)c2nn(-c3ccc(OCC(F)(F)F)cc3)c(C)c12,1,test
d7bcdc7df5479f5cb37c1cda06b8dd361cd6eea7,COC1CN(c2nnc(C)c3c(C)n(-c4ccc(Cl)cc4OC(F)(F)F)nc23)C1,1,train
06e7dc3d072ac0665035ca024c2583875677f36f,CCOc1ccc(-n2nc3c(N4CC(OC)C4)nnc(C)c3c2C)c(F)c1,1,train
9c0c843b9b12c0558c91b8d716f5825fe9e27473,CN(Cc1cnccn1)S(=O)(=O)Nc1ccc2ccc3ncc(-c4cnn(C)c4)cc3c(=O)c2c1,1,val
22f7c180af71578c28fac967ac8f43b3276d4c8c,Cn1cc(-c2cnc3ccc4ccc(NS(N)(=O)=O)cc4c(=O)c3c2)cn1,1,train
cb6f6230275cefb01c959ceded72fb46c8be4ea3,Cn1cc(-c2cnc3ccc4ccc(NS(C)(=O)=O)cc4c(=O)c3c2)cn1,0,train
a16887cf7a8b1fcfb53cb62623e9c9fe033563bd,CS(=O)(=O)Nc1ccc2ccc3ncc(-c4ccccc4)cc3c(=O)c2c1,1,train
7c9f010e9de1d009e9257c6d39573647ff7c905e,NCC(=O)N1CCn2c(nc(-c3ccccc3)c2Nc2ccc3c(c2)OCO3)C1,0,val
39d1ef942fa0287bf9dacd246f215caa45837e25,CC(C)(N)C(=O)N1CCn2c(nc(-c3ccc(F)cc3)c2Nc2ccc(F)cc2)C1,1,train
eba53f887013dc1bbd11bb65040e8704883a5ab1,CC(C)(N)C(=O)N1CCn2c(nc(-c3cccc(F)c3)c2Nc2ccc(F)cc2)C1,1,train
ff95296a15c78a38f1dfd22d64f334c255674f29,Cc1ccc(Nc2c(-c3ccc(F)cc3)nc3n2CCN(C(=O)CN)C3)cc1,0,train
f5c2a3117ef7a159b0740d6039c455f5ec49f7da,Cc1ccc(Nc2c(-c3ccc(F)cc3)nc3n2CCN(C(=O)C(C)(C)N)C3)cc1,1,train
76f697de578512da3db96afe4836476d2a16a9cc,CC(C)(N)C(=O)N1CCn2c(nc(-c3ccc(F)cc3)c2Nc2ccc(Cl)cc2)C1,1,train
a34e37624e1977a210aad847c5f97e72655a50e8,CC(C)(N)C(=O)N1CCn2c(nc(-c3ccc(F)cc3)c2Nc2ccc(F)c(F)c2)C1,1,train
0ec7ec0f8d598268321233b1e9ac6064f75b2589,NCC(=O)N1CCn2c(nc(-c3ccc(F)cc3)c2Nc2ccc(Cl)c(F)c2)C1,0,train
4d2d1375d22341f4612775c1d3d942a00a58103a,CC(C)(N)C(=O)N1CCn2c(nc(-c3ccc(F)cc3)c2Nc2ccc(Cl)c(F)c2)C1,1,train
cfd9609b1610eaadfd62eee3bb0d7d972d8d4c58,CCS(=O)(=O)c1ccc2c(c1)nc(C(C)(C)C)n2CC1CC1,1,train
b8914e23ea126b17b5ed339af228728722a8fcb9,N#Cc1ccc(N2CCN(Cc3cc(C(=O)O)c(=O)n4ccccc34)CC2)cc1,1,train
3fcec90a913101a5c3ac6213f0d0c1a68dabd030,COc1cc(C2CCN(C(C)=O)CC2)ccc1Nc1ncc(Cl)c(-c2cnc3ccccn23)n1,0,train
7d147cb389e1c845ce4a63c10779c05daeccf8be,COc1cc(C2CCNCC2)ccc1Nc1ncc(Cl)c(-c2cnc3ccccn23)n1,1,train
73d8aa1a157bbe0a4ae5736ebf9909f6c8b7fd7b,COc1cc(N2CCCN(C(C)=O)CC2)ccc1Nc1ncc(Cl)c(-c2cnc3ccccn23)n1,0,train
6765b639078b70da2c9d8e0bde75200afc9f0083,COc1cc(OC2CCN(C(C)=O)CC2)ccc1Nc1ncc(Cl)c(-c2cnc3ccccn23)n1,1,train
bf8d378b72d374621c4d467b1af4f765464a5a1e,COc1cc(OC2CCNCC2)ccc1Nc1ncc(Cl)c(-c2cnc3ccccn23)n1,1,train
c2a372238f2b14949a6c94496f0189260d1bc252,COc1cc(OC2CNC2)ccc1Nc1ncc(Cl)c(-c2cnc3ccccn23)n1,1,test
2fbeb99efca11ac4b00c5c6b5307bdfb2065a53e,COc1cc(N2CCOCC2)ccc1Nc1ncc(Cl)c(-c2cnc3ccccn23)n1,1,train
04d44caf5f75b359704c6377d47747070db9bbe7,COc1cc(CN2CCOCC2)ccc1Nc1ncc(Cl)c(-c2cnc3ccccn23)n1,1,test
8e64484897b6620c5aa16c2e83cc49bf5b715345,COc1cc(C(=O)N2CCOCC2)ccc1Nc1ncc(Cl)c(-c2cnc3ccccn23)n1,1,train
dff0d437f256ac0030128050260e1804203d1aff,COc1cc(CC(=O)N2CCOCC2)ccc1Nc1ncc(Cl)c(-c2cnc3ccccn23)n1,1,train
40602edc0a86357271df9a10649161a5d1987840,COc1cc(N2CC3CNCC(C2)O3)ccc1Nc1ncc(Cl)c(-c2cnc3ccccn23)n1,1,train
675302ffd0c27b299e5272378a73d73bcab10b0e,COc1cc(N2CC3CN(CCO)CC(C2)O3)ccc1Nc1ncc(Cl)c(-c2cnc3ccccn23)n1,1,train
f06e1f20375bd3e2f4268428dc1af40045c0481a,COc1cc(N2CC3COCC(C2)N3)ccc1Nc1ncc(Cl)c(-c2cnc3ccccn23)n1,1,train
1a7a9c42f3d330a1c05be9de23f1b0b8fc5c7af4,COc1cc(N2CCNCC2)ccc1Nc1ncc(Cl)c(-c2cnc3ccccn23)n1,1,train
79d3ee2f95bfda3cfcc04c3a8ec3989dafa77181,COc1cc(N2CCN(CCO)CC2)ccc1Nc1ncc(Cl)c(-c2cnc3ccccn23)n1,1,train
61c12c1ad9e6767317c358907723275f9e35a395,COc1cc(N2CCN(CC(=O)N(C)C)CC2)ccc1Nc1ncc(Cl)c(-c2cnc3ccccn23)n1,0,train
c49f6aacb6a066451f4e69d3d32ef37c066d9668,COc1cc(N2CCN(CCS(C)(=O)=O)CC2)ccc1Nc1ncc(Cl)c(-c2cnc3ccccn23)n1,1,train
9269b5da918a8ceff16f733051516b7cb9a907d9,COc1cc(N2CCN(C(=O)N(C)C)CC2)ccc1Nc1ncc(Cl)c(-c2cnc3ccccn23)n1,0,train
081b59888a2d557749845edd9dac6e464b2295ec,COc1cc(N2CCN(C(=O)CO)CC2)ccc1Nc1ncc(Cl)c(-c2cnc3ccccn23)n1,0,train
4667d5e4b6321aab2cd318defc4251dd2ae155bb,COc1cc(N2CCN(C(=O)C(C)O)CC2)ccc1Nc1ncc(Cl)c(-c2cnc3ccccn23)n1,1,train
917e5cae5857f86fa0af299a06bd8751bf81092b,COc1cc(N2CCN(C(=O)CN)CC2)ccc1Nc1ncc(Cl)c(-c2cnc3ccccn23)n1,0,train
0b9ef8ac35b1055e0527c5e803e5eaaddc76c307,CNCC(=O)N1CCN(c2ccc(Nc3ncc(Cl)c(-c4cnc5ccccn45)n3)c(OC)c2)CC1,1,train
9c38ccba3ae8c231c395c1d1f460d6f9a75c2701,COc1cc(N2CCN(C(=O)C(C)N)CC2)ccc1Nc1ncc(Cl)c(-c2cnc3ccccn23)n1,1,train
2751d535ccf80a2fa036f27a8434cb862252eda2,COc1ccc(N2CCN(C(C)=O)CC2)cc1Nc1ncc(Cl)c(-c2cnc3ccccn23)n1,1,train
7b52483f994769cae661ef856d91ecead136ee55,COc1ccc(N2CCNCC2)cc1Nc1ncc(Cl)c(-c2cnc3ccccn23)n1,1,train
7e8eca1ce54afd6aef03bea38fbb2fe58ae35f39,COc1ccc(N2CCOCC2)cc1Nc1ncc(Cl)c(-c2cnc3ccccn23)n1,1,train
b0ceca2fd011cd7883393efd7c0f9fb37c1c3fe2,COc1ccc(C(=O)N2CCOCC2)cc1Nc1ncc(Cl)c(-c2cnc3ccccn23)n1,1,val
913399f8b53f2c63ebde54515c2fd02f8ea6b9e9,ON=C(O)/C=C/c1ccc2c(c1)CN(Cc1ccccc1)C2,0,val
5625a826c695197c3d63afb3830f1b81858dae1a,ON=C(O)/C=C/c1ccc2c(c1)CN(CCC1CCCCC1)C2,0,test
1159f50d4a43ba49b072f232b884eff7513b7ab2,ON=C(O)/C=C/c1ccc2c(c1)CN(CCc1cnn3ccccc13)C2,1,train
777d3ab731c71f3b512943456def95de201da9cb,CN1C[C@H]2CCCC[C@@]2(c2ccc(Cl)c(Cl)c2)C1,1,train
394ad09388574fa85cd13a8a42026a3963279b37,CN1C[C@@H]2CCCC[C@]2(c2ccc(Cl)c(Cl)c2)C1,1,train
42b356d89ad427dc54b4ccdb2f39590f5f17fc2f,Clc1ccc([C@]23CCCC[C@H]2CNC3)cc1Cl,1,train
e26cda962571e0b541228fe8bdf0bf35f513a5cb,Clc1ccc([C@@]23CCCC[C@@H]2CNC3)cc1Cl,1,train
36e610458c394ebdde1643a6b57d5379771e3443,CCN1C[C@H]2CCCC[C@@]2(c2ccc(Cl)c(Cl)c2)C1,1,train
77a5dd08d1400928c89cfcc36a01f7c4971c38dd,CCN1C[C@@H]2CCCC[C@]2(c2ccc(Cl)c(Cl)c2)C1,1,train
f78e21f2f9ad30c7021cdc3f7686131397f81c56,CN1C[C@@H]2CCC[C@]2(c2ccc(Cl)c(Cl)c2)C1,1,train
02ef4a3019662f57e98a922e2c715e960b5d246b,CN1C[C@H]2CCC[C@@]2(c2ccc(Cl)c(Cl)c2)C1,1,train
82eb0353ddcdc390d869173cd9130e0c947c070d,Clc1ccc([C@]23CCC[C@H]2CNC3)cc1Cl,1,train
c0f3d2c269c9c7556e9cfb2b140597f8df36c1fc,Clc1ccc([C@@]23CCC[C@@H]2CNC3)cc1Cl,1,train
d0d4fc9ce49e3829340e9b0b143a9be1e69c5331,CCc1c(C(=O)NC(C)(C)c2nnnn2C)nn(-c2ccc(Cl)cc2Cl)c1-c1ccc(Br)cc1,0,test
88386a40f7c478c9a6d40979a11b5106d1cdbae4,CC(=O)Nc1cccc(Nc2ncnc(N3CCC(Oc4ccc(OC(F)(F)F)cc4)CC3)n2)c1C,1,train
858cbdb735c03a34a1e5ddf70d475a306c047c1c,CC(=O)Nc1cccc(Nc2ncnc(N3CCC(Oc4ccc(C(F)(F)F)cc4)CC3)n2)c1C,1,train
99f180bf12b76bf48c01ee29d5c81d88f0595648,CC(=O)Nc1cccc(Nc2ncnc(N3CCc4ccccc4C3)n2)c1,1,test
b02ba650afa4dae72f7ec822ce3a634fc403bd64,CC(=O)Nc1cccc(Nc2ncnc(N3CCC(OCc4ccc(C)cc4)CC3)n2)c1C,1,train
a7dae79d168de790ac46d418ca01463c6e9aa779,CC(=O)Nc1cccc(Nc2ncnc(N3CCC(OCc4ccc(C(C)C)cc4)CC3)n2)c1C,1,train
f4f1a864f39aaabd1517bab6bc0eb3c58c1308dc,C[C@@H]1CCCN1CCCOc1ccc(-c2ccc(=O)n(C)n2)cc1,0,train
5a972e6e9267a338a70f6045991ced0c3d980452,C[C@@H]1CCCN1CCCOc1ccc(-c2cn[nH]c(=O)c2)cc1,1,test
64497dd6af89c6101515b084bb7ccf635d1382b8,C[C@@H]1CCCN1CCCOc1ccc(-c2ccc(=O)[nH]n2)cc1,0,train
d112881684c384778fd424eb78d31756490819e7,CN(C)CCC1CCN(c2cc(C(=O)NC[C@H]3CC[C@H](CNC(=O)OCC(C)(C)C)CC3)c3ccccc3n2)CC1,0,val
c99b3c7d58d73eac5aa001f2bf37ae5fba97cb03,CC(C)CNc1nc(N2CCN(CC3CCCOC3)CC2)ncc1C(=O)NCc1ccccc1,1,train
94ec2538fb2995891e8c2b2ab8eddef91909154f,COc1cc(-c2cn(Cc3ccccc3F)nn2)ccc1-n1cnc(C)c1,1,train
f4a1bfc712858babdac6fb033f60b62da5a77689,COc1cc(-c2cn(Cc3cccc(F)c3)nn2)ccc1-n1cnc(C)c1,1,train
1a1a74d504db255b23a4255d8165d0f0881b9b93,COc1cc(-c2cn(Cc3ccc(F)cc3)nn2)ccc1-n1cnc(C)c1,1,train
e73cce07631196644141af53e1ada795638d6d7d,COc1cc(-c2cn(Cc3cccc(C(F)(F)F)c3)nn2)ccc1-n1cnc(C)c1,1,train
c44973a9a8ccdb5b0c52f933b58be7e53014ce72,COc1cc(-c2cn(Cc3cccc(OC(F)(F)F)c3)nn2)ccc1-n1cnc(C)c1,1,train
faa39d3bbbd2b49ab4e663657dbf47867e34846b,COc1cc(-c2cn(Cc3cc(C(C)(C)C)cc(C(C)(C)C)c3)nn2)ccc1-n1cnc(C)c1,1,train
b23747ed031f62b7e470667b677b40d64b70af91,COc1cc(-c2cn(Cc3cc(Br)cc(Br)c3)nn2)ccc1-n1cnc(C)c1,1,train
3b922ca052d20615417e5a33e3d62f1c0ff927e8,COc1cc(-c2cn(Cc3cc(C(F)(F)F)cc(C(F)(F)F)c3)nn2)ccc1-n1cnc(C)c1,1,train
ce856470ee96ab145bb0483dd9e8560426a9aed8,COc1cc(-c2cn(Cc3ccc(C(C)(C)C)cc3)nn2)ccc1-n1cnc(C)c1,1,train
40ba334398dfac3123855a905191ef5544907fea,COc1cc(-c2cn(Cc3cccc4cccnc34)nn2)ccc1-n1cnc(C)c1,1,train
fd4cc6d0281e523192c8e5079dba6e8873380845,COc1cc(-c2cn(Cc3ccc(-c4noc(C)n4)cc3)nn2)ccc1-n1cnc(C)c1,1,val
d6e264ae15642aa423f2d46fe8abae5d918fed91,COc1cc(-c2cn(Cc3csc4ccccc34)nn2)ccc1-n1cnc(C)c1,1,train
fa70e8b768db9332caf15042a197306ea28d01d2,ON=C(O)/C=C/c1ccc(CNCCc2c[nH]c3ccccc23)cc1,0,train
7635472928ae680023507b3f08eeb1fa45e1f778,CCN(CCc1c[nH]c2ccccc12)Cc1ccc(/C=C/C(O)=NO)cc1,1,train
b97ce39fb786fc1cbf920ae789bd842df26d6b4c,Cc1[nH]c2ccccc2c1CCN(CCF)Cc1ccc(/C=C/C(O)=NO)cc1,1,train
33663a08eaf76097734fa808e04f0d95596187fa,CCCN(CCc1c[nH]c2ccccc12)Cc1ccc(/C=C/C(O)=NO)cc1,1,train
c7a774e1571f91212552ce2767d5dccc2b1774fa,ON=C(O)/C=C/c1ccc(CNCCc2c(-c3ccccc3)[nH]c3ccccc23)cc1,1,train
3e4549415e1c1222014897f725f3a800d1f2c566,ON=C(O)/C=C/c1ccc(CNCCc2c(-c3ccccn3)[nH]c3ccccc23)cc1,1,train
105889165f7a0329eb39bac44a69c34eb81115b5,COc1ccncc1-c1[nH]c2ccccc2c1CCNCc1ccc(/C=C/C(O)=NO)cc1,1,train
e11df8b29c082481f3b02500448088284f54fc26,ON=C(O)/C=C/c1ccc(CNCCc2c(-c3cccs3)[nH]c3ccccc23)cc1,1,train
0b2521a49fce7111112be54f0925e8015f715ece,Cc1noc(C)c1-c1[nH]c2ccccc2c1CCNCc1ccc(/C=C/C(O)=NO)cc1,0,test
c012469c9893e93378d30813a6cb178c4e8829ae,CC(C)(C)c1[nH]c2ccccc2c1CCNCc1ccc(/C=C/C(O)=NO)cc1,1,train
12f5cd01ef6453e1fe54912b64a4ccab6cf90e5d,CC(C)N(CCc1c[nH]c2ccccc12)Cc1ccc(/C=C/C(O)=NO)cc1,1,train
4c520985c4115c916d3522357bf87d85f378463a,ON=C(O)/C=C/c1ccc(CNCCc2c(-c3ccccc3)nn3ccccc23)cc1,0,train
f4a59b582ab4053fec0986fc4e1a7b3665c9c4fe,Cc1nn2ccccc2c1CCN(Cc1ccc(/C=C/C(O)=NO)cc1)C(C)C,0,train
9c5ef42589099be9cb521d5629830e72cc035dd0,CCc1nn2ccccc2c1CCN(Cc1ccc(/C=C/C(O)=NO)cc1)C(C)C,1,train
b4aa555283fe44fb69e47dd3e27027ee7ca90f55,CC(C)N(CCc1c(-c2ccccc2)nn2ccccc12)Cc1ccc(/C=C/C(O)=NO)cc1,1,train
70960fbd49dffbf27a88c57bfab3399c15cecdcd,Cn1c(=O)c2c(cc(N3CCC[C@@](C)(N)C3)n2Cc2cc(F)ccc2C#N)n(C)c1=O,0,train
5ad300b9dc8b0649b078d05daae6fdb228ef8eda,Cc1nc(C(=O)NCCCN2CCN(c3cccc(Cl)c3Cl)CC2)c(C)n1-c1ccccc1,1,test
5d381222d9fdf72152512c36701f2b09a309bc71,Cc1c(Cl)cccc1N1CCN(CCCNC(=O)c2nc(-c3ccccc3)n(-c3ccccc3)c2C)CC1,1,test
0bfca0783af23c1b3680c599dee34c944d477fe7,Cc1c(Cl)cccc1N1CCN(CCCNC(=O)c2nc(-c3ccccc3)n(-c3ccccc3)c2Cn2cncn2)CC1,1,train
c43e2c9bb952a098a8a89e193a5d0125b373a23e,Cc1cccc(N2CCN(CCCNC(=O)c3nc(C)n(-c4ccc5c(c4)OCCO5)c3C)CC2)c1C,1,train
03deb5fbdd5d63c8803aa3fa6b84aa95628d38c0,O=C(NCC1(N2CCOCC2)CCCCC1)N1CCC(c2nc(-c3ccc4ccccc4n3)no2)CC1,1,train
5eaabf0abdd5143497b3483a7c51394cc37e019b,O=C(NCC1(N2CCCCC2)CCCC1)N1CCC(c2nc(-c3ccc4ccccc4n3)no2)CC1,1,train
5677547fef6933f6ab91e02c49a9fa0d7499de20,O=C(NCC1(N2CCCC2)CCCC1)N1CCC(c2nc(-c3ccc4ccccc4n3)no2)CC1,1,train
30fc57e80a131ec50e551e11a567b51888863c8a,CCN(CC)C1(CNC(=O)N2CCC(c3nc(-c4ccc5ccccc5n4)no3)CC2)CCCC1,1,train
74db12db55abf36d3629dabb6a0e072b2a507d6d,O=C(NCC1(N2CCOCC2)CCCC1)N1CCC(c2nc(-c3ccc4ccccc4n3)no2)CC1,1,train
94b4f9430a6fd9220e8b3dbe64bbcc1c7dddcdfa,CC(C)N1CCCC1CNC(=O)N1CCC(c2nc(-c3ccc4ccccc4n3)no2)CC1,0,test
0cae292f5f64f0ba19653acae920ce6acbe531f7,CCNC1(CNC(=O)N2CCC(c3nc(-c4ccc5ccccc5n4)no3)CC2)CCCC1,0,train
dc5f119d4eac3baf1c3449f15340c211489383ee,CC(C)(CNC(=O)N1CCC(c2nc(-c3ccc4ccccc4n3)no2)CC1)N1CCOCC1,0,train
7508b2c583e0406cd08ae623ed0a0ec3cd421324,CN(C)C1(CNC(=O)N2CCC(c3nc(-c4ccc5ccccc5n4)no3)CC2)CCCC1,0,train
571e833ff5de688253602921618bc616d78c19a3,c1ccc(-c2ccc(OCCCN3CCCCC3)cc2)cc1,1,train
4bf54298dd387e213c9e0607e558073a2205aad9,CC(C)N1CCN(C(=O)N2CC=C(c3ccccc3)CC2)CC1,0,test
47f0a6028d8f79d40a59bdaa6e6e511e2930864c,CC(C)N1CCN(C(=O)N2CCC(c3ccccc3)CC2)CC1,0,test
a53dbf4f8fa5a22dbedbf885a7e677df4da44511,CC(C)N1CCN(C(=O)N2CCC(C(C)(C)C)CC2)CC1,0,test
586fad206cbae6da1658730ea0710c911fcfb377,CC(C)N1CCN(C(=O)N2CCC(Cc3ccccc3)CC2)CC1,0,train
8bf9b5119e06d777e58f338057dbe90306523746,O=C(N1CCN(C2CCCC2)CC1)N1Cc2ccccc2C1,0,train
177d94c2ef932e8e57eee53459386ad516ffc0d2,O=C(N1CCN(C2CC2)CC1)N1Cc2ccccc2C1,0,train
70f23993b87b1aa3b54f1a33b67ec4eda9e3cabb,CC(C)N1CCN(C(=O)N2Cc3ccccc3C2)CC1,0,train
9d8be12eb7fddd6643aca9158bafc240824aa562,O=C(N1Cc2ccccc2C1)N1CCC[C@H]1CN1CCCC1,0,val
e791dd0fd0d5cb6d924c1a29622d9dcdc9a77dfd,C=C(N(C)Cc1ccc(-c2ccccc2)cc1)N1CCN(C(C)C)CC1,1,val
87f3f4e9d06f3d84e1804d44878c4771f7d7e147,CN(Cc1ccc(-c2ccccc2)cc1)C(=O)N1CCC[C@H]1CN1CCCC1,1,test
df18f171bc946fbdf2b87d1d3f4f05eb4ea33004,O=C(NCc1ccc(C(F)(F)F)cc1)N1CCC[C@H]1CN1CCCC1,0,test
ecc4d1fc9ccba76891f5f040297c532d3af53e52,O=C(/C=C/c1ccc(C(F)(F)F)cc1)N1CCC[C@H]1CN1CCCC1,1,val
680d2706127fa40e4b566f739a814831f3f791d9,COc1nccc2c(=O)n(C)c(-c3ccc(OC4CCN(C5CCC5)CC4)cc3)nc12,1,val
4535dc105d12631f3902c973073048e4be9ee26b,COc1cccc2c(=O)n(C)c(-c3ccc(OC4CCN(C5CCC5)CC4)cc3)nc12,1,train
8b4e0cc58ca8068304d8855148f8afd7bb5f6a59,COc1cccc2nc(-c3ccc(OC4CCN(C5CCC5)CC4)cc3)n(C)c(=O)c12,1,train
6a73e4d75b4ba347d27b9992957fa2b9763a54d9,Cc1nc2cccc(C(F)(F)F)c2c(=O)n1-c1ccc(OCCCN2CCCC2)cc1,1,train
04969650d80ea6c01775a8123e9b995d3afc2bbc,Cc1nc2c(F)cccc2c(=O)n1-c1ccc(OCCCN2CCCC2)cc1,1,train
c9de07fb09f2a7da97cb3c77d9f97398c61c590d,Cc1nc2cccc(F)c2c(=O)n1-c1ccc(OCCCN2CCCC2)cc1,1,train
b5c5acdde676ae8546a9072118184abee6a227be,COc1cccc2nc(C)n(-c3ccc(OCCCN4CCCC4)cc3)c(=O)c12,1,train
eb71de82f49cdb5cc872a905156197f99be1c5ef,COc1ccc2nc(C)n(-c3ccc(OCCCN4CCCC4)cc3)c(=O)c2c1,1,train
62240cc38276fc1ae8943e3207a6b08c253a7301,COc1ccc2c(=O)n(-c3ccc(OCCCN4CCCC4)cc3)c(C)nc2c1,1,train
eee97f356608fa961cbff42f4c8872a094a7400a,COc1cccc2c(=O)n(-c3ccc(OCCCN4CCCC4)cc3)c(C)nc12,1,train
2fbda618184085a314ca76e2e9c8b1b0729e92fe,Cc1ccc2nc(C)n(-c3ccc(OCCCN4CCCC4)cc3)c(=O)c2c1,1,train
66b2ef97304ad4d3335b2eb7e734757a9c62388a,Cc1nc2ccccc2c(=O)n1-c1ccc(OCCCN2CCCC2)cc1,1,train
29d65e521e62a69d401a9741b92b0ad2305988d8,C[C@H]1[C@H](c2ccc(OCCCN3CCCC3)cc2)Oc2ccccc2S1(=O)=O,1,train
5062affdbeed0b821d0812dd94c35bc9446ec7ae,c1ncc(-c2cc3sc(N4CCC(N5CCCCC5)CC4)nc3cn2)cn1,1,val
6269de0a1d25ed859038a498b003d37351d9b8be,CC(=O)Nc1ccc(-c2cc3sc(N4CCC(N5CCCCC5)CC4)nc3cn2)cn1,1,train
e3eaa8e80cee949d0e5cf60d32da28ad116ce984,Cc1ccc(-c2cc3sc(N4CCC(N5CCCCC5)CC4)nc3cn2)cn1,1,train
c64810ca193efee8733f77c0474385e0b07f600a,COc1ccc(-c2cc3sc(N4CCC(N5CCCCC5)CC4)nc3cn2)cn1,1,train
fe607d5997bd8c77c1a5a8249301be452a8e5173,N#Cc1cncc(-c2cc3sc(N4CCC(N5CCCCC5)CC4)nc3cn2)c1,1,train
e4f1cdea91567cf7f9431f795585ea153e787463,Fc1ncccc1-c1cc2sc(N3CCC(N4CCCCC4)CC3)nc2cn1,1,train
db7441b172ea66c75bd7a83b2ba99fb695a43a2b,Fc1cc(-c2cc3sc(N4CCC(N5CCCCC5)CC4)nc3cn2)ccn1,1,train
b66a5ca88d3da77d63745c0d7225401c357b2e6c,COc1cc(-c2cc3sc(N4CCC(N5CCCCC5)CC4)nc3cn2)ccn1,1,train
a0d95f3f603469537f002bc2de9088a7cc9e6595,COc1cc(-c2cnc3nc(N4CCC(N5CCCCC5)CC4)sc3c2)ccn1,1,train
066fc67653350bd1cf1b0543a54897b9d3eda1a6,Fc1cc(-c2cnc3nc(N4CCC(N5CCCCC5)CC4)sc3c2)ccn1,1,train
8fc0f1af0c511cad77b64e543bcd33b49e5d180f,Fc1ccc(-c2cc3sc(N4CCC(N5CCCCC5)CC4)nc3cn2)cn1,1,train
420b6932cace78478f585797ba0942f7b35cda59,Nc1cnc(-c2cnc3nc(N4CCC(N5CCCCC5)CC4)sc3c2)cn1,0,train
87164a1ddfee062ba6fb874e2c01e59f4512485e,c1ncc(-c2cnc3nc(N4CCC(N5CCCCC5)CC4)sc3c2)cn1,0,test
379d0c99e8c21994b70cf722f06c7b81b19ca509,CC(=O)Nc1ccc(-c2cnc3nc(N4CCC(N5CCCCC5)CC4)sc3c2)cn1,0,train
d3be9a0ceb0d0dbc91e0caa18806b67e658820bc,Nc1ccc(-c2cnc3nc(N4CCC(N5CCCCC5)CC4)sc3c2)cn1,0,train
d662b0e958a7dfee098cdb6c63ed327706dbc3fa,Cc1ccc(-c2cnc3nc(N4CCC(N5CCCCC5)CC4)sc3c2)cn1,1,train
0b771af1605f85a41efca45a3b4de738c9e0cfcb,COc1ccc(-c2cnc3nc(N4CCC(N5CCCCC5)CC4)sc3c2)cn1,1,train
f3b1881682de5ab40f79b7a320e8709584d26b57,N#Cc1cncc(-c2cnc3nc(N4CCC(N5CCCCC5)CC4)sc3c2)c1,1,train
054d1a20cc0bf723709ebe1390c543c529b7fc82,Fc1ncccc1-c1cnc2nc(N3CCC(N4CCCCC4)CC3)sc2c1,1,train
07d0b24aac132bacd409d0f03938c2daaf0510df,Fc1ccc(-c2cnc3nc(N4CCC(N5CCCCC5)CC4)sc3c2)cn1,1,train
d80b751b09d50ae823fd340dcf42950da2028171,N#Cc1cc(-c2cnc3nc(N4CCC(N5CCCCC5)CC4)sc3c2)ccc1F,1,train
cf4540c04f0c7833625e0806f28c5ed345e769ae,N#Cc1ccc(-c2cnc3nc(N4CCC(N5CCCCC5)CC4)sc3c2)cc1,1,train
26e36daf231ff915840ab8214b5eb70403c8af51,Clc1cc2sc(N3CCC(N4CCCCC4)CC3)nc2cn1,1,train
edf5214082e0a55afd803f45bae504294e4ee1ff,COCC1CCCN1S(=O)(=O)c1ccc(-c2ccc(CCN3CCC[C@H]3C)cc2)cc1,1,train
70cbb22b907bd632c668a521b415953981686be6,C[C@@H]1CCCN1CCc1ccc(-c2ccc(S(=O)(=O)N3CCC(O)C3)cc2)cc1,1,train
c922c8172c57294c8e5f5441af65f774235ed5d0,COC1CCN(S(=O)(=O)c2ccc(-c3ccc(CCN4CCC[C@H]4C)cc3)cc2)CC1,1,train
4536ede01140f6336483791b36bc58d713fb45b3,C[C@@H]1CCCN1CCc1ccc(-c2ccc(S(=O)(=O)N3CCS(=O)(=O)CC3)cc2)cc1,1,val
1a0e44eb6647d0000db1e700577d2de22e2e84c8,CC1COCC(C)N1S(=O)(=O)c1ccc(-c2ccc(CCN3CCC[C@H]3C)cc2)cc1,1,train
ce4da2bce3d02b0922319d6e7bc400c34d27c6c9,C[C@@H]1CCCN1CCc1ccc(-c2ccc(S(=O)(=O)N3CCOCC3)cc2)cc1,1,train
54052ee28fc6367ffbfc5193798b7f08cbc92d66,C[C@@H]1CCCN1CCc1ccc(-c2ccc(S(=O)(=O)NCc3ccncc3)cc2)cc1,1,train
b6a0481a6ee16c7a268d57e733143d6000ca4b1d,C[C@@H]1CCCN1CCc1ccc(-c2ccc(S(=O)(=O)NCc3ccccc3)cc2)cc1,1,test
fc83af095312aa2bf062db3af9ddd8350a0d113f,C[C@@H]1CCCN1CCc1ccc(-c2ccc(S(=O)(=O)Nc3ccccc3)cc2)cc1,1,val
9286d8bd4a67769072da7ee57bb73a572945f2fa,C[C@@H]1CCCN1CCc1ccc(-c2ccc(S(=O)(=O)NC3CCOCC3)cc2)cc1,0,test
0ef57a76b5535a2eea0742f7189285d7dec4cc86,C[C@@H]1CCCN1CCc1ccc(-c2ccc(S(=O)(=O)NC3CCC3)cc2)cc1,1,val
0ff59136d27b50cac408187e576d19fc6cbb7c8e,C[C@@H]1CCCN1CCc1ccc(-c2ccc(S(=O)(=O)NCC3CC3)cc2)cc1,1,val
c84592d97fe99b3840c2275db7e0dbfc0dde10dd,COCCNS(=O)(=O)c1ccc(-c2ccc(CCN3CCC[C@H]3C)cc2)cc1,1,train
169ea892223e6dc2528b14ae3699c58a61e74987,CCC(CO)NS(=O)(=O)c1ccc(-c2ccc(CCN3CCC[C@H]3C)cc2)cc1,1,train
d4d51e186c8957742d4f594503ad7becf3afc431,C[C@@H]1CCCN1CCc1ccc(-c2ccc(S(N)(=O)=O)cc2)cc1,1,train
3a41be75abf5989f112f35987f16d982d1114485,C[C@@H]1CCCN1CCc1ccc(-c2ccc(S(=O)(=O)N3CCCCC3)cc2)cc1,1,train
7a3d14445712c4924feaffa443afddaf5210ad0d,CCCNS(=O)(=O)c1ccc(-c2ccc(CCN3CCC[C@H]3C)cc2)cc1,1,train
ac395e318941acc7ed561b47b5b70f7dc94768b6,CCNS(=O)(=O)c1ccc(-c2ccc(CCN3CCC[C@H]3C)cc2)cc1,1,train
aa96d6359ccac0d33f37d96f61a5267a74f007cf,COC(=O)N1CC(Oc2ccc(F)cc2)CC1C(=O)N1CCCN(C2CCC2)CC1,1,train
12d162db055aef25b27fedbe3ebac501397b18ae,COC(=O)N1CC(Oc2cccc(F)c2)CC1C(=O)N1CCCN(C2CCC2)CC1,1,train
f4c0793e02937c484e45f5a18e6135fe9f88f2c1,O=C(C1CC(Oc2ccc(F)cc2)CN1)N1CCCN(C2CCCC2)CC1,1,train
8730c0999178251d490286086732f4221c2d8351,N#Cc1ccc(OC2CNC(C(=O)N3CCCN(C4CCCC4)CC3)C2)cc1,1,train
5a47d5421606bee9d3d1a59ef2b5155f3a9a34c9,N#Cc1ccc(OC2CNC(C(=O)N3CCCN(C4CCC4)CC3)C2)cc1,1,train
d1b426526562896d564bc28753f4b7974fcda35b,O=C(C1CC(Oc2ccc(Cl)cc2)CN1)N1CCCN(C2CCC2)CC1,1,train
395fed9eafde1b97a83eefdfac530270f3290d60,O=C(C1CC(Oc2ccc(F)cc2)CN1)N1CCCN(C2CCC2)CC1,1,train
023fb5335df60e7dabd66e104c61406e8361801b,O=C(C1CC(Oc2cccc(Cl)c2)CN1)N1CCCN(C2CCC2)CC1,1,train
1db5226b698888bb24f636855cebf40522752538,O=C(C1CC(Oc2cccc(F)c2)CN1)N1CCCN(C2CCC2)CC1,1,train
094e235991f1277d5cea63fee5076b8166f64fe6,CC1CCCN1CCc1ccc2nc(-c3cccs3)ccc2c1,1,train
064c37343193d7391a221fa3aa77785327a6d140,CC1CCCN1CCc1ccc2nc(-c3ccsc3)ccc2c1,1,train
e6d24241f8ff17135c3b842979bcf596c44badbb,CC1CCCN1CCc1ccc2nc(-c3ccoc3)ccc2c1,1,train
81cbe9c0facd21e73e5cf7dd69700bc99865aed4,COC(=O)c1cc(-c2ccc3cc(CCN4CCC[C@H]4C)ccc3n2)on1,0,train
2d0f7395c7660e842024ef36c0afc7be61474990,COC(=O)c1c(C)noc1-c1ccc2cc(CCN3CCC[C@H]3C)ccc2n1,1,train
9543fc73d1abe372c7f3a0062ef2f6c4df2daa0f,Cc1nc(C)c(-c2ccc3cc(CCN4CCCC4C)ccc3n2)cc1C(N)=O,0,train
31861a72feb8f76af85a85270c3b0605561d607b,Cc1nc(C)c(-c2ccc3cc(CCN4CCCC4C)ccc3n2)cc1C#N,1,train
f291dd02e97473184d9fa1ea7de970f159b93c8c,CN(C)C1CCC(c2ccc(OCCCN3CCCCC3)cc2)CC1,1,train
8ed0bca03f0635ea319eadd669546a17d16a08f6,CCOC(=O)c1ccc(-c2ccc(OCCCN3CCCCC3)cc2)cc1,1,train
a43fb25fcaba3ce900f7f5bda1aa9d719f8a3926,O=C(c1ccccc1-c1ccc(OCCCN2CCCCC2)cc1)N1CCCCC1,1,val
d34ceb6310d4f6e72e0436ccc0996132ec41558e,COc1ccccc1-c1ccc(OCCCN2CCCCC2)cc1,1,train
4125578e7a58805dab0bfa2f47bb28f32a90ba2a,c1cc(-c2ccc3c(c2)OCO3)ccc1OCCCN1CCCCC1,1,test
9e7b9605cd1019002340f8c0ffbd39873b297e7b,c1cc(C2CCOCC2)ccc1OCCCN1CCCCC1,1,val
df2bb716b6e863bef98dda0b5537b900702e57b9,c1cc(C2CCCCO2)ccc1OCCCN1CCCCC1,1,train
d15b7e53462f1a20bb9323e3b3d705da18e5a904,c1cc(N2CCCCC2)ccc1OCCCN1CCCCC1,1,test
5e19e83c2103eba0a2635d772fe3445e35005b76,c1cc(C2CCCCC2)ccc1OCCCN1CCCCC1,1,train
9928dc72a8da3f5c2edfbf93eb55a22a1200425d,C1=C(c2ccc(OCCCN3CCCCC3)cc2)CCC1,1,train
968b648469f0792bf566cca9565e550346fe56e2,c1cc(C2=NCCO2)ccc1OCCCN1CCCCC1,1,test
010e60cc8b304025fc2ad8f1d8bbf3ead7c0c925,c1ncc(-c2ccc(OCCCN3CCCCC3)cc2)o1,1,val
4e4bb726e2e371f2f65901569fd2fe9655b4a978,Cn1nccc1-c1ccc(OCCCN2CCCCC2)cc1,1,train
4cfee6d7950c96683fb3ddffa806e55529343502,c1c[nH]c(-c2ccc(OCCCN3CCCCC3)cc2)n1,1,train
355c261d0e7b5c52377ad76f058e28f00ca35cde,c1cc(C2CCCO2)ccc1OCCCN1CCCCC1,1,val
77f06498b80ab90c73edb6b6be3813e123c3809d,c1coc(-c2ccc(OCCCN3CCCCC3)cc2)c1,1,train
13b8551866bcef680caea035ccd4309fa1948d60,c1csc(-c2ccc(OCCCN3CCCCC3)cc2)c1,1,val
c3a50c8b831d8f96106a7667bf82336f83a53fb2,COc1cc(N2CCN(C[C@H](C)O)CC2)ccc1Nc1ncc2ccc(-c3ccccc3N(C)S(C)(=O)=O)n2n1,1,val
aa1a9eb953bbb1aec91f27f56c6b9f29b5d98372,O=C1COc2ccc(CNC3CCN(CCN4C(=O)COc5ccc(-c6ccco6)cc54)CC3)nc2N1,1,val
60a06dfdc66825b8719bc012912481b92059a239,O=C1COc2ccc(CNC3CCN(CCN4C(=O)COc5ccc(OC(F)(F)F)cc54)CC3)nc2N1,1,train
1f2a5ecb4db2eec2688df0838c09df76a9d3723f,O=C1COc2ccc(CNC3CCN(CCN4C(=O)COc5ccc(Br)cc54)CC3)nc2N1,1,train
a2a6fb2fe2e6ebd1d89d88c35307b8b8129bde8f,O=C1COc2ccc(CNC3CCN(CCN4C(=O)COc5ccc(Cl)cc54)CC3)nc2N1,1,train
96c35a1a16ee535d4be5f16e27739ac0bbdc7465,O=C1COc2ccc(CNC3CCN(CCN4C(=O)COc5ccc(F)cc54)CC3)nc2N1,1,train
e372b7e9f069900a7a7c8a1f078ba8a613368df9,COc1ccc2c(c1)N(CCN1CCC(NCc3ccc4c(n3)NC(=O)CO4)CC1)C(=O)CO2,0,train
b76ba4222f46e4a6c8eb703715f0cba9c99080ca,COC(=O)c1ccc2c(c1)N(CCN1CCC(NCc3ccc4c(n3)NC(=O)CO4)CC1)C(=O)CO2,0,train
fe50d113a56f60d9c4ab9ab5835dbf2614f88d08,O=C1COc2ccc(CNC3CCN(CCN4C(=O)COc5ccc([N+](=O)[O-])cc54)CC3)nc2N1,0,train
259a40067957fcdd342c86664353e5e5fe7b3303,CC(=O)c1ccc2c(c1)N(CCN1CCC(NCc3ccc4c(n3)NC(=O)CO4)CC1)C(=O)CO2,0,train
03be2a08710479cc2f59cf3511567e446762dd2f,CS(=O)(=O)c1ccc2c(c1)N(CCN1CCC(NCc3ccc4c(n3)NC(=O)CO4)CC1)C(=O)CO2,0,train
1a7d546692eab0cebbd937fdc58b2ed5a519e39a,c1ccc(Nc2nc(-c3cn[nH]c3)cs2)nc1,0,test
7fbef6df0fcfc5fd6c1c9d6e3b5268825edf5bbf,c1ccc(Nc2nc3c(s2)CCc2[nH]ncc2-3)nc1,0,val
66b180ad49c57640560abebed41a347f93226082,c1ccc(Nc2nc3c(s2)CCCc2[nH]ncc2-3)nc1,0,test
f0c19eb487b6100a5d21e042c19fc7426caac53b,c1cnc(Nc2nc3c(s2)CCCc2[nH]ncc2-3)nc1,0,val
609445135d2bbf5fda987b11df03d72d7514c581,N[C@]1(c2ccccc2)CC[C@H](N2CC(NC(=O)CNC(=O)c3cccc(C(F)(F)F)c3)C2)CC1,1,train
02259d992cf291ebe3fa056653e82bab4d9f1805,O=C(CNC(=O)c1cccc(C(F)(F)F)c1)NC1CN([C@H]2CC[C@](F)(c3ccccc3)CC2)C1,1,train
ef2b1c39de66a4f6b9a4eef897a325a01819fe4e,Cc1cccc(C)c1[C@]1(O)CC[C@@H](N2CC(NC(=O)CNC(=O)c3cccc(C(F)(F)F)c3)C2)CC1,1,train
f5805d8a2d4d53485c58f1c61cfff2d36866f661,O=C(CNC(=O)c1cccc(C(F)(F)F)c1)NC1CN([C@H]2CC[C@](O)(c3ccc4c(c3)OCC4)CC2)C1,0,val
d2b88a2dbf8b04e15db73d9ea9c0346b75e0860c,O=C(CNC(=O)c1cccc(C(F)(F)F)c1)NC1CN([C@H]2CC[C@](O)(c3ccc4c(c3)OCO4)CC2)C1,0,train
2060fe67a635772f73777dde0ac8b5fc3af82b19,COc1ccc([C@]2(O)CC[C@@H](N3CC(NC(=O)CNC(=O)c4cccc(C(F)(F)F)c4)C3)CC2)cc1,1,train
0861f54301a0e425e803605594301ba38d502af8,CN(C)c1cccc([C@]2(O)CC[C@@H](N3CC(NC(=O)CNC(=O)c4cccc(C(F)(F)F)c4)C3)CC2)c1,0,train
9293e3d03696c5ac6b646fadaec154995ada9abb,N#Cc1cccc([C@]2(O)CC[C@@H](N3CC(NC(=O)CNC(=O)c4cccc(C(F)(F)F)c4)C3)CC2)c1,1,train
146a85bb748b7579f59b09c580a617dc9dc5f5a6,O=C(CNC(=O)c1cccc(C(F)(F)F)c1)NC1CN([C@H]2CC[C@](O)(c3ccc(F)cc3)CC2)C1,1,train
dc1dbe7c16cff5f5a4c3808f15dc97eeb9459940,O=C(CNC(=O)c1cccc(C(F)(F)F)c1)NC1CN([C@H]2CC[C@](O)(c3ccccc3)CC2)C1,1,train
7dbcd0d98df77d4dbe8f3f42b49222a7613aee55,O=C(CNC(=O)c1cccc(C(F)(F)F)c1)NC1CN([C@H]2CC[C@](O)(c3cccnc3)CC2)C1,0,train
3d71b7f55203e3004e03d007c12c496c1d47ee19,Nc1ccc([C@H]2CC[C@H](N3CC(NC(=O)CNC(=O)c4cccc(C(F)(F)F)c4)C3)CC2)nc1,0,train
b905212b58d5e4c6b61efb7f390896551e36d493,Nc1cccnc1[C@H]1CC[C@H](N2CC(NC(=O)CNC(=O)c3cccc(C(F)(F)F)c3)C2)CC1,0,train
1ea72be8d7beaa6303712a6687a2b0786f12b846,O=C(CNC(=O)c1cccc(C(F)(F)F)c1)NC1CN([C@H]2CC[C@H](c3ccncc3O)CC2)C1,0,train
4ae414979c80727184d9d2d565e505196a18e213,O=C(CNC(=O)c1cccc(C(F)(F)F)c1)NC1CN([C@H]2CC[C@H](c3ccc(O)cn3)CC2)C1,1,train
c562be401c23e5f5ac1b1a9eaba3d181b7f41799,CN(C)c1ncc([C@H]2CC[C@H](N3CC(NC(=O)CNC(=O)c4cccc(C(F)(F)F)c4)C3)CC2)cn1,1,train
13f44746a84eb9fe2114cea09d26fec7d8caed1d,O=C(CNC(=O)c1cccc(C(F)(F)F)c1)NC1CN([C@H]2CC[C@H](c3cnccn3)CC2)C1,0,train
1bdce581bb0432f4990a3302e2781d56df764e10,COc1cc([C@H]2CC[C@H](N3CC(NC(=O)CNC(=O)c4cccc(C(F)(F)F)c4)C3)CC2)ccn1,1,train
67ae8457aeb5c5a85bde58cdddfc933afaaceb43,COc1cnccc1[C@H]1CC[C@H](N2CC(NC(=O)CNC(=O)c3cccc(C(F)(F)F)c3)C2)CC1,1,train
da48df1a1c9529abb77c64eaf2a88a30643ba054,COc1ccc([C@H]2CC[C@H](N3CC(NC(=O)CNC(=O)c4cccc(C(F)(F)F)c4)C3)CC2)cn1,1,train
684cb6d86c959e56b515e0cb785ede3d3c9387bb,O=C(CNC(=O)c1cccc(C(F)(F)F)c1)NC1CN([C@H]2CC[C@H](c3cccnc3)CC2)C1,1,train
2274293d23c50800d50b2187f53034039cd7c282,O=C(CNC(=O)c1cccc(C(F)(F)F)c1)NC1CN([C@H]2CC[C@H](c3ccc4[nH]cnc4c3)CC2)C1,1,train
6e4694b024ac4bc60701abd73565df7e2bd34ffd,O=C(CNC(=O)c1cccc(C(F)(F)F)c1)NC1CN([C@H]2CC[C@H](c3ccc(N4CCCC4)cc3)CC2)C1,1,test
79e50fa15e35b0175e561adb3b079f7117360ce5,O=C(CNC(=O)c1cccc(C(F)(F)F)c1)NC1CN(C2CCC(c3ccc(C(=O)O)cc3)CC2)C1,0,train
91bd3c69cff8daa120384f646c71fd379bd0524c,COC(=O)c1ccc(C2CCC(N3CC(NC(=O)CNC(=O)c4cccc(C(F)(F)F)c4)C3)CC2)cc1,1,train
39581357481b4b47745987eb3f62edd1abba2840,O=C(CNC(=O)c1cccc(C(F)(F)F)c1)NC1CN([C@H]2CC[C@H](c3ccc(O)cc3)CC2)C1,1,train
a26891a4b916679d92c00f89fb4d6720f3d42744,COc1ccc([C@H]2CC[C@H](N3CC(NC(=O)CNC(=O)c4cccc(C(F)(F)F)c4)C3)CC2)cc1,1,train
1e04ecca7e08caaad375184d46fb8c176c85bd41,O=C(CNC(=O)c1ccc(C(F)(F)F)cc1)NC1CN([C@H]2CC[C@H](c3ccc4c(c3)OCO4)CC2)C1,1,train
1d9a4e5c802723986812d151e0d62e9b7e678793,O=C(CNC(=O)c1ccccc1)NC1CN([C@H]2CC[C@H](c3ccc4c(c3)OCO4)CC2)C1,1,train
3fd4b697217691791185f6cde7a60f0303d1228f,O=C(CNC(=O)c1cccc(C(F)(F)F)c1)NC1CN([C@H]2CC[C@H](c3ccccc3)CC2)C1,1,train
65341359abe735260eec6a6d380f5f47c02f6b7e,O=C(CNC(=O)c1cccc(C(F)(F)F)c1)NC1CN([C@H]2CC[C@@H](c3ccc4c(c3)OCO4)CC2)C1,1,train
a0e0b2a3840305de8f3768809506594e266ba825,O=C(CNC(=O)c1cccc(C(F)(F)F)c1)NC1CN(C2CCC(c3c[nH]c4ccccc34)CC2)C1,1,train
ea45365863a50fc9124875caeca7b2962b3e8da5,CN1CC(c2c[nH]c3cc(-n4ccc(OCc5ccccc5)cc4=O)ccc23)C1,0,train
040ba63a0308fb1c4d524074ab3a0b7fb27b91e8,CN1Cc2cc(Cl)ccc2-n2c(nnc2C2CCN(c3ccccn3)CC2)C1,0,train
e52e08dfac61d1e6aff6b38079757292818d3d33,COC(=O)N1Cc2cc(Cl)ccc2-n2c(nnc2C2CCN(c3ccccn3)CC2)C1,0,train
26763dbb5fdba96914b86c37932501b9e28081d4,CC(=O)N1Cc2cc(Cl)ccc2-n2c(nnc2C2CCN(c3ccccn3)CC2)C1,0,train
979596e51bdf1023992f42b56c57b8ccb9f31caf,CS(=O)(=O)N1Cc2cc(Cl)ccc2-n2c(nnc2C2CCN(c3ccccn3)CC2)C1,0,train
0c6cb2485a4dfcc49e5b5fdad55fbd16bfc2b3b1,O=C(CNc1noc2ccc(C(F)(F)F)cc12)NC1CN([C@H]2CC[C@@H](c3nccs3)CC2)C1,1,val
6eb82aa716e9aaeb464acf80ea5156b15a44f160,O=C(CNc1noc2ccc(C(F)(F)F)cc12)NC1CN([C@H]2CC[C@@H](c3cncs3)CC2)C1,1,val
9005737b6c2d65269489767ea5fdb9c2a4d65cbb,COc1ccc([C@H]2CC[C@@H](N3CC(NC(=O)CNc4noc5ccc(C(F)(F)F)cc45)C3)CC2)cn1,1,val
28ad976108d43be29eab4fe8950e69af139d412e,CC(C)c1ncc([C@H]2CC[C@@H](N3CC(NC(=O)CNc4nn(C)c5ccc(C(F)(F)F)cc45)C3)CC2)s1,0,train
786f0f604c1be522aeb70f2e9212df1ea3ec4821,CCc1ncc([C@H]2CC[C@@H](N3CC(NC(=O)CNc4nn(C)c5ccc(C(F)(F)F)cc45)C3)CC2)s1,0,train
11a45ccf8bd5f7a3fb4477781ee82674ff04ab83,Cc1ncc([C@H]2CC[C@@H](N3CC(NC(=O)CNc4nn(C)c5ccc(C(F)(F)F)cc45)C3)CC2)s1,0,train
9c024b8193ed5aa441b010e7b67f55ce74274f0e,NC(=O)n1nc(NCC(=O)NC2CN([C@H]3CC[C@@H](c4nccs4)CC3)C2)c2cc(C(F)(F)F)ccc21,0,train
6506c15ea60543ac16219dcaafc8257f08373036,Cn1nc(NCC(=O)NC2CN([C@H]3CC[C@@H](c4nccs4)CC3)C2)c2cc(C(F)(F)F)ccc21,0,train
fa6c02c2738ce654b1bedf79ee3c7bf56cdba693,Cn1nc(NCC(=O)NC2CN([C@H]3CC[C@@H](c4cncs4)CC3)C2)c2cc(C(F)(F)F)ccc21,0,train
e4cebf5498acb4124cab01c9b36ef8796f7f1551,Cc1ccc([C@H]2CC[C@@H](N3CC(NC(=O)CNc4nn(C)c5ccc(C(F)(F)F)cc45)C3)CC2)cn1,0,train
7d61fdadb4df3a9ef2d199a909440b58a3addde1,COc1ccc([C@H]2CC[C@@H](N3CC(NC(=O)CNc4nn(C)c5ccc(C(F)(F)F)cc45)C3)CC2)cn1,0,train
031361fc8de7126cbd790d09b837b43b8ce93d18,Cn1nc(NCC(=O)NC2CN([C@H]3CC[C@@H](c4cccnc4)CC3)C2)c2cc(C(F)(F)F)ccc21,0,train
dee77e04423d2822b662b553f6c2a8879598d288,Cc1ccc([C@H]2CC[C@@H](N3CC(NC(=O)CNc4[nH]nc5ccc(C(F)(F)F)cc45)C3)CC2)cn1,0,train
eacff5e20687371da505879a2cd3c71ada2fb630,COc1ccc([C@]2(O)CC[C@H](N3CC(NC(=O)CNc4[nH]nc5ccc(C(F)(F)F)cc45)C3)CC2)cn1,0,train
bd8f2062f9dc72f1d0b3d410153ebfd6a345e84d,O=C(CNc1[nH]nc2ccc(C(F)(F)F)cc12)NC1CN([C@H]2CC[C@@H](c3cccnc3)CC2)C1,0,train
7b10278fdb20985ef4f3702a775eb1fd9f8a407f,CN(C)c1cccc([C@H]2CC[C@@H](N3CC(NC(=O)CNc4nn(C)c5ccc(C(F)(F)F)cc45)C3)CC2)c1,0,train
18acc560562b88e545c0d31a5aa84069e9fd7969,Cn1nc(NCC(=O)NC2CN([C@H]3CC[C@@H](c4ccccc4)CC3)C2)c2cc(C(F)(F)F)ccc21,1,train
f74df293af5fff9b601a29fcb69b779b90566c15,CCOC(=O)C1CCC(N2CC(NC(=O)CNc3nn(C4CCCC4)c4ccc(C(F)(F)F)cc34)C2)CC1,1,train
b8073e77de8b6d73d2f07574d7294eac1933f5e1,CCOC(=O)C1CCC(N2CC(NC(=O)CN=C3NC(Cc4ccccc4)c4ccc(C(F)(F)F)cc43)C2)CC1,1,val
bf9e765e314d6a713ba98cc1043af98345934190,CCOC(=O)C1CCC(N2CC(NC(=O)CNc3nn(S(C)(=O)=O)c4ccc(C(F)(F)F)cc34)C2)CC1,0,train
888fbb1c9350dee7cf47669f6ee70942ab12f765,CCOC(=O)C1CCC(N2CC(NC(=O)CNc3nn(C(N)=O)c4ccc(C(F)(F)F)cc34)C2)CC1,0,train
c521ed95f828eb0c3f49e5ba12961831dc66dddb,CCOC(=O)C1CCC(N2CC(NC(=O)CNc3nn(CC(F)(F)F)c4ccc(C(F)(F)F)cc34)C2)CC1,1,train
ce7a7febd18c5477ecd9a747dabce9e938002082,C=CCn1nc(NCC(=O)NC2CN(C3CCC(C(=O)OCC)CC3)C2)c2cc(C(F)(F)F)ccc21,1,train
657704860ec777c76702786ef527593ce9ac2c6b,CCOC(=O)C1CCC(N2CC(NC(=O)CNc3nn(CC)c4ccc(C(F)(F)F)cc34)C2)CC1,1,train
91d9a485b2fca66f737b7553216ea58dfd25c5a7,CCOC(=O)C1CCC(N2CC(NC(=O)CNc3noc4ccc(C(F)(F)F)cc34)C2)CC1,1,test
4dd25407e460fb5cdcc0c261c361a75a54d58148,CCOC(=O)C1CCC(N2CC(NC(=O)CNc3[nH]nc4ccc(C(F)(F)F)cc34)C2)CC1,1,train
1cb25e8c62378450afc5b7b0f3bc41df99338ed2,NC(=O)n1nc(NCC(=O)NC2CN([C@H]3CC[C@@H](c4ccc5c(c4)OCO5)CC3)C2)c2cc(C(F)(F)F)ccc21,0,train
c111f3630850633cc7be4a55525b3ea2e22fda53,CC(C)(C)NC(=O)n1nc(NCC(=O)NC2CN([C@H]3CC[C@@H](c4ccc5c(c4)OCO5)CC3)C2)c2cc(C(F)(F)F)ccc21,1,train
4e86441769eaad29dd3aecf2e35fcce74e1e28c7,O=C(CNc1nn(CCO)c2ccc(C(F)(F)F)cc12)NC1CN([C@H]2CC[C@@H](c3ccc4c(c3)OCO4)CC2)C1,1,train
de1dd80aaa63120fa1c573155faa529a74cd9368,O=C(CNc1noc2ccc(C(F)(F)F)cc12)NC1CN([C@H]2CC[C@@H](c3ccc4c(c3)OCO4)CC2)C1,1,train
469088cef826d23e6ff54523a71559e524335d0c,CS(=O)(=O)N[C@H]1CC[C@@H](N2CC(NC(=O)CNc3[nH]nc4ccc(C(F)(F)F)cc34)C2)CC1,0,train
b53c281575b2889cbaf6f9f457108cce7f224b30,C=CCO[C@H]1CC[C@@H](N2CC(NC(=O)CNc3[nH]nc4ccc(C(F)(F)F)cc34)C2)CC1,1,train
61a981208b6d60c7fbd70486b4a4d9a3e63c3360,CCO[C@H]1CC[C@@H](N2CC(NC(=O)CNc3[nH]nc4ccc(C(F)(F)F)cc34)C2)CC1,1,train
6a9989e26476061272de37b08ef61473adcf10c3,O=C(CNc1[nH]nc2ccc(C(F)(F)F)cc12)NC1CN([C@H]2CC[C@@H](O)CC2)C1,0,train
a1ff9f053c5381f8255376a2ea3cdcb20f1e1480,C=CCOC[C@H]1CC[C@@H](N2CC(NC(=O)CNc3nn(C)c4ccc(C(F)(F)F)cc34)C2)CC1,1,train
36e9602d792668136c82a6ee0f7ed2aca6cbc814,CCOC[C@H]1CC[C@@H](N2CC(NC(=O)CNc3nn(C)c4ccc(C(F)(F)F)cc34)C2)CC1,1,train
4415344a67a3789addaf8261e9bd95d87d6a5aca,Cn1nc(NCC(=O)NC2CN([C@H]3CC[C@@H](CO)CC3)C2)c2cc(C(F)(F)F)ccc21,0,train
610e0733f06c6d128cd5c500f667f5e9ba4b3c23,Cn1nc(NCC(=O)NC2CN(C3CCC(C(N)=O)CC3)C2)c2cc(C(F)(F)F)ccc21,0,train
938ebce965d7c3a4e11a5c936737cb502a709211,Cn1nc(NCC(=O)NC2CN(C3CCC(C(=O)O)CC3)C2)c2cc(C(F)(F)F)ccc21,0,train
8efa7f80f96a0ed44c93b9b3d893a66b0f78f31d,CCOC(=O)C1CCC(N2CC(NC(=O)CNc3nn(C)c4ccc(C(F)(F)F)cc34)C2)CC1,1,train
d35b0bedbff602d1d3f9c817ac42043311f379bc,Cn1nc(NCC(=O)NC2CN([C@H]3CC[C@@H](C4CCCCC4)CC3)C2)c2cc(C(F)(F)F)ccc21,1,test
f72ed23301931519a54f857297de82caa117d342,Cn1nc(NCC(=O)NC2CN([C@H]3CC[C@@H](C#N)CC3)C2)c2cc(C(F)(F)F)ccc21,0,train
c557c5c11611e087afb8a0d3bfcff667bdbdc4a9,CC(C)[C@H]1CC[C@@H](N2CC(NC(=O)CNc3[nH]nc4ccc(C(F)(F)F)cc34)C2)CC1,1,train
43e779f9014dfde142b64168c112f933b5403ab4,O=C(CNc1[nH]nc2ccc(C(F)(F)F)cc12)NC1CN([C@H]2CC[C@@H](n3ccccc3=O)CC2)C1,0,train
c3e63ca7b7a8bb97650a6541c345ef3bcbebe47a,Cn1nc(NCC(=O)NC2CN([C@H]3CC[C@@H](c4ccc5c(c4)OCO5)CC3)C2)c2cc(C(F)(F)F)ccc21,1,train
73bdad5d9f184bf5e2478e3b937bc61a51d2be37,COc1ccc([C@H]2CC[C@@H](N3CC(NC(=O)CNc4[nH]nc5ccc(C(F)(F)F)cc45)C3)CC2)cn1,1,train
d5e964fd50963b3c42587e10fb02c0619ece1132,NC(=O)Cc1ccc([C@H]2CC[C@@H](N3CC(NC(=O)CNc4[nH]nc5ccc(C(F)(F)F)cc45)C3)CC2)cc1,1,train
41fd66282461a26995b03af2bccfe65cf703d5ca,O=C(CNc1[nH]nc2ccc(C(F)(F)F)cc12)NC1CN([C@H]2CC[C@@H](c3ccc4c(c3)OCO4)CC2)C1,1,train
1cf8b1f7234bd108c955f5b638d70523ffe19dc1,O=C(CNc1[nH]nc2ccc(C(F)(F)F)cc12)NC1CN([C@H]2CC[C@@H](c3ccccc3)CC2)C1,1,train
d5f232a799190ffaa6feded64d9927029bf1fb4d,CCN=C(NS(=O)(=O)c1cccc(Cl)c1)N1CC2(C=N1)CCNCC2,1,val
1ca386ec709aa9cc7b8c7b25e8f42268f6aa4133,CC(C)Oc1ncc(-c2nc(-c3ccc4c(c3)CCNCC4)no2)cc1C#N,1,test
e9ed32a623663a882985b04f8121f016efb18f81,CC(C)Oc1ccc(-c2nc(-c3cccc4c3OCCN(C(CO)CO)C4)no2)cc1C#N,1,train
81854ccfc2d45da1e7906a562cf93600762046e8,Cc1c(-c2noc(-c3ccc(OC(C)C)c(C#N)c3)n2)cnc2c1CCN(C(CO)CO)C2,0,train
8e5d5decf5bc94ede5523159560ba6f3b65084c8,Cc1c(-c2noc(-c3ccc(OC(C)C)c(C#N)c3)n2)ccc2c1CCN(C(CO)CO)C2,0,train
69fcf7889dc1a90ff107d4941cd008c88bae13d7,CC(C)Oc1ccc(-c2nc(-c3ccc4c(c3)CCN(C(CO)CO)CC4)no2)cc1C#N,0,train
0a10979239f5e8a932ce7a74e2dd1db1e0b9c249,CC(C)Oc1ccc(-c2nc(-c3ccc4c(c3)CCN(C(CO)CO)C4)no2)cc1C#N,0,train
94376e5c3d47dbd4e11c7abccf36505fa2b0202b,Cc1cccc(Nc2nc(NCCN)ncc2C(N)=O)c1,1,val
98b3487a4d964cedec4d98d12de7cbf747c316cf,Cc1cccc(Nc2nc(N[C@@H]3CCCNC3)ncc2C(N)=O)c1,1,train
3055bd07280a5515154944cb8c869e6a0058fe28,Cc1cccc(Nc2nc(N[C@H]3CCCNC3)ncc2C(N)=O)c1,1,train
6623269ee3ba43daec791fe90bc39037774f7f01,Cc1cccc(Nc2nc(N[C@@H]3CCNC3)ncc2C(N)=O)c1,1,train
237f91461e8a315c70cc94d618411229568eb5c8,Cc1cccc(Nc2nc(N[C@H]3CCNC3)ncc2C(N)=O)c1,1,train
b50217a1e817f9af5d43237c8b42ef4f24e2628c,Cc1cccc(Nc2nc(NC3CNC3)ncc2C(N)=O)c1,1,train
6840c8acf82a7fe097ab4d5660a1499343209146,Cc1cccc(Nc2nc(NCC3CCCCN3)ncc2C(N)=O)c1,1,val
a88a74151f99015056c863fbcd33e00b6088a53b,Cc1cccc(Nc2nc(NC[C@@H]3CCCN3)ncc2C(N)=O)c1,1,train
52ebbf3e7c2edc86a80c0db070e228f65176f212,Cc1cccc(Nc2nc(NC[C@H]3CCCN3)ncc2C(N)=O)c1,1,train
a785d83899039ba1ca251438e81c4621c32aa3a9,NC(=O)c1cnc(N2CCC[C@H](N)C2)nc1Nc1cccc(C(F)(F)F)c1,1,train
73b1498632fa0b266b3ffd741585fb2584916cb1,Cc1cccc(Nc2nc(N[C@@H]3CCCC[C@@H]3N)ncc2C(N)=O)c1,1,train
ad36fa09e4ccc19f91de59150c9608f2d5848b85,Cc1cccc(Nc2nc(N[C@H]3CCCC[C@H]3N)ncc2C(N)=O)c1,1,train
81f3da1cad20a997e2d877b57c2eeb756f7b4af3,Cc1cccc(Nc2nc(N[C@@H]3CCOC[C@@H]3N)ncc2C(N)=O)c1,1,train
e42f11b6404e1af31dfcc47bc0a0d4ba39c3143a,Cc1cccc(Nc2nc(N[C@@H]3COCC[C@@H]3N)ncc2C(N)=O)c1,1,val
c9ae69a2cafd123f1bbbc4b443cbe9a19ea4ccce,Cc1cccc(Nc2nc(N[C@@H]3COC[C@@H]3N)ncc2C(N)=O)c1,1,val
b0a166b4160108fad9f3fccde52cd2704c18ba07,Cc1cccc(Nc2nc(N[C@@H]3CCC(F)(F)C[C@@H]3N)ncc2C(N)=O)c1,1,train
4b7aeeb9f27d7e2238d6cd2a2d3f0c8e2c3aba9b,Cc1cccc(Nc2nc(N[C@@H]3CC(F)(F)CC[C@@H]3N)ncc2C(N)=O)c1,1,train
76a1f25fa38667c6a26cd35c969a50822bbfcc7c,Cc1ccc(Nc2nc(N[C@@H]3CCCC[C@@H]3N)ncc2C(N)=O)cc1,0,train
6347e2acc31f98043fb02ab42594829f8abf6ff9,Cc1ccc(Nc2nc(N[C@@H]3CCOC[C@@H]3N)ncc2C(N)=O)cc1,0,train
ebacec4c3cff488e63739b15ee895ea43d0d5318,COc1cc(OC)cc(C(=O)NCC2(C#N)CCN(Cc3ccccc3OC)CC2)c1,1,train
a5101a8b2454f317052f8039ecf4efc831842574,COc1cccc(CN2CCC(C#N)(CNC(=O)c3cc(OC)cc(OC)c3)CC2)c1,1,train
2241525d15aeac986f0cec3ab6ddc59d489e7d3f,COc1ccc(CN2CCC(C#N)(CNC(=O)c3cc(OC)cc(OC)c3)CC2)cc1,1,train
9116d125d632c2acd58c8650560febd5cbe3f4f5,COc1cc(OC)cc(C(=O)NCC2(C#N)CCN(Cc3ccccc3C(F)(F)F)CC2)c1,1,train
e94d636d3b3992a900698871499256ddd8a5b745,COc1cc(OC)cc(C(=O)NCC2(C#N)CCN(CC3=Cc4ccccc4OC3(C)C)CC2)c1,1,train
1d6cd3a72bd6235d8864835e8aaa5ee55ef98a0f,COc1cc(OC)cc(C(=O)NCC2(C#N)CCN(CCc3ccccc3)CC2)c1,1,train
f008018061e835e0ae7684b14935a22ec3337280,N#CC1(CNC(=O)c2cc(Cl)cc(Cl)c2)CCN(CCc2ccccc2)CC1,1,train
25f1541a74381d477c267c16cece905267afcb88,COC(=O)C1(CNC(=O)c2cc(OC)cc(OC)c2)CCN(Cc2ccccc2OC)CC1,1,train
7b9c940619573207c8471f22659f7a79d6993e8d,COC(=O)C1(CNC(=O)c2cc(OC)cc(OC)c2)CCN(Cc2cccc(OC)c2)CC1,1,train
1efab45c56d20838fec6de955ee0b2cb3302f037,COC(=O)C1(CNC(=O)c2cc(OC)cc(OC)c2)CCN(Cc2ccc(OC)cc2)CC1,1,train
047e66eb34c522fc4a2790e7700c3d5b97fae7f1,COC(=O)C1(CNC(=O)c2cc(OC)cc(OC)c2)CCN(Cc2ccccc2C(F)(F)F)CC1,1,train
ee4b22245a63a6decb613e6190c47779944513a6,COC(=O)C1(CNC(=O)c2cc(OC)cc(OC)c2)CCN(Cc2cccc(C(F)(F)F)c2)CC1,1,train
06816fef941456e7e98fc22e2dbdd1607aac448e,COC(=O)C1(CNC(=O)c2cc(OC)cc(OC)c2)CCN(Cc2ccc(C(F)(F)F)cc2)CC1,1,train
201e86f146a61aed32087f2d7b9554a21ff55646,COC(=O)C1(CNC(=O)c2cc(OC)cc(OC)c2)CCN(CC2=Cc3ccccc3OC2(C)C)CC1,1,train
ebacd12015fba0c891f8848a0a1f70263b5641dd,COC(=O)C1(CNC(=O)c2cc(Cl)cc(Cl)c2)CCN(Cc2ccccc2OC)CC1,1,train
1e4f9ce2873c4a92ff9493c15111ec3a28e3afc4,COC(=O)C1(CNC(=O)c2cc(Cl)cc(Cl)c2)CCN(Cc2cccc(OC)c2)CC1,1,train
2cb5f49855057e09123ef71ccdaf339afa3aa7c2,COC(=O)C1(CNC(=O)c2cc(Cl)cc(Cl)c2)CCN(Cc2ccc(OC)cc2)CC1,1,train
1b02d82eea65dcae116aeb4d215b8dcc3c5eb8e9,COC(=O)C1(CNC(=O)c2cc(Cl)cc(Cl)c2)CCN(Cc2ccccc2C(F)(F)F)CC1,1,train
8b61703c277103f751bd08a5a9d2441ff36f7317,COC(=O)C1(CNC(=O)c2cc(Cl)cc(Cl)c2)CCN(Cc2cccc(C(F)(F)F)c2)CC1,1,train
49edf97aa43f688dab764e4070ef7fea60f8d37f,COC(=O)C1(CNC(=O)c2cc(Cl)cc(Cl)c2)CCN(Cc2ccc(C(F)(F)F)cc2)CC1,1,train
9ac748644e91d04fb5a7cc45dc84d4b20674a480,COC(=O)C1(CNC(=O)c2cc(Cl)cc(Cl)c2)CCN(CC2=Cc3ccccc3OC2(C)C)CC1,0,train
a3887cc4cacaebc8fe0561e13399340ab0652e46,COc1ccccc1CN1CCC(C#N)(CNC(=O)c2cc(CC(C)C)n(-c3ccccc3)n2)CC1,1,train
c49a7ecf554e04f4f8dc2eadb0d62b8ee9be1aac,COc1cccc(CN2CCC(C#N)(CNC(=O)c3cc(CC(C)C)n(-c4ccccc4)n3)CC2)c1,1,train
6d129a1c6350ffe036c4d12ae6b4d4f21821862b,CC(C)Cn1c(O)cn(Cc2ccc(-c3cccc(CN4CCCCC4)n3)cc2)c1=O,1,val
68129047add32d0e156f6af95ba94547010711d0,COc1ccc(CN2CCC(C#N)(CNC(=O)c3cc(CC(C)C)n(-c4ccccc4)n3)CC2)cc1,1,train
dbb79232f5803ffb653614c7848cb16b7369fe4e,CC(C)Cc1cc(C(=O)NCC2(C#N)CCN(Cc3ccccc3C(F)(F)F)CC2)nn1-c1ccccc1,1,train
122128eb41f9f5c8245cfe70f8a2f2c02eb956b9,CC(C)Cc1cc(C(=O)NCC2(C#N)CCN(CC3=Cc4ccccc4OC3(C)C)CC2)nn1-c1ccccc1,1,train
7359958fd1e112ed2d39cd5374053caabc1b7ed2,CC(C)Cc1cc(C(=O)NCC2(C#N)CCN(CCc3ccccc3)CC2)nn1-c1ccccc1,1,test
911c8a9e0d327a0f1d7b4d0146fc2eaf8c26d0f1,COc1cc(OC)cc(C(=O)NCC2(C(=O)O)CCN(Cc3ccc(C(F)(F)F)cc3)CC2)c1,0,train
16d5011eec8c141e0bec56e92ddc6703048a852c,Cc1nc2ccccc2n1-c1ccc(C(=O)N(C)[C@@H]2CCN(C(C)C)C2)cc1,0,test
23a3cbf1d82ed2108a0fac26451ea039b8bc5e8a,Cc1nc2ccccc2n1-c1ccc(C(=O)N(C)[C@@H]2CCN(C3CCCC3)C2)cc1,1,val
a0e542d65551580fa9a6c21ac882b5f325683ca7,Cc1nc2ccccc2n1-c1ccc(C(=O)N(C)[C@@H]2CCN(C3CCCCC3)C2)cc1,1,train
04eaad84ab40b640058271d81ce9bd8191efc4f7,CN(C(=O)c1ccc(-n2cccn2)cc1)[C@@H]1CCN(C2CCC2)C1,0,train
f6c9a7f30da4646754c7116b6074249a17d4f30d,NC(=O)c1cnc(N[C@H](C2CC2)C(F)(F)F)c2c1[nH]c1cc(-c3cnc(N)nc3)ccc12,0,val
e05cc76b4d4f54b14d13be097a3d3f2cce58681b,NC(=O)c1cnc(N[C@H](C2CC2)C(F)(F)F)c2c1[nH]c1cc(-c3ccc(N)nc3)ccc12,1,train
03f06fbf7f19eb58a96e71db30b2451b72c41f2b,NC(=O)c1cnc(N[C@H](C2CC2)C(F)(F)F)c2c1[nH]c1cc(-c3cn[nH]c3)ccc12,1,train
7888931f4acf10f49de9868ec858684bda9ca0fe,NC(=O)c1cnc(NC(C2CC2)C2CC2)c2c1[nH]c1cc(-c3cnc(N)nc3)ccc12,1,train
1e26b0b0963e817ae2eb3a821c70a0a5e382ba06,NC(=O)c1cnc(NC(C2CC2)C2CC2)c2c1[nH]c1cc(-c3cnc(N)cn3)ccc12,1,val
7bc09295aadca03ac2c799144d0b9521d844d829,NC(=O)c1cnc(NC(C2CC2)C2CC2)c2c1[nH]c1cc(-c3cn[nH]c3)ccc12,1,train
1cc95fb4617856f38bc65797b409d132aa170868,Cn1cc(-c2ccc3c(c2)[nH]c2c(C(N)=O)cnc(N[C@H](C4CC4)C(F)(F)F)c23)cn1,1,train
c56e6976c992d365e0ce77e25897e7d3ddf1d05c,Cn1cc(-c2ccc3c(c2)[nH]c2c(C(N)=O)cnc(NC(C4CC4)C4CC4)c23)cn1,1,train
0f122b00bddb4b7edd8eab3754b34a4571cd1de7,C[C@H](Nc1ccc(C(N)=O)c2[nH]c3cc(-c4cnn(C)c4)ccc3c12)C(C)(C)C,0,test
80b89f8e05b4952cb1db1580382112580c858b17,Cn1cc(-c2ccc3c(c2)[nH]c2c(C(N)=O)ccc(NC4CCCCC4)c23)cn1,1,val
285caa5bd3077478a09fe64f1350c6bc4bf7cdb5,CC(C)(C)CC(C)(C)c1ccc(OCCOCC[N+](C)(C)Cc2ccccc2)cc1,1,train
bc93e27644c3f8008f61fc4e421c169fc85ad0ed,Cc1c(-c2ccccc2)oc2c(C(=O)OCCN3CCCCC3)cccc2c1=O,0,train
7f3c4914c30b5d4c4e965e3190c6124a3e7ad5b8,Fc1ccc(C(c2ccc(F)cc2)N2CCN(C/C=C/c3ccccc3)CC2)cc1,1,val
acc35c4c94efb91dbbbda1662a5559faaba4c5b9,OCCN1CCN(CCCN2c3ccccc3Sc3ccc(C(F)(F)F)cc32)CC1,1,train
32c65dfc391ae39ec376ed375f666bad909dfeee,CN1CCC[C@@H]1CCO[C@](C)(c1ccccc1)c1ccc(Cl)cc1,1,test
8465cd025e39c486a11cca434af07a0d42ddb6fc,CCN(CC)CCOC(=O)C1(C2CCCCC2)CCCCC1,0,train
5d4d59ab9e97c87305e25456449f26a485789af4,CN1CCC(=C2c3ccccc3C=Cc3ccccc32)CC1,0,train
d57a200786c374969069ce494324084dcd906879,Fc1ccc([C@@H]2CCNC[C@H]2COc2ccc3c(c2)OCO3)cc1,1,test
f831961d3b2a7817a11f1a3df02c1d73eb0aefa7,OCCN1CCN(CCCN2c3ccccc3Sc3ccc(Cl)cc32)CC1,1,train
226b24a8cc05b66505829d94ca47567ebcd6b66f,Cc1ccc(N(CC2=NCCN2)c2cccc(O)c2)cc1,0,test
4cb64c5b29dd158f300dac852511561b6602432c,CN1CCN(CCCN2c3ccccc3Sc3ccc(Cl)cc32)CC1,1,train
67f27567417b83a88a7ed5aafdb7d137d7609604,O=C1C=CC(=O)c2c1c(O)c1c(NCCNCCO)ccc(NCCNCCO)c1c2O,1,test
351175e549ce2dbb5b9fcc711d412e3c3dcdff90,CCN(CC)CCOCCC1=CCC2CC1C2(C)C,1,train
1a6386df4dd126ba18800b58477860e6770fbcce,CN[C@H]1CC[C@@H](c2ccc(Cl)c(Cl)c2)c2ccccc21,1,train
487ffc09a91387ed5afc4bf09e58593a54247131,Cc1nc2c(c(-c3ccc(Cl)cc3Cl)c1CN)CN(CC(=O)NCc1cccnc1)C2=O,0,val
e7f60d76ebcd56fc934ccd42a06c103771a67524,Cc1nc2cn(Cc3ccccc3)cc2c(-c2ccc(Cl)cc2Cl)c1CN,0,train
92399c3591ccd7ee6e364bbe7e45b91e6fb921e1,COCCCc1cc(CN(C(=O)C2CNCCC2(O)c2ccc(F)c(F)c2)C2CC2)cc(OCCOC)c1,1,train
913855e15586cd3a0c6cdc133cfffab0ed179c4a,O=C(C1CNCC[C@]1(O)c1ccc(F)c(F)c1)N(Cc1cccc(Cl)c1Cl)C1CC1,1,train
80fe6d70788c2b3e9115bcc3adfbb32a2f4bfdd6,COCCCc1ccc(Cl)c(CN(C(=O)C2CNCC[C@]2(O)c2ccc(F)c(F)c2)C2CC2)c1,1,train
78796e332fcc000cb39fecc121b3523cf71b26fb,COCCc1ccc(Cl)c(CN(C(=O)C2CNCC[C@]2(O)c2ccc(F)c(F)c2)C2CC2)c1,1,train
48a56a6b795a90376fabf3ec77042b412782151c,O=C(C1CNCC[C@]1(O)c1ccc(F)c(F)c1)N(Cc1c[nH]c2cccc(F)c12)C1CC1,1,train
90ff62be88264eef6cbf2caeddb89954a057ce57,O=C(C1CNCC[C@]1(O)c1ccc(F)c(F)c1)N(Cc1c[nH]c2cccc(Cl)c12)C1CC1,1,train
e9d340fc36315a439134a60f3dda3457e9d61e27,O=C(C1CNCC[C@]1(O)c1ccc(F)c(F)c1)N(Cc1c[nH]c2cccc(Br)c12)C1CC1,1,train
d7832c81ecbe66c6bdf3f5d9c79cd06dc64ca9d6,COCCCn1cc(CN(C(=O)C2CNCC[C@]2(O)c2ccc(F)c(F)c2)C2CC2)c2c(F)cccc21,1,train
71e96e45a7bdab03bf3d237d7b28a3f521e51a03,COCCCc1ccc(F)c2c(CN(C(=O)C3CNCC[C@]3(O)c3ccc(F)c(F)c3)C3CC3)c[nH]c12,1,train
93d6b24f8a9740e2db752c5c4d73938a8b8309b8,COCCCc1ccc(F)c2c(CN(C(=O)C3CNCC[C@]3(O)c3ccc(F)c(F)c3)C3CC3)cn(CCCOC)c12,1,train
07a0f7801c78f7264564123aac70fb50096f942d,COCCCn1cc(CN(C(=O)C2CNCC[C@]2(O)c2ccc(F)c(F)c2)C2CC2)c2c(F)ccc(CCC#N)c21,1,train
a4dba51d707526dc6f44ee27b6e6a2f41ee4650c,COCCCn1cc(CN(C(=O)C2CNCC[C@]2(O)c2ccc(F)c(F)c2)C2CC2)c2c(F)ccc(CS(C)(=O)=O)c21,1,train
cb7bb75942ba0f9a5ceef8162471012828a68a1d,COCCCn1cc(CN(C(=O)C2CNCC[C@]2(O)c2ccc(F)c(F)c2)C2CC2)c2c(F)ccc(CN3CCOCC3)c21,1,val
64b016a249082a960b73634e155cb22c23adc801,COCCCn1cc(CN(C(=O)C2CNCC[C@]2(O)c2ccc(F)c(F)c2)C2CC2)c2c(F)ccc(Cn3ccnc3)c21,1,test
b9816398f679491dc3ecb79b2a9a9701d4d5a989,CONC(=O)Cn1cc(CN(C(=O)C2CNCC[C@]2(O)c2ccc(F)c(F)c2)C2CC2)c2c(F)cccc21,1,train
bfbf0ade66bfc0f4edcc90279ee04c70a1d70170,CON(C)C(=O)Cn1cc(CN(C(=O)C2CNCC[C@]2(O)c2ccc(F)c(F)c2)C2CC2)c2c(F)cccc21,1,train
315072646bd1b5d1f720d43dddaf9793ca1e8baa,O=C(C1CNCC[C@]1(O)c1ccc(F)c(F)c1)N(Cc1cn(Cc2ncco2)c2cccc(F)c12)C1CC1,1,test
b2edb59dce775709a388618cd79415b3df669072,O=C(C1CNCC[C@]1(O)c1ccc(F)c(F)c1)N(Cc1cn(Cc2ccon2)c2cccc(F)c12)C1CC1,1,train
7cbd6d7d79e1347ac06c77ffc6d705a2620f2151,Cc1cc(Cn2cc(CN(C(=O)C3CNCC[C@]3(O)c3ccc(F)c(F)c3)C3CC3)c3c(F)cccc32)no1,1,train
ed01b15e85b66dc5076806c4d0b46173f369a227,Cc1noc(Cn2cc(CN(C(=O)C3CNCC[C@]3(O)c3ccc(F)c(F)c3)C3CC3)c3c(F)cccc32)n1,1,val
46dc6f439e37616f2e68b689b3619ac5032085d4,O=C(C1CNCC[C@]1(O)c1ccc(F)c(F)c1)N(Cc1cn(Cc2cnoc2)c2cccc(F)c12)C1CC1,1,train
7b0c2f8c82ed01c44f32065b4f16aac725ee61a5,Cc1noc(C)c1Cn1cc(CN(C(=O)C2CNCC[C@]2(O)c2ccc(F)c(F)c2)C2CC2)c2c(F)cccc21,1,train
c687bf00d155160452f8b351a4cbd51634f708f9,Cn1ncnc1Cn1cc(CN(C(=O)C2CNCC[C@]2(O)c2ccc(F)c(F)c2)C2CC2)c2c(F)cccc21,1,train
b15d104963f2eaba49db98244fd2b06737cd88e7,O=C(C1CNCC[C@]1(O)c1ccc(F)c(F)c1)N(Cc1cn(Cc2ccccc2)c2cccc(F)c12)C1CC1,1,train
9905cc2d27aae61844672bbdf277e6e327a63f0b,O=C(C1CNCC[C@]1(O)c1ccc(F)c(F)c1)N(Cc1cn(Cc2ccccc2OC(F)F)c2cccc(F)c12)C1CC1,1,train
cd6a294f2c011aed27d09a605d37d04515c70795,O=C(C1CNCC[C@]1(O)c1ccc(F)c(F)c1)N(Cc1cn(Cc2cccc(OC(F)F)c2)c2cccc(F)c12)C1CC1,1,train
904d0ae8201b671a4efc0e64b890f613bc4e66e8,O=C(C1CNCC[C@]1(O)c1ccc(F)c(F)c1)N(Cc1cn(Cc2ccc(OC(F)F)cc2)c2cccc(F)c12)C1CC1,1,train
e4ee95fcf794ef94a2d33cf1001c38cc6313a8f4,O=C(C1CNCC[C@]1(O)c1ccc(F)c(F)c1)N(Cc1cn(Cc2cccc(F)c2)c2cccc(F)c12)C1CC1,1,train
11fca193b10348a7c036b8234f09b9d23c06a42d,O=C(C1CNCC[C@]1(O)c1ccc(F)c(F)c1)N(Cc1cn(Cc2ccc(F)c(F)c2)c2cccc(F)c12)C1CC1,1,train
4ab9455152c6e4cc2a1e3619fd0eb8a75eb34393,O=C(C1CNCC[C@]1(O)c1ccc(F)c(F)c1)N(Cc1cn(Cc2cccnc2)c2cccc(F)c12)C1CC1,1,train
7e0e58689165b899c2ddef476e9c03d88ae85a48,O=C(C1CNCC[C@]1(O)c1ccc(F)c(F)c1)N(Cc1cn(Cc2ccncc2)c2cccc(F)c12)C1CC1,1,train
22b6a8da9b576e08d6aeb3335b4f71d26e6ed937,Cc1ccc(Cn2cc(CN(C(=O)C3CNCC[C@]3(O)c3ccc(F)c(F)c3)C3CC3)c3c(F)cccc32)cn1,1,train
c98fc0c9b2db6eddd7833d2295ed6e408d55f5c4,Cc1cc(Cn2cc(CN(C(=O)C3CNCC[C@]3(O)c3ccc(F)c(F)c3)C3CC3)c3c(F)cccc32)ccn1,1,train
c9d5fe643178cae91655a380b086635ed528f4f6,O=C(C1CNCC[C@]1(OCC(O)CO)c1ccc(F)c(F)c1)N(Cc1cn(Cc2cccc(F)c2)c2cccc(F)c12)C1CC1,1,train
b2e7d8b21e1aa38db2096ce59ecfa37b26e08743,O=C(CCc1ccccc1)c1ccccc1OCC(O)CN1CCC(c2ccccc2)CC1,1,val
6ea66193ec20b3891a7a3124908cf2f27641990c,Cc1ccc(N2CCN(CC(O)COc3ccccc3C(=O)CCc3ccccc3)CC2)cc1,1,test
3b249c9d71d1c2b77d55bf8b997e7007584ba868,O=C(CCc1ccccc1)c1ccccc1OCC(O)CN1CCN(C(c2ccccc2)c2ccccc2)CC1,1,train
24f789076822b93d66692c28a35554044e757566,O=C(CCc1ccccc1)c1cc(F)ccc1OCC(O)CN1CCN(C(c2ccccc2)c2ccccc2)CC1,1,train
d2e61a4682987e5cb82e194c8ef6f4d7f361186b,CC(C)(C)c1cc(C(=O)Nc2nc(CN)cs2)n(Cc2ccccc2)n1,1,val
24d9af2dc6a0690b3b6f638c28d825271acb3dfa,COc1ccc2ccc(=O)n(CCN3CCC(NCc4cc5c(cn4)OCCO5)CC3)c2n1,0,test
2ce2f2fd0e47a5f5eed9c65dd917bb2137902a94,COc1ncc2ncc(=O)n(CCN3CCC(NCc4cc5c(cn4)OCCO5)CC3)c2n1,0,train
10a93e5f0fc0ac44b1fd4e5dd968114c2480f102,COc1ccc2ncc(=O)n(CCN3CCC(NCc4cc5c(cn4)OCCO5)CC3)c2n1,0,train
24ab9a168381ce560e980db07019cd4d6201389c,COc1ccc2ncc(=O)n(CCN3CCC(NCc4cc5c(cn4)OCCO5)CC3)c2c1,0,train
e73a26ec1abae7cde1b7ecfd4e36a84a447319a6,COc1ccc2c(C)cc(=O)n(CCN3CCC(NCc4cc5c(cn4)OCCO5)CC3)c2c1,0,train
b4f08f5778bc261f66a40505f403e7a7bb31ad41,COc1ccc2ccc(=O)n(CCN3CCC(NCc4cc5c(cn4)OCCO5)CC3)c2c1,0,train
25552907120a9c9f803d555e7ffa37a82d8574fb,COc1ccc2c(c1)N(CCN1CCC(NCc3ccc4c(n3)NC(=O)CO4)CC1)C(=O)OC2,0,val
9a1d5143a57e522c5a1e941c03979b6202b98bff,COc1ccc2c(c1)N(CCN1CCC(NCc3ccc4c(n3)NC(=O)CO4)CC1)C(=O)CC2,0,train
214af72c46575fced1301d764de573bba0975657,COc1ccc2c(c1)N(CCN1CCC(NCc3cc4c(cn3)OCCO4)CC1)C(=O)CS2,1,val
9aa2753531d7b833e7d413455c8bb4240b921caf,N#Cc1ccc2c(c1)N(CCN1CCC(NCc3ccc4c(n3)NC(=O)CO4)CC1)C(=O)CO2,0,train
0e5365144fcad738be1472e88f7920b125d44975,O=C1COc2ccccc2N1CCN1CCC(NCc2cc3c(cn2)OCCO3)CC1,0,train
06f59659bbe6c2f715447cc358e4d53a8e34d923,COc1ccc2c(c1)N(CCN1CCC(NCc3cc4c(cn3)OCCO4)CC1)C(=O)CO2,0,train
c8fb46881eecaf9de07f40c85a9c9550eb06b2c0,COc1ccc2ncc(F)c(CCN3CCC(NCc4ccc5c(n4)NC(=O)CO5)CC3)c2n1,1,val
e6b1b7f1c08aa74f645a4b3455d70ea369d78fba,COc1ccc2ncc(F)c(CCN3CCC(NCc4cc5c(cn4)OCCO5)CC3)c2n1,1,train
7f6451940e20fe9b1431f945a587cf15c2536d23,O=C(NCCN1CCCCC1)c1ccc(Oc2ncc(Cl)cc2NS(=O)(=O)c2ccc(Cl)c(C(F)(F)F)c2)cc1,1,test
4c3c81085daec633ed0312a818c4a2bf61116b3e,COc1cc(C(=O)NCCN2CCCC2)ccc1Oc1ccc(Cl)cc1NS(=O)(=O)c1ccc(Cl)c(C(F)(F)F)c1,0,test
7c5b3aa73757890b60a447ae2dc114940b3d5195,COCCCc1cc(CN(C(=O)C2CNCC[C@]2(O)c2ccc(F)c(F)c2)C2CC2)cc(OCCOC)c1,1,train
87fee8f3046d22ed6519255c039603d9dffd1957,COCCCc1cc(CN(C(=O)C2CNCC[C@]2(O)c2ccccc2)C2CC2)cc(OCCOC)c1,1,train
777cdf0e60ec8a1fad79d9727a33f72d31df5773,COCCCc1cc(CN(C(=O)C2CNCC[C@@]23OCc2ccccc23)C2CC2)cc(OCCOC)c1,0,train
0a8252923e050696c37b1af298345834d7dff43e,COCCCc1cc(CN(C(=O)C2CNCC[C@@]23OC(=O)c2ccccc23)C2CC2)cc(OCCOC)c1,0,train
9c3a8902ddcd15d43e896601dee4c275d6b35151,COCCCc1cc(CN(C(=O)C2CNCC[C@@]23OCCc2ccccc23)C2CC2)cc(OCCOC)c1,0,test
92a09f95456721c06e8eacedfdb217ced95ab9bc,COCCCc1cc(CN(C(=O)C2CNCC[C@@]23OC=Cc2ccccc23)C2CC2)cc(OCCOC)c1,1,train
a9b2b55c4c5293a4e95ca4956870683a3a9c9544,COCCCc1cc(CN(C(=O)C2CNCC[C@@]23OC(=O)Cc2ccccc23)C2CC2)cc(OCCOC)c1,0,train
b510d04a5efe73de1334acee9ea207b54ee290db,COCCCc1cc(CN(C(=O)C2CNCC[C@@]23OCc2cc(F)c(F)cc23)C2CC2)cc(OCCOC)c1,0,train
5c7f3a9dc37a9153d48b80503faf6730593e490a,O=C(C1CNCC[C@@]12OCc1cc(F)c(F)cc12)N(Cc1ccccc1Cl)C1CC1,0,train
a6705d32d7b027edb7da1ba876d94bc12662b674,O=C(C1CNCC[C@@]12OCc1cc(F)c(F)cc12)N(Cc1cccc(Cl)c1Cl)C1CC1,0,train
a986de6317709d919bda01f854871457f2b22d5a,O=C(C1CNCC[C@@]12OCc1cc(F)c(F)cc12)N(Cc1ccc(Cl)cc1Cl)C1CC1,1,train
5ec7684ab70ce8c02bff4a08ca885db141d40c8b,O=C(C1CNCC[C@@]12OCc1cc(F)c(F)cc12)N(Cc1cc(Cl)ccc1Cl)C1CC1,1,train
f954704535bd851ac5eb02589e0084349b825bd9,Cc1cccc(CN(C(=O)C2CNCC[C@@]23OCc2cc(F)c(F)cc23)C2CC2)c1C,0,train
e275215ffc614f1239e3ecfe4b6fa79a53cb7f07,Cc1c(CN(C(=O)C2CNCC[C@@]23OCc2cc(F)c(F)cc23)C2CC2)cccc1C(F)(F)F,1,train
f3ab20a74d0a3ca89a0803ed439ee5cfe53ab538,O=C(C1CNCC[C@@]12OCc1cc(F)c(F)cc12)N(Cc1cccc(C(F)(F)F)c1Cl)C1CC1,0,train
955ce1d4be6a1eb0dbbb27e1c87a5a8dd314ab7f,COCCCc1cc(C)c(C)c(CN(C(=O)C2CNCC[C@@]23OCc2cc(F)c(F)cc23)C2CC2)c1,1,train
63718cbdcbfe78bb1e8b15e89ff6b51088e90647,O=C(C1CNCC[C@@]12OCc1cc(F)c(F)cc12)N(Cc1cccc2ccccc12)C1CC1,1,train
1f5fab1066ff0cf1c4861659f5ec338b14b5a40e,COCCCc1cc(CN(C(=O)C2CNCC[C@@]23OCc2cc(F)c(F)cc23)C2CC2)c2ccccc2c1,0,train
4f33c3927353f041d2bc7b3af0d286b2385a9dc1,COCCCc1cccc2cccc(CN(C(=O)C3CNCC[C@@]34OCc3cc(F)c(F)cc34)C3CC3)c12,1,train
9022e102b2be0c17c90b4d90dae7f2eea5a976e3,O=C(C1CNCC[C@@]12OCc1cc(F)c(F)cc12)N(Cc1ccnc2ccccc12)C1CC1,0,train
15eb5a41d9b7e13403349c4c477ac6c35838548c,O=C(C1CNCC[C@@]12OCc1cc(F)c(F)cc12)N(Cc1cccc2cccnc12)C1CC1,0,val
5ec8c7b392890d73d1318d871e03d84783e9b96c,O=C1O[C@@]2(CCNCC2C(=O)N(Cc2cccc(C(F)(F)F)c2Cl)C2CC2)c2cc(F)c(F)cc21,0,train
3ff1e13fb3ea607d08230a658d399d87e1664fc2,COCCCc1cc(CCCN2CCOCC2)c(Cl)c(CN(C(=O)C2CNCC[C@@]23OCc2cc(F)c(F)cc23)C2CC2)c1,0,val
14f3550c1a62f3bbd3c503a4393325bd77858451,CCN(CC)CCCc1cc(CCCOC)cc(CN(C(=O)C2CNCC[C@@]23OCc2cc(F)c(F)cc23)C2CC2)c1Cl,0,train
770014746e5b5f46c5c246abc69a0a7ce3edbe0e,COCCCc1cc(CCCCNS(C)(=O)=O)c(Cl)c(CN(C(=O)C2CNCC[C@@]23OCc2cc(F)c(F)cc23)C2CC2)c1,1,train
dda38ff7adced958eb86da1cff48f338306b830c,COCCCc1cc(CCCNS(C)(=O)=O)c(Cl)c(CN(C(=O)C2CNCC[C@@]23OCc2cc(F)c(F)cc23)C2CC2)c1,0,train
f6511ba9da554425bc69b30d7e6cbafeb40ab950,COCCCc1cc(CCCN2CCS(=O)(=O)CC2)c(Cl)c(CN(C(=O)C2CNCC[C@@]23OCc2cc(F)c(F)cc23)C2CC2)c1,1,val
c2dddc731cc8f738ef1063217863ecf14cfdb66d,COCCCc1cc(CCC(=O)N2CCOCC2)c(Cl)c(CN(C(=O)C2CNCC[C@@]23OCc2cc(F)c(F)cc23)C2CC2)c1,0,train
01e5188362aaa231b11f4aa603784db74d29e965,CCCCCC(Cc1ccc(C(=O)NCCC(=O)O)cc1)C(=O)c1cc2cc(Cl)ccc2n1-c1cccc(C(F)(F)F)c1,1,test
894673e35dad2b829acf9e73390b47fb1f0d15bc,COc1ccc2nccc(NC(=O)C3CCC(NCc4ccc5c(c4)OCCO5)CC3)c2c1,0,train
fb54b84e396e204ab1ef8d7af959209f399a1a35,COc1ccc2nccc(NC(=O)[C@]3(O)CC[C@@H](NCc4cc5c(cn4)OCCO5)CC3)c2n1,0,train
5ae41d72b0d36978946205f4a40b7510563d1514,COc1ccc2nccc(NC(=O)[C@]3(O)CC[C@@H](NCc4ccc5c(c4)OCCO5)CC3)c2n1,0,test
8406122f557117a4f60dd11ad4810b7bf12dd39d,COc1ccc2nccc(NC(=O)[C@]3(O)CC[C@@H](NCc4cnc5c(c4)OCCO5)CC3)c2n1,0,test
43a465924a08828d681ab14c84922cb44356c941,COc1ccc2nccc(NC(=O)C3CCC(NCc4cc5c(cn4)OCCO5)CC3)c2n1,0,train
078d9f967207239ff7141a50817c8aa2980f90e1,Cc1ccc2cccc(NC(=O)[C@]3(O)CC[C@@H](NCc4cc5c(cn4)OCCO5)CC3)c2n1,1,train
b28b73c44cf89a40d4212c58e2aa055e48cddc2b,COc1ccc(N(Cc2cnccc2C)C2CCN([C@H](C)CCNC(=O)c3c(C)cc(Cl)nc3C)CC2)cc1,1,test
7f10ebe7b8ecc6ba6a298a5e77c58a65893db041,COc1ccc2nccc([C@@H](O)CN3CCC(NCc4cc5c(cn4)OCCO5)CC3)c2n1,1,train
3c241b7f138cb061875801eeb1049f3349293a72,COc1ccc2ncc(F)c(CCN3CCC(NCc4cc5c(cn4)OCCO5)CC3)c2c1,1,train
4a435e66911439d126736ab370982789cc26345a,COc1ccc2ncc(Cl)c(CCN3CCC(NCc4cc5c(cn4)OCCO5)CC3)c2n1,1,train
b84af78353ed44dcc6e5852aa55ff6f20bd34301,COc1ccc2ncc(F)c([C@@H](O)CN3CCC(NCc4cc5c(cn4)OCCO5)CC3)c2n1,1,train
eba375a05956a423b9ec81fa841167da03ed62e4,COc1ccc2ncc(F)c(CCN3CC[C@H](NCc4cc5c(cn4)OCCO5)[C@H](O)C3)c2n1,1,train
7b76d3187245d0687e64b8322d03362230703564,COc1ccc2ncc(C#N)c(CCN3CCC(NCc4cc5c(cn4)OCS5)CC3)c2c1,1,val
70dc6e84d3222c0fc930eb5c9562e88bcc68655b,COc1ccc2nccc([C@@H](O)CN3CCC(NCc4ccc5c(c4)OCCO5)CC3)c2c1,0,train
45cb069eb735e463a57c39781e31298e078790f7,COc1ccc2ncc(C#N)c(CCN3CCC(NCc4cc5c(cn4)OCCO5)CC3)c2n1,1,train
2dbb5c92771b3226c4e042a9d0af91304880748d,COc1ccc2ncc(F)c([C@H](O)CN3CCC(NCc4cc5c(cn4)OCCO5)CC3)c2n1,0,train
b68b28ef73785ea874220d3fe455921d980a6fb3,COc1ccc2ncc(F)c(CCN3CC[C@@H](NCc4cc5c(cn4)OCCO5)[C@@H](O)C3)c2n1,1,train
98f7a707e389d41fa4a39968c3a4d4592d950f70,COc1ccc2ncc(F)c(CCN3CC[C@@H](NCc4cc5c(cn4)OCCO5)[C@H](O)C3)c2n1,0,train
20141d80eff7bba542df22b60af4edee99024b7a,O=S1(=O)CCC(Oc2ccc3c(c2)CCC2(CCN(C4CCC4)CC2)O3)CC1,1,train
f0dc8097e271b8a0e8ea3c28fa482fb1fe08e3d5,CN(C)C(=O)CN1CCCC(c2nc3ccccc3n2Cc2ccc(F)cc2)C1,1,train
2f56b93a800d974d093116b7b9ffb3a3be4c9de8,CN(C)C(=O)CN1CCCC(c2nc3ccccc3n2CCOc2ccccc2)C1,1,train
a226b626048da2fc5b7263d3703f110539a37ab4,Cc1ccc(Cn2c([C@H]3CNCCO3)nc3ccccc32)cc1,1,train
3c5cade9a40b124fbeda8314e4a9ca56c39b451e,Fc1ccc(Cn2c([C@H]3CNCCO3)nc3ccccc32)cc1,1,train
b3c3b33064c269e64f637a8dcefe487d149737fb,Cc1ccc(Cn2c(C3CNCCO3)nc3ccccc32)cc1C,1,train
30bd12a7088f67d3bfd6168a29c3e188890fdf41,Cc1ccc(Cn2c(C3CNCCS3)nc3ccccc32)cc1,1,train
b89a08055295072375aff2109ea99bf57045ef08,Fc1ccc(Cn2c([C@H]3CNCCS3)nc3ccccc32)cc1,1,train
56dc720156da8e910b41f81b4ab94a02e6352ec3,COc1ccc(Cn2c([C@H]3CNCCS3)nc3ccccc32)cc1,1,train
1e6cdf0eb038fa3561db93058fa32d5f6091a422,O=S(=O)(c1cccc(F)c1)c1ccc2c3c(oc2c1)C1(CCCOC1)NCC3,0,test
0108f5256239c9c27cc9995d371f9ad693b8a6b8,CC1(C)NCCc2c1oc1cc(S(=O)(=O)c3cccc(F)c3)ccc21,1,train
cdfa3952aa01ab80dc53a6371be5a46895f6ac35,O=S(=O)(c1cccc(F)c1)c1ccc2c3c(oc2c1)CNCC3,1,train
5dc9d4ac4ef12525593546fd998e075181e2ba86,CC(=O)N[C@@H]1CC2(CCN(Cc3ccc4c(c3)c3ccccc3n4C(N)=O)CC2)c2ccccc21,1,val
6c854d1f87c40a8ce601056e7859c3fb0bf0ad59,COCCS(=O)(=O)c1ccc(-c2ccc(CCN3CCC[C@H]3C)cc2)cc1,1,train
3c1fecd76e9a26fd2fe9853ab7984aa977fa894a,C[C@@H]1CCCN1CCc1ccc(-c2ccc(S(=O)(=O)CCO)cc2)cc1,1,train
fe848bdd5f6b4ec5080980ad875206c5721909fe,COCCCS(=O)(=O)c1ccc(-c2ccc(CCN3CCC[C@H]3C)cc2)cc1,0,train
48d4be8f6a811cc07c62abdac9b9fc6a4d2c1561,C[C@@H]1CCCN1CCc1ccc(-c2ccc(S(=O)(=O)CC3CCOCC3)cc2)cc1,1,test
2e3a2bf9415ebe40825905be88efbcc4afda9221,CC(=O)Nc1cccc(C2CCN(CCCn3nc(-c4ccc(F)c(F)c4)c4ccccc4c3=O)CC2)c1,0,test
3c6df3c5a477b3a53f677761ca4dece1440a6317,C[C@@H]1CCCN1CCCOc1ccc(C2=NNC(=O)C(C)(C)C2)cc1,0,val
ae86f9349c11d9982ce1ca20cd9bbd8628b6d4c6,CN(CCO)C(=O)c1ccc([C@H](c2cccc(NC(=O)C3CC3)c2)N2CCN(Cc3ccc(F)cc3)CC2)cc1,0,train
555fdd478a553293212e859a6cfc13b211b7b64b,CCN(CC)C(=O)c1ccc([C@H](c2cccc(NC(=O)C3CC3)c2)N2CCN(Cc3ccc(F)cc3)CC2)cc1,0,train
c1361e517037bc25ec8169be95e842bce89af43a,O=C(Nc1cccc([C@@H](c2ccc(C(=O)N3CCC3)cc2)N2CCN(Cc3ccc(F)cc3)CC2)c1)C1CC1,1,test
7a4b8447866df26147285e3e943d7097fde2d088,CCN(CC)C(=O)c1ccc([C@H](c2cccc(NC(=O)C3CC3)c2)N2CCN(Cc3ccccn3)CC2)cc1,0,val
3c3dfd2af5a9cf2076750fbf41ed3ca568c738f7,CCN(C)C(=O)c1ccc([C@H](c2cccc(NC(=O)C3CC3)c2)N2CCN(Cc3nc(C)cs3)CC2)cc1,0,test
f8908cdbba8af6ba75b1d0519e3c9544c6cc3959,CCN(C)C(=O)c1ccc([C@H](c2cccc(NC(=O)C3CC3)c2)N2CCN(CCCOC)CC2)cc1,0,test
0871db8453afb89ef2fcf9406ea236d481855320,CCN(C)C(=O)c1ccc([C@H](c2cccc(NC(=O)C3CCC3)c2)N2CCN(Cc3cccnc3)CC2)cc1,0,train
31f6c1658173ce148727fe58d47e053aea4b1622,CCN(CC)C(=O)c1ccc([C@H](c2cccc(NC(=O)OC)c2)N2CCN(Cc3cncs3)CC2)cc1,0,val
4b12bd697b8639a43c444d1cd81ea89eab56cbc0,CCN(CC)C(=O)c1ccc([C@H](c2cccc(NC(=O)OC)c2)N2CCN(Cc3cccnc3)CC2)cc1,0,test
6e9bde45567298204d0807fc9072752e5cbdca1f,CCOC(=O)Nc1ccccc1[C@@H](c1ccc(C(=O)N(CC)CC)cc1)N1CCN(Cc2cscn2)CC1,1,train
380a0dee6ab531a91a554bf5dea19130fe35515f,CCOC(=O)Nc1cccc([C@@H](c2ccc(C(=O)N(CC)CC)cc2)N2CCN(Cc3cscn3)CC2)c1,1,train
b4f5de0f620dd93db0ef3ff92f59ccd6367a94f6,CCOC(=O)Nc1ccc([C@@H](c2ccc(C(=O)N(CC)CC)cc2)N2CCN(Cc3cscn3)CC2)cc1,1,train
d57ff68d7fc0b81e3229e2e91407b280dca3f151,CCOC(=O)Nc1ccccc1[C@@H](c1ccc(C(=O)N(CC)CC)cc1)N1CCN(Cc2ccccn2)CC1,1,test
5de3a02fb3bc18a74512e3fc63e9b6912dcd33a6,CCN(C)C(=O)c1ccc([C@H](c2cccc(NC(=O)OC)c2)N2CCN(Cc3cscn3)CC2)cc1,0,train
07f6587182d89426b9aa81a471cb1b756b903cd8,CCOC(=O)Nc1cccc([C@@H](c2ccc(C(=O)N3CCC3)cc2)N2CCN(Cc3cccnc3)CC2)c1,0,train
dfef08e82cec30c34fa07bfc9363f03ffe2a9a47,CCN(C)C(=O)c1ccc([C@H](c2cccnc2)N2CCN(Cc3cscn3)CC2)cc1,0,test
ef4c3d16abcf78a27be5b2612fc09c1084555d9e,CCN(C)C(=O)c1ccc([C@H](c2cccnc2)N2CCN(Cc3ccccn3)CC2)cc1,0,train
2b0276e3296cc8cec51bcd0cf3029d844ad721b5,Cc1n[nH]c(=O)cc1-c1ccc(OC2CCN(C3CCC3)CC2)cc1,1,train
b967b99c8fa8f369078543a1702076b9f5732407,O=c1cc(-c2ccc(OC3CCN(C4CCC4)CC3)cc2)cn[nH]1,1,train
b9dd9cec2a85a95109a6c6c8791cb15b74ac2fc2,CCN(CC)C(=O)c1ccc(C(=C2CCN(Cc3ccc(F)cc3)CC2)c2ccccn2)cc1,1,train
01415a4142c2365d39e9129d98935f3f1a945760,CCN(CC)C(=O)c1ccc(C(=C2CCN(Cc3ccc(F)cc3)CC2)c2cccnc2)cc1,1,test
82002123952109000960891de24b64c71c1261e3,CCN(C)C(=O)c1ccc(C(=C2CCN(Cc3ccc(F)cc3)CC2)c2ccccc2NC(C)=O)cc1,0,train
6a6f5bd9ad6dc30ba5e150592e9a470abdba714e,CCN(CC)C(=O)c1ccc(C(=C2CCN(Cc3ccc(F)cc3)CC2)c2cccc(NC(C)=O)c2)cc1,1,train
82ad2384f2ce9abc0f4401dc8ffbbfdd437c782d,CCN(CC)C(=O)c1ccc(C(=C2CCN(Cc3ccc(F)cc3)CC2)c2ccc(NC(C)=O)cc2)cc1,1,train
4c01e4cd544f8141cb3bddd800b5594facfd3cf0,CCN(CC)C(=O)c1ccc(C(=C2CCN(Cc3ccc(F)cc3)CC2)c2ccccc2NC(=O)OC)cc1,1,train
ff9fc35a6691505c7ff7861a3389b68108b5d4d2,CCN(CC)C(=O)c1ccc(C(=C2CCN(Cc3ccc(F)cc3)CC2)c2cccc(NC(=O)OC)c2)cc1,1,train
e3ce03f3af9f224f3b5b626ac520aff43ec187f7,CCN(CC)C(=O)c1ccc(C(=C2CCN(Cc3ccc(F)cc3)CC2)c2ccc(NC(=O)OC)cc2)cc1,1,train
6441f247d74ea3bd100ce4cb49ca8e58ef3d8dee,CCN(CC)C(=O)c1ccc(C(=C2CCNCC2)c2cccc(F)c2)cc1,1,train
e17273f59fbe8422efa9c448e35bc224ac27ad49,CCN(CC)C(=O)c1ccc(C(=C2CCNCC2)c2ccccn2)cc1,0,val
0df67db05bab4362bfb04bfc13a2fa3f471f9da0,CCN(CC)C(=O)c1ccc(C(=C2CCN(Cc3cscn3)CC2)c2ccccn2)cc1,0,train
68de8bf2bdfc1185c5cb5d881bb61e6271a90810,CN(C)C(=O)c1ccc(C(=C2CCN(Cc3cscn3)CC2)c2ccccn2)cc1,0,train
a8a014bc7341a3c8ada1dcf64272c9ad95ec88da,C[N+](C)(CCCCNC(=O)Cc1ccc(OCc2ccccc2)cc1)CCNC(=O)c1nc(Cl)c(N)nc1N,1,test
c8607effd8c6f5acf7c8a9e681572f4f87a9e2b6,O=c1ccc(-c2ccc(OC3CCN(C4CCC4)CC3)cc2)n[nH]1,1,train
ec6a0523d3e1004673aed13eeae597ce12e7a7d4,O=c1ccc(-c2ccc(OC3CCN(C4CCC4)CC3)nc2)n[nH]1,1,train
f2fa52916866c15ab033878092a3cefbe7f8c44a,C[C@H]1CC(=O)NN=C1c1ccc(OC2CCN(C3CCC3)CC2)cc1,0,train
c1c1ed41c849271977ea051e0f7664b4e939b6b7,CC1(C)CC(c2ccc(OC3CCN(C4CCC4)CC3)cc2)=NNC1=O,0,train
19aa2a89ff1d348dc4b38409ce8bae6c67959fb9,COc1cc(/C=C2\CCCN3C2=NO[C@]3(CO)c2ccc(F)cc2)ccc1-n1cnc(C)c1,1,train
518235c450ed774824eb0ceeb6ebdf26be978a8c,COc1cc(/C=C2\CCCN3C2=NOC3(C)c2ccc(F)cc2)ccc1-n1cnc(C)c1,1,train
e66242d6b4ffbc938e7136fac2d3a134688b83d0,COc1cc(/C=C2\CCCN([C@@H](C)c3ccc(F)cc3)C2=O)ccc1-n1cnc(C)c1,1,test
116dd2350a5a0d720b9cb1bd7c8268c62985dd8d,COc1cc(/C=C2\CCCN3C2=NOC[C@@H]3c2cc(F)c(F)c(F)c2)ccc1-n1cnc(C)c1,1,train
15f43f8a3c5ab7538513e7b3bf1e8efb233ea31f,COc1c(Nc2ccc(S(C)(=O)=O)nc2C)ncnc1OC1CCN(C(=O)OC(C)C)CC1,0,train
3c80974ed3cab6d32df58e47ed579903fae60709,CCCOc1sc(C(=O)N2CCC(c3cccc(CN)c3)CC2)c(C)c1Br,1,train
20c4b15d50c36d11dd47527f4bb90b939317ad73,Cc1nn(C)c(C)c1NS(=O)(=O)c1c(Cl)cc(-c2ccnc(N3CCNCC3)c2)cc1Cl,0,train
3d9ac88a756e75ad8635b845c02102a2e6e27eaa,CCN(C(=O)Cc1ccc(S(C)(=O)=O)cc1)C1CCN(CC[C@H](c2ccc(S(C)(=O)=O)cc2)c2cc(F)cc(F)c2)CC1,1,train
9c8fa013f054f91797c7ccb826f5a1f03a3d8a03,CCN(C(=O)Cc1ccc(S(C)(=O)=O)cc1)C1CCN(CC[C@@H](c2ccccc2)C2CCN(S(C)(=O)=O)CC2)CC1,0,train
e9c8efa880184719d0a38c8b3a917f18abe64218,CCN(C(=O)Cc1ccc(S(C)(=O)=O)cc1)C1CCN(CC[C@@H](c2ccccc2)C2CCN(S(=O)(=O)C(F)(F)F)CC2)CC1,1,train
77f6cd773360d57fea11f70968e4b148915d802d,CCN(C(=O)Cc1ccc(S(C)(=O)=O)cc1)C1CCN(CC[C@@H](c2ccccc2)N2CCN(S(=O)(=O)C(F)(F)F)CC2)CC1,1,train
0e109fb8b78fbd1d0668c3849004f9c3142a0fe6,CCN(C(=O)Cc1ccc(S(C)(=O)=O)cc1)C1CCN(CC[C@@H](c2ccccc2)N2CCN(S(=O)(=O)CC(F)(F)F)CC2)CC1,1,train
90c83d9cc5f78ffefb452a41151bcf476ccaf175,CCN(C(=O)Cc1ccc(S(C)(=O)=O)cc1)C1CCN(CCC(c2ccccc2)N2CCN(c3ccccc3)CC2)CC1,0,train
3920cd6f5649609b82c9fb224d875f07c5d8dc97,CCN(C(=O)Cc1ccc(S(C)(=O)=O)cc1)C1CCN(CCC(c2ccccc2)N2CCN(c3cccc(F)c3)CC2)CC1,1,train
4631b9a8918f9a9db7108fed48bc40ec03f78ba4,CCN(C(=O)Cc1ccc(S(C)(=O)=O)cc1)C1CCN(CCC(c2ccccc2)N2CCN(S(C)(=O)=O)CC2)CC1,0,train
cfc713cffdb4c30f70fd64da734113c3e8790dac,CCN(C(=O)Cc1ccc(S(C)(=O)=O)cc1)C1CCN(CC[C@@H](c2cccc(OC)c2)C2CCN(S(C)(=O)=O)CC2)CC1,0,train
2c885a90bce5d95eeca3eddedbd53bd2dcef6658,CCN(C(=O)Cc1ccc(S(C)(=O)=O)cc1)C1CCN(CC[C@@H](c2cccc(F)c2)C2CCN(S(C)(=O)=O)CC2)CC1,0,train
ae14c4c9605d1fc24257d0d3c87ab8fa3c6f8db5,CCN(C(=O)Cc1ccc(S(C)(=O)=O)cc1)C1CCN(CC[C@@H](c2cc(F)cc(F)c2)C2CCN(S(C)(=O)=O)CC2)CC1,0,train
fe4132ff1f47a6bfa8d546069b6ec1e357a674e7,Cc1ccc([C@]2(O)CC[C@H](N3CC[C@@H](NC(=O)CNC(=O)c4cccc(C(F)(F)F)c4)C3)CC2)cc1,0,train
b3520cbf09abee8244e95e54e3f4ea252b89943f,COc1ccc([C@]2(O)CC[C@H](N3CC[C@@H](NC(=O)CNC(=O)c4cccc(C(F)(F)F)c4)C3)CC2)cn1,0,train
805032ac466f92a59ae564592b94570c28b8c4c3,CC#CCn1c(N2CCCNCC2)c(C#N)c2c1c(=O)n(Cc1nccc3ccccc13)c(=O)n2C,1,train
074f55265afa7cbab68a0aa23ad77cde73cdebbc,COc1cccc(C(=O)Cn2c(=O)c3c(c(C#N)c(N4CCC[C@H](N)C4)n3Cc3ccccc3)n(C)c2=O)c1,1,train
b42e8b1a0ab9696f33798a0d3cfd9fa1e8495223,Cn1c(=O)n(Cc2nccc3ccccc23)c(=O)c2c1c(C#N)c(N1CCC[C@H](N)C1)n2Cc1ccccc1,1,train
671feaa75da8f44052b30daf5b12c4117f64c81a,COc1cccc(C(=O)Cn2c(=O)c3c(c(C#N)c(N4CCC[C@H](N)C4)n3CC=C(C)C)n(C)c2=O)c1,1,train
4bc3ada81e1924fd3881bba8b876251822837a60,Cn1c(=O)c2c(c(C#N)c(N3CCC[C@H](N)C3)n2Cc2ccccc2)n(C)c1=O,1,train
601956ac6154d8ddde11bcc0143342a4ae86d717,CC(C)=CCn1c(N2CCC[C@H](N)C2)c(C#N)c2c1c(=O)n(Cc1nccc3ccccc13)c(=O)n2C,1,train
b91b2be7776c4e38bb9339a5bb0c87e43c936e5a,CC(C)=CCn1c(N2CCC[C@H](N)C2)c(C#N)c2c1c(=O)n(Cc1cnc3ccccc3n1)c(=O)n2C,1,train
ee3d49ec660da071d35cdcdc5cbf95d66183704b,CC(C)=CCn1c(N2CCC[C@H](N)C2)c(C#N)c2c1c(=O)n(Cc1nc(C)c3ccccc3n1)c(=O)n2C,1,train
a1980db27b341c8cacc860564bb706634abce415,CC(C)=CCn1c(N2CCC[C@H](N)C2)c(C#N)c2c1c(=O)n(Cc1ncccc1C#N)c(=O)n2C,0,train
f44bbdff361e3b25ef532a64025881a7f7eb6f3c,CC#CCn1c(N2CCC[C@H](N)C2)c(C#N)c2c1c(=O)n(Cc1nccc3ccccc13)c(=O)n2C,0,train
48832b16fdb12c36589581bd8ee6ae35d2d7a9b3,CC#CCn1c(N2CCC[C@H](N)C2)c(C#N)c2c1c(=O)n(CC(=O)c1cccc(OC)c1)c(=O)n2C,1,train
cca6882c77492004eb4366b92bd1b746a6ad9de6,CC#CCn1c(N2CCC[C@@H](N)C2)c(C#N)c2c1c(=O)n(Cc1nc(C)c3ccccc3n1)c(=O)n2C,0,train
1708737abd6d748df8570faa71d7cae64b774391,COc1cccc(C(=O)Cn2c(=O)c3c(c(C#N)c(N4CCCNCC4)n3CC=C(C)C)n(C)c2=O)c1,1,val
35cd0c91b3a0b5dad9866f38548d562648388fbd,CC(C)=CCn1c(N2CCCNCC2)c(C#N)c2c1c(=O)n(Cc1nccc3ccccc13)c(=O)n2C,1,train
15f17243ca1beee1016fa968c10cf2e1f497c016,CC(C)=CCn1c(N2CCCNCC2)c(C#N)c2c1c(=O)n(Cc1cn3ccccc3n1)c(=O)n2C,1,test
e639ca6767897d6f89ee0ece510e63ec03a99930,CC(C)=CCn1c(N2CCCNCC2)c(C#N)c2c1c(=O)n(Cc1nc(C)c3ccccc3n1)c(=O)n2C,1,train
dee4107985b0834845852d87f046016a3144618c,CC(C)=CCn1c(N2CCCNCC2)c(C#N)c2c1c(=O)n(Cc1ncc3ccccc3c1C#N)c(=O)n2C,1,train
ce86386b96f6af0094d75c7bd7b524116acbe82a,CC(C)=CCn1c(N2CCCNCC2)c(C#N)c2c1c(=O)n(Cc1c(C#N)cnc3ccccc13)c(=O)n2C,1,train
3e752c4a582aea517efff6e4332556f8f6df1939,CC#CCn1c(N2CCCNCC2)c(C#N)c2c1c(=O)n(Cc1nc(C)c3ccccc3n1)c(=O)n2C,0,train
c917a54d7d45506111b33021f57074b6509e59c5,CC#CCn1c(N2CCCNCC2)c(C#N)c2c1c(=O)n(Cc1c(C#N)cnc3ccccc13)c(=O)n2C,1,train
2f489ad1a5dd5b5274b3dbebbe8f8662f7de56d0,CC#CCn1c(N2CCCNCC2)c(C#N)c2c1c(=O)n(Cc1ncc3ccccc3c1C#N)c(=O)n2C,0,train
b71c5dd1adba879ff02284b42b52a3fab681e49a,CCN(C(=O)Cc1ccc(S(C)(=O)=O)cc1)C1CCN(CC[C@@H](c2cc(F)cc(Cl)c2)C2CCN(S(C)(=O)=O)CC2)CC1,0,train
01df58d7e4645204f12a4a0eaac168a5fa49e299,CCN(C(=O)Cc1ccc(S(C)(=O)=O)cc1)C1CCN(CC[C@@H](c2cc(C)cc(C)c2)C2CCN(S(C)(=O)=O)CC2)CC1,1,train
5fcb37edef5b93236f49f281126c08f0a07f982a,CCN(C(=O)Cc1ccc(S(C)(=O)=O)cc1)C1CCN(CC[C@@H](c2cccc(Cl)c2)C2CCN(S(C)(=O)=O)CC2)CC1,1,train
101e42c18b8971283947d7cca06c5c9187679280,CCN(C(=O)Cc1ccc(S(C)(=O)=O)cc1)C1CCN(CC[C@@H](c2cccc(C(F)(F)F)c2)C2CCN(S(C)(=O)=O)CC2)CC1,1,train
d1264666bdf4e751dc624c31ec51d639d247efe3,CCN(C(=O)Cc1ccc(S(C)(=O)=O)cc1)C1CCN(CC[C@@H](c2cc(Cl)cc(Cl)c2)C2CCN(S(C)(=O)=O)CC2)CC1,1,train
e0e632612b0c97f981f3e703e485177a01f110ee,FC(F)(F)Oc1cccc(-n2nnc3ccc(NCC4CCNCC4)nc32)c1,1,train
e0754f5a7d9ec09944da5dab6a2b7e9dc5e42472,CN1CCC(CNc2ccc3ncc(-c4cccc(OC(F)(F)F)c4)n3n2)CC1,1,train
3baa2cbebb9f5e73c2af9eedde663d680fdabdde,COc1cc(NCC2CCNCC2)nc2c1nnn2-c1cccc(OC(F)(F)F)c1,1,train
9f339805306450bf00a50cfb1cec71c1b0796551,COc1cc(NCC2CCNCC2)nc2c1nnn2-c1cccc(N(C)C)c1,0,train
72e7d63d0385222db934b5ea21e7c75811909808,FC(F)(F)Oc1cccc(-n2nnc3cc(Cl)c(NCC4CCNCC4)nc32)c1,1,train
84a0048fc33008ef5fc1fb708886830dc640780f,CC(C)=CCn1c(N2CCC[C@H](N)C2)c(C#N)c2ncn(Cc3ccnc4ccccc34)c(=O)c21,1,train
af630b55fa0864835940aa28f2b58e77a7dd6c23,O=C(N1CCCCC1)N1CC(O[C@@H](c2ccc(Cl)cc2)c2cccnc2Cl)C1,0,val
3d1ff8901ad54efbe26b8d34fde7dae3e93aaded,O=S1(=O)c2ccccc2-c2ccc(N3CCN4CCC3CC4)cc21,1,train
67e1aa7bc3fdc0a485f29814f53bf117c95e6945,CN1CC2CN(c3ccc4oc5ccccc5c(=O)c4c3)CC2C1,1,val
9220b8775ff0fb2815693ef6c576716af9de615e,CCCS(=O)(=O)n1c2c(c3cc(C(=O)N4CCC(C)CC4)ccc31)CN(C1CCOCC1)CC2,1,train
a86c7e5fde6460b5e9489d4f072102056e21ba1c,CCS(=O)(=O)n1c2c(c3cc(C(=O)N4CCC(C)CC4)ccc31)CN(C1CCOCC1)CC2,1,train
b9222cb51e27c84dc12f9e901f178113aa411a96,CCCS(=O)(=O)n1c2c(c3cc(C(=O)N4CCC(C)CC4)ccc31)CN(C1CCOC1)CC2,0,train
15cce44320741e9f4345a7471a56bf4f47f0d234,CCS(=O)(=O)n1c2c(c3cc(C(=O)N4CCC(C)CC4)ccc31)CN(C1CCOC1)CC2,0,train
faac2acebb89437c4147021410776bcc542339d8,CC1CCN(C(=O)c2ccc3c(c2)c2c(n3C)CCN(C3CCOCC3)C2)CC1,1,train
e5cef8d36966728786fb63909c27e94de694b438,Cn1c2c(c3cc(C(=O)N4CCCCC4)ccc31)CN(C1CCOCC1)CC2,0,train
1f353b05d2fa8355183a976f8eb374df20ade25e,COc1cc(OC(C)C)cc(S(=O)(=O)c2ccc3c(c2)O[C@H]2CNCC[C@@H]32)c1,1,test
41314f2a3e20cc379a9dfb67c8cdb75ca46a4125,CS(=O)(=O)N1CCN(Cc2cn3cc(-c4cccc5[nH]ncc45)nc(N4CCOCC4)c3n2)CC1,0,val
26725ba566e1511cb6c5fdcae98c0a46b80c2475,CC(=O)NCCc1ccccc1-c1ccc([C@H]2CNCC[C@@H]2c2ccc(F)c(F)c2)c(Cl)c1,1,train
10aead7ea9875f5ae7f1c1ede4e3742e77a31c8e,CC(=O)NCCc1ccccc1-c1ccc([C@H]2CNCC[C@@H]2c2cccnc2)c(Cl)c1,1,val
77536ae6dcb0a1ba4b11d5d9ff50cbce075c4f16,CC(=O)NCCc1ccccc1-c1ccc([C@H]2CNCC[C@@H]2c2ccn(C)c(=O)c2)c(Cl)c1,1,train
3b6dd1fce5d27b670f8ac88d9babf35f4f532c58,CCC(=O)NCCc1ccccc1-c1ccc([C@H]2CNCC[C@@H]2c2ccn(C)c(=O)c2)c(Cl)c1,1,train
e9c05f45935f4e4e8d82d1e359f3e6e6ab063b72,COC(=O)NCCc1ccccc1-c1ccc([C@H]2CNCC[C@@H]2c2ccn(C)c(=O)c2)c(Cl)c1,0,train
b1050f6957deafeb0e18c4fad9e4848cd0868932,CCOC(=O)NCCc1ccccc1-c1ccc([C@H]2CNCC[C@@H]2c2ccn(C)c(=O)c2)c(Cl)c1,1,train
0db63de0cc950d5b7343e85eb64d4317744badcd,CC(=O)NCCc1ccccc1-c1ccc([C@H]2CNCC[C@]2(O)c2ccc(F)c(F)c2)c(C)c1,1,train
0f6a4d62129f5a1a3fe53f4e88f20afae97daa91,CC(=O)NCCc1ccccc1-c1ccc([C@H]2CNCC[C@@]23OC(=O)c2cc(F)c(F)cc23)c(C)c1,0,train
d48b71bbad7472d60ac31fb152c938bd4ce42275,CC(=O)NCCc1ccccc1-c1ccc([C@H]2CNCC[C@@]23OCc2cc(F)c(F)cc23)c(C)c1,1,train
83072a178f901ca638d88a6781a946e5578e343a,COCC(F)(F)COCc1ccc([C@@]2(O)CCNC[C@@H]2c2ccc(-c3ccccc3CCNC(C)=O)cc2C)cc1,1,train
84d1713e7ac9ab8e7d80b028a109e59e96676ef7,COC[C@H](C)COCc1ccc([C@@]2(O)CCNC[C@@H]2c2ccc(-c3ccccc3CCNC(C)=O)cc2C)cc1,1,train
637679562b622db5d3e779df2b670d634e37618d,CC(=O)NCCc1ccccc1-c1ccc([C@@H](CN)Cc2ccc(OCCOc3c(Cl)cc(C)cc3Cl)cc2)c(C)c1,1,train
7d16c9107d24f54369ebd6e6ee53c4414ba8055f,O=C(c1cccn2ccnc12)N1CCN(CCc2ccc(F)cc2F)CC1,1,train
d99020308336706599dd705cae98fdced782ce60,CN[C@H]1CC[C@@H](N2CCc3ccc(N=C(N)c4cccs4)cc32)CC1,0,val
ef3c38b38012448a46f51d8569e3032b3a03b6a4,CN1CCC[C@H]1CCN1CCCc2cc(N=C(N)c3cccs3)ccc21,1,train
1b4d4ceff712d811a6e794d856b1975b87aa8654,Cc1nc2ccc(Oc3ccc(F)cc3)cc2c(=O)n1C[C@H]1CCCN(C(C)C)C1,1,test
dabc6b8a1785a3bd18ba9f6184639c191cf6a32d,Cc1nc2ncc(Oc3ccc(F)cc3)cc2c(=O)n1C[C@H]1CCCN(C(C)C)C1,1,train
d95ee7b807fba7adc00aaa08b0b6dc995f826fd1,Cc1nc2ccc(Oc3ccc(F)cc3)nc2c(=O)n1C[C@H]1CCCN(C(C)C)C1,1,train
21f810d09805c7641bd6693ce1d8d2fb5671e9e8,Cc1nc2ccc(Oc3ccc(Cl)cc3F)nc2c(=O)n1C[C@H]1CCCN(C(C)C)C1,1,train
8e78784d423cd0e66e38c846f7f0e7adbb00bc1b,COc1ccc2cccc(Oc3ccc4nc(C)n(C[C@H]5CCCN(C(C)C)C5)c(=O)c4n3)c2n1,0,train
886a7a708a065907f009a1591d74ceb7e6f60b3a,Cc1nc2cnc(Oc3ccc(F)cc3)cc2c(=O)n1C[C@H]1CCCN(C(C)C)C1,1,train
1ea695b3590126e605ec9551c670d60417e72f2b,Cc1nc2cnc(Oc3ccc(Cl)cc3F)cc2c(=O)n1C[C@H]1CCCN(C(C)C)C1,1,train
c5c4a5575115918a0835d2fd4058b5718e4d55fd,Cc1nc2cnc(Oc3ccc4ncsc4c3)cc2c(=O)n1C[C@H]1CCCN(C(C)C)C1,1,val
312e51fa2c16ae440c8d16ac1c520bfa3c0040a9,Cc1nc2cnc(Oc3ccc(F)c4cccnc34)cc2c(=O)n1C[C@H]1CCCN(C(C)C)C1,1,train
35af296d01416356094636ea2f0b265ac0e803da,Cc1nc2ncc(Oc3ccc(F)cc3)nc2c(=O)n1C[C@H]1CCCN(C(C)C)C1,0,train
06d205efba9bff75b05f446f0edc6576b168c735,Cc1nc2cnc(Oc3cccc4cccnc34)cc2c(=O)n1C[C@H]1CCCN(C(C)C)C1,0,train
5d5e7d907e2a6d2205109ed72a92ff9c9b4e56a6,Cc1nc2ncc(Oc3ccc(Cl)cc3F)nc2c(=O)n1C[C@H]1CCCN(C(C)C)C1,0,train
4000fc3cc01de8afe8c7b845e1310f8f10c42fc3,Cc1nc2ncc(Oc3ccc(F)c4cccnc34)nc2c(=O)n1C[C@H]1CCCN(C(C)C)C1,0,test
5f258fc6af99a0a4a9e3413eff92969174634219,Cc1nc2ccc(Oc3ccc(F)c4cccnc34)nc2c(=O)n1C[C@H]1CCCN(C(C)C)C1,1,train
3e8c4c726d65c9f9918086a792f9719496d6c8a7,Cc1nc2ncc(Oc3ccc(Br)cc3F)cc2c(=O)n1C[C@H]1CCCN(C(C)C)C1,1,train
b08f41590741521357290c68d4ab4094d2aaf132,Cc1nc2ccc(Oc3ccc4c(c3)OCO4)nc2c(=O)n1C[C@H]1CCCN(C(C)C)C1,0,test
f55be2519ae6d07f20b4a710919fbf7023fce687,Nc1ncnc(Nc2ccc(Oc3ccc(Cl)cc3)cc2)n1,1,val
347cd8bba32cd177ff7fe78d63f7c98093062ddb,Nc1ccnc(Nc2ccc(Oc3ccc(Cl)cc3)cc2)n1,1,train
8117d1590073e30fc02652581895bda09813952c,Nc1nccc(Nc2ccc(Oc3ccc(Cl)cc3)cc2)n1,1,train
1aaddccd6d8fae577e52b625712122f27bb59cc1,Nc1cncc(Nc2ccc(Oc3ccc(Cl)cc3)cc2)c1,1,test
b579db24791ab87771d3c0a25155bfaa3cbda6b1,Nc1ccnc(Nc2ccc(Oc3ccc(Cl)cc3)cc2)c1,1,val
94e38c6b7786c792a39ade50b8f6d402c209165b,Nc1cncc(Nc2ccc(Oc3ccc(Cl)cc3)cc2)n1,1,train
69e8fd025337ab96368845c36d3aa4b92182b51f,CN(c1ccc(Cl)cc1)c1ccc(Nc2nccc(N)n2)cc1,1,train
4556c853a89a78d48abe65612b8dfb7f339bb0cc,Nc1ccnc(Nc2ccc(Oc3ccccc3Cl)cc2)n1,1,train
2d839b2bd40ed49598bdec1a7dfacfe1d6038bde,Nc1ccnc(Nc2ccc(Oc3ccc(F)cc3)cc2)n1,1,train
eee20687be1c450c0700ac60b2e4d8037e14d6af,Cc1ccc(Oc2ccc(Nc3nccc(N)n3)cc2)cc1,1,train
a85f68ecd249af65394b8178a147f53c16797c77,Nc1ccnc(Nc2ccc(Oc3ccc(C4CC4)cc3)cc2)n1,1,train
a9813ecf8f26bf444e7008deed08b2218d9e3183,N#Cc1ccc(Oc2ccc(Nc3nccc(N)n3)cc2)cc1,1,train
9d44fd62f2e8233ca86ec62609de9cb27c0ae51d,Nc1ccnc(Nc2ccc(Oc3ccc(C(F)(F)F)cc3)cc2)n1,1,train
e9563a73184039df15a83bf668cd222e497bf3d6,Nc1ccnc(Nc2ccc(Oc3ccc(OC(F)(F)F)cc3)cc2)n1,1,train
c4c07e1ba0ab84d2cc3f2dd31be4c355f9c658a3,Nc1cncc(Nc2ccc(Oc3ccc(F)cc3)cc2)n1,1,train
2ee275a64e7a32400145aca62e36a1dee20ce579,Cc1ccc(Oc2ccc(Nc3cncc(N)n3)cc2)cc1,1,train
4539bc9f510d124835c344b42365a5e987f75be0,Nc1cncc(Nc2ccc(Oc3ccc(C(F)(F)F)cc3)cc2)n1,1,train
0cad265d7bbd470c2032a8b5dfcb183b0c83132d,Nc1cncc(Nc2ccc(Oc3ccc(OC(F)(F)F)cc3)cc2)n1,1,train
6c9747b910136ebe4175ab0f8498f5b826ea60a8,Cc1c(C)n(Cc2ccccc2)c2ncnc(OC3CCN(Cc4cscn4)CC3)c12,1,train
3b5a348323f27da81314d5a71909ecb98e896984,Cc1cn(Cc2ccccc2)c2ncnc(OC3CCN(Cc4cscn4)CC3)c12,1,train
c1a240fe2755f22c092d3a6db98e0842623bc4bb,Fc1cn(Cc2ccccc2)c2ncnc(OC3CCN(Cc4cscn4)CC3)c12,1,train
68a2704decbd59252fa8089ea99abf1eb08c8031,Clc1cn(Cc2ccccc2)c2ncnc(OC3CCN(Cc4cscn4)CC3)c12,1,train
c85e6b87529e0062c9b8ba4db7a946fb29d58739,FC(F)(F)c1nc(OC2CCN(Cc3cscn3)CC2)c2ccn(Cc3ccccc3)c2n1,1,train
474af250bc4ed3e1307e750569e2de8267c1ea63,Fc1ccccc1Cn1ccc2c(OC3CCN(Cc4cscn4)CC3)ncnc21,1,train
e6b2ee2eb4526799a187b1c4541573a647071c02,Fc1cccc(Cn2ccc3c(OC4CCN(Cc5cscn5)CC4)ncnc32)c1,1,train
bf60fb5f97dd68af1f8177e90c269a2dde1558dd,Clc1cccc(Cn2ccc3c(OC4CCN(Cc5cscn5)CC4)ncnc32)c1,1,train
85a1f3d654523cce7ea51ea991f3f341b21d7036,Cc1ccccc1Cn1ccc2c(OC3CCN(Cc4cscn4)CC3)ncnc21,1,train
9f86918c71578399a989274e5ee363ffe0bb0fcf,Cc1cccc(Cn2ccc3c(OC4CCN(Cc5cscn5)CC4)ncnc32)c1,1,train
41c72f303d20fed68ea3d2b8714a0695e49bb7c2,Cc1ccc(Cn2ccc3c(OC4CCN(Cc5cscn5)CC4)ncnc32)cc1,1,train
b1d9b4758c65b271cc8854768f0482e0e5fb3129,FC(F)(F)c1ccccc1Cn1ccc2c(OC3CCN(Cc4cscn4)CC3)ncnc21,1,train
b25a3fc4654248781c0432dc8670d72d657645a0,FC(F)(F)c1cccc(Cn2ccc3c(OC4CCN(Cc5cscn5)CC4)ncnc32)c1,1,train
4950ffa3e7a688881959b276b6f654a1b31602c5,Fc1cccc(Cn2ccc3c(OC4CCN(Cc5cscn5)CC4)ncnc32)c1F,1,train
eff9398b314b1080f9b1063c416a3e4bb255d617,Fc1c(Cl)cccc1Cn1ccc2c(OC3CCN(Cc4cscn4)CC3)ncnc21,1,train
11cf47a5f077800f4d66926cebea621bc42ea9ba,Fc1c(Cn2ccc3c(OC4CCN(Cc5cscn5)CC4)ncnc32)cccc1C(F)(F)F,1,train
e0f52a7c65b091f58107882f3cd2433864131f7c,Fc1cccc(F)c1Cn1ccc2c(OC3CCN(Cc4cscn4)CC3)ncnc21,1,train
9fca68c0ee3cf72d8abb179bd1927b83049e2b1d,c1ccc(CN2CCC(Oc3ncnc4c3ccn4Cc3ccccc3)CC2)cc1,1,train
8096fa13bc3b9018bcb370aedbe0ca27633317ac,Cc1cccc(CN2CCC(Oc3ncnc4c3ccn4Cc3ccccc3)CC2)n1,1,train
4da907549db58c68551fbc10da1c17f1d2d53e5f,Cc1ccc(CN2CCC(Oc3ncnc4c3ccn4Cc3ccccc3)CC2)nc1,1,train
3be89d9b8215851ec480185691a98195bcfbaa0e,Cc1ccnc(CN2CCC(Oc3ncnc4c3ccn4Cc3ccccc3)CC2)c1,1,train
06cd415fd4cc2858ed04f123a700d1ae539524d7,Cc1cccnc1CN1CCC(Oc2ncnc3c2ccn3Cc2ccccc2)CC1,1,train
9b0c073c441940c4bf3c691f7acc08bcb6676eab,Fc1cccc(CN2CCC(Oc3ncnc4c3ccn4Cc3ccccc3)CC2)n1,1,train
c4d1b079c87e04be2ee076efa2075fa05d58d8c5,Fc1ccc(CN2CCC(Oc3ncnc4c3ccn4Cc3ccccc3)CC2)nc1,1,train
cb69d0ecc7814c01cc37d4e2e496e5fb8ceb2f1a,Fc1ccccc1Cn1ccc2c(OC3CCN(Cc4ccccn4)CC3)ncnc21,1,train
a994baea31e9574f6b23bf653662f581adde789e,Fc1cccc(Cn2ccc3c(OC4CCN(Cc5ccccn5)CC4)ncnc32)c1F,1,train
8f4a74b67d328042130a3a1a46f2c0fb32addc72,Fc1c(Cl)cccc1Cn1ccc2c(OC3CCN(Cc4ccccn4)CC3)ncnc21,1,train
d68a1d161e432025751d53928641cd489503371f,Fc1c(Cn2ccc3c(OC4CCN(Cc5ccccn5)CC4)ncnc32)cccc1C(F)(F)F,1,train
5ad74b58177bc076442b7118c0440f0970f55ec2,c1ccc(Cn2ccc3c(OC4CCN(Cc5cscn5)CC4)ncnc32)cc1,1,train
a354aa14b89ddfb34b517dfb48c78ed89f6afad3,Cc1nc2c(OC(F)F)cccc2n1-c1ccc(C(=O)NC2CC2)s1,0,train
33bb1968a12f73d12cb2b9df39727e6786e73408,Cc1nc2c(C#N)cccc2n1-c1ccc(C(=O)NC2CC2)s1,0,train
5f86f01aea341e35e25a2773d6655e0e6ca914bb,CCC(NCCCCC(Cc1cc(C)c(F)c(C)c1)C(O)=NO)c1ccc(F)cc1,0,train
23e2fcb2c8e292799dbf0022971512d2ec91ff1b,CCC(NCCCCC(C[C@@H](OC)c1ccc(F)cc1)C(O)=NO)c1ccc(F)cc1,1,train
c68d93e7834db95f3709d8357a2914c133770e8d,Cc1cc(CC(CCCCNCc2ccc(F)cc2)C(O)=NO)cc(C)c1F,1,train
b4aa23669f0bc6c745b178b944fa41c6768d6a66,CCC(NCCCCC(Oc1cc(C)c(F)c(C)c1)C(O)=NO)c1ccc(F)cc1,1,train
f08d95f6934d00e2968057718b1a5f552e522876,CO[C@H](CC(CCCCNCc1ccc(F)cc1)C(O)=NO)c1ccc(F)cc1,1,train
75955b676a842fbef95c8278be268f770c202397,Cc1cc(NC(CCCCNCc2ccc(F)cc2)C(O)=NO)cc(C)c1F,1,train
249a20a7a8383dbba7cf431be5193dcfacbbe05f,CCC(NCCCCC(Nc1cc(C)c(F)c(C)c1)C(O)=NO)c1ccc(F)cc1,1,train
87655b6ab911e82600e9d35227355dbd688bdc4d,Cc1cc(OC(CCCCNCc2ccc(F)cc2)C(O)=NO)cc(C)c1F,1,train
514cdc8d7f0e5b6c45c2af9f349386de527e23f5,CN(C(=O)Cc1ccc(S(C)(=O)=O)cc1)[C@@H]1CCN(Cc2nc3cc(F)ccc3s2)C[C@@H]1F,1,train
9062071d98bc9b958b6d408383ffb6c2bd524674,CN(C(=O)Cc1ccc(S(C)(=O)=O)cc1)[C@@H]1CCN(Cc2nc3ccccc3s2)C[C@@H]1F,0,train
4d0a136b2d1a08389a1ec03d231401cf9056ab09,CN(C(=O)Cc1ccc(S(C)(=O)=O)cc1)[C@@H]1CCN(Cc2ccc(C(F)(F)F)cc2)C[C@@H]1F,1,train
278e0007d8b62f16c37f85c66d104466d35c9c6a,CN(C(=O)Cc1ccc(-n2cnnn2)cc1)[C@@H]1CCN(Cc2nc3cc(F)ccc3s2)C[C@@H]1F,1,train
873688f568ec3331ab3a1021cf786e37701fef82,CN(C(=O)Cc1ccc(-n2cnnn2)cc1)[C@@H]1CCN(Cc2ccc(C(F)(F)F)nc2)C[C@@H]1F,0,train
fb560022bc6607a2a525201c0511c88e765aaf50,CN(C(=O)Cc1ccc(-n2cnnn2)cc1)[C@@H]1CCN(Cc2ccc(C(F)(F)F)cn2)C[C@@H]1F,1,train
610df24f929c6a7ac5b1b40df2fd70c65ef923b6,CO[C@H]1CN(Cc2ccc(C(F)(F)F)cc2)CC[C@H]1N(C)C(=O)Cc1ccc(-n2cnnn2)cc1,1,train
979fe418cc17fbccf7f79805d574c8aaaa221b0b,CO[C@@H]1CN(Cc2ccc(C(F)(F)F)cc2)CC[C@@H]1N(C)C(=O)Cc1ccc(-n2cnnn2)cc1,1,train
261a48e87b9dfdee5253df9cf95fae3c125b495c,CN(C(=O)Cc1ccc(-n2cnnn2)cc1)[C@@H]1CCN(Cc2ccc(C(F)(F)F)cc2)C[C@@H]1F,1,train
13c821d2521b75745e1bb14238761b9426ff1e39,CN(C(=O)Cc1ccc(-n2cnnn2)cc1)[C@H]1CCN(Cc2ccc(C(F)(F)F)cc2)C[C@H]1F,1,train
716de3052757ad45d9f8bd6cc2d3f1ed13fc4d6f,CN(C(=O)Cc1ccc(-n2cnnn2)cc1)C1CCN(Cc2nc3c(s2)CCCC3)CC1,1,val
64b1e003c64fce16ecd350458a5a2bef066b616d,CN(C(=O)Cc1ccc(-n2cnnn2)cc1)C1CCN(Cc2nc3cc(F)ccc3s2)CC1,1,train
f9b378d78ffb1188afb044fccea937ed4e1b63c0,Cc1nc(-c2ccc(CN3CCC(N(C)C(=O)Cc4ccc(-n5cnnn5)cc4)CC3)cc2)no1,1,train
9fe9655ec4b3d6b5fdb19b95b7b9b00fb5a5af16,CN(C(=O)Cc1ccc(-n2cnnn2)cc1)C1CCN(Cc2ccc(C(F)(F)F)c(F)c2)CC1,1,train
02314e63fd74a89cda1fb94c2ad663c0e9a67710,CN(C(=O)Cc1ccc(-n2cnnn2)cc1)C1CCN(Cc2ccc(C(F)(F)F)nc2)CC1,0,train
b414da68b20732b793b1af094b1903d2e279617d,CN(C(=O)Cc1ccc(-n2cnnn2)cc1)C1CCN(Cc2ccc(C(F)(F)F)cn2)CC1,1,train
18fe5c07b99ef098f739f2577e5818c8d674d07a,CN(C(=O)Cc1ccccc1)C1CCN(Cc2ccc(C(F)(F)F)cc2)CC1,1,train
15dd6ba2ea04d3578b6245ede62eb40f94d51b98,CN(C(=O)Cc1ccc(-n2cnnn2)cc1)C1CCN(Cc2ccc(C(F)(F)F)cc2)CC1,1,train
f311603a5b7d9ee1b5628e7d31d27177c3022b3f,CC(=O)Nc1ccc(CC(=O)N(C)C2CCN(Cc3ccc(C(F)(F)F)cc3)CC2)cc1,1,train
bd39c209bf4e2b4f4e8378e795ffa290931f491a,CNC(=O)c1ccc(CC(=O)N(C)C2CCN(Cc3ccc(C(F)(F)F)cc3)CC2)cc1,1,train
8a028cf9296192b88cd6f1c0e761eae0fbf9c62b,CN(C(=O)Cc1ccc(S(C)(=O)=O)c(F)c1)C1CCN(Cc2ccc(C(F)(F)F)cc2)CC1,1,train
db9144ba766661ddeaf5a2699ce45a6f7b50083a,CN(C(=O)Cc1ccc(S(C)(=O)=O)cc1F)C1CCN(Cc2ccc(C(F)(F)F)cc2)CC1,1,train
a780556d61010b055a764cf05b011f9b0ad10986,CN(C(=O)Cc1ccc(S(C)(=O)=O)cc1)C1CCN(Cc2ccc(C(F)(F)F)cc2)CC1,1,train
04f708fec5157b07d3cc44a466a84712f9e3ec84,CCN(C(=O)Cc1ccc(S(C)(=O)=O)cc1)C1CCN(Cc2ccc(C(F)(F)F)cc2)CC1,1,train
d5d801910d5317267feb799181c4ec7110ddc5c2,CC(C)Cn1c2ccc(Nc3ncccn3)cc2c2c3c(c4c(c21)CCc1nn(C)cc1-4)C(=O)NC3,0,val
11906e5bb001a9b7f325b4a045c3cde3ba2909d0,N[C@H]1CN(c2ccc(-n3ccc(OCc4ccccc4)cc3=O)cn2)C[C@@H]1c1cc(F)ccc1F,1,train
5b8909a08f66d3d88435943c8aaa40abf5f65da4,N[C@H]1CN(c2ccc(-n3ccc(OCc4ccccc4)cc3=O)cn2)C[C@@H]1c1cc(F)c(F)cc1F,1,train
21afa1c0d70583449cc516296873b309e8d961f9,NC(=O)CN1CCN(Cc2nc(-c3cn(CC4CCOCC4)c4c(Cl)cccc34)no2)CC1,0,train
90070305e264f86f8a9198f02a39541cf9be8d23,Cc1nc(N2CCC(N3CCCC3)CC2)nc2ccc(NC(=O)COc3ccc(Cl)cc3)cc12,1,train
d14a83cc2234a2598fc7be4be16fba36d5a94f0f,Cc1nc(N2CCC(N3CCCC3=O)CC2)nc2ccc(NC(=O)COc3ccc(OC(F)(F)F)cc3)cc12,1,test
06f4d47023da3487aa738fd9a5489f9fcd9d01bb,COc1cc(-c2cn(CC(=O)N(c3ccccc3)c3ccccc3)nn2)ccc1-n1cnc(C)c1,1,test
4e66f3b2e634b1eee98a25e01115df728d567497,COc1cc(-c2cn(CC(=O)N(c3ccccc3)C3CCCCC3)nn2)ccc1-n1cnc(C)c1,1,val
51f8da02df683a50bb968fef44b4eb93bb75de4e,COc1cc(-c2cn(CC(=O)NC3C4CC5CC(C4)CC3C5)nn2)ccc1-n1cnc(C)c1,1,train
fbf3783921f5c70f392ad26ac59713ef900db94f,COc1cc(-c2cn(CC(=O)N(Cc3ccc(F)cc3)C3C4CC5CC(C4)CC3C5)nn2)ccc1-n1cnc(C)c1,1,test
435c523975565818023ea11dc3312268a4ced5f2,COc1cc(-c2cn(CC(=O)N(Cc3ccccc3)Cc3ccccc3)nn2)ccc1-n1cnc(C)c1,1,train
3f456784e1ab6b205703faf0e48dec3c8e5d0362,COc1cc(-c2cn(CC(=O)N(Cc3ccccc3)[C@H](C)c3ccccc3)nn2)ccc1-n1cnc(C)c1,1,train
2d9e97c5bb8a487c52f6574e62089b53527252cb,COc1cc(-c2cn(CC(=O)N([C@H](C)c3ccccc3)[C@H](C)c3ccccc3)nn2)ccc1-n1cnc(C)c1,1,train
b082846aec61d5d9bf420260da1c3fa184e5d3b5,COc1cc(-c2cn(CC(=O)N(C3CCCCC3)C3CCCCC3)nn2)ccc1-n1cnc(C)c1,1,test
0ab7fe920956a6e1dc16d9b7003523b0d7992430,COc1cc(-c2cn(CC(=O)N3CCC(c4nc5ccccc5o4)CC3)nn2)ccc1-n1cnc(C)c1,0,test
1275847036a76a355ca25ae6762e05769a73eedd,COc1cc(-c2cn(CC(=O)N(Cc3ccccc3)CC(F)(F)F)nn2)ccc1-n1cnc(C)c1,1,train
2916083d8d6cd7c97b43e8683b0a4216e3aa76d6,COc1cc(-c2cn(CC(=O)N(CC(F)(F)F)c3ccc4c(c3)CCC4)nn2)ccc1-n1cnc(C)c1,1,test
4f5ebed5e3da06ec13730a7fc0894c8fb55bad26,COc1cc(-c2cn(CC(=O)N(CC(F)(F)F)c3ccc4c(c3)OC(F)(F)O4)nn2)ccc1-n1cnc(C)c1,1,test
3d8d3d5a1bd6adea4239ffd3f4a9a9850ccbe98e,COc1cc(-c2cn(CC(=O)N(CC(F)(F)F)c3ccc4ccccc4c3)nn2)ccc1-n1cnc(C)c1,1,train
e35218de42f095fbced5f5281751d8fae92347bc,COc1cc(-c2cn(CC(=O)N(CC(F)(F)F)c3cccc4ccccc34)nn2)ccc1-n1cnc(C)c1,1,test
06d91db00173e13c780bece7a92c1840771321da,COc1cc(-c2cn(C3CCCCNC3=O)nn2)ccc1-n1cnc(C)c1,0,train
4c7a8a3fda60b595e2bbeb090782bb9f1c3ea925,COc1cc(-c2cn(C3C(=O)NC4CCC3C4)nn2)ccc1-n1cnc(C)c1,1,test
6ca3c86ee347bd558b612f2487daa4b7114ebe66,COc1cc(-c2cn(C3CC(C)(C)CCNC3=O)nn2)ccc1-n1cnc(C)c1,0,train
43f5720d2f0091957265af00c94185bc86b2efb4,COc1cc(-c2cn(C3CC[C@H]4CCCC[C@@H]4NC3=O)nn2)ccc1-n1cnc(C)c1,0,train
091ec69df35412845081fa5d14c6bd9137e814b5,COc1cc(-c2cn(C3CC([Si](C)(C)C)CCNC3=O)nn2)ccc1-n1cnc(C)c1,1,train
b0ad7cb77124a5ea38688614f7e9b86124e53ef1,COc1cc(-c2cn(C3CCCC(C(C)(C)C)NC3=O)nn2)ccc1-n1cnc(C)c1,0,train
f1b5e034a3ee5e04b763eb03873b5a65e283bcf4,COc1cc(-c2cn(C3CC(C4CCCCC4)CCNC3=O)nn2)ccc1-n1cnc(C)c1,1,val
9008e86c63b11b15c976124724fcb65364787b07,COc1cc(-c2cn(C3C[C@@H](C(C)(C)C)CCN(CC45CC6CC(CC(C6)C4)C5)C3=O)nn2)ccc1-n1cnc(C)c1,1,test
3e20a6d14dbcfaaef9fa9650edb49bea61083925,COc1cc(-c2cn(C3C[C@@H](C(C)(C)C)CCN(CC(C)(C)C)C3=O)nn2)ccc1-n1cnc(C)c1,1,train
85068ea964214e379f7d573df51e59120ac9e2d7,COc1cc(-c2cn(C3CC[C@H](c4ccccc4)CN(Cc4ccccc4)C3=O)nn2)ccc1-n1cnc(C)c1,1,val
5e7abacc27593604b23fd905e4dabdb70fc77ed0,COc1cc(-c2cn(C3C[C@@H](C(F)(F)F)CCN(Cc4ccccc4)C3=O)nn2)ccc1-n1cnc(C)c1,1,train
82ec77884c5031831e64cd91f91dc6e0a3b0342a,COc1cc(-c2cn(C3C[C@@H]([Si](C)(C)C)CCN(Cc4ccccc4)C3=O)nn2)ccc1-n1cnc(C)c1,0,train
6d3e2a0bc8b853dfc0956997413b300891af1302,COc1cc(-c2cn(C3C[C@@H](C(F)(F)F)CCN(CC(F)(F)F)C3=O)nn2)ccc1-n1cnc(C)c1,0,train
3d748b2d1caade25bb416ae4551a78b1d2afc251,COc1cc(-c2cn(C3C[C@@H](C(F)(F)F)CN(CC(F)(F)F)C3=O)nn2)ccc1-n1cnc(C)c1,0,train
b2ed4dd1efd15537d6d0182da223cb1c94f04d5e,COc1cc(-c2cn(C3CCCCN(CC(F)(F)F)C3=O)nn2)ccc1-n1cnc(C)c1,0,train
ff7202fc2ca1e806fd0b63a207d6137f374d6321,COc1cc(-c2cn(C3C[C@@H](c4ccccc4)CCN(CC(F)(F)F)C3=O)nn2)ccc1-n1cnc(C)c1,1,test
cc0dac80250ad00f9ce5ef54e214e6febd62b561,COc1cc(-c2cn(C3C[C@@H](C(C)(C)C)CCN(CC(F)(F)F)C3=O)nn2)ccc1-n1cnc(C)c1,1,train
03ea0c3dc49f3c5998b45a32d84a9aeffe1f5534,Cc1nc(N2CCC(O)CC2)nc2ccc(NC(=O)/C=C/c3ccc(OC(F)(F)F)cc3)cc12,1,train
7d9e6fb98abc1fe6c310edfc07ca562df8dd4f11,Cc1nc(N2CCC(O)(C3CC3)CC2)nc2ccc(NC(=O)/C=C/c3ccc(Cl)cc3)cc12,1,train
88bccbd078920fdb16e1b3e7f8f874c6560a1deb,Cc1nc(N2CCC(O)(C3CC3)CC2)nc2ccc(NC(=O)/C=C/c3ccc(C(F)F)cc3)cc12,1,train
005b870986da0e2906492e9ec928e8d2744bafa5,COCC(=O)NC1CCN(c2nc(C)c3cc(NC(=O)/C=C/c4ccc(Cl)cc4)ccc3n2)CC1,1,train
c83b72bdd74be5c55aee3a68cf3d5acff6f4d5e9,O[C@]1(c2ccc(F)c(F)c2)CCNC[C@@H]1c1cc(-c2ccc(F)cc2Br)no1,1,train
8606892afe9174f75b1a8787b9b6844eae2ee4ad,O[C@]1(c2ccc(F)c(F)c2)CCNC[C@@H]1c1cc(-c2c(Cl)cccc2Cl)no1,1,train
36775b58c86d39cabe5e8ed0a0f1e52e01fb2f26,O[C@]1(c2ccc(F)c(F)c2)CCNC[C@@H]1c1cc(-c2ccc(F)cc2Cl)no1,1,train
f695067e8a784e1514dd32fb19a7edd2bfc29cd6,O[C@]1(c2ccc(F)c(F)c2)CCNC[C@@H]1c1onc(-c2ccccc2Cl)c1Br,1,train
c131831b955284418209ec218126e7662ca80d49,Cc1cccc(-c2noc([C@H]3CNCC[C@]3(O)c3ccc(F)c(F)c3)c2Br)c1C,1,train
afc9d959213feb46ef43aacee4ddc0150560d7de,O[C@]1(c2ccc(F)c(F)c2)CCNC[C@@H]1c1onc(-c2c(Cl)cccc2Cl)c1Br,1,train
c24965dc10fff040ed7f78cee283ab46c7dab00f,O[C@]1(c2ccc(F)c(F)c2)CCNC[C@@H]1c1onc(-c2cccc3ccccc23)c1Br,1,test
ebc904f474944132e1abea33a7bfa33cec9a0138,CC(=O)NCCc1ccccc1-c1noc([C@H]2CNCC[C@]2(O)c2ccc(F)c(F)c2)c1Br,0,train
d5c4615a1e47833f3f67da50b76f2fd0f7b4669e,CC(=O)NCCc1ccccc1-c1onc([C@H]2CNCC[C@]2(O)c2ccc(F)c(F)c2)c1Br,0,train
fe27e55ea1d12b53ad4c4d6ac5d27d0be9b6c887,O[C@]1(c2ccc(F)c(F)c2)CCNC[C@@H]1c1cc(-c2c(Cl)cccc2Cl)on1,1,train
3673590e894ca71bc18a3749dddfe0331a41c1d8,CC(=O)NCCc1cc(F)ccc1-c1onc([C@H]2CNCC[C@]2(O)c2ccc(F)c(F)c2)c1Br,0,train
8216776c2998757c25eb6aae6b8aea5828b0f477,CC(=O)NCCc1ccccc1-c1cc([C@H]2CNCC[C@]2(O)c2ccc(F)c(F)c2)no1,1,train
d464887c5b7791c71e00ed0cb5eec268c910a1f6,CC(=O)NCCc1ccccc1-c1onc([C@H]2CNCC[C@]2(O)c2ccc(F)c(F)c2)c1Cl,0,train
fbd0c9b306ef282a7f7a641a93957b3ce1ba8c0e,CC(=O)NCCc1ccccc1-c1onc([C@H]2CNCC[C@]2(O)c2ccc(F)c(F)c2)c1C(C)=O,0,train
b905fee4f1ad70e74fdc49a3d2058ba8f40d4312,CC(=O)NCCc1ccccc1-c1onc([C@H]2CNCC[C@]2(O)c2ccc(F)c(F)c2)c1C(C)O,0,train
86d2db6a1bb3609f250733951b9539105bac8726,CC(=O)NCCc1ccccc1-c1onc([C@H]2CNCC[C@@H]2c2ccc(F)c(F)c2)c1Br,0,train
7ca529724796e14395a74c3d353e6efca16d7a28,CO[C@]1(c2ccc(F)c(F)c2)CCNC[C@@H]1c1noc(-c2ccccc2CCNC(C)=O)c1Br,0,train
34dbbfaa4a9722fdb8ea42b730a4e39f99183669,CC(=O)NCCc1ccccc1-c1onc([C@H]2CNCC[C@]2(C(N)=O)c2ccc(F)c(F)c2)c1Br,0,train
e81baa3f17c49b70012a4c4f27a7aaff3e75cc73,COC[C@H](C)COCc1ccc([C@@]2(O)CCNC[C@@H]2c2noc(-c3ccccc3CCNC(C)=O)c2Br)cc1,0,train
dc58a3943b272628ec374e5582d143e93333085d,CC(=O)N1CCC(C(=O)N(CCCN2CCN(Cc3ccc(F)cc3)CC2)c2ccc(C)c(Cl)c2)CC1,1,val
3c24dd783d94f445387d219eeefec857d55d09c8,Nc1ncc(-c2cnn(CCO)c2)c2scc(-c3ccc(NC(=O)Nc4cccc(F)c4)cc3)c12,1,test
93148ad39236987abe5dce43aff863036e6715e5,c1ccc(-n2cc(-c3ccnc4ccccc34)cn2)cc1,1,train
72b4382b49436e0e4e9a512f7a4c43545c5ba51d,COc1ccc2c(-c3cnn(-c4ccccc4)c3)ccnc2c1,1,train
2abac78b32fe4becfff6728a92c1fec961fca0bc,CCOc1cc2nccc(Oc3cnc(CC(=O)Nc4[nH]nc(CC)c4C)c(OC)c3)c2cc1OC,0,train
be088eacf66b07e3c18eb770b69bbad82de9b341,CCN(CC)CCCNc1nnc(-c2ccc(NC(=O)c3ccccc3F)cc2)o1,0,train
0861d65a9e2ecd8b21231b61e31ccbdbb204669e,O=C(Nc1ccc(-c2nnc(NCCCN3CCCC3)o2)cc1)c1ccccc1F,1,train
58db19950c453b3b802424c6a3670589311faf10,O=C(Nc1ccc(-c2nnc(NCCCN3CCCCC3)o2)cc1)c1ccccc1F,1,train
2c6f7df44868d0b75e0a9b32a08e8a596c35dc34,O=C(Nc1ccc(-c2nnc(NCCCN3CCCCCC3)o2)cc1)c1ccccc1F,1,val
592181bc52d2dd995ce06badca7c5dd6949fc3b1,O=C(Nc1ccc(-c2nnc(NCCCN3CCOCC3)o2)cc1)c1ccccc1F,0,train
c09a44047cec3613a530426923627191e41fca98,O=C(Nc1ccc(-c2nnc(NCCCN3CCCCC3)o2)cc1)c1ccccc1,0,train
8dc79934310c66e6e9b39ff7b85ed75402d5e67a,O=C(Nc1ccc(-c2nnc(NCCCN3CCCCC3)o2)cc1)c1ccccc1Cl,0,train
3feba98e4e5f2a5d2cd5d234b9181b99af0cdeb3,Cc1ccccc1C(=O)Nc1ccc(-c2nnc(NCCCN3CCCCC3)o2)cc1,1,train
5536932c20c88e425f2f359b5edb1ea0c36b25b4,O=C(Nc1ccc(-c2nnc(NCCCN3CCCCC3)o2)cc1)c1cccc(F)c1,1,train
081b6b51dbf72b79e81b70e62eb0b54aa52c35cd,O=C(Nc1ccc(-c2nnc(NCCCN3CCCCC3)o2)cc1)c1ccc(F)cc1,1,train
0627c8b2e369dc44e54a6af5879b7dec84343720,O=C(Nc1ccc(-c2nnc(NCCCN3CCCCC3)o2)cc1)c1c(F)cccc1F,1,train
a86afaca2279f8a174961a55d248d63ca748a063,O=C(Nc1ccc(-c2nnc(NCCCN3CCCCC3)o2)cc1)C1CCCC1,0,val
db058e31de2da9812116221475cacaa05a71a4ea,O=C(Nc1ccc(-c2nnc(NCCCN3CCCCC3)o2)cc1)C1CCCCC1,0,val
1a6a97426e56a078fe1e37cf2600940ab37b0f4a,O=C(Nc1ccc(-c2nnc(NCCCN3CCCCC3)o2)cc1)C1CCCCCC1,0,train
9c00df2e3559ae10922c45d7f68723700adae653,O=C(Nc1ccc(-c2nnc(NCCCN3CCCCC3)o2)cc1F)c1ccccc1F,1,train
0f4b799524cbbef75b6d43619f409846aa76a330,CCc1cc(-c2nnc(NCCCN3CCCCC3)o2)ccc1NC(=O)c1ccccc1F,0,train
134a1c3d34b8b59298e3a826c01ff319e4408d09,Cc1cc(-c2nnc(NCCCN3CCCCC3)o2)ccc1NC(=O)c1ccccc1F,0,train
679100489375e605e74d89717a73b79ee6cdbea1,O=C(Nc1ccc(-c2nnc(NCCCN3CCCCC3)o2)c(Cl)c1)c1ccccc1F,1,train
eb8c07e46d08f94056c461d08453bec22d794cb7,Cc1cc(NC(=O)c2ccccc2F)ccc1-c1nnc(NCCCN2CCCCC2)o1,1,train
7b828b3b8593b0d145693458b470113cf6650a48,COc1cc(NC(=O)c2ccccc2F)ccc1-c1nnc(NCCCN2CCCCC2)o1,1,train
2980cb2bbe4899784b8bd98968b8f4c85b5d8203,COc1cc(NC(=O)c2ccccc2F)ccc1-c1nnc(NCCCN2CCOCC2)o1,0,train
8930edbb21317a8bf26bd3ac92578a1bdc87b9bd,CCOc1cc(NC(=O)c2ccccc2F)ccc1-c1nnc(NCCCN2CCCCC2)o1,0,train
c980f98366951cf5f185963257a7d4ae2bfc9c32,O=C(Nc1ccc(-c2nnc(NCCCN3CCCCC3)o2)c(F)c1)c1ccccc1F,1,train
373d31fd4b565689026fc1faba04d2f7d467b461,O=C(Nc1ccc(-c2nnc(NCCCN3CCCCC3)o2)c(C(F)(F)F)c1)c1ccccc1F,1,train
9201853c38da4633d338c190659fe8e6044d85f9,CCc1cc(NC(=O)c2ccccc2F)ccc1-c1nnc(NCCCN2CCCCC2)o1,1,train
8bab4d68054e0e11dd18a735f1f2603d956c16f7,O=C(Nc1ccc(-c2nnc(NCCCN3CCCOCC3)o2)cc1)c1ccccc1F,0,train
a07bfbf2c8d8ee0554177917d7c0ef4f310eed8b,C[C@@H]1CC[C@@H](C)N1CCCNc1nnc(-c2ccc(NC(=O)c3ccccc3F)cc2)o1,1,train
371fb9a246e9b7a74e8bd2eb3140ed91bd4c9ca5,CN1CCN(CCCNc2nnc(-c3ccc(NC(=O)c4ccccc4F)cc3)o2)CC1,0,val
69867ab4180a630471ea7825f6c33ff374579189,O=C(Nc1ccc(-c2nnc(NCCCN3CCC(F)CC3)o2)cc1)c1ccccc1F,1,train
57eb42526364e4161d33ad4c8db11d48b41c07c9,O=C(Nc1ccc(-c2nnc(NCCCN3C[C@@H]4CC[C@H]3C4)o2)cc1)c1ccccc1F,1,test
c85775327a3101849191a0553ffc003c4e7bcb4f,O=C(Nc1ccc(-c2nnc(NCCCN3CCN4CCC3CC4)o2)cc1)c1ccccc1F,0,val
6b7f3eb9e65e7fde807f7f97bba9628b6996a5c7,O=C(Nc1ccc(-c2nnc(NCCCCN3CCOCC3)o2)cc1)c1ccccc1F,0,train
abbce50f823059b75699aeaa5dd0b26cd1e84659,O=C(Nc1ccc(-c2nnc(NCCCCN3CCCOCC3)o2)cc1)c1ccccc1F,0,train
4fb9613ebab1c4702b6f630c5cc79221fd03c6d2,O=C(Nc1ccc(-c2nnc(NCCCCN3CCCC3)o2)cc1)c1ccccc1F,0,test
2eb48fa55d3fcb57886310dc71b8ba2c02dca828,CCN(CC)CCCCNc1nnc(-c2ccc(NC(=O)c3ccccc3F)cc2)o1,0,train
f623083d0e0c8f29864b8bad9c2669ce47e14f74,O=C(Nc1ccc(-c2nnc(NCCCCN3CCCCC3)o2)cc1)c1ccccc1F,0,train
3108da231b9f652595b7e285843ac820f76dc4b1,O=C(Nc1ccc(-c2nnc(NCCCCN3CCCCC3)o2)cc1)c1ccccc1,0,train
623120a53268613dd5ab68df63d9960f59fdae5b,O=C(Nc1ccc(-c2nnc(NCCCCN3CCCCC3)o2)cc1)C1CCCCC1,0,train
012f263de4653b7857aa95dfcf3ae9d302918bcb,COc1cc(NC(=O)c2ccccc2F)ccc1-c1nnc(NCCCCN2CCCCC2)o1,0,train
d1fd3e900664bbe9a737b0760a0e87a6412c1e8e,O=C(Nc1ccc(-c2nnc(NCCCCN3CCCCC3)o2)c(Cl)c1)c1ccccc1F,1,train
db0fda68199dee330c93f7be877f51da73d8d263,O=C(Nc1ccc(-c2nnc(NCCCCN3CCOCC3)o2)c(F)c1)c1ccccc1F,0,train
36053d18c84ac3ff393ab439e8e4e06ce259024e,O=C(Nc1ccc(-c2nnc(NCCCCN3CCOCC3)o2)c(F)c1)c1ccccc1,0,train
04bcfb7a9a1b79538b71e561a4a59c7b7362c5c9,O=C(Nc1ccc(-c2nnc(NCCCCN3CCC(F)CC3)o2)cc1)c1ccccc1F,0,train
d5df3250127498d273f313659690b16d29d96a77,NS(=O)(=O)c1ccc(OCCN2CCCCC2)cc1,0,train
f6ec8a22c3167d13dfaf4ff3384d673a72997b0b,CCOC(=O)C1CCN(CCOc2ccc(S(N)(=O)=O)cc2)CC1,0,train
00dc63f8282a1c4f25b7b3589958c17ee4fe11b7,NS(=O)(=O)c1ccc(OCCCN2CCCCC2)cc1,0,train
fe7fbd82992b1344e84c2af173b01c5f9e424fcd,CCOC(=O)C1CCN(CCCOc2ccc(S(N)(=O)=O)cc2)CC1,0,train
f94623f534c1e8e535edf20c0afaf611a1bbca35,NS(=O)(=O)c1ccc(OCCCCN2CCCCC2)cc1,0,train
45f6e09bdfa9e791b069de8409915773c51d937c,CCOC(=O)C1CCN(CCCCOc2ccc(S(N)(=O)=O)cc2)CC1,0,train
4772930aa42aa0af898fb36e5028520d92032ece,CC(C)NC(=O)NS(=O)(=O)c1ccc(OCCN2CCCCC2)cc1,0,train
ba28f5084821f9194766c02c3e80f99f0d72d652,O=C(Nc1ccccc1)NS(=O)(=O)c1ccc(OCCN2CCCCC2)cc1,0,train
40a155b19f18b33b73552162054f1ebfeaf326e2,CCOC(=O)C1CCN(CCCOc2ccc(S(=O)(=O)NC(=O)Nc3ccccc3)cc2)CC1,0,train
f4d031d121c5ba9718e202df041e2ba4a5209ca5,O=C(Nc1ccc(C(F)(F)F)cc1)NS(=O)(=O)c1ccc(OCCCCN2CCCC2)cc1,0,test
8cc90a9bf9f6e8c41ad7fd13437b3c79f8c97dfd,Cc1cccc(C(CCCN)(c2ccccc2)c2ccccc2)c1,1,train
e1cecc0f9c2db043992498e27dc1c5905ef231fd,Cc1ccc(C(=O)N(CCCN)[C@@H](c2nc3cc(Cl)ccc3c(=O)n2Cc2ccccc2)C(C)C)cc1,1,test
b8e5ef76dade37a710e2a2cb953e671e444c4efc,C[C@H]1c2c([nH]c3ccc(C(F)(F)F)cc23)C[C@H]2CCN(CCCC3CCOCC3)C[C@@H]21,1,train
84c015fdf72cd798e7dad4002acf377383146754,C[C@H]1c2c([nH]c3ccc(C(F)(F)F)cc23)C[C@H]2CCN(CCCC3(C(=O)O)CCOCC3)C[C@@H]21,1,train
350dd30dadbabe1bee12d5d214bdce7b9566d91e,O=C(NCC(=O)N1CC[C@H](N[C@H]2CC[C@@](O)(c3ccc(-c4ncccn4)cn3)CC2)C1)c1cccc(C(F)(F)F)c1,0,test
ec7798ed591a3f58bbb6886a604338f3837e6446,O=C(C1CCN(c2nccc(C(F)(F)F)n2)CC1)N1CC[C@H](N[C@H]2CC[C@@](O)(c3ccc(-c4ncccn4)cn3)CC2)C1,0,val
506768586b592613dbcb37d3decbc5fa4b263bfb,O=C(C1CCN(c2cc(C(F)(F)F)ccn2)CC1)N1CC[C@H](N[C@H]2CC[C@@](O)(c3ccc(-c4ncccn4)cn3)CC2)C1,0,train
2109fe76b700e3e0801a90f7620be0226248837d,O=C(C1CCN(c2cccc(C(F)(F)F)n2)CC1)N1CC[C@H](N[C@H]2CC[C@@](O)(c3ccc(-c4ncccn4)cn3)CC2)C1,1,train
c3f653e431a7ab2ffa5fb2527be3ca2405ee45f8,O=C(C1CCN(c2cccc(C(F)(F)F)c2)CC1)N1CC[C@H](N[C@H]2CC[C@@](O)(c3ccc(-c4ncccn4)cn3)CC2)C1,1,test
d270abd46cc3a91fcfcc814dd284736877b56794,O=C(NCC(=O)N1CC[C@H](N[C@H]2CC[C@@](O)(c3ccc(-c4ccncc4)cn3)CC2)C1)c1cccc(C(F)(F)F)c1,0,test
17fc1a9f6f9838265a5728945eb8ce27b0d8d449,O=C(NCC(=O)N1CC[C@H](N[C@H]2CC[C@@](O)(c3ccc(-c4cccnc4)cn3)CC2)C1)c1cccc(C(F)(F)F)c1,0,test
fc8a5149ee03ab526684232193117097de91b74d,Cc1ccc([C@]2(O)CC[C@H](N[C@H]3CCN(C(=O)CNC(=O)c4cccc(C(F)(F)F)c4)C3)CC2)nc1,0,test
b518cbb7c9b1a2b4ef4d1648e11eb0ec95d8037a,CNC(=O)c1ccc(-c2ccc3c(c2)CCN(CCN2CCCC2)C3=O)cc1,0,train
70241b711fd7c9170842c9cfc54449a87ee9adea,CCNC(=O)c1ccc(-c2ccc3c(c2)CCN(CCN2CCCC2)C3=O)cc1,0,train
9ce7ffde98dfc33c63631ca4d394a434cac617ea,CC(C)NC(=O)c1ccc(-c2ccc3c(c2)CCN(CCN2CCCC2)C3=O)cc1,1,train
973f5173c7485ac1dbc05095888bd4d787f6a3e5,O=C(NC1CC1)c1ccc(-c2ccc3c(c2)CCN(CCN2CCCC2)C3=O)cc1,0,val
e05b590b94442dcb6897476a21c54a2ca64f20f7,O=C(NC1CCC1)c1ccc(-c2ccc3c(c2)CCN(CCN2CCCC2)C3=O)cc1,1,train
7296e6c3b90b398a88bd48c5a355f0cb72493603,O=C(NC1CCCC1)c1ccc(-c2ccc3c(c2)CCN(CCN2CCCC2)C3=O)cc1,1,val
dbf1c247ba5b1f8d76f846b640cc37b9ca63a9ca,CN(C)C(=O)c1ccc(-c2ccc3c(c2)CCN(CCN2CCCC2)C3=O)cc1,0,train
79885c74ee4e962dad33620711cb39d542a14d03,O=C(c1ccc(-c2ccc3c(c2)CCN(CCN2CCCC2)C3=O)cc1)N1CCCC1,1,train
2457db0e252a4bc2dc7b0a3b4c5090af48f41ac7,C[C@@H]1CCCN1C(=O)c1ccc(-c2ccc3c(c2)CCN(CCN2CCCC2)C3=O)cc1,0,train
338be9c202560a08ad6447f39e13f06d9f6daabe,C[C@H]1CCCN1C(=O)c1ccc(-c2ccc3c(c2)CCN(CCN2CCCC2)C3=O)cc1,0,train
b04e064687bd645bedc462f47886ae0df2663683,O=C(c1ccc(-c2ccc3c(c2)CCN(CCN2CCCC2)C3=O)c(F)c1)N1CCCC1,0,train
155b715b5ead71f9a2f5bcb84d1a9a480752807d,O=C(c1ccc(-c2ccc3c(c2)CCN(CCN2CCCC2)C3=O)cc1F)N1CCCC1,1,train
2403414c29adfe4a9d301be3f1d7aeb4658bf7ee,O=C(c1ccc(-c2ccc3c(c2)CCN(CCN2CCCC2)C3=O)cc1Cl)N1CCCC1,1,train
91282805a1c740f7751050dfa2491774a13dd7d3,CNC(=O)c1ccc(-c2ccc3c(c2)CCN(CCN2CCCC2)C3=O)c(F)c1,1,train
80e40aeca14599e8a15dd13742559de1292b900a,CN(C)C(=O)c1ccc(-c2ccc3c(c2)CCN(CCN2CCCC2)C3=O)c(F)c1,0,train
c7710d8cbca25c820b512afec0ae3e30e207ef2a,CNC(=O)c1ccc(-c2ccc3c(c2)CCN(CCN2CCC[C@H]2C)C3=O)cc1,0,train
51abba8cc304c63f0bd7a2e0fdb525e4dcdf2689,CCNC(=O)c1ccc(-c2ccc3c(c2)CCN(CCN2CCC[C@H]2C)C3=O)cc1,1,train
5d6d8a643f9a5eac548c4fb6df1a5a569690658f,C[C@@H]1CCCN1CCN1CCc2cc(-c3ccc(C(=O)N4CCCC4)cc3)ccc2C1=O,1,train
1c23add0bbfcf4dd62dc0d5ea948696bd4eaef0a,C[C@@H]1CCCN1CCN1CCc2cc(-c3ccc(F)cc3)ccc2C1=O,1,train
efc9a5191542701c45286713abd184a93dbf664d,C[C@@H]1CCCN1CCN1CCc2cc(-c3ccc(C#N)cc3)ccc2C1=O,1,train
55b17c1cb9a152f798a15ef950962b05a5cdc3a3,O=C1CC2CCc3cc(OC4CCN(C5CCC5)CC4)ccc3C2=NN1,0,train
38d2bc8dc8b7376aaf320944b763ddc6e5b72e39,COc1cc(CN2CCN(CCCCCC(c3ccc(F)cc3)c3ccc(F)cc3)CC2)cc(OC)c1OC,1,train
908cf46ff3f320a4fbcdbdc0d559cc552f795c74,CC(C)(C)c1cc(CN2CCN(CCCCCC(c3ccc(F)cc3)c3ccc(F)cc3)CC2)cc(C(C)(C)C)c1O,1,train
56d24d8c10f073ba828b98d1a2c6362460d8b41d,CC(C)(C)c1cc(C(=O)N2CCN(CCCCCC(c3ccc(F)cc3)c3ccc(F)cc3)CC2)cc(C(C)(C)C)c1O,1,train
e8549370acd4b37ea9975fabed9b005121254f1b,COc1c(C(C)(C)C)cc(CN2CCN(CCCCCC(c3ccc(F)cc3)c3ccc(F)cc3)CC2)cc1C(C)(C)C,1,train
f796d67beb9d0c41c43bdd4ad18a21d0d9f30b24,COc1c(C(C)(C)C)cc(C(=O)N2CCN(CCCCCC(c3ccc(F)cc3)c3ccc(F)cc3)CC2)cc1C(C)(C)C,1,train
c6e9d3ed5c45fb768a75362beb66baea3c28a837,COc1c(C(C)(C)C)cc(CN2CCN(C(=O)CCCCC(c3ccc(F)cc3)c3ccc(F)cc3)CC2)cc1C(C)(C)C,1,test
8b23ee0d55202ebb985e77fdf6d0c25f70f85fc1,COc1c(C(C)(C)C)cc(C(=O)N2CCN(C(=O)CCCCC(c3ccc(F)cc3)c3ccc(F)cc3)CC2)cc1C(C)(C)C,1,train
c699e1f9c4b77a6152beaecf9bedec8ba868b8d8,CC(C)(C)c1cc(CN2CCN(CCCCCC(c3ccc(F)cc3)c3ccc(F)cc3)CC2)cc(C(C)(C)C)c1,1,train
714aaad2c96b17c7c282f7be01cc25ac0e04eee7,COc1c(C(C)(C)C)cc(C(=O)N2CCN(C(=O)CCCCC(c3ccc(F)cc3)c3ccc(F)cc3)[C@@H](C)C2)cc1C(C)(C)C,1,train
8db81d2f2a9e1175afa808f6bc2e1d72a2a0d392,COc1c(C(C)(C)C)cc(C(=O)N2CCN(C(=O)CCCCC(c3ccc(F)cc3)c3ccc(F)cc3)C[C@@H]2C)cc1C(C)(C)C,1,train
8917ae35f406bf15903bf716c25ab42686eef4d6,CC(C)(C)c1ccc(C(=O)NCC2CCN(C(=O)CCCCC(c3ccc(F)cc3)c3ccc(F)cc3)C2)cc1,1,train
741c81cd917c9977a26cd97f33d14fa5f6062f22,CC(C)(C)c1cc(C(=O)NCC2CCN(C(=O)CCCCC(c3ccc(F)cc3)c3ccc(F)cc3)C2)cc(C(C)(C)C)c1,1,train
def16e31b3ab8f3fb6ec47967a2126f3f7995725,COc1c(C(C)(C)C)cc(C(=O)NCC2CCN(C(=O)CCCCC(c3ccc(F)cc3)c3ccc(F)cc3)C2)cc1C(C)(C)C,1,train
3e7aeba0ef2dc866b571894dc85c91ff3219f632,O=C(NCC1CCN(C(=O)CCCCC(c2ccc(F)cc2)c2ccc(F)cc2)C1)c1cc(C(F)(F)F)cc(C(F)(F)F)c1,1,train
e290492c5ecfc8723a4f05620b6a09f8c050dbf9,COc1c(C(C)(C)C)cc(C(=O)NCC2CCN(CCCCCC(c3ccc(F)cc3)c3ccc(F)cc3)C2)cc1C(C)(C)C,1,train
9c65142dd89ee1d178dd98cabc1300a63df36a7f,COc1cc(C(=O)NCC2CCN(CCCCCC(c3ccc(F)cc3)c3ccc(F)cc3)C2)cc(OC)c1OC,1,train
10e849dc2be0222c947b1249306f838e5a4418d6,O=C(NCC1CCN(CCCCCC(c2ccc(F)cc2)c2ccc(F)cc2)C1)c1cc(C(F)(F)F)cc(C(F)(F)F)c1,1,train
ade04b45a138dfd726e377ec62d5a4bcd8843af2,COc1cc(CNCC2CCN(CCCCCC(c3ccc(F)cc3)c3ccc(F)cc3)C2)cc(OC)c1OC,1,train
ac2f3486de1073ced598159d1e763a7bfc29f047,CC(C)(C)c1cc(CNCC2CCN(CCCCCC(c3ccc(F)cc3)c3ccc(F)cc3)C2)cc(C(C)(C)C)c1O,1,train
3bbf43d9e82269455dc83ca0f4570e80d40e1672,CC(C)(C)c1cc(CNCC2CCN(CCCCCC(c3ccc(F)cc3)c3ccc(F)cc3)C2)cc(C(C)(C)C)c1,1,train
4a3e21943aa5bde14840e9c50095c0dd008ddf53,CC(C)(C)c1cc(C(=O)NC[C@H]2CCN(C(=O)CCCCC(c3ccc(F)cc3)c3ccc(F)cc3)C2)cc(C(C)(C)C)c1,1,train
ad8a01050b79feef602cf0d108b3941b74801751,CC(C)(C)c1cc(C(=O)NC[C@@H]2CCN(C(=O)CCCCC(c3ccc(F)cc3)c3ccc(F)cc3)C2)cc(C(C)(C)C)c1,1,train
ce56456e04aff2aca5b8bcc1ced27eddabcfc9f8,COc1c(C(C)(C)C)cc(C(=O)NC[C@H]2CCN(C(=O)CCCCC(c3ccc(F)cc3)c3ccc(F)cc3)C2)cc1C(C)(C)C,1,train
8c871c4766ec97e2962b604459a64e13073d18dc,COc1c(C(C)(C)C)cc(C(=O)NC[C@@H]2CCN(C(=O)CCCCC(c3ccc(F)cc3)c3ccc(F)cc3)C2)cc1C(C)(C)C,1,train
baef011abfb11dfdecb943819bb314fdedd4fc52,O=C(NC[C@H]1CCN(C(=O)CCCCC(c2ccc(F)cc2)c2ccc(F)cc2)C1)c1cc(C(F)(F)F)cc(C(F)(F)F)c1,1,train
1019f74aec02f3ef8237bc9f8b771496ce8fa2e5,O=C(NC[C@@H]1CCN(C(=O)CCCCC(c2ccc(F)cc2)c2ccc(F)cc2)C1)c1cc(C(F)(F)F)cc(C(F)(F)F)c1,1,train
18759e8b5821a03b9c3e4eba15d2707b288d99c8,COc1cc(C(=O)N2CCC(CNC(=O)CCCCC(c3ccc(F)cc3)c3ccc(F)cc3)C2)cc(OC)c1OC,1,train
ada2820187df99ee9b5d6b3736735ae6cb23dd77,COc1c(C(C)(C)C)cc(C(=O)N2CCC(CNC(=O)CCCCC(c3ccc(F)cc3)c3ccc(F)cc3)C2)cc1C(C)(C)C,1,train
dd67ddb98e57f9f040c75e50fe5e150d263adc9c,COc1cc(CN2CCC(CNCCCCCC(c3ccc(F)cc3)c3ccc(F)cc3)C2)cc(OC)c1OC,1,train
a7ed9d48ee6dfff0ef2242731f6e5d41553746a5,CC(C)(C)c1cc(CN2CCC(CNCCCCCC(c3ccc(F)cc3)c3ccc(F)cc3)C2)cc(C(C)(C)C)c1O,1,train
df9a956dd6926f48b9411a79e7881503c142bd7a,COc1c(C(C)(C)C)cc(CN2CCC(CNCCCCCC(c3ccc(F)cc3)c3ccc(F)cc3)C2)cc1C(C)(C)C,1,train
bf7265a3d5a4bb0d7ac271ce00857e62b55652e0,CN1CCN(C)C(C(=O)N2CCN(C(=O)Nc3ccc(Cl)c(Cl)c3)CC2)C1,0,train
7098482118f4112fc05b16d94ec25680edc2ace1,CN1CCNC(C(=O)N2CCN(C(=O)Nc3ccc(Cl)c(Cl)c3)CC2)C1,0,train
876c865f65d1296049b8f7ca2f1521a3d75fbb32,CC(C)N1CCNC(C(=O)N2CCN(C(=O)Nc3ccc(Cl)c(Cl)c3)CC2)C1,0,train
d9e59f16cde43646c005802a5e0f01baf2f827cd,O=C(Nc1ccc(Cl)c(Cl)c1)N1CCN(C(=O)C2CN(C3CC3)CCN2)CC1,0,train
60ad8783876af21d64c1d7bc947ef1d929197f21,CCN1CCNC(C(=O)N2CCN(C(=O)Nc3ccc(Cl)c(Cl)c3)CC2)C1,1,train
4aa0e7603fd1e648e99b0c1cf5e1dd1f4f5b2906,CCN1CCOC(C(=O)N2CCN(C(=O)Nc3ccc(Cl)c(Cl)c3)CC2)C1,1,test
0c82616026c7e9712ed0f162a9129f5a48721b0b,CCN1CCCC(C(=O)N2CCN(C(=O)Nc3ccc(Cl)c(Cl)c3)CC2)C1,1,train
568de9fe24f94741789decfc2e981ec981fea90e,CC(C)N1CCN[C@@H](CN2CCN(C(=O)Nc3ccc(Cl)c(Cl)c3)CC2)C1,1,train
7181b42a2a3df34addec8ff531846b6a1c46c1e3,CCN1CCNC(CN2CCN(C(=O)Nc3ccc(Cl)c(Cl)c3)CC2)C1,1,train
b3087ba409a0adc44940179182e6b803c598a1a8,CC(C)N1CCO[C@@H](CN2CCN(C(=O)Nc3ccc(Cl)c(Cl)c3)CC2)C1,1,train
3890a58e029c06364588088d7ae518e4494e16e5,O=C(Nc1ccc(Cl)c(Cl)c1)N1CCN(C[C@H]2CN(C3CC3)CCO2)CC1,0,test
14d5f0ab917c6e35d07bc26cf0f47be89027cdcc,CCN1CCO[C@@H](CN2CCN(C(=O)Nc3ccc(Cl)c(Cl)c3)CC2)C1,1,train
3d1a4ae5259332372e6027317a3bcb1c2b1d26c3,O=C(Nc1ccc(C(F)(F)F)cc1)N1CCN(C[C@@H]2CCCN(C3CC3)C2)CC1,1,train
15bd958f0303cf0d2035145334aab44db3357dc5,O=C(Nc1cccc(C(F)(F)F)c1)N1CCN(C[C@@H]2CCCN(C3CC3)C2)CC1,0,train
9c3acf4477c4fcaf63e7c743598ad98c79d39e78,O=C(Nc1ccc(Br)cc1)N1CCN(C[C@@H]2CCCN(C3CC3)C2)CC1,1,train
3cc747216e3a59df13711238cb5a12f562773c0b,O=C(Nc1cccc(Cl)c1)N1CCN(C[C@@H]2CCCN(C3CC3)C2)CC1,0,train
c36d2d51c3b1e80888e59aa997d4069e9d72118b,O=C(Nc1ccc(Cl)cc1)N1CCN(C[C@@H]2CCCN(C3CC3)C2)CC1,0,train
f1cdbb6acaeabaabd4b2e818b44d2923fea1ad3a,Cc1ccc(NC(=O)N2CCN(C[C@@H]3CCCN(C4CC4)C3)CC2)cc1Cl,1,train
bbc3e4cdebd19d83ba0d8d594daa3256d5832013,O=C(Nc1ccc(Cl)c(C(F)(F)F)c1)N1CCN(C[C@@H]2CCCN(C3CC3)C2)CC1,1,train
fd8a377eaea1d52cbcc39ab6aa384dc2f15f87c0,O=C(Nc1ccc(C(F)(F)F)c(Cl)c1)N1CCN(C[C@@H]2CCCN(C3CC3)C2)CC1,1,train
fcdf30ad8e25619738705c8a59aacc0dd929a25d,O=C(Nc1ccc(F)c(Cl)c1)N1CCN(C[C@@H]2CCCN(C3CC3)C2)CC1,0,train
8cc8208c158c2add79616d0dbb70ce228bc13412,CC(C)N1CCC[C@@H](CN2CCN(C(=O)Nc3ccc(Cl)c(Cl)c3)CC2)C1,1,train
de3cca8d49fb1e66d8c27b3396bbbae37bfbdda6,O=C(Nc1ccc(Cl)c(Cl)c1)N1CCN(C[C@@H]2CCCN(C3CC3)C2)CC1,1,train
80c422f8d6bf83563d1a17a1bd19b349c8d1a7ac,O=C(Nc1ccc(Cl)c(Cl)c1)N1CCN(C[C@@H]2CCCN(CCCc3ccccc3)C2)CC1,1,val
d5a925ad4c178a6881886173efa05a1e7b58d6e1,O=C(Nc1ccc(Cl)c(Cl)c1)N1CCN(C[C@@H]2CCCN(CC3CC3)C2)CC1,1,val
8e34208824ef9a2f536ef955c68e59d0e8309e2a,O=C(Nc1ccc(Cl)c(Cl)c1)N1CCN(C[C@@H]2CCCN(Cc3ccccc3)C2)CC1,1,val
51519400c75f0ffdfc59fa4e762e14f0cd4b3ea7,CCN1CCC[C@@H](CN2CCN(C(=O)Nc3ccc(Cl)c(Cl)c3)CC2)C1,1,train
41b1f5a9c03723f2cafe38e4a03bb55bfdc32b40,CCN1CCCC(CN2CCN(C(=O)Nc3ccc(Cl)c(Cl)c3)CC2)C1,1,train
dd63371a5f393296d85e85f814057682429fa6a1,O=C(Nc1ccc(Cl)c(Cl)c1)N1CCN(CC2CCCNC2)CC1,1,train
a5a87707b0b951e29ce2d4103bdc0b891494b4c7,CN1CCCC(CN2CCN(C(=O)Nc3ccc(Cl)c(Cl)c3)CC2)C1,1,train
3b25a2344aac1d4342a362c949e5e939fea9a29a,CN[C@H]1CC[C@@H](c2c[nH]c3ccc(N=C(N)c4cccs4)cc32)CC1,0,train
12eb0d5076069eb59269e5cbb054ea25110f7ce1,CCN[C@H]1CC[C@@H](c2c[nH]c3ccc(N=C(N)c4cccs4)cc32)CC1,0,train
6d87e8021abdca49221f997eca8931bae148b9ef,CNC1CCCC(c2c[nH]c3ccc(N=C(N)c4cccs4)cc23)C1,0,train
29a00634e0a050b9faa555f09db5b69f0c66b8eb,CCN[C@H]1CCC[C@@H](c2c[nH]c3ccc(N=C(N)c4cccs4)cc23)C1,0,train
dd65fc434986533aa21e4c1015bcc57633ab3508,C1=C/COCc2cc(ccc2OCCN2CCCC2)Nc2nccc(n2)-c2ccnc(c2)OCC/1,1,val
522c241c1047925ce4ba7c4870e218bb3699850f,C1=C/COCc2cc(ccc2OCCN2CCCC2)Nc2nccc(n2)-c2ccc(s2)COC/1,1,train
acb9d55d8f7bd74fcdd425d6e7e1748ef5c96068,CN1C[C@@H]2CN(c3ccc(-c4ccc5[nH]ccc5c4)nc3)C[C@@H]21,1,train
0926db016391ae9e72d7bad8186ffb14b400ec92,O=C(O)c1cc(CN2CCN(c3ccc(Br)cc3)CC2)c2ccccn2c1=O,1,train
a419ace5d77ebaa7792bdabf3534d3ed85c49f54,O=C(O)c1cc(CN2CCN(c3ccc(C(F)(F)F)cc3)CC2)c2ccccn2c1=O,1,train
84eace5b1f3d85a310a61239ab19d0a88b34beaa,COc1ccc(-c2cc(-c3ccc(S(C)(=O)=O)cc3)cnc2N)cn1,1,train
579f6b72d70c0013f1970bba4049b840ffd29118,CS(=O)(=O)c1ccc(-c2cnc(N)c(-c3ccc(C(F)(F)F)nc3)c2)cc1,1,train
586b00be363bca796de71833d1a8cd29b404a8ca,CC(C)(C)Oc1cccc2nc(N)nc(N)c12,0,train
d20660d8411312bdc8aa20177e42010ef96dd63a,Cc1cccnc1CN1CCC2(CC1)C(=O)N(c1ccc(-c3ccccc3)cc1)C(=O)N2c1cc(=O)[nH]cn1,1,train
5183c70897ff3bbeb5957211ed4d9de189f8139d,COc1cc(N2C(=O)N(c3ccc(-c4ccc(C(=O)O)cc4)cc3)C(=O)C23CCN(Cc2ncccc2C)CC3)ncn1,1,train
29434f8affac470050e4e4ab6e28b230be764205,COc1cc(N2C(=O)N(c3ccc(-c4cccc(C(=O)O)c4)cc3)C(=O)C23CCN(Cc2ncccc2C)CC3)ncn1,1,train
cdcd55c6013e2bc0b2d90135d84a93b028636d3f,COc1cc(N2C(=O)N(c3ccc(-c4ccccc4C(=O)O)cc3)C(=O)C23CCN(Cc2ncccc2C)CC3)ncn1,1,train
8f1237235d12afecee1f03faa2f87bc87aa537c1,COc1cc(N2C(=O)N(c3ccc(-c4ccc(C(=O)O)c(Cl)c4)cc3)C(=O)C23CCN(Cc2ncccc2C)CC3)ncn1,1,train
0ffd8b59068392749b4fb98bd1217801bd674b1a,COc1cc(N2C(=O)N(c3ccc(-c4ccc(C(=O)O)cc4F)cc3)C(=O)C23CCN(Cc2ncccc2C)CC3)ncn1,0,train
3d0ea381e502cc1e048f67b2274853f8c52a55f5,COc1cc(N2C(=O)N(c3ccc(-c4ccc(C(=O)O)cc4C)cc3)C(=O)C23CCN(Cc2ncccc2C)CC3)ncn1,0,train
655fa5ed18c24174111d1c819941a2b44f616f9a,COc1cc(N2C(=O)N(c3ccc(-c4ccc(C(=O)O)c(C)c4)cc3)C(=O)C23CCN(Cc2ncccc2C)CC3)ncn1,0,train
9f4da415f83c3ac0e9704107a3a084e9651980d4,Cc1cccnc1CN1CCC2(CC1)C(=O)N(c1ccc(C3CCCCC3)cc1)C(=O)N2c1cc(=O)[nH]cn1,1,test
5931045df22b72e32a62d13e8b9d150597584efa,Cc1cccnc1CN1CCC2(CC1)C(=O)N(c1ccc(N3CCC3=O)cc1)C(=O)N2c1cc(=O)[nH]cn1,0,test
ad1472a3a47b592be332d2eb60629a3c2cf4a562,COCc1nc(-c2ccc(N3C(=O)N(c4cc(=O)[nH]cn4)C4(CCN(Cc5ncccc5C)CC4)C3=O)cc2)no1,1,test
1dc41ff1b38a091d4ba058e93e094e1157cf848d,Cc1cccnc1CN1CCC2(CC1)C(=O)N(c1ccc(-n3cccn3)cc1)C(=O)N2c1cc(=O)[nH]cn1,1,train
20a7b1d5d0a71a7742e9661437d61091b3a13d7c,Cc1cccnc1CN1CCC2(CC1)C(=O)N(c1ccc(-c3ccno3)cc1)C(=O)N2c1cc(=O)[nH]cn1,0,test
902c6cc334a36404cbe7133881e52056f0e6b62d,Cc1nc(C)c(-c2ccc(N3C(=O)N(c4cc(=O)[nH]cn4)C4(CCN(Cc5ncccc5C)CC4)C3=O)cc2)s1,1,train
073d0b97f79c289018e56a59f412235e60e09376,COc1cc(N2C(=O)N(c3ccc(-c4ccc(C(=O)O)s4)cc3)C(=O)C23CCN(Cc2ncccc2C)CC3)ncn1,0,train
968de0dee5a83557c7231907f740dd3ef110bed1,COc1cc(N2C(=O)N(c3ccc(-c4csc(C(=O)O)c4)cc3)C(=O)C23CCN(Cc2ncccc2C)CC3)ncn1,1,val
9405449f1d165981d9e1d80a9997d977cf85f235,COc1cc(N2C(=O)N(c3ccc(-c4ccc(-c5cc[nH]n5)cc4)cc3)C(=O)C23CCN(Cc2ncccc2C)CC3)ncn1,1,test
0aa90cbd5624d2e01e5f0dc21d767bfd4b0393f9,Cc1cccnc1CN1CCC2(CC1)C(=O)N(c1ccc(-c3ccc(-c4cc[nH]n4)cc3)cc1)C(=O)N2c1cc(=O)[nH]cn1,1,val
b85d2e89534b39046652214ec2408f1673f22209,Cc1cccnc1CN1CCC2(CC1)C(=O)N(c1ccc(-c3ccc(N4CCOCC4)cc3)cc1)C(=O)N2c1cc(=O)[nH]cn1,0,train
c526b3c9dc11e84158685da4f97f4a07093fce2f,COc1cc(N2C(=O)N(c3ccc(-c4ccc(-c5cc(=O)[nH][nH]5)cc4)cc3)C(=O)C23CCN(Cc2ncccc2C)CC3)ncn1,0,train
da7842540e8d4c7efc55f02260d4f8c1801eb891,COc1cc(N2C(=O)N(c3ccc(-c4ccc5c[nH]nc5c4)cc3)C(=O)C23CCN(Cc2ncccc2C)CC3)ncn1,1,test
272f5d81f03b4a0eb8d3da740002e7e4e5e2a2f0,COc1cc(N2C(=O)N(c3ccc(-c4ccc5[nH]ncc5c4)cc3)C(=O)C23CCN(Cc2ncccc2C)CC3)ncn1,1,test
45813ac1991dc8821ac782f8d59748b6a70dd162,COc1cc(N2C(=O)N(c3ccc(-c4ccc5[nH]cnc5c4)cc3)C(=O)C23CCN(Cc2ncccc2C)CC3)ncn1,0,test
96d38268915d9330cdbc078ecf2c1dc866258fca,Cc1cccnc1CN1CCC2(CC1)C(=O)N(c1ccc(-c3ccc4scnc4c3)cc1)C(=O)N2c1cc(=O)[nH]cn1,1,test
3395165c8dc8d70f6ad0206b89860b7b8f29e5f5,COc1cc(N2C(=O)N(c3ccc(-c4ccc(C#N)cc4)cc3)C(=O)C23CCN(Cc2ncccc2C)CC3)ncn1,1,train
954794275dee53936e1d878d9fb694e3daffb7e2,COc1cc(N2C(=O)N(c3ccc(-c4ccc(C(N)=O)cc4)cc3)C(=O)C23CCN(Cc2ncccc2C)CC3)ncn1,1,train
91b1933d31696e957661815d84c37c7b7b567c28,CNC(=O)c1ccc(-c2ccc(N3C(=O)N(c4cc(OC)ncn4)C4(CCN(Cc5ncccc5C)CC4)C3=O)cc2)cc1,1,train
1f2874e296aa96a708e10d7a5e26a7f5f54166be,COc1cc(N2C(=O)N(c3ccc(-c4ccc(C(=O)N(C)C)cc4)cc3)C(=O)C23CCN(Cc2ncccc2C)CC3)ncn1,1,train
f8059dd8d87aa3b0246422f4935fdca653cda715,COc1cc(N2C(=O)N(c3ccc(-c4ccc(C(=O)O)cc4)nc3)C(=O)C23CCN(Cc2ncccc2C)CC3)ncn1,0,train
658a4c8e9944569a724c069d2145a7c58cf4a34c,COc1cc(N2C(=O)N(c3ccc(-c4ccc(C(=O)O)cc4C)nc3)C(=O)C23CCN(Cc2ncccc2C)CC3)ncn1,1,train
b3d16b5cb22ac7ebc8c96830a61bcb8d85bfb344,Cc1cc(C(=O)O)ccc1-c1ccc(N2C(=O)N(c3cc(=O)[nH]cn3)C3(CCN(Cc4ncccc4C)CC3)C2=O)cn1,0,val
1882591ba2e0f52958c23e7aa81948cc321df6bb,Cc1cc(N2C(=O)N(c3ccc(-c4ccc(C(=O)O)cc4C)cc3)C(=O)C23CCN(Cc2ncccc2C)CC3)ncn1,0,train
4c39f33f38a5175663b8debbaca97e09f616f75d,Cc1cc(C(=O)O)ccc1-c1ccc(N2C(=O)N(c3cc(C(F)(F)F)ncn3)C3(CCN(Cc4ncccc4C)CC3)C2=O)cc1,0,train
dbcd61b364bfe405742e65ff3f511ba36ab92707,Cc1nccc(N2C(=O)N(c3ccc(-c4ccc(C(=O)O)cc4C)cc3)C(=O)C23CCN(Cc2ncccc2C)CC3)n1,0,train
84d14c0e55b95caa558c0d5d1a191c718f648e5f,COc1nccnc1N1C(=O)N(c2ccc(-c3ccc(C(=O)O)cc3C)cc2)C(=O)C12CCN(Cc1ncccc1C)CC2,1,train
b929f74428bf2e431ad6bb33d9751a16b7554bdb,Cc1cc(C(=O)O)ccc1-c1ccc(N2C(=O)N(c3nccnc3C)C3(CCN(Cc4ncccc4C)CC3)C2=O)cc1,1,train
5dca56f6f190125a8df66649486330741699b2e1,Cc1cccnc1CN1CCC2(CC1)C(=O)N(c1ccc(-c3ccc(C(=O)O)cc3)cc1)C(=O)N2c1ncccn1,0,train
abdd688aee764d41bb7ae71b0e6a4d048f93fbce,Cc1cc(C(=O)O)ccc1-c1ccc(N2C(=O)N(c3ncccn3)C3(CCN(Cc4ncccc4C)CC3)C2=O)cc1,0,train
a9fad3d44dd37cffac40dfb152181e9f94297436,Cc1cccnc1CN1CCC2(CC1)C(=O)N(c1ccc(-c3ccc(C(=O)O)cc3)cc1)C(=O)N2c1cnccn1,0,train
652d834fc7dd17a8870275a32ea018a70cda556b,Cc1cc(C(=O)O)ccc1-c1ccc(N2C(=O)N(c3cnccn3)C3(CCN(Cc4ncccc4C)CC3)C2=O)cc1,1,train
ef814e14478068bde541ecfbfa42c08f1c7cba48,Cc1cc(C(=O)O)ccc1-c1ccc(N2C(=O)N(c3cnccn3)C3(CCN(Cc4ncccc4C)CC3)C2=O)cn1,1,val
a3abdc441f19fa32ed03d3882f378adeda3e52cd,Cc1cccnc1CN1CCC2(CC1)C(=O)N(c1ccc(-c3ccc(C(=O)O)cc3)cc1)C(=O)N2c1ccncn1,0,train
4524f611e955e8e57e663946e4e62c461c1d2500,Cc1cc(C(=O)O)ccc1-c1ccc(N2C(=O)N(c3ccncn3)C3(CCN(Cc4ncccc4C)CC3)C2=O)cc1,0,train
7a194c3fc338583f3f7ad780cfb8f58164e27e38,CC(C)COc1cccc(/C=C2\SC(=O)NC2=O)c1N1CCC[C@@H](N)C1,0,val
f48316ca99af23b80ff0c77f9859e4fb4197bb31,c1ccc(CCNCCC(c2ccccc2)c2ccccc2)cc1,1,train
6772cc4a8b787e855092647ccf7ba325011d7c99,c1ccc(CCCNCCC(c2ccccc2)c2ccccc2)cc1,1,val
f3c85cc6461544194091282e26df79b436fb5760,c1ccc(CCNCCN(c2ccccc2)c2ccccc2)cc1,1,train
e6d62ee21bbd28ab1162877137ed0853cdd38130,c1ccc(CCCNCCN(c2ccccc2)c2ccccc2)cc1,1,train
89a051df001b9a2edb1d13b13f2eced7a76a90ea,Fc1ccc(N(CCNCCc2ccccc2)c2ccc(F)cc2)cc1,1,train
84ecad1afa454bc578a2774c2b9209e80d5addd7,Fc1ccc(N(CCNCCCc2ccccc2)c2ccc(F)cc2)cc1,1,train
140c61e6d10ad73c22063465aaccd97cbf10c861,O=C(Cc1ccccc1)NCCN(c1ccccc1)c1ccccc1,1,test
aa2d2358fe7290fcdbe9211ab026f3073f19bf4d,O=C(CCc1ccccc1)NCCN(c1ccc(F)cc1)c1ccc(F)cc1,1,train
926499a188553c0596e084153662e2f2911126ed,O=C1COc2ccccc2N1CCCN1CCC(n2c(=O)[nH]c3cc(F)ccc32)CC1,1,train
8fdd576ffa084aa4b3ecc6c9c0d7dd0114cc843f,O=c1[nH]c2ccccc2n1C1CCN(CCOc2ccccc2)CC1,1,train
35417db95a36612471f9e8125408bbf6b71c5d62,O=C1CCc2cc(F)ccc2N1CCCN1CCC(n2c(=O)[nH]c3ccccc32)CC1,1,train
570d7ba2456d8312c85624c73bca37bdde3a5614,O=C1COc2ccccc2N1CCCN1CCC(n2c(=O)[nH]c3c(F)cccc32)CC1,1,train
b048e1d942a4b37e504b99f29e8b2a88db5f1338,O=C1CCc2ccccc2N1CCCN1CCC(c2ccc3[nH]ccc3c2)CC1,1,train
5c3defcef681c383350da968500760b0e7ff5d03,O=C1COc2ccccc2N1CCCN1CCC(n2c(=O)[nH]c3ccc(F)cc32)CC1,1,train
c4c67d649e39ee4ac22fcbec412b187c1845e7a5,O=C1CCc2c(F)cccc2N1CCCN1CCC(n2c(=O)[nH]c3ccccc32)CC1,1,train
f360e278973b200ef269799b7acc73a4f686801e,O=C1CCc2ccc(F)cc2N1CCCN1CCC(n2c(=O)[nH]c3ccccc32)CC1,1,train
2251b9be03f873c6995a2171d450eb626a82ebf0,O=C1CCc2cccnc2N1CCCN1CCC(n2c(=O)[nH]c3ccccc32)CC1,1,train
0740117140e4a2ce4d784f4e1d854a3265a9243e,O=C1COc2ccccc2N1CCCN1CCC(n2c(=O)[nH]c3cccc(F)c32)CC1,1,train
395dd98fafb6c5171d98319016d6d5a7dc701db6,O=C1COc2ccccc2N1CCCN1CCC(n2c(=O)[nH]c3ccccc32)CC1,1,train
2e578e9ddd3722e961d386b38a90fd94e90e81d8,O=C1CCc2ccccc2N1CCCN1CCC(n2c(=O)[nH]c3ccccc32)CC1,1,train
da798873c8303fc880a06ebb44a2220dd1179556,O=C1CCc2cccc(F)c2N1CCCN1CCC(n2c(=O)[nH]c3ccccc32)CC1,1,train
527ee3e0a48b385d795ee738fd1037a5b6cdcfe5,O=C1CCc2ccccc2N1OCCN1CCC(n2c(=O)[nH]c3ccccc32)CC1,1,train
bd39c4a0a98bb792701139324a4d6473fa7b91f8,O=C1COc2ccccc2N1CCCN1CCC(n2c(=O)[nH]c3cccnc32)CC1,0,train
59e8d9f869e7a6238b60905182eae7c44156c930,O=C(Cc1ccccc1)NC1CCN(CCCN2C(=O)COc3ccccc32)CC1,0,train
e8c49a80bf7afdbd5f1658ea101ce3016a075947,O=C1COc2ccccc2N1CCCN1CCC(n2c(=O)[nH]c3ncccc32)CC1,0,val
28a68cd6693d10a85ebe11daa9ddc6d8c3936cf4,O=C1COc2ccccc2N1CCCN1CCC(n2c(=O)[nH]c3cnccc32)CC1,0,val
e08489357df456bcdb32d20c30405b5145930481,CC(C)(N)C(=O)N1CCn2c(nc(-c3ccc(F)cc3)c2Nc2ccc(F)cc2)C1(C)C,0,train
aa2213c227681ba0bfa348cad5aa266649e1b479,CC1(C)c2nc(-c3ccc(F)cc3)c(Nc3ccc(F)cc3)n2CCN1C(=O)CN,0,train
73663d12a5579510f69145b49bef758efade88af,CC(C)[C@@H]1c2nc(-c3ccc(F)cc3)c(Nc3ccc(F)c(Cl)c3)n2CCN1C(=O)CN,0,train
b4a14cb41b01678e1a27ff8f891a0c947fac4158,CC(=O)Nc1ccc2ccn(-c3cc(NC4CC4)n4ncc(C#N)c4n3)c2c1,1,val
80faf6296b3b297ce3592404c1e3000d62450287,O=C1CC(c2nc(-c3cccc(Cl)c3)no2)CN1c1ccc(F)cc1,1,train
6bad9ece9a89c14f86eea94296db5ed25cbac84b,Cc1cccc(-c2noc(C3CC(=O)N(c4ccc(F)cc4)C3)n2)c1,1,train
fb3f91a413618ef855a2cde03f2c3fe83f12e2fe,CCCCOc1ccc(C(=O)N[C@@H]2COc3cccc(N4CCN(C)CC4)c3C2)cc1,1,train
c6ae42797e8fe3b9d5b19bd3ecf10b7f0f347255,CN1CCN(c2cccc3c2C[C@H](NC(=O)c2ccc(OC(F)(F)F)cc2)CO3)CC1,1,train
49625845ae069cd43ef3578f6f300f5558778a9b,CN1CCN(c2cccc3c2C[C@H](NC(=O)c2ccc(OCC(F)(F)F)nc2)CO3)CC1,1,train
ed2e18807d7da7db221306088958ea8aa61635be,CN1CCN(c2cccc3c2C[C@H](NC(=O)c2ccc(OCCC(F)(F)F)nc2)CO3)CC1,0,train
cc75a900a067eeaad77468656010c5f76cd52474,Cc1nn(-c2ccccc2)nc1C(=O)N[C@@H]1COc2cccc(N3CCN(C)CC3)c2C1,1,train
5e77c4f8f4659dac504febd27e1d5ae2a0e3dd41,Cc1ccc(-n2nc(C)c(C(=O)N[C@@H]3COc4cccc(N5CCN(C)CC5)c4C3)n2)c(C)c1,1,train
889ee737f99b6b9706f048a7db6ed50ffa2aca9f,O=C(N[C@@H]1COc2cccc(-c3ccncc3)c2C1)c1ccc(OC(F)(F)F)cc1,1,val
b2ecdab34485b9bbaffd75a3a775073cc7f1f441,O=C(N[C@@H]1COc2cccc(-c3cccnc3)c2C1)c1ccc(OCC(F)(F)F)nc1,0,train
6c6ad20727a06b364aff57762d72eb8cdfbdf7dd,O=C(N[C@@H]1COc2cccc(-c3ccncc3)c2C1)c1ccc(OCC(F)(F)F)nc1,1,train
4a49705451248f79be14fbce110e2f239e56d2d1,COc1ncc(-c2cccc3c2C[C@H](NC(=O)c2ccc(OCC(F)(F)F)nc2)CO3)cc1F,0,train
2e473eba4999baa814a8b61647367f8b88cc4365,O=C(N[C@@H]1COc2cccc(-c3ccc(CO)nc3)c2C1)c1ccc(OCC(F)(F)F)nc1,1,train
7f81fe175df08d61dc883b9e8feca0435939d1fb,O=C(N[C@@H]1COc2cccc(-c3ccnc(CO)c3)c2C1)c1ccc(OCC(F)(F)F)nc1,0,train
40c6718a079f2cf4e7d5a6151f60a10f82859f1c,O=C(N[C@@H]1COc2cccc(-c3ccc(CO)nc3)c2C1)c1ccc(OCCOCC(F)(F)F)nc1,0,train
751d5af3a25d305d6ddab24ff47d65374bd27db5,Cc1nn(-c2ccccc2)nc1C(=O)N[C@@H]1COc2cccc(-c3ccncc3)c2C1,1,test
f5ef980d208a85e421b8ad50fed05a7b72deb97f,O=C(N[C@@H]1COc2cccc(-c3cncnc3)c2C1)c1ccc(OCCC(F)(F)F)nc1,1,train
397ebd5fc3274ce5edb21d52f6bf06c25f078cfb,COc1ncc(-c2cccc3c2C[C@H](NC(=O)c2ccc(OCC(F)(F)F)nc2)CO3)cn1,1,train
8cdd2162957b798e7a6d8464d67fc6468fbf285b,COc1ncc(-c2cccc3c2C[C@H](NC(=O)c2ccc(OCCC(F)(F)F)nc2)CO3)cn1,0,train
c6e826564bc10c8905a1f447f321b7729bdfc83c,COc1ncc(-c2cccc3c2C[C@H](NC(=O)c2ccc(COCC(F)(F)F)nc2)CO3)cn1,0,train
c2637f83bfe0138bbf866b47b4f37b0751f4c560,Cc1ncc(-c2cccc3c2C[C@H](NC(=O)c2ccc(OCC(F)(F)F)nc2)CO3)cn1,1,train
796d8b50bb1ab5eea5554d51705e0c5854a9b7f4,COc1cnc(-c2cccc3c2C[C@H](NC(=O)c2ccc(COCC(F)(F)F)nc2)CO3)cn1,0,val
9f2b6487362575150919c8d97a5dcde8c56d5895,CCCCC1(CCCC)N[C@@H](c2nc(-c3ccccc3)c[nH]2)Cc2c1[nH]c1ccccc21,1,train
3fc4daac7c2ac9eeb7ede30d90d5c66b517cae04,c1ccc(-c2c[nH]c([C@H]3Cc4c([nH]c5ccccc45)C(C4CCCCC4)N3)n2)cc1,1,train
407befe99acd2ac55e6b4bf69706686b4951aabd,CCOCC1(COCC)N[C@@H](c2nc(-c3ccccc3)c[nH]2)Cc2c1[nH]c1ccccc21,1,train
ff2a21ee5489082b6f4d0adb380e94141186e817,c1ccc(-c2c[nH]c([C@H]3Cc4c([nH]c5ccccc45)[C@@H](C4CCOCC4)N3)n2)cc1,1,train
ef5eb121986c90fc0e30505a74fda6bfdbd76b1c,c1ccc(-c2c[nH]c([C@H]3Cc4c([nH]c5ccccc45)[C@H](C4CCOCC4)N3)n2)cc1,1,train
968c3280c452b06ead983e8bd1a132ecd5614b8b,c1ccc(-c2c[nH]c([C@H]3Cc4c([nH]c5ccccc45)C(C4CCOC4)N3)n2)cc1,1,train
7354e4a68d376b52bcc9bd84089d61041fff8dc7,c1ccc(-c2c[nH]c([C@H]3Cc4c([nH]c5ccccc45)C(C4CCSCC4)N3)n2)cc1,1,train
700dffa5b9875c79bebd34d8c094bedf97a52793,[O-][S+]1CCC(C2N[C@@H](c3nc(-c4ccccc4)c[nH]3)Cc3c2[nH]c2ccccc32)CC1,1,val
a97afe78423fffe5aa9da5b8a3b4045891868087,O=S1(=O)CCC(C2N[C@@H](c3nc(-c4ccccc4)c[nH]3)Cc3c2[nH]c2ccccc32)CC1,1,train
5f0a25d1d95b499894db0e8c1baff2dd5302830f,c1ccc(-c2c[nH]c([C@H]3Cc4c([nH]c5ccccc45)C(C4CCNCC4)N3)n2)cc1,1,train
3a1362ba189afc662b30053675849da611c18c53,CC(=O)N1CCC(C2N[C@@H](c3nc(-c4ccccc4)c[nH]3)Cc3c2[nH]c2ccccc32)CC1,1,train
dfaa5fd76fe4b3688b52435fcb34bd1a95b5ea52,CS(=O)(=O)N1CCC(C2N[C@@H](c3nc(-c4ccccc4)c[nH]3)Cc3c2[nH]c2ccccc32)CC1,1,train
e6cb957228f7ea0cdafac9fadbfb33377022ad55,COC(=O)N1CCC(C2N[C@@H](c3nc(-c4ccccc4)c[nH]3)Cc3c2[nH]c2ccccc32)CC1,1,train
a666edd1eb327299ea6a3ca17c85fe2b6c09ec65,CNC(=O)N1CCC(C2N[C@@H](c3nc(-c4ccccc4)c[nH]3)Cc3c2[nH]c2ccccc32)CC1,1,train
64c3968217ec279cf34640d10ab0fb9e2c38daa2,c1ccc(CN2CCN(Cc3nc(-c4ccccc4)no3)CC2)cc1,0,test
1f080e5d761f35bbc7e50d8d4746f3061b93484b,c1ccc(CN2CCN(Cc3nnc(-c4ccccc4)o3)CC2)cc1,0,val
9b7afd381e4cc48cc7f1cee06ad784be710a9052,CN(Cc1nc(=O)c2ccccc2[nH]1)Cc1nc(-c2ccccc2)no1,0,test
aff3568964937001a3fdc1645bce2c1863a7f682,c1ccc(-c2noc(CN3CCN(Cc4nc5ccccc5s4)CC3)n2)cc1,0,train
c5803a006725146e0630207c60a634aee07634d8,c1ccc(-c2nnc(CN3CCN(Cc4nc5ccccc5s4)CC3)o2)cc1,0,val
b060fcba35d12fc18f797c8790c2c06a914373fe,C[C@@H](Oc1nnc(-c2ccncc2)n1C)c1noc(-c2cccc(Cl)c2)n1,0,train
6e9475a4931ac71629d70fdb186e5c28cd8179a6,C[C@@H](Oc1nnc(-c2ccncc2)n1C)c1nnc(-c2cccc(Cl)c2)o1,0,val
41c717271fbe2ea8fa49dbca272eeb355d648c19,c1cncc(-c2ccc(-c3noc(C4CN5CCC4CC5)n3)o2)c1,1,val
61fafee610c04b9c623353f4f49d606a9b9a2ec0,c1cncc(-c2ccc(-c3nnc(C4CN5CCC4CC5)o3)o2)c1,0,train
00b23f2c1a66fad6d6b7fb702a0ac013045c2b55,CCOC(=O)N1CCN(Cc2noc(-c3cc(Cl)ccc3F)n2)CC1,0,train
9c0d02880861cdf29fa1a59755892d2094db5035,CCOC(=O)N1CCN(Cc2nc(-c3cccc(Cl)c3)no2)CC1,0,test
ef54b5edc30be0f5a31461eed0e7af420a847466,N#CC1(NC(=O)C2CCCCC2C(=O)N2CCN(c3ccc(F)cc3)CC2)CC1,0,train
68375683ab62eba14aefdf58ab26451b14d0887a,N#CC1(NC(=O)C2CCCCC2C(=O)N2CCN(c3nc4ccccc4s3)CC2)CC1,1,val
11ae99256153ac11bbefe5d2324ea77043ced02e,CC(C)(C)c1csc(N2CCN(C(=O)C3CCCCC3C(=O)NC3(C#N)CC3)CC2)n1,1,train
9728868b07b7d10d0d8153dc2344b017e81f0540,N#CC1(NC(=O)C2CCCCC2C(=O)N2CCN(c3nc(C(F)(F)F)cs3)CC2)CC1,0,train
178c8016b98554661fa92d68ca6dc19657aba884,Cc1sc(N2CCN(C(=O)C3CCCCC3C(=O)NC3(C#N)CC3)CC2)nc1C(F)(F)F,0,train
d0caea29b1490d19ee128248723eefe3fbe7f891,N#CC1(NC(=O)C2CCCCC2C(=O)N2CCN(c3nc(C(F)(F)F)c(Cl)s3)CC2)CC1,0,train
42020bef064e4a6988d2d6797d56fcb713240ac8,N#CC1(NC(=O)C2CCCCC2C(=O)N2CCN(c3nc(-c4ccccc4)cs3)CC2)CC1,0,test
3e11a982ff0a6f811acd494de8c1c6d76ce51d0e,NC(=O)Nc1cc(-c2cccc(F)c2)sc1C(=O)N[C@H]1CCCNC1,0,train
19d3e964ad4a8926ceceac0eb1f05b1ea1e8c8a6,C=CCc1ccccc1OC(C)C1=NCCN1,0,train
78564e20232b7ea703df0be2c357a88eda16dced,CC(Oc1ccccc1CC1CC1)C1=NCCN1,1,train
fb203178e9af91cf52dcf29011c614c4dd5ff9cd,COc1ccc(-c2cc(NC(=O)CCCCN3CCCN(C(C)=O)CC3)[nH]n2)cc1,0,train
31b0b74d4ce3ab05aea2859f385b5a1a9d022339,CC(C)c1nc(N2CCN(c3ncc(OCc4ccncc4C#N)cn3)[C@H](C)C2)no1,1,train
850c94ad5a1e01bd923c787ea1033d21846e937e,CCN1CCC(Nc2ccc3c(c2)=C(C(c2ccc(Cl)cc2)c2ncc[nH]2)C(=O)N=3)CC1,1,val
f463be40eb8d65b62753191823482e3a16c24ad3,O=S(=O)(c1cccc(F)c1)C1(F)CCN(CCc2ccc(F)cc2F)CC1,1,train
f80880bbf42e87c21143f39d6531d7b08d9a8597,CCCCN1CCC[C@@H]1Cn1nc(Cc2ccc(Cl)cc2)c2cnccc2c1=O,1,train
71e2e74751282af13efb8c18a8081173b7fe7a93,COCCN1CCC[C@@H]1Cn1nc(Cc2ccc(Cl)cc2)c2cnccc2c1=O,1,train
bf66ec18499c6dd42d4a1dc0b1f2736b1757645f,CN1CCC[C@@H]1Cn1nc(Cc2ccc(Cl)cc2)c2cccnc2c1=O,1,train
409268f64c26dd8a64eff98adb2f160a4662f7c0,CCCCN1CCC[C@@H]1Cn1nc(Cc2ccc(Cl)cc2)c2cccnc2c1=O,1,train
1a710e8429a894454f1976aa8c51b3e50671873f,COCCN1CCC[C@@H]1Cn1nc(Cc2ccc(Cl)cc2)c2cccnc2c1=O,1,train
be3ebfa9514c48e949f7e2ceeafc92ba8c941638,CN1CCC[C@@H]1Cn1nc(Cc2ccc(Cl)cc2)c2ncccc2c1=O,1,train
941269150e62c501f50c2eaf6f55d0eb816e21ec,CCCCN1CCC[C@@H]1Cn1nc(Cc2ccc(Cl)cc2)c2ncccc2c1=O,1,train
1f655dd77494cc024f9b35858d2d608e4dd2a09b,COCCN1CCC[C@@H]1Cn1nc(Cc2ccc(Cl)cc2)c2ncccc2c1=O,1,train
c56568be1a36aed22755cfa4e25fc5617b9de459,CN1CCC[C@@H]1Cn1nc(Cc2ccc(Cl)cc2)c2nccnc2c1=O,1,test
334564118cead68b48491c4995dcf2f1d5efe0cc,O=c1c2ccncc2c(Cc2ccc(Cl)cc2)nn1C[C@H]1CCCN1CCCCc1ccc(OCCCN2CCCCCC2)cc1,1,val
fcf1221959167e16f22919656e95f42dc9a7e432,CN1CCC[C@@H]1Cn1nc(Cc2ccc(Cl)cc2)c2ccccc2c1=O,1,train
839abedd6fd91d3dc72b6220b5942f2b1b280673,CCCCN1CCC[C@@H]1Cn1nc(Cc2ccc(Cl)cc2)c2ccccc2c1=O,1,train
bc5f110c7897120971f7e1a7965738b79c5a59b5,COCCN1CCC[C@@H]1Cn1nc(Cc2ccc(Cl)cc2)c2ccccc2c1=O,1,train
b4c5eff9a9554b938a1869f2c12eaf1c3ce1ba19,CN1CCC[C@@H]1Cn1nc(Cc2ccc(Cl)cc2)c2ccncc2c1=O,1,test
a3d0a790ae61174d5d293af2bb898bc6b19be04f,CN1CCC[C@@H]1Cn1nc(Cc2ccc(Cl)cc2)c2cnccc2c1=O,1,train
bf29e2cf1bb503e9f03fad87f67dee288c47b352,Cc1cc2c(cc1F)[nH]c(=O)n2C1CCN(C2CCOCC2)CC1,0,train
8c63b9a8f826fa41a0669792c2bc422a86ffc755,Cc1ccc2[nH]c(=O)n(C3CCN(C4CCOCC4)CC3)c2c1,0,train
9aee03ae300b1bb4ff953e2eb710a27816169432,O=c1[nH]c2ccccc2n1C1CCN(CCCOc2ccc(F)cc2)CC1,1,train
bf2720591a8f1852f676cdbff60b8162efefba0a,O=[N+]([O-])c1ccc(CCN2CCNCC2)cc1,1,train
df7932c26fa9128338d9cd2225ed9501edc31070,O=[N+]([O-])c1ccc(CCN2CCN(CCc3ccc([N+](=O)[O-])cc3)CC2)cc1,1,train
1e7cd7c05500d55e3d4642416ef558f68e3e528d,N#Cc1ccc(CCN2CCN(CCc3ccc([N+](=O)[O-])cc3)CC2)cc1,1,train
10e01e6b1103cf6f364b59a19e2aee30f3de63b1,N#Cc1cccc(CCN2CCN(CCc3ccc([N+](=O)[O-])cc3)CC2)c1,1,train
c34750fda140c2cab93c34ef9d724028b6819279,O=[N+]([O-])c1ccc(CCN2CCN(CCc3ccc4nonc4c3)CC2)cc1,1,train
eacd1f18a0b7976835b954042cd16f7d808a1bea,O=[N+]([O-])c1ccc(CCN2CCN(CCc3ccc(-c4ncco4)cc3)CC2)cc1,1,val
1aec89bac59d800971eb20994405896288fb8cf8,O=C1OCc2c1cccc2-c1ccc(CCN2CCN(CCc3ccc([N+](=O)[O-])cc3)CC2)cc1,1,test
c96dd5bbf12ee6ad2eb66eedcacbd5da7bf4d3e2,CCOC(=O)c1ccc(CCN2CCN(CCc3ccc([N+](=O)[O-])cc3)CC2)cc1,1,train
0bae10cdc8d9de30e104434bc5ee2953ceaf21d3,O=[N+]([O-])c1ccc(CCN2CCN(CCc3ccc(F)cc3)CC2)cc1,1,train
0a4d0cc3bf09b8d5fe6a62ea2aae33289c3c1c8b,COc1ccc(CCN2CCN(CCc3ccc([N+](=O)[O-])cc3)CC2)cc1,1,train
ff19e926b1fa6be32ab5bc0f8804127d4386b2dc,CS(=O)(=O)c1ccc(CCN2CCN(CCc3ccc([N+](=O)[O-])cc3)CC2)cc1,1,train
31d1b459958dfc0beea073307cbccff62242f7c1,CC(CN1CCN(CCc2ccc([N+](=O)[O-])cc2)CC1)c1ccc([N+](=O)[O-])cc1,1,train
6154344423ae641c6854f8aab1bfb8c030066de8,CC(Cc1ccc([N+](=O)[O-])cc1)N1CCN(CCc2ccc([N+](=O)[O-])cc2)CC1,1,train
f8adffbb55e575fed5f0c6cfde36a411f6fd6943,CC1CN(CCc2ccc([N+](=O)[O-])cc2)CCN1CCc1ccc([N+](=O)[O-])cc1,1,train
a067b6688dc8236d4b4ee9f766101b039172c85e,N#Cc1ccc(CCN2CCN(CCc3ccc(C#N)cc3)CC2)cc1,1,train
6539fd1819330196653da6159019187aafeb9711,c1cc2nonc2cc1CCN1CCN(CCc2ccc3nonc3c2)CC1,1,train
3666aae61b8947545c8a974687fce0f4712cfb5f,O=C1OCc2cc(CCN3CCN(CCc4ccc5c(c4)COC5=O)CC3)ccc21,1,train
024904cc3a0a2accd3013108b1d9d72e3001592f,N#Cc1ccc(CCN2CCN(CCc3ccc4c(c3)COC4=O)CC2)cc1,1,train
4591526557049622cf6ab1f39a22d16bc887326d,O=C1OCc2cc(CCN3CCN(CCc4ccc5nonc5c4)CC3)ccc21,1,test
aaa96aa7a87186fb7663a862caf0b0d6c0c3a1c9,N#Cc1ccc(CCN2CCN(CCc3ccc4nonc4c3)CC2)cc1,1,train
8cfdcfa5baea6c3221ef412886ba9a8291dbb987,N#Cc1ccc(CCN2CCN(CCc3ccc4c(c3)COC4=O)CC2)cc1F,1,train
bb4249c302bc769ec90a9c88986788c2d3368d5e,N#Cc1ccc(CCN2CCN(CCc3ccc4c(c3)COC4=O)CC2)cc1Cl,1,train
95fb731854b96ade4b15216b0e046d063d07fc20,N#Cc1ccc(CCN2CCN(CCc3ccc4c(c3)COC4=O)CC2)cc1Br,1,train
edf92f101b4047d6208b8912930b6902f11a1513,COc1cc(CCN2CCN(CCc3ccc4c(c3)COC4=O)CC2)ccc1C#N,1,train
4aca29d29550d19ab4092d866348d1ceace12a8d,CCOc1cc(CCN2CCN(CCc3ccc4c(c3)COC4=O)CC2)ccc1C#N,1,train
e23f911e5b2218c4829f651eb42ee599458b8b71,N#Cc1ccc(CCN2CCN(CCc3ccc4c(c3)COC4=O)CC2)cc1OC(F)(F)F,1,train
2fcae1846c1b960c4aedcd0d40331b009fd6aabe,N#Cc1ccc(CCN2CCN(CCc3ccc4c(c3)COC4=O)CC2)cc1OC1CC1,1,test
0ba9e4925bbd0098b7f65e0df20fece8b2e0d635,CSc1cc(CCN2CCN(CCc3ccc4c(c3)COC4=O)CC2)ccc1C#N,1,train
7ce271cca75a81564ad3d4541ebb7e2687ac3a72,CNc1cc(CCN2CCN(CCc3ccc4c(c3)COC4=O)CC2)ccc1C#N,1,train
228616354fa983d4779a275adcf93984845a8929,CS(=O)(=O)c1cc(CCN2CCN(CCc3ccc4c(c3)COC4=O)CC2)ccc1C#N,1,train
45e21af2ae642fbb73b8811d9a33252aa66ab0f0,Cc1cc(C#N)ccc1-c1ccnc(NCc2[nH]nc3ncccc23)c1,1,train
ac29d3119005371f3b6f7a2d132db6f9401b9614,Cc1cc(C#N)ccc1-c1ccnc(NCc2[nH]nc3nc(F)ccc23)c1,1,train
c33a20a42f3d02f4425f83b40d6b2e25b6d02c91,Cc1cc(C#N)ccc1-c1ccnc(NCc2[nH]nc3nc(N)ccc23)c1,1,train
d715710b894e71b5b628edad0c3a103289ea3140,Cc1cc(C#N)ccc1-c1ccnc(NCc2[nH]nc(-c3ccccc3)c2Cl)c1,0,val
8afba7d1bede2a511af3a9d76a853d1706de782a,Cc1cc(C#N)ccc1-c1ccnc(NCc2cc(-c3ccccn3)[nH]n2)c1,1,train
0a713bff40818fe59e4396562cb16503cc4c36fd,COCc1ccc2c3nc(N4CCC[C@@H](N)C4)n(Cc4ccccc4Cl)c3c(=O)n(C)c2c1,1,train
fec972152a52e0dbab42f472ca7a22a09275b3ab,Cn1c(=O)c2c(nc(N3CCC[C@@H](N)C3)n2Cc2ccccc2Cl)c2ccc(C#N)cc21,1,train
814698cd6e7b86965229ea609363a1a079e69886,COc1ncc(-c2ccccc2CCNC(=O)c2ccc(OCCC(F)(F)F)nc2)cn1,1,train
33eeeb7d0832625a61e02fe1063e347e40d48231,COc1cnc(-c2ccccc2CCNC(=O)c2ccc(OCCC(F)(F)F)nc2)cn1,0,train
f4f8d541f12177f782ef2c4630aadadd3d3c11a0,O=C(NCCc1ccccc1-c1cnc(OC(F)F)cn1)c1ccc(OCCC(F)(F)F)nc1,1,train
5a7525a1709b51d00455d2ff6cc9db9a59a52fc9,O=C(NCCc1ccccc1-c1cccnc1)c1ccc(OCCC(F)(F)F)nc1,1,train
ad3b77be8cef8c110436dbe38cfc47890a38ff84,Cc1ncc(-c2ccccc2CCNC(=O)c2ccc(OCCC(F)(F)F)nc2)cn1,0,train
871f3116974ea540fd1cecc7394e3dd3e1192d37,Cc1ncc(-c2ccccc2CCNC(=O)c2ccc(OCCOCC(F)(F)F)nc2)cn1,0,train
69c832147fa55336249d35a1f7a632a66909d3d6,Cc1ncc(-c2ccccc2CCNC(=O)c2ccc(C(=O)NCCCC(F)(F)F)nc2)cn1,0,train
9560faa41f600bde17c43e4d0ee3f2edd58d7b55,COc1ncc(-c2cccc(C)c2CCNC(=O)c2ccc(OCCC(F)(F)F)nc2)cn1,1,train
a46be1b4d9e30ab39bc7d3cbf02d0aabddc320d1,COc1ncc(-c2cccc(F)c2CCNC(=O)c2ccc(OCCC(F)(F)F)nc2)cn1,1,train
bbe1bfa1d7a4253194458ca42977228cdf67fe67,COc1ncc(-c2cccc(Cl)c2CCNC(=O)c2ccc(OCCC(F)(F)F)nc2)cn1,1,train
7e89bcf5cb93abd142ee8b5cead301f14336a443,COc1ccc(CCNC(=O)c2ccc(OCCC(F)(F)F)nc2)c(-c2cnc(OC)nc2)c1,1,train
0dc8e11ce10abbf6396d835a14e3eb8d611f693e,COc1ncc(-c2cccc(OC(F)F)c2CCNC(=O)c2ccc(OCCC(F)(F)F)nc2)cn1,1,train
6fde25e920a250309d0aa85593786ab840f55bc8,COc1ncc(-c2c(C)ccc(F)c2CCNC(=O)c2ccc(OCC(F)(F)F)nc2)cn1,0,train
8aa450fc246f766c1bc9fe45f5917252afe9e39a,COc1cnc(-c2c(C)ccc(F)c2CCNC(=O)c2ccc(COCC(F)(F)F)nc2)cn1,0,train
c4b98bbc083d170954bb7ad7da3cf8fa916a338a,COc1cnc(-c2c(F)ccc(F)c2CCNC(=O)c2ccc(COCC(F)(F)F)nc2)cn1,0,train
f5f9e515dc67b8505491f9282947d387464e997a,COc1ncc(-c2ccccc2C(F)(F)CNC(=O)c2ccc(COCC(F)(F)F)nc2)cn1,0,train
1bb085029fd394f20e95b0300142939e90762160,COc1cnc(-c2ccccc2C(F)(F)CNC(=O)c2ccc(COCC(F)(F)F)nc2)cn1,0,train
8ec73c27937fddc3f193a1d829b31f5c93073ab8,COc1cnc(-c2cccc(F)c2C(F)(F)CNC(=O)c2ccc(COCC(F)(F)F)nc2)cn1,0,train
d9bf521b37be3a3b9eb4cb655f501e51a95906bd,CC(C)Oc1cc(Nc2nc(N[C@@H](C)c3ccc(F)cn3)ncc2Cl)[nH]n1,1,train
fef61b0fbbda5cfab3e32731c32bf4db42b54581,CC(C)Oc1cc(-n2cnc3ccc(N[C@@H](CO)c4ccc(F)cn4)nc32)[nH]n1,0,test
a42a336265d56f3f0a6b4da8a72603fbd4bf5f04,CCOc1cc(Nc2nc3c(cc2F)ncn3[C@@H](CO)c2ccc(F)cn2)[nH]n1,0,test
c6e3bb968198daacaaacfc57e9cec86e52292141,c1cc(-c2cnc3c(c2)C[C@@]2(CN4CCC2CC4)O3)co1,1,train
4eb4c485a9bb722f03ef7f644fb69daf627ce871,c1ccc([C@@H]([C@H](c2ccccc2)N2CCCCC2)N2CCCCC2)cc1,0,train
ebaa431348c1d2be5d7be3ce09fcefab41ae11f1,c1ccc([C@H]([C@@H](c2ccccc2)N2CCCCC2)N2CCCCC2)cc1,0,train
63bef3afa6231e8a4ec8f65d9767f566a4127d09,c1ccc([C@@H]([C@H](c2ccccc2)N2CCCC2)N2CCCC2)cc1,0,train
695c43c6df6b0511b14a97b5abc5fba435fa2a2a,c1ccc([C@H]([C@@H](c2ccccc2)N2CCCC2)N2CCCC2)cc1,0,train
ae47a3ff4357bcc6cb0f17a6210f8c1aa94b1a40,CNC(=O)c1nc(-c2ccc(Cl)c(S(=O)(=O)Nc3cccc(F)c3F)c2)cnc1N,0,val
e28d17d9f491756a06bd511526c96b91ac9a7d3b,COc1ccc2nccc([C@@H](O)CC[C@@H]3CCN(CCSc4cccs4)CC3C(=O)O)c2c1,0,train
bd25cd06358b5acf1a0bc147d76691f3c6b0cd44,N#Cc1c[nH]c(C(=O)Nc2ccc(C3CCN(Cc4ccccn4)CC3)cc2C2=CCCCC2)n1,1,val
2513c6c3de56a3dff032eaf0621e72bd9fa4f80a,CCN(CC)CCOc1cc(-c2nc(SCC(=O)NC)nc3[nH]cc(C#N)c23)c(Cl)cc1Cl,1,train
d896192a79f9cb937213f6065c5d52ba0a6ceed3,CCN(CC)CCSc1nc(-c2cc(OC)c(C#N)cc2Cl)c2c(C#N)c[nH]c2n1,1,train
076bf9353ff248bce85fb9866d96f6a667846dd4,CCN(CC)CCSc1nc(-c2cc(OC)c(Cl)cc2Cl)c2c(C#N)c[nH]c2n1,1,train
647e2da6a6222b08ad1f96e08c41b3c7fd5703bc,CCN(CC)CCOc1cc(-c2nc(SC)nc3[nH]cc(C#N)c23)c(Cl)cc1Cl,1,train
0326a4dfc2ea85395eb488018bd3e4e1ff46c353,CSc1nc(-c2cc(OCCN3CCCC3)c(Cl)cc2Cl)c2c(C#N)c[nH]c2n1,1,val
c4d822cb0d26d337e672f71decccc8d3ba90837c,Cc1cc(Cl)ccc1OC1CCN(CC2CCN([C@@](C)(Cc3ccc(F)cc3)C(=O)O)CC2)CC1,0,train
362522519d8f4317af99eccd35ae5f2933729068,Cc1c(OC2CCN(CC3CCN(C(Cc4ccc(F)cc4)C(=O)O)CC3)CC2)ccc(C#N)c1Cl,0,train
4dfdabb28f8688722f875379a5fbca14a4715bdf,O=C(O)C(Cc1cccc(C(F)(F)F)c1)N1CCC(CN2CCC(Oc3ccc(Cl)c(Cl)c3)CC2)CC1,1,train
03ba6211e19f2284aa0cba63b93fd84353b4de9a,COc1ccc(CC(C(=O)O)N2CCC(CN3CCC(Oc4ccc(Cl)c(Cl)c4)CC3)CC2)cc1,1,train
0d5bc44f6227add0aebbc5a5bdabad2aab09c782,COc1ccccc1CC(C(=O)O)N1CCC(CN2CCC(Oc3ccc(Cl)c(Cl)c3)CC2)CC1,1,train
0b0c1b2ba30689faf2e701017046707da39422e9,Cc1ccc(CC(C(=O)O)N2CCC(CN3CCC(Oc4ccc(Cl)c(Cl)c4)CC3)CC2)cc1,1,train
18047ccfc4ce5045bf8e63a6cad1d7bee594c2db,Cc1cccc(CC(C(=O)O)N2CCC(CN3CCC(Oc4ccc(Cl)c(Cl)c4)CC3)CC2)c1,1,train
854259dc6a8b8f1b11a5f3485983bb923982678d,N#Cc1ccc(CC(C(=O)O)N2CCC(CN3CCC(Oc4ccc(Cl)c(Cl)c4)CC3)CC2)cc1,1,train
f516edacdf343232b0761896ae783a96c313bd16,N#Cc1cccc(CC(C(=O)O)N2CCC(CN3CCC(Oc4ccc(Cl)c(Cl)c4)CC3)CC2)c1,0,train
1a65c5c2974cde3dc4efc7ce35f4aaa16fdd5cc2,N#Cc1ccccc1CC(C(=O)O)N1CCC(CN2CCC(Oc3ccc(Cl)c(Cl)c3)CC2)CC1,0,train
3d9d84a2f9adb54e4507a8fb73a16f0cfc02ed8b,O=C(O)C(Cc1ccc(Cl)cc1)N1CCC(CN2CCC(Oc3ccc(Cl)c(Cl)c3)CC2)CC1,1,train
0f4a2f998eabd0ff165996bfbfa92c2884ca9a6f,O=C(O)C(Cc1ccccc1)N1CCC(CN2CCC(Oc3ccc(Cl)c(Cl)c3)CC2)CC1,1,train
3db033b9152980d5fde99116fcbf2730c736967f,O=C(O)c1cccnc1N1CCC(CN2CCC(Oc3ccc(Cl)c(Cl)c3)CC2)CC1,0,test
634780900df03a2701b51dd01a3a75b4f389dff1,O=C(O)c1ccc(CN2CCC(CN3CCC(Oc4ccc(Cl)c(Cl)c4)CC3)CC2)cc1,0,train
d2d6b706844bb7bb4bc81d55deeceb4e0bdf69d9,O=C(O)c1cccc(CN2CCC(CN3CCC(Oc4ccc(Cl)c(Cl)c4)CC3)CC2)c1,0,train
a2493bc882ac7650cf3f1d66be95a58d9afaa7f0,O=C(O)c1ccccc1CN1CCC(CN2CCC(Oc3ccc(Cl)c(Cl)c3)CC2)CC1,0,train
a1482a44315d0e2058b2330a02e2ab4747c8a7b9,O=C(O)COc1ccc(N2CCC(CN3CCC(Oc4ccc(Cl)c(Cl)c4)CC3)CC2)cc1,1,train
9a470ce52cd1e5798d4c9e14235ec48172d3e4ac,O=C(O)COc1cccc(N2CCC(CN3CCC(Oc4ccc(Cl)c(Cl)c4)CC3)CC2)c1,1,train
7582f8eaaf649bcec434fcb71fabe96f029d98a1,O=C(O)COc1ccccc1N1CCC(CN2CCC(Oc3ccc(Cl)c(Cl)c3)CC2)CC1,0,train
4146d4174c3dd7da5ec2b59fd675c49e238542bc,O=C(O)Cc1ccc(N2CCC(CN3CCC(Oc4ccc(Cl)c(Cl)c4)CC3)CC2)cc1,0,train
a5700c9b170945b69acaaac6ac70df7ab8ae6e4d,O=C(O)Cc1cccc(N2CCC(CN3CCC(Oc4ccc(Cl)c(Cl)c4)CC3)CC2)c1,0,train
697e9490dcce4c57d57f3024fa99164b4d3248c2,O=C(O)Cc1ccccc1N1CCC(CN2CCC(Oc3ccc(Cl)c(Cl)c3)CC2)CC1,0,train
4e2cdcefb95a2a4fdd0c7814220a9a015d9050dc,O=C(O)c1ccc(N2CCC(CN3CCC(Oc4ccc(Cl)c(Cl)c4)CC3)CC2)cc1,0,train
64588400cdd52176b9caa95e88e3d7bbf4aa3535,O=C(O)c1cccc(N2CCC(CN3CCC(Oc4ccc(Cl)c(Cl)c4)CC3)CC2)c1,0,train
1319bef345a01e7e33c122e322b91cdd46422172,O=C(O)c1ccccc1N1CCC(CN2CCC(Oc3ccc(Cl)c(Cl)c3)CC2)CC1,1,train
a9343c2820f0a1ff7e6e4a8a2c9769a41884647f,O=C(O)C(c1ccccc1)N1CCC(CN2CCC(Oc3ccc(Cl)c(Cl)c3)CC2)CC1,0,train
ad18fdf38b8f7280e167ce0fdcc9c904fd258ed1,O=C(O)C(c1ccccc1)N1CCCC(CN2CCC(Oc3ccc(Cl)c(Cl)c3)CC2)C1,0,test
98d1c19fbdee1c88dc8236b7529cec423bdfabdc,Cc1ccc(S(=O)(=O)NC(=O)N2CCC(N3CCC(Oc4ccc(Cl)c(Cl)c4)CC3)CC2)cc1,0,train
a83a0fd5e507d01f8f0845d41564157c119a99c2,O=C(O)C(c1ccccc1)N1CCC(N2CCC(Oc3ccc(Cl)c(Cl)c3)CC2)CC1,1,train
f35b019104579e8ec66863aa6e3bf9d60b72ab60,COc1ccc2cc(-c3cc(-c4cc(Cl)ccc4Cl)nn3[C@@H](C)c3ccc(C(=O)NCCC(=O)O)cc3)ccc2c1,1,train
8f384d94084d7cc691079a81e5a0204871e03011,O=C(NCc1cccc(OC(F)(F)F)c1)c1c2ccccc2c(O)n1CCc1ncc(F)cn1,0,train
9f2c37f6894202a3c7e8e77e9e5756aaa2561cd3,O=C(NCc1ccc(OC(F)(F)F)cc1)c1c2cccc(F)c2c(O)n1CCc1ccccn1,1,train
0f2ad876266921ecef54afe1692a9bb692deefad,COc1cccc2c(O)n(CCc3ccccn3)c(C(=O)NCc3ccc(OC(F)(F)F)cc3)c12,1,train
b2799d6cee1810dbec149d67a8aca758ff6fdf08,Cc1cccc2c(O)n(CCc3ccccn3)c(C(=O)NCc3ccc(OC(F)(F)F)cc3)c12,1,train
ccb306c75de0ab240a4bcd321314a464b21d372f,O=C(NCc1ccc(OC(F)(F)F)cc1)c1c2c(F)cccc2c(O)n1CCc1ccccn1,1,train
8835b9706bcc2bfaf38621d772798eae20f59574,CC1(C(=O)NCc2ccc(OC(F)(F)F)cc2)c2ccccc2C(=O)N1CCc1ccccn1,0,test
b66e2ea9090a9a3b37721a11f392db3e03e2d93d,O=C(NCc1ccc(OC(F)(F)F)cc1)c1c2ccccc2c(O)n1CCc1ncc(F)cn1,1,train
63b9d1eb506721de2df2e3a3f2d36300ad12d5a2,O=C(NCc1ccc(OC(F)(F)F)cc1)c1c2ccccc2c(O)n1CCc1cnccn1,1,val
170792cc7453ec874c8a63bed0d7a95c237d7fda,O=C(NCc1ccc(OC(F)(F)F)cc1)c1c2ccccc2c(O)n1CCc1ncccn1,0,train
2534224a91542528c709335ca52f498bbd06a1b4,O=C(NCc1ccc(OC(F)(F)F)cc1)c1c2ccccc2c(O)n1CC(F)(F)c1ccccn1,1,train
dd50e68e6f4a80bda054e58ab6bd9ca10ade63ec,CC(C)(Cc1ccccn1)n1c(O)c2ccccc2c1C(=O)NCc1ccc(OC(F)(F)F)cc1,1,train
c1df87b05d21a0a36d238fec2bdc5dc65ac1c767,CC(Cc1ccccn1)n1c(O)c2ccccc2c1C(=O)NCc1ccc(OC(F)(F)F)cc1,1,train
26466ddd40e16ea6dbc1e9af6cae6d992d59d772,O=C(NCc1ccc(OC(F)(F)F)cc1)c1c2ccccc2c(O)n1Cc1ccc(C(F)(F)F)cn1,1,train
0dc455b853472ca15bc87da64277ad25e0469d8d,O=C(NCc1ccc(OC(F)(F)F)cc1)c1c2ccccc2c(O)n1CCOc1ccccn1,1,train
0e04131b51b19efee8cd3d49a7147b4a0f0afcc4,Cc1cccc(CCn2c(O)c3ccccc3c2C(=O)NCc2ccc(OC(F)(F)F)cc2)n1,1,train
2842f81d10dd1f5f913700b6cb0da588c0e03f13,O=C(NCc1ccc(OC(F)(F)F)cc1)c1c2ccccc2c(O)n1CCc1ccc(F)cn1,1,train
724fe6b3dd658f9cf77570e90a9039bae36cdfef,O=C(NCc1ccc(OC(F)(F)F)cc1)c1c2ccccc2c(O)n1CCc1ccncc1,1,val
9fc6b0b27e285a5db2f05b87f25c013ebbea03bc,O=C(NCc1ccc(OC(F)(F)F)cc1)c1c2ccccc2c(O)n1CCc1cccnc1,1,train
8411bcd8e3df7803978edd7f611f9eabf11fdbf5,N#CCCn1c(O)c2ccccc2c1C(=O)NCc1ccc(OC(F)(F)F)cc1,0,train
c6bd35cf2d2d89af0d870c82203037b142c2728b,CC(CC#N)n1c(O)c2ccccc2c1C(=O)NCc1ccc(OC(F)(F)F)cc1,0,train
e2cfb8e5101c31fbc9a12da60215331544c1cb39,O=C(NCc1ccc(OC(F)(F)F)cc1)c1c2ccccc2c(O)n1C1CC(F)(F)C1,0,test
3204a42ce4248c813f5840d8b140e9fc442eff2f,CC(C)(C)OC(=O)N1CC(n2c(O)c3ccccc3c2C(=O)NCc2ccc(OC(F)(F)F)cc2)C1,0,val
715b6bae0fba3b478a1ee0d0a6484149b95905fa,CC(C)(C)OC(=O)N1CCC(n2c(O)c3ccccc3c2C(=O)NCc2ccc(OC(F)(F)F)cc2)CC1,0,train
c93fd00387515d1620a36a7cfad09e36a2b682c6,O=C(NCc1ccc(OC(F)(F)F)cc1)c1c2ccccc2c(O)n1C1CCC(F)(F)CC1,0,train
c6787ca20eaa14c97896dc3b5f266ad04a60140f,O=C(NCc1ccc(OC(F)(F)F)cc1)c1c2ccccc2c(O)n1C[C@@H]1CCCO1,0,train
6b81ecaa1fb0a61aaa545bb223f6220c4ddb3c5d,O=C(NCc1ccc(OC(F)(F)F)cc1)c1c2ccccc2c(O)n1CCC1CCOCC1,0,train
8e922bf0937880a410f00b6c2fee32ce4241cf79,O=C(NCc1ccc(OCCC(F)(F)F)nc1)c1c2ccccc2c(O)n1CCc1ccccn1,0,train
5bca947532fe3e04b982899a80e753e7f41d9b8d,O=C(NCc1ccc(OCC(F)(F)F)nc1)c1c2ccccc2c(O)n1CCc1ccccn1,0,train
794e5b3599244c6f4740ac2e8400fcbbc4588fe4,CC(NC(=O)c1c2ccccc2c(O)n1CCc1ccccn1)c1ccc(OCC(F)(F)F)cc1,1,train
b98eb7c7156b114fb3c87b1d5cb03bd1d1fa2222,O=C(NCc1ccc(OCC(F)(F)F)cc1)c1c2ccccc2c(O)n1CCc1ccccn1,1,train
c012c9bd14fa7483485422b86e19357e4a9717fe,O=C(NCc1ccc(CC(F)(F)F)cc1)c1c2ccccc2c(O)n1CCc1ccccn1,0,train
8a53b71f255787371e01085210c01c4beeaf4924,O=C(NCc1cccc(OC(F)(F)F)c1)c1c2ccccc2c(O)n1CCc1ccccn1,0,train
b0a5f13180bf8061ea88120b7397f00f79c3ae62,O=C(NCc1ccc(OC(F)(F)F)cc1)c1c2ccccc2c(O)n1CCc1ccccn1,1,train
226ba1e8d61b9625690fb23d9602e76ad9643821,O=C(NCc1ccc(C(F)(F)F)cc1)c1c2ccccc2c(O)n1CCc1ccccn1,1,train
83882d5aa57e296612d13eb7bf7c2064cf2e0038,O=C(NCc1ccc(Br)cc1)c1c2ccccc2c(O)n1CCc1ccccn1,1,train
16a8ed63de59ff8aff79c58fffed20d2ede4e4b0,N#Cc1ccc(-c2noc(-c3cc(F)cc(C#N)c3)n2)nc1,1,train
ea77917b26ec118ffc7b851233d70471129a8169,N#Cc1ccc2ccc(=O)n(CCN3CC[C@H](NCc4cc5c(cn4)OCCO5)[C@@H](F)C3)c2c1,0,train
3d3449706a946c143691a6c673675d8f4ce6c76e,N#Cc1ccc2ccc(=O)n(CCN3CCC(NCc4cc5c(cn4)OCCO5)CC3)c2c1,0,train
e3018ab2cd46a06b1b0249f953a02c65c93d3a62,COc1ccc2ncc(=O)n(CCN3CC[C@@H](NCc4ccc5c(n4)NC(=O)CO5)[C@H](OC)C3)c2c1,0,train
20c74480be0e64cf2ea0b3e2957c0e61b14664c5,COc1ccc2ncc(=O)n(CCN3CC[C@H](NCc4cc5c(cn4)OCCO5)[C@@H](OC)C3)c2c1,0,train
5580e84365bb530c225845fdcb48f45c550d6495,COc1ccc2ncc(=O)n(CCN3CC[C@@H](NCc4ccc5c(n4)NC(=O)CO5)[C@@H](OC)C3)c2c1,0,train
e8b9ee5201d517f20d565a31c52b31c0b02a2e3a,COc1ccc2ncc(=O)n(CCN3CC[C@@H](NCc4cc5c(cn4)OCCO5)[C@@H](OC)C3)c2c1,0,train
2041e5c512300237f59cd989dd3657e4fdccb338,COc1ccc2ncc(=O)n(CCN3CC[C@@H](NCc4cc5c(cn4)OCCO5)[C@@H](O)C3)c2c1,0,train
9f5acb831a2ce787b011c970e62f66a35f8ae911,COc1ccc2ncc(=O)n(CCN3CC[C@H](NCc4ccc5c(n4)NC(=O)CO5)[C@@H](F)C3)c2c1,0,train
f065a45955376eb5cd2f9faaa2bb4805dc23907c,COc1ccc2ncc(=O)n(CCN3CC[C@H](NCc4cc5c(cn4)OCCO5)[C@@H](F)C3)c2c1,0,train
b5faa67c3fbabc2b2b960c09ae99353b4c8a87ed,COc1ccc2ncc(=O)n(CCN3CC[C@@H](NCc4ccc5c(n4)NC(=O)CO5)[C@@H](F)C3)c2c1,0,train
f3a708128a2860e0b3b290f48c45d364946e9e6d,COc1ccc2ncc(=O)n(CCN3CC[C@H](NCc4ccc5c(n4)NC(=O)CO5)[C@H](F)C3)c2c1,0,train
8afb16ac8111c89537f7c5c48984503c9c6bd31f,COc1ccc2ncc(=O)n(CCN3CCC(NCc4ccc5c(n4)NC(=O)CO5)CC3)c2c1,0,train
8484a1533333ec33e5da93140e59c8cac3d8d447,CS(=O)(=O)c1ccc(C(CC2CCCC2)C(=O)Nc2nccs2)cc1F,0,val
5c5cd441a3a0a5004103fd4bdd5d5915d6a7c78d,CS(=O)(=O)c1ccc(C(CC2CCCC2)C(=O)Nc2cnccn2)cc1Cl,1,train
2e45776e143612f964b8a4899cda0765f5391104,CONC(=O)N(Cc1ccsc1)C1CCN([C@H](C)CCNC(=O)c2c(C)cc(C#N)nc2Cl)CC1,0,train
8af7579da9c10c965d257e56455ff8942042c50a,CONC(=O)N(Cc1ccsc1)C1CCN([C@H](C)CCNC(=O)c2c(C)cc(C(=O)NC(C)C)nc2C)CC1,0,train
922f5ececc2d763ed92568c5407786b94d072da9,CONC(=O)N(Cc1ccsc1)C1CCN([C@H](C)CCNC(=O)c2c(C)cc(Cl)nc2Cl)CC1,1,train
99abd3da866f90376d140c09534ab301bbefa4fb,CONC(=O)N(Cc1ccsc1)C1CCN([C@H](C)CCNC(=O)c2c(C)cc(Cl)nc2C)CC1,1,train
30d55302a3127a70bf7706517edd6d5e600d7656,Cc1cc(Cl)nc(C)c1C(=O)NCC[C@@H](C)N1CCC(N(Cc2ccsc2)C(=O)CC#N)CC1,0,train
fb1cbd4e5a391924357b6f1577a30cd46ef0b39c,COCC(=O)N(Cc1ccsc1)C1CCN([C@H](C)CCNC(=O)c2c(C)cc(Cl)nc2C)CC1,1,train
e2a75334f8a6c2985ce8fd30fc3110cc315fdf6c,CNC(=O)N(Cc1ccsc1)C1CCN([C@H](C)CCNC(=O)c2c(C)cc(Cl)nc2C)CC1,1,train
7604c0cab33015f3b0df078ec45ef28139f14c7f,CCN(CCO)C(=O)c1cc2cccnn2c1-c1cccc(C(F)(F)F)c1,0,train
6b6065185b6445483aed83147da01777ef37ebb0,N#Cc1cccc(-c2c(C(=O)N3CCCCC3CO)cc3ccccn23)c1,0,train
d2d9c1f62c9c2c408ab95dcdb7ef962f8b5f944a,Cc1ccc(S(=O)(=O)N(C)C(=O)N2CCC(N3CCC(Oc4ccc(Cl)c(Cl)c4)CC3)CC2)cc1,1,train
9014507157335b9cee0d5379b7b4122559b50547,Cc1c(Cl)ccc(OC2CCN(C3CCN(S(=O)(=O)NC(=O)c4ccccc4)CC3)CC2)c1Cl,1,train
af1966c0e585c9a38ffd4a1d0ab91e027fee33ad,O=C(NS(=O)(=O)N1CCC(N2CCC(Oc3ccc(Cl)c(Cl)c3)CC2)CC1)c1ccccc1,1,train
4082bf458fc0d6ede4efa233eb87ac45de698b6d,O=C(NS(=O)(=O)c1ccc(Cl)cc1)N1CCC(N2CCC(Oc3ccc(Cl)c(Cl)c3)CC2)CC1,0,train
497d39827f5374cee8cd4654fc8283a0ef00f4b5,O=C(NS(=O)(=O)c1ccccc1)N1CCC(N2CCC(Oc3ccc(Cl)c(Cl)c3)CC2)CC1,1,train
4f426d83490a8c7e25c714cf2a3df303e40c88c0,Fc1cc(C(Oc2ccccc2)C2CNC2)ccc1Cl,1,val
b314be3f1ca3717b53deed446850b6693d41ad55,Clc1ccc(OC(c2ccc3ccccc3c2)C2CNC2)cc1Cl,1,train
025fdffce3f11d7e603bdab8632c7afaa839ece3,c1ccc(OC(c2ccc3ccccc3c2)C2CNC2)cc1,1,train
46544cabdd3b922eba768c7fd06959ece57299a7,CCCOC(c1ccc2ccccc2c1)C1CNC1,1,train
1d2b09963fbd9d265e6764010ba49e9ef9e39638,CCCOC(c1ccc(Cl)c(Cl)c1)C1CNC1,1,val
6138de844b584b2e996dcd0da89d52b7aea9dd9a,CNc1nn2cc3c(nc2c1S(=O)(=O)c1ccccc1)CCN(C)C3,1,val
9c903eebb2b4c0340868144c543c66213dff9a02,CNc1nn2c3c(cnc2c1S(=O)(=O)c1ccccc1)CN(C)CC3,0,train
355d2790b8996514ea0e6309b7688c0670ebe231,Cc1cc(OCCN2C[C@@H](C)O[C@@H](C)C2)nn1-c1ccc2ccccc2c1,1,train
b73155b813b9e05d1b4c44f3b1a6286b4cb21bd1,CC(=O)C1CCN(CCOc2ccn(-c3ccc(Cl)c(Cl)c3)n2)CC1,1,train
bffbf8f07abab286dae03a86ce13e78d0c674c06,CCOC(=O)N1CCN(CCOc2cc(C)n(-c3ccc(Cl)c(Cl)c3)n2)CC1,1,train
78007fb566de242576646978d6d208b5c4c12a25,Cc1cc(OCCN2CCN(C)CC2)nn1-c1ccc(Cl)c(Cl)c1,1,train
e9c80bc017a88a6253656721823727443ad65e82,Cc1cc(OCCN2CCOCC2)nn1-c1ccc(Cl)c(Cl)c1,1,train
2fa4a967c2901edb8474f1e63ebb9f9c2d843bca,CC(C)(C)C(=O)N1CCC(c2ccc(C(=O)N=C(N)N)cc2C(F)(F)F)CC1,0,train
a9dc5ad0a79bea62f84384eb1c4bfdd601a464eb,CC(=O)N1CCC(c2cc(C)c(C(=O)N=C(N)N)cc2C(F)(F)F)CC1,1,train
12c37958f1f5ed1ea02678972eeeaad7231c8363,N#Cc1ccc(C(=O)N2CCC(c3ccc(C(=O)N=C(N)N)cc3C(F)(F)F)CC2)cc1,1,train
0c3bcfae7f6bbe3aa243d4d321fdf38d494efd7e,C=CC(=O)N1CCC[C@@H](n2nc(-c3cccc(C(=O)NCc4ccc(C(C)(C)C)cc4)c3)c3c(N)ncnc32)C1,1,val
ef44d3344765cf822d6ea76803bb238914d496b4,C=CC(=O)N1CCC[C@@H](n2nc(-c3cccc(C(=O)Nc4ccc(C(C)C)c(C)c4)c3)c3c(N)ncnc32)C1,1,train
58199baa2e82c1526f3a8c4f472bf4466ab4f23e,C=CC(=O)N1CCC[C@@H](n2nc(-c3cccc(C(=O)Nc4ccc(C(C)C)cc4)c3)c3c(N)ncnc32)C1,1,train
ba1ae3cade77df8af0c7ed2b059a603b5988727f,CCCN1CNc2cc(Nc3ccnc4cc(Cl)ccc34)ccc2C1,1,train
17ae2b208d1e13f62bcb315c4789138b09eac3d9,CN1CC(C(=O)Nc2ccc(Cl)cc2)[C@H](c2ccc(/C=C/C(=O)Nc3ccccc3N)cc2)C1,1,train
6b7840a08f14e84a1ed12bd902a7ba649219679c,CN1CC(C(=O)Nc2ccc(Cl)cc2)[C@@H](c2ccc(/C=C/C(=O)Nc3ccccc3N)cc2F)C1,1,train
1b30c91ad54ca7852dae03a6cb95da7f6c9b75eb,Nc1ccccc1NC(=O)/C=C/c1ccc([C@H]2CN(CCO)CC2C(=O)Nc2ccc(Cl)cc2)cc1,0,train
cd42b12d5d78319f80f4bdfecc8f58b38ac3df4b,CN1CC(C(=O)Nc2ccc(Cl)cc2)[C@@H](c2ccc(/C=C/C(=O)Nc3ccccc3N)cc2)C1,1,train
02c6f4a020955a10748372178992f4015adbfa05,COC(C)C(=O)N[C@@H](Cc1ccc2c(c1)OCO2)[C@H](O)CN[C@H]1CC2(CCC2)Oc2ncc(CC(C)(C)C)cc21,0,train
f15384625aa58022412ead62aa037010d8c55948,COc1ccc(S(=O)(=O)n2cc(C)c3cc(Cl)ccc32)cc1NC1CCN(C)CC1,1,train
35a8d3bf31841ff1f095a367d4aa234e40200f73,COc1ccc(S(=O)(=O)n2cc(C)c3cc(F)ccc32)cc1NC1CCN(C)CC1,1,train
334ecff60ef4aea24570286083da7341d748d297,CCn1cc([C@]2(c3cccc(NC(=O)c4ccc(Cl)cn4)c3)N=C(N)c3c(F)cccc32)cc(C)c1=O,1,train
7481f7e85567fa8f073e01ea917b08fef5c25b35,CCn1cc([C@]2(c3cccc(C#CC4CC4)c3)N=C(N)c3c(F)cccc32)cc(C)c1=O,1,val
5fec9e8fa06880944c36b5edcdc32fef1a1cccc8,CC#Cc1cncc(-c2cccc([C@@]3(c4cc(C)c(=O)n(CC)c4)N=C(N)c4c(F)cc(F)cc43)c2)c1,1,train
b62d11b249772215e8e3fcac0502ee5230d567c3,CC#Cc1cncc(-c2cccc([C@@]3(c4cc(C)c(=O)n(CC)c4)N=C(N)c4c(F)cccc43)c2)c1,1,train
da6f3bb7b8ceb984b64d8a07734ae08e803fe43e,CCn1cc(C2(c3cccc(-c4cncc(F)c4)c3)N=C(N)c3c(F)cccc32)cc(C)c1=O,1,train
f422dcb630ca6413402b9d9fc4d790a9c3b5efbd,CCn1cc(C2(c3cccc(-c4cncnc4)c3)N=C(N)c3c(F)cccc32)cc(C)c1=O,0,val
a380cfb36685d8c40dcb068de2ce3af0abc2e352,COc1c(C)cc(C2(c3cccc(-c4cncnc4)c3)N=C(N)c3c(F)cccc32)cc1C#N,1,train
3cd25bcfdcc1d638c9d33431966fb53ff4c641a3,COc1c(C)cc(C2(c3cccc(-c4cncnc4)c3)N=C(N)c3c(F)cccc32)nc1C,1,val
6a41bf999e84d5675808e636230c4f391c6d3442,COc1ccc(C2(c3cccc(-c4cncnc4)c3)N=C(N)c3c(F)cccc32)cc1,1,train
0d0a05fbcf5014039a39923a7cdcc169a3172307,CC#Cc1cncc(-c2cccc(C3(c4ccnc(C(F)F)c4)N=C(N)c4c(F)cccc43)c2)c1,1,train
d4b1432e871392993cdcd71036509ea269983e24,N=C1N[C@@](c2cccc(-c3cncnc3)c2)(c2ccnc(C(F)F)c2)c2cc(F)cc(F)c21,0,train
618075b87985c66c340d9311d8c919d563b52aab,N=C1N[C@@](c2cccc(-c3cncnc3)c2)(c2ccnc(C(F)F)c2)c2cccc(F)c21,1,train
7571b05ff2145756e04579b07c232306ed29f6b1,N=C1NC(c2cccc(-c3cncnc3)c2)(c2ccnc(C(F)F)c2)c2cccc(F)c21,1,train
2ce314327251f085b58020d10d6a85e8fcff9a5d,COc1cc(C2(c3cccc(-c4cncnc4)c3)N=C(N)c3c(F)cccc32)ccn1,1,train
db90eb1fb1c2accc501cf4fbd07de2ad856cbd0e,N=C1NC(c2cccc(-c3cncnc3)c2)(c2ccnc(C3CC3)c2)c2cccc(F)c21,1,train
83bdaffb2620bab11371d4efae36c94448493808,Cc1cc(C2(c3cccc(-c4cncnc4)c3)N=C(N)c3c(F)cccc32)cc(C)n1,1,train
0b6a26ac3400d786ced78d58cfd732900237608a,N=C1N[C@](c2ccnc(C(F)(F)F)c2)(c2ccc(F)c(-c3cncnc3)c2)c2cccc(F)c21,1,train
6f473eb7264efdbe6f559893d580cfa1e7faa3ca,N=C1NC(c2ccnc(C(F)(F)F)c2)(c2ccc(F)c(-c3cncnc3)c2)c2cccc(F)c21,0,train
c2824d983346d13d1b1f515a8fbbf113ae345bfd,N#Cc1cncc(-c2cccc(C3(c4ccnc(C(F)(F)F)c4)N=C(N)c4c(F)cccc43)c2)c1,1,train
ddd1aef649ec1231c98260922022cd0d88c05dfe,N=C1NC(c2cccc(-c3cncnc3)c2)(c2ccnc(C(F)(F)F)c2)c2cccc(F)c21,0,train
b42be209d3799197bece93e6a1aaa8081e29a725,N=C1NC(c2ccncc2)(c2cccc(-c3cncc(F)c3)c2)c2cccc(F)c21,1,train
58cb4e214050bb98708d7941bf7430f41a977212,N=C1N[C@](c2ccncc2)(c2cccc(-c3cncnc3)c2)c2cccc(F)c21,1,train
a7f27a5a83796590814073aec99e3c447d92cdda,N=C1NC(c2ccncc2)(c2cccc(-c3cncnc3)c2)c2cccc(F)c21,1,train
c1c131e0feaeddb50163f25c9c0f80212ac449e1,N=C1NC(c2cccc(-c3cncnc3)c2)(c2ccnc(C(F)(F)F)c2)c2ccccc21,1,train
0525a58b2e38f1df2ce371031ede0d7bead49d7f,N=C1NC(c2ccncc2)(c2cccc(-c3cncnc3)c2)c2ccccc21,0,train
8abeda6894bc8378ab77457fd3078a3f40d7a2af,COc1cc(Nc2cccc3c2nc(-c2ccc(F)cc2)n3C)ccc1-n1cnc(C)c1,1,test
a16c203d832bc2d2bd0735fc7613818e651bde90,Cc1cn(-c2ccc(Nc3cccc4c3nc(-c3ccc(F)cc3)n4C)nc2)cn1,1,train
ce640aa8ae5ef1663a2b9dec7463a1b1eacdd342,COc1cc(Nc2cccc3c2nc(-c2ccc(F)cc2)n3C)cnc1-n1cnc(C)c1,1,test
0c5c7260fbfe74479e711c9c18c9f736e39c3753,COc1nc(Nc2cccc3c2nc(-c2ccc(F)cc2)n3C)ccc1-n1cnc(C)c1,1,train
9da4340df8bfe0e925c0d85e128400ba3abcebfa,CC(C)C(NC(=O)c1ccccc1)C(=O)N1CCC(c2ccc(Cl)cc2)CC1,1,test
e10613481cbba88882a3629fb42e98628f08ec36,CC(=O)c1cccc(NC(=O)N[C@@H]2CCCC[C@H]2CN2CCC[C@@H](Cc3ccc(F)cc3)C2)c1,1,train
0fc7c9e9729af391d118d86bb48fe8af089885e5,CC#Cc1cncc(-c2cc(C3(C4CC4)N=C(C)C(=N)N3)ccc2O)c1,0,train
e0ef4030e4daf02697bc0f1f49914c3c0b112c4d,CC#Cc1cncc(-c2cccc(C3(C4CC4)N=C(C)C(=N)N3)c2)c1,0,train
72ceca0ad09e9b8f6c0d6057de3f690e013f5b6b,COc1cccc(-c2cccc(C3(C4CCOCC4)N=C(C)C(=N)N3)c2)c1,0,test
f3cb10dae682d26245a63ba366186dd585c650d6,CC1=NC(c2cccc(-c3cccnc3)c2)(C2CCCCC2)N=C1N,0,train
cc76b27f00b3654fda3e19e82d0e2971f4025ef2,CC1=NC(c2cccc(-c3cncc(Cl)c3)c2)(C2CC2)N=C1N,0,val
046b2f72eaed4c474b08de0677404c61785d0e1f,CC#Cc1cncc(-c2cccc(C3(c4cc(C)c(OC)c(C)c4)N=C(C)C(=N)N3)c2)c1,0,train
20b9d07e321fdfd3b738be38959611d7d6cc4ab5,COc1ccc(C2(c3cccc(-c4cccnc4)c3)N=C(C)C(=N)N2)cc1,0,train
14773dea57f6a786300d8f046a57114fa72c5858,COc1ccc(C2(c3cccc(-c4cncnc4)c3)N=C(C(C)C)C(=N)N2)cc1,0,train
c8ebce13ef80a7b4477e82feb04d7cb25d069f93,COc1cccc(-c2cccc(C3(C)N=C(C)C(=N)N3)c2)c1,0,test
b7275d881d6b0e79a8cacf90089446ee98b106dd,O=C(CCCN1CCCCC1)Nc1cc(-c2cncc(F)c2)[nH]n1,0,val
556dcbe58a34f460a1cd173bf017e2f001632704,COc1ccc(-c2cc(NC(=O)CCCN3CCCCC3)[nH]n2)cc1,1,train
557a65d78d9b0556e36bab2a329ad2b701d2aec0,COc1cccc(-c2cc(NC(=O)CCCN3CCCCC3)[nH]n2)c1,1,train
698f0560cd1d6b94ed6afe93a84114319b5761d2,O=C(CCCN1CCCCC1)Nc1cc(-c2cccc(F)c2)[nH]n1,1,test
881eb0cb43b7ccc938a1707f3a8cc866a78ed55d,C[C@H](c1nc(=O)c2cnn(C3CCCC3)c2[nH]1)N1CC(c2ncccn2)C1,0,train
c8a853a767b511c3cc34b58d01be2675bdcb498c,O=C(N[C@@H]1C2CCN(CC2)[C@H]1Cc1cccnc1)c1cc2ccccc2o1,0,val
4f7e59e31186c2ba319317310ffe3f1240dd4526,CC(=O)Nc1ccc(CCN2CCC(COc3nc4ccccc4c4cn(C)cc34)CC2)cc1,1,train
98cf5cf575e20677423dbe4917a4a7210a22fdb1,COCc1ccc(CCN2CCC(COc3nc4ccccc4c4cn(C)cc34)CC2)cc1,1,train
340c29e4b1e9bcf9939c1c78678b020ea67326fd,Cn1cc2c(OCC3CCN(CCc4ccc(CO)cc4)CC3)nc3ccccc3c2c1,1,train
43c54ed8e716cc6b2002bee4e09a3798c833f46f,Cn1cc2c(OCC3CCN(CCc4ccc(C(=O)O)cc4)CC3)nc3ccccc3c2c1,1,train
c191e03df7cfd46d6e8c6e89ba2ed588508df9b5,Cn1cc2c(OCC3CCN(CCc4ccc(N)cc4)CC3)nc3ccccc3c2c1,1,train
481ee7a78d4e0c0887a45adb52903a793aedbaf5,Cn1cc2c(OCC3CCN(CCN4CCOCC4)CC3)nc3ccccc3c2c1,1,train
a39ab12ceb093fb08798fa3037b967b5bba0c896,CC(C)n1nc(C(=O)NCC2CCN(CCc3ccc(N)cc3)CC2)c2ccccc21,0,val
c7f3032fbdd588ba6f3d499b04d40b828439cdd8,CC(C)n1nc(C(=O)NCC2CCN(CCNS(C)(=O)=O)CC2)c2ccccc21,1,val
005a05d1602c1c6aa6a2d2bff37380f6ddd90495,COc1ccc(-c2cc(-c3ccc(C(=O)N4CCN(C)CC4)cc3)cnc2N)cn1,0,train
70f7b11c832120db798a9862b21333eaf98c02ff,Nc1ncc(-c2ccc(C(=O)N3CCOCC3)cc2)cc1-c1ccc(C(F)(F)F)nc1,0,val
05e79cdebbca012376cd414d98e6111e0af59981,Nc1ncc(-c2ccc(C(=O)N3CCNCC3)cc2)cc1-c1ccc(C(F)(F)F)nc1,0,train
76a2986cae20b508b0e3d189f93e166d5abe025b,CN1CCN(C(=O)c2ccc(-c3cnc(N)c(-c4ccc(C(F)(F)F)cc4)c3)cc2)CC1,0,train
b831dd04c65dec3105bda49224641e83c5239ff9,COc1ccc(-c2cc(-c3ccc(S(=O)(=O)N4CCN(C)CC4)cc3)cnc2N)cn1,0,val
f9640e05aa2e1f96467e65b68e6033f7f9a6da6a,COc1ccc(-c2cc(-c3ccc(S(=O)(=O)N(C)C)cc3)cnc2N)cn1,1,train
204dbac13f88588aa714229069079c4be9091387,CN1CCN(C(=O)c2ccc(-c3cnc(N)c(-c4ccc(C(F)(F)F)nc4)c3)cc2)CC1,1,train
ff282c296c51e276033ffbaeafb0e335012e8adf,Nc1ncc(-c2ccc(C(=O)N3CCNCC3)cc2)cc1-c1ccc(C(F)(F)F)cc1,1,train
3dc4bce4f8fc71a2c8a0299d74cd4652bcea5f3f,Nc1ncc(-c2ccc(C(=O)N3CCOCC3)cc2)cc1-c1ccc(C(F)(F)F)cc1,1,test
7c74cd6ed90937843361ccfc91b00d6c32e6700b,COc1ccc(-c2cc(-c3ccc(S(=O)(=O)NC4CC4)cc3)cnc2N)cn1,1,val
00387e889d0dec81fe09596cfb0b73b897dd970c,CC(C)n1nc(C(=O)NCC2CCN(CCN3CCOCC3)CC2)c2ccccc21,0,test
087485b36ba3870a89097739af8286ae600d43e1,CN(C)CCCCc1ccc(C2(C)COC2)cc1,0,train
6bd0da7edd8f449376dd6f66e617e38c261702c4,CN(C)CCCCc1ccc(C(C)(C)C)cc1,1,train
37b480859d338808090c59fec990c5f9e1cc236e,N=C(Nc1ccc2c(c1)CCN2C1CCNCC1)c1cccs1,0,val
f7358bcbb1c1c62869ab975251ca29e887eb02a4,Cc1nc(C2(c3noc(C)n3)N[C@@H](c3nc(-c4ccc(F)cc4)c[nH]3)Cc3c2[nH]c2ccccc32)no1,1,test
0feca14f5f14768d8fc7e53a86152f65450634ea,Cn1cc(C2(c3cnn(C)c3)N[C@@H](c3nc(-c4ccc(F)cc4)c[nH]3)Cc3c2[nH]c2ccccc32)cn1,1,train
535073bded74a19632760f7368de277fa7bcdbcd,Cc1nc([C@]2(c3cnn(C)c3)N[C@H](c3nc(-c4ccc(F)cc4)c[nH]3)Cc3c2[nH]c2ccccc32)no1,1,train
0700f5e01ab2af46de2152bcc13c787c45dba04a,Cc1nc([C@@]2(c3cnn(C)c3)N[C@H](c3nc(-c4ccc(F)cc4)c[nH]3)Cc3c2[nH]c2ccccc32)no1,1,train
b8f398603fb8f06c7d9ddc70706a21b65c3cf4a4,Cc1nc([C@@]2(c3cnn(C)c3)N[C@@H](c3nc(-c4ccc(F)cc4)c[nH]3)Cc3c2[nH]c2ccccc32)no1,1,train
b64daced2b544bc0fb85662549e6c5441711eb67,Cc1nc([C@]2(c3cnn(C)c3)N[C@@H](c3nc(-c4ccc(F)cc4)c[nH]3)Cc3c2[nH]c2ccccc32)no1,1,train
3657fbea9b8e71b07416c09c74c564a764d13309,Fc1ccc(-c2c[nH]c([C@H]3Cc4c([nH]c5ccccc45)C(c4ccccc4)(c4ccccc4)N3)n2)cc1,1,test
dd7da6062141e832d966e65a9b2cc2b37716f80e,Cc1nc([C@@H]2N[C@@H](c3nc(-c4ccc(F)cc4)c[nH]3)Cc3c2[nH]c2ccccc32)no1,1,train
dd3c87ea4a8594af924504feebea67a1d6a1a004,Cc1nc([C@H]2N[C@@H](c3nc(-c4ccc(F)cc4)c[nH]3)Cc3c2[nH]c2ccccc32)no1,1,train
2c7c84d19d375573b6aba60cee079ca540ddfb1c,Cn1cc([C@@H]2N[C@@H](c3nc(-c4ccc(F)cc4)c[nH]3)Cc3c2[nH]c2ccccc32)cn1,1,train
49a00ec804e0214bbd6babf9b9f8a15efb94cc01,Cn1cc([C@H]2N[C@@H](c3nc(-c4ccc(F)cc4)c[nH]3)Cc3c2[nH]c2ccccc32)cn1,1,train
b23d2dd7cbb764e11348a899cda287cacdfafe88,Fc1ccc(-c2c[nH]c([C@H]3Cc4c([nH]c5ccccc45)[C@@H](C4CCOCC4)N3)n2)cc1,1,train
f082499d1f7b3cd48933392e294d739b1813e5de,Cc1nn(C)cc1-c1nc2c(N3CCN(Cc4ncon4)CC3)c(Cl)cnc2[nH]1,0,train
6cc8dd5ce38aa54299106565e070fad4d8844ec2,Cc1nc(CN2CCN(c3c(Cl)cnc4[nH]c(-c5cn(C)nc5C)nc34)CC2)no1,1,train
0c0d7670c168e1306e538a1312e264c97ced647a,Cc1cc(CN2CCN(c3c(Cl)cnc4[nH]c(-c5cccc(N6CCN(C)CC6)c5)nc34)CC2)no1,1,val
8373447fbb2e059861f5a0241282d327f1284051,Cc1cc(CN2CCN(c3c(Cl)cnc4[nH]c(-c5cn(C)nc5C)nc34)CC2)no1,1,val
55649d2e8dc89979df05738574b3c099b2f80c9a,Cc1cc(CN2CCN(c3c(Br)cnc4[nH]c(-c5ccc(N6CCN(C)CC6)cc5)nc34)CC2)no1,1,train
9da10a722894dcaaafb5aa68872f299356a3fb58,Cc1cc(CN2CCN(c3c(Cl)cnc4[nH]c(-c5cn(C)nc5C5CC5)nc34)CC2)no1,1,val
29e1ae0e06151fe952978bae6f1c722ce17b951b,Cc1cc(CN2CCN(c3c(Cl)cnc4[nH]c(-c5ccc(N6CCN(C)CC6)cc5)nc34)CC2)no1,1,train
6d339121d5c377fd1d73c30eab9db2f01b881efa,CSc1ncc([C@]2(O)CC[C@H](N3CC(NC(=O)CNC(=O)c4cccc(C(F)(F)F)c4)C3)CC2)s1,1,train
2213769df23623390d876a65b57c3aa687466a45,CC(C)Oc1ncc([C@]2(O)CC[C@H](N3CC(NC(=O)CNC(=O)c4cccc(C(F)(F)F)c4)C3)CC2)s1,0,train
c0e51c9c4f084d0183ace216649a573167d09e21,O=C(CNC(=O)c1cccc(C(F)(F)F)c1)NC1CN([C@H]2CC[C@@](O)(c3nc4ccccc4s3)CC2)C1,1,val
edd9e7997999e6d9a3a58523a5ecb4ad63bc5474,Cc1cnc([C@]2(O)CC[C@H](N3CC(NC(=O)CNC(=O)c4cccc(C(F)(F)F)c4)C3)CC2)s1,0,train
451c89d958a435686a434d24f407730d86568dc4,O=C(CNC(=O)c1cccc(C(F)(F)F)c1)NC1CN([C@H]2CC[C@@](O)(c3ccns3)CC2)C1,0,test
73a91005e9c92b91d23a20555c2a4a9b18f6199a,O=C(CNC(=O)c1cccc(C(F)(F)F)c1)NC1CN([C@H]2CC[C@@](O)(c3nccs3)CC2)C1,0,train
1e8385b5b0fa915ad695251b74c487bf3a784ae7,O=C(CNC(=O)c1cccc(C(F)(F)F)c1)NC1CN([C@H]2CC[C@@](O)(c3cccs3)CC2)C1,0,train
e519babe2738dd758925f5e6732355abe597d4a6,Cn1ccnc1[C@]1(O)CC[C@H](N2CC(NC(=O)CNC(=O)c3cccc(C(F)(F)F)c3)C2)CC1,0,train
7529e6db274260b42651d8d16196e96a6895949c,O=C(CNC(=O)c1cccc(C(F)(F)F)c1)NC1CN([C@H]2CC[C@@](O)(c3ccc(OC4CCC4)nc3)CC2)C1,1,train
1888c5cdb4622ee3bd1f267fe69fde204dadd0aa,CC(C)(C)Oc1ccc([C@]2(O)CC[C@H](N3CC(NC(=O)CNC(=O)c4cccc(C(F)(F)F)c4)C3)CC2)cn1,1,train
5bfd6b27146bd9308a251a74e8e875bd9530d8f8,CC(C)Oc1ccc([C@]2(O)CC[C@H](N3CC(NC(=O)CNC(=O)c4cccc(C(F)(F)F)c4)C3)CC2)cn1,0,train
ac259b187c34648c6fe5b19228f2a4f32aebd496,O=C(CNC(=O)c1cccc(C(F)(F)F)c1)NC1CN([C@H]2CC[C@@](O)(c3ccc(OCC(F)(F)F)nc3)CC2)C1,1,train
084a9ba75560ca0412d4444748e770239fd751ee,CCOc1ccc([C@]2(O)CC[C@H](N3CC(NC(=O)CNC(=O)c4cccc(C(F)(F)F)c4)C3)CC2)cn1,0,train
d7cc004c6b925cee9a178383fe2a64349647aa1a,COc1ccc([C@]2(O)CC[C@H](N3CC(NC(=O)CNC(=O)c4cccc(C(F)(F)F)c4)C3)CC2)nc1,0,train
0711d96fd21b0cfeff350603a8ad59037cafab09,COc1cccc([C@]2(O)CC[C@H](N3CC(NC(=O)CNC(=O)c4cccc(C(F)(F)F)c4)C3)CC2)n1,0,train
3e844ad939d3153a357ab840992b3e6a087ec6da,COc1ncc([C@]2(O)CC[C@H](N3CC(NC(=O)CNC(=O)c4cccc(C(F)(F)F)c4)C3)CC2)cc1C,0,train
ac9a356b28daa080acded2be556645efcd6c89f3,CN(C)c1ccc([C@]2(O)CC[C@H](N3CC(NC(=O)CNC(=O)c4cccc(C(F)(F)F)c4)C3)CC2)cn1,0,train
963ffe688a773021ca192cab1c1b7991b8d17e2f,COc1ccc([C@]2(O)CC[C@H](N3CC(NC(=O)CNC(=O)c4cccc(C(F)(F)F)c4)C3)CC2)cn1,0,train
4431acff50e303145cf5339c84b8c41c38e75b48,Cc1ccc([C@]2(O)CC[C@H](N3CC(NC(=O)CNC(=O)c4cccc(C(F)(F)F)c4)C3)CC2)cn1,0,train
998c9c50c1a0697d034da066ebe5f10bbf845790,N#Cc1ccc([C@]2(O)CC[C@H](N3CC(NC(=O)CNC(=O)c4cccc(C(F)(F)F)c4)C3)CC2)cn1,0,train
94225caf47b3fe29e0d9b6346fc306e916a3614e,O=C(CNC(=O)c1cccc(C(F)(F)F)c1)NC1CN([C@H]2CC[C@@](O)(c3ccc(F)nc3)CC2)C1,1,train
3941a430bba871f6d9e84a60b9cc519ab88c00dd,O=C(CNC(=O)c1cccc(C(F)(F)F)c1)NC1CN([C@H]2CC[C@@](O)(c3cncnc3)CC2)C1,0,train
4a841c0cce7429661eb5da91c71a396a41e53ba0,N#CC1(c2ccccn2)CCN(Cc2cc(C(=O)N[C@H]3CCCC[C@@H]3O)c(=O)n3ccccc23)CC1,0,train
ced1425984a5e153c3816f82d78fe462bf88f565,O=C(N[C@H]1CCCC[C@@H]1O)c1cc(CN2CCN(c3cc4scnc4cn3)CC2)c2ccccn2c1=O,0,train
fffd6b5b6082b26fdc2627c2d7877b02febad43d,Cc1ccc(N2CCN(Cc3cc(C(=O)N[C@H]4CCCC[C@@H]4O)c(=O)n4ccccc34)CC2)nc1,0,test
edbb13f2e37bb7b4752b7c48e4c3cd1fb1ef9bbc,N#CC1(c2ccccc2)CCN(Cc2cc(C(=O)N[C@H]3CCCC[C@@H]3O)c(=O)n3ccccc23)CC1,1,val
a05c853a5c5d9c82d2b169247ae16ecb9aaffefc,O=C(N[C@H]1CCCC[C@@H]1O)c1cc(CN2CCN(c3cc4ccccc4cn3)CC2)c2ccccn2c1=O,1,test
e66f68942804564a01338cb920ab82ea5c31ef1f,N#Cc1ccc(N2CCN(Cc3cc(C(=O)N[C@H]4CCCC[C@@H]4O)c(=O)n4ccccc34)CC2)cc1,1,train
a6bf2489ec20e9d9626653f2434aaa1c63e9fce1,CSc1cc(Nc2cnc(C#N)c(O[C@H](C)CN(C)C)n2)ncc1-c1cnn(C)c1,1,train
ff9161c147cb7d192242cc40ce9938e9019beef4,COc1cc(Nc2cnc(C#N)c(O[C@@H]3CCN(C)C3)n2)ncc1-c1cnn(C)c1,0,train
760de6a3470c8c016bfed548dba12b2f04450b95,COc1cc(Nc2cnc(C#N)c(O[C@H](C)CN(C)C)n2)ncc1-c1cnn(C)c1,1,train
fd4d63f875ebf702dcaea83f4cd1b348025f3302,CNc1cc(Nc2cnc(C#N)c(O[C@H]3CCN(C)C3)n2)ncc1-c1cnn(C)c1,0,train
1f5c60df0bf1a22987a1b3b5d1c81c937fc3ea3b,CNc1cc(Nc2cnc(C#N)c(O[C@@H]3CCN(C)C3)n2)ncc1-c1cnn(C)c1,0,train
67d727d9306128f2cd3d4852166e39a8ad5ffe18,CNc1cc(Nc2cnc(C#N)c(O[C@H](C)CN(C)C)n2)ncc1-c1cnn(C)c1,0,train
ff40fea1193f6502ee86d224d79354b2925e5efc,C#Cc1cnc(Nc2cnc(C#N)c(O[C@H](C)CN(C)C)n2)cc1NC,1,train
89a0fe448097b4b5a937b6f626db001e7a7c0041,CNc1cc(Nc2cnc(C#N)c(O[C@H](C)CN(C)C)n2)ncc1C1CC1,1,train
47f5b6d24ea28190491427d54bd4a8bd5161486e,CNc1cc(Nc2cnc(C#N)c(O[C@H](C)CN(C)C)n2)ncc1C(F)(F)F,1,train
91d9b17762f3db7308d1a3cdd3728b4df923e77e,CNc1cc(Nc2cnc(C#N)c(O[C@H](C)CN(C)C)n2)ncc1Cl,1,train
af779128a2f384ce14c3a551902e59299dac5478,COC(=O)c1cnc(Nc2cnc(C#N)c(O[C@@H]3CCNC3)n2)cc1N(C)C,0,train
57a8b13855e93e6b9fd1989003801706480ce338,CNc1cc(Nc2cnc(C#N)c(O[C@@H]3CCNC3)n2)ncc1C(=O)OC,0,train
5c890ecf53fd1a81aa82ba3445f2cf5272434037,CNc1cc(Nc2cnc(C#N)c(O[C@H](C)CN(C)C)n2)ncc1C(=O)OC,1,train
c99cacec3c852b297f410b0696d64940c2a71247,C[C@H](CN(C)C)Oc1nc(Nc2cc3cccc(Cl)c3cn2)cnc1C#N,1,train
0ba105708e47c0f4638c79b6ea32c52159263846,Cc1nc2ccccc2n1[C@@H]1C[C@H]2COC[C@@H](C1)N2CC[C@H](NC(=O)C1CCC1)c1ccccc1,1,train
36d6bb921bec9bc33a9c1587ff278d173279aaff,CC(=O)NC1CC2CCC(C1)N2CCc1ccc(Oc2nc3ncccc3s2)cc1,1,train
834f1682b4fbca93f224fd53712d678e2617d446,O=C1CCCN1C1CCN(CCc2ccc(Oc3nc4ncccc4s3)cc2)CC1,1,test
672a85e4aeb821fa542f768757eb5851911ba7bd,O=C1CCCN1C1CCN(CCOc2ccc(Oc3nc4ncccc4s3)cc2)CC1,1,test
d1116c8cfb5edaadd74d8044a733ba990f861f4b,Cc1ccnc2nc(Oc3ccc(CN4CCCCC4)cc3)sc12,1,train
5b5eaf6ed24d65e7e5c754f4970953083481ffc0,NC(=O)C1CCN(Cc2ccc(Oc3nc4ncccc4s3)cc2)CC1,1,train
bf2f67e1849d34eaee449d56ff764d5ef4502da1,NC(=O)C1CCN(Cc2ccc(Oc3nc4ccccc4s3)cc2)CC1,1,train
19ac1a055daa95148f870d1f3dc6ecc9c2d465f1,O=C(CO)NC1CCN(Cc2ccc(Oc3nc4ccccc4s3)cc2)CC1,1,train
4071da6d729737eefe63e08d88eebe238c22aefd,COCCC(Oc1ncnc2c1cnn2-c1ccccc1C(F)(F)F)C(=O)Nc1ccc(C)cn1,0,train
5d88bc7062ac523f530672dd9b14ca69275170eb,COCCC(Oc1ncnc2c1cnn2-c1ccccc1Cl)C(=O)Nc1ccc(C)cn1,0,train
b546a73724b56378c38f94fb7092b7e57ec92e6d,Cc1cc(Cl)ccc1OC1CCN(C[C@H](O)CNC(=O)c2c[nH]c(=O)cc2C(F)(F)F)CC1,1,train
76ad8fb1464b661e17f4d3f8303f125dd79607fe,O=C(NC[C@@H](O)CN1CCC(Oc2ccc(Cl)c(Cl)c2)CC1)c1c[nH]c(=O)cc1C(F)(F)F,1,train
bb85a3b04d969b7c595add3e3993d4fb952a6921,Cc1cc(Cl)ccc1OC1CCN(C[C@H](O)CNC(=O)c2c[nH]nc2C(F)(F)F)CC1,1,train
4eddf8eeb2ffebe3de2d2c431a430c7aeef0b15e,O=C(NC[C@@H](O)CN1CCC(Oc2ccc(Cl)c(Cl)c2)CC1)c1c[nH]nc1C(F)(F)F,1,train
0cd72be53aae5a79a4b3c7129a84aeb55fdf6f11,Cn1cc(C(=O)NC[C@@H](O)CN2CCC(Oc3ccc(Cl)c(Cl)c3)CC2)c(C(F)(F)F)cc1=O,0,train
f22e1da36067928456b63ac47c24aaa08d0a1e2c,Cc1c(Cl)ccc(OC2CCN(C[C@H](O)CNC(=O)c3c[nH]c(=O)cc3C(F)(F)F)CC2)c1Cl,1,train
6c99bc03015bffd7c9fca5c5b7b9ddc05101bd97,O=C(NC[C@@H](O)CN1CCC(Oc2ccc(Cl)c(Cl)c2)CC1)c1c[nH]nc1C1CC1,1,train
0957d4cc8e662c22120a01a0b17fe029c56205c9,Cc1c(Cl)ccc(OC2CCN(C[C@H](O)CNC(=O)c3c[nH]nc3C(F)(F)F)CC2)c1Cl,1,train
c6e414d6c43a1eba856cf0ebca1b6259de0e6433,O=C(NC[C@@H](O)CN1CCC(Oc2ccc(Cl)c(Cl)c2)CC1)c1c[nH]c(=O)c2c(F)cccc12,1,train
f2cac39c986ec63604ef9c27e61e1b6d9c63fb7b,CC1(O)CN(S(=O)(=O)c2ccc3c(C(=O)NC[C@@H](O)CN4CCC(Oc5ccc(Cl)c(Cl)c5)CC4)c[nH]c(=O)c3c2)C1,1,train
7fe0b2272d1163d2f85b4b113c21b6060cb0eae5,O=C(NC[C@@H](O)CN1CCC(Oc2ccc(Cl)c(Cl)c2)CC1)c1c[nH]c(=O)c2cc(S(=O)(=O)N3CCC3)ccc12,1,train
23c0ec6c5766c144050c6737ef2f2b46e0fb6b1f,CN(C)S(=O)(=O)c1ccc2c(C(=O)NC[C@@H](O)CN3CCC(Oc4ccc(Cl)c(Cl)c4)CC3)c[nH]c(=O)c2c1,1,train
887685af92ad46f9aae9d07c87f1660ea8262ce8,O=C(NC[C@@H](O)CN1CCC(Oc2ccc(Cl)c(Cl)c2)CC1)c1c[nH]c(=O)c2cc(S(=O)(=O)NC3CC3)ccc12,1,test
a8e65b1e7341124173669f3d668bacad0d6a4e13,CNS(=O)(=O)c1ccc2c(C(=O)NC[C@@H](O)CN3CCC(Oc4ccc(Cl)c(Cl)c4)CC3)c[nH]c(=O)c2c1,1,train
033cf2f8886ea212fb9c051fa3dfeedfed33bb29,O=C(NC[C@@H](O)CN1CCC(Oc2ccc(Cl)c(Cl)c2)CC1)c1c[nH]c(=O)c2cc(S(=O)(=O)NCCO)ccc12,1,train
f0db02d44bdb805b59df92603931686c381cbf5a,O=C(NC[C@@H](O)CN1CCC(Oc2ccc(Cl)c(Cl)c2)CC1)c1c[nH]c(=O)c2ccc(F)cc12,1,train
43ceac09e1f456a2acf9778f01cb2b3ebd975a83,Cc1cc(Cl)ccc1OC1CCN(C[C@H](O)CNC(=O)c2c[nH]c(=O)c3cc(S(C)(=O)=O)ccc23)CC1,1,train
b74c653db4e93e4fa20eb0797c5611dc666fbfdc,CS(=O)(=O)c1ccc2c(C(=O)NC[C@@H](O)CN3CCC(Oc4ccc(Cl)c(Cl)c4)CC3)c[nH]c(=O)c2c1,1,train
f39628bb53e04b8d08456957123879b6a57eac95,O=C(NC[C@@H](O)CN1CCC(Oc2ccc(Cl)c(Cl)c2)CC1)c1c[nH]c(=O)c2ccccc12,1,train
5615cdddc80037b1a8a8c576bd2d0576e361f112,O=C(NC[C@@H](O)CN1CCC(Oc2ccc(Cl)c(Cl)c2)CC1)c1[nH]nc2ccccc12,1,test
8afbea8c63d44631fb535aa81f7514722e38b495,COc1cc(C(=O)NC[C@@H](O)CN2CCC(Oc3ccc(Cl)c(Cl)c3)CC2)ccc1N,1,train
6c8157bf311291b696b0aba886b811e5ae964b17,O=C(NC[C@@H](O)CN1CCC(Oc2ccc(Cl)c(Cl)c2)CC1)c1n[nH]c(=O)c2ccccc12,1,val
ef21d81de88a989ed615b737d5b68ab25e8acf57,O=C(NC[C@@H](O)CN1CCC(Oc2ccc(Cl)c(Cl)c2)CC1)n1c(=O)[nH]c2ccccc21,1,train
7d96b0170628f5caa6ad277c2963c8fe7f5c8493,CN(C[C@@H](O)CN1CCC(Oc2ccc(Cl)c(Cl)c2)CC1)C(=O)c1c[nH]c(=O)c2ccccc12,1,train
46902c3a6234c58dfc5bc26fa6f1daa3023f1d7d,O=C(NC[C@@H](O)CN1CCC(Oc2ccc(Cl)c(Cl)c2)CC1)c1c[nH]c2ccccc12,1,train
ade04e4b71f9a069ece08e0daa319381b2aa8438,O=C(NC[C@@H](O)CN1CCC(Oc2ccc(Cl)c(Cl)c2)CC1)c1cnnc2ccccc12,1,train
43b32c7b5d3133b2a63fb500b370f07272b5d33c,O=C(CNc1nccc2ccc(C(F)(F)F)cc12)NC1CN([C@H]2CC[C@@](O)(c3cncs3)CC2)C1,0,train
680f82b6169e5609ebd8ea19f7246a2e43aeba17,O=C(CNc1ccnc2ccc(C(F)(F)F)cc12)NC1CN([C@H]2CC[C@@](O)(c3cncs3)CC2)C1,0,train
878f2d04b4885a30bd7f8e4f14ebf82d2d1caed5,N#Cc1cc(NCC(=O)NC2CN([C@H]3CC[C@@](O)(c4cncs4)CC3)C2)c2cc(C(F)(F)F)ccc2n1,0,train
2f67b026f3cff3d3d0ab0768b2d63858df8d85dc,O=C(CNc1cc(C(F)(F)F)nc2ccc(C(F)(F)F)cc12)NC1CN([C@H]2CC[C@@](O)(c3cncs3)CC2)C1,0,train
6804fd44796b212e6c4997ae7e7f48a3805250a0,O=C(CNc1nc(C(F)(F)F)nc2ccc(C(F)(F)F)cc12)NC1CN([C@H]2CC[C@@](O)(c3cncs3)CC2)C1,0,train
dd37898d4206b0bca2dd95ddf39c000ab92da04a,Cc1nc(NCC(=O)NC2CN([C@H]3CC[C@@](O)(c4cncs4)CC3)C2)c2cc(C(F)(F)F)ccc2n1,0,train
1815a1bbc81d8f18bfe165c0d505ac14b1b829a2,N#Cc1ccccc1[C@H]1CC[C@@H](N2CC(NC(=O)CNc3ncnc4ccc(C(F)(F)F)cc34)C2)CC1,1,train
3072c7f700c8b58a697c236217c32a26aefea063,O=C(CNc1ncnc2ccc(C(F)(F)F)cc12)NC1CN([C@H]2CC[C@@H](c3ccccc3O)CC2)C1,1,train
1ed1ff3a036c5347ad125171bdc63170c0b6a363,O=C(CNc1ncnc2ccc(C(F)(F)F)cc12)NC1CN([C@H]2CC[C@@H](c3ccccn3)CC2)C1,1,train
46b17273fedae2852e71a767d885352991a74084,Nc1cccnc1[C@H]1CC[C@@H](N2CC(NC(=O)CNc3ncnc4ccc(C(F)(F)F)cc34)C2)CC1,1,train
4e1ab984d7bb912c473820c2fc6b82bafa631582,O=C(CNc1ncnc2ccc(C(F)(F)F)cc12)NC1CN([C@H]2CC[C@@H](c3ccc(O)cn3)CC2)C1,0,train
fff6573a008f0c713f2ea45137f86442b9eba2f6,O=C(CNc1ncnc2ccc(C(F)(F)F)cc12)NC1CN([C@H]2CC[C@@H](c3cccnc3)CC2)C1,0,train
b374024b89254e85e5fed89a2a28298fbd88faf0,COc1cnccc1[C@H]1CC[C@@H](N2CC(NC(=O)CNc3ncnc4ccc(C(F)(F)F)cc34)C2)CC1,0,train
5cc9f3a56f37e395f9b05a59b9946b2f31043d72,Nc1cnccc1[C@H]1CC[C@@H](N2CC(NC(=O)CNc3ncnc4ccc(C(F)(F)F)cc34)C2)CC1,0,train
507f37f6c3564116a83651e8ceca2124b2e09d04,COc1cccc([C@]2(O)CC[C@H](N3CC(NC(=O)CNc4ncnc5ccc(C(F)(F)F)cc45)C3)CC2)n1,0,train
694840367fcc9b24a3a4cc4d76463d7fc0d49c82,COc1ccc([C@]2(O)CC[C@H](N3CC(NC(=O)CNc4ncnc5ccc(C(F)(F)F)cc45)C3)CC2)cn1,0,train
ac1737923029f45fcf66c3e67dbdfc8e0044676a,CC(C)c1ncc([C@]2(O)CC[C@H](N3CC(NC(=O)CNc4ncnc5ccc(C(F)(F)F)cc45)C3)CC2)s1,0,train
5b58aa937ddc51e06f1bd6eca6363f4cd24c82a1,O=C(CNc1ncnc2ccc(C(F)(F)F)cc12)NC1CN([C@H]2CC[C@@](O)(c3ccns3)CC2)C1,0,train
edb2d80b6c7c8e4068088457209aa104f36845cb,O=C(CNc1ncnc2ccc(C(F)(F)F)cc12)NC1CN([C@H]2CC[C@@](O)(c3ccccc3)CC2)C1,0,train
3d3a8f1992de0b0fb8b7063dad25baf00e3eb0ea,O=C(CNc1ncnc2ccc(C(F)(F)F)cc12)NC1CN([C@H]2CC[C@@H](c3ccccc3)CC2)C1,1,train
84fae73496a100a4008003aa50a1ca9a8bdef3d7,C[S+]([O-])Cc1ccc(C(=O)Nc2nccnc2C(=O)NCC2CCC2)c2ccccc12,0,val
8c8262f7281077a00f247a1d9b88480cfc79db94,COc1ccc(NC(=O)c2ccc(Cn3ccnn3)c3ccccc23)c(C(=O)NCC2CCOCC2)n1,0,test
0b32e4ad00d7beac98c8620efac1ed175075061a,COc1ccc(Cl)cc1-c1ccnc(Nc2ccc(N3CCOCC3)c(OC)c2)c1,0,train
76cb466e20ecabec700930561dc5dc77bf5d35d0,COc1ccc(C#N)cc1-c1ccnc(Nc2ccc(N3CCOCC3)c(OC)c2)c1,1,train
8884ee67f54fbb22c1a29c6d5cf5def6642c6ddc,COc1cc(Nc2cc(-c3cccc(C#N)c3)ccn2)ccc1N1CCOCC1,1,train
57434611e15fd85f59baf7ebf0b8f3a03f4fefce,COc1cc(Nc2cc(-c3cccc(C#N)c3)ccn2)ccc1N1CCN(C)CC1,1,test
3b2544139346fd39d27ca8939cedbbadeb5197a3,COC1COCCC1N[C@@H]1C[C@H]2CCC[C@@]2(C(=O)N2CCc3ccc(OC(F)(F)F)cc3C2)C1,1,train
ad2fa8c1922ca8eccb219ac10bbc02992491c31e,COC1COCCC1N[C@@H]1C[C@H]2CCC[C@@]2(C(=O)N2CCc3ccc(C#N)cc3C2)C1,0,train
81eb51ff873658ea2a6b9dbd121bc8ed93078d6e,COC1COCCC1N[C@@H]1C[C@H]2CCC[C@@]2(C(=O)N2CCc3ccc(C(F)(F)F)cc3C2)C1,0,train
454f423f0f643b19568c6b244ff1c45b9ce80c98,COC1COCCC1N[C@@H]1C[C@H]2CCC[C@@]2(C(=O)N2CCc3ccc(Br)cc3C2)C1,0,train
fb1a1d537b46f99d7a1730f748108e685ebbafb5,COC1COCCC1N[C@@H]1C[C@H]2CCC[C@@]2(C(=O)N2CCc3ccc(Cl)cc3C2)C1,0,train
a822cb5a6a7317426c006649439c7bfca22d0799,COC1COCCC1N[C@@H]1C[C@H]2CCC[C@@]2(C(=O)N2CCc3ccc(F)cc3C2)C1,0,train
836bd1776d3b681bceae6a25ce9fee8f387b3aee,COC1COCCC1N[C@@H]1C[C@H]2CCC[C@@]2(C(=O)N2CCc3ncc(OC(C)C)cc3C2)C1,0,train
2a6e3b2cc11de33f10833a740beae4f164072f0f,COc1cnc2c(c1)CN(C(=O)[C@@]13CCC[C@@H]1C[C@@H](NC1CCOCC1OC)C3)CC2,0,train
9df0ceaa693cc27136c129282c07183233a63284,COC1COCCC1N[C@@H]1C[C@H]2CCC[C@@]2(C(=O)N2CCc3ncc(Br)cc3C2)C1,0,train
e8f496a7b5b20918b2a9089194313c214e9d4b73,COC1COCCC1N[C@@H]1C[C@H]2CCC[C@@]2(C(=O)N2CCc3ncc(Cl)cc3C2)C1,0,train
d718bcc801f5527b168197af9f6fef4ceef87b55,COC1COCCC1N[C@@H]1C[C@H]2CCCC[C@@]2(C(=O)N2CCc3ncc(C(F)(F)F)cc3C2)C1,0,train
3b068b65dcbaaaa6ee9a6a928286c95eb9fa6c1c,O=C(N1CCc2ncc(C(F)(F)F)cc2C1)[C@@]12CCCC[C@@H]1C[C@@H](NC1CCOCC1)C2,0,train
6d875c72f11000ff0aab42a58579282ba0c5eca1,O=C(N1CCc2ncc(C(F)(F)F)cc2C1)[C@@]12CCC[C@@H]1C[C@@H](NCC1CCOCC1)C2,0,test
7f44afc2c8ef82f1d399eac0c85cd79a8a6e336e,O=C(N1CCc2ncc(C(F)(F)F)cc2C1)[C@@]12CCC[C@@H]1C[C@@H](NC1CCOCC1)C2,0,train
08633f922c1e8fe920fbb72d14c0097c5af3323f,O=C(N1CCc2ncc(C(F)(F)F)cc2C1)[C@@]12CCC[C@@H]1C[C@@H](NC1CCSCC1)C2,0,train
4ece765d6c6bdec5c25ced4ee5cda5a991756689,O=C(N1CCc2ncc(C(F)(F)F)cc2C1)[C@@]12CCC[C@@H]1C[C@@H](NC1CCCCCC1)C2,0,val
caff6aef2bd62c4adb13a7d6235bb665d3fe48bc,O=C(N1CCc2ncc(C(F)(F)F)cc2C1)[C@@]12CCC[C@@H]1C[C@@H](NC1CCCCC1)C2,0,test
51122cff83942a1e7429d6eff54240c190c6ecb2,O=C(N1CCc2ncc(C(F)(F)F)cc2C1)[C@@]12CCC[C@@H]1C[C@@H](NC1CCCC1)C2,0,test
9340ebaa27ae11d48858b044a21352a7aa63a9bc,Cc1ccc(OCCCc2cccc(CCCOc3ccc(C)cc3)[n+]2C)cc1,1,train
4ec2dc854c3c439c46ddf269e983fe529da00b2b,Cc1ccc(C#CCOCc2cccc(COCC#Cc3ccc(C)cc3)[n+]2C)cc1,1,train
5ce11315524807ea20558072fd52b12099167b38,Cc1ccc(CCCOCc2cccc(COCCCc3ccc(C)cc3)[n+]2C)cc1,1,train
f04ed1c80ffa3812ad5642fed3ac977c2bd83fdc,Cc1ccc(OCCCc2cc(N)cc(CCCOc3ccc(C)cc3)n2)cc1,1,train
74b6b57f5d1c76b1f6647283828ff372bc98b403,C[n+]1c(CCc2ccccc2)cccc1CCc1ccccc1,1,train
5c147df05ff45aedaf39de2b9f34c9789abe654d,c1ccc(CCc2cccc(CCc3ccccc3)n2)cc1,1,train
5c5a60a9d1660f7b82491ad67dd0d9dedabe2fd5,C[n+]1c(COc2ccccc2)cccc1COc1ccccc1,1,train
eea713899daf4124adb1809a9d136302331b41a8,c1ccc(OCc2cccc(COc3ccccc3)n2)cc1,1,test
fe8662056414d0043f7b528428733c34cf793b31,C[n+]1c(CCCOc2ccccc2Cl)cccc1CCCOc1ccccc1Cl,1,train
c8880dfc3478103becf6e40418314868c78e8b33,C[n+]1c(CCCOc2cccc(Cl)c2)cccc1CCCOc1cccc(Cl)c1,1,train
e251b885b478d39e52a38d94a7654be5ba2644c0,C[n+]1c(CCCOc2ccc(Cl)cc2)cccc1CCCOc1ccc(Cl)cc1,1,train
b2ae4c1c528e45810ac97322d2cee36c2372391f,COc1ccc(OCCCc2cccc(CCCOc3ccc(OC)cc3)[n+]2C)cc1,1,train
a92caa8522afef6206161e6605a0048c236505db,C[n+]1c(CCCOc2ccccc2)cccc1CCCOc1ccccc1,1,train
c47a1c7e1d816ae682ebe912380a70eb38f23cc2,C[n+]1c(C#CCOc2ccc(Cl)cc2)cccc1C#CCOc1ccc(Cl)cc1,0,train
182c8cf014dead95d3a4921c310f4493ff0b68f1,C[n+]1c(C#CCOc2ccccc2)cccc1C#CCOc1ccccc1,0,train
de033eb02290b5c63e03c8b144c0581234edad1e,C[n+]1c(C#Cc2ccccc2Cl)cccc1C#Cc1ccccc1Cl,1,train
7474386f0126957bdaf5f208c2c53424512e034e,C[n+]1c(C#Cc2cccc(Cl)c2)cccc1C#Cc1cccc(Cl)c1,1,train
faaa6fd577f8cef1c22bc51ea8aaff593f3b2232,C[n+]1c(C#Cc2ccc(Cl)cc2)cccc1C#Cc1ccc(Cl)cc1,1,train
75bcb7f2b547d6c83822e7fec90a0ed9d5f43971,COc1ccc(C#Cc2cccc(C#Cc3ccc(OC)cc3)[n+]2C)cc1,1,train
5b4f41712abc11840452058e4d91753176918428,C[n+]1c(C#Cc2ccc(-c3ccccc3)cc2)cccc1C#Cc1ccc(-c2ccccc2)cc1,1,train
651db4275fc878fe3b4d31dd1aaed1c565417edc,C[n+]1c(C#CC2CCCCC2)cccc1C#CC1CCCCC1,1,train
da5a9c5c4302b56921ba9d469ba6184287dd759e,C[n+]1c(C#Cc2ccccc2)cccc1C#Cc1ccccc1,1,train
beed7e2e654aee61b9e8ba7aab4ab95a3b604342,Cc1ccc(OCC#Cc2cccc(CCCOc3ccc(C)cc3)[n+]2C)cc1,1,train
80210b2cebfee1541282911eb3b5b26e95da00c1,CCCCCCCCc1cccc(CCCCCCCC)[n+]1C,1,train
aa1b7a20d08468d2272058caaaca0a3f96f21d8d,CCCCCCC#Cc1cccc(C#CCCCCCC)[n+]1C,1,train
ccea14dbbb9bac42a3cb7864e74bba3ef70f7786,Cc1ccc(CCOCCCc2cccc(CCCOCCc3ccc(C)cc3)[n+]2C)cc1,1,train
17b0be7f62d67fd7db53e81a9015fe865405e908,Cc1ccc(CCc2cccc(CCc3ccc(C)cc3)[n+]2C)cc1,1,train
3e3732d2d33b2e471a9f30167ba543d77f7944da,Cc1ccc(CCOCC#Cc2cccc(C#CCOCCc3ccc(C)cc3)[n+]2C)cc1,0,train
8d6365680538cee5a0ed38d37268b5a443c67618,Cc1ccc(C#Cc2cccc(C#Cc3ccc(C)cc3)[n+]2C)cc1,1,train
ca113cf68be9124add72d2536631d1b7d802c18a,Cc1ccc(CCOCc2cccc(COCCc3ccc(C)cc3)[n+]2C)cc1,1,test
c830cc65bc1d73c56816987279e633d83cc8b91b,Cc1ccc(COCc2cccc(COCc3ccc(C)cc3)[n+]2C)cc1,1,test
279b44952de2d1de383344c58d5a6ec27d8ca794,Cc1ccc(OCc2cccc(COc3ccc(C)cc3)[n+]2C)cc1,1,train
e1aa6f5489c7494cba386ae7366246b64e4c2278,Cc1ccc(Cc2cc[n+](C)c(COc3ccc(C)cc3)c2)cc1,1,test
5ad6620667af12ccab14f1b15f19ab3ae9e62e98,Clc1ccc(OCCCc2cccc(CCCOc3ccc(Cl)cc3)n2)cc1,1,train
7ac84731df33abeedb49e81882e9938ce7d06e16,Cc1ccc(CCN(C)CCOc2ccc(C)cc2)cc1,1,train
e320a0bc4d268dce6b459cfd478d0de86eb6f060,COCCCOc1cc(C(=O)N(C[C@@H]2CNC[C@H]2Cc2ccccc2)C(C)C)ccc1OC,0,test
ddb783c72a5e6324266913ed9ac03976272b6506,COc1cc(N2CCN(C(=O)Cn3nc(C(F)(F)F)c(Cl)c3C)CC2)ccc1Cl,0,test
7358f041835b3c5aaf6b5929a72952377fa61601,N#Cc1ccc(-c2ccc3c(c2)OC[C@H]2[C@H](CO)OC(=O)N32)cn1,0,train
98a7e97b0e853fa7183d9af5925d4a2c6fe6e877,CC(=O)NC[C@@H]1OC(=O)N2c3ccc(-c4ccc(C#N)nc4)cc3OC[C@@H]12,1,train
bcd7d6130842229e267dfb82d6fc039acb51b51d,COCCN1CC=CC[C@H](c2ccc(Cl)c(Cl)c2)C1,1,train
772109748ec645da3860b86fdf35b5eb487ba1d6,OCCN1CC=CC[C@H](c2ccc(Cl)c(Cl)c2)C1,1,train
83e84a197286e4994a08f0ae81e2aa9b5de3a384,Clc1ccc(C2CCCCNC2)cc1Cl,1,train
e254f8e911401cff517965ff2859656b9484761b,CN1CCCCC(c2ccc(Cl)c(Cl)c2)C1,1,train
9ba5482094490e205450ccb10f74affba753d5c7,C1=CCC(c2cc3ccccc3o2)CNC1,0,train
6c7f2a5b8f466463dc9904ecd05fbaa06298a792,CN1CC=CCC(c2cc3ccccc3o2)C1,0,train
8280ea107f6bfecf9c68efc47ef7b2c8f4cc1f2d,Fc1ccc(C2CC=CCNC2)cc1Cl,0,train
dde239f2ab982787b3f9bff044ab7963c006dfb4,Cc1cc(C2CC=CCNC2)ccc1Cl,0,train
dc1756b1de478cc2798ac7803b83fbee35f8e78a,Cc1cc(C2CC=CCN(C)C2)ccc1Cl,0,train
34874b537b6c84d1b656205120f158b42dd011e9,C1=CCC(c2ccc3ccccc3c2)CNC1,0,test
c0d94d1457b9ecf716c20f7c0bcd98fa2ab17176,Clc1ccc([C@@H]2CC=CCNC2)cc1Cl,0,train
ca75bb6b6b20eb3267d61acacc4f7039fd8adf82,Clc1ccc([C@H]2CC=CCNC2)cc1Cl,0,train
c37e39c66fc6e2937792c2ae83af3c5db1f9d42d,Clc1ccc(C2CC=CCNC2)cc1Cl,0,train
0c98c35bc524b39572c2cf685e53f671790d3e9b,CN1CC=CC[C@H](c2ccc(Cl)c(Cl)c2)C1,1,train
103242d1ad5d61df7184fc579a0af877cefb417b,CN1CC=CCC(c2ccc(Cl)c(Cl)c2)C1,1,train
e232bed80104822bc4599d986b4cb3c73053015d,Nc1nc2cc3c(cc2s1)CCN(Cc1cscn1)CC3,0,val
660a41ab7d0e88e05d1c896061a1edd4c0e4924d,Nc1nc2cc3c(cc2s1)CCN(Cc1cccnc1)CC3,0,val
898feb74a2a2b807c1d298404e33ef3c2e901eb9,Nc1nc2cc3c(cc2s1)CCN(Cc1ccccn1)CC3,0,test
b540667923291f3a97134a11536ca6b7d8dea8f6,CN(C)C(=O)c1ccc(CN2CCc3cc4nc(N)sc4cc3CC2)cc1,0,train
2d0c2ac3007fa22bd82c564affeef1566b40875c,COc1cccc(CN2CCc3cc4nc(N)sc4cc3CC2)c1,1,train
4a9b036199a76ad7101dc383a89ee39e66956abd,COc1ccc(CN2CCc3cc4nc(N)sc4cc3CC2)cc1,1,train
f0fb5183f9ad74e8e7ba39eb0aaecf870fc06a2d,Nc1nc2cc3c(cc2s1)CCN(Cc1cccc(F)c1)CC3,1,train
1ffa1bf4b211b9fd3ae4e351c127491ff9e09607,Nc1nc2cc3c(cc2s1)CCN(Cc1ccc(F)cc1)CC3,1,train
341c9950da1101dd5e5022e652fc04ca5f7bbdac,Nc1nc2cc3c(cc2s1)CCN(Cc1ccccc1)CC3,1,train
a94b9bb60e9a5c1223e435e1eefcad655d6ed79d,Nc1nc2cc3c(cc2s1)CCN(C1CC1)CC3,0,train
8263d4d57589ea3acbf804e3522def2d670d7e83,CCN1CCc2cc3nc(N)sc3cc2CC1,0,val
a0497eed8c4de706a8a45d6ddc38278695ebf117,CC(C#N)=C1CCN(c2ccc(N3C[C@H](Cn4cc(F)nn4)OC3=O)cc2F)CC1,0,train
46af2be3c7f9082c7958fe53229aedb2548baf51,N#CC=C1CCN(c2ccc(N3C[C@H](Cn4cc(F)nn4)OC3=O)cc2F)CC1,1,train
aa4b1ea4a16432bc6997ea2bf5f296005d2b71dc,N#CC=C1CCN(c2ccc(N3C[C@H](Cn4ccnn4)OC3=O)cc2F)CC1,0,train
5b1a3957eb9132b29faf41271c0064db1af936c5,COc1ccc(C(CCCN)(c2ccccc2)c2ccccc2)cc1,1,train
115ede762477f54cbf5cab95bbab0f5edd8ff1a0,Cc1ccc(C(=O)N(CCCN)[C@@H](c2oc3cc(Cl)ccc3c(=O)c2Cc2ccccc2)C(C)C)cc1,1,train
68aa778040cc19acdff3c58d799bfd4b75208f5f,C[C@@H]1COCCN1c1cc(C2(S(C)(=O)=O)CC2)nc(-c2cccc3[nH]ccc23)n1,0,train
58c4786bc78006fe63854aa5e35a56350fec2c00,COCCC(NC(=O)C1(N)CCN(c2ncnc3[nH]ccc23)CC1)c1ccc(Cl)cc1,1,train
9f672c5602359a455fe6d34936835f47afc300a2,NC1(C(=O)NC(CCCO)c2ccc(Cl)cc2)CCN(c2ncnc3[nH]ccc23)CC1,0,train
ac910eb8e5243bb324ce5178b2bab52dc215d377,CS(=O)(=O)NCCC(NC(=O)C1(N)CCN(c2ncnc3[nH]ccc23)CC1)c1ccc(Cl)cc1,0,train
020c5c291fe88dc0f900024bab7d330076048cad,NC1(C(=O)N[C@@H](CCN2CCCCC2)c2ccc(Cl)cc2)CCN(c2ncnc3[nH]ccc23)CC1,0,val
762d17010b390d9336285dec84a2ee15859dbcee,NC1(C(=O)N[C@@H](CCN2CCCC2)c2ccc(Cl)cc2)CCN(c2ncnc3[nH]ccc23)CC1,0,test
9885d6dd7d51f0b8ce8d2bdefdd09d9967d98207,NC1(C(=O)NC(CCCN2CCOCC2)c2ccc(Cl)cc2)CCN(c2ncnc3[nH]ccc23)CC1,0,test
47f5a74b2663c4ab41f9569d105794015abb7261,CC(NC(=O)C1(N)CCN(c2ncnc3[nH]ccc23)CC1)c1ccc(F)cc1,0,train
84a53237d0e2d715029a6c1ec412879c960edb12,NC1(C(=O)NC(Cc2ccccc2)c2ccc(Cl)cc2)CCN(c2ncnc3[nH]ccc23)CC1,1,train
91b159f096c037188b8398e1e0e089258f465e95,NC1(C(=O)NC(c2ccccc2)c2ccc(Cl)cc2)CCN(c2ncnc3[nH]ccc23)CC1,1,test
60f788a26b0a6e2ca7991f05a1256879d1023188,NC1(C(=O)NC(c2ccc(Cl)cc2)C2CC2)CCN(c2ncnc3[nH]ccc23)CC1,1,test
bd5cbf2e498687098979d3b4f6a0b55de84d27d1,CCC(NC(=O)C1(N)CCN(c2ncnc3[nH]ccc23)CC1)c1ccc(Cl)cc1,1,train
fff35d2fbef4ac1aae48b7904ba69193c812eff7,C[C@H](NC(=O)C1(N)CCN(c2ncnc3[nH]ccc23)CC1)c1ccc(Cl)cc1,1,train
dc2c3d099afa4960ef3c048bcf4849c8452dd731,C[C@@H](NC(=O)C1(N)CCN(c2ncnc3[nH]ccc23)CC1)c1ccc(Cl)cc1,1,train
fd87764cc745a83f4c8c3dfb17e270e4e91da947,CC(NC(=O)C1(N)CCN(c2ncnc3[nH]ccc23)CC1)c1ccc(Cl)cc1,1,train
1670fa3650c9dbf750bae06b98e3180ab6e16f70,NC1(C(=O)NCc2ccc(Cl)cc2)CCN(c2ncnc3[nH]ccc23)CC1,1,train
c3ae23e6d3f0a8ea1d681ab655ec09a15bcf0a18,CN1CCC(COCc2cc(C(F)(F)F)cc(C3CC3)n2)(c2cccc(F)c2)CC1,1,train
defe15649b5ebfd004b23f094d047d791590ef1e,CN1CCC(COCc2cc(C(F)(F)F)cc(C3CC3)n2)(c2cccc(Cl)c2)CC1,1,train
283f6bc6a76c7fb6bc71043e649f990a752230d6,CN1CCC(COCc2cc(C(F)(F)F)cc(C3CC3)n2)(c2ccc(Cl)cc2)CC1,1,train
4462e2fc40ec74200256c7824c707d1f104650f8,CN1CCC(COCc2cc(C#N)cc(C3CC3)n2)(c2ccc(F)cc2)CC1,0,train
0d14f64c5cffed195ca11141d1d00e3c6bc74999,CN1CCC(COCc2cc(C3CC3)cc(C3CC3)n2)(c2ccc(F)cc2)CC1,0,train
fbe57ea567adc46ad9c8078cbf9cab217ea391ba,CN1CCC(COCc2cc(C(F)(F)F)cc(C3CCCC3)n2)(c2ccc(F)cc2)CC1,0,test
f2df775a6d1c12a000965c2fb96d9eeed27d6236,CN1CCC(COCc2cc(C(F)(F)F)cc(C3(F)CC3)n2)(c2ccccc2)CC1,0,train
de732f098d324949677a877f624ef8b584dc273d,CN1CCC(COCc2cc(C(F)(F)F)cc(C3(F)CC3)n2)(c2ccc(F)cc2)CC1,1,train
90208060dc9f0490235bd671b17160a4091ae535,CN1CCC(COCc2cc(C(F)(F)F)cc(C3CC3(C)C)n2)(c2ccc(F)cc2)CC1,1,train
d96dc2a1439427ed9a2646f2ea67935ce2204486,CC1CC1c1cc(C(F)(F)F)cc(COCC2(c3ccc(F)cc3)CCN(C)CC2)n1,0,train
faba20e088e67235a777f3772904bd0edfd8b030,FC(F)(F)c1cc(COCC2(c3ccccc3)CCNCC2)nc(C2CC2)c1,1,train
ef4fb0e6a2311d05c25bd1ca9b22f32e28e4a48e,CN1CCC(COCc2cc(C(F)(F)F)cc(C3CC3)n2)(c2ccccc2)CC1,1,train
57a57fbe14437b484202899ece523e343f7e6a85,CN1CCC(COCc2cc(C(F)(F)F)cc(C3CC3)n2)(c2ccc(F)cc2)CC1,0,train
90dcf1d30da50580bc3f8b0cb3d6a4f1880ec8ef,CC(C)=Cc1cc(C(F)(F)F)cc(COCC2(c3ccc(F)cc3)CCN(C)CC2)n1,0,train
ced33469b4e8490ab90f14a458c9a4ff4cd12122,C/C=C/c1cc(C(F)(F)F)cc(COCC2(c3ccc(F)cc3)CCN(C)CC2)n1,0,train
f2c4582cb3523faaf6bb00ca236401cb12e997bd,CC(C)Cc1cc(C(F)(F)F)cc(COCC2(c3ccc(F)cc3)CCN(C)CC2)n1,0,train
69303a4c53004c06ddb1f074d8c2ec35327459ce,CC(C)c1cc(C(F)(F)F)cc(COCC2(c3ccc(F)cc3)CCN(C)CC2)n1,0,train
bd6a6c6093b38eb1e3b16d48a6d805967c4e2afa,COc1cc(C(F)(F)F)cc(COCC2(c3ccc(F)cc3)CCN(C)CC2)n1,1,train
86539d7d4ed0ef03e3bbad483326b121fd031db8,CN1CCC(COCc2cc(C(F)(F)F)cc(C#N)n2)(c2ccccc2)CC1,0,train
75c6535771edf3e6620749102199aaa2f6753da3,CN1CCC(COCc2cc(C(F)(F)F)ccn2)(c2ccc(F)cc2)CC1,0,train
50f10894f8e0f485f8bbc66dcc225cae44eb3747,CN1CCC(COCc2cc(C(F)(F)F)cc(N3CCC(C#N)CC3)n2)(c2ccc(F)cc2)CC1,1,test
5e56ae2cf3348967eddb4e9e44c659db48b61eff,CN1CCN(c2cc(C(F)(F)F)cc(COCC3(c4ccccc4)CCNCC3)n2)CC1,0,test
ca6790852e404e3ad3637cbd76b14fd560ffc330,CN1CCC(COCc2cc(C(F)(F)F)cc(N3CCC(C#N)C3)n2)(c2ccc(F)cc2)CC1,1,train
dc10e535edb02c417b89263c91b3f9f00e7ecb5d,CN1CCC(COCc2cc(C(F)(F)F)cc(N3CC=CC3)n2)(c2ccc(F)cc2)CC1,1,train
85173bc98de03c6aaa87701f139ee7f097694768,CN1CCC(COCc2cc(C(F)(F)F)cc(N3CCC4CC43)n2)(c2ccc(F)cc2)CC1,0,train
57165ea929f922663cd8ab1b089871867879697b,CN1CCC(COCc2cc(C(F)(F)F)cc(N3CCCC3)n2)(c2ccccc2)CC1,1,train
cf58daafa598ce770947c13b69a758afcdc76c5c,FC(F)(F)c1cc(COCC2(c3ccccc3)CCNCC2)nc(N2CCCC2)c1,1,train
322dc523a07ffa2c78bbf18a4ddfb8d0b36955d0,CC(C)CN(CC(C)C)c1cc(C(F)(F)F)cc(COCC2(c3ccc(F)cc3)CCN(C)CC2)n1,1,train
22483222bca7cf867cfcc05d4e0e26b9995ef642,CCN(C)c1cc(C(F)(F)F)cc(COCC2(c3ccc(F)cc3)CCN(C)CC2)n1,1,train
11bdcc6726f1cb6cc225ca9c1caf47ea774773c5,CCC(CC)Nc1cc(C(F)(F)F)cc(COCC2(c3ccc(F)cc3)CCN(C)CC2)n1,1,train
5ccb7b71f564c5a293f477afc1bfac8866580bcf,CCNc1cc(C(F)(F)F)cc(COCC2(c3ccc(F)cc3)CCN(C)CC2)n1,0,train
baad5ff4d6a2dde9a11d66198f071b277cb7c823,CCN(CC)c1cc(C(F)(F)F)cc(COCC2(c3ccc(F)cc3)CCN(C)CC2)n1,0,train
efd40dacdc6244c8b91a4dd57c6235fb84d435b3,CN(C)c1cc(C(F)(F)F)cc(COCC2(c3ccc(F)cc3)CCNCC2)n1,1,train
c9637cb0e297a4d467ca7570f2427a7699e53733,CN1CCC(COCc2cc(Cl)cc(C(F)(F)F)n2)(c2ccccc2)CC1,0,train
3e1966db8171430bd75022180c9152942689f0af,FC(F)(F)c1cc(Cl)cc(COCC2(c3ccccc3)CCNCC2)n1,0,train
92ae4957effb3b946cb47fd8a7642508d29d40e6,Clc1cc(COCC2(c3ccccc3)CCNCC2)cc(Cl)n1,0,train
213100f1bf7e45b8cf411aa3e26d3e0f7ffe604f,CN1CCC(COCc2cncc(Br)c2)(c2ccccc2)CC1,0,train
6dff214f3fb465a00cea2e191a7e40ba07ea5598,Brc1cncc(COCC2(c3ccccc3)CCNCC2)c1,0,train
a814ebb609cf09751db0cc760ef72d97e478a152,CN1CCC(COCc2cc(C(F)(F)F)cc(Cl)n2)(c2ccccc2F)CC1,0,train
ded5bcdd6d98927c1ff078b6885d64f88ce179b4,CN1CCC(COCc2cc(C(F)(F)F)cc(Cl)n2)(c2ccc(F)cc2)CC1,1,train
8f880d29fac6c78211adb4fab1f6dceb17f00a2e,Fc1ccc(C2(COCc3cc(C(F)(F)F)cc(Cl)n3)CCNCC2)cc1,0,train
16d3a3533d8d900d8ef3086dd2443f22a7bf3217,CN1CCC(COCc2cc(C(F)(F)F)cc(Cl)n2)(c2ccc(Cl)cc2)CC1,0,train
6c06deb0329733468d25e9ab65c58ae983793270,CN1CCC(COCc2cc(C(F)(F)F)cc(Cl)n2)(c2ccccc2)CC1,0,train
30f89f7294066651e837c8d108f504274274b81b,FC(F)(F)c1cc(Cl)nc(COCC2(c3ccccc3)CCNCC2)c1,0,train
93b1383d89bfe4dcf2cbd7a8dac6a1e30ad2fcd8,FC(F)(F)c1cc(Cl)cc(COCC2(c3ccccc3)CCNCC2)c1,1,test
de11f2cc2aa8e816beda1ef8cbd146b15a284fdc,CCNc1nc2c(c(C(N)=O)n1)CN(C(=O)CCc1ccc(OC(F)(F)F)cc1)CC2,1,val
8400a1e6417f320ec5f23a94ed798190b08d6ede,CCNC(=O)Nc1ccc(-c2nc3c(c(N4CCOC[C@@H]4C)n2)CCN(C(C)C)C3)cc1,1,train
a827622b255f30a8ce23080632224b14fc7e8790,CCOC(=O)N1[C@@H]2CC[C@H]1C[C@H](CN1CC[C@H](n3c(O)cc4ccccc43)C1)C2,1,test
c5d7f4e28f66459f2b3b7655d0f2724a20d41ffd,CCOC(=O)N1CCC(O)(CN2CC[C@H](n3c(O)cc4ccccc43)C2)CC1,1,train
de15fb5cf7f42d75c6b18599708476bc7164931b,CCOC(=O)N1CCC(C)(CN2CC[C@H](n3c(O)cc4ccccc43)C2)CC1,1,train
99b0d64d45fc2a503a1925be95d245d69268ac96,CCOC(=O)N1CCC(CN2CC[C@H](n3c(O)cc4ccccc43)C2)CC1,1,train
5a94b0225ef52ff9a4f52c6381024dcabe9fa474,COc1cc(N2Cc3ccc(Sc4ccc(F)cc4)nc3C2=O)ccc1OCCN1CCCC1,0,val
fd63c01685267f2894dd9bc45459b6e2f69cd2c4,CS(=O)(=O)c1ccc(C(CC2CCCC2)C(=O)Nc2cnc([C@H](O)CO)cn2)cc1Cl,0,train
80aa3842cd58c611f519a106514dbbb4ee2eef84,CNC(=O)c1cccc(-c2ccc3c(N4CCOC[C@@H]4C)nc(N4CCOC[C@@H]4C)nc3n2)c1,0,train
4ce2d70377b5b8d0b957be23b1c0dde08ae3f16a,COc1ccc(-c2ccc3c(N4CCOC[C@@H]4C)nc(N4CCOC[C@@H]4C)nc3n2)cc1CO,0,train
200c06a5136f883b72d00675ff53783285479883,COc1ccc(-c2ccc3c(N4CCOCC4)nc(N4C[C@@H](C)O[C@@H](C)C4)nc3n2)cc1CNCCO,0,train
7027298920c71023b76982232f82aeebb93caec0,CNC(=O)c1cc(-c2ccc3c(N4CCOC[C@@H]4C)nc(N4CCOC[C@@H]4C)nc3n2)ccc1OC(F)F,0,train
9578fe70e66d3b5b136581224af5e80ff623a71b,CNCc1cccc(-c2ccc3c(N4CCOCC4)nc(N4C[C@@H](C)O[C@@H](C)C4)nc3n2)c1,0,train
e0d5543832ff9f70a877c2e13ea66c95b3592746,COCC(C)Nc1nc(N2CCOC[C@@H]2C)c2ccc(-c3ccc(OC)c(CO)c3)nc2n1,0,train
b80215aa22428fa7c72a7175b68a5c1a9bb3d4f2,C[C@@H]1CN(c2nc(N3CCOC[C@@H]3C)c3ncc(-c4ccccc4)nc3n2)C[C@H](C)O1,0,test
0b9f463ed5745a6455db4f5dac170a2bbeb58858,C[C@@H]1CN(c2nc(N3CCOCC3)c3ccc(-c4cccc(CNCCO)c4)nc3n2)C[C@H](C)O1,0,train
06858e2235087516cafadcb6043b6507f685fa7d,COc1ccc(-c2ccc3c(N4CCOCC4)nc(N4C[C@@H](C)O[C@@H](C)C4)nc3n2)cc1CO,1,train
e573baca5c03a069d4605ab37717d7132b9875b4,COc1ccc(-c2ccc3c(N4CCOC[C@@H]4C)nc(N4CC[C@@H](O)C4)nc3n2)cc1CO,1,val
91b7a28908db4fda4d829ff4fb10d664bf490ce4,C[C@@H]1CN(c2nc(N3CCOC[C@@H]3C)c3ccc(-c4ccccc4)nc3n2)C[C@H](C)O1,1,train
17de0be7f488bad40694ec2329784a9dd79a18e8,CC(C)(C)NC(=O)NCCN1CCCC(NC(=O)c2cc(Cl)cc(Cl)c2)C1,1,train
9ba7a9cc68ef14c579f664f40627a4e604b4ce24,CC(C)(C)NC(=O)NCCN1CCC(NC(=O)c2cc(Cl)cc(Cl)c2)C1,1,train
9fc02c03dd663c2220b7cce40c65eaa72bee9896,CC(C)(C)NC(=O)NCCN1CC(NC(=O)c2cc(Cl)cc(Cl)c2)C1,0,test
7199c59e8e78e5c6eeaecb171952d11a3187e258,CC(C)(C)NC(=O)NCCN1CCC(CNC(=O)c2cc(Cl)cc(Cl)c2)C1,1,test
9cd0e559e5b59e68d117b5e82c5895b89d740acc,CC(C)(C)NC(=O)NCCN1CCCC(CNC(=O)c2cc(Cl)cc(Cl)c2)C1,1,val
11f630dfdfdab2bebfa92ffba30b4e1b1ff5dab3,CC(C)(C)NC(=O)NCCN1CCC(CNC(=O)c2cc(Cl)cc(Cl)c2)CC1,0,train
412378dfb112a2aa717f2184db6ac206f9ec067a,CC(C)(C)NC(=O)NCCN1CCN(CC(=O)Nc2cc(Cl)cc(Cl)c2)CC1,1,test
5a512b39fba786471fb1c589e0cae20d17004b15,O[C@H](COc1ccc(C(F)(F)F)cc1)CN1CCN(Cc2c(F)cccc2Cl)CC1,0,train
287b793062ed31768869d74cef30009ec80fe01f,COc1cccc(N2CCN(C[C@H](O)COc3ccc(C(F)(F)F)cc3)CC2)c1,1,train
2c4ff526f85a729784d4ad24d340e3e802f3d018,O[C@H](COc1ccc(F)cc1)CN1CCN(Cc2ccc(Cl)c(Cl)c2)CC1,1,train
df9d725f7dcda78b0dcc000dca22ff57a93a8023,O[C@H](COc1ccc(F)cc1)CN1CCN(Cc2ccc(Cl)cc2)CC1,1,train
d0662b75d50bbed8a9de16f6aed0001140812d23,O[C@H](COc1ccc(Cl)cc1)CN1CCN(Cc2c(F)cccc2Cl)CC1,1,train
58e27a0b09a1d2878b97985e9644ddadf6e3842d,O[C@H](COc1ccc(Cl)cc1)CN1CCN(Cc2ccc(Cl)cc2)CC1,1,train
7fb2075299ec00a87f3068dab52eea9fa9bf7055,O[C@@H](COc1ccc(C(F)(F)F)cc1)CN1CCN(Cc2ccc(Cl)c(Cl)c2)CC1,1,train
b779b7665b2c54c6fb43bdc0d71a10d8ef2d3c9e,COc1ccccc1N1CCN(C[C@@H](O)COc2ccc(C(F)(F)F)cc2)CC1,1,train
db36c9a75219e5d5f1e74e04de5474baa0ec1c7b,O[C@@H](COc1ccc(F)cc1)CN1CCN(Cc2ccc(Cl)c(Cl)c2)CC1,1,train
19a76d189d88bd4363d8fa1223660605863da3d4,Cc1cn([C@H]2CCCN(S(=O)(=O)c3ccc(O)c(Oc4cccc(Cl)c4)c3)C2)c(=O)[nH]c1=O,0,train
e8ec29c55a47842e64dbf55cd8683e410fd5099d,Brc1cccc2nc(C#Cc3ccccn3)ccc12,0,train
fa66e757f04ba65703158264cd54c1e1ccb27305,C(#Cc1ccc2ccccc2n1)c1ccccn1,0,train
88626d4983a957fef6d1c39ee0c9f9569dde492b,COc1cccc2nc(C#Cc3cccnc3)ccc12,0,val
e26e10a7f32fc054517f17b8469ffd8e29611bd8,COc1cccc2nc(C#Cc3ccccc3)ccc12,0,val
fd494f39f625f461a46363cd1e9c4f682bd4ff5a,CC(C)(C)NC(=O)c1c[nH]c2ncc(-c3ncn4c3CCCC4)nc12,1,val
c07b4820bb10ac22ab0f8426412e9440f1cb9c9d,CC(C)(C)NC(=O)c1c[nH]c2ncc(-c3nn(CCC(O)CO)c4ccc(OC(F)F)cc34)nc12,1,train
591b6f71173160abef6be532822a6dd10957d1a2,CC(C)(C)NC(=O)c1c[nH]c2ncc(-c3nn(CCCS(C)(=O)=O)c4ccc(OC(F)F)cc34)nc12,1,train
f1a860b8779a239f0e033184d58d507336883af2,CN(C)CCCn1nc(-c2cnc3[nH]cc(C(=O)NC(C)(C)CO)c3n2)c2cc(OC(F)F)ccc21,1,train
24ee8b9953bcef62878ec4ec8691a1bc72f9f749,CC(C)(C)NC(=O)c1c[nH]c2ncc(-c3nn(CCCN4CCOCC4)c4ccc(OC(F)F)cc34)nc12,1,train
fc7aa9df22db38d557d878195a1f93dbe7dc2c60,CC(C)(C)NC(=O)c1c[nH]c2ncc(-c3nn(CCCN4CC(C#N)C4)c4ccc(OC(F)F)cc34)nc12,1,train
7ebf562ab195cd759da032ca533ade059690bbba,CN1CC(Cn2nc(-c3cnc4[nH]cc(C(=O)NC(C)(C)C)c4n3)c3cc(OC(F)F)ccc32)C1,1,train
eb43f38c0809cb455cde852ede158251f4be8b90,NC(=O)c1cnc(N[C@@H]2CCCC[C@@H]2N)nc1Nc1cccc(-n2nccn2)c1,1,train
20458beb4e38a18d3838c7a6d21639a173a45d8a,CC(=O)N1CCN(CCOc2ccc(C3CCN(c4ccc5nnc(C(F)(F)F)n5n4)CC3)cc2)CC1,0,train
9ded7ecca23461cc3e5423ada5493e6a82a38ad6,Cn1nccc1CCOc1ccc(C2CCN(c3ccc4nnc(C(F)(F)F)n4n3)CC2)cc1,0,train
d821e6455688682aa6a22e9b56a0f57e1de673cb,Fc1ccc(CN2CCN(C3=Nn4c(nnc4C(F)(F)F)CC3)CC2)cc1,0,val
f2bf42f6327d49ab8e57811988cc9f1f15db764e,OC1(c2cccnc2)CCN(c2ccc3nnc(C(F)(F)F)n3n2)CC1,0,test
e9cc0d1fcfd1920f7f78f041ff49ec6513b898ac,OC1(c2ccc(F)cc2)CCN(c2ccc3nnc(C(F)(F)F)n3n2)CC1,0,train
7ed06018d085bbb063198c14aafcd318aad7f1df,Fc1ccc(CN2CCN(c3ccc4nnc(C(F)(F)F)n4n3)CC2)cc1,0,train
ebcc5e4b7dfaa579d07bb3ae3ecfc8947efe7376,N#Cc1ccc(CN2CCN(c3ccc4nnc(C(F)(F)F)n4n3)CC2)cc1,1,train
6ff9e8e8bf8ce084bbbaaaef824e0542dd69fc90,C[C@@H]1C[C@H]2[C@@H]3CC=C4CC(=O)C=C[C@]4(C)C3=CC[C@]2(C)[C@@]1(O)C(=O)CO,0,train
8e549704c6eee320e24ddca98e7b7c2a72c28630,CNC1CN(c2nc(N)nc3cc(C(C)C)cnc23)C1,0,train
0b1fa81471d11f2dcebc249d6270615f4b13c2f2,CCc1cnc2c(N3CC[C@@H](NC)C3)nc(N)nc2c1,0,val
cec4de49c4f7c71fa561da301b8a7b35750fb198,CCc1cnc2c(N3CC(NC)C3)nc(N)nc2c1,0,train
e238e4a8dba7be20b1af3f483e020a39cf5db19b,CCc1cnc2c(N3CCN(C)CC3)nc(N)nc2c1,0,val
553c63f9f96eb28f3c57f07303093bd623e8150b,CN[C@@H]1CCN(c2cc(NCC3CC3)nc(N)n2)C1,1,val
bda414de47fdbf212087c7e78dd9f2d3e8a874a4,CCc1ccc2c(N3CC[C@@H](NC)C3)nc(N)nc2c1,1,val
d3a17e6a16022c5a97a8f09c1e91b8358defe94c,CCc1ccc2c(N3CC(NC)C3)nc(N)nc2c1,1,val
e4ccd7148f1b3e86b4ab1283633672244b59cc0c,CCc1ccc2c(N3CCNCC3)nc(N)nc2c1,1,val
bd537a352898ff6b3b596fb78c04822c23a25620,CNC1CN(c2nc(N)nc3cc(C4CC4)ccc23)C1,1,val
69a9d95080b0cf8253baaff131e099c11361b768,Nc1nc(N2CCNCC2)c2ccc(C3CC3)cc2n1,1,train
68ab2703269e63afabe1a31e8ea1435a1bc04cca,CNC1CN(c2nc(N)nc3cc(C4CCCC4)ccc23)C1,1,train
776388438ae28ac98a063b6798d221b050007ed0,Nc1nc(N2CCNCC2)c2ccc(C3CCCC3)cc2n1,1,train
4f0dd70664b9ed68c19759c232fd14237870044b,Nc1nc(N2CCNCC2)c2ccc(-c3ccco3)cc2n1,1,val
7fc40a6086d30e771697e1e04e6fed10ff86186f,O[C@H]1CC[C@H](c2ccc(OCCCN3CCCCC3)cc2)CC1,1,train
7aef64202938feb2801772902b78448a524b1f0c,N#Cc1cnccc1COc1cnc(N2CC3CCC(C2)N3C(=O)OCC(F)(F)F)nc1,0,test
cb039d42928fb976ef4211e7962c5d17c1b6f41f,C[C@@H]1CN(C(=O)OCC(F)(F)F)CCN1c1ncc(OCc2ccncc2C#N)cn1,0,train
04991b9cef930b77fbd05f8851efa0f219276876,N#Cc1cnccc1COc1cnc(N2CCN(C(=O)OCC(F)(F)F)CC2)nc1,1,train
773b174d758ac57b9d0dcfb15ec7ddced2dc70ea,CC(C)CN1CCC(COc2ccc(NC(=O)Nc3cccnc3Oc3ccccc3C(C)(C)C)c(F)c2)CC1,1,test
7ee8c4ec21a28f7cfe36d51d0a82590b9c4e2c43,CN(C)Cc1ccccc1-c1ccc(NC(=O)Nc2cccnc2Oc2ccccc2C(C)(C)C)c(F)c1,1,val
b9eea506e02ceb9ada6ec94a921a3e0713c168cf,COc1ccc2nccc([C@@H](O)CC[C@@H]3CCN(C4CC(c5cc(F)cc(F)c5F)C4)CC3C(=O)O)c2c1,0,train
f04962f27f850ec24444acd326151795d4e5884a,COc1ccc2nccc([C@@H](O)CC[C@@H]3CCN(C4CC(c5cc(F)cc(F)c5)C4)CC3C(=O)O)c2c1,1,train
f8e58cd43e140621d7c50e6aebde5ec9ca968fdb,COc1ccc2nccc([C@@H](O)CC[C@@H]3CCN(C4CC(c5cc(F)ccc5F)C4)CC3C(=O)O)c2c1,1,train
15a340e3425f9b4c6c65bf806ba88352b4002fac,COc1ccc2nccc([C@@H](O)CC[C@@H]3CCN(C4CC(c5c(F)cccc5F)C4)CC3C(=O)O)c2c1,0,train
27951e450685eb150878b544b8e6c46e73415300,COc1ccc2nccc([C@@H](O)CC[C@@H]3CCN(C4CC(c5cccc(F)c5)C4)CC3C(=O)O)c2c1,0,train
aa46f41b3f52cb2e17168f97f6665e30549a0bd0,COc1ccc2nccc([C@@H](O)CC[C@@H]3CCN(C4CC(c5ccccc5F)C4)CC3C(=O)O)c2c1,0,train
b1af799052c2a27f0f17a5aeba35e91eb715e41d,COc1ccc2nccc([C@@H](O)CC[C@@H]3CCN(C4CC(c5ccccc5)C4)CC3C(=O)O)c2c1,0,train
3e63bfef26ba4f5a3dface61d0078957e89bed95,COc1ccc2ncc(F)c([C@@H](O)CC[C@@H]3CCN(CCSc4cccs4)CC3C(=O)O)c2c1,0,train
474e3bdc8a43a06bb3a92fbfbe43a58073e244ad,COc1ccc(C2(c3cccc(-c4cncnc4)c3)CCC(=N)N2)cc1,0,val
111fdf82c225947274732a7e6ad327189bca0a2e,COc1cccc(-c2cccc(C3(c4ccncc4)N=C(N)CS3)c2)c1,0,val
cf05cfb2244c95115d37701d9bf33b4ff3e35878,COc1cccc(-c2cccc(C3(C)N=C(N)CCS3)c2)c1,0,train
b4eeada97fc650ea6c1066fcb6b21ff3623cbae1,COc1ccc(C2(c3cccc(-c4cccnc4)c3)N=C(N)CS2)cc1,1,test
2eab67477d83018ebd75a8af9efadad7d4c001e9,COc1cccc(-c2cccc(C3(C)N=C(N)CS3)c2)c1,1,train
b16857a80b4cf8c137aa92eb8100f8b50421c907,COc1cccc(-c2cccc(C3(C)CSCC(=N)N3)c2)c1,1,train
1b26b48db7201d6d022345194cbe7e48f2bde3cc,CC1(c2cccc(-c3cncnc3)c2)N=C(N)c2c(F)cccc2O1,1,train
10d7129c14e6f110f3a0dedef83c346e4088ee03,COc1ccc(C2(c3cccc(-c4cncnc4)c3)N=C(N)n3nc(C)cc32)cc1,1,train
ce9d573f9f154e63acf76f210ff331caa3807325,COc1cccc(-c2cccc(C3(C)COCC(=N)N3)c2)c1,1,train
24988d9703a604719c017543ac739dffd404e8fb,COc1cccc(-c2cccc(C3(C)CCSC(=N)N3)c2)c1,1,train
7944e3431d19f59b890688b190817e96cae9770e,CC1(c2cccc(-c3cccc(Cl)c3)c2)N=C(N)CCO1,1,train
434e4067409c5c192a9a2f76280c076c4d2019cc,CC1(c2cccc(-c3cncnc3)c2)N=C(N)c2ccccc2S1,1,val
ac29dfae243301cde9c6fc965c3144ac86fa42ee,CC1(c2cccc(-c3cncnc3)c2)N=C(N)c2ccccc2O1,1,train
05e3d3bf06bdb94c9e66f751fb2bbaa1788d1a60,COc1ccc(C2(c3cccc(-c4cccnc4)c3)CC(OC)C(=N)N2)cc1,1,test
a83813721103ec9bd40463107e17922bba8e0ccc,CC1(c2cccc(-c3cccnc3)c2)N=C(N)c2ccccc2O1,1,val
0266a8777c4e5f4074cda739548d3b809684d867,CCC1(c2cccc(-c3cncnc3)c2)N=C(N)c2ccccc2O1,1,train
bedb61b76375e97d9de140e8a85defc38b36e6ec,COc1ccc(C2(c3cccc(-c4cncnc4)c3)N=C(N)c3nc(C)sc32)cc1,1,val
eba9dac911ecd50533520dbb4ed6ec4f18b0c608,O=C(Nc1c[nH]c2ncc(-c3ccccc3F)cc12)c1cnn2ccc(NC[C@H]3CCNC[C@@H]3F)nc12,1,test
d2927d0dc8117373448a37c4c3e0844fc84112a2,Cc1c(C)c2ccc(OCCCCN3CCC(c4noc5cc(F)ccc45)CC3)cc2oc1=O,1,train
5dac9347020329599b1b4075061fce3d9243d722,Cc1cc(=O)oc2c(C)c(OCCCCN3CCC(c4noc5cc(F)ccc45)CC3)ccc12,1,train
4091714bd3bd4eee2d4364e7b7a45dcb928f8319,Cc1cc(=O)oc2c(Cl)c(OCCCCN3CCC(c4noc5cc(F)ccc45)CC3)ccc12,1,train
23196b269619f80e2094c29c979456c8f24e5010,O=c1cc(-c2ccccc2)c2ccc(OCCCCN3CCC(c4noc5cc(F)ccc45)CC3)cc2o1,1,test
1dabb738b760a004d477dc4936f893f5800d9701,COc1ccccc1N1CCN(CCCCOc2ccc3c(C)cc(=O)oc3c2)CC1,1,test
a4afb41238dce54174ecf143a012c90a8b31e65c,Cc1cc(=O)oc2cc(OCCCCN3CCC(c4noc5cc(F)ccc45)CC3)ccc12,1,train
ff6081ffa844edda5e71c8ec6a8aad5ced66a3e2,CN(C)C(=O)C1C[C@@H]1c1ccc(-c2ncn(C)c2Sc2ccc(Cl)cn2)cc1,0,val
43992c04777c7d9a5b2a51a1e3c9cb3f5c2ecb33,C[C@@H](O)c1nc2cnc3[nH]ccc3c2n1[C@H]1CC[C@H](CCC#N)CC1,0,val
10ec67af989b4c64286fbaac8850cea9b07598a5,COc1cccc(COC(=O)c2c(-c3ccc(OC)c(OC)c3)csc2N)c1,1,train
f3162675d1c023e15b059addb01cf83625db4d9a,Cc1cc(N2CCC(N3CCCC3C)C2)ccc1NC(=O)c1cc(F)ccc1C,1,train
aaa38acb0169dc928dc0116481204eee7059bad2,Cc1cc(N2CCC(N3CCCC3C)C2)ccc1NC(=O)c1ccccc1F,1,train
b6211fccd0903d144be217d1a04a4aa488ef8692,O=C1CC2(CCN(Cc3ccc(F)cc3)CC2)Oc2ccc(/C=C/C(O)=NO)cc21,1,train
1ad57b620b4314d52f1ee27d507a391ee760ffd2,O=C1CC2(CCN(Cc3ccccc3)CC2)Oc2ccc(/C=C/C(O)=NO)cc21,1,train
fe6e3e9d2f3856d1524c2500c7bf3c1e6ab68990,O=C(c1ccc(O)cc1OC[C@@H](O)CN1CCC2(CC1)Cc1cc(Cl)ccc1O2)N1CC[C@H](O)C1,0,train
c7f59ebd083ebb7fc8c4e182b3e30d462b75045b,O=C(c1cc(Cl)c(O)cc1OC[C@@H](O)CN1CCC2(CC1)Cc1cc(Cl)ccc1O2)N1CC[C@H](O)C1,1,train
599be49c5eafc0169c693258d40b27b287dc045d,O=C(c1ccc(O)cc1OC[C@@H](O)CN1CCC2(CC1)Cc1cc(Cl)ccc1O2)N1CCC(O)CC1,1,train
93f64cc864dd11ccb82f83a57e4a038b296c70e2,CC(=O)NCCNC(=O)c1ccc(O)cc1OC[C@@H](O)CN1CCC2(CC1)Cc1cc(Cl)ccc1O2,1,train
1d7a21bd69e84b76c3014ddf9ed05253fb7c9333,O=C(c1ccc(F)cc1OC[C@@H](O)CN1CCC2(CC1)Cc1cc(Cl)ccc1O2)N1CC[C@H](O)C1,1,train
0c326d5d0a27503f0f3664fa661aed4c9b11abf8,O=C(NC1CC1)c1ccc(O)cc1OC[C@@H](O)CN1CCC2(CC1)Cc1cc(Cl)ccc1O2,1,train
c8ee42aa2cc3463f557334b8e511049a9ae345f4,O=C(NC1CC1)c1ccc(F)cc1OC[C@@H](O)CN1CCC2(CC1)Cc1cc(Cl)ccc1O2,1,train
44cbab64168a03c68e869b58096fc1d62f04f0d3,CC(C)(C(=O)O)c1ccc(CN2CCC(COC(=O)c3c4n(c5ccccc35)CCCO4)CC2)cc1,0,train
0adba08477ca316c76d801f56b8db7ce056769f7,Cc1cc(N2CC[C@H](N3CCC[C@@H]3C)C2)ccc1NC(=O)c1cc(F)ccc1C,1,train
c4bd89cda9413389a547efc049f5cbdab0f5bbd5,Cc1cc(N2CC[C@@H](N3CCC[C@@H]3C)C2)ccc1NC(=O)c1cc(F)ccc1C,1,train
47a002966a3228af14fd486b1973701332ff4dc5,Cc1cc(Nc2ncc(Cl)c(Nc3ccccc3S(=O)(=O)C(C)C)n2)c(OC(C)C)cc1C1CCNCC1,0,train
413792f42fe8240d7d5644a2b727aa9956c8ddd6,Cc1cc(Nc2ncc(Cl)c(Nc3ccccc3S(=O)(=O)C(C)C)n2)c(OC(C)C)cc1C1CCN(C(=O)CN(C)C)CC1,0,train
e6c833bc95097f53d183a8b500b29286269d5350,Cc1cc(Nc2ncc(C)c(Nc3ccccc3S(=O)(=O)C(C)C)n2)c(OC(C)C)cc1C1CCN(C)CC1,1,train
ac06a88646872795b4e3479b3ddb7e300856c5b6,CC(C)Oc1cc(C2CCNCC2)ccc1Nc1ncc(Cl)c(Nc2ccccc2S(=O)(=O)C(C)C)n1,1,train
c5cc4519a4971ab4d79b6c62432fbf11099c8741,Cc1cc(Nc2ncc(Cl)c(Nc3ccccc3S(=O)(=O)C(C)C)n2)c(OC(C)C)cc1C1CCN(C)CC1,1,train
24e78e5434168fd7bf135c1c55828414ab334163,Cc1cc(Nc2ncc(Cl)c(Nc3ccccc3S(=O)(=O)C(C)C)n2)c(OC2CCC2)cc1C1CCNCC1,1,val
0e537d400c88c8a20ffc04b74cfaf881dc86a2ee,Cc1cc(Nc2ncc(Cl)c(Nc3ccccc3S(=O)(=O)C(C)C)n2)c(OC(C)C)cc1C1CCN(CCO)CC1,1,train
3f6201a9a1288cc08850011e839fd7e582b9a607,CC(C)Oc1nc(C2CCNCC2)ncc1Nc1ncc(Cl)c(Nc2ccccc2S(=O)(=O)C(C)C)n1,1,val
b75fa379f320736d7259ee6152383c51d1eff512,Cc1nc2cc(F)ccc2n1[C@H]1CC[C@@H](NC[C@H]2Cc3ccc(C#N)cc3C2)CC1,1,train
9ce52fbef53da0b15f64244f53ae36b017842ed9,CC(C)(O)c1nc2cc(Cl)ccc2n1[C@H]1CC[C@@H](NC[C@H]2Cc3ccc(C#N)cc3C2)CC1,1,train
6e1604ccfdd20bd65c79af498717bbc5b83625e0,CC(C)(O)c1nc2cc(Cl)ccc2n1[C@H]1CC[C@@H](NCC2Cc3ccc(Cl)cc3C2)CC1,1,train
924319ca3864da6d2e6d581a8c965ee9f9fa44c5,O=c1ncn(Cc2c(F)cc(F)cc2F)c2ccc(Oc3ccccc3)cc12,1,val
50b49f90d0fa82d890700363959c5251eec22e47,Cc1ccc(Cn2cnc(=O)c3cc(Oc4ncccc4C(F)(F)F)ccc32)c(F)c1,0,train
52feccd3af5a68381b3a71442da0e9b533da250a,Cc1ccc(Cn2cnc(=O)c3cc(Oc4ncccc4C(F)(F)F)ccc32)cc1,0,train
727131b2da8d3e841d7e36e97b179e26194b560c,C[C@]1(CS(=O)(=O)N2CCN(c3ncc(OCc4ccc(C(F)(F)F)o4)cn3)CC2)NC(=O)NC1=O,0,val
e158cbfc7513e690700efff55655b682e1c16bde,C[C@]1(CS(=O)(=O)N2CCC(Oc3ccc(OC(F)(F)C(F)F)cc3)CC2)NC(=O)NC1=O,0,val
d488b31b3064f4c312aa4bb66cea51e71660ba78,COCCN1CCN(c2cc3c(Nc4ccc(C)cc4F)c(C(N)=O)nnc3cc2OC)CC1,0,train
66446b946c5357f3f6fbadf4cf9ce9b94e37f954,CCOc1cc2ncc(C(N)=O)c(Nc3ccc(F)cc3F)c2cc1N1CCN(C)CC1,0,train
f7a71e26809d0f97aa94c85c511a39aa40bcbacb,COc1cc2nnc(C(N)=O)c(Nc3ccc(C)cc3F)c2cc1N1CCC(N(C)C)CC1,0,train
15881f40cd28a97fdabf7968263992fb123f85ba,COc1cc2nnc(C(N)=O)c(Nc3ccc(C)cc3F)c2cc1N1C[C@@H](C)N[C@@H](C)C1,0,train
30174ba3726a14bbe9e0c9f443a38ffa7ab59394,COc1cc2nnc(C(N)=O)c(Nc3ccc(C)cc3F)c2cc1N1CCN(C(C)C)CC1,0,train
ed609b34a3ad4bbcdf1c78a9f91d794427c0cd6a,CCOc1cc2ncc(C(N)=O)c(Nc3ccc(F)cc3F)c2cc1N1CCC(O)CC1,0,val
e562ea909f55697e9d767b6b4af416c36889a5f2,COc1cc2nnc(C(N)=O)c(Nc3ccc(C)cc3F)c2cc1N1CCS(=O)(=O)CC1,0,train
f304546e409bfb705c408a6ef6cbcd81da45a991,CCOc1cc2ncc(C(N)=O)c(Nc3ccc(C)cc3F)c2cc1N1CCN(C)CC1,0,train
40e0fe490e017acf79dec40380bb286b66261fca,COc1cc2nnc(C(N)=O)c(Nc3ccc(C)cc3F)c2cc1C1CCN(CCO)CC1,0,train
7aede4ec9ae3ecea5fb2ab60e177b8e1ce879ece,COc1cc2nnc(C(N)=O)c(Nc3ccc(C)cc3F)c2cc1N1CCCN(CCO)CC1,0,train
85662d7a1597ff68a6100f90404a685e103a53dc,COc1cc2nnc(C(N)=O)c(Nc3ccc(C)cc3F)c2cc1C1CCN(C(C)C)CC1,0,train
02244736146e8828055f1e6ec1a0e00e4583b889,CCOc1cc2ncc(C(N)=O)c(Nc3ccc(F)cc3F)c2cc1C1CCN(C)CC1,0,train
05b4ff413baa087334b4347d23857820fc5a37f6,COCCOc1cc2ncc(C(N)=O)c(Nc3ccc(C)cc3F)c2cc1N1CCOCC1,1,val
537362f71f58988ace3fead9620cbed15f0df3ea,CCOc1cc2ncc(C(N)=O)c(Nc3cccc(Cl)c3Cl)c2cc1N1CCN(C)CC1,1,train
6a32df36a0d83f1abe57201eec17c98379e63c1e,COc1cc2nnc(C(N)=O)c(Nc3ccc(C)cc3F)c2cc1N1CCCN(C)CC1,1,train
534fe0a811407e88845698e014e9fb965f721a86,CCOc1cc2ncc(C(N)=O)c(Nc3ccc(F)cc3F)c2cc1N1CCCN(C)CC1,1,train
5f56c13505455f608d80cc92563c89071b1959c9,CCOc1cc2ncc(C(N)=O)c(Nc3cccc(Cl)c3Cl)c2cc1C1CCN(C)CC1,1,train
e9f967ab3be33b6835d76ea3bae1f2d8b827b459,CCCN1C(=O)CC2(CCN(CC3CCN(C(=O)OCC)CC3)CC2)c2cccnc21,1,train
942c794b495b4eff8022b33e39135c71bd227a4e,CCOC(=O)N1CCC(CN2CCC3(CC2)CC(=O)N(CC)c2ncccc23)CC1,1,train
2e008580e26446d241999deb858ba4a2af93ab66,CCOC(=O)N1CCC(CN2CCC3(CC2)CC(=O)N(C)c2ncccc23)CC1,1,train
66a4e7d18e78a7bf336552115d8bdcdb7aea0c7b,CCOC(=O)N1CCC(CN2CCC3(CC2)CC(=O)Nc2ncccc23)CC1,1,train
cb105c7fb78a908571efb245b0238b04de4260ec,CCOC(=O)N1CCC(CN2CCC3(CC2)OC(=O)Nc2ncccc23)CC1,1,train
bf9cc3c7c7b16f2e3f73c8a3a67b5f80e380ef8c,CCOC(=O)N1CCC(CN2CCC3(CC2)OC(=O)N(C)c2ncccc23)CC1,1,train
22489de2b7cbb03d84e52c6e26d0e10d7a506e73,CC(=O)Nc1cc(Nc2cc(NC3CCC3)n3ncc(C#N)c3n2)c(F)cc1C,0,train
06df516b60ea4cadd3daf240e7daa0ab0998ee34,CC(=O)Nc1cc(Nc2cc(NC3CCC3)n3ncc(C#N)c3n2)ccc1C,0,train
f2f8db82a127559d592f7eeaffc4227b31df4239,CC(=O)Nc1cc(Nc2cc(NC3CC3)n3ncc(C#N)c3n2)ncc1C,0,test
dae1b3ba9f4bcbb9c40e5e2db48ba1424cda3687,CC(=O)Nc1cc(Nc2cc(NC3CC3)n3ncc(C#N)c3n2)c(F)cc1C,0,train
825c5c1f03a05cd819c5acea58184273a6f887e7,CC(=O)Nc1cc(Nc2cc(NC3CC3)n3ncc(C#N)c3n2)ccc1C1CC1,0,test
4c45a5f22adfe9b515db2d93ab8032682438ca02,CC(=O)Nc1cc(Nc2cc(NC3CC3)n3ncc(C#N)c3n2)ccc1C,0,train
0c455b49ad20fbf6f026484e96cfed5fbd15b6dc,O=C(N[C@@H]1CC[C@H]2CN(Cc3cccc(C(F)(F)F)c3)C[C@H]21)C(C1CCCCC1)C1CCCCC1,1,train
e5aa1349dba1119164aab404150374dd6e655793,O=C(N[C@H]1CC[C@H]2CN(Cc3cccc(C(F)(F)F)c3)C[C@H]21)C(C1CCCCC1)C1CCCCC1,1,train
7503dd0925e49449957cf3379999b13cb48f41a6,COc1cc(-c2nc3n(n2)CCC[C@@H]3c2ccc(F)cc2C)ccc1-n1cnc(C)c1,1,train
3fedcf24551361067e2b43d81644ed7c6b33f14f,COc1cc(-c2nc3n(n2)CCC[C@H]3c2ccc(F)cc2C)ccc1-n1cnc(C)c1,1,train
ff940921a02b0a83270f9658e4665cf2a4f4b3b6,Cn1cc(-c2ccnc(C3COCCN3)c2)c(-c2ccc(F)cc2)n1,1,train
cb5c22de0ccdcf673936f4c8d07dfbd3f9a4aebb,CNCc1cc(-c2cn(C)nc2-c2ccc(F)cc2)ccn1,1,train
9af37de96856f083191cb54600924ae17725e281,Nc1nccc(-c2c(-c3ccc(F)cc3)ncn2C2CCCCC2)n1,0,val
ed4c2d202614f40ef30f7cfb4e5d0dd512ca9717,Cn1cc(-c2ccnc3c2OCCNC3)c(-c2ccc(F)cc2)n1,0,test
07798c9a738af059a2ce976f8845670df884c569,O=c1cc(N2CCOCC2)oc2c(-c3cccc4c3sc3ccccc34)cccc12,0,val
7bb9ab137bb1e35f758f7ee31d5218ca3d7893f4,CC#CCn1c(N2CCC[C@@H](N)C2)cc(=O)n(Cc2ccc3ccc(Cl)cc3n2)c1=O,0,train
dabe5c6f015153e8aaf93602f9c6f37ee174dec2,COc1ccc(NC(=O)/C=C/CN(C)C)cc1Nc1ncc(Cl)c(-c2cnn3ccccc23)n1,1,train
91ba0bb45d9000db8b6fd7df72a87578580f8199,O=c1ccc2ncc(F)c3c2n1C[C@H]3CN1CCC(NCc2cc3c(cn2)OCCO3)CC1,0,train
54b3ad9785b3eda694a6f33abc3b8d09f2447710,O=c1ccc2ncc(F)c3c2n1C[C@@]3(F)CN1CCC(NCc2cc3c(cn2)OCCO3)CC1,0,train
97a8abf16f37d7e3ea2b0496ec0366e8ab83902f,CCc1nc2c(Cc3ccc(C(O)=NO)cc3)cccc2c(=O)n1CCc1ccccc1,1,train
93e33d5e649786773a4834ca2d8ea01c5d9d51aa,N[C@H]1C[C@@H](N2Cc3cnc(C(F)(F)F)nc3C2)CO[C@@H]1c1cc(F)c(F)cc1F,0,test
fab235cc81e78ad77e7cb2fe1e35f0aa9e639e43,N[C@H]1C[C@@H](N2Cc3cnc(C(F)(F)F)nc3C2)CC[C@@H]1c1cc(F)c(F)cc1F,1,test
1ae4f14e749071efa4431a50bd73897913ce1588,CC1(C)c2nc(-c3ccc(F)cc3)c(Nc3ccc(Cl)cc3)n2CCN1C(=O)CN,1,train
de85429354a5488be731fd83cd9fe0f75dc9f503,CN1CCN(Cc2ccc(-c3cnc4[nH]cc(-c5ccc6[nH]ccc6c5)c4c3)cc2)CC1,0,train
92d103d62f5bd4b41f10193d94330c913c1b154c,Cc1nc(Oc2ccc(C(N)=O)cc2)ccc1CN1CCC(N2C(=O)N(C3CCOCC3)C[C@H]2c2ccccc2)CC1,0,train
886d5e32646476e54da8e0f1aef8cc3991138429,Cc1nc(Oc2ccc(C(=O)O)cc2)ccc1CN1CCC(N2C(=O)N(C3CCOCC3)C[C@H]2c2cccc(Cl)c2)CC1,1,train
cfc95616df969ece4a6587d65eb914d00e57923c,CNC(C)C(=O)NC1C(=O)N(Cc2c(C)ccc3ccccc23)c2ccc(C#N)cc2N(C(C)=O)[C@H]1C,0,test
438b18821e4b48373d784ef0aa13f65a50d927a7,Cc1ccc(S(=O)(=O)N/N=C/c2cn(CC(=O)Nc3ccc(F)cc3F)c3ccccc23)cc1,0,train
dc65a4b5650e7023618853ffd7df1d698571c4d9,Cc1ccc(S(=O)(=O)N/N=C/c2cn(CC(=O)Nc3ccccc3Cl)c3ccccc23)cc1,0,train
7bea40b2f05e1f31474a1b46aac8013ca9344c06,Cc1ccc(S(=O)(=O)N/N=C/c2cn(CC(=O)Nc3ccccc3)c3ccccc23)cc1,0,train
3aa81758a1b682d21553dc61ebcfd7a452f799ee,COc1ccc(S(=O)(=O)NCCc2cn(CC(=O)Nc3ccc(Cl)cc3)c3ccccc23)cc1,0,train
fe7d1f07f11d66d607f4e92332b8897addda41c0,COc1ccc(NC(=O)Cn2cc(CCNS(=O)(=O)c3ccc(OC)cc3)c3ccccc32)cc1,0,train
595a5faad34dfec039095b3772a84610dee8ac89,CCCCOc1ccc(S(=O)(=O)NCCc2c[nH]c3ccccc23)cc1,1,train
b2115253066793d15b3828e5cd623a0dfca2237d,COC(=O)C(Cc1c[nH]c2ccccc12)NS(=O)(=O)c1ccc(Br)cc1,1,train
a6307900efc7edeadbd6c80f1945d02992afe523,COC(=O)C(Cc1c[nH]c2ccccc12)NS(=O)(=O)c1ccc(OC2CCCC2)cc1,1,val
8fb0f50ecc772b36558be1756cefe5310da2da6a,O=C1OCc2c1ccc(CCN1CCN(C(=O)Cc3ccc(-n4cnnn4)cc3)CC1)c2F,0,train
e4fce152b198a2b4c10d2ab703c2b754fdc4a2e4,Cc1c(CCN2CCN(C(=O)Cc3ccc(-n4cnnn4)cc3)CC2)ccc2c1COC2=O,0,train
39046f867ae7c6a75a003163ab32720631ea7256,O=C1OCCc2cc(CCN3CCN(C(=O)Cc4ccc(-n5cnnn5)cc4)CC3)ccc21,0,train
0fb368f543d048210a62d0943eb9d8265467fc0d,O=C1OCc2cc(CCN3CCN(C(=O)Cc4ccc(-n5cnnn5)cc4)CC3)ccc21,1,train
6c378e945ce7383fc8a40cfab0e6a3226e7208a0,O=C1OCc2cc(CCN3CCN(C(=O)Cc4ccc(-n5cnnn5)cc4)CC3)cc(Cl)c21,1,train
413b9a5b18bf7ee7f96c250ac51866d620c400a3,O=C1OCc2cc(CCN3CCN(C(=O)Cc4ccc(-n5cnnn5)cc4)CC3)cc(F)c21,0,train
20e6afb114ff97a1540c5974b903597e30e6c8a6,Cc1cc(CCN2CCN(C(=O)Cc3ccc(-n4cnnn4)cc3)CC2)cc2c1C(=O)OC2,1,train
c5de912392131c5c845c67f09fbd23a3c2ce1d38,COc1cc2c(cc1CCN1CCN(C(=O)Cc3ccc(-n4cnnn4)cc3)CC1)COC2=O,1,train
3c5c326ef6ccef166ce2584ce2166534a1fa3c9b,O=C1OCc2cc(CCN3CCN(C(=O)Cc4ccc(-n5cnnn5)cc4)CC3)c(F)cc21,0,train
259feea6558d9e81f8842013d1b029f689759eaa,Cc1cc2c(cc1CCN1CCN(C(=O)Cc3ccc(-n4cnnn4)cc3)CC1)COC2=O,0,train
1bf4c871df0ce676a295a79c88f001dae4ed92e9,COc1c(CCN2CCN(C(=O)Cc3ccc(-n4cnnn4)cc3)CC2)ccc2c1COC2=O,0,train
ae16a38a7b9e279f10a52428999331f075db331c,O=C1OCc2c1ccc(CCN1CCN(C(=O)Cc3ccc(-n4cnnn4)cc3)CC1)c2Cl,0,train
9a08bd13b51b6444ad840816065ce8e6016b2ef6,O=C1OCc2c1ccc(CCN1CCN(C(=O)Cc3ccc(-n4cnnn4)cc3)CC1)c2C1CC1,0,test
b003e77c1fde31e9491ff47f48b64047af9d60fd,CCc1c(CCN2CCN(C(=O)Cc3ccc(-n4cnnn4)cc3)CC2)ccc2c1COC2=O,0,train
436f769293e77d5954c968ec3dd0979eaebed20d,O=C1OCc2cc(CCN3CCN(C(=O)Cc4ccc(-n5cnnn5)cc4C(F)(F)F)CC3)ccc21,1,train
2d6b15fcad3c4c2a77d0a9ed8ecba0009178f69a,O=C1OCc2cc(CCN3CCN(C(=O)Cc4ccc(-n5cnnn5)cc4C4CC4)CC3)ccc21,1,train
daf501c81db154ceb19a56fbc165ce1d7deef308,Cc1cc(-n2cnnn2)ccc1CC(=O)N1CCN(CCc2ccc3c(c2)COC3=O)CC1,1,train
dc3ab968a0da70a4d6ef9bfba547307f3690486a,O=C1OCc2cc(CCN3CCN(C(=O)Cc4ccc(-n5cnnn5)c(C(F)(F)F)c4)CC3)ccc21,1,train
fe6a3ba8ef23710b9d651990124938e4297c054f,N#Cc1cc(CC(=O)N2CCN(CCc3ccc4c(c3)COC4=O)CC2)ccc1-n1cnnn1,1,train
0897ff6f4efa1606028ddd87e4ac2125a62c26d6,COc1cc(CC(=O)N2CCN(CCc3ccc4c(c3)COC4=O)CC2)ccc1-n1cnnn1,1,train
cda38c4102aed34ee86c40c41069bd8abbb50720,O=C1OCc2cc(CCN3CCN(C(=O)Cc4ccc(-n5cnnn5)c(F)c4)CC3)ccc21,0,train
96006fa0c92090f53cd5e260b7f7ed6e1248c79e,O=C1CCc2cc(CCN3CCN(C(=O)Cc4ccc(-n5cnnn5)cc4)CC3)ccc21,1,test
ee4b36097e2a54b9fbea07149d04db38372b262f,O=C(Cc1ccc(-n2cnnn2)cc1)N1CCN(CCc2ccc3c(c2)COC3)CC1,1,train
2a579be2b08584d03037d946b5b1baf3f02db474,O=C1OCc2ccc(CCN3CCN(C(=O)Cc4ccc(-n5cnnn5)cc4)CC3)cc21,0,train
ba26e1cf5fd70ac6b727d3e21346dfbaa592a51b,O=C(Cc1ccc(-n2cnnn2)cc1)N1CCN(CCc2ccc3nonc3c2)CC1,1,test
ebd0d908526221819882e1fdc97691cd98ce84ba,N#Cc1cccc(CCN2CCN(C(=O)Cc3ccc(-n4cnnn4)cc3)CC2)c1,1,train
c8fab25d929655e7c51709e95023d966ac3b6fb2,N#Cc1ccc(CCN2CCN(C(=O)Cc3ccc(-n4cnnn4)cc3)CC2)cc1,1,train
0c2914f24a341812633e19fc03d8e52f86c4183a,O=C(Cc1ccc(-n2cnnn2)cc1)N1CCN(CCc2ccc([N+](=O)[O-])cc2)CC1,1,train
3cb502417656ab7391c1079e48952a8892ae2936,O=C1OCc2cc(CC(=O)N3CCN(CCc4ccc([N+](=O)[O-])cc4)CC3)ccc21,1,val
aa372881ab4769d3f158fafd6428be736438b6cc,O=C(Cc1ccc([N+](=O)[O-])cc1)N1CCN(CCc2ccc([N+](=O)[O-])cc2)CC1,1,val
c3d6c359f911bc1f2c7f6e9b44e98dda53dca887,O=[N+]([O-])c1ccc(CCN2CCN(CCc3ccc(-n4cnnn4)cc3)CC2)cc1,1,val
00613118de5054af16808e1825a366f9bd926f22,Cc1cc(N2CC[C@H](N3CCC[C@@H]3C)C2)ccc1NC(=O)C1CCOCC1,0,val
23c9440573b4cfc3ee3fb347e525c44b0c2f5f4b,O=C(O)c1ccccc1-c1ccc(CN2CCC(COC(=O)c3c4n(c5ccccc35)CCCO4)CC2)cc1,0,train
958fbd92ab7c560a667b7a466530eb4661d16866,COC(=O)c1ccccc1-c1ccc(CN2CCC(COC(=O)c3c4n(c5ccccc35)CCCO4)CC2)cc1,1,train
e3a6cca818fa048ff0a2a5ff0e621ef8e2e41900,O=C(OCC1CCN(Cc2ccc(-c3ccccc3-c3nn[nH]n3)cc2)CC1)c1c2n(c3ccccc13)CCCO2,0,train
a79f358a1cbb607321872dba6e9f3a76edd64ae7,COc1ccsc1CNCC[C@@]1(c2ccccn2)CCOC2(CCCC2)C1,1,train
2664129c3b2afa00ef0173371a41128f6cafd023,c1ccc([C@]2(CCNCc3cccs3)CCOC3(CCCC3)C2)nc1,1,train
d6759c432aa0d73d446349741b454348fb37ef1f,Cc1cc(N2CC[C@H](N3CCC[C@@H]3C)C2)ccc1NC(=O)c1c(C)noc1C,0,train
4f312359ba599a8bfb44675b877cf84859371eb5,CCN(CC)CC(=O)N[C@@H]1CCC(C(=O)NC(c2ccc(F)cc2)c2ccc(F)cc2)[C@H](c2ccc(Br)cc2)C1,1,val
e3fbc3502f8c1cbfd3b3a0c05de62bf128554dfc,O=C(NC(c1ccc(Cl)cc1)c1ncccn1)C1CC[C@@H](N2CCOCC2)C[C@H]1c1ccc(Br)cc1,1,test
03c51dada3404e3038dff73ec2c985f2481ed787,O=C(NC(c1ccc(Cl)cc1)c1cnccn1)C1CC[C@@H](N2CCOCC2)C[C@H]1c1ccc(Br)cc1,1,train
07db0d1de2db64f1eae90f73df87cc8b9094a34b,O=C(NC(c1ccc(Cl)cc1)c1ccc(F)cn1)C1CC[C@@H](N2CCOCC2)C[C@H]1c1ccc(Br)cc1,1,val
74e1b1c15e73cafbbc6291427cf15fbfacfc2200,O=C(NC(c1ccc(Cl)cc1)c1ccnc(F)c1)C1CC[C@@H](N2CCOCC2)C[C@H]1c1ccc(Br)cc1,1,train
cbc38c79be32a8e3bdf6e7953990d85bf5bf1091,O=C(NC(c1ccc(Cl)cc1)c1ccncc1Cl)C1CC[C@@H](N2CCOCC2)C[C@H]1c1ccc(Br)cc1,1,train
1e0939d3a7f9eb9cfaf2810c23258abeb73ee6b6,Cc1cc(C(NC(=O)C2CC[C@@H](N3CCOCC3)C[C@H]2c2ccc(Br)cc2)c2ccc(Cl)cc2)ccn1,1,train
c399c23235e07e230fe85309c4e5b824a2acbea6,O=C(NC(c1ccncc1)c1ccc(Cl)cc1)C1CC[C@@H](N2CCOCC2)C[C@H]1c1ccc(Br)cc1,1,train
9dfe35dccea7bb8a16b1ede85ade451d2ef926d1,O=C(NC(c1ccncc1)c1ccc(F)cc1)C1CC[C@@H](N2CCOCC2)C[C@H]1c1ccc(Br)cc1,1,train
faf9f5de0082f70fd601f2c0a288f602bc3c28d4,O=C(NC(c1ccc(F)cc1)c1ccc(F)cc1)C1CC[C@@H](N2CCOCC2)C[C@H]1c1ccc(Br)cc1,1,train
5cc11b67e69980e1225e159e476f8391bfa520bc,O=C(NC(c1ccc(Cl)cc1)c1ccc(Cl)cc1)C1CC[C@@H](N2CCOCC2)C[C@H]1c1ccc(Br)cc1,1,train
5449c3f3f31412a1385bb8211635170769a1891d,C[C@H](NC(=O)C1CC[C@@H](N2CCOCC2)C[C@H]1c1ccc(Br)cc1)c1ccc(F)cc1,1,val
2c71c902d912bc2fcc9d98d7c0dc40b73e7c9f7c,O=C(C1CC[C@@H](N2CCOCC2)C[C@H]1c1ccc(Br)cc1)N1CC(c2ccccc2)(c2ccccc2)C1,1,train
bd1311cc55981d773aa14cc21e3ece1b6b62d6dc,O=C(NC(c1ccccc1)c1ccccc1)C1CC[C@@H](N2CCOCC2)C[C@H]1c1ccc(Br)cc1,1,train
a5ed7d3a3c1e9a66337b647ce9941a8225992af8,O=C(NC(c1ccccc1)c1ccccc1)C1CC[C@@H](N2CCOCC2)C[C@H]1c1ccccc1,1,train
5b768bce9f4d05dbcf5a41274369b018453204bc,Cc1ccccc1[C@H]1C[C@@H](NCc2ccc(Cl)cc2)CCC1C(=O)N1CC(c2ccccc2)(c2ccccc2)C1,1,train
d89828e60a7aecb34dd351c288357c50ed90a858,CN1Cc2cccc(Oc3ncccc3NC(=O)Nc3ccc(OC(F)(F)F)cc3)c2C1C(C)(C)C,1,train
75de7445a00dbdd033249348fdad2116a1331b98,CC(C)CN1CCC(c2ccccc2Oc2ncccc2NC(=O)Nc2ccc(OC(F)(F)F)cc2)CC1,1,train
1645f44f3b05159e31c08971e6b5c890d1f96bb4,CC(C)(C)CN1CCC(c2ccccc2Oc2ncccc2NC(=O)Nc2ccc(OC(F)(F)F)cc2)CC1,1,train
08b38a7d179e5f2e779e04e818d531759b5a8f67,CCCCCCCN(CC)C/C=C/Cc1ccc(Cl)cc1,1,train
cae08be7d0ba0c047b869caad3e8ce20afdb0ff8,CCCCCCCN(CC)CC#CCOC(c1ccccc1)c1ccccc1,1,train
058d27a9d0bfac9c7a5aebccd16e233bc51a75bb,CCCCCCCN(CC)CCCCc1ccc(Cl)cc1,1,train
37966b69ca188346d1422b2c71391cbd222268a7,CCCCCCCN(CC)CC#CCc1ccc(Cl)cc1,1,train
91a8fe3bb21a9937926055cb9a223f3f2071ca34,CCCCCCCN(CC)CC#CCCc1ccc(Cl)cc1,1,train
27de2c6331efc64dab19ec9372cac6ce5a8f108e,CCCCN(CC)CC#CC#Cc1ccc(Cl)cc1,1,train
7998b3c20d134467c5cd676f3f2234084afdcecf,CCCCCCCN(CC)CC#CCOc1ccc(Cl)cc1,1,train
ee774b32df683247db90cf16cf712ed4b02d4f1b,CCCCN(CC)CC#CCOC(c1ccccc1)c1ccccc1,1,train
b20a0d6e2c9687929cef2c78f03e0b36a53fb4a2,CCCCCCCN(CC)CC#CCOCc1ccc(Cl)cc1,1,train
9f907af7a3d5d19bf822cdc1b412d917f62efb6c,CCCCN(CC)CC#CCOCc1ccc(Cl)cc1,1,train
9b6ff519f7fa8e00f6449ab457deef9b671d872b,CCCCCCCN1CCC(C(=O)c2ccccc2)CC1,1,train
0457b67181c91dd2e0c07e9f65974672c6f95087,CCCCCCCN1CCC(Cc2ccccc2)CC1,1,val
471f2818514eb2917a9946e44bc6b78a50c6c81c,CCCCCCCN(CC)CCCCCc1ccc(Cl)cc1,1,train
6fca7587b94b28fcbf92f4c0ff01efc26a514417,CCCCN(CC)CCCCCc1ccc(Cl)cc1,1,train
61186102beda90f36ee2528f3b83bd83256d1e7d,CCCCCCCN(CC)CCCCc1ccccc1,1,train
1004092f2f3236dcffcbe3b805b85c524c47cf28,CCCCCCC[N+](CC)(CC)C/C=C/Cc1ccc(Cl)cc1,1,train
660a477dd553babdd456523830da1c7c3abd3d8e,CCCCCCCN(CC)C/C=C\Cc1ccccc1,1,train
5fa920761232f4f3fc150ced72dc8edd2588fec9,CCCCCCCN(CC)C/C=C/CCc1ccc(Cl)cc1,1,train
47e7c278151b2c649513095d2287f4c9a9cd9c8e,CCCCN(CC)C/C=C/CCc1ccc(Cl)cc1,1,train
2da31afd5ded95f8cadf1226ddef3f2b0113fab2,CCCCCCCN(CC)C/C=C/Cc1ccccc1,1,train
34dfae1b941a1e39bed9e24cbc3fd98b4f2e5054,CCCCN(CC)C/C=C/Cc1ccc(Cl)cc1,1,train
caf394561566370bb4522ed937da348c966d26e0,CCCCCCCN(CC)C/C=C/c1ccc(Cl)cc1,1,train
7bc67a13aaee9dd719fb6e05c7043fd8cbee3287,CCCCN(CC)C/C=C/c1ccc(Cl)cc1,1,train
2d6178db06d85b28cc09ffd61400fea42e924fdc,CCCCN(CC)CC#CCOc1ccc(Cl)cc1,0,train
e31ccf110c2700f371af137c4cc04a4e08eec2b3,CCCCCCCN(CC)CC#CCCc1ccc(C)cc1,1,train
3ee827b27c52cdd2e1a6ccf2d3eb575f50530688,CCCCN(CC)CC#CCCc1ccc(C)cc1,1,train
4d54c154dd52d3782f283adae809184e24838c65,CCCCN(CC)CC#CCCc1ccc(Cl)cc1,1,train
3c65d207667374c9d3578f7e70ff914037f19ef4,CCCCCCCN(CC)CC#CCCc1ccccc1,1,train
bae21d1dfcd5cc207db97578a75a346f8f8e66b9,CCCCCCCN(CC)CC#CC(c1ccccc1)c1ccccc1,1,train
55c4e63d9116faed40630e0c6eaac566a80b68fe,CCCCCCCN(CC)CC#CCc1ccc(C)cc1,1,train
2142e1474dad07b541f4b416559686a6594c5a8c,CCCCN(CC)CC#CCc1ccc(C)cc1,1,train
3c5cee5dd254d93643eecc3422492ac2eeeb0e47,CCCCN(CC)CC#CCc1ccc(Cl)cc1,1,train
187ec5b15b69c77b3f25fb480d01d018a9c0c8ed,CCCCCCCN(CC)CC#CCc1ccccc1,1,train
ff8879e89489e4589f3352eec2bd9272c9b80a75,CCCCN(CC)CC#CCc1ccccc1,1,train
02af634417879019568a7f002fb47a4747ac7271,CCCCCCC[N+](CC)(CC)CC#Cc1ccc(Cl)cc1,1,train
2e3ad06cf1752b8955174e238ce8d1de6033ecdd,CCCCCCCN(CC)CC#Cc1ccc(Cl)cc1,1,train
85dd5b492b70bb77bf4bef34483f219e5e4f1bdb,O[C@@H](c1cc(C(F)(F)F)nc2c(C(F)(F)F)cccc12)[C@H]1CCCCN1,1,train
2ad31e734a57b2da54a1e03a3054121d17c18cb2,NC(=O)Nc1ccc(F)cc1OC[C@@H](O)CN1CCC2(CC1)Cc1cc(Cl)ccc1O2,1,train
08476d302c77eabe1acac9b7f45f0168aa96b9d7,NC(=O)Nc1ccccc1OC[C@@H](O)CN1CCC2(CC1)Cc1cc(Cl)ccc1O2,1,train
22e3e55d31898b90b9ff4840f45aaec5c7e09191,O=C(Nc1ccc(O)cc1OC[C@@H](O)CN1CCC2(CC1)Cc1cc(F)ccc1O2)NC1CC1,1,train
64c75c9dec075c615c258ae72beb72ab7c0ea0c4,O=C(Nc1ccc(O)cc1OC[C@@H](O)CN1CCC2(CC1)Cc1cc(Cl)ccc1O2)NC1CC1,1,train
57bc9909eac15789fc4486f4ca16946dc606557c,COc1ccc(NC(=O)NC2CC2)c(OC[C@@H](O)CN2CCC3(CC2)Cc2cc(Cl)ccc2O3)c1,1,train
aa9aee9b9fc6b4d78306bc9ea712f654ca0346e4,O=C(Nc1cc(Cl)c(O)cc1OC[C@@H](O)CN1CCC2(CC1)Cc1cc(Cl)ccc1O2)NC1CC1,1,train
50c9d6022785a1d96b3799a0d5e11aa21c4fc439,CNC(=O)Nc1ccc(O)cc1OC[C@@H](O)CN1CCC2(CC1)Cc1cc(Cl)ccc1O2,1,train
51dcdee66db2a7b592d600323740abd22220e47b,CNC(=O)Nc1ccc(O)cc1OC[C@@H](O)CN1CCC2(CC1)Cc1cc(F)ccc1O2,0,train
c97c51758336fa07432e7d0e7629b4e7d66bf9ad,N[C@H](COc1cccc2ccc(=O)[nH]c12)CN1CCC2(CC1)Cc1cc(F)ccc1O2,1,train
cbb3161b4ba491822f5a187900d12e5f78d2b465,N[C@H](COc1cccc2c1NC(=O)CO2)CN1CCC2(CC1)Cc1cc(F)ccc1O2,1,train
f50dfaf8185114f599fa15252078cebc36d9b1b2,O=c1ccc2cccc(OC[C@@H](O)CN3CCC4(CC3)Cc3cc(Cl)ccc3O4)c2[nH]1,1,train
be53c48afa0bbb00e6593ede7313b66c317113e6,O=C1CCc2cccc(OC[C@@H](O)CN3CCC4(CC3)Cc3cc(Cl)ccc3O4)c2N1,1,test
b088eedcb43374045f75eb20a0bf6633c794449e,O=C1COc2cccc(OC[C@@H](O)CN3CCC4(CC3)Cc3cc(Cl)ccc3O4)c2N1,1,train
7905433c4b21f7c76aa3f4908c7d0abc3c534c30,CC1(C)OC(=O)N([C@H]2CC[C@H](c3cnc(N)c(-c4ncccn4)c3)CC2)[C@H]1c1ccccc1,0,val
9929bf9e1d8ba338f3fcc499cdb941b76ad5897d,COc1ccc(CNC(=O)c2cc(-c3cc(Cl)cc(Cl)c3)cnc2-c2cccnc2)cc1OC,1,val
7758b07177b265b420312d5984405546236855a7,COCCOc1ccn2c(-c3ccc4cccc(O[C@@H]5CCNC[C@H]5F)c4n3)cnc2c1,1,train
1030affe863586de8deead74259cd22bbb1c3d6e,NC[C@]1(c2cccc(Cl)c2)CC[C@H](n2nc(-c3cccnc3)ccc2=O)CC1,1,train
bfa821b4871216ce0fd5a4261bfebccfbd6f2b7d,NC[C@]1(c2cccc(Cl)c2)CC[C@H](N2CCc3c(nc(C(F)(F)F)nc3C3CC3)C2=O)CC1,1,train
bf14c37b9ebc724698ff4268d8bfa3478210f6c4,COC1COCCC1N[C@@H]1C[C@H]2CN(C(=O)C#CC3CC3)C[C@@]2(C(=O)N2CCc3ncc(C(F)(F)F)cc3C2)C1,0,val
d4ff6eb193a95bfb1ec22902495ceed1abd8b041,COC1COCCC1N[C@@H]1C[C@H]2CN(C(=O)/C=C/c3ccccc3)C[C@@]2(C(=O)N2CCc3ncc(C(F)(F)F)cc3C2)C1,0,train
54e13d8597405c80ac7f5e18ebfc7130c33fd130,COC1COCCC1N[C@@H]1C[C@H]2CN(c3ccccc3)C[C@@]2(C(=O)N2CCc3ncc(C(F)(F)F)cc3C2)C1,0,val
b6e493d5c9e6703b17d682512499e7ceae46fc80,COC1COCCC1N[C@@H]1C[C@H]2CN(C3CC3)C[C@@]2(C(=O)N2CCc3ncc(C(F)(F)F)cc3C2)C1,0,train
c427dac5d87fe386d04939bf93aca550392e4e06,CCN1C[C@@H]2C[C@@H](NC3CCOCC3OC)C[C@]2(C(=O)N2CCc3ncc(C(F)(F)F)cc3C2)C1,0,train
8b955499819e6530ff1755e7b03c7ef74244fea8,COC(=O)C(CCCN1CCC(c2ccccc2OC)CC1)(c1ccc(Br)cc1)C(C)C,1,test
ae3fa5e3f493d5426f9b674400d072b2b8f6d3dd,COC(=O)C(CCCN1CC=C(c2ccccc2OC)CC1)(c1ccc(Br)cc1)C(C)C,1,test
42e523126c201858cba474f2dc778933073321d1,COC(=O)C(CCC(=O)N1CCN(c2ccccc2OC)CC1)(c1ccc(Br)cc1)C(C)C,0,train
9bd953889f33b000896d0f14976530f13adbe64c,COC(=O)C(CCC(=O)N(C)CCCc1nc2ccccc2[nH]1)(c1ccc(Br)cc1)C(C)C,0,val
37d338fce94694654dc1f5e7691b8efd0b152faf,COc1ccccc1N1CCN(CCCC(C(=O)O)(c2ccc(Br)cc2)C(C)C)CC1,1,train
5fe14f68938c815c9d470f21f378060007e50788,CC(C)C(CCCN(C)CCCc1nc2ccccc2[nH]1)(C(=O)O)c1ccc(Br)cc1,1,train
95da081c0ee21e67ab0e2e7920276607198daace,COC(=O)C(CCCN1CCN(c2ccccc2OC)CC1)(c1ccc(Br)cc1)C(C)C,1,train
53fc6721252dca4a2e8587c372460c215c86a3f5,Fc1ccccc1-c1nc2ccn(Cc3cc(-c4ccc(C(F)(F)F)cc4C(F)(F)F)no3)cc-2n1,1,train
ed8c73c37179fc2a0e4b396e4a79efa15f7b3410,Fc1ccccc1-c1nc2ccn(Cc3ccc(-c4ccc(C(F)(F)F)cc4C(F)(F)F)nn3)cc-2n1,1,val
84674d0f9a64884388fcbe664b5fc85020809aed,O=C1NN=C(c2ccc(OC3CCN(C4CCC4)CC3)cc2)[C@@H]2CC12,1,train
b6d83e53b75f85f45da21feb3669eefdb886b77b,O=C1NN=C(c2ccc(OC3CCN(C4CCC4)CC3)cc2)[C@H]2CC12,0,train
30fbf8b73e7695fe99da969a290d1dc1891a2ca6,CCN(CC)C(C(=O)N1CCC[C@H]1c1nc(-c2ccc(-c3ccc(-c4c[nH]c([C@@H]5CCCN5C(=O)C(C)NC(=O)OC)n4)cc3)cc2)c[nH]1)c1ccccc1,1,train
5cdb6768157fe7a897112d02dad2646a1e994860,COC(=O)NC(C(=O)N1CCC[C@H]1c1nc(-c2ccc(-c3ccc(-c4c[nH]c([C@@H]5CCCN5C(=O)C(NC(=O)OC)C(C)C)n4)cc3)cc2)c[nH]1)C(C)C,0,test
29f61e2ef834ea7cef6248e89c33e05695338c8b,CNc1nc(NCCCN(C)C)c2sc(-c3ccc4nonc4c3)cc2n1,1,train
d7b113ca6c4c7de3f13233a16352f12797325a11,CNc1nc(NCCCN(C)C)c2sc(-c3ccc(N4CCOCC4)cc3)cc2n1,1,val
e072385243a2903bef0e1e5d06a6d8f733e25ee9,CNc1nc(NCCCN(C)C)c2sc(-c3ccc(OC)nc3)cc2n1,1,val
4e201071f687218ebcfbe56cb7a440be6526d8a6,CNc1nc(NCCCN(C)C)c2sc(-c3ccc(OC(F)(F)F)cc3)cc2n1,1,train
dc0a9792a0d8b12f732b9f97881ed329cd392a18,CNc1nc(NCCCN(C)C)c2sc(-c3ccc(C(F)(F)F)cc3)cc2n1,1,train
0e4acbc1b17c352a2edb5d6209237dd89e91fcb1,CNc1nc(NCCCN(C)C)c2sc(-c3ccccc3)cc2n1,1,train
49bd9a38c3b561a2c16a72b6223a6a7547e624a3,CCS(=O)(=O)c1ccc(-c2cnc(N)c(-c3ccc(C(F)(F)F)nc3)n2)cc1,1,train
4e54b076a3c23839117b022747d9381a666f74df,Nc1ncc(-c2ccc(C(=O)N3CCOCC3)cc2)nc1-c1ccc(C(F)(F)F)nc1,0,test
fb6a0904ce18af251c827dd52eefbdb3f14684d3,CS(=O)(=O)c1ccc(-c2cnc(N)c(-c3ccc(C(F)(F)F)nc3)n2)cc1,1,train
a62907e2398b05cd960751dafd9558b250bdc257,Cc1nc2c(s1)CCC2C(=O)Nc1ccc(C[C@@H]2CC[C@H]([C@H](O)c3cccnc3)N2)cc1,0,train
c3df4bf1358730fdc535e01f518e2423ec2e77b7,Nc1nc2c(s1)CCC2C(=O)Nc1ccc(C[C@@H]2CC[C@H]([C@H](O)c3ccc(F)cc3)N2)cc1,1,train
8cf3bb021b730f6bdd525dca0830a90a4c74a57b,O=C(Nc1ccc(C[C@@H]2CC[C@H]([C@H](O)c3cccnc3)N2)cc1)C1CCc2scnc21,1,train
0b2335521fd141d4588608acfcc3cda4cf892870,Nc1nc2c(s1)CCC2C(=O)Nc1ccc(C[C@@H]2CC[C@H]([C@H](O)c3cccnc3)N2)cc1,0,train
219360c4ab18ee7babf1d5555bb384051515e14f,Nc1nc2c(s1)CCC2C(=O)Nc1ccc(C[C@@H]2CC[C@H]([C@H](O)c3cccc(F)c3)N2)cc1,1,train
c9a03c515d145d4634aa24a5e265f4b413d50044,Nc1nc2c(s1)CCC2C(=O)Nc1ccc(C[C@@H]2CC[C@H]([C@H](O)c3cccc(Cl)c3)N2)cc1,1,train
243eecaef817569aafa367ed9e32059290550d53,Nc1nc2c(s1)CCC2C(=O)Nc1ccc(C[C@@H]2CC[C@H]([C@H](O)c3ccccc3)N2)cc1,0,train
62f86aea06d16c01db5bd5ec05b98252d31aaa75,CN1C(=O)CC[C@H]1CN(Cc1ccc(Cl)cc1)S(=O)(=O)c1cccc(C#N)c1,0,test
089e54f50f3c795b333be6c8d03413e379b5ca1c,COc1ccc2c(c1)[C@@H]1C[C@]1(C(=O)N1[C@@H]3CC[C@H]1CN(C)C3)Cn1c-2c(C2CCCCC2)c2ccc(C(=O)NS(=O)(=O)N(C)C)cc21,0,train
4ed857d6244770bb9200aa3e4f5917a9eb9ca4b1,O=C(C1CC12CCN(C1CCCCC1)CC2)N1CCN(C2CCCCC2)CC1,0,val
18520f8dc21dece28790a01c44ae51dda055963d,N#C[C@@H]1C[C@H](F)CN1C(=O)C(N)Cc1cc2c(cc1Br)OCO2,0,train
c08ab64ad462828fa4ca5de409f6559c2c4fe3b8,COC[C@H](C)Oc1cc(Oc2ccc(S(C)(=O)=O)cc2)cc(C(=O)Nc2nccs2)c1,1,train
ba1d7a30a0e6036393456c4c9ea4815af7e5e42a,COC[C@H](C)Oc1cc(Oc2ccc(S(C)(=O)=O)cc2)cc(C(=O)Nc2nc(C)ns2)c1,1,train
0a06686a080ff130817f84becef213e1090feffb,C[C@@H](CO)Oc1cc(Oc2ccc(C(=O)N3CCC3)cc2)cc(C(=O)Nc2ccn(C)n2)c1,0,train
5dd7b16955df1ab85d06f1385ba156d8ac21d20e,C[C@@H]1CN(c2noc(C(F)(F)F)n2)CCN1c1ncc(OCc2ccncc2C#N)cn1,1,train
4f9b1b67f2b20cd19c0d6794595c8112eff7b58b,C[C@@H]1CN(c2nc(C(F)(F)F)no2)CCN1c1ncc(OCc2ccncc2C#N)cn1,1,train
c2cec171d4c649e9a07999c37430b90d7efec952,CC(C)c1noc(N2CCN(c3ncc(OCc4ccncc4C#N)cn3)[C@H](C)C2)n1,0,train
5d6acc7561f5e25bf29a6681de2e9e906e4513e2,C[C@@H]1CN(c2nnc(C(F)(F)F)o2)CCN1c1ncc(OCc2ccncc2C#N)cn1,0,train
f915f692000e483266884b92196c17922899f471,NCC(=O)N1CCN(c2cnc3cc(C(F)(F)F)cc(NCc4cccc([N+](=O)[O-])c4)c3c2)CC1,0,train
20055ec083c116ce926fd8c1a444dadb538573c5,CC(N)C(=O)N1CCN(c2cnc3cc(C(F)(F)F)cc(NCc4cccc([N+](=O)[O-])c4)c3c2)CC1,1,train
6c5965d1e5ce05e26fb74ef700b328098e4de43f,O=C(/C=C/[C@@H]1CCCN1)N1CCN(c2cnc3cc(C(F)(F)F)cc(NCc4cccc([N+](=O)[O-])c4)c3c2)CC1,0,train
e7245e24865b160cf03eefe089b8af3457eaf363,CN(C)C/C=C/C(=O)N1CCN(c2cnc3cc(C(F)(F)F)cc(NCc4cccc([N+](=O)[O-])c4)c3c2)CC1,0,train
d06881cdb8be6448930473bf19480e9836d42ea9,CCNC(=O)N1CCN(c2cnc3cc(C(F)(F)F)cc(NCc4cccc([N+](=O)[O-])c4)c3c2)CC1,1,train
4538542d8aa767870e366d24f340a0ab1d309045,CCCNC(=O)N1CCN(c2cnc3cc(C(F)(F)F)cc(NCc4cccc([N+](=O)[O-])c4)c3c2)CC1,1,train
f4991f74b6bfcdfc7aa995879784f69bd5c77954,O=C(N1CCOCC1)N1CCN(c2cnc3cc(C(F)(F)F)cc(NCc4cccc([N+](=O)[O-])c4)c3c2)CC1,1,test
dc9a134fa93edf40620babca1376870badf34479,CN1CCN(c2cnc3cc(C(F)(F)F)cc(NCc4cccc([N+](=O)[O-])c4)c3c2)CC1,1,train
98441ea9f25615bee6d99020e02d630371951b4d,CC(=O)N1CCN(c2cnc3cc(C(F)(F)F)cc(NCc4cccc([N+](=O)[O-])c4)c3c2)CC1,1,train
45c9bf74ea2ebb51842484ffd6358b9015f6cd9b,O=[N+]([O-])c1cccc(CNc2cc(C(F)(F)F)cc3ncc(N4CCN(CCO)CC4)cc23)c1,1,train
154e36e56fa4ae25d81a3e672d2c4a793f0aea04,CN1CCN(c2cnc3cc(C(F)(F)F)cc(NCc4cccc(C#N)c4)c3c2)CC1,1,train
1c8fd63e008be174adce43646763ade73874486f,CC(=O)c1cccc(CNc2cc(C(F)(F)F)cc3ncc(N4CCN(C)CC4)cc23)c1,0,train
221c343745b3458d3c85e3dbe731f2c9469a6b89,CCNC(=O)Nc1cccc(CNc2cc(C(F)(F)F)cc3ncc(N4CCN(C)CC4)cc23)c1,0,train
c4e05f0399209fb41e5166a36fc2b6a74d29dde4,CN1CCN(c2cnc3cc(C(F)(F)F)cc(NCc4cccc5nonc45)c3c2)CC1,1,test
414df214ed316a2eb17f47c32b3858fae29c7577,CN1CCN(c2cnc3cc(C(F)(F)F)cc(NCc4ccc5cccnc5c4)c3c2)CC1,0,val
cb6077b9e0ae826cd5a7027297476f040d0961e1,[2H]C(Nc1cc(C(F)(F)F)cc2ncc(N3CCN(C)CC3)cc12)c1cccc([N+](=O)[O-])c1,1,train
68fc40cc700e82ec8e6775a623251c581a75d4e4,[2H]C([2H])(O)CN1CCN(c2cnc3cc(C(F)(F)F)cc(NCc4cccc([N+](=O)[O-])c4)c3c2)CC1,1,train
d98c4de6ece30191e3f4d568f523531283dbb4da,[2H]C(Nc1cc(C(F)(F)F)cc2ncc(N3CCN(CC([2H])([2H])O)CC3)cc12)c1cccc([N+](=O)[O-])c1,1,train
afbaed1b9f94540ca12d4991fa75c2dd281b46f5,CCn1ccc(NC(=O)c2cc(Oc3ccc(C(=O)N4CCC4)cc3)cc(O[C@@H](C)CO)c2)n1,0,train
b511529ea1af9bdf8757d865d156ec30cfbbb96f,CC(C)n1ccc(NC(=O)c2cc(Oc3ccc(C(=O)N4CCC4)cc3)cc(O[C@@H](C)CO)c2)n1,0,train
e6efb71d7293652c4d43336ad52648d19473035e,C[C@@H](CO)Oc1cc(Oc2ccc(C(=O)N3CCC3)cc2)cc(C(=O)Nc2nccs2)c1,1,train
6cad8f56f5fad836ba26c428d99063bd3d9507dc,Cc1nsc(NC(=O)c2cc(Oc3ccc(C(=O)N4CCC4)cc3)cc(O[C@@H](C)CO)c2)n1,0,val
b0ed16967e2462a62df295f67b8d5ce6d6ae25f4,Cc1cnc(NC(=O)c2cc(Oc3ccc(C(=O)N4CCC4)cc3)cc(O[C@@H](C)CO)c2)cn1,0,train
b11e7d6b41af810fe596c274bd5170f5e0cabaf9,COC[C@H](C)Oc1cc(Oc2ccc(C(=O)N3CCC3)cc2)cc(C(=O)Nc2ccn(C)n2)c1,0,train
f2cb8e483184ee37907c8b1f12779c30e9bfc7b0,CC(C)Oc1cc(Oc2ccc(C(=O)N3CCC3)cc2)cc(C(=O)Nc2ccn(C)n2)c1,0,train
4732512b08992ad128165554e7895fb017a781ef,Cn1ccc(NC(=O)c2cc(Oc3ccc(C(=O)N4CCC4)cc3)cc(O[C@H]3CCOC3)c2)n1,0,test
650e29475459ca673fbfedace8aefea33caaeb97,Cn1ccc(NC(=O)c2cc(Oc3ccc(C(=O)N4CCC4)cc3)cc(OC(CF)CF)c2)n1,0,train
a9b9e4d3c323f6dc17fdec7ca42960fb053b0b79,COC[C@H](C)Oc1cc(Oc2ccc(C(=O)N3CCC3)cc2)cc(C(=O)Nc2cnc(C)cn2)c1,0,train
9800fdda82b9d65803237574d86e2e5f086b8aef,COC[C@H](C)Oc1cc(Oc2ccc(C(=O)N3CCC3)nc2)cc(C(=O)Nc2cnc(C)cn2)c1,0,val
e106561d7ba285490d2f3269d6d286fc56d015ce,COC[C@H](C)Oc1cc(Oc2ncc(C(=O)N3CCC3)cc2Cl)cc(C(=O)Nc2cnc(C)cn2)c1,0,train
4dad1c092f0c993782c58903a40e7578506d0dd1,Cc1cnc(NC(=O)c2cc(Oc3ccc(S(C)(=O)=O)cc3)c3cc(C)oc3c2)cn1,0,train
23ad49adccab19f4bedbd9e09c75aeecad8407f1,Cc1cnc(NC(=O)c2cc(Oc3ccc(C#N)cc3)c3cc(C)oc3c2)cn1,1,train
53a4122d1d7bd422861def26b9e1a2d6af1900da,Cc1cnc(NC(=O)c2cc(Oc3ccc(C(=O)N(C)C)cc3)c3cc(C)oc3c2)cn1,0,train
03141cd36a33d1d8d0d32220d0c5d29c2ccf2f89,CC(=O)Nc1cccc(C2CCN(Cc3ccc(C(=O)c4nc5ccccc5n4-c4ccc(F)cc4)cc3)CC2)c1,1,train
4e3175b493fc7092e03658d918d46c4e2828297f,CC(=O)Nc1cccc(C2CCN(Cc3ccc(C(=O)c4nc5ccccc5n4-c4ccc(Cl)cc4)cc3)CC2)c1,1,train
2f5bde54aed21691211da58675a0e094e866af1d,CC(=O)Nc1cccc(C2CCN(Cc3ccc(C(=O)c4nc5ccccc5n4C4CCOCC4)cc3)CC2)c1,1,train
3ac1fe2be841bc4248e448bf77637ff2dc44017b,CC(=O)Nc1cccc(C2CCN(Cc3ccc(C(=O)c4nc5ccccc5n4-c4ccc(F)cc4)cc3F)CC2)c1,1,train
fa6c1628cd58cd57a8d3a377ff5668ce8b2c9972,CC(=O)Nc1cccc(C2CCN(Cc3ccc(C(=O)c4nc(C)c(C)n4-c4ccc(F)cc4)cc3)CC2)c1,1,train
35cb5b6353e7c20a637966752eee0f6ba9e672d0,N#Cc1ccc(OCC2(O)CN(S(=O)(=O)c3ccc(Cl)cc3Cl)C2)cc1F,1,val
b4ec5270a64f4991e43ae1515ab14dd56ca0409b,CC[C@]1(c2cccc(NS(C)(=O)=O)c2)[C@@H]2CN(CC3Cc4ccccc4C3)C[C@@H]21,1,train
73e95efec1cfe9cd4acbf0509ec50ec95b7f2e27,CC[C@]1(c2cccc(NS(C)(=O)=O)c2)[C@@H]2CN(CCCC3(O)CCCCC3)C[C@@H]21,1,train
43c0407aba60f9e1da581d2001c037eaad5c76d1,CC[C@]1(c2cccc(C(N)=O)c2)[C@@H]2CN(CC3(O)Cc4ccccc4C3)C[C@@H]21,1,train
7488ee3fee82af8c6b35ddf645313827c33f8bbc,CC[C@]1(c2cccc(NS(C)(=O)=O)c2)[C@@H]2CN(CC3(O)Cc4ccccc4C3)C[C@@H]21,1,train
c088e748c64d6eaaedec9ef36680774bbe37b19b,Cc1ccccc1-c1nc2ccc(-c3ccc(Cl)cc3)cc2c(=O)n1C[C@H]1CCCN(C(C)C)C1,1,test
2ab4495513d174626547ca8f12d2ea31db05001b,Cc1ccccc1-c1nc2cc(-c3ccc(Cl)cc3)sc2c(=O)n1CC1CCCN(C(C)C)C1,1,train
9d9a9aa80dc64115789e0769b4f716a979ae7e00,Cc1ccccc1-c1nc2cn(-c3ccc(Cl)cc3)nc2c(=O)n1CC1CCCN(C(C)C)C1,1,train
b5aa7029cd565bf6a937c72ffa28c11baa1de444,COCCN1CCC[C@@H](Cn2c(-c3ccccc3C)nc3cc(-c4ccc(Cl)cc4)sc3c2=O)C1,1,train
9ddeb0d2be11c569408463905444f5a64a53340f,COCCN1CCC[C@@H](Cn2c(-c3ccccc3C)nc3nc(-c4ccc(Cl)cc4)sc3c2=O)C1,1,train
5bd1db327511a49362cdc695a236948cfc3560ef,COCCN1CCC[C@@H](Cn2c(-c3ccccc3C)nc3cn(-c4ccc(Cl)cc4)nc3c2=O)C1,1,train
069f42abddb0747eca2921ea3c8fe224d265b65c,COc1ccc(-n2cc3nc(-c4ccccc4C)n(CC4CCCN(C(C)C)C4)c(=O)c3n2)cc1,0,train
b9f664fb72b037918760b8dc5f88f325502c30ef,Cc1ccccc1-c1nc2cn(-c3cccc(Cl)c3)nc2c(=O)n1CC1CCCN(C(C)C)C1,1,train
d7b7c9dac5be114cf5b42496cc856ea717d10c87,COc1cccc(-n2cc3nc(-c4ccccc4C)n(CC4CCCN(C(C)C)C4)c(=O)c3n2)c1,0,train
d30db124a3b4b7a526fa2bd167f4ae8188134a69,Cc1ccccc1-c1nc2cn(-c3cccc(C#N)c3)nc2c(=O)n1CC1CCCN(C(C)C)C1,0,train
b19cb1df4c1be4f4b541b9ff5a5bd575e0e0b4e1,COCCN1CCCC(Cn2c(-c3cccnc3C)nc3cn(-c4ccc(C#N)cc4)nc3c2=O)C1,0,train
ddaee377fa5415e0f4912796e69403ce0afc5718,COc1cccc(-n2cc3nc(-c4cccnc4C)n(C[C@H]4CCCN(C(C)C)C4)c(=O)c3n2)c1,0,train
d0a5f304ebc6dbbeb5e5e526a6ab26b58ef96353,COCCN1CCC[C@H](Cn2c(-c3cccnc3C)nc3cn(-c4cccc(OC)c4)nc3c2=O)C1,0,train
cb3cb723afcd6a389644a7047a16dcab559a2088,COc1cccc(-n2cc3nc(C)n(C[C@H]4CCCN(C[C@H]5CCCO5)C4)c(=O)c3n2)c1,1,train
4d21137021274a8921d39ccf9e0093efa9616214,COc1cccc(-n2cc3nc(CC(C)C)n(C[C@H]4CCCN(C[C@H]5CCCO5)C4)c(=O)c3n2)c1,1,train
818a1f6f122a32af6900a1191afac2a39289d56c,Cc1ncccc1-c1nc2cn(-c3ccccc3)nc2c(=O)n1C[C@H]1CCCN(C[C@H]2CCCO2)C1,0,train
5737fde9d0dcd26f8c08c7aae1780e7bb9beef3b,COc1ccc(-n2cc3nc(-c4cccnc4C)n(C[C@H]4CCCN(C[C@H]5CCCO5)C4)c(=O)c3n2)cc1,1,train
bc1f6a710834c96860356d2fc34e61fad27a1bb0,CCOc1cccc(-n2cc3nc(-c4cccnc4C)n(C[C@H]4CCCN(C[C@H]5CCCO5)C4)c(=O)c3n2)c1,0,train
d62cb32d63b4ca1e6aacea49161f50194c04904b,CCCOc1cccc(-n2cc3nc(-c4cccnc4C)n(C[C@H]4CCCN(C[C@H]5CCCO5)C4)c(=O)c3n2)c1,1,train
7b713dd1ffb37108af74b60031e959d585ed4d32,Cc1ncccc1-c1nc2cn(-c3cccc(OC(C)C)c3)nc2c(=O)n1C[C@H]1CCCN(C[C@H]2CCCO2)C1,1,train
b7fd2e26fcadd011ed947d9f1ad1f1b69d2135f7,Cc1ncccc1-c1nc2cn(-c3cccc(OC(F)F)c3)nc2c(=O)n1C[C@H]1CCCN(C[C@H]2CCCO2)C1,1,train
fb2243d89e539aceb95bdb515662b3f49fac8694,COc1cccc(-n2cc3nc(-c4cccnc4C)n(C[C@H]4CCCN(C[C@H]5CCCO5)C4)c(=O)c3n2)c1,0,train
2f7f3e78670abe2d8badbf053e1971fe2f5148a1,COCCC(Oc1ncnc2c1cnn2-c1ncccc1Cl)C(=O)Nc1ccc(C)cn1,0,train
dc181ca8eed83f59ebbfd2965857ca657c091bed,CC(C)OCC(Oc1ncnc2c1cnn2-c1ncccc1Cl)C(=O)Nc1ccc(F)cn1,0,train
9ead712779d10873d5a80c740c3bd332726ffe44,CCOCC(Oc1ncnc2c1cnn2-c1ncccc1Cl)C(=O)Nc1ccc(C)cn1,0,train
327f63578bb618025e02986e55818f9971018792,CC(C)OCC(Oc1ncnc2c1cnn2-c1ncccc1Cl)C(=O)Nc1ccc(Cl)cn1,0,train
9c2bd86a3f5c6edbcd7a88a5abe13b2159b745c6,CCOCC(Oc1ncnc2c1cnn2-c1ncccc1Cl)C(=O)Nc1ccc(F)cn1,0,train
681a3d05385e96c449959e6abf3b21f7c171cb24,CC(C)OCC(Oc1ncnc2c1cnn2-c1ccccc1Cl)C(=O)Nc1ccccn1,0,train
711eaf952b4e9c400b3df5ac90364e8971d452f3,COCC(Oc1ncnc2c1cnn2-c1ccccc1Cl)C(=O)Nc1ccc(C)cn1,0,train
f0f69c5fc2b2eb9be8671b404baecec1a8ed4173,CCOCC(Oc1ncnc2c1cnn2-c1ccccc1Cl)C(=O)Nc1cnc(C)cn1,0,train
d17e459b967920873138973623995a7d283477c7,CC(C)OCC(Oc1ncnc2c1cnn2-c1ncccc1Cl)C(=O)Nc1ccc(C#N)cn1,0,train
48c88e9f52ea8f1f4fab934613bec8eba1be2781,Cc1ccc(NC(=O)C(COC2CCC2)Oc2ncnc3c2cnn3-c2ncccc2Cl)nc1,0,test
be45201f610709b792ae34832ffc9df5a924935a,Cc1cnc(NC(=O)C(COC2CCC2)Oc2ncnc3c2cnn3-c2ncccc2Cl)cn1,0,test
4c12e7483fff4380221261740907f26ea8f7d076,Cc1ccc(NC(=O)C(COC(C)C)Oc2ncnc3c2cnn3-c2ccccc2Cl)nc1,0,train
8e83af662a5845880f0620c4a783af7bfefa8167,CC(C)OCC(Oc1ncnc2c1cnn2-c1ccccc1Cl)C(=O)Nc1ccc(F)cn1,0,train
a36f35ed1662be89a11ae6bf048ed31549f9994a,CCOCC(Oc1ncnc2c1cnn2-c1ncccc1Cl)C(=O)Nc1ccc(C#N)cn1,0,train
07388608c4c31459e7750c03a30751894a573a47,CCOCC(Oc1ncnc2c1cnn2-c1ncccc1Cl)C(=O)Nc1cnc(C)cn1,0,val
1209ea3ce6da40aa734bba27dccdf10316c60303,Cc1cnc(NC(=O)C(COC2CCC2)Oc2ncnc3c2cnn3-c2ccccc2Cl)cn1,0,val
404d5c51b1eda5566071ea3eac57655f0f58fa49,CC(C)OCC(Oc1ncnc2c1cnn2-c1ccccc1Cl)C(=O)Nc1ccc(C#N)cn1,0,train
0ad5868a8d163e21c1b6e58811182a10869408ad,CCOCC(Oc1ncnc2c1cnn2-c1ncccc1Cl)C(=O)Nc1ccc(Cl)cn1,1,train
73de015c5aa99055c40e568a287485670ff994ec,CC(C)OCC(Oc1ncnc2c1cnn2-c1ccccc1Cl)C(=O)Nc1ccc(Cl)cn1,0,train
e261ae07dccfff84d23f1c6dc56f4e252f63d9d2,O=C(Nc1ccc(Cl)cn1)C(COCCO)Oc1ncnc2c1cnn2-c1ncccc1Cl,0,train
2a132c449aa62b562d596aead0595de902b09d33,N#Cc1ccc(NC(=O)C(COCCO)Oc2ncnc3c2cnn3-c2ncccc2Cl)nc1,0,train
c6578432ad82be8165df9aeba0071d544bc30820,O=C(Nc1ccc(Cl)cn1)C(COCCO)Oc1ncnc2c1cnn2-c1ccccc1Cl,0,train
95ad87477efa2e8ce9715777af45dbc4729af2f2,C[C@@H](CO)OCC(Oc1ncnc2c1cnn2-c1ncccc1Cl)C(=O)Nc1ccc(C#N)cn1,0,train
4aa9697707adc63b7091a5a75e5b3fc467bffc7a,C[C@H](CO)OCC(Oc1ncnc2c1cnn2-c1ncccc1Cl)C(=O)Nc1ccc(C#N)cn1,0,train
9e5c3d5719fa81187c19b0abcead0f8bce51bf4e,O=C(Nc1ccc(Cl)cn1)C(CN1CC(O)C1)Oc1ncnc2c1cnn2-c1ncccc1Cl,0,val
a60aa729b2737809087faf9f281ae058d052e52d,O=C(Nc1ccc(Cl)cn1)C(CN1CC(O)C1)Oc1ncnc2c1cnn2-c1ccccc1Cl,1,train
d1a219c6ee72572dd030b678da7635e5d5d24e82,N#Cc1ccc(NC(=O)C(CN2CC(O)C2)Oc2ncnc3c2cnn3-c2ccccc2Cl)nc1,1,train
9203820e3b0b0de21825a41638257d3b61139aff,O=C(Nc1ccc(F)cn1)C(CN1CC(O)C1)Oc1ncnc2c1cnn2-c1ccccc1Cl,0,train
39a383638308873ae512c28e62ea574ade313bfe,O=C(Nc1ccc(F)cn1)C(COCCO)Oc1ncnc2c1cnn2-c1ccccc1Cl,0,train
cd2e56179945ab56fbb331de4ad75815e6453368,N#Cc1ccc(NC(=O)C(CN2CC(O)C2)Oc2ncnc3c2cnn3-c2c(Cl)cccc2Cl)nc1,1,train
4b1930da4ec4cb1840513952af725c34112d1825,O=C(Nc1ccc(F)cn1)C(CN1CC(O)C1)Oc1ncnc2c1cnn2-c1c(Cl)cccc1Cl,0,train
80187ccb78d54bc3b3385443a3166fbb4eb32d56,COc1ccc(N2C(=O)C(C)(C)C2c2ccccc2OC)cc1,0,train
c41bbc4bf781dc05505ebb277c5c0822e646ad8d,O=C(Nc1ccc(F)cn1)C(COCCO)Oc1ncnc2c1cnn2-c1c(Cl)cccc1Cl,0,train
06b2abaac279131dc15b7253ec151106af70c2f2,N#Cc1ccc(NC(=O)C(CN2CC(O)C2)Oc2ncnc3c2cnn3-c2c(Cl)cccc2C#N)nc1,1,train
560c17e3c0ff8a1510dd4325930d7c0268e22f67,N#Cc1cccc(Cl)c1-n1ncc2c(OC(CN3CC(O)C3)C(=O)Nc3ccc(F)cn3)ncnc21,0,train
45633149cca62318ce8d4c796ad7f9fc18ec037a,N#Cc1cccc(Cl)c1-n1ncc2c(OC(COCCO)C(=O)Nc3ccc(F)cn3)ncnc21,0,train
e5e63ce309b61b4aad41186e9592b42eb3e51637,O=C(Nc1ccccn1)C(CN1CC(O)C1)Oc1ncnc2c1cnn2-c1c(F)cccc1Cl,0,train
4aa1e4b25b689aa688f8db021c4685c380215bea,O=C(Nc1ccc(F)cn1)C(CN1CC(O)C1)Oc1ncnc2c1cnn2-c1c(F)cccc1Cl,0,train
3813fc21a476ad5690f812f24e32424fb00b8e30,O=C(Nc1ccc(F)cn1)C(COCCO)Oc1ncnc2c1cnn2-c1c(F)cccc1Cl,0,train
8e35055029d89aaa95cd86cfef36b3eb76c75875,Cc1cnc(NC(=O)C(CN2CC(O)C2)Oc2ncnc3c2cnn3-c2c(Cl)cccc2Cl)cn1,0,train
cb6202f445b9c79d991aa0bdd989b62308e608d4,Cc1cccc(Nc2cc(N[C@@H]3CCCC[C@@H]3N)nnc2C(N)=O)n1,1,train
6480856dcc9815177a0ee7de8ac515973d4c962e,CCc1cccc(Nc2cc(N[C@@H]3CCCC[C@@H]3N)nnc2C(N)=O)n1,1,train
6c34e66b14755190ce21ddb8d71fac3bed250fcc,CCCc1cccc(Nc2cc(N[C@@H]3CCCC[C@@H]3N)nnc2C(N)=O)n1,1,train
ba7d7a8503276cfae958f517701092e58fbeac6d,NC(=O)c1nnc(N[C@@H]2CCCC[C@@H]2N)cc1Nc1cccc(C2CC2)n1,1,val
fdb3458df7cc9eff9be896ad21f0e99992aafecb,CC(C)c1cccc(Nc2cc(N[C@@H]3CCCC[C@@H]3N)nnc2C(N)=O)n1,1,train
85fb0f279a63ce557ce44ff9df601314e4027a87,Cc1nc(Nc2cc(N[C@@H]3CCCC[C@@H]3N)nnc2C(N)=O)ccc1F,0,train
10626d8387d90715f7c863352c1595c16a7e9923,Cc1ccc(Nc2cc(N[C@@H]3CCCC[C@@H]3N)nnc2C(N)=O)nc1C,0,train
458c8fe41e16a8a181359d6a0036d46ce433b04b,Cc1nc(Nc2cc(N[C@@H]3CCCC[C@@H]3N)nnc2C(N)=O)ccc1Cl,1,train
12c08be7f6242600854b4c7329c58c9a4d9deed0,NC(=O)c1nnc(N[C@@H]2CCCC[C@@H]2N)cc1Nc1ccc2c(n1)CCC2,1,train
c9993f3414ad7493b70af1ac6a66d4b600832149,COc1ccc(Nc2cc(N[C@@H]3CCCC[C@@H]3N)nnc2C(N)=O)nc1OC,1,train
4dd0f127c1bd463f3af6a6eda5eb47021105bf50,CC(C)(C)c1cccc(Nc2cc(N[C@@H]3CCCC[C@@H]3N)nnc2C(N)=O)n1,1,train
411c7edd1cd0d84492592f261812fa6ab49072e0,CC(C)C[C@H](CN)Nc1cc(Nc2cccc(C(C)(C)C)n2)c(C(N)=O)nn1,1,train
f4bdd79190459a85a69dd8ee18767755039877f7,Cc1ccc(Nc2cc(N[C@@H]3CCCC[C@@H]3N)nnc2C(N)=O)nc1C(C)C,1,train
a8dd26c4fb95a3e9ef74841a74a9337024d8ff41,CCCc1nc(Nc2cc(N[C@@H]3CCCC[C@@H]3N)nnc2C(N)=O)ccc1OC,1,train
f0ba256eb85efddae9fde1c021c6ca51cba05b7d,COc1ccc(Nc2cc(N[C@@H]3CCCC[C@@H]3N)nnc2C(N)=O)nc1C(C)C,1,train
0d4abd0df85dede11e0bc60d77992bcb50491bdf,COc1ccc(Nc2cc(N[C@@H]3CCOC[C@@H]3N)nnc2C(N)=O)nc1C(C)C,0,train
fab622c7dae0993483149400dc331fe8e4532f0b,Cc1ccc(Nc2cc(NCCN)nnc2C(N)=O)nc1C(C)C,1,train
59b78335a2574008fca5b3ebcbc9616ca969cc34,COc1ccc(Nc2cc(NCCN)nnc2C(N)=O)nc1C(C)C,0,train
6d8bb92d758e8206cf47eef14306472e5a43b556,CCCc1nc(Nc2cc(NCCN)nnc2C(N)=O)ccc1OC,1,train
fba2a997832ffe16eb62d2c50663e396c7e391ec,CC(C)c1nc(Nc2cc(N[C@@H]3CCOC[C@@H]3N)nnc2C(N)=O)ccc1F,1,train
ee56a2f7762a12164ce77e5bdf0bd935663e9ebf,CC(C)c1nc(Nc2cc(NCCN)nnc2C(N)=O)ccc1F,1,train
f7c26b39d2522ebfaaf962f02ebaf2f0e3533df4,CC(C)(O)c1ccc(-c2cc(C(N)=O)c(Nc3cccc(CN4CCOCC4)n3)s2)cc1,1,train
2b858ec493ab3280955d7fa395f7e5c767a47281,CC(C)(O)COCc1cccc(Nc2sc(-c3c(F)cc(C(C)(C)O)cc3F)cc2C(N)=O)n1,0,val
e4d13b4bbbc5944a6eb2353972429aa0a42e7e30,NC(=O)c1cc(-c2ccccc2F)sc1Nc1cccc(CN2CCOCC2)n1,1,train
947d7cd8fd950f5f98d3d46072a3f2f14f9f078e,CCS(=O)(=O)C[C@@H]1C[C@H](N(C)C(C)C)CC[C@@H]1N1CCC(NC(=O)c2cccc(-c3ccccc3)c2)C1=O,0,train
013ebd8bf4b662536826ded3cf18f16bad2668a2,CC(C)N(C)[C@@H]1CC[C@H](N2CCC(NC(=O)c3cccc(C(C)(C)C)c3)C2=O)[C@H](CS(=O)(=O)C(C)C)C1,0,train
5c412f39adb3cec745fb6b44990e489ba1b7364f,Fc1nccc2c3cnc(Nc4ccc(N5CCNCC5)cn4)nc3n(C3CCCC3)c12,1,train
9beb58bdc76d4ae03f852a3b334b7f53832e3277,Clc1nccc2c3cnc(Nc4ccc(N5CCNCC5)cn4)nc3n(C3CCCC3)c12,1,train
a0b3ad1c27ad35a5b9e91f614d967cd52e93915e,C[C@@H](O)CN(C)C1CCN(c2ccc(Nc3ncc4c5ccncc5n([C@H]5CC[C@H](C)CC5)c4n3)nn2)CC1,1,train
1f04024f83c8ca20e1bb6eb41fd9484debd70407,O=C(N1CCc2ncc(C(F)(F)F)cc2C1)[C@@]12CCO[C@@H]1C[C@@H](NC1CCOCC1)C2,0,test
04e6c5d966c0c0c3b36b250b4dc7ef571949958a,O=C(N1CCc2ncc(C(F)(F)F)cc2C1)[C@@]12CCO[C@@H]1C[C@@H](N1CCC(c3ccccc3)CC1)C2,1,train
9d63e1b47e3f0376ae7da5ae291356d749ed141f,O=C(O)c1cccc(C2CCN([C@@H]3C[C@H]4OCC[C@@]4(C(=O)N4COc5ccc(C(F)(F)F)cc5C4)C3)CC2)c1,0,train
6d947425f29b131d7b687c18413107d852d3fc0f,CNC(=O)c1cccc(C2CCN([C@@H]3C[C@H]4OCC[C@@]4(C(=O)N4COc5ccc(C(F)(F)F)cc5C4)C3)CC2)c1,1,train
8a3be436440c65c84b9ed0d45203fdbe53c31b42,N[C@H]1CCCC[C@H]1Nc1cc2[nH]cnc(=O)c2c(Nc2cccc3c(Cl)c[nH]c23)n1,0,val
ea932638576b6293380e421ca9bfba87be53f91c,N[C@H]1COCC[C@H]1Nc1cc2cc[nH]c(=O)c2c(Nc2cccc3cc[nH]c23)n1,0,val
69affe3916b4a6f14b697e58e18b5ba21f664c0d,Cc1c[nH]c2c(Nc3nc(N[C@@H]4CCCC[C@@H]4N)cc4cc[nH]c(=O)c34)cccc12,1,train
bfe7a7ed675e22b7909e93994d3f67871d18d95f,CC(C)CNCc1ccc(-c2ccccc2S(=O)(=O)N2CCCC2)cc1,1,train
7363be45ea801e54466dc7fc3824ca7551b66c3e,CC(c1nc(-c2ccc(C#N)cc2)cs1)[C@](O)(Cn1cncn1)c1ccc(F)cc1F,0,val
5243bbeaa46b012fa4ca333d9ba2106be76b0479,C[C@@H](n1cnc2cc(Cl)ccc2c1=O)[C@](O)(Cn1cncn1)c1ccc(F)cc1F,0,val
989aa5e54ab37e78aff7d9468400d07798f70035,N#Cc1ccc(-c2ccc(C[C@@H](C#N)NC(=O)C3CCCCN3)cc2)cc1,1,train
128715956a836cac1199ee7be695e9bb0ae89040,CSc1cc(-c2ccc(C[C@@H](C#N)NC(=O)C3CCCCN3)cc2)ccc1C#N,1,train
67219d519396ee6481e88550fd80769a135184dc,N#Cc1ccc(-c2ccc(C[C@@H](C#N)NC(=O)C3(N)CCCCC3)cc2)cc1,1,train
175e34c7437e45090801965db8b0565227998ad5,N#Cc1ccc(-c2ccc(C[C@@H](C#N)NC(=O)C3(N)CCOCC3)cc2)cc1,0,val
7e83a60914df627a3c604ff4dc2e8f52a0b443dc,Cc1cccc(-c2[nH]c(CNc3ccccc3F)nc2-c2ccc3ncnn3c2)n1,0,val
2ca8001ac9d1a3669e54ffd0b10e732cbd5f95dd,c1cncc(OC[C@H]2CNCCN2c2nc3ncccc3o2)c1,0,train
88dbc20529c5540eec58bbf4587d87e7fcb2a7ff,COc1ccc(NC(=O)N2CCNC[C@@H]2COc2cccnc2)cc1,0,val
d5a81d0de92965a86e6c90a26070156219961043,C=c1c(NC(=O)CCN2CCN(C)CC2)c(C)[nH]c1=Cc1c(O)[nH]c2ccc(F)cc12,0,test
46e35637b47db86874a7d3a755b3f7744c93caea,Cc1csc(-c2ccc(N)c(NC(=O)c3ccc(N4CCC5(CC4)CNC(=O)O5)nc3)c2)c1,1,train
93b1ff1786ca3837fe625ef46e8fc6497c6b6ca9,Nc1ccc(-c2ccccc2)cc1NC(=O)c1ccc(N2CCC3(CC2)CNC(=O)O3)nc1,1,train
4cc37dfd3c1d5f9af2a2448734a4d306916e23a7,Nc1ccc(-c2ccc(F)cc2)cc1NC(=O)c1ccc(N2CCC3(CC2)CNC(=O)O3)nc1,1,train
bd453539ef89b475f6e0ec5fb7899e21f16fe105,CC(C)OC(=O)N1CCC(C)(CN2CCC3(CC2)CN(S(C)(=O)=O)c2ncccc23)CC1,1,train
e4764cfcee33f45c65bdd44f8b4de3c7e9a05a21,CCOC(=O)N1CCC(CN2CCC3(CC2)CN(S(C)(=O)=O)c2ncccc23)CC1,1,train
775a3e13ff450b7cc40ba6fc7db1e5e8c68ee1bf,CCOC(=O)N1CCC(C)(CN2CCC3(CC2)CN(S(C)(=O)=O)c2ncccc23)CC1,1,train
2494aabc3335889bd971ac9248b0ea7dedef43e0,COC(=O)N1CCC(C)(CN2CCC3(CC2)CN(S(C)(=O)=O)c2ncccc23)CC1,0,train
da75990fc70a8d91a689f29e224fc97665142d46,Nc1nc2ccc(NCC(F)(F)F)nc2n1CC(O)c1ccc(Cl)cc1Cl,1,val
c89c8b094d38381c64939e257b733f1e5ed6318b,Nc1nc(C2CC2)cn1CC(O)c1ccc(Cl)cc1Cl,1,train
5edad299b5204a67cf393bf2022825a6974d0950,Nc1nc2ccccc2n1CC(O)c1ccc(Cl)cc1Cl,0,val
9d3646c7d5ba4f0fde201b147cb7179179cf100c,CN1CCN(c2ccc3nc(N)n(CC(O)c4ccc(C(F)(F)F)cc4Cl)c3n2)CC1,0,train
33187f53a4ab9d7aef97c3f54132778a8dff7bc3,Nc1nc2ccc(OC3CCOC3)nc2n1CC(O)c1ccc(C(F)(F)F)cc1Cl,0,train
c101de64d31bc46dfa0dfb3820dbff6c8c09e18e,Nc1nccn1CC(O)c1cccc(Cl)c1Cl,0,train
fa890f0e7f76590e24ce67118a3ca269325e7372,Nc1nc(-c2ccc(F)cc2)cn1CC(O)c1ccc(C(F)(F)F)cc1Cl,0,val
0328473468a5e493c4e0ae2a3ad9fea6d65423df,Nc1nccn1CC(O)c1ccc(Cl)cc1F,0,train
bea0aeb94db1b57b8a3a8f2bcae4931db5c8c415,CC1CN(CC(=O)N[C@H]2C3CC4CC2C[C@](C(N)=O)(C4)C3)S(=O)(=O)N(c2c(Cl)cc(Cl)cc2Cl)C1,0,test
502120316fae2b74e3ac5f95f8aa18bd500a89ac,COc1ccc(CC(=O)N2CCC3(CC2)CN([C@@H]2CCc4cc(-c5ncccn5)ccc42)C3)cc1,1,test
e8db5c2aa1476cfb01c7aa10378952bbe66f94d4,Cc1cc(-c2ccc3c(c2)CC[C@H]3N2CC3(CCN(C(=O)Cc4cn5cc(C)sc5n4)CC3)C2)ncn1,1,test
d3b80a6d145f193edc408caacfdac1a35af0980a,O=S(=O)(NCCCCN1CCC(c2noc3cc(F)ccc23)CC1)c1cc2ccccc2s1,1,train
aadd4cec7034a9498b05fcabd7ecbb7bc3a3007a,CS(=O)(=O)c1ccc(-c2nn(-c3ccc(F)cc3)cc2Sc2ccc(Cl)cc2)cc1,1,test
8f5395c3e14ebcc521737984e0d0e4b8a9ff03a4,CC(C)(O)c1cnc(-c2nn(-c3ccc(F)cc3)cc2Sc2ccc(Cl)cc2)cn1,1,test
3e00dce0cafc3872797709cc5a609213c362a2a2,CC(C)(O)c1ccc(-c2nc(-c3ccc(F)cc3)oc2Sc2ccc(Cl)cn2)cn1,1,test
10a9caaa4de46abb31a6f913886cff6ac48d24e0,Clc1ccc(Sc2c[nH]nc2-c2ccc3c(c2)OCCO3)cc1,1,val
a718c96fab8eb9f172192e9ddf73a9db7643bc1d,CS(=O)(=O)c1ccc(-c2nc(-c3ccc(F)cc3)oc2Sc2ccc(Cl)cn2)cc1,1,val
6bf472b63098e803dcdd76d8e30f2604c641b969,Clc1ccc(Sc2cn(-c3cccnc3)nc2-c2ccc(-c3ncon3)cc2)cc1,1,test
e13a73ef0c5b32274c9df6e350a855ba2c8aecac,CS(=O)(=O)c1ccc(-c2nc(-c3ccccc3)oc2Sc2ccc(Cl)cc2)cc1,0,val
12af91f7efbe643119ea18055d6b834e90f6c88e,Cc1cc(C(=O)N[C@H]2CC[C@@H](NC(=O)c3cc(F)cnc3Oc3cccc(-c4ccc(O)cc4CN4CCOCC4)c3)CC2)nn1C,0,val
e08a2769ee794bf682efc08a6893bc9017e83265,Cc1csc(C(=O)N[C@H]2CC[C@@H](NC(=O)c3cc(F)cnc3Oc3cccc(-c4ccc(CN5C[C@@H](C)N[C@@H](C)C5)cc4CN4CCOCC4)c3)CC2)n1,0,train
1ca253b6008454f14acf5c8446e04b96df02c636,Cc1ccc(O)c(C(=O)N[C@H]2CC[C@@H](NC(=O)c3cc(F)cnc3Oc3cccc(-c4ccc(CN5C[C@@H](C)N[C@@H](C)C5)cc4CN4CCOCC4)c3)CC2)c1,1,test
ca7317cc0cf68dd10620781c442ddbd17c54de58,Cc1onc(C(=O)N2[C@@H]3CC[C@H]2C[C@@H](Nc2cc(=O)n(C)c4cc(F)c(F)cc24)C3)c1C,0,test
cc6013c7a859a94088fc8a90a855052aaabeb88a,COc1ccc2ccc(=O)n(CCN3CCC(NCc4ccc5c(n4)NC(=O)CO5)CC3)c2n1,0,val
69575b7bc99a7cbb72934ec5b997f9c72f35a14a,Cc1nc(CNC2CCN(CCn3c(=O)ccc4ccc(C#N)cc43)CC2)ccc1C#N,1,train
b9b35534d127c46ff594b371c4db2d0ece04f6de,Cc1ncc(CNC2CCN(CCn3c(=O)ccc4ccc(C#N)cc43)CC2)cc1C#N,0,train
4ae1bc2aad91325b8ce0c903ef7075017d3112e4,Cc1ncc(CNC2CCN(CCn3c(=O)ccc4ncc(F)cc43)CC2)cc1C#N,0,train
eeeaaf49d04dc283c1b8ed36dc70f806076e48d2,COc1cnc2ccc(=O)n(CCN3CCC(NCc4cnc(C)c(C#N)c4)CC3)c2c1,0,train
88cabe8f7f9a3befeef20c36f53950493a794295,COc1ccc2c(ccc(=O)n2CCN2CCC(NCc3cnc(C)c(C#N)c3)CC2)n1,1,train
ead74e9e7d944f670acfed092b8dc40c104d30c8,Cc1ncc(CNC2CCN(CCn3c(=O)ccc4c3ccc(=O)n4C)CC2)cc1C#N,0,train
14b2fd165d7c6d8fe6e2ea1029f26f9f7ad5e748,COc1cc(C#N)c2ccc(=O)n(CCN3CCC(NCc4cnc(C)c(C#N)c4)CC3)c2c1,1,train
2ecf1a188270a29e24be8b78d12e370e5f027c2e,COc1cnc2ccc(=O)n(CCN3CCC(NC(=O)c4cnc(C)c(C#N)c4)CC3)c2c1,0,train
5ecd40f4146c876e601dbd0dc45086717cd192df,COc1cnc2ccc(=O)n(CCN3CCC(NCc4cnc(OC)c(C#N)c4)CC3)c2c1,0,train
fc85f66f8a5973f41a831531bf22d194926883e7,COc1cnc2ccc(=O)n(CCN3CCC(NCc4cnc(C)c(C#N)n4)CC3)c2c1,0,train
15b66a8733a2d4503a7efa2c516230f742098d9a,COc1ccc2ncc(=O)n(CCN3CCC(NCc4cnc(C)c(C#N)c4)CC3)c2n1,0,train
7fbbadb293bde87b4e95c30b0d41304310faaa15,COc1cnc2ccc(=O)n(CCN3CC[C@@H](NCc4cnc(C)c(C#N)c4)[C@@H](F)C3)c2c1,0,train
8e8840ffe5d2b7540dda240a3b9481ccf70e5541,COc1ccc2ncc(F)c(CCC34CCC(NCc5ccc6c(n5)NC(=O)CO6)(CC3)CO4)c2n1,1,train
0af049e7fa9e92f80c863ebf4a07f6ab48063fc8,COc1ccc2ncc(F)c(C[C@H](O)C34CCC(NCc5ccc6c(n5)NC(=O)CO6)(CC3)CO4)c2n1,1,train
5447201791a11e904893a528bf89ac476c18484f,C[C@@H]1Cn2ncc(-c3ccc(S(C)(=O)=O)cc3)c2CN1c1ccnc2[nH]ccc12,1,train
b211b79054e24c4d4bd3d04a96b3161ff7228776,C[C@@H]1Cn2ncc(C3CCN(S(C)(=O)=O)CC3)c2CN1c1cc(Cl)nc2[nH]ccc12,0,test
64a8d8da412d638e7859932ed7759c792b930f82,O=C(NCCN1CCC(O)(Cc2ccc(F)cc2)CC1)Nc1ccnc2ccsc12,1,val
d0676e3f528827fe98fcfe0fee24c176ae6b09d4,COc1ccccc1CCNCC(=O)N1CCc2ccccc2C1C1CCCCC1,1,train
bc66c744a6e53583ccc8247cb00c5b8b27d647cb,O=C(CNCCc1c(Cl)cccc1Cl)N1CCc2ccccc2C1C1CCCCC1,0,train
518a8e76346d83e3f09ac1d044b2cf08bce02ce2,O=C(CNCC1CCCCC1)N1CCc2ccccc2C1C1CCCCC1,0,train
36fc06115a1a4ed6a59d048b72330832e46528df,O=C(CNCC1(O)CCCCC1)N1CCc2ccccc2C1C1CCCCC1,0,train
28cf995de2d2a8d4bc881556da8b506fa75e7d33,O=C(CNCC1(O)CCCC1)N1CCc2ccccc2C1C1CCCCC1,0,test
b442b432c12e5a7ff1a47282c94f023d2f1d5345,O=C(CNCC1(O)CCCCCC1)N1CCc2ccccc2C1C1CCCCC1,0,train
aa9d197ba2753ffbf6cf5e0e8c2e1a42c0c9b27a,O=C(CNCC1(O)CCCCC1)N1CCc2ccccc2[C@@H]1C1CCCCC1,0,train
002666ce5c62d3c5e21b26bf9ceba8f9ed70cbf4,O=C(CNCC1(O)CCCCC1)N1CCc2ccccc2[C@H]1C1CCCCC1,0,train
fb4d511029064a627cb2f2d378af7277d2d55428,CN1CCC(CNc2ccn3ncc(-c4cccc(OC(F)(F)F)c4)c3n2)CC1,1,val
a8f3e80fd374bb19eddcde50bd91c25b26b2bb36,CC(C)(CC(O)(Cc1cc2cc(N3CCOCC3)ncc2[nH]1)C(F)(F)F)c1ccccc1S(C)(=O)=O,0,train
fed009dbfb11625a971ea56dc6327d725e225cf5,Cc1ccc(F)cc1C(C)(C)CC(O)(Cc1cc2cc(-c3ccccc3)ncc2[nH]1)C(F)(F)F,1,test
a187d47f9ce8d3f6cf3ce8404949c7479999646f,Fc1cc(C(CC2CNC2)Oc2ccccc2F)ccc1Cl,1,train
b7907e823254fc87ccdb4d3b3f98237cc1754998,Fc1cccc(OC(CC2CNC2)c2ccc(Cl)c(F)c2)c1,1,train
0fe8deb249de962c93d6a925ef52de5a44fca0bf,CN(C)c1ccc(/C=C/c2c(F)cccc2F)cc1,0,train
d21469f4ae20a4edb960157309eddd2db30a2f8a,CNc1ccc(C=Cc2c(F)cccc2F)cc1,0,train
87e71ca7bb1a917d7011979f774f455c6901b84a,CNc1ccc(C=Cc2c(F)cccc2Cl)cc1,0,train
60374d90acf0c19f5b62ba38d5a66d0f0dc972cf,CN(C)c1ccc(/C=C/c2c(F)cccc2F)nc1,0,train
fb3fb035242a152cb6171e378b4caf2639a2a695,CN(C)c1ccc(/C=C/c2c(F)cccc2Cl)nc1,0,train
dbaec13dbb8cb77232acbd9c041c7936e4df0c33,CN(C)c1ccc(/C=C/c2c(F)cccc2F)cn1,0,train
1fb141ca4da3c728433b440460a597faa189e7ee,CN(C)c1ccc(/C=C/c2c(F)cccc2Cl)cn1,0,train
127aff7f1e2571662a0baa72addd9bf02b4c7ff3,CNc1ccc(C=Cc2c(F)cccc2Cl)cn1,0,train
198ed4a9274572f8f9cf4dd12c9365cc5de9b8e0,CN(C)c1ncc(/C=C/c2c(F)cccc2F)cn1,0,train
39f2b78e704f9ceb18a0742f1161d0f780ef9eb1,Cn1cc([C@@]2(c3cncc(C(=O)O)c3)N[C@@H](c3nc(-c4ccc(F)cc4)c[nH]3)Cc3c2[nH]c2ccccc32)cn1,0,train
f9defe5985050a41575f9fc102b0bb851002f6c7,Cn1cc([C@@]2(c3cc(C(=O)O)ccn3)N[C@@H](c3nc(-c4ccc(F)cc4)c[nH]3)Cc3c2[nH]c2ccccc32)cn1,0,train
8045a50e6e34135e59a211d197da9242ae6ad913,Cn1cc([C@@]2(c3cccc(C(=O)O)n3)N[C@@H](c3nc(-c4ccc(F)cc4)c[nH]3)Cc3c2[nH]c2ccccc32)cn1,1,train
5ecaa80124fa83b238c98a2525cf6930f1e3266e,CCOC(=O)c1ccc([C@@]2(c3cnn(C)c3)N[C@@H](c3nc(-c4ccc(F)cc4)c[nH]3)Cc3c2[nH]c2ccccc32)nc1,1,train
48f7c61cd9c5eb5dcf6b7a14d1135a7b1744274c,CCOC(=O)c1ccc([C@]2(c3cnn(C)c3)N[C@@H](c3nc(-c4ccc(F)cc4)c[nH]3)Cc3c2[nH]c2ccccc32)nc1,1,train
9da3573d266874f76b2855eba487ea0af1ec9f02,CCOC(=O)c1cncc([C@@]2(c3cnn(C)c3)N[C@@H](c3nc(-c4ccc(F)cc4)c[nH]3)Cc3c2[nH]c2ccccc32)c1,1,train
5ecc348bed2d1974ce3bbc780b7b36dd2bc7cf39,CCOC(=O)c1cncc([C@]2(c3cnn(C)c3)N[C@@H](c3nc(-c4ccc(F)cc4)c[nH]3)Cc3c2[nH]c2ccccc32)c1,1,train
c2c3865e99f24f4d5cde20986c451478b8c59daa,CCOC(=O)c1ccnc([C@@]2(c3cnn(C)c3)N[C@@H](c3nc(-c4ccc(F)cc4)c[nH]3)Cc3c2[nH]c2ccccc32)c1,1,train
daf1d3a0b7a4b5369eaacacd06f16a663d6a8501,CCOC(=O)c1ccnc([C@]2(c3cnn(C)c3)N[C@@H](c3nc(-c4ccc(F)cc4)c[nH]3)Cc3c2[nH]c2ccccc32)c1,1,train
8b926b7fca43085eeca48eb7d56c2d3176d31c50,CCOC(=O)c1cccc([C@@]2(c3cnn(C)c3)N[C@@H](c3nc(-c4ccc(F)cc4)c[nH]3)Cc3c2[nH]c2ccccc32)n1,1,train
8709c9bfb819e43e54c172252aa0b4b8918eb384,CCOC(=O)c1cccc([C@]2(c3cnn(C)c3)N[C@@H](c3nc(-c4ccc(F)cc4)c[nH]3)Cc3c2[nH]c2ccccc32)n1,1,train
1e2160c18f54a1929c5a924cff62af1ebe3f1fd9,C=c1c(C(=O)NCCN2CCCC2)c(C)[nH]c1=Cc1c(O)[nH]c2cc(NC(=O)NC(=O)c3ccc(OC)cc3F)ccc12,1,test
3e0fd8285dfc8c867f30e0a873479dfbd76be802,CN1Cc2cc(N3CCOCC3)ccc2[C@@H](c2ccc3sccc3c2)C1,1,val
b7668f6b6c66fa0e7b196228804d1daa96e5b982,CCOC[C@@H](CC(C)C)NC(=O)C1CNCC(C(=O)N(c2cc(OCCCOC)c(C(C)C)cc2F)C2CC2)C1,1,train
1d3a4c3459ce1d89f26b3275ebcc1566488f4d39,CCOC[C@@H](CC(C)C)NC(=O)C1CNCC(C(=O)N(c2ccc(C(C)C)c(OCCCOC)n2)C2CC2)C1,1,train
47f0dee350da8b555ea194293e32d6e20bfca4a5,CCOC[C@@H](CC(C)C)NC(=O)C1CNCC(C(=O)N(c2ccc(C(C)C)cn2)C2CC2)C1,1,train
76bb8edc4da40aa946d7f6baab070da7164cbd35,COc1cnc2ccc(=O)n(CCN3CCC(c4c[nH]c5ccc(C#N)cc45)CC3)c2c1,1,train
e8b0c33d5041e8a859961fbcc13e8ae5dcb36db8,COc1cnc2ccc(=O)n(CCN3CCC(c4c[nH]c5cc(C(F)(F)F)ccc45)CC3)c2c1,1,train
b15e652a9aca0a0889a48643245ae0ebae59df4f,COc1cnc2ccc(=O)n(CCN3CCC(c4c(O)[nH]c5ccc(Cl)cc45)CC3)c2c1,1,train
4ca0a47fb1d56e444551f3120ea4edd15edf3494,COc1cnc2ccc(=O)n(CCN3CCC(c4nc5cc(C(F)(F)F)ccc5[nH]4)CC3)c2c1,1,train
1a94c02ced7c90d6119b52bc73b38196f9c511cc,COc1cnc2ccc(=O)n(CCN3CCN(c4nc5cc(C(F)(F)F)ccc5[nH]4)CC3)c2c1,1,train
1ff9d672fb253e30f45f53a062e8df2e471248bc,COc1cnc2ccc(=O)n(CCN3CCN(c4nc5ccccc5[nH]4)CC3)c2c1,1,train
0145cd7dd05165fa5cc649f47a33444a965cc494,O=c1ccc2ncc(F)cc2n1CCN1CCN(c2nc3cc(C(F)(F)F)ccc3[nH]2)CC1,1,train
1eb875f727c955578189565b7c20f699def45872,COc1cnc2ccc(=O)n(CCN3CCC(c4nc5cc(Cl)ccc5[nH]4)CC3)c2c1,1,train
3e8b9383ca132651def7e8cf7983aa8dee4a2dcb,COc1cnc2ccc(=O)n(CCN3CCC(c4nc5cc(C#N)ccc5[nH]4)CC3)c2c1,1,train
24bbe7ed7ce0fe0e18bc9755f7318c16c46d28c1,COc1cnc2ccc(=O)n(CCN3CCC(c4nc5cc(Cl)c(F)cc5[nH]4)CC3)c2c1,1,train
9a044f25c8e523d7acd701e93cd2ca3fd628176f,COc1cnc2ccc(=O)n(CCN3CCC(c4nc5cc(C)c(Cl)cc5[nH]4)CC3)c2c1,1,train
0eadaba4e053fd3fa999c060f1fafed6423baee8,Cc1cc2[nH]c(C3CCN(CCn4c(=O)ccc5ncc(F)cc54)CC3)nc2cc1Cl,1,train
f92979e8417f61b506c7a926e35d2ef3aa70f1df,COc1cnc2ncc(=O)n(CCN3CCC(c4nc5cc(C)c(Cl)cc5[nH]4)CC3)c2c1,1,test
f8b8d5341753df3c8d75787f49e66d31fc677ee7,COc1cnc2ccc(=O)n(CCN3CCC(c4nc5cc(C#N)c(C)cc5[nH]4)CC3)c2c1,1,train
fd86faf41fa4bef0810e5e3f95a476ddb63d97ff,N#Cc1ccc2[nH]c(C3CCN(CCn4c(=O)ccc5ncc(Oc6cccnc6)cc54)CC3)nc2c1,1,test
8b0a92696bc94665fdc236bcc760160b4d288966,CCNC(=O)N1CC2(CCN(CC3CCN(C(=O)OCC)CC3)CC2)c2cccnc21,1,train
18ea53d8ad3187f0501c0ffe17fe325c465e4ef5,CCOC(=O)N1CCC(CN2CCC3(CC2)CN(C(=O)N(CC)CC)c2ncccc23)CC1,1,train
5160282fbbb33d1514baf0a9455bcae89e9bb149,CCOC(=O)N1CCC(CN2CCC3(CC2)CN(C(=O)NC)c2ncccc23)CC1,1,train
333e325cedbb6a16ded01165dd45d28d0ce3cc54,CCOC(=O)N1CCC(CN2CCC3(CC2)CN(C(N)=O)c2ncccc23)CC1,1,train
404ebbc91661a9cca818825aed8483f6c51a0307,Cc1cccc(C(=O)Nc2cccc(NC(=O)c3cccc(C)c3)c2)c1,0,train
4938333c4f2ea6f0924e74187f29bbc8c4747bb2,CN1CCN(c2ccc3[nH]c(Nc4ccc(Br)cn4)nc3c2)CC1,1,train
7d6ed54e6971c2d7f67001f3e9847ac9faf5b327,Cc1ccc(Nc2nc3cc(N4CCN(C)CC4)ccc3[nH]2)nc1,0,train
f3121ca2173ed0cd4388b0a772c330b7b9b05b05,CN1CCN(c2cc(Cl)c3[nH]c(Nc4ccc(Br)cn4)nc3c2)CC1,1,train
a5c6345c0c2fb42aa95c18300cbfaf65cdd73700,CN1CCC(c2ccc3[nH]c(Nc4ccc(C(F)(F)F)cn4)nc3c2)CC1,1,train
d7662f83ddd33e6df37ebd758f5b9c56418cdfcd,CN1CCN(Cc2ccc3[nH]c(Nc4ccc(C(F)(F)F)cn4)nc3c2)CC1,0,train
182fca04a4926dc4e1fd7158088a40f95de592a9,Cc1nc(Nc2nc3cc(N4CCN(C)CC4)ncc3[nH]2)cc(C2CC2)c1F,1,test
6dccdc2a597b0cc6a47a610c20ceb29232c73608,O=c1[nH]c(O)c(Cc2coc3ccc(Cl)cc3c2=O)s1,1,train
7cfa0021a59e17c1fb02bc263575f5adf6f0357f,Cc1cc2c(cc1CN(C)C)CCN(C(=O)c1cc3cc(Cl)ccc3n1C)C2,0,train
6c056167c8a78b6c6319d3ead729e577646b5c4a,CN(C)Cc1ccc2c(c1)CCN(C(=O)c1cc3cc(Br)ncc3n1C)C2,0,val
1296bb9dfbbc004b28bf8c3bba54fe4481233334,CN(C)Cc1ccc2c(c1)CCN(C(=O)c1cc3cc(Cl)ccc3n1C)C2,1,train
2d17c3d943a7c3328c6f5258a05e57b5dad2d281,CC(C)COc1ccc2c(c1)[C@]1(COC(=N)N1)c1cc(-c3cncnc3)ccc1O2,1,train
9137bcaa1e6966c4c9332718c38a236211d1370b,CC(C)(C)COc1ccc2c(c1)[C@]1(COC(=N)N1)c1cc(-c3cncnc3)ccc1O2,1,train
059564f3f6ee2f8c3ece2ff1ec5967fb420e8ce8,CC(C)(C)C#Cc1ccc2c(c1)[C@]1(COC(=N)N1)c1cc(-c3cncnc3)ccc1O2,1,train
9b15f0a3ece4bc5aa9244652a6eb65c799eca819,CC(C)(C)CCc1ccc2c(c1)[C@]1(COC(=N)N1)c1cc(-c3cncnc3)ccc1O2,1,train
cce2bbbdab168c37147534b4d3e5cf1cb020cf6a,CC(C)(O)C#Cc1ccc2c(c1)[C@]1(COC(=N)N1)c1cc(-c3cncnc3)ccc1O2,0,train
15c3ffde943d7e4bb6ded4bb4831a00931b06fb2,COC(C)(C)C#Cc1ccc2c(c1)[C@]1(COC(=N)N1)c1cc(-c3cncnc3)ccc1O2,1,train
9798261e678508c75f68e1b7e3ad363099bade29,N=C1N[C@]2(CO1)c1cc(C3=CCOCC3)ccc1Oc1ccc(-c3cncnc3)cc12,0,train
85aa1793cca30b62c30ded373770fdbd66c5c3d5,N=C1N[C@]2(CO1)c1cc(OCC3CCCCC3)ccc1Oc1ccc(-c3cncnc3)cc12,1,val
97e4e378cd110b08fd6fd25f14616964570f59d3,CC(C)(F)COc1ccc2c(c1)[C@]1(COC(=N)N1)c1cc(-c3cncnc3)ccc1O2,1,train
01bfbdba13620e050a00e9c096bbd49854d06959,CC(C)(C#N)COc1ccc2c(c1)[C@]1(COC(=N)N1)c1cc(-c3cncnc3)ccc1O2,0,train
c5fe49208490ba6ee5ced7e78dc146d49c815ad0,CC(C)(C)COc1ccc2c(c1)[C@]1(COC(=N)N1)c1cc(-c3ccccn3)ccc1O2,1,train
c9d8739ad45c45171186a8b3a59482f6bcd5d5ac,CC(C)(C)COc1ccc2c(c1)[C@]1(COC(=N)N1)c1cc(-c3ccncc3)ccc1O2,1,train
86f151b822bb70311ff99daaccd9e08b0e8c0267,CC(C)(C)COc1ccc2c(c1)[C@]1(COC(=N)N1)c1cc(-c3cccnc3)ccc1O2,1,train
ac55a56c970de5f142eb690ae06519e38ccb53db,CC(C)(C)COc1ccc2c(c1)[C@]1(COC(=N)N1)c1cc(-c3ccc(F)nc3)ccc1O2,1,train
5195c3d73f5d6a0cd3791155012dc4c85575cf1f,CC(C)(C)COc1ccc2c(c1)[C@]1(COC(=N)N1)c1cc(-c3cncc(C#N)c3)ccc1O2,1,train
93baae85e5b6eaa4bd11050b0869cab48abf9c47,CC(C)(C)COc1ccc2c(c1)[C@]1(COC(=N)N1)c1cc(-c3cncc(F)c3)ccc1O2,1,train
cb3a99a99cc55d23db1221d75d8758e9892cf5bf,N=C1N[C@@]2(CO1)c1cc(-c3cccnc3F)ccc1Oc1c(F)cc(C3=CCOCC3)cc12,1,train
09aa3f401049fbafb981e3ea2e16911c5a3c2fc6,N=C1N[C@@]2(CO1)c1cc(-c3cccnc3F)ccc1Oc1c(F)cc(-c3ccccn3)cc12,1,train
97c60ec31553f5a01c88a7fa683d458bb31b8b13,C=CC(=O)Nc1cc(Nc2nccc(-c3cn(C)c4ccccc34)n2)c(OC)cc1N(C)CCN(C)C,1,train
951b865ea99aa6add1cffa284e37e673d7a2958b,C=CC(=O)Nc1cc(Nc2nccc(-c3c[nH]c4ccccc34)n2)c(OC)cc1N1CCN(C)CC1,1,test
aea93a44c16dc31b379b0e90c514526af7fe813e,C=CC(=O)Nc1cc(Nc2ncc(Cl)c(-c3cnn4ccccc34)n2)c(OC)cc1N1CCN(C)CC1,1,test
f03969daeba0209bbf866f3dac19755a411bd3a5,C=CC(=O)Nc1cc(Nc2ncc(Cl)c(-c3cnn4ccccc34)n2)c(OC)cc1N1CC[C@@H](N(C)C)C1,1,val
0ea361606065753903b052f9fa329afa5b84f1f1,C=CC(=O)Nc1cc(Nc2ncc(Cl)c(-c3cnn4ccccc34)n2)c(OC)cc1N(C)CCN(C)C,1,train
574b9af81ce915ce85c73db6d42d8fb273099c24,C=CC(=O)Nc1cc(Nc2ncc(Cl)c(-c3cnn4ccccc34)n2)c(OC)cc1N1CC(N(C)C)C1,1,train
591fea54168f63d6cf4ca4701026f53f38ef75ef,C=CC(=O)Nc1cc(Nc2ncc(C#N)c(-c3cn(C)c4ccccc34)n2)c(OC)cc1N(C)CCN(C)C,1,train
1166084c4cd614b0cfcbe592351e8578238a80c5,C=CC(=O)Nc1cc(Nc2ncc(Cl)c(-c3cn(C)c4ccccc34)n2)c(OC)cc1N(C)CCN(C)C,1,train
b2e7fcb9837ed34fd9d735c701a5bed15b52fb4e,C=CC(=O)Nc1cc(Nc2ncc(Cl)c(-c3c[nH]c4ccccc34)n2)c(OC)cc1N(C)CCN(C)C,0,train
ea7dc9f97715e128a5c0908f0ff68e4559e0c8fb,C[C@@H]1CN(c2nnc(C(F)(F)F)o2)CCN1c1ncc(OCc2ccc(OS(C)(=O)=O)cc2F)cn1,0,train
2d2e83a76bbd2a74af2005d4e33858e61478e6ce,C[C@@H]1CN(c2nnc(C(F)(F)F)o2)CCN1c1ncc(OCc2ccc(-n3cnnn3)cc2F)cn1,1,train
40487b672726484af27acd92725cb4e160dcad66,C[C@@H]1CN(c2nnc(C(F)(F)F)o2)CCN1c1ncc(OCc2ccc(C#N)cc2F)cn1,0,train
54687ed0f5f2fc5aae266f612d045e77d148eb70,C[C@@H]1CN(c2nnc(C(F)(F)F)o2)CCN1c1ncc(OCc2ccc(S(C)(=O)=O)cc2)cn1,1,train
73227cf6117af6eb2d122f2b871a7201aeac6656,C[C@@H]1CN(c2nnc(C(F)(F)F)o2)CCN1c1ncc(OCc2ccc(C#N)cc2C#N)cn1,1,train
0686d8fb0edf0043cb16ac4b906b1a4fa1a2dd40,C[C@@H]1CN(c2nnc(C(F)(F)F)o2)CCN1c1ncc(OCc2ccc(S(C)(=O)=O)cc2C#N)cn1,1,train
67b2d6cb8b389a3cddac3611c4378cbc1517a701,C[C@@H]1CN(c2nnc(C(F)(F)F)o2)CCN1c1ncc(OCc2ccc(S(C)(=O)=O)cc2F)cn1,1,train
874dada2ff77d88068c937a3e37a07e65a1fdb56,C[C@@H]1CN(c2nc(C(F)(F)F)no2)CCN1c1ncc(OCc2ccc(S(C)(=O)=O)cc2F)cn1,1,train
47b3d6dbd13688f4149fa94e8358560e1e401f43,C[C@@H]1CN(c2nc(C(F)(F)F)no2)CCN1c1ncc(OCc2ccc(C[S+](C)[O-])cc2F)cn1,0,train
fddc97df8b992203313660ebdf8d6f959c8cce3a,C[C@@H]1CN(C(=O)OC2(C(F)(F)F)COC2)CCN1c1ncc(OCc2ccc(S(C)(=O)=O)cc2F)cn1,0,train
ca3273105e3c9c39dd9078d9674f7cd5ec29642c,CC(C)c1noc(N2CCN(c3ncc(OCc4ccc(S(C)(=O)=O)cc4F)cn3)[C@H](C)C2)n1,1,train
fe5ac1b8a077792264d5e661dbeae4df9b68d2b3,C=CC(=O)Nc1cc(Nc2ncc(C)c(-c3cn(C)c4ccccc34)n2)c(OC)cc1N(C)CCN(C)C,0,train
d1c4ab59b882a6da0a5b89fa7f3d5ef09e1dfedf,C=CC(=O)Nc1cc(Nc2nccc(-c3c[nH]c4ccccc34)n2)c(OC)cc1N(C)CCN(C)C,0,train
03a5e6de687c94388fc7b50ce503e156cdcae8a5,O=C(NC[C@@H]1OC(=O)N2c3ccc(N4CCOCC4=O)cc3OC[C@@H]12)c1ccc(Cl)s1,0,train
ae295d3676ae5ea5fee678a8771fcce07999033e,O=C(NCCCCN1CCN(c2ccccc2)CC1)c1ccc2ncccc2c1,1,test
693944b381c758ec31e643adee68d5931c2ea1e9,COc1ccc(-n2cnc3c(-c4ccccc4)csc3c2=O)cc1,0,train
8c2507ef5f720175eb02df5b04e2ee1847401252,COc1ccc(-n2cnc3c(-c4ccccc4C)csc3c2=O)cc1,1,train
ffd42ada03234f4141a81964597ab2ca0e39fe44,C#CCNc1ccnc2sc3c(=O)n(-c4ccc(OC)cc4)cnc3c12,0,val
c9205c3d60691294341e6765e88d771f6e435eb6,O=C(O)C1CCC(OC2CCN(c3ccc(-c4nc5cc(F)ccc5[nH]4)cn3)CC2)CC1,0,train
81fa94e7be6f59c84c93278ade6c0bbd47a9289c,O=C(O)C1CCC(OC2CCN(c3ccc(-c4nc5cc(Cl)ccc5[nH]4)cn3)CC2)CC1,1,train
7603070ffe0f8fe47b00aa402f6e36d95baa19e9,O=C(O)C1CCC(OC2CCN(c3ccc(-c4nc5cc(C(F)(F)F)ccc5[nH]4)cn3)CC2)CC1,1,train
95a638548b15481a59c988e6b0b69030d0940f1c,OC(c1ccccc1)(c1ccccc1)C1CCN(Cc2ccc(-c3ccccc3)cc2)CC1,1,train
efb64225b158c3f05904f0b718e93c0ccc569cb9,OC(c1ccccc1)(c1ccccc1)C1CCN(CCCOc2ccc(-c3ccccc3)cc2)CC1,1,test
8189bbff8644b8cc139ad4d2489a348bb94bfc28,N#C[C@@H]1C[C@H](F)CN1C(=O)C[C@H](N)Cc1cc(F)c(F)cc1F,0,test
78a56a64f0dc73548005af185564c2c4f8680e20,N#C[C@@H]1C[C@@H]2CCC[C@@H]2N1C(=O)C[C@H](N)Cc1cc(F)c(F)cc1F,0,train
1f137cfb04e2124e65a64cd620f56d9f4967dce4,CC(C)(C)C#Cc1cnc2c(c1)[C@]1(COC(=N)N1)c1cc(-c3cccnc3F)ccc1O2,1,train
0d6a069ff53683339933b6c383f11e8b889e6225,N#Cc1ccc(-c2cnc3c(c2)[C@]2(COC(=N)N2)c2cc(-c4cccnc4F)ccc2O3)cc1,1,train
fc001ca365d8acb88619a62bcde7baa0728afed5,Cc1ccc(-c2cnc3c(c2)[C@]2(COC(=N)N2)c2cc(-c4cccnc4F)ccc2O3)cc1,1,train
b2d9b8d691aa473abb3bc85270e1400c1dcc1b38,COC(C)(C)COc1cnc2c(c1)[C@]1(COC(=N)N1)c1cc(-c3cccnc3F)ccc1O2,1,train
495219700f9a240800e3efac856a7e19d90c8788,CC(C)(C)COc1ccc2c(c1)[C@]1(COC(=N)N1)c1cc(-c3cncnc3)cnc1O2,1,train
ba8eccf8b70c76476fd405b8cd912a04ddac771b,CC(C)(C)COc1cnc2c(c1)[C@]1(COC(=N)N1)c1cc(-c3cccnc3F)ccc1O2,1,train
3fd4d49e3d79c4e9ba73d7cb9c85a29dcbbab842,O=C(OCC1CCN(CC(O)CO)CC1)c1c2n(c3ccccc13)CCCO2,0,train
b45f92970e5302a2f2c6fffbf8c3afeb382ee03a,CC(C(=O)O)c1ccc(CN2CCC(COC(=O)c3c4n(c5ccccc35)CCCO4)CC2)cc1,0,train
9aaa465e3eff6219b625f394662fe48748ab969d,Clc1ccc(CN(C2CC2)C2CNC2)cc1Cl,1,train
d5cdb37ff220c446ba261f5ce36f0a2fa929c29f,Clc1cccc(CN(CC2CNC2)c2ccccc2)c1Cl,1,test
c57fb911d0de6e3342a9a2c1c33348a56b13ee84,CC(C)N(Cc1ccc(Cl)c(Cl)c1)CC1CNC1,1,train
d407e1a61d3a27f03f582107f808f13b5d386382,CS(=O)(=O)c1ccc(-n2cc(Cl)c(OC3CCN(c4ncc(Cl)cn4)CC3)cc2=O)c(F)c1,1,train
d0090fa333bd2cecc2eaae45bb30345ee8d70d2a,O=C1NC(=O)/C(=C\c2ccccc2OCc2nnc(-c3ccccc3)o2)S1,0,val
af582d2ce4160690c54587c2ba3e41eb90a169b4,O=C1NC(=O)/C(=C\c2ccccc2OCc2nnc(OCc3c(Cl)cccc3Cl)o2)S1,0,train
adfe3a4c7c32f59cc1ab340530e0bedf7b3d3a47,C[S+]([O-])c1ccc(-c2cnc3ccc(-c4cccc(S(C)(=O)=O)c4)nn23)cc1,1,train
433103db5cab0337e4091c360d739ac6b434ce1b,C[S+]([O-])c1ccc(-c2cnc3ccc(-c4cccc([S+](C)[O-])c4)nn23)cc1,0,train
b53924b9c4159865e1dd4716c53378020d882ccb,C[S+]([O-])c1ccc(-c2cnc3ccc(-c4cccc(S(=O)(=O)C5CC5)c4)nn23)cc1,1,train
a6f0d5fb9310662d50bab1e4e04129e7b9ad6345,CS(=O)(=O)c1ccc(-c2cnc3ccc(-c4cccc(S(=O)(=O)C5CC5)c4)nn23)cc1,1,train
a0ba57ec1b666d6f6caafecfcdcb6bc697b855d7,C[S+]([O-])c1cccc(-c2ccc3ncc(-c4ccc(S(C)(=O)=O)cc4)n3n2)c1,1,train
2ea0d813264503269ed6168b668ff79c36562e88,Cc1nn(C)c(C)c1N(C(F)F)S(=O)(=O)c1c(Cl)cc(CCCC2CCN(C)CC2)cc1Cl,1,train
ea825b9431675280de69bb5ba8ea8839463e195c,O=C(NOCCO)c1ccc2cncn2c1Nc1ccc(I)cc1F,1,test
e218aea2aa6ccf935fa5482f531510537de68874,O=C(NOCCO)c1ccn2cncc2c1Nc1ccc(I)cc1F,1,train
5857c7d102b4dbe4248719870e5147e58358e5ed,O=C(NOCCO)c1ncc2cncn2c1Nc1ccc(I)cc1F,1,train
64ec14eeb477382e0b4c0d3b55f66e1a83a2d36f,C[C@H](O)CONC(=O)c1ncc2cncn2c1Nc1ccc(I)cc1F,1,train
726353715a95e1b2b34579ec33cdb36f1fc27c3b,C[C@H](CO)CONC(=O)c1ncc2cncn2c1Nc1ccc(I)cc1F,0,train
eaf00157f44f85f2d0c330329704f55cbb2d1bf4,CC(C)[C@H](CC(=O)C1Cc2ccc(O)cc2CN1)CN1CC[C@@](C)(c2cccc(O)c2)[C@@H](C)C1,1,train
f4f93b7c1f5e4d57f51a7d203b908b05cc640d22,CC(C)[C@H](CC(=O)C1Cc2ccc(O)cc2CN1)CN1CC[C@@](C)(c2ccccc2)[C@@H](C)C1,1,train
1f20c89174ddafd33a3c43b2e6f16254f6092e5a,CC(C)[C@H](CC(=O)C1Cc2ccc(O)cc2CN1)CN1CC[C@@](C)(c2cccc(F)c2)[C@@H](C)C1,1,train
c25f88bc95c20f32f0ea4b33f7fd700026cde9fa,Cc1nc(-c2ccccc2)nc(OCCCN2CCCCC2)c1Cl,1,train
505c0830daddf2066c24697b5a26d37f85327633,Cc1nc(-c2ccccc2)nc(OCCCN2CCCC2)c1Cl,1,val
c1bf4f667f87751607b2106ca0d8fbc207f20ded,Cc1ccc(-c2nc(C)c(Cl)c(OCCCN3CCCCC3)n2)cc1,1,train
56e8773fb058d4b7dfc87f8e064ac25465bbd00e,Cc1nc(-c2ccc(C(F)(F)F)cc2)nc(OCCCN2CCCCC2)c1Cl,1,train
cbc016d62360a321da9d283760128a3a3307d67b,Cc1nc(-c2ccc(F)cc2)nc(OCCCN2CCCCC2)c1Cl,1,train
1fcf8335bae417e6aae5112c4c310d0f9c6f63aa,Cc1nc(-c2ccc(F)c(F)c2)nc(OCCCN2CCCCC2)c1Cl,1,train
b89f99e4f8cf831c01f616381e031da607c5219a,Cc1nc(-c2ccc(Cl)cc2)nc(OCCCN2CCCCC2)c1Cl,1,train
4dbd56c63a805e9499c3c8d4e27db60a0ec3dc8e,CC(C)n1ncc2c1C(=O)CC1(CCN(C(=O)c3cnc4cc[nH]c4c3)CC1)C2,0,train
756065c583bd8207ca6a3ab109d44a3a69811b25,CC(C)n1ncc2c1C(=O)CC1(CCN(C(=O)c3ccc4[nH]ncc4c3)CC1)C2,0,train
c8665c6cab0e2d795507d299b39bc8fe6b5f2b00,CC(C)(C)n1ncc2c1C(=O)CC1(CCN(C(=O)c3ccc4[nH]ncc4c3)CC1)C2,0,train
3f3424b63e13d7c9eb29097cd5d1e5fa6de608ed,CC(C)(C)n1cc2c(n1)C(=O)CC1(CCN(C(=O)c3ccc4[nH]ncc4c3)CC1)O2,0,test
e23a3ea974537f7c50533dbbe3c5e991e769a6c8,Fc1cccc(F)c1-c1ccc2[nH]nc(-c3cncc(O[C@H]4CNCCC45CC5)n3)c2c1,1,train
25c41576f7e59e6880810fd365cba12fd719a7fa,Fc1cccnc1-c1ccc2[nH]nc(-c3cncc(O[C@H]4CNCCC45CC5)n3)c2c1,1,train
a034e4e60578f56965483a272cdf93cf619fffbd,Oc1ccc(-c2ccc3[nH]nc(-c4cncc(O[C@H]5CNCCC56CC6)n4)c3c2)c(F)c1,1,train
ba37a4bfb72f23e1d4fe7f97b9a5a0972d57a567,NC(=O)c1ccc(-c2ccc3[nH]nc(-c4cncc(O[C@H]5CNCCC56CC6)n4)c3c2)c(F)c1,1,train
8cfd78b857bdbbc507986c64bf026e71ea21ecc5,CS(=O)(=O)c1ccc(-c2ccc3[nH]nc(-c4cncc(O[C@H]5CNCCC56CC6)n4)c3c2)c(F)c1,1,train
d3e655c75b165effac2e4af5708f31e5fe8c941d,CS(=O)(=O)Nc1ccc(-c2ccc3[nH]nc(-c4cncc(O[C@H]5CNCCC56CC6)n4)c3c2)c(F)c1,1,train
a761a87eabdf92c8c87fa28278c74342b44e63a3,COC(=O)NC(C(=O)N1C[C@@H](C)C[C@H]1c1nc(-c2ccc(-c3ccc(-c4cc5[nH]c([C@@H]6C[C@H](C)CN6C(=O)C(NC(=O)OC)C(C)C)nc5s4)s3)cc2)c[nH]1)C(C)C,0,val
daf6a2ba3b50ab33e2157482202a635b857b873a,N=C1N[C@@]2(CO1)c1cc(-c3cccnc3F)ccc1Oc1cnc(N3CC[C@@H](F)C3)cc12,1,train
f42b7e1c442da1fada4ba22ecf9d50a33208bee2,COc1ccc(CC(=O)N2CCC3(CC2)CN([C@@H]2CCc4cc(-c5cc(C)ncn5)ccc42)C3)c(C(N)=O)c1,0,train
5f30b962191598dace8a1c18215c25ffa7d01ea5,N=C1N[C@@]2(CO1)c1cc(-c3cccnc3F)ccc1Oc1c2cc(N2CCC(F)(F)CC2)nc1F,1,train
58e86b488261aa8653e639a85c4dd4917e05360d,N=C1N[C@@]2(CO1)c1cc(-c3cccnc3F)ccc1Oc1c2cc(N2CCC(F)(F)C2)nc1F,1,train
5ef5cf3889446d3c62786898893f4f71194d176f,COc1cc([C@H]2CCN(CCO)C[C@@H]2O)ccc1Nc1ncc2ccc(-c3ccccc3OC)n2n1,1,test
ac6ac8d6b653c64a8db80969fa185b4f6e334936,Cc1c(-c2ccc(F)cc2F)noc1-c1ccc2c(c1)CN(C(C)C)C2=O,1,test
41c8a673f9aad4830a38f3b30d9e8066b1053dd7,CC(C)N1Cc2cc(-c3cc(-c4ccc(Cl)nc4)no3)ccc2C1=O,0,train
c3d8ddc7944af00bf1b9b4ae5469ad90b9f7f84c,COc1ccc(-c2cc(-c3ccc4c(c3)CN(C(C)C)C4=O)on2)cn1,0,train
63f6936ea634cabe99e8e04144addd693d9ce2a2,CC(C)[C@]1(C)CC(=O)N(Cc2cc(F)cc(C(=O)N[C@@H](C)c3ccccc3)c2)C(N)=N1,1,train
8f35c24b4b007b1bfc1be4feadff50270404449d,c1ccc(C2CC3(N4CCCC4)CNCC2C(c2ccccc2)C3)cc1,1,train
2119cd8aca5fddd1f048f4614cc446db5687a85f,COCCCOc1cc(C(=O)N(C[C@@H]2CNC[C@H]2OC(=O)NCc2ccccc2)C(C)C)ccc1OC,0,test
e752f0dddfe2ebceda218135da4af8bf662e6895,O=C1COc2ccc(CNC34CCC(CC5Cn6c(=O)ccc7ncc(F)c5c76)(CC3)OC4)nc2N1,0,train
0a277b710b2c68e82dda6219cbd72f248d1b15df,O=C1COc2ccc(CNC34CCC(CC5(F)Cn6c(=O)ccc7ncc(F)c5c76)(CC3)OC4)nc2N1,0,train
1bfd66ff819f9c1070cde4800a3fe7f014121f4f,CO[C@@]1(CC23CCC(NCc4ccc5c(n4)NC(=O)CO5)(CC2)CO3)Cn2c(=O)ccc3ncc(F)c1c32,1,train
866ee1bed691a557dc3eed821664269997e83ff1,CO[C@]1(CC23CCC(NCc4ccc5c(n4)NC(=O)CO5)(CC2)CO3)Cn2c(=O)ccc3ncc(F)c1c32,0,train
3d72b49855770a751d3d3dd41166dd3bfec66f11,O=C1COc2ccc(CNC34CCC(C[C@]5(O)Cn6c(=O)ccc7ncc(Cl)c5c76)(CC3)OC4)nc2N1,0,train
24d4a0ac102572de9d7f13a276867b300416eaea,NC(=O)c1ccccc1OCCCN1CCN(c2cccc3c2ccn3S(=O)(=O)c2ccccc2)CC1,1,train
4e910a831e94a01fffd4426b729343d9bf5f7520,CNC(=O)[C@@]12C[C@@H]1[C@@H](n1cnc3c(NC)nc(C#Cc4ccc(F)c(F)c4)nc31)[C@H](O)[C@@H]2O,0,val
fe247aae553b1532f808d6d2141a6a608fee1519,CNC(=O)[C@@]12C[C@@H]1[C@@H](n1cnc3c(NC)nc(C#Cc4cccs4)nc31)[C@H](O)[C@@H]2O,0,train
dc593df3b5c85ffa1f0cdc4ea43bf622d0c71860,N#Cc1c(-c2ccccc2)cc(-c2ccccc2)nc1NC(=S)Nc1ccccc1,0,train
0558b2f3888898d92a33d7a8b26c1b201fd93d31,N#Cc1c(-c2ccccc2)cc(-c2ccccc2)nc1/N=c1\sc(-c2ccccc2)nn1-c1ccccc1,1,test
2e9cb3241cc382ea2d06912f0a07cd2498aa2c4b,CC(=O)c1nn(-c2ccccc2)/c(=N/c2nc(-c3ccccc3)cc(-c3ccccc3)c2C#N)s1,0,train
ab8bbccfa91b0f0b4f53ff2005f60289ab700320,CC(=O)c1nn(-c2ccc(C)cc2)/c(=N/c2nc(-c3ccccc3)cc(-c3ccccc3)c2C#N)s1,0,train
f52d728c7e767bbe70e424c07d16f6d7d7c936ae,COc1ccc(-n2nc(C(C)=O)s/c2=N\c2nc(-c3ccccc3)cc(-c3ccccc3)c2C#N)cc1,0,train
9bca6a8f3ad31c3100b94fc160315716103d09ff,CC(=O)c1nn(-c2ccc(Cl)cc2)/c(=N/c2nc(-c3ccccc3)cc(-c3ccccc3)c2C#N)s1,0,train
f0cd621941e4e3610d6e5f7d35f2870ede71d6f4,CCOC(=O)c1nn(-c2ccccc2)/c(=N/c2nc(-c3ccccc3)cc(-c3ccccc3)c2C#N)s1,0,train
e8392bc417a3f74d7d1e2ee74e053d1cbd95943b,CCOC(=O)c1nn(-c2ccc(C)cc2)/c(=N/c2nc(-c3ccccc3)cc(-c3ccccc3)c2C#N)s1,1,train
09da8ba2e5ed401cc280e9b02dd7d2b470b1e684,CCOC(=O)c1nn(-c2ccc(Cl)cc2)/c(=N/c2nc(-c3ccccc3)cc(-c3ccccc3)c2C#N)s1,1,train
8be36af23e494db610bf42394aaae2abd823f2fa,N#Cc1c(-c2ccccc2)cc(-c2ccccc2)nc1/N=c1\sc(C(=O)Nc2ccccc2)nn1-c1ccccc1,1,val
33939851da593fe34e437bab63e40bd1abf2ee85,N#Cc1c(-c2ccccc2)cc(-c2ccccc2)nc1/N=c1\scc(O)n1-c1ccccc1,0,val
e7a28ed1740966bbe1dc27531fc51c3a18ccb09e,N#Cc1c(-c2ccccc2)cc(-c2ccccc2)nc1/N=c1\scc(-c2ccccc2)n1-c1ccccc1,1,train
305119c023dacea31402987ff053da63bc7571d1,N#Cc1c(-c2ccccc2)cc(-c2ccccc2)nc1/N=C1\S/C(=C2\SC(c3ccccc3)=NN2c2ccccc2)C(=O)N1c1ccccc1,1,train
d11d41d99b0836bd338486b6bc7c8d505b70c5c1,CC(=O)C1=NN(c2ccccc2)/C(=C2/S/C(=N\c3nc(-c4ccccc4)cc(-c4ccccc4)c3C#N)N(c3ccccc3)C2=O)S1,1,train
1708306d43c907ef473b9f43ada7109608291e9b,CCOC(=O)C1=NN(c2ccccc2)/C(=C2/S/C(=N\c3nc(-c4ccccc4)cc(-c4ccccc4)c3C#N)N(c3ccccc3)C2=O)S1,1,train
009d3ffc5cac120987ada41ffdcb929116c6d912,N#Cc1c(-c2ccccc2)cc(-c2ccccc2)nc1/N=C1\S/C(=C2\SC(C(=O)Nc3ccccc3)=NN2c2ccccc2)C(=O)N1c1ccccc1,1,val
2146543bc6f592e97c5aa4b46a872e5a310fd826,CNC(=O)[C@@]12C[C@@H]1[C@@H](n1cnc3c(NC)nc(C#Cc4ccc(Cl)s4)nc31)[C@H](O)[C@@H]2O,0,train
8b39ada44506cf9b3d62bdcb60c4fd4df2164770,CNC(=O)[C@@]12C[C@@H]1[C@@H](n1cnc3c(NCc4cccc(Cl)c4)nc(C#Cc4ccc(F)c(F)c4)nc31)[C@H](O)[C@@H]2O,0,test
4ec091f32afe52b559f88b64a0b029548e2888c0,Cc1nc(C#Cc2ccnc(Cl)c2)c(C)n1-c1ccc(F)cc1,1,train
e7d870739b386343a56dcb4014c31572dbce9351,Cc1nc(C#Cc2ccnc(Cl)c2)c(C)n1-c1ccc(OC(F)(F)F)cc1,1,train
11f96c2a95a6ff893d1f72ce62419ff855765177,CCOc1nc(NC(=O)C2(NC(=O)c3ccc4c(C5CCCC5)c(-c5ccc(F)cn5)n(C)c4c3)CCC2)ccc1C=CC(=O)O,1,train
a948e6932a455708b6a73f87760137fa0825cb8e,CCOc1nc(NC(=O)C2(NC(=O)c3ccc4c(c3)c(C)c(-c3ccc(F)cn3)n4C3CCCCC3)CCC2)ccc1C=CC(=O)O,1,test
d3ccb761014a938ac423b5b2734c497f3f34335c,C[C@H](c1cc(C(=O)N(C)C)cc2c(=O)cc(N3CCOCC3)oc12)N(C)c1cc(F)cc(F)c1,0,test
8548380b7d0466cb5abd66416ec39907f796edf3,O=c1cc(-c2ccnc(NC3CCOCC3)n2)ccn1[C@H](CO)c1ccc(Cl)c(F)c1,0,train
f417a99bcd1bb22a84439ce0bd40f5dea247eb8d,Clc1ccc(-n2cc(NCCN3CCCCC3)nn2)cc1Cl,1,train
bdf7f86ec211d39a69e34c9e3c95dd4a987621fa,Clc1ccc(-n2cc(NCCN3CCCCC3)nn2)c(Cl)c1,1,train
85ac4c98bbe9814e87750613ece8eeecc8e3bfe9,Clc1ccc(-n2cc(NCCN3CCCCC3)nn2)cc1,1,train
1221778a8bf6a39a3b1ce32ac02b84a39417c116,Fc1cccc(-n2cc(NCCN3CCCCC3)nn2)c1,1,train
790d1875dbd0314b62fdf4bef7d47e8b26157328,Fc1ccc(-n2cc(NCCN3CCCCC3)nn2)cc1F,1,train
f6d8a17ccc8d984ab1f933e74284511769bc9dc0,Clc1ccc(Cn2cc(NCCN3CCCCC3)nn2)cc1Cl,1,train
258349bdc6ece0c21940f388223c79c535fc0a1b,Clc1ccc(Cn2cc(NCCN3CCCCCC3)nn2)cc1Cl,1,test
6e7f04a7b99c197f184809e574db5ae3af7b9f60,C[C@@H]1CCC[C@H](C)N1CCNc1cn(Cc2ccc(F)cc2)nn1,1,train
8c6b6a28da5ae2b5f002f352cc234e539092c9cd,COc1cccc2[nH]c(-c3nc(N[C@@H]4CCOC[C@@H]4N)cnc3C(N)=O)cc12,0,test
4fc5fadafa3df7eed0825963076e15a9577dcecf,Cc1cc(Nc2cc(N[C@@H]3CCCC[C@@H]3N)cnc2C(N)=O)nc(-n2nccn2)n1,0,val
a843e9dc974de805a6ace356b1dc821cfe7b720d,Cc1nc(Nc2cc(N[C@@H]3CCCC[C@@H]3N)cnc2C(N)=O)cc(OCC(C)(C)O)n1,0,val
67f00e15f840e721631c1bc406b853ee509c6daa,Cc1cc(C(C)(C)O)cc(Nc2cc(N[C@@H]3CCCC[C@@H]3N)cnc2C(N)=O)n1,1,train
12adc2a7997949e9d8883e017b9f6a9238fb5170,Cc1cc(CC(C)(C)O)cc(Nc2cc(N[C@@H]3CCCC[C@@H]3N)cnc2C(N)=O)n1,1,train
3d392c75915aab5174a49d073e7a815c00c58ebb,Cc1cc(Nc2cc(N[C@@H]3CCCC[C@@H]3N)cnc2C(N)=O)nc(C)c1-c1cnn(C)c1,1,val
1ada1f64d3802f599bd0e4fa31789116504bd840,COc1cc(C)nc(Nc2cc(N[C@@H]3CCCC[C@@H]3N)cnc2C(N)=O)c1,1,train
5fc6df426296aabbd9ac4311c59dfe547838c9f9,NC(=O)c1ncc(N[C@@H]2CCCC[C@@H]2N)cc1Nc1cccc(C(F)(F)F)n1,1,train
403ef8c6b12a2b7ad614982b08a19cb8f0166f31,Cc1cc(C)nc(Nc2cc(NC[C@@H](N)CCS(C)(=O)=O)cnc2C(N)=O)c1,0,train
18a1730996f48a26d908711170c4f68da76df6ea,Cc1cc(C)nc(Nc2cc(N[C@@H]3CS(=O)(=O)CC[C@@H]3N)cnc2C(N)=O)c1,0,test
ebe47dd615f310d84abb6f413e4ace9e85db9b27,COC[C@H](N)CNc1cnc(C(N)=O)c(Nc2cc(C)cc(C)n2)c1,1,train
7374cd9e85fbfd3e7d40a78038fbaa488fa444d3,Cc1cc(C)nc(Nc2cc(NCC3(N)CC3)cnc2C(N)=O)c1,1,test
9e440683f66269200112f4c7f323882c5c31c529,Cc1cc(C)nc(Nc2cc(NC[C@@H](N)CC(F)F)cnc2C(N)=O)c1,1,train
eb28d7b8b9a0dc925d464abc9369e47aa8df4d01,Cc1cc(C)nc(Nc2cc(N[C@@H]3CCCC[C@@H]3N)cnc2C(N)=O)c1,1,train
050a999eefb80e8540f019e046611b5d264df2ff,Cc1cc(C)nc(Nc2cc(NC[C@@H](N)C(F)(F)F)cnc2C(N)=O)c1,0,train
56498a6a13ae31762c368081207b8480ef7b7fa2,C[C@H](COc1ccc(C2=NNC(=O)C3CC23)cc1)CN1CCC[C@H]1C,1,train
afb5888487a5afeb2f1559ece584e154d6219cb6,NC(=O)c1nnc(N[C@@H]2CCCC[C@@H]2N)nc1Nc1cccc2[nH]ccc12,1,train
aa50acc3f1d6aaf9cfaa808d8ebb9b0eb1c51f43,NC(=O)c1nnc(N[C@@H]2CCCC[C@@H]2N)nc1Nc1cccc2cc[nH]c12,0,test
86e3b40081477297f391605bab45f20280923058,NC(=O)c1nnc(N[C@@H]2CCCC[C@@H]2N)nc1Nc1cccc(-n2nccn2)c1,1,val
03d247710a2fcc9d6e6e32417a15ea069d7ce1b3,NC(=O)c1ncc(N[C@@H]2CCCC[C@@H]2N)nc1Nc1cccc2cc[nH]c12,1,test
579fd3c389972b6f6cc813f5ccfce87a61f23d05,NC(=O)c1ncc(N[C@@H]2CCCC[C@@H]2N)nc1Nc1cccc(-n2nccn2)c1,1,test
d0af891cc0ea0ea9d9f771f2c4d76642eff8df5b,NC(=O)c1ccc(N[C@@H]2CCCC[C@@H]2N)nc1Nc1cccc(-n2nccn2)c1,1,train
aee1c166b3e4a82bc7dfc448892ebb4e51f54ece,NC[C@H]1C[C@@H]1c1cc(Cl)ccc1OCCF,1,train
fabd4b88ddb47dcc4d28c5af1375215c6e721212,C=C(F)COc1ccc(Cl)cc1[C@H]1C[C@@H]1CN,1,train
498ea8cb4a89e279a76fe06b745f2d63269e6cf0,C=CCOc1ccc(Cl)cc1[C@H]1C[C@@H]1CN,1,train
99298d20221c83f23cab01e6cf113a69196e7cb0,COc1ccc(Oc2ccc(S(=O)(=O)C3(C(O)=NO)CCC4(CCNCC4)C3)cc2)cc1,0,train
16f8c54564ac2e8d95d515429f943348b2c18c1d,O=S(=O)(c1ccc(Oc2ccc(OC(F)(F)F)cc2)cc1)C1(C(O)=NO)CCC2(CCNCC2)C1,0,train
e1ea513ed39f378b30b5b10cb44875a4c01b49e0,O=S(=O)(c1ccc(OCc2ccc(OC(F)(F)F)cc2)cc1)C1(C(O)=NO)CCC2(CCNCC2)C1,0,test
ca98a46c5f04dbdc80c67e1ddf4baf9eea6289e1,COc1ccc(C(=O)Oc2ccc(S(=O)(=O)C3(C(O)=NO)CCC4(CCNCC4)C3)cc2)cc1,0,train
2e9e3c776ee7ed68b5b10079a0cb79ebf575bcba,Cc1cccc(-c2nnc3n2CCN(C(=O)c2ccc(-c4cccs4)cc2)[C@@H]3C)n1,1,val
524f40b95515f6a0072730643352b33041f14298,Cc1cncc(-c2nnc3n2CCN(C(=O)c2ccc(-c4cccs4)cc2)[C@@H]3C)n1,1,val
1c9c45b6ff4b758675dc3be71a10531af13764ec,C[C@@H]1c2nnc(-c3csc(-c4ccc(F)cc4F)n3)n2CCN1C(=O)c1ccc(-c2cccs2)cc1,1,train
dfc06f7d6c11ec27e456fd6cc717e2f46a9b1e40,Cc1nc(-c2nnc3n2CCN(C(=O)c2ccc(-c4cccs4)cc2)[C@@H]3C)cs1,0,train
b96a278815b50fdf76813c36f47d56df260fb4b5,Cc1nc(-c2nnc3n2CCN(C(=O)c2ccc(-c4cccs4)cc2)C3)cs1,0,train
4b2f2c0c45ddde61304b75c91d7a1f32cdd281f3,CC(C)c1nc(-c2nnc3n2CCN(C(=O)c2ccc(-c4cccs4)cc2)[C@@H]3C)co1,1,train
8bda8b7b01083b419a9fc898f94666d299db0b26,Cc1csc(-c2nnc3n2CCN(C(=O)c2ccc(-c4cccs4)cc2)[C@@H]3C)n1,0,train
ac7beb21f23d9a4b4171fcd6acb33b273f24beea,Cc1noc(-c2nnc3n2CCN(C(=O)c2ccc(-c4cccs4)cc2)[C@@H]3C)n1,1,train
dfb7d4a0dccadbd531763df67e2592dcb7e01aa8,Cc1nsc(-c2nnc3n2CCN(C(=O)c2ccc(-c4cccs4)cc2)[C@@H]3C)n1,1,test
d4560c3f91c4683d126edff7788df431f2e8ee01,COc1ccc2ncc(Cl)c(CCC34CCC(NCc5ccc6c(n5)NC(=O)CO6)(CC3)CO4)c2n1,1,train
8af56fca9c9192e24f2894a68d2a5e8e427d22c3,COc1ccc2nccc(CCC34CCC(NCc5ccc6c(n5)NC(=O)CO6)(CC3)CO4)c2n1,1,train
a00249a80e2644ba72187030307963253a738dac,COc1ccc2ncc(C#N)c(CCC34CCC(NCc5ccc6c(n5)NC(=O)CO6)(CC3)CO4)c2n1,1,train
042daebdbbf12b13f0d47e849613a7db6e5699b8,COc1ccc2ncc(C(F)(F)F)c(CCC34CCC(NCc5ccc6c(n5)NC(=O)CO6)(CC3)CO4)c2n1,1,train
934f83ac98b017cdc12b3e2f4ee12ee19557cfb3,COc1ccc2ncc(C(F)F)c(CCC34CCC(NCc5ccc6c(n5)NC(=O)CO6)(CC3)CO4)c2n1,1,train
4c35400086df125d9a569eea8bec2db7bfe80793,COc1ccc2ncc(C)c(CCC34CCC(NCc5ccc6c(n5)NC(=O)CO6)(CC3)CO4)c2n1,1,train
47d6518ca212d0ec3aea7a7c789e37a47a0bacd5,COc1ccc2ncc(CO)c(CCC34CCC(NCc5ccc6c(n5)NC(=O)CO6)(CC3)CO4)c2n1,1,train
1a3efc10bd3c4b9fd5bfbadb29d81fa1491bede3,COc1ccc2ncc(S(C)(=O)=O)c(CCC34CCC(NCc5ccc6c(n5)NC(=O)CO6)(CC3)CO4)c2n1,1,train
5686668a19d8eb306c296d625ba06ab8b5acb2ef,COc1ccc2ncc(OC)c(CCC34CCC(NCc5ccc6c(n5)NC(=O)CO6)(CC3)CO4)c2n1,1,train
4efd78793c38cb229c14f90067863fda9cc1b524,COc1ccc2ncc(O)c(CCC34CCC(NCc5ccc6c(n5)NC(=O)CO6)(CC3)CO4)c2n1,1,train
140499539fbeca85d1bdc59eeaf520977ee2248e,O=C1COc2ccc(CNC34CCC(CCc5c(F)cnc6ccc(=O)[nH]c56)(CC3)OC4)nc2N1,1,val
b969643869526e3ee03d4d1af5fa2a9185e6d498,COC(=O)c1ccc2ncc(F)c(CCC34CCC(NCc5ccc6c(n5)NC(=O)CO6)(CC3)CO4)c2n1,1,train
e05c7e0b69e19195c7ae1a069831f0ff2bef4a2b,N#Cc1ccc2ncc(F)c(CCC34CCC(NCc5ccc6c(n5)NC(=O)CO6)(CC3)CO4)c2n1,1,train
58d953201deeaa8ccee0cc4b3f20a847d4057d7b,Nc1ccc2ncc(F)c(CCC34CCC(NCc5ccc6c(n5)NC(=O)CO6)(CC3)CO4)c2n1,1,train
905634519b9922574b7fd1997b14a929ab05c5e4,CN(C)c1ccc2ncc(F)c(CCC34CCC(NCc5ccc6c(n5)NC(=O)CO6)(CC3)CO4)c2n1,1,train
ac1655bb7307dda37207291f218caac7a032f55f,O=C1COc2ccc(CNC34CCC(CCc5c(F)cnc6ccc(N7CCOCC7)nc56)(CC3)OC4)nc2N1,1,train
ae42304f29979fdd9f8f181a1233098a075c9217,COc1cc2ncc(F)c(CCC34CCC(NCc5ccc6c(n5)NC(=O)CO6)(CC3)CO4)c2nc1OC,1,train
0812dc97589d4ed8de077590b522077ded7773e0,COc1nc2c(CCC34CCC(NCc5ccc6c(n5)NC(=O)CO6)(CC3)CO4)c(F)cnc2cc1F,1,train
87157e2465fecc0bb7311ff59c9a657649685e4f,COc1cc(C)c2ncc(F)c(CCC34CCC(NCc5ccc6c(n5)NC(=O)CO6)(CC3)CO4)c2n1,1,train
0e4192856f7c308c8be60d233f3a6d2a05e4d068,CCOc1cc(C)c2ncc(F)c(CCC34CCC(NCc5ccc6c(n5)NC(=O)CO6)(CC3)CO4)c2n1,1,train
edbd650bef33b6a73be16fc1841d1710f4ea3316,COc1nc2c(CCC34CCC(NCc5ccc6c(n5)NC(=O)CO6)(CC3)CO4)c(F)cnc2cc1C(F)(F)F,1,train
7a3003c100bbae3a230d0a63629821ef47eda8ba,Cc1cc(S(C)(=O)=O)nc2c(CCC34CCC(NCc5ccc6c(n5)NC(=O)CO6)(CC3)CO4)c(F)cnc12,1,train
520bbbc678780a221aaa65b18ded02ddae25430c,O=C1COc2ccc(CNC34CCC(CCc5c(F)cnc6cc(C(F)(F)F)cnc56)(CC3)OC4)nc2N1,1,train
ec537307923862392ca58299cf8a8cc6b029e91f,CN(C)c1cnc2c(CCC34CCC(NCc5ccc6c(n5)NC(=O)CO6)(CC3)CO4)c(F)cnc2c1,1,train
45fce03c9e2afb4c3af6fa2c7133043369c92df6,O=C1COc2ccc(CNC34CCC(CCc5c(F)cnc6cc(Cl)cnc56)(CC3)OC4)nc2N1,1,train
a5ed9bcbc62b334ef17627f6b773b162bddf4b3c,N#Cc1ccc2ncc(C#N)c(CCC34CCC(NCc5ccc6c(n5)NC(=O)CO6)(CC3)CO4)c2n1,1,train
6768ac9b4a775bf4d0dbefb3537ece0b0afbe638,COc1nc2c(CCC34CCC(NCc5ccc6c(n5)NC(=O)CO6)(CC3)CO4)ccnc2cc1Cl,1,train
ae3d4ab6f985a3d3b596c434e6269a6c6195997d,COc1cc2nccc(CCC34CCC(NCc5ccc6c(n5)NC(=O)CO6)(CC3)CO4)c2nc1OC,1,train
18f610b1d410d1bba5e718e90f996c5e8739de35,COc1nc2c(CCC34CCC(NCc5ccc6c(n5)NC(=O)CO6)(CC3)CO4)ccnc2cc1F,1,train
ccc67ff074115d6f4447abab9f5f1c73aae17f09,COc1nc2c(CCC34CCC(NCc5ccc6c(n5)NC(=O)CO6)(CC3)CO4)ccnc2cc1C#N,1,train
35e81573ce321f2b70c3982f7634ce92a93fc72b,COc1cc(C)c2nccc(CCC34CCC(NCc5ccc6c(n5)NC(=O)CO6)(CC3)CO4)c2n1,1,train
5472bd239dd16933b4d3b0b1b3055fbdfaf46e42,COc1cc(OC)c2nccc(CCC34CCC(NCc5ccc6c(n5)NC(=O)CO6)(CC3)CO4)c2n1,1,train
375c275b7f3880859b913e3ce15b85c3ac4590d8,COc1cc(CCC23CCC(NCc4ccc5c(n4)NC(=O)CO5)(CC2)CO3)c2nc(OC)ccc2n1,1,train
2213a8b82982d41567032714f0aa9762f97e3ae0,Cc1nc2c(CCC34CCC(NCc5ccc6c(n5)NC(=O)CO6)(CC3)CO4)ccnc2cc1C#N,1,train
7e243ed8cbe5371f0e609bf4a7df9d54e249a338,COc1cc2nccc(CCC34CCC(NCc5ccc6c(n5)NC(=O)CO6)(CC3)CO4)c2nc1C#N,1,train
6c142a91cc22e5f04d7ce7edde425fc3e8dc2026,COc1cc2nccc(CCC34CCC(NCc5ccc6c(n5)NC(=O)CO6)(CC3)CO4)c2nc1C(=O)O,1,train
024e63671b8a7e9104c8c85c4ba582e6c17456d7,Cc1cc(C#N)nc2c(CCC34CCC(NCc5ccc6c(n5)NC(=O)CO6)(CC3)CO4)ccnc12,1,train
7499959f5bb7158874a0b24301b3a07bd63a19f4,Cc1cc(S(C)(=O)=O)nc2c(CCC34CCC(NCc5ccc6c(n5)NC(=O)CO6)(CC3)CO4)ccnc12,1,train
e388eb881a8d3c99424db71d95cd7df5c8fda9b7,CN(C)c1nc2c(CCC34CCC(NCc5ccc6c(n5)NC(=O)CO6)(CC3)CO4)ccnc2cc1C(F)(F)F,1,train
d87fb3913aff043c402f7e47e89381dba3566a13,CN(C)c1nc2c(CCC34CCC(NCc5ccc6c(n5)NC(=O)CO6)(CC3)CO4)ccnc2cc1F,1,train
5bf7e542b6ab53b14b844e053d82a8a81f00e6fb,O=C1COc2ccc(CNC34CCC(CCc5ccnc6ccc(C(F)(F)F)nc56)(CC3)OC4)nc2N1,1,train
1d50427dc80c55cfe97f893fa8f1a0b4ff82b32d,O=C1COc2ccc(CNC34CCC(CCc5ccnc6cc(C(F)(F)F)cnc56)(CC3)OC4)nc2N1,1,train
c554f39c72fdc910a71db109de612a5639d8c607,COc1cnc2c(CCC34CCC(NCc5ccc6c(n5)NC(=O)CO6)(CC3)CO4)ccnc2c1,1,train
a25f62c031a28b2c58a3a2c8300a41c5d496180d,O=C1COc2ccc(CNC34CCC(CCc5ccnc6cc(Cl)cnc56)(CC3)OC4)nc2N1,1,train
3aab341dd1540ab3881d881d5ee9e6bd471b8a6f,O=C1COc2ccc(CNC34CCC(CCc5ccnc6cc(F)cnc56)(CC3)OC4)nc2N1,1,train
d73b318678639e08256ecf8e10fa6dfd0d0f53c1,CCOC(=O)c1c(OC)cnc2c(CCC34CCC(NCc5ccc6c(n5)NC(=O)CO6)(CC3)CO4)ccnc12,1,train
c9328aeb9737e848118368a15db99e8707fcf7a6,COc1ccc2ncc(C#N)c(CC(O)C34CCC(NCc5ccc6c(n5)NC(=O)CO6)(CC3)CO4)c2n1,1,train
01f963abc71a8becc950071a9015636c982591b8,N=C1N[C@@]2(c3ccc(F)cc3F)CO[C@@H](c3ncco3)C[C@H]2CS1,0,train
4cc47b91ce469773bcda7c16ed17e53d6e21328e,Cc1coc([C@H]2C[C@H]3CSC(=N)N[C@@]3(c3ccc(F)cc3F)CO2)n1,1,train
be6089e5248b144e5ca7d41f21a74868776d4a15,Cc1cc([C@H]2C[C@H]3CSC(=N)N[C@@]3(c3ccc(F)cc3F)CO2)on1,1,train
cba61f6fe76fa857752d157cfa4006d0a7842140,Cn1cc([C@H]2C[C@H]3CSC(=N)N[C@@]3(c3ccc(F)cc3F)CO2)cn1,1,train
9f4b13eff4e7e63ca38b21bfe7d335c33d434b5d,Cc1coc([C@H]2C[C@H]3[C@@H](C)SC(=N)N[C@@]3(c3ccc(F)cc3F)CO2)n1,1,train
c433d47bdbc1bc0714906e9425a5dc770234042d,Cc1cc([C@H]2C[C@H]3[C@@H](C)SC(=N)N[C@@]3(c3ccc(F)cc3F)CO2)on1,1,train
66eba7920582ff2dc233ae82e2338ce4d2167698,C[C@H]1SC(=N)N[C@@]2(c3ccc(F)cc3F)CO[C@@H](c3cnn(C)c3)C[C@@H]12,1,train
76eebd5af55028b619d90debc974a08e765eceb9,Cc1coc([C@H]2C[C@H]3[C@@H](CF)SC(=N)N[C@@]3(c3ccc(F)cc3F)CO2)n1,0,train
bb0fa611682a555c6e161f22176625f17e9fa4dd,Cc1cc([C@H]2C[C@H]3[C@@H](CF)SC(=N)N[C@@]3(c3ccc(F)cc3F)CO2)on1,0,train
ee62116879f08d8d6555d61e7518386a33862f3c,Cn1cc([C@H]2C[C@H]3[C@@H](CF)SC(=N)N[C@@]3(c3ccc(F)cc3F)CO2)cn1,0,train
8657de1aadbb86f4f896c7c0c1d9333813e5ba3c,O=C1COc2cc(Cl)c(CNC34CCC(C[C@]5(O)Cn6c(=O)ccc7ncc(F)c5c76)(CC3)OC4)nc2N1,0,train
930ae348797ad578a14e498274faed9ca780e1d1,O=C1COc2cnc(CNC34CCC(C[C@]5(O)Cn6c(=O)ccc7ncc(F)c5c76)(CC3)OC4)cc2N1,0,test
7e9585a15635164a76933fca4d8e77c7c9f7f828,O=c1ccc2ncc(F)c3c2n1C[C@@]3(O)CC12CCC(NCc3cc4c(cn3)OCCO4)(CC1)CO2,1,test
3bb85962724483f694d5fbec1d4d82034c9aa982,O=c1ccc2ncc(F)c3c2n1C[C@@]3(O)CC12CCC(NC/C=C/c3c(F)cccc3F)(CC1)CO2,1,train
4f4f25dc0e258b02ece509261c7bf48b6809a020,O=c1ccc2ncc(F)c3c2n1C[C@@]3(O)CC12CCC(NC/C=C/c3cc(F)ccc3F)(CC1)CO2,1,train
0a5fb9b55a5db1f2564bde68cc952cdcdf6fb8cb,O=c1ccc2ncc(F)c3c2n1C[C@@]3(O)CC12CCC(NC/C=C/c3ccc(F)cc3)(CC1)CO2,1,train
31366a4af29d15959cac9b440fa8c6bc8e8dd347,O=c1ccc2ncc(F)c3c2n1C[C@@]3(O)CC12CCC(NC/C(F)=C\c3cc(F)ccc3F)(CC1)CO2,1,train
334191e39701aa509716d23040e772b046d311a4,O=c1ccc2ncc(F)c3c2n1C[C@@]3(O)CC12CCC(NC/C(F)=C/c3cc(F)ccc3F)(CC1)CO2,1,train
75e8637619c2986c237d2f78ee2cf8d98e0d1b79,O=c1ccc2ncc(F)c3c2n1C[C@@]3(O)CC12CCC(NC/C=C/c3ccccc3)(CC1)CO2,1,train
6b063f78420eaaaa0cb27a0d4558bfa5e97e620d,O=c1ccc2ncc(F)c3c2n1C[C@@]3(O)CC12CCC(NC/C=C/c3ccccn3)(CC1)CO2,1,val
60db31e4c84ebaa9e68a5fe9048edaba55e2bf41,O=c1ccc2ncc(F)c3c2n1C[C@@]3(O)CC12CCC(NCCCc3cc(F)ccc3F)(CC1)CO2,1,val
c690eb7cc6b3211ab0f887fd100dfa0c69c8b1a5,O=c1ccc2ncc(F)c3c2n1C[C@@]3(O)CC12CCC(NCOc3cc(F)ccc3F)(CC1)CO2,1,val
240fe29b12999d527704c76b7a82da304a4f0e3d,O=c1ccc2ncc(F)c3c2n1C[C@@]3(O)CC12CCC(NCc3cc(-c4cccs4)on3)(CC1)CO2,1,train
4fe404ab7926c800e4f21cb6d958c10536eb67dc,O=C1CSc2ccc(CNC34CCC(C[C@]5(O)Cn6c(=O)ccc7ncc(F)c5c76)(CC3)OC4)nc2N1,0,train
08a66406f354ac64a89748f84c9abed751e33984,O=C1COc2cc(OC(=O)c3ccccc3)c(CNC34CCC(C[C@]5(O)Cn6c(=O)ccc7ncc(F)c5c76)(CC3)OC4)nc2N1,0,train
42b46379c28e27da482e561c75d48d5a250bd825,O=C1COc2cnc(CNC34CCC(C[C@]5(O)Cn6c(=O)ccc7ncc(F)c5c76)(CC3)OC4)nc2N1,0,train
90d554b25913f0680976ed8060564782d81428eb,O=C1COc2ccc(CNC34CCC(C[C@]5(O)Cn6c(=O)ccc7ncc(F)c5c76)(CC3)OC4)cc2N1,1,val
97428c79078b7dfa8f4cdb8c7f00beb5dc107339,O=c1ccc2ncc(F)c3c2n1C[C@@]3(O)CC12CCC(NCc3ccc4c(c3)OCCO4)(CC1)CO2,0,train
5e887779f1ce18f91dc65a16ee24eb9c329d28b0,O=c1ccc2ncc(F)c3c2n1C[C@@]3(O)CC12CCC(NCc3c(Cl)cc4c(c3Cl)OCCO4)(CC1)CO2,0,train
653fbad6042d922aefa635847f1ed37124786ac5,O=c1ccc2ncc(F)c3c2n1C[C@@]3(O)CC12CCC(NCc3cc4c(c(Cl)c3Cl)OCCO4)(CC1)CO2,0,train
baeb21acb66aba45878174cbf1c893a87408ea99,CN1CCN(C)c2nc(CNC34CCC(C[C@]5(O)Cn6c(=O)ccc7ncc(F)c5c76)(CC3)OC4)ccc21,0,val
74b0d23bdd6f218eef9e3ae3340610af12280188,O=c1ccc2ncc(F)c3c2n1C[C@@]3(O)CC12CCC(NCc3ccc4c(c3)OC(F)(F)O4)(CC1)CO2,0,val
46893ce18900979f1dc9a94ce57ec37bbed25455,O=c1ccc2ncc(F)c3c2n1C[C@@]3(O)CC12CCC(NCc3cc4c(cn3)OCS4)(CC1)CO2,0,test
e63053af09ebf0888afd5abd572891e2e7924a8e,CCC[C@@H]1C[C@H](N(C)C(C)C)CC[C@@H]1NC(=O)CNC(=O)c1cccc(C(F)(F)F)c1,0,train
3fb5094d9ff193802cdc3bd4f2c9ec96283f036c,CCCC[C@@H]1C[C@H](N(C)C(C)C)CC[C@@H]1NC(=O)CNC(=O)c1cccc(C(F)(F)F)c1,1,train
43d1a63150437ae8176cf70c3e64691f21265a65,CC(C)CC[C@@H]1C[C@H](N(C)C(C)C)CC[C@@H]1NC(=O)CNC(=O)c1cccc(C(F)(F)F)c1,1,train
84b88f497d080210f8fde69eb0bddeadec19d359,CC(C)N(C)[C@@H]1CC[C@H](NC(=O)CNC(=O)c2cccc(C(F)(F)F)c2)[C@H](CCc2ccccc2)C1,1,test
94ad28d3b335a1118bc326e67e8e9654bf2b7bdb,CC(C)N(C)[C@@H]1CC[C@H](NC(=O)CNC(=O)c2cccc(C(F)(F)F)c2)[C@H](COc2ccccc2)C1,1,val
df2240e786132bfff7cb97d393d8f952aa24456b,CCC[C@@H]1C[C@H](N(C)C(C)C)CC[C@@H]1N1CCC(NC(=O)c2cc(C(F)(F)F)ccc2NC(=O)NCC)C1=O,0,train
811577c3f323b741d19223442f53af454b6ccaec,CCC[C@@H]1C[C@H](N(C)C(C)C)CC[C@@H]1N1CCC(Nc2ncnc3ccc(C(F)(F)F)cc23)C1=O,1,train
7d52bf75e0f412e27f8a1dc504790bb502dbcee5,CNC(=O)c1ccc(-c2cc(F)c3ncc(Cc4ccc5ncccc5c4)n3c2)cc1F,0,train
c57644ea6bf99024d582be17b01c07f7ac2d0ec1,Cn1cc([C@@]2(c3ccc(C(=O)O)cn3)N[C@@H](c3nc(-c4ccc(F)cc4)c[nH]3)Cc3c2[nH]c2ccccc32)cn1,0,train
9cac074f780b5d607e034fd9dca392410690b9dd,Fc1ccc(-c2c[nH]c([C@H]3Cc4c([nH]c5ccccc45)CN3)n2)cc1,1,train
0b84cb968d3c4a6c9b547c411bf037feeb4a4f61,Fc1ccc(-c2c[nH]c([C@@H]3CCc4[nH]c5ccccc5c4C3)n2)cc1,1,val
ddac063ef38ca0f9b3e832a1266810fbbd0ace07,c1ccc(-c2c[nH]c([C@H]3Cc4c([nH]c5ccccc45)C(C4CCCCC4)O3)n2)cc1,1,val
a9af0631f74838107a8f6ad2c223b07bcf32a6d0,CC1(c2ccccc2)N[C@@H](c2nc(-c3ccc(F)cc3)c[nH]2)Cc2c1[nH]c1ccccc21,1,train
9858d01f62858b8251f1f6cd81cfdf30632b0b12,Fc1ccc(-c2c[nH]c([C@H]3Cc4c([nH]c5ccccc45)C(c4ccccc4)(C(F)(F)F)N3)n2)cc1,1,train
db3e95f87c165bc5827ad30b9f880d218a4f74ab,c1ccc(-c2c[nH]c([C@H]3Cc4c([nH]c5ccccc45)C(C4CCCCC4)N3)n2)nc1,1,train
772ccd8d6c2ccb8fb46ee68de54de7587d53831c,c1cncc(-c2c[nH]c([C@H]3Cc4c([nH]c5ccccc45)C(C4CCCCC4)N3)n2)c1,1,train
327c741c9634c8a296dc521e3b8e7c39ceade73a,c1ccc2c3c([nH]c2c1)C(C1CCCCC1)N[C@@H](c1nc(-c2ccncc2)c[nH]1)C3,1,val
0b62ec607831fc21c606e17e2b39f81d33f74627,c1ccc2c3c([nH]c2c1)C(C1CCCCC1)N[C@@H](c1nc(-c2cnccn2)c[nH]1)C3,1,val
8f82ecf59c641761d8caba56f3d7d5e9df940107,Fc1ccc(-c2c[nH]c([C@H]3Cc4c([nH]c5ccccc45)C(C4CCCCC4)N3)n2)nc1,1,train
3cb51bdedc85e8822f2454e6ae21b543a7c0976d,Cc1nc([C@]2(c3cnn(C)c3)N[C@@H](c3nc(-c4ccc(F)cn4)c[nH]3)Cc3c2[nH]c2ccccc32)no1,1,train
fa851dcd49bde8d6105143909a65f3c11caed888,CCn1cc([C@@]2(c3nn(C)c(=O)o3)N[C@@H](c3nc(-c4ccc(F)cn4)c[nH]3)Cc3c2[nH]c2ccccc32)cn1,0,train
edd21c5cc28868e38f9b97b879fa94d017b3a6a4,Cc1nc([C@]2(c3cn[nH]c3)N[C@@H](c3nc(-c4ccc(F)cn4)c[nH]3)Cc3c2[nH]c2ccccc32)no1,1,train
7348787df326922af91e2e04475849ca986935db,CCn1cc([C@@]2(c3noc(C)n3)N[C@@H](c3nc(-c4ccc(F)cn4)c[nH]3)Cc3c2[nH]c2ccccc32)cn1,1,train
4a3d092ced0d22f88e47562dfaedeca336a000dc,CCc1nc([C@]2(c3cnn(C)c3)N[C@@H](c3nc(-c4ccc(F)cn4)c[nH]3)Cc3c2[nH]c2ccccc32)no1,1,train
b7e93046e21fb5133e27951310569535522183bc,Cc1nc([C@]2(c3cnn(CC4CC4)c3)N[C@@H](c3nc(-c4ccc(F)cn4)c[nH]3)Cc3c2[nH]c2ccccc32)no1,1,train
30939ed5fb2a67b7bbc87f40fb24ab947bdad30e,Cn1cc([C@@]2(c3nc(=O)o[nH]3)N[C@@H](c3nc(-c4ccc(F)cn4)c[nH]3)Cc3c2[nH]c2ccccc32)cn1,1,train
c8dfbd5d26b648e2cdcca27c8be94f448465c180,Cn1cc([C@@]2(c3noc(CN)n3)N[C@@H](c3nc(-c4ccc(F)cn4)c[nH]3)Cc3c2[nH]c2ccccc32)cn1,1,train
66167600b760e5e8ebc61edecb52a77646f543f7,Cc1nnc([C@]2(c3cnn(C)c3)N[C@@H](c3nc(-c4ccc(F)cn4)c[nH]3)Cc3c2[nH]c2ccccc32)o1,1,train
325dd8a5fe9648c07a32799cf75bbcd45c5f5b42,CCc1nnc([C@]2(c3cnn(C)c3)N[C@@H](c3nc(-c4ccc(F)cn4)c[nH]3)Cc3c2[nH]c2ccccc32)o1,1,train
d5ed2bbed9b3f41d60675fc2d1f67251675e0a00,CCn1cc([C@@]2(c3nnc(C)o3)N[C@@H](c3nc(-c4ccc(F)cn4)c[nH]3)Cc3c2[nH]c2ccccc32)cn1,1,train
5d707ee7d2e2ab145a7140359f055d86210e5c07,CCn1cc([C@@]2(c3n[nH]c(=O)o3)N[C@@H](c3nc(-c4ccc(F)cn4)c[nH]3)Cc3c2[nH]c2ccccc32)cn1,0,train
e39a2037a588defc846e593d674b54088e0c1b18,CCn1cc([C@@]2(c3n[nH]c(=S)o3)N[C@@H](c3nc(-c4ccc(F)cn4)c[nH]3)Cc3c2[nH]c2ccccc32)cn1,0,val
880dec0f9f2a70f238bc49048cf991a0ab34cf7d,CCn1cc([C@@]2(c3nnc(SC)o3)N[C@@H](c3nc(-c4ccc(F)cn4)c[nH]3)Cc3c2[nH]c2ccccc32)cn1,1,train
d9a23a6afdf2afa59ec2118e9d5fe8099535b24d,Cn1cc([C@@]2(c3nnc(N)o3)N[C@@H](c3nc(-c4ccc(F)cn4)c[nH]3)Cc3c2[nH]c2ccccc32)cn1,0,train
523f347d5226166e8dac332cf61ef0140130b016,CCn1cc([C@@]2(c3nnc(NC)o3)N[C@@H](c3nc(-c4ccc(F)cn4)c[nH]3)Cc3c2[nH]c2ccccc32)cn1,1,train
8e55bb7fe526ee94481ab52d9c02431ced1e19ed,CCn1cc([C@@]2(c3nnc(N(C)C)o3)N[C@@H](c3nc(-c4ccc(F)cn4)c[nH]3)Cc3c2[nH]c2ccccc32)cn1,1,train
bbb89d2a90dc17ca99610d8b4393e81fd151f7ee,Cn1nc([C@]2(c3cn[nH]c3)N[C@@H](c3nc(-c4ccc(F)cn4)c[nH]3)Cc3c2[nH]c2ccccc32)oc1=O,0,train
92b584ccb3d0a813941fc743133ead1a0566055c,Cn1cc([C@@]2(c3nn(C)c(=O)o3)N[C@@H](c3nc(-c4ccc(F)cn4)c[nH]3)Cc3c2[nH]c2ccccc32)cn1,0,train
74c6bcb0820eb8d192f36bba44c6a61824830a48,CCn1nc([C@]2(c3cnn(C)c3)N[C@@H](c3nc(-c4ccc(F)cn4)c[nH]3)Cc3c2[nH]c2ccccc32)oc1=O,0,train
43752a5bf705c128e70e1f5c8f88bc1c11be6bc9,CC(C)n1nc([C@]2(c3cnn(C)c3)N[C@@H](c3nc(-c4ccc(F)cn4)c[nH]3)Cc3c2[nH]c2ccccc32)oc1=O,0,train
35cc1db048610f3877544d6365bb6d65533576d9,CCn1cc(C2(c3nn(C)c(=O)o3)N[C@@H](c3nc(-c4ccc(F)cn4)c[nH]3)Cc3c2[nH]c2ccccc32)cn1,0,train
1af401866f49f58b55e199b23517297dbdbe7910,CCn1cc(C2(c3nn(C)c(=O)o3)NC(c3nc(-c4ccc(F)cn4)c[nH]3)Cc3c2[nH]c2ccccc32)cn1,0,train
51f92df3467a531e3639e5eda8f57627c3983f40,CCn1cc([C@@]2(c3nn(CC)c(=O)o3)N[C@@H](c3nc(-c4ccc(F)cn4)c[nH]3)Cc3c2[nH]c2ccccc32)cn1,1,train
9539fcb771c1f849b0e9d038bd3c06a9e24555b6,CCn1cc([C@@]2(c3nn(C(C)C)c(=O)o3)N[C@@H](c3nc(-c4ccc(F)cn4)c[nH]3)Cc3c2[nH]c2ccccc32)cn1,1,train
da49bf42890bc845c6a4720d56b892e943ccd19f,CCn1cc([C@@]2(c3nn(CC4CC4)c(=O)o3)N[C@@H](c3nc(-c4ccc(F)cn4)c[nH]3)Cc3c2[nH]c2ccccc32)cn1,1,val
e4f0bc5020ecaa4f99a4d6ae1609f0b1975bccb9,CCn1cc([C@@]2(c3nn(CCN(C)C)c(=O)o3)N[C@@H](c3nc(-c4ccc(F)cn4)c[nH]3)Cc3c2[nH]c2ccccc32)cn1,1,train
1ac334bc4341d593436874050592d4e66502326e,CCn1cc([C@@]2(c3nn(CC(=O)O)c(=O)o3)N[C@@H](c3nc(-c4ccc(F)cn4)c[nH]3)Cc3c2[nH]c2ccccc32)cn1,0,train
e4a517db9c5a1fc6de01d2ed1830cdf680aca743,CCn1cc([C@@]2(c3nn(CC(N)=O)c(=O)o3)N[C@@H](c3nc(-c4ccc(F)cn4)c[nH]3)Cc3c2[nH]c2ccccc32)cn1,0,train
5bb4536219de207db5fc8415ffc0f6236e3659bd,Cc1cn(-c2ccc3n(c2=O)CCN([C@@H](C)COc2ccc(F)cc2[C@@H](C)C(F)(F)F)C3=O)cn1,1,test
53c4e17324fe32221fdf27d988355542d648c0f4,O=C(NCCCNc1nc2ccccc2[nH]1)c1ccnc(C(F)(F)F)c1,0,train
fe7ffbcefb966df5527d8983f17b2aabae4012e3,O=C(NCCCNc1nc2ccccc2[nH]1)c1cc(Cl)cc(Cl)c1,1,test
820b1e18bc684752ab80cc4b3fd19e54502ddea0,Cc1cc(C)nc(N2C[C@H]3CN(C(=O)c4cccc(F)c4-n4nccn4)C[C@H]3C2)n1,1,train
9117373a366ddf1e2c8e1276cc33ac8ecf5ace1e,Cc1cc(C)nc(N2C[C@H]3CN(C(=O)c4c(C)cccc4-n4nccn4)C[C@H]3C2)n1,1,train
0f36e3d748c536ee8d30c8ec0924cfe81c68186d,COc1ccc(-n2nccn2)c(C(=O)N2C[C@@H]3CN(c4nc(C)cc(C)n4)C[C@@H]3C2)c1,1,train
2833e0a5c1d22f1459d7b640a2072baacdf0ae71,Cc1ncc(OC[C@@]2(c3ccccc3)CC2C(=O)Nc2ccc(F)cn2)c(C)n1,1,train
1887fe9af03de875386793a8ed0d5b45f4c9c159,Cc1ncc(OC[C@@]2(c3ccccc3F)CC2C(=O)Nc2ccc(F)cn2)c(C)n1,1,train
e05317c725659ee1149dad3e18ab14680ba04fb3,Cc1ncc(OC[C@@]2(c3cccc(F)c3)CC2C(=O)Nc2ccc(F)cn2)c(C)n1,1,train
7ecb8d7f6f51d161714f0ac3eb438d15de7db43e,Cc1ncc(OC[C@@]2(c3ccc(F)cc3)CC2C(=O)Nc2ccc(F)cn2)c(C)n1,1,train
f678d645e3b13730d586baf6f59e2270a8ca7506,Cc1ncc(OC[C@@]2(c3cc(F)cc(F)c3)CC2C(=O)Nc2ccc(F)cn2)c(C)n1,1,train
984f5e839de808cd39ddfbc9d85d0a3105f23d98,Cc1ncc(OC[C@@]2(c3ccc(F)c(F)c3)CC2C(=O)Nc2ccc(F)cn2)c(C)n1,1,train
27e896725ccbac05f48f50cb4f419896e88f8e5b,CO[C@H]1CC[C@H](N2C(=O)CNc3ncc(-c4ccc(C(C)(C)O)nc4)nc32)CC1,0,val
61e7503cb1a73d7355b4c7f1f24d1547ac3f85c4,CNC(=O)c1ccc(-c2cc(Cl)cc(Cl)c2Cl)c(N)n1,0,train
593594753d37ca778f4484575b86057077d2f65e,O=C(NCC[C@@H](O)CN1CCN(c2cccc(Cl)c2Cl)CC1)c1cc2ccccc2[nH]1,1,train
401023b28aa5ce87a3aa68dd8695c2b2896783fa,C[C@H]1CN(c2ccc(C#N)cn2)CC[C@H]1Nc1c(C(N)=O)cnc2[nH]ccc12,0,train
815e8bf9e422a6374c6b459b78a1a779eb9b1a11,N#Cc1ccc(N2CCC(Nc3c(C(N)=O)cnc4[nH]ccc34)CC2)nc1,0,train
5fa4383837fd248ddd86a48708a2b5761a4fb871,COc1cccc(N2CCN(Cc3nc4c5cccc(OC)c5nc(N)n4n3)[C@H](C)C2)c1,0,train
60ac556aa9791c20c488c0f1099bd628cb53a5d3,COc1ccccc1N1CCN(Cc2nc3c4cccc(OC)c4nc(N)n3n2)[C@H](C)C1,0,train
535d2b01a2a3cb3b275697911b3808c5ba476088,COc1cccc2c1nc(N)n1nc(CN3CCN(c4ccncc4)C[C@H]3C)nc21,1,test
86b9ae41845b84e9743508e31dd715e54e57d882,COc1cccc2c1nc(N)n1nc(CN3CCN(c4cccnc4)C[C@H]3C)nc21,0,train
eafb4810f41081a3d9ba4bf3fe984a38461f7dbb,COc1cccc2c1nc(N)n1nc(CN3CCN(c4ccccn4)C[C@H]3C)nc21,0,train
dcbe621fa55fc4259246a2405e991fe3a40766ed,COc1cccc2c1nc(N)n1nc(CN3CCN(c4ccccc4)C[C@H]3C)nc21,0,train
e51ef5dc1b472f1f7dc81796e91f101ec86453ed,COc1cccc2c1nc(N)n1nc(CN3CCN(c4ccc(F)cn4)C[C@H]3C)nc21,0,train
a5cb0247a140b81b77f82253ed881d0c145a4746,COc1cccc2c1nc(N)n1nc(CN3CCN(c4cccc(F)c4)C[C@H]3C)nc21,0,train
7a6d5bdad03cddc79f36dc104930ca2cf18733d7,COc1cccc2c1nc(N)n1nc(CN3CCN(c4ccccc4F)C[C@H]3C)nc21,0,train
ff4ac633d2f32aaee9b1d50b3c862ef2b0a82de3,COc1cccc2c1nc(N)n1nc(CN3CCN(c4ccc(F)cc4)C[C@H]3C)nc21,1,train
bb7a68269c25ff4567b3dbdc27e758ee47849b23,COc1ccc(N2CCN(Cc3nc4c5cccc(OC)c5nc(N)n4n3)[C@H](C)C2)cc1,0,train
f6e84baf98f89384be31dfc9e1d4787179de9d86,COc1cccc2c1nc(N)n1nc(CN3CCN(c4ncc(C)s4)C[C@H]3C)nc21,0,train
7da58aca1761b03b58a18a9a3ed34d65c569af57,COc1cccc2c1nc(N)n1nc(CN3CCN(c4cnc(C)s4)C[C@H]3C)nc21,0,test
53296f204b321a956110c6986ecf429c08341054,COc1cccc2c1nc(N)n1nc(CN3CCN(c4nsnc4Cl)C[C@H]3C)nc21,0,val
94443a7d8ec8fd94f92a8f42b66e2d10d72fedee,CCn1cc(N2CCN(Cc3nc4c5cccc(OC)c5nc(N)n4n3)[C@H](C)C2)cn1,0,train
9400d18ce6bdb417366599eaa0248ef8601fd189,COc1cc2c(cc1OC(C)C)[C@H](c1ccc(Cl)cc1)N(c1ccc(N(C)C[C@H]3CC[C@H](N4CCNC(=O)C4)CC3)cc1)C(=O)C2,0,test
8bf6de6391c3bb63870cd4561f6d8328979c77a4,CC[C@@H](C)Oc1cc2c(cc1OC)CC(=O)N(c1ccc(N(C)C[C@H]3CC[C@H](N(C)C)CC3)cc1)[C@H]2c1ccc(Cl)cc1,1,train
d04695f0489910084d66c89ead7772910b0caf8b,COc1ccc(COc2cnn(CC(=O)c3ccc(CN(C)C)cc3C)c(=O)c2)nc1,0,val
a27d3b8f7b981466ee36f0f2f3c51252f0a670d7,COc1ccc2ncc(F)c(CCC34CCC(NCc5nc6c(cc5Cl)OCC(=O)N6)(CC3)CO4)c2n1,1,train
5156738f798039f02fd13f0560163b82dba82be8,COc1ccc2ncc(F)c(CCC34CCC(NCc5nc6c(cc5F)OCC(=O)N6)(CC3)CO4)c2n1,1,train
437aad0b1d1d518f14d2642b2547657c19762bfd,COc1ccc2ncc(F)c(CCC34CCC(NCc5nc6c(cc5C)OCC(=O)N6)(CC3)CO4)c2n1,1,train
2db37c21bef36cb0bc4906fa6fde37ce37dc3782,COc1ccc2ncc(F)c(CCC34CCC(NCc5cc(C)c6c(n5)NC(=O)CO6)(CC3)CO4)c2n1,1,train
bc56b2f0c3b5b42e4e2a73ee2844c2586281cd84,COc1ccc2ncc(F)c(CCC34CCC(NCc5nc6c(c(C)c5C)OCC(=O)N6)(CC3)CO4)c2n1,1,train
bb6f768e87203245a47621073c0cf469e6be42bf,CCc1c(CNC23CCC(CCc4c(F)cnc5ccc(OC)nc45)(CC2)OC3)nc2c(c1C)OCC(=O)N2,1,train
e3c45fa5553c08169eacaaa4548eca5f1a3e7dc1,COc1ccc2ncc(F)c(CCC34CCC(NCc5nc6c(c(C)c5C(C)C)OCC(=O)N6)(CC3)CO4)c2n1,1,train
408ae9b218f5357c198eb4771f235889452fdac5,CC=c1c(CNC23CCC(CCc4c(F)cnc5ccc(OC)nc45)(CC2)OC3)nc2c(c1C)OCC(=O)N=2,1,train
3d75271602229ae64c86ec94b9bdc8019abc86f1,COc1ccc2ncc(F)c(CCC34CCC(NCc5nc6c(c(C)c5F)OCC(=O)N6)(CC3)CO4)c2n1,1,train
2b4a46debeaa7ad8cfabd28816413f18fee4ae9f,COc1ccc2ncc(F)c(CCC34CCC(NCc5ccc6c(n5)NC(=O)C(C)O6)(CC3)CO4)c2n1,1,train
8320b2d0d5fbd85e8e2064342c6433f5f7a88604,COc1ccc2ncc(F)c(CCC34CCC(NCc5ccc6c(n5)NC(=O)C(C)(C)O6)(CC3)CO4)c2n1,1,train
3529ec8a4d3923a67c7829ecac919f5bb1c5aad4,CCOC(=O)C1(C)Oc2ccc(CNC34CCC(CCc5c(F)cnc6ccc(OC)nc56)(CC3)OC4)nc2NC1=O,1,train
33328b57802675976dfbda7417996526dae2f055,COc1ccc2ncc(F)c(CCC34CCC(NCc5ccc6c(n5)N(C)C(=O)CO6)(CC3)CO4)c2n1,1,train
14ecfb6cce1060dbf8db5272be74656d50f8fd16,COc1ccc2ncc(F)c(CCC34CCC(N(C)Cc5ccc6c(n5)NC(=O)CO6)(CC3)CO4)c2n1,1,train
77ef69d02f12f7d752b4e154477cfd47b4712970,COC(=O)N(Cc1ccc2c(n1)NC(=O)CO2)C12CCC(CCc3c(F)cnc4ccc(OC)nc34)(CC1)OC2,1,train
31045447916d7fc5f79a04b903a3795bbb5e3fca,COc1ccc2ncc(F)c(C[C@H](O)C3CCC(NCc4nc5c(cc4F)OCC(=O)N5)CO3)c2n1,1,train
0d1d508a7bc89414dc6359f929e8393e86104d3b,Cc1cc(NCc2c(Cl)ccc(Cl)c2Cl)c2cccc(C(N)=O)c2n1,1,train
90b3b3c96e18a82788afb1d61dce8615e554ba42,Cc1cc(NCc2c(F)cccc2C(F)(F)F)c2cccc(C(N)=O)c2n1,1,train
fa6fa59ee520cd156331d281a314c52c9a6f349f,Cc1cc(NCc2c(C)cccc2C)c2cccc(C(N)=O)c2n1,1,train
52b495716e58430e37154eb79c34c326cec33b96,CCOc1ccc2ncc(F)c(CCC34CCC(NCc5ccc6c(n5)NC(=O)CO6)(CC3)CO4)c2n1,1,train
b45fc093fc35131699c87805da1c502f6bb39a13,CC(C)CCOc1ccc2ncc(F)c(CCC34CCC(NCc5ccc6c(n5)NC(=O)CO6)(CC3)CO4)c2n1,1,train
9b241cd27b5edef841cb180cb4da8d21c45c239b,O=C1COc2ccc(CNC34CCC(CCc5c(F)cnc6ccc(OC7CCC7)nc56)(CC3)OC4)nc2N1,1,val
1e70603a5274445a1694c6df591d8fde5504203b,O=C1COc2ccc(CNC34CCC(CCc5c(F)cnc6ccc(OCC(F)(F)F)nc56)(CC3)OC4)nc2N1,1,train
6b2ebe7901f97cae67981b34167680361b83ec5e,O=C1COc2ccc(CNC34CCC(CCc5c(F)cnc6ccc(OC(F)F)nc56)(CC3)OC4)nc2N1,1,train
1f7e4d1ee6cd5029b6e28f21299b3c60a12630c5,COCCOc1ccc2ncc(F)c(CCC34CCC(NCc5ccc6c(n5)NC(=O)CO6)(CC3)CO4)c2n1,0,train
2a923912a9a20e3288f36a06569452364fdfb5b7,O=C1COc2ccc(CNC34CCC(CCc5c(F)cnc6ccc(OCCO)nc56)(CC3)OC4)nc2N1,1,train
38a6bf3a04d78f3ef42091d848a1abef2358f6cf,O=C1COc2ccc(CNC34CCC(CCc5c(F)cnc6ccc(OCCCO)nc56)(CC3)OC4)nc2N1,1,train
fe5972c6dbfe61e5ea981982f6a721e99f6dcb51,O=C1COc2ccc(CNC34CCC(CCc5c(F)cnc6ccc(OCCCCO)nc56)(CC3)OC4)nc2N1,1,train
b02260e4b9312fb68815a9a58b74d2af71f6ae8f,O=C1COc2ccc(CNC34CCC(CCc5c(F)cnc6ccc(OCCCCCO)nc56)(CC3)OC4)nc2N1,1,train
61fa67f2447c83c251444ef9ad30a5ba9d2bf198,CC(C)(O)CCOc1ccc2ncc(F)c(CCC34CCC(NCc5ccc6c(n5)NC(=O)CO6)(CC3)CO4)c2n1,1,train
55f2c0c6049d399c4f06b361d9d157cbdeda65bb,O=C1COc2ccc(CNC34CCC(CCc5c(F)cnc6ccc(OCC7(CO)CC7)nc56)(CC3)OC4)nc2N1,1,train
48b452242f7a4828b3cacad6a2f877128c763b1d,O=C1COc2ccc(CNC34CCC(CCc5c(F)cnc6ccc(OCC(O)CO)nc56)(CC3)OC4)nc2N1,1,train
bd29e8fdafbe2bf4afed7ad9125904b8f8eb49db,O=C1COc2ccc(CNC34CCC(CCc5c(F)cnc6ccc(OCC(CO)CO)nc56)(CC3)OC4)nc2N1,0,train
b96c0fbdfd48830ee1e1ddc225960571c08b3280,O=C1COc2ccc(CNC34CCC(CCc5c(F)cnc6ccc(OC[C@@H]7C[C@@H](O)[C@@H](O)C7)nc56)(CC3)OC4)nc2N1,1,train
d7920569769f7781caef137de9a17d3c87874458,O=C1COc2ccc(CNC34CCC(CCc5c(F)cnc6ccc(OC[C@H]7C[C@@H](O)[C@@H](O)C7)nc56)(CC3)OC4)nc2N1,1,train
ed8663a9ecf708888d41ba5c9bd67db57831a889,O=C1COc2ccc(CNC34CCC(CCc5c(F)cnc6ccc(OCC7(O)COC7)nc56)(CC3)OC4)nc2N1,0,train
30b597cea701147607de56e69c8bd69e8221e039,O=C1COc2ccc(CNC34CCC(CCc5c(F)cnc6ccc(OC7CC(O)CC(O)C7)nc56)(CC3)OC4)nc2N1,1,test
1e87ad893966c82403a58f8d1b35bd5268d10c50,NCCOc1ccc2ncc(F)c(CCC34CCC(NCc5ccc6c(n5)NC(=O)CO6)(CC3)CO4)c2n1,0,train
0954ffbbc07acf9c72961594de3ab162f064a92f,NCCCOc1ccc2ncc(F)c(CCC34CCC(NCc5ccc6c(n5)NC(=O)CO6)(CC3)CO4)c2n1,1,train
581f46cb655add5a2d5f862c5e5a1bbdc628ad98,NCCCCOc1ccc2ncc(F)c(CCC34CCC(NCc5ccc6c(n5)NC(=O)CO6)(CC3)CO4)c2n1,1,train
6dfe677883860a647e332524c089478c0c33b817,NCC1(COc2ccc3ncc(F)c(CCC45CCC(NCc6ccc7c(n6)NC(=O)CO7)(CC4)CO5)c3n2)CC1,1,train
63dd47e89adb80e5e4981e273a14d506a2bb2005,NC1(COc2ccc3ncc(F)c(CCC45CCC(NCc6ccc7c(n6)NC(=O)CO7)(CC4)CO5)c3n2)CC1,1,train
e0bf8727289ac485841a1fc2e6a5a3af4af9a7e1,NC1CC1COc1ccc2ncc(F)c(CCC34CCC(NCc5ccc6c(n5)NC(=O)CO6)(CC3)CO4)c2n1,1,train
64089798a044c3adc7890e54d59cca079665cbb3,NC1COCC1Oc1ccc2ncc(F)c(CCC34CCC(NCc5ccc6c(n5)NC(=O)CO6)(CC3)CO4)c2n1,1,train
b984c10136735dd8041a01704c8341e7c7e9ab75,N[C@H]1COC[C@@H]1Oc1ccc2ncc(F)c(CCC34CCC(NCc5ccc6c(n5)NC(=O)CO6)(CC3)CO4)c2n1,1,train
798adf23d0c9675170fa6e76926c02ecf7b86326,N[C@@H]1COC[C@H]1Oc1ccc2ncc(F)c(CCC34CCC(NCc5ccc6c(n5)NC(=O)CO6)(CC3)CO4)c2n1,0,train
5bcd80f676efd8147360ead1335fd803205b924d,N[C@@H]1CO[C@H]1COc1ccc2ncc(F)c(CCC34CCC(NCc5ccc6c(n5)NC(=O)CO6)(CC3)CO4)c2n1,0,train
70fa84f47b8a233a70e600fef854c9738d8b7e88,N[C@H]1CO[C@@H]1COc1ccc2ncc(F)c(CCC34CCC(NCc5ccc6c(n5)NC(=O)CO6)(CC3)CO4)c2n1,0,train
ecf088fe212b991c75be601e9aec29ae35cef43a,N[C@@H]1CO[C@@H]1COc1ccc2ncc(F)c(CCC34CCC(NCc5ccc6c(n5)NC(=O)CO6)(CC3)CO4)c2n1,1,train
26c22d2f00fe60097eab4c311c78164e4847ffd7,N[C@H]1CO[C@H]1COc1ccc2ncc(F)c(CCC34CCC(NCc5ccc6c(n5)NC(=O)CO6)(CC3)CO4)c2n1,0,train
efe95a164b3b32597ead3f8776a7fafb00a99da9,NCC(O)COc1ccc2ncc(F)c(CCC34CCC(NCc5ccc6c(n5)NC(=O)CO6)(CC3)CO4)c2n1,1,train
abceee6d246547c13d16cf654616d54f25b30e79,NC1C(=O)NC1COc1ccc2ncc(F)c(CCC34CCC(NCc5ccc6c(n5)NC(=O)CO6)(CC3)CO4)c2n1,0,val
9d9970db575ce8045d8062338d57a9d40ffacc6a,NC1C(=O)NCC1Oc1ccc2ncc(F)c(CCC34CCC(NCc5ccc6c(n5)NC(=O)CO6)(CC3)CO4)c2n1,0,train
5632b23d021886fe84a6ddb36e3a633bb1a7ea0e,N#CCCCOc1ccc2ncc(F)c(CCC34CCC(NCc5ccc6c(n5)NC(=O)CO6)(CC3)CO4)c2n1,1,train
b35dba3a43b48a1aa5b4b5d3001a4cbb0d4d05a9,N#CC1(COc2ccc3ncc(F)c(CCC45CCC(NCc6ccc7c(n6)NC(=O)CO7)(CC4)CO5)c3n2)CC1,1,train
78f481051b9d3162b3225c3dec9d650599698882,CCOC(=O)COc1ccc2ncc(F)c(CCC34CCC(NCc5ccc6c(n5)NC(=O)CO6)(CC3)CO4)c2n1,1,train
ffd27e152a6574e75eb66381a7c62610103a0df0,CCOC(=O)CCCOc1ccc2ncc(F)c(CCC34CCC(NCc5ccc6c(n5)NC(=O)CO6)(CC3)CO4)c2n1,1,train
05b235c0bd6d7edc3c4c198efe00806d564e0495,COC(=O)CCCCOc1ccc2ncc(F)c(CCC34CCC(NCc5ccc6c(n5)NC(=O)CO6)(CC3)CO4)c2n1,1,train
0d5efdf6c57040dcc8712e649119a075d1e72c32,O=C(O)CCCCOc1ccc2ncc(F)c(CCC34CCC(NCc5ccc6c(n5)NC(=O)CO6)(CC3)CO4)c2n1,0,train
68a188141a23b490848d1bd9c5e9d07cb202089e,CCOC(=O)C(F)(F)CCOc1ccc2ncc(F)c(CCC34CCC(NCc5ccc6c(n5)NC(=O)CO6)(CC3)CO4)c2n1,0,train
efd107c4ada0c391b59bf4a36bb0383248887797,COC(=O)C1C[C@@H]1COc1ccc2ncc(F)c(CCC34CCC(NCc5ccc6c(n5)NC(=O)CO6)(CC3)CO4)c2n1,1,train
921d1c4363d0d8b530610c248ea519fd5ff68487,O=C1COc2ccc(CNC34CCC(CCc5c(F)cnc6ccc(OC[C@H]7CC7C(=O)O)nc56)(CC3)OC4)nc2N1,0,train
061eddfc325eb244ed80feb1c2acc451e90f907a,COC(=O)C1(COc2ccc3ncc(F)c(CCC45CCC(NCc6ccc7c(n6)NC(=O)CO7)(CC4)CO5)c3n2)CC1,1,train
eb7bb465a421bcb7cc81bd2b60c4391fa3c0ea64,NC(=O)C(F)(F)CCOc1ccc2ncc(F)c(CCC34CCC(NCc5ccc6c(n5)NC(=O)CO6)(CC3)CO4)c2n1,1,train
cc09a1272fad14dcecbb890377852e48580aeb15,O=C1COc2ccc(CNC34CCC(CCc5c(F)cnc6ccc(OCc7cc(=O)c(O)c[nH]7)nc56)(CC3)OC4)nc2N1,1,train
edd3043418579aa84cc418117629fb47f90d2055,O=C1COc2ccc(CNC34CCC(CCc5c(F)cnc6ccc(OCCc7cc(=O)c(O)c[nH]7)nc56)(CC3)OC4)nc2N1,1,train
e379320caa630e969091fb55d1f3cdfecc7ec137,O=C1COc2ccc(CNC34CCC([C@@H](O)Cc5c(F)cnc6ccc(OCCO)nc56)(CC3)OC4)nc2N1,0,train
02dade7d0730e0c65c5a5830ac1c61f700f5e0e5,CC(C)c1noc(-c2nnc3n2CCN(C(=O)c2ccc(F)cc2)[C@@H]3C)n1,1,train
3b8f76ab5856f5f2f1612c78f8d0f9b3cfd1f82a,Cc1nsc(-c2nnc3n2CCN(C(=O)c2ccc(F)cc2)C3)n1,0,train
1b25c96bd9cd58ad3d4a4a7b8d0e7428206f932a,Cc1nsc(-c2nnc3n2CCN(C(=O)c2ccc(Cl)cc2)[C@@H]3C)n1,0,train
cccc376533f66c6b82fa15b63b981f5d3c4ce059,C[C@@H]1c2nnc(-c3nc(C(F)(F)F)ns3)n2CCN1C(=O)c1ccc(F)cc1,0,train
d771321dce3a2ebd36dae32558a749ead5d26893,Cc1nsc(-c2nnc3n2CCN(C(=O)c2ccccc2)[C@@H]3C)n1,0,train
18431dcc970ae31cc2cd5f0f10c7a84090188992,Cc1nsc(-c2nnc3n2CCN(C(=O)c2ccc(F)cc2)[C@@H]3CCO)n1,0,train
a072f28aab2fc8bdbc74071a7a9127fe53650513,Cc1ncc(CNC2CCN(CCn3c(=O)ccc4ncc(Oc5ccc(S(N)(=O)=O)cc5)cc43)CC2)cc1Cl,0,val
f6d2349bbffac0513288fce3d2840b6b4c2a70c5,O=C1COc2ccc(CNC3CCN(CCn4c(=O)ccc5ncc(Oc6cncc(F)c6)cc54)CC3)nc2N1,0,train
6209677e83f295621ffe35509f7e48a7c2b612d8,O=C1COc2ccc(CN[C@@H]3CCN(CCn4c(=O)ccc5ncc(Oc6cccnc6)cc54)C[C@@H]3F)nc2N1,0,train
45ad515f2b75122e2aa603461e2ff4f62a10e8cd,CN(C)C[C@@H]1CCN(C(=O)Nc2nc3c(s2)-c2nc(C(C)(C)C)sc2CC3)C1C(N)=O,1,val
cf8258d4ddb7dbc3c656e8147c042e5153ef9699,COc1cc(-c2cn(C3CCc4ccccc4NC3=O)nn2)ccc1-n1cnc(C)c1,0,train
9e4d9156dffd78424d53a18aaa680715fc00656c,COc1cc(-c2cn(C3CCc4ccccc4N(C)C3=O)nn2)ccc1-n1cnc(C)c1,1,train
43ef7a902b48e38de50b92b90a1599a9d3af75ac,COc1cc(-c2cn(C3CCc4ccccc4N(CCF)C3=O)nn2)ccc1-n1cnc(C)c1,1,train
50ac8dde312b4df3bb29354fe566d4e1979855ce,COc1cc(-c2cn(C3CCc4ccccc4N(CC(F)F)C3=O)nn2)ccc1-n1cnc(C)c1,1,train
a879bc6aac0866f286b6011cd69b6ec8d95bc552,COc1cc(-c2cn(C3CCc4ccccc4N(CC(F)(F)F)C3=O)nn2)ccc1-n1cnc(C)c1,1,train
a9a0eeba8afbc92b9911f38d05c33728e12f06e4,COc1cc(-c2cn(C3CCc4ccccc4N(CC4CC4)C3=O)nn2)ccc1-n1cnc(C)c1,1,test
638aade3ac92565f7d27fe03a41febf23cae1f16,COc1cc(-c2cn(C3CCc4ccccc4N(Cc4ccccc4)C3=O)nn2)ccc1-n1cnc(C)c1,1,test
a96b2a20427e521fd1e030635c423c8a35d32f71,COc1cc(-c2cn(C3CCc4ccccc4N(Cc4ccccn4)C3=O)nn2)ccc1-n1cnc(C)c1,1,val
ce4dead663d99e49e0ff18c74c3ec1aa05a0e2b8,COc1cc(-c2cn(C3CCc4ccccc4N(Cc4ccncc4)C3=O)nn2)ccc1-n1cnc(C)c1,1,test
19d0d76bf30e2887656b9f793088a0001576a389,COc1cc(-c2cn(C3CCc4ccccc4N(Cc4cccnc4)C3=O)nn2)ccc1-n1cnc(C)c1,1,train
f1581e95162ed9fc58cf1fb8788d896b6a2b6396,COc1cc(-c2cn(C3CCc4ccccc4N(CC4(C)COC4)C3=O)nn2)ccc1-n1cnc(C)c1,0,test
a638e16f5f616409fedc5991a8d9673601f9ab39,COc1cc(-c2cn(C3C[C@H](C)c4ccccc4N(CC(F)(F)F)C3=O)nn2)ccc1-n1cnc(C)c1,1,train
f8a35d85e4e948d74f46b379320e05c3ee2b65b0,COc1cc(-c2cn(C3CSc4ccccc4N(CC(F)(F)F)C3=O)nn2)ccc1-n1cnc(C)c1,1,test
e449a78e055168dd49d260a4fe6b84f112adb2dc,COc1cc(-c2cn(C3(C)CCc4ccccc4N(CC(F)(F)F)C3=O)nn2)ccc1-n1cnc(C)c1,1,train
9e939e49e1fda7758a5ab9c113f4bb0f1b07c623,COc1cc(-c2cn(C3CCc4c(ccc5ccccc45)N(CC(F)(F)F)C3=O)nn2)ccc1-n1cnc(C)c1,1,train
014fa3f0ae2ac24276771f617570deff4e9b27d7,COc1cc(-c2cn(C3CCc4cc(F)ccc4N(CC(F)(F)F)C3=O)nn2)ccc1-n1cnc(C)c1,1,train
53886c34875702546c23af5ca0b9685583a8f7e7,COc1cc(-c2cn(C3CCc4c(F)cccc4N(CC(F)(F)F)C3=O)nn2)ccc1-n1cnc(C)c1,1,train
da3099847c62da15fbc9d4cd07c2cdc116d4fbdf,COc1cc(-c2cn(C3CCc4c(F)cc(F)cc4N(CC(F)(F)F)C3=O)nn2)ccc1-n1cnc(C)c1,1,train
68771af0996e36fb318a1d1a612ab06e04b14f62,COc1cc(-c2cn(C3CCc4c(ccc(Br)c4F)N(CC(F)(F)F)C3=O)nn2)ccc1-n1cnc(C)c1,1,train
eee021e68f240e45c8147f2301c5ef182c834979,COc1cc(-c2cn(C3CCc4cccnc4N(CC(F)(F)F)C3=O)nn2)ccc1-n1cnc(C)c1,1,val
ad00e5be0d3ab624c005f4d2465a9e4aa65e42e4,COc1cc(-c2cn(C3CC[C@@H]4CCCC[C@H]4N(Cc4ccccc4)C3=O)nn2)ccc1-n1cnc(C)c1,1,test
3989092fc024091c63870be8437de593379248a5,Cc1cn(-c2ccc(-c3cn(C4CCc5c(F)cccc5N(CC(F)(F)F)C4=O)nn3)cc2)cn1,1,train
05054d8bf3d2a55b32af4ccf84b46c047fa3e788,COc1cc(-n2cnc(C)c2)ccc1-c1cn(C2CCc3c(F)cccc3N(CC(F)(F)F)C2=O)nn1,1,train
29f93750916cb89f289e974507c942a00e254ccb,Cc1cn(-c2ccc(-c3cn(C4CCc5c(F)cccc5N(CC(F)(F)F)C4=O)nn3)cc2OCC(F)(F)F)cn1,1,train
0df869061228eb83541104aaf40f6020a89d01d5,Cc1cn(-c2ccc(-c3cn(C4CCc5c(F)cccc5N(CC(F)(F)F)C4=O)nn3)c(F)c2)cn1,1,train
648fc29d631be8eefadfedc3d9dd8815d4872e54,COc1c(-n2cnc(C)c2)ccc(-c2cn(C3CCc4c(F)cccc4N(CC(F)(F)F)C3=O)nn2)c1F,1,train
c32dcf9406c3f89ebf7a23202b05a5933240b327,COc1c(-c2cn(C3CCc4c(F)cccc4N(CC(F)(F)F)C3=O)nn2)ccc(-n2cnc(C)c2)c1F,1,train
91c89223012d3e825f2d3c184f2d0d1aea7e8e4b,COc1cc(-c2cn(C3CCc4c(F)cccc4N(CC(F)(F)F)C3=O)nn2)ccc1-n1cnc(C)n1,0,test
21b886ef0d912bbd9836c0d3b3e4672958e74719,COc1cc([C@H](O)CN2CCN(C[C@H](O)c3ccc4c(c3C)COC4=O)CC2)ncc1C#N,0,train
b331c75c48c4d9618e05a8cb59ee52ba98ea5fac,Cc1c([C@@H](O)CN2CCN(C[C@H](O)c3ccc(C#N)cn3)CC2)ccc2c1COC2=O,0,train
ed0004efc5f69ad8822c5580e936701e015ad57f,COc1cc(C(O)CN2CCN(CCc3ccc4c(c3C)COC4=O)CC2)ncc1C#N,1,train
1eff967c082f07f919a9ac7ff0721a4e10774d34,COc1cc(C(O)CN2CCN(CCc3ccc4c(c3C)COC4=O)CC2)ccc1C#N,1,train
012fc9f44e42f6dc15301c0385a298b404d895fd,COc1cc(C(C)(C)CN2CCN(CCc3ccc4c(c3C)COC4=O)CC2)ccc1C#N,1,train
83f9e69a27726d4c52308ec7042d23cf9b60e0db,COc1cc(C(C)CN2CCN(CCc3ccc4c(c3C)COC4=O)CC2)ccc1C#N,1,train
44f30fda1dc6f6ad681979e412d31344a2b39597,COc1cc(CC(C)N2CCN(CCc3ccc4c(c3C)COC4=O)CC2)ccc1C#N,1,train
9c9dd801aae5670fc21c4e1cf2bf8dfa2e66b721,CCOC(CN1CCN(CCc2ccc(C#N)c(OC)c2)CC1)c1ccc2c(c1C)COC2=O,1,train
c4d798d4ff18aaeeaaf3fbace0adc66a68f5ca3b,COc1cc(CCN2CCN(CC(OC)c3ccc4c(c3C)COC4=O)CC2)ccc1C#N,1,train
26f7177ad0187903980fe6e1c91529192881858b,COc1cc(CCN2CCN(CC(O)c3ccc4c(c3C)COC4=O)CC2)ccc1C#N,1,train
4bf655e9a0764e7b84e81af10b6aa3b89cb62402,COc1cc(CCN2CCN(CC(F)c3ccc4c(c3C)COC4=O)CC2)ccc1C#N,1,train
1df94f52be8e3d2f73148c171c70fc54196c1382,COc1cc(CCN2CCN(CC(C)c3ccc4c(c3C)COC4=O)CC2)ccc1C#N,1,train
d62766aa22554d4f86508cada432c878aaca01cc,COc1cc(CCN2CCN(CCc3ccc4c(c3C)COC4=O)CC2)ccc1C#N,1,train
de02dd3fe6a387908d3515f6148c491918b15c78,O=C1OCc2cc(CCN3CCN(CCc4ccc([N+](=O)[O-])cc4)CC3)ccc21,1,train
e3afa9a67f2f68ead5032c4cdade3e3ce571b9de,COc1cc([C@@H](O)CN2CCN(C[C@H](O)c3ccc4c(c3C)COC4=O)CC2)ncc1C#N,0,train
93a3ef22b32417622d73dd282d595da570588fc7,COc1cc(C(O)CN2CCN(C[C@H](O)c3ccc4c(c3C)COC4=O)CC2)ccc1C#N,1,train
b3ede823a3317776ed76180a02f4d62d810647ce,Cc1nc(C(O)CN2CCN(C[C@H](O)c3ccc4c(c3C)COC4=O)CC2)ccc1C#N,0,train
849c9cdeaf36fc26fbe7d55879d424cecb769b0f,Cc1c([C@@H](O)CN2CCN(CC(O)c3ncc(C#N)cc3Cl)CC2)ccc2c1COC2=O,1,train
3a0f4e124fb69ccf38a7aabf1b7848db178f31aa,Cc1c([C@@H](O)CN2CCN(CC(O)c3cc(C4CC4)c(C#N)cn3)CC2)ccc2c1COC2=O,0,val
c6d4596295a22cd8f24928e27343addc44d95bd4,COc1cc(C(O)CN2CCN(C[C@H](O)c3ccc4c(c3C)COC4=O)CC2)nc(C)c1C#N,1,train
1b4d88e00b4801c97552d879ad8dd179a1351499,CCOc1cc(C(O)CN2CCN(C[C@H](O)c3ccc4c(c3C)COC4=O)CC2)ncc1C#N,0,train
740f541c42ad1dc218112d5b5fda065f5b224ebd,Cc1c([C@@H](O)CN2CCN(CC(O)c3cc(C(F)(F)F)c(C#N)cn3)CC2)ccc2c1COC2=O,1,train
504e816da0ec3db1f29654aff98f0551faab779a,[2H]C([2H])([2H])Oc1cc(C(O)CN2CCN(C[C@H](O)c3ccc4c(c3C)COC4=O)CC2)ncc1C#N,0,train
511fe5e247ad98fbba84e051f5365ac405354815,CC(C)[C@@H](CN1CC[C@@](C)(c2cccc(O)c2)[C@@H](C)C1)NC(=O)C1Cc2ccc(O)cc2CN1,1,train
4395d6f582d018fa8ebe901ce98351cc1d6bea9c,CC(C)[C@@H](CN1CC[C@@](C)(c2ccccc2)[C@@H](C)C1)NC(=O)C1Cc2ccc(O)cc2CN1,1,train
0a8bc8a612b926635623e53186019722913ffd5c,CC(C)[C@@H](CN1CC[C@@](C)(c2cccc(F)c2)[C@@H](C)C1)NC(=O)C1Cc2ccc(O)cc2CN1,1,train
faaa6a30731d4965dc05d2127eafbe74ec0f9d71,CC(C)[C@@H](CN1CCC(C)(c2cccc(F)c2)CC1)NC(=O)C1Cc2ccc(O)cc2CN1,1,train
d5f145c0ebd58cf8bc08dcfde94f465329480cd3,CCC(C)[C@@H](CN1CCC(C)(c2cccc(F)c2)CC1)NC(=O)C1Cc2ccc(O)cc2CN1,1,train
c7d1efe11ed0f27cb687dfd1d7bdd53f1102378c,CC(C)[C@@H](CN1CCC(c2cccc(O)c2)CC1)NC(=O)C1Cc2ccc(O)cc2CN1,1,train
43be750e56bd82cb29900572fac12ab5bb006f9e,CC(C)[C@@H](CN1CCC(c2ccccc2)CC1)NC(=O)C1Cc2ccc(O)cc2CN1,1,train
43df08869988ed3f8262b6b6574ee60a85c15778,CC(C)[C@@H](CN1CCC(c2cccc(F)c2)CC1)NC(=O)C1Cc2ccc(O)cc2CN1,1,train
1a7d388b83ec41df00b6fedd46d98879196d8980,COc1cc(-n2cnn3cc(-c4ccc(Cl)cc4)cc3c2=O)ccc1OCCN1CCCC1,1,train
d89f7aaf1537ee41bade8f56457a6f7921baf8f9,CNC1CCN(c2ccc(-n3cnn4cc(-c5ccc(Cl)cc5)cc4c3=O)cn2)C1,1,val
96cc3b42c1fc74447abcdef1fd02634a8d5c2177,O=c1c2cc(-c3ccc(Cl)cc3)cn2ncn1-c1ccc(N2CC(O)C2)nc1,1,test
700886186a21e9fe56842b58ac8d50c37c3f2b52,O=c1c2cc(-c3ccc(Cl)cc3)cn2ncn1-c1ccc(N2CCC(N3CC(O)C3)C2)nc1,1,test
e2922b13e6e8832aa7fa8eab5d092b0471118805,CNc1nc(NCCN2CCNCC2)c2sc(-c3ccc(C(F)(F)F)cc3)cc2n1,1,train
990b320b178697a7cbcc67ef7a251c8a77cbe65c,Nc1nc(NC2CCNCC2)c2sc(-c3ccc(C(F)(F)F)cc3)cc2n1,1,train
f7b0372d1d172de36dbeb400bb8c780062bcf8b9,Nc1nc(NC2CCNC2)c2sc(-c3ccc(C(F)(F)F)cc3)cc2n1,1,val
74d16aa128ca2a2ff6bb37e548d60301dbf6a8ae,Nc1nc(NC2CCOCC2)c2sc(-c3ccc(C(F)(F)F)cc3)cc2n1,1,test
f522f2d45e36b4e01b6576518e808c7e4c1dc7d6,Nc1nc(N2CCC(N)CC2)c2sc(-c3ccc(C(F)(F)F)cc3)cc2n1,1,test
4c661d56640e871497f1028bf07505b9bc8c7901,COCc1cnc(N2CCC([C@H]3C[C@H]3COCc3ccc(S(C)(=O)=O)cc3F)CC2)nc1,0,train
28ba303f3e238c133c981de30c7883b76af7322f,Cc1nn(-c2ccnc(Nc3ccc4c(c3)c(Cl)c(C)n4C)n2)cc1CN1CC(O)C1,0,train
38a1f8a14ca44a7ecb3944ea9aa9b1b50a9187aa,Cc1nn(-c2ccnc(Nc3ccc4c(c3)c(C)c(C)n4C)n2)cc1CN1CC(O)C1,0,train
195593080b464599f1681ff23e556e36af914bec,COc1cc2ncnc(Nc3cccc(Cl)c3F)c2cc1CN1CCOCC1,0,val
9abc9d8f784f3bfa556e4116d0e580bcf444ed2b,Cc1ncn(-c2cc(Cl)c(C(=O)NC[C@@H](c3cccc(F)c3)c3ccc4[nH]c(C)nc4c3)c(Cl)c2)n1,0,train
d737b46c47563c385917a6f19a460e9ca7b10127,COc1cc2[nH]c(C(CNC(=O)c3c(Cl)cc(-n4cnc(C)n4)cc3Cl)c3cccc(F)c3)nc2cc1Cl,0,train
b4255355b7224324d5fa80620ab3643aa4676589,Cc1ncn(-c2cc(Cl)c(C(=O)NCC(c3cccc(F)c3)c3nc4c(C)cc(Cl)cc4[nH]3)c(Cl)c2)n1,1,train
f15840b59339075b4bac50fecf8ab95575cc7180,Cc1ncn(-c2cc(Cl)c(C(=O)NCC(c3cccc(F)c3)c3nc4cc(Cl)ccc4[nH]3)c(Cl)c2)n1,1,train
4d7fec25567155b2a920f73a2addd09b6d7c1291,NC1=NC(=O)C2CCCN2c2ccc(cc2)OCCCCCCNCC(=O)Nc2c(Cl)cc(cc2Cl)CN1,0,train
106fc4eaa31c00987dffdc67db10a31805ea0c87,CS(=O)(=O)c1ccc(-c2cnc3ccc(-c4cccc(S(C)(=O)=O)c4)nn23)cc1,1,train
1706c2bb7f14aeb7a678882984d963810c0d895d,CS(=O)(=O)c1ccc(-c2cnc3ccc(-c4cccc(S(C)(=O)=O)c4)cn23)cc1,1,test
6bb93d2004acb78143212a444bd905d80132c2cb,CS(=O)(=O)c1ccc(-c2cnn3ccc(-c4cccc(S(=O)(=O)C5CC5)c4)cc23)cc1,1,val
6455d4c35dbf88a9180d6bbbf18eddf73caee67c,CS(=O)(=O)c1ccc(-c2cnn3ccc(-c4cccc(S(=O)(=O)C5CC5)c4)nc23)cc1,1,val
9664563beed1f0c481e94069f7124c4dacb95e56,O=C(c1ccc(F)cc1F)C1CCN(CCCOc2ccc(-c3nc4ccccc4o3)cc2)CC1,1,test
c630c25fd23f5ff6a5b040fe6dd40e3546ab9076,Fc1ccc2c(C3CCN(CCCOc4ccc(-c5nc6ccccc6o5)cc4)CC3)noc2c1,1,val
78604b509079c6a3257e0a4343110abe1f0a0941,Fc1ccc2c(C3CCN(CCCOc4ccc(Cc5nc6ccccc6o5)cc4)CC3)noc2c1,1,train
810059ef9a979c2d425481a31f74109abf2eb083,Fc1ccc2c(C3CCN(CCCOc4ccc(CCc5nc6ccccc6o5)cc4)CC3)noc2c1,1,train
a86f4980e1a3def7062fedadc59a610b3790b27b,CC(c1ccc(OCCCN2CCC(c3noc4cc(F)ccc34)CC2)cc1)c1nc2ccccc2o1,1,train
1cacf2dd73ec1169b4b0072ff3176a9c586f034d,CS(=O)(=O)n1cc2c(n1)CN([C@H]1CO[C@H](c3cc(F)ccc3F)[C@@H](N)C1)C2,0,test
d9a6aa9ad220926a7815db696ac676e89c938083,N[C@H]1C[C@@H](N2Cc3cn(S(=O)(=O)C4CC4)nc3C2)CO[C@@H]1c1cc(F)ccc1F,0,train
49989e4b4b033e10e02cecc5920c4cee8df2dd21,Cc1noc([C@H]2CC2C(=O)NCc2ccc(-c3cccc(OC(F)(F)F)c3)c3c2CN(C(=O)NC(C)(C)C)CC3)n1,1,val
b0909f49fda0363885c2ffd02a9962194d67b810,CC(C)(C)n1nnc2c1CCC(n1cnc(-c3ccc(F)cc3)n1)C2,1,train
2dfa0e3774f6617810adbb927f6ca72f86e62db1,CCOC[C@]12Cc3cnn(-c4ccc(F)cc4)c3C=C1CCN(S(=O)(=O)c1ccc(C(F)(F)F)cc1)C2,1,train
81e4aad29652bf97adcfbbd6fe54de985e9472b8,O=C(c1ccccn1)[C@]12Cc3cnn(-c4ccc(F)cc4)c3C=C1CCN(S(=O)(=O)c1ccc(F)cc1)C2,1,train
6ed7d4c8b76de9dc8c5bd9ac560645b442fa392c,O=C(c1ccccn1)[C@]12Cc3cnn(-c4ccc(F)cc4)c3C=C1CCN(S(=O)(=O)c1ccc(C(F)(F)F)cc1)C2,1,train
042c2c083152da07888b2c1ac8d8c931d223da5e,O=C(COc1ccc2ccccc2c1Br)Nc1cccnc1,1,train
0fcb36d265f0db2cd7a3e6d9878e0c7027f81fc8,O=S(=O)(c1ccc(C(F)(F)F)cc1)N1CCC(CN2CCC(c3noc4cc(F)ccc34)CC2)CC1,1,train
ebbfca2ac8cd177ab6624fb6183b34d2836869a4,O=[N+]([O-])c1ccc(S(=O)(=O)N2CCC(CN3CCC(c4noc5cc(F)ccc45)CC3)CC2)cc1,1,train
0f2c18ee78ed3f3899aafc93c76ec630cec3765a,COCCCN1C[C@@H]2[C@@H](CNC(=O)c3nc(C(C)C)n4ccccc34)[C@@H]2C1,1,test
e2a259de51d47a9afabe0eee6faecd4f575a9116,CC1(C#N)CN(c2cc(COc3ccc(F)c(F)c3F)nc(-c3ccccn3)n2)C1,1,train
a886fa7ff1d61e20edd90ae06276d7743bf64418,Fc1ccc(OCc2cc(OCC3(F)COC3)nc(-c3ccccn3)n2)c(F)c1F,1,train
a58500f920a59db1ef681ae2ea7decfe9b0b9847,O=C(c1ccc(Cl)c(C(F)(F)F)c1)N1CCN(c2cc(=O)[nH]c(=O)n2Cc2ccc(OS(=O)(=O)c3cccc4cnccc34)cc2)CC1,0,test
bfa449c1bcb21f6ab9bfe203e682534659553815,O=C(O)C1CN(Cc2ccc(OCc3ccc(Cl)c(Cl)c3)cc2)C1,0,test
1bee400be04526730afebb81b095e5ae4ee8c1b5,CCOC(=O)C1CCN(C(=O)c2ccc(C[C@@H]3CC[C@H]([C@H](O)c4ccccc4)N3)cc2)CC1,1,test
98747a64c1aa8b3a778b464b3800da7362f4f1db,O=C(c1ccc(C[C@@H]2CC[C@H]([C@H](O)c3ccccc3)N2)cc1)N1CCC2(CCOC2=O)CC1,0,train
0813e281e3e45a43ad1312d08d763ed7d7d2d5d8,CC1(C)CC2(CCN(C(=O)c3ccc(C[C@@H]4CC[C@H]([C@H](O)c5ccccc5)N4)cc3)CC2)C(=O)O1,0,train
4574ba6e9b76088ca0a18a8c6304ec4eb65cc529,CCOC(=O)C1[C@H]2CN(C(=O)c3ccc(C[C@@H]4CC[C@H]([C@H](O)c5ccccc5)N4)cc3)C[C@@H]12,1,val
c88295030a3cc22826f9e59528bf942b1dcb6095,O=C(c1ccc(C[C@@H]2CC[C@H]([C@H](O)c3ccccc3)N2)cc1)N1C[C@@H]2[C@H](C1)[C@H]2c1nnco1,0,train
6336db66ebee5935a7cf4e34f639e6ed35f8fb87,CCc1nnc([C@H]2[C@@H]3CN(C(=O)c4ccc(C[C@@H]5CC[C@H]([C@H](O)c6ccccc6)N5)cc4)C[C@@H]32)o1,0,train
b920fee267a80769dde79597b5e2015d1771b046,Cn1nnc([C@H]2[C@@H]3CN(C(=O)c4ccc(C[C@@H]5CC[C@H]([C@H](O)c6ccccc6)N5)cc4)C[C@@H]32)n1,0,train
0af7d238b91aeb07266402d6198946eb92c91f0f,C[C@@H]1C[C@H](N)C[C@H](c2ccncc2NC(=O)c2ccc(F)c(-c3c(F)cccc3F)n2)C1,0,val
198515f4a8f1936eeeb4dd9bded5d0fc2cad66b5,CNCc1cc(Oc2ccc3c(ccn3C(=O)Nc3ccc(F)c(C(F)(F)F)c3)c2)ncn1,1,test
dc19c166990f989fee48cdf0b3230e705a02e8e5,O=C(Nc1cccc(C(F)(F)F)c1)n1ccc2cc(Oc3ncnc4c3CCNC4)ccc21,1,train
bee688b69795411c0279bb3819a4598b9573596d,C[C@H]1Cc2c(ncnc2Oc2ccc3c(ccn3C(=O)Nc3cccc(C(F)(F)F)c3)c2)CN1,0,train
551df0cc5e0ebfacbce0a502390b988ba84cd661,O=C(Nc1cccc(C(F)(F)F)c1)n1ccc2cc(Oc3ncnc4c3CNC4)ccc21,0,train
a40b61d1999a42d88fb9fa2d7e8427470a35039e,C[C@H]1Cc2c(ncnc2Oc2ccc3c(ccn3C(=O)Nc3cc(C4(C)CC4)[nH]n3)c2)CN1,0,test
03dad7749d28e049d76ca3ee114f646c8c31134c,CC(C)(C)c1cc(NC(=O)n2ccc3cc(Oc4ncnc5c4CCNC5)ccc32)no1,1,train
59c0702814b69ebc871b34c591da202214b62397,C[C@H]1Cc2c(ncnc2Oc2ccc3c(ccn3C(=O)Nc3cc(C(C)(C)C)on3)c2)CN1,0,train
915a46a62e1aefbddd4892934d9639e3a26f0bef,CC(C)(C)c1cc(NC(=O)n2ccc3cc(Oc4ncnc5c4CNC5)ccc32)no1,0,test
56439f70c8c7185fbbd31e6bdd8974750d956386,Nc1ccc(-c2cnc(N)c(-c3ccc(Cl)cc3)c2)cn1,1,train
b11b90b60279833078bf30b0b228c111457e8c58,COc1ccc2ncc(F)c(CC(N)C34CCC(NCc5ccc6c(n5)NC(=O)CO6)(CC3)CO4)c2n1,0,train
18c4a290fca0a900efc41ef8bc2cff160fe9916c,COc1ccc2ncc(F)c(C(=O)CC34CCC(NCc5ccc6c(n5)NC(=O)CO6)(CC3)CO4)c2n1,1,train
e0afa21db7225e67dcc7781686d04f4a412976b2,COc1ccc2ncc(F)c(CC(=O)C34CCC(NCc5ccc6c(n5)NC(=O)CO6)(CC3)CO4)c2n1,1,train
7f198f3f5b7455587f13139f32114a7c16c3a934,COc1ccc2ncc(F)c(C[C@H](OC)C34CCC(NCc5ccc6c(n5)NC(=O)CO6)(CC3)CO4)c2n1,1,train
dcda535d9cc316e33ca5b00fb743606d76e59755,COc1ccc2ncc(F)c(CC(OCCO)C34CCC(NCc5ccc6c(n5)NC(=O)CO6)(CC3)CO4)c2n1,1,train
fc311eb980a4750186b4c84fa7eb49253423e8c7,COc1ccc2ncc(F)c(CC(OCC(=O)O)C34CCC(NCc5ccc6c(n5)NC(=O)CO6)(CC3)CO4)c2n1,1,train
8f754018479d938bb3c7f20bd406c0a2e92c63f5,COc1ccc2ncc(F)c(CC(F)C34CCC(NCc5ccc6c(n5)NC(=O)CO6)(CC3)CO4)c2n1,1,train
760712d3f977395cde4785f302fd3076114ea9b2,COc1ccc2ncc(F)c(CC(NOC(C)=O)C34CCC(NCc5ccc6c(n5)NC(=O)CO6)(CC3)CO4)c2n1,0,train
e49f4fdedca983f4eb7174586388123c91ee766a,COc1ccc2ncc(F)c(CC(NS(C)(=O)=O)C34CCC(NCc5ccc6c(n5)NC(=O)CO6)(CC3)CO4)c2n1,1,train
c26deaf72650182759d5366457908c8ffdceca71,COc1ccc2ncc(F)c(CC(=NO)C34CCC(NCc5ccc6c(n5)NC(=O)CO6)(CC3)CO4)c2n1,1,train
85c76bba4e08ad23c4e8b7299c94c26e813eb43b,CO/N=C(/Cc1c(F)cnc2ccc(OC)nc12)C12CCC(NCc3ccc4c(n3)NC(=O)CO4)(CC1)CO2,1,train
c52434dd131d2855dd9f1ba14e092adcfafe299a,COc1ccc2ncc(F)c(CC(C)(O)C34CCC(NCc5ccc6c(n5)NC(=O)CO6)(CC3)CO4)c2n1,1,train
3a4bb8f6a52f4c9188d2777df5a3a68034a352cf,COc1ccc2ncc(F)c(CC(O)(C(F)(F)F)C34CCC(NCc5ccc6c(n5)NC(=O)CO6)(CC3)CO4)c2n1,1,train
5608ccc3473de7de4b567b2c103710c909781ae2,COc1ccc2ncc(F)c(C(O)CC34CCC(NCc5ccc6c(n5)NC(=O)CO6)(CC3)CO4)c2n1,1,train
f496f840438e3ab1ff74bb648d04ca0563cc2a10,COc1ccc2ncc(F)c(C(C)(O)CC34CCC(NCc5ccc6c(n5)NC(=O)CO6)(CC3)CO4)c2n1,1,train
e52bd98ce3622382abe3e30b3de482238252f087,COc1ccc2ncc(F)c(C(CO)CC34CCC(NCc5ccc6c(n5)NC(=O)CO6)(CC3)CO4)c2n1,0,train
21f91b1e43d977d3ba6857870bd73868909d7864,CCOC(=O)C(CC12CCC(NCc3ccc4c(n3)NC(=O)CO4)(CC1)CO2)c1c(F)cnc2ccc(OC)nc12,1,train
f1c19d73c591e4c9534fae1ef5d1503cc77c7b5a,COc1ccc2ncc(F)c(C(CC34CCC(NCc5ccc6c(n5)NC(=O)CO6)(CC3)CO4)C(=O)O)c2n1,1,train
fc046b5e30ff322c1720ba92192ab9b8505c97ca,COc1ccc2ncc(F)c([C@@H](O)[C@H](O)C34CCC(NCc5ccc6c(n5)NC(=O)CO6)(CC3)CO4)c2n1,0,train
812b5e9ffdcaad09bbb565f2ea293f26bd5c2a67,COc1ccc2ncc(F)c([C@H](O)[C@@H](O)C34CCC(NCc5ccc6c(n5)NC(=O)CO6)(CC3)CO4)c2n1,0,train
7939ba9197f34dabbc21c5412b424c37ff4a9967,COc1ccc2ncc(F)c([C@H]3OC(=O)O[C@@H]3C34CCC(NCc5ccc6c(n5)NC(=O)CO6)(CC3)CO4)c2n1,0,train
06270cb25951a0cdd911e2b840047168fe999904,COc1ccc2ncc(F)c([C@@H]3OC(=O)O[C@H]3C34CCC(NCc5ccc6c(n5)NC(=O)CO6)(CC3)CO4)c2n1,1,train
bccba00338f02cb487badb54428f9948ba8a40b8,COc1ccc2c(c1)[C@@H]1C[C@]1(C(=O)N1C3CCC1CN(C)C3)Cn1c-2c(C2CCCCC2)c2ccc(C(=O)NS(=O)(=O)C(C)C)cc21,0,train
d1783de02457beb74fc840f54b27db2d3d839f4b,COc1ccc2c(c1)[C@@H]1C[C@]1(C(=O)N1C3CCC1CN(C)C3)Cn1c-2c(C2CCCCC2)c2ccc(C(=O)NS(=O)(=O)CC(C)C)cc21,0,train
ab8680c0bce06c4ae6cd6c8b11fdd203afb2fa23,COc1ccc2c(c1)[C@@H]1C[C@]1(C(=O)N1C3CCC1CN(C)C3)Cn1c-2c(C2CCCCC2)c2ccc(C(=O)NS(=O)(=O)C3CCC3)cc21,0,test
06cf08e1199c9af0826d14da4683ec723d3db8d1,COc1cc(N)c(Cl)cc1C(=O)N[C@H]1CCN(CCCn2cccc2)C[C@H]1OC,1,train
e75bb94604f634ca67b8d1d70c79f4f80104ddde,COc1cc(N)c(Cl)cc1C(=O)N[C@H]1CCN(CCCn2ccnc2)C[C@H]1OC,1,test
90fbc739ae4c99ec08eabdc2983c40412af5b565,COc1cc(N)c(Cl)cc1C(=O)N[C@H]1CCN(CCCn2cncn2)C[C@H]1OC,1,train
10656de9bf837b95c791e07deb52291160c11c3b,COc1cc(N)c(Cl)cc1C(=O)N[C@H]1CCN(CCC(=O)N2CCC(Cc3ccccc3)CC2)C[C@H]1OC,1,val
bde34fa0161a2e3422c61f8f8b64c8a4f25653a0,COC(=O)N1CCC(CN2CC[C@H](NC(=O)c3cc(Cl)c(N)cc3OC)[C@H](OC)C2)CC1,1,train
b317eea80ea8a2048ebe86e6f81f18dd4b8a4ddb,COc1cc(N)c(Cl)cc1C(=O)N[C@H]1CCN(CC2CCN(C(=O)CC(C)C)CC2)C[C@H]1OC,1,train
36cdae8d413971b4f99251b1185773734f113971,CCOC(=O)N1CCC(CN2CC[C@H](NC(=O)c3cc(Cl)c(N)cc3OC)[C@H](OC)C2)CC1,1,train
c68a8bd1f3975e71bc1c88547fbb1a812625adfb,CCC(=S)N1CCC(CN2CC[C@H](NC(=O)c3cc(Cl)c(N)cc3OC)[C@H](OC)C2)CC1,1,train
e067911d456fb88bbe04950b5d6e5237fb8f7ab8,COc1cc(N)c(Cl)cc1C(=O)N[C@H]1CCN(CC2CCN(C(=S)C(C)C)CC2)C[C@H]1OC,1,train
891520ae8b85ab270783dfa3340211b25748dbc1,COc1cc(N)c(Cl)cc1C(=O)N[C@H]1CCN(CC2CCN(C(=O)NC(C)C)CC2)C[C@H]1OC,1,train
ab179f7e781387f5ebcddfc9a71a8d7541da9f1d,Cc1[nH]c(NC(=O)c2cc(CNC(=O)C(C)C)cnc2C(F)F)nc1-c1ccc(C(F)(F)F)cc1,0,test
8ecdaf10647290a388fd45dcda283045131406dc,O=S(=O)(Nc1ccc(CCNC[C@H](O)c2cccnc2)cc1)c1ccc(-c2nc(-c3ccc(C(F)(F)F)cc3)cs2)cc1,1,val
896f06151e82f0664d1d7408ceba4eb5b14fbc4c,O=C(Cn1cnc2ccccc2c1=O)Nc1ccc(C[C@@H]2CC[C@H]([C@H](O)c3ccccc3)N2)cc1,1,train
fc0d4fc55c2651caeeee45243ffefb77d4a04fbd,COc1ccccc1N1CCN(CCCCCC(=O)n2c3ccccc3c3ccccc32)CC1,1,test
0c45e934d717363d5be60cbf8cd2b6d8804844df,Cc1ncoc1-c1nnc(SCCCN2CCOC(c3ccc(F)cc3)C2)n1C,1,train
db5cb1c4e19bacde4a70b753bf383f3b9c039359,Cc1ncoc1-c1nnc(SCCCN2CCOC(c3ccc(C(F)(F)F)cc3)C2)n1C,1,train
a3c2b4257f414332bd39c89f9aa366b96e7c82e0,Cc1ncoc1-c1nnc(SCCCCN2CCOC(c3ccc(C(F)(F)F)cc3)C2)n1C,1,val
903f0e1208286dfb6342c87d71661b761bdfb7bd,Cn1c(SCCCN2CCOC(c3ccc(C(F)(F)F)cc3)C2)nnc1-c1ccc(C(N)=O)nc1,1,test
6d1038fafafcac2fed8e9da4123dd824b3015176,Cn1c(SCCCN2CCOC(c3ccc(C(F)(F)F)cc3)C2)nnc1-c1ccc(C(N)=O)cc1,1,val
88e5270f052cb3389ee5aefb933cd1ef44921040,Cn1c(SCCCN2CCOC(c3ccc(C(F)(F)F)cc3)C2)nnc1-c1ccc(-c2ncco2)cc1,1,test
01f0ea471388964110c55651b8000e90c1efd807,Cc1ccc(C2CN(CCCSc3nnc(-c4ccc(-c5noc(C)n5)cc4)n3C)CCO2)cc1,1,train
4a2793f76a0e0369b9a9e84cc7e199ec85dae938,CN(C)Cc1cc(C(=O)N[C@@H]2CCc3ccc(Oc4ccnc5c4CCC(=O)N5)cc3C2)cc(C(F)(F)F)c1,1,train
d521f03a897506f54c9a08fb17feb42ff570046a,CNCc1cc(C(=O)N[C@@H]2CCc3ccc(Oc4ccnc5c4CCC(=O)N5)cc3C2)cc(C(F)(F)F)c1,1,train
d7587cc96b08ccbca0dd52db6ea33094603fd6ef,CCNCc1cc(C(=O)N[C@@H]2CCc3ccc(Oc4ccnc5c4CCC(=O)N5)cc3C2)cc(C(F)(F)F)c1,1,train
2c2250114a3b5b906a384dcc18c5854d58451a2b,NCc1cc(C(=O)N[C@@H]2CCc3ccc(Oc4ccnc5c4CCC(=O)N5)cc3C2)cc(C(F)(F)F)c1,1,train
4e84de52829164ae234e64dcbc0a6b2dcf15ef08,CC(C)(N)c1cc(C(=O)N[C@@H]2CCc3ccc(Oc4ccnc5c4CCC(=O)N5)cc3C2)cc(C(F)(F)F)c1,1,train
a98549d8e461befd05262647f6af0afc840cc2a6,NC1(c2cc(C(=O)N[C@@H]3CCc4ccc(Oc5ccnc6c5CCC(=O)N6)cc4C3)cc(C(F)(F)F)c2)CCC1,1,test
625471f74b636fa7daf7f2515b8fc336944706c1,N[C@H](CO)c1cc(C(=O)N[C@@H]2CCc3ccc(Oc4ccnc5c4CCC(=O)N5)cc3C2)cc(C(F)(F)F)c1,0,train
ea2eec26a7c6242b6737722546e9067ef77a882c,O=C1CCc2c(Oc3ccc4c(c3)C[C@H](NC(=O)c3cc(C(F)(F)F)cc(C5(O)CNC5)c3)CC4)ccnc2N1,1,train
1cfb28e80cffe9d5b1096d9f1988cbaef9932318,O=C(O)CN(C1(c2ccc(-c3ccccc3OC(F)(F)F)cc2)CCC1)S(=O)(=O)c1ccc(OC(F)F)cc1,0,train
811ac7dd62eb33aad70bb85ceacf5fa47d6a47e6,CC1(C)CCc2cc(S(=O)(=O)N(CC(=O)O)C3(c4cccc(-c5cc(Cl)cc(Cl)c5)c4)CCC3)ccc2O1,0,val
81797103cf5675e07bec7fcc1e6cb42a44dfe97d,CC1(C)CCc2cc(S(=O)(=O)N(CC(=O)O)Cc3cccc(-c4ccccc4)c3)ccc2O1,0,train
599cad6c54782b8da2c1b83d7296f0264df33b03,O=C(O)CN(Cc1cccc(-c2ccccc2OC(F)(F)F)c1)S(=O)(=O)c1ccc(OC(F)F)cc1,0,val
fc3778e59e5f12758a161679ea42336915da56e4,C=CCOc1cc(F)c(F)cc1C1CC1CN,1,train
e2df1a36b9f37b77a2691c9f90c86acca4accbe7,Cn1c(SCCCN2CC3CCN(c4ccc(C(F)(F)F)cc4)C3C2)nnc1-c1cc[nH]c(=O)c1,1,train
af0383f3fd659bba035f3fc27d745fe0443d15fc,Cn1c(SCCCN2CC3CCN(c4ccc(C(F)(F)F)cc4)C3C2)nnc1-c1ccc(=O)[nH]c1,1,train
f35ee8cd17e70140d11ad78b051f42f041414172,Cn1c(SCCCN2CC3CCN(c4ccc(C(F)(F)F)cc4)C3C2)nnc1-c1ccc(=O)n(C)c1,1,train
d7d388fb1569f4b8d2d94d8368682c3e5be02133,Cn1c(SCCCN2CC3CCN(c4ccc(F)cc4)C3C2)nnc1-c1cc[nH]c(=O)c1,1,train
cff5da13578a5d7144cb43c836ca19ee086c2f2a,Cn1c(SCCCN2CC3CCN(c4ccc(F)cc4)C3C2)nnc1-c1ccn(C)c(=O)c1,1,train
ce802b969e124a9d66cb8f83cb1617136c5fe79f,Cn1c(SCCCN2CC3CCN(c4c(F)cc(F)cc4F)C3C2)nnc1-c1ccn(C)c(=O)c1,1,train
0fd3214292ebea0d9a6d31185c14dceaf16f9185,Cn1c(SCCCN2CC3CCN(c4ccc(C(F)(F)F)cc4)C3C2)nnc1N1CCOCC1,1,train
0e562ce15891cd5d0927dc894f3e3c1cc3b4968b,Cn1c(SCCCN2CC3CCN(c4ccccc4)C3C2)nnc1C1CCOCC1,1,train
6d27037d7b4ed815add0555c18275fb1a3718543,Cn1c(SCCCN2CC3CCN(c4ccc(F)cc4)C3C2)nnc1C1CCOCC1,1,train
061e6f5b18ee6555441fff15c37795c6bc3c62c0,Cn1c(SCCCN2CC3CCN(c4ccc(C(F)(F)F)cc4)C3C2)nnc1C1CCCC1,1,train
f86b92fd376860fba092f98a7f8fac86a847e5c5,Cn1c(SCCCN2CC3CCN(c4ccc(C(F)(F)F)cc4)C3C2)nnc1C1CCCCC1,1,train
c5e0077857df6afed391c7e13eca6e52be44066a,Cn1c(SCCCN2CC3CCN(c4ccc(F)cc4)C3C2)nnc1C1CCCCC1,1,train
754d96b62830db3cd7cb64a39a47d380d2b42fb9,Cc1ncoc1-c1nnc(SCCCN2CC3CN(c4ccc(C(F)(F)F)cc4)C3C2)n1C,1,train
f5d65b0cda34293b35fa8ff2968a64176abce600,Cn1c(SCCCN2CC3CCN(c4ccccc4C(F)(F)F)C3C2)nnc1-c1ccccn1,1,train
2c6b0b55f5cf10699950cb37fe5f390e8e3dc455,Cn1c(SCCCN2CC3CCN(c4ccccc4C(F)(F)F)C3C2)nnc1-c1ccncc1,1,val
719604e2c6babeb3de0ca46595c6866229591da2,Cn1c(SCCCN2CC3CCN(c4ccccc4C(F)(F)F)C3C2)nnc1-c1cccnc1,1,train
64a2f08e5480227580ca80b27dbd693d7104b8de,Cn1c(SCCCN2CC3CCN(c4ccc(C(F)(F)F)cc4)C3C2)nnc1-c1ccccn1,1,train
75469d3073e09ca9b7e30fa8126afdbab7473ae7,Cn1c(SCCCN2CC3CCN(c4ccc(C(F)(F)F)cc4)C3C2)nnc1-c1cccnc1,1,train
401bc5c650ad5e417d65498cf640a7f0b5940cac,Cn1cc(-c2nnc(SCCCN3CC4CCN(c5ccc(C(F)(F)F)cc5)C4C3)n2C)cn1,1,test
9c2cf5cfbb3dd6fc49af7ae83650e5c695fb39e6,Cn1c(SCCCN2CC3CCN(c4ccc(C(F)(F)F)cc4)C3C2)nnc1-c1cccnn1,1,train
80d62e3481b199453b1bbaf209b8757120bc5833,Cn1c(SCCCN2CC3CCN(c4ccc(C(F)(F)F)cc4)C3C2)nnc1-c1ccncn1,1,train
3965533b6c0d2df1ac0e17b20b780ed740b7434f,Cn1c(SCCCN2CC3CCN(c4ccc(C(F)(F)F)cc4)C3C2)nnc1-c1cncnc1,1,train
8ddc5664128dce729cdee201ebfb9115dce75821,Cn1c(SCCCN2CC3CCN(c4c(F)cc(F)cc4F)C3C2)nnc1-c1cnccn1,1,train
ba5a66f4212ad8e455efac7f6bce664d1776769a,Cn1c(SCCCN2CC3CCN(c4c(F)cccc4F)C3C2)nnc1-c1cnccn1,1,train
d21eb54f12afbf298bbbf8a05f4d2b30f0405169,Cn1c(SCCCN2CC3CCN(c4c(F)cccc4C(F)(F)F)C3C2)nnc1-c1cnccn1,1,train
f4e6dc870646a8bd8b58bf2a88104383a1b4335b,Cn1c(SCCCN2CC3CCN(c4ccc(F)cc4C(F)(F)F)C3C2)nnc1-c1cnccn1,1,train
1f1ce85cc5a432c3a1fdd4f6c7e69504e7ff27f8,COc1cc(N2CCC3CN(CCCSc4nnc(-c5cnccn5)n4C)CC32)ccc1F,1,train
a3ccddb7afcd74a40add007bfe0dd7d647498f86,Cn1c(SCCCN2CC3CCN(c4ccc(F)cc4F)C3C2)nnc1-c1cnccn1,1,train
80a0eda765fa46b539af3fc87cbcb4b458fda60d,CC(C)Oc1ccccc1N1CCC2CN(CCCSc3nnc(-c4cnccn4)n3C)CC21,1,train
c1fe9bc67158bd20832ecae18b6d175e41334e12,Cn1c(SCCCN2CC3CCN(c4ccccc4C#N)C3C2)nnc1-c1cnccn1,1,train
c50b9cc8e5c6f896d057932c03f87fbc8d90877e,Cn1c(SCCCN2CC3CCN(c4cccc(C#N)c4)C3C2)nnc1-c1cnccn1,1,train
a1b1e4393a067f75219f038d4faae98eb868de02,Cn1c(SCCCN2CC3CCN(c4ccc(C#N)cc4)C3C2)nnc1-c1cnccn1,1,train
a5f72d7cc01afccc863077c14970a0736e44ac6a,Cn1c(SCCCN2CC3CCN(c4ccccc4OC(F)(F)F)C3C2)nnc1-c1cnccn1,1,train
f10bac25bfbd4921ada1ca739cfb687970037213,Cn1c(SCCCN2CC3CCN(c4cccc(OC(F)(F)F)c4)C3C2)nnc1-c1cnccn1,1,train
ca97bba7bf9e09de1240eceab0a5544b8eb7bdd6,COc1ccccc1N1CCC2CN(CCCSc3nnc(-c4cnccn4)n3C)CC21,1,train
7c704c4c7a33ad78dff20b6d05334d494933d323,COc1cccc(N2CCC3CN(CCCSc4nnc(-c5cnccn5)n4C)CC32)c1,1,train
24b71a562a02c269556bb9b40e70b0c4743ed039,COc1ccc(N2CCC3CN(CCCSc4nnc(-c5cnccn5)n4C)CC32)cc1,1,train
2a7014827e56d0ac6047fe3eedf37630df6e2c9b,Cc1ccccc1N1CCC2CN(CCCSc3nnc(-c4cnccn4)n3C)CC21,1,train
1e3595790fb80f625757c3209288e3f1e30ee75e,Cc1cccc(N2CCC3CN(CCCSc4nnc(-c5cnccn5)n4C)CC32)c1,1,train
176e0dbeba7d96b889040e28a54fde79743fb564,Cc1ccc(N2CCC3CN(CCCSc4nnc(-c5cnccn5)n4C)CC32)cc1,1,train
d46ffb1d2b53d0386ec20a8dd2765a2abdf783df,Cn1c(SCCCN2CC3CCN(c4ccccc4F)C3C2)nnc1-c1cnccn1,1,train
81c473793e6677be6a910d87eb94cdb5c33f3d2f,Cn1c(SCCCN2CC3CCN(c4cccc(F)c4)C3C2)nnc1-c1cnccn1,1,train
d282a041e257d2d6f2fa349d1291e8496d415836,Cn1c(SCCCN2CC3CCN(c4ccc(F)cc4)C3C2)nnc1-c1cnccn1,1,train
fc79152df94d928b87ea77697b9282a59f44e054,Cn1c(SCCCN2CC3CCN(c4ccccc4C(F)(F)F)C3C2)nnc1-c1cnccn1,1,train
169237bd7695fe1106348915aee8382c69dea9a5,Cn1c(SCCCN2CC3CCN(c4ccc(C(F)(F)F)cc4)C3C2)nnc1-c1cnccn1,1,train
a0447d9fd85b2a2eb9c64d7f781dd61184d9c58d,Cc1ncoc1-c1nnc(SCCCN2CC3CCN(c4ccccc4OC(F)(F)F)C3C2)n1C,1,train
91e2f539ee49860f1fded02e3f278cfc7f1a35f8,Cc1ncoc1-c1nnc(SCCCN2CC3CCN(c4c(F)cccc4F)C3C2)n1C,1,train
1b1ddfa8e0b48d0dcc4edd87225af674081047ff,Cc1ncoc1-c1nnc(SCCCN2CC3CCN(c4ccc(Cl)cc4Cl)C3C2)n1C,1,train
5b024f5614f54177af7400375aeaccd0e41df2bd,Cc1ncoc1-c1nnc(SCCCN2CC3CCN(c4cccc(C#N)c4)C3C2)n1C,1,train
5c74aa5af4820d367526660da35ca4fccd5ba153,Cc1ncoc1-c1nnc(SCCCN2CC3CCN(c4cccc(F)c4)C3C2)n1C,1,train
255c125843da5cb816ec2b7887f6099184ca6331,Cc1ncoc1-c1nnc(SCCCN2CC3CCN(c4ccc(F)cc4)C3C2)n1C,1,train
861800eaf45ca23580468e1913e196386bc638db,Cc1ncoc1-c1nnc(SCCCN2CC3CCN(c4ccc(C(F)(F)F)cc4F)C3C2)n1C,1,train
3ec9bdc635cdff2480cf631827079d6ccf22f84c,Cc1ncoc1-c1nnc(SCCCN2CC3CCN(c4ccc(C(F)(F)F)cc4)C3C2)n1C,1,train
0e08329756f9df858cd135624954f31bf9b882f5,Cc1ncoc1-c1nnc(SCCCN2CC3CCN(c4ccccc4)C3C2)n1C,1,train
ffc108c8042fa8df38e1a89de8386bc532611af7,COc1cccc(-c2c[nH]c([C@H]3Cc4c([nH]c5ccccc45)[C@](c4cnn(C)c4)(c4noc(C)n4)N3)n2)n1,1,train
c95be7d1b5b41af0ff7d8fa8c0995c263a703ac5,Cc1nc([C@@]2(c3cnn(C)c3)N[C@@H](c3nc(-c4ccc(F)cn4)c[nH]3)Cc3c2[nH]c2ccccc32)no1,1,train
363f9f74decd9df81f9d14ba602c4d91231876d1,Cc1nc([C@@]2(c3cnn(C)c3)N[C@@H](c3nc(-c4ccccn4)c[nH]3)Cc3c2[nH]c2ccccc32)no1,1,train
9f0b290def4b0de7aee658ee7078a91ef8938c0d,Cc1nc([C@]2(c3cnn(C)c3)N[C@@H](c3nc(-c4ccccn4)c[nH]3)Cc3c2[nH]c2ccccc32)no1,1,train
ee78a4f156fc3b084c106d90976518a67d77a1f1,Cc1nc([C@@]2(c3cnn(C)c3)N[C@@H](c3nc(-c4ccccc4)c[nH]3)Cc3c2[nH]c2ccccc32)no1,1,train
8c2256e034eb102b5922ed4841dd82c710d8a9e5,Cc1nc([C@]2(c3cnn(C)c3)N[C@@H](c3nc(-c4ccccc4)c[nH]3)Cc3c2[nH]c2ccccc32)no1,1,train
a98963700bd2a95885bc980e5f33b22b2de0be2f,COc1cccc(-c2c[nH]c([C@H]3Cc4c([nH]c5ccccc45)[C@@H](C4CCOCC4)N3)n2)n1,1,train
32d5723741fc0d7cbd7cacf4707fa2a8fc619462,Clc1ccc(-c2c[nH]c([C@H]3Cc4c([nH]c5ccccc45)[C@@H](C4CCOCC4)N3)n2)nc1,1,train
5d234fe4ebdceb8b8f27577506321f4b9c5f5e79,Fc1ccc(-c2c[nH]c([C@H]3Cc4c([nH]c5ccccc45)[C@@H](C4CCOCC4)N3)n2)nc1,1,train
3ccfe34c95acede98a10ca340558fbfca2051005,c1ccc2c3c([nH]c2c1)[C@@H](C1CCOCC1)N[C@@H](c1nc(-c2cscn2)c[nH]1)C3,1,val
4278bfd3d816c7730659b2d9b8f17fc5671e3cc4,c1cncc(-c2c[nH]c([C@H]3Cc4c([nH]c5ccccc45)[C@@H](C4CCOCC4)N3)n2)c1,1,val
46febedfef2353a2a40d20fb04bc7b54d9761f9f,c1ccc2c3c([nH]c2c1)[C@@H](C1CCOCC1)N[C@@H](c1nc(-c2ccncc2)c[nH]1)C3,1,train
a945d2077cd65bd38c7568e9061c6a31f701bf27,c1ccc(-c2c[nH]c([C@H]3Cc4c([nH]c5ccccc45)[C@@H](C4CCOCC4)N3)n2)nc1,1,train
a201605c84fa1c252eb7c595d30e4542ce5f0bb0,c1ccc2c3c([nH]c2c1)[C@@H](C1CCOCC1)N[C@@H](c1nc(-c2csc4ccccc24)c[nH]1)C3,1,val
d60da767b8a5e2df05032293f563c0fd323cae8c,Clc1ccc(-c2c[nH]c([C@H]3Cc4c([nH]c5ccccc45)[C@@H](C4CCOCC4)N3)n2)s1,1,train
1d155e74245cefc6e9e4cf028fffcffaaddf7bf7,c1ccc2c3c([nH]c2c1)[C@@H](C1CCOCC1)N[C@@H](c1nc(-c2ccsc2)c[nH]1)C3,1,test
6ef53acb295b27b09ca34b184e4d22a2c9f198f2,Fc1ccc(-c2c[nH]c([C@H]3Cc4c([nH]c5ccccc45)[C@@H](C4CCOCC4)N3)n2)c(F)c1,1,train
ed0e3639719dba71fb09defcd2e4cc5cbf88d232,Fc1ccc(-c2c[nH]c([C@H]3Cc4c([nH]c5ccccc45)[C@@H](C4CCOCC4)N3)n2)cc1F,1,train
d104654d8de32116b4697368d74189e055d21890,O=C(O)c1cccc(-c2c[nH]c([C@H]3Cc4c([nH]c5ccccc45)[C@@H](C4CCOCC4)N3)n2)c1,1,train
f7d812576a87a10b46bb01bc9cd79e8c9978bd8b,c1ccc(-c2ccc(-c3c[nH]c([C@H]4Cc5c([nH]c6ccccc56)[C@@H](C5CCOCC5)N4)n3)cc2)cc1,1,train
b3b2dc0e55d99afa691ea00f1bfae28aa2cdb4a1,FC(F)(F)Oc1cccc(-c2c[nH]c([C@H]3Cc4c([nH]c5ccccc45)[C@@H](C4CCOCC4)N3)n2)c1,1,train
54560716a9e2f91eb71575d9c6ad85f31970212d,FC(F)(F)Oc1ccc(-c2c[nH]c([C@H]3Cc4c([nH]c5ccccc45)[C@@H](C4CCOCC4)N3)n2)cc1,1,train
455c1456d7f514031348c93ee35a7f4b04970cce,COc1cccc(-c2c[nH]c([C@H]3Cc4c([nH]c5ccccc45)[C@@H](C4CCOCC4)N3)n2)c1,1,train
8df39ef11c6013e83f17f55dae913bbef6514beb,COc1ccc(-c2c[nH]c([C@H]3Cc4c([nH]c5ccccc45)[C@@H](C4CCOCC4)N3)n2)cc1,1,train
f6f9a69d79ffb5dcd5e2b1fdfc621a70798f45b5,Oc1ccc(-c2c[nH]c([C@H]3Cc4c([nH]c5ccccc45)[C@@H](C4CCOCC4)N3)n2)cc1,1,train
05644d2926294e7c30b9a53a81f0eb3cee07cf3f,FC(F)(F)c1ccc(-c2c[nH]c([C@H]3Cc4c([nH]c5ccccc45)[C@@H](C4CCOCC4)N3)n2)cc1,1,train
313b553116c7b7e1116fca59ca80054e289ce66b,Cc1ccc(-c2c[nH]c([C@H]3Cc4c([nH]c5ccccc45)[C@@H](C4CCOCC4)N3)n2)cc1,1,train
5f9790710159645bdc7efeeff87b89ef931d0075,Clc1ccc(-c2c[nH]c([C@H]3Cc4c([nH]c5ccccc45)[C@@H](C4CCOCC4)N3)n2)cc1,1,train
a1803044974fda2651e73730b77ca6980fc0829b,Fc1ccccc1-c1c[nH]c([C@H]2Cc3c([nH]c4ccccc34)[C@@H](C3CCOCC3)N2)n1,1,train
1d7e6c3469782b5359c9eca62331e34d1b8c5f17,Fc1cccc(-c2c[nH]c([C@H]3Cc4c([nH]c5ccccc45)[C@@H](C4CCOCC4)N3)n2)c1,1,train
a11683410c568a0ceb55c52beeabdf4b7d7a5b20,c1ccc2c3c([nH]c2c1)C(C1CCOCC1)NC(c1nc(C24CC5CC(CC(C5)C2)C4)c[nH]1)C3,1,test
de5ca2b433ecbfd4bde45ed68ed15970903d608f,CC(C)(C)c1c[nH]c(C2Cc3c([nH]c4ccccc34)C(C3CCOCC3)N2)n1,1,train
9b175af399e7489962d317bd5d59b5c9c512044a,c1ccc2c3c([nH]c2c1)C(C1CCOCC1)NC(c1nc(C2CCCCC2)c[nH]1)C3,1,test
bd12bcad0a4e93adea8f550c866fa8b9167baccb,CC1(c2nc(-c3ccccc3)c[nH]2)Cc2c([nH]c3ccccc23)C(C2CCOCC2)N1,1,train
14ee4a75024712761a4468659d8de048694244cd,Cc1cc(C)n(Cc2ccc(C(=O)NCC3(c4nc(-c5ccccc5)cs4)CCOCC3)cc2)n1,0,train
2d736d8490c7f3b38c85c4a93e70730975fb59fc,CC(C)(C)NC(=O)c1c2ccccc2c(O)n1Cc1ccccc1-c1ccccc1,0,train
02a1373424327b835114f70d7ebd008769e24181,CCCCNC(=O)c1c2ccccc2c(O)n1CC(C)c1ccc(Cl)cc1,0,test
7c980edb916640bc9328e8d2823deefdb50bc4b9,Cc1c(O)ccc2c(C(=O)NC(C)(C)C)n(Cc3ccccc3-c3ccccc3)c(O)c12,0,train
992033dac83587f364e3d06e428d54125a93e3b4,CC(C)(C)NC(=O)c1c2ccc(O)cc2c(O)n1Cc1ccccc1-c1ccccc1,0,train
15cd3b9c8ab2a36e43baadf22bc36b170b8367bd,CC(C)(C)NC(=O)c1c2ccc(NS(C)(=O)=O)cc2c(O)n1Cc1ccccc1-c1ccccc1,0,train
600c4c6cd3e16467f116b28c7eceb3aa1dc39c5c,CC(C)(C)NC(=O)c1c2c(O)cccc2c(O)n1Cc1ccccc1-c1ccccc1,0,train
9b3b9be6732c09a095adb0166cd0251041acdc92,COc1ccc2c(C(=O)NC(C)(C)C)n(Cc3ccccc3-c3ccccc3)c(O)c2c1C,0,train
7a975c2bf086341abea3488b0a6cd5087ed83dd6,Cc1c(OC(F)F)ccc2c(C(=O)NC(C)(C)C)n(Cc3ccccc3-c3ccccc3)c(O)c12,0,train
f865e8c524107f3a2780b8057ec7715fbd043d33,Cc1c(OCF)ccc2c(C(=O)NC(C)(C)C)n(Cc3ccccc3-c3ccccc3)c(O)c12,0,train
ba784777351377d90f76691546f01f144d8253fd,COc1ccc2c(C(=O)NC(C)(C)C)n(Cc3ccccc3-c3ccccc3)c(O)c2c1,0,train
a8bbad83b2407bd9a62e1beb1174be1b6d98fbc8,CC(C)(C)NC(=O)c1c2ccccc2c(O)n1Cc1ccccc1-c1ccc(F)cc1,0,train
0fcca32cbfc49c8464b5b26390d2ca72dfc6e259,Cc1c(O)ccc2c(C(=O)NC(C)(C)C)n(Cc3ccccc3-c3ccc(F)c(F)c3)c(O)c12,0,train
70e64a7b5d233c2e1deda6ba5b0318f19e13231e,CCCC(=O)OC(C(=O)N1N=CCC1C(=O)NCc1cc(Cl)ccc1-n1cnnn1)c1ccc(F)cc1,0,train
a9e6c0a60a2cd9485a7af53ecc3d0506dc213e1e,CCCCC(=O)OC(C(=O)N1N=CCC1C(=O)NCc1cc(Cl)ccc1-n1cnnn1)c1ccc(F)cc1,0,train
35fad2458e51e9e825a0bdaf6a436c4c31a65ee1,O=C(OC(C(=O)N1N=CCC1C(=O)NCc1cc(Cl)ccc1-n1cnnn1)c1ccc(F)cc1)c1ccccc1,1,test
f3d852c4c1da646a29b2e60e1c9db5d53e2f67a2,COc1cc2c(cc1Nc1ncc(Cl)c(Nc3ccccc3S(=O)(=O)C(C)C)n1)CC/C(=N\N1CCN(C)CC1)C2(C)C,0,train
47db486d895237a9377601ce641f21ddaa4f32b3,COc1cc2c(cc1Nc1ncc(Cl)c(Nc3ccccc3S(=O)(=O)C(C)C)n1)CCC(N)C2(C)C,0,val
b10adc98e5e74547107d395095a22b14e12d1253,O=C(c1nnc(-c2ccc(Cl)cc2)o1)N1CCC(Oc2ccc(CN3CCCC3)cc2)CC1,1,train
1d2ed941d948769f8c69a47e7f60a8e880b472f9,O=C(c1nnc(-c2ccccc2)o1)N1CCC(Oc2ccc(CN3CCCC3)cc2)CC1,0,train
f73ba7e7b044bba047960d5c42c418749fe1d2e8,COc1ccc(-c2nnc(C(=O)N3CCC(Oc4ccc(CN5CCCC5)cc4)CC3)o2)cc1,0,train
d1ad3ee12439fdca2a7b019576b6eadd37ad57fe,O=C(c1nnc(-c2ccc(OC(F)F)cc2)o1)N1CCC(Oc2ccc(CN3CCCC3)cc2)CC1,1,train
f5475001323cb8e28e9ac2bbd40f043805d51523,O=C(c1nnc(-c2ccc(F)cc2)o1)N1CCC(Oc2ccc(CN3CCCC3)cc2)CC1,1,train
78065ec8a5152d3233a8d9aeea89ce562dc2c517,O=C(c1nnc(-c2ccccc2Cl)o1)N1CCC(Oc2ccc(CN3CCCC3)cc2)CC1,1,train
c1ad8990ad7d69d6fb6ffc23227fb15a62b8f4ff,COc1ccc(-c2nnc(C(=O)N3CCC(Oc4ccc(CN5CCCC5)nc4)CC3)o2)cc1,0,val
694f5afdf0f8555f1430ceb70e3b730c9f972939,COc1ccc(-c2nnc(C(=O)N3CCC(Oc4ccc(CN5CCN(C)CC5)cc4)CC3)o2)cc1,0,val
3ddf897d75678a2b38af45573e98fdda7604766c,COc1ccc(-c2nnc(C(=O)N3CCC(Oc4ccc(CN5CCOCC5)cc4)CC3)o2)cc1,0,test
5a94acb2de0ce7c6bc4f9f96b07c0833452b81f9,COc1ccc(-c2nnc(C(=O)N3CC(Oc4ccc(CN5CCOCC5)c(OC)c4)C3)o2)cc1,1,test
f82ec328ab740a669f8a73bf1ea6a58df11f0624,O=C(c1nnc(-c2ccccc2)o1)N1CCC(Oc2ccc(CN3CCC(O)C3)cc2)CC1,0,train
283371cf9fda8d51fd32da87e75b6ba7167a8e83,COc1ccc(-c2nnc(C(=O)N3CCC(Oc4ccc(CN5CCC(O)C5)cc4)CC3)o2)cc1,0,train
d4360659425739bdee8e43ddce956d9e1ed26364,COc1ccc(-c2nnc(C(=O)N3CC(Oc4ccc(CN5CCC(C)(O)C5)cc4)C3)o2)cc1,0,train
3e4dc8df82f8c5ba4ff84e27538f6d2b7de4f703,COc1ccc(-c2nnc(C(=O)N3CC(Oc4ccc(CN5CC(OC)C5)cc4)C3)o2)cc1,1,test
56c942c00ba945028ad99d46796b04a47ec79673,COc1ccc(-c2nnc(C(=O)N3CCC(Oc4ccc(CN5CC(O)C(C)(C)C5)cc4)CC3)o2)cc1,1,train
b6724197a4cff53c028dc169633a04611ab30e33,COc1ccc(-c2nnc(C(=O)N3CC(Oc4ccc(CN(C)CC5(C)COC5)cc4)C3)o2)cc1,0,train
2f1d4f51e2c83e5a3f5ad616a2640217c86caf8c,CN(Cc1ccc(OC2CN(C(=O)c3nnc(-c4ccccc4)o3)C2)cc1)CC1(C)COC1,0,train
96b18cd87daf0860be28914e1056d4cc6ada3f8a,COc1ccc(-c2nnc(C(=O)N3CC(Oc4ccc(CN5CCCOCC5)cc4)C3)o2)cc1,0,test
b742d31fe7a38fcfa5f8829730d9c320586e4b62,COc1ccc(-c2nnc(C(=O)N3CC(Oc4ccc(CN5CCCC56COC6)cc4)C3)o2)cc1,0,train
41800f8f9892827b7e991424e3dee3bacfa3eb5d,COc1ccc(-c2nnc(C(=O)N3CC(Oc4ccc(CN5CC6(CCOC6)C5)cc4)C3)o2)cc1,0,train
506767f5bbb69a96e9ffa44530b543bc8dc1a12a,O=C(c1nnc(-c2ccccc2)o1)N1CC(Oc2ccc(CN3CC4(CCOC4)C3)cc2)C1,0,train
25ea8a7833784dd3ebb688c8c57168ae7f74a626,COc1ccc(-c2nnc(C(=O)N3CC(Oc4ccc(CN5CC6(CCCO6)C5)cc4)C3)o2)cc1,0,train
9bfac6739776d0c2e114ee316f1f34c4f6cf631a,O=C(c1nnc(-c2ccccc2)o1)N1CC(Oc2ccc(CN3CC4(CCCO4)C3)cc2)C1,1,train
5419fc94261eaad51acb350d96203243be7f307b,COc1ccc(-c2nnc(C(=O)N3CC(Oc4ccc(CN5CC6(COC6)C5)cc4)C3)o2)cc1,0,train
9a6fe388a8651bc88ca11e8012bbb5a63cb7190e,O=C(c1nnc(-c2ccccc2)o1)N1CC(Oc2ccc(CN3CC4(COC4)C3)cc2)C1,0,train
53196a44cd3881a6be9b8b2293b80a3951ab5195,Cc1cc(CN(C)C)ccc1OC1CN(C(=O)c2nnc(-c3ccccc3)o2)C1,1,train
f46814bbaf72cfa7a4ef5b3ec840cd85546459b3,COc1ccc(-c2nnc(C(=O)N3CC(Oc4ccc(CN(C)C)c(C)c4)C3)o2)cc1,1,train
65daf883785a2f6061702fa2624b4682a507566f,COc1ccc(-c2nnc(C(=O)N3CC(Oc4ccc(CN(C)C)c(F)c4)C3)o2)cc1,0,train
99582948f33187d02c98cd16e585ebab8390de7c,COc1ccc(-c2nnc(C(=O)N3CC(Oc4ccc(CN(C)C)cc4)C3)o2)cc1,0,train
820c64ff7bd3347811d12d1480b30d6ddae62f3f,COc1ccc(-c2nnc(C(=O)N3CC(Oc4ccc(CN5CCCC5)cc4)C3)o2)cc1,1,train
3417a3a965db989213aaf0595f7651a0a03f43d3,O=C(c1nc(-c2ccccc2)no1)N1CCC(Oc2ccc(CN3CCCC3)cc2)CC1,1,train
5ce98a34a8489c65c43509730f649a4cab099493,Cc1oc(-c2ccccc2)nc1C(=O)N1CCC(Oc2ccc(CN3CCCC3)cc2)CC1,1,train
df05ddba9ce8b3c5d9e6e72072ca45221508e297,Cn1nc(C(=O)N2CCC(Oc3ccc(CN4CCCC4)cc3)CC2)cc1-c1ccccc1,1,test
4b801dfaf4574404dc9f8c1eec62906aabcf4ebc,O=C(c1noc(-c2ccccc2)n1)N1CCC(Oc2ccc(CN3CCCC3)cc2)CC1,1,val
adaf4a304bf664c0000f9f22662b949f891ef886,O=C(c1cc(-c2ccccc2)on1)N1CCC(Oc2ccc(CN3CCCC3)cc2)CC1,1,train
aa95870dbb69a1e0bc2f24b00c1b0236bfe09162,Nc1ncnc2c1c(-c1cccc(OCc3ccccc3)c1)cn2[C@H]1C[C@@H](CN2CCC2)C1,1,train
cd6afc59cea2485032fbc4f04c39b7016bf64008,Nc1ncnc2c1c(-c1cccc(O)c1)cn2[C@H]1C[C@@H](CN2CCC2)C1,1,test
0592d1b925e517d18cac962570ae6e45ed7720a9,Nc1ncnc2c1c(-c1cccc(OC[C@@H]3CCCO3)c1)cn2[C@H]1C[C@@H](CN2CCC2)C1,1,test
b7d207308b5fa84b888a5cea004d151401191938,Nc1ncnc2c1c(-c1cccc(OCC34CCC(CC3)O4)c1)cn2[C@H]1C[C@@H](CN2CCC2)C1,1,train
58678fd6237642c9590890b75d016623aa1feea2,CC(=O)N1CCN([C@H]2C[C@@H](n3cc(-c4cccc(OCC56CCC(CC5)O6)c4)c4c(N)ncnc43)C2)CC1,0,test
ba2d711f258bcf75793794a20f405e9222efbeba,C=CC(=O)Nc1cccc(Oc2nc(Nc3ccc(N4CCN(C)CC4)cc3)nc3[nH]ccc23)c1,1,train
af93bfe48208691585aefd7ce55cd981b45a7b68,Cc1cc(F)ccc1C1CCN(CC2Cc3ccccc3CN2)CC1,1,train
b54b4f4978d813f60099f950cbf3dd325a888075,Cc1cc(F)ccc1C1CCN(CC2Cc3c(Cl)ccc(O)c3CN2)CC1,1,train
00921ba7cb2dda6bd62faf97320eb14e957a5b2c,CN1C(=O)c2ccccc2CC1CN1CCC2(CCc3ccccc32)CC1,1,train
82d165bc17d5be28f819d3b6b9855620d0d62656,CC(=O)N1Cc2ccccc2CC1CN1CCC2(CCc3ccccc32)CC1,1,train
077ce2f686b3ad1a2283f69cb35482cc340e3412,Oc1ccc(Cl)c2c1CNC(CN1CCC3(CCc4ccccc43)CC1)C2,1,train
e4db60c5ecd416209ebb6c4ef0068c56496763fa,Oc1ccc(Br)c2c1CNC(CN1CCC3(CCc4ccccc43)CC1)C2,1,train
503ad062fa60aa37ebadef48e65ae8c460317e81,Oc1cccc2c1CNC(CN1CCC3(CCc4ccccc43)CC1)C2,1,train
22455a394e2345e340aadf872f81124ded66f0de,Oc1ccc2c(c1)CC(CN1CCC3(CCc4ccccc43)CC1)NC2,1,train
48007d211fb95bf3f895cafff9380b4f54fe6942,c1ccc2c(c1)CC(CN1CCC3(CCc4ccccc43)CC1)CO2,1,train
73655284ee6e712cecadc77d36d0d92cac7541fa,O=c1cnc2ccc(F)c3c2n1C[C@H]3CN1CCC(NCc2cc3c(nn2)OCCO3)CC1,0,val
36118ecca8c996f2b42584faa66b0624c36cde57,O=C1OCc2cc(/C=C/C3CCN(C(=O)Cc4ccc(-n5cnnn5)cc4)CC3)ccc21,1,test
f170f3e671b3dd0cb7d2682a9fe3704c5a303b4e,O=C1OCc2cc(CCC3C4CN(C(=O)Cc5ccc(-n6cnnn6)cc5)CC34)ccc21,1,test
a20d6fe85f5c33135a02ee230cfe31667c2fee19,O=C1OCc2cc(CCC3CCN(C(=O)Cc4ccc(-n5cnnn5)nc4)CC3)ccc21,1,test
db1628f9f53bfa3dfac0145a993aa67d0bf14e00,O=C1OCc2cc(CCC3CCN(C(=O)Cc4ccc(-n5cnnn5)cn4)CC3)ccc21,1,test
f1c028ff4a842399cfe33a013338df9cb9abc415,O=C1OCc2cc(CCC3(F)CCN(C(=O)Cc4ccc(-n5cnnn5)cc4)CC3)ccc21,1,train
7b99206491dc8c2bcd4968e4fc39c912cd0f1108,O=C1OCc2cc(CCC3(O)CCN(C(=O)Cc4ccc(-n5cnnn5)cc4)CC3)ccc21,1,train
2262fe585ba78ae52d6bfa1b69f26cce7f3b8997,Cc1c(CCC2CCN(C(=O)Cc3ccc(-n4cnnn4)cc3)CC2)ccc2c1COC2=O,1,train
93ec789ba22804bd6db023c4af91ae7e13d29f00,O=C1OCc2cc(CCN3CCN(C(=O)Cc4ccc(-n5cnnn5)nc4)CC3)ccc21,1,train
6348a3de199658723c99c7dfbfc403046241aa81,O=C1OCc2cc(CCN3CCN(C(=O)Cc4ccc(-n5cnnn5)cn4)CC3)ccc21,0,train
678925b221442634490420d5e7325811f4515898,O=C1OCc2nc(CCN3CCN(C(=O)Cc4ccc(-n5cnnn5)cc4)CC3)ccc21,0,test
53727b42bdac2cdf8276ecd682ff865d01203e28,O=C1OCc2cc(CCC3CCN(C(=O)Cc4ccc(-n5cnnn5)cc4)CC3)ccc21,1,train
4eb38bd6a9802f320504c53e375c4632e535d5c0,Cc1c(CCN2CCN(C(=O)Cc3ccc(-n4cnnn4)cn3)CC2)ccc2c1COC2=O,0,train
ed50fa76ac779adcc765e5cc99da88f51482cd59,Cc1c(CCN2CCN(C(=O)Cc3ccc(-n4cnnn4)nc3)CC2)ccc2c1COC2=O,0,train
39ecec4c0eea955ccbeceaebc96eb6d8f093ca22,Cc1c(CCN2CCN(C(=O)Cc3cnc(-n4cnnn4)cn3)CC2)ccc2c1COC2=O,0,test
e97ada8a97dffa1454617ce3fd0ae063a56c67c6,Cc1cc(-n2cnnn2)cnc1CC(=O)N1CCN(CCc2ccc3c(c2C)COC3=O)CC1,0,train
3c70e9b54c6b5b6394691f060bd1c88eeb34e8fb,Cc1cc(-n2cnnn2)ncc1CC(=O)N1CCN(CCc2ccc3c(c2C)COC3=O)CC1,1,train
dc44de77e221eda6a8c3a5685d23070d114babda,Cc1nc(-n2cnnn2)ccc1CC(=O)N1CCN(CCc2ccc3c(c2C)COC3=O)CC1,1,train
859058a98cf5406235375afafb28b2bf3d3b046a,Cc1cc(-n2cnnn2)ncc1C(C)C(=O)N1CCN(CCc2ccc3c(c2C)COC3=O)CC1,0,train
284358d1c68accdc5f12c5226875eb7028dcae6f,Cc1nc(-n2cnnn2)ccc1C(C)C(=O)N1CCN(CCc2ccc3c(c2C)COC3=O)CC1,1,train
506d20e64e7b37e7fe24bb65874dd92f402ff83c,Cc1c(CCN2CCN(C(=O)Cc3cncc(-n4cnnn4)c3)CC2)ccc2c1COC2=O,0,train
d09e235e2a11e9741c0a6891197749cdee405e7a,Cc1c(C(C)CN2CCN(C(=O)Cc3ccc(-n4cnnn4)nc3)CC2)ccc2c1COC2=O,0,train
f35aba62c6872b35f5e4387061df49eab0d91c12,Cc1c(C(F)CN2CCN(C(=O)Cc3ccc(-n4cnnn4)nc3)CC2)ccc2c1COC2=O,0,train
285f5284082553e366312333e46455077112d0e7,Cc1c(C(O)CN2CCN(C(=O)Cc3ccc(-n4cnnn4)nc3)CC2)ccc2c1COC2=O,0,train
9f8d415eed649e7f0ca649b1e4f64822821ac2de,COc1c(C(O)CN2CCN(C(=O)Cc3ccc(-n4cnnn4)nc3)CC2)ccc2c1COC2=O,0,train
0485a7eefa7e9a1320013106fa3211e6d5669b51,CN(C)C(=O)c1cc(CN2CCOc3c(F)cccc32)c2oc(N3CCOCC3)cc(=O)c2c1,0,val
a6cc357d347d700b200f605941c38bfd05a80bd5,O=C(O)C1CN(Cc2ccc(-c3noc(-c4onc(-c5ccccc5)c4C(F)(F)F)n3)cc2)C1,0,val
c49aec3ca5c6315ebc2c3f9d74cb6abfdbd71718,COc1nc(N2CC3C(=O)N(C)C(N)=N[C@@]3(c3ccc(F)cc3F)C2)nc(C)c1F,1,train
7d7d7858b02f9d8b5ea3512886a5a696cca1b5c0,CNC(=O)c1cc(Oc2ccc3nc(NC(=O)c4cc(C(F)(F)F)cc(C(F)(F)F)c4)sc3c2)ccn1,0,train
cba33a219978f03a07a70d173898d5d4851b82fe,CC(C)CS(=O)(=O)n1ccc2c(-c3ccc(C(F)(F)F)cc3)cc(N3CCN(C)CC3)nc21,1,train
c58243be97d0151427106aee35aeb4f9826ad7d8,CC(C)CS(=O)(=O)n1ccc2c(-c3ccc(C(F)(F)F)cc3)cc(N3CCNCC3)nc21,1,train
4f9cc5efb9d97269f7b9fd1b0a3890e5a9105d3e,O=C1N[C@H](c2cncc(C#Cc3ccccc3)c2)[C@@H](c2cc(F)ccc2F)O1,1,train
6ee9b79056ae20e13dab803de6ae0a40713cc726,Cc1cc2ncc3c(n2n1)CN([C@H]1CC[C@H](c2cc(F)c(F)cc2F)[C@@H](N)C1)C3,1,train
f8d8130242714ca13e58adfaf9c3d8b387b9fd6c,Cc1cc2ncc3c(n2n1)CN([C@H]1CO[C@H](c2cc(F)c(F)cc2F)[C@@H](N)C1)C3,1,train
6d8c21ecb0357fb148fe2f35b49be3b05221c068,N[C@H]1C[C@@H](N2Cc3cnc4nnc(C5CC5)n4c3C2)CC[C@@H]1c1cc(F)c(F)cc1F,1,val
446c726ef5b359e9bbe1b733917a6edcd1198564,Cc1ccn2nc3c(c2n1)CN([C@H]1CO[C@H](c2cc(F)ccc2F)[C@@H](N)C1)C3,0,train
d08cc374040ffdea25a1c68ee020c0d0677a832a,Cc1ccnc2c3c(nn12)CN([C@H]1CO[C@H](c2cc(F)ccc2F)[C@@H](N)C1)C3,0,train
8e3e5e8347156bc17b48a0065bb0f2572d9c1251,N[C@H]1C[C@@H](N2Cc3nn4nccnc4c3C2)CO[C@@H]1c1cc(F)ccc1F,0,test
bd9f1202e84c631e42bcb0dbbdb656d23b0546fa,O=c1ccc(OCCCN2CCCCC2)nn1-c1ccc(Cl)cc1,1,train
6c044cbd0e9738fdf07a8096277c94996bbe49d0,O=c1ccc(OCCCN2CCCCC2)nn1-c1ccc(Cl)c(Cl)c1,1,train
cef248546de45ee236b659004526a841a44b6263,O=c1ccc(OCCCN2CCCCC2)nn1-c1ccc(F)c(Cl)c1,1,train
6e9c226486ddaa34f9120700b47a6c0d7a88231c,O=c1ccc(OCCCN2CCCCC2)nn1-c1ccc(F)c(F)c1,1,train
a70f80d73f29c6f0b0c9f4741786da84ce9bdd38,CC1CCN(CCCOc2ccc(=O)n(-c3ccc(Cl)cc3)n2)CC1,1,train
5f98edd337b6603080c32be3af82717c29e9794f,CC1CCN(CCCOc2ccc(=O)n(-c3ccc(Cl)c(Cl)c3)n2)CC1,1,train
c619072d828e24684cd72a5d5ae266e5ae221e4a,CC1CCN(CCCOc2ccc(=O)n(-c3ccc(F)c(Cl)c3)n2)CC1,1,train
183c6f95a7e72cff745da8bd0a057b2c317b9359,CC1CCN(CCCOc2ccc(=O)n(-c3ccc(F)c(F)c3)n2)CC1,1,train
ac3e9f90e9d840b8ee8d7c51eea62f9d820efa5b,CNC(=O)c1cccc(OCCCCN2CCC(c3noc4cc(F)ccc34)CC2)c1,1,train
7f8603885c3c6ac8bc627d4d3ebc05c5671cd3da,CNC(=O)c1cc(OCCCCN2CCC(c3noc4cc(F)ccc34)CC2)ccc1F,1,train
1a92fa7ef30b6c109e57b1ccf07407de68db457f,CC(=O)Nc1ccc2c3c(cccc13)C(=O)N(CCCCN1CCC(Nc3nc4ccccc4n3Cc3ccc(F)cc3)CC1)C2=O,1,train
f80cd2959ef0f4f6e6378b569451f6de2f82bf87,O=[N+]([O-])c1ccc(NCCCCN2CCC(Nc3nc4ccccc4n3Cc3ccc(F)cc3)CC2)c2nonc12,1,train
a2c98558f8b4d7adeb38d389cbd8d3cd76ccaf73,CCN(CC)c1ccc2cc(C(=O)NCCCCN3CCC(Nc4nc5ccccc5n4Cc4ccc(F)cc4)CC3)c(=O)oc2c1,1,train
56d0cf822f3d6aa4f43e99313bf34a17389ad386,COc1cnc(C(=O)Nc2cc(F)c(F)c([C@]3(C)C[C@@H](c4c(C)noc4C)SC(=N)N3)c2)cn1,1,test
928c34a2ddcff6e7ca2243e9e167e90c018b0ec5,CC(=O)Nc1cc(Nc2cc(NC3CC3)n3ncc(C#N)c3n2)ccc1N(C)CCN(C)C,1,train
50a92939cb062d38ad810ec2ca29a2c29fd32264,C[C@H]1Cc2c(ncnc2Oc2ccc3c(ccn3C(=O)Nc3cc(C4(C(F)(F)F)CC4)on3)c2)CN1,1,val
05fdba6b7ff4cd09b3ae07df118159508e66d188,C[C@H]1Cc2c(ncnc2Oc2ccc3ccn(C(=O)Nc4cc(C5(C(F)(F)F)CC5)on4)c3c2)CN1,1,train
542bce96236a9dd059a8e500409297bb59113a49,CC(C)(C)c1cc(NC(=O)n2ccc3ccc(Oc4ncnc5c4CNC5)cc32)no1,0,train
26089b458a492a0e25dd51380b2b95ad8fa89ebe,CC(C)(C)c1cc(NC(=O)n2ccc3nc(Oc4ncnc5c4CNC5)ccc32)no1,0,train
62230b57bf54313f615dee4a5bc0e6dc75ca4105,CC(C)(C)c1cc(NC(=O)c2cnc3cc(Oc4ncnc5c4CNC5)ccn23)no1,1,val
d3021a6cec58a81f0ca89d00580d537124276a9f,CC(C)(C)c1cc(NC(=O)n2ccc3cc(Oc4ncnc5c4CNC5)cnc32)no1,1,train
d37fef0cc8118703e2dc0d7cb79622b1cf2f569e,CC(C)(C)c1cc(NC(=O)n2ncc3cc(Oc4ncnc5c4CNC5)ccc32)no1,1,val
95f4e6079fe84e1f07f9b3d2a7cc3e18a18b4abd,Cn1c(O)cn2c(=O)c3c(nc(N4CCC[C@@H](N)C4)n3Cc3cc(F)ccc3C#N)nc12,0,test
726974300563a72e871c7a2d844dcf770dc307f4,CN(C/C=C/c1ccc(C(F)(F)F)cc1)Cc1cccc2ccoc12,1,val
de73caa0a1fb32d047e8a2392f9790dfd9aa0725,CC(C)Oc1cc([C@@](Cc2ccccc2)(NC[C@H](O)CC(F)(F)F)c2cc(F)cc(OC(F)(F)C(F)F)c2)ccc1F,0,train
89e984935487f195c86ece730e7ba8cd614d7305,CC(C)Oc1cc([C@@](Cc2ccccc2)(NC[C@@H](O)C(F)(F)F)c2cc(F)cc(OC(F)(F)C(F)F)c2)ccc1F,0,train
a51a114dd7f336423815cb6c15b35d9cbe549f2a,CC(C)Oc1cc([C@@](Cc2ccccc2)(NC[C@H](O)C(F)(F)F)c2cc(F)cc(OC(F)(F)C(F)F)c2)ccc1F,0,train
a57c55abcb35b06b0787735cc0ffd8922c97658b,CC(C)Oc1cc([C@@](Cc2ccccc2)(NC[C@@H](O)CC(F)(F)F)c2cc(F)cc(OC(F)(F)C(F)F)c2)ccc1F,0,train
8b4a49fa0cc52951a77e2c52c1f27e81928a7844,CC(=O)N1CCC(n2cc(Nc3ncc(Cl)c(-c4cnc5ccccn45)n3)cn2)CC1,1,train
91c63dd65999ee542c55474e41e47c3768216b44,COc1nn(C2CCN(C(C)=O)CC2)cc1Nc1ncc(Cl)c(-c2cnc3ccccn23)n1,1,train
1bbdbdc6b28ea8cdab1a1492caa147c6616ca242,CC(=O)N1CCC(n2cc(Nc3ncc(Cl)c(-c4cnc5ccccn45)n3)c(C)n2)CC1,1,train
0e642aaca0fbad370b5b91e96c7143fbbc728c11,Cc1nn(C2CCNCC2)cc1Nc1ncc(Cl)c(-c2cnc3ccccn23)n1,0,train
c085c2275aabbff8a4cd7ef4a659ddb8aa8ec93b,CC(=O)N1CCC(n2ncc(Nc3ncc(Cl)c(-c4cnc5ccccn45)n3)c2C)CC1,0,train
fffac29a1356c8b1621d64b7729fe7cdad6dcf26,CC(=O)N1CCC(n2nc(C)c(Nc3ncc(Cl)c(-c4cnc5ccccn45)n3)c2C)CC1,0,train
9352906a74882e520908c71f3271c34b6ef2c764,COc1nn(C2CCN(C(C)=O)CC2)cc1Nc1ncc(Cl)c(-c2cnn3ccccc23)n1,1,train
da37a202871a68db02262fba1b95e658d65a3892,CC(=O)N1CCC(n2cc(Nc3ncc(Cl)c(-c4cnn5ccccc45)n3)c(C)n2)CC1,1,train
d324213ac9aacbb5ed28b116c36894da1b0fbb78,Cc1nn(C2CCNCC2)c(C)c1Nc1ncc(Cl)c(-c2cnn3ccccc23)n1,0,train
4fab556f792a7169ecdbc659f2602f4832ee615c,CC(=O)N1CCC(n2nc(C)c(Nc3ncc(Cl)c(-c4cnn5ccccc45)n3)c2C)CC1,0,train
432b38ec978cc8403165308b3bcf4cb22bc4a874,CCOc1nn(C2CCN(C(C)=O)CC2)cc1Nc1ncc(Cl)c(-c2cnn3ccccc23)n1,1,train
d274e474532493a1a305da30bbbfa18323c6d42f,CCc1nn(C2CCN(C(C)=O)CC2)cc1Nc1ncc(Cl)c(-c2cnn3ccccc23)n1,1,train
17ee3024636093157a01b25fc7dc44f5999b1e23,CCc1c(Nc2ncc(Cl)c(-c3cnn4ccccc34)n2)cnn1C1CCN(C(C)=O)CC1,0,train
fcc36443ff717506ebab38421ad7cba11e2e1115,Cc1nn(C2CCN(CCO)CC2)c(C)c1Nc1ncc(Cl)c(-c2cnn3ccccc23)n1,1,train
0a0f1ef915d15489cb8dca7cc0fc7a3d272276df,CNC(=O)CN1CCC(n2nc(C)c(Nc3ncc(Cl)c(-c4cnn5ccccc45)n3)c2C)CC1,0,train
a6176d1c0e17a98d35d8297829564c1884b7f716,Cc1nn(C2CCN(CC(=O)N(C)C)CC2)c(C)c1Nc1ncc(Cl)c(-c2cnn3ccccc23)n1,1,train
b8c0db1ade436b64b8f3ffb5bbe18b1318cf8d3c,Cc1nn(C2CCN(C(=O)CO)CC2)c(C)c1Nc1ncc(Cl)c(-c2cnn3ccccc23)n1,0,train
e820b9962e626849eef8f57c5cf711aca82c3353,COCC(=O)N1CCC(n2nc(C)c(Nc3ncc(Cl)c(-c4cnn5ccccc45)n3)c2C)CC1,0,train
f1aaca2c245e949453fad75baf68cca33bd28771,Cc1nn(C2CCN(C(=O)C(C)O)CC2)c(C)c1Nc1ncc(Cl)c(-c2cnn3ccccc23)n1,0,train
65666e2bcb1bdb322fa52e8d6b172447a1359da8,N#Cc1ccc(Oc2ccc(S(=O)(=O)Nc3ccc(F)cn3)cc2C#N)cc1Cl,0,test
e33c633f01bec8c9880b2d76ad663e6e1dcd7520,CN1CCN(c2ccccc2CNC(=O)c2ccc(F)c(NC(=O)c3cnc4cc(-c5ccnn5C)ccn34)c2)CC1,1,train
dea75d2f1c9fe5e610798c7c759eca7381c6ab85,Cc1ncoc1-c1nnc(SCCCN2CC[C@]3(C[C@H]3c3ccccc3)C2)n1C,1,train
3bf6c039278d4c746472323999b9e5338805dcf6,Cc1ncoc1-c1nnc(SCCCN2CC[C@@]3(C[C@@H]3c3ccccc3)C2)n1C,1,train
be52b0048fb0da119c09371958fcfb8e5eeb8275,Cc1ncoc1-c1nnc(SCCCN2CC[C@]3(C[C@@H]3c3ccccc3)C2)n1C,1,train
97a7525c8ad1ce2058d4c796a72498381d2c21a9,Cc1ncoc1-c1nnc(SCCCN2CC[C@@]3(C[C@H]3c3ccccc3)C2)n1C,1,train
f902283fb38f8241d10e998e128431379a44bfdd,Cc1ncoc1-c1nnc(SCCCN2CC[C@]3(C[C@H]3c3ccc(C(F)(F)F)cc3)C2)n1C,1,train
ac2aef0ed1dbf16a61a4e152e6e54699e6cb8c41,Cc1ncoc1-c1nnc(SCCCN2CC[C@@]3(C[C@@H]3c3ccc(C(F)(F)F)cc3)C2)n1C,1,train
7ee3e154a74673228457f15fdc4abb521016305e,Cc1ncoc1-c1nnc(SCCCN2CC[C@]3(C[C@@H]3c3ccc(C(F)(F)F)cc3)C2)n1C,1,train
e7cde8f8ea8f9bf6d168db4b637f8173cc32a730,Cc1ncoc1-c1nnc(SCCN2CC[C@]3(C[C@H]3c3ccc(C(F)(F)F)cc3)C2)n1C,1,train
fe8f05409517f77fd7891689742737c56247b114,Cc1ncoc1-c1nnc(SCCN2CC[C@@]3(C[C@@H]3c3ccc(C(F)(F)F)cc3)C2)n1C,1,train
1ad7187d4fca71e607997020811a99e1132a4306,Cc1ncoc1-c1nnc(SCCN2CC[C@]3(C[C@@H]3c3ccc(C(F)(F)F)cc3)C2)n1C,1,train
f49287187d259077d2d368e9528d289a49ef4d9b,Cc1ncoc1-c1nnc(SCCCCN2CC[C@]3(C[C@@H]3c3ccc(C(F)(F)F)cc3)C2)n1C,1,train
b9a1d1ec837715e2a477487fe76cc50f22bf307e,Cc1ncoc1-c1nnc(SCCCN2CC[C@]3(C[C@H]3c3ccccc3C(F)(F)F)C2)n1C,1,train
160f730c8a36634a111989907a1115f0dc527644,Cc1ncoc1-c1nnc(SCCCN2CC[C@@]3(C[C@@H]3c3ccccc3C(F)(F)F)C2)n1C,1,train
92c7bfbf2812fb51d6a70e1e5c05859fc3715dc2,Cc1ncoc1-c1nnc(SCCCN2CC[C@@]3(C[C@H]3c3ccc(F)cc3)C2)n1C,1,train
fed640afe143a11772a13f72437b3d54466c9c37,Cc1ncoc1-c1nnc(SCCCN2CC[C@@]3(C[C@H]3c3ccc(F)cc3F)C2)n1C,1,train
e7b6c415437367d61c816971acf0d5e4377548e2,Cc1ncoc1-c1nnc(SCCCN2CC[C@]3(C[C@H]3c3ccc(C(F)(F)F)cc3F)C2)n1C,1,train
08cc6aa28dc700af322e1e41eefdaf040238bdd1,Cc1ncoc1-c1nnc(SCCCN2CC[C@@]3(C[C@@H]3c3ccc(C(F)(F)F)cc3F)C2)n1C,1,train
540883845a0a1970a7cc4266b5112f1e9c80e3f4,Cc1ncoc1-c1nnc(SCCCN2CC[C@]3(C[C@@H]3c3ccc(C(F)(F)F)cc3F)C2)n1C,1,train
4c63c779bbc3d3ce3a25e60fe144b488286e039f,Cc1ncoc1-c1nnc(SCCCN2CC[C@@]3(C[C@H]3c3ccc(C(F)(F)F)cc3F)C2)n1C,1,train
f18f122e0d018fe1e72becddeeb21d2a2a22575c,Cc1ncoc1-c1nnc(SCCCN2CC[C@]3(C[C@H]3c3ccc(F)cc3C(F)(F)F)C2)n1C,1,train
dd3245b1d5a65e0777b64f88ba727ae6e3660cd5,Cc1ncoc1-c1nnc(SCCCN2CC[C@@]3(C[C@H]3c3ccc(F)cc3C(F)(F)F)C2)n1C,1,train
65a086f00fdcd87c933de31cf21da0c1bfeacfc9,Cc1ncoc1-c1nnc(SCCCN2CC[C@]3(C[C@@H]3c3cc(Cl)cc(Cl)c3)C2)n1C,1,train
c51f2ef58269b29a7307f6ddb81c368524949a03,Cc1ncsc1-c1nnc(SCCCN2CC[C@]3(C[C@@H]3c3ccc(C(F)(F)F)cc3)C2)n1C,1,val
13c064eea4ae5527fe6a79db1a73baca8b9b3347,Cn1c(SCCCN2CC[C@]3(C[C@@H]3c3ccc(C(F)(F)F)cc3)C2)nnc1-c1nccs1,1,val
0376454f9e72d2742a48d38a197e7fd2ca419319,Cn1c(SCCCN2CC[C@]3(C[C@H]3c3ccc(C(F)(F)F)cc3)C2)nnc1-c1csnn1,1,test
68b2dbdb542164d871abb52a5e4c39e3a29f5669,Cn1c(SCCCN2CC[C@]3(C[C@@H]3c3ccc(C(F)(F)F)cc3)C2)nnc1-c1ccoc1,1,val
5a383c0d81c77b6248925dcc00ee90f79bd7c469,Cn1cc(-c2nnc(SCCCN3CC[C@]4(C[C@@H]4c4ccc(C(F)(F)F)cc4)C3)n2C)cn1,1,train
bd537ea542c644f321ab1b76acfbf679ddcb2eea,Cn1nccc1-c1nnc(SCCCN2CC[C@]3(C[C@@H]3c3ccc(C(F)(F)F)cc3)C2)n1C,1,test
1735163711c741e184b6ab0eb92cff1f32efd009,Cc1cc(-c2nnc(SCCCN3CC[C@]4(C[C@@H]4c4ccc(C(F)(F)F)cc4)C3)n2C)on1,1,train
fb674643e2ec7f1fe0f61a8ff83324360915302b,Cn1c(SCCCN2CC[C@]3(C[C@@H]3c3ccc(C(F)(F)F)cc3)C2)nnc1-c1ccc(C(N)=O)cc1,1,train
a340a627ac497c8707af1800c3a55c20eb759ea9,Cn1c(SCCCN2CC[C@]3(C[C@@H]3c3ccc(C(F)(F)F)cc3)C2)nnc1-c1cccc(C(N)=O)c1,1,train
c3ac3b8612f143e498d0960ba4554e9749b20c3d,Cn1c(SCCCN2CC[C@]3(C[C@@H]3c3ccc(C(F)(F)F)cc3)C2)nnc1-c1ccc(S(N)(=O)=O)cc1,1,train
fa738e71d4abe57d1390aca5ecf36aebe4664e4c,Cn1c(SCCCN2CC[C@]3(C[C@@H]3c3ccc(C(F)(F)F)cc3)C2)nnc1-c1ccc(CC(N)=O)cc1,1,train
9674153ea8932d2057b52ad8ccb4584c9fe2e4cf,Cn1c(SCCCN2CC[C@]3(C[C@@H]3c3ccc(C(F)(F)F)cc3)C2)nnc1-c1ccc(-c2ncco2)cc1,1,val
6e8a4319b975d944d7e9928670bc255fa0281cf2,Cn1c(SCCCN2CC[C@]3(C[C@@H]3c3ccc(C(F)(F)F)cc3)C2)nnc1-c1cccc(-c2ncco2)c1,1,test
ab64fc05ddf97008f7281ad419358ad856a80af7,Cn1c(SCCCN2CC[C@]3(C[C@@H]3c3ccc(C(F)(F)F)cc3)C2)nnc1-c1cccnc1,1,train
18a887fa628fc3bd2c80dc08326c4a891d04ed97,Cn1c(SCCCN2CC[C@]3(C[C@@H]3c3ccc(C(F)(F)F)cc3)C2)nnc1-c1ccccn1,1,train
916114801a667c684f30bad0dc365928f9cc047f,Cn1c(SCCCN2CC[C@]3(C[C@@H]3c3ccc(F)cc3F)C2)nnc1-c1cccnc1,1,train
c155e7abd9e172ee05d1d87a33a9a903e6e0e643,Cn1c(SCCCN2CC[C@]3(C[C@H]3c3ccc(C(F)(F)F)cc3)C2)nnc1-c1ccncc1,1,train
fbcf6a42c00fdd7d8ad2949f2085f918b45a552d,Cn1c(SCCCN2CC[C@]3(C[C@@H]3c3ccc(C(F)(F)F)cc3)C2)nnc1-c1ccncc1,1,train
a9969ce2c73dc57ada479d70ba7dd8092b6bf463,Cn1c(SCCCN2CC[C@]3(C[C@@H]3c3ccc(C(F)(F)F)cc3)C2)nnc1-c1cnccn1,1,train
a420032d2988febd377c0f7d2b392fd3359d61ba,Cn1c(SCCCN2CC[C@]3(C[C@@H]3c3ccc(C(F)(F)F)cc3)C2)nnc1-c1ccncn1,1,val
1103c86a71a87240573da0b960cd1380b61b8cb6,Cn1c(SCCCN2CC[C@]3(C[C@@H]3c3ccc(C(F)(F)F)cc3)C2)nnc1-c1ccnnc1,1,train
f75c8d4cff10efbe4aa38d9232dfd96abb0abc31,Cn1c(SCCCN2CC[C@]3(C[C@@H]3c3ccc(C(F)(F)F)cc3F)C2)nnc1-c1cccnc1,1,train
694123954ea90ee6991bd09d510b3655d371800c,Cn1c(SCCCN2CC[C@]3(C[C@@H]3c3ccc(F)cc3)C2)nnc1-c1cccnc1,1,train
97d2008c44b5adc61b76d7e8204a10e8b5a793bf,Cc1ncccc1-c1nnc(SCCCN2CC[C@]3(C[C@@H]3c3ccc(C(F)(F)F)cc3)C2)n1C,1,train
4e44b8f4d980340bd34cccd40778fd880db66b10,Cn1c(SCCCN2CC[C@]3(C[C@@H]3c3ccc(C(F)(F)F)cc3)C2)nnc1-c1cccnc1C(F)(F)F,1,train
ace239e7bc7032c6de30b316f24db061b3fb8cb0,COc1ncccc1-c1nnc(SCCCN2CC[C@]3(C[C@@H]3c3ccc(C(F)(F)F)cc3)C2)n1C,1,train
cdab39329692fa271271e463ba3eb47a66564dbe,Cn1c(SCCCN2CC[C@]3(C[C@@H]3c3ccc(C(F)(F)F)cc3)C2)nnc1-c1ccc(C(N)=O)nc1,1,train
79f12f7273cceef15a56d6ec254f030868da95b6,Cc1ccc(-c2nnc(SCCCN3CC[C@]4(C[C@@H]4c4ccc(C(F)(F)F)cc4)C3)n2C)c(C)n1,1,train
a7808c77682eafa44680ceca888168da123760bf,Cc1nc(C(N)=O)ccc1-c1nnc(SCCCN2CC[C@]3(C[C@@H]3c3ccc(C(F)(F)F)cc3)C2)n1C,1,train
3f8ddf666ac8d220a0f6b52681a7ed6edbe5132b,Cc1nc(C(=O)O)ccc1-c1nnc(SCCCN2CC[C@]3(C[C@@H]3c3ccc(C(F)(F)F)cc3)C2)n1C,1,train
86de9d4bd178fbb824b38aca1c48ffa8c8ce5c0f,Cn1c(SCCCN2CC[C@]3(C[C@@H]3c3ccc(C(F)(F)F)cc3)C2)nnc1-c1ccc(=O)[nH]c1,1,train
85e6115cf7d872b8f12442a30aa90d782ad7ccf9,Cn1c(SCCCN2CC[C@]3(C[C@@H]3c3ccc(C(F)(F)F)cc3)C2)nnc1-c1cc[nH]c(=O)c1,1,train
bfd4891db9f7173667d7349576f262b33c9870d3,Cn1c(SCCCN2CC[C@]3(C[C@@H]3c3ccc(C(F)(F)F)cc3)C2)nnc1-c1ccn(C)c(=O)c1,1,train
b39232ac3ca9d5d007d4f20ae10b0bba202938bc,Cn1c(SCCCN2CC[C@]3(C[C@@H]3c3ccc(C(F)(F)F)cc3)C2)nnc1C1CCN(C(N)=O)CC1,1,train
a0eba3747f0a2c9a3dbbbb3472f0fd558d953013,CC(=O)NC1CCC(c2nnc(SCCCN3CC[C@]4(C[C@@H]4c4ccc(C(F)(F)F)cc4)C3)n2C)CC1,1,train
4803905963122137e9d2bf48cb8d841bee75d079,Cn1c(SCCCN2CC[C@]3(C[C@@H]3c3ccc(C(F)(F)F)cc3)C2)nnc1C1CCOCC1,1,train
8ca43311281e7284855b0929984b47e093571313,Cn1c(SCCCN2CC[C@]3(C[C@@H]3c3ccc(C(F)(F)F)cc3)C2)nnc1-c1ccc(=O)n(C)c1,1,train
6538d1968e8ce8ffa073bfdf66f01f9be7ccfbac,Cn1c(SCCCN2CC[C@]3(C[C@@H]3c3ccc(C(F)(F)F)cc3)C2)nnc1C1CC2CCC(C1)O2,1,test
21854fc7ab6400ee997a6583631274aa38ae9023,Cn1c(SCCCN2CC[C@]3(C[C@@H]3c3ccc(C(F)(F)F)cc3)C2)nnc1C1CCCCC1,1,train
87f42a11f30666350be7b87a0b099e948a35a913,COc1c(Nc2ncc(Cl)c(N[C@H]3C(C(N)=O)[C@@H]4C=C[C@H]3C4)n2)ccc2c1CCC[C@H](N1CCN(C)CC1)C2,1,train
2618879d83f42a2453138c6e02c0219acc2a5760,COc1c(Nc2ncc(Cl)c(N[C@H]3C(C(N)=O)[C@@H]4C=C[C@H]3C4)n2)ccc2c1CCC[C@@H](N1CCN(C)CC1)C2,1,train
0f314d606d95182569281906476f94f34602faa1,COc1c(Nc2ncc(Cl)c(Nc3ccccc3N3CCCS3(=O)=O)n2)ccc2c1CCCC(N1CCN(CCO)CC1)C2,1,train
48e6308333408dfda5b7dce85d2dd4d3c07985cf,COc1c(Nc2ncc(Cl)c(Nc3ccccc3S(=O)(=O)N(C)C)n2)ccc2c1CCCC(N1CCN(CCO)CC1)C2,1,val
86747c66839221879745262fa01f61687d8a680a,COc1c(Nc2ncc(Cl)c(Nc3ccccc3-n3cccn3)n2)ccc2c1CCCC(N1CCN(CCO)CC1)C2,1,train
a50d89169ef232b0f5f2010b273b7218b0264fe6,Cc1c(-c2c(F)cc(C(N)=O)c3[nH]c4c(c23)CC[C@H](C(C)(C)O)C4)cccc1-n1c(=O)c2cccc(F)c2n(C)c1=O,1,val
00a7d20f1982965d570fa6a2707beb21b983e159,N#Cc1ccc(-c2ccc(C[C@@H](C#N)NC(=O)C3CCCC[C@@H]3N)cc2)cc1,1,train
ea41f031ed4c253f262fdee3d81b5e7b087e0ca8,N#Cc1ccc(-c2ccc(C[C@@H](C#N)NC(=O)C3CCCCC[C@@H]3N)cc2)cc1,1,test
08f9ea9931c35a3e5a8bae24ca9dfe568c180a93,N#Cc1ccc(-c2ccc(C[C@@H](C#N)NC(=O)C3CNCCCO3)cc2)cc1,0,test
e95754f7c31bea4ddfe42e2ddd513ef6c189dce5,Cn1c(=O)sc2ccc(-c3ccc(C[C@@H](C#N)NC(=O)C4CNCCCO4)cc3)cc21,0,test
53dafe8d95f6bfae1e426bcf3e7ad06946f4baa4,CCn1c(=O)oc2ccc(-c3ccc(C[C@@H](C#N)NC(=O)C4CNCCCO4)cc3)cc21,0,test
a3369f7433fc552429e2eada20e693a30daf8783,COc1ccc2[nH]c3c(c2c1)CC1c2cc4c(cc2CCN1C3)OCO4,0,train
c187bd202948f1c51260a957e86da286f747af2c,COc1ccc2[nH]c3c(c2c1)C[C@H]1c2cc4c(cc2CCN1C3)OCO4,0,train
ac582d959b966ac8f8157caa9e0a9f13687874bd,Cc1nc2cc(-n3ncc(C(=O)c4cc5ccccc5[nH]4)c3N)ccc2[nH]1,1,train
daa17d3d6e0cc36377b795b8cd152346153c046c,Cc1nc2cc(-n3ncc(C(=O)c4cc5ccc(CN6CCC(F)(F)CC6)cc5[nH]4)c3N)ccc2[nH]1,1,train
b01d734fb0f37c424f6e90a68b06f7d97f8ee0fe,Cc1ccc2cc(C(=O)c3cnn(-c4ccc5[nH]c(C)nc5c4)c3N)[nH]c2c1,1,train
93b7eb20150edce593edb06d5b9cbc4d50b25a5e,COc1cnc(O[C@@H]2CC(C(=O)N[C@]3(C(=O)NS(=O)(=O)C4CC4)C[C@H]3C3CC3)N(C(=O)C(NC(=O)O[C@H](C)C(F)(F)F)C3CCCCC3)C2)c2cc(Cl)ccc12,0,val
9cff3fc3cc47c79992631cc0bb410bfa3fbe03ec,CC(C(=O)Nc1ccc(Cl)c(-c2ccccn2)c1)[C@@H]1CC[C@@H](C)c2ccc(CN3CCOCC3)nc21,1,val
58621255e8d5d979ba3e0a7f38eb3b8779fa54df,N[C@H]1CCCN(c2ccncc2Nc2ncc3ccc(-c4c(F)cccc4F)nn23)C1,1,train
7ce5aab6e3c58f2decd30e14f086dec746cfe5fb,N[C@H]1CCCN(c2ccncc2Nc2ncc3ccc(-c4ncccc4F)nn23)C1,1,train
ed7b64edecdf614791df16fd2b173332b73c838e,C[C@@H]1C[C@H](N)CN(c2ccncc2Nc2ncc3ccc(-c4c(F)cccc4F)nn23)C1,1,train
e2b5b6485d57d02433870bc423646eaf94a1a7be,C[C@@H]1CC[C@H](N)CN1c1ccncc1Nc1ncc2ccc(-c3c(F)cccc3F)nn12,0,train
93080bd7c17ea5b7c9251e9932b6af4fd1b823cb,N[C@@H]1CN(c2ccncc2Nc2ncc3ccc(-c4c(F)cccc4F)nn23)C[C@H](N)[C@H]1O,0,train
288117d77d293cb0b170b4fc02edeaa30b5e93fe,C[C@@H]1C[C@H](N)CN(c2ccncc2Nc2ncc3ccc(-c4ncccc4F)nn23)C1,1,train
7d061135de7ccb9f2cab9e57393d9098102aa61b,N[C@@H]1CN(c2ccncc2Nc2ncc3ccc(-c4ncccc4F)nn23)C[C@H](N)[C@H]1O,0,train
1785e5d90b0d8f95c22d4534858e594d756419cb,CC1(C)c2cc(C3CCN(CC4CCOCC4)CC3)ccc2C(=O)c2c1[nH]c1cc(C#N)ccc21,1,train
e3fa81b5104259be714a7da7f879761427c486fe,Cn1ccc(Cn2cc(-c3ccc(Cl)c(C(F)(F)F)c3)cn2)n1,1,train
b7bfde76367b6f3ebacf34ab9d11006424d9e1d5,FC(F)c1cc(-c2cnn(Cc3cc[nH]n3)c2)ccc1Cl,1,train
b4aa127656ff631b1eefdd16b9ca4d6472e7ad12,CCc1[nH]ncc1Cn1cc(-c2ccc(Cl)c(OC(F)F)c2)cn1,1,train
11d9efa2085ef233299e8977a516362dfef3a11f,FC(F)Oc1cc(-c2cnn(Cc3cn[nH]c3)c2)ccc1Cl,1,train
ede02979f604bc7e712f52a655d968dbf86569d6,FC(F)Oc1cc(-c2cnn(Cc3cc[nH]n3)c2)ccc1Cl,1,train
adec6f4cc6c34e70bb823ef8bd40892e3f46908c,Cn1cc(Cn2cc(-c3ccc(Cl)c(OC(F)F)c3)cn2)cn1,1,train
cccacae302e69721f9c267eba551fcfbc0d18557,Cn1ccc(Cn2cc(-c3ccc(Cl)c(OC(F)F)c3)cn2)n1,1,train
30638e3f37be2847f8fd1db7c1474d379486788c,Cc1cn(-c2ccc(-c3cn(CC(=O)Nc4cccc(Cl)c4Cl)nn3)cc2F)cn1,1,train
9211c18e24e229bf4565743a1ea904ea2b380f05,Cc1nccn1-c1ccc(-c2cn(CC(=O)Nc3cccc(Cl)c3Cl)nn2)cc1,1,train
cb912f17bf62a56d10353631a6ac014281cff059,Cc1nccn1-c1ccc(-c2cn(CC(=O)Nc3cccc(Cl)c3Cl)nn2)cn1,1,test
45c78d02879e8b964fd80d44b3383d16364f8a05,Cc1cc(-c2cc(OC(F)(F)F)ccc2Cl)cc(C)c1OCCCC(=O)O,0,train
a2191fd27f13a70587d54191612a3c44e342f1c4,Cc1c([C@H]2CN3CCN(C(=O)Cc4ccc(-n5cnnn5)nc4)C[C@@H]3CO2)ccc2c1COC2=O,0,train
da4af5f1313a0bd0d92e5eb9d8f6a00ea99f0d77,Cc1c([C@@H]2CN3CCN(C(=O)Cc4ccc(-n5cnnn5)nc4)C[C@H]3CO2)ccc2c1COC2=O,0,train
2cf7e0eae8f8e2cdd763ee97099fd80c7d1f22d6,Cc1c([C@H]2CN3CCN(C(=O)Cc4ccc(-n5cnnn5)nc4)C[C@H]3CO2)ccc2c1COC2=O,0,train
3f71d3261fa888614c4bba2ea0383afe7fd6b1ef,Cc1c([C@@H]2CN3CCN(C(=O)Cc4ccc(-n5cnnn5)nc4)C[C@@H]3CO2)ccc2c1COC2=O,0,train
1910d6baae4390d79a2be0ed3edb5fb1d47ac626,Cc1c([C@@H]2CN3CCN(C(=O)Cc4ccc(-n5cnnn5)nc4)C[C@H]3CS2)ccc2c1COC2=O,1,train
6ab1d57cc3a06fcd80825b6bd6286391f7fde61a,Cc1c([C@H]2CN3CCN(C(=O)Cc4ccc(-n5cnnn5)nc4)C[C@@H]3CN2)ccc2c1COC2=O,0,test
566fbd4867323d98d1cb872a2ec892e01d355c03,O=C1OCCc2cc([C@@H]3CN4CCN(C(=O)Cc5ccc(-n6cnnn6)nc5)C[C@H]4CO3)ccc21,0,train
854d29ef12e2e9ebc870448b1d79df3a8d5dbbe7,Cc1c([C@@H]2CN3CCN(C(=O)Cc4ccc(-n5cnnn5)nc4)C[C@H]3CO2)ccc(F)c1C#N,1,train
2d7f415253de80f630347ae4024ae65e184d6028,Cc1c([C@H]2CN3CCN(C(=O)Cc4ccc(-n5cnnn5)nc4)C[C@H]3CO2)ccc(F)c1C#N,0,train
2b1f53683f29f73fea3e08bf152c04842e1f34df,Cc1c(C#N)cccc1[C@H]1CN2CCN(C(=O)Cc3ccc(-n4cnnn4)nc3)C[C@H]2CO1,0,train
bcc3c2a1bb6e4d6f932a15cb241eec206b4d12e6,Cc1c([C@H]2CN3CCN(C(=O)Cc4ccc(-n5cnnn5)nc4)C[C@H]3CO2)ccc2nonc12,1,val
aa085321ff3eed565965036bbd71fbd6cdd8435c,Cc1c(C#N)cccc1[C@@H]1CN2CCN(C(=O)Cc3ccc(-n4cnnn4)nc3)C[C@@H]2CO1,0,train
0948025ae32e0fa4ae430a16ef389d5f4819bf23,O=C1OCCc2cc([C@H]3CN4CCN(C(=O)Cc5ccc(-n6cnnn6)nc5)C[C@@H]4CO3)ccc21,0,train
296628dda52a2dcf0d7f022e9a0762babc82365a,Cc1c([C@@H]2CN3CCN(C(=O)Cc4ccc(-n5cnnn5)cn4)C[C@H]3CO2)ccc(F)c1C#N,0,train
c15946319744c0a2fc8e73d9c9323642fa93f5fc,Cc1c([C@@H]2CN3CCN(C(=O)Cc4cnc(-n5cnnn5)nc4)C[C@H]3CO2)ccc(F)c1C#N,1,train
aabded1d99654bec23775c0bfda9a8f3d801e1d2,Cc1c([C@@H]2CN3CCN(C(=O)Cc4cnc(-n5cnnn5)cn4)C[C@H]3CO2)ccc(F)c1C#N,1,train
b0ba841426e5bee127b4050ef94f952dd8c686ac,Cc1c([C@H]2CN3CCN(C(=O)Cc4ccc(-n5cnnn5)cn4)C[C@H]3CO2)ccc(F)c1C#N,0,train
c8cc0e8a03f095807abfb95c8ceb92b8103fbb6b,Cc1c([C@H]2CN3CCN(C(=O)Cc4cnc(-n5cnnn5)nc4)C[C@H]3CO2)ccc(F)c1C#N,0,train
ef106cf861e01822d897466930c8836c2c094d52,Cc1c([C@H]2CN3CCN(C(=O)Cc4ccc(-n5cnnn5)nn4)C[C@H]3CO2)ccc(F)c1C#N,0,test
77051e5be893d151868c298f3e889e4e834c626c,Cc1c([C@H]2CN3CCN(C(=O)Cc4cnc(-n5cnnn5)cn4)C[C@H]3CO2)ccc(F)c1C#N,0,train
63383b7471c1f6ccbf67080a31aded4db793246d,c1cnc2c(N3CCN(CCc4ccc(OCCCN5CCCCCC5)cc4)CC3)cccc2c1,1,train
c5ab5b13bb763aba0bea0216e3a3149e49314245,c1cnc2c(N3CCN(CCCc4ccc(OCCCN5CCCCCC5)cc4)CC3)cccc2c1,1,train
528d5296f2289a749f4f61c6beff240f5f75c5f3,c1cnc2c(N3CCN(CCCCc4ccc(OCCCN5CCCCCC5)cc4)CC3)cccc2c1,1,train
67146d843fc03905567978b56f5fb51507bec27f,O=C(O)c1cnc2c(N3CCN(CCc4ccc(OCCCN5CCCCCC5)cc4)CC3)cccc2c1,0,train
4eb84d3f99fe83edaa5fd40ddaa2f8a6c2477629,O=C(O)c1cc(N2CCN(CCc3ccc(OCCCN4CCCCCC4)cc3)CC2)c2ncccc2c1,0,train
e65ca1e9940ee6fbc5c61d6cefa0f0541f1ea4dc,O=C(O)c1ccc2cccnc2c1N1CCN(CCc2ccc(OCCCN3CCCCCC3)cc2)CC1,0,train
eba8f1e2309d73af5a4551876e1013ec3a683ed7,O=C(O)CCc1ccc2cccc(N3CCN(CCc4ccc(OCCCN5CCCCCC5)cc4)CC3)c2n1,0,train
9420472ec85c5adcdbc9ffc43515057fb9d947be,O=C(O)CCc1cnc2c(N3CCN(CCc4ccc(OCCCN5CCCCCC5)cc4)CC3)cccc2c1,0,train
9278e13000374c59f61bc7150fc7a54811caccd2,CCc1cc(N2CCN(CCc3ccc(OCCCN4CCCCCC4)cc3)CC2)c2nc(CCC(=O)O)ccc2c1,0,train
fb410dd87311563fcd391309cb7b292a5fc02858,CCCCc1cc(N2CCN(CCc3ccc(OCCCN4CCCCCC4)cc3)CC2)c2nc(CCC(=O)O)ccc2c1,1,train
30a80d04a89a842ee855221a7d12ca70b4a393bc,O=C(O)CCc1ccc2cc(Cc3ccccc3)cc(N3CCN(CCc4ccc(OCCCN5CCCCCC5)cc4)CC3)c2n1,1,val
379ddcf45eafdc9c3ace89f02f363c5c53282aac,Brc1ccc2c(N=C3NC[C@@]4(CN5CCC4CC5)O3)ncnn12,1,test
b562ce84a7c9400213001c1fa0c86178c7a97597,C/C(=N\N=C(N)N)c1ccc2c(c1)Cc1cc(/C(C)=N/N=C(N)N)ccc1-2,1,train
42fd57a2b23326ea8a07704669abb21ecb4d3d1c,N=C(N)N/N=C/c1ccc(-c2ccc(/C=N/Nc3ccccc3Cl)cc2)cc1,1,train
acddce40b84257cab5cdf873fd9e4c5bbfb60376,N=C(N)N/N=C/c1ccc(-c2ccc(/C=N/Nc3ccccc3Br)cc2)cc1,1,train
ba248f31f41f295a3afb721be34385fc0d85d0b7,N=C(N)N/N=C/c1ccc(-c2ccc(/C=N/Nc3ccc(F)cc3)cc2)cc1,1,train
c83b56c2c03b4ca80aee611ec30de473216445f8,N=C(N)N/N=C/c1ccc(-c2ccc(/C=N/Nc3ccc(F)cc3F)cc2)cc1,1,train
bfd8143942984dacf5fe17ec54b54107220c3c04,CN(C)C(=O)N[C@H]1CC[C@H](CCN2CCN(c3cccc(Cl)c3Cl)CC2)CC1,0,val
a81c758b06d0232a50c1debb208710d3b4ca1e53,O=C(N[C@H]1CC[C@H](CCN2CCN(c3nsc4ccccc34)CC2)CC1)c1ccco1,1,val
4c130545b672019eee8592d95f0331d6c6ebeb53,CC(C)Cc1cc(CNS(=O)(=O)c2ccc(Cc3ccccc3)cc2)nn1-c1ccccc1,1,test
3b7eb87e734a58b45472e1f5aa0ae600e0012717,CC(C)Cc1cc(CNS(=O)(=O)c2ccc(CCc3ccccc3)cc2)nn1-c1ccccc1,1,test
02ba3929a15f75de2e17b6fa93a5063eca8b4d06,CC(C)Cc1cc(CNS(=O)(=O)c2cccc(F)c2)nn1-c1ccccc1,0,train
1807d7e2bc702fdc37783fc59aad7fdd16bc1d32,CC(C)Cc1cc(CNS(=O)(=O)c2ccccc2)nn1-c1ccccc1,0,train
ec5dd8f7578a31fbdc00b918313e9e07bce5a8b2,FC(F)(F)c1c(OC[C@H]2C[C@@H]2c2ccc(Cl)cc2)ccn2c(CC3CC3)nnc12,1,test
4d9a92c1c5055819bf5967bee55121da1e19e4ba,COc1ccc(OC)c(Cc2nc3ccccc3n2CC(=O)Nc2cc(C(C)(C)C)cc(C(C)(C)C)c2)c1,1,train
ed6c7a2eb759b68bb02e0a9bb52ebcb1950a19fb,CCN1CCCC1CNC(=O)c1ccc(Cn2c(Cc3c(Cl)cccc3Cl)nc3ccccc32)cc1,1,val
0ac1e8f44139199c704e8740a9a9c7c17d8a6cac,CN(C)CCCNC(=O)c1ccc(Cn2c(Cc3c(Cl)cccc3Cl)nc3ccccc32)cc1,1,train
2ae97872fd1c8a96f435821a9c0023d96feced4c,COc1ccc2nc(N=C3NC[C@@]4(CN5CCC4CC5)O3)sc2c1,1,train
e12bf79fe1296bbf0dc782af63a28728fcd7ebce,c1ccc2cc(N=C3NC[C@@]4(CN5CCC4CC5)O3)ncc2c1,1,train
d0e0c51fa9c3f22ef7bcaeaa11892948d1733415,COc1ccc(CCO[C@@H]2CCCC[C@H]2N2CC[C@@H](O)C2)cc1OC,1,val
f924922ff6caeee4cebcf063b3c8ac876af7d574,COc1ccc(-c2cc(=O)c3c(O)cc(O)cc3o2)cc1,0,train
9d3b9a171ab52e3a37c01237587f122b5149c26a,COc1ccc(C(=O)Oc2cc(O)cc3oc(-c4ccc(OC)cc4)cc(=O)c23)cc1,1,train
6cd693a0dd997004b919d3e37cd3262898965bcd,COc1ccc(-c2cc(=O)c3ccccc3o2)cc1,0,train
49bd5dc0721992c897f0612ed633e84bcd33dbca,COc1ccc(-c2cc(=O)c3cc(Cl)ccc3o2)cc1,0,train
3ffe1dfc1629016cf298158375477336a96f8bd4,COc1ccc(-c2cc(=O)c3cc(C)ccc3o2)cc1,0,train
a7eba0d4e4824e1683b222757725d8a5e0064eaf,COc1ccc2c(c1)CNCCS2,1,train
bdab1340b69ff7662892baab8c3fcb12b7ccb38a,COc1ccc2c(c1)CN(C(=O)N1CCN(Cc3ccc4c(c3)OCO4)CC1)CCS2,1,train
324b75e70bd7d9314bb45f12be7d93057511e30e,O=C(N1CCN(Cc2ccc3c(c2)OCO3)CC1)N1CCSc2ccccc2C1,1,train
b9f4ec5ed8ff0d2a73e88a37a99a9ea20e17a644,COc1ccc2c(c1)CN(C(=O)CCN1CCC(Cc3ccccc3)CC1)CCS2,1,test
0ea93b73a9c8bb497e62a72f2222b3c6f14b8496,CC(C)S(=O)(=O)NCCN1CC2CN(C[C@H](O)COc3ccc(C#N)cc3)CC(C1)O2,1,val
b298fb9ae65e9085d70bab18a1b36506925708b0,N#Cc1ccc(OCCCN2CC3CN(CCNS(=O)(=O)c4ccc(F)cc4F)CC(C2)O3)cc1,1,val
d53ce6e5ca5062faeb53d40e1a638956a68a4a81,COc1ccccc1OCC(O)CN1CCN(CC(=O)Nc2c(C)cccc2C)CC1,0,val
93badbe0ad821eabe0c42d64fab6e57210c5086a,O=C1c2cc(-c3ccc(OC(F)(F)F)cc3)ccc2OCCN1Cc1ncccn1,1,test
a07b3cb7842290534441e0ef7851dedcfe8f3ca9,Clc1ccc(Cn2c(/C=C/C3CCN(CC4CCCCC4)C3)nc3cc(Br)ccc32)cc1,1,train
38fe7cd440904fc83d27358b0e926a8a2ff56bd0,Cc1cc2nc(/C=C/C3CCCN3C)n(Cc3ccc(Cl)cc3)c2cc1C,1,val
3d67b831bcb3318da32e71f7dd1cecf171258ef2,Cc1cc2nc(/C=C/C3CCNC3)n(Cc3ccc(Cl)cc3)c2cc1C,1,val
774f2a187f12f265cac3eea311d7fdf7ad75b807,Cc1cc2nc(CC3CCNCC3)n(Cc3ccc(Cl)cc3)c2cc1C,1,train
8af737a0a4d1d0fab00095af967b03c0f4b0c217,Cc1cc2nc(CC3CC4CCC(C3)N4)n(Cc3ccc(Cl)cc3)c2cc1C,1,train
c5adb6e1ab2b2577b285e8cad92bcfe2422b7470,Cc1cc2nc(CC3CCNC(C)C3)n(Cc3ccc(Cl)cc3)c2cc1C,1,train
9c6f33a67031697ab976ab0a5b83d04bc0666836,Cc1cc2nc(C(C)Cc3ccncc3)n(Cc3ccc(Cl)cc3)c2cc1C,1,test
7e051ac6becab8505da6b64790dc3b86275a8895,Cc1cc2nc(CC3CCCNC3)n(Cc3ccc(Cl)cc3)c2cc1C,1,train
a4584e2305973b3a910410f150468c971555fd70,Cc1cc2nc(CCC3CCCN3C)n(Cc3ccc(Cl)cc3)c2cc1C,1,train
a9656922b6b1ff47ac88abd340710341f8f60b45,Cc1cc2ncn(Cc3ccc(Cl)cc3)c2cc1C,1,test
48ce8f8adf07310925526bcbdc72738711491fd7,O=c1ccc(-c2nc3cc(Cl)c(Cl)cc3n2Cc2ccc(Cl)c(Cl)c2)c[nH]1,1,test
2a947e0eb93e4fac5ef6c2213967c143d3f6f3f5,Cc1cc2nc(/C=C/c3ccccc3)n(Cc3ccc(Cl)cc3)c2cc1C,1,val
9abb70efe12a4a5b9625c82fc2384567ac8572f5,O=C1CCCN1Cc1nc2ccccc2n1Cc1ccc(Cl)cc1,1,test
e6d49dd4109c4ab14a61d28192216163afc2a67a,Cc1cc2nc(CC3CCCC3)n(Cc3ccc(Cl)cc3)c2cc1C,1,train
45494588b3d6304fd676579d385f613371cf9f9a,COc1ccc2nc(CN3CCC[C@H]3CO)n(Cc3ccc(Cl)cc3)c2c1,1,train
c4a167e17dd04c20e325511d37caa1cb53c5b950,Cc1ccc2nc(CN3CCCC3)n(Cc3ccc(Cl)cc3)c2c1,1,train
a01f526c943c30d80486c39fedb75f799907496a,N=C1NC2(CO1)c1cc(Br)ccc1OC(Cc1ccccc1)C21COC1,1,train
164b7f9ee9ff345d6d3c43f0cdcc2330a44798d0,N=C1NC2(CO1)c1cc(NC(=O)c3ccc(Cl)cn3)ccc1OCC21CC1,1,train
3cd86751d1ab780eab0e1b860d9df8054e996873,CC#Cc1cncc(-c2ccc3c(c2)C2(COC(=N)N2)C2(CC2)CO3)c1,1,train
14f04cbb6be2bde9069c24cfc7c1bf4dc26b10eb,N=C1NC2(CO1)c1cc(-c3cncc(C4CC4)c3)ccc1OCC21CC1,1,train
20e1faf84d92de26884ec35e1c771f95f011e08b,N=C1NC2(CO1)c1cc(-c3cncc(OCC(F)(F)F)c3)ccc1OCC21CC1,1,train
8f43babc03546ea919032ac0140441c0a6e17f36,N=C1NC2(CO1)c1cc(-c3cncc(OCC(F)F)c3)ccc1OCC21CC1,1,train
188dc23de6c9a235497bf440e6114ab7cf9144ad,N=C1NC2(CO1)c1cc(-c3cncc(OC(F)F)c3)ccc1OCC21CC1,1,train
9189064a9e050265f1f90b1dafd5982a044b4b80,N=C1NC2(CO1)c1cc(-c3cnc4[nH]ccc4c3)ccc1OCC21CC1,1,train
faa26b56a7d77ee763070e52ddde691b8bbdb12e,N=C1NC2(CO1)c1cc(-c3cnc4[nH]cc(Cl)c4c3)ccc1OCC21CC1,1,train
584223d619c702a640e9d5b089b911a2bef5d9c2,CCc1cncc(-c2ccc3c(c2)C2(COC(=N)N2)C2(CC2)CO3)c1,1,train
addd53f898220af94054b9dfb84c123508545eaf,N=C1NC2(CO1)c1cc(-c3cncc(OCC(F)(F)C(F)F)c3)ccc1OCC21CC1,1,train
a5a1d0c8c12f1c5601df75211c45201536c505eb,COc1ccnc(-c2ccc3c(c2)C2(COC(=N)N2)C2(COC2)C(C)(C)O3)c1,1,val
4e3ab9a45c90f599da19bcd3d6272c2737d1f949,CC#Cc1cncc(-c2ccc3c(c2)C2(CSC(=N)N2)C2(COC2)CO3)c1,1,test
bfbe0fd8ef8a27723f618b15d4ab11f4b6ab413b,COc1cncc(-c2ccc3c(c2)C2(COC(=N)N2)C2(COC2)C2(CCC2)O3)c1,1,val
13e787539a6d535f9369afcbd28207772213221b,CC#Cc1cncc(-c2ccc3c(c2)C2(COC(=N)N2)C2(COC2)C(CC)O3)c1,1,train
62dd1ad3d2c6f13cd5f3fccd8d9508b3212d1652,CC#Cc1cncc(-c2ccc3c(c2)C2(COC(=N)N2)C2(COC2)C(CCC)O3)c1,1,train
90331f942e786c264e46fdc73d2cecddb63fa8df,N=C1NC2(CO1)c1cc(-c3cncnc3)ccc1OCC21CCC1,1,test
e0fd933d21a097317d93415c82543a5a8a47bcf9,N=C1NC2(CO1)c1cc(-c3cc(Cl)cnc3F)ccc1OCC21CC1,1,train
36d529572aea88e7a551a2e8026eb0441c4ebc41,COc1cncc(-c2ccc3c(c2)C2(COC(=N)N2)C2(CC2)CO3)c1,1,train
e7ff9bbc919c7541daca1bbc5c6d0b9c21b574d6,CCOc1cncc(-c2ccc3c(c2)C2(COC(=N)N2)C2(CC2)CO3)c1,1,train
6795f2ed1e97b7c86de8f740bb9162c65f940688,N=C1NC2(CO1)c1cc(-c3cncc(Cl)c3)ccc1OCC21CC1,1,train
159bbee27e125fd37fc3a0ca7b4ea92dd09075b9,CC#Cc1cncc(-c2ccc3c(c2)C2(COC(=N)N2)C2(COC2)CO3)c1,1,train
8032cc2d22510378932646ecd76571ed92b61c8a,CC#Cc1cncc(-c2cc3c(cc2F)OCC2(CC2)C32COC(=N)N2)c1,1,train
91cf5262c09177c9447a133e83267159e01ff731,Cc1cc(Cl)cnc1C(=O)Nc1ccc2c(c1)C1(COC(=N)N1)C1(CC1)CO2,1,train
ac82df8533e2ecd353bdf70a038ec47f576bc265,N#Cc1ccc(C(=O)Nc2ccc3c(c2)C2(COC(=N)N2)C2(CC2)CO3)nc1,1,train
4505bf34c1b971d28b15f9b56c8e9c805f069160,N=C1NC2(c3cc(-c4cncnc4)ccc3OCC23CC3)c2cccc(F)c21,1,train
4b0902963c5fec67a5f748e39d84fbec0af0ecca,N=C1NC2(CO1)c1cc(-c3cncnc3)ccc1OC(Cc1ccccc1)C21COC1,1,val
a66972fb89f7dd357932e533d475cf9d88ad8bbd,CC#Cc1cncc(-c2ccc3c(c2)C2(COC(=N)N2)C2(COC2)C(CC2CC2)O3)c1,1,test
0216667378c8120a326cfc166499b98a25a5b997,N=C1NC2(CO1)c1cc(-c3cncc4ccccc34)ccc1OC1(CCC1)C21COC1,1,test
853c107b9a99565c2b45e052605040e541d2c945,CC1(C)Oc2ccc(NC(=O)c3ccc(Cl)cn3)cc2[C@@]2(COC(=N)N2)C12COC2,0,train
272d3762bac6ce5f484fb0ee33a9da627cde4654,CC1(C)Oc2ccc(NC(=O)c3ccc(Cl)cn3)cc2[C@@]2(COC(=N)N2)C12CC2,1,train
e0f123e89006f89350a26f0cec075451170f7f97,COc1cnc(C(=O)Nc2ccc3c(c2)[C@@]2(COC(=N)N2)C2(CC2)C(C)(C)O3)cn1,0,train
c9ac00680f190fcbed29181a6cb1b9ca4b422cc1,CC1(C)Oc2ccc(NC(=O)c3cnc(C(F)F)cn3)cc2[C@@]2(COC(=N)N2)C12CC2,0,train
86fcc24492f4309bcb809ceb104d043f0175ba1b,CC[C@@H](NC(=O)c1cc(C(=O)N2CCC[C@@H]2C)n2c1COCC2)c1ccc(Cl)c(Cl)c1,1,val
465c8e4674d73bcc87eb1e121bccf230c0cd84e1,N=C1N[C@@]2(c3cc(NC(=O)c4ccc(OC(F)F)cn4)ccc3F)COCC[C@H]2CS1,1,train
e8c4b8e706fa8f6054c39f9512c9f0a63c17c3f5,C[C@H]1C[C@H]2CSC(=N)N[C@@]2(c2cc(NC(=O)c3ccc(C#N)cn3)cs2)CO1,1,train
b9edc13864852cb66f9a60ca3b74c4e7dca493ea,C[C@H]1C[C@H]2CSC(=N)N[C@@]2(c2cc(NC(=O)c3ccc(Cl)cn3)ccc2F)CO1,1,train
46b99befe648024131f65a6802fbdcfdf5bca906,Oc1ccc(OC[C@@H](O)CN2CCN(c3ccc(Cl)cc3)CC2)cc1,0,train
e9ef360f3ffef0bfff69306b93f5d4d8b367fffd,O=c1[nH]c2ccc(OC[C@@H](O)CN3CCN(c4ccc(Cl)cc4)CC3)cc2o1,1,val
657ad4da24088c68734ba31bc09ef02f592ef3b0,CS(=O)(=O)Nc1ccc(OC[C@@H](O)CN2CCN(c3ccc(Cl)cc3)CC2)cc1,1,train
c210087689ecc40bd3fc9b4e1570a53b63733a79,NC(=O)Nc1ccc(OC[C@@H](O)CN2CCN(c3ccc(Cl)cc3)CC2)cc1,0,train
7d21c7dafc14d3e556e34aa3693e6dbf942597a1,O[C@H](COc1ccc2[nH]ncc2c1)CN1CCN(c2ccc(Cl)cc2)CC1,1,test
1ff385170d8806cc388b159b0207ed1ef9b001bc,O=c1ccc2cc(OC[C@@H](O)CN3CCN(c4ccc(Cl)cc4)CC3)ccc2[nH]1,1,train
8fec289a085608c971ffdf466396ed6623655d4d,O=c1[nH]c2ccc(OC[C@@H](O)CN3CCN(c4ccc(Cl)cc4)CC3)cc2[nH]1,1,test
b9c44d34a0b4e5f4658401015ee1b5f76b965b3e,Oc1cc2cc(OC[C@@H](O)CN3CCN(c4ccc(Cl)cc4)CC3)ccc2[nH]1,1,train
02007986236f4123fb2c74edda296aadaa2c70bc,O[C@H](COc1ccc2[nH]c(=S)[nH]c2c1)CN1CCN(c2ccc(Cl)cc2)CC1,1,train
b7744bb5b74000482be3d5c07333079f2c6e1c60,O=C1CCc2cc(OC[C@@H](O)CN3CCN(c4ccc(Cl)cc4)CC3)ccc2N1,1,train
37dbf9ff851d94d054ea0875005afcffec1ceea5,NCCCCN(Cc1nccc2c3ccccc3n(CC(=O)O)c12)[C@H]1CCCc2cccnc21,1,train
14b7df6cac604bcd00c9b02dd7c8edcd554ad7ed,NCCCCN(Cc1nccc2c3ccccc3n(CCCN3CCNCC3)c12)[C@H]1CCCc2cccnc21,1,val
5782f5e010fd3ea75e355e775ee3743c6c0e0fa6,c1cnc2c(c1)CCCC2N(CCCN1CCNCC1)Cc1nccc2c3ccccc3n(CCN3CCOCC3)c12,1,train
a40c633eea00857a68d46e19f086437b9d6ec936,OCCn1c2ccccc2c2ccnc(CN(CCCN3CCNCC3)C3CCCc4cccnc43)c21,1,val
4455f4d9c14c48e0f4b02ef3a8042747260bf130,NCCCCN(Cc1nccc2c3ccccc3n(CC(N)=O)c12)[C@H]1CCCc2cccnc21,1,train
cd0c889d65ea1e6af091576bd7418644e32323e4,C[C@H]1C[C@H]2CSC(=N)N[C@@]2(c2nc(NC(=O)c3ccc(OC(F)F)cn3)cs2)CO1,1,train
6385745a457e345cd11ca255b6ce428dd8e4b76a,C[C@H]1C[C@H]2CSC(=N)N[C@@]2(c2nc(NC(=O)c3ccc(Cl)cn3)cs2)CO1,1,train
13a554c0b7cd64fa830b760363b10ebfcc75570e,Cc1cc(OC(F)F)cnc1C(=O)Nc1csc([C@]23CO[C@@H](C)C[C@H]2CSC(=N)N3)n1,1,train
82e7c434fdfcd7621d647330d5d291f9fff7fb27,C[C@H]1C[C@H]2CSC(=N)N[C@@]2(c2nc(NC(=O)c3ccc(OC(F)F)cn3)ccc2F)CO1,1,train
5fe4675af6c8f8b7cdac31ac12b6a99c0efc45e2,O[C@H]1CC[C@H](Nc2ccc3ncc(-c4cccc(Cl)c4)n3n2)CC1,0,train
6ad3c23b303147de2276d3e6984cc21ee8b0f3f5,C[C@]1(O)CC[C@H](Nc2ccc3ncc(-c4cccc(C(F)(F)F)c4)n3n2)CC1,0,train
1ad8d827e64f84a5ecd1b7671f92f6bef9a9adf3,O[C@H]1CC[C@H](Nc2ccc3ncc(-c4cccc(C(F)(F)F)c4)n3n2)CC1,1,train
851f29fafc950aa72beca1fb2a42a1efad3e554b,C[C@]1(O)CC[C@H](Nc2ccc3ncc(-c4cccc(OC(F)(F)F)c4)n3n2)CC1,0,train
a223ac51ac7532f13f93c9391e03561be29e2613,O[C@H]1CC[C@H](Nc2ccc3ncc(-c4cccc(OC(F)(F)F)c4)n3n2)CC1,0,train
40bad481dcde5dad2c3b93afca17b352007b32e3,O=S1(=O)CCC(CNc2ccc3ncc(-c4cccc(OC(F)(F)F)c4)n3n2)CC1,1,val
5e1acf2cf865d8559f4acfe52728890bd7142877,Cc1nsc(-c2nnc3n2CCN(C(=O)c2ccc(Cl)c(Cl)c2)[C@@H]3C)n1,0,train
1475092e3074d857f33fff2f5edf1f1bb6102500,CCc1nsc(-c2nnc3n2CCN(C(=O)c2ccc(F)cc2)[C@@H]3C)n1,0,train
bd2a1b388682071667d08809aba3acfdf8e4d7fb,Cc1nsc(-c2nnc3n2CCN(C(=O)c2ccc(Cl)c(F)c2)[C@@H]3C)n1,0,train
42069f3f23c6593a6eaa719737a9dbf56df7f0bc,Cc1nsc(-c2nnc3n2CCN(C(=O)c2ccc(F)cc2)[C@@H]3C)n1,0,train
157e3b5ad4b6c92da87893275bc6cf8d7ac84f63,Cc1nsc(-c2nnc3n2CCN(C(=O)c2ccc(F)c(Cl)c2)[C@@H]3C)n1,0,train
3ae833db39a34f8688dc8cbb7c096e3a973631bc,Cc1nsc(-c2nnc3n2CCN(C(=O)c2cc(F)c(F)c(F)c2)[C@@H]3C)n1,0,train
2cbdc62c5d33aa619c69d96dd83813434e372eeb,Cc1nsc(-c2nnc3n2CCN(C(=O)c2ccc(F)c(F)c2F)[C@@H]3C)n1,0,train
328398b001f7f5b3293eff40adb91aa0bbd1626a,Cc1nsc(-c2nnc3n2CCN(C(=O)c2ccc(F)c(F)c2)[C@@H]3C)n1,0,train
673f0d185fc30a1a6750ad03d9b0224328d5e8e3,Cc1nsc(-c2nnc3n2CCN(C(=O)c2cc(F)c(F)c(F)c2F)[C@@H]3C)n1,0,train
034186daeb23e1771f07b2596b4d38177ee6653b,CCc1noc(-c2nnc3n2CCN(C(=O)c2ccc(F)cc2)[C@@H]3C)n1,0,train
d125b1cd551f66efbe13d1a99a4e8eb24a902867,Cc1nsc(-c2nnc3n2CCN(C(=O)c2cccc(F)c2)[C@@H]3C)n1,0,train
40dd6b23e587b6940c7d0e48716a29279f86dad1,Cc1nsc(-c2nnc3n2CCN(C(=O)c2cccc(Cl)c2)[C@@H]3C)n1,0,train
bd47fc6c96e308917a150e5984a5aa97f8161ad9,Cc1nsc(-c2nnc3n2CCN(C(=O)c2cc(F)cc(F)c2)[C@@H]3C)n1,0,train
262816c557bf5f9d16238596a954e49f7de1bfff,Cc1nsc(-c2nnc3n2CCN(C(=O)c2ccc(F)cc2F)[C@@H]3C)n1,0,train
e498a95880679bb32a6d8dfa2e378c934ab007b7,Cc1nsc(-c2nnc3n2CCN(C(=O)c2ccc(C(F)(F)F)cc2)[C@@H]3C)n1,0,train
5de339f767f774d04e2cf991038ed840bd393c26,CC[C@@H]1c2nnc(-c3nc(C)ns3)n2CCN1C(=O)c1ccc(F)cc1,0,train
1975b90acf9d4bd61e2b38ac43f2f9311d13b167,CCC[C@@H]1c2nnc(-c3nc(C)ns3)n2CCN1C(=O)c1ccc(F)cc1,0,train
40031682fd4fb2780133bf5cfd63bef45c5b1a6e,COc1cccc(C(=O)N2CCn3c(-c4nc(C)ns4)nnc3[C@H]2C)c1,0,train
821eb52678d2a4189694c07d31e0e5115d4a0ebb,Cc1nsc(-c2nnc3n2CCN(C(=O)c2ccc(C#N)cc2)[C@@H]3C)n1,0,train
12673e009d850d147d02182545a4d23708393e9b,CCc1noc(-c2nnc3n2CCN(C(=O)c2ccc(-c4cccs4)cc2)[C@@H]3C)n1,0,train
7dead7eb608a7f53c11c0b57d2337118c19ad5cf,Cn1cc(-c2nc3c(N4CCN(Cc5cccnc5)CC4)c(Br)cnc3[nH]2)cn1,1,train
243b818cc2a77a9a7904670a9422aa9e09c95961,Cc1nn(C)c(C)c1-c1nc2c(N3CCN(Cc4cccnc4)CC3)c(Br)cnc2[nH]1,0,train
0f6213ddce88a3035576191efea0f6fa1307b53f,Cc1cc(Cl)c2c(C(=O)OCC34CCN(CC3)CC4)c[nH]c2c1,1,train
c07d19bf9253bce39846ffc79000ee33563e60be,Cc1nc(-c2nnc3n2CCN(C(=O)c2ccc(-c4cccs4)cc2)[C@@H]3C)sc1C,0,train
87370f756f435fb79b03e13b1dfbb66d7e7425eb,Cc1cccc(-c2nnc3n2CCN(C(=O)c2ccc(-c4ccccc4)cc2)[C@@H]3C)n1,0,train
925ebda3e7eca41b548124faac916343b731d479,C[C@@H]1c2nnc(-c3cccc(=O)[nH]3)n2CCN1C(=O)c1ccc(-c2cccs2)cc1,0,val
3013eb92c3e01b14164d047f0b35f09d1abe1fee,CC(C)(N)c1nc(-c2ccc(OC(F)(F)F)cc2)c[nH]1,1,train
d2bbf33fe8684d203ed06a81be4adf2085a7a70c,NC1(Cc2nc(-c3ccc(OC(F)(F)F)cc3)c[nH]2)COC1,1,test
567f5588d9b31da1fb91433aee08653a5c792e7d,C[C@](N)(CF)c1nc(-c2ccc(OC(F)(F)F)cc2)c[nH]1,0,train
425c2446092e58bb6186db34c665718ce2ae0c15,NC(CF)(CF)c1nc(-c2ccc(OC(F)(F)F)cc2)c[nH]1,0,train
013a142d7da97e10078250b6f620a4b327c21e39,COC[C@@](C)(N)c1nc(-c2ccc(OC(F)(F)F)cc2)c[nH]1,1,train
54febfacb991739356a36a49f29997fe0d149605,CC(C)(N)c1nc(-c2cccc(OC(F)(F)F)c2)c[nH]1,1,train
e91bb18f28aec20151f76f4fc38ded3663798e0c,c1ccc(-c2cc(N=C3NC[C@@]4(CN5CCC4CC5)O3)ncn2)cc1,1,train
d9bcac56d66dc56a1a3e09e427427660e5c6c92e,O=C(Cc1ccc(OCC[C@@H]2C[C@@H]2C2CCN(c3ncc(Cl)cn3)CC2)cc1)N1CCC1,1,train
c96733f4e3aeaf9182e21af4538b924ea96bb12d,O=C(Cc1ccc(OCC[C@@H]2C[C@@H]2C2CCN(c3ncc(Cl)cn3)CC2)nc1)N1CCC1,1,test
07a2f4299d4ae1f495cdb07de1df143d2d757daf,O=C(Cc1ccc(OCC[C@@H]2C[C@@H]2C2CCN(c3ncc(Cl)cn3)CC2)c(F)c1)N1CCC1,1,train
67bbf1593571aa055602e6dd40f8c9aa1c59c20e,O=C(Cc1ccc(OCC[C@@H]2C[C@@H]2C2CCN(c3ncc(Cl)cn3)CC2)cc1F)N1CCC1,1,train
e6723af347818d59f46bf1c126286bf7a6525f63,O=C(Cc1ccc(OCC[C@@H]2C[C@@H]2C2CCN(c3ncc(Cl)cn3)CC2)cc1F)N1CC(O)C1,1,train
7afe215c0badf884e21d3c8b2c46833cdf36a29e,O=C(Cc1ccc(OCC[C@@H]2C[C@@H]2C2CCN(c3ncc(Cl)cn3)CC2)cc1F)N1CCCCC1,1,train
9548d6d33d95c31ed948e54464ab8370f5aad5e7,CCc1cnc(N2CCC([C@H]3C[C@H]3CCOc3ccc(CC(=O)N4CCC4)c(F)c3)CC2)nc1,1,train
ce24af571a2df388cf520533c67412a42c417af0,CC1(OC(=O)N2CCC([C@H]3C[C@H]3CCOc3ccc(CC(=O)N4CCC4)c(F)c3)CC2)CC1,1,test
aadf63155e6767407e9f06d7037fd7aa5108f855,CC(C)c1noc(N2CCC([C@H]3C[C@H]3CCOc3ccc(CC(=O)N4CCC4)c(F)c3)CC2)n1,1,test
b6f356c4340a9265abe737a9fa567df38654f91c,COCc1cnc(N2CCC([C@H]3C[C@H]3CCOc3ccc(CC(=O)N4CCC4)c(F)c3)CC2)nc1,0,train
5010529dae0e949afb2b23bee977269248c5d3fd,COCc1cnc(N2CCC([C@H]3C[C@H]3CCOc3cc(F)c(CC(=O)N4CCC4)c(F)c3)CC2)nc1,1,train
719ce31dc21cefce583e0d334d0dfad33ed55a1e,C[C@H](NC(=O)c1c(CN2CCC(N3CCCCC3)CC2)c(-c2cccc(C(F)(F)F)c2)nc2ccccc12)c1ccccc1,1,train
bcf547015802344cb0a02d9a41a2c09e8586a4a5,CCOc1cc(C(=O)Nc2cc(C(F)(F)F)ccn2)ccc1-c1nc(C23CCC(C(=O)O)(CC2)CC3)n2ccnc(N)c12,0,train
199aaa49357a57f07caefaa92e23e8c3267b797d,C[C@]1(C(=O)O)CC[C@@](C)(c2nc(-c3ccc(C(=O)Nc4cc(C(F)(F)F)ccn4)cc3)c3c(N)nccn23)C1,0,val
eddae053755524396abd305e19f8a5d12466db71,C[C@H]1CC[C@@H](c2nc(-c3ccc(C(=O)Nc4cc(C(F)(F)F)ccn4)cc3F)c3c(N)nccn23)CN1C(=O)C1CC1,1,val
ec31f96d61defe97fdd4657599b259811f1978c2,O=C(c1ccc(C[C@@H]2CC[C@H]([C@H](O)c3ccccc3)N2)cc1)N1CCN(Cc2ncn(CC(F)F)n2)CC1,0,test
86cdce1b9ac31e8f50a89f235f7dea9b39ab9578,O=C(c1ccc(C[C@@H]2CC[C@H]([C@H](O)c3ccccc3)N2)cc1)N1CCN(Cc2nnn(CC3CC3)n2)CC1,0,test
6af1471fef23d94047c7de721e2da208f324a4e7,O=C(c1ccc(C[C@@H]2CC[C@H]([C@H](O)c3ccccc3)N2)cc1)N1CCN(Cc2nnn(CC(F)(F)F)n2)CC1,0,train
847ca4720844ab8e041bb14dbe829a9e3a779149,Cc1c([C@@H](O)CN2CCC3(CC2)CCN(c2ccc(C#N)cn2)C3)ccc2c1COC2=O,1,train
2d9f00a5b5ed95a738d0ddc91405790608fff5f6,Cc1c([C@@H](O)CN2CCC3(CC2)CC(=O)N(c2ccc(C#N)cn2)C3)ccc2c1COC2=O,1,train
1ffc23d17507bfda31c2b9522e922f2611a0034f,Cc1c([C@@H](O)CN2CCC3(CC2)CN(c2ccc(C#N)cn2)C3)ccc2c1COC2=O,0,train
fdb603eb1c314b767172c8eacf1ef4a858a02494,Cc1c([C@@H](O)CN2CCC3(CC2)CCN(c2cncc(C#N)c2)C3)ccc2c1COC2=O,1,train
f709567f357335aeee6ecb312508e4b80dfcdcab,Cc1c([C@@H](O)CN2CCC3(CC2)CC(=O)N(c2cncc(C#N)c2)C3)ccc2c1COC2=O,1,val
f44c5b63a5922ab84e9d9b9ef17123d4c00cb059,Cc1c([C@@H](O)CN2CCC3(CC2)CCN(c2ccc(C#N)nc2)C3)ccc2c1COC2=O,1,train
99ba95bfccd1c94455b9c466b962403ce5a7ece1,CSc1ccc(N2CCC3(CCN(C[C@H](O)c4ccc5c(c4C)COC5=O)CC3)C2)cn1,1,train
a5bd218776aad5589fd99d3faefca41f032bced8,COc1ccc(N2CCC3(CCN(C[C@H](O)c4ccc5c(c4C)COC5=O)CC3)C2)cn1,1,train
5083a50b44864c310339d4e58f7649f0b3d41c77,Cc1c([C@@H](O)CN2CCC3(CC2)CCN(c2ccc(C(C)(C)O)nc2)C3)ccc2c1COC2=O,0,train
276623f3dbda0ecab8d0bff708be474b14b76769,Cc1c([C@@H](O)CN2CCC3(CC2)CCN(c2ccc([S+](C)[O-])nc2)C3)ccc2c1COC2=O,1,train
de6a567b0011d96263cf89be11687df77c2a5b80,Cc1c([C@@H](O)CN2CCC3(CC2)CCN(c2cnc(S(C)(=O)=O)cn2)C3)ccc2c1COC2=O,1,train
75fd6f391bbb331ada3545fdf3d8776a6a1ce4fe,Cc1c([C@@H](O)CN2CCC3(CC2)CC(=O)N(c2cnc(S(C)(=O)=O)cn2)C3)ccc2c1COC2=O,0,train
2b34484d93377d91798807dfc4e2428d0eb1f61a,CCS(=O)(=O)c1cnc(N2CC3(CCN(C[C@H](O)c4ccc5c(c4C)COC5=O)CC3)CC2=O)cn1,1,train
23d714129a784a5b0f16fce4b01bdbfcd6969181,Cc1c([C@@H](O)CN2CCC3(CC2)CCN(c2ccc(S(C)(=O)=O)cn2)C3)ccc2c1COC2=O,0,train
a54d9f9051a4294b4493ddd489bf777d64e33e5e,Cc1c([C@@H](O)CN2CCC3(CC2)CC(=O)N(c2ccc(S(C)(=O)=O)cn2)C3)ccc2c1COC2=O,0,train
c353b08673e2cc0432b7b5a825f1b234037c9ba7,Cc1nc(N2CCC3(CCN(C[C@H](O)c4ccc5c(c4C)COC5=O)CC3)C2)ccc1S(C)(=O)=O,1,train
02fcca66ab3a96c8fe663eb31b15c0e00f0ce3b0,Cc1c([C@@H](O)CN2CCC3(CC2)CCN(c2ccc(S(C)(=O)=O)nc2)C3)ccc2c1COC2=O,0,train
0f7855686bee4a836d45afd3587bc46de8470053,Cc1c([C@@H](O)CN2CCC3(CC2)CCN(c2ccc(C#N)cn2)CC3)ccc2c1COC2=O,1,test
47becbc3e59b1f53016aa5bea3d8e826e0643ca5,c1ccc(-c2ccccc2CC(c2cccnc2)c2cccnc2)cc1,1,train
4e95865e56ad58f48fb451cbd7e8feb104a85866,N#Cc1cccc(-c2cc(F)ccc2CC(c2cccnc2)c2cccnc2)c1,0,train
de0e1319e5684af98006ddbab93a8cd5ec95a41f,CS(=O)(=O)Nc1cccc(-c2cc(F)ccc2CC(c2cccnc2)c2cccnc2)c1,1,train
8ccfd9c86fdb270cc711823b94cb18c1f7e60944,c1cncc(C(Cc2ccccc2-c2ccncc2)c2cccnc2)c1,0,train
b66fe7e9d6205c56f9f6e88ad6494a3189ef8120,c1cncc(C(Cc2ccccc2-c2cncc3ccccc23)c2cccnc2)c1,0,train
b21fe8acb9cacaecc61c66c990f6103b745b48b8,Fc1ccc(CC(c2cccnc2)c2cccnc2)c(-c2cccc(C(F)(F)F)c2)c1,1,train
61592b36fff3aa0c767ca5fa6c16c06246654a25,FC(F)(F)Oc1cccc(-c2ncccc2CC(c2cccnc2)c2cccnc2)c1,0,train
d2f96d65b186cee2fb15c305c09101447f6e131f,N#Cc1cccc(-c2cccc(Cl)c2CC(c2cccnc2)c2cccnc2)c1,1,train
a3c0f835f60a97e81e8d61cc799b93376975b18e,Nc1cccc(C(Cc2cccnc2-c2cc(Cl)cc(Cl)c2)c2cccnc2)n1,0,train
f9b723494f62a056148857a25337c48eaa4638ef,OC(Cc1cccnc1-c1cccc(C(F)(F)F)c1)(c1cccnc1F)c1cccnc1F,1,train
60208ec7979cf3e32ad57ee3c1511002bb74a7d8,CN(C)C(=O)c1cccc(-c2ccc(F)cc2CC(c2cccnc2)c2cccnc2)c1,0,train
ef62c1b865cf872cc075380006d431270029a9a2,Cc1[nH]c(Cc2c(O)[nH]c3ccc(F)cc23)c(C)c1NC(=O)C1=NCCC1,1,train
19b4687b2cbf3ff5758ff72b379e80c14a5fc7fd,COc1nc(C2=NOC[C@H](c3cc4ccccc4o3)N2)ccc1-n1cnc(C)c1,0,val
bc9b646b169f1002584d1e569f4533fb9c6d6ff7,CCOC(=O)C1=C[C@]2(CC)CCCN3CCc4c(n1c1ccccc41)[C@@H]32,1,val
fe427f2d3b53869861a9c025316613f4245f62b2,O=c1n(Cc2ccc(Cl)cc2)c2sc3c(c2c2ncnn12)CCCC3,1,train
d0accf70bad2749f5c7327bc7fb8399e870637fd,CN1CCc2c(sc3c2c2ncnn2c(=O)n3Cc2ccc(Cl)cc2)C1,1,train
6b0651518a1d78fc56f4ebe51143ddb2fd65c24d,O=c1n(Cc2ccc(Cl)cc2)c2sc3c(c2c2ncnn12)CCN(CC1CC1)C3,1,val
38388aa0e3a5ed1994e29183f36784570f0a6df6,O=C(C1CC1)N1CCc2c(sc3c2c2ncnn2c(=O)n3Cc2ccc(Cl)cc2)C1,1,train
9a193c831d31a44c010a53d12be14602856d8c0e,COc1ccc(Cn2c(=O)n3ncnc3c3c4c(sc32)CN(C(=O)C2CC2(F)F)CC4)cc1,1,train
7286101a2675c7e80eee3795c902328ee99ab17d,O=c1n(Cc2ccc(Cl)cc2)c2sc3c(c2c2ncnn12)CCN(C1COC1)C3,1,test
bca88366510a9c531af883400cc1c669e5bb3107,O=c1n(Cc2ccc(Cl)cc2)c2sc3c(c2c2ncnn12)CCN(Cc1ccccc1)C3,1,train
74ca0d8010d8c873c26e7caf6b10c0f6661b0cbc,O=c1n(Cc2ccccc2)c2sc3c(c2c2ncnn12)CCN(CC1CCOCC1)C3,1,train
0e69e18c903c0139bdf8b1b5c54025c0f387157c,O=c1n(Cc2ccc(Cl)cc2)c2sc3c(c2c2ncnn12)CCN(CC1CCOCC1)C3,1,train
9006bd4f3532ece92eb0fac6b204cc58f4fd40c8,O=c1n(Cc2ccc(Cl)cc2F)c2sc3c(c2c2ncnn12)CCN(CC1CCOCC1)C3,1,train
901d33fa20d56467572e5e08fb2ce1f16e7e211f,COc1ccc(Cn2c(=O)n3ncnc3c3c4c(sc32)CN(CC2CCOCC2)CC4)cc1,1,train
5eabc46ed75ce110e50ecbb5eab1f70d8eae78e9,COc1ccc(Cn2c(=O)n3ncnc3c3c4c(sc32)CN(CC2CCOCC2)CC4)c(F)c1,1,train
f2ce73d71ff18a7c964e59409e9d9fc6656f12a8,COc1ccc(Cn2c(=O)n3ncnc3c3c4c(sc32)CN(CC2CCOCC2)CC4(F)F)cc1,1,train
a85b5051d978a11a509117d6d8ac8368695b0e67,N=C(CC(O)c1cc2c(F)cc(F)cc2c2cc(C(F)(F)F)ccc12)NN=Cc1ccc(F)cc1,1,train
e85b7fe54f7c692cd8e46461df7a5b91aa2de017,CCN(CC)Cc1cc(C=NN=C(N)CC(O)c2cc3c(F)cc(F)cc3c3cc(C(F)(F)F)ccc23)ccc1O,1,test
633d88ef1f2f806cc9eec7e8cd8e6194505464ef,COc1ccccc1CNC[C@H]1C[C@@H]1c1cc(F)ccc1OC,1,train
6cb98034c688dfb6f8da6329149f295267c01252,O=C(c1cc([C@H]2CCCN2c2cc(F)cc(F)c2)c2oc(N3CCOCC3)cc(=O)c2c1)N1CCOCC1,0,train
6c7df83f90fcde808fdf72eb1dbe758f827d8257,CNC(=O)c1c(-c2ccc(F)cc2)oc2ccc(-c3cc(C(=O)NC4(c5ncccn5)CC4)ccc3C)c(F)c12,0,train
08dd6bcf35ed268e26d3c4a4b5c704041f45299d,CNC(=O)c1c(-c2ccc(F)cc2)oc2ccc(-c3cc(C(=O)NC4(c5ncccn5)CC4)ccc3C)cc12,1,train
63d34a8e3dfa533aca7c33a4ddf28a6848797999,CNC(=O)c1c(-c2ccc(F)cc2)oc2ccc(-c3cc(C(=O)NC4(c5ccccn5)CC4)ccc3C)cc12,1,test
c6cda83410a7518c4f0f4a27b38dc94d35306bb0,O=C1CCc2ccc(OCCCCN3CCCN(c4ccc(O)c5[nH]c(=O)ccc45)CC3)cc2N1,0,test
fb05794a6b99332ddc5201efa8c2ee776a74a73a,CC(C)Oc1cc2c(OC[C@@H]3CCC(=O)N3)nccc2cc1C(N)=O,0,val
1230865973a095fc33bd8c7fa2f990e9d641c5eb,Cc1[nH]nc2c1C(c1cc(-c3cccnc3)cc(C(F)(F)F)c1)(C(C)C)C(C#N)C(=N)O2,0,train
9139f79374987b763c4a5f621fc9e57e355430d6,CC(=O)N1CCN(c2cccc(-c3cc(-c4ccnn4CC(F)(F)F)c4c(N)ncnn34)c2)C(=O)C1(C)C,0,train
92e9113cec768abb9b3ca8c5055e5d1fb65846b3,COc1cncc(Cc2cc(-c3ccccc3)no2)c1,0,val
f17ad7fbf4f3a2cc85665d2c152adb3f28f1ed24,CN(C)c1ccc(C(=O)N(CCCCCC(O)=NO)CC(=O)NCc2ccccc2)cc1,0,test
ae59b1eb7c29156d978907a37f95b3b050fa84e3,CN(C)c1ccc(C(=O)N(CC(=O)NC2CCCCC2)Cc2ccc(C(O)=NO)cc2)cc1,0,train
39c76c25b8190a120af96872119eb2834b8a1e90,O=C1C(Cc2ccccc2)N(CCCCCC(O)=NO)C(=O)c2ccccc2N1Cc1ccccc1,1,val
47e54f772d71dc2631898f9ace187b42229f7cb7,N=C(Nc1ccc(I)cc1)NC12CC3CC(CC(C3)C1)C2,1,train
7ef6a3b0f4c972bd6a8bca400a73fa4cc4e50ef6,N=C(NCCCOc1ccc(F)cc1)Nc1ccc(I)cc1,1,train
3b8b25b07b4fdf9711ab172751def00f07981bdf,N=C(NCCCOc1ccc(F)cc1)Nc1ccc(Cl)cc1,1,train
bb012b69057b8928975e061b114de7b4d686c319,COc1ccc(N=C(N)NCCCOc2ccc(F)cc2)cc1,1,val
e167246329bd7181cf6d6fb0939285580f90b067,O=S(=O)(Nc1cscn1)c1cc(Cl)c(OCC2NCCC=C2c2ccc(F)cc2)cc1F,0,test
80d7bed7d46da11a6bc854f7695a1eed0d013dd6,N[C@@H]1CCC=C(c2ccc(F)cc2)[C@H]1COc1cc(F)c(S(=O)(=O)Nc2cscn2)cc1Cl,0,train
ffb21bf1f7260b67ff503abd97092d8d49c9d311,CN(C/C=C/c1ccc2ccccc2c1)Cc1ccc2c(c1)OCCC2,0,train
4b63e7a5f20eeb52ac962c9d1bf9af861775d266,CN(C/C=C/c1ccc(Br)cc1)Cc1ccc2c(c1)OCCC2,1,train
6061e4cca030b673ef4647b465ee871cb970cbb5,Cc1ccc(/C=C/CN(C)Cc2ccc3c(c2)OCCC3)cc1,1,train
e9112f23d4c9be628633d0910040cdd91eea53d8,CN(C/C=C/c1ccc(C(F)F)cc1)Cc1ccc2c(c1)OCCC2,1,train
9c777a18ff79c697ea0e82e2fa648a2f40134e4c,CN(C/C=C/c1ccc(C(F)(F)F)cc1)Cc1ccc2c(c1)OCCC2,1,train
72ae0c19a280767d71ed3c3c05fad7928e9808e9,COC(=O)c1ccc(/C=C/CN(C)Cc2ccc3c(c2)OCCC3)cc1,1,train
8dcdfbc7029f5af0c1891964152515d2ab83e8ac,CN(C/C=C/c1ccc(-c2ccccc2)cc1)Cc1ccc2c(c1)OCCC2,0,train
0c04cad9c9ed564bf6f3c51d48e15dc01e3b879f,CN(C/C=C/c1ccc(C(F)(F)F)cc1F)Cc1ccc2c(c1)OCCC2,1,train
c1f1d9f911b5c6a34a4f1f45d79dee4d5c75e8cc,CN(C/C=C/c1ccc(C(F)(F)F)c(F)c1)Cc1ccc2c(c1)OCCC2,1,train
f28abc68e3a5baac7888794683c42b9726ab5f13,COc1ccc(/C=C/CN(C)Cc2ccc3c(c2)OCCC3)c(F)c1,1,train
fc82341f32f91c8a23db96a2bc5b5061c4c1c82f,CN(C/C=C/c1ccc2ccccc2c1)Cc1ccc2c(c1)CCO2,1,test
b8d3512827d5c2a39dce07fa2d2a9018a4fba681,CN(C/C=C/c1ccc(C(F)F)cc1)Cc1ccc2c(c1)CCO2,1,train
49b5f2d2779a2cfa9819e89c9b92541cb946647d,CN(C/C=C/c1ccc(C(F)(F)F)cc1)Cc1ccc2c(c1)CCO2,1,train
95180fc8ff7c807d838adeb1793c7309c721d44b,CN(C/C=C/c1ccc(-c2ccccc2)cc1)Cc1ccc2c(c1)CCO2,0,test
f8de6e3152434a63646d0484940fe3435ed41535,CN(C/C=C/c1ccc(C(F)(F)F)cc1F)Cc1ccc2c(c1)CCO2,1,train
e1a2c846e6a3d8bbc431136ef25ee99d0f571b09,COc1ccc(/C=C/CN(C)Cc2ccc3c(c2)CCCCC3)cc1,1,train
f998209d074292d2d94af74f348ec7d3140fe5a8,CN(C/C=C/c1ccc(C(F)(F)F)cc1)Cc1ccc2c(c1)CCCC2,1,train
1c45b163967cb0e4505321be0219aededf23ff55,COc1ccc(CN(CC(=O)N2CCC3(CC2)CNC3)c2ccc(C#N)cc2)cc1F,0,train
e547e1f766337c3b75e20926e2c76d6a3214100f,COc1ccc(CN(CC(=O)N2CCC(CN)CC2)c2ccc(C#N)cc2)cc1F,0,test
177adf512e647890e4a384e36c004daa5fa86244,Cc1ccc(-c2ncc(OC[C@H]3CCNC3)cc2-c2ccc(C#N)cc2)cc1,1,train
6e8eb9431daa2012a9080fa5401e5dd895a9fa20,Nc1ccc(F)cc1NC(=O)c1ccc(CNC(=O)/C=C/c2cccnc2)cc1,0,test
351d9326d30ca10d0a5411b0c7edc1e2f998bb3b,Cc1ccc(/C=C/C(=O)N2CCN(c3ccc(C(=O)Nc4ccccc4N)cc3)CC2)cc1,0,train
0672a7a858c6900dcaec1d97dbfc5e6b3105fea3,COc1ccc(/C=C/C(=O)N2CCN(c3ccc(C(=O)Nc4ccccc4N)cc3)CC2)cc1,0,train
22f3b46d6d5b4d7cc6ad31273b8273584586339b,Nc1ccccc1NC(=O)c1ccc(N2CCN(C(=O)/C=C/c3ccc(F)cc3)CC2)cc1,0,train
a9bb57a4b3fc776e35f6d73aad1c016ff479878d,CCc1cc(COc2cc(C(=O)N3CCC[C@@H](N)C3)nn2-c2ccc(C#N)cc2)on1,1,test
49305cce439d209b2e8d5b5042795e1c91b004a8,CC(C)CN(CCc1ccc(Cl)cc1)C1CCN(c2n[nH]c(N)n2)CC1,1,train
2e9bb0ec8869bfd77295e906e2570e933c56f4c4,COc1ccc(Oc2ccnc3cc(-c4cnn(C5CCNCC5)c4)ccc23)cc1,1,train
1d64860a9145ad66776b68c1e16e630836668fb8,Oc1ccc(Oc2ccnc3cc(-c4cnn(C5CCNCC5)c4)ccc23)cc1,1,train
515fddc79ae7dc537c639eed58bde2a10b949b2d,Cc1ccc(Oc2ccnc3cc(-c4cnn(C5CCNCC5)c4)ccc23)cc1,1,train
27d4b63ca0fc894f8243570912cb346521436a57,CN(Cc1ccccn1)Cc1ccccc1CNc1ccnc2cc(Cl)ccc12,1,val
f823f7f7a49d25cc9f48c8fe5fce3c54ff0caadb,CCOC(=O)C1C2CCC(C[C@@H]1OC(c1ccc(F)cc1)c1ccc(F)cc1)N2CCc1c[nH]c2ccccc12,0,val
200c9c151b52c239f28b60bf37aa6422ad03f1d4,Fc1ccc(C(OC2CC3CCC(C2)N3CCN2CCCCC2)c2ccc(F)cc2)cc1,1,train
3fc5d087061a531d434e4156e2a76334bf88bc38,CN(C)CCN1C2CCC1CC(NC(c1ccc(F)cc1)c1ccc(F)cc1)C2,1,val
546ab7c221e3abbf16fa4eefe31de6e28102eeef,CN(C)CCN1C2CCC1CC(OC(c1ccc(F)cc1)c1ccc(F)cc1)C2,1,train
ced698cacc1b6cb31e9ede4acdf3ad6f4862c6f4,CC(C)[C@@H](N)CN1C2CCC1CC(OC(c1ccc(F)cc1)c1ccc(F)cc1)C2,1,train
8fbd5fcecc1589ca1ad0c5b7b1ff405a7fe9309e,Fc1ccc(C(OC2CC3CCC(C2)N3CC2CC2)c2ccc(F)cc2)cc1,1,train
42cb6417e31094ed053512530e7b67f1152dc713,CN(C/C=C/c1ccc(-c2ccccc2)cc1)Cc1coc2ccccc12,0,val
09da0b50b95aaf0e41d99d991c37dd65eef5acc2,CCOC(=O)C1C(CN2CCOC[C@H]2CO)=NC(c2nccs2)=N[C@H]1c1ccc(F)cc1Br,0,train
e4a0e9c00760c9e3393fa71447335fb854db78f4,CCOC(=O)C1C(CN2CCOC(CO)C2)=NC(c2nccs2)=NC1c1ccc(F)cc1Br,1,train
335e30b567e0f233554edd8b512f67e016993462,CCOC(=O)C1C(CNC(Cc2ccccc2)C(=O)O)=NC(c2nccs2)=NC1c1ccc(F)cc1Br,1,train
ee8f6b32a6e6b3f020901ba1e84390eec43400bb,CCOC(=O)C1C(CN2CCS(=O)(=O)CC2)=NC(c2nccs2)=NC1c1ccc(F)cc1Br,1,test
45d266397752908f4c31e707df136d88ae700045,CCOC(=O)C1C(CN2CC[S+]([O-])CC2)=NC(c2nccs2)=NC1c1ccc(F)cc1Br,1,val
64c26bbcb21ca1f21fc2935cb2ee514d22e7584a,CCOC(=O)C1C(CN2CCOCC2)=NC(c2nc(CC(=O)OC)cs2)=NC1c1ccc(F)cc1Br,1,train
c425126747819e29b622783bf7be83ab20886483,CCOC(=O)C1C(CN2CCOCC2)=NC(c2ncc(OC)s2)=NC1c1ccc(F)cc1Br,1,train
cb69fbb92b6a3b675eb388d980d61195a0958cf3,CCOC(=O)C1C(CN2CCOCC2)=NC(n2cncn2)=NC1c1ccc(F)cc1Br,1,val
e432cbb4e2270cac02c3f62e01e8bc46ce8e4f0c,CCOC(=O)C1C(CN2CCOCC2)=NC(c2nccn2C)=NC1c1ccc(F)cc1Br,1,val
cc6f297bf9577586118b54b0c4eb9acfa9be41c5,CCOC(=O)C1C(CN2CCOCC2)=NC(c2ccccn2)=NC1c1ccc(F)cc1Br,1,train
de033b1097bc765846395d3e456503313b648e2a,CCOC(=O)C1C(CN2CCOCC2)=NC(c2cccs2)=NC1c1ccc(F)cc1Br,1,train
13ce9c792251519b1169fe8f9c772fbb3a59d8d9,CCOC(=O)C1C(CN2CCOCC2)=NC(c2nncs2)=NC1c1ccc(F)cc1Br,1,train
a15f9c2091584c1771be8f50733c9acb24a74e08,CCOC(=O)C1C(CN2CCOCC2)=NC(c2nccs2)=NC1c1ccc(F)cc1-c1ccccc1,1,test
dc63aed210160c1946ebc8ec3a8f03d332661a12,CCOC(=O)C1C(CN2CCOCC2)=NC(c2nccs2)=NC1c1ccccc1[N+](=O)[O-],1,train
e29fb96605481d667b273d4aa8adea102da79287,CCOC(=O)C1C(CN2CCOCC2)=NC(c2nccs2)=NC1c1ccccc1Cl,1,train
6ef0bbc96e55cbb63e002ad74a2c082d0e6603ad,CCOC(=O)C1C(CN2CCOCC2)=NC(c2nccs2)=NC1c1ccc(Cl)cc1Cl,1,train
556cd849031843324293161fae6a5b4a9428314d,CCOC(=O)C1C(CN2CCOCC2)=NC(c2nccs2)=NC1c1ccc(F)cc1Cl,1,train
40630546ea60736071c6b082874734c1bf6ed223,CCOC(=O)C1C(CN2CCOCC2)=NC(c2nccs2)=N[C@@H]1c1ccc(F)cc1Br,1,train
7f93408400d5feab6d0fa9d9300f5a3da9591ac1,CCOC(=O)C1C(CN2CCOCC2)=NC(c2nccs2)=N[C@H]1c1ccc(F)cc1Br,1,train
294d03a69043d4951c6652950dc2f2fd6eb86324,CCOC(=O)C1C(CN2CCOCC2)=NC(c2nccs2)=NC1c1ccc(F)cc1Br,1,train
9656f4bfe73cabc49529819d095f2e825440c527,Cc1c([C@@H](O)CN2CCC3(CC2)CCN(c2ccc(=O)n(C)n2)C3=O)ccc2c1COC2=O,0,train
cb0da13e04955d3e7b08e9e6bb92352c1b6f8a95,Cc1c([C@@H](O)CN2CCC3(CC2)CCN(c2ccc(-n4cnnn4)cn2)C3)ccc2c1COC2=O,1,test
219efaba069b6be15b6e85d9c24f0b54a3856740,Cc1nsc(N2CCC3(CCN(C[C@H](O)c4ccc5c(c4C)COC5=O)CC3)C2)n1,1,train
c37710997068073cd1e1f246e4da1825a304ae41,Cc1c([C@@H](O)CN2CCC3(CC2)CCN(c2ccns2)C3)ccc2c1COC2=O,1,train
a7a489d6b9ef6ca92b8e78bbc63cd68b13435c42,Cc1c([C@@H](O)CN2CCC3(CC2)CN(c2ccns2)C3)ccc2c1COC2=O,1,val
f636ba220cc7fb23d6b6e4e61e2e98e60a74bb9b,Cc1c([C@@H](O)CN2CCC3(CC2)CC(=O)N(c2ccns2)C3)ccc2c1COC2=O,1,train
6d134eaa3d132620d125682df5bb59e804033380,Cc1c([C@@H](O)CN2CCC3(CC2)CN(c2ccns2)C(=O)O3)ccc2c1COC2=O,0,train
9537d1fc8d9a9821c757aa8cb7f86ad90bee00e2,Cc1c([C@@H](O)CN2CCC3(CC2)CCN(c2ccns2)C3=O)ccc2c1COC2=O,1,train
43107d5b06bd9f1a3df4dd9ce5e18ab9c99eb1b9,Cc1c([C@@H](O)CN2CCC3(CC2)CCN(c2sncc2Cl)C3=O)ccc2c1COC2=O,1,train
8609a779ac95eb7cf6cf5099d0a96be6dc81b536,Cc1cnsc1N1CCC2(CCN(C[C@H](O)c3ccc4c(c3C)COC4=O)CC2)C1=O,1,train
5c22d637c2fe89c9647c5ad40592119843bf6339,Cc1cc(N2CCC3(CCN(C[C@H](O)c4ccc5c(c4C)COC5=O)CC3)C2=O)sn1,1,train
0afd18c8738b44b4eb2109cdbfe072fd3d366f0e,Cc1c([C@@H](O)CN2CCC3(CC2)CCN(c2cc(-c4ccccc4)ns2)C3=O)ccc2c1COC2=O,1,train
d91b8f7854c0543dc5afc1533346ae73be9c7dc0,Cc1c([C@@H](O)CN2CCC3(CC2)CCN(c2cc(-c4ccccc4)no2)C3=O)ccc2c1COC2=O,1,train
825bb0ff7981ff4436c8ca938642bb2ac4c24f6c,Cc1c([C@@H](O)CN2CCC3(CC2)CCN(c2cnsc2)C3=O)ccc2c1COC2=O,1,train
23800e4eebc00220168db445d689b7b2d739a134,Cc1c([C@@H](O)CN2CCC3(CC2)CCN(c2cnsn2)C3=O)ccc2c1COC2=O,1,val
75570681e03f3f35aa5e75df9abf2149c2b1cab2,Cc1c([C@@H](O)CN2CCC3(CC2)CCN(c2ncns2)C3=O)ccc2c1COC2=O,0,train
16186d3f5d0fe7eba0c241b611e1a48b6e9ee9e3,Cc1nsc(N2CCC3(CCN(C[C@H](O)c4ccc5c(c4C)COC5=O)CC3)C2=O)n1,1,train
2a1d3839946e3110de86f77218a6728e9afd7e02,COc1nsc(N2CCC3(CCN(C[C@H](O)c4ccc5c(c4C)COC5=O)CC3)C2=O)n1,1,train
297872306c1cf0210e308d90ceebe65316129255,Cc1c([C@@H](O)CN2CCC3(CC2)CCN(c2ccncc2)C3=O)ccc2c1COC2=O,0,train
83fbdd8953a6e306f480f9abe6a72ac3156e5eb8,COc1cc(N2CCC3(CCN(C[C@H](O)c4ccc5c(c4C)COC5=O)CC3)C2=O)ccn1,1,train
c8ce03c590c8430efe99fc8c8c3cabc147434a99,Cc1c([C@@H](O)CN2CCC3(CC2)CCN(c2ccnnc2)C3=O)ccc2c1COC2=O,0,train
f4cc4fb57b831254f0e4b4ffb8d1c0490d4eedbc,Cc1c([C@@H](O)CN2CCC3(CC2)CCN(c2ccncn2)C3=O)ccc2c1COC2=O,0,train
89623a45589712e5c1b059842dce549f61c31472,Cc1nccc(N2CCC3(CCN(C[C@H](O)c4ccc5c(c4C)COC5=O)CC3)C2=O)n1,0,train
585dae71e98c82a33e72eb6f255e8a933cde9444,COc1nccc(N2CCC3(CCN(C[C@H](O)c4ccc5c(c4C)COC5=O)CC3)C2=O)n1,1,train
add9927625c0b65cdd1470a342e88d4b381712f6,CNc1nccc(N2CCC3(CCN(C[C@H](O)c4ccc5c(c4C)COC5=O)CC3)C2=O)n1,1,train
7f12cdcfc3cd50fae00ef95407810e3d56d467bb,Cc1c([C@@H](O)CN2CCC3(CC2)CCN(c2cnn(C)c(=O)c2)C3=O)ccc2c1COC2=O,0,test
c22f97bb15e85a01bb31f3c25b99f6231ce32aab,CCn1nc(N2CCC3(CCN(C[C@H](O)c4ccc5c(c4C)COC5=O)CC3)C2=O)ccc1=O,1,train
275e2cbc2b47d62c73816f6d978bd5083ffaa36a,Cc1c([C@@H](O)CN2CCC3(CC2)CCN(c2ccc(=O)n(C4CCCC4)n2)C3=O)ccc2c1COC2=O,0,test
478d222d80663122547fdd717aeea8e4b7e3de25,Cc1c([C@@H](O)CN2CCC3(CC2)CCN(c2ccc(=O)n(C(F)F)n2)C3=O)ccc2c1COC2=O,0,train
5eba32cdfb9a1a4aeb6bb04593798f87df76147d,Cc1c([C@@H](O)CN2CCC3(CC2)CCN(c2cc(C)c(=O)n(C)n2)C3=O)ccc2c1COC2=O,1,train
85ec3c6e1a0effc1255136bad55667397b7e12d0,Cc1cc(=O)n(C)nc1N1CCC2(CCN(C[C@H](O)c3ccc4c(c3C)COC4=O)CC2)C1=O,0,train
bcfb15cebc5323df3e477fe764d432d453771355,Cc1c([C@@H](O)CN2CCC3(CC2)CCN(c2ccc(=O)n(C)n2)C3)ccc2c1COC2=O,1,test
4a7d444272afbe88292f5a3a28820e91b31451fa,Cc1c([C@@H](O)CN2CCC3(CC2)CC(=O)N(c2ccc(=O)n(C)n2)C3)ccc2c1COC2=O,0,train
6998f114f53019e0afe9045e5a7842951f8b48e1,Cn1nc(N2CCC3(CCN(C[C@H](O)c4ccc(-n5cnnn5)nn4)CC3)C2=O)ccc1=O,1,val
d0095facf1769a3e80df7d742d16270886b3b81f,Cc1nc(-n2cnnn2)ccc1[C@@H](O)CN1CCC2(CC1)CCN(c1ccc(=O)n(C)n1)C2=O,0,val
b39591b842d1da94e4667e86be4b66ecfb944876,Cc1c(CCN2CCC3(CC2)CCN(c2ccc(=O)n(C)n2)C3=O)ccc2c1COC2=O,1,train
c2fe34b22e6b124353d5302a94c923ef9a31347f,Cc1c([C@@H](O)CN2CCC3(CC2)CCN(c2ccc(=O)n(C)n2)CC3)ccc2c1COC2=O,0,test
84d8e20246c7dddfa4639cbf254b61a7dd8ef56d,Cc1c([C@@H](O)CN2CCC3(CC2)CN(c2ccc(=O)n(C)n2)C(=O)CO3)ccc2c1COC2=O,0,train
9ec06a3d44bfeccda5cff5d4ef700ad2c3d6176c,Cn1c([S+](C)[O-])nc(-c2ccc(F)cc2)c1-c1ccnc(N)c1,0,train
e3776cb00751cb4b2449b884c1a24d255581126d,CSc1nc(-c2ccc(F)cc2)c(-c2ccnc(NC(C)=O)c2)n1C,0,train
991cf44d0326f7bad30262f51b30c88725bf9e2a,CSc1nc(-c2ccc(F)cc2)c(-c2ccnc(Nc3ccccc3)c2)[nH]1,1,test
20ef93648c7b6923cf15ceeabe60acfc78ba2b2f,Cc1cc(CNc2nc(N)nc3ccn(Cc4ccccn4)c23)no1,1,train
5d72d733217c66804247a228f370db0d1893f0a2,Nc1nc(NCc2cc(C3CC3)on2)c2c(ccn2Cc2ccccn2)n1,1,val
0085fa7fc871fa2a88483ebb068e2d37a65c216a,COc1ccc(Cn2ccc3nc(N)nc(NCc4cc(C)on4)c32)nc1OC,1,train
78682ad5305b39f81e3993331f6d969a6affa91d,COc1cccc(Cn2ccc3nc(N)nc(NCc4cc(C)on4)c32)n1,1,train
711733c364932a997254ae1403098ddc8bbe2fbd,Cc1cc(CNc2nc(N)nc3ccn(Cc4ccc(F)cn4)c23)no1,1,train
6d16bf201a4261b7c474507f9cb34979732f1ef1,Cc1cc(CNc2nc(N)nc3ccn(Cc4ncccc4F)c23)no1,1,train
cefc5cf0d2c05b94f30723d3a2c89c76c78df24b,Cc1cc(CNc2nc(N)nc3ccn(Cc4ccc(C(F)(F)F)cn4)c23)no1,1,train
d0ed0ab6335f28d9fdc271a439b2808f4f6eb576,Cc1cc(CNc2nc(N)nc3ccn(Cc4ncccc4Cl)c23)no1,1,train
1f99c9a1f9ae3801a53d98d034d972b27ff7cf6c,Cc1cc(CNc2nc(N)nc3ccn(Cc4cc(Cl)ccn4)c23)no1,1,train
72458d76bbcc79df2446b6a91f60f7f17ee784b3,Cc1cnc(COc2nc(N)nc3ccn(Cc4ccccn4)c23)s1,0,train
98dec2f989d11bfc3048f652c607b14daf30fa73,COc1cccnc1Cn1ccc2nc(N)nc(OCc3ncc(C)o3)c21,1,test
b30b7bbb003673c7858278e68ed06161305a0404,COc1cccnc1Cn1ccc2nc(N)nc(NCc3cc(C)on3)c21,1,train
1bcaacc3c242d43503b68937c15ad901670e3bc7,CN(Cc1ccc(C(F)(F)F)cc1)c1cc(C(=O)Nc2ccccc2)ncn1,1,train
cde27b139ec90defcd62c4b76a25a1938f04990c,CN(Cc1ccc(C(F)(F)F)nc1)c1cc(C(=O)Nc2ccccc2)ncn1,1,test
5d3a2bdc264d5cd5fdf57cedcc1fe9906467b647,CC(C)Oc1ccc(NC(=O)c2cc(N(C)Cc3ccc(F)cc3)ncn2)cc1,1,train
6ab95b13dcd30ec89d7b16d8de74130ef8fc715b,CN1CCN(c2ccc(NC(=O)c3cc(N(C)Cc4ccc(C(F)(F)F)cc4)ncn3)cc2)CC1,1,train
bde18229950a305285f544ec7ca3214b7f20bea6,CN(Cc1ccc(F)cc1)c1cc(C(=O)Nc2nncs2)ncn1,1,train
5c91bc266510a1711487161a882509d917520bde,CN(Cc1ccc(C(F)(F)F)nc1)c1cc(C(=O)Nc2nncs2)ncn1,0,train
8c5c3e17c94f48d4bffd9cb7cdc4c4f3ffed0474,CN(C)[C@H]1CC[C@H](n2cc(C(N)=O)c(Nc3ccc(Cl)cc3)n2)[C@@H](C#N)C1,1,train
b1de2fbceed91afeb461863f46f73708df43db23,N#C[C@H]1C[C@@H](O)CC[C@@H]1n1cc(C(N)=O)c(Nc2ccc(Cl)cc2)n1,0,train
136eb0d6909d77d3eb50566390776254bcce5e95,CN([C@H]1CC[C@H](n2cc(C(N)=O)c(Nc3ccc(Cl)cc3)n2)[C@@H](C#N)C1)C1(C)COC1,0,train
950cc7a922152eaa8092205e952e243e29b037c3,N#C[C@H]1C[C@@H](N2CCC2)CC[C@@H]1n1cc(C(N)=O)c(Nc2ccc([C@H](O)C(F)(F)F)cc2)n1,0,test
1671c9d248dcdcb6e4c066f59a0e6efc2006eee4,N#C[C@H]1CCOC[C@@H]1n1cc(C(N)=O)c(Nc2ccc(Cl)cc2)n1,0,train
8e5858d5fcfefc282017f6dd42bfeaecf7172ad7,N#C[C@H]1CCOC[C@@H]1n1cc(C(N)=O)c(Nc2ccc(F)cc2)n1,0,train
a4d17b529e38968922e62012f583481dbb552e13,N#C[C@H]1CCOC[C@@H]1n1cc(C(N)=O)c(Nc2ccc(C3CC3)cc2)n1,0,train
8ea6cb3c1cd35b7dd2f14ecab08e1826812bbce9,N#C[C@H]1CCOC[C@@H]1n1cc(C(N)=O)c(Nc2ccc(OC(F)F)cc2)n1,0,train
c05ade70b5493534143050f15995501749fbca2f,N#C[C@H]1CCOC[C@@H]1n1cc(C(N)=O)c(Nc2ccc(-n3ccnn3)cc2)n1,0,train
5c6337bcb8e6d8a30edf58877d557beddc243d2c,N#Cc1ccc(Nc2nn([C@H]3COCC[C@@H]3C#N)cc2C(N)=O)cc1,0,train
972f819778d1e1649881bc421ac0ea06688e995b,C[C@@H](c1ccc(Br)cc1)N1CC[C@](CCC(N)=O)(c2ccc(F)cc2)OC1=O,1,train
3d3bdf6571660df1f30cacb8f55faa6a0f639bd4,C[C@@H](c1ccc(OC(F)F)cc1)N1CC[C@](CCC(N)=O)(c2ccc(F)cc2)OC1=O,1,train
3eed1746c44be62834fd965546f824d5715b50f5,COc1ccc2ncc(F)c([C@@H](O)CC[C@@H]3CCN(C4CC(c5cc(F)ccc5F)C4)CC3C(=O)O)c2n1,0,val
17b0fd57bea08e2ecef03c440eed830b89806f5e,COc1ccc2ncc(F)c([C@@H](O)CC[C@@H]3CCN(C4CC(c5ncccc5F)C4)CC3C(=O)O)c2c1,0,val
6f21a46344289b7589bc208e30f293adab84f3bf,COc1ccc2ncc(F)c([C@@H](O)CC[C@@H]3CCN(C4CC(c5cccc(F)c5F)C4)CC3C(=O)O)c2c1,0,train
85a164cf03af1a415f52c7b7d578a3e7e5f1e8be,COc1ccc2ncc(F)c([C@@H](O)CC[C@@H]3CCN(C4CC(c5cc(F)cc(F)c5)C4)CC3C(=O)O)c2c1,0,train
786609657d545c298a7d62b459519cecb86e03ca,COc1ccc2ncc(F)c([C@@H](O)CC[C@@H]3CCN(C4CC(c5cc(F)ccc5F)C4)CC3C(=O)O)c2c1,0,train
75a0b2a70a921c8ea7cb1a9fe53416298a70b177,COc1ccc2ncc(F)c([C@@H](O)CC[C@@H]3CCN(C4CC(c5c(F)cccc5F)C4)CC3C(=O)O)c2c1,0,train
827579e747afaa18e97f35b6a1550801297579b9,COc1ccc2ncc(F)c([C@@H](O)CC[C@@H]3CCN(C4CC(c5ccccc5)C4)CC3C(=O)O)c2c1,0,train
026e55fa8f5e8c78559720ec259a572ca7afec39,C[C@@H]1O[C@@H](O[C@H]2C[C@@H](O)[C@]3(CO)[C@H]4[C@H](O)C[C@]5(C)[C@@H](C6=CC(=O)OC6)CC[C@]5(O)[C@@H]4CC[C@]3(O)C2)[C@H](O)[C@H](O)[C@H]1O,1,train
b34e977849a58b1584348b9fbe99010af26fbf6c,C[C@@H]1CC[C@H](Nc2ncc(C(N)=O)c3sc(-c4ccccc4)cc23)CN1,1,train
81097521a28dc1a389f15a720f645aa4046f426b,C[C@@H]1CC[C@H](Nc2ncc(C(N)=O)c3sc(-c4ccccc4)cc23)[C@H](C)N1,1,train
4818c24d5ff57004f1142b3e57b812810d1fc29f,C[C@@H]1NCCC[C@@H]1Nc1ncc(C(N)=O)c2sc(-c3ccccc3)cc12,1,train
f8e89def9acfef3124c04129dcbe5f90835164e7,NC(=O)c1cnc(N(CCc2ccccc2)[C@H]2CCCNC2)c2cc(-c3ccccc3)sc12,1,val
f99d31b042dc39fbb0056f8b46e3bd59f1ff7be4,CCN(c1ncc(C(N)=O)c2sc(-c3ccccc3)cc12)[C@H]1CCCNC1,1,train
249a8a22d1ad447f93a2ebff7d0a5775a3cb455e,CN(c1ncc(C(N)=O)c2sc(-c3ccccc3)cc12)[C@H]1CCCNC1,1,train
bf262e37fcb6a9b35631b63f397279d9f31d89b3,NC(=O)c1cnc(SC2CCCNC2)c2cc(-c3ccccc3)sc12,1,test
b19bf12af538d008715c00fd98610f510bbb79b8,NC(=O)c1cnc(O[C@H]2CCCNC2)c2cc(-c3ccccc3)sc12,1,val
19390f0c04074288dd4d8fc915ea60e0c37b587a,NC(=O)c1ccc(N[C@H]2CCCNC2)c2cc(-c3ccc(Cl)cc3)[nH]c12,1,train
e729a2b046cfe24172fa2bfad720f85ab62b09be,NC(=O)c1ccc(N[C@H]2CCCNC2)c2cc(-c3ccc(F)cc3)[nH]c12,1,train
b41839361391ec3a531852fbaff5dfebf8410080,NC(=O)c1ccc(N[C@H]2CCCNC2)c2cc(-c3cccc(F)c3)[nH]c12,1,train
0623f509e9ffe19e75de6deb50c8c00a51d08ea0,NC(=O)c1ccc(N[C@H]2CCCNC2)c2cc(-c3ccccc3)[nH]c12,0,train
137d7b5973af6a3f707c52af94d2347285d2ba94,NC(=O)c1cnc(N[C@H]2CCCNC2)c2cc(-c3ccsc3)sc12,0,test
8927fcc4ffd87ddcc6c190d81dee69669c476435,NC(=O)c1cnc(N[C@H]2CCCNC2)c2cc(-c3cccc(F)c3)sc12,0,train
304c37fb90afaa6555c027af60e444af6fabe367,NC(=O)c1cnc(N[C@H]2CCCNC2)c2cc(-c3ccccc3)sc12,0,train
bf9c29fcca992b8a34e87376fcce210f7d339209,Cc1cc(Oc2cncnc2)cc(C(=O)Nc2ccc(F)cn2)n1,0,val
024a5191dd5a80b3abc8a68471cc14b46b10658c,O=C(CN1CCCC2=C1C(=O)N(C1CC1)C2=O)Nc1ccc(-c2cccnc2)nn1,0,test
0bd7a5f8bad202f0f655bca7f60d9a3f2d9b1fec,Clc1cccc(N2CCN(CCCCNc3nccc4ccccc34)CC2)c1Cl,1,test
915d863c0df6d16a651da5d5bf1c818d4c76ee63,Clc1cccc(N2CCN(CCCCNc3ccc4ccccc4n3)CC2)c1Cl,1,train
387754d96637137beb1d5e84281b6ff076780498,c1ccc(C(OCCCc2c[nH]cn2)c2ccccc2)cc1,1,train
f1dfae5d4ffded30847d0b93c07494b994485c0d,N#Cc1c(N)ncnc1N1CCC[C@H]1c1nc2cccc(C#CCCCC(=O)N3CCOCC3)c2c(=O)n1-c1ccccc1,0,train
374eff6359f8542394851e2a5027343505fe99da,N=C1N[C@@]2(c3cc(CNCC(F)(F)F)c(F)cc3F)CO[C@@H](CF)C[C@H]2CS1,1,train
39b1555b8e5dc12c4f26dc835b16d9b789936acd,C[C@@H]1C[C@@](C)(c2cc(CNC3(C(F)(F)F)CC3)c(F)cc2F)N=C(N)S1,1,val
c55c8d2ce3848ff844f5b994d5760b4cc75fd66c,C[C@@]1(c2cc(CNC3(C(F)(F)F)CC3)c(F)cc2F)CCSC(=N)N1,1,train
305e54794f819707cd99a092d4cf33559a8f9c24,C[C@@]1(c2cc(CNC3(C(F)(F)F)COC3)c(F)cc2F)CCSC(=N)N1,0,train
37a93abb689ce6adde310fa6f568e1a68c102882,C[C@@]1(c2cc(CNC3(C#N)CC3)c(F)cc2F)CCSC(=N)N1,0,train
116252cd19187a53a0e5fd3c487ee0404b633f3c,C[C@@]1(c2cc(CNC3(C(F)F)CC3)c(F)cc2F)CCSC(=N)N1,0,train
d5638b5bd8c89b4e9bc6cfe3593f4952d7a2d1e9,C[C@@]1(c2cc(CNCC3CC3)c(F)cc2F)CCSC(=N)N1,0,val
fdacf90354781bae36f2da3006cb6b724db04af5,C[C@@]1(c2cc(CNC3CC3)c(F)cc2F)CCSC(=N)N1,0,train
463379862acf5ca6b133fa95eb396a6650765c0c,C[C@@]1(c2cc(CNCCC(F)(F)F)c(F)cc2F)CCSC(=N)N1,0,train
b36755e2db93a322533ae1d02f512262ccac7201,C[C@@H](NCc1cc([C@]2(C)CCSC(=N)N2)c(F)cc1F)C(F)(F)F,0,train
0f324c59f059ad36c319215b6ebed688477274ab,CC(C)(NCc1cc([C@]2(C)CCSC(=N)N2)c(F)cc1F)C(F)(F)F,0,train
6c7eb37d2fb5eab58e2121028b7ed9e4b50da976,C[C@@]1(c2cc(CNCC(F)F)c(F)cc2F)CCSC(=N)N1,0,train
b189b77f0b3c7894aa44540e0dcc582009bd88cd,C[C@@]1(c2cc(CNCC(F)(F)F)c(F)cc2F)CCSC(=N)N1,1,train
3eb2ea50b72438fc155da350baf85a2ea9e316bd,CCc1nc2c(C)cc(C)nc2n1Cc1ccc(/C=C/CN2CCN(C(C)C)CC2)cc1,1,test
ed83a8f2a1b1642f53b044fcdc44262520e258dd,Cc1nc2n(c(=O)c1CCN1CCN(c3cccc4sccc34)CC1)CCCC2,1,train
c584e80f9c0de35e1e5617a99fab243c371488bc,Cc1nc2n(c(=O)c1CCN1CCN(c3cccc4sccc34)CC1)CCCC2O,1,train
9f97e853ca2243a6ec68b2c0965cb19a91e93c02,Cc1nc2n(c(=O)c1CCN1CCN(c3cccc4sccc34)CC1)CCCC2F,1,train
a1799ba39be2ee37f864300bab3d745ac4a1edd5,Cc1nc2n(c(=O)c1CCN1CCN(c3cccc4sccc34)CC1)CCCC2(F)F,1,train
c2e1bde7b78f3eaa33f5cd83111be372713e17e9,O=C(c1ccccc1)N1CCc2oc(-c3ccc(F)cn3)nc2C1,0,train
6732676f5d721358485833b97aea00498a04ef3f,O=C(c1cccc(F)c1)N1CCc2oc(-c3ccc(F)cn3)nc2C1,0,train
5e743f79e67519d144af9fdb4bdf16a652cac9b4,O=C(c1cc(F)cc(Cl)c1)N1CCc2oc(-c3ccc(F)cn3)nc2C1,0,train
86e2b5298aa2e6564d15affc20836e16bc14c2e5,O=C(c1cc(F)cc(Cl)c1)N1CCn2nc(-c3ccc(F)cn3)cc2C1,0,val
849099a9663c13c2a36bc117851054efa2c9a8f6,NC(=O)c1cc(Cl)c2c(Cl)c(C3CC3)n([C@H]3CCCNC3)c2n1,1,train
53b6ba3d3d3fb2cd6f64d83d3c49e3821d38b19a,NC(=O)c1cc(Cl)c2c(Cl)c(C3CC3)n([C@@H]3CCCNC3)c2n1,1,train
67c10efaf04dc6d2800e04f487544d6bc37ce260,NC(=O)c1cc(Cl)c2c(Cl)c(C3CC3)n(C3CCCNC3)c2n1,1,train
399ff68821713ae730abf77341a9a58b11ce7d1a,NC(=O)c1cc(Cl)c2c(Cl)c(C#CC3CC3)n(C3CCCNC3)c2n1,1,test
fc39470b45f06056e8d2344fe3fa5ebf88bcd480,Cc1ccc([C@@H]2CN(C(=O)C3CCC(CN)CC3)C[C@H]2c2ccc(C#N)cc2)cc1,0,train
e9b89838f1563a0c0c0e7c0564da56bd6b221d47,Cc1ccc(-c2ncc(OC[C@@H]3CCNC3)cc2-c2ccc(C#N)cc2)cc1,1,train
b10375a112eff4450f96cd512bfe735ac50b7674,COCCCC(=O)NCCN1CCC[C@@H]1Cn1nc(Cc2ccc(Cl)cc2)c2ccccc2c1=O,1,train
982f13e96fc5a51995999c395f0512e5ebb026a4,CCCCc1cc(OC2CCN(CCS(=O)(=O)CC)CC2)c2ncccc2c1,1,train
048d3e8e1a5e0434d0a39f138a91cafd5356cdc7,CCCCc1cc(OC2CCN(CCCS(=O)(=O)CC)CC2)c2ncccc2c1,1,train
b6610531b311fcf7837d6341440011cd627f59d5,CCCCc1cc(OC2CCN(CCCS(=O)(=O)CCC)CC2)c2ncccc2c1,1,train
f45950649d0b6a04cdcf887a050ee11f0a75e751,CCCCc1cc(OC2CCN(CCCS(=O)(=O)C(C)C)CC2)c2ncccc2c1,1,train
dac96860c551854a6cb81a1090c4a18e5e00a904,CCCCc1cc(OC2CCN(CCCS(=O)(=O)C(C)(C)C)CC2)c2ncccc2c1,1,train
4fa7b88310cade48ab9c7c566551b29f7d93ba9b,CCCCc1cc(OC2CCN(CCCCS(=O)(=O)C(C)(C)C)CC2)c2ncccc2c1,1,train
42c32b3b9f2d3a657a0a4ad0c8488b5a19096a4a,CCCCc1cc(OC2CCN(CCC(C)S(=O)(=O)CC)CC2)c2ncccc2c1,1,train
206dd0f2c3e46e3307966aa002c714158113739b,CCCCc1cc(OC2CCN(CCNS(=O)(=O)CC)CC2)c2ncccc2c1,1,train
4462fe7f3ba7800cbf6201042fed0d06816e1ba7,CCCCc1cc(OC2CCN(CCCNS(=O)(=O)CC)CC2)c2ncccc2c1,1,train
b50adc2f36d006bd02941ba5f0f4f2d91ed4951f,CCCCc1cc(OC2CCN(CCCCNS(C)(=O)=O)CC2)c2ncccc2c1,1,train
aa2f4782179cd008dabcd4ec88e0192f90e26add,CCCCc1cc(OC2CCN(CCCCNS(=O)(=O)CC)CC2)c2ncccc2c1,1,train
438eec98ead50a78cc5ae035d37f3abc8aa1c29f,CCCCc1cc(OC2CCN(CCCCNS(=O)(=O)CCC)CC2)c2ncccc2c1,1,train
cc49d7fbdc6a5b53733087c496f0539152a4860e,CCCCc1cc(OC2CCN(CCCCNS(=O)(=O)C(C)C)CC2)c2ncccc2c1,1,train
05d3b8004fa107bf1d48e5af3c78687654401109,CCCCc1cc(OC2CCN(CCCCNS(=O)(=O)CC(C)C)CC2)c2ncccc2c1,1,train
267db3a9e18e0c4d9e2f27e35f58332e5370f9c7,CCCCc1cc(OC2CCN(CCCCNS(=O)(=O)C3CCCCC3)CC2)c2ncccc2c1,1,train
ab0f7b34f2bfdf0b6928fa1622c785e48d4f22be,CCCCc1cc(OC2CCN(CCCCN(C)S(=O)(=O)CC)CC2)c2ncccc2c1,1,train
81f3ed1c7fc3ee7f888c01fe532df64bee412764,CCCCc1cc(OC2CCN(CCS(=O)(=O)NC(C)(C)C)CC2)c2ncccc2c1,1,train
a88af055387dd2aee9746074d1c25b72228d0dff,CCCCc1cc(OC2CCN(CCCS(=O)(=O)NC(C)(C)C)CC2)c2ncccc2c1,1,train
d702dbb0a978635f529361b45c881de85d8191b2,CCCCc1cc(OC2CCN(CCCCS(=O)(=O)NCCC)CC2)c2ncccc2c1,1,train
11369d3aede20468a6599c6ea1334c2b40365a5a,CCN1CCc2c(sc(NC(=O)Nc3ccc(Cl)cc3)c2C(N)=O)C1,1,train
1469b95cf94a9fd940e6f333cb18f14e774adb64,NC(=O)c1c(NC(=O)Nc2ccc(Cl)cc2)sc2c1CCN(CCCNC(=O)CCc1c[nH]c3ccccc13)C2,0,train
865dff8a042765f50804c9b4626dfd0f04727d77,CC[N+]1(C)CCc2c(sc(NC(=O)Nc3ccc(Cl)cc3)c2C(N)=O)C1,1,train
9686caded98141c5cdbe6f900443b31e21231980,NC(=O)c1c(NC(=O)Nc2ccc(Cl)cc2)sc2c1CC[N+]1(CCCC1)C2,1,test
3020bd12fadbb463e657220478834072005cab85,NC(=O)c1c(NC(=O)Nc2ccc(Cl)cc2)sc2c1CC[N+]1(CCOCC1)C2,0,val
c0d82288c7fd74070ccccf6d01a618c92c1a64df,CC[N+]1(C)Cc2sc(NC(=O)Nc3ccc(Cl)cc3)c(C(N)=O)c2C1,1,train
f6b7d41f3bc00286e2ab21939984d20e9c3502e4,CN1[C@@H]2CC[C@H]1c1c(sc(NC(=O)Nc3ccc(Cl)cc3)c1C(N)=O)C2,1,train
5cd44a15966af5934937fb6a480bc2374945639d,CCc1ccn2ccnc2c1N1CCCN(CC2CCN(C(=O)C3C[C@@H]4CC[C@H]3O4)CC2)CC1,1,train
30d5947b665e64e64b525ae893745b1ba3742b4f,CCc1ccn2ccnc2c1N1CCCN([C@@H](CC(N)=O)C2CCN(C(=O)C3C[C@@H]4CC[C@H]3O4)CC2)CC1,1,train
8a3cb0b14936fcaa2d2ce0a3b1f2b621897f3a22,O=C(O)c1ccc2c(c1)C(=O)OC21CCN(c2ccc(-c3nc4cc(C(F)(F)F)ccc4[nH]3)cn2)CC1,1,val
45328dc89dc046f45df5c4599b50afbd05ea67ee,O=C(O)CC1CCC2(CC1)CCN(c1ccc(-c3nc4cc(C(F)(F)F)ccc4[nH]3)cn1)CC2,1,test
ce85c8d409dde79e89353ada6fb8ac05743902d0,O=C(O)CN1CCC2(CC1)CCN(c1ccc(-c3nc4cc(C(F)(F)F)ccc4[nH]3)cn1)CC2,1,train
c35b5ab44a721ad8957cbca2c8dc1338b747c89f,O=C(O)C1CCC2(CCN(c3ccc(-c4nc5cc(C(F)(F)F)ccc5[nH]4)cn3)CC2)OC1,0,train
96bd9a274838c02d9e2f1a42636d96dbc708dedc,O=C(O)CC1CCOC2(CCN(c3ccc(-c4nc5cc(C(F)(F)F)ccc5[nH]4)cn3)CC2)C1,1,train
025ca4b46fab13d730da108987fffd9ab1718889,O=C(O)CC1CCC2(CCN(c3ccc(-c4nc5cc(C(F)(F)F)ccc5[nH]4)cn3)CC2)OC1,1,train
47a33f2d8e981515df5a60ec045141830c4a542f,O=C(O)CC1COC2(CCN(c3ccc(-c4nc5cc(C(F)(F)F)ccc5[nH]4)cn3)CC2)C1,0,train
aa767a025ca6e0033d5f0cac5b8dfd910c51a7a6,O=C(O)C[C@@H]1COC2(CCN(c3ccc(-c4nc5cc(C(F)(F)F)ccc5[nH]4)cn3)CC2)C1,1,train
e00350378a733462c66c3d5ed2b3292317d8fdb6,O=C(O)C[C@H]1COC2(CCN(c3ccc(-c4nc5cc(C(F)(F)F)ccc5[nH]4)cn3)CC2)C1,1,train
f4a38ee31e5267fd54d18a59d3acdf176ec94ab9,O=C(O)CC1CCC2(CCN(c3ccc(-c4nc5cc(C(F)(F)F)ccc5[nH]4)cn3)CC2)O1,0,train
859e699cb3628213469709f4a34aeb51fb834859,COc1ccc2ncc(F)c(C[C@H](N)[C@@H]3CC[C@@H](NCc4ccc5c(n4)NC(=O)CO5)CO3)c2n1,1,train
cd1c481c887d6b26a6d522b769fc51fc4257066b,COc1ccc2ccc(=O)n(C[C@H](O)[C@@H]3CC[C@@H](NCc4ccc5c(n4)NC(=O)CO5)CO3)c2n1,0,train
9f9e0c61ed87eee18098701a238f4d6a65d4d817,COc1ccc2ccc(=O)n(C[C@H](N)[C@@H]3CC[C@@H](NCc4ccc5c(n4)NC(=O)CO5)CO3)c2n1,0,train
1b0ddee9f2186c06cb2ddf5378341e0aef8d20b8,CCc1nc2c(C)cc(N3CCN(CC(=O)N4CC(O)C4)CC3)cn2c1N(C)c1nc(-c2ccc(F)cc2)c(C#N)s1,0,val
4133befa91db2348eb688a62ad31110b33db6b44,CCc1nc2ccc(C3CCN(CC(=O)N4CC(O)C4)CC3)cn2c1N(C)c1nc(-c2ccc(F)cc2)cs1,1,train
6ea7a478d47dadcf5d5f18c045daeee8f20535f3,CCc1nc2ccc(C3CCN(CC(=O)N4CC(O)C4)CC3)cn2c1N(C)c1nc(-c2ccc(F)cc2)c(C#N)s1,1,train
6c16bc2b4f92fdd82b00bd934482fa72e704b202,CC1(COc2ccc(OC(F)(F)F)cc2)CCn2cc([N+](=O)[O-])nc2O1,1,train
8589104645770fe41941e47a503db97c10938153,C[C@]1(COc2ccc(OC(F)(F)F)cc2)Cn2cc([N+](=O)[O-])nc2O1,0,test
462d23f44149a4234f7f5c662493b5bf4d1ad6dc,Cc1cc(/C=C/C#N)cc(C)c1Oc1nc(NC2CCN(Cc3ccc(S(N)(=O)=O)cc3)CC2)nc2ccsc12,1,train
bd046320dd055b07635c88a3faa5d17b63d41c90,C=CC(=O)Nc1cc(Nc2nccc(-c3cn4c5c(cccc35)CCC4)n2)c(OC)cc1N(C)CCN(C)C,1,val
8a028575287606b3c332cbb815dff0627a5782c9,CC1(C)[C@H](Nc2c(C(N)=O)cnn3cc(-c4ccccc4)cc23)CC[C@]1(C)N,1,train
8c843b5ad8fed9cac1f81fb22f5613951870e302,COc1ccc(-c2cc3c(N[C@@H]4CC[C@](C)(N)C4(C)C)c(C(N)=O)cnn3c2)cn1,1,train
c285e7f119a2bde012d5004c9206245d0efbf68b,Cc1ccccc1-c1cc2c(N[C@@H]3CC[C@](C)(N)C3(C)C)c(C(N)=O)cnn2c1,1,train
190342a6690df6aca4c418d1a45355e3c068bb71,Cc1cccc(-c2cc3c(N[C@@H]4CC[C@](C)(N)C4(C)C)c(C(N)=O)cnn3c2)c1,1,train
b59586f5a2fd6a21cda215c48631f98b6fdcd9d4,COc1ccccc1-c1cc2c(N[C@@H]3CC[C@](C)(N)C3(C)C)c(C(N)=O)cnn2c1,1,train
96545243568c2d159641bdc3e278f265c38eacef,COc1cccc(-c2cc3c(N[C@@H]4CC[C@](C)(N)C4(C)C)c(C(N)=O)cnn3c2)c1,1,train
0e00f03465f24b0fb4faebc226183daa5fbd7e7d,COc1ccc(-c2cc3c(N[C@@H]4CC[C@](C)(N)C4(C)C)c(C(N)=O)cnn3c2)cc1,0,train
bd41bfc37ce6a47c5074dc966d9902047f758593,CC1(C)[C@H](Nc2c(C(N)=O)cnn3cc(-c4ccccc4F)cc23)CC[C@]1(C)N,1,train
68c282dd37fb9f732ba7ee07637909d75eb63e57,CC1(C)[C@H](Nc2c(C(N)=O)cnn3cc(-c4cccc(F)c4)cc23)CC[C@]1(C)N,1,train
79691865300be96cdfb549cc9515e29b41fd5826,CC1(C)[C@H](Nc2c(C(N)=O)cnn3cc(-c4ccc(F)cc4)cc23)CC[C@]1(C)N,0,train
9a8882cbe03d0ce9712370c3585ba259b4a64b4b,CC1(C)[C@H](Nc2c(C(N)=O)cnn3cc(-c4cccc(Cl)c4)cc23)CC[C@]1(C)N,1,train
e6d862b477613e01412c9675b8768725a6acfa78,CC1(C)[C@H](Nc2c(C(N)=O)cnn3cc(-c4ccc(C#N)cc4)cc23)CC[C@]1(C)N,0,train
cf237c96cc419229de17b42071b5884294d8be4b,CC1(C)[C@H](Nc2c(C(N)=O)cnn3cc(-c4cncnc4)cc23)CC[C@]1(C)N,1,test
8834e4b09f4751e2aa463b8492b4de51d35a14c2,Cc1cc(-c2cc3c(N[C@@H]4CC[C@](C)(N)C4(C)C)c(C(N)=O)cnn3c2)ccn1,0,train
41f5656b6bf833a5f2f409a55e3d9ad3c3ccb6f7,CC1(C)[C@H](Nc2c(C(N)=O)cnn3cc(-c4ccnc(F)c4)cc23)CC[C@]1(C)N,0,train
a920906caf1588daf871aea9cde23378f2b2c2aa,Cc1ccncc1-c1cc2c(N[C@@H]3CC[C@](C)(N)C3(C)C)c(C(N)=O)cnn2c1,0,train
0af68908dc502f1c6fe50221e12a2f5866f871c1,Cc1ccc(-c2cc3c(N[C@@H]4CC[C@](C)(N)C4(C)C)c(C(N)=O)cnn3c2)cn1,1,train
f2b0cd8e36a3e68a77c07da6fcb2e9240db43066,CC1(C)[C@H](Nc2c(C(N)=O)cnn3cc(-c4cncc(F)c4)cc23)CC[C@]1(C)N,1,train
acb49f2ae14b7a30c1182500253f90570444d729,CC1(C)[C@H](Nc2c(C(N)=O)cnn3cc(-c4ccc(F)nc4)cc23)CC[C@]1(C)N,0,train
dcc9d00bca35de7d509407bd5769fbf854ef66e2,CCOc1ccc(-c2cc3c(N[C@@H]4CC[C@](C)(N)C4(C)C)c(C(N)=O)cnn3c2)cn1,0,train
9d89da0cb862d2516e3ea5a12611d223245fbdd4,CC(C)Oc1ccc(-c2cc3c(N[C@@H]4CC[C@](C)(N)C4(C)C)c(C(N)=O)cnn3c2)cn1,1,train
7b88d50d718c6de8c8696b2453a322590d34f475,CC1(C)[C@H](Nc2c(C(N)=O)cnn3cc(-c4ccc(C#N)nc4)cc23)CC[C@]1(C)N,1,train
861552d52b3189810acfaaa99fa93f9272c26e47,CC(C)c1cc(CN2Cc3ccccc3S2(=O)=O)nn1-c1ccc(F)cc1,0,train
50d6d5d83adbfe7f8c58c8c1058c64131cf86803,CC(C)c1cc(CN2Cc3ccccc3S2(=O)=O)nn1C(C)(C)C,0,train
02184caf5dd9b1e27c3992a8e3dad7733f1ed7a2,Nc1nccn2c([C@H]3CN(C4CCOCC4)CCO3)nc(-c3ccc(C(=O)Nc4cc(C(F)(F)F)ccn4)cc3F)c12,1,test
7ca12592968e72d48d4540a57661f8898a690f25,Nc1nccn2c([C@@H]3CCCN(C4CCOCC4)C3)nc(-c3ccc(C(=O)Nc4cc(C(F)(F)F)ccn4)cc3F)c12,1,train
d9af9f03f2a7244481cd4a4c986121630738c11a,COCC(=O)N1CCO[C@@H](c2nc(-c3ccc(C(=O)Nc4cc(C(F)(F)F)ccn4)cc3F)c3c(N)nccn23)C1,0,train
42ae1a19437c45632e8a787c1bfe843c2be7d577,COCC(=O)N1CCC[C@@H](c2nc(-c3ccc(C(=O)Nc4cc(C(F)(F)F)ccn4)cc3F)c3c(N)nccn23)C1,1,train
61f8550711a9e747f3172234d01392fd055abd6f,CC(C)C(=O)N1CCO[C@@H](c2nc(-c3ccc(C(=O)Nc4cc(C(F)(F)F)ccn4)cc3F)c3c(N)nccn23)C1,0,train
c6ab60c0e8a94a3cabd629a30253b6372d2bd923,CC(C)C(=O)N1CCC[C@@H](c2nc(-c3ccc(C(=O)Nc4cc(C(F)(F)F)ccn4)cc3F)c3c(N)nccn23)C1,1,train
c2517d2fbf1c894f7a97096e5b1f41984f68cdee,CC(=O)N1CCO[C@@H](c2nc(-c3ccc(C(=O)Nc4cc(C(F)(F)F)ccn4)cc3F)c3c(N)nccn23)C1,0,train
9f6e49eb2c0f04cbbfc970d59336dc1bda47d8b1,CC(=O)N1CCC[C@@H](c2nc(-c3ccc(C(=O)Nc4cc(C(F)(F)F)ccn4)cc3F)c3c(N)nccn23)C1,1,train
412ee346e0bded4d1836aad674409ddb04c9a952,CC1(C(=O)N2CCO[C@@H](c3nc(-c4ccc(C(=O)Nc5cc(C(F)(F)F)ccn5)cc4F)c4c(N)nccn34)C2)CCC1,0,val
532ce7afef4b6de9a063e8446b4a4c5d0c786d6d,COCCC(=O)N1CCSC(c2nc(-c3ccc(C(=O)Nc4cc(C(F)(F)F)ccn4)cc3)c3c(N)nccn23)C1,1,val
966d14667f90e7ae2b2eced2b8ce8c4cfc3c4802,COCCC(=O)N1CCO[C@@H](c2nc(-c3ccc(C(=O)Nc4cc(C(F)(F)F)ccn4)cc3)c3c(N)nccn23)C1,1,train
60f39b413b0cdb43d550ffc604ab2209f19487e3,CC1(C(=O)N2CCO[C@@H](c3nc(-c4ccc(C(=O)Nc5cc(C(F)(F)F)ccn5)cc4)c4c(N)nccn34)C2)COC1,0,train
d0ea07f11661abc0bb6e4b74fabcf7301df3eb53,CC1(C(=O)N2CC[C@@H](c3nc(-c4ccc(C(=O)Nc5cc(C(F)(F)F)ccn5)cc4)c4c(N)nccn34)C2)COC1,1,val
50696d6b4e90c42df78040a1bc3f919910cfa297,CC1(C(=O)N2CC(c3nc(-c4ccc(C(=O)Nc5cc(C(F)(F)F)ccn5)cc4)c4c(N)nccn34)C2)COC1,1,train
8d245bb5ca0535fbdbaaa1ebba9df21508f721ec,CC1(C(=O)N2CCC[C@@H](c3nc(-c4ccc(C(=O)Nc5cc(C(F)(F)F)ccn5)cc4)c4c(N)nccn34)C2)COC1,1,train
b86896c0417554d938f2151a697a37b09fe0e0de,CC(C)Cc1cc(CNS(=O)(=O)c2cccc3cccnc23)nn1-c1ccccc1,1,train
1abd963da800cb3ec6e38ef1e7b2f17250c458de,CC(C)Cc1cc(CNS(=O)(=O)c2cccc3cccnc23)nn1-c1ccc(F)cc1,1,train
8166c29ba23de4d7f01b4cb8c86ff41d51142c9a,C[C@]12CCCC[C@H]1C[C@@H](N1CCC[C@@H](N)C1)[C@@H]2Oc1ccc(C#N)cc1,1,train
5e632c0b4f1e294ea4271e448f2d6c49ea7d8f72,C[C@]12CCC(F)(F)C[C@H]1C[C@@H](N1CCC[C@@H](N)C1)[C@@H]2Oc1ccc(C#N)cc1,0,train
b953c5881bdf3374a027b80b356b4ae9a853f723,C[C@]12CCC(F)=C[C@H]1C[C@@H](N1CCC[C@@H](N)C1)[C@@H]2Oc1ccc(C#N)cc1,1,test
1521d87cefb424c712f2a1bdd5633b62580c2554,CO/N=C1\CC[C@@]2(C)[C@@H](C1)C[C@@H](N1CCC[C@@H](N)C1)[C@@H]2Oc1ccc(C#N)cc1,0,val
28f59e15d41d73d81c20afbcdff3256478825615,C[C@]12CC[C@H](C(F)F)C[C@H]1C[C@@H](N1CCC[C@@H](N)C1)[C@@H]2Oc1ccc(C#N)cc1,0,train
e3171f62a57634fc2b411d1c4d4e61bab43614d6,N#Cc1ccc(O[C@@H]2[C@H]3C4C[C@@H](CC4=O)[C@H]3C[C@H]2N2CCC[C@@H](N)C2)cc1,0,train
55accf075f4e0d91c318c46017c49bfffdc34693,O=C(CCN1CCN(C(=O)OCc2cc(Cl)cc(Cl)c2)CC1)c1ccc2[nH]c(=O)oc2c1,1,train
c9538135be93b61c71d505e34eaf585ffbdd98b8,CN(CCC1CCN(C(=O)OCc2cc(Cl)cc(Cl)c2)CC1)C(=O)c1c[nH]c(=O)o1,1,val
f6db9802c831fbb08ac75e0f2d97c694e11886ea,CN(CCC1CCN(C(=O)OCc2cc(Cl)cc(Cl)c2)CC1)C(=O)c1c[nH]nn1,1,val
3edc2ca0b6b561d1fae1d1c869286a36cb55048e,O=C(CCc1c[nH]nn1)NC1CCN(C(=O)OCc2cc(Cl)cc(Cl)c2)CC1,1,test
574c509a4be790eab447a291fac003e57cf637d9,O=C(CCCc1c[nH]nn1)NC1CCN(C(=O)OCc2cc(Cl)cc(Cl)c2)CC1,0,train
2684d7ed7801068ab02bdddb25c5d7e813caf7e5,O=C(CCCCc1c[nH]nn1)NC1CCN(C(=O)OCc2cc(Cl)cc(Cl)c2)CC1,1,train
c01ef37bb1b0814c323f49f1e221cf2c801c6ff7,CC(=O)Nc1nc(C)c(-c2cc3c(c(S(C)(=O)=O)c2)C(=O)N([C@@H](C)C2CC2)C3)s1,0,train
ad85bb2b79bd6299fbb44fd6dfc60d11035a8e3f,CC(=O)Nc1nc(C)c(-c2cc3c(c(NS(C)(=O)=O)c2)C(=O)N([C@@H](C)C2CC2)C3)s1,0,train
594fbd4c8e03a66343b244096affcf2f0747be85,COc1ccc(CCC(=O)N(c2nccc3ccccc23)[C@@H]2CCCNC2)cc1,0,train
bb7e90693080e9850c701295975e5b0ef96fff48,O=C(c1ccc(-c2ccccc2)cc1)N(c1nccc2ccccc12)[C@@H]1CCCNC1,1,train
cf1a72709fef959043089c4b955330194b9efecf,Cn1cc(-c2ccc(C(=O)N(c3nccc4ccccc34)[C@@H]3CCCNC3)cc2)cn1,0,test
a7c4df897c4a1c724f188104b173107811606d3b,O=C(c1ccc(-c2cnn3cccnc23)cc1)N(c1nccc2ccccc12)[C@@H]1CCCNC1,1,val
3c008dc0a1848c9fd33c03a1cfbdab2f344f4d4c,O=C(c1ccc(-n2nnc3cccnc32)cc1)N(c1nccc2ccccc12)[C@@H]1CCCNC1,0,val
9a92750741dfd85c8983e0cc19b13f1ffcbce3f1,O=C(c1ccc(-n2nnc3cccnc32)cc1)N(c1ncccc1Cl)[C@@H]1CCCNC1,1,train
5b96cecc63b6966bbe889a59471eb1944c90cb81,Cc1ccc2nnn(-c3ccc(C(=O)N(c4ncccc4Cl)[C@@H]4CCCNC4)cc3)c2n1,0,train
c13f7606c881e912212a0dc15f83f75604138bda,Cc1cnc2c(c1)nnn2-c1ccc(C(=O)N(c2ncccc2Cl)[C@@H]2CCCNC2)cc1,1,train
8f8cb1227d21400a5868f3f6f7362465adb675d6,O=C(c1ccc(-n2nnc3cccnc32)cn1)N(c1ncccc1Cl)[C@@H]1CCCNC1,0,train
7b605f8364282212433acf7bbedc0d3e78bd56db,O=C(c1ccc(-n2nnc3cccnc32)nc1)N(c1ncccc1Cl)[C@@H]1CCCNC1,0,test
403468bec8a92a12abff4c6a987e71cf87935398,Cc1cnc2c(c1)nnn2-c1ccc(C(=O)N(c2ncccc2Cl)[C@@H]2CCCNC2)nc1,1,train
520f0753b1cc379d4b5d1a61c87e95da287e8583,CN(C)c1cncc(-c2ccc(C(=O)N(c3ncccc3Cl)[C@@H]3CCCNC3)cc2)n1,0,train
00c5792247b10582b920f8b08374beded3e5cb4a,Cc1cncc(-c2ccc(C(=O)N(c3ncccc3Cl)[C@@H]3CCCNC3)cc2)n1,0,train
a0a56c5f58b934b7059e70d49640b9aacd653b7a,CNc1cncc(-c2ccc(C(=O)N(c3ncccc3Cl)[C@@H]3CCCNC3)cc2)n1,0,train
57ea5bf3ada1f61b7fee67b4be9c0f93c27db945,O=S(=O)(NCc1ccccc1)c1cccc(Nc2ccc3nccc(-c4ccncc4)c3n2)c1,1,test
c272ab5261a9e66fba509f9c0f81fdfcce690f62,O=C1S/C(=C\c2ccc3c(cnn3Cc3ccc(Cl)cc3C(F)(F)F)c2)C(=O)N1[C@@H]1CCNC[C@H]1F,0,train
64db7a188975529465ab90f81a14cb8679bc15fe,CCc1cc2c(s1)CCN1Cc3ccccc3CC21,0,train
2badc37a5097d0c29d713e08ae52d487ce962fbf,c1ccc(Cc2cc3c(s2)CCN2Cc4ccccc4CC32)cc1,0,train
f55bdae050e92407211b2ae185355a2b5180e45f,COc1nc2ccc(Br)cc2cc1[C@@H](c1ccccc1)[C@@](O)(CCN(C)C)c1cccc2ccccc12,1,train
4d1b0a5ec53e43efabb3f0fc1d2a92fc1f572244,COc1nc2ccccc2cc1C(c1ccccc1)C(O)(CCN(C)C)c1cccc2ccccc12,1,train
761599472ade811634edab33455d32e83daf9087,COc1nc2ccc(Cl)cc2cc1C(c1ccccc1)C(O)(CCN(C)C)c1cccc2ccccc12,1,train
692dbfb5dd5188738414e46033a5855a221d9ff6,COc1nc2ccc(C)cc2cc1C(c1ccccc1)C(O)(CCN(C)C)c1cccc2ccccc12,1,train
f697d8605f376ac59dcb00eb388f816982cb66c6,CC#Cc1ccc2nc(OC)c(C(c3ccccc3)C(O)(CCN(C)C)c3cccc4ccccc34)cc2c1,1,train
8b16bc90856dab6b33ba8b8afb67a6c9a6def230,COc1nc2ccc(C=NO)cc2cc1C(c1ccccc1)C(O)(CCN(C)C)c1cccc2ccccc12,1,train
6d709e4cb8d2d94e06bff9c13440505f0cf48b3a,CO/N=C/c1ccc2nc(OC)c([C@@H](c3ccccc3)[C@](O)(CCN(C)C)c3cccc4ccccc34)cc2c1,1,train
6e6a91279455f0f5a4ffd6f4847bb1b0574bfbe9,COc1nc2ccc(CN(C)C)cc2cc1C(c1ccccc1)C(O)(CCN(C)C)c1cccc2ccccc12,1,train
f91aa7b7b473922c3f5910ba13b1259c7cb54996,COc1nc2ccc(CN)cc2cc1C(c1ccccc1)C(O)(CCN(C)C)c1cccc2ccccc12,1,train
e602b7316de85ea94af9aa06d6a2190c3cdbae36,COc1nc2ccc(CO)cc2cc1C(c1ccccc1)C(O)(CCN(C)C)c1cccc2ccccc12,1,train
96e5a643978a3953d0c3b571dd9f174a1d631e23,COc1nc2ccc(CC(C)=O)cc2cc1C(c1ccccc1)C(O)(CCN(C)C)c1cccc2ccccc12,1,train
1ec72b571576883fa30524aae45166f6e84ccc3d,COc1nc2ccc(C(=O)N(C)C)cc2cc1C(c1ccccc1)C(O)(CCN(C)C)c1cccc2ccccc12,1,train
9733b36b078ca0b5bea96e17d5d9dec6476bc086,COc1nc2ccc(C(=O)O)cc2cc1C(c1ccccc1)C(O)(CCN(C)C)c1cccc2ccccc12,1,train
2d2e67a980612783102c9a8862fe62936fcff4f0,COC(=O)c1ccc2c(C(=Nc3ccc(N4C(=O)CC[C@@H]4CN4CCN(C)CC4)cc3)c3ccccc3)c(O)[nH]c2c1,1,train
e12724877c87a4012444f437eee66032d0d1f6a1,COC(=O)c1ccc2c(C(=Nc3ccc(N4C(=O)CC[C@H]4CN4CCN(C)CC4)cc3)c3ccccc3)c(O)[nH]c2c1,1,train
e65245497b4325f01910b50de2489d7119e38d20,COC(=O)c1ccc2c(C(=Nc3ccc(N(C)C(=O)CN4CCN(C)CC4)cc3)c3ccccc3)c(O)[nH]c2c1,1,val
4edf010bc584340785d2a8f33ff7d2189b29a87c,C[C@]1(c2cc(NC(=O)c3ccc(C#N)cn3)ccc2F)N=C(N)CO[C@@H]1F,1,val
916d73c7982fe9365f8dd1970cec96e1f37e675b,COCCNCCC(=O)N[C@H]1c2ccccc2C[C@@H]1NC(=O)c1cc2ccccc2n1C,1,train
1c99c28eb28520dc236b49d8d8aebe6f977e0a36,CN(C)CCC(=O)N[C@H]1c2ccccc2C[C@@H]1NC(=O)c1cc2cc(F)c(F)cc2[nH]1,1,train
dd04cf44ddb1ca484f3b22e30b7a6d93f7920079,Cc1ccc2[nH]c(C(=O)N[C@H]3Cc4ccccc4[C@@H]3NC(=O)CCN(C)C)cc2c1,1,train
c3916618a23633d93c9575ca825caf5d2b65e36c,Cc1ccc2[nH]c(C(=O)N[C@@H]3Cc4ccccc4[C@H]3NC(=O)CCN(C)C)cc2c1,1,train
68a159ee31c1ef45674bd59f1da4c9976d2c3ac8,Cc1ccc2[nH]c(C(=O)N[C@H]3Cc4ccccc4[C@H]3NC(=O)CCN(C)C)cc2c1,0,train
fe9a55e84e2287fc5adfc98390be2049009d6a0f,Cc1ccc2[nH]c(C(=O)N[C@@H]3Cc4ccccc4[C@@H]3NC(=O)CCN(C)C)cc2c1,1,train
e02e874bb9197c14492d34f911e8f9537c2f87ff,CN(C)CCNC(=O)C1c2ccccc2C[C@@H]1NC(=O)c1cc2ccccc2[nH]1,0,train
04c91e3304e8390db5eca44cae1c3676bd9f20f2,CN(C)CCNC(=O)C1c2ccccc2C[C@H]1NC(=O)c1cc2ccccc2[nH]1,0,train
8f58017cb7ed6a9efc4acb8f1c0092e842348bf9,CCC[C@@H](CCO)Nc1nc(N)nc2ccccc12,1,train
b642106c70ae68c1cf593eca0352ff60e53e6e2a,CCCC[C@@H](CCO)Nc1nc(N)nc2ccccc12,1,train
91b2ead1cdd407ab0c03068652de8dc5ee3655c3,CCC[C@@H](CCO)Nc1nc(N)nc2cccc(C)c12,1,train
c93bc928f10c6f9d34de4f932d1f7af3d6293759,CCCC[C@@H](CCO)Nc1nc(N)nc2cccc(C)c12,1,train
a8b1d86affbb301f8d275fe7a7560931d88792e2,CCC[C@@H](CCO)Nc1nc(N)nc2cccc(F)c12,1,train
5888c4379e8bd8d1ea1668babafdc57a4486cd93,CCC[C@@H](CCO)Nc1nc(N)nc2ccc(C)cc12,1,train
6fd85b3d9ec09bed5de0edad0b5e51b98cd4871f,CCCC[C@@H](CCO)Nc1nc(N)nc2ccc(C)cc12,1,train
846c225481c4e419fedcdbff9039f316ba010b92,CCC[C@@H](CCO)Nc1nc(N)nc2ccc(F)cc12,1,train
92b55520fb0b878c215b40a3014aaa163003e941,CCCC[C@@H](CCO)Nc1nc(N)nc2ccc(F)cc12,1,train
4f5a9e963faecef8854d7ca3e5b78908ee4a5432,CCCC[C@@H](CCO)Nc1nc(N)nc2ccc(OC)cc12,1,train
7b1e26254e0a22149e7e253718344dd3cedfcab0,CCC[C@@H](CCO)Nc1nc(N)nc2cc(C)ccc12,1,train
ea789a36de7ad9d133cebf821dc9608cde214b7b,CCCC[C@@H](CCO)Nc1nc(N)nc2cc(C)ccc12,1,train
4b32dd2233ad19f4e68b45d9b9983278703ce83d,CCC[C@@H](CCO)Nc1nc(N)nc2cc(F)ccc12,1,train
aaed33bdcd391a37214afb841690bd184ec0bc9d,CCCC[C@@H](CCO)Nc1nc(N)nc2cc(F)ccc12,1,train
51aa41d4152e1431e8b1bd8c47aa5ce1e086ae40,CCCC[C@@H](CCO)Nc1nc(N)nc2cc(OC)ccc12,1,train
3a5eb71bef42a6ceafbdf9870b57f0644b27b5b4,CCCC[C@@H](CCO)Nc1nc(N)nc2c(F)cccc12,1,train
94123cdf73bf3c2c0025c701c922fec0b465615c,O=C(NC[C@@H]1[C@H]2CN(C(=O)/C=C/c3cc(Cl)cc(Cl)c3)C[C@@H]12)c1ccc2[nH]c(=O)oc2c1,1,train
ee59d74fc6adfaccce104241beef54a4fedc5e2d,O=C(NC[C@@H]1[C@H]2CN(C(=O)CCc3cc(Cl)cc(Cl)c3)C[C@@H]12)c1ccc2[nH]c(=O)oc2c1,1,test
02d36bf7f50c2e90d909b0c3562a239a29ad8aca,O=C(NC[C@@H]1[C@H]2CN(C(=O)C3CC3c3cc(Cl)cc(Cl)c3)C[C@@H]12)c1ccc2[nH]c(=O)oc2c1,1,train
39c1917fddfa7406005f44fa2c1ac2b822a25e43,CC(OC(=O)N1C[C@@H]2[C@@H](CNC(=O)c3ccc4[nH]c(=O)oc4c3)[C@@H]2C1)c1cc(Cl)cc(Cl)c1,1,train
4592b10092b7de16e65867bf155f39cc64c74f47,O=C(NC[C@@H]1[C@H]2CN(C(=O)OCc3cc(C(F)(F)F)cc(C(F)(F)F)c3)C[C@@H]12)c1ccc2[nH]c(=O)oc2c1,1,train
8ae311e9c95420e57e3186e99b6753b82966bd7d,O[C@H]1CNCCC[C@@H]1n1c2ccc(C(F)(F)F)cc2c2cc(C(F)(F)F)ccc21,1,test
3b3ae3ce31fce45e641b19988cd7789c1d57a725,COc1ccc(C(=O)NC(C)c2cnn(C)n2)cc1S(=O)(=O)Nc1ccc(Cl)cc1,0,train
d8e1511233d846e7685fcb1ca0aceef99b8df83f,CN(C/C=C/C=C/c1ccc(C(F)(F)F)cc1F)Cc1ccc2c(c1)OCO2,1,train
c78bfb9d13fa8af343b3130efdaedce855232b6e,CN(C/C=C/c1ccc(F)cc1C(F)(F)F)Cc1ccc2c(c1)OCO2,1,train
ed2260437a23db06664af417843774cb8430c399,Cc1ccc(CN2CCC(N3CC[C@H](c4ccc(O)cc4)[C@H](F)C3)C2=O)cc1,1,train
0cb006b784869f449f51c8890071f51e5a728159,O=C1C(N2CCC(c3ccc(O)cc3)CC2)CCN1Cc1ccc(F)cc1,1,train
6fec47856c53e1481993040fb4a464c0787c0c3a,Cc1ccc(CN2CCC(N3CCC(c4ccc(O)cc4)CC3)C2=O)cc1,1,train
109824e67bd0090d3b53db65931c22784d938ce7,Cc1ccc(CN2CCC(N3CC[C@@H](c4ccc(O)cc4)[C@H](F)C3)C2=O)cc1,0,train
2cf5c6b67a3b71775977edaa3fcd636eb8079bb1,Cn1cnc(S(=O)(=O)NCCOc2ccc3c(c2)[C@@H](Cc2ccccc2)[C@@H](N2CCC2)CC3)c1,0,val
a8fda28a336c12dcd46b9efdb4b8f11a4c3fbaff,O=S(=O)(CC1CC1)NCCOc1ccc2c(c1)[C@@H](Cc1ccccc1)[C@@H](N1CCC1)CC2,1,train
aed5f7fcb1fbf475a9b90101e42dc55355c413f1,O=S(=O)(CC1CC1)NC1CN(c2ccc3c(c2)[C@@H](Cc2ccccc2)[C@@H](N2CCC2)CC3)C1,1,val
ecd789dd5f23c1e55b3f867a1414d08d92d28cf9,O=S(=O)(CC1CC1)NC1CN(c2ccc3c(c2)[C@@H](Cc2ccccc2)[C@@H](N2CCC2)CO3)C1,0,train
ed7648a5d2587f6da9bb23c01f1d0d3fada71cd8,CCCS(=O)(=O)NC1CN(c2ccc3c(c2)[C@@H](Cc2ccccc2)[C@@H](N2CCC2)CC3)C1,1,train
648ba839fb13d9d3cc1e60220ff0826c8a466ef2,CCCS(=O)(=O)NC1CCN(c2ccc3c(c2)[C@@H](Cc2ccccc2)[C@@H](N2CCC2)CC3)C1=O,1,train
63dc3006b0804e60383b2071cf5e98df18207f6d,COCc1ccc(-c2cc3c(cc2F)ncc2c3n([C@H]3CC[C@H](OC)CC3)c(=O)n2C)cn1,0,train
7e7f07f6d9aa7c3ceecad320fe8110f04a7a7f6f,CO[C@H]1C[C@@H](n2c(=O)n(C)c3cnc4cc(F)c(-c5ccc(OCCCN(C)C)nc5F)cc4c32)C1,0,train
6e3d9064bd181d798b5e602d3344abd008b3f5bd,NC(=O)c1cnc2ccc(-c3cccnc3)cc2c1NC1CCOCC1,1,train
d82f8f22b5f9c0b4051feac667471aa0ae161063,CO[C@H]1C[C@@H](n2c(=O)n(C)c3cnc4cc(F)c(-c5ccc(CS(C)(=O)=O)nc5)cc4c32)C1,0,train
fa4d86e003eeb7cc113637ee8130aa816b5ae636,CO[C@H]1C[C@@H](n2c(=O)n(C)c3cnc4cc(F)c(-c5ccc(CO)nc5)cc4c32)C1,0,train
dcf443533855eadf98302f4d775fdf477b9a8015,CO[C@H]1C[C@@H](n2c(=O)n(C)c3cnc4cc(F)c(-c5ccc(NC(=O)CCCN(C)C)nc5)cc4c32)C1,0,train
aa8485c1adba193db2a6b0447de6f91a22ef3e62,CO[C@H]1C[C@@H](n2c(=O)n(C)c3cnc4cc(F)c(-c5ccc(N(C)CCN(C)C)nc5)cc4c32)C1,1,train
f109dbf7bf2e035712e8d5a327c055e31029f28e,CO[C@H]1C[C@@H](n2c(=O)n(C)c3cnc4cc(F)c(-c5ccc(NCCN(C)C)nc5)cc4c32)C1,0,train
2717ab66b4add370dd5b0a544873f76fff18c9fd,COCc1ccc(-c2cc3c(cc2F)ncc2c3n([C@@H](C)C3CCOCC3)c(=O)n2C)cn1,0,train
ddc9d8dcb39f4253f1c8d1780af263c8a4b7a98c,COCc1ccc(-c2cc3c(cc2F)ncc2c3n(C3CCOCC3)c(=O)n2C)cn1,0,train
9d2ade4edb1ec5eedef51dee56fd7846613e94b3,COCc1ccc(-c2cc3c(cc2F)ncc2c3n([C@H]3C[C@@H](O)C3)c(=O)n2C)cn1,0,train
522951b33011fb5f8f59d1c2bf4677be2befb709,COCc1ccc(-c2cc3c(cc2F)ncc2c3n([C@H]3C[C@H](OC)C3)c(=O)n2C)cn1,1,train
db54180d9a71075438b9ede92e5f200e3e09f6de,COCc1ccc(-c2cc3c(cc2F)ncc2c3n([C@H]3C[C@@H](OC)C3)c(=O)n2C)cn1,1,train
e494a3ebe2f30d077a3109ff45cd8b44562c7de6,Cn1c(=O)n(C2CCOCC2)c2c3cc(-c4cccnc4)ccc3ncc21,0,train
bce77a264d7316cb3af449817ae3c1bf6c6ec13f,CO[C@H]1C[C@@H](n2c(=O)n(C)c3cnc4ccc(-c5ccc(OCCCN6CCCCC6)nc5)cc4c32)C1,0,test
b1ac061ed64d9ec713f284f7805a70f6d97bcaf9,Cn1c(=O)n([C@H]2CCCOC2)c2c3cc(-c4ccc(OCCCN5CCCCC5)nc4)c(F)cc3ncc21,0,test
9318a699d10aba7f4ed57a1533f9bcba04e1e17a,CN(C)CCCOc1ccc(-c2ccc3ncc4c(c3c2)n([C@H]2CCCOC2)c(=O)n4C)cn1,0,val
18a09b07f498a438625c9b69b5b367239e075fbd,NCCCCN(C[C@H]1Cc2ccccc2CN1)[C@H]1CCCc2cccnc21,1,test
66fc5dc67cb3438a71b3d91a3f5aaea3fe90a037,CN(C[C@H]1Cc2c(cccc2N2CCNCC2)CN1)[C@H]1CCCc2cccnc21,0,test
71a0289aac82d8991bf6c9263b65262d307984e2,C[C@@H]1CN(CC(=O)N2CC(C)(C)c3ncc(Cc4ccc(F)cc4)cc32)[C@@H](CN2CCOC[C@H]2C)CN1,1,train
57747a19a9cb938ad6f4907dc83620ccbf002f37,C[C@@H]1CN(CC(=O)N2CC(C)(C)c3nc(CO)c(Cc4ccc(F)cc4)cc32)[C@@H](CN2CCOC[C@H]2C)CN1,0,train
316a1a3bed01c2410634ce5db973b8a20148e148,O[C@H]1Cc2ccccc2C2(CCC(N3CCN(C4CCCCC4)CC3)CC2)O1,1,train
6f1d65f287594b8a63b2b2bc6b543d90c7f90cba,CCOC(=O)C[C@H]1Cc2ccccc2C2(CCC(N3CCN(C4CCCCC4)CC3)CC2)O1,1,train
6c00ddde8a651280746e1b6514720c5ac07d1094,FCC[C@@H]1Cc2ccccc2C2(CCC(N3CCN(C4CCCCC4)CC3)CC2)O1,1,train
9a71e8c44bffdd8f59ecd8ca852a7310696e2163,CCc1nn2c(C)cc(C)nc2c1Cc1ccc(-c2nnc(C3CCNCC3)o2)cc1,0,train
ea29841303c571732d5f5abaa723ff12a75f5b3a,CCc1nn2c(C)cc(C)nc2c1Cc1ccc(/C=C/CN2CCNCC2=O)cc1,0,train
4033bb72dcc7b0b3efdd8f5e00f08bb29442fba2,CCc1nn2c(C)cc(C)nc2c1Cc1ccc(CCC(=O)N2CCNCC2)cc1,0,val
156174a4ad66c4211d9fa268f66da2c597cae16e,CCc1nn2c(C)cc(C)nc2c1Cc1ccc(CCC(O)C2CCNCC2)cc1,1,train
8e163be6dfd1aef34999fdecc76e6a73ad7ce0f4,CCc1nn2c(C)cc(C)nc2c1Cc1ccc(CCCC2(O)CCNCC2)cc1,0,train
848a270c5a4cad6f98cebf040b44db5e68f92742,CCc1nn2c(C)cc(C)nc2c1Cc1ccc(CCCC2(O)CCN(C(C)C)CC2)cc1,1,train
f1cd03273c621272a161ceef0aae2451eff29262,CCc1nn2c(C)cc(C)nc2c1Cc1ccc(CCCN2CCN(C(C)C)CC2)cc1,1,val
257fbc30ac142d6d89d05d6c164d2aef252c8e39,CCc1nn2c(C)cc(C)nc2c1Cc1ccc(/C=C/CN2CCN(C(C)C)CC2)cc1,1,val
62eba1e27a4f0c63a73f415c3fb0705de298a166,CCc1nc2c(C)cc(C)nn2c1Cc1ccc(/C=C/CN2CCN(C(C)C)CC2)cc1,1,val
c6fb71996d3c2b2ebddaa8714c29f832267d0cfa,N#Cc1cc(S(=O)(=O)Nc2ncns2)ccc1Oc1ccc(-c2cccc(C(F)(F)F)c2)cc1-c1ccnc(CNCCC2CCNCC2)c1,1,val
483fa8df0f468b5577b7a932ee69b81c018e644c,CCN[C@@H]1CCC=C(c2ccc(F)cc2)[C@H]1COc1cc(F)c(S(=O)(=O)Nc2cscn2)cc1Cl,1,train
daa9f970fd4b1f1fb35a8eb1a416481673a81cb0,N[C@@H]1CCC=C(c2ccc(F)cc2)[C@H]1CNc1cc(F)c(S(=O)(=O)Nc2cscn2)cc1Cl,1,train
cda6ec19c593b19bbd266adbee690bd984fd1f7c,COc1ccc(CCN2CCC(Nc3nc4ccccc4n3Cc3ccc(F)cc3F)CC2)cc1,1,train
4a71931f9db6b42cbc0daacf63985ba288ad7d3d,COc1ccc(CCN2CCC(Nc3nc4ccccc4[nH]3)CC2)cc1,1,train
61d1b5e2de876840c50dc669470a7a9c2cd8b13f,CCCCCCn1c(NC2CCN(CCc3ccc(OC)cc3)CC2)nc2ccccc21,1,train
3c936c1997009d6d0aedb4983ef57b74e31e7a5f,CCCCCCCCn1c(NC2CCN(CCc3ccc(OC)cc3)CC2)nc2ccccc21,1,train
82ec157f3b6f65589b80db5e7bf080ec0c311701,CCCCCCCCCCn1c(NC2CCN(CCc3ccc(OC)cc3)CC2)nc2ccccc21,1,train
b40eb31a94b82974ba4fbb1bcfd0a276a9ecf257,COc1ccc(CCN2CCC(Nc3nc4ccccc4n3CCC(C)C)CC2)cc1,1,train
3a5cb7b7c398d7d451d9243c3df375d34a1ee735,COc1ccc(CCN2CCC(Nc3nc4ccccc4n3CC3CCCCC3)CC2)cc1,1,test
40f03037c41948b1786af45357379e7e36bd08dd,CC(C)OCc1ccccc1CNC(=O)c1c2c(c(Cl)n1C)CC(C)(C)CC2,0,train
6d6852103b2697e9f3515e003fd1039c469fbb38,COc1nc2ccc(Br)cc2cc1[C@@H](c1cc(C)c(C)s1)[C@@](O)(CCN(C)C)c1cccc(F)c1,1,val
17fa9f2a7d54246e2b98be031a8e087870d091cd,COc1nc2ccc(Br)cc2cc1[C@@H](c1ccc(N(C)C)nc1)[C@@](O)(CCN(C)C)c1cccc(F)c1,1,train
5864914e8c865b0c9fccea5a44f5dc855cb0ac61,CCSc1ccc([C@H](c2cc3cc(Br)ccc3nc2OC)[C@@](O)(CCN(C)C)c2cccc(F)c2)cn1,1,train
40da6b270365cfd79f50cb6031bec9d5c45a326e,COc1cc([C@H](c2cc3cc(Br)ccc3nc2OC)[C@@](O)(CCN(C)C)c2cccc(F)c2)cnc1OC,1,train
3667586f91e595b32ed81896af5c2d8b703880a5,COc1nc2ccc(Br)cc2cc1[C@@H](c1ccnc(OC)c1OC)[C@@](O)(CCN(C)C)c1cccc(C)c1,1,train
c6885718d31a8d93a8108ec61c5b11663f970ac2,N#Cc1ccc(Cn2ccc(NC(=O)Cc3ccc(C4(C(F)(F)F)CC4)cc3)n2)nc1,1,val
295ec92d857546a0675039d6fdbf7932665b232d,Cc1cc(C2C[C@H]3[C@@H](C)SC(=N)N[C@@]3(c3ccc(F)cc3F)CO2)on1,1,train
89eec34529adbcc8ffd456f0741b8a291c545c02,Cc1cc(C2C[C@H]3[C@@H](CF)SC(=N)N[C@@]3(c3ccc(F)cc3F)CO2)on1,1,train
f1724d3da7aef47b72be3d836ac94d610a80b85d,C[C@H]1C[C@H]2CSC(=N)N[C@@]2(c2ccc(F)cc2F)CO1,0,train
2664870ff7386cf94b953c493acfaeebc2506f53,C[C@H]1C[C@H]2CSC(=N)N[C@@]2(c2ccccc2C(F)(F)F)CO1,0,train
970b4a9d807907c8891605cb4fbe71b90637fac6,C[C@H]1C[C@H]2CSC(=N)N[C@@]2(c2ccccc2)CO1,0,train
d666e9354e6788fdf4801a454f807470766f6fdd,COc1ccccc1[C@]12CO[C@@H](C)C[C@H]1CSC(=N)N2,0,train
e6b548748ab29e2db0f44972ba5c5ddbc9f31c20,C[C@H]1C[C@H]2CSC(=N)N[C@@]2(c2ccsc2)CO1,0,train
3a89af8770f69f53260c22d407db61192f4869e8,COc1ccc(C(=O)Nc2csc([C@]34CO[C@@H](C)C[C@H]3CSC(=N)N4)n2)cc1,0,test
d8c1bfbc22520a60f4d66291ad72d7f71e2c6985,COc1ccc(C(=O)Nc2csc([C@]34CO[C@@H](C)C[C@H]3CSC(=N)N4)n2)nc1,0,train
39cd45b82fa92e44ec772416df1903b193d10908,C[C@H]1C[C@H]2CSC(=N)N[C@@]2(c2nc(NC(=O)c3ccc(F)cn3)cs2)CO1,0,train
111ba6216ab7aa5eb4a8666ecb0a790809a1244e,Cc1cc(F)cnc1C(=O)Nc1csc([C@]23CO[C@@H](C)C[C@H]2CSC(=N)N3)n1,0,train
976f5f80400ac4e1ba3e6e85e015e81674044621,C[C@H]1C[C@H]2CSC(=N)N[C@@]2(c2nc(NC(=O)c3ccc(C(F)(F)F)cn3)cs2)CO1,0,train
ac25df64b60ce0bc9094bc7c2e6653bb0f82f0a0,C[C@H]1C[C@H]2CSC(=N)N[C@@]2(c2nc(NC(=O)c3ccc(OC(F)(F)F)cn3)cs2)CO1,0,train
c2d478c110ef898735dac00c069523f1546c26ea,C[C@H]1C[C@H]2CSC(=N)N[C@@]2(c2nc(NC(=O)c3ccc(C#N)cn3)cs2)CO1,0,train
5bbad98fe2ca349abef788ad6c145c7b1bc6f7ec,COc1cnc(C(=O)Nc2csc([C@]34CO[C@@H](C)C[C@H]3CSC(=N)N4)n2)cn1,0,train
cdaa8c0ed0ab2e1e2c37d6fa8371d2069fec6eba,C[C@H]1C[C@H]2CSC(=N)N[C@@]2(c2nc(NC(=O)c3cnc(OC(F)F)cn3)cs2)CO1,0,train
4259cfc70ce161f91313451dc58bce42ef251094,C[C@H]1C[C@H]2CSC(=N)N[C@@]2(c2nc(NC(=O)c3ccn(C(F)F)n3)cs2)CO1,1,test
72cd33a9d6a553c195342f8f35f5112ab4811f29,COc1cccc(NC(=O)c2cnc([C@]34CO[C@@H](C)C[C@H]3CSC(=N)N4)s2)c1,1,test
19fb9d479b93780f945c1699e7b77e87084ea6b8,COc1cccc(NC(=O)c2cnc([C@]34CO[C@@H](C)C[C@H]3CSC(=N)N4)s2)n1,1,val
0a894ce1a5facb9a5dc2ad3898ad9013ad0b647d,CCN(CC)CCNC(=O)c1ccnc(-c2cnn3ccc(-c4cccs4)nc23)c1,1,train
7bde6bedd1e12773c7b358775b3e04acb4500d62,CCN(CC)[C@@H](C)CNC(=O)c1ccnc(-c2cnn3ccc(-c4cccs4)nc23)c1,1,train
5f8150ffcd54658ccf8c07a172379a2647de56bc,CCc1cc(C(=O)NC[C@H](C)N(CC)CC)cc(-c2cnn3ccc(-c4cccs4)nc23)n1,1,train
da0dbcac4c95bbc8d9e02921d3ef9ee9b2c95a53,CCN(CC)[C@@H](C)CNC(=O)c1cc(-c2cnn3ccc(-c4cccs4)nc23)nc(N2CC(OC)C2)c1,1,test
5946979439eaa0b0f4e26cce81f7e575abb9e151,COc1ccccc1CCN1CCC(CCc2ccccc2OCCF)CC1,1,train
3141ed470f4d886f5c51b4c7fb23c1c72b9e1495,FCCOc1ccccc1CCC1CCN(CCc2ccccc2)CC1,1,train
57e28fd09355e331a4431f0feb5e56e138cea479,COc1ccc(CCN2CCC(CCc3cccc(OCCF)c3)CC2)cc1,1,train
e231357c9cb21173ab27cf177814e05ef6a25e1d,COc1ccccc1CCN1CCC(CCc2cccc(OCCF)c2)CC1,1,train
e68467b30b3c5706f09e608bd9df54f37251c026,FCCOc1cccc(CCC2CCN(CCc3ccccc3)CC2)c1,1,train
685f9f81874dd3e8db1a3a028d31f4ab1e24bb00,COc1ccc(CCN2CCC(CCc3ccccc3OCCF)CC2)cc1,1,train
1d8cfe87685156a5115bc0d76b0043d7d072ed21,FCCOc1ccccc1CCC1CCN(CCc2ccccc2Cl)CC1,1,train
ded319f9e70586fdd92e8b8968e04bc6679104d3,FCCOc1ccccc1CCC1CCN(CCc2ccc(F)cc2)CC1,1,train
b7fd7e73466d8cccdb53165d5eb689fef373f9f0,FCCOc1ccc(CCC2CCN(CCc3ccccc3Cl)CC2)cc1,1,train
007c6e4293531b0ca2ccafa40be587c7079f312b,FCCOc1ccc(CCN2CCC(CCc3ccccc3)CC2)cc1,1,train
4add92b717d2bea7a633071683fb76144bfba78b,FCCOc1cccc(CCN2CCC(CCc3ccccc3)CC2)c1,1,train
7c7bb32d9231c76ab2ab6043779a2b7655caa976,FCCOc1ccccc1CCN1CCN(CCc2ccccc2)CC1,1,train
f49410831c7c43b04fa107ec64bcb2eca25cd335,FCCOc1cccc(CCN2CCN(CCc3ccccc3)CC2)c1,1,train
69be24e1e737fdf0338d7123bc305599f1313370,FCCOc1ccc(CCN2CCN(CCc3ccccc3)CC2)cc1,1,train
881de2dd1d7738d9e1409cff975fa2bfed43e42c,FCCOc1ccccc1CCN1CCN(CCc2ccccc2Cl)CC1,1,train
61511b7faae8b35737cf30a4f9843f7e44b10f82,FCCOc1ccccc1CCN1CCN(CCc2ccc(F)cc2)CC1,1,train
0249880adbb0e048bcb0667d166b6654a6f2d949,FCCOc1ccc(CCN2CCN(CCc3ccccc3Cl)CC2)cc1,1,train
2c1056dccd9ec344b7391177f2e3eb50a008b07f,CCN1CCN(Cc2ccc(Nc3ncc(F)c(-c4cc(F)c5nc(C)n(C(C)C)c5c4)n3)nc2)CC1,0,test
448718a29ec5764692b97a9a6d05e6b498adccb0,CCN1CCN(Cc2ccc(Nc3ncc(F)c(-c4cc(F)c5nc6n(c5c4)C(C)(C)CC6)n3)nc2)CC1,1,val
60508160e4a64ab49a57bc9513c083288c1e97d7,COCCCN1CCC(c2nnc(-c3cccc4cc(C(C)C)nn34)o2)CC1,1,test
80cc279925294614af78f0ef4cdf00787ea5a1f1,CC(C)c1cc2cccc(-c3nnc(C4CCN(CC5CCOCC5)CC4)o3)n2n1,1,test
f13f09381a61f3676ad48eb32ae3ec65b2145345,NC(=O)c1ccc(-c2cc(C(=O)O)cc(-n3cc(-c4ccc(C(F)(F)F)cc4)nn3)c2)cc1,1,train
f82d8a99035d7bdc519a40aba390e7d30ab8aec0,CS(=O)(=O)N1CCN(C(=O)c2cnc3ccc(F)cc3c2N2CCC(C#N)(c3ccccc3)CC2)CC1,1,val
997e5ad4f2a05278f4d1fd1d1866cee2b05ef046,CS(=O)(=O)N1CCN(C(=O)c2cnc3ccc(F)cc3c2-c2ccc(C3(C#N)CC3)cc2)CC1,0,train
56020b5bb8295a265575fe216a4cf5595a7b37f3,O=C(NC[C@@H](Cc1ccccc1)N1CCC(O)(C(F)(F)F)CC1)C1(c2ccc(Cl)cc2)CCCC1,0,test
736679d0c4d3121393754a80ab29922fcfb67b8f,O=C1CN(c2ccncc2)CCN1CCCCCOc1ccc(-c2ccc(Cl)cc2)cc1,1,train
fc97a7eddb9c335b6264fe91a32945a46c02dd09,CCO/N=C/c1ccc(OCCCCCN2CCN(c3ccnc(N)c3)S2(=O)=O)cc1,1,test
30e930a4cb8e796557c1faa7cd2f5e90ffc3a757,O=C1N(CCCCC2CCc3cc(-c4ccc(Cl)cc4)ccc3O2)CCN1c1ccncc1,1,train
eb4adaa717ff05ab50e3f955bbf5a2c7732481f1,CCO/N=C1\CCc2cc(OCCCCCN3CCN(c4ccnc(N)c4)S3(=O)=O)ccc21,1,train
130dcdb645457aa41b72e0678da965997a8f1669,CCO/N=C/c1ccc(OCCC(C)CCN2CCN(c3ccnc(N)c3)C2=O)cc1,1,train
a039e35d59b13823237887098f93174c82cd8bce,CC1=C[C@@](CF)(c2cc(NC(=O)c3ccc(C#N)cn3)ccc2F)N=C(N)O1,1,val
511d8a6a3b5f8ae76848ec4c0a2569cea55f5ade,C[C@@]1(c2cc(NC(=O)c3ccc(C#N)cn3)ccc2F)C=C(CF)OC(=N)N1,1,val
d80927b5159f8721f68140da162bd054073462e0,Cc1cc(-n2cc3c(n2)CN(C(=O)c2cc(C#N)ccc2O[C@@H](C)C(F)(F)F)C3)ccn1,1,train
e6a39e443404b527fd780bf31ec51000135976f8,Cc1cc(-n2cc3c(n2)CN(C(=O)c2cc(C#N)ccc2OC(C)C)C3)ccn1,1,train
bfda5161924d48f23b35abe83e50a6bfa371710e,Cc1cc(-n2cc3c(n2)CN(C(=O)c2cc(C#N)ccc2N2CCC(F)(F)CC2)C3)ccn1,1,val
455bddd978ca526a25cbdbbf4c0bd3b0b27942c5,N#Cc1ccc(-c2cccc(F)c2)c(C(=O)N2Cc3cn(-c4cncc(F)c4)nc3C2)c1,1,val
da4324597ccd3c1d1ebb000624af260bbc6ce021,Cc1cc(-n2cc3c(n2)CN(C(=O)c2cc(C#N)ccc2-c2cccc(F)c2)C3)ccn1,1,train
8d15d0b14c75f7cba400bc0381bdd2dda5e2d61f,CS(=O)(=O)c1ccc(-c2cccc(F)c2)c(C(=O)N2Cc3cn(-c4ccccc4F)nc3C2)c1,1,train
79e753c7ca2a59efdb241e4b73d2b019074bc5c7,CS(=O)(=O)c1ccc(N2CCC(F)(F)CC2)c(C(=O)N2Cc3cn(-c4cncc(F)c4)nc3C2)c1,1,val
e79afb5327f89e4ad41ed7cd25a29f3bb3df6d07,CS(=O)(=O)c1ccc(N2CCC(F)(F)CC2)c(C(=O)N2Cc3cn(-c4ccccc4F)nc3C2)c1,1,test
97c262d0088e1cf60a6cbfc8d63481a2dbe29e4f,CS(=O)(=O)c1ccc(OCC2CC2)c(C(=O)N2Cc3cn(-c4ccccc4F)nc3C2)c1,1,train
047f3a41c901e212cac8d027a47c704329639554,CC(C)(C)Oc1ccc(S(C)(=O)=O)cc1C(=O)N1Cc2cn(-c3ccccc3F)nc2C1,1,train
541fdfffa20a0902375b9abff4a2186dfc987c17,Cn1cc(-c2ccc(OC3CCN(C(=O)Nc4ccc(OC(F)(F)F)cc4)CC3)c(C(N)=O)c2)cn1,1,test
4c1b06c68f21109a5a702cd841ffc92737d1f04c,Cn1cc(-c2ccc(OC3CCN(C(=O)Cc4ccc(OC(F)(F)F)cc4)CC3)c(C(N)=O)c2)cn1,1,val
1606811617c5547ac60da78e6b9a86989845f5a4,Cn1cnc(-c2ccc(OC3CCN(C(=O)Cc4ccc(OC(F)(F)F)cc4)CC3)c(C(N)=O)c2)c1,1,train
c09e3413e962e0910d2d518e8329fdcc31eb5b9c,Cn1cc(-c2ccc(OC3CCN(C(=O)Cc4ccc(OC(F)(F)F)cc4)CC3)c(C(N)=O)n2)cn1,1,test
dbeef960076e9c97f783dfad13c09f795aa5cc51,Cn1cc(-c2ccc(O[C@@H]3CCN(C(=O)Cc4ccc(OC(F)(F)F)cc4)C3)c(C(N)=O)n2)cn1,1,val
597aec68e090a8da442828c9433293c8935e3244,CNC(=O)c1cnc(N)c(O[C@H]2CN(C(=O)Cc3ccc(OC(F)(F)F)cc3)CC2(F)F)c1,0,train
b703c87795cba69aae1bfc5324f389c9dab04224,CCNC(=O)c1cnc(N)c(O[C@H]2CN(C(=O)Cc3ccc(OC(F)(F)F)cc3)CC2(F)F)c1,0,train
5d2dc5612c028c759baf6f2e3159fb70f2e4e3b0,CC(C(=O)N1CCC(Oc2ccc(-c3cn(C)cn3)cc2C(N)=O)CC1)c1ccc(OC(F)(F)F)cc1,1,train
c9741eec7bef5a014b995ec894ae8e331ec451e6,Cn1cnc(-c2cnc(OC3CCN(C(=O)Cc4ccc(OC(F)(F)F)cc4)CC3)c(C(N)=O)c2)c1,1,train
8814f613f5642506d22b6cc8fd9c32e90e15d47e,Cn1cnc(-c2cnc(O[C@@H]3CCN(C(=O)Cc4ccc(OC(F)(F)F)cc4)C[C@H]3F)c(C(N)=O)c2)c1,1,train
7f948c2e4539edc596c96f4ee315a8ba41f01c7f,Cn1cnc(-c2cnc(O[C@H]3CCN(C(=O)Cc4ccc(OC(F)(F)F)cc4)C[C@@H]3F)c(C(N)=O)c2)c1,0,train
d36858f3e4a8b4123a5b817364d406efa5353f69,Cn1cnc(-c2cnc(O[C@@H]3CCN(C(=O)Cc4ccc(OC(F)(F)F)cc4)C[C@@H]3F)c(C(N)=O)c2)c1,1,train
db75d70ecda7ffaac9bbb2270dc08cc7a9bd916c,Cn1cnc(-c2cnc(O[C@H]3CCN(C(=O)Cc4ccc(OC(F)(F)F)cc4)C[C@H]3F)c(C(N)=O)c2)c1,0,train
c5f8e0f6f61aa81afe563895a19f4d84e55c3f7b,CC(C)(O)COc1ccc(C(N)=O)c(O[C@@H]2CCN(C(=O)Cc3ccc(OC(F)(F)F)cc3)C[C@H]2F)c1,0,train
da6e95c79a83ec5f7bf7d48d1ad993e6faa10c47,CC(C)(O)COc1ccc(C(N)=O)c(O[C@H]2CCN(C(=O)Cc3ccc(OC(F)(F)F)cc3)C[C@@H]2F)c1,0,train
4b1db476f357c08f2a3ad439fa79abe6057a7d07,CC(C)(O)COc1ccc(C(N)=O)c(O[C@@H]2CCN(C(=O)Cc3ccc(OC(F)(F)F)cc3)C[C@@H]2F)c1,0,train
bc3d3a2a5a91fe47622d560eb5caf633aa7a2ee0,CC(C)(O)COc1ccc(C(N)=O)c(O[C@H]2CCN(C(=O)Cc3ccc(OC(F)(F)F)cc3)C[C@H]2F)c1,0,train
98f51bb0d6d98aa4de2f3169cf5e4305fcdab5ae,CC(C)(CO)Oc1ccc(C(N)=O)c(O[C@@H]2CCN(C(=O)Cc3ccc(OC(F)(F)F)cc3)C[C@@H]2F)c1,0,train
90b5800ac8a6f53d1a70d575c319cce01e4f1f18,Cn1cnc(-c2cnc(N)c(O[C@H]3CN(C(=O)Cc4ccc(OC(F)(F)F)cc4)C[C@@H]3F)c2)c1,0,train
6ea588348f37b938ad7d044885a00decf7da3e75,Cn1cnc(-c2cnc(N)c(O[C@@H]3CN(C(=O)Cc4ccc(OC(F)(F)F)cc4)C[C@H]3F)c2)c1,0,train
40ef2958aa0b4fe8b001319dd2687e65cd4a5b25,Cn1cnc(-c2cnc(N)c(O[C@@H]3CN(C(=O)Cc4ccc(OC(F)(F)F)cc4)CC3(F)F)c2)c1,0,train
172112a992b4658e8e499b1a7f7010b5744feb7d,Cn1cnc(-c2cnc(N)c(O[C@H]3CN(C(=O)Cc4ccc(OC(F)(F)F)cc4)CC3(F)F)c2)c1,1,train
c0b33db70715b346fc47863f1d3d80cdde8d3315,Cc1ccc(NC(=O)N2CCN(c3nc(N)nc4sc(-c5cccnc5)nc34)CC2)cc1,1,train
fb068c72af8276ba2bb227462db0784dbea63a14,COc1ccc(NC(=O)N2CCN(c3nc(N)nc4scnc34)CC2)cc1,0,train
cba1a8fb352bd96f63c5b1b49e5ec3b03e3d462c,COc1ccc(NC(=O)N2CCN(c3nc(N)nc4sc(-c5cccnc5)nc34)CC2)cc1,1,train
de20ccb34904034f2a694c5c9826203aa0367747,COc1ccc(NC(=O)N2CCN(c3nc(N)nc4sc(-c5ccccc5)nc34)CC2)cc1,1,train
098c12af1f07e2bc8b4f3d35fbb2c4a645bc12f7,COc1ccc(NC(=O)N2CCN(c3nc(N)nc4scnc34)[C@@H](C)C2)cc1,0,train
f8e4447f73f9a32c353d869dd63716e141dd5c6c,COc1ccc(NC(=O)N2CCN(c3nc(N)nc4sccc34)[C@@H](C)C2)c(C)c1,1,test
1bb6016138be691a9e00a09f716af2e82760bc68,COc1ccc(NC(=O)N2CCN(c3nc(N)nc4sncc34)[C@@H](C)C2)c(C)c1,1,train
e490f0945eda4413a119374d6aa705fd33c37b2c,O=c1c2cc(Cc3cccnc3)c3ccccc3c2ncn1[C@H]1CCCC[C@@H]1O,0,train
8d23ae819e9320c2ee41da09542fdf48e40a13d5,Cc1ccc(Cc2cc3c(=O)n([C@H]4CCCC[C@@H]4O)cnc3c3ccccc23)cn1,0,train
68d4c795c0b9c61f3fcedf244cd2b184d564ce78,O=c1c2cc(Cc3ccc(Cl)nc3)c3ccccc3c2ncn1[C@H]1CCCC[C@@H]1O,0,train
b47e45dcec9e61b502ccef331da24264a12f4fee,COc1ccc(Cc2cc3c(=O)n([C@H]4CCCC[C@@H]4O)cnc3c3ccccc23)cn1,1,train
3d984505d93b5f063c7b09cd9a6f979f919d2dbf,CSc1ccc(Cc2cc3c(=O)n([C@H]4CCCC[C@@H]4O)cnc3c3ccccc23)cn1,1,train
26043ef77654c341c4b0a3342ddc085b8893a35c,C[C@H](Nc1c(C(N)=O)nnc2ccc(-c3ccc(OCCCN(C)C)nc3)cc12)C1CCOCC1,0,train
d2aea260006521686fd25c2f9494f24385adb81e,CNC(=O)c1nnc2ccc(-c3ccc(OCCCN(C)C)nc3)cc2c1N[C@@H](C)C1CCOCC1,0,train
9d9d3651c2768d1a88a4b013ac4914de5a75d925,O=C(Nc1ccc(OC(F)(F)F)cc1)c1cccc(CN2CCOCC2)c1,1,train
38e7e11d5be7fdf23745993e1e4eb63bc89d5aaf,O=C(Nc1ccc(OC(F)(F)F)cc1)c1cnc(N2CC[C@H](O)C2)c(-c2cncnc2)c1,1,train
c92645a4093043093ec2edad21f5679b1af17cdc,COc1ccc(C(=O)Nc2ccc(OC(F)(F)F)cc2)cc1-c1cncnc1,1,val
5de60b9d7bd73ebd9b2c3b4edbd46e729b1037e8,O=C(Nc1ccc(OC(F)(F)F)cc1)c1ccc(OCCN2CCCC2)c(-c2cncnc2)c1,1,test
afb43afc5ac1856a68a9e5bb77b3c0a85b63dfa8,O=C(Nc1ccc(OC(F)(F)F)cc1)c1cnc(NCCCO)c(-c2cncnc2)c1,1,test
3bff9698dbc9e0a19cb56fa53d5a4daf7ec91c03,CN1CCN(c2ncc(C(=O)Nc3ccc(OC(F)(F)F)cc3)cc2-c2cncnc2)CC1,1,train
3ae65ddc52714911551007d2d5f7b58c7912b5e0,O=C(Nc1ccc(OC(F)(F)F)cc1)c1cnc(N2CC[C@@H](O)C2)c(-c2cncnc2)c1,0,train
1a1ac3c691e653f41111a9e6617b898750df560d,O=C(Nc1ccc(SC(F)(F)F)cc1)c1cnc(N2CC[C@@H](O)C2)c(-c2cncnc2)c1,1,train
bd66d5be81ce5d07f042a25ca9b23ac6febda58d,O=C(Nc1ccc(OC(F)(F)Cl)cc1)c1cnc(N2CC[C@@H](O)C2)c(-c2cncnc2)c1,1,train
66655ea247c63a066e89a16957fb717c585de47a,O=C(Nc1ccc(OC(F)(F)Cl)cc1)c1cnc(N2CC[C@@H](O)C2)c(-c2cc[nH]n2)c1,0,test
bc119b6e181cb262689f3789e09ebd2d7fe97cc6,COc1cncc(NC(C(=O)c2c[nH]c3ccccc23)c2ccccc2)c1,1,val
3dbed2abe3d53349eac4ac50dd20b03107edb583,Cc1c[nH]c2ncnc(O[C@H]3CC[C@H](N4CCO[C@@H](C)C4)CC3)c12,0,test
39b2435878857cc52d196b3087804b5458947273,Cn1cc(Nc2nc(N)nc(-c3cccc(-n4ccc5cc(C6CC6)cc(F)c5c4=O)c3CO)n2)cn1,0,val
901e6976ff96035670c5c08d8869a3dc27c84084,Nc1nc(Nc2cnn(C3CC3)c2)nc(-c2cccc(-n3ccc4cc(C5CC5)cc(F)c4c3=O)c2CO)n1,1,val
209fe2e9047112af5239d4fc9fc74365fc19f30e,CC(C1CC1)n1cc(Nc2nc(N)nc(-c3cccc(-n4ccc5cc(C6CC6)cc(F)c5c4=O)c3CO)n2)cn1,0,train
59a6df919b0b25aef171233ceb36ab31b7788271,Cn1cc(Nc2nc(N)nc(-c3cccc(-n4ccc5cc(C6CC6)cc(F)c5c4=O)c3CO)n2)cc1C#N,1,train
d414cc21fda23659aa706bb08bbc1e87dcd62a2f,CCn1cc(Nc2nc(N)nc(-c3cccc(-n4ccc5cc(C6CC6)cc(F)c5c4=O)c3CO)n2)cc1C#N,1,train
b15fe8ae9ae13d57b5afe5dcc4f8fa4aac0bf535,CC(C)n1cc(Nc2nc(N)nc(-c3cccc(-n4ccc5cc(C6CC6)cc(F)c5c4=O)c3CO)n2)cc1C#N,0,train
11b0ff9fb3950dafd719c7771d6b92449a83b00c,N#Cc1cc(Nc2nc(N)nc(-c3cccc(-n4ccc5cc(C6CC6)cc(F)c5c4=O)c3CO)n2)cn1C1CC1,0,train
2667f0f9643f0101469b2eaf0d5ad50823401ba7,CN(c1ncnc2[nH]ccc12)[C@@H]1CCN(C(=O)CC#N)C1,0,test
f975082624ca14137879f2a051ebc20afaea124f,O=C(Nc1nc2cccc(-c3ccc(CN4CCS(=O)(=O)CC4)cc3)n2n1)C1CC1,0,train
aebc56f6244c9ecba1c29da617cd00a31ba2399e,COc1cc2ccc(Br)cc2cc1[C@@H](c1ccccc1)[C@@](O)(CCN(C)C)c1cccc2ccsc12,0,train
d4ba31156e935c1bed9f02f3a7d86e16a87eef5b,COc1cc2ccc(Br)cc2cc1[C@@H](c1ccccc1)[C@@](O)(CCN(C)C)c1cccc2c1CCC2,1,train
23d7de346663b2b5764b6372ed5bc188913eebb9,COc1cc2ccc(C#N)cc2cc1[C@@H](c1cccc(OC)c1OC)[C@@](O)(CCN(C)C)c1cccc2c1CCC2,1,train
d545d841671d97e6264beea5e6ad144c5a5402ec,COc1cc2ccc(Br)cc2cc1[C@@H](c1cccc(OC)c1F)[C@@](O)(CCN(C)C)c1cccc2c1CCC2,1,train
50480b8da2baa16d082957e80881f0e3333c3594,COc1cc2ccc(Br)cc2cc1[C@@H](c1ccccc1)[C@@](O)(CCN(C)C)c1cccc2ccoc12,1,train
735fde134f6f1adb3f42ab67f1254323e970ac53,COc1cc2ccc(C#N)cc2cc1[C@@H](c1cccc(F)c1)[C@@](O)(CCN(C)C)c1cccc2ccoc12,1,train
0b51334712c56beb5170119b2b85e8452f58e6ef,COc1cc2ccc(Br)cc2cc1[C@@H](c1cnc(OC)c(OC)c1)[C@@](O)(CCN(C)C)c1cccc2ccoc12,1,val
2963bea7bcebfe854a57c2cf2965b78a5b75b18a,COc1cc2ccc(Br)cc2cc1[C@@H](c1ccnc(OC)c1OC)[C@@](O)(CCN(C)C)c1cccc2ccoc12,1,train
c5c4ad309657015a348a0f63746bb3e605404c12,CCOc1cc([C@H](c2cc3cc(C#N)ccc3cc2OC)[C@@](O)(CCN(C)C)c2cccc3ccoc23)cc(OCC)n1,1,train
eaa6caa038fd79e0b7aaac188f51b523037690f3,CCOc1cc([C@H](c2cc3cc(Br)ccc3cc2OC)[C@@](O)(CCN(C)C)c2cccc3ccoc23)cc(OC)n1,1,train
c626c7d74946c29fc4e853f46d3d585c5e015f21,COc1cc2ccc(Br)cc2cc1[C@@H](c1ccccc1)[C@@](O)(CCN(C)C)c1ccc2occc2c1,1,train
59f1cefa2dc20288a146deb99e3b8e8c11ce7efd,COc1cc2ccc(Br)cc2cc1[C@@H](c1ccnc(OC)c1OC)[C@@](O)(CCN(C)C)c1ccc2occc2c1,1,test
5ffae1055ace2bd35e82b4e3f48593578912d33c,COc1cc2ccc(Br)cc2cc1[C@@H](c1ccnc(OC)c1OC)[C@@](O)(CCN(C)C)c1cccc2occc12,1,test
bacc0a913baf409c597848451a51b3df6b78442d,COc1cc2ccc(C#N)cc2cc1[C@@H](c1cccc(F)c1)[C@@](O)(CCN(C)C)c1cc2ccccc2o1,1,train
6c61faf9f15a65e366d857c8667fe75b719385bf,COc1cc2ccc(Br)cc2cc1[C@@H](c1ccnc(OC)c1OC)[C@@](O)(CCN(C)C)c1cc2ccccc2o1,1,val
8f905342dee1eb9ee54c8bdcd79c908a04acf840,COc1cc2ccc(Br)cc2cc1[C@@H](c1ccccc1)[C@@](O)(CCN(C)C)c1cccc2c1CCN2C,1,val
2e27c52f82a01d1008420e954e25ffb0fbdcb035,COc1cc2ccc(Br)cc2cc1[C@@H](c1cccc(C)c1)[C@@](O)(CCN(C)C)c1cccc2c1OCO2,1,train
975edd736f13f2c647f7d5c3de03729b435ce68e,COc1cc2ccc(C#N)cc2cc1[C@@H](c1cccc(C)c1)[C@@](O)(CCN(C)C)c1cccc2c1OCO2,1,train
c5764cd9ea81eda4c4f9dac9b59a0a20357a5550,C[C@@H]1c2[nH]ncc2CN1C1=NC(NCc2c(F)cccc2C(F)(F)F)c2cccc(C(N)=O)c2N1,1,train
a2bf5f0cb5e615f44b05449895ae851a3aee5323,Cc1[nH]nc2c1CN(C1=NC(NCc3c(F)cccc3C(F)(F)F)c3cccc(C(N)=O)c3N1)C2,0,train
416f0a0910d1219aa3fc4e6dfb105f0dee0b8478,N#Cc1cnccc1COc1cnc(N2CCN(c3nnc(C(F)(F)F)o3)CC2)nc1,0,train
5235b3a4cb1c86ea6df275b5bf9d4658a33011c6,N#Cc1cnccc1COc1cnc(N2CCN(c3nc(C(F)(F)F)no3)CC2)nc1,1,train
795b856db35bf633d0421e35d53b12bdc69b27b7,N#Cc1cnccc1COc1cnc(N2CCN(c3noc(C(F)(F)F)n3)CC2)nc1,1,train
f83c27edf7b27000d5600f8e9b79bb2e05a4e4cc,COc1ccc(-n2cc(Cn3ccc4nc(-c5ccccc5F)nc-4c3)nn2)cc1,1,train
1c8933e710004a86866851801bad1ea1c2be59b3,COc1ccc2nccc(CCN3CCC(NCc4ccc(Cl)c(Cl)c4)CC3)c2c1,1,test
14dc6c5ffb303d13f4b2a9c6d673aad5a0d54421,COc1ccc2nccc(CCN3CCC(NCc4ccc5c(n4)NC(=O)CO5)CC3)c2c1,1,val
63ac0e7c0f5c399af586b514e9deac47b1c3975c,COc1ccc2nccc(CCN3CCC(NCc4cc5c(cn4)OCCO5)CC3)c2c1,1,train
d70bc11d4714baefd74ace9332c94f1721ed7378,COc1ccc2nccc(CCN3CCC(NCc4ccc5c(c4)OCCO5)CC3)c2c1,1,train
f4c00a70c1f3d78622e6fecd12721cbc69d85284,COc1ccc2nccc(CC[C@H]3CC[C@H](NCc4ccc(Cl)c(Cl)c4)CC3)c2c1,1,test
0c137b265baf02c69b49938a4fecdccb9d6afda9,COc1ccc2nccc(CC[C@H]3CC[C@H](NCc4ccc5c(n4)NC(=O)CO5)CC3)c2c1,1,train
6dcc619cd8592295b8425f2ba1717b0c1f3d1818,COc1ccc2nccc(CC[C@H]3CC[C@H](NCc4cc5c(cn4)OCCO5)CC3)c2c1,1,train
5b9379a141a163f0a77ae2432ecfb6d6a8be753b,COc1ccc2nccc(CC[C@H]3CC[C@H](NCc4ccc5c(c4)OCCO5)CC3)c2c1,1,test
0166f6e7fb5d3f8feca7c07566aa71652b369299,COc1ccc2nccc(CC[C@H]3OC[C@H](NCc4ccc(Cl)cc4)CO3)c2c1,1,train
3da890e3c90bbbd34d7959300218a8ae1a1cb9ef,COc1ccc2nccc(CC[C@H]3OC[C@H](NCc4ccc(Cl)c(Cl)c4)CO3)c2c1,1,train
5778606cd739da246194bc8e47569054a5e0fa3a,COc1ccc2nccc(CC[C@H]3OC[C@H](NCc4ccc5c(n4)NC(=O)CO5)CO3)c2c1,1,val
21a72972758048a91e478bd77a582a4ecdcd646a,COc1ccc2nccc(CC[C@H]3OC[C@H](NCc4ccc5c(n4)NC(=O)CS5)CO3)c2c1,1,val
db9448eb2f8cbbd547960920e806e8d85e585b48,COc1ccc2nccc(CC[C@H]3OC[C@H](NCc4cc5c(cn4)OCCC5)CO3)c2c1,0,val
0a90c9fb0fa7d1897934523e3d9f03b2a2bbf334,COc1ccc2nccc(CC[C@H]3OC[C@H](NCc4cc5c(cn4)OCCO5)CO3)c2c1,1,val
2260777a2a3114cd819a1f74d51d74e9ef104f61,COc1ccc2nccc(CC[C@H]3OC[C@H](NCc4ccc5c(c4)OCCO5)CO3)c2c1,1,train
45d949a96837e16839f346a9a94b72d0b2144c56,COc1cc(OC)cc(C(=O)N[C@H]2CC[C@H](Nc3nc(C)cc(N(C)C)n3)CC2)c1,1,val
cc2bd9811b28ff24883bf9f851146581f164c95f,COc1cc(Nc2nc(C)cc(N(C)C)n2)ccc1F,1,val
d54d3a4df5c088cf14227770867290154ec97c2b,C=CC(=O)N1CCC[C@@H](n2nc(-c3ccc(Oc4ccccc4)cc3)c3c(N)ncnc32)C1,1,test
28412c40127196c8f996128a7423062f573a830d,C=CC(=O)N1C[C@@H]2C[C@H]1CN2c1ccc(C(N)=O)c(Oc2ccc(Oc3ccccc3)cc2)n1,1,train
790407041cf4dd918f69d997cd8bd99a8f76b30b,CC(C)Cc1ccc2ncccc2c1NS(=O)(=O)c1ccc(CCCN2CCN3CCC[C@@H]3C2)cc1,1,test
0c860ee297159f6beba42300ac0aef51ae283cb8,CC(C)Cc1ccc2ncccc2c1NS(=O)(=O)c1ccc(CCCO[C@@H]2C[C@H]3CC[C@@H](C2)N3C)cc1,1,val
9bf62accbe707ad134a9eb43d5222219134b6527,CC(C)Cc1ccc2nn(C)cc2c1NS(=O)(=O)c1ccc(CCCCC2CCN(C)CC2)cc1,1,train
332f15be3f74b1f432236afcc796146590bc8111,CC(C)Cc1ccc2nn(C)cc2c1NS(=O)(=O)c1ccc(CCCOC[C@@H]2CCCN2C)cc1,1,test
b9f39fee717054e5a5934309ad9bdecb7493e5e4,CC(C)Cc1ccc2nn(C)cc2c1NS(=O)(=O)c1ccc(CCCO[C@@H]2C[C@H]3CC[C@@H](C2)N3C)cc1,1,test
7c0f5ff1cda24936043786629311c815b9d32188,CC(C)Cc1ccc2nn(C)cc2c1NS(=O)(=O)c1ccc(CCCOC[C@H]2COCCN2C)cc1,1,train
8c70552b6628fe204403872980c0697ef8d03d31,CC(C)Cc1ccc2nn(C)cc2c1NS(=O)(=O)c1ccc(CCCOC[C@@H]2CN(C)CCO2)cc1,1,train
77fc8a21fd661b78d646329e628493c82af95698,CC(C)Cc1ccc2nn(C)cc2c1NS(=O)(=O)c1ccc(CCCOC[C@H]2CN(C)CCO2)cc1,1,train
a941763b54556e83a9d827631ada02dba05e3baf,CC(C)Cc1ccc2nn(C)cc2c1N(C(F)F)S(=O)(=O)c1ccc(CCCCC2CCN(C)CC2)cc1,1,train
ebc1e895abf0d7436283473d1090d0c80dfd2c79,O=C(O)C[C@H](CN1CC[C@@H](CCc2ccc3c(n2)NCCC3)C1)c1cccc(Br)c1,1,val
c250784016b740ba40fc3a7d4639e8337f7f64f2,O=C(O)C[C@H](CN1CC[C@@H](CCc2ccc3c(n2)NCCC3)C1)c1cccc(C2CC2)c1,1,train
c830e414d3d03e1ebedfe2916efaed4996e8a608,Cc1ccn(-c2cccc([C@H](CC(=O)O)CN3CC[C@@H](CCc4ccc5c(n4)NCCC5)C3)c2)n1,1,train
096efe1a30428bb5813857b36a905cb7766118e2,Cc1cnn(-c2cccc([C@H](CC(=O)O)CN3CC[C@@H](CCc4ccc5c(n4)NCCC5)C3)c2)c1,1,train
5590c51b2936cc9da0ea989afe3c56fe55eda076,Cc1cc(C)n(-c2cccc([C@H](CC(=O)O)CN3CC[C@@H](CCc4ccc5c(n4)NCCC5)C3)c2)n1,0,train
d61f85163b58be7dd33c9532e5c932fdb05c55b4,Cc1cnn(C)c1-c1cccc([C@H](CC(=O)O)CN2CC[C@@H](CCc3ccc4c(n3)NCCC4)C2)c1,0,train
bead5b509a49e1faab4f0919fefd94a5ae680bba,O=C(O)C[C@H](CN1CC[C@@H](CCc2ccc3c(n2)NCCC3)C1)c1cccc(O[C@H]2CCOC2)c1,0,train
73df464c06ebcddc32297d1711a0bf2649c2dd53,O=C(O)C[C@H](CN1CC[C@@H](CCc2ccc3c(n2)NCCC3)C1)c1cccc(O[C@@H]2CCOC2)c1,0,train
7a94bff8cfeaed385b9984d01b29ee0463b1b2bb,O=C(O)C[C@H](CN1CC[C@@H](CCc2ccc3c(n2)NCCC3)C1)c1cccc(C2CCOC2)c1,0,val
0f7ce0249715f0f0814b05e3e28b2cc358fc1641,O=C(O)C[C@H](CN1CC[C@@H](CCc2ccc3c(n2)NCCC3)C1)c1cccc(-n2cccn2)c1,1,train
a936cac44000080838d4ed37cb10822f14820e51,Cc1ccnn1-c1cccc([C@H](CC(=O)O)CN2CC[C@@H](CCc3ccc4c(n3)NCCC4)C2)c1,0,train
9630528f21fc832b1be75b4877324e8dea02a04c,Cc1cc(-c2cccc([C@H](CC(=O)O)CN3CC[C@@H](CCc4ccc5c(n4)NCCC5)C3)c2)[nH]n1,0,train
a27933d732ae6133a3bada4a89602bb54410df68,O=C(O)C[C@H](CN1CC[C@@H](CCc2ccc3c(n2)NCCC3)C1)c1cccc(OC2CCOCC2)c1,1,val
ae40d9cd20870991e09166c133c0f0e7919a6cd5,Cc1nnc(C(C)C)n1[C@@H]1C[C@H]2CC[C@@H](C1)N2CC[C@H](NC(=O)C1CCC(F)(F)CC1)c1cccs1,1,train
cad629f1dc2a72b54962c2c674a720ba2bde8c77,Cc1ccc([C@H](CCN2[C@@H]3CC[C@H]2C[C@H](n2c(C)nnc2C(C)C)C3)NC(=O)C2CCC(F)(F)CC2)s1,1,train
304ad91babf447f6b03e3e0ac5140f942df9ac1a,Cc1nnc(C(C)C)n1[C@@H]1C[C@H]2CC[C@@H](C1)N2CC[C@H](NC(=O)C1CCCCC1)c1cccs1,1,train
6d3fdf271ee6d17d4ca52796ca16388787bc4a77,Cc1nnc(C(C)C)n1[C@@H]1C[C@H]2CC[C@@H](C1)N2CC[C@H](NC(=O)C1CCCC1)c1cccs1,1,train
abba0eabb8df90bc556f90f3273dd7c3b25e38f1,Cc1cn(-c2ccc3n(c2=O)CCN(C[C@@]24C[C@@H]2C(C)(C)Oc2ccc(C(F)(F)F)cc24)C3=O)cn1,0,test
d1a4faeb1bbbc87e8be58752c7df259872a7a8a3,Fc1ccc(N2CCN(CCCc3c[nH]c4ccc(F)cc34)CC2)c(-c2ccccc2)c1,0,test
131f1db2c40211d8b28c0e5b90048246376a18bf,Oc1c2c(c(O)n1CCCCN1CCN(c3cccc4sccc34)CC1)[C@H]1CC[C@@H]2C1,1,train
a58e788f323aaf2d917d2deebc05ae5ba8ed5311,Oc1c2c(c(O)n1CCCCN1CCN(c3cccc4sccc34)CC1)[C@H]1C=C[C@@H]2C1,1,train
1d1620249604668d60f4574de03da348cc277a4c,CCC1(C)CC(=O)N(CCCCN2CCN(c3cccc4sccc34)CC2)C(=O)C1,1,test
de82a13e68c76293c80c466f333c6392b836f1c3,O=C1CC2(CCCC2)CC(=O)N1CCCCN1CCN(c2cccc3sccc23)CC1,1,train
c11d648029efbc38c8bfbc321722abe93b19d4ff,Cc1c(CN2CCOCC2)cc(-c2ccc(C(C)C)cc2)n1-c1ccc(F)cn1,1,train
2e61d2221895092bd1506d633b9e67f28b699b88,Cc1c(CN2CCOCC2)cc(-c2ccc(C(C)C)cc2)n1Cc1ccc(F)cc1,1,train
7605ad0b9b7599ed1b819c104bf782f79c8310ae,Cc1c(CN2CCOCC2)cc(-c2ccc(C(C)C)cc2)n1C(C)C,0,train
735100e85a02f71454d134b2f4d588c96c3227c4,Cc1c(CN2CCOCC2)cc(-c2ccc(C(C)C)cc2)n1CC(C)C,0,train
4d8caffba43433c1cdce7b3f0043026e8f855b84,Cc1c(CN2CCOCC2)cc(-c2ccc(C(C)C)cc2)n1C1CC1,1,test
4e0eecff551ea044b00d13de27aa92b8c499dc61,Cc1c(CN2CCOCC2)cc(-c2ccc(C(C)C)cc2)n1C1CCC1,1,train
304a848a6766e30964e88ad54c5dce846d05ed3d,Cc1c(CN2CCOCC2)cc(-c2ccc(C(C)C)cc2)n1C1CCCCC1,0,val
0a95783ca960dbde5e0625c1db0446fd1dbe6436,Cc1c(CN2CCOCC2)cc(-c2ccc(C(C)C)cc2)n1C1CCCOC1,1,test
ea5a263bf638907a1859fe471c4c44d317b01464,Cc1c(CN2CCOCC2)cc(-c2ccc(C(C)C)cc2)n1-c1ccc(F)cc1,1,train
ec0c9da569ca01c7b7246966fc67af5379e1d3b3,CN(C/C=C/C=C/C=C/c1ccc(C(F)(F)F)cc1)Cc1ccc2c(c1)OCCO2,1,val
63e395dcae55fb1768cba615ccd3f6af58bf369a,CN(C/C=C/C=C/c1ccc(C(F)(F)F)cc1)Cc1ccc2c(c1)OCCO2,0,train
23e5434e4ab3fe294694bc29675e7e7672f1f7dd,CN(C/C=C/c1ccc(C(F)(F)F)cc1)Cc1ccc2c(c1)OCCO2,1,train
178954b35d1b8d90f97d41587db3ff51f9d7d145,Cc1ccc(/C=C/CN(C)Cc2ccc3c(c2)OCCO3)cc1,1,train
9db13c66d515c0734e50b20acdd4505cbf0963e6,O=C(NCc1ccc(OC(F)(F)F)c(Cl)c1)c1ccc(S(=O)(=O)Nc2nccs2)c(F)c1,0,val
f4926c70ddb9ce730d05c28a7f026f8bab35d07c,Cc1cc(-c2ccc3c(c2)CC[C@H]3N2CCC(N(C)C(=O)N[C@@H](C)c3ccc(C#CC4CC4)c(Cl)c3Cl)CC2)ncn1,1,val
de742f2d508235bcf57e1c300ce93e9e41d7491e,COc1ccccc1-n1nc(C2CC(C)(C)OC(C)(C)C2)cc1-c1ccc(Cl)cc1,0,val
9aaa48106ed57a6618cd16643e0d3bd8aa7119ee,COc1ccccc1-n1nc(C2CC(C)(C)OC(C)(C)C2)cc1-c1csc(Cl)c1,0,test
a88a25f75097e8d92318877a6e467133e0cf97db,CN(c1ccc(-c2cc3ccccc3s2)nn1)C1CC(C)(C)NC(C)(C)C1,1,train
63f4af723a01f6f4683bd0f46ec107eed41a5e4d,CC1(C)CC(Nc2ccc(-c3cc4ccccc4s3)nn2)CC(C)(C)N1,1,train
66bfe1db2bdb80b4efdc6ff50e3223f5f19db955,CC1(C)CC(Nc2ccc(-c3ccc4ccccc4c3)nn2)CC(C)(C)N1,1,train
00700c80f93cdf4972febe4b6328bda618792f7b,CN(c1ccc(-c2ccc(F)cc2O)nn1)C1CC(C)(C)NC(C)(C)C1,1,train
094d4d68bbf45f90948a489746e8fad5490e873d,CN(c1ccc(-c2cc3ccccc3cc2O)nn1)C1CC(C)(C)NC(C)(C)C1,1,train
17bcecdfff965bbb06027c7dc37a23a794f83669,CN(c1ccc(-c2ccc(C#N)cc2O)nn1)C1CC(C)(C)NC(C)(C)C1,1,train
b823327c7ee16945054beb130eb051c75b22de64,CN(c1ccc(-c2ccc(-n3cccn3)cc2O)nn1)C1CC(C)(C)NC(C)(C)C1,1,train
238c8340a617df59f349e2e1f7f598b2659f16bb,CC1(C)CC(Oc2ccc(-c3ccc(-n4cccn4)cc3O)nn2)CC(C)(C)N1,1,train
1dc80d664aeab618d285dc6baba51e871afb47ce,Oc1cc(-n2cccn2)ccc1-c1ccc(OC2CCNCC2)nn1,1,train
4f7899a8876ecbe8652ab4310d0fdea4707e02a4,CN(c1ccc(-c2cc3cccnc3cc2O)nn1)C1CC(C)(C)NC(C)(C)C1,1,test
cf44d4696beed9de7f50f44c8048718a523d83e0,CN(c1ccc(-c2cc3cnccc3cc2O)nn1)C1CC(C)(C)NC(C)(C)C1,0,val
2cfbbe5658afe45572d295fc6304bdc414b50307,CN(c1ccc(-c2ccc(-n3ccc(N)n3)cc2O)nn1)C1CC(C)(C)NC(C)(C)C1,0,train
25fe521e580c39815f8f5b986982f5de41027327,CN(c1ccc(-c2ccc(-n3cc(CO)cn3)cc2O)nn1)C1CC(C)(C)NC(C)(C)C1,0,train
45be14f1fb7e1533bed57b7c5d8b6611e601eb31,CN(c1ccc(-c2ccc(-c3cn[nH]c3)cc2O)nn1)C1CC(C)(C)NC(C)(C)C1,1,train
de8dc0db6ef920de5d8f6ea1fbea5508b3883845,Oc1cc(-c2cn[nH]c2)ccc1-c1ccc(N2CCC3(CCCNC3)C2)nn1,1,train
b6f4117fd2a43e8009566148c429e29857790774,Oc1cc(-c2cn[nH]c2)ccc1-c1ccc(N2C[C@H]3CNC[C@H]3C2)nn1,1,train
ef5fb8b911750c2959eadfa14aea7b17b4566222,CC1(C)CC(Cc2ccc(-c3ccc(-c4cn[nH]c4)cc3O)nn2)CC(C)(C)N1,0,test
92b781b0aee30b1a2e8ffe345c0dc7b651738bb6,CC1(C)CC(Oc2ccc(-c3ccc(-c4cn[nH]c4)cc3O)nn2)CC(C)(C)N1,1,train
23afbff9493357c3f777dbe16d124761ae2e135d,Cc1cc(Oc2nccc3occc23)ccc1-c1c(C)ncc2nccn12,0,train
8398a8f1ffc3ec9041e0b6575d5ef5a686a8d41f,FC(F)(F)Oc1ccc(Oc2ccc(N3CCC4(CC3)OCCc3sccc34)cc2)cc1,1,train
6ab8083196aa54963d4e72a6a3b0f3d980456bf0,Brc1ccc(Nc2ccc(CN3CCC4(CC3)OCCc3sccc34)cc2)cc1,1,val
0dbf5ac2669f02004b8256f7b843570ad0e37b64,FC(F)(F)Oc1ccc(Oc2ccc(CN3CCC4(CCCCO4)CC3)cc2)cc1,1,test
017cffdddc839508775c484b989dde7522328fed,CC(C)(C)c1ccc(CN2CCC3(CCCCO3)CC2)cc1,1,train
bd54f0a4b65ab343fdac740d1422002ed8b0a4d0,N=C1N[C@@]2(CO1)c1cc(NC(=O)c3ccc(Cl)cn3)ccc1Oc1cnc(C3=CCCOC3)cc12,1,train
412de6aa4d9e57451f2c64c1606c64072f52b80d,C=CC(=O)N[C@H]1CCN(c2ccc(C(N)=O)c(Nc3ccc(N4CCOCC4)nc3)n2)C1,1,train
966b5ca15d86b3b8cbb0bcb020a2b4cd40687737,C=CC(=O)N[C@H]1CCN(c2ccc(C(N)=O)c(Nc3ccc(N4CCCCC4)nc3)n2)C1,1,val
fa4428afa8bdf8bcdd5abedd529ff2de2f4ba17b,C=CC(=O)N[C@H]1CCN(c2ccc(C(N)=O)c(Nc3ccc(N4CCCCC4)cc3)n2)C1,1,test
3a199f393ca24f16f3de3ba68d9a200ada571eb0,C=CC(=O)N[C@H]1CCN(c2ccc(C(N)=O)c(Nc3ccc(N4C[C@@H](C)O[C@@H](C)C4)nc3)n2)C1,1,train
09515b9a8a30179051b43990b1d0f378c62eaa98,CCCCNc1nc(N)nc2c1CN(C(=O)c1cccs1)CC2,1,train
3a64244f39a78a3d1bb009af9e4e5bd549bf764d,CCCCNc1nc(N)nc2c1CN(C(=O)c1csc(C)n1)CC2,1,train
6902f93177afd9a7d6d7936cf5f6f56e88a2560f,CCC[C@@H](CCO)Nc1nc(N)nc2c1CN(C(=O)c1csc(C)n1)CC2,0,train
0222044aebb96e6c05c7244a50ed1dc3d3ebaafa,CCC[C@@H](CCO)Nc1nc(N)nc2c1CN(C(=O)c1cccs1)CC2,1,train
545a6821cec216c1a3f9fa93152bbd19b7aed227,CCCC[C@@H](CCO)Nc1nc(N)nc2c1CN(C(=O)c1cccs1)CC2,1,train
6581080f236f3f9d91109a725d626d2912237bc6,CCCCc1nc(C(C)C)c(CC(=S)N2CCCC2)c(=O)n1Cc1ccc(-c2ccccc2-c2nc(=O)o[nH]2)cc1,1,val
15710f95548596e22092211aaace37568dca54c9,CC(C)(C)S(=O)(=O)c1ccc2nccc(Nc3[nH]nc4ccc(F)cc34)c2c1,1,val
2b4f10121b8993a9ecd5821a772b0c63fdfe7352,CC(C)(C)S(=O)(=O)c1ccc2nccc(Nc3[nH]nc4ncc(F)cc34)c2c1,0,train
4abba905547edf9c8b83718aa9be1219a4fdf4ba,CC(C)(C)S(=O)(=O)c1ccc2nccc(Nc3[nH]nc4c3CCCC4)c2c1,1,train
cf03df6f9d01a2821b12b6326fcd28fc6a3d378b,CC(C)(C)S(=O)(=O)c1ccc2nccc(Nc3cc[nH]n3)c2c1,1,train
7622fc8da2e338d92b76fb66a65cf5d83bf87fa2,Cc1cc(Nc2ccnc3ccc(S(=O)(=O)C(C)(C)C)cc23)[nH]n1,1,train
0ff6a31496acd9c4c9b45631b34720f2ea26cd83,Cc1[nH]nc(Nc2ccnc3ccc(S(=O)(=O)C(C)(C)C)cc23)c1C,0,train
b4f5ef5eadb44f742244c2c9a42df8d74da8b84f,COc1cc2nccc(Nc3[nH]nc(C)c3C)c2cc1S(=O)(=O)C(C)(C)C,0,train
6833b6ad4c36ca5aaa94289b46055f571a925c62,COCCOc1cc2nccc(Nc3[nH]nc(C)c3C)c2cc1S(=O)(=O)C(C)(C)C,0,train
d4d54461447845325295d52324fe973df22f18f6,CCc1cc2nccc(Nc3[nH]nc(C)c3C)c2cc1S(=O)(=O)C(C)(C)C,0,train
d3436eb0ef92f5640644b6526c4a4319f7b47aa7,C[C@@H]1COCCN1c1cc(C2(S(C)(=O)=O)CC2)nc(-c2cncc3[nH]ccc23)n1,0,val
b32d145a2dc7793667f6b4f6ba824516b4291fc3,CNc1nc2ccccc2n1-c1nc(N2CCOC[C@H]2C)cc(C2(S(C)(=O)=O)CC2)n1,1,train
bc9ecd974e3923bf2af48090d28b4d390d1eebd2,CNc1nc2ccccc2n1-c1nc(N2CCOC[C@H]2C)cc(C2([S@](C)(=N)=O)CC2)n1,0,train
425f09f2dcfb028f5b107ea3a4c6e7d48cb849a5,CCOc1cc(CN2CCC(NC(=O)c3cncc(C)c3)CC2)cc(OCC)c1-c1ccc(F)cc1,1,train
6720fd5e51ea92899907507f28d1235b127cc845,CCOc1cc(CN2CC[C@H]3C(Nc4nc5ccc(C(=O)O)cc5o4)CC[C@H]32)cc(OCC)c1-c1ccc(F)cc1,0,train
b6776a21f77a23ad97176a45d274c0de86681091,CCOc1cc(CN2CCC(c3nc(-c4ccc(F)cc4)c[nH]3)CC2)cc(OCC)c1-c1ccc(F)cc1,1,val
9754f5bfdef2220321706e66cad03e9958251790,CCOc1cc(CN2CCC3(CC2)CCN(S(=O)(=O)c2cccnc2)CC3)cc(OCC)c1-c1ccc(F)cc1,1,test
531afc82a36847d9f05ebb8a55115a16f9f382a7,CCOc1cc(CN2CCC(C3CCN(S(=O)(=O)c4ccccc4)CC3)CC2)cc(OCC)c1-c1ccc(F)cc1,1,val
b52ff3391197debfe416a563da7b10c1efc47bbe,CCOc1cc(CN2CCC(COc3cccc4cccnc34)CC2)cc(OCC)c1-c1ccc(F)cc1,1,train
6f630e8f48c3408eec2efcd67411b1e309a59003,CCOc1cc(CN2CCC3(CC2)CC(Cc2ccc(F)cc2)C(=O)O3)cc(OCC)c1-c1ccc(F)cc1,1,test
fbe2c1bc7e9d6497c54405db547a613abc309f65,CCOc1cc(CN2CCC3(CC2)NC(=O)NC3=O)cc(OCC)c1-c1ccc(F)cc1,0,test
667caae2d528ea57553c85f9bfaba2fa4ad8f56c,CCOc1cc(CN2CCC3(CC2)CC(=O)N(c2ccc(C(=O)O)cc2)C3)cc(OCC)c1-c1ccc(F)cc1,0,train
4574045c225b6dab2483fe6033dabefc05d0d508,O=C(Nc1ccc(Cl)c(Cl)c1)Nc1nccnc1OCc1ccccc1,0,train
61d5bb4dd65d3d8a301925025b9f0583f15bafc6,O=C(CCCN1CCC(c2noc3cc(F)ccc23)CC1)c1cc2c3c(c1)CCN3C(=O)CC2,1,test
0e0406361b624a800879e45957304dcbb0441984,O=C(CCCCN1CCC(c2noc3cc(F)ccc23)CC1)c1cc2c3c(c1)CCN3C(=O)CC2,1,train
ea9da570c0da4f1fb85661b3feb744241e8f3332,O=C1CCc2cc(C(O)CCCN3CCC(c4noc5cc(F)ccc45)CC3)cc3c2N1CC3,1,test
2f6708c29237038d3b8de0a5e10bd6789bf26bd1,CS(=O)(=O)c1cc(-c2ccccc2)cc(S(=O)(=O)c2ccc(CN)s2)c1,0,train
a5bf5b97d16cee8b3ee84a69cf1449b7bdefd8c6,Cc1ccc(-c2cc(S(C)(=O)=O)cc(S(=O)(=O)c3ccc(CN)s3)c2)cc1,1,train
8f6a6631803322c935ffa82a1d002baf4f8e6142,Cc1ccc(-c2cc(S(=O)(=O)c3ccc(CN)s3)ccc2S(C)(=O)=O)cc1,0,train
a41de187e8dba019169555d89c626459d4c83caa,Cc1nc2c(F)cc(-c3nc(Nc4ccc5c(n4)CCN(CCN(C)C)C5)ncc3F)cc2n1C(C)C,1,test
bd335a1e2f76277f6a1b533e92419db657c47ba7,COC1CCN(Cc2cc(-c3ccc(C(C)C)cc3)n(-c3ccc(F)cc3)n2)CC1,1,train
0125e066ea0f996cadc7e90c6fb5692277f760ce,CC(C)c1ccc(-c2cc(CN3CCN(c4ccccn4)CC3)nn2-c2ccc(F)cc2)cc1,0,train
dcec7c702256b47c57b73bf0f16d848b61e59b16,CC(C)c1ccc(-c2cc(CN3CC[Si](C)(C)CC3)nn2-c2ccc(F)cc2)cc1,1,train
6cc2ecb6c8ea96d3ac25fa98d18b12cf76f44ba4,CC(C)c1ccc(-c2cc(CN3CCOCC3)nn2C2CCC2)cc1,0,val
e08a5e8c9d825bc62e7f60e25a166e5d2a44a6b9,COC1CCN(Cc2cc(-c3ccc(C(F)(F)F)cc3)n(-c3ccc(F)cc3)n2)CC1,1,train
8e2f8600eb9fc4ba2443d1dfb45f6308c16c4e5a,C[Si]1(C)CCN(Cc2cc(-c3ccc(C(F)(F)F)cc3)n(-c3ccc(F)cc3)n2)CC1,1,train
c94231a030a656161bcab1c595bbc66f8660f86c,C[Si]1(C)CCN(Cc2cc(-c3ccc(C(F)(F)F)cc3)n(C3CCCCC3)n2)CC1,1,train
037712e0d37f15d4db037da2ed8effd5ee092c0f,CC(C)c1ccc(-c2cc(CN3CC[Si](C)(C)CC3)nn2C2CCCCC2)cc1,1,train
a2068cc7ce07a012bf799f1657d859c898e65a1d,FC(F)(F)c1cccc(Nc2cc3[nH]c(Nc4ccc(N5CCNCC5)cn4)nc3cn2)c1,0,train
a01e9fafa558bc0358c4943fc1c82832df254d95,FC(F)(F)c1cccc(Nc2cc3[nH]c(Nc4ccc(N5CCOCC5)cn4)nc3cn2)c1,1,train
04ec66ba3f3fb63b5d55d6209a1777c42abb0eea,C[C@@H]1CN(C(=O)c2ccnc(Nc3nc4cc(Nc5ccc(F)c(C(F)(F)F)c5)ncc4[nH]3)c2)C[C@H](C)N1,0,val
416ec159265257594e40614193fb9612694f1be2,C[C@@H]1CN(C(=O)c2ccnc(Nc3nc4cc(Nc5ccc(F)c(C(F)(F)F)c5)ncc4[nH]3)c2)C[C@H](C)O1,1,train
362cb734dcf948875fa1ee4722a9d25f9af22a27,Nc1n[nH]c(N2CCC(N3CCOC[C@@H]3Cc3ccc(Cl)cc3)CC2)n1,0,train
28aea47f70998b64e80bde7ea6f0a216d6d4f1fc,CO[C@@H]1C[C@H](Cc2ccc(Cl)cc2)N(C2CCN(c3n[nH]c(N)n3)CC2)C1,0,train
498ef6a27ec2c2c2f9c5060a2bc492f80d79050f,Nc1n[nH]c(N2CCC(N3C[C@H](O)C[C@@H]3Cc3ccc(Cl)cc3)CC2)n1,0,train
8904ab21eb03438920e0abd0dda6c0d686fe7f00,CO[C@H]1C[C@H](Cc2ccc(Cl)cc2)N(C2CCN(c3n[nH]c(N)n3)CC2)C1,0,train
414b40e3c25327c2aa6696c1d693ae172fc933d9,Nc1n[nH]c(N2CCC(N3C[C@@H](O)C[C@@H]3Cc3ccc(Cl)cc3)CC2)n1,0,train
2ead110070479fd53870aacb3ef4d42b3cd638ec,CO[C@H]1CN(C2CCN(c3n[nH]c(N)n3)CC2)[C@H]1Cc1ccc(Cl)cc1,1,test
5e370555745682e2e4ea4bf40ddecf3e329f83de,Nc1n[nH]c(N2CCC(N3CCCC[C@@H]3Cc3ccc(Cl)cc3)CC2)n1,1,train
a8fd6e4481d64a6450f147adea64dc618ee5235b,Nc1n[nH]c(N2CCC(N3CCC[C@@H]3Cc3ccc(Cl)cc3)CC2)n1,1,train
932d7bf6b4cd1d303b49f7f4e5f5443bdaaf4b20,Nc1n[nH]c(N2CCC(N(CCc3ccc(Cl)cc3)CC3CCCCO3)CC2)n1,0,train
4a600cb9f532efcc4030eb11be9b6dbc34038527,Nc1n[nH]c(N2CCC(N(CCc3ccc(Cl)cc3)CC3CCCO3)CC2)n1,0,val
fddd9db9cda61ec6a731cdfb24c1785d98385153,Nc1n[nH]c(N2CCC(N(CCc3ccc(Cl)cc3)C3COC3)CC2)n1,1,train
480dd172320754c29211a88656431e74cd1504b2,COC(C)(C)CN(CCc1ccc(Cl)cc1)C1CCN(c2n[nH]c(N)n2)CC1,1,train
a190210e3428dc89eac72c49573f50d9fb8158a8,CC(C)(O)CN(CCc1ccc(Cl)cc1)C1CCN(c2n[nH]c(N)n2)CC1,0,train
8c3315c32ac076540cb7f3151338c35cb56965c1,CO[C@@H](C)CN(CCc1ccc(Cl)cc1)C1CCN(c2n[nH]c(N)n2)CC1,0,train
baee16e06783f738ab4fc27420618f0af04c6b39,C[C@H](O)CN(CCc1ccc(Cl)cc1)C1CCN(c2n[nH]c(N)n2)CC1,0,train
b9730f1cea3d466b622e39094f09d4b42261ad73,CO[C@H](C)CN(CCc1ccc(Cl)cc1)C1CCN(c2n[nH]c(N)n2)CC1,1,train
f4f3a61911533fcbdc473ccca386140eda260d86,C[C@@H](O)CN(CCc1ccc(Cl)cc1)C1CCN(c2n[nH]c(N)n2)CC1,1,train
da66f7d09e99ca046d7184bbf24f1f4e5187bd33,COCCN(CCc1ccc(Cl)cc1)C1CCN(c2n[nH]c(N)n2)CC1,1,train
b50dd01382608feaf198926bf3f02037746fbc97,Nc1n[nH]c(N2CCC(N(CCO)CCc3ccc(Cl)cc3)CC2)n1,1,train
d740711a8964bfcf588f95e66f76a4276bbc3e41,CNC(=O)NCCN(CCc1ccc(Cl)cc1)C1CCN(c2n[nH]c(N)n2)CC1,1,train
6bedf44b235413482823f1341145ec251a6ded58,CNS(=O)(=O)CCN(CCc1ccc(Cl)cc1)C1CCN(c2n[nH]c(N)n2)CC1,0,train
a02b43fe7e849a7f664ad1a8388d776344dc9d51,CS(=O)(=O)NCCN(CCc1ccc(Cl)cc1)C1CCN(c2n[nH]c(N)n2)CC1,1,train
a5344e6e91b572a9943f28e01b18022872eddfdc,CC(=O)NCCN(CCc1ccc(Cl)cc1)C1CCN(c2n[nH]c(N)n2)CC1,1,train
0fad31fcf61ed4cae1e8a7caa91df59328702253,CNC(=O)CN(CCc1ccc(Cl)cc1)C1CCN(c2n[nH]c(N)n2)CC1,1,train
ceeafe25c6b527db9220de8ce6e1db8bb1c95d33,Nc1n[nH]c(N2CCC(N(CCc3ccc(Cl)cc3)CC(=O)O)CC2)n1,1,train
6d1e594b9fe2498b1c60430fabc526cf149654e5,Cc1ccc2oc(-c3c4c(N)n[nH]c(=O)c4nn3-c3ccccc3)c(C)c2c1,0,train
50becd68845777701bde11cf9312e89265120688,Cc1ccc2oc(-c3c4c(N)n[nH]c(=O)c4nn3-c3ccc(NC(=O)/C=C/CN(C)C)cc3)c(C)c2c1,0,train
b82db1dd321109e89ff92d2099323e5dbb72ca33,Cc1c(C(=O)CC#N)oc2ccccc12,1,train
364cc08dfb89dba3ab1e3065f10fb557ac404999,Cc1ccc2oc(C(=O)CC#N)c(C)c2c1,1,train
31a091bfe054418c277a6bf919a9828ca08a9f97,Cc1c(C(=O)CC#N)oc2ccc(Cl)cc12,1,train
b08338930825cb6a7f9f4daad181ab8705896b1e,Cc1c(C(=O)CC#N)oc2ccc(Br)cc12,1,train
b160fc8eb33eb259b86f3fa5b26107684d954aa5,COc1ccc(-c2nn(-c3cccc(NC(=O)c4cccc(C(F)(F)F)c4)c3)cc2-c2ccncc2)cc1Cl,0,test
e9661e491ba6ea95062bb43740838a71b90764fb,CC(C)C(=O)c1c(Nc2ccc(F)c(F)c2F)[nH]c2c(F)cc(F)cc2c1=O,1,train
2259da0e0e87851d3bc0b457331bdf3a448190f6,O=C(CSc1nc2cc([N+](=O)[O-])ccc2[nH]1)Nc1ccc(Oc2ccccc2)cc1,1,val
8882e1cae3ba4b61dc1ee6a22b425df32ad80cba,CCCCCCCc1[nH]c2ccc([N+](=O)[O-])cc2c(=O)c1CO,0,val
507a698a35668e4b54f46de7d5a39db0fe4022cc,Cc1ccc(NC(=O)c2ccc3c(c2)CC(c2ccc(Cl)cc2)OC3=O)cc1C,1,train
e5b009f7ec8cfa2bdc18d914df8bbff5903d6d48,Cc1ccc(N(C)C(=O)c2ccc3c(c2)CC(c2ccc(Cl)cc2)OC3=O)cc1C,1,train
ba22a651c63931a24d46e1271f6ace9d17f9bf8a,CCC(C)c1ccc(OCCOc2ccc(Cl)cc2CNn2cnnc2)cc1,1,val
e24bda7d25e250e57f3766b1eb4f625e35812998,O=C(c1cn(CCCNCc2ccc(Oc3ccc(Cl)cc3)cc2)nn1)N1CCOCC1,1,train
03041b03c8f92869e1985d8ac92b2f0a27405721,CCCCOc1ccc(Cl)c(OCCCC)c1N=Nc1c(O)ccc2ccccc12,1,train
af381636a6bd0ffb39f220d9aca5b2ba71506684,CCCCOc1cc(Cl)cc(OCCCC)c1N=Nc1c(O)ccc2ccccc12,1,train
ef69d25964df4edb537d02e6561beb0e9bfe02b4,CCCCOc1cc(Cl)c(N=Nc2c(O)ccc3ccccc23)c(OCCCC)c1,1,train
5ef0ed748e8fe34709b671dd3c86f1c91f3942d7,O=C(CCCC(=O)c1cccc([N+](=O)[O-])c1)NC1CCCC1,0,val
60dd5e2b6cd9e79991048fa7bc8ad21cdaf7e0e6,O=C(CCCS(=O)(=O)c1ccccc1)Nc1cc[nH]c(=O)n1,0,train
450ccc6dd36184663e413017b18dc1c3a9e6cfb4,O=C(CCCS(=O)(=O)c1ccccc1)Nc1[nH]c(=O)ncc1F,0,val
cf2f36a7b8221db3cbda731f9155c3a082faac22,COc1cc(N)c(Cl)cc1C(=O)N[C@H]1CCN(CCCOc2ccc(F)cc2)C[C@H]1OC,1,train
ef04f067c972457fdbcd5f37a40ec55de31bf887,Cn1ncc(NC(=O)c2nc(-c3c(F)cccc3F)sc2N)c1N1CC[C@@H](N)[C@H](F)CC1,1,train
c803e6e6585a2da2c4dda1ebda75fe9b58026597,O=C1OCc2cc(C3CN4CCN(C(=O)Cc5ccc(-n6cnnn6)cc5)CC4CO3)ccc21,0,test
fb6e44bd495d706af4716c601cc621cbc661177b,O=C1OCCc2cc([C@@H]3CN4CCN(C(=O)Cc5ccc(-n6cnnn6)cc5)C[C@H]4CO3)ccc21,0,val
ee93a7df62c0be271b9d09cdd454acf6259975e8,Cc1c(C#N)cccc1[C@@H]1CN2CCN(C(=O)Cc3ccc(-n4cnnn4)cc3)C[C@H]2CO1,0,train
9b148713552ec127039892b5b0dd95f2b8780796,Cc1cc(F)cc2c(=O)[nH]c(-c3ccc(C4CCNCC4)cc3)nc12,1,val
1676b8f92b66fbc3c1526f377e721c813f7dcff7,N#Cc1ccc(O[C@H]2CN(S(=O)(=O)c3ccc(Cl)cn3)C[C@@]2(O)CN)cc1F,0,test
b3e3a66dfcb87b5fd29acc0b0fb16b4197dd50a9,N#Cc1ccc(O[C@H]2CN(S(=O)(=O)c3ccc(Cl)cc3Cl)C[C@@]2(O)CN)cc1F,1,test
96f01b7866b1b579b25f67a1aa720bae4e0d7462,C[C@H]1SC(=N)N[C@](C)(c2cc(NC(=O)c3cnc(OCF)cn3)ccc2F)[C@H]1F,1,train
fbf4cf15614ff9c8a5c390b914db0478171e6573,O=C(Nc1ccc(Oc2ccc(F)cc2)cc1)N1CCc2ncccc2[C@@H]1c1ccc(Cl)cc1,1,train
64b9ba92d4af844aaa10141b7b464b1dac988c21,O=C(Nc1cnc(Oc2ccc(F)cc2)nc1)N1CCc2ncccc2[C@@H]1c1ccc(F)cc1,0,val
659c8f75637b81c5f04c9adb83204709a814d89d,Cc1cnc(Nc2ccc(N3CCC(N(C)CCO)CC3)c(F)c2)nc1-c1cnn(C(C)C)c1,0,train
41bcd5e7668585ad8b5ac8d342b91a6c66ab44c0,Cc1cnc(Nc2ccnn2C)nc1-c1cn2c(n1)C(=O)N(Cc1ccc(F)c(F)c1)CC2,0,train
b06ca76bca37d41914535a4aac4812b00537b487,COC[C@H]1Cn2cc(-c3nc(Nc4ccnn4C)ncc3C)cc2C(=O)N1Cc1cccc(C)n1,0,val
12057f8ba712e9681b90c137c727b3ca109fd499,Cc1cnc(Nc2ccnn2C)nc1-c1cn2c(n1)C(=O)N(Cc1ccc(F)c(F)c1)[C@@H](C)C2,0,train
b67fef32c048b730e898963df6184d4bd296f4a0,COC[C@H]1Cn2cc(-c3nc(Nc4ccnn4C)ncc3C)nc2C(=O)N1Cc1ccc(F)c(F)c1,0,train
420190a31c9638dcd94528b362abc7a9460da279,C[S+]([O-])c1ccc(-c2ccc3ncc(-c4ccc(S(C)(=O)=O)cc4)n3n2)cc1,0,train
054926f60ef02adab33fa948b40546e9f0f229e4,CCN(CC)Cc1cc(-c2ccc3ncc(-c4ccc([S+](C)[O-])cc4)n3n2)ccc1F,1,train
c440ccd4f47556145d18b8229eb66ed25031100e,CCN(CC)Cc1ccc(-c2ccc3ncc(-c4ccc(S(C)(=O)=O)cc4)n3n2)cc1F,1,train
5c31dc7ef0dc9902e107a94c2158d6de17a2f056,C[S+]([O-])c1cccc(-c2ccc3ncc(-c4cccc([S+](C)[O-])c4)n3n2)c1,1,train
d55d8f4b6b1350649d6ae3d6c7127acd79f8a81c,C[S+]([O-])c1ccc(-c2cnc3ccc(Nc4cccc(S(C)(=O)=O)c4)nn23)cc1,1,train
15bc52c2f37b22ad22cd1dfd423d559c281dda3f,C[S+]([O-])c1ccc(-c2cnc3ccc(Nc4cccc([S+](C)[O-])c4)nn23)cc1,0,train
774bc2e817a41b3205b509bfc09cb47a5f088e1b,C[S+]([O-])c1ccc(Nc2ccc3ncc(-c4ccc([S+](C)[O-])cc4)n3n2)cc1,0,train
6030548e5fc059a9b74c6abbabcd79a4f5781ac8,C[S+]([O-])c1ccc(-c2cnc3ccc(Nc4ccc(S(C)(=O)=O)cc4)nn23)cc1,0,train
fdcc5f45d363c02e4ec7c2f1fafeed970383e302,C[S+]([O-])c1ccc(-c2cnc3ccc(Nc4cnccn4)nn23)cc1,1,val
63a56f83b0ab69347e03a20bb61582c03fc6c8f9,C[S+]([O-])c1ccc(-c2cnc3ccc(NC4CCS(=O)(=O)CC4)nn23)cc1,0,train
0575273f1dbfa6ce28cbceede77806460a1ab5fb,C[S+]([O-])c1ccc(-c2cnc3ccc(NC4CCN(S(C)(=O)=O)CC4)nn23)cc1,0,val
d7a14fd662cfcb957b1b704a4b780c7e285639d6,CCN(CC)Cc1cc(Nc2ccc3ncc(-c4ccc([S+](C)[O-])cc4)n3n2)ccc1O,1,train
34f5e45f6cc9eeb783e1e4919f0885574008db3a,CS(=O)(=O)c1cccc(-c2ccc3ncc(-c4cccc(S(C)(=O)=O)c4)n3n2)c1,1,train
a9ccb12f7738bbfb86d8448e93c4d2189c48e6f9,CS(=O)(=O)c1ccc(-c2ccc3ncc(-c4cccc(S(C)(=O)=O)c4)n3n2)cc1,1,train
aa1764d08ad335e1fc121248312fbb0984a8fa3c,C[S+]([O-])c1ccc(-c2ccc3ncc(-c4cccc([S+](C)[O-])c4)n3n2)cc1,0,train
ec15f3044b3316e22b5a203817bd7d8dfbde2c6d,O=C(CCc1ccc(-n2nnc3cccnc32)cc1)N(c1ncccc1Cl)[C@@H]1CCCNC1,0,val
09662151522ea6a5711df10d37bcbf87e53da45e,Cc1cnc2c(c1)nnn2-c1ccc(CCC(=O)N(c2ncccc2Cl)[C@@H]2CCCNC2)nc1,1,test
175af3c7a619a6aa02298eb351c8ea0e502fc4b2,O=C(N1CCC(c2ccccc2)CC1)N(c1nccc2ccccc12)[C@@H]1CCCNC1,1,train
7057fd6e5aa71b3331cd8ad9a8c6683a1deb357c,O=C(N1CCC(c2ccccc2)CC1)N(c1ncccc1Cl)[C@@H]1CCCNC1,0,train
e34c9a34a34f48f5c9970bf342e63bae642d9e2c,Cc1nccnc1N(C(=O)N1CCC(c2ccccc2)CC1)[C@@H]1CCCNC1,0,test
49f8d48fbb23c4e9f964b0a2b7c37954f4385a9f,Cn1ccc2ccnc(N(C(=O)N3CCC(c4ccccc4)CC3)[C@@H]3CCCNC3)c21,1,test
712d0a265618a6fcaf3c45f092dbf49bf658e588,Cc1cccnc1N(C(=O)N1CCC(c2ccccc2F)CC1)[C@@H]1CCCNC1,1,train
0fe2c1a3142f25e95322831a17ed55ca29104fe2,O=C(N1CCN(c2ccccc2)CC1)N(c1nccc2ccccc12)[C@@H]1CCCNC1,1,test
e993534635638a4a9214443e6edec004d2e7cab1,Cc1ccc2c(N3CCN(C(=O)N(c4nccc5ccccc45)[C@@H]4CCCNC4)CC3)noc2c1,1,val
7b95d660d4e3971108731258b4c3a5f5558226e6,O=[N+]([O-])c1ccc2c(c1)ncn2Cc1ccc(O)c2ncccc12,0,train
f166f9568de61326edabb45185a68b1b7ab7669c,Oc1ccc(Cn2c(-c3cscn3)nc3ccccc32)c2cccnc12,0,test
77bd76d3582e4ec8e27667ea5e4297092050e9fe,CC(C)(C)c1ccc2[nH]c(C(C)(C)N)nc2c1,0,train
57771609edc6d94a4d6fd26781c563eebf7dc333,CCCCc1nc(C(C)C)c(CC(=O)OCC)c(=O)n1Cc1ccc(-c2ccccc2-c2nc(=O)o[nH]2)cc1,1,test
a259ff9efca85995ccd906e4095971a6072efd32,CS(=O)(=O)c1cc(CNC(=O)c2cncc3c2cnn3-c2ccc(F)cc2)ccn1,0,train
2f468ddf5af16fdca5231af95d06da86abc931f8,CS(=O)(=O)c1cc(C2(NC(=O)c3cncc4c3cnn4-c3ccc(F)cc3)CC2)ccn1,0,val
c835f940839fa6e49fb72aa618b4f0303f8e7e4b,O=C(c1ccc(-c2ccc(F)c(F)c2)o1)N1CCN(Cc2ccc(OC3CCNCC3)c(Cl)c2)CC1,1,train
6106230a1a96c319972379f2f929aa7356c66a65,CC1=C(c2cccc(O)c2)[C@H](c2ccc(OCCN3CC(CF)C3)cc2)Oc2ccc(O)cc21,1,val
703e11c2ad5320b1cd66baa085e26a3761671d9e,Nc1cc(F)c(S(=O)(=O)N2CCC(O)CC2)cc1C(=O)Nc1cc(F)c(F)c(F)c1,1,train
b553e0b8d3451b910cd8b0a00cd2dc8fa5fb6ec1,Cc1cc(-c2cnc3ccn(CC(=O)N4CCC4)c3c2)ccc1F,1,train
401c0c74a2ec8c8fd8d78c9ad882e0ded36c3117,Cc1cc(-c2cnc3ccn(CC(=O)N4CC(F)C4)c3c2)ccc1F,1,train
caea172ca256736ae5f08090d22ba1cb3130ccc2,Cc1cc(-c2cnc3ccn(CC(=O)N(C)C)c3c2)ccc1F,1,val
221cc0a360215c611ca95dd635a9e9972fd247f6,Cc1cc(-c2cnc3ccn(Cc4ccccn4)c3c2)ccc1F,1,test
aaad466a9d3c4923b89398d1c2af0a381a54b784,Cc1cc(-c2cnc3ccn(Cc4ncco4)c3c2)ccc1F,1,train
957bef16977ac67d47631839a423ca252b88170d,Cc1cc(-c2cnc3ccn(CC4CCOC4)c3c2)ccc1F,1,val
b1b258b6479670f80681c80352c7dd6fd1b1c7cc,Cc1cc(-c2cnc3ccn(CC4CCC4)c3c2)ccc1F,1,train
6e1f3df87ec7a7f6e32a4fdbce2e02904b75863c,O=C(Cn1ccc2ncc(-c3cccc(C(F)(F)F)c3)cc21)N1CCC1,1,train
330d92c2e3654f482e32adce68098fa5c3f62049,O=C(Cn1ccc2ncc(-c3cccc(C(F)(F)F)c3)cc21)NC1CC1,1,train
ceca3634cbfe66a257479857d448466740c81a5f,CN1CCOc2c1cnn1c(-c3ccc4cccc(NCC5(F)CCNCC5)c4n3)nnc21,0,train
44b101470c5970cc4d127d9741ab5a2306ccca6f,CN1CCOc2c1cnn1c(-c3ccc4ccc(Cl)c(NCC5(F)CCNCC5)c4n3)nnc21,1,train
f4187e7c1543219013f5c0b3de8451989a4d08dd,CN1CCOc2c1cnn1c(-c3ccc4ccnc(NC5CCCCC5)c4c3)nnc21,1,test
3afb15d4b8ceec3b0bece40b3b7ca50bb5d8a3df,CN1CCOc2c1cnn1c(-c3ccc4cccc(NC5CCCCC5)c4c3)nnc21,1,val
04fc12ce1f47e5eb29eb8c66a370d36ed0bd3eaa,Cc1sc(-c2ccccc2Cl)cc1C(=O)N[C@@H](CN)c1ccccc1,1,train
770e5997e392e5bdf9059574872308fc240aefd2,NC[C@H](Oc1noc2ccc(-c3ccccc3Cl)cc12)c1ccccc1,0,train
511cb9d79dbdf29c9120ffe92703844f1eb491b9,NC[C@H](Oc1noc2ccc(-c3ccccc3Cl)nc12)c1ccccc1,1,val
0f93ac8889c6318c6e4025a5dc0fc953de05f94f,N=C(N)NC[C@H](Oc1noc2ccc(-c3ccccc3Cl)cc12)c1ccccc1,1,train
93ed336de763ab127c3af4ce9069c9f1731c8a4d,C[C@H]1C[C@H]2CSC(=N)N[C@@]2(c2ncc(NC(=O)c3ccc(OC(F)F)cn3)s2)CO1,0,test
918733b34421f790cf4b90f2fdf279132283638f,C[C@H]1C[C@H]2CSC(=N)N[C@@]2(c2cc(NC(=O)c3ccc(OC(F)F)cn3)ccc2F)CO1,1,train
b968d56ad3a7bfd1ed53d30b9aa7429311ecc3b1,C#CCOc1cnc(C(=O)Nc2cc(F)c(F)c([C@@]3(C)N=C(N)S[C@@]4(COC)C[C@H]43)c2)cn1,1,val
28a3d4435b2b5d7bde7f45d69c987a4d426d9f73,COc1cc(NC(=O)C2CCCCC2C(=O)c2ccc(-c3cc[nH]n3)cc2)ncn1,0,train
dd13a5b73f80519abf660b1b30bf8688243ae7de,CCn1cnc2c(-c3ccc(F)c(-c4ccc(S(=O)(=O)CC)cc4OC)c3)cnnc21,0,test
79228017dcae5522197b96e5b7513e034ce8ce93,CNCc1ccc(-c2cc(-c3nc(-c4ccc(S(=O)(=O)C(C)C)cc4)cnc3N)on2)cc1,1,train
57685e9607dffd3f9159e03d84a6f8fd2d19c6e2,O=S1(=O)CCCN1CCNc1nonc1C(=NO)Nc1ccc(F)c(Br)c1,0,val
52ec7ab46a44058163125df0376cb89c5d007062,O=C1OCCN1CCNc1nonc1C(=NO)Nc1ccc(F)c(Br)c1,0,val
8746acfe2da6f63ef938e3b9622a29abbafdcf97,COCCN1CCN(CCNc2nonc2C(=NO)Nc2ccc(F)c(Br)c2)S1(=O)=O,0,test
77b8da4e50f6973c2760c385feaaf0a666c4a221,Cc1ccc2c(c1)nc(CCN1C(=O)c3cccc4cccc(c34)C1=O)n2-c1ccncc1,1,test
65edbe5270f3928760706c4bfb778d185b7945f4,CC1OC2(CCN(CCc3ccccc3)CC2)CN(c2ccccc2)C1=O,1,train
89ec2ceaafaa961949f93915ee7012eef72dff66,CCC1OC2(CCN(CCc3ccccc3)CC2)CN(c2ccccc2)C1=O,1,train
3c54b9e1736130f04193aff63f505d7249793817,CC(C)C1OC2(CCN(CCc3ccccc3)CC2)CN(c2ccccc2)C1=O,1,train
2aa1b08ad79aa9cef6a78c365f8dc056e7d01568,COCC1OC2(CCN(CCc3ccccc3)CC2)CN(c2ccccc2)C1=O,1,train
15dcde3fc6024d51728fb3a2cbdd6c5fb37d0312,O=C1C(CO)OC2(CCN(CCc3ccccc3)CC2)CN1c1ccccc1,1,train
58c8debfbbafccaa81816aba2c386f365a3e8e8c,O=C1C(COCc2ccccc2)OC2(CCN(CCc3ccccc3)CC2)CN1c1ccccc1,1,train
4b4dc8a217db0888543f7ffcd1978550503cab49,COC(=O)CC1OC2(CCN(CCc3ccccc3)CC2)CN(c2ccccc2)C1=O,1,train
88f8209b16f575d115f0f48e156ccc4978f0aa65,CC1(C)OC2(CCN(CCc3ccccc3)CC2)CN(c2ccccc2)C1=O,1,train
fb78c0e60bf232ecf64e199d7a0e03371725d51c,O=C1N(c2ccccc2)CC2(CCN(CCc3ccccc3)CC2)OC12CC2,1,train
08948915a46df08cf2b5e4319d5868321bb5a880,CC1OC2(CCN(CCc3ccccc3)CC2)CN(c2ccccc2Cl)C1=O,1,train
1ab1145d35d158f545f0c8b6253e1a8d5199f485,CC1OC2(CCN(CCc3ccccc3)CC2)CN(c2ccccc2F)C1=O,1,train
6d7ff262b9dad6d5bad817e8b7686d74675f519e,COc1cccc(N2CC3(CCN(CCc4ccccc4)CC3)OC(C)C2=O)c1,1,train
b40d61fa87549eb81711ad5af2b2ea72c2e8ee99,CC1OC2(CCN(CCc3ccccc3)CC2)CN(c2cnccn2)C1=O,1,val
252acf570c8232ddd8f5c1853cb6c120abcbbe5e,CC1OC2(CCN(CCc3ccccc3)CC2)CN(c2ncccc2F)C1=O,1,train
e7de369e02d1b055407aec4297e3b977df36c0ac,CC1OC2(CCN(CCc3ccccc3)CC2)CN(c2ncccc2C(F)(F)F)C1=O,1,train
268c2dead07f9f841f4ab630624fd52bff86a229,CC1OC2(CCN(CCc3ccccc3)CC2)CN(c2cncc(F)c2)C1=O,1,train
52e682b55a6df21b8cdd5e55fe735eb4f3cc6b2c,CC1OC2(CCN(CCc3ccccc3)CC2)CN(c2cnccc2C(F)(F)F)C1=O,1,train
df796c91d43b2e810f59f6f72f1eab7e710f7830,CC1OC2(CCN(CCc3ccccc3)CC2)CN(c2cccnc2C(F)(F)F)C1=O,1,train
416847feaef71b53174d4ed379413b0e55acb31a,CC1OC2(CCN(CCc3ccccc3)CC2)CN(c2cncc(C(F)(F)F)c2)C1=O,1,train
a408893a9cefd2484f81cdc1a75d3da794628fdc,CC1OC2(CCN(CCc3ccccc3F)CC2)CN(c2ccccc2)C1=O,1,train
67d30977126886c365487956b0a34ffaa31bd29e,CC1OC2(CCN(CCc3cccc(F)c3)CC2)CN(c2ccccc2)C1=O,1,train
3a75c463b781ee7a34f206046930de2df782085a,CC1OC2(CCN(CCc3ccc(F)cc3)CC2)CN(c2ccccc2)C1=O,1,train
09f3abf429bfa8a7fbaea010bb80056b683cf702,CC1OC2(CCN(CCc3cccc(C#N)c3)CC2)CN(c2ccccc2)C1=O,1,train
4fb24e189f408406336d2dc383b2b52a11ea01c1,CC1OC2(CCN(CCc3ccccn3)CC2)CN(c2ccccc2)C1=O,1,val
31ca57225fd6cfbe07e76064ae23696a85756be5,CC1OC2(CCN(CCc3ccccc3F)CC2)CN(c2cnccc2C(F)(F)F)C1=O,1,train
835f8bd62002d16bce927adcc1e97b0e2300fd44,CC1OC2(CCN(CCc3ccccc3F)CC2)CN(c2ncccc2C(F)(F)F)C1=O,1,train
c8375381eb92746d1708915d1e0d91a5889648d8,C=CC(=O)N1CCC[C@H]1COc1c(N)ncnc1-c1cc(F)cc(NC(=O)c2ccc(C3CC3)cc2F)c1C,1,test
ec09fc1ad91632e22dcfd65bfb82986f5d6815c1,C=CC(=O)N(C)CCOc1c(N)ncnc1-c1cc(F)cc(NC(=O)c2ccc(C3CC3)cc2F)c1C,1,train
0dbfeb665f67691ea6e70183ce5f04b093847aa0,CCC(=O)N(C)CCOc1c(N)ncnc1-c1cc(F)cc(NC(=O)c2ccc(C3CC3)cc2F)c1C,1,train
b8ac03923596bc96f1472305610a5b855590e99e,Cc1cc(/C=C/C#N)cc(C)c1Oc1nc(NC2CCN(Cc3ccc(S(N)(=O)=O)cc3)CC2)nc2sccc12,1,test
712ce71e1e901a91b71713f3541ef6c3cf44a084,Cc1cc(C=CC#N)cc(C)c1Nc1ccnc(Nc2ccc(C#N)cc2)n1,1,test
50bddbc3e1ca72095abddf345253e1f0f42453e4,Cc1cc(C#N)cc(C)c1Oc1nc(NC2CCN(Cc3ccc(S(N)(=O)=O)cc3)CC2)nc2ccsc12,1,train
9549af27530f5a774dc84e88f82ec89759420f45,CC(C)(C)c1cc(NC(=O)Cc2ccc(-n3cnc4cc(-c5ccc(S(C)(=O)=O)cc5)ccc43)cc2)no1,1,train
40d059055525be786ff41ffcd67fc59a5dc7de44,COc1nc(N[C@@H](C)c2cc3cc(Cl)ccc3[nH]c2=O)ncc1C#N,1,train
84fc696d87f06455a89a3cdf735d74acc1906893,CON=C1CCC(CN2CCN(c3nc(=O)c4cc(C(F)(F)F)cc([N+](=O)[O-])c4s3)CC2)CC1,0,train
60936a04b19202507c7ad7f0e8608e30fbf7fc9a,CCON=C1CCC(CN2CCN(c3nc(=O)c4cc(C(F)(F)F)cc([N+](=O)[O-])c4s3)CC2)CC1,0,train
4de8d2fe0d8131725dc65b81542e13ac63e0d819,O=C(CC(O)(C(F)(F)F)C(F)(F)F)N[C@@](Cc1ccccc1)(c1cc(F)cc(C(F)(F)F)c1)c1ccc(Cl)cn1,0,test
c143461216ee163de723d3ffe36ca7d1d28db8e7,CNC(C(=O)N[C@](Cc1ccccc1)(c1ccc(F)cc1)c1cc(F)cc(C(F)(F)F)c1)C(O)(C(F)(F)F)C(F)(F)F,0,train
65d6d60bff4d2741dd7dfb602620d8f9bfda716f,CC(C)NC(C(=O)N[C@](Cc1ccccc1)(c1ccc(F)cc1)c1cc(F)cc(C(F)(F)F)c1)C(O)(C(F)(F)F)C(F)(F)F,0,train
8e79215217f93dba9cd35e7ea3f85214e6d4568f,CN(C)C(C(=O)N[C@](Cc1ccccc1)(c1ccc(F)cc1)c1cc(F)cc(C(F)(F)F)c1)C(O)(C(F)(F)F)C(F)(F)F,0,train
75c32cb35df001b86964436de973e4d2ce76f8c5,CC(C)Oc1cc([C@@](Cc2ccccc2)(NC(=O)C(N)C(O)(C(F)(F)F)C(F)(F)F)c2cc(F)cc(OC(F)(F)C(F)F)c2)ccc1F,0,train
447838c3eb007a4f2be93d62960b93fd802b042a,CC(C)Oc1cc([C@@](Cc2ccccc2)(NC(=O)C(O)C(O)(C(F)(F)F)C(F)(F)F)c2cc(F)cc(OC(F)(F)C(F)F)c2)ccc1F,0,train
a005cf30f490dd081e43103ef2e9dfb21c363494,CC(C)Oc1cc([C@@](Cc2ccccc2)(NCC(O)C(O)(C(F)(F)F)C(F)(F)F)c2cc(F)cc(OC(F)(F)C(F)F)c2)ccc1F,0,train
3f3d7d8f770e12523902925f4f7c283c99338c16,CCOCc1nnc(N2C[C@@H]3C[C@]3(c3ccc(F)cc3Cl)C2)n1-c1ccc(OC)nc1,1,train
c61a106f62e2d64f52dc2939c27eb67395d3d124,COCc1nnc(N2C[C@@H]3C[C@]3(c3ccc(F)cc3Cl)C2)n1-c1ccc(OC)nc1,0,train
4404379cca63bda15d80cc8be4f2d80ea2ae2757,COc1ccccc1-c1[nH]nc2nc(N[C@H]3CC[C@H](NS(=O)(=O)CCC(F)(F)F)CC3)nc(OC)c12,0,train
f50e9ee0d0250368fc04b69cd518b088c42d9971,Cc1cc(C#N)cc(C)c1Oc1nc(NC2CCN(Cc3ccc(C(N)=O)cc3)CC2)nc2c1COC2,1,val
985c00549acb7ddc36f36d32daace9544af38143,CC(C)(O)c1cccc(-c2ccc3nc(-c4ccc(Cl)cc4)cn3c2)c1,1,train
8763d992c186c4137fb77bc912644e95b1d60e52,COCCN1CCN(c2ccc(OCc3ccccc3)c(C(=O)Nc3ccnnc3)c2)CC1,1,train
b844a8848267029bdc35485b34db0712d9449e46,COCCC#Cc1c(Cl)c2c(Cl)cc(C(N)=O)nc2n1[C@H]1CCCNC1,1,train
9e7c0a8f8bf5b392df5cdaaa13d3805f119e4a2f,COCC(C)(C)C#Cc1c(Cl)c2c(Cl)cc(C(N)=O)nc2n1[C@H]1CCCNC1,1,train
9e3335c89c3d023d04de746397a68e32413029b7,COC(C)(C)CC#Cc1c(Cl)c2c(Cl)cc(C(N)=O)nc2n1[C@H]1CCCNC1,1,train
8ae1a3c31dec71432854e5b20c2e4871c73f30e7,NC(=O)c1cc(Cl)c2c(Cl)c(C#CC3CCCO3)n([C@H]3CCCNC3)c2n1,1,val
eed3e48724b3d7b5febd0ae916990c5480bd062d,NC(=O)c1cc(Cl)c2c(Cl)c(C#CC3CCOCC3)n([C@H]3CCCNC3)c2n1,1,val
3b5441f507803e878345b610482fe6c878bd2d56,NC(=O)c1cc(Cl)c2c(Cl)c(C#CC3COCCO3)n([C@H]3CCCNC3)c2n1,1,train
2eafcd4037630c9856db6559076d0de291d8b05b,CC1(C#Cc2c(Cl)c3c(Cl)cc(C(N)=O)nc3n2[C@H]2CCCNC2)COC1,1,test
8cf6e4776921c6eb29af81c7a8fff24810d1269e,CC1(CC#Cc2c(Cl)c3c(Cl)cc(C(N)=O)nc3n2[C@H]2CCCNC2)COC1,1,val
10d57ac9287d5eb79de20d882922a27837ca8b95,CC(C)(C#N)CC#Cc1c(Cl)c2c(Cl)cc(C(N)=O)nc2n1[C@H]1CCCNC1,1,train
c0f9ecd72a0b12318c8a5e2cd759608181afffbe,NC(=O)c1cc(Cl)c2c(Cl)c(C#CC3CNCCO3)n([C@H]3CCCNC3)c2n1,1,train
f6225f0e90c3490c07d235c5e3361c1ed6e52dd7,COc1cc(F)cc2c1nnc1c2c(-c2ccncc2C)nn1C,0,test
79d9e7d78e0ed808317499103dc34931346f58d2,C=CC(=O)Nc1cccc(Nc2ncnc(N)c2-c2ccc(Oc3ccccc3)cc2)c1,1,val
766ee3bd5e1446ddaed59c68fddaef57d235fcc3,C=CC(=O)N[C@@H]1CCC[C@H](Nc2ncnc(N)c2-c2ccc(Oc3ccccc3)cc2)C1,1,train
f0bf5a473cee4908c90deb418139fbb6eaf6208a,C=CC(=O)NC12CCC(Nc3ncnc(N)c3-c3ccc(Oc4ccccc4)cc3)(C1)C2,1,train
7900650c6652a2b34b0566d43e5897aa2b0dfc05,C=CC(=O)N1CC2(CC(Nc3ncnc(N)c3-c3ccc(Oc4ccccc4)cc3)C2)C1,1,test
4283223ed6bf97278b8f689b61be79905fbbd3dd,C=CC(=O)N1CCC(CNc2ncnc(N)c2-c2ccc(Oc3ccccc3)cc2)CC1,1,val
13e4507a4663849deb71f6d4299479e97308a66f,CNC(=O)c1cnc(Nc2ccc(C#N)cn2)cc1Nc1cccc(-c2ncn(C)n2)c1OC,1,train
0ea4362e6ef07355b8713693cd4cecf74871850e,CNC(=O)c1cnc(Nc2ccc(C(F)(F)F)cn2)cc1Nc1cccc(-c2ncn(C)n2)c1OC,0,train
ddf8a86bfd99bf3b8bf306e8eb1b8819ebbcaf2b,CNC(=O)c1cnc(Nc2cc(C)c(F)cn2)cc1Nc1cccc(-c2ncn(C)n2)c1OC,0,train
fff28ac4c60ff2b484b96c5baa5001dbe7dfc7c8,C[C@H](c1ccnc(Nc2nc3cc(-c4cc(N(C)C)ncn4)ccc3[nH]2)c1)N1CCN(C(=O)CC(F)(F)F)CC1,1,train
d383a3e398841f25d77648af2c856f2b153a0f1f,CCCCCOc1cccc(CCNCC(=O)N(C)C)c1,1,train
aa7024243e7e60b6c2a737304290784f71333072,CN(C)C(=O)CNCCc1cccc(OCCCC(F)(F)CF)c1,0,train
a2f2a34dcfb6075908a80dd583e63ab3bc33260e,CN(C)C(=O)CNCCc1cccc(OCCCC(C)(F)F)c1,1,train
9193133d63aa0f22f5ceb541ccaf54558203a15c,CN(C)C(=O)CNCCc1cccc(OCCCCC(F)(F)F)c1,1,train
1426e77927050349a5a6c87f46c73da1a6e88cfd,CN(C)C(=O)CNCCc1cccc(OCCCC(F)(F)F)c1,0,train
2ca30f2b4401eaeee10df7cdab559d216ad8062f,CCCCOc1cccc(CCNCC(=O)N(C)C)c1,1,train
00613c9422dfb808d8263f3be922c68cdaa16b53,Cc1cc(/C=C/C#N)cc(C)c1Oc1nc(Nc2ccc(C#N)cc2F)nc2sccc12,1,val
f8dffc95bd3858fe0e96d93ed8ff7a488e1d9f03,CCc1nc(C)cn2nc(-c3cc(=O)n4cc(C5CCN(C)CC5)cc(C)c4n3)cc12,1,val
f675f45b4fe828244f93d7ef60ce617daa5d6dc3,O=C(NNC(=S)Nc1ccc(Cl)c(Cl)c1)c1ccccc1O,1,val
e98db313777e464ae5bdb5bb85cac420a55086e7,COc1ccc(Oc2nc(Nc3ccc(N4CCOCC4)nc3)ncc2NC(=O)c2cc(OC)cc(OC)c2)cc1,0,test
6f31e3d222e28068dd790112dcdc5dba836e453e,CC1(c2ccc(C#N)cc2)NC(=O)N(CC(=O)c2ccc(F)cc2F)C1=O,0,train
ef5eae61d559518070a3fd347f65cfda89bee115,CC1(c2ccc(OC(F)F)cc2)NC(=O)N(CC(=O)c2ccc(F)cc2F)C1=O,1,train
9f037e4f0991706301be5beed093330018e7ffb4,CC1(c2ccc(-n3cnnn3)cc2)NC(=O)N(CC(=O)c2ccc(F)cc2F)C1=O,1,test
82cd84240405dd18cd4c13b201793c00304a1903,CC1(c2ccc(NS(C)(=O)=O)cc2)NC(=O)N(CC(=O)c2ccc(F)cc2F)C1=O,0,train
e8cd3bae349be14c4cded5853a54451194089ebe,N#Cc1ccc(S(=O)(=O)N2C[C@H](S(=O)(=O)c3ccc(Cl)cc3)[C@](O)(CN)C2)c(Cl)c1,1,train
e1d1a7c6afc023ce24a0681ec17f955541f8b7ea,N#Cc1ccc(S(=O)(=O)N2C[C@H](S(=O)(=O)c3ccc(Cl)cn3)[C@](O)(CN)C2)c(Cl)c1,1,train
dc1cbb6b7671bdb6af4daade6982dbc5af7205c6,N#Cc1ccc(S(=O)(=O)N2C[C@H](S(=O)(=O)c3ccc(Cl)cn3)[C@@](O)(CN)C2)c(Cl)c1,1,train
70f9bf2483591453d2e2f6398ffa2df4d72bfa70,CCC#CC[C@H](C)[C@H](O)/C=C/[C@H]1CCC(=O)N1CCCCCCC(=O)O,0,train
4775054683a3034be850e686c0812e44ec2dd82f,CCC#CC[C@H](C)[C@H](O)/C=C/[C@H]1CC(F)(F)C(=O)N1CCCCCCC(=O)O,0,train
a957dfefd2b77b5f20a683a91a7a62e190840a84,COC(=O)c1ccc(COc2ccc3nc(N)sc3c2)cc1,1,train
2f4c02c48aa6689373db7115cece191f922fb3aa,Nc1nc2ccc(SC(F)(F)F)cc2s1,1,train
f6a7ab1096a12fd32e98d85591aabfb2535201b1,COc1c(C#N)ccc2[nH]c(-c3cn4c(n3)[C@H](c3cccc(F)c3C)OCC4)cc12,1,train
236f62f6d34a58afc9752fab0695a42dc2d63c84,CNC(=O)c1c(-c2ccc(F)cc2)oc2cc(N(c3ccc(B(O)O)c(Cl)c3)S(C)(=O)=O)c(C3CC3)cc12,1,val
09aa8ace176355ef71f9889bf62155def1fa25bd,CNC(=O)c1c(-c2ccc(F)cc2)oc2cc(N(c3cc(Cl)c4c(c3)COB4O)S(C)(=O)=O)c(C3CC3)cc12,0,val
72764c07b59081382d442a186facdadf29e31a23,Cc1ccc(CNC(=O)C2CNC[C@H]2c2ccc(C(F)(F)F)cc2)cc1,1,train
0efb171a77124a13dc9c62604493975ba03a481b,CN(C)c1ccc(CNC(=O)C2CNC[C@@H]2c2ccc(C(F)(F)F)cc2)cc1,1,train
efe873e044e5600ebfd4086d5a04e1c9fdbd413d,CCN(CC)c1ccc(CNC(=O)C2CNC[C@H]2c2ccc(C(F)(F)F)cc2)cc1,1,train
211998b7ba3997c386c8c6e8861eee36eca313dc,CN(C)c1ccc(CNC(=O)C2CNC[C@H]2c2ccc(C(F)(F)F)c(F)c2)cc1,1,train
9d949605a403946fb2715eadc9211183014f9db0,CN(C)c1ccc(CNC(=O)C2CNC[C@H]2c2ccc(C(F)(F)F)c(Cl)c2)cc1,1,train
c77a95d080c3363070c5cbc7ae039e848a77be1d,CN(C)c1ccc(CNC(=O)C2CNC[C@H]2c2ccc(Oc3ccccc3)cc2)cc1,1,test
f72a90fef2052df331ef7cb006a2e0812f640552,CN(C)c1ccc(CNC(=O)C2CNC[C@@H]2c2ccc(C(F)(F)F)nc2)cc1,0,test
d93848e3b96e59ba05db2136855e00b8ad36681e,C[C@H](NC(=O)C1CNC[C@@H]1c1ccc(C(F)(F)F)cc1)c1ccc(N(C)C)cc1,0,train
aded3387af0d7fc92ec9e7da94d628243f7b4536,FC(F)(F)c1ccc2[nH]c(-c3ccc(-c4ccccc4)cc3)nc2c1,1,train
ffe8fb86e2a9047700e7a5740198099e05c5fd6e,FC(F)(F)c1ccc2[nH]c(-c3ccc(-c4cccnc4)cc3)nc2c1,1,val
9be61882e3853517aca0f5671fdad2ecf6105089,O=c1ccc(-c2ccc(-c3nc4cc(C(F)(F)F)ccc4[nH]3)cc2)c[nH]1,1,train
c112a8b8113b99c8e4a80b288be5af17ca6e082e,N#Cc1ccc(-c2ccc(-c3nc4cc(C(F)(F)F)ccc4[nH]3)cc2)cc1,1,train
d269ae3ac995d92a5550a1e60ee6913a9aef68da,Oc1ccc(-c2ccc(-c3nc4cc(C(F)(F)F)ccc4[nH]3)cc2)cc1,1,train
6db07f5305e321e03eb1fb4b23cc462f5250cb3d,CN1CCN(c2ccc(-c3ccc(-c4nc5cc(C(F)(F)F)ccc5[nH]4)cc3)cc2)CC1,1,val
9d4a0884dd6e68ef1d1b4f739ecdbd1f3a755122,CN1CCN(c2ccc(-c3ccc(-c4nc5cc(C(F)(F)F)ccc5[nH]4)cc3)cn2)CC1,1,test
941897ae060145738f3511d906bd0d78fb68b005,FC(F)(F)c1ccc2[nH]c(-c3ccc(-c4ccc(N5CCOCC5)nc4)cc3)nc2c1,0,val
b0d6aa020a027ef88f889e2a841fbeb00eaec40a,CC1(C(=O)O)CCN(c2ccc(-c3ccc(-c4nc5cc(Cl)ccc5[nH]4)cn3)cn2)CC1,1,train
e74ddb95953728e3e4444a23679394ca601bcbba,O=C(O)C1(CNc2ccc(-c3ccc(-c4nc5cc(Cl)ccc5[nH]4)cn3)cn2)CC1,0,test
3677bb83df6c0e2036cc2ef32d288ae5890b0481,O=C(O)C1CCCCC1Nc1ccc(-c2ccc(-c3nc4cc(Cl)ccc4[nH]3)cn2)cn1,1,train
1c44b407b2e5057407d9558192986a796ea6e740,CC1(C)CN(c2ccc(-c3ccc(-c4nc5cc(Cl)ccc5[nH]4)cn3)cn2)CCC1CC(=O)O,1,train
9b22b3e331d9e7d971eb707ac331490cbef47477,CC1(C(=O)O)CCCN(c2ccc(-c3ccc(-c4nc5cc(Cl)ccc5[nH]4)cn3)cn2)C1,1,train
46410300121223723e32c0b536ae430cad3af3ef,O=C(O)C1CCC(Nc2ccc(-c3ccc(-c4nc5cc(Cl)ccc5[nH]4)cn3)cn2)CC1,1,train
083999fe12ff01d3caa88b508ee894ac526b32e8,O=C(O)c1ccc(CNc2ccc(-c3ccc(-c4nc5cc(Cl)ccc5[nH]4)cn3)cn2)cc1,0,train
cc76050796896f179aa2408b9d3093d708c8c0c6,O=C(O)CC1CCN(c2ccc(-c3ccc(-c4nc5cc(Cl)ccc5[nH]4)cn3)cn2)CC1,1,train
6ce9fbe28837b63839c07b2d8b4b96980b2a98b2,CC(C)(COc1ccc(-c2ccc(-c3nc4cc(Cl)ccc4[nH]3)cn2)cn1)C(=O)O,1,val
2ea2699ee439fa494071a5ee99414f197bcbaed4,O=C(O)c1ccc(Oc2ccc(-c3ccc(-c4nc5cc(Cl)ccc5[nH]4)cn3)cn2)cc1,1,test
e5bbac5f399ae92de58d577e98beee467b676109,O=C(O)C1CCC(Oc2ccc(-c3ccc(-c4nc5cc(Cl)ccc5[nH]4)cn3)cn2)CC1,1,train
bd4bbb617a2991ed4723037f45f713076dfdbd2e,O=C(O)C1(COc2ccc(-c3ccc(-c4nc5cc(Cl)ccc5[nH]4)cn3)cn2)CCC1,0,test
aab502669d918b65b2267fbae518b335613d61e4,O=C(O)C1(COc2ccc(-c3ccc(-c4nc5cc(Cl)ccc5[nH]4)cn3)cn2)CC1,0,train
07015804192b451bd1c8a44d879cf20c1f0d1cd3,O=C(O)C1CC(Oc2ccc(-c3ccc(-c4nc5cc(Cl)ccc5[nH]4)cn3)cn2)C1,0,val
c58b10ec7897783120a06015e2ef7f34bf06104f,O=C(O)C1CC1COc1ccc(-c2ccc(-c3nc4cc(Cl)ccc4[nH]3)cn2)cn1,0,train
880a85566c5abf193b3749abf2c96170ef396378,O=C(O)C1(COc2ccc(-c3ccc(-c4nc5cc(Cl)ccc5[nH]4)cn3)cn2)COC1,1,test
b09c016e8455157df36728bfb033ab335c15a7cc,O=C(O)C[C@H]1CC[C@@H](Oc2ccc(-c3ccc(-c4nc5cc(Cl)ccc5[nH]4)cn3)cn2)CC1,1,train
9b9aa6c46e7dc2d3399deff8eac07ccae4fdfe7d,O=C(O)C[C@H]1CC[C@@H](Oc2ccc(-c3ccc(-c4nc5cc(C(F)(F)F)ccc5[nH]4)cn3)cn2)CC1,1,train
0cb6b22d5b7461bb6724ab9d6d4996a4e3e3c64f,O=C(O)C[C@H]1CC[C@@H](Oc2ccc(-c3ccc(-c4nc5cc(F)c(F)cc5[nH]4)cn3)cn2)CC1,0,train
15ebd33df3e55c3b4ff980f385125c1af6f0857c,O=C(O)C[C@H]1CC[C@@H](Oc2ccc(-c3ccc(-c4nc5c(F)cc(F)cc5[nH]4)cn3)cn2)CC1,1,train
b806f3a703ab4433813a30fa04f3f867c2cd2ea5,O=C(O)C[C@H]1CC[C@@H](Oc2ccc(-c3ccc(-c4nc5cc(F)ccc5[nH]4)cn3)cn2)CC1,1,train
c977b87b91f32c436ebecbdb679efb17caa121fb,O=C(O)C[C@H]1CC[C@@H](Oc2ccc(-c3ccc(-c4nc5cc(Cl)cnc5[nH]4)cn3)cn2)CC1,1,train
1f3523217ebf082a9905a5d078e32cc954ad092d,N#Cc1ccc2[nH]c(-c3ccc(-c4ccc(O[C@H]5CC[C@@H](CC(=O)O)CC5)nc4)nc3)nc2c1,1,train
2efe1a30c43b8e8851419993819caf1c0ab9478f,O=C(O)C[C@H]1CC[C@@H](Oc2ccc(-c3ccc(-c4nc5ccccc5[nH]4)cn3)cn2)CC1,0,train
892d960d2fa7a21d6967cfd6bd44684019634f0f,O=C(O)C[C@H]1CC[C@@H](Oc2ccc(-c3ccc(-c4nc5cc(C(F)(F)F)cnc5[nH]4)cn3)cn2)CC1,0,train
0ca2c9dd312b7015f23355ac67f37d3d45ec340d,COc1ccc2[nH]c(-c3ccc(-c4ccc(O[C@H]5CC[C@@H](CC(=O)O)CC5)nc4)nc3)nc2n1,0,val
70383c5034a2b9b5a22b8b66daab0cdcb9a04f0e,O=C(O)C[C@H]1CC[C@H](OC2CCN(c3ccc(-c4nc5cc(C(F)(F)F)ccc5[nH]4)cn3)CC2)CC1,1,train
bea8f08dc862cbacc909d00f713b7de4498cd3c2,O=C(O)C[C@H]1CC[C@H](OC2CCN(c3ccc(-c4nc5cc(Cl)ccc5[nH]4)cn3)CC2)CC1,1,train
8a8c8f2db6326b9c300f55b1d81ce96df713f0fa,O=C(O)C[C@H]1CC[C@H](OC2CCN(c3ccc(-c4nc5c(F)cc(F)cc5[nH]4)cn3)CC2)CC1,1,train
a3c1a76934661648a33b89921ec9c076a85a29e8,O=C(O)C[C@H]1CC[C@H](OC2CCN(c3ccc(-c4nc5cc(F)c(F)cc5[nH]4)cn3)CC2)CC1,0,train
2734b5abdd05ac1481436f9a6e711656d430962e,O=C(O)C[C@H]1CC[C@H](OC2CCN(c3ccc(-c4nc5c(F)cccc5[nH]4)cn3)CC2)CC1,0,train
eda0a5a27092c39b1f6eb9f26bd911b9c64ba255,O=C(O)C[C@H]1CC[C@H](OC2CCN(c3ccc(-c4nc5ccccc5[nH]4)cn3)CC2)CC1,0,train
f0e7cb40819ed1dda95929de26b3c78a4f1f6d7a,O=C(O)C[C@H]1CC[C@H](OC2CCN(c3ccc(-c4nc5cc(C(F)(F)F)cnc5[nH]4)cn3)CC2)CC1,0,val
4dd4cd7b8282c2d87f9c2231505fdd3fbdd6dc34,N#Cc1ccc2[nH]c(-c3ccc(N4CCC(O[C@H]5CC[C@H](CC(=O)O)CC5)CC4)nc3)nc2c1,1,train
f0725d1a3b09137280a6082f6b4daf6344fe02cc,COc1ccc2[nH]c(-c3ccc(N4CCC(O[C@H]5CC[C@H](CC(=O)O)CC5)CC4)nc3)nc2n1,0,val
1cdf273e55dffea8e50a213a26478543ec2db7eb,CCCN(CCC)[C@H](c1ccccn1)[C@@H](c1ccccn1)N(CCC)CCC,1,train
9ce0483bef820458f0cd2819e743264e6b2bde71,CC(C)c1cc(C(=O)NC[C@H]2CCN(CCc3ccc(C(F)(F)F)cc3)C2)on1,1,train
0ffb0734393fffafc703360ff8f35e8c962c95d5,CC(C)c1cc(C(=O)NC[C@H]2CCN(CCc3ccc(Cl)c(Cl)c3)C2)on1,1,train
ea97d6debe83de9713ad76a9b5e6ff4fe0101d6a,CC(C)c1cc(C(=O)NC[C@H]2CCN(CCc3ccc(Cl)c(F)c3)C2)on1,1,train
018b68a31b06c434404cb45cd4cde758750a3d5e,CC(C)c1cc(C(=O)NC[C@H]2CCN(CCc3ccc(OC(F)(F)F)c(F)c3)C2)on1,1,train
c9df3a5d8d46323e27284343b7b28be6d0882567,Cc1ccc(CCN2CC[C@H](CNC(=O)c3cc(C(C)C)no3)C2)cc1C(F)(F)F,1,train
3e7a4aee92e7c3a6b1e1bd7e48b0d279c8a05629,COC(=O)C1=C(C)N=C(C)C(C(=O)NC[C@H]2CCN(CCc3ccc(C(F)(F)F)cc3)C2)C1c1cccc([N+](=O)[O-])c1,1,train
7c023192dd570ec9cf6983bf1fab3ba9bca339bd,COC(=O)C1=C(C)N=C(C)C(C(=O)NC[C@H]2CCN(CCc3ccc(Cl)c(Cl)c3)C2)C1c1cccc([N+](=O)[O-])c1,1,train
63b02566459fa5455ac2a19b1c53ea7dcc2b5aaa,COC(=O)C1=C(C)N=C(C)C(C(=O)NC[C@H]2CCN(CCc3ccc(C)c(C(F)(F)F)c3)C2)C1c1cccc([N+](=O)[O-])c1,1,train
9437c98a1a56d1797481f0ea7fc3fccf52cf97bb,COC(=O)C1=C(C)N=C(C)C(C(=O)NC[C@H]2CCN(CCc3ccc(Cl)c(F)c3)C2)C1c1cccc([N+](=O)[O-])c1,1,train
35b14dcddf90c96517a7781c74a44393367bc336,COC(=O)C1=C(C)N=C(C)C(C(=O)NC[C@H]2CCN(CCc3ccc(OC(F)(F)F)c(F)c3)C2)C1c1cccc([N+](=O)[O-])c1,1,train
5cbcb0bced962c87e7e5a6427dd3b7253059f7c8,Cc1cnc(NC(=O)Nc2cc(Br)c(C)cc2OC[C@@H]2CNCCO2)cn1,0,test
1cd959107ae5a4b98975d8ef3263ca12d70a3c22,COc1cccc(OCCCN)c1-c1cc(Nc2cnc(C#N)cn2)[nH]n1,1,train
a17530bb91ad45fe6d4f9a51129ae790ec9fb407,COc1ccc2c(c1)CCN(CCC(F)Cc1ccccc1)CC2,1,train
bc8eba71a98561ccdb44f704db7bda016ed85235,FC(CCN1CCc2ccccc2CC1)Cc1ccccc1,1,train
2bb47607a865f0ecb69e1ba0c3fdf77f2453ff1c,CC(C)CC(NC(=O)C(CCc1ccccc1)NC(=O)CN1CCOCC1)C(=O)NC(Cc1ccccc1)C(=O)NC(CC(C)C)C(=O)[C@@]1(C)CO1,0,train
7924dd831948a6199df637459cc220953a85dd89,Cc1cc(-c2ccnc3[nH]nc(C(F)(F)F)c23)cc(C2(CN)CCC2)c1,1,train
4b6f9ee6e317ab832836db270ee8ef04035e5901,NCC1(c2cccc(-c3ccnc4[nH]nc(C(F)(F)F)c34)c2)CCC1,1,train
3eb8c04f3ef631eacfc274437b013e0d1a1a1dcc,C[C@]12CC[C@@H]3c4ccc(OCCCN5CCCC5)cc4CC[C@H]3[C@@H]1CC[C@@H]2N1CCCC1,1,test
6f80dabffca6d3bce6e84413d4fd81ac33a544ee,CCNC(=O)C1CC[C@@]2(C)CC[C@@H]3c4ccc(OCCCN5CCC[C@H]5C)cc4CC[C@H]3[C@H]12,1,train
b2866be1a36f713e377f34c397e03333d4c52ce2,C[C@@H]1CCCN1CCCOc1ccc2c(c1)CC[C@@H]1[C@@H]2CC[C@]2(C)CCC(C(=O)NCC3CC3)[C@@H]12,1,train
17c11819eb84177c83f4735fe913441d429d0c57,CCNC(=O)C1C[C@H](OC)[C@@]2(C)CC[C@@H]3c4ccc(OCCCN5CCC[C@H]5C)cc4CC[C@H]3[C@H]12,0,train
adecc2cb2f724b1b742772a9f9552e8004b8aeaa,CCNC(=O)C1CC(=O)[C@@]2(C)CC[C@@H]3c4ccc(OCCCN5CCC[C@H]5C)cc4CC[C@H]3[C@H]12,0,test
6979221ef7de728cf4e3738a44e469988f198221,C[C@H]1CCCN1CCCOc1ccc2c(c1)CC[C@@H]1[C@@H]2CC[C@]2(C)C(=O)CC(C(=O)N3CCCC3)[C@@H]12,0,train
007ca65cc9ab1aaa54a42888817c5b62e7baf929,NCc1ncc(S(=O)(=O)c2ccc3ccccc3c2)s1,0,train
8b48f43fb641c2378e87c91aa28738bf5333f48a,CS(=O)(=O)c1cc(-c2ccccc2)cc(S(=O)(=O)c2cnc(CN)s2)c1,1,train
1f6af9bad4e2b7125265cc63235e367367d156eb,CCc1cc(-c2ccccc2)cc(S(=O)(=O)c2cnc(CN)s2)c1,0,train
5a22539b7eefa8faea467f9395d240a25c92d310,Cc1ccc(-c2cc(S(C)(=O)=O)cc(S(=O)(=O)c3cnc(CN)s3)c2)cc1,1,train
d926ceed4d34d1e53a977ac7375f4cf611a9cc7c,CCc1cc(-c2cnn(C)c2)cc(S(=O)(=O)c2cnc(CN)s2)c1,0,train
012f3c052f949c8a16d7439addd00f4a3c4ed1c5,Cn1cc(-c2cc(F)cc(S(=O)(=O)c3cnc(CN)s3)c2)cn1,0,train
4b3c7661a76444455e9b001797b5842a52902da8,CCc1cc(-c2cnn(C)c2)cc(S(=O)(=O)c2csc(CN)n2)c1,0,test
78fd7b6ac7c1a4ccd42c4392d983d3fbff5e58f7,Cc1cc2nccn2cc1Nc1ncc2c(n1)n(C1CCOCC1)c(=O)n2C,1,test
45d72c23b282207f5e2bdb5cfc44b7a1ffe73c06,Cc1cnc(Nc2cccnc2F)nc1-c1c[nH]c2c(NC(=O)C(C)N3CCN(C)CC3)cccc12,1,train
31fee1a265714456e233912662fae2d9720f503e,COc1nn(C)cc1Nc1ncc(Cl)c(-c2c[nH]c3c(NC(=O)C(C)N4CCN(C)CC4)cccc23)n1,0,train
71dbdad9bb64dd2a7e527fd26a945e43c1e5724f,COc1nn(C)cc1Nc1ncc(Br)c(-c2c[nH]c3c(NC(=O)C(C)N4CCN(C)CC4)cccc23)n1,0,train
c0b4f290752cc1385e66c7451c16fce831e2c5c9,COc1cc(-c2cncc(-c3ccc(N4C[C@@H](C)N(C)[C@@H](C)C4)cc3)c2C)cc(F)c1C(N)=O,0,train
18848765d8bc899be8b8b6b1fd4ac5c0d938e820,NC(=O)c1ccn(-c2cccc(OC(=O)NCCN3CCN(c4ccccc4)CC3)c2)c1,1,val
5932ccbc6ab7421ea31d999cf626033cee01df33,Cc1cc(C(N)=O)c(-c2cccc(OC(=O)NCCN3CCN(c4ccccc4)CC3)c2)s1,1,test
6da1bbf89bc854359e5feb4554ba2f342bcc3d55,Cn1c(C(N)=O)ccc1-c1cccc(OC(=O)NCCN2CCN(c3ccccc3)CC2)c1,1,train
ad3abe20492e78ebb0eaa34c580de08a0774b8cf,NC(=O)c1ccn(-c2cccc(OC(=O)NCCCN3CCN(c4ccccc4)CC3)c2)c1,1,test
c37257075ae77edb4a519811aba8ee9c178e86a8,Cc1cc(C(N)=O)c(-c2cccc(OC(=O)NCCCN3CCN(c4ccccc4)CC3)c2)o1,1,val
3ea0920258f26c64287471f8c6ae539c12ae8806,O=C1c2ccccc2C(Cc2c(F)cncc2F)(Cc2c(F)cncc2F)c2ccccc21,0,train
1ae0804fae4a62f53587ace9167cf6a8e39e36d1,O=C1c2ccccc2C(Cc2ccnc(F)c2)(Cc2ccnc(F)c2)c2ccccc21,0,train
88a7499b7ab502316a5d5da88cf487f419c383d4,CCOc1c([C@H](C)n2nc(C)c3c(N)ncnc32)cc(Cl)c(F)c1[C@@H]1CNC(=O)C1,0,train
6b68d99c3f8bd61cd2280799f5f9cab4f559fcf0,O=C1CN(c2cn[nH]c(=O)c2Cl)CCN1Cc1ccccc1C(F)(F)F,1,train
ff65c094136a336efdf64a60629242c58311e3e8,N=C(N)N/N=C/c1ccc(-c2cccc(/C=N/N=C(N)N)c2)cc1,1,train
b5d4569ce6b5d133889c3e60f6390e321805a579,Cc1ccc(/C(=C(\CCCO)c2ccccc2)c2ccc(N3CCNCC3)cc2)cc1,1,train
7cd1a56240a75902861d05015118eb1487199966,Cc1ccc(/C(=C(\CCCO)c2ccccc2)c2ccc(N3CCN(C)CC3)cc2)cc1,0,train
5919d481add060c0635d5f977b553d5a1f7df3e1,CC(C)N1CCN(c2ccc(C(=C(CCCO)c3ccccc3)c3ccc(O)cc3)cc2)CC1,0,train
1ff8d675079eaaa115792fb7ca5be95f42304068,CC(C)N1CCN(c2ccc(/C(=C(/CCCO)c3ccccc3)c3ccc(Br)cc3)cc2)CC1,0,train
e99505d6237b96e4230dbb57d6eedba76ba85d41,CCN1CCN(c2ccc(/C(=C(/CCCO)c3ccccc3)c3ccc(C)cc3)cc2)CC1,0,train
d6106707a40cf81f7a076528550b63e342879d77,CC(C)N1CCN(c2ccc(/C(=C(/CCCO)c3ccccc3)c3cccc(O)c3)cc2)CC1,0,train
a5828940b975b1d953f0ec4c3310469e90a53957,Cn1c(N2CCC(C)(CN)CC2)nc(N)c(Sc2cccc(Cl)c2Cl)c1=O,1,val
39102a898575dd7e1fac13849f814aa0ca83137a,C[C@@H]1OCC2(CCN(c3nc(N)c(Sc4cccc(Cl)c4Cl)c(=O)n3C)CC2)[C@@H]1N,1,train
d73fa1eb5734623ef016a8f20f007dabb70909f6,C[C@@H]1OCC2(CCN(c3nc(N)c(Sc4ccnc(C5CC5)c4Cl)c(=O)n3C)CC2)[C@@H]1N,1,val
cfdde4cea9e7b65c67e5d0ba1feb53c0bcf9b862,Cn1c(N2CCC(C)(N)CC2)nc2[nH]nc(-c3cccc(Cl)c3Cl)c2c1=O,1,train
71156e2b0ec2c5694435302ade112f7e65bf1793,Cn1c(N2CCC(C)(CN)CC2)nc2[nH]nc(-c3cccc(Cl)c3Cl)c2c1=O,1,train
84c06766fc57d6ee732920a25b0976bcac89ba75,Cn1c(N2CCC3(CCC[C@H]3N)CC2)nc2[nH]nc(-c3cccc(Cl)c3Cl)c2c1=O,1,val
b2b4ec6926c7a44535aee20c404ad8d3db674a49,Cn1c(N2CCC3(CC2)COC[C@H]3N)nc2[nH]nc(-c3cccc(Cl)c3Cl)c2c1=O,1,train
dd0f5edd145f46b7aa40b0928079a58f0ef7ae07,C[C@@H]1OCC2(CCN(c3nc4[nH]nc(-c5cccc(Cl)c5Cl)c4c(=O)n3C)CC2)[C@@H]1N,1,train
f8cfc7d9ff5bbb11fe02b927fb8c7896a023f00b,C[C@@H]1OCC2(CCN(c3cnc4c(-c5cccc(Cl)c5Cl)[nH]nc4n3)CC2)[C@@H]1N,1,train
048c88e58da47b2fb2e05b0eeeca4a9750b4b2b1,C[C@@H]1OCC2(CCN(c3cnc4c(-c5cccc(Cl)c5Cl)c[nH]c4n3)CC2)[C@@H]1N,1,test
4268748a4ea2b1433c1b37014ac445648e29b16c,C[C@@H]1OCC2(CCN(c3nc4[nH]nc(-c5ccnc(Cl)c5Cl)c4c(=O)n3C)CC2)[C@@H]1N,1,val
228ed6252c62158c28d85618b04be70ce6a54ea0,C[C@@H]1OCC2(CCN(c3nc4[nH]nc(-c5ccnc(NC6CCC6)c5Cl)c4c(=O)n3C)CC2)[C@@H]1N,1,test
7eba27ced7f9b2832cd4fed4b136df87e6cc6151,Cc1nc(N)ccc1-c1[nH]nc2nc(N3CCC4(CC3)CO[C@@H](C)[C@H]4N)n(C)c(=O)c12,1,train
fe746b1f1e97a884f0b9946d48c4cde7174fa1da,C[C@@H]1OCC2(CCN(c3nc4[nH]nc(-c5ccnc(NC6CC6)c5Cl)c4c(=O)n3C)CC2)[C@@H]1N,0,train
f577adf4f7e0295bbff8b38ccb08761db4c35944,CNC(=O)c1cnc(Nc2ccc(F)cn2)cc1Nc1ccccc1S(C)(=O)=O,1,train
60f131c85b567ec3e17ce664ee9c3f4945934ea6,CNC(=O)c1cnc(Nc2cc(C)ccn2)cc1Nc1ccccc1S(C)(=O)=O,0,train
4b745d9fef3221e31881ad5a7599516ce9428ea7,CNC(=O)c1cnc(Nc2ccc(N3CCOCC3)cn2)cc1Nc1ccccc1S(C)(=O)=O,0,train
407990076084fe9c2925035f8b07c6b10705e5b5,CNC(=O)c1cnc(Nc2ccc(C)nn2)cc1Nc1ccccc1S(C)(=O)=O,0,train
7423b8c1d0c3a54adc73fd214400a218bbf57818,CNC(=O)c1cnc(Nc2ccccn2)cc1Nc1ccccc1S(C)(=O)=O,0,train
d5460d27bda89faefd69160b59220d444a20ebe7,CNC(=O)c1cnc(Nc2ccc(OC)cn2)cc1Nc1ccccc1S(C)(=O)=O,0,train
71a9cf3b6d5a065959e3f0f791cc78bff5a9f802,CC1(C)CCN1Cc1cccc(F)c1CNc1cc(F)c(S(=O)(=O)Nc2cscn2)c(F)c1,0,train
c6057c33d70f2f4e20bd291d8f120b57447a0e5b,CN(Cc1cccc(F)c1CNc1cc(F)c(S(=O)(=O)Nc2cscn2)c(F)c1)C(C)(C)C,0,val
9bc6493161410a1f6d0d2b1fda5d3aeb7cda8239,CN1CCC(c2nc(-c3ccc(F)c(NS(C)(=O)=O)c3)c(-c3ccnc(NCC4CC4)n3)s2)CC1,1,test
2ae42e5d9636b888d6375912fc1c0ed52d6a1bf8,CN1CCC(c2nc(-c3ccc(F)cc3)c(-c3ccnc(Nc4ccc(N5CCNCC5)cc4)n3)s2)CC1,0,train
cac13957eb285eeb6439cd08ae39fb3ee779db30,CN1CCN(c2ccc(Nc3nccc(-c4sc(C5CCNCC5)nc4-c4ccc(F)cc4)n3)cc2)CC1,0,train
f36190a717c028b19ec5d862bcf5cde83ec97a26,Fc1ccc(-c2nc(N3CCOCC3)sc2-c2ccnc(Nc3ccc(N4CCNCC4)cc3)n2)cc1,1,test
fddd68e9021fb46a9cd6863297354d4b90034f4f,Fc1ccc(-c2nc(N3CCCC3)sc2-c2ccnc(Nc3ccc(N4CCNCC4)cc3)n2)cc1,1,val
cf09cd4265597cf07718de60e73e4805f9df8c15,Nc1nc(-c2ccc(F)cc2)c(-c2ccnc(Nc3ccc(N4CCNCC4)cc3)n2)s1,0,train
650d1ec98726c7025d77cb65b2fd92b53d15cbe7,CC(=O)Nc1nc(-c2ccc(F)cc2)c(-c2ccnc(Nc3ccc(N4CCNCC4)cc3)n2)s1,0,train
29b119d8df1bd2b811801f37f6e0b78f520c5035,CN1CCC(C(=O)Nc2nc(-c3ccc(F)cc3)c(-c3ccnc(Nc4ccc(N5CCNCC5)cc4)n3)s2)CC1,0,train
15989dc449de8b60431ef0d36be28c339db812c0,Fc1ccc(-c2nc(C3CCNCC3)sc2-c2ccnc(Nc3nncs3)n2)cc1,1,test
6d466628718957d1dc8a2b72e9f74faa2d9fc218,Fc1ccc(-c2nc(C3CCNCC3)sc2-c2ccnc(Nc3ccncn3)n2)cc1,1,train
fa2dcbebe6676346f164ff5c12f3ea8717447df6,Cc1cc(Nc2nccc(-c3sc(C4CCNCC4)nc3-c3ccc(F)cc3)n2)ccn1,1,train
ee01450a9c440a166e6aa157904367e7984eb7c2,Cc1cc(Nc2nccc(-c3sc(C4CCNCC4)nc3-c3ccc(F)cc3)n2)cc(C)n1,1,train
2ca7a5e8373eb4e3b2b2827de5405b4892f553d3,Fc1ccc(-c2nc(C3CCNCC3)sc2-c2ccnc(NCc3ccncc3)n2)cc1,1,test
00d986952deb3cf2c7ce98729fb383cf4d492d93,OC(CNc1nccc(-c2sc(C3CCNCC3)nc2-c2ccc(F)cc2)n1)c1ccncc1,0,train
a988177dbffe17dc26f2a0f86d3fdb7eaddde169,Cc1cc(Nc2nccc(-c3sc(C4CCNCC4)nc3C3CC3)n2)ccn1,1,test
89b6daea95fe72c2b6ed04eb8ef2f4d5eccffed1,CCc1cc(F)c2nc(N3CCC(NC4CCOCC4)CC3)c(-c3nc(C)no3)c(C)c2c1,1,train
e8aae54bd3e15410a1eb0e03a7efbd1cc4b9ada9,O=C(O)C[C@H]1CCCN(C[C@@H](O)c2ccc(-c3noc(-c4onc(-c5ccccc5)c4C(F)(F)F)n3)cc2)C1,1,test
946faf176d972a7b33bbd2e55239013f12df4ace,Cc1c([C@H](O)CN2CCN(C[C@@H](O)c3ccc4c(c3C)COC4=O)CC2)ccc2c1COC2=O,0,train
3790c10386849db03bf4efed633f833ee8b6ff63,Cc1c([C@@H](O)CN2CCN(C[C@H](O)c3ccc4c(c3C)COC4=O)CC2)ccc2c1COC2=O,0,train
e98a2fdb30f847e32ccccc95494b630f0bb3bcf6,Cc1c(C(O)CN2CCN(CC(O)c3ccc4c(c3C)COC4=O)CC2)ccc2c1COC2=O,0,train
210b031e8a1347c3c7e65eb9204bd7d12fa45f81,Cc1c([C@H](O)CN2CCN(C[C@H](O)c3ccc4c(c3C)COC4=O)CC2)ccc2c1COC2=O,0,train
1bc85e7548dc2b92274e8ba41a8aeb87cb83fe13,Cc1c(C(F)CN2CCN(CC(F)c3ccc4c(c3C)COC4=O)CC2)ccc2c1COC2=O,0,train
83a60e6d155d7f0faa300d07b8d7d87add75f050,Cc1c(CCN2CCN(CC(O)c3ccc4c(c3C)COC4=O)CC2)ccc2c1COC2=O,1,train
5bf123997379b315e1ff5058a356c4e69ccbdb95,Cc1c(CCN2CCN(CCc3ccc4c(c3C)COC4=O)CC2)ccc2c1COC2=O,1,train
c77899f7cef342ebf4d65a81537a05e1a1ec65c2,Cc1c(C(F)CN2CCN(C(=O)Cc3ccc(-n4cnnn4)cc3)CC2)ccc2c1COC2=O,0,train
74501cd70dcc69952ab2f9fb33e149d0ab872497,Cc1c(C(O)CN2CCN(C(=O)Cc3ccc(-n4cnnn4)cc3)CC2)ccc2c1COC2=O,0,train
065c2a06689e8a46e663aac6fc5ef8e6605e5636,Cc1c(C(C)CN2CCN(C(=O)Cc3ccc(-n4cnnn4)cc3)CC2)ccc2c1COC2=O,0,train
996645f3db0ddbf9329884d8b7e41106a47364a8,CNC(=O)C1C[C@H](N2CCc3c(cccc3OCCc3ccccc3)C2)CN1C(=O)c1ccc(CN)c(OC)c1,1,train
31a3e4c2de043438647ae610caff1473e67d20de,CNC(=O)C1C[C@H](N2CCc3c(cccc3OCCC3CC3)C2)CN1C(=O)c1ccc(CN)c(OC)c1,0,val
377cb16258b9fd19057b3aded44e8ab9d9e02aaa,COc1cc(C(=O)N2C[C@@H](n3cc(C4CC4)nn3)CC2C(=O)N[C@H]2CCCC[C@@H]2c2ccccc2)ccc1CN,0,train
0bf65f13f1d31071a30bf8c1af51ac3ed43082fa,COc1cc(C(=O)N2C[C@@H](n3cc(C4CC4)nn3)CC2C(=O)N[C@@H]2C[C@H]2c2ccccc2)ccc1CN,0,test
f46a171553b1008684d4004f5f3de59196cfd2ad,NCc1ccc(C(=O)N2C[C@@H](n3cc(C4CC4)nn3)CC2C(=O)NCC(c2ccccc2)c2ccccc2)cc1,1,train
a105145093eb845c3227af13d32b703fa82a1d3a,COc1cc(C(=O)N2C[C@@H](n3cc(C4CC4)nn3)CC2C(=O)NCC(c2ccccc2)c2ccccc2)ccc1CN,1,train
4140311cfcead2a7cdbaee4928df5628fbf49072,COc1cc(C(=O)N2C[C@@H](n3cc(C4CC4)nn3)CC2C(=O)N2CC[C@H](c3ccccc3)C2)ccc1CN,0,train
1392ce70ff6f1448091f3fbd0f73f9323e0c549b,Cn1cc(NC(=O)c2cccc(-c3ccnc(N)c3)n2)c(C(N)=O)n1,0,test
c3813ab914d6d8da703736344cb8af7fa6653696,Cn1cc(NC(=O)c2cccc(-c3ccnc(NCC4CC4)c3)n2)c(C(=O)N2CC(CN)C2)n1,0,train
1982c852dd2085de4b306e10ed38e88c54308f36,CN1CCCC(CNC(=O)c2nn(C)cc2NC(=O)c2cccc(-c3ccnc(NCC4CC4)c3)n2)C1,0,val
28f2e4686a35a2299ac01ff22710e0d1722e73ac,Cn1cc(NC(=O)c2ccnc(-c3ccnc(NCC4CC4)c3)n2)c(C(N)=O)n1,1,test
8b5de1c45c8473ae853eac565f78d12f5a3ad63c,Cn1cc(NC(=O)c2cccc(-c3ccnc(NCC4CC4)c3)c2)c(C(N)=O)n1,1,val
3eda22f5fa5419b0be3dfcf08c7a1e0ad523d0d7,Cn1cc(NC(=O)c2cccc(-c3ccnc(NCC4CC4)c3)n2)c(C(N)=O)n1,1,train
bd2b0e72e7304896c5e599ac2cda43dbc79496bf,Cn1cc(NC(=O)c2cncc(-c3ccnc(NCC4CC4)c3)c2)c(C(N)=O)n1,1,test
30d6216b765da23fde3508204035fc6546864267,O=S(=O)(Nc1ncns1)c1ccc2c(-c3ccc(C(F)(F)F)c(Cl)c3)nccc2c1,1,val
09643eb0b98cfaa5f6d20b39b79a28e75735b73d,Cc1c(-c2ccc(C(N)=O)c3[nH]c4cc(C(C)(C)O)ccc4c23)cccc1-n1cnc2ccccc2c1=O,1,train
82f9bc7ff021857e9b700f41e34e420e36bc2812,Cc1nc2cc(Nc3cc(NC4CCN(c5ccc(C#N)cn5)CC4)c(C(N)=O)cn3)ccc2o1,1,test
c16e4b210b42c2b6b53358308c7d5c27d7ce4407,Cc1nccc(Nc2cc(NC3CCN(c4ccc(C#N)cn4)CC3)c(C(N)=O)cn2)n1,1,train
2f08f48f0e06e62ad5953617f8c2d72d1dd00870,Cc1cnc(Nc2cc(NC3CCN(c4ccc(C#N)cn4)CC3)c(C(N)=O)cn2)cn1,1,train
a8ca0369e3adfdc3d6a00e59055442deb08a9427,Cc1cncc(Nc2cc(NC3CCN(c4ccc(C#N)cn4)CC3)c(C(N)=O)cn2)n1,1,train
e033045123cb4ba9f316426d6e6ffd188c110382,N#Cc1ccc(N2CCC(Nc3cc(Nc4ccncn4)ncc3C(N)=O)CC2)nc1,0,train
ef2f83818ac42022ffb716bfb362d8578af23821,N#Cc1ccc(N2CCC(Nc3cc(Nc4cnccn4)ncc3C(N)=O)CC2)nc1,1,train
38d46fa20e89368ea1bbe7d9ce1e9aa4f78eb8a4,N#Cc1ccc(N2CCC(Nc3cc(Nc4ccccn4)ncc3C(N)=O)CC2)nc1,1,train
dc31c40a7e9bfea6438509398ca3101149787e6b,CC(NC(=O)c1ccc(C(F)(F)F)cc1Cl)C1(N2CCN(S(=O)(=O)c3cn(C)nn3)CC2)CCC(F)(F)CC1,0,train
6c007d622dda0394d68fa0891618930e53502e79,CN1CCN(C(=O)c2cccc(-c3ncnc4ccc(-c5cnc6ccccc6c5)cc34)c2)CC1,1,test
9f9de25585b6b82e9cb94321fcdb783ada36f335,COc1ccc(-c2ccc3ncnc(-c4cccc(C(=O)N5CCN(C)CC5)c4)c3c2)cc1OC,1,test
b4212f284269de3eff2c9f018827c6fb691910b2,COc1ncc(-c2ccc3ncnc(-c4cccc(C(=O)N5CCN(C)CC5)c4)c3c2)cc1C#N,0,train
e7e72448b0d4e9936f3affcbb54a3c7f04d3f146,COc1ncc(-c2ccc3ncnc(-c4cccc(C(=O)N5CCN(C)CC5)c4)c3c2)cc1C(F)(F)F,1,train
cf9b46d334ed68ef63cc04bc25e47d7b150424fa,COc1ccc(-c2ccc3ncnc(-c4cccc(C(=O)N5CCN(C)CC5)c4)c3c2)cn1,0,train
2008312d87da0342b3979ddc9e9978f857a672e8,COc1ccc(-c2ccc3ncnc(-c4cncc(C(=O)N5CCN(C)CC5)c4)c3c2)cn1,0,test
314f019fae5d009add0a25761461287d6fda3dc1,COc1ccc(-c2ccc3ncnc(N4CCCC(C(=O)N5CCN(C)CC5)C4)c3c2)cn1,1,train
f7afe21d9603fe40ab05c3e4ebcee01930be6ffa,CC(C)Cc1cc(CNC(=O)C2C3CN(CCC(C)(C)C)CC32)nn1-c1ccccc1,1,val
ab9dd646eb13ae9a56df5910020c322e569530ae,CC(C)Cc1cc(CNC(=O)C2C3CN(Cc4ccccc4)CC32)nn1-c1ccccc1,1,train
71e1dce8b4e4366579aa41e4f4b34fa40108c2f8,CC(C)Cc1cc(CNC(=O)C2C3CN(C(=O)c4ccccc4)CC32)nn1-c1ccccc1,0,test
0bae55102d5c2f4fe34d5a25b1a10e049a414d85,CC(C)Cc1cc(CNC(=O)C2C3CN(C(=O)Cc4ccccc4)CC32)nn1-c1ccccc1,0,train
d9a900d9e53d118505129767a7da2578065b49e4,CC(C)Cc1cc(C(=O)NCC2C3CN(CCC(C)(C)C)CC23)nn1-c1ccccc1,1,train
a0fe05e521af86423478484ed5cbae1c1098ce72,COc1ncc(-c2nc(NCc3ccccn3)c3c(-c4ccccc4)cccc3n2)cn1,1,val
d0884f6f209ef5e0c89c1d957bed145c9e8374a3,c1ccc(-c2cccc3nc(-c4ccncc4)nc(NCc4ccccn4)c23)cc1,1,test
2dcff5339e6aaf672149eac65a5e64ccce49f817,COc1cncc(-c2nc(NCc3ccccn3)c3c(-c4ccccc4)cccc3n2)c1,1,train
3a4b1db9414bc1b79f762608cc82786a81094c0d,c1ccc(-c2cccc3nc(-c4cccnc4)nc(NCc4ccccn4)c23)cc1,0,train
fe441a73600b6f1b9d29a94519f5ba6192310530,Cc1noc(C)c1-c1nc(NCc2ccccn2)c2c(-c3ccccc3)cccc2n1,1,train
8645f7b861035a9f7d318d03869d9c4377041964,Cn1cncc1-c1nc(NCc2ccccn2)c2c(-c3ccccc3)cccc2n1,1,test
614144d9e58f3544909305230ef6c2ab65feb003,c1ccc(-c2cccc3nc(-c4cncs4)nc(NCc4ccccn4)c23)cc1,1,train
8ae4c63ceacf4f21eb0610b948b2e6fff0f07331,FC(F)(F)c1nc(NCc2ccccn2)c2c(-c3ccccc3)cccc2n1,1,train
a077ed5d8bff489170911b6acb395c51c95ff31c,Cc1nc(NCc2ccccn2)c2c(-c3ccccc3)cccc2n1,1,train
4d4fb7caf2acb239961d1577f5753c5cc0815f27,CN(C)c1nc(NCc2ccccn2)c2c(-c3ccccc3)cccc2n1,1,train
0b20731b509f65dc638e3cd48b2f5c2bec5930a2,CCOc1ccc2cc(-c3nn(CC4CCN(C)CC4)c4ncnc(N)c34)ccc2c1,1,train
bc56c5278bdbd2a29b0eb9b951772227dd28084f,CCOc1ccc2cc(-c3nn(CC4CNC4)c4ncnc(N)c34)ccc2c1,1,train
a3106bde3d721199beadeeb2de6e138f35c0d6ff,CCOc1ccc2cc(-c3nn(CC4CN(C)C4)c4ncnc(N)c34)ccc2c1,1,train
e227f0eda59a38bdb077e049a1a81470b16d8f05,CCOc1ccc2cc(-c3nn(CC4CCN(C(C)C)CC4)c4ncnc(N)c34)ccc2c1,1,train
48bdcb3d2cdc4b243998868e0b4db5613a4f69ac,CN1CCC(Cn2nc(-c3ccc4cc(OCC5CC5)ccc4c3)c3c(N)ncnc32)CC1,1,train
daa4cb0cca60dc4a8482161c95b56801abdde10a,CN1CCC(Cn2nc(-c3ccc4cc(OC5CCC5)ccc4c3)c3c(N)ncnc32)CC1,1,test
d17c25fa65db19d7e89fad5b41b34d5516a1ee85,CN1CCC(Cn2nc(-c3ccc4cc(OC5CC5)ccc4c3)c3c(N)ncnc32)CC1,1,test
544dce7b8653fcf5301441464e3586b3360cc15a,CCOc1ccc2cc(-c3nn(CC4CCN(C)CC4)c4ncnc(N)c34)ccc2n1,1,train
e248ebc6911da6abe3f6af8872ab93c680e18760,CN1CCC(Cn2nc(-c3ccc4nc(OCC(F)(F)F)ccc4c3)c3c(N)ncnc32)CC1,1,train
a7068dced78311cbfa7d2db86e5a539b1d6c88f3,CN1CCC(Cn2nc(-c3ccc4nc(OC5CC5)ccc4c3)c3c(N)ncnc32)CC1,1,train
9f10edd98df026ba039c77b74717c6f6ae788469,CN(C)CC(C)(C)Cn1nc(-c2ccc3nc(OC4CC4)ccc3c2)c2c(N)ncnc21,1,train
7cc34e1375cea571dcb948cc0257e901c776365c,CC(C)Cn1nc(-c2ccc3nc(OC4CC4)ccc3c2)c2c(N)ncnc21,1,train
3bdae4f881944da724b4be555d846c3c4ed0294e,CC1(Cn2nc(-c3ccc4cc(OC5CC5)ccc4c3)c3c(N)ncnc32)COC1,1,train
d8e62b1e003dfc54c99b2c1cd858cfb6bce5f614,O=c1c(O)c(-c2cccc(O)c2)oc2ccc(O)cc12,0,train
27dfa879c967b3058cd34651fe48259aed0c4fa9,CC(C)=CCn1c(N2CCC[C@H](N)C2)nc2c1c(=O)n(CC(=O)c1ccccc1)c(=O)n2C,1,train
99b601b3eecfd6f0cf8c05630addd65f38f4c614,CN1[C@H](CCc2ccccc2)CCC[C@@H]1CC(=O)c1ccccc1,1,test
836754a3db9f80545283e2eed180415c53f6599b,COc1ccccc1CCN1CCN(CCc2ccccc2OC)CC1,1,train
c8babbebbba7eb4605400de62c8690f7da04b155,Clc1ccccc1CCN1CCN(CCc2ccccc2Cl)CC1,1,train
801500e9752d7ea998863511eb5b5a77ea0a157d,COc1ccccc1CCN1CCN(CCc2ccccc2)CC1,1,train
dfe1462e9690dc01251dd9af0edfa9a5822a5c10,CCNC(=O)Nc1ccc(-c2nc(N3CCOC[C@@H]3C)c3c(n2)C(C)(C)S(=O)(=O)C3)cc1,0,test
a594c91a1212196a380a0f3a2e5d2999a5ec67f3,Cc1ccc(-c2cc3nccnc3c(NCCCCN)n2)cc1,0,test
16f2f07ece1dcc45e8f0a570836e17df627b1c5e,CN(C)c1ccc(-c2cc3nccnc3c(NCCCCN)n2)cn1,0,train
b94cebd3e1e7dc5b264b11496d43430192666538,CN(C)c1ccc(-c2cc3nccnc3c(NCCCCO)n2)cn1,0,train
a198204e5041459df875f7b86d74ded45fdc30db,CN(C)c1ccc(-c2cc3nccnc3c(NC[C@H]3CCCNC3)n2)cn1,0,train
364fe96e2def883c1b57eb8974355a42bdfa672a,CN(C)c1ccc(-c2cc3nccnc3c(NC[C@@H]3CNCCC3(F)F)n2)cn1,1,train
a278a37c1460300dc737b58c5c6e468e4b29677e,CN(C)c1ccc(-c2cc3nccnc3c(NC[C@H]3CNCCC3(F)F)n2)cn1,0,train
d2c088d2af71c21c73b38a397b341f802cfe77c8,CN(C)c1ccc(-c2cc3nccnc3c(NC[C@H]3CNCCN3C)n2)cn1,0,val
60deb1b8bc0b8c34431f94f3a6ec594898815e03,Cc1ccc(-c2cc3ncccc3c(NC[C@H]3CCCNC3)n2)cc1,0,val
47e6b8eefa4c77b3547b971dd950289df1ddc505,Cc1ccc(-c2cc3ncncc3c(NC[C@H]3CCCNC3)n2)cc1,1,val
ef6519af8f139599d4a9bc3fc517b69043921466,Cc1ccc(-c2cc3[nH]cnc(=O)c3c(NC[C@H]3CCCNC3)n2)cc1,1,train
661fe56f564e9cf75a080442345eb9509baf9498,Cc1ccc(-c2cc3ncn(C)c(=O)c3c(NC[C@H]3CCCNC3)n2)cc1,0,train
e4f72564f3859353045928118fa4271a540d0ba3,CN(C)c1ccc(-c2cc(NC[C@H]3CCCNC3)c3cccnc3c2)cn1,0,test
4643ba0cba35d15101fa0025a6c22d5026333ad2,CN(C)c1ccc(-c2cc3nccnc3c(CCC3CCCNC3)n2)cn1,0,val
bc9935f15d5d00ba5856630c398c34977186eab7,CN(C)c1ccc(-c2cc3nccnc3c(OC[C@H]3CCCNC3)n2)cn1,1,train
d3e4f6e6f4fe77338f6c089a9cad3ef5bc58bc2b,CN(C)c1ccc(-c2cc3nccnc3c(OC[C@@H]3CCCNC3)n2)cn1,0,train
39d9d33aa8252e7f48dc6c1e51d5a859197bf99d,O=C1CN(c2cc3nccnc3c(NC[C@H]3CCCNC3)n2)CCN1,0,train
cd83ce07a418cd0739569a2b332c6fc920f72bf3,Cc1ccc(-c2cc3nccnc3c(NC[C@H]3CCCNC3)n2)s1,1,test
0b0b36c9302a938910cc22ed9aa19b3b954d224e,Cc1ccc(-c2cc3nccnc3c(NC[C@H]3CCCNC3)n2)o1,0,train
010a2ff4649bd64c650fd2e81c84d1ffd9073a01,Cn1cc(-c2cc3nccnc3c(NC[C@@H]3CNCCC3(F)F)n2)cn1,0,train
ea33b1ad913e7593000fcc697d2eabe881be634f,Cn1cc(-c2cc3nccnc3c(OCC3CNCCC3(F)F)n2)cn1,0,train
047dc7bd15c7d63ba042a9e4100ecbb223f44e59,Clc1ccc(CCCOCCCN2CCCCC2)cc1,1,train
95cbea9bb2a1d87b30c564fa29957416f28de8f1,c1ccc(-c2ccc(OCCCCCN3CCCCCC3)cc2)cc1,1,val
3fcd10215105318d6644e8dc6be50dba23689709,c1ccc(-c2ccc(OCCCCCN3CCCCC3)cc2)cc1,1,test
f664c5c788983190a4c36f8aba0a82b33bb81f67,C[C@@H]1CCCN1[C@H]1C[C@H](c2ccc(-c3ccc(C#N)cc3)cc2)C1,1,val
aa298449e6a9fe1928288203ead973b44464a41d,CN1C[C@H]2CCN(c3ccc(-c4ccc(-n5ncccc5=O)cc4)cc3)[C@H]2C1,1,train
a1d8ccc52cd567b44078a362f4fc477d0e4268ef,CCC(CC)CNc1c(C(N)=O)cnc2ccc(C#N)cc12,1,train
7d735abc3f56f74cfdb8db79a6aa93ec32d32ada,CCC(CC)CNc1c(C(N)=O)cnc2ccc(-c3cccnc3)cc12,1,train
9c7922957659fb91050ae795dc51ec428f0a6cea,CCC(CC)COc1c(C(N)=O)cnc2ccc(-c3cccnc3)cc12,1,train
698f8bae28d936fd4fc86da2bd099a9da3e67ffb,NC(=O)c1cnc2ccc(-c3cccnc3)cc2c1NC1CCCC1,1,train
c952b35fd3d8a4c5e15f80e5c7d5de74db99a6e3,NC(=O)c1cnc2ccc(-c3cccnc3)cc2c1SC1CCCC1,1,test
76c1e81afd635e1d06bdc3a01d1017dbc635c1a4,NC(=O)c1cnc2ccc(-c3cccnc3)cc2c1NCC1CCCCC1,1,test
c634aa7b381eb111f95a3441291f0f17760f847d,NC(=O)c1cnc2ccc(-c3cccnc3)cc2c1NCC1CCOCC1,1,train
9fe4456b18b6533064fa3c6d6517e77d059111a3,C[C@@H](Nc1c(C(N)=O)cnc2ccc(-c3cccnc3)cc12)C1CCOCC1,1,train
99a1e87b7e0207650e0885cc40ff4658ea791954,C[C@H](Nc1c(C(N)=O)cnc2ccc(-c3cccnc3)cc12)C1CCOCC1,1,train
b46a8522555d3cc8392bf9d30208e9a03edeef61,C[C@@H](Nc1c(C(N)=O)cnc2ccc(-c3cccnc3)cc12)c1ccn(C)n1,1,train
550a85bc21c4ff64760afb35da8c2e2ade1ef5d1,C[C@H](Nc1c(C(N)=O)cnc2ccc(-c3cccnc3)cc12)c1ccn(C)n1,0,train
4e3cc7a9de20db7d0e119a1d315d6219c325e813,CCC(CC)CNc1c(C(N)=O)cnc2ccc(-c3ccncc3)cc12,1,train
13d13d2c1c7b5832cf563b2d807a40d0aa9f6ba3,CCC(CC)CNc1c(C(N)=O)cnc2ccc(-c3cccnn3)cc12,1,train
28897ebfdddc0ecaae43650d87eacc5d95d49aa6,CCC(CC)CNc1c(C(N)=O)cnc2ccc(-c3ccnnc3)cc12,1,val
549c998730498a765c95c6b38d41b6abd502ca68,CCC(CC)CNc1c(C(N)=O)cnc2ccc(-c3cncnc3)cc12,1,train
a85126c598ec0267aea45a76ee026f8c0873d118,CCC(CC)CNc1c(C(N)=O)cnc2ccc(-c3ccc(C)nc3)cc12,1,train
f3d86256b15da2746721aed5f636d6865ef3dca2,CCC(CC)CNc1c(C(N)=O)cnc2ccc(-c3ccc(COC)cc3)cc12,0,train
78394d0a90b789fc0312dc91223fffd730061fd7,CCC(CC)CNc1c(C(N)=O)cnc2ccc(-c3ccc(CS(C)(=O)=O)cc3)cc12,1,train
fabf3445c01fe302c2893da9641dcda5b17de02f,CCC(CC)CNc1c(C(N)=O)cnc2ccc(-c3ccc(CO)nc3)cc12,1,train
888be6df2e8f47b8401d8e3817d4b1be978982db,CCC(CC)CNc1c(C(N)=O)cnc2ccc(-c3ccc(COC)nc3)cc12,1,train
a3588319cf7b3b570c37ffc6dbd899911171c85a,CCC(CC)CNc1c(C(N)=O)cnc2ccc(-c3ccc(CS(C)(=O)=O)nc3)cc12,1,train
ae0264c333b95fb2043b823dc4055a4e07f91a72,CCC(CC)CNc1c(C(N)=O)c(C)nc2ccc(-c3cccnc3)cc12,1,train
a58e4764ed3f8a9ecba84ae6c214b87d37e2048a,CCC(CC)CNc1c(C(N)=O)cnc2c(C)cc(-c3cccnc3)cc12,1,train
a31ad4e9e15230c0c6b2c07591b94f77d3a120ef,NC(=O)c1cnc2ccc(-c3cccnc3)c(F)c2c1NC1CCOCC1,0,train
2511f69538ecf380ea2d074c8c6056bdd2994847,NC(=O)c1cnc2cc(F)c(-c3cccnc3)cc2c1NC1CCOCC1,1,train
fff7314ca425a97dca17dd71ff4e44c6111445d4,NC(=O)c1cnc2cc(Cl)c(-c3cccnc3)cc2c1NC1CCOCC1,1,train
54231ba2dfa093e6a205da967998788fd1760b24,NC(=O)c1cnc2c(F)cc(-c3cccnc3)cc2c1NC1CCOCC1,1,train
9bbcc931a8e1ecaa6feae99693fd9822b34671fb,NC(=O)c1cnc2c(Cl)cc(-c3cccnc3)cc2c1NC1CCOCC1,1,train
480f87ff8b91ec6a9d7c0fd2f857312cac28b5c1,COCc1ccc(-c2ccc3ncc(C(N)=O)c(N[C@@H](C)C4CCOCC4)c3c2)cn1,1,train
71e9a812f54a388e609eebb2735f96399b891cf1,COCc1ccc(-c2cc3c(N[C@@H](C)C4CCOCC4)c(C(N)=O)cnc3cc2F)cn1,1,train
07b1aa9b0b691f5a260502f928f88ae4aac51d97,COCc1ccc(-c2cc3c(N[C@@H](C)c4ccn(C)n4)c(C(N)=O)cnc3cc2F)cn1,0,train
15065e93c4726e69e4d03f42b0a9ff2535971745,COCc1ccc(-c2ccc3ncc(C(N)=O)c(N[C@@H](C)c4ccn(C)n4)c3c2)c(F)n1,0,train
56d832a312eed5b52acb94db3d186aa13eee0ca3,COCc1ccc(-c2cc3c(N[C@@H](C)c4ccn(C)n4)c(C(N)=O)cnc3cc2F)c(F)n1,0,train
7fb5837e0ad6c0d0e4ff980e02330fa6402de2da,COCc1ccc(-c2cc3c(N[C@@H](C)c4nn(C)cc4C)c(C(N)=O)cnc3cc2F)cn1,0,train
77d8b1ca57875109349d2e3e8d96e9d19db874b2,CCC(CC)CNc1c(C(N)=O)cnc2ccc(-c3cnn(C)c3)cc12,1,test
255f40ecbe1dbfcd8be1874ccf23535dd409bbf8,CCc1c(-c2ccc(N3CCC(N(C)C)C3)cc2)[nH]c(=O)c2c(=O)[nH]sc12,0,train
39be32dace829060dae19756e45ea6095638663a,COc1cccc(C(O)(CCN(C)C)C(c2cc3cc(Br)ccc3nc2OC)c2cccc3c2OCO3)n1,1,val
1520aa5de10ae212952516decdd27a493b0e977c,COc1cccc(C(c2cc3cc(Br)ccc3nc2OC)C(O)(CCN(C)C)c2cc(C)cnc2C)c1OC,1,train
9914b4c134cf540bb872ce54352eec75acc32f42,COc1cccc(C(c2cc3cc(Br)ccc3nc2OC)C(O)(CCN(C)C)c2cnc(C)cc2C)c1OC,1,train
aa933c9e0f5b37df729cd931aed596696e77a868,COc1nc2ccc(Br)cc2cc1C(c1cccc(C)c1)C(O)(CCN(C)C)c1cccnc1OC,1,train
713c293cd8c5a4007e880301a97ce7c2e2b911d1,COc1nc2ccc(C#N)cc2cc1C(c1cccc(C)c1)C(O)(CCN(C)C)c1cccnc1OC,1,train
cd92f5ac5658caf22e38e00f47238277260706ca,COc1cnc(OC)c(C(O)(CCN(C)C)C(c2cc3cc(Br)ccc3nc2OC)c2cccc(OC)c2F)c1,1,train
915a36c184a0e011717f58ef5485ef4831b70ad9,COc1cc(C(O)(CCN(C)C)C(c2cc3cc(Br)ccc3nc2OC)c2ccnc(OC)c2OC)cnc1OC,1,train
99da0cdd0887af145e5d6a43f77d50417ee9ffa1,COc1cc(C(O)(CCN(C)C)C(c2cc3cc(Br)ccc3nc2OC)c2ccnc(OC)c2OC)c(OC)nc1OC,1,train
5cbb8d809adac4a73e8de940f4cb0c201e445a86,COc1cccc(C(c2cc3cc(C#N)ccc3nc2OC)C(O)(CCN(C)C)c2cc(C)nc(C)c2)c1OC,1,train
b829c8b2d638f0911e1d12b528fd4b66b5bad893,COc1cc(C(O)(CCN(C)C)C(c2cc3cc(Br)ccc3nc2OC)c2cccc(OC)c2F)c(OC)cn1,1,train
556aed9569ee1b9bb7355060d2732a82dbe78bd9,CCOc1cc(C(O)(CCN(C)C)C(c2cc3cc(Br)ccc3nc2OC)c2ccnc(OC)c2OC)cc(OC(C)C)n1,1,train
86cef03df54df32e2a76f038ef233527679fece9,COc1cc([C@](O)(CCN(C)C)[C@@H](c2cc3cc(C#N)ccc3nc2OC)c2cccc3c2CCC3)cc(OC)n1,1,val
209143eeae8b1c2a7562e8c0e15cd88f5794e0fd,COc1cc([C@](O)(CCN(C)C)[C@@H](c2cc3cc(Br)ccc3nc2OC)c2cccc(OC)c2F)cc(OC)n1,0,train
c5ed1329a3ba33b18f6445ffadfe4bbe50536a7a,CCOc1cc([C@](O)(CCN(C)C)[C@@H](c2cc3cc(Br)ccc3nc2OC)c2cccc(OC)c2F)cc(OCC)n1,1,train
e53495a110ba889a4f9cc1107452e2557eb602ad,COc1cc([C@](O)(CCN(C)C)[C@@H](c2cc3cc(Br)ccc3nc2OC)c2cccc(OC)c2OC)cc(OC)n1,1,train
f6f30c5e4f9871fea677421d5a0cf9a1db7c236a,CCOc1cc([C@](O)(CCN(C)C)[C@@H](c2cc3cc(Br)ccc3nc2OC)c2cccc(OC)c2OC)cc(OCC)n1,1,train
5b8b4c0502dab8ce4bfbe62945868e48db9bce88,COc1cc([C@](O)(CCN(C)C)[C@@H](c2cc3cc(C#N)ccc3nc2OC)c2cccc3c2OCO3)cc(OC)n1,1,train
5621a8be0aae0eda9608ddcb457b6a14dcc9e0a2,COc1cc([C@](O)(CCN(C)C)[C@@H](c2cc3cc(C#N)ccc3nc2OC)c2cccc3c2OCCO3)cc(OC)n1,1,train
521f6bc34ef20cd0200064151f5362c4ade91e21,CCOc1cc([C@](O)(CCN(C)C)[C@@H](c2cc3cc(Br)ccc3nc2OC)c2cccc3c2OCCO3)cc(OCC)n1,0,train
ea756bf3ae991bb59da3c61f56ef9fed28dc7c9d,CCOc1cc([C@](O)(CCN(C)C)[C@@H](c2cc3cc(C#N)ccc3nc2OC)c2cccc3c2OCCO3)cc(OCC)n1,1,train
0d945ba0b0efab54bfb4819973f004016fb41524,COc1cc([C@](O)(CCN(C)C)[C@H](c2cccnc2OC)c2cc3cc(Br)ccc3nc2OC)cc(OC)n1,1,train
1608d4ef9c5c5984fc7e18e5728089e183e66f36,CCOc1cc([C@](O)(CCN(C)C)[C@H](c2ccc(N(CC)CC)nc2)c2cc3cc(Br)ccc3nc2OC)cc(OCC)n1,1,train
69beb8bc19b1a1e2176691a2d4df1b8c6361cc55,COc1cnc(OC)c([C@H](c2cc3cc(Br)ccc3nc2OC)[C@@](O)(CCN(C)C)c2cc(OC)nc(OC)c2)c1,1,train
3d9f1faae3a5b2daf5a5d6df9e638cd0a64473f2,COc1cnc(OC)c([C@H](c2cc3cc(C#N)ccc3nc2OC)[C@@](O)(CCN(C)C)c2cc(OC)nc(OC)c2)c1,1,train
e4ac6b317d960adf1573bee547166b0e0cc07058,COc1cc([C@](O)(CCN(C)C)[C@H](c2cc(OC(C)C)cnc2OC)c2cc3cc(C#N)ccc3nc2OC)cc(OC)n1,1,train
75e902c5278211d5ec3f76b5c3d624402fc6ae0b,COc1cc([C@](O)(CCN(C)C)[C@H](c2cc(OC)c(OC)nc2OC)c2cc3cc(Br)ccc3nc2OC)cc(OC)n1,1,train
39924fd0bed804ebdec329bfef35113d04a5f8fe,COc1cc([C@](O)(CCN(C)C)[C@@H](c2cc3cc(Br)ccc3nc2OC)c2ccnc(OC)c2OC)cc(OC)n1,1,train
665ffaab51a5d72185fee7898b8397e95a980e6e,COc1cc([C@](O)(CCN(C)C)[C@H](c2cc(OC)nc(OC(C)C)c2)c2cc3cc(C#N)ccc3nc2OC)cc(OC)n1,0,train
bfc8cf7cf125269a80f01598070eab66d3f097e7,COc1cc([C@](O)(CCN(C)C)[C@H](c2cc(OC)nc(N(C)C)c2)c2cc3cc(C#N)ccc3nc2OC)cc(OC)n1,1,train
c67989e334594e6610eb88030e60e5e4b5de899c,COc1cc(C(O)(CCn2ccnc2)C(c2cc3cc(Br)ccc3nc2OC)c2cccc(OC)c2OC)cc(OC)n1,0,test
cb51d59df822a8d58050749b9a5e2d36915dee29,COc1cc(C(O)(CCn2ccnc2)C(c2cc3cc(Br)ccc3nc2OC)c2ccnc(OC)c2OC)cc(OC)n1,1,val
9b8c62a2bfe40772d00a08ba040a75048edb8705,C[C@@H]1CC1C(=O)N1CCN(c2cnc(C#N)c(-c3cnn(C)c3)n2)C[C@H]1C,0,train
6d4099bff3deb5350d2993da4ecbfe1e92d817b2,CC(C)Cn1cc(-c2ccncc2)c2ccncc21,0,test
f398f3979709a4bcfa5785888a2722f25121d46b,c1cc(-c2cn(CC3CC3)c3cnccc23)ccn1,0,train
af0072ce106d21ca25b8a8d6459d0d522a572d79,c1ccc(Cn2cc(-c3ccncc3)c3ccncc32)cc1,1,train
e432c4275df9d33248c53b812189e9b0e725cdb4,Nc1cc(-c2cn(-c3ccccc3)c3cnccc23)ccn1,1,train
75022119eea71f54d0eacb7f9bb703df0e3ec398,O=C(Nc1cc(-c2cn(-c3ccccc3)c3cnccc23)ccn1)C1CC1,1,train
7f7d86e1fdfde53f4fa703d0eb61086bfc6ae224,O=C(Nc1cc(-c2cn(-c3ccccc3)c3cnccc23)ccn1)NC1CC1,1,train
075a14c6256d8215ec9d2350ff3d53eb981c35cc,O=C(Nc1cc(-c2cn(C3CCOCC3)c3cnccc23)ccn1)NC1CC1,1,val
46edd74bf4f5a05fd8243f286fec2d9d1cab9a8e,CC1(C)CN(C(=O)Nc2cc(-c3cn(C4CCOCC4)c4cnccc34)ccn2)C1,1,val
3d902c53b7c6ed353e2c1496cdb3f94502421c8d,O=C(Nc1cc(-c2cn(C3CCOCC3)c3cnccc23)ccn1)N1CCOCC1,0,train
cd8b70e34edfb073a1fcb45d4905e0486744e88a,C[C@@H]1CN(C(=O)Nc2cc(-c3cn(C4CCOCC4)c4cnccc34)ccn2)C[C@H](C)O1,1,train
da8c4cecff9f7dc7b861fc4e8a495787fc36c02a,COc1nn(C)cc1C(=O)Nc1cccc(-c2nncn2C(C)C)n1,0,test
178a50e15cc1bc78ea40714f954f7dbc92bcd04b,COc1nn(C)cc1C(=O)Nc1cccc(-c2cncn2C(C)C)n1,0,val
bc05a8cd239fe353863d189514bc990c9ce2ac1a,Cc1ccc(C(=O)Nc2ccc(CN3CCC4C=NNC4C3)c(Cl)c2)cc1C#Cc1cnc2cccnn12,1,test
9e61d88c081dd7573de2fac5acf82a6759388df1,COCCN1CCN(Cc2ccc(NC(=O)c3ccc(C)c(C#Cc4cnc5cccnn45)c3)cc2C2CC2)CC1,1,train
b40601cb04ec60d148fe7edf289a6075201ed9b7,Cc1ccc(C(=O)Nc2ccc(CN3CCN(CCO)CC3)c(Cl)c2)cc1C#Cc1cnc2cccnn12,1,train
e0535bd5bf2d0f4e1e6aa65f043ff10765ac24dc,Cc1ccc(C(=O)Nc2ccc(CN3CCN(CCO)CC3)c(C3CC3)c2)cc1C#Cc1cnc2cccnn12,1,train
68eca8f8bde0069fcd476493d36b213f99880c7a,Cc1ccc(C(=O)Nc2ccc(CN3Cc4c[nH]nc4C3)c(Cl)c2)cc1C#Cc1cnc2cccnn12,0,train
24a8bcb82feea36b5713b9a2b36c2a7e38128205,Cc1ccc(C(=O)Nc2ccc(CN3Cc4ccc(O)cc4C3)c(Cl)c2)cc1C#Cc1cnc2cccnn12,1,test
e999a2d271cfb1c086b37eaff39da9f6529998d8,Cc1ccc(C(=O)Nc2ccc(CN3CCN(C)CC3)c(C(F)(F)F)c2)cc1C#Cc1cnc2cccnn12,1,train
f523d972b92be92ba72e4f544fbeb25e17353c18,COc1ccc(-c2cnn3c(N)c(-c4ccccc4)c(NC4CC(C)(C)N(C)C(C)(C)C4)nc23)cc1OC,1,train
6e8ad15270956ac24ea19bc358e2c79cdfbba374,CN1C(C)(C)CC(Nc2nc3c(-c4ccc(C(=O)N5C[C@@H]6C[C@H]5CO6)cc4)cnn3c(N)c2-c2ccccc2)CC1(C)C,1,val
1e3ecf78c7ff751a40feeb1106acdef2211f4024,COC(=O)N1CCN(C(=O)c2ccc(-c3cnn4c(N)c(-c5ccccc5)c(NC5CC(C)(C)N(C)C(C)(C)C5)nc34)cc2)CC1,1,train
6d1929153cc5e3cc3b0fed384f8c12e546120f53,CN1C(C)(C)CC(Nc2nc3c(-c4ccc(C(=O)N5CCN(S(C)(=O)=O)CC5)cc4)cnn3c(N)c2-c2ccccc2)CC1(C)C,0,train
93b31aa4a9feeb81bbbb3a6e0a4665263c15a18b,Cc1cc(Cl)cc(-c2ccnc3cc(Cn4c(O)c5c(c4O)C5(C)C)sc23)c1O[C@@H]1CCNC[C@@H]1C,1,train
4559e4fc2f3a5a2190c53e64483323dda40c56ba,Cc1cc(Cl)cc(-c2ccnc3cc(Cn4c(O)ccc4O)sc23)c1CN1[C@@H](C)CNC[C@@H]1C,1,train
2b214048bf7162934bfc8d8f5bcc26fccf9a0735,Cc1cc(Cl)cc(-c2ccnc3cc(Cn4c(O)c5c(c4O)C5)sc23)c1C[C@@H]1CNCCO1,1,train
96ead23011ea8d2a04cb4c5c805ed4d2e623e53c,Cc1cc(Cl)cc(-c2ccnc3cc(Cn4c(O)c5c(c4O)C5(C)C)sc23)c1C[C@@H]1CNCCO1,1,train
32d09ac7d26a86621fec7e5efd64ecf7a94ff9f6,O=C(CCCCCCC(=O)Nc1ccccc1)NOC(c1ccccc1)(c1ccccc1)c1ccccc1,0,train
95829bc79885e8507a430a168780365d5887e447,CCOc1cc([C@](O)(CCN(C)C)[C@@H](c2cc3cc(Br)ccc3nc2OC)c2ccnc(OC)c2OC)cc(OC)n1,1,train
00bbdcd41f0e11a03b4354a5f45f452aa8f68bb3,COc1cc([C@](O)(CCN(C)C)[C@@H](c2cc3cc(Br)ccc3nc2OC)c2ccnc(OC)c2OC)cc(OC(C)C)n1,0,train
9fce2141c29a3bb9e15e31148ca00c73183c9be9,CCCOc1cc([C@](O)(CCN(C)C)[C@@H](c2cc3cc(Br)ccc3nc2OC)c2ccnc(OC)c2OC)cc(OC)n1,1,train
eab785c5553702cf7f03353c683abeffcd603fb1,COc1cc([C@](O)(CCN(C)C)[C@@H](c2cc3cc(C#N)ccc3nc2OC)c2cccc3c2OCO3)cc(OC(F)F)n1,1,train
41560ece26ec62053407b5724e527fb49478dcee,COc1cc([C@](O)(CCN(C)C)[C@@H](c2cc3cc(C#N)ccc3nc2OC)c2cccc(OC)c2F)cc(OC(F)F)n1,1,train
e9dea7e900c324ba53eb1c4f97117bf30b138dba,COc1cc([C@](O)(CCN(C)C)[C@@H](c2cc3cc(C#N)ccc3nc2OC)c2ccnc(OC)c2OC)cc(OC(F)F)n1,1,train
874bad385fc63f79cf2bf4e35d5f6c5332fedc29,COc1cc([C@](O)(CCN(C)C)[C@@H](c2cc3cc(Br)ccc3nc2OC)c2cccc(OC)c2F)cc(S(C)(=O)=O)n1,1,train
09147e948b0ffa3a4ef618e168c5df927554a30b,COc1cc([C@](O)(CCN(C)C)[C@@H](c2cc3cc(C#N)ccc3nc2OC)c2ccnc(OC)c2OC)cc(N(C)C)n1,1,train
74a70e4988b2faf2681a8c978eec14cedbb979aa,COc1cccc([C@H](c2cc3cc(C#N)ccc3nc2OC)[C@@](O)(CCN(C)C)c2cc(SC)nc(SC)c2)c1F,1,train
5e526c9e2148d3b271c5f175a49d5a6e061ebf82,COc1nc2ccc(Br)cc2cc1[C@@H](c1ccnc(OC)c1OC)[C@@](O)(CCN(C)C)c1cc(SC)nc(SC)c1,1,train
c9554a20cb29397e4fa2e8018b82d1981dece2b0,COc1nc2ccc(C#N)cc2cc1[C@@H](c1cccc2c1OCO2)[C@@](O)(CCN(C)C)c1cc(SC)nc(SC)c1,1,train
e64a37ff8e2413907f9bdbf6b6543b85e3a79c7b,CCSc1cc([C@](O)(CCN(C)C)[C@@H](c2cc3cc(Br)ccc3nc2OC)c2ccnc(OC)c2OC)cc(SCC)n1,1,train
52819e5849a3ecb4b6c3098f0638da9f9000050b,CCSc1cc([C@](O)(CCN(C)C)[C@@H](c2cc3cc(C#N)ccc3nc2OC)c2ccnc(OC)c2OC)cc(SCC)n1,1,train
ec022b72d1de147a9c1a29fe78698808de9d4472,Cc1cc(C)c(-c2cn(C)cn2)cc1NC(=O)c1ccc(OCc2ccccn2)cc1,0,train
97ce0de4acafdc926b2e0996eed5ef0dd524f242,Cc1nc(-c2cc(NC(=O)c3ccc(OCc4ccccn4)cc3)c(C)cc2C)c[nH]1,0,train
d951696b163e679a12c1ff9e1e7efd9062a3f699,Cc1cnc(-c2ccc(-c3ccco3)cc2)n1Cc1ccccc1OCCCCCC(=O)O,1,train
3a479a7921953d262213c71c2759a7719e481cbc,Cc1cnc(-c2ccc(OC(F)(F)F)cc2)n1Cc1ccccc1OCCC[C@@H](C)CC(=O)O,1,val
26a25018ed381e9cc92dbac6ed7d365085190a4c,CCS(=O)(=O)Nc1cc(-c2cn(C)c3c(=O)[nH]ccc23)cc2c1ccn2C(C)(c1ccccn1)c1ccccn1,0,test
a3ce73aa6d69d9f5134a24d7c791ff52f983e6e0,CS(=O)(=O)c1ccc(-c2cc(N3CCOCC3)nc3c(-c4cc[nH]n4)nccc23)cc1,1,val
7eef5ca393eac53502b1a108fff4a85ffdc04ad8,C[C@@H](Nc1nc2c(cnn2C(C)(C)C)c(=O)n1Cc1ccc(F)cc1)c1ccc(Cl)cc1,0,test
91fdce26d3f0560dfd1ca20b513bd2c413ebc5e2,CC(O)CN1[C@H](C)CN(CCSC(c2ccc(F)cc2)c2ccc(F)cc2)C[C@@H]1C,1,train
d92b1c8204dc85549da365b96236ef8b6ffe627a,CC(O)CN1[C@H](C)CN(CC[S+]([O-])C(c2ccc(F)cc2)c2ccc(F)cc2)C[C@@H]1C,1,train
c9ad629ef90113b54c9c22f8c4d2a500bba70f97,C[C@@H]1CN(CC[S+]([O-])C(c2ccc(F)cc2)c2ccc(F)cc2)C[C@H](C)N1CC(O)Cc1ccccc1,1,val
955d8de3941d8ecb3af0c5144b9d046bf9971a2f,Cc1cc(Br)c(NC2=NCCN2)c2ccccc12,1,test
ce853a540aeaa8e69ae5a611ece2a3c47ca5e7b5,CO[C@H]1CCN(Cc2c(C)cc(C)c3[nH]ccc23)[C@H](CO)C1,0,train
aa970a7bd7a8331b4bacb3c11ee65a22559b2320,COCCN1CCC(CNC(=O)c2[nH]nc3ccc(-c4cccc(F)c4F)cc23)CC1,1,train
8c4715df8e477d88b073c7dc72a0acf5fd4e919e,O=C(NCC1CCOCC1)c1[nH]nc2ccc(-c3cccc(F)c3F)cc12,1,train
50d770485c38a3f53a23cb26936508988fa60e60,O=C(NCC1CCCOC1)c1[nH]nc2ccc(-c3cccc(F)c3F)cc12,0,val
a46cfe0016093e7d0c961479a473ba185ebc8d95,O=C(NCC1CCOC1)c1[nH]nc2ccc(-c3cccc(F)c3F)cc12,1,train
3c3faeb82dcac0fc85d3035c86dbb65b11984d24,O=C(NCC1CCCO1)c1[nH]nc2ccc(-c3cccc(F)c3F)cc12,0,val
fb6dca4e9658e7938852133eaa7d3b0a4ee4b80e,O=C(NC1CCOCC1)c1[nH]nc2ccc(-c3cccc(F)c3F)cc12,1,val
542d0caa9d59105e73fcf9af83cbc6603f6bff9e,O=C(NC1CCCOC1)c1[nH]nc2ccc(-c3cccc(F)c3F)cc12,1,val
4bc8cb782f53c5e7e4356f43625c7707e201d789,O=C(NC1CCOC1)c1[nH]nc2ccc(-c3cccc(F)c3F)cc12,0,train
4d770495446b0740c3d07d7c7da37d1f86986c29,O=C(NC1CCS(=O)(=O)CC1)c1[nH]nc2ccc(-c3cccc(F)c3F)cc12,1,val
01dae4a045581b3d64231e56431ce7d7f3d2e384,O=C(NC1CCS(=O)(=O)C1)c1[nH]nc2ccc(-c3cccc(F)c3F)cc12,0,test
2127cc631efdb59ef33934590d7755e6e98be8f2,O=C(NCC1CCOCC1)c1[nH]nc2ccc(-c3cccnc3)cc12,0,train
2c86bed596812d76f6bde9474741b4acceadf2a8,CC(C)Oc1cncc(-c2ccc3[nH]nc(C(=O)NCC4CCOCC4)c3c2)c1,1,train
b05f8140a6138ac3cbcbeac502c4ccfce3770547,COCc1cncc(-c2ccc3[nH]nc(C(=O)NCC4CCOCC4)c3c2)c1,1,train
8ce6c3a5e8f04ad68d18cf21fb26da2d88b7e828,COCc1ccncc1-c1ccc2[nH]nc(C(=O)NCC3CCOCC3)c2c1,0,train
5a4783ef99012fa221d892b9a014af65c9dcf548,O=C(NCC1CCOCC1)c1[nH]nc2ccc(-c3cnccc3CO)cc12,0,train
8d4899bf1f116aeb3c8467afe4b508a445bc31ec,CC#CC(=O)N[C@H]1CCCN(c2c(F)cc(C(N)=O)c3[nH]c(C)c(C)c23)C1,0,train
3f08d41395a8bf762a9a53bc4280b86f3ddc12d0,Nc1n[nH]c(N2CCC(N(CCc3ccc(Cl)cc3)Cc3ccccc3O)CC2)n1,1,train
c4859f72449ed275fa09027aac4355f23077af47,Nc1n[nH]c(N2CCC(N(CCc3ccc(Cl)cc3)Cc3cccc(O)c3)CC2)n1,1,train
96cb72fffb610b590bc9faf4ac3928a76dfd9365,Nc1n[nH]c(N2CCC(N(CCc3ccc(Cl)cc3)Cc3ccccc3Cl)CC2)n1,1,train
0004e2a64b855aa90b23fab808bbd34305df5e45,Nc1n[nH]c(N2CCC(N(CCc3ccc(Cl)cc3)Cc3cccc(Cl)c3)CC2)n1,1,train
7c87b5c186e95b963c007d9ab9cda16e3cd86146,Nc1n[nH]c(N2CCC(N(CCc3ccc(Cl)cc3)Cc3ccc(Cl)cc3)CC2)n1,1,train
369dd55219a84bbef04cdb762752b713e1969f58,Nc1n[nH]c(N2CCC(N(CCc3ccc(Cl)cc3)Cc3ccc(F)cc3Cl)CC2)n1,1,train
1a771e9a290aad5d5d8139bed93a06f82a4a57ab,Nc1n[nH]c(N2CCC(N(CCc3ccc(Cl)cc3)Cc3cccc(C(F)(F)F)c3)CC2)n1,1,train
4c679c5d3cde9a51c8fa459d9c7c6ec22da47783,Nc1n[nH]c(N2CCC(N(CCc3ccc(Cl)cc3)Cc3cc(F)ccc3F)CC2)n1,1,train
0293a1480ac6fa2b6811ecfae57229c3d18e4f2c,Nc1n[nH]c(N2CCC(N(CCc3ccc(Cl)cc3)Cc3ccncc3Cl)CC2)n1,1,train
f26f59e8ffc9b40607899d61e5e364653fba93c9,Nc1n[nH]c(N2CCC(N3Cc4ccccc4OC[C@@H]3Cc3ccc(Cl)cc3)CC2)n1,0,train
3fed74dbb93837d65a5b71e9131ea9f8c9297c0b,Nc1n[nH]c(N2CCC(N3Cc4cc(F)ccc4OC[C@@H]3Cc3ccc(Cl)cc3)CC2)n1,1,train
41a4f7523254e02bbd2c5300d196cdf3409d0852,Nc1n[nH]c(N2CCC(N3Cc4cc(Cl)ccc4OC[C@@H]3Cc3ccc(Cl)cc3)CC2)n1,1,train
7eb9cf035af501ef55049d13910c7e28d52076ea,N#Cc1ccc2c(c1)CN(C1CCN(c3n[nH]c(N)n3)CC1)[C@@H](Cc1ccc(Cl)cc1)CO2,0,val
726c5588170f335fc8b63530ce1e1bdbc4e6a791,Nc1n[nH]c(N2CCC(N3Cc4cc(Cl)cc(Cl)c4OC[C@@H]3Cc3ccc(Cl)cc3)CC2)n1,1,train
628a82bbb8f95235049806226dd311bde0350fb9,Nc1n[nH]c(N2CCC(N3Cc4cnccc4OC[C@@H]3Cc3ccc(Cl)cc3)CC2)n1,0,val
9ce9f88cf8835d3b5f93164f5b30796a349f85d5,Nc1n[nH]c(N2CCC(N3Cc4ccncc4OC[C@@H]3Cc3ccc(Cl)cc3)CC2)n1,0,test
526ae1fa33c546b4e94bfd47127e860be63f3db1,Nc1n[nH]c(N2CCC(N(Cc3ccccc3)[C@H](CO)Cc3ccc(Cl)cc3)CC2)n1,1,train
8f0f22043fa3980a11d0f2d74448beac1c8aa5fe,CN1C[C@H](Cc2ccc(Cl)cc2)N(C2CCN(c3n[nH]c(N)n3)CC2)Cc2ccccc21,1,train
2de3f181e317054435afe1c22ddb1ec7a5c26e5a,CN1C[C@H](Cc2ccc(Cl)cc2)N(C2CCN(c3n[nH]c(N)n3)CC2)Cc2cc(Cl)ccc21,1,train
a4089c64a1c5b9b778b26851a8f77d44f19e2f78,COc1cc(N2C[C@H]3CC[C@@H](C2)[C@@H]3Nc2nc3n(n2)CCCCC3c2ccc(F)c(F)c2F)ncn1,1,train
880a60650bcc9c23e88553fb58abe27fe8073526,Cc1cc(N2C[C@H]3CC[C@@H](C2)[C@@H]3Nc2nc3n(n2)CCCN3c2cc(F)cc(F)c2)ncn1,1,val
cf0f883ad895fe736b6cecb42a12e6dd1f82d9cc,Cc1cc(N2C[C@H]3CC[C@@H](C2)[C@@H]3Nc2nc3n(n2)CCCC[C@H]3c2ccc(F)c(F)c2F)ncn1,1,train
beddc10226ac248fdc5bdc76209d0b7b5fcd9a6c,C[C@H](CNC(C(=O)Nc1ccc(-c2cnn(C)c2)cn1)c1ccccc1)c1ccc(C#N)cc1,0,val
d8b2a7ab3861a4a73d984d783006ddf09ac7a168,Cc1c(N2CC[C@@H]([C@H](C)N)C2)c(F)cc2ccc(=O)n(C3CC3)c12,0,train
535d0740499a659238ecd4bb5fba4e2fb148e445,O=c1n(CCCCN2CCN(c3cccc4sccc34)CC2)nc2ccccn12,1,train
863987d61d15b799fcc2301edaf45a8eb5dcba85,O=c1n(CCCCN2CCN(c3cccc4sccc34)CC2)nc2c(F)cccn12,1,train
712cdbfd7c778997fd46dc75d628e3c0e29881b5,N#Cc1ccc2nn(CCCCN3CCN(c4cccc5sccc45)CC3)c(=O)n2c1,1,train
15730b5a42247be0c61c39be271e7690f40bd54b,CC(C)c1cc(COc2ccccc2CC(=O)O)cc(-c2ccc3c(c2)[C@H](N)CO3)c1,0,test
ccfa70a95231e5ab1518690cbf9c9ad689643dd0,CNC(=O)C(C)Cn1cnc2ccc(-c3cnc(OC)c(NS(=O)(=O)c4ccc(F)cc4Cl)c3)cc2c1=O,0,test
4c3178231a9c16bc3ea833976c90046bb63669eb,Cc1cc(N2C[C@H]3CC[C@@H](C2)[C@@H]3Nc2nc3c(OCC(F)(F)F)cccn3n2)sn1,1,test
0f0c7a16a60d059f1dda2b4589e4021628febc20,Cc1noc(N2C[C@H]3CC[C@@H](C2)[C@@H]3Nc2nc3c(OCC(F)(F)F)ccc(C(F)(F)F)n3n2)n1,1,val
49731c8771bf7f9bba615049d0542a640c7dd824,Cc1cc(N2C[C@H]3CC[C@@H](C2)[C@@H]3Nc2nc3c(OCC(F)F)ccc(C(F)(F)F)n3n2)ncn1,1,train
bd5b633481301ec4de764f569a4bd075a9bf2490,O=C(O)c1cc(-c2ccc(C34CCN(CC3)CC4)cc2)c2ccc(-c3ccc(C(F)(F)F)cc3)cc2c1,0,val
241e20739c242b5963a4947ac39631e41a37a90a,O=C(O)c1cc(-c2ccc(C34CCN(CC3)CC4)cc2)cc(-n2cc(-c3ccc(C(F)(F)F)cc3)nn2)c1,0,train
572c05a9d6ab6bfdcaa854156c7e82d4cc60ce88,Cn1cc(-c2ccnc(-n3ncc4cc(C(C)(C)C)cc(F)c4c3=O)c2CO)cc(NC(=O)C2C[C@@H]2F)c1=O,1,test
d9c8391065bfcd9f3ab834edb1505634d49de91f,Cn1cc(-c2cc(F)cc(-n3ncc4cc(C(C)(C)C)cc(F)c4c3=O)c2CO)cc(NC(=O)C2C[C@@H]2F)c1=O,1,train
5f37eaf929f4ad4f0c278ece99342bbc95c8652b,Cn1nccc1[C@H]1CCCC[C@@H]1Oc1cc(F)c(S(=O)(=O)Nc2cscn2)cc1F,0,val
6530145e0ca945790252f653834c961491a2fcfb,Cc1cc(S(=O)(=O)Nc2ccncn2)c(F)cc1O[C@H]1CCCC[C@@H]1c1ccnn1C,0,test
f6ffd8c76e7966e0d2af0d1962612efdcb4ada2a,Nc1ncnc2c1c(-c1ccc3cc[nH]c3c1)cn2-c1ccc(OCCNCCO)cc1,1,test
95add613214dcf86aed5c95c374e3fbd920396fe,CN(C)Cc1ccc(-n2cc(-c3ccc4cc[nH]c4c3)c3c(Cl)ccnc32)cc1,1,train
8a77346528304876704b69c53a5c79949228f99a,NCc1ccc(-n2cc(-c3ccc4cc[nH]c4c3)c(C(F)(F)F)n2)cc1,1,train
8f16fbd7236cf8a0dded8137facfa17a2d3a3e8b,NCCCCn1cc(-c2ccc3cc[nH]c3c2)c(C(F)(F)F)n1,1,test
1c91074efa9b24e3f6acd233f183f905f5983688,N[C@@H]1CC[C@@H](n2cc(-c3ccc4cc[nH]c4c3)c(C(F)(F)F)n2)C1,0,val
b1b0a59a6e4a3467b3a5000ce903a8af3da8827a,O=C(Nc1nccs1)/C(=N/N1CCCC1)c1ccc(S(=O)(=O)C2CC2)cc1,0,train
40145b555847614b9cb47d2e7f706c5a2004e5ca,O=C(Nc1ncc(Cl)s1)/C(=N/N1CCCC1)c1ccc(S(=O)(=O)C2CC2)cc1,0,train
a247b875e43d8f91e5e58341b708c45d269801f8,O=C(Nc1ncns1)/C(=N/N1CCCC1)c1ccc(S(=O)(=O)C2CC2)cc1,1,train
ffb461da6215a87b17296be609bb7538486144ee,CN1CCN(Cc2cnc(NC(=O)/C(=N/N3CCCC3)c3ccc(S(=O)(=O)C4CC4)cc3)s2)CC1,0,val
88619b43729f6efce1a33cc95b4c8864e10a3022,COc1c(S(C)(=O)=O)ccc(O[C@@H](C)C(F)(F)F)c1C(=O)N1CC(c2ccc(C(F)(F)F)cc2)C1,1,train
2f963857f31812982d9351a21e9df8a6f19d2be7,C[C@H](Oc1ccc(S(C)(=O)=O)cc1C(=O)N1CC(c2ccc(C(F)(F)F)cc2)C1)C(F)(F)F,1,train
a4c70466d669714de570e5d9cbc4b4a729c97cd0,COc1c(S(C)(=O)=O)ccc(O[C@@H](C)C(F)(F)F)c1C(=O)N1CC(c2ccccc2)C1,1,train
c1aa5513136f595bcda6a88fe8e3213ffa90f0f6,COc1cc(-c2cncc(-c3ccc(N4CCNCC4)cc3)c2C)cc(OC)c1OC,1,train
600dca6282b80477f2c21355dcf6a438f3cf12d9,COc1cc(-c2cncc(-c3ccc(N4CCNCC4)cc3)c2Cl)cc(OC)c1OC,1,train
642fc306dad42b6f96d3ec80811a6dc4b547cfa1,COc1cc(-c2cncc(-c3ccc(N4CCNCC4)cc3)c2C#N)cc(OC)c1OC,1,train
cae76d0e3bcfb4030c09af2cbc3fd1f2bdfd853d,COc1cc(-c2cncc(-c3ccc(N4CCNCC4)cc3)c2C)cc(OC)c1F,1,train
60e1db5238eed764f2409eda838eff0952b9ce72,COc1cc(-c2cncc(-c3ccc(N4CCN(C(C)C)CC4)cc3)c2C)cc(OC)c1OC,1,train
b72f58c5f6c64718a928cdbd28ac4c80a1cea61d,COc1cc(-c2cncc(-c3ccc(N4C[C@@H](C)N[C@@H](C)C4)cc3)c2C)cc(OC)c1OC,1,train
61689d53f56f53d992166cdeb2ef0682f65fcd8a,COc1cc(-c2cncc(-c3ccc(C4CCN(C)CC4)cc3)c2C)cc(OC)c1OC,1,test
5106db0c4f9f2ef6301ba029d9889ba13eeb874d,COc1cc(-c2cncc(-c3ccc(C4=CCNCC4)cc3)c2C)cc(OC)c1OC,1,test
e092e601b21ae524aca827b3e67d5e4993b1aa72,COc1cc(-c2cncc(-c3ccc(OC4CCNCC4)cc3)c2C)cc(OC)c1OC,1,train
075b98e0a848bc9b8a5fb1149dfd828492daf7e5,NC(=O)C1CC[C@@H](c2ccc(OCc3ccccc3F)cc2)N1,1,train
172c8b073b8f42a11827aa7d37f9ce9436a386a8,NC(=O)C1CC[C@H](c2ccc(OCc3ccccc3F)cc2)N1,1,train
9b2f4b296c7c4db7e4d0eee4b4a756304228b905,NC(=O)C1CCC[C@H](c2ccc(OCc3cccc(F)c3)cc2)N1,0,train
b65fa7302e5304aa0af65e6e5f72fa51c257e158,NC(=O)C1CCC[C@@H](c2ccc(OCc3cccc(F)c3)cc2)N1,1,train
82b0058016baa05a99c0909d87946ef06920e7c2,NC(=O)C1CSC[C@H](c2ccc(OCc3cccc(F)c3)cc2)N1,0,test
8cb119a5e45b4c8c5de76cac2555837067e081d9,NC(=O)C1CC[C@H](c2ccc(OCc3cccc(F)c3)cc2)N1,1,train
9e9d12317d9bf15701e6f2a2e4b57862ddce1f9c,NC(=O)C1CC[C@H](c2ccc(OCc3ccccc3)cc2)N1,1,train
ede141d473f52fb048ead3697423e40d845cc013,NC(=O)C1CC[C@H](c2ccc(OCc3ccc(F)cc3)cc2)N1,1,train
99952a4abe8bd089319c7beb5b1df85be80c2697,N#Cc1ccc(COc2ccc([C@H]3CCC(C(N)=O)N3)cc2)cc1,1,train
56ced1a75609547d3bb532c50cc6be68dc36aa20,N#Cc1cccc(COc2ccc([C@H]3CCC(C(N)=O)N3)cc2)c1,0,train
63251e88bcff1234bef27196c3c202955039168d,N#Cc1ccccc1COc1ccc([C@H]2CCC(C(N)=O)N2)cc1,0,train
be7522284cb2d30b365fcbd2a27e5d7a3e78dc2d,C[C@@H](Oc1ccc([C@H]2CCC(C(N)=O)N2)cc1)c1ccccc1,1,train
441aa54d2e6cd8979bcfb746257d8cd248af1b84,NC(=O)C1CC[C@H](c2ccc(OCc3ccccc3F)cc2F)N1,0,train
598d08e71a6a2de9275442c7ce2a16e052493ffa,CN1C(C(N)=O)CC[C@@H]1c1ccc(OCc2ccccc2F)cc1,0,train
4cb1c5f85d93512404e98afbeeff97876e890e05,CNC(=O)C1CC[C@H](c2ccc(OCc3ccccc3F)cc2)N1,0,train
e553628ce6dd60cec48d85b51e5d55947bd19a8f,COc1cc([C@H]2CCC(C(N)=O)N2)ccc1OCc1ccccc1F,1,train
1dc3894580de1bbfcc8e8244320dd223642d055d,N#Cc1cc([C@H]2CCC(C(N)=O)N2)ccc1OCc1ccccc1F,0,train
6e0fe791fafe9d79e881984349f26ce9715d1a06,NC(=O)C1CC[C@H](c2ccc(OCc3ccccc3F)cn2)N1,0,train
588f7c083cb7ade3f911bfcfbd069ab1fb564e5e,NC(=O)C1CC[C@H](c2ccc(Oc3ccccc3)cc2)N1,0,train
0b1d351c6b40a51955c0b1c6d5003207f704137d,NC(=O)C1CC[C@H](c2ccc(Oc3ccc(F)cc3)cc2)N1,1,train
2828b829c44150cce69af13d324de89528e5a9e7,NC(=O)C1CC[C@H](c2ccc(Oc3cccc(F)c3)cc2)N1,1,train
c7a2a374982253c4ed0cef702e899e54a6579189,N#Cc1ccccc1Oc1ccc([C@H]2CCC(C(N)=O)N2)cc1,1,train
534721f02e7f5800cbfb4ad2d9f34b337d3324d4,NC(=O)C1CC[C@H](c2cccc(Oc3ccccc3)c2)N1,0,test
fba9d42e9c5c5d527bf486073f2a04813d5bedd9,NC(=O)C1CC[C@H](c2cccc(OCc3ccccc3)c2)N1,0,train
247e90398a509426b79457d5ffa9ead2a0ac71fe,CC(C)(C#N)c1cc(Nc2nc(N3CCC[C@H](N)C3)ncc2C(N)=O)cc(C(C)(C)C#N)c1,1,train
05438854c81e874bcb03a111f9bcc4e50e3e75a1,CC(C)c1cc(Nc2nc(N3CCC[C@H](N)C3)ncc2C(N)=O)cc(C(C)C)n1,1,test
f39d95b37f20caa6d505f0bb349ba21aee2e06c6,COc1cc(/C=C2\CCCN3C2=NO[C@H](c2cc(F)cc(F)c2)[C@@H]3C)ccc1-n1cnc(C)c1,1,train
ac76cea397b123d24aa23e5388d1d84df159b008,COc1cc(/C=C2\CCCN3C2=NO[C@H](c2cc(F)c(F)c(F)c2)[C@@H]3C)ccc1-n1cnc(C)c1,1,train
06bb71f527aa0fcb2721ddeaf1fa8ee4e06b7e46,COc1cc(C2=CC3=NO[C@H](c4cc(F)c(F)c(F)c4)CN3CCC2)ccc1-n1cnc(C)c1,1,val
54c6519b6cc5d0ccec101be8ded2f3b305722d71,COc1cc(C2=CC3=NOC[C@H](c4cc(F)c(F)c(F)c4)N3CCC2)ccc1-n1cnc(C)c1,1,train
dd7ff7cf2860d6d824e5c3d5396c306ba1f524d1,Cc1noc(C)c1-c1ccc2nc(-c3cnn(CC(C)(C)O)c3)nc(N3CCOC[C@@H]3c3ccccc3)c2c1,1,train
fe7ef7c540c0a853824f337af79d8f888395f372,CN(C)c1ccc(CC(=O)N[C@@H]2CNC[C@H]2c2ccc(C(F)(F)F)cc2)cc1,1,train
05ab1750c33d014385cbb749351163ed8ac5d9d1,CN(C)c1ccc(CC(=O)N[C@@H]2CNC[C@H]2c2ccc(S(F)(F)(F)(F)F)cc2)cc1,1,train
f4dc26d81e999425038f2f6a72d4d501719c13e9,CN(C)c1ccc(CC(=O)N[C@@H]2CNC[C@H]2c2ccc(C(C)(F)F)cc2)cc1,1,train
185c2374a82fe71e12c5d60044de72ba78baaecb,CNC(=O)c1nn(C)c2ccc(Nc3nccc(-n4cc(CN(C)C)c(C)n4)n3)cc12,1,train
a2aa7329653bd4a35e97127116fb974ba7209c56,Cc1nn(-c2ccnc3[nH]c(-c4cccc5c4ccn5C)nc23)cc1CN(C)C,1,train
2f517cd0c38bc7d890827560d7e3b7c866e98c35,CN(C)Cc1cc(-c2ccnc3[nH]c(-c4cccc5c4ccn5C)nc23)nn1C,0,val
de5e42b33a28888a757beccfa52872a056d64deb,Cc1nn(-c2ccnc3[nH]c(-c4cccc5c4ccn5C)nc23)cc1CN1CC[C@@H](O)C1,0,train
b1d0c395fb1b6b43929ad9f296b080e22dbfd55e,Cc1nn(-c2ccnc3[nH]c(-c4cccc5c4ccn5C)nc23)cc1CN1CC[C@H](O)C1,0,train
7a003a1aafcb54547f3f068d2acd52dec509f0b7,CN(c1cnn(-c2ccnc3[nH]c(-c4cccc5c4ccn5C)nc23)c1)[C@@H]1CCOC[C@@H]1N,1,train
f1efbd38cdea45e112340dfad74eba8b5924dc7d,CN(C)Cc1cnn(-c2ccnc3[nH]c(-c4cccc5c4ccn5C)nc23)c1,1,train
58d867eccb8dfaaf5990dfc364ee4deabef76911,Cc1cc([C@H]2CC[C@H](c3nnc4n3-c3ccc(Cl)cc3CC4)CC2)no1,1,test
fb28527eacf54da132fbb968009788c2e9f20929,Clc1ccc2c(c1)CCc1nnc([C@H]3CC[C@H](Oc4ccccn4)CC3)n1-2,1,train
52b45ec8704bf2ee7119d2bc5e838537e09e0a4a,Clc1ccc2c(c1)CCCc1nnc([C@H]3CC[C@H](Oc4ccccn4)CC3)n1-2,0,val
a8c77ab8e7dbca9b0f7e188e468b74d1867f9f02,Cc1cc(Cl)cc(N2C=Nc3cc(C)c(-c4cc(F)cc(C#N)c4)cc3C2C(=O)N(C)C[C@@H]2CCCN2)c1,1,train
9f2eef77ade60334b70cb40f680d5f88eb283245,Cc1cc(Cl)cc(N2C=Nc3cc(C)c(-c4cc(O)cc(F)c4)cc3C2C(=O)N(C)C[C@@H]2CCCN2)c1,1,train
6efe3fa47a12c703d4ab0e306f94c984154d6018,Cc1cc(Cl)cc(N2C=Nc3cc(C)c(-c4cc(O)ccc4F)cc3C2C(=O)N(C)C[C@@H]2CCCN2)c1,1,train
4fdf98a54dfc47ff8bde80b6ac332b79562d2025,Cc1cc(Cl)cc(N2C=Nc3cc(C)c(-c4cccc(F)c4O)cc3C2C(=O)N(C)C[C@@H]2CCCN2)c1,1,train
f891121d485a283528cf387fac92222ed65900ca,Cc1cc(Cl)cc(N2C=Nc3cc(C)c(-c4cc(F)cc(C(N)=O)c4)cc3C2C(=O)N(C)C[C@@H]2CCCN2)c1,1,train
c19476492bfabd9f5d39c6e23b6881d8884a0b83,Cc1cc(Cl)cc(-c2cnc3ncn(-c4cc(O)cc(F)c4)c(=O)c3c2CN(C)C[C@@H]2CCCN2)c1,1,train
b6300e45f0b5ce97bc5e5133fd02f82915163e35,Cc1ccc2c(c1)C(C1=C[C@H](C)N(C)CC1)=Nc1cc(Cl)ccc1N2,1,train
82425b91f9ed90420e9c78d3bcfe2570a6478ee0,CCc1ccc2c(c1)C(C1=C[C@H](C)N(C)CC1)=Nc1cc(Cl)ccc1N2,1,train
33fca75cee4874b45f89ef1c4a9a9edcce279a81,COc1ccc2c(c1)C(C1=C[C@H](C)N(C)CC1)=Nc1cc(Cl)ccc1N2,1,train
6ab91c5bac1bc5d33d92de0c31bd55019e132499,CCOc1ccc2c(c1)C(C1=C[C@H](C)N(C)CC1)=Nc1cc(Cl)ccc1N2,1,train
85eff2f9f0874421d682f5141c6ae31090a754b6,C[C@H]1C=C(C2=Nc3cc(Cl)ccc3Nc3ccc(OC(F)(F)F)cc32)CCN1C,1,train
622a25ed53788ad186d809f733a463fb2188c0fe,C[C@H]1C=C(C2=Nc3cc(Cl)ccc3Nc3ccc(F)cc32)CCN1C,1,train
acad099bc5e8047e1c675be9f4c96107334d7185,C[C@H]1C=C(C2=Nc3cc(Cl)ccc3Nc3ccc(Cl)cc32)CCN1C,1,train
3bce089ae9227e5cb27a3fa92226eef280650ce3,C[C@H]1C=C(C2=Nc3cc(Cl)ccc3Nc3ccc(C#N)cc32)CCN1C,1,train
61b6572f8040ba0959b7527736a3ccfc2854a2f9,Cc1ccc2c(c1)N=C(C1=C[C@H](C)N(C)CC1)c1cc(F)ccc1N2,1,train
bfe784111505e7a246f4f068540be97cb270eba8,Cc1ccc2c(c1)N=C(C1=C[C@H](C)N(C)CC1)c1cc(Cl)ccc1N2,1,train
79875485f9fb22458c1e325cb318fa4d59f8f742,CCc1ccc2c(c1)C(C1=C[C@H](C)N(C)CC1)=Nc1ccccc1N2,1,train
2b6e583f5aafcb0a95b53635184be2bb3b1098f3,C[C@H]1C=C(C2=Nc3ccccc3Nc3ccc(Cl)cc32)CCN1C,1,train
c4063a0f77712fe701340274c2ec866e885e92da,COC(=O)N(C)c1c(N)nc(-c2nc(Cc3ccccc3F)n3ccccc23)nc1N,1,val
ffffc567a77267f0fcf054b68a7102d6b82f67fd,COC(=O)N(C)c1c(N)nc(-c2nc(Cc3ccccc3F)n3ncccc23)nc1N,0,val
b830f2f3e44ad159cf1bf5a5065a33d721864dd1,COC(=O)N(C)c1c(N)nc(-n2nc(Cc3ccccc3F)c3cc(Cl)ccc32)nc1N,1,train
179d144f969c31f0c82fe5e32b90a8679ac380d5,COC(=O)N(C)c1c(N)nc(-n2nc(Cc3ccccc3F)c3cc(F)ccc32)nc1N,0,train
84eea7ffa07ebcee6037c19ce37bf6aa2b33d657,COC(=O)N(C)c1c(N)nc(-n2nc(Cc3ccccc3F)c3cc(C#N)ccc32)nc1N,1,train
3d4213daf415d2660db265e547e5575c8b91cfef,COC(=O)N(C)c1c(N)nc(-n2nc(Cc3ccccc3Cl)c3ccccc32)nc1N,0,train
87e670f8f7d7ea31bc693670dbcbb6c0338e7082,COC(=O)N(C)c1c(N)nc(-n2nc(Cc3cccc(F)c3F)c3ccccc32)nc1N,1,train
575a15623d7012d299a4a0ff8ef583eeefaf5429,COC(=O)N(C)c1c(N)nc(-n2nc(Cc3cc(F)ccc3F)c3ccccc32)nc1N,1,train
84f94ef43bb8704c9fcf161d5cab571d6403f9af,COC(=O)N(C)c1c(N)nc(-n2nc(Cc3cc(F)cc(F)c3F)c3ccccc32)nc1N,0,train
5ff3f841e5151b2e985237b64c303a51b77daad6,COC(=O)N(C)c1c(N)nc(-n2nc(Cc3c(F)ccc(F)c3F)c3cc(Cl)ccc32)nc1N,1,train
8e7ea7aa30b906e672737b815946f2a8712a7690,CC1(C)C(=O)Nc2nc(-n3nc(Cc4ccccc4F)c4ccccc43)nc(N)c21,1,train
3a98592092112c106c31b16b88e90a9bbcd5f7f7,CC1(C)C(=O)Nc2nc(-n3nc(Cc4ccccc4F)c4cc(Cl)ccc43)nc(N)c21,1,train
083d164c0baec0e7afbd2a126b681aaf49924352,CC1(C)C(=O)Nc2nc(-n3nc(Cc4c(F)ccc(F)c4F)c4ccccc43)nc(N)c21,1,train
142d55c22ff42e5cd4f9e9c30689d70853def2bc,CC1(C)C(=O)Nc2nc(-n3nc(Cc4c(F)ccc(F)c4F)c4cc(Cl)ccc43)nc(N)c21,1,train
4b98aa2f4ec0058c4771a9f92778afb4a87ecb6b,CCCc1nn(-c2nc(N)c3c(n2)NC(=O)C3(C)C)c2ccc(Cl)cc12,1,train
2c7aa5d9e11884b364eb923428e71a76141f01bb,CCCCc1nn(-c2nc(N)c3c(n2)NC(=O)C3(C)C)c2ccc(Cl)cc12,0,train
64893640fbbc3a8c401e2cd86dca47dcbdc41f66,CCCCCc1nn(-c2nc(N)c3c(n2)NC(=O)C3(C)C)c2ccc(Cl)cc12,1,train
3050fcefe98fa9e1a449038495579387123a36a5,CC1(C)C(=O)Nc2nc(-n3nc(CCCC(F)(F)F)c4cc(Cl)ccc43)nc(N)c21,1,train
5efc327a445856d571449372a9f1138b9a99dc30,CC(C)(CO)Cn1nc(-c2ccc3cc(OC4CC4)ccc3c2)c(C(N)=O)c1N,0,train
f850896fc9aab1b4123b4f0674c1cc2a28ce2f8e,CC(C)(CO)Cn1nc(-c2ccc3nc(OC4CC4)ccc3c2)c(C(N)=O)c1N,1,train
4c15df4d5c5f9169715f7af0a1221201d501c797,CCOc1ccc2cc(-c3nn(CC4CC4)c(N)c3C(N)=O)ccc2c1,0,test
7c679e3b6fcbac53a8aa841d42cb134afc1ac2c7,CC(C)(C)n1nc(-c2ccc3cc(OC4CC4)ccc3c2)c(C(N)=O)c1N,0,train
f5b61591cd1fde60b81973c9109e493bce3de56b,CC(C)(CO)n1nc(-c2ccc3cc(OC4CC4)ccc3c2)c(C(N)=O)c1N,0,train
b9d953f130847be28b1addd65fb459d0ff3b7068,CC(C)(CCO)n1nc(-c2ccc3cc(OC4CC4)ccc3c2)c(C(N)=O)c1N,1,train
171441371d1af90644dffeaaf6ed98d560271ce9,CC(C)(CCO)n1nc(-c2ccc3nc(OC4CC4)ccc3c2)c(C(N)=O)c1N,0,train
de8058543a6b09586d921db3dba2db3a34bd5327,CCOc1ccc2cc(-c3nn(CC(C)(C)CO)c(N)c3C(N)=O)ccc2c1,0,test
226f0e555e26cf895616fdf671cc8b36df32f2a0,CNC(=O)c1nn(C)c2ccc(Nc3nccc(-n4cc(CN5CC(O)C5)c(C)n4)n3)cc12,0,val
3e62347478df86732736ef07debbb2339df6ef0b,CNC(=O)c1nn(C)c2ccc(Nc3nccc(-n4cc(CN(C)C)cn4)n3)cc12,1,train
a13fef7a1c9b18d5cfe4e8ffe4180d156c5179b5,CNC(=O)c1nn(C)c2c(C)cc(Nc3nccc(-n4cc(CN(C)C)cn4)n3)cc12,1,train
a123987830ce22ac715177ccd8028bc29e697f45,CNC(=O)c1ncn2ccc(Nc3nccc(-n4cc(CN(C)C)cn4)n3)cc12,1,train
846c64682cd2f279f61f1f55a292577b559d2d0d,CNC(=O)c1nc(C)n2ccc(Nc3nccc(-n4cc([C@@H]5C[C@H](O)CN5C)cn4)n3)cc12,0,train
886704dfc23be5fed222953954f5fcfa18174ec7,CNC(=O)c1nc(C)n2ccc(Nc3nccc(-n4cc([C@@H]5C[C@@H](F)CN5C)cn4)n3)cc12,1,train
9f39b032f11e77500ad2b1a38db457acf6632c03,CNC(=O)c1nn(C)c2ccc(Nc3nccc(-n4cc(CN(C)C)c(F)n4)n3)cc12,0,train
6742b3ab1ff933c5673f070da210dbad6b1aad90,CNC(=O)c1nn(C)c2ccc(Nc3nccc(-n4cc(CN(C)C)c(OC)n4)n3)cc12,1,train
a7f9c3e0bece1560dd13c77d8f90facf2bc664b2,COC(=O)c1nn(C)c2c(C)cc(Nc3nccc(-c4cc(CN(C)C)n(C)n4)n3)cc12,0,train
3eb71bcea525a62c752e14f5b610dff44a3f975c,Cc1nnc(-c2nn(C)c3ccc(Nc4nccc(-c5cc(CN(C)C)n(C)n5)n4)cc23)o1,1,train
fb48143ad3bd8712b9cf0d121302fd282a0c7d14,C[C@@H]1Cc2c(ccc3[nH]ncc23)[C@@](C)(c2ccc(NC3CN(CCCF)C3)cn2)N1CC(F)F,1,train
bbe568b128e430603e6e4b7ae99fd71556b70095,C[C@@H]1Cc2c(ccc3[nH]ncc23)[C@@H](c2ccc(N[C@H]3CCN(CCCF)C3)cn2)N1CC(F)(F)F,0,train
68cceefa27cb6317d66980d2dec088921d537a6e,C[C@@H]1Cc2c(ccc3[nH]ncc23)[C@@H](c2ccc(N(C)C3CN(CCCF)C3)cn2)N1CC(F)(F)F,1,train
f11b8dd822d306db5265abb2c7f2d78bfe72ec86,C[C@@H]1Cc2c(ccc3[nH]ncc23)[C@@H](c2ccc(NC3CN(CCCF)C3)cn2)N1CC(F)(F)F,1,train
269d28326ceeedb4a3cf58bbe1679c226f0bc064,COc1cc(NC2CN(CCCF)C2)ccc1[C@@H]1c2ccc3[nH]ncc3c2C[C@@H](C)N1CC1(F)CC1,1,train
48f536cbdfc89b82116193f3e36c12e307f39ab2,CC1N(S(=O)(=O)c2ccc(F)cc2)c2ccc(C(=O)NCc3ccccc3Cl)cc2C12CCNCC2,1,test
ecb7f3e21435377a419c02837ccc5361eb835a8d,CCN1CC2(CCN(CCc3ccc(F)cc3F)CC2)OC(C)C1=O,1,train
48bc10c60ac5b864bbb7506d8a004d34b6c08af3,CCN1CC2(CCN(CCc3ccc(F)cc3)CC2)OC(C)C1=O,1,train
a9bbdaf9724da7eb09d0ebe4630d74feae262f4a,CCN1CC2(CCN(CCc3cccc(F)c3)CC2)OC(C)C1=O,1,train
e44d9ac1b5f3dc8e4dd2588fffdf96256529f573,CCN1CC2(CCN(CCc3ccccc3F)CC2)OC(C)C1=O,1,train
286ad4e4a9b4ec5cb66d09e85b988e91c0f46f86,CCN1CC2(CCN(CCc3ccccc3)CC2)OC(C)C1=O,1,train
6afaeb5cd3cb95f7c53bae09c69deb997277b73d,CN1CC2(CCN(CCc3ccccc3)CC2)OC2(CC2)C1=O,1,train
7b88bb6bbed29dbc6b25b8821b9c8bed90b0eeb6,CC(C)C1OC2(CCN(CCc3ccccc3)CC2)CN(C)C1=O,1,train
76e19bc58972c37cf4741a473736a73dd98441c1,CCC1OC2(CCN(CCc3ccccc3)CC2)CN(C)C1=O,1,train
fc9e864cc4c7990aed714fdfb5df85d6e872ccd2,CC1OC2(CCN(CCc3ccccc3)CC2)CN(C(C)C)C1=O,1,train
0fb469251024e8327521f2f892157a4856df2e17,CC1OC2(CCN(CCc3ccccc3)CC2)CN(C2CC2)C1=O,1,train
b85b9cefbd112c2139f15ba6b45c615b685bfed8,CC1OC2(CCN(CCc3ccccc3)CC2)CN(CCc2ccccc2)C1=O,1,train
d623f210a67e8c67eacf4d8cdd6b386d44346248,CC1OC2(CCN(CCc3ccccc3)CC2)CN(Cc2ccccc2)C1=O,1,train
7915a97448ec97e26499a4c7cc506a71eccfa49f,Cc1ncn(C2CCN(C(=O)/C=C/c3ccc(C(F)(F)F)cc3Cn3nnc(C)n3)CC2)n1,0,train
221689741c684748b24443956e5da8637eefffb9,Cc1noc(C2CCN(C(=O)/C=C/c3ccc(C(F)(F)F)cc3Cn3nnc(C)n3)CC2)n1,0,train
7731af8e9c54f6461126e684ea647a4e4eca362e,Cc1nnn(Cc2cc(C(F)(F)F)ccc2/C=C/C(=O)N2CCC(c3nnc(C)o3)CC2)n1,0,train
87d5c4dfefc9988b556639f6ce5512d30a2eacdc,Cc1nnn(Cc2cc(C(F)(F)F)ccc2/C=C/C(=O)N2CCC(C#N)CC2)n1,0,train
21cc452ebb7c4d12f44eae5d24d775e33492db37,Cc1nnn(Cc2cc(C(F)(F)F)ccc2/C=C/C(=O)N2CCC(C(F)(F)F)CC2)n1,0,train
5eed70fe85b4c5580af7d07f520e43442f18001c,Cc1nnn(Cc2cc(Cl)ccc2/C=C/C(=O)N2CCC(Cc3ncc(C)o3)CC2)n1,1,test
a7e066a502723b850a3f1394f4316d995be32165,Cc1nnn(Cc2cc(Cl)ccc2/C=C/C(=O)N2CCN(Cc3coc(C)n3)CC2)n1,0,test
ded79ea4f470f2fce0ea327062536130058dfd80,Cc1nnn(Cc2cc(Cl)ccc2/C=C/C(=O)N2CCN(Cc3cnn(C)c3)CC2)n1,0,train
b8380c5c46e8c39bfde126f20dff43f114407e89,Cc1cc(CN2CCN(C(=O)/C=C/c3ccc(Cl)cc3Cn3nnc(C)n3)CC2=O)on1,0,train
2b1df45155d82d477290b7a4eb32bfb5e6e2c560,Cc1cc(CN2CCN(C(=O)/C=C/c3ccc(Cl)cc3Cn3nnc(C)n3)CC2)on1,0,val
cb976083364935671861014d12d0497c53b36220,COc1ccc(CN2CCN(C(=O)/C=C/c3ccc(Cl)cc3Cn3nnc(C)n3)CC2)nc1,1,train
5c6876d93163f3b13b09c77b9830cea957b23e76,C[C@H]1CN(CC[C@H]2CC[C@H](NC(=O)N(C)C)CC2)CCc2ccc(Cl)cc21,1,val
51b49b28b85196d8f22c7ac4be50add8d6f0eb71,COc1cc(NC(=O)c2cccc(C(F)(F)F)n2)cc2cn(C3CCN(C)CC3)nc12,1,train
1d21b62bef98bba147000014d84d6f5443994c6c,CN(C)CCn1cc2cc(NC(=O)c3cccc(C(F)(F)F)n3)c(C(C)(C)O)cc2n1,0,train
5ae3b65460112e9f174d8076832ef4b89e14421b,NC(=O)c1cc(Cl)c2cc(-c3cc4c(s3)CCNC4)cnn12,1,val
879c59daa6bd333f6f78a911c9a25d564c9b50b1,NC(=O)c1cc(Cl)c2cc(-c3cc4c(s3)CNCC4)cnn12,0,test
8fa95e6673590037c91953a70b9a7bfcb4e2aab2,COc1ncc(NC(=O)Nc2cnc3ccc(F)cc3c2N(C)C2CCCN(C)C2)cc1Cl,1,test
97509713d542f260ab75ae21f1681a1aee20f853,C[C@H]1COCCN1c1c(NC(=O)Nc2cnc(OC3CCN(C)CC3)c(Cl)c2)cnc2ccc(F)cc12,0,train
3b283013c559439b2c426dd9747c5deaa303eedd,Cc1nc(NC(=O)NCCc2cn(CC(F)F)cn2)sc1C#Cc1cccnc1,0,val
df4fe10cb7c629f8bddef069734fba75958e5089,Cc1cncc(C#Cc2sc(NC(=O)NC[C@H](C)OCC3CC3)nc2C)c1,0,train
d38c98c2061d15a623d15300116a59941bcfd62c,CNS(=O)(=O)c1ccc(CNc2nc3cnc(-c4c(C)ncnc4C4CC4)nc3n([C@@H](C)C3CC3)c2=O)nc1,0,train
da2aa3a186baacf0c6b247d827ab186331acd072,CCS(=O)(=O)c1cnc(CNc2nc3cnc(-c4c(C)ncnc4C4CC4)nc3n([C@@H](C)C3CC3)c2=O)nc1,1,train
e1f2a449229cb2f99afcf5885e348d0072f991bb,CCS(=O)(=O)c1ccc(CNc2nc3cnc(-c4c(C)ncnc4C4CC4)nc3n([C@@H](C)C3CC3)c2=O)cn1,0,test
33cab005ff0ec901738d7fdfa9ae869909a6e568,CCS(=O)(=O)c1ccc(CNc2nc3cnc(-c4c(C)ncnc4C4CC4)nc3n([C@@H](C)C3CC3)c2=O)nc1,1,train
a37507625c4dabc64bdf65c7ef45eb53d315265c,Cc1ncnc(C2CC2)c1-c1ncc2nc(NCc3ccc(S(C)(=O)=O)cn3)c(=O)n([C@@H](C)C3CC3)c2n1,0,train
ec0cf4c9f294700f897eda0d2e5699075e4fd2cb,CCS(=O)(=O)c1ccc(CNc2nc3cnc(-c4c(OC)ncnc4C4CC4)nc3n([C@@H](C)C(F)(F)F)c2=O)nc1,1,train
e89c60485ef57de81706203293fc33d1cdb926be,CCS(=O)(=O)c1ccc(CNc2nc3cnc(-c4c(OC)ncnc4C4CC4)nc3n([C@H](C)C3CC3)c2=O)nc1,1,train
d8a04a0756b2498552248c1c7a7593d294d42247,CCS(=O)(=O)c1ccc(CNc2nc3cnc(-c4c(OC)ncnc4C4CC4)nc3n([C@@H](C)C3CC3)c2=O)nc1,1,train
8032261a02ef0a0042af9523504a862fa5a9b758,CC[C@@H](C)n1c(=O)c(NCc2ccc(S(=O)(=O)CC)cn2)nc2cnc(-c3c(OC)ncnc3C3CC3)nc21,1,train
07a844015e7b3cd9bb1779e29928243e01359999,CCS(=O)(=O)c1ccc(CNc2nc3cnc(-c4c(C)ncnc4C4CC4)nc3n(C(C)C)c2=O)nc1,0,train
495ba628c18983ff6d24701571c9c20759cf1ad2,CCS(=O)(=O)c1ccc(CNc2nc3cnc(-c4c(OC)ncnc4C4CC4)nc3n(C(C)C)c2=O)nc1,0,train
dd1313476c9fc183ea001a733aa285aa5e2f0d9b,N#Cc1ccc(N2C3CCC2CN(C(=O)CCS(=O)(=O)c2cccc4ncsc24)C3)nc1,1,train
9855a9cd6296c84c53f884c54d655253de8633d7,O=C(NCCN1CCCC1)c1cc(-c2ccc(CN3CCOCC3)cc2)nc2ccc(F)cc12,0,test
685dbc287f6427e849cfd162d2751fa649a87744,O=C(NCCN1CCCC1)c1cc(-c2ccc(S(=O)(=O)N3CCOCC3)cc2)nc2ccc(F)cc12,0,val
70ea805e8179d98945b3377fc20849aab31e1810,O=C(O)C1CN(Cc2ccc3c(c2)CCc2c-3noc2-c2onc(-c3ccccc3)c2C(F)(F)F)C1,1,test
de39ef2f54b5d86f1a6fcf87d346735e34cc8546,CC(C)n1cc(C(=O)c2ccnc(NC(=O)Cc3ccc(F)cc3F)c2)c2c(N)ncnc21,1,train
2af548200ed80c6bc487d2579863e154b181f0a1,CC(C)n1cc(C(=O)c2cncc(NC(=O)Cc3ccc(Cl)cc3)c2)c2c(N)ncnc21,1,train
36f8cdc085329569391bdf2ba0bd3cfd83b80cca,CC(C)n1cc(C(=O)c2cncc(NC(=O)Cc3ccc(Cl)cc3)c2)c2cncnc21,1,train
8d97910600fa2907832c3c5b321f48e13d23d956,CC(C)n1cc(C(=O)c2cncc(NC(=O)Cc3ccc(C#N)cc3)c2)c2cncnc21,1,train
546c07bdc3e3457cf0b30bfc112d155d1d81f0ee,CC(C)n1cc(C(=O)c2cncc(NC(=O)Cc3ccc(C#N)cc3)c2)c2c(N)ncnc21,1,train
3c157c3e53100eb1008f124311add659a8489923,CC(C)n1cc(C(=O)c2cncc(NC(=O)Cn3ccc(C(F)(F)F)n3)c2)c2cnccc21,1,train
7a6d278473f09735429ce561ea7f46e86af6f4ec,CC(C)n1cc(C(=O)c2cncc(NC(=O)Cn3ccc(C4CC4)n3)c2)c2cncnc21,0,train
1604abd4d83c685b6399c799992bebdaf8de5f97,CC(C)n1cc(C(=O)c2cncc(NC(=O)Cn3ccc(C4CC4)n3)c2)c2cnccc21,1,train
15326a554397b188ae6fcef034bf3d1c708265fe,CC(C)n1cc(C(=O)c2cncc(NC(=O)Cn3ccc(C4CC4)n3)c2)c2cncc(F)c21,0,train
5d26a97bf1de794c7249c23e3b28b594ec193085,CC(C)n1cc(C(=O)c2cncc(NC(=O)Cn3ccc(C4CC4)n3)c2)c2cnc(N)nc21,0,train
b5bea0c9e4d587ac6514f9d0cf689cd4b5fb2f42,CC(C)n1cc(C(=O)c2cncc(NC(=O)Cc3ccc(Cl)cc3)c2)c2cnc(N)nc21,0,train
6ae4c2ba5ffc1d1b879661535b31a240df5cb728,C[C@@H]1CN(c2ccc(S(C)(=O)=O)cc2F)CCN1c1nccc(C(=O)NC2C3CC4CC2CC(O)(C4)C3)n1,1,test
ba5a014796a7cc5d18f6aa51ca0abcebe7e8e136,CN1CCCC1CCOc1ccc(/C(=C(/CCCO)c2ccccc2)c2ccc(Br)cc2)cc1,1,train
0e24e8f0a2bb40330b6bfd38fab43a509d4b4c72,CN1CCC[C@H]1COc1ccc(/C(=C(/CCCO)c2ccccc2)c2ccc(Br)cc2)cc1,1,train
81ef98d3438072fbf6217c95f4da29b2c1f29a57,CN1CCCC1CCOc1ccc(C(=C(CCCO)c2ccccc2)c2ccc(O)cc2)cc1,1,train
4cdedb3f2b42ec16a9afe00e47bc44995f494d61,CN1CCC[C@H]1COc1ccc(C(=C(CCCO)c2ccccc2)c2ccc(O)cc2)cc1,0,train
46578bc88e14b3a9f493b21bd1f855dc6289912a,CC(C)(Oc1ccc(-c2cnc(N)c(-c3ccc(Cl)cc3)c2)cc1)C(=O)O,0,train
673ad2d4b1c93e0c076c7a00de2446ed6a990fba,CC#CCn1c(N2CCC[C@@H](N)C2)nc2c1c(=O)n(CCCN1CCN(c3nc(-c4ccccc4)no3)CC1)c(=O)n2C,1,test
0c564d80c48aab26c2bd162eb19050969cfc8975,CN1CCC(CN=C2NC(=O)/C(=C/c3csc(-c4ccc(OC(F)(F)F)cc4)n3)S2)CC1,1,train
98b819144d07c773309c9b6d675d096cc0d5c6d4,Cc1nc2cc(F)c(-c3cnc(C(C)(C)O)nc3)nc2c(N[C@H](C)c2cc(C#N)ccc2F)c1Cl,1,val
4db5dab58538acd4bcea9a6e3cc8d668418669e0,CN1CCC(c2noc(-c3cnc(Nc4ccc5c(c4)C(C)(C)OC5=O)nc3N[C@H](CO)c3ccccc3)n2)CC1,1,test
4bbb3b3eb7a615e9fab7f9ed25b29af7308e5f4b,CC1(C)OC(=O)c2ccc(Nc3ncc(-c4nc(C56CCN(CC5)CC6)no4)c(N[C@H](CO)c4ccccc4)n3)cc21,1,train
e93cf566f93922490fba2889c80ee737c3a070b5,CC(C)CC(=O)N1CCCc2cc(CNC(=O)c3ccsc3)ccc21,0,train
195c1d395d36506e4b5cabeadb8199db35b3b1c1,CCCNC(=O)C1(c2ccc(NC(=O)c3cccc(Cl)c3)cc2)CCC1,0,train
4ddb2b25cd84b342b9ce4d890d51da4a5499ef0c,CC(C)CC(=O)N1CCCc2cc(CNC(=O)c3ccc(Cl)cc3)ccc21,0,test
da5dee9214155289d3910a485225a5d51e904cc7,O=C(NCc1ccc2c(c1)CCCN2C(=O)c1cccc(Cl)c1)c1ccc(Cl)cc1,0,train
8b528585716486900b12301d928f1e8dfb1d123d,C[C@@H](NC(=O)c1ccc(Cl)cc1)c1ccc2c(c1)CCCN2C(=O)c1cccc(Cl)c1,1,train
300e71d90baf19e00e5fb5a0f14aae2883893413,C[C@H](NC(=O)c1ccc(Cl)cc1)c1ccc2c(c1)CCCN2C(=O)c1cccc(Cl)c1,1,train
83123566f2acb180b392d3611acb5c27eae3feb7,C[C@@H](NC(=O)c1ccc(Cl)cc1)c1ccc2c(c1)OCCN2C(=O)c1cccc(Cl)c1,1,val
fa1ae48d61fdf7f23f476a8add7fdb662c97b307,C[C@@H](NC(=O)c1ccc(Cl)cc1)c1ccc2c(n1)CCCN2C(=O)c1cccc(Cl)c1,1,train
e5fea5128bf3606829e00828d2b309382342fc8d,C[C@@H](NC(=O)c1ccc(Cl)cc1)c1cc2c(cn1)N(C(=O)c1cccc(Cl)c1)CCC2,0,test
b54a53c1c2b3d0a66a6d563343e826c8bdf1a911,C[C@@H](NC(=O)c1ccc(F)cc1)c1ccc2c(n1)CCCN2C(=O)c1cccc(Cl)c1,0,train
d3c2c7e5e9e656ae912aafaba7a06ed9eb73ee28,COC(=O)N1CCCc2nc([C@@H](C)NC(=O)c3ccc(F)cc3)ccc21,0,train
04e322c28d3bec55eac969b686dc08b3769d271f,CCOC(=O)N1CCCc2nc([C@@H](C)NC(=O)c3ccc(F)cc3)ccc21,0,train
1bf324a9945c9a0b33a7a27788a8a2d848e9ae09,C[C@@H](NC(=O)c1ccc(F)cc1)c1ccc2c(n1)CCCN2C(=O)OC1CC1,0,test
0a693fa4bac279ca7008f3efaad6ad45b6246504,C[C@@H](NC(=O)c1ccc(F)cc1)c1ccc2c(n1)CCCN2C(=O)OC1CCC1,0,val
3c72f39da6626e696c6f8fe68d3fd68314ca5246,Cc1cc(N2CCCc3nc([C@@H](C)NC(=O)c4ccc(F)cc4)ccc32)ccn1,1,val
34d48ce9035b0eb591e550b0e4188bc585fe896a,C[C@@H](NC(=O)c1ccc(F)cc1)c1ccc2c(n1)CCCN2c1ncccn1,0,train
fe1d455704cf16179d8411879b330b2cc4da8496,C[C@@H](NC(=O)c1ccc(F)cc1)c1ccc2c(n1)CCCN2c1ccncn1,0,train
c20e08cb57e112daf2cdfc597e7b476c3f5bd4e4,Cc1nccc(N2CCCc3nc([C@@H](C)NC(=O)c4ccc(F)cc4)ccc32)n1,0,train
31b684a03487669c5cfedb9413441af29abebcd7,C[C@@H](NC(=O)c1ccc(F)cc1)c1ccc2c(n1)CCCN2c1ccnc(C(F)(F)F)n1,0,train
38a4e00418b695c441628984c8562a5240467e60,Cc1c(-c2cc(F)c(N)cc2F)ccc2c3oc(CN)nc3c(=O)n(C3CC3)c12,1,val
c38f9dd4a5a41700b90c68df737a23a9dbb515f7,Cc1c(-c2cnc3[nH]ncc3c2)ccc2c3oc(CN)nc3c(=O)n(C3CC3)c12,0,test
0a37778b43a5fb2cdcb0fee079a04ef954a4975a,Cc1c(-c2ccc3[nH]ncc3c2)ccc2c3oc(CN)nc3c(=O)n(C3CC3)c12,1,test
d8784036e7e97cffada42232795a5f31844cd138,Cc1nc2c(=O)n(C3CC3)c3c(Cl)c(N4CC[C@@H]([C@H](C)N)C4)c(F)cc3c2o1,0,val
3737e2e1b33f72d0be8fcb1fa539586d653d5f35,CNc1nc(Nc2ccc(-n3cnc(Cl)c3)c(OC)c2)nc2c1CCC2c1ccccc1,1,val
f730b5135d83316f57a570c9aa877b27a4837c8f,CNc1nc(Nc2ccc(-n3cnc(C)n3)c(OC)c2)nc2c1CCC2c1ccc(F)cc1,1,test
348a46e11fffe8507d6e47921ef197ae8a8b1007,FC(F)Oc1ccc(-c2nnc3cncc(OCCC45C6C7C8C6C4C8C75)n23)cc1,1,train
5794ecc053eef7c92fc2d6bddd3288c00838df70,FC(F)Oc1ccc(-c2nnc3cncc(OCCc4ccccc4)n23)cc1,1,test
8f28e48155fa4c509d85e519ed720dd7414e1352,Cn1ccc2c(-c3nc4c(-n5cc(N[C@@H]6CCOC[C@@H]6N)cn5)ccnc4[nH]3)cccc21,1,train
2b523f21bbcf880ee902a66394cdb4e7af545471,CNC(=O)c1nc(C)n2ccc(Nc3nccc(-n4cc(CN(C)C)cn4)n3)cc12,1,train
8dc9d2685d417789a16fd557098d9aacd1d7607d,CNC(=O)c1nn(C)c2ccc(Nc3nccc(-n4cc(N[C@@H]5CCOC[C@@H]5N)cn4)n3)cc12,0,train
b3f533bc813f3bd0c29f73235f9e546c80c064f9,CNC(=O)c1nn(C)c2ccc(Nc3nccc(-n4cc(N[C@@H]5CCOC[C@@H]5N)c(C)n4)n3)cc12,0,train
b9942701783ba270870338000a961c7bb2b0eff6,CNC(=O)c1nn(C)c2ccc(Nc3nccc(-n4cc(NCC5(N)CC5)c(C)n4)n3)cc12,0,test
44cef01df47744d51f16e4bf9f5e077305242951,Cc1nn(-c2ccnc(Nc3ccc4c(c3)c(C(=O)C(F)(F)F)cn4C)n2)cc1N[C@@H]1CCOC[C@@H]1N,1,train
f43f7cc7b16140dad6e6e00c94dde97164bce6ec,Cc1nnc(-c2nn(C)c3ccc(Nc4nccc(-n5cc(N[C@@H]6CCOC[C@@H]6N)c(C)n5)n4)cc23)o1,0,train
bf3da80a6b6daaa988511648844cf309b5a63d07,CNC(=O)c1nn(C)c2ccc(Nc3nccc(-n4cc(O[C@@H]5CCNC5)c(C)n4)n3)cc12,1,train
251b2a6fed62a1c6c37dd43ba83c630af25f0f01,CNC(=O)c1nn(C)c2ccc(Nc3nccc(-n4cc(O[C@@H]5CCCNC5)c(C)n4)n3)cc12,1,val
80554e20643ff0eb418f332ca6c0fd9239e5daae,CNC(=O)c1nn(C)c2ccc(Nc3nccc(-n4cc(N[C@H]5CNC[C@@H]5F)c(C)n4)n3)cc12,0,train
9996ddfce1f700cf46ba41278cc4d0f98cbfef75,CNC(=O)c1nn(C)c2ccc(Nc3nccc(-n4cc(O[C@H]5CNC[C@H]5F)c(C)n4)n3)cc12,1,train
680399cdd9b5aa118e8d5be3a232abc251fe98ff,C[C@H]1CC(C(=O)O)CCC1C(=O)N1CC[C@@]2(S(=O)(=O)c3ccccc3)c3cc(F)c(C(F)(C(F)(F)F)C(F)(F)F)cc3CC[C@@H]12,0,val
08876f3a456bbd1ec3f09ba4fb1239c3c0830f0e,Cc1c(F)c(Nc2ccc(-c3cn(C)cn3)cn2)cc2c1ncn2CC1CC1,0,test
d62ae848ebca28b98c286b0724d95a15ac75dc12,CC1(N)CCN(c2cnc(-c3cccc(Cl)c3Cl)c(N)n2)CC1,1,train
e3cb57c3adcbf63ba3f3100f44e9e1b1c169e942,CC1(N)CCN(c2cnc(Sc3cccc(Cl)c3Cl)c(N)n2)CC1,1,train
70a91a54ee459d22d2306a786d56a50c3bda838d,CC1(N)CCN(c2cnc(Sc3ccccc3Cl)c(N)n2)CC1,1,train
7a2277b8d8d0a2ae821011908eed684c4d02097d,CC1(N)CCN(c2cnc(Sc3cccnc3C(F)(F)F)c(N)n2)CC1,0,train
4c32a690af25315c94d57e076511dcfaa76f4f44,CC1(CN)CCN(c2cnc(Sc3cccc(Cl)c3Cl)c(N)n2)CC1,1,train
8ceb1c6613d6f012d926904f20e468afd1e09267,CC1(CN)CCN(c2cnc(-c3cccc(Cl)c3Cl)c(N)n2)CC1,1,train
8132099a0d1a41c9bffd59bb5416139926795c27,CC1(CN)CCN(c2cnc(Sc3cccnc3C(F)(F)F)c(N)n2)CC1,0,train
56f2a4223310620c9d1e8a466eea6b710b374898,Nc1nc(N2CCC3(CCC[C@H]3N)CC2)cnc1Sc1cccnc1C(F)(F)F,1,train
fba2768f518c3d718b4db48685d86bf0d076ac78,Nc1nccc(Sc2cnc(N3CCC4(CCC[C@H]4N)CC3)cn2)c1Cl,0,train
cd74a2846823ff2ae558441b3da6538ee46e8f41,CCn1nc2c(c1Nc1nc(-c3ccc(-n4cnc(C)c4)c(OC)n3)cs1)CCCC2,1,train
13f6d5d06e53f5a62e86fb960ef413faa4acfe00,COc1nc(-c2csc(Nc3c4c(nn3C(C)(C)C)CCCC4)n2)ccc1-n1cnc(C)c1,1,train
11c87e6f7b1753c8e21aeb95d6fe8d34aad19662,COc1nc(-c2csc(Nc3c4c(nn3CCF)CCCC4)n2)ccc1-n1cnc(C)c1,0,train
8080b62da211da558203521f9fa8e18c2a394cab,COc1nc(-c2csc(Nc3c4c(nn3CCO)CCCC4)n2)ccc1-n1cnc(C)c1,1,train
489f251b9faaba00ea6d6f7c0cef44ef46f25f7e,COc1nc(-c2csc(Nc3c4c(nn3CC(C)(C)O)CCCC4)n2)ccc1-n1cnc(C)c1,1,train
bb7fbd36857b7d4f072326aef4ca7ffd119c2e94,CCn1nc(C2(C)CC2)cc1Nc1nc(-c2ccc(-n3cnc(C)c3)c(OC)n2)cs1,0,test
a63cfdcc31778d784a03d1ffacad9a419719c7b8,CCn1nc(C(F)(F)F)cc1Nc1nc(-c2ccc(-n3cnc(C)c3)c(OC)n2)cs1,0,train
cf7a2a867f27e74b6c7a5cd272c08273360ece25,COc1nc(-c2csc(Nc3c4c(nn3C)CCC4)n2)ccc1-n1cnc(C)c1,1,train
40d63289a278a04a63af1ccf2086622d862e5c10,CCn1nc2c(c1Nc1nc(-c3ccc(-n4cnc(C)c4)c(OC)n3)cs1)CCC2,1,train
68010495c1586fa274557ec568bdd44f3e8f5d7b,COc1nc(-c2csc(Nc3c4c(nn3CCF)CCC4)n2)ccc1-n1cnc(C)c1,1,train
31c7a8e11609c3facf47e99912df7089f145fe15,COc1nc(-c2csc(Nc3c4c(nn3CC(F)(F)F)CCC4)n2)ccc1-n1cnc(C)c1,1,train
3cad151a82457dcf2422ad982336631160b792db,CCCCCN(CCCCC)Cc1cc(C(=O)O)ccc1NC(=O)c1cc2cc(F)cc(NC)c2[nH]c1=O,0,train
8308ef7a266829d12b482bc932dfddb4abf8adbc,CNc1cc(F)cc2cc(C(=O)Nc3ccc(CO)cc3CN(CCO)C3CCCCC3)c(=O)[nH]c12,1,train
959e6eb5b33e661d7f78e83b572ef975b56a6326,COc1ccc(-c2c(-c3ccc(C#N)c(F)c3)nc(N3CCC(N)CC3)n(C)c2=O)cc1F,1,val
6cef880f8880620521d336f028a3b1f4459a2c6d,CC(C)CN1C[C@H](Cc2ccc(Cl)cc2)N(C2CCN(c3n[nH]c(N)n3)CC2)C[C@@H]1C,1,train
e6b90671130648e658db48a0418c268b48b7db5a,Nc1n[nH]c(N2CCC(N3CC(=O)NC[C@@H]3Cc3ccc(Cl)cc3)CC2)n1,0,test
93326ea5d2e1c70e6287cb97413b9cee02cd2357,C[C@H]1CN(C2CCN(c3n[nH]c(N)n3)CC2)[C@@H](Cc2ccc(Cl)cc2)CO1,0,train
784acd117877c3936dbd9af7a72765d07e579d53,CC[C@H]1CN(C2CCN(c3n[nH]c(N)n3)CC2)[C@@H](Cc2ccc(Cl)cc2)CO1,0,train
67e8a0797dff8821e597c0b077c5ee49544cf418,CC(C)[C@H]1CN(C2CCN(c3n[nH]c(N)n3)CC2)[C@@H](Cc2ccc(Cl)cc2)CO1,0,train
d16d2e7214827c7adb3fe40a73627e99c03a2994,CC(C)C[C@H]1CN(C2CCN(c3n[nH]c(N)n3)CC2)[C@@H](Cc2ccc(Cl)cc2)CO1,1,train
fb1f267751a478d5e4ffe80cbce70b6aecef95ef,Nc1n[nH]c(N2CCC(N3C[C@H](CO)OC[C@@H]3Cc3ccc(Cl)cc3)CC2)n1,0,train
167485ca6acefe94881b11454de3be1a09e05223,COC[C@H]1CN(C2CCN(c3n[nH]c(N)n3)CC2)[C@@H](Cc2ccc(Cl)cc2)CO1,0,train
53f7658363bfae8cc95fd3c46c04e7eef0c2de95,Cc1cn([C@@H](C)[C@]2(F)CCNC2)c2nc(C(N)=O)cc(Cl)c12,0,train
e16ee80c86d7810c8f4a34a9903b134cc50673aa,Cc1cn([C@H](C)[C@]2(F)CCNC2)c2nc(C(N)=O)cc(Cl)c12,0,train
5982fc5f15b384fa5ec7f078625ca525d5eeacca,Cc1cn([C@H](C)[C@H]2CCNC[C@@H]2F)c2nc(C(N)=O)cc(Cl)c12,1,train
f7c26d43421b3d32bb84a4e3a6978437bce4d257,Cc1cn([C@H](C)[C@@H]2CCNC[C@H]2F)c2nc(C(N)=O)cc(Cl)c12,1,train
f2b6501cb9cebbd78cd74e63ad8d7beb739c8ade,Cc1cn([C@@H](C)[C@H]2CCNC[C@H]2F)c2nc(C(N)=O)cc(Cl)c12,1,train
ef7d01855987720562414327ed4618169fd0930e,Cc1cn([C@@H](C)[C@@H]2CCNC[C@@H]2F)c2nc(C(N)=O)cc(Cl)c12,1,train
c3d59113d18835ab1075370e69ea6f6a639d0284,CN1CCCN(c2nccc3[nH]c(-c4ccc(F)c(F)c4)nc23)CC1,1,train
6b92e6a4b375a176db60d3aa2b985baa4d4be1d8,CN1CCN(CC2CCN(c3nccc4[nH]c(-c5cc(F)cc(F)c5)cc34)CC2)CC1,1,val
7045dbc503a0d5fd23beeebb153f7f040e2c9126,Fc1ccc(-c2nc3c(N4CCNCC4)nccc3[nH]2)cc1F,1,test
c696084bffaf1ecf276e42fe1bcc98d8a664dedc,CN1CCN(C(=O)C2CCN(c3nccc4[nH]c(-c5ccc(F)c(F)c5)nc34)CC2)CC1,0,train
7338439819a11eee9e40e456d032257b9b0d6c87,CN1CCN(C(=O)C2CCN(c3nccc4[nH]c(-c5ccc(F)c(F)c5)cc34)CC2)CC1,1,train
9173fd561379e255ce6ea6ec0e541829ef27821d,CN1CCN(C2CCN(c3nccc4[nH]c(-c5cc(F)cc(F)c5)cc34)CC2)CC1,1,train
adb986294956ccb8a5468f53c41eb0717ab97727,CN1CCCN(c2nccc3[nH]c(-c4cc(F)cc(F)c4)nc23)CC1,1,train
e54a498c9b5b265a5fda601befdf6c5d49218e8c,CC[C@@H](c1nc2cccc(F)c2c(=O)n1C1CC1)n1nc(-c2ccc(OC)c(F)c2)c2c(N)ncnc21,0,test
09df54ef48bf77c29b701f88caabca136779191e,Cc1cc(COCCN2CCCC2)nn1-c1ccc(Cl)c(Cl)c1,1,val
8096cd634aa03a4bbe4e7300340e254c91f21962,CC(=O)N1CCN(CCCOCc2cc(C)n(-c3ccc(Cl)c(Cl)c3)n2)CC1,1,test
33928ea4b2a77eb8de588ff5a61bcbde6633b9c3,C[C@@H](c1cc(OCC(F)F)ccn1)n1cnc2c(N)nc(Cl)nc21,0,test
1781d8e4c7dc20bd04634e1d427b1c9f779e24f0,O=C(NC1CCN(C2CCCCC2)CC1)c1cc(-c2ccc(F)cc2F)on1,1,train
ce43add969313a9b6ebcd5b0a55535a98139fb62,O=C(NC1CCN(C2CCCCC2)CC1)c1noc(-c2ccc(F)cc2F)n1,1,val
ab5e392ccfc9cddde23e3aac431d36fdc911252e,O=C(NC1CCN(C2CCCCC2)CC1)c1nnc(-c2ccc(F)cc2F)o1,1,val
5202b374f2ea24dff9a6cfe04459ea1efab3e989,CN(C)C(=O)C1CN(C2CCCCC2)CC[C@@H]1NC(=O)c1cc(-c2ccc(F)cc2F)on1,1,train
75cc0bfa8e66f247a57511a64c1e8854dce4030c,C[C@@H](NC(=O)C1CN(C2CCCCC2)CC[C@@H]1NC(=O)c1cc(-c2ccc(F)cc2F)on1)c1ccccn1,1,train
dcb53f47922268a9560baf0a350454b20c4837e0,O=C(N[C@H]1CCN(C2CCCCC2)CC1C(=O)N[C@H](CO)c1ccccc1)c1cc(-c2ccc(F)cc2F)on1,1,train
75b7c051097800db8326e63844abc9c6f175d8c9,O=C(N[C@H]1CCN(C2CCCCC2)CC1C(=O)NCCc1ccccn1)c1cc(-c2ccc(F)cc2F)on1,1,test
2b54b8e6dc5af9ed3ed8754ed33a94a59bce2dc1,CC(C)(NC(=O)C1CN(C2CCCCC2)CC[C@@H]1NC(=O)c1cc(-c2ccc(F)cc2F)on1)c1ccccn1,1,train
99594eec94c8c7bb6a84bc74ae26f4f106807b74,O=C(N[C@H]1CCN(C2CCCCC2)CC1C(=O)NC1(c2ncccn2)CC1)c1cc(-c2ccc(F)cc2F)on1,1,val
22f6c1ad0936282ebeebb7e28e5cb34d938ddaf5,CCCN1CC[C@H](NC(=O)c2cc(-c3ccc(F)cc3F)on2)C(C(=O)NC2(c3ncccn3)CC2)C1,1,val
8129621518dd52e369b2a2778467887c394d8bb4,O=C(N[C@H]1CCN(CC2CC2)CC1C(=O)NC1(c2ncccn2)CC1)c1cc(-c2ccc(F)cc2F)on1,1,train
916685215ba6a4a133b39915d736d1c0be5ca3a5,O=C(N[C@H]1CCN(CC2CCC2)CC1C(=O)NC1(c2ncccn2)CC1)c1cc(-c2ccc(F)cc2F)on1,1,train
84fd553479dfc5aada85fae6fe15c2cec2ad3fc5,O=C(N[C@H]1CCN(C2CCCC2)CC1C(=O)NC1(c2ncccn2)CC1)c1cc(-c2ccc(F)cc2F)on1,1,val
59a902d03091c7bffe0ad642aaa34aa4469aa4a0,CC1(CN2CC[C@H](NC(=O)c3cc(-c4ccc(F)cc4F)on3)C(C(=O)NC3(c4ncccn4)CC3)C2)CC1,0,train
79a997099258922658a2ceae3a9e5a18200209f0,Cc1cc(Nc2ccc(S(F)(F)(F)(F)F)cc2)n2nc(C(C)(F)F)nc2n1,1,val
71460bf3e2327b099c30fd3143d70b873f06974d,Cc1cc(NC2CCc3cc(F)ccc3C2)n2nc(C(C)(F)F)nc2n1,1,train
0b1bc5dafe4ab1340896ecf1bc086a950fc13f4b,Cc1cc(NC2CCc3cc(Cl)ccc3C2)n2nc(C(C)(F)F)nc2n1,1,train
7be02e62a56a084a7530a4c9701a2cea7ecf53b0,Cc1cc(N[C@H]2CCc3ccc(Cl)cc3C2)n2nc(C(C)(F)F)nc2n1,1,train
3bbd48575e539ad75e975c05ff9cab3d51203345,Cc1cc(NC2CCc3cc(Br)ccc3C2)n2nc(C(C)(F)F)nc2n1,1,train
e8b99c73bba78d20eee0ad53ff1c122cf17aae0a,Cc1cc(NC2CCc3ccc(Br)cc3C2)n2nc(C(C)(F)F)nc2n1,1,train
811f8560cce0a03bd470ebce5575b372478d3982,COc1ccc2c(c1)CC(Nc1cc(C)nc3nc(C(C)(F)F)nn13)CC2,1,train
1b1bbb60b75032187995a03dcffa26e9bc6a5e43,Cc1cc(NC2Cc3cc(F)c(F)cc3C2)n2nc(C(C)(F)F)nc2n1,1,val
5d7bd99b181b2a9625b4f0a9ca4deba8eb9f0767,N#Cc1cnc(Nc2cc(NC[C@H]3CNCCO3)c(-c3cccc(F)c3)cn2)cn1,1,train
100a118cbdd8c3b52bb045e1d787d4bf6d89ed1d,N#Cc1cnc(Nc2cc(NC[C@@H]3CNCCO3)c(-c3cccc(F)c3)cn2)cn1,1,train
ace1a0f81d32fd930a64c2ccb17904f8044619e7,Cc1cnc(-c2cnc(Nc3cnc(C#N)cn3)cc2NC[C@H]2CNCCO2)s1,0,val
e51b80fb863fbf1208377f5ccfce29faf028c929,Cn1cc(-c2cnc(Nc3cnc(C#N)cn3)cc2NC[C@H]2CNCCO2)cn1,1,train
d95fe9f8c63decf3bbbfd679aae0501cb218fa8d,Cn1cc(-c2cnc(Nc3cnc(C#N)cn3)cc2NC[C@@H]2CNCCO2)cn1,0,train
8899fde12dd78327f3f2daa19d96f89f21e9a989,Cn1cc2cc(-c3cnc(Nc4cnc(C#N)cn4)cc3NC[C@H]3CNCCO3)ccc2n1,0,val
c09b6013d78745137fca3a89c38bcbcfe0e47fe0,CC(C)(O)C#Cc1cnc(Nc2cnc(C#N)cn2)cc1NC[C@@H]1CNCCO1,0,train
756a4876b90670f825670e53c420ae3e1e38c011,N#Cc1cnc(Nc2cc(NC[C@@H]3CNCCO3)c(C#CC3(O)CCCC3)cn2)cn1,0,train
41203c862b013c26e7582478fcd9fcd7f735a40c,C#Cc1cnc(Nc2cnc(C#N)cn2)cc1NC[C@@H]1CNCCO1,1,train
f4205471b3f081ad3b1e0d7a5b0dec2af585fb91,N#Cc1cnc(Nc2cc(NC[C@@H]3CNCCO3)c(C3CC3)cn2)cn1,1,train
8f011b6dc88cef83437a8e5c00f1fab44a97bd4e,N#Cc1cnc(Nc2cc(NC[C@H]3CNCCO3)c(Cl)cn2)cn1,1,train
6504c3251edee890fe71f39cbe650d65942ebbbe,N#Cc1cnc(Nc2cc(NC[C@H]3CNCCO3)c(C(F)(F)F)cn2)cn1,1,train
c63bb65ee999ad1025c93b3a782cdd741fcd26d6,COc1ccc(-c2nc(N3CCOCC3)c3sc(CN(C)c4ncc(C(O)=NO)cn4)cc3n2)cn1,0,val
ced7dd2bc1c6c0fd11ec2270bf3570b93ea134a4,Cc1nc(CN(C)[C@H]2CCCc3cccnc32)cc(N2CCN(C)CC2)n1,1,train
f7446b0f537435e2594a306bd8c568e97f2517a2,OCCCC(=C(c1ccc(O)cc1)c1ccc(C2CCN(C3CC3)C2)cc1)c1ccccc1,1,test
e713cd9c9a64a18e6a3a008ef178e2d2e987ff5b,OCCCC(=C(c1ccc(O)cc1)c1ccc(C2CCNCC2)cc1)c1ccccc1,0,train
7db9cbb2b2fc21d50c3b4935a010ccbf76c708ee,CC(C)N1CCC(c2ccc(C(=C(CCCO)c3ccccc3)c3ccc(O)cc3)cc2)CC1,0,train
df27d7f63659b487657e5e9363589b657a237708,CC(C)N1CC=C(c2ccc(/C(=C(/CCCO)c3ccccc3)c3cccc(O)c3)cc2)CC1,0,train
a7abb318408f87576c2801f1a6ea3d5b09ac32c3,CC(C)N1CC=C(c2ccc(C(=C(CCCO)c3ccccc3)c3ccc(O)cc3)cc2)CC1,1,train
7f044484fde02544f32f2cc44e207b1eed421f1c,CC(C)N1CCC(c2ccc(C(=C(CCCO)c3ccc(F)cc3)c3ccc(O)cc3)cc2)CC1,0,train
64122681b6537d06b88bba2dde4e7bf30884f444,CC(C)N1CCC(c2ccc(C(=C(CCCO)c3ccc(F)cc3F)c3ccc(O)cc3)cc2)CC1,0,train
df0d7f649b956baf5df2caff8707aef61aaf3385,CNC(=O)c1[nH]nc2cc(-c3ccc(-n4cccc(C)c4=O)cc3Cl)ccc12,0,train
0bd0c152648535182ed2dc027fb1b6fde209cbe7,Cc1cccn(-c2ccc(-c3ccc4c(C(=O)NCC5CC5)[nH]nc4c3)c(Cl)c2)c1=O,0,test
2d0f835aa02b49d5b512efbc210eb56209265e73,CN[C@@H]1C[C@H]2O[C@@](C)([C@@H]1OC)n1c3ccccc3c3c4c(c5c6ccccc6n2c5c31)C(=O)NC4,0,train
83142144d7b55d3efb889866d7ab79bf4f3f299d,Cc1nc(Nc2[nH]nc3c2CN(C(=O)N[C@H](CN(C)C)c2ccccc2)C3(C)C)c2sccc2n1,0,train
df434a5317d307e4d202f7b52ff265c6ba8005a1,CCNC(=O)c1[nH]nc2cc(-c3ccc(-n4cccc(C)c4=O)cc3Cl)ccc12,0,train
0240b03f07a58f04796062972bbc1605f7c68b8b,Cc1cccn(-c2ccc(-c3ccc4c(C(=O)NCc5ccncc5)[nH]nc4c3)c(Cl)c2)c1=O,0,train
02f54e17ae74a532713ddb48eea5c513ef75883f,CN1CCc2ccc(OCCCN3CCC(c4noc5cc(F)ccc45)CC3)cc2C1=O,1,val
c02e15c428aa3ef0385a76eeb8c1ebefcd2e3948,Cn1ccc2ccc(OCCCN3CCC(c4noc5cc(F)ccc45)CC3)cc2c1=O,1,val
440eaac5b6b635347b9cb87b833ee4bf4e617d63,COc1ccccc1S(=O)(=O)/C=C/c1ccccc1Cl,0,val
0ffc0d75559822fb13d8c8fc71b4d69e7f60fe0b,O=C1CCC(N2Cc3cc(CNC(=O)C(F)(F)c4ccc(Cl)cc4)ccc3C2=O)C(=O)N1,1,val
bffd04535c71e4fab05d9fb9af16463072ff8464,C[C@H](NC(=O)c1cc(C(F)(F)F)nn1C)c1nc(-c2ccnc(C(F)(F)F)c2)no1,0,test
28e52d0739ff5d36f881251a5840aebe33637d9b,Cn1cc(-c2nc3c(-c4ccnc(OC5CC5)c4)cnn3cc2OCCC(C)(C)O)cn1,0,train
f33244199273b62c1d7bd6621230c59de31784e9,Cc1cc(Nc2nc(Nc3ccccc3S(=O)(=O)C(C)C)c3c(C)[nH]nc3n2)c(OC(C)C)cc1C1CCN(C)CC1,0,train
e5c32c6206ed7618dc77ebbbb0f918e235816274,Cc1cc(Nc2nc(Nc3ccccc3S(=O)(=O)C(C)C)c3c[nH]nc3n2)c(OC(C)C)cc1C1CCN(C)CC1,1,train
8347d52b981cfd520a7b544867971eb34fd6c5cd,Cc1cc(Nc2nc(Nc3ccccc3S(=O)(=O)C(C)C)c3cc[nH]c3n2)c(OC(C)C)cc1C1CCN(C)CC1,1,train
472414eec93d27b19ee288bc6bfbfc550a5b7620,Cc1cc(Nc2nc(Nc3ccccc3S(=O)(=O)C(C)C)c3cc[nH]c3n2)c(OC(C)C)cc1C1CCNCC1,1,train
e442da491deb2980b1d4c3e5fef006bcde3f54e9,Cc1cc(-c2ccc3c(c2)-c2nnc(Oc4cccc(Cl)c4F)n2CCO3)ccn1,1,train
9566a576b21518d08d06fd938c1e6b1a5376a264,Cc1cc(-c2ccc3c(c2)-c2nnc(Oc4ccccc4Cl)n2CCO3)ccn1,1,train
32e4fcb7259dd607ac18002bdf2bd8db0b37a423,Cc1cc(-c2ccc3c(c2)-c2nnc(Oc4ccccc4OC(F)(F)F)n2CCO3)ccn1,1,train
bc4003aae76b06004c4d7f3f6ffc94ab300e72dc,Cc1cc(-c2ccc3c(c2)-c2nnc(Oc4cccc(OC(F)(F)F)c4)n2CCO3)ccn1,1,train
aed890527664dbd81d401af14b0511731f63d389,Cc1cc(-c2ccc3c(c2)-c2nnc(Oc4cccc(Cl)c4)n2CCO3)ccn1,1,train
cf738cff8a50bb18b9a9764980bccde0a0d52afc,Cc1cc(-c2ccc3c(c2)-c2nnc(Cc4cccc(Cl)c4)n2CCO3)ccn1,1,test
b8538be4c42a6bcdf70e0f041da775961e6e104f,Cc1cc(-c2ccc3c(c2)-c2nnc(Nc4cccc(OC(F)(F)F)c4)n2CCO3)ccn1,1,train
4a85113334f6bb855d70dc2585db817dd47685a9,FC(F)(F)Oc1cccc(Nc2nnc3n2CCOc2ccc(-c4ccncc4)cc2-3)c1,1,train
0c88a243134430ce8515120c2665564078b25539,CCc1cc(-c2ccc3c(c2)-c2nnc(Nc4cccc(C(F)(F)F)c4)n2CCO3)ccn1,1,train
7ee8944bce41bd955e5013e2754321a201a32fcb,Cc1cc(-c2ccc3c(c2)-c2nnc(Nc4cccc(C(F)(F)F)c4)n2CCO3)ccn1,1,train
bceae156481738c81956a6e4f243633801eabad7,FC(F)(F)c1cccc(Nc2nnc3n2CCOc2ccc(-c4ccncc4)cc2-3)c1,1,train
26e54ce7e66bb9c3688ce9699a9e7b8172545cef,Cc1cc(-c2ccc3c(c2)-c2nnc(Nc4cccc(Cl)c4)n2CCO3)ccn1,1,train
4dda0ca60549529bf2ffafbd985fd4631192433d,Nc1ncc(-c2ccc(C(=O)N3CCC(N)C3)cc2)nc1-c1ccc(C(F)(F)F)cc1,1,train
84a400b2ac6436be39a0dfd0458fae11aa8b6e83,CC(C)(C)N1CCN(C(=O)c2ccc(-c3cnc(N)c(-c4ccc(C(F)(F)F)cc4)n3)cc2)CC1,1,train
904747d457740d2148702a5d205b8b5f27398863,CN1CCCN(C(=O)c2ccc(-c3cnc(N)c(-c4ccc(C(F)(F)F)cc4)n3)cc2)CC1,1,train
20db8988af0283fb1e6bbf924a4682cf901957ff,Nc1ncc(-c2ccc(C(=O)N3CCNCC3)cc2)nc1-c1ccc(C(F)(F)F)cc1,1,train
96d0cfbd9d11692d541364a506749f1c2d73c721,C=CC(=O)N1CCC(Cn2cc(-c3ccc4c(c3)OCO4)c3c(N)ncnc32)CC1,0,test
1ec230d2296de2203426efc463048d60077141bf,COc1cnc(-n2cnc(C)n2)c2[nH]cc(C(=O)C(=O)N3CCN(C(=O)c4ccccc4)CC3)c12,0,val
520d4feba13571e70c51590e5e9d3ffbdeee8696,NC[C@H](NC(=O)c1ccc(-c2ccc(C(F)(F)F)c(F)c2)[nH]1)c1nc(CO)cs1,1,train
80c7542bee211671105c696a77a43033fd2cfe0c,NC[C@H](NC(=O)c1ccc(-c2cc(F)c(Cl)c(F)c2)[nH]1)c1nc(CO)cs1,1,train
4c3b0ab591cc032ce6e2afb56a759749ab766689,COCCOc1cc(NC(=O)N2CCCc3cc(CN4C[C@@H](C)N[C@@H](C)C4)c(C=O)nc32)ncc1C#N,0,train
c603efd9fe9405df3ef37fd5385d4a336affd7d2,COCCOc1cc(NC(=O)N2CCCc3cc(CN4CCN(C)C(=O)C4)c(C=O)nc32)ncc1C#N,0,val
0326a69287935c2e29a9120cb9f51b1072fe0649,COCCOc1cc(NC(=O)N2CCCc3cc(CN4CCC(N(C)C)C4=O)c(C=O)nc32)ncc1C#N,1,test
f38ca3be79bea27298de00d843bec72d77decb20,COCCOc1cc(NC(=O)N2CCCc3cc(CN(CCN(C)C)S(C)(=O)=O)c(C=O)nc32)ncc1C#N,0,train
48be776eb72352401b7e4edca0d43a327ccafc0c,COCCOc1cc(NC(=O)N2CCCc3cc(CN(CCN(C)C)C(C)=O)c(C=O)nc32)ncc1C#N,0,train
f659867de5109947593b516ac6b317be4d2ad6f2,COCCOc1cc(NC(=O)N2CCCc3cc(CN(C)C(=O)CN(C)C)c(C=O)nc32)ncc1C#N,1,train
fda2f239ba7fbd88ed59f2c65a82bf4ca45f525e,COCCOc1cc(NC(=O)N2CCCc3cc(C4CCN(CC(F)(F)F)CC4)c(C=O)nc32)ncc1C#N,1,train
e1b5a0a811dfa8192ac8be812a2f321890685c62,COCCOc1cc(NC(=O)N2CCCc3cc(C4CCN(C5COC5)CC4)c(C=O)nc32)ncc1C#N,0,train
2ed7dd84e7c0fdf1a637e0b1066f17d0ee98c065,CN(C)CC(C)(C)COc1cc(NC(=O)N2CCCc3cc(C(F)F)c(C=O)nc32)ncc1C#N,0,train
5ba37b8ae96e4b7df2f71d881dbf775659008018,CN1CCC(COc2cc(NC(=O)N3CCCc4cc(C(F)F)c(C=O)nc43)ncc2C#N)CC1,1,val
b7e5c9f49fd3b903ad486f3022bf8e6b91e4ce16,CN(C)CC(C)(O)CNc1cc(NC(=O)N2CCCc3cc(CO)c(C=O)nc32)ncc1C#N,0,train
abbb1d16b151b679ce219ce5dbaf9e72b37cc91d,ON=C(O)c1ccc(CCCN2CCC(CN[C@H]3C[C@@H]3c3ccccc3)CC2)cc1,1,train
aca35d8c57c54e23d178dbc2186711c2d452eca2,CCOc1cc(C(=O)N2CCC(N3CCCC3)CC2)ccc1Nc1cc2c(cn1)N(C)C(=O)c1ccccc1N2C,1,val
6e99aa639ae41b7177716c90ea4ba86e8f732865,Nc1cc(F)c(S(=O)(=O)N2CCC(O)CC2)cc1C(=O)Nc1ccc(F)c(F)c1,0,train
7ff087444ac30f891db4e7be832e8e59f1f5d859,CNCCOc1ccccc1C(C)(C)Nc1nccn(-c2cc(C(=O)NC3CC3)ccc2C)c1=O,0,train
0b5cf2f927aab7718fd675103b760317c7f03859,COc1ccc2c3c([nH]c2c1)[C@@H]1N(CC3)C(=O)c2c(OC)cccc2N1C,0,test
0baa672ab5123cf97e6bd3f32af62a27e79a43e9,CC(=O)Nc1ccc(OCCCN2CCC(c3noc4cc(F)ccc34)CC2)cc1,1,train
767f01d2a2e88d9984c09b5d018af49a97c25f22,CC(=O)Nc1ccc(OCCCCN2CCC(c3noc4cc(F)ccc34)CC2)cc1,1,train
3324bf285a341550f6540497f61a8c34ab2e8160,C=CC(=O)N1CCC[C@@H](n2nc(-c3ccc(Oc4ccccc4)cc3)c3c(N)n[nH]c(=O)c32)C1,1,train
94722b315acdc771280587138d98461553b5d222,CSc1ccccc1C(=O)NCCCC[C@H](NC(=O)c1cncs1)c1nc(-c2ccc3ccccc3c2)c[nH]1,1,train
5f4f9aec4c3b55f0c7e8b24b05b2a517ceef7d03,COc1nc2ccccc2cc1-c1c[nH]c([C@H](CCCCNC(=O)c2ccccc2SC)NC(=O)c2cncs2)n1,1,train
beb51de0818a3f3abbc3589318c4ccc5e4f8883d,COc1nc2ccccc2cc1-c1nnc([C@H](CCCCNC(=O)c2ccccc2SC)NC(=O)c2cncs2)o1,0,train
cc2447eb3c2915e9bf87af99b48bb4dd5ed8106c,N#Cc1cncc(NC(=O)COc2ccc(C(=O)c3cc(Cl)ccc3Br)cc2)c1,1,train
84f75fc56533680c026e32ce75606b0af7c28f55,O=C(COc1ccc(C(=O)c2ccccc2Br)cc1)Nc1cccnc1,1,train
46a93f00dfc32b048766ff37ff5e3a3d1588d076,O=C(COc1ccc(C(=O)c2cc(Cl)ccc2Br)cc1)Nc1ccncc1,1,train
12bd21df7aa1d381d0e067be363e8805ed769adb,O=C(COc1ccc(C(=O)c2cc(Cl)ccc2Br)cc1)Nc1ccnc(F)c1,1,train
b3bceb5c1eb8b996a53b9f1b06adab97ee3a78dc,N#Cc1cc(NC(=O)COc2ccc(C(=O)c3cc(Cl)ccc3Br)cc2)ccc1F,1,train
002584276723a960dcbea583476e88f4d57fb929,CNC(=O)c1cccc(NC(=O)COc2ccc(C(=O)c3cc(Cl)ccc3Br)cc2)c1,1,train
93e60c90eebae86c1bacad01e9adc6e68253da10,O=C(COc1ccc(C(=O)c2cc(Cl)ccc2Br)cc1)Nc1cccc(C(=O)NCC2CC2)c1,1,train
e717162629430963a500aeb44cdd779b41a9c23f,O=C(COc1ccc(C(=O)c2cc(Cl)ccc2Br)cc1)Nc1cccnc1,1,train
066dc7056ff33021c247db98a95859ce1c7cb856,Cc1cc(NC(=O)COc2ccc(C(=O)c3cc(Cl)ccc3Br)cc2)ccn1,1,train
9c75cf559305677090682e4fafc5474ed3c61f7b,Cc1cnccc1NC(=O)COc1ccc(C(=O)c2cc(Cl)ccc2Br)cc1,1,train
84cec424b0145c67439e5811808bdaf0710783f6,Cc1ccc(C#N)cc1NC(=O)COc1ccc(C(=O)c2cc(Cl)ccc2Br)cc1,1,train
11dc78281590e9614e90c055b2fc4f794172f4c5,N#Cc1cccc(NC(=O)COc2ccc(C(=O)c3cc(Cl)ccc3Br)cc2)c1F,1,train
2476cafae430bd3978172a472b379c633cb49e7c,O=C(COc1ccc(C(=O)c2cc(Cl)ccc2Br)cc1)Nc1cccc(C(=O)NC2CC2)c1,1,test
9f4b06ffaad8a1960d57639ce1af5bea7a501990,O=C(COc1ccc(C(=O)c2cc(Cl)ccc2Br)cc1)Nc1ccc(Cl)c(C(=O)NCC2CC2)c1,1,train
19353fed367449a40ce4db4d052f2c857c79ed21,N#Cc1cccc(NC(=O)COc2ccc(C(=O)c3cc(Cl)ccc3Br)cc2)c1,1,train
527b0b8da9975a8c78a1d41a2466484d5515d1cd,O=C(COc1ccc(C(=O)c2cc(Cl)ccc2Br)cc1)Nc1cncc(C(=O)NCC2CC2)c1,1,val
91c5988b8e5b61e6c89232a9ca6c7152024df23e,O=C(COc1ccc(C(=O)c2cc(Cl)ccc2Br)cc1)Nc1ccnc(C(=O)NCC2CC2)c1,1,test
7dcc9b9ff277d8a49debfa1e5e1e0118634af989,NC(=O)c1cccc2cc(C(=O)N3CCN(c4nc(-c5cnc(NC(=O)CN6CCOCC6)cc5C(F)(F)F)nc(N5CCOCC5)n4)CC3)oc12,0,train
9b3436473774148f30aa990f46836d2398cbcae7,O=C1NCCC12CCN(c1c(Cl)cncc1-c1cc3ccccc3o1)CC2,0,val
6aea0fe0f452ca67587e69219b1c75022b1b3e3d,O=C1NCCC12CCN(c1c(Cl)cncc1-c1cc3ccccc3s1)CC2,0,train
15b6e80af3f8ef7800d086ce6771972c569d1d38,NC(C(=O)N1CC(CNc2ccc(F)cc2)C2(C1)CN(c1cc(F)cc(F)c1)C2)c1ccc(O)cc1,1,test
6afa4a3e643d41ed5c9cf24cb83d961d20de0434,Oc1ccc(CN2CC(CNc3ccccc3)C3(C2)CN(c2ccccc2)C3)cc1,1,test
a6f8751ac44aa2bc96ecf3cb43a998d31e997943,N=C(N)NC(=O)c1nc(Cl)c(N2CCCCCC2)nc1N,1,train
4428838569871877b43fab0cc4858d7c09e13d09,N=C(N)NC(=O)c1nc(-c2cc3ccccc3o2)c(N)nc1N,1,train
fec4f0cd27beff78837ec403c28f18e8b2fd8175,CC(=O)N1CCc2nc(N3CCC(Oc4ccc(F)cc4F)CC3)c(N[C@@H]3CCOC3)nc2C1,1,train
b7d29092cb91d1392469b9a40b8ef882256ce13b,CC(=O)N1CCc2nc(N3CCC(Oc4ccc(F)cc4F)CC3)c(N[C@H]3CCOC3)nc2C1,1,train
594c4a5745652b420e93781b5120e8f498f79288,COc1cc(C)[nH]c(=O)c1CNC(=O)c1c(C)n([C@H](C)C2CCN(CC(F)(F)F)CC2)c2ccccc12,0,val
578aede781fb14ba8663ecf3c708a840c1c70b4c,Cc1ccc(NC(=O)c2cccc(C(F)(F)F)c2)cc1C#Cc1nn(C2CCN(C)CC2)c2ncnc(N)c12,1,test
7313cb95b4952df2a8e3966de9eede279066b7dc,Cc1ccc(NC(=O)c2cccc(C(F)(F)F)c2)cc1C#Cc1nn(CC2CCN(C)CC2)c2ncnc(N)c12,1,train
82735953126b2d5af678ee6d6f10f9f73d34d4bb,Cc1ccc(NC(=O)c2cccc(C(F)(F)F)c2)cc1C#Cc1nn(CC2CCN(C)C2)c2ncnc(N)c12,1,val
90bbb76523eebc4afe940e17f59343030fb30301,Cc1ccc(NC(=O)c2cccc(C(F)(F)F)c2)cc1C#Cc1nn([C@@H]2CCN(C)C2)c2ncnc(N)c12,1,train
e654613353bd4138b4ca3f342aff34c981e5cbad,Cc1ccc(NC(=O)c2cccc(C(F)(F)F)c2)cc1C#Cc1nn([C@H]2CC[C@H](O)CC2)c2ncnc(N)c12,0,val
75c85c0213a1a83d71c21e6c43f9a3765a77c8c1,CC#C[C@@H](CC(=O)O)c1ccc(OCc2ccc(CN3CCC4(C=Cc5ccccc54)CC3)c(OC)c2)cc1,1,train
b588af179782e2de61d4b1f449e11623e1085a4e,COc1ccc(C(NC(=O)c2c[nH]c(-n3cccn3)nc2=O)c2ccc(OC)cc2)cc1,1,train
7c584379ca16f04f6f60f00a9dd94cc08a2a6c09,COc1ccc2ncc(F)c(CC[C@H]3OC[C@H](NCc4ccc5c(c4)OCCO5)CO3)c2n1,1,train
f26a9dcbc0f8015de8447d90506731aa075c337b,COc1ccc2ncc(F)c(CC[C@@]3(O)CO[C@@H]4[C@@H](NCc5cc6c(cn5)OCCO6)CO[C@@H]43)c2n1,0,train
059dad7795353fc4f7df6f02f2d91b0e38879181,COc1ccc2ncc(F)c(CC[C@@]3(O)CO[C@@H]4[C@@H](NCc5ccc6c(n5)NC(=O)CO6)CO[C@@H]43)c2n1,0,val
6fcfb7a59b0051cb62494713aa577451aec6ad81,COc1ccc2ncc(F)c(CC[C@@]3(O)CO[C@@H]4[C@@H](NCc5ccc6c(c5)OCCO6)CO[C@@H]43)c2n1,0,test
b46adde004e94c57b2a6467014849bda7ef2fab7,COc1ccc2ncc(F)c(CC[C@@]3(O)CO[C@@H]4[C@@H](NCc5ccc(C)cc5)CO[C@@H]43)c2n1,1,train
99cb0a0183e69b077fdad46234e328afeaae76ee,COc1ccc2ncc(F)c(CC[C@@]3(O)CO[C@@H]4[C@@H](NCc5ccc(Cl)c(Cl)c5)CO[C@@H]43)c2n1,1,train
48639bea24ce6541e88540b2270ff9ab591f7682,COc1ccc2ncc(F)c(CC[C@H]3OC[C@H](NCc4cc5c(cn4)OCCO5)CO3)c2n1,0,test
08466e4d8fc9e751ef7f00a7256ff40b20be67b3,COc1ccc2ncc(F)c(CC[C@H]3OC[C@H](NCc4ccc5c(n4)NC(=O)CO5)CO3)c2n1,1,test
3d48b04cd4f6e87245a1744c4bad393523cb93e1,COc1ccc2ncc(F)c(CC[C@H]3OC[C@H](NCc4ccc(Cl)c(Cl)c4)CO3)c2n1,1,test
c54814259a86b7b49f99c687e9d11082df56b34f,COc1ccc2ncc(F)c(CC[C@]3(O)CC[C@@H](NCc4ccc5c(c4)OCCO5)CC3)c2n1,1,train
259de8c6dd0dfe65758f42231fbc408c59e32bb1,COc1ccc2ncc(F)c(CC[C@]3(O)CC[C@H](NCc4ccc5c(c4)OCCO5)CC3)c2n1,1,train
c2b147f6b56ebd6306a19dc44def86d76b0ecc84,COc1ccc2ncc(F)c(CC[C@]3(O)CC[C@H](NCc4ccc(Cl)c(Cl)c4)CC3)c2n1,1,val
73a13302159e6347304f2f55c7e195065082c4c2,COc1ccc(-c2ccccc2N2CCN(C[C@@H](O)COc3ccc(-c4cn5ccccc5n4)cc3)CC2)cc1,1,test
37ec6b499f40ebecb6a6c024d9d5027346bdc585,COc1ccc(-c2ccccc2N2CCN(CCCCOc3ccc4c(c3)NC(=O)C(C)O4)CC2)cc1,1,train
49bcc380becdbdd6f330b0398301d52f20367c89,COc1ccc(-c2ccccc2C2CCN(C[C@@H](O)COc3ccc(-c4cn5ccccc5n4)cc3)CC2)cc1,1,train
210802a16f19d44e3da33c2ec969d6df28b7b89e,COc1cc(F)ccc1-c1nc(Nc2ccc3c(N4CCOCC4)c(C(C)=O)c(=O)oc3c2)ncc1F,0,train
079a47375fcfdb05578c51a4268abe2415a2c219,O=C(CCCCCCC(O)=NO)Nc1ccccc1,1,train
b5e06d5507c7627ca21add9d1102280701e2a3b2,CN(C)CCOc1ccc(-c2cc(=O)c3c(O)cc(OCCCCCC(O)=NO)cc3o2)cc1,1,train
98a1f9885ba7cc1c59bf8e8d728e66adbec16541,Nc1[nH]nc2cccc(C#Cc3cccc(NC(=O)c4ccc(N5CCOCC5)c(C(F)(F)F)c4)c3)c12,1,test
6dc44349aa102487c451a15efac81a3b17e75443,CC(C)n1c(=O)n(C)c2cnc3cc(F)c(-c4ccc(OCCCN5CCCCC5)nc4)cc3c21,1,train
b19c068b03edadba3bdc8b0b3df163328cf93c58,C[C@H](Oc1cc2cc(C(N)=O)ccc2nc1N)c1cc(F)ccc1-n1cccn1,0,train
650a417442030bad866acaf6ff63f1a791e22021,C[C@H](Oc1cc2cc(C#N)ccc2nc1N)c1cc(F)c(F)cc1-n1cccn1,0,train
4908302da2e6e5d153b9907e3877fefe5f12fcf9,C[C@H](Oc1cc2cc(C(N)=O)ccc2nc1N)c1cc(F)c(F)cc1-n1cccn1,1,train
a802500d36ff6e5dac022df6f18b151865d4da90,C[C@H](Oc1cc2cc(F)ccc2nc1N)c1cc(F)c(F)cc1-n1cccn1,1,train
2fd7e6eb8393ad3203260d3b8116758bf9e8816c,C[C@H](Oc1cc2cc(C(N)=O)ccc2nc1N)c1cc2[nH]ncc2cc1-n1cccn1,0,train
7fdcb14a984b4f899325596e6ee6ffe66ecc3fd4,C[C@H](Oc1cc2cc(C(N)=O)ccc2nc1N)c1ncc(F)cc1-n1cccn1,0,train
72ad4e6252ce8a9d0cba630e19c3905d850cd9e8,C[C@H](Oc1cc2cc(F)ccc2nc1N)c1cc2c(cnn2CCO)cc1-n1cccn1,1,train
cca2c465b97c55762ed82f749c3e6676d9069614,C[C@H](Oc1cc2cc(F)cc(F)c2nc1N)c1cc(C(=O)O)ccc1-n1cccn1,0,train
5703852dda863e60426bd8936898d96a162b246b,C[C@H](Oc1cc2cc(F)cc(F)c2nc1N)c1[nH]c(=O)ccc1-n1cccn1,0,train
75f57d7e586b0ad732fdb5deca1f10679a237154,Cc1[nH]ncc1-c1cnc(N)c(O[C@@H](C)c2cc(F)ccc2-n2cccn2)c1,1,test
5b440193c37b82e1c703f176d43875de99a0ad25,C[C@H](Oc1cc2cc(F)ccc2nc1N)c1[nH]c(=O)ccc1-n1cccn1,0,train
00abf6bdf0b522975a47c244a29605ebda3bb466,Cc1c(N2CC[C@@H]([C@H](C)N)C2)c(F)cc2cc(O)c(=O)n(C3CC3)c12,0,train
46d1f12e768c52b0a4db2b43c6b23e82276fc6a9,C[C@H]1COc2c(N3CC[C@@H](C4(N)CC4)C3)ccc3cc(C(=O)O)c(=O)n1c23,0,train
1d8c29fe7d206ebbd363dc2c230dca7eb53f7573,C[C@H]1COc2c(N3CC[C@@H](C4(N)CC4)C3)cc(Cl)c3cc(C(=O)O)c(=O)n1c23,0,train
1bb3225699a15184dff2b6062253c968d28224af,Cc1c(N2CC[C@@H](C3(N)CC3)C2)c(F)cc2cc(C(N)=O)c(=O)n(C3CC3)c12,1,train
499d682050169eb08b7d0597144041982be4bc44,Cc1c(N2CC[C@@H](C3(N)CC3)C2)c(F)cc2cc(C#N)c(=O)n(C3CC3)c12,1,train
b6a9e2eae423812ead42fd0551fcb4ac47827d6c,Cc1c(N2CC[C@@H](C3(N)CC3)C2)c(F)cc2cc(-c3nc(=O)o[nH]3)c(=O)n(C3CC3)c12,0,test
8ba945440644bb0ec0928d290a3a88966f74ca62,Cc1c(N2CC[C@@H](C3(N)CC3)C2)c(F)cc2cc(-c3n[nH]c(=O)o3)c(=O)n(C3CC3)c12,1,val
26e6a4ea18cb1a19edd8a4fd3ff6e8e79fd3f642,Cc1c(N2CC[C@@H](C3(N)CC3)C2)c(F)cc2cc(-c3ncon3)c(=O)n(C3CC3)c12,0,val
fde5dd10a58050d0c2bd9b90787ef9a975cbf591,Cc1c(N2CC[C@@H](C3(N)CC3)C2)c(F)cc2cc(-c3nnco3)c(=O)n(C3CC3)c12,1,train
a3603d1c792cdd3e411ab963167ce344ae277d9c,Cc1c(N2CCC(C3(N)CC3)C2)c(F)cc2c(-c3cc(=O)[nH]o3)cc(=O)n(C3CC3)c12,0,val
8bca4a47dbb4916055450734b0c1974a10a236b8,Cc1c(N2CCC(C3(N)CC3)C2)c(F)cc2c(-c3nc(=S)o[nH]3)cc(=O)n(C3CC3)c12,0,train
4496c5a8025b50aa3eb2a4d136dbc377bb27b224,Cc1c(N2CCC(C3(N)CC3)C2)c(F)cc2c(-c3n[nH]c(=O)o3)cc(=O)n(C3CC3)c12,0,test
e5b54b27d77ba4232cdc3cc4766673414394290a,C[C@@]1(c2cc(NC(=O)c3ccc(C#N)cn3)ccc2F)C=CSC(=N)N1,1,test
b06208fabe831ac61ac15369ae2528573576aba8,Cc1c(C2(c3ccc(C(F)(F)F)c(C#N)c3)CC2)c[nH]c1C(=O)NC(C)c1nc[nH]n1,0,train
9f8d7674c85d23647800222a1644e0c22a53e67c,COc1cc2c(cc1OC)C(=O)C(CC1(F)CCN(Cc3ccccc3F)CC1)C2,1,train
db082637c037cf252a28e2398af6fdb503ce49d3,O=C(Oc1ccc(OCc2ccccc2)cc1)N(Nc1ccccc1)S(=O)(=O)c1ccc(Cl)cc1,1,val
09a79ac8c7c7a24ca0a415ce69b1b9dbb35d0be5,O=C(Oc1ccc(OCc2ccccc2)cc1)N(Cc1ccccc1)S(=O)(=O)c1ccc(Cl)cc1,1,val
aa9bd7d5f283a10b21e0f55cbbaa512233522adb,CC(C)(O)C(=O)N[C@@H]1CC[C@@]2(S(=O)(=O)c3ccc(F)cc3)c3ccc(C(F)(C(F)(F)F)C(F)(F)F)cc3CC[C@@H]12,0,test
4fbeb761640606efbe4a9fbcef68ff659d510d80,Fc1ccc2c(C3CCN(CCCOc4ccc(CCN5CCCCC5)cc4)CC3)noc2c1,1,train
82368a853903b47ca9c49d16cc2d89dd0ddc7fa0,CN1CCN(Cc2ccc(OCCCN3CCC(c4noc5cc(F)ccc45)CC3)cc2)CC1,1,val
c41793c9631d0eb399bf1dada0786110ea792add,CN1CCN(Cc2ccc(OCCCCN3CCC(c4noc5cc(F)ccc45)CC3)cc2)CC1,1,val
dfebacb7b2b5af69616e00c311efc6b35c86e0a9,Fc1ccc2c(C3CCN(CCCOc4ccc(CCN5CCOCC5)cc4)CC3)noc2c1,1,test
f01d68384f77f53260ab646d53fb1218cf65462c,Cn1cc(-c2nc3c(-c4ccc(CN5CCc6cc(C(C)(C)C)ccc6C5=O)c(F)c4)ccnc3[nH]2)cn1,1,train
b56c680350737ae57e8245fe47e93fdde76648f0,Cn1cc(-c2nc3c(-c4ccc5c(c4)CCC[C@H]5NC(=O)c4nc(C(C)(C)C)no4)ccnc3[nH]2)cn1,1,val
422b5e30fbb6916475ef3fba8d88d3227ba2f31b,CN1CCN(c2ccc(Nc3cc(-c4cccc(-n5ccc6cc(C7CC7)cc(F)c6c5=O)c4CO)cn(C)c3=O)nc2)CC1,1,train
3cd57f6c9f9c964c8e877c9cd9a8de838173ceff,CC[C@@H](NC(=O)c1ccc(OC)nc1)[C@H]1CC[C@@H](c2ccnc(OC)c2C(F)F)CC1,0,train
b6c37360211aee46aff58c4a8fc23be696dc99b9,Cn1cc(-c2ccc(F)c(C(F)(F)F)c2)nc1C1CCN(c2ncnc(N)c2C#N)CC1,1,train
73690bc19e2d3dce16f1d57ac818ab06c70981c2,Cn1cc(-c2ccc(F)c(C(F)(F)F)c2)nc1C1CCN(c2ncnc(N)c2C(N)=O)CC1,1,train
e00f3cd8dad8673c579da66fdbf6947f3fe55355,Cn1cc(-c2ccc(F)c(C(F)(F)F)c2)nc1C1CCN(c2ncnc(N)c2-c2ccc(F)cc2)CC1,1,train
f243a13b75806ca1de075e1c9cfb2c7c6bd2955e,CN(C)CCn1cc(-c2ccc(F)c(C(F)(F)F)c2)nc1C1CCN(c2ncnc(N)c2-c2ccc(F)cc2)CC1,1,train
c01f8bea7e43b2d870457a461c0f4f0dba62a05e,Nc1ncnc(N2CCC(c3nc(-c4ccc(F)c(C(F)(F)F)c4)cn3CCN3CCC3)CC2)c1-c1ccc(F)cc1,1,train
31f88546f7fc870799803b2bd08369b6bbd38e41,Nc1ncnc(N2CCC(c3nc(-c4ccc(F)c(C(F)(F)F)c4)cn3CCN3CCCC3)CC2)c1-c1ccc(F)cc1,1,train
cfe11f29b06a2dd9dc8c872657e9032540d1787a,CN(C)CCn1cc(-c2ccc(F)c(C(F)(F)F)c2)nc1C1CCN(c2ncnc(N)c2C#N)CC1,1,train
442d48ce19b038d1d6a55eb58ad38a4a1f291c42,CN(C)CCn1cc(-c2ccc(F)c(C(F)(F)F)c2)nc1C1CCN(c2ncnc(N)c2C(N)=O)CC1,1,train
23a9afe14fb80b1f760b47ab71cf1b5a0670c322,C=Cc1c(N)ncnc1N1CCC(c2nc(-c3ccc(F)c(C(F)(F)F)c3)cn2CCN(C)C)CC1,1,train
28071aedd46867387049e85a70d0c6d47bd9036c,CCc1c(N)ncnc1N1CCC(c2nc(-c3ccc(F)c(C(F)(F)F)c3)cn2CCN(C)C)CC1,1,train
b764b24735b3c3233e5be25c9fac1e3a80c475f7,CN(C)CCn1cc(-c2ccc(F)c(C(F)(F)F)c2)nc1C1CCN(c2ncnc(N)c2C2CC2)CC1,1,val
6bf78eec0878703f0726d718edc5623623ac97c9,Nc1ncnc(N2CCC(c3nc(-c4ccc(F)c(C(F)(F)F)c4)cn3CCN3CCC3)CC2)c1Cl,1,train
5b120d3e0e3470c97fff2c55a29a20f0b64fc8e8,C=Cc1c(N)ncnc1N1CCC(c2nc(-c3ccc(F)c(C(F)(F)F)c3)cn2CCN2CCC2)CC1,1,train
14c039cf550b5413f173e2b236f22e85c7215434,CCc1c(N)ncnc1N1CCC(c2nc(-c3ccc(F)c(C(F)(F)F)c3)cn2CCN2CCC2)CC1,1,train
cf90e2dfd264e53f0c26dea98b53be182cf92e05,Nc1ncnc(N2CCC(c3nc(-c4ccc(F)c(C(F)(F)F)c4)cn3CCN3CCC3)CC2)c1C1CCC1,1,train
8d502845b96610cfab3a9a50939f9f517b9bcdfb,N#Cc1c(N)ncnc1N1CCC(c2nc(-c3ccc(F)c(C(F)(F)F)c3)cn2CCN2CCC2)CC1,1,train
3e3092951fe6ae6b9b57f2c945b7ab35f7900a0a,CC(C)c1c(N)ncnc1N1CCC(c2nc(-c3ccc(F)c(C(F)(F)F)c3)cn2CCN2CCC2)CC1,1,train
3c5384ea9b24fe58f1edbebea4fe0df1da9ca951,NC(=O)c1c(N)ncnc1N1CCC(c2nc(-c3ccc(F)c(C(F)(F)F)c3)cn2CCN2CCC2)CC1,0,train
018a55fe5c4f87be5ae89d36cd0b0f5ef6978e47,CN(C)c1ccc(N=Nc2ccccn2)c(O)c1,1,train
75cd171fbd9313932c7dda2957ac3018dbd52896,Oc1ccc2ccccc2c1N=Nc1nccs1,1,val
b6a14a7056caa9cb09072c831e286c31049b7eea,CN(C)c1ccc(/N=N/c2ccccn2)c([O-])c1,1,train
4b77b49c7ff6cc8e79c39a7fdf7cde04de60bfc2,CS(=O)(=O)c1nc(Nc2ccc(F)c(Cl)c2)cc(NC2CCC(N)CC2)n1,0,val
e22d63dcc058705b51c41f3a87aafcdfac6d5d10,Cc1ccc(CN2CCN(C(=O)C(=O)Nc3ccc4c(ccn4C)c3)CC2)cc1,1,val
74b304b49499afa0e87100f66b01bdaebb2bacec,O=C(NCc1ccc2[nH]ccc2c1)N1CC(COc2ccc(C(F)(F)F)cc2)C1,1,test
01ca1beb2a66c74728d6e392565ef25a1d3b5714,C[C@@H]1Cc2c([nH]c3ccccc23)[C@@H](c2c(F)cc(NC3CN(CCCF)C3)cc2F)N1CC(F)(F)CO,1,train
bcf9ccee0b09255d93062910d0511354fe9f859d,C[C@@H]1Cc2c([nH]c3ccc(F)cc23)[C@@H](c2c(F)cc(NC3CN(CCCF)C3)cc2F)N1CC(F)(F)CO,1,train
622e790203bfebe213fd2a19feb01401d87569c8,COc1cc2c(cc1OC)[C@H]1C[C@@H](OC(=O)C(N)C(C)C)[C@H](CC(C)C)CN1CC2,1,train
920c7c397ddaf5601e0821bf438dd03d4dacd242,COc1cc2c(cc1OCC(F)(F)F)CCN1CC(CC(C)C)C(O)CC21,1,train
a11c86cc610b7f84e30a9ebcff5945fb80814442,CS(=O)(=O)c1nccc(-c2c(-c3cccc(OCc4ccccc4)c3)nc3sccn23)n1,0,train
8ffd261613c6a88641f80280fbdaa033eb27b650,c1ccc(COc2cccc(-c3nc4sccn4c3-c3ccncn3)c2)cc1,0,train
e76679f307c2de66ee3bf38c81e712673955d4b4,CCS(=O)(=O)c1ccc(C(NC(C)=O)C(=O)Nc2ccc(C(O)(C(F)(F)F)C(F)(F)F)cc2)nc1,0,train
c51cc88c3130467e0d77c5840e8ded5effd9226d,CCS(=O)(=O)c1ccc(C(NC(=O)OC)C(=O)Nc2ccc(C(O)(C(F)(F)F)C(F)(F)F)cc2)nc1,1,train
fef6851157928a837dcb146d54eeb4e5a13cd172,CCS(=O)(=O)c1ccc(C(NC(=O)CC2CC2)C(=O)Nc2ccc(C(O)(C(F)(F)F)C(F)(F)F)cc2)nc1,0,train
f2db95b6d217982bf90f68f55a0f5b8f14d8c2eb,CCS(=O)(=O)c1ccc(C(NC(=O)Cc2ccccc2)C(=O)Nc2ccc(C(O)(C(F)(F)F)C(F)(F)F)cc2)nc1,0,val
7730e8cf039cd56d34ec481ad13c4668b8ed3960,CCS(=O)(=O)c1ccc(C(NC(=O)Cc2ccccn2)C(=O)Nc2ccc(C(O)(C(F)(F)F)C(F)(F)F)cc2)nc1,1,val
543036448cb137ac58cdd2fef32ab686e64e6e7d,CCS(=O)(=O)c1ccc(C(NC(=O)Cc2nccs2)C(=O)Nc2ccc(C(O)(C(F)(F)F)C(F)(F)F)cc2)nc1,1,test
c4f8942b5e79c9968f1ced0f5d0ce47eb38fcb4a,CCS(=O)(=O)c1ccc(C(CC(=O)N(C)C)C(=O)Nc2ccc(C(O)(C(F)(F)F)C(F)(F)F)cc2)cc1,1,train
d8d168d4e2a190a1a9d706d104b22cd71b332793,CCS(=O)(=O)c1ccc(C(Cn2cccn2)C(=O)Nc2ccc(C(O)(C(F)(F)F)C(F)(F)F)cc2)cc1,1,train
5530cc97bccc21d7dbeb647f8f08c14ea0f97c46,CCS(=O)(=O)c1ccc2c(c1)CN(C(C)=O)C2C(=O)Nc1ccc(C(O)(C(F)(F)F)C(F)(F)F)cc1,0,train
fe617304eabcc46fcebca87df369662bb9317805,CC(=O)N1Cc2cc(S(=O)(=O)CC3CC3)ccc2C1C(=O)Nc1ccc(C(O)(C(F)(F)F)C(F)(F)F)cc1,0,train
c2186ce9bef92b6fe6d14bd8fd3ce4b6d5275ca1,COC(=O)N1Cc2cc(S(C)(=O)=O)ccc2C1C(=O)Nc1ccc(C(O)(C(F)(F)F)C(F)(F)F)cc1,0,train
455919171806a929781e80450f06f73a31b5e81c,COCC(=O)N1Cc2cc(S(=O)(=O)CC3CC3)ccc2C1C(=O)Nc1ccc(C(O)(C(F)(F)F)C(F)(F)F)cc1,0,train
1dbbad46cce995d9a558e3ceb4a38cc70da61107,CC(=O)N1CCN([C@H]2C[C@@H](n3cc(-c4ccc(Cl)c(N)c4)c4c(N)ncnc43)C2)CC1,1,train
525f9e608a49b045f3c7ce39f1fd5febd7a71937,COC(=O)N[C@H]1CC[C@@H](n2cc(-c3ccc(Cl)c(N)c3)c3c(N)ncnc32)CC1,1,val
ad0f88d9e4ad7fd9046c1ea1e82e2db9456d6d01,COC(=O)NC12CCC(n3cc(-c4ccc(Cl)c(N)c4)c4c(N)ncnc43)(CC1)CC2,1,train
8483f4e64d25a09f1012f62e9cf2ff6bc15121ec,COC(=O)NC12CCC(n3cc(-c4cc(N)c(Cl)cc4F)c4c(N)ncnc43)(CC1)CC2,1,train
ee2f29a51536455aeecf3f895e4ce756d6e8e717,Cc1ccc(Oc2ccc(-c3nnn(CCN)n3)cc2)cc1,1,train
eb6fdb1e05a1999c8cb33f61b2562dcf620570a3,NCCn1nnc(-c2ccc(Oc3ccc(Cl)cc3)cc2)n1,1,train
3308485a68ece335b386e212182bb4a04661d0ec,NCCCn1nnc(-c2ccc(Oc3ccc(Cl)cc3)cc2)n1,1,train
f047e4f07ffdf8aca2e2718c386333acffc1d84c,CCNC(=O)c1cc(Cc2cccc3[nH]ccc23)nc(-c2cn(C)nn2)c1,0,train
9e31e78971d347d820e3953475a3db32893aeea6,C[C@H](Oc1ccc(C(=O)NC2CC2)cc1-c1cn(C)nn1)c1ccccn1,0,train
953593c0dcafa7cf7d95426e2aef8c2c7bc22357,Cc1cc(C#N)cc(C)c1Oc1nc(NC2CCN(Cc3ccc(C(N)=O)cc3)CC2)ncc1-c1ccncc1,1,test
fae9abe4f8a53b2dfe23c529d5fe4df8b7a5dc48,COc1ccc(-c2ccc(CO[C@H]3C[C@@H](N=C=S)C3)nc2)cc1F,0,train
289a1f5e504f2b8b17542f9a681b428eab516d14,CC(=O)NC[C@@H]1OC(=O)N2Cc3cc(-c4ccc(C#N)nc4)c(F)cc3O[C@@H]12,0,test
de662c2bf74b08a5d96e4e5bfb453a605f33b6d0,CCN1CCN(c2ccc(Nc3ncc4scc(-c5cccc(NS(C)(=O)=O)c5)c4n3)cc2)CC1,1,test
1787792346416ad607209852a374262556983ead,COc1ccc(CCNCCCNc2nc3ccccc3n2Cc2ccc(F)cc2)cc1,1,train
bf99e13cada70d86265c375e61dc3fd962459e18,N#Cc1ccc(CCN2CCC(Nc3nc4ccccc4[nH]3)CC2)cc1,1,train
a292786663e8d6194e612d3107576a12e4dde482,N#Cc1ccc(CCN2CCC(Nc3nc4ccccc4n3Cc3ccc(C#N)cc3)CC2)cc1,1,train
fa8183d53fc3b786eb685b19bf63d51615e4fcd9,CS(=O)(=O)c1ccc(Cn2c(NC3CCN(CCc4ccc(C#N)cc4)CC3)nc3ccccc32)cc1,1,train
e5e19a69fa039b532d97b025b11198d3052285e8,N#Cc1ccc(CCN2CCC(Nc3nc4ccccc4n3Cc3ccc(C(=O)O)cc3)CC2)cc1,1,train
a93b000dbf3c7aaed2f8f65fa68c0767756f3ef5,N#Cc1ccc(CCN2CCC(Nc3nc4ccccc4n3Cc3ccc(C(F)(F)F)nc3)CC2)cc1,1,train
9ef1622075fdcb80bd4e2cbbae82b0d999fa4f12,N#Cc1ccc(CCN2CCC(Nc3nc4ccccc4n3Cc3ccc(C#N)c(F)c3)CC2)cc1,1,train
0692e4dfbd683627a55ea5db4688377109272026,O=C(c1ccc(CCN2CCC(Nc3nc4ccccc4n3Cc3ccc(F)cc3)CC2)cc1)N1CCNCC1,1,test
a8b7544fc242f52aaea1f9a2e04c6eee7768d5a0,Fc1cc(F)c(F)c(-c2ccc(N[C@H]3C[C@@H]4CN(CC5CCOCC5)C[C@@H]4C3)nn2)c1,1,val
3b5d58ef436e159c81ae0527d5fee1a5061c94fd,COc1nc(C2=NC(c3ccc(Cl)cc3)C(C3CC3)ON2)ccc1-n1cnc(C)c1,0,val
c2417498212b3770a60704386bc2eb39cd17370a,COc1ccc2ncc(F)c(C(O)C[C@H]3OC[C@H](NCc4ccc5c(c4)OCCO5)CO3)c2c1,1,train
d8a8c7279d3fb9c7f18190681f183099d9610bf2,CNC(=O)c1cc(-n2ncc3cc(Oc4ccccc4Cl)ccc32)cs1,0,test
70cd5da56c090b9877fd2fd7d869789962b90737,CNC(=O)c1cc(-n2ncc3cc(Nc4c(F)cccc4Cl)cnc32)cs1,1,test
bc6cc502c5aa8c845607f36e053aac7b14d7d20a,Cc1nc2c(cnn2-c2csc(C(=O)NC3COC3)c2)cc1Nc1c(F)cccc1Cl,1,val
0f56b05bdc40933c25003dc7a17eb6abdb77d1e9,Cc1cc(C)cc(OCc2cncc(-c3cc(C)cc(C)c3)c2N2CCC(N)CC2)c1,1,test
a6dfcfecaffa8ddf8b03560c9516ea45c5773e40,Cc1cc(C)cc(CNc2cncc(-c3cc(C)cc(C)c3)c2N2CCC(N)CC2)c1,1,train
95bdb3137436bb23269c346bbe1056635a040d9f,Cc1cc(C)cc(NC(=O)c2cncc(-c3cc(C)cc(C)c3)c2N2CCC(N)CC2)c1,1,train
b8873c82427266fb2e5cdf02645b69f15ba9e345,Cc1cc(C)cc(C(=O)Nc2cncc(-c3cc(C)cc(C)c3)c2N2CCC(N)CC2)c1,1,train
7c93a56cf6d820d04aa1a5d5d4b182de5b68ee89,Cc1cc(C)cc(-c2cncc(-c3nc4c(C)cc(C)cc4[nH]3)c2N2CCC(N)CC2)c1,1,train
0b6ba7a66b623167653af3045244cc34a2f6c23a,NC1CCN(c2c(NC(=O)c3ccccc3)cncc2-c2cc(Cl)cc(Cl)c2)CC1,1,train
43140fa7bf87f360f4d96a39882cc1d3da8cc1af,NC1CCN(c2c(NC(=O)c3cn4ccccc4n3)cncc2-c2cc(Cl)cc(Cl)c2)CC1,1,test
18eb4351f438660cfcdefad06377b30aaa001d12,Cn1ncc(C(=O)Nc2cncc(-c3cc(Cl)cc(Cl)c3)c2N2CCC(N)CC2)c1C(F)(F)F,1,train
81449b8f2bd6e63a619548560c4ba2c122c00231,Cc1cc(C(=O)Nc2cncc(-c3cc(Cl)cc(Cl)c3)c2N2CCC(N)CC2)n(C)n1,1,test
8bcfe10dc0ea1ed4e6774cb03e3ec43dec34ffcf,Cc1cc(C)cc(-c2cncc(-c3nc4ccccc4[nH]3)c2N2CCC(N)CC2)c1,1,train
2143e3e4afe8af649cbe5b650c1f339630ae7562,Cc1cc(C)cc(-c2cncc(-c3nc4cc(C#N)ccc4[nH]3)c2N2CCC(N)CC2)c1,1,train
9818e26b4e29addc5c7c926620ddaaf430df3f4d,Cc1cc(C)cc(-c2cncc(-c3nc4cc(Cl)ccc4[nH]3)c2N2CCC(N)CC2)c1,1,train
de988ee92607892091f03a1e37858dc174266574,Cc1cc(C)cc(-c2cncc(-c3nc4cc(C(F)(F)F)ccc4[nH]3)c2N2CCC(N)CC2)c1,1,train
78a777f358240d3847b4834bc626cc35f94ec4ca,Cc1cc(C)cc(-c2cncc(-c3nc4cc(C)ccc4[nH]3)c2N2CCC(N)CC2)c1,1,train
d39658024bdc9fddfcfa4ca48341e56e45151ce6,Cc1cc(C)cc(-c2cncc(-c3nc4cc(F)ccc4[nH]3)c2N2CCC(N)CC2)c1,1,train
e3b0e907da1cf509f23d2391e66a55b16ccf080d,NC1CCN(c2c(-c3cc(F)cc(Cl)c3)cncc2-c2nc3cc(F)ccc3[nH]2)CC1,1,train
586d6706fbe17abec41f2ee0c19a18e7f482b809,Cc1cc(F)cc(-c2cncc(-c3nc4cc(F)ccc4[nH]3)c2N2CCC(N)CC2)c1,1,train
4e9431e871c675221dba3dfb976ad38c1492404d,COc1cc(F)cc(-c2cncc(-c3nc4cc(F)ccc4[nH]3)c2N2CCC(N)CC2)c1,1,train
e1fb359d516c9917b9ad7075e500388e72e661cc,COc1cc(F)cc(-c2cncc(-c3nc4cc(C)ccc4[nH]3)c2N2CCC(N)CC2)c1,1,train
ca1e421f585b53e0fe6ba564db7cced9bd3a6e63,COc1cc(OC)cc(-c2cncc(-c3nc4cc(C)ccc4[nH]3)c2N2CCC(N)CC2)c1,1,train
49e9d87dbeeea7981ef735ea06ca8f19458cb0ba,CC[C@@H](NC(=O)c1ccc(Cl)cc1)[C@H]1[C@@H]2C[C@@H](n3cnc4cc(F)c(F)cc43)C[C@@H]21,1,train
3dc22f3dce13fd5b8f48abe2e1c26f276436b9da,CC(NC(=O)c1ccc(Cl)cc1)[C@H]1[C@@H]2C[C@@H](n3cnc4cc(F)c(F)cc43)C[C@@H]21,1,train
27ab3380a2f947b8333820dd121eedfaa3ad0da7,CCC(c1nc2cc(Cl)ccc2[nH]1)[C@H]1[C@@H]2C[C@@H](c3ccnc4ccc(F)cc34)C[C@@H]21,1,train
0a34dfdca986f45cf00e31f9065ed4ab7eb6f151,CC(C(=O)Nc1ccc(Cl)cc1)[C@H]1CC[C@@H](c2ccnc3ccc(F)cc32)CC1,1,val
e63b968aacfefdb56711ae83e8f586d445aa394d,CCC(NC(=O)c1ccc(Cl)cc1)[C@H]1[C@@H]2C[C@@H](n3cnc4cc(F)ccc43)C[C@@H]21,1,train
a854ec7a011e3771f59ddd5ee18fa8bf6f74b5a9,CCC(NC(=O)c1ccc(Cl)cc1)[C@H]1[C@@H]2C[C@@H](n3cnc4ccc(F)cc43)C[C@@H]21,1,train
30764e547d01f6b07349f1bdde4991a4bb48facd,CCC(NC(=O)c1ccc(Cl)cc1)[C@H]1[C@@H]2C[C@@H](n3cnc4cccc(F)c43)C[C@@H]21,1,train
a6fdd60399893f9b8d1b9b8489918aae1d37b0d3,CCC(NC(=O)c1ccc(Cl)cc1)[C@H]1[C@@H]2C[C@@H](n3cnc4ccccc43)C[C@@H]21,1,train
b436699957775b2fa3babd6f1c56c00715f433f0,CCC(NC(=O)c1ccc(Cl)cc1)[C@H]1[C@@H]2C[C@@H](n3cnc4c(F)cccc43)C[C@@H]21,1,train
51d88974fae8c4b6ba99f0242d7e74482a564f5e,CCC(NC(=O)c1ccc(Cl)cc1)[C@H]1[C@@H]2C[C@@H](n3cnc4cc(C#N)ccc43)C[C@@H]21,1,train
94373930363ce54eb17ca866ac3ec4e64a368ed8,CCC(NC(=O)c1ccc(Cl)cc1)[C@H]1[C@@H]2C[C@@H](n3cnc4c(F)cc(F)cc43)C[C@@H]21,1,train
eb848a0173888c58a41eed8b6a4d46044e036013,CCC(NC(=O)c1ccc(Cl)cc1)[C@H]1[C@@H]2C[C@@H](n3cnc4cc(F)cc(F)c43)C[C@@H]21,1,train
3f59f2828a13cdf8aa59fc7334c78169220ff5dc,CCC(NC(=O)c1ccc(Cl)cc1)[C@H]1[C@@H]2C[C@@H](n3cnc4ccc(F)c(F)c43)C[C@@H]21,1,train
f85b02100df797c183827e535d91d344b06e2c8a,CCC(NC(=O)c1ccc(Cl)cc1)[C@H]1[C@@H]2C[C@@H](n3cnc4cc(F)c(F)cc43)C[C@@H]21,1,train
612f6ea3364c86c12cdfd4a3b1f2a2caf7b458de,CCC(NC(=O)c1ccc(Cl)cc1)[C@H]1[C@@H]2C[C@@H](n3cnc4cc(Cl)c(Cl)cc43)C[C@@H]21,1,train
347469a4825f4b9165b4ea4964e107de2c7fdf5c,CCC(NC(=O)c1ccc(Cl)cc1)[C@H]1[C@@H]2C[C@@H](n3cnc4cnccc43)C[C@@H]21,1,test
e6d56b1eef3c06af3e035cb1560da5645a9ec6ae,CCC(NC(=O)c1ccc(Cl)cc1)[C@H]1[C@@H]2C[C@@H](n3cnc4ccncc43)C[C@@H]21,1,val
b0fa8d416960ba401c36409ce124e7e80656ce49,CCC(NC(=O)c1ccc(Cl)cc1)[C@H]1[C@@H]2C[C@@H](n3cnc4cccnc43)C[C@@H]21,0,train
1d6cbdb0000a9309cd2e5613bbb801764db2ec34,CCC(NC(=O)c1ccc(Cl)cc1)[C@H]1[C@@H]2C[C@@H](n3cnc4cc(F)cnc43)C[C@@H]21,1,train
873ddeb837934d12720e86f060d52d6d3b45ca15,CCC(NC(=O)c1ccc(Cl)cc1)[C@H]1[C@@H]2C[C@@H](n3cnc4cc(C#N)cnc43)C[C@@H]21,1,train
f02a34b218ca590896eee9aa7512b81562bffd6b,CCC(NC(=O)c1ccc(Cl)cc1)[C@H]1[C@@H]2C[C@@H](n3cnc4ncc(C#N)cc43)C[C@@H]21,1,val
3b2a352c0b3bc6163c88565397db0804024d7284,O=C(NC[C@@H]1[C@H]2C[C@H](n3cnc4cc(F)c(F)cc43)C[C@@H]12)c1ccc(Cl)cc1,1,train
27667b31cc0efedb9e21a24621479ef9870fc22e,Fc1cc2ncn([C@H]3C[C@@H]4[C@@H](CNC(c5ccc(Cl)cc5)C(F)(F)F)[C@@H]4C3)c2cc1F,1,val
b1e4823c3cc871b40244ec9c6c1e93b11ee6ef8b,CC[C@@H](NC(=O)c1ccc(Cl)cc1)[C@H]1[C@@H]2C[C@@H](n3c(C)nc4ccc(F)cc43)C[C@@H]21,1,train
38ed151a9ac9e0497fc5ac76485e310c931524ad,CC[C@@H](NC(=O)c1ccc(Cl)cc1)[C@H]1[C@@H]2C[C@@H](n3cnc4ccc(Cl)cc43)C[C@@H]21,1,train
a2538b568cda096c8a7fcbce2b0f334092fa6399,CC[C@@H](NC(=O)c1ccc(Cl)cc1)[C@H]1[C@@H]2C[C@@H](n3cnc4ccc(C#N)cc43)C[C@@H]21,1,train
45ce6d2d3e234a2ab377dca6b28d023b8c96ce9a,CC[C@@H](NC(=O)c1ccc(C#N)cc1)[C@H]1[C@@H]2C[C@@H](n3cnc4ccc(Cl)cc43)C[C@@H]21,1,train
4ea85ed17c38177bf7305d743e9ecc5387d7ea62,CC[C@@H](NC(=O)c1ccc(C#N)cc1)[C@@H]1[C@@H]2C[C@@H](n3cnc4ccc(C#N)cc43)C[C@@H]21,1,train
975a7621a366b06dfe9ab959bfde1c69c5ff4096,CC[C@@H](NC(=O)c1ccc(Cl)c(F)c1)[C@H]1[C@@H]2C[C@@H](n3cnc4cc(F)c(F)cc43)C[C@@H]21,1,train
ae99555376a78511f38a7d72ed98c7c1aae630c6,CC[C@@H](NC(=O)c1ccc(C#N)cc1)[C@H]1[C@@H]2C[C@@H](n3cnc4cc(F)c(F)cc43)C[C@@H]21,1,train
7426479333830b8bbc4acf93de0a1e3f8a30ad2e,C[C@@H](NC(=O)c1ccc(Cl)cc1)[C@H]1[C@@H]2C[C@@H](n3cnc4cc(F)c(F)cc43)C[C@@H]21,1,train
d29fde69a5fdbf463e3f34c7f81dae41be456d0c,CC(C)(NC(=O)c1ccc(Cl)cc1)[C@H]1[C@@H]2C[C@@H](n3cnc4cc(F)c(F)cc43)C[C@@H]21,1,train
b943a7529546c5a46a1194c20280a075dc3b9294,O=C(N[C@H](C1CC1)[C@H]1[C@@H]2C[C@@H](n3cnc4cc(F)c(F)cc43)C[C@@H]21)c1ccc(Cl)cc1,1,val
0f714893f42f7bf9cedfb8939ecf6310daa0693b,C[C@@H](NC(=O)c1ccc(C#N)cc1)[C@H]1[C@@H]2C[C@@H](n3cnc4cc(F)c(F)cc43)C[C@@H]21,1,train
83fccf6ee09b995e8c8af95fb00e27b39e14ba51,CC[C@@H](NC(=O)C12CC(F)(C1)C2)[C@H]1[C@@H]2C[C@@H](n3cnc4cc(F)c(F)cc43)C[C@@H]21,0,test
3945c028820760b6619f09ffac16012e63f29309,CC[C@@H](NC(=O)c1ccc(Cl)cc1)[C@H]1[C@@H]2C[C@@H](n3cnc4ccc(F)cc43)C[C@@H]21,1,train
aac812777852f58b64a930f1504c05523558f7d3,CC[C@H](NC(=O)c1ccc(Cl)cc1)[C@@H]1[C@@H]2C[C@@H](n3cnc4ccc(F)cc43)C[C@@H]21,0,train
dcdf2d4e6e68574d813602a7831bd95bc7cbfa58,COc1ccc(-c2ccc(C(=O)O)cc2C)cc1-c1ccc(C(F)(F)F)cc1CN1C(=O)O[C@H](c2cc(C(F)(F)F)cc(C(F)(F)F)c2)[C@@H]1C,1,train
7ed370702e1cd8038a31c5eaf80256815eceff00,Cc1cc(C(=O)O)ccc1-c1ccc(Cl)c(-c2ccc(C(F)(F)F)cc2CN2C(=O)O[C@H](c3cc(C(F)(F)F)cc(C(F)(F)F)c3)[C@@H]2C)c1,1,train
cbc9ed4eb768fb0e462319c9842fe7a6db8c3d0b,COc1ncc(-c2ccc(C(=O)O)cc2C)cc1-c1ccc(C(F)(F)F)cc1CN1C(=O)O[C@H](c2cc(C(F)(F)F)cc(C(F)(F)F)c2)[C@@H]1C,1,val
21231c37285f8ccc2755e8ecb2e671e9c7060182,COc1ncc(-c2ccc(C(=O)O)cc2C)cc1-c1ccc(C(F)(F)F)nc1CN1C(=O)O[C@H](c2cc(C(F)(F)F)cc(C(F)(F)F)c2)[C@@H]1C,1,val
1767af34b4f41117b1947291b3478fe25967b662,COc1ccc(-c2ccc(C(=O)O)cc2C)cc1-c1cnc(N(C)C)nc1CN1C(=O)O[C@H](c2cc(C(F)(F)F)cc(C(F)(F)F)c2)[C@@H]1C,0,train
48e55785d8f97a107ada600f26b2dbec61f6407e,COc1ccc(-c2ccc(C(=O)O)cc2C)cc1-c1cnc(N2CC(F)C2)nc1CN1C(=O)O[C@H](c2cc(C(F)(F)F)cc(C(F)(F)F)c2)[C@@H]1C,0,train
6bc1bd9b76497b707261c536b691b5fc924eb89c,COc1ccc(-c2ccc(C(=O)O)cc2C)cc1-c1cnc(N2CCOCC2)nc1CN1C(=O)O[C@H](c2cc(C(F)(F)F)cc(C(F)(F)F)c2)[C@@H]1C,0,val
68d0f14b5bd96e829c5d3d6258056851640c864b,CCc1ncc(-c2cc(-c3ccc(C(=O)O)cc3C)ccc2OC)c(CN2C(=O)O[C@H](c3cc(C(F)(F)F)cc(C(F)(F)F)c3)[C@@H]2C)n1,0,train
3a23a6c887673dfca83e623828769e41efd49b47,COc1ccc(-c2ccc(C(=O)O)cc2C)cc1-c1cnc(N(C)C)nc1CN1C(=O)O[C@H](c2cccc(C(F)(F)F)c2)[C@@H]1C,1,train
17de64d5a7549b2bf1cd4e19456e2b2f2d412e6c,COc1ccc(-c2ccc(C(=O)O)cc2C)cc1-c1cnc(N(C)C)nc1CN1C(=O)O[C@H](c2cccc(OC(F)(F)F)c2)[C@@H]1C,0,train
3872987ac5c41cfc75026ac6da042f687a4243c1,COc1ccc(-c2ccc(C(=O)O)cc2C)cc1-c1cnc(N(C)C)nc1CN1C(=O)O[C@H](c2ccc(OC(F)(F)F)cc2)[C@@H]1C,1,train
23fc762f2ee61b5fc60ce379706124c35ada1cf8,COc1ccc(-c2ccc(C(=O)O)cc2C)cc1-c1cnc(N(C)C)nc1CN1C(=O)O[C@H](c2cccc(Cl)c2)[C@@H]1C,0,train
083cfc4c43a08aa9e9f66c3458aa4136cb13a70f,COc1ccc(-c2ccc(C(=O)O)cc2C)cc1-c1cnc(N(C)C)nc1CN1C(=O)O[C@H](c2cc(Cl)cc(C(F)(F)F)c2)[C@@H]1C,0,train
dacc5837e3c575a19ac27e981ea6543542f002e0,COc1ccc(-c2ccc(C(=O)O)cc2C)cc1-c1cnc(N(C)C)nc1CN1C(=O)O[C@H](c2cc(F)cc(C(F)(F)F)c2)[C@@H]1C,0,train
aa83ef820fd3a94ae0cc13076e5d537ed472b0ce,COc1ccc(-c2ccc(C(=O)O)cc2C)cc1-c1cnc(N(C)C)nc1CN1C(=O)O[C@H](c2cc(Cl)cc(Cl)c2)[C@@H]1C,0,train
b527fb0547514815f2f035fc00aba1594fba3574,COc1ccc(-c2ccc(C(=O)O)cc2C)cc1-c1cnc(N(C)C)nc1CN1C(=O)O[C@H](c2cc(F)cc(F)c2)[C@@H]1C,0,train
7ff8da1e558e7e9d5ca84986c580defdff47a09d,COc1ccc(-c2ccc(C(=O)O)cc2C)cc1-c1cnc(N(C)C)nc1CN1C(=O)O[C@H](c2cccc(C(F)(F)F)n2)[C@@H]1C,0,train
2190785d512100d50f7f752d9a682add8d3bfc2e,O=S(=O)(c1cccc(F)c1)n1ccc2c(N3CCNCC3)nc3ccccc3c21,1,test
21dd8d23576978211be3b512ef4b68bd1ebada1a,NC(=O)c1ccn(-c2ccc(NCC3(c4ncccc4F)CCC3)nn2)c1,0,val
72e76d57a74490e22d5472a51271c179e207eed4,CN1CCN(Nc2cccc3c2C[C@@H](CN(C)[C@H]2CCCc4cccnc42)NC3)CC1,1,train
72282e75f3681e0032fa3a2be482029367bf27e0,CCS(=O)(=O)[C@]1(C)CC[C@@](CF)(c2cc(NC(=O)c3cc4c(cn3)OC(F)(F)O4)ccc2F)N=C1N,1,test
7daca5e880e5a1496fa26377be3680f0bb7e607e,C[C@H]1CC[C@H](Cn2c(N3CCO[C@@H]4CCC[C@H]43)nc3cc(-c4nc(=O)o[nH]4)nc(-c4cncc(Cl)c4)c32)CC1,0,train
f776d303199b5582173dbd5ad2f324bd9748ef90,CCCC(N)C(=O)NCCc1ccc(-c2ccc(Cl)c(Cl)c2)cc1,0,train
41c29f4fbaab560aa5ec4ed960d2a2314c600244,COc1cc(OC)cc(-c2nn(CCCCCN3CCN(C(=O)/C=C/C(F)(F)F)CC3)c3ncnc(N)c23)c1,1,train
5913af938141587800731fe2bd632fa6cba8eaee,CCC(=O)N(CC1(N2CCN(Cc3ccccc3)CC2)CC1)c1ccccc1F,1,train
82e4d3923aa0ae5d94a482aefd06412466103be2,CCC(=O)N(CC1(N2CCN(Cc3ccccc3)CC2)CC1)c1cccc(F)c1,1,train
f86aba1c7b1fe513e9e1c6859e6e27da7768447f,CCC(=O)N(CC1(N2CCN(Cc3ccccc3)CC2)CC1)c1cccc(C(F)(F)F)n1,1,train
e0185d2097f3e6da7c2db70418197ec6f8490343,CCC(=O)N(CC1(N2CCN(Cc3ccccc3)CC2)COC1)c1ccccc1,1,train
6308553ad9046ae5123dd12e8fc5faf87e8995f6,CCC(=O)N(CC1(N2CCN(Cc3ccccc3)CC2)CCOCC1)c1ccccc1,1,test
8a9d9678294194be665011e4ed23be5588f03201,CCC(=O)N(CC1(N2CCN(Cc3ccccc3)CC2)CCOCC1)c1cccc(C(F)(F)F)n1,1,train
f8533c090cb04337347a669a3967cd00a27b0d51,CCC(=O)N(CC1(N2CCN(Cc3ccccc3)CC2)CCSCC1)c1cccc(C(F)(F)F)n1,1,train
8014ce55ee6bb69b06ded222155a6440fe39e97c,CCC(=O)N(CC1(N2CCN(Cc3ccccc3)CC2)CCOC(C)(C)C1)c1cccc(C(F)(F)F)n1,1,train
f44a8b0c09b90ac5759f68e78cad2e365840a3b7,CCC(=O)N(CC1(N2CC3CN(Cc4ccccc4)CC3C2)CCOCC1)c1cccc(C(F)(F)F)n1,1,test
b8987a16d24141823d4ec7ca7f945c26203d484d,CCC(=O)N(CC1(C2CCN(Cc3ccccc3)CC2)CCOCC1)c1cccc(C(F)(F)F)n1,1,train
0579fd627f96000a7a8cb5ea9b6fcfb01010eb0f,CCCCN1CCN(C2(CN(C(=O)CC)c3cccc(C(F)(F)F)n3)CCOCC2)CC1,1,train
b6602e86112fac8fe8cf01cf1c2a5b836715aa6b,CCC(=O)N(CC1(N2CCN(CCOCC(C)C)CC2)CCOCC1)c1cccc(C(F)(F)F)n1,1,train
d4be18dcf7dab56146a9092f0cb79b224cf68182,CCC(=O)N(CC1(N2CCN(CCOc3ccccc3)CC2)CCOCC1)c1cccc(C(F)(F)F)n1,1,train
23813d6d58d5e51806d837f68dd39416e845b3a1,CCC(=O)N(CC1(N2CCN(CCOCC(F)(F)F)CC2)CCOCC1)c1cccc(C(F)(F)F)n1,1,train
2375fb213e635f599d081ab1b713b41b3ee65f6d,CCCOCCN1CCN(C2(CN(C(=O)CC)c3cccc(C(F)(F)F)n3)CCOCC2)CC1,1,train
7b1a9c62c5541340804c59adb4fcfb241bc96632,O=C1c2nc3cccc(-c4ccccc4)c3n2CCN1CC1CC1,0,train
f5165484f869142b3d19740fcbb65116235d0970,O=C1c2nc3cccc(-c4cccc(F)c4)c3n2CCN1CC1CC1,1,train
bd744cf0c5b391e3718f25a19cb29cadbffd778b,O=C1c2nc3cccc(-c4ccc(F)cc4)c3n2CCN1CC1CC1,1,train
7bcc2d66df89fcc24a0b1c132a07fb0666aee7b9,O=C1c2nc3cccc(-c4ccc(Cl)cc4)c3n2CCN1CC1CC1,1,train
835aaa9063c447f26836fb931df91a03abd9487d,O=C1c2nc3cccc(Cl)c3n2CCN1CC1CC1,0,train
dd6ae80bee0bc93e554fb4ba646c9b167f35b9ae,O=C1c2nc3cccc(Br)c3n2CCN1CC1CC1,0,train
d0185f1a6d062ece2c03fe7493ab21bb3c41ae54,O=C1c2nc3cccc(C(F)(F)F)c3n2CCN1CC1CC1,0,train
a0ba1330b5e6e5fa38f9e06a9b0fa8d2310c40e8,O=C1c2nc3cccc(Br)c3n2CCN1Cc1ccccc1,0,train
06a0e3c0aece91250314a7cb443cda11f62ed658,O=C1c2nc3cccc(Br)c3n2CCN1Cc1ccccc1F,0,train
98668fa61be4d9cd868787c49f457a53d3faa1e3,O=C1c2nc3cccc(Br)c3n2CCN1Cc1ccc(F)cc1,1,train
1f3db78b104addb581d9f676531a99eae83ed4b1,O=C1c2nc3cccc(Br)c3n2CCN1Cc1ccc(Cl)cc1,1,train
1edbaebdd65c1cb7707effa76b20e823ab87f98a,O=C1c2nc3cccc(Br)c3n2CCN1Cc1ccc(Cl)cc1F,1,train
fc912e708e7ef862618b5fb0200a7100ee95f40f,O=C1c2nc3cccc(C(F)(F)F)c3n2CCN1Cc1ccc(Cl)cc1,1,train
5e49ca85e82f8cb28aff758e9ff871b4305478e9,O=C1c2nc3cccc(Br)c3n2CCN1CC1CCC1,0,train
2cee7a9c83f24a4566f743948cd88db63f1f0096,O=C1c2nc3cccc(C(F)(F)F)c3n2CCN1CC1CCC1,0,train
2242d7ea82bbbbad667cbb18bb9c2b8179a58639,O=C1c2nc3cccc(C(F)(F)F)c3n2CCN1CC1CC2CCC1C2,1,train
8608eac65a1afc7cb560f82a34594a6147e47e4e,N=C1N[C@@]2(c3cc(NC(=O)c4ccc(F)cn4)ccc3F)CN(c3ncc(F)cn3)C[C@H]2CS1,1,train
896a2031f9ae4360346176017b39e0892effc71f,N=C1N[C@@]2(c3cc(NC(=O)c4ncc(F)cc4F)ccc3F)CN(c3ncc(F)cn3)C[C@H]2CS1,1,train
8f191dc1dbaf6d9a59de78346a3a9a154de14fe4,COc1cnc(C(=O)Nc2ccc(F)c([C@]34CN(c5ncc(F)cn5)C[C@H]3CSC(=N)N4)c2)cn1,1,train
fb36619b7a17a1639cc89ac5d9d3cb8d570370b8,CO[C@]1(C)C[C@H](O[C@@H]2C(C)C(=O)NC(C(C)C)C(=O)N[C@H](Cc3ccc(NC(=O)C(Cc4ccccc4Cl)NC(=O)Nc4ccccc4)cc3)CC(=O)N(C)C[C@H](C)C[C@@](C)(O)[C@H](O[C@@H]3O[C@H](C)C[C@H](N(C)C)[C@H]3O)[C@H]2C)O[C@@H](C)[C@@H]1O,1,test
e6de68c5513b46e62e6b56a2ec508cdfa7563e20,O=C1NC2(CC2)COc2ncc(F)cc2[C@H]2CNCCN2c2ccn3ncc1c3n2,1,test
1012153d9e19a0c214143ade7c31174a7a146784,O=C1NC2(CC2)COc2ncc(F)cc2[C@H]2COCCN2c2ccn3ncc1c3n2,0,train
793b6f47441d1e476dc3ed70b5d0d68b40be802e,Cc1cnc2c(-c3ccc(C(=O)N(c4ncccc4C)[C@@H]4CCCNC4)cc3F)cnn2c1,1,test
d78b96e0d1c5dccdbdb7e21703d2b1d03dbbbcc3,C[C@]1(COc2ccc(OC(F)(F)F)cc2)CCn2cc([N+](=O)[O-])nc2O1,1,train
e22a0a98aceb3e61785d5d591dd80353ec85892e,C[C@@]1(COc2ccc(OC(F)(F)F)cc2)CCn2cc([N+](=O)[O-])nc2O1,1,train
d8dd884efa50586ad8f9108e62614ef4e4dbc88b,C=CC(=O)N1C(=O)CC(c2ccc(F)cc2)Sc2ccccc21,0,train
c3489b9e8988ff805e3894ba0724e25d65fe86e9,O=c1ccc2c([nH]1)CCC(NCCNc1c3c(nc4cc(Cl)ccc14)CCCC3)C2,1,train
4926ff871fe78d8d13e04749fbc5fc1f9c22e4ec,O=c1ccc2c([nH]1)CCC(NCCCNc1c3c(nc4cc(Cl)ccc14)CCCC3)C2,1,train
59c78d30aee70a331651985a5aee0ffbd2ad74e4,O=c1ccc2c([nH]1)CCC(NCCCCNc1c3c(nc4cc(Cl)ccc14)CCCC3)C2,1,test
efa48ee884a1258e4cad826262d6cc935830d662,O=c1ccc2c([nH]1)CCC(NCCCCCNc1c3c(nc4cc(Cl)ccc14)CCCC3)C2,1,val
afd96abd2a808c3b0ec9c6a9ffad6a5ff0a01fb0,O=c1ccc2c([nH]1)CCC(NCCCCCCNc1c3c(nc4cc(Cl)ccc14)CCCC3)C2,0,test
0e69a619a14d5536ca45fc5e822fd75d0a3d02fe,O=c1ccc2c([nH]1)CCC(NCCCCCCCNc1c3c(nc4cc(Cl)ccc14)CCCC3)C2,1,train
eadce3c4cb10e1317907f174888fb0453a7209a8,O=c1ccc2c([nH]1)CCC(NCCCCCCCCNc1c3c(nc4cc(Cl)ccc14)CCCC3)C2,1,train
76912286b0d6e26f16e5583c9614098996a9a139,O=c1ccc2c([nH]1)CCC(NCCCCCCCCCNc1c3c(nc4cc(Cl)ccc14)CCCC3)C2,1,val
096246df6121d15d90fb537d321a2b214ba10dab,O=c1ccc2c([nH]1)CCC(NCCCCCCCCCCNc1c3c(nc4cc(Cl)ccc14)CCCC3)C2,1,test
7ce6ac076ece78e9d17abf173db1daa6da3e0959,CNC(=O)c1c(-c2ccc(O)cc2)oc2ccc(O)c(CN3CCCCC3)c12,1,train
205c1703f7a2420c13e40b93746185ffcccab96b,CNC(=O)c1c(-c2ccc(O)cc2)oc2ccc(O)c(CN3CCCC3)c12,0,test
29a1b604a4045397f44c407f8da2a442a6987232,CNC(=O)c1c(-c2ccc(O)cc2)oc2ccc(O)c(CN3CC4(CCO4)C3)c12,0,train
2b6ba5b0abd56b4d2390c5022d6b4db564c06ef9,CNC(=O)c1c(-c2ccc(O)cc2)oc2ccc(O)c(CN3CCC4(CCO4)C3)c12,0,test
017cde6ce288b019f66eb6afb9a05ea07f914c45,CNC(=O)c1c(-c2ccc(O)cc2)oc2ccc(O)c(CN3CC4(CCOC4)C3)c12,0,val
4ba5e96cf49ca6e34a60c911584b218acfa0198d,CNC(=O)c1c(-c2ccc(O)cc2)oc2ccc(O)c(CN3CCC(F)CC3)c12,1,train
dab8f56725dcfb5d740af987c39f3c1f04761132,CN(C)C(=O)c1c(-c2ccc(O)cc2)oc2ccc(O)c(CN3CCC4(COC4)C3)c12,0,train
c9f42fb5fa1b441e620aed02db839820376b23c3,O=C(c1c(-c2ccc(O)cc2)oc2ccc(O)c(CN3CCC4(COC4)C3)c12)N1CCC1,1,train
12eb219c106b3e11748aaafb92e20c779770304f,O=C(c1c(-c2ccc(O)cc2)oc2ccc(O)c(CN3CCC4(COC4)C3)c12)N1CC(F)C1,0,train
beeec3706a0a4268ede079586fb2aaf174319a45,CC(=O)c1c(-c2ccc(O)cc2)oc2ccc(O)c(CN3CCC4(COC4)C3)c12,1,train
e8b999aad185391809f89196e2eb41f9708dfef8,Oc1ccc(-c2cc3c(CN4CCC5(COC5)C4)c(O)ccc3o2)cc1,1,train
e0553149e4213c2c016675cd674131858e406227,CNC(=O)c1c(-c2ccccc2)oc2ccc(O)c(CN3CCC4(COC4)C3)c12,1,train
abc0f5c535a6fad56632163a29da80f06f2d0e3b,CNC(=O)c1c(-c2ccc(OC)cc2)oc2ccc(O)c(CN3CCC4(COC4)C3)c12,1,train
fba41f84c968b27c85fa70a43a41af40c01d804b,CNC(=O)c1c(-c2ccc3[nH]ccc3c2)oc2ccc(O)c(CN3CCC4(COC4)C3)c12,1,test
a735aa143399f2bd5aa8c9acdc692ad5d8fd19bf,CNC(=O)c1c(-c2ccc(O)c(F)c2)oc2ccc(O)c(CN3CCC4(COC4)C3)c12,1,train
4da028396d8ba6e5b4ccdf3a3874fdf7b3de610d,CNC(=O)c1c(-c2ccc(O)c(C)c2)oc2ccc(O)c(CN3CCC4(COC4)C3)c12,0,train
349074ed3c97fb642507d392b5e44316100c3149,CNC(=O)c1c(-c2ccc(O)cc2C)oc2ccc(O)c(CN3CCC4(COC4)C3)c12,0,train
a946123ed718ef8b923103f74f8f110a8b89c44b,O=C(c1c(-c2ccc(O)cn2)oc2ccc(O)c(CN3CCCCC3)c12)N1CCC1,0,train
33d565a6196c44fd152bd279c10942666f7bf41f,O=C(c1c(-c2ccc(O)cn2)oc2ccc(O)c(CN3CCCCC3)c12)N1CC(F)C1,1,train
52b304a98485c149e53b5a1e2ea121cf315cc618,CC(=O)c1c(-c2ccc(O)cn2)oc2ccc(O)c(CN3CCCC3)c12,0,train
42babd1aeeeda94a2c783ce218cbaac1d6abffbb,CC(=O)c1c(-c2cc(C)c(O)cn2)oc2ccc(O)c(CN3CCC3)c12,0,test
383ea6f1d26b1eb46115670ccaccdde6ac0eab96,CNC(=O)c1c(-c2ccc(O)cc2)oc2ccc(O)c(CN3CCC3)c12,0,test
bc8a507d3b974388d5478d6df996d535dce59024,CNCCNC(=O)c1cc2c([nH]c3c(C)cccc32)c(-c2ccc(Cl)c(Cl)c2)n1,1,test
e052c917284de25a44121acaeda1a830231d5e11,O=C(NCCN1CCCCC1)c1cccn2c(=O)c3ccc4ccccc4c3nc12,1,val
7b1b886063b9b501f31f6a5535254f7ac803f424,CCN(CC)CCNC(=O)c1cccn2c(=O)c3ccc4ccccc4c3nc12,1,train
255be0c4a30f7aa67d10a5e2f6e60386b2dd6aca,CN(C)CCNC(=O)c1cccn2c(=O)c3ccc4ccccc4c3nc12,1,train
b6dd4066b51fc93820185d747a600a398f53c881,O=C(NCCN1CCCC1)c1cccn2c(=O)c3ccc4ccccc4c3nc12,1,train
58e92bc8c3611ac09c9f81dc1c59808417a12c05,O=C(NCCN1CC[C@@H](F)C1)c1cccn2c(=O)c3ccc4ccccc4c3nc12,1,train
990ed7eef1500846926d6ab6d429193485cc299f,CN(C)CCCNC(=O)c1cccn2c(=O)c3ccc4ccccc4c3nc12,1,train
022653debdc28b55cfd137a69fa7d36d38fa102a,O=C(NCCCN1CCCC1)c1cccn2c(=O)c3ccc4ccccc4c3nc12,1,test
04f3e4e83630d37f497889eedd388274d0db3ddb,O=C(NC1CNC1)c1cccn2c(=O)c3ccc4ccccc4c3nc12,1,test
cbdb056c81b1f40b2b7e57bb88a0bd4f4f615e10,CN1CCC(NC(=O)c2cccn3c(=O)c4ccc5ccccc5c4nc23)CC1,1,train
bb3e4d37f305863b03a7b48c0a75fb0d3704a5a7,Cc1ccc(NC(=O)c2ccnc(C(F)(F)F)c2)cc1-c1ccc2c(c1)OC1(CCOCC1)CC(=O)N2,1,val
20ff98f0060e4ec439ff686ce9e1eb340deaac19,Cc1ccc(NC(=O)c2cc(C(F)(F)F)cnn2)cc1-c1ccc2c(c1)OC1(CCOCC1)CC(=O)N2,0,val
bf55742830a620f85d0731b209b79c62d5086208,CC(C(=O)O)n1nc(Cn2cc3cc(OCC4CC4)c(Cl)cc3n2)c2ccccc2c1=O,0,train
0a80f931dca5984e7d32d36220cb5dfc59810ea7,Nc1nc(-c2cccc(-n3ccc4cc(C5CC5)cc(F)c4c3=O)c2CO)c2cc(C3=CCN(C4COC4)CC3)[nH]c2n1,1,test
82a0b981201e0cd87a774e41bdc529d47452d80b,Cc1noc(C)c1-c1cnc2c3ccc(C(C)(C)O)cc3n([C@H](c3ccccc3)C3CCOCC3)c2c1,0,train
9f62c13356d5ea3819ea0be20c51b04e96917c93,Cc1nnn(C)c1-c1cnc2c3ccc(C(C)(C)O)cc3n([C@H](c3ccccc3)C3CCOCC3)c2c1,0,test
12f0e18bf967dbe14f9fbe3aa720d4093402a960,C[C@@]1(c2nc(NC(=O)c3ncc(C(F)(F)F)cc3Cl)ccc2F)CO[C@@](C)(C(F)(F)F)C(=N)N1,1,test
ad6ea77404c99acdcd00468d45bf885239d17968,COCc1nc2cnc3cc(-c4c(C)noc4C)c(OC[C@H]4CCNC4)cc3c2n1[C@H](C)c1ccccc1,0,train
2d781ad61694ff6fb703f5ef5d515a0c88288573,N#Cc1ccc(COc2cccc(C3CCN(Cc4nc5ccc(C(=O)O)cc5n4C[C@@H]4CCO4)CC3)n2)c(F)c1,1,val
4e7f1f0b78331ff15c50a7dcddb3bd15f88870bd,O=C(O)c1cc(F)c2nc(CN3CCN(c4cccc(OCc5ccc(Cl)c6cc(F)oc56)n4)C=N3)n(C[C@@H]3CCO3)c2c1,0,val
f427354b590ec2a469cb50b76740ba5018125ef9,O=C(O)c1cc(F)c2nc(CN3CCN(c4cccc(OCc5ccc(Cl)c6c5OCC6)n4)C=N3)n(C[C@@H]3CCO3)c2c1,1,test
ae518088e7e019c4b28fba715f7c69f1d7639dfb,COc1cc2c(cc1-c1c(C)noc1C)ncc1[nH]c(=O)n([C@H](C)c3ccccn3)c12,1,val
f7109395184b1d07403428cfbf3c0ef10cb04943,CCn1cnc2c(NCc3ccc(-c4ccoc4)nc3)nc(N3CCOC[C@H]3CCO)nc21,0,test
d246072b85e68105753ecc682f34d4b3a3ac6e15,COC1CCC2(CC1)Cc1ccc(C#N)cc1C21N=C(N)N(CC2CCCO2)C1=O,1,test
5d5b20402acb75099632a404862712c378ab9a1c,C[C@H]1OC(=O)[C@]2(C(N)=O)CC(F)(F)[C@@H](C)[C@H](/C=C/c3ccc(-c4ccccc4C#N)cn3)[C@H]12,0,train
f3f4725d7385e3245c1d66ec2e7ec970ed643b8d,Cc1cccc(-c2ccc(/C=C/[C@@H]3[C@@H]4[C@@H](C)OC(=O)[C@]4(C(N)=O)CC(F)(F)[C@H]3C)nc2)c1F,0,train
dad0e0c57ea551ef77b9310f409dfa1b8fd21bb0,Cc1c(F)cccc1-c1ccc(/C=C/[C@@H]2[C@@H]3[C@@H](C)OC(=O)[C@]3(C(N)=O)CC(F)(F)[C@H]2C)nc1,0,train
93f3ab467ac227250085615e4e936c2184151646,Cc1nc(/C=C/[C@@H]2[C@@H]3[C@@H](C)OC(=O)[C@]3(C(N)=O)CC(F)(F)[C@H]2C)ccc1-c1ccccc1C#N,0,train
2b9f07ab2417ab2b29587a4f5fbb0c442af875cd,C[C@H]1OC(=O)[C@]2(CC(N)=O)CC(F)(F)[C@@H](C)[C@H](/C=C/c3ccc(-c4ccccc4C#N)cn3)[C@H]12,0,train
3db4f5c88032a9ed36ba05b8d5e5fd4b86029614,C[C@H]1OC(=O)[C@]2(CC(N)=O)CC(F)(F)[C@@H](C)[C@H](/C=C/c3ccc(-c4cccc(F)c4)cn3)[C@H]12,0,train
3e19cf24cb7de141a98bbc5d8f5304fbfd221447,CC(C(N)=O)[C@@]12CC(F)(F)[C@@H](C)[C@H](/C=C/c3ccc(-c4ccccc4C#N)cn3)[C@@H]1[C@@H](C)OC2=O,0,train
8fd6bf0866e44befe35c290367094d16e82dc035,C[C@H]1OC(=O)[C@]2(C(N)=O)CC(F)(F)[C@@H](C)[C@H](/C=C/c3ccc(-c4cccc5c4OC(F)(F)O5)cn3)[C@H]12,0,train
e9b76b680f55c3a191f58c170da6333b6847f82d,C[C@H]1OC(=O)[C@]2(C(N)=O)CC(F)(F)[C@@H](C)[C@H](/C=C/c3ccc(-c4cccnc4C#N)cn3)[C@H]12,0,train
8a83dfb57552a3042f6c27a770952d086d05709c,C[C@H]1OC(=O)[C@]2(N3CC(C(N)=O)C3)CC(F)(F)[C@@H](C)[C@H](/C=C/c3ccc(-c4ccccc4C#N)cn3)[C@H]12,0,train
ef98de5c5b6f965ca67b0298474934c5cfcf75b5,C[C@H]1OC(=O)[C@]2(N3CC(C(N)=O)C3)CC(F)(F)[C@@H](C)[C@H](/C=C/c3ccc(-c4cccc(F)c4)cn3)[C@H]12,1,train
da3789e8dc80ea9b4725b345705453685251959c,C[C@H]1OC(=O)[C@]2(CCC(N)=O)CC(F)(F)[C@@H](C)[C@H](/C=C/c3ccc(-c4ccccc4C#N)cn3)[C@H]12,0,train
36c2569bbc4b5ddfca69eac48b203b1f081c8ad8,C[C@H]1OC(=O)[C@]2(CCC(N)=O)CC(F)(F)[C@@H](C)[C@H](/C=C/c3ccc(-c4cccnc4C#N)cn3)[C@H]12,0,train
0645aee93f58eee9dbe66d1333bf23a8d76ecea6,COc1ncccc1-c1ccc(/C=C/[C@@H]2[C@@H]3[C@@H](C)OC(=O)[C@]3(CC(N)=O)CC(F)(F)[C@H]2C)nc1,0,train
899a0f55a5b0c2c71b77085612f0ea18c2dd1b0f,C[C@H]1OC(=O)[C@]2(CC(N)=O)CC(F)(F)[C@@H](C)[C@H](/C=C/c3ccc(-c4cccnc4C#N)cn3)[C@H]12,0,train
eacc462896c0353b82ac3bb351667ed8f3fe32b9,C[C@H]1OC(=O)[C@]2(NCC(N)=O)CC(F)(F)[C@@H](C)[C@H](/C=C/c3ccc(-c4ccccc4C#N)cn3)[C@H]12,0,train
b956999bb5e5503e921c2dcc83012a123016b9d7,COC(C(N)=O)[C@@]12CC(F)(F)[C@@H](C)[C@H](/C=C/c3ccc(-c4ccccc4C#N)cn3)[C@@H]1[C@@H](C)OC2=O,0,train
35fc8acfe3e7305a1b5635335137f0a34d3361fb,C[C@H]1OC(=O)[C@]2(C(O)C(N)=O)CC(F)(F)[C@@H](C)[C@H](/C=C/c3ccc(-c4ccccc4C#N)cn3)[C@H]12,0,train
3629ad888733418752cde540ff309c64f0c97491,C[C@H]1OC(=O)[C@]2(C(C)(C)C(N)=O)CC(F)(F)[C@@H](C)[C@H](/C=C/c3ccc(-c4ccccc4C#N)cn3)[C@H]12,0,train
862f2985fcf1bbc145c0d1263cdd5c28683d06f7,Cc1cc(Nc2ncc3c(=O)n(-c4c(Cl)cccc4Cl)ccc3n2)ccc1N1CCNCC1,1,train
fd86c9615eeaa3ad8abe4fece24910c0a2fbc99c,CN1CCC(c2ccc(Nc3ncc4c(=O)n(-c5c(Cl)cccc5Cl)ccc4n3)cc2)CC1,1,val
c86891a773f544a8db0029b76fa1c381665e797d,CN(C)CCc1ccc(Nc2ncc3c(=O)n(-c4c(Cl)cccc4Cl)ccc3n2)cc1,1,train
281e11df05b26b969be0870cd9d3eff9784788b9,COc1cc(Nc2ncc3c(=O)n(-c4c(Cl)cccc4Cl)ccc3n2)ccc1N1CCN(C)CC1,1,train
5c8e526aca638217ebeefdb36f0430127e8df71c,CN1CCN(c2ccc(Nc3ncc4c(=O)n(-c5c(Cl)cccc5Cl)ccc4n3)cc2)CC1,1,train
4e6ea97f6a5449b8eced498ca77bc11bb7c045ce,CC(C)N1CCN(c2ccc(Nc3ncc4c(=O)n(-c5c(Cl)cccc5Cl)ccc4n3)cc2)CC1,1,train
79b5e0420a143382944229edc1f8ab5f6bb166b1,[C-]#[N+]c1ccc(C(=O)N2CCn3c(-c4nc(C)ns4)nnc3[C@H]2C)cc1,0,train
e850776128973415a44cccbd8eefb7671d294b51,FC(F)(F)c1ccc(C(F)(F)CN2CCC(Nc3ncnc4[nH]ncc34)CC2)cc1,1,train
0e2de68fb7bc5f7a87e65ef31f103b8747c72011,FC(F)(F)c1ccc(C(F)(F)CN2CCC(Nc3ncnc4[nH]ncc34)CC2)nc1,0,train
eb29dc8480c9d8fa6973671a17355386cbba99a7,Fc1cc(Cl)cnc1C(F)(F)CN1CCC(Nc2ncnc3[nH]ncc23)CC1,1,train
26cd25207fd61afa02c0110e545d4d4a071bb3bd,Fc1cc(C(F)(F)F)cnc1C(F)(F)CN1CCC(Nc2ncnc3[nH]ncc23)CC1,0,train
3de52dc35f37e45263b6ec5673ef6ee9eb56c7d4,FC(F)(F)c1ccc(C(F)(F)CN2CCC(Nc3ncnc4[nH]ncc34)CC2)cn1,1,test
d8c79f52ea697e4e1efb18b9a3dd0a52ab513e7f,FC(F)(CN1CCC(Nc2ncnc3[nH]ccc23)CC1)c1ccc(Cl)cn1,1,train
3b064f152058441cf556b8644a7d39f9cd173efd,Cc1ccc(C(F)(F)CN2CCC(Nc3ncnc4[nH]ccc34)CC2)nc1,0,train
2db2e815a5bd24d95cf8d193324035d9c60288cc,FC(F)(F)c1ccc(C(F)(F)CN2CCC(Nc3ncnc4[nH]ccc34)CC2)nc1,1,train
54ec25f5d5f002cb44eb677996850ae629d75e0d,Cc1cnc(C(F)(F)CN2CCC(Nc3ncnc4[nH]ccc34)CC2)cn1,0,train
706adde385e2c542f7da04bb7eebb6289841d2c0,FC(F)(F)c1ccc(C(F)(F)CN2CCC(Nc3ncnc4[nH]ccc34)CC2)cn1,1,train
6b1ced9fc55ca337f41eaf583ec419190f67b291,Cc1ccc(C(F)(F)CN2CCC(Nc3ncnc4[nH]ccc34)CC2)cn1,0,train
8f122575477d3d1ec1a9945cb38256f104b9469c,Fc1ccc(C(F)(F)CN2CCC(Nc3ncnc4[nH]ccc34)CC2)cc1,1,val
fe4eea0c204d4f7c013fb17d3cec835ce7a76bc5,NC(=O)N1CCC(c2c(-c3ccc(N)nc3)n(-c3ccc(Cl)cc3)c3cnccc23)CC1,1,train
6220d6a6bc7a09e9252c8d7e3310f524143cc063,NC(=O)N1CCC(c2c(-c3cccnc3)n(-c3ccc(Cl)cc3)c3cnccc23)CC1,1,train
456f55899a445627924c14725d77225ed669e76a,COc1cc(-c2c(C3CCN(C(N)=O)CC3)c3ccncc3n2-c2ccc(Cl)cc2)ccn1,1,train
305ad1814f5ae09fbc10c85b6e4a623026eb3c20,NC(=O)N1CCC(c2c(-c3ccc(N4CCOCC4)nc3)n(-c3ccc(Cl)cc3)c3cnccc23)CC1,1,train
9cac11f544d06a79506b00669ee62ef24ac3a643,NC(=O)N1CCC(c2c(-c3cncnc3)n(-c3ccc(Cl)cc3)c3cnccc23)CC1,1,train
41892216c22af989a830d76d93e26107743e0dbd,NC(=O)N1CCC(c2c(-c3cc[nH]n3)n(-c3ccc(Cl)cc3)c3cnccc23)CC1,1,test
e0f5a0ed97fc055e038fabb5d8fa5ea7e3aa1e0d,Cn1nccc1-c1c(C2CCN(C(N)=O)CC2)c2ccncc2n1-c1ccc(Cl)cc1,1,train
404d7cfd012d95d84aee051209d4252b323a4d13,NC(=O)N1CCC(c2c(-n3cccn3)n(-c3ccc(Cl)cc3)c3cnccc23)CC1,1,train
3b5a59e2e066201dfd45720ee596849029ed9910,Clc1ccc(-n2c(-c3ccncc3)c(C3CCNCC3)c3ccncc32)cc1,1,train
cebeb0fd75b4fdf85c3f11bb5393449aa726e396,CN(C)Cc1c(-c2ccncc2)n(-c2ccc(Cl)cc2)c2cnccc12,1,train
cbf8c02f38bad9e9c38bf8456cc909378e15f1a2,COCC(F)(F)CN1[C@H](c2ccc(NC3CN(CCCF)C3)cc2OC)c2ccc3[nH]ncc3c2C[C@H]1C,1,train
b67b4151d52c27038a9294009928c464c7af8a24,COCC(C)(F)CN1[C@H](c2ccc(NC3CN(CCCF)C3)cc2OC)c2ccc3[nH]ncc3c2C[C@H]1C,1,train
82a674a925320ab7348b1fc497b76ff23da0e35e,C[C@@H]1Cc2c(ccc3[nH]ncc23)[C@@H](c2c(F)cc(NC3CN(CCCF)C3)cc2F)N1CC(F)(F)CO,1,train
5a7c5f8d961ef89158c89d3c40b3e8e8ea18bb94,Cc1c(N)cccc1C[C@@H](C)NC(=O)C(F)(F)F,0,train
8914595d4f546694f6c231c14314917666b5faeb,COc1cc(NC2CN(CCCF)C2)ccc1[C@@H]1c2ccc3[nH]ncc3c2C[C@@H](C)N1CC(C)(F)F,1,train
474a3948c915e4b9882ac8a69ea5eb8c275a075a,COc1cc(NC2CN(CCCF)C2)ccc1[C@@H]1c2ccc3[nH]ncc3c2C[C@@H](C)N1CC(F)F,1,train
8981243db1e92cadeaa1de0eba4b0b041cb1f945,C[C@@H]1Cc2c(ccc3[nH]ncc23)[C@@H](c2ccc(NC3CN(CCCF)C3)cn2)N1CC(F)F,1,train
116a39bb578af5ba5fc190d28d36aab33d71d63c,C[C@@H]1Cc2c(ccc3[nH]ncc23)[C@@H](c2ccc(NC3CN(CCCF)C3)cc2)N1CC(F)(F)F,1,train
981c987350eaf20b03aa48bc1d3f3255518b5db8,COc1cc(NC2CN(CCCF)C2)ccc1[C@@H]1c2ccc3[nH]ncc3c2C[C@@H](C)N1CC(F)(F)F,1,train
c5e2ed1e5d23160f004e0b954859284eb45b0cbb,C[C@@H]1Cc2c(ccc3[nH]ncc23)[C@@H](c2ccc(NC3CN(CCCF)C3)c(F)n2)N1CC(F)(F)F,1,train
71d419df5db02e744011fdd8beeb062824e409f8,C[C@@H]1Cc2c(ccc3[nH]nc(F)c23)[C@@H](c2ccc(NC3CN(CCCF)C3)cn2)N1CC(F)(F)F,0,train
2252368387eee9d32d51f60d3403dfac59e96263,C[C@@H]1Cc2c(ccc3[nH]nc(F)c23)[C@@H](c2ncc(NC3CN(CCCF)C3)cc2F)N1CC(F)(F)F,1,train
76cb07daef6ea6d0679e7578a4c0eef5a193e288,COc1cc(NC2CN(CCCF)C2)cnc1[C@@H]1c2ccc3[nH]ncc3c2C[C@@H](C)N1CC(F)(F)F,1,train
3661f92d89ccf4e0e33856af2ebb58d482532c45,C[C@@H]1Cc2c(ccc3[nH]nc(F)c23)[C@@H](c2cnc(NC3CN(CCCF)C3)cn2)N1CC(F)(F)F,1,train
0260adc9af3a2196b59c32a29f196f0b8511e6d9,C[C@@H]1Cc2c(ccc3[nH]nc(F)c23)[C@@H](c2ccc(NC3CN(CCCF)C3)c(F)n2)N1CC(F)(F)F,1,train
ad9f9682433767e7dc36f684950caa24c38c61df,C[C@@H]1Cc2c(ccc3[nH]ncc23)[C@@H](c2ccc(NC3CN(CCCF)C3)nc2F)N1CC(F)(F)F,1,train
ba5dacece1c100e2c4ef505192ebd83b08fc99f1,C[C@@H]1Cc2c(ccc3[nH]ncc23)[C@@H](c2ccc(NC3CN(CCCF)C3)c(F)c2)N1CC(F)(F)F,1,train
a027d9b9e4979d58005cf970754ed0aeb97f7cf7,C[C@@H]1Cc2c(ccc3[nH]ncc23)[C@@H](c2cnc(NC3CN(CCCF)C3)cn2)N1CC(F)(F)F,1,train
ddb245bdd3c90fa6563ddf64500f5b9bc87284bb,COc1cc(NC2CN(CCCF)C2)ccc1[C@]1(C)c2ccc3[nH]ncc3c2C[C@@H](C)N1CC(F)F,1,train
3836092405dfcfda530e6b687d81ac401cdf6c98,C[C@@H]1Cc2c(ccc3[nH]ncc23)[C@@H](c2c(F)cc(NC3CN(CCCF)C3)cc2F)N1CC(F)F,1,train
5c6577baf0ebfa12096c37d3066fb48b7e722128,C[C@@H]1Cc2c(ccc3[nH]ncc23)[C@@H](c2cnc(NC3CN(CCCF)C3)cn2)N1CC(F)F,1,train
2869d956c284b839c065371dfd5cd2f6bab9eec0,FCCCN1CC(Nc2ccc([C@@H]3c4ccc5[nH]ncc5c4C[C@@H](C(F)F)N3CC(F)F)nc2)C1,1,train
bdb12780942c6fb0beb102388f4519f0480c8b78,COc1cc(N(C)C2CN(CCCF)C2)ccc1[C@@H]1c2ccc3[nH]ncc3c2C[C@@H](C)N1CC1(F)CC1,1,train
9c7720f65a877931dd9836226ce3b6dd6662c34c,C[C@@H]1Cc2c(ccc3[nH]ncc23)[C@@H](c2ccc(N(C)C3CN(CCCF)C3)cn2)N1CC1(F)CC1,1,train
b538a0a9332ed192cf8595f9fc9b6000f72ca043,COc1cc(NC2CN(CCCF)C2)ccc1[C@@H]1c2ccc3[nH]ncc3c2C[C@@H](C)N1CC(F)(F)CO,0,train
25ba3a4603d22a72272154fe741b72152799c388,C[C@@H]1Cc2c(ccc3[nH]ncc23)[C@@H](c2ccc(NC3CN(CCCF)C3)cn2)N1CC(C)(C)F,1,train
cb82862d71f0882ccf57209bd45c7747e9c417f8,COc1cc(NC2CN(CCCF)C2)ccc1[C@@H]1c2ccc3[nH]ncc3c2C[C@@H](C)N1CC(C)(C)F,1,train
fd022d09053f3b088b0c4d632ea5fc0448efe8bf,CC(F)CN1[C@H](c2ccc(NC3CN(CCCF)C3)cn2)c2ccc3[nH]ncc3c2C[C@H]1C,1,train
95af6ab7aed7770226a0362aa8ce514579257408,COc1cc(NC2CN(CCCF)C2)ccc1[C@@H]1c2ccc3[nH]ncc3c2C[C@@H](C)N1CC(C)F,1,train
2c4efe19e8982835c1d38424164b6c6d4d663a1b,CC(C)CN1[C@H](c2ccc(NC3CN(CCCF)C3)cn2)c2ccc3[nH]ncc3c2C[C@H]1C,1,train
f9c5aad5fec10859678f15c92ab017ac8a4e3275,C[C@@H]1Cc2c(ccc3[nH]ncc23)[C@@H](c2ccc(NC3CN(CCCF)C3)cn2)N1CC(C)(F)F,0,train
0c286b3c32bfa0e9b5c03a3526b91e2aa7681d69,CC1(C)Cc2c(ccc3[nH]ncc23)[C@@H](c2ccc(NC3CN(CCCF)C3)cn2)N1CC(F)F,1,train
76de173fdaed0f6fb69db303233f397f15e6dc38,Cc1n[nH]c(C)c1CCn1cc(-c2ccc(Cl)c(OC(F)F)c2)cn1,1,train
77cd60a4bebb321760dd0dbd50bada672b15cf0c,Cc1cc(Cn2cc(-c3ccc(Cl)c(OC(F)F)c3)cn2)n(C)n1,1,train
c0ee08e9612aa12a5cf3878542fb2f5ad59cbd72,Cn1nccc1Cn1cc(-c2ccc(Cl)c(OC(F)F)c2)cn1,1,train
27e6719f868aa041b00462970a1868b9f05b4428,CCn1ccc(Cn2cc(-c3ccc(Cl)c(OC(F)F)c3)cn2)n1,1,train
6b55542ada9fd7ada16b5ac403270a1b3694792f,FC(F)Oc1cc(-c2cnn(CCc3cn[nH]c3)c2)ccc1Cl,1,train
788d4d1e49b66f55668afaf95dc13413ff4ee3ed,CCn1cc(CCn2cc(-c3ccc(Cl)c(OC(F)F)c3)cn2)cn1,1,train
8fe5c2f344a015be9970d4d8811a060811f2df5f,FC(F)Oc1cc(-c2cnn(Cc3ccn(C4CCCC4)n3)c2)ccc1Cl,1,val
8a87609f03d48dd2400cb971d170f43819d265ab,Cc1cc(Cn2cc(-c3ccc(Cl)c(OC(F)F)c3)cn2)[nH]n1,1,train
50b759165a9e8b611d96c5d9b3fbc90cc897efd0,CCc1cc(Cn2cc(-c3ccc(Cl)c(OC(F)F)c3)cn2)[nH]n1,1,train
f30fcef97b7bbc4dd80c5655e4ead00cb75915e5,CCCc1cc(Cn2cc(-c3ccc(Cl)c(OC(F)F)c3)cn2)[nH]n1,1,train
d79d6c32f86ed1719419353783db45f67705903b,Cc1[nH]ncc1Cn1cc(-c2ccc(Cl)c(OC(F)F)c2)cn1,1,train
e3de9298e9cb6b3811e5b69a029be6d07746939d,Fc1ccc(-c2cnn(Cc3cc[nH]n3)c2)cc1OC(F)F,1,train
a8b72596060039dff901a04b63a0da7366dce1f1,Cn1cc(Cn2cc(-c3ccc(F)c(OC(F)F)c3)cn2)cn1,1,train
265ac5265d063ae42996ed64db88873ff2cb6b4d,CCc1[nH]ncc1Cn1cc(-c2ccc(F)c(OC(F)F)c2)cn1,1,train
4ce5e5a3d1cf00220bc83b3f532f70859a5fd6a0,FC(F)Oc1cc(Cl)cc(-c2cnn(Cc3cc[nH]n3)c2)c1,1,train
a271e708e8efa29c674cc66b8aba75ae1abd0930,Cc1cc(Cn2cc(-c3cccc(OC(F)(F)F)c3)cn2)n(C)n1,1,train
071b8d71c3ac747f8bc74cd6d69bfb1a7b526c0c,Cn1ccc(Cn2cc(-c3cccc(OC(F)(F)F)c3)cn2)n1,1,train
da1604152125220462f2cf1b72782d413215b98f,Cn1ccc(Cn2cc(-c3ccc(Cl)c(C(F)F)c3)cn2)n1,1,train
0283eed08d8a0d2cd88ab62b2c0ce5f1b293b164,Cc1cc(Cn2cc(-c3ccc(Cl)c(C(F)F)c3)cn2)n(C)n1,1,train
c89fb29a7a744622c6e476a7055935a257af73b8,Cc1n[nH]c(C)c1CCn1cc(-c2ccc(Cl)c(C(F)F)c2)cn1,1,train
3a33675e2dc103145c02099c10973f0fe1e10314,FC(F)c1cc(Cl)cc(-c2cnn(Cc3cc[nH]n3)c2)c1,1,train
d0f0edd145deeb8c47aeb653e4e306b7941dcb6a,Cc1cc(Cn2cc(-c3ccc(Cl)c(C(F)(F)F)c3)cn2)n(C)n1,1,train
70c97d2da36bd36b5a52f7ee3834ab7e9d6eaaca,Cn1ccc(Cn2cc(-c3ccc(F)c(C(F)F)c3)cn2)n1,1,train
7e29ffedbf27a333ac0ce4a1515028309effc029,Cc1cc(Cn2cc(-c3ccc(F)c(C(F)F)c3)cn2)n(C)n1,1,train
231e57593011a9498de2959f9da612cd0bfdd1b8,Cn1cc(Cn2cc(-c3ccc(F)c(C(F)F)c3)cn2)cn1,1,train
990508510437cc2b5ef093d9b1be86371befa9d9,Cn1nccc1Cn1cc(-c2ccc(F)c(C(F)F)c2)cn1,1,train
81dc46040a7ec06cd5c53bd04ea9c49c34a4d4a3,Fc1ccc(-c2cnn(Cc3cc[nH]n3)c2)cc1C(F)F,1,train
bc47c0a558816d123b01c6fb72e435ed99d2de1b,Cc1n[nH]c(C)c1CCn1cc(-c2ccc(F)c(C(F)F)c2)cn1,1,train
733d667cc0f121716e7496879306fdc61a8ad5d6,Fc1ccc(-c2cnn(CCc3cn[nH]c3)c2)cc1C(F)F,1,train
26f6c346312c5c19d8ea7490a965cb9e56f18e83,CCn1ccc(Cn2cc(-c3ccc(F)c(C(F)F)c3)cn2)n1,1,train
c5dc32a82492fcfdb06aba35dcd4277fff0160c0,Cc1cc(Cn2cc(-c3ccc(F)c(C(F)F)c3)cn2)[nH]n1,1,train
672e93291612c991ef6e98f931b51322a8680ac6,CCc1cc(Cn2cc(-c3ccc(F)c(C(F)F)c3)cn2)[nH]n1,1,train
8673466fd7808b4bc86e5f4f19169efbfb73e3df,CCCc1cc(Cn2cc(-c3ccc(F)c(C(F)F)c3)cn2)[nH]n1,1,train
9c70840dd5e286519e72bbfd5179e8f9bba8be4e,Cc1[nH]ncc1Cn1cc(-c2ccc(F)c(C(F)F)c2)cn1,1,train
86740104dacc4e5925d859508c4cc3b2e7081906,CCc1[nH]ncc1Cn1cc(-c2ccc(F)c(C(F)F)c2)cn1,1,train
542f42367d2da3642602a797d416d5c0b23c3e36,CC(F)(F)c1cc(-c2cnn(Cc3cc[nH]n3)c2)ccc1F,1,train
5178e3820e672c159276dc0517701144dbbd6997,Cn1cc(Cn2cc(-c3ccc(F)c(C(C)(F)F)c3)cn2)cn1,1,train
d56bf443a3f4435a95a7e5bcb06521f2a9ed02b3,CCc1[nH]ncc1Cn1cc(-c2ccc(F)c(C(C)(F)F)c2)cn1,1,train
3db7d46dd6ff98e5e3061c4567f86ef8c0d4f01e,Fc1cc(-c2cnn(Cc3cc[nH]n3)c2)cc(C(F)F)c1,1,train
a6ba916b1c7e3c2b3b73809654399ea77993ed4d,Cc1cc(Cn2cc(-c3cccc(C(F)(F)F)c3)cn2)n(C)n1,1,train
3698f69494ee1e54497f76295d4892b646801e56,Cn1ccc(Cn2cc(-c3ccc(C(F)(F)F)cc3)cn2)n1,1,train
6fd1c28acd93f2206752ca7ea02b9d0bf6a3cb4e,Cc1cc(Cn2cc(-c3ccc(C)c(F)c3)cn2)n(C)n1,1,train
9d56e9175b3e8bd4c46df26d873cb711a55ed3ba,Cc1ccc(-c2cnn(Cc3ccn(C)n3)c2)cc1F,1,train
88ddb5e871dbb12fd85fbcdefbbe6b7fa26aaddd,Cc1cc(Cn2cc(-c3ccc(F)c(C)c3)cn2)n(C)n1,1,train
63ba8e6aeb389756735a4dd19fe4065b32b5e3e9,Cc1cc(-c2cnn(Cc3ccn(C)n3)c2)ccc1F,1,train
4b0fd28ed59a609e2f915039e44e8faa47e979e7,Cc1cc(-c2cnn(Cc3cc[nH]n3)c2)ccc1F,1,train
8e74cccbd2b6c4ff5734cc016ced6dbc7e38f8f0,Cc1cc(Cn2cc(-c3ccc(Cl)c(C)c3)cn2)n(C)n1,1,train
f5a42ccb82d2479e779d12348e1fc820347b9a0a,Cc1cc(-c2cnn(Cc3ccn(C)n3)c2)ccc1Cl,1,train
153e3732bcba2d94f849bac9751278cafefeb1d7,Cn1ccc(Cn2cc(-c3ccc(Cl)c(F)c3)cn2)n1,1,train
326489e9e6dce46061e51ae2deeffec0e221912c,Cc1cc(Cn2cc(-c3ccc(Cl)c(F)c3)cn2)n(C)n1,1,train
6446bd229dab10de6678cbff42297647ac5ad18c,Cn1ccc(Cn2cc(-c3ccc(F)c(Cl)c3)cn2)n1,1,train
06822fa19c24bf3351bd09c67ba8a5c1ff3aca8b,Cc1cc(Cn2cc(-c3ccc(F)c(Cl)c3)cn2)n(C)n1,1,train
7b35ba15fd1e65775b46a1ecf57d07ea04b19b72,Cn1ccc(Cn2cc(-c3ccc(Cl)c(Cl)c3)cn2)n1,1,train
502856c31da414885cab1471c796ac532041e5bd,Cc1cc(Cn2cc(-c3ccc(Cl)c(Cl)c3)cn2)n(C)n1,1,train
bf311aeb143e2301d178b5eaedc405b8b2ec99c7,Cc1cc(Cn2cc(-c3ccc(Cl)cc3Cl)cn2)n(C)n1,1,train
f436857f73d4cd630dc235babb179aa289898e41,Cn1ccc(Cn2cc(-c3ccc(Cl)cc3Cl)cn2)n1,1,train
52e992fd92397a191ed2d305e3d9e272e4f87128,c1cc(-c2cnn(Cc3cc[nH]n3)c2)cc(C2CC2)c1,1,train
ce17bccc15e226c91852b65f9dda1ba9a44c6aea,CS(=O)(=O)c1cccc(-c2cnn(Cc3cc[nH]n3)c2)c1,1,train
e4c6b393384086ef6bea2ef40ed9be695b0e9e05,Cn1cc(Cn2cc(-c3cccc(S(C)(=O)=O)c3)cn2)cn1,1,train
152817af747e773654db48d3679112a0e4feb30e,FS(F)(F)(F)(F)c1cccc(-c2cnn(Cc3cc[nH]n3)c2)c1,1,train
51bfa88e80b0c164618f594706842a351b00f6fa,Cc1n[nH]c(C)c1CCn1cc(-c2ccc(Cl)cc2)cn1,1,train
7553bfc674f439095061ad27d4e8944d33f07501,Cc1cc(Cn2cc(-c3ccc(Cl)cc3)cn2)n(C)n1,1,train
04d5e97fc810797bfefad7cc890c226d0ffa6f91,Cn1ccc(Cn2cc(-c3ccc(Cl)cc3)cn2)n1,1,train
e3b0b57461f6dc54d0ad033d26db023cd0590e0a,Cn1nccc1Cn1cc(-c2ccc(Cl)cc2)cn1,1,train
db18a4e15339db352f7378b812f20c61af2bdc10,Clc1ccc(-c2cnn(Cc3cc[nH]n3)c2)cc1,1,train
46684ca879e57321f35cbf1b0983fd7660f500ed,Cn1cc(Cn2cc(-c3ccc(Cl)cc3)cn2)cn1,1,train
f048e27cdb6f92865e6a0f12eb9de3aea848dd96,Cn1ccc(Cn2cc(-c3ccc(Br)cc3)cn2)n1,1,train
a8c14555be6a69cd84ec904940e031e022ad2d9f,Cc1cc(Cn2cc(-c3cccc(Br)c3)cn2)n(C)n1,1,train
79e84cf41b877c4f3c9530abdecebd1512ad1813,Cn1ccc(Cn2cc(-c3cccc(Br)c3)cn2)n1,1,train
c07bacf44be6653801dcd1361922cf67d2fd9710,Cc1cc(Cn2cc(-c3cc(F)cc(F)c3)cn2)n(C)n1,1,train
4607f246ed025e56d7718623dcbf0f1534ad224e,Cc1n[nH]c(C)c1Cn1cc(-c2ccc(Cl)c(OC(F)F)c2)cn1,1,train
1d12d0740bbf5691c326ad80746063560fb8a294,Cc1n[nH]c(C)c1Cn1cc(-c2ccc(F)c(C(F)F)c2)cn1,1,train
2311f35c56b04b7ce180330b3808c69b0ff45be0,Cc1n[nH]c(C)c1Cn1cc(-c2ccc(F)c(C(C)(F)F)c2)cn1,1,train
5e5ebd61298c02bf6b1d3ff4389cd086dce902c9,CCc1c[nH]nc1Cn1cc(-c2ccc(F)c(OC(F)F)c2)cn1,1,train
bf5f272773bc7067ffab00fcc4ae779b5382df46,CCc1c[nH]nc1Cn1cc(-c2ccc(F)c(C(F)F)c2)cn1,1,train
ef2504b50ed5e870d25389b3681fe92513d1969d,CC(F)(F)c1cccc(-c2cnn(Cc3cc[nH]n3)c2)c1,1,train
df2464bcbadfeee3db67a170bbf6c54c4c1626ba,FC(F)Oc1cccc(-c2cnn(Cc3cc[nH]n3)c2)c1,1,train
6cc3098a40278470ba1c69929a763b5a3c1378b7,CCn1cncc1Cn1cc(-c2ccc(Cl)c(C(F)F)c2)cn1,1,train
6e2841e58154cc3b8952d669661d67c88054f436,CCn1cncc1Cn1cc(-c2ccc(F)c(C)c2)cn1,1,train
a68d368932f388005b2363985e8841869b5a4086,CCn1cncc1Cn1cc(-c2ccc(Cl)cc2)cn1,1,train
3e51ca50f13b7f06e9578a31b759284be18139da,Cn1nccc1-n1cc(-c2ccc(Cl)c(Cl)c2)cn1,1,train
f7a78183df03d9fbf68cddc26fb2b83a56f48bb5,Cn1nccc1-n1cc(-c2ccc(F)c(Cl)c2)cn1,1,train
fd4bd9f0c9197a5d155fbb033962d881be035a4c,C[C@H]1C[C@H]2CSC(=NC(=O)c3ccccc3)N[C@@]2(c2nc(NC(=O)c3ccc(OC(F)F)cn3)cs2)CO1,1,train
51068e72a39eb6491571f39f64d1ef64b5355fc3,C[C@H]1C[C@H]2CSC(=NC(=O)c3ccccc3)N[C@@]2(c2nc(NC(=O)c3cnc(OC(F)F)cn3)cs2)CO1,0,test
156232e692bf50d3caf3e6ab8572841bdff1958b,C[C@H]1C[C@H]2CSC(=NC(=O)c3ccccc3)N[C@@]2(c2nc(NC(=O)c3ccc(Cl)cn3)cs2)CO1,1,train
4b843451282850651e69a2e40601720e0c8b30bd,N#Cc1ccc(C(=O)Nc2csc([C@]34COCC[C@H]3CSC(=N)N4)c2)nc1,1,train
81735520ddec7f2760ba75c419aae00e8a7bd0ab,Cc1cccc(-n2nc(C(C)(C)C)cc2NC(=O)Nc2ccc(Oc3ccnc4[nH]c(=O)cnc34)cc2F)c1,0,val
7956a0c58e51b9041f16f2f310cf3627409b84ed,CC(=O)N[C@@H](CCN1C2CCC1CC(n1c(C)nnc1C(C)C)C2)c1cccs1,1,train
f07dedfa86e6674af964b905f1e601564177da25,Cc1nnc(C(C)C)n1C1CC2CCC(C1)N2CC[C@H](NC(=O)C1CCC(F)(F)CC1)c1cccs1,1,train
ef09518b911824559e622d785882255e3909ce9d,Cc1nnc(C(C)C)n1C1CC2CCC(C1)N2CC[C@H](NC(=O)C1CCCCC1)c1cccs1,1,train
037496d72427b86cc5e3380c1c6a602204a442b2,Cc1nnc(C(C)C)n1C1CC2CCC(C1)N2CC[C@H](NC(=O)C1CCCC1)c1cccs1,1,train
969549546bda9a74cb891864d4dac8252f31563d,CCC1CCC(C(=O)N[C@@H](CCN2C3CCC2CC(n2c(C)nnc2C(C)C)C3)c2ccsc2)CC1,0,train
0442efe193ade8ce36b573d0bf4f544c1cdf47b7,Cc1nnc(C(C)C)n1C1CC2CCC(C1)N2CC[C@H](NC(=O)C1CCC(F)(F)CC1)c1ccsc1,0,train
9c49a40c08cca471617778f6e9fb72e08f77a1bc,Cc1nnc(C(C)C)n1C1CC2CCC(C1)N2CC[C@H](NC(=O)C1CCCC1)c1ccsc1,1,test
2773fe9cda6a229fda3ed86f8ce5b8b01f08946c,Cc1ccc([C@H](CCN2C3CCC2CC(n2c(C)nnc2C(C)C)C3)NC(=O)C2CCC(F)(F)CC2)s1,1,train
58a8d92301aaaab0e7d5d2b8d3e990405e4f2163,Cc1nc2c(n1C1CC3CCC(C1)N3CC[C@H](NC(=O)C1CCC(F)(F)CC1)c1ccsc1)CCN(C(=O)C(C)C)C2,1,train
6b0af642bd13ac71b259bcaf3a533d4e9917693c,CCc1ccc([C@H](CCN2C3CCC2CC(n2c(C)nnc2C(C)C)C3)NC(=O)C2CCCCC2)s1,1,train
485f8422eb441e6e6606a729012f359b7ff75b1d,Cc1cc(C)c([C@H](CCN2C3CCC2CC(n2c(C)nnc2C(C)C)C3)NC(=O)C2CCCCC2)s1,1,train
ef152e55ae852f7c25d277a9ae41089a3faa494e,Cc1sc([C@H](CCN2C3CCC2CC(n2c(C)nnc2C(C)C)C3)NC(=O)C2CCC(F)(F)CC2)c(C)c1C,1,train
feb5c260c2bdb1debc4c5a2abe125af490d96f6a,Cc1nnc(C(C)C)n1[C@H]1C[C@H]2CC[C@@H](C1)N2CC[C@H](NC(=O)C1CCC(F)(F)CC1)c1ccccc1,1,test
cc7ad86f2f76f4974fb7b4bfa1a69989f35dc669,OC(c1ccc(F)c(-c2ncnc3cc(N4CCOCC4)ccc23)c1)c1c(F)cncc1F,0,train
56d50695044925044a936833a095849444962bf9,OC(c1ccc(F)c(-c2ncnc3cc(N4CCOCC4)ccc23)c1)c1cncc(F)c1Cl,0,train
a1876ea40f9b53c20098b0a5b97283498e440562,O=c1[nH]ccnc1C(O)c1ccc(F)c(-c2ncnc3cc(N4CCOCC4)ccc23)c1,0,test
fb8e7896372ed7d240d083a67e0cb033d24154ea,COc1nnc(Cl)cc1C(O)c1cc(-c2ncnc3cc(N4CCOCC4)ccc23)c(F)cc1Cl,0,train
a64ed19ba984c4abc585fce79f75d6369935f859,COc1cc(C(O)c2ccc(F)c(-c3ncnc4cc(N5CCOCC5)ccc34)c2)c(Cl)nn1,0,train
95bbf1709f4bfbd402c2e58e44314c54b4546088,COc1cc(Cl)nnc1C(O)c1cc(-c2ncnc3cc(N4CCOCC4)ccc23)c(F)cc1Cl,0,train
19a5bdca46ddcdaed06f4db3fcd233ea04f17a91,COc1nnccc1C(O)c1ccc(F)c(-c2ncnc3cc(N4CCOCC4)ccc23)c1,0,train
f5675f0c4625d2f0c524655288290d25f71675d6,CC(C)(C)Oc1nccnc1C(O)c1ccc(F)c(-c2ncnc3cc(N4CCOCC4)ccc23)c1,0,train
bed80184fcc52320fff9e7537a47d80fd15bdd5b,COc1nccnc1C(O)c1ccc(F)c(-c2ncnc3cc(N4CCOCC4)ccc23)c1,0,train
32918543efe7edc1dbf132212f0cdf1fbf7e8adc,OC(c1ccc(F)c(-c2ncnc3cc(N4CCOCC4)ccc23)c1)c1c(Cl)cncc1Cl,0,train
0d8e5f58991af5d63ec57dc9fc5ab7943675b3a3,COc1ccnnc1C(O)c1ccc(F)c(-c2ncnc3cc(N4CCOCC4)ccc23)c1,0,train
d07c18fa33ddfa95df6a7f8cbdfcd68e4afee81e,OC(c1ccc(F)c(-c2ncnc3cc(N4CCOCC4)sc23)c1)c1nccnc1Cl,0,train
43e56c9e2f9a9b4df173e856d1ef7c650f0e8ed8,OC(c1ccc(F)c(-c2ncnc3cc(N4CCOCC4)ccc23)c1)c1nccnc1Cl,0,train
a664dbec643e85d33e8d8a1ca223d40d33766d77,OC(c1cccnn1)c1cc(-c2ncnc3cc(N4CCOCC4)ccc23)c(F)cc1Cl,0,train
899073b6e0d14ae99d6e4d68f9c24eb332457a7c,COc1cnc(C(O)c2ccc(F)c(-c3ncnc4cc(N5CCOCC5)ccc34)c2)c(Cl)c1,0,train
2f6b4eeb7f392ac4037f088826c1d15f44bc8288,OC(c1ccc(F)c(-c2ncnc3cc(N4CCOCC4)ccc23)c1)c1nccnc1OC1COC1,0,test
970b64d3773f670ac1b65fd47d2f94542ead0d99,OC(c1cnccn1)c1cc(-c2ncnc3cc(N4CCOCC4)ccc23)c(F)cc1Cl,0,train
f14bc005d21c652721f71d81969711c94c89ca76,OC(c1ccc(F)c(-c2ncnc3cc(N4CCOCC4)ccc23)c1)c1nc(Cl)cnc1Cl,0,train
16d9505a4b4c4e89be6e4653f5ae38ce7c24992c,OC(c1ccn2nccc2n1)c1cc(-c2ncnc3cc(N4CCOCC4)ccc23)c(F)cc1Cl,0,train
af986b443d0d5918e0087a7c00a228bc12750d5b,COc1nnc(C(O)c2cc(-c3ncnc4cc(N5CCOCC5)ccc34)c(F)cc2Cl)c2ccncc12,0,train
01b2ef1a15688994b471becef149601b418573e1,OC(c1ccc(Cl)nn1)c1cc(-c2ncnc3cc(N4CCOCC4)ccc23)c(F)cc1Cl,0,train
6ed13cf13cc785babdce15f23088c612f2441f93,OC(c1ccc(F)c(-c2ncnc3cc(N4CCOCC4)ccc23)c1)c1ncccc1Cl,0,train
d8985b1384082a516ddf2cabd067da6985d47c80,Cn1nc(C(O)c2cc(-c3ncnc4cc(N5CCOCC5)ccc34)c(F)cc2Cl)ccc1=O,0,train
025ce27bff915b707cc25258c656cd97798e6250,Cc1cnnc(C(O)c2cc(-c3ncnc4cc(N5CCOCC5)ccc34)c(F)cc2Cl)c1,0,train
92c206d1cb7423594410461151e2b5710e338efc,OC(c1cccnn1)c1cc(-c2ncnc3cc(N4CCOCC4)ccc23)c(F)cc1F,0,train
1badb9c1454faa0a7c76f4bcc914cc039f149ee1,OC(c1ccc2nccn2n1)c1cc(-c2ncnc3cc(N4CCOCC4)ccc23)c(F)cc1F,0,train
6a80cb208475a2caefa8cecba88e734aed5bed6a,OC(c1ccc2nccn2n1)c1cc(-c2ncnc3cc(N4CCOCC4)ccc23)c(F)cc1Cl,0,train
84bc8e1c6ca4c413c52f524a28b2a40426bdc8af,COc1cnc(C(O)c2ccc(F)c(-c3ncnc4cc(N5CCOCC5)ccc34)c2)cn1,0,train
807ab483c0b0edbb900f7d8c6b117b5d14e61934,OC(c1cc(-c2ncnc3cc(N4CCOCC4)ccc23)c(F)cc1Cl)c1nccnc1Cl,0,train
ff71d9e1fd1f69bdb4ed5cf90dc26ad1498542b9,OC(c1ccc(F)c(-c2ncnc3cc(N4CCOCC4)ccc23)c1)c1c(F)cncc1Cl,0,train
764989202102685dcb8d8314f3a524f4ded16323,Cc1nccnc1C(O)c1ccc(F)c(-c2ncnc3cc(N4CCOCC4)ccc23)c1,0,train
356092c3421510e35a27653a0cc0115226811b7c,CCOc1cnnc(C(O)c2ccc(F)c(-c3ncnc4cc(N5CCOCC5)ccc34)c2)c1,0,train
d531a4e96502ff1a36ffdb7e0f0fc609c490f3ab,Cc1nccnc1[C@H](O)c1cc(-c2ncnc3cc(N4CCOCC4)ccc23)c(F)cc1F,0,train
d4a09e9bff01d56c938c7d252029b0b2656b79f7,Cc1nccnc1C(O)c1cc(-c2ncnc3cc(N4CCOCC4)ccc23)c(F)cc1F,0,train
fb24223ffd94c1f52b7e736d63ae97e415745675,COc1cncnc1C(O)c1ccc(F)c(-c2ncnc3cc(N4CCOCC4)ccc23)c1,0,train
de13cd40bafc3248649778debcc3e6d2f33d10ff,Cc1cnc(C)c(C(O)c2cc(-c3ncnc4cc(N5CCOCC5)ccc34)c(F)cc2F)n1,0,train
d7cf078d2deaf86153fa083ee10f96facc73e730,OC(c1cc(-c2ncnc3cc(N4CCOCC4)ccc23)ccc1Cl)c1ncnc2ccsc12,0,train
11a1797b6a75daadcd1d31dd8fc6ba4d12f096f3,CCn1nc(C(O)c2cc(-c3ncnc4cc(N5CCOCC5)ccc34)c(F)cc2Cl)ccc1=O,0,train
486c2b2734efaaac0019955e1a0ae4e619fa564c,OC(c1ccc(OC2COC2)nn1)c1cc(-c2ncnc3cc(N4CCOCC4)ccc23)c(F)cc1Cl,0,train
a10d262a55f69c2deb000e18931e5fd29c051dfa,CC(C#N)Oc1ccc(C(O)c2cc(-c3ncnc4cc(N5CCOCC5)ccc34)c(F)cc2Cl)nn1,0,train
08815be17217413b895a3e12d0aa7b13e15ded1d,OCCNc1nccnc1C(O)c1ccc(F)c(-c2ncnc3cc(N4CCOCC4)ccc23)c1,0,train
a9a92382fd990789151911e1a4a42b1b94a9b997,CSc1ccc(C(O)c2cc(-c3ncnc4cc(N5CCOCC5)ccc34)c(F)cc2Cl)nn1,0,train
90648bc6a8e18090241fe08f7f42884dcf430936,COc1nnc(C(O)c2cc(-c3ncnc4cc(N5CCOCC5)ccc34)c(F)cc2Cl)cc1C,0,train
17dcc1fc2fc8c461818edfa92c1d8cb7b5a5dd03,COCCOc1ccc(C(O)c2cc(-c3ncnc4cc(N5CCOCC5)ccc34)c(F)cc2Cl)nn1,0,train
ed6a542163cd1bfa93b77a6282df54d817c6141e,OC(c1ccc(OCC(F)(F)F)nn1)c1cc(-c2ncnc3cc(N4CCOCC4)ccc23)c(F)cc1Cl,0,train
8634d612004dae5e9197721c65107e720bcf9ccb,Nc1nccnc1C(O)c1cc(-c2ncnc3cc(N4CCOCC4)ccc23)c(F)cc1Cl,0,train
50b77d77fc6ac166e447038857e66ca5df6df5e1,N#Cc1ccc(C(O)c2cc(-c3ncnc4cc(N5CCOCC5)ccc34)c(F)cc2Cl)nn1,0,train
ec6acd215054dbadef8f5388aaffbaa28f3a129f,N#CCOc1ccc(C(O)c2cc(-c3ncnc4cc(N5CCOCC5)ccc34)c(F)cc2Cl)nn1,0,train
0bf4a901b80d4352a997b0d089328ea36e398b14,OC(c1ccc(F)c(-c2ncnc3cc(N4CCOCC4)ccc23)c1)c1ccc(OC(F)F)nn1,0,train
15f0b4a29711686f6b4d16329988b6a537ac96d6,C#CC(O)(c1ccc(OC)nn1)c1cc(-c2ncnc3cc(N4CCOCC4)ccc23)c(F)cc1Cl,0,train
f5c39d3f459bd79e1996e7eff4f0ca7ab958c998,COc1ccc(C(C)(O)c2cc(-c3ncnc4cc(N5CCOCC5)ccc34)c(F)cc2Cl)nn1,0,train
7ceeada32a6ca3e62c5df49158c5a47ce72c2c2e,COc1ccc(C(O)c2cc(-c3ncnc4cc(N5CCOCC5)sc34)c(F)cc2Cl)nn1,0,test
1dd5f70be242b140aa32bfb4b31407afc647bc08,COc1ccc(C(O)c2cc(-c3ncnc4cc(N5CCOCC5)ccc34)c(F)cc2Cl)nn1,0,train
36a13a0f0894db456274c49241e0815c469334be,COc1ccc(C(O)c2cc(-c3ncnc4cc(N5CCOCC5)ccc34)c(F)cc2F)nn1,0,train
fb9ba0fb14e1bdcf5b32c945f975047affd5728f,CCOc1ccc(C(O)c2ccc(F)c(-c3ncnc4cc(N5CCOCC5)ccc34)c2)nn1,0,train
98e3d3654404069bcfd60fb38bd9eabd6334a8cb,CC(O)(c1cncc(-c2ncnc3cc(N4CCOCC4)ccc23)c1)c1nccs1,0,train
e7f1997b63d66963e4734e8bf272f4550bda60a6,OC(c1ccc(F)c(-c2ncnc3cc(N4CCOCC4)ncc23)c1)c1nccs1,0,train
6f25a671f9cc6faaf67f0863c6acae48a656782b,OCc1csc(C(O)c2cc(-c3ncnc4cc(N5CCOCC5)ncc34)c(F)cc2Cl)n1,0,train
231391b9b9d80e35c48001fd368f029906259eb3,CNCc1csc(C(O)c2cc(-c3ncnc4cc(N5CCOCC5)ccc34)c(F)cc2Cl)n1,0,train
075c07e00cb0da19e0646676d6cd35b9f24c8e80,OC(c1ccc(F)c(-c2ncnc3cc(N4CCOCC4)sc23)c1)c1nccs1,0,train
962cd374653c480376fb4b912e8f7ea10e253235,OC(c1ccc(-c2ncnc3cc(N4CCOCC4)ccc23)s1)c1nccs1,0,train
a32dcf9de37d2b2a09dbf0bb2971f620f72f19ec,OC(c1cccc(-c2ncnc3cc(N4CCOCC4)ccc23)c1)c1nccs1,0,train
97af985c4028ff7ab96a4236d17d4470da352baf,CC(O)(c1cccc(-c2ncnc3cc(N4CCOCC4)ccc23)c1)c1nccs1,0,train
067d5d856e514788213541526cfd86dd2447b5b6,CC(O)(c1ccc(F)c(-c2ncnc3cc(N4CCOCC4)ccc23)c1)c1nccs1,0,train
cc67699a56aa38eac84c44ea84cbd5d8a1ad2e5e,OCc1csc(C(O)c2cc(-c3ncnc4cc(N5C6CCC5COC6)ccc34)c(F)cc2Cl)n1,0,val
fe269c09aee83c4d5ca0266ca3ed546819f5d4e4,OC(c1cnc(F)c(-c2ncnc3cc(N4CCOCC4)ccc23)c1)c1nccs1,0,train
5f96a382619ada4b6b8a98900432a073aebc6b02,CCNCc1csc(C(O)c2cc(-c3ncnc4cc(N5CCOCC5)ccc34)c(F)cc2Cl)n1,0,train
77dd869fb1ce9ca5a8781d95ecf9f4304fd1bc4f,Cc1nc(C(O)c2cc(-c3ncnc4cc(N5CCOCC5)ncc34)cnc2F)sc1C,0,train
5b281b60593cfa189baca3be8312ecf549643a5a,Cc1csc(C(O)c2cnc(F)c(-c3ncnc4cc(N5CCOCC5)ncc34)c2)n1,0,train
cc5256c4e40439913039b519e6e4d91bd64fad2e,CC(O)c1csc(C(O)c2cc(-c3ncnc4cc(N5CCOCC5)ccc34)c(F)cc2Cl)n1,0,train
c293a647548c83446ac92280a386fb7ad5d055e8,CCn1cc(C(O)c2cc(-c3ncnc4cc(N5CCOCC5)ccc34)c(F)cc2Cl)cn1,0,test
2025bca5435ab2e576d30abd364027a581690311,Cc1nc(C(O)c2cnc(F)c(-c3ncnc4cc(N5CCOCC5)ncc34)c2)sc1C,0,train
327e40618899f7c5a6856a8e405be50507ab4d1e,Cc1nc(C(O)c2cc(-c3ncnc4cc(N5CCOCC5)ccc34)cnc2F)sc1C,0,train
f816c6f4f74b1666d8b50d43402dfe2f38cc7a03,Cc1cc(F)c(-c2ncnc3cc(N4CCOCC4)ccc23)cc1C(O)c1nccs1,0,train
b9839152bfff78856bc6bf8bbb458c1afc9cad69,Cn1nccc1C(O)c1ccc(F)c(-c2nc(Cl)nc3cc(N4CCOCC4)ccc23)c1,0,train
67c946cfd6f62c5630497a2752ff4d40265498df,C#Cc1nc(-c2cc(C(O)c3nccs3)ccc2F)c2ccc(N3CCOCC3)cc2n1,0,train
cd694059cbb4227aea7ebf4de56607007687ece1,OC(c1ccccn1)c1cc(-c2ncnc3cc(N4CCOCC4)ccc23)c(F)cc1F,0,train
48df8e50aa132bb5262899c95de3a39c3f252bdf,Cn1nc(C(O)c2cc(-c3ncnc4cc(N5CCOCC5)ccc34)c(F)cc2F)ccc1=O,0,train
ea0ff223daeaf2088cf81e7a1a32027d3420288c,COc1ccc(C(O)c2cc(-c3ncnc4cc(N5CCOCC5)ccc34)c(F)cc2F)cn1,0,train
b4ef7743d3046f1328b77003e3f0002fc73ff0cb,COc1ccc(C(O)c2cc(-c3ncnc4cc(N5CCOCC5)ccc34)c(F)cc2F)nc1,0,train
de2121b38fb195e10bc8d459622c4f69eb639399,CNC(=O)C(c1ccc(F)c(-c2ncnc3cc(N4CCOCC4)ccc23)c1)c1ncccc1Cl,0,train
cb8f4517f78f45ae4e80fddb9ca02f60d7d73392,Cc1nccnc1C(O)c1ccc(F)c(-c2ncnc3cc(N4CCOCC4)cnc23)c1,0,train
47da87e5a52ba131bf56114783a92090a38a5868,COc1nccnc1C(O)c1cc(-c2ncnc3cc(N4CCOCC4)ccc23)c(F)cc1Cl,0,train
916c2ab06e44ef60c34f2e4bfd94d3d2db460212,COc1nccnc1C(O)c1cc(-c2ncnc3cc(N4CCOCC4)cnc23)c(F)cc1Cl,0,train
b41e78601d563cc91200df1fd0c1c54a96a7144a,COc1nccnc1C(C(N)=O)c1cc(-c2ncnc3cc(N4CCOCC4)cc(F)c23)c(F)cc1Cl,0,train
29c0d6ed50b0f1efc681adf1349dbfa65776e4e8,NC(=O)C(c1ccc(F)c(-c2ncnc3cc(N4CCOCC4)ccc23)c1)c1nncc2sccc12,0,train
4bc8044506f12743a2cc4476b25f3ae3aa8ad25c,NC(=O)C(c1cc(-c2ncnc3cc(N4CCOCC4)ccc23)c(F)cc1Cl)c1ncccc1Cl,0,train
5bf83ff4a312af3dd0f30256beb8d8c62ad0ae99,NC(=O)C(c1cncc(Cl)c1)c1ccc(F)c(-c2ncnc3cc(N4CCOCC4)ccc23)c1,0,train
4d2fa62a8da063c092434dc58ee52755b6fcb0e0,Cc1nccnc1C(C(N)=O)c1cc(-c2ncnc3cc(N4CCOCC4)ccc23)ccc1Cl,0,train
9ce67ba7ca5a07c8187f759f8dbe9e3d7634b31d,COc1ccc(C(C(N)=O)c2cc(-c3ncnc4cc(N5CCOCC5)ccc34)ccc2Cl)nn1,0,train
deb325e438d07297027e27e97f11131530fa00b9,NC(=O)C(c1ccc(F)c(-c2ncnc3cc(N4CCOCC4)ccc23)c1)c1ncccc1Cl,0,train
fa573e7f337f027a062770f7958146f314dcc7fd,Cc1ncc(C(O)c2ccc(F)c(-c3ncnc4cc(N5CCOCC5)ccc34)c2)nc1C,0,train
4f29c2971ba7cc1ce9675b357465c3f3a5ec521b,NC(=O)C(c1cc(-c2ncnc3cc(N4CCOCC4)ccc23)ccc1Cl)c1nccnc1Cl,0,train
a5e24a2bbe8e6137c717492708fd62a243cea986,COc1nccnc1C(C(N)=O)c1cc(-c2ncnc3cc(N4CCOCC4)ccc23)ccc1F,0,train
3785e075e2232b8374a8cb195500c3002ed8e7ee,Cn1nc(C(C(N)=O)c2ccc(F)c(-c3ncnc4cc(N5CCOCC5)ccc34)c2)ccc1=O,0,train
1dd096ca73dacce0eb754b7376c64406dac74708,NC(=O)C(c1ccc(F)c(-c2ncnc3cc(N4CCOCC4)ccc23)c1)c1c(F)cncc1F,0,train
5bb7d8b1de4eb0f7f03aecc0c29062f718ec22a3,NC(=O)C(c1ccc(F)c(-c2ncnc3cc(N4CCOCC4)ccc23)c1)c1cncc(F)c1Cl,0,train
32a9b9e7e9e267c925c26b1a707d05cf5c92b827,NC(=O)C(c1ccc2nccn2n1)c1cc(-c2ncnc3cc(N4CCOCC4)ccc23)c(F)cc1Cl,0,train
7df2da0afd77e425e2ecaa4e6ee71df8ab947e22,COc1ccc(C(C(N)=O)c2cc(-c3ncnc4cc(N5CCOCC5)ccc34)c(F)cc2Cl)nn1,0,train
25abb9c93b07269fa3ee5575bed5a5c01a6cfc2e,OC(c1ccc(F)c(-c2ncnc3cc(N4CCOCC4)ccc23)c1)c1nncc2ccsc12,0,test
e748c07589c376d7b2ec87b692c821e8f2e5ff52,OC(c1ccc(F)c(-c2ncnc3cc(N4CCOCC4)ccc23)c1)c1nncc2sccc12,0,train
cae292f2f2c060c68e30e52095d1db58d77db018,O=c1[nH]nc(C(O)c2ccc(F)c(-c3ncnc4cc(N5CCOCC5)ccc34)c2)c2sccc12,0,val
5ade5f04d3df8081d3e7a5d188271a5fdf9e7460,OC(c1cc(-c2ncnc3cc(N4CCOCC4)ccc23)c(F)cc1F)c1nncc2sccc12,0,train
63fad54f7928701d1f774af22e62acc37542eb07,OC(c1ccc(F)c(-c2ncnc3cc(N4CCOCC4)ccc23)c1)c1nnc2ccccn12,0,train
4cecddcc406008c507a9cd8d8590f26b9813f4fa,Cn1cnc2c(C(O)c3cc(-c4ncnc5cc(N6CCOCC6)ccc45)c(F)cc3F)ncnc21,0,train
823d2472c3aa0801ffbe70dae791e63fafea1f43,NC(=O)C(c1cc(-c2ncnc3cc(N4CCOCC4)ccc23)c(F)cc1F)c1nncn2cccc12,0,train
f9bd58e41053dc4ca8f4ede461753fea73fa31c8,Cc1cnc(C(O)c2cc(-c3ncnc4cc(N5CCOCC5)ccc34)c(F)cc2F)c(C)n1,0,train
f8da1b2e5f4f92ad53a41b627db030c2ed322783,OC(c1cc(-c2ncnc3cc(N4CCOCC4)ccc23)c(F)cc1F)c1nccn2cccc12,0,train
54049fb5446eebdbf6886bb9647c870b185aacd1,Cn1c(C(O)c2cc(-c3ncnc4cc(N5CCOCC5)ccc34)ccc2Cl)cccc1=O,0,train
fe5c661074f6da7c6139e54332c4bcbd34efa31f,OC(c1cc(-c2ncnc3cc(N4CCOCC4)ccc23)ccc1Cl)c1nccn2ccnc12,0,train
20fdb96cbce52c8fb9a38d4aa17c8f8c1dcdf790,Cn1cnc2c(C(O)c3cc(-c4ncnc5cc(N6CCOCC6)ccc45)ccc3Cl)ncnc21,0,train
e9362baf3be7d6bc1a6ce92add9eec79c10c0838,OC(c1cc(-c2ncnc3cc(N4CCOCC4)ccc23)ccc1F)c1cccc2nncn12,0,test
f90c0bc32669aeec7163f9251201329837ca703c,OC(c1cc(-c2ncnc3cc(N4CCOCC4)ccc23)ccc1F)c1ncnc2ccoc12,0,train
3e9aa09a3ab994909c89af13bcd36797ff99950c,Cc1cncnc1C(C(N)=O)c1cc(-c2ncnc3cc(N4CCOCC4)ccc23)ccc1Cl,0,train
965369b1e97f3bebe9a5a3008a62f2f0360b6376,Cn1c(C(O)c2cc(-c3ncnc4cc(N5CCOCC5)ccc34)c(F)cc2Cl)cccc1=O,0,train
e8c37a1b74b620f99178d7cc2dacf623515debff,OC(c1cc(-c2ncnc3cc(N4CCOCC4)ccc23)c(F)cc1F)c1ncnc2c1CCNC2,0,train
2c5b8462643af57e0f7880d8ae8cf5303e128088,OC(c1ccc(F)c(-c2ncnc3cc(N4CCOCC4)ccc23)c1)c1ncnc2c1CCNC2,0,train
08f38b1a1c9f6ea948bccfc8a8b0e7d14968dd1e,OC(c1cc(-c2ncnc3cc(N4CCOCC4)ccc23)ccc1Cl)c1ncncc1F,0,train
995aac3def8934ae34e50f79e061500871ee2a2f,Cn1ncc2c(C(O)c3cc(-c4ncnc5cc(N6CCOCC6)ccc45)ccc3F)ncnc21,0,train
492b5c8d1f8961f36117082b8f7ecb5c1cd4fe7c,Cc1cncnc1C(O)c1cc(-c2ncnc3cc(N4CCOCC4)ccc23)ccc1F,0,train
718f52e3f26f5a895020c9a095741bf972dc87af,Cc1nccnc1C(O)c1cc(-c2ncnc3cc(N4CCOCC4)ccc23)ccc1F,0,train
b9f7eefb0e494ac5ba87d276d6869bec9f71deb8,OC(c1cc(-c2ncnc3cc(N4CCOCC4)ccc23)c(F)cc1Cl)c1nccn2ccnc12,0,train
d28071d5c0528f3f545536a624e72c744dae85fc,Cn1c(C(O)c2cc(-c3ncnc4cc(N5CCOCC5)ccc34)ccc2F)cccc1=O,0,train
da4bd2724308230d3d5f39083359c629bc00d5e4,Cn1ncc2c(C(O)c3cc(-c4ncnc5cc(N6CCOCC6)ccc45)c(F)cc3Cl)ncnc21,0,train
f933733225ded470e88834cdd90a11683be8fe2b,Cn1ncc2c(C(O)c3cc(-c4ncnc5cc(N6CCOCC6)ccc45)c(F)cc3F)ncnc21,0,train
cd9128461bc5335d7aab65316457bfdbf4acfdb7,OC(c1cc(-c2ncnc3cc(N4CCOCC4)ccc23)ccc1F)c1ncnc2sccc12,0,train
5d2802a24dd915728c8c3f728bded1cd69d6d718,COc1cncnc1C(O)c1cc(-c2ncnc3cc(N4CCOCC4)ccc23)ccc1Cl,0,train
7a73442bc02a484b88deabc3730a3cd52943f93b,COc1nccnc1C(O)c1cc(-c2ncnc3cc(N4CCOCC4)ccc23)ccc1Cl,0,train
32fa3029e1dd17840cc801faec6f79bb467b5629,OC(c1cc(-c2ncnc3cc(N4CCOCC4)ccc23)ccc1Cl)c1ncnc2ccoc12,0,train
ece294ae086e8fba704edf67d88350522b370132,OC(c1cc(-c2ncnc3cc(N4CCOCC4)ccc23)ccc1Cl)c1ncnc2occc12,0,train
7b7a11b578d7205ba5034e529e9881987fecb502,Cc1cncnc1C(O)c1cc(-c2ncnc3cc(N4CCOCC4)ccc23)ccc1Cl,0,train
712088a1732c83ad415c5e06a8577dea8e8a2abb,Cc1nccnc1C(O)c1cc(-c2ncnc3cc(N4CCOCC4)ccc23)ccc1Cl,0,train
aa1bc7d505cdf46df705d1d1eda94a9b785b9818,OC(c1ccc(F)c(-c2ncnc3cc(N4CCOCC4)ccc23)c1)c1ncnc2sccc12,0,train
0ed96051dddabd94df49c467878c5e004a473d1a,OC(c1ccc(F)c(-c2ncnc3cc(N4CCOCC4)ccc23)c1)c1ncnc2ccsc12,0,train
860c7026340585a7bd26831e4bd74a78098e0501,OC(c1cc(-c2ncnc3cc(N4CCOCC4)ccc23)c(F)cc1F)c1ncnc2ccsc12,0,train
29ad15133936782ec753889af706e6dfbab3fcdb,OC(c1cc(-c2ncnc3cc(N4CCOCC4)ccc23)c(F)cc1Cl)c1ncnc2ccoc12,0,train
8630af643f4225fd680fbe980002f55860c73a18,COc1cncnc1C(O)c1cc(-c2ncnc3cc(N4CCOCC4)ccc23)c(F)cc1Cl,0,train
1c0c2fe2157bcf101b408a50776bee3de7b58ca6,COc1cncnc1C(O)c1cc(-c2ncnc3cc(N4CCOCC4)ccc23)c(F)cc1F,0,train
515609e178b56b952ccc638fbb82c7069a1df47d,OC(c1cc(-c2ncnc3cc(N4CCOCC4)ccc23)c(F)cc1F)c1nccnc1OC(F)F,0,train
d2becf30bcbeab0fe51aaf6cef35da4990b6ddeb,COc1nccnc1C(O)c1cc(-c2ncnc3cc(N4CCOCC4)ccc23)c(F)cc1F,0,train
38b8fed700e88f17b2ae92bb90ca60b5fa331598,COc1nccnc1[C@H](O)c1cc(-c2ncnc3cc(N4CCOCC4)ccc23)c(F)cc1F,0,train
86722bd2648bdd0e22fcbfba7ff4670b4e94f4a5,COc1nccnc1[C@@H](O)c1cc(-c2ncnc3cc(N4CCOCC4)ccc23)c(F)cc1F,0,train
6f8ec168b1f28204188daefd630eb219a3cb30f7,COc1ccc(C(O)c2cc(-c3ncnc4cc(N5CCOCC5)ccc34)ccc2Cl)nn1,0,train
cac3b396bded061bc2977903f41f668c6e529b76,CCc1nccnc1C(O)c1ccc(F)c(-c2ncnc3cc(N4CCOCC4)ccc23)c1,0,train
46201beacf480656827d484d2e1a12330887e76e,CCOc1cccnc1C(O)c1ccc(F)c(-c2ncnc3cc(N4CCOCC4)ccc23)c1,0,train
ab08d8d448b36c9820810be4117dfa98d0524851,OC(c1ccc(F)c(-c2ncnc3cc(N4CCOCC4)ccc23)c1)c1nccnc1OC(F)F,0,train
53b9f145008a69f04df7dbe23f65ce3e6ca52fa2,OC(c1cccnn1)c1cc(-c2ncnc3cc(N4CCOCC4)ccc23)ccc1Cl,0,train
5cbe5e084269df8d7f610655efe430f115d8969a,COc1cnc(C(O)c2ccc(F)c(-c3ncnc4cc(N5CCOCC5)ccc34)c2)c(Br)c1,0,train
ca4bcb153be7a67e8d70ea7bcba63ac484e0f7af,OC(c1cn2ccsc2n1)c1cc(-c2ncnc3cc(N4CCOCC4)ccc23)c(F)cc1F,0,train
3f45549ef8e2dfb3ad593d2929e22f5f15ae5431,OC(c1ccc(F)c(-c2ncnc3cc(N4CCOCC4)ccc23)c1)c1ncccc1OC(F)(F)F,0,train
cf37f516c6f9a3b795192ddd9d23c13081e96d90,CCn1c(N2CCNCC2)nc2c([N+](=O)[O-])c(Br)c(Br)cc21,0,train
f46d8b0ac33166b6114b67bdbbcc00b64be7bf1d,CCn1c(N2CCN(C(=O)OC(C)(C)C)CC2)nc2c(C#N)c(Br)c(Br)cc21,1,train
79f6d410e0b5a4dc3ba33cb5b2045eff4c8e7f5f,CCn1c(N2CCNC(=O)C2)nc2c([N+](=O)[O-])c(Br)c(Br)cc21,1,val
693dc98218126dfff99eadccdcd2763849418af1,CCCn1c(N2CCNCC2)nc2c([N+](=O)[O-])c(Br)c(Br)cc21,1,train
c954175c7feccae3dc2458b15e52e883a12eb1b4,CC(C)Cn1c(N2CCNCC2)nc2c([N+](=O)[O-])c(Br)c(Br)cc21,1,train
8214e0987f9da08954fae533fb989e4e2df25ca7,CC(C)(C)OC(=O)N1CCN(c2nc3c([N+](=O)[O-])c(Br)c(Br)cc3[nH]2)CC1,1,train
acc093d30047724802b6e0c13522837915c17a97,CCCn1c(NCCCN)nc2c([N+](=O)[O-])c(Br)c(Br)cc21,1,train
d0d922d3f5b5c46700131bebb0db14878088de3b,CCn1c(N[C@H]2CCCNC2)nc2c([N+](=O)[O-])c(Br)c(Br)cc21,1,train
610d36756b8347ea1d85de1f6305189cf1e2ef82,NCCCNc1nc2c([N+](=O)[O-])c(Br)c(Br)cc2n1CC1CC1,1,train
bf889d5fa33b2c66d8f6b231720392d4cef2bf2a,CC(C)Cn1c(NC2CCCNCC2)nc2c([N+](=O)[O-])c(Br)c(Br)cc21,1,val
2d14c4b10e1ba04864f47c58cc856049770fd135,CCn1c(N2CCNCC2C)nc2c([N+](=O)[O-])c(Br)c(Br)cc21,1,train
56150abdbbb9d39cf8b89cfedf114154dcef7512,CCn1c(N2CCCCC(N)C2)nc2c([N+](=O)[O-])c(Br)c(Br)cc21,1,train
6abc475be1da3b8a39da1a11506005b54a178efd,CCn1c(N2CCC[C@H](N)C2)nc2c([N+](=O)[O-])c(Br)c(Br)cc21,1,train
2a1d0fa0d027a9b77bb16e98653f515aae9225e4,CCn1c(N2CCC[C@@H](N)C2)nc2c([N+](=O)[O-])c(Br)c(Br)cc21,1,train
21d46e76594be67a21ed98983c600b5e2411df4f,CCn1c(NCCN)nc2c([N+](=O)[O-])c(Br)c(Br)cc21,1,train
2566545893711decfa8e5c4740a434fb57ac0365,CCn1c(NCC2CCCN2)nc2c([N+](=O)[O-])c(Br)c(Br)cc21,1,val
b4b6da060124930e7100dd84393229a2d2b6b63c,CC(C)n1c(N2CCC[C@H](N)C2)nc2c([N+](=O)[O-])c(Br)c(Br)cc21,1,train
66f8e156de484660c60862056ef82f05c7949d20,CC(C)n1c(N2CCOC(CN)C2)nc2c([N+](=O)[O-])c(Br)c(Br)cc21,1,train
903d083be309b8490a754583f9d80032d2b14a3b,CC(C)n1c(NCC2CNCCO2)nc2c([N+](=O)[O-])c(Br)c(Br)cc21,1,train
ccf28303ea6d360dbe9e782c35074d28f4d39e8e,CC(C)n1c(N[C@@H]2CCCNC2)nc2c([N+](=O)[O-])c(Br)c(Br)cc21,1,train
b8fb3e9ce31534373638f928cc0e45e30107335f,CC(C)n1c(N2CCNC[C@H]2C)nc2c([N+](=O)[O-])c(Br)c(Br)cc21,1,train
06b1d7f9ac7c1cffefc7c12bcdc781538fdee3fc,CC(C)n1c(N2CC[C@@H](N)C2)nc2c([N+](=O)[O-])c(Br)c(Br)cc21,1,train
47df76d363b51a2535bae2c22603cebba49d5e1e,CC(C)n1c(N2CC[C@H](N)C2)nc2c([N+](=O)[O-])c(Br)c(Br)cc21,1,train
a25e0f70f42d40663bcdce8d31efdc76d753f6b7,CC(C)n1c(N2CC[C@@H](N)C2)nc2c(C#N)c(Br)c(Br)cc21,1,train
f8159b1c40d93266582498a3a36854ae2d574c00,CC(C)n1c(N[C@H]2CCNC2)nc2c([N+](=O)[O-])c(Br)c(Br)cc21,1,train
5fa6880003d84a71560ac73e21616e28137d1d0d,CC(C)n1c(N2CCOC(CN)C2)nc2c(C#N)c(Br)c(Br)cc21,1,train
4e4bbdc5365d61c499d0ab284f6b92004217b400,O[C@@H](c1ccc(F)c(-c2ncnc3cc(N4CCOCC4)ccc23)c1)c1nccnc1Cl,0,train
e9d608f96e3d93bf3d1b6a297f10e6d1f7c3c35d,Cn1ccnc1C(O)c1ccc(F)c(-c2nc(Cl)nc3cc(N4CCOCC4)ccc23)c1,0,val
daaa7cb3292223e39e5d60e92c2763b6d90ed002,COc1ccc(C(O)c2cc(-c3ncnc4cc(N5CCOCC5)ccc34)c(F)cc2Cl)cc1,0,test
02a4ee80abceb060bf5517f13532522cd9b033b9,COc1nccnc1C(C(N)=O)c1cc(-c2ncnc3cc(N4CCOCC4)ccc23)c(F)cc1F,0,train
cb4b4d5a33f69cc9934de664a9754d109332cfb2,NC(=O)C(c1cc(-c2ncnc3cc(N4CCOCC4)ccc23)c(F)cc1F)c1nccn2cccc12,0,train
61b558a417ae68d67d330f1d5935f147326301b4,COc1nccnc1[C@H](O)c1cc(-c2ncnc3cc(N4CCOCC4)ccc23)c(F)cc1Cl,0,train
f90277cbff85a6e11c04fcbfe06862a04e1e4b88,COc1nccnc1[C@@H](O)c1cc(-c2ncnc3cc(N4CCOCC4)ccc23)c(F)cc1Cl,0,train
5775ea94ecf053059574b97b86320fb60d3b1804,Cc1nsc(-c2nnc3n2CCN(C(=O)c2ccc(Cl)cc2)C3)n1,0,train
87483db7bb52b4e93a243168e7735359b322f249,C[C@@H]1Cc2c([nH]c3ccccc23)[C@@H](c2cccc(OCCNCCCF)c2)N1CC1(F)COC1,1,train
829ad956bf44f290c6f7c4c4b6834d25cd7c3533,COc1ccc(OCCNCCCF)cc1[C@@H]1c2[nH]c3ccccc3c2C[C@@H](C)N1CC(F)F,1,train
35827fd72f429efc9f97c592f578be81fcc68a2f,COc1ccc(OCCNCCCF)cc1[C@@H]1c2[nH]c3ccccc3c2C[C@@H](C)N1CC(F)(F)F,1,train
399b99ffe1ffbde7d1f956bd2778126d80a0279d,COc1ccc(OCCNCCCF)cc1[C@@H]1c2[nH]c3ccccc3c2C[C@@H](C)N1CC(F)(F)CO,1,train
0bc0cadbaab1b44cd919b34d369f0a41f06339dc,C[C@@H]1Cc2c([nH]c3ccccc23)[C@@H](c2c(F)ccc(OCCNCCCF)c2F)N1CC(F)(F)F,1,train
d2398269957781ae9f8e0cea3a66f31de573246b,C[C@@H]1Cc2c([nH]c3ccccc23)[C@@H](c2cc(OCCNCCCF)ccc2F)N1CC(F)(F)F,1,train
095eec0e9cefa0b8ed54424db60a74e37741f14c,COc1ccc(OCCNCCCF)c(F)c1[C@@H]1c2[nH]c3ccccc3c2C[C@@H](C)N1CC(F)(F)F,1,train
9dd57c2571937699d086ef6ecc813f44e4d15a95,COc1cnc(OCCNCCCF)cc1[C@@H]1c2[nH]c3ccccc3c2C[C@@H](C)N1CC(F)(F)F,1,train
f8c2f6546a64adc990520ac56c5b82bf14d5d992,C[C@@H]1Cc2c([nH]c3ccccc23)[C@@H](c2c(F)ccc(OCCNCCCF)c2F)N1CC1(F)COC1,1,train
d0a091577060d7cb6339ea08c922b72af2eecdc4,C[C@@H]1Cc2c([nH]c3ccccc23)[C@@H](c2c(F)ccc(OCCNCCCF)c2F)N1CC(F)(F)CO,1,train
226dccd00ba0607c6c92a940faeccad112c70853,C[C@@H]1Cc2c([nH]c3ccc(F)cc23)[C@@H](c2c(F)ccc(OCCNCCCF)c2F)N1CC(F)(F)CO,1,train
6c8ffc989e080fece2abff28f94f58a99c51ed1e,Cc1ccc(OCCNCCCF)cc1[C@@H]1c2[nH]c3ccccc3c2C[C@@H](C)N1CC(F)(F)F,1,train
34fe8b8f0fdd15e6663d25a54091ff319de9af1b,Cc1cc(OCCNCCCF)cc([C@@H]2c3[nH]c4ccccc4c3C[C@@H](C)N2CC(F)(F)F)c1,1,train
d256d6f4fd249d35d81492981aa322e02db9d256,Cc1c(OCCNCCCF)cccc1[C@@H]1c2[nH]c3ccccc3c2C[C@@H](C)N1CC(F)(F)F,1,train
2e8d3ef507b84320d77cf656d04a505862791abf,C[C@@H]1Cc2c([nH]c3ccccc23)[C@@H](c2cc(OCCNCCCF)ccc2Cl)N1CC(F)(F)F,1,train
29b077ef8edfa7ccbbae6477563ad87e9fc5154e,C[C@@H]1Cc2c([nH]c3ccccc23)[C@@H](c2cc(OCCNCCCF)ccc2C#N)N1CC(F)(F)F,1,train
9f08ee44fc7e84d72955f6c3ab35e50f02f7efcd,C[C@@H]1Cc2c([nH]c3ccccc23)[C@@H](c2cccc(OCCNCCCF)c2F)N1CC(F)(F)F,1,train
680df10da6ce28a809fcc6d6c3dda33819c5ae63,C[C@@H]1Cc2c([nH]c3ccccc23)[C@@H](c2cccc(OCCNCCCF)c2Cl)N1CC(F)(F)F,1,train
52920bf2939a644c1182884e25d779fc5529d19a,COc1ccc(OCCNCCCF)c(C)c1[C@@H]1c2[nH]c3ccccc3c2C[C@@H](C)N1CC(F)(F)F,1,train
cb13c65f26bc0a94395acdb4797a72994a412c89,COc1c(F)cc(OCCNCCCF)cc1[C@@H]1c2[nH]c3ccccc3c2C[C@@H](C)N1CC(F)(F)F,1,train
962dca5ab87e35dcee8ab496330c9bdaca45828f,COc1cc(F)c(OCCNCCCF)cc1[C@@H]1c2[nH]c3ccccc3c2C[C@@H](C)N1CC(F)(F)F,1,train
e976b999fd0572562b6ce61cdffcee5a14327e87,COc1c(F)cc(OCCNCCCF)c(F)c1[C@@H]1c2[nH]c3ccccc3c2C[C@@H](C)N1CC(F)(F)F,1,train
9743eab8ae754aa9e5b70c6698e9be6931f6af95,C[C@@H]1Cc2c([nH]c3ccccc23)[C@@H](c2cc(OCCNCCCF)cc(F)c2F)N1CC(F)(F)F,1,train
88a6b65b85f67670a235704f87b092e802ca9601,C[C@@H]1Cc2c([nH]c3ccccc23)[C@@H](c2cc(F)cc(OCCNCCCF)c2F)N1CC(F)(F)F,0,train
8376c26fa2859d3d62f1ebdaf6375c96bb3ac788,C[C@@H]1Cc2c([nH]c3ccccc23)[C@@H](c2c(F)c(F)cc(OCCNCCCF)c2F)N1CC(F)(F)F,1,train
04db80ba29a065b13f5ad95fa3aa56a3e0f7fd13,Cc1c(OCCNCCCF)ccc(F)c1[C@@H]1c2[nH]c3ccccc3c2C[C@@H](C)N1CC(F)(F)F,1,train
a47f7494cda9dde2f19b3f3b5afbb16ed19262ed,C[C@@H]1Cc2c([nH]c3ccccc23)[C@@H](c2cccc(OCCNCCCF)n2)N1CC(F)(F)F,1,train
515d73d1a7cbc9a1f4fba8ea28119e3709aa186f,C[C@@H]1Cc2c([nH]c3ccccc23)[C@@H](c2cc(OCCNCCCF)ccn2)N1CC(F)(F)F,1,train
3a40c6933725dfa2bbe7c986a0e7e0f406ce9fc3,COc1ncc(OCCNCCCF)cc1[C@@H]1c2[nH]c3ccccc3c2C[C@@H](C)N1CC(F)(F)F,1,train
bbcb8ea909890c9799fb059f86b03b6c6e5c1285,Cc1ncc(OCCNCCCF)cc1[C@@H]1c2[nH]c3ccccc3c2C[C@@H](C)N1CC(F)(F)F,1,train
df1a35a4a560b72ea9f4901f40724e9e4ebd29d9,Cc1c(OCCNCCCF)cncc1[C@@H]1c2[nH]c3ccccc3c2C[C@@H](C)N1CC(F)(F)F,1,train
3bb69acfedb563ddcb5b003ebab62d475c6fcafa,C[C@@H]1Cc2c([nH]c3ccccc23)[C@@H](c2cc(OCCNCCCF)ncc2F)N1CC(F)(F)F,1,train
ee10aaa9595e736c0c9dfb27b33524598c90da0d,COc1ccc(NCCNCCCF)cc1[C@@H]1c2[nH]c3ccccc3c2C[C@@H](C)N1CC(F)(F)F,1,train
7b6d0636b038f68daae0b16da37c8ec49b75dedd,COc1ncc(NCCNCCCF)cc1[C@@H]1c2[nH]c3ccccc3c2C[C@@H](C)N1CC(F)(F)F,1,train
8d2d683254143f391a4c1222982c14551105c754,COc1cnc(NCCNCCCF)cc1[C@@H]1c2[nH]c3ccccc3c2C[C@@H](C)N1CC(F)(F)F,1,train
adc212d157fdcae46e891c995029427e50324f8a,COc1ccc(NCCNCCCF)nc1[C@@H]1c2[nH]c3ccccc3c2C[C@@H](C)N1CC(F)(F)F,1,train
e1d51cbcf26dee93ade50cd20d04ba42b50f7e3f,C[C@@H]1Cc2c([nH]c3ccccc23)[C@@H](c2cc(OCCNCCCF)ccc2Cl)N1CC(F)(F)CO,1,train
0cc9654367a970e2f6d424a2a594e77677df4be0,Cc1c(OCCNCCCF)ccc(F)c1[C@@H]1c2[nH]c3ccccc3c2C[C@@H](C)N1CC(F)(F)CO,1,train
b297c74c4baf113a927c032f6fec3c13ef6adae9,COc1ccc(OCCNCCCF)cc1[C@@H]1c2[nH]c3ccc(F)cc3c2C[C@@H](C)N1CC(F)(F)CO,1,train
1358ef313bfa091ad859decab27bccd549896ad7,COc1ccc(O[C@H](C)CNCCCF)cc1[C@@H]1c2[nH]c3ccccc3c2C[C@@H](C)N1CC(F)(F)CO,1,train
93da2897461611acac2f1c3c63eabe826c4bec3f,COc1ccc(O[C@@H](C)CNCCCF)cc1[C@@H]1c2[nH]c3ccccc3c2C[C@@H](C)N1CC(F)(F)CO,1,train
72b8206a0f3bdfc6de871926b1c7a995b773812e,COc1ccc(OC[C@H](C)NCCCF)cc1[C@@H]1c2[nH]c3ccccc3c2C[C@@H](C)N1CC(F)(F)CO,1,train
c8be64f994799d6536df108af1fda60aba1b4d52,COc1ccc(OC[C@@H](C)NCCCF)cc1[C@@H]1c2[nH]c3ccccc3c2C[C@@H](C)N1CC(F)(F)CO,1,train
1dfc446a7a6bbed008c7f0453df9ff92395a6000,C[C@@H]1Cc2c([nH]c3ccccc23)[C@@H](c2c(F)ccc(OCCNCCCF)c2F)N1CC(F)F,1,train
57a1bb568431ae09da0b082ec9aa82d35d88d6c7,COc1ccc(OCCNCCCF)cc1[C@@H]1c2[nH]c3ccccc3c2C[C@@H](C)N1CC1(F)CC1,1,train
d18acf87d5ea8e000f287a0d595c9e5c36572558,C[C@@H]1Cc2c([nH]c3c(F)cccc23)[C@@H](c2c(F)ccc(OCCNCCCF)c2F)N1CC(F)(F)CO,1,train
479b9846169310f5236511827a24edd939572ad3,C[C@@H]1Cc2c([nH]c3cc(F)ccc23)[C@@H](c2c(F)ccc(OCCNCCCF)c2F)N1CC(F)(F)CO,1,train
08e2b39cfd612daa25a15f2fb1559df11d476525,C[C@@H]1Cc2c([nH]c3cccc(F)c23)[C@@H](c2c(F)ccc(OCCNCCCF)c2F)N1CC(F)(F)CO,1,train
1de8da981ca250e16f6f5bad7140a20ff315a9ab,Cc1ccc2[nH]c3c(c2c1)C[C@@H](C)N(CC(F)(F)CO)[C@@H]3c1c(F)ccc(OCCNCCCF)c1F,1,train
ea67f8204304b0ac95e9fc6909c3c1db95336122,C[C@@H]1Cc2c([nH]c3ccccc23)[C@@H](c2c(F)cnc(OCCNCCCF)c2F)N1CC(F)(F)CO,1,train
d690963284eee018678d726ab474abc9f389d8ee,C[C@@H]1Cc2c([nH]c3ccc(F)cc23)[C@@H](c2c(F)cnc(OCCNCCCF)c2F)N1CC(F)(F)CO,1,train
002e5aca5e8c4326b46c3d6acf5c39d717444c74,Cc1ccc2[nH]c3c(c2c1)C[C@@H](C)N(CC(F)(F)CO)[C@@H]3c1c(F)cnc(OCCNCCCF)c1F,1,train
f9896560c297720e2cd69b644c45a36004a26c7d,C[C@@H]1Cc2c([nH]c3ccc(F)cc23)[C@@H](c2c(F)cnc(OCCN(C)CCCF)c2F)N1CC(F)(F)CO,1,train
dac4187c76440e8f13124018dbe9667bbdcbf43f,C[C@@H]1Cc2c([nH]c3ccccc23)[C@@H](c2cccc(OCCNCCCF)c2C(F)F)N1CC(F)(F)CO,1,train
e15ae14ecffb3395b559f4ad4364f958a07fd165,C[C@@H]1Cc2c([nH]c3ccccc23)[C@@H](c2cccc(OCCNCCCF)c2C#N)N1CC(F)(F)F,1,train
7df9f39c766e0ed216ca54a73ee349ca81a78fee,C[C@@H]1Cc2c([nH]c3ccccc23)[C@@H](c2cc(OCCNCCCF)ccc2CO)N1CC(F)(F)F,1,train
b51ac23dba1c6e1789073db35c27c889d09ae062,COCc1ccc(OCCNCCCF)cc1[C@@H]1c2[nH]c3ccccc3c2C[C@@H](C)N1CC(F)(F)F,1,train
e6cb68523e04afe5eaefb354ba5c895f9168e8af,C[C@@H]1Cc2c([nH]c3ccccc23)[C@@H](c2cc(F)cc(OCCNCCCF)c2)N1CC(F)(F)F,1,train
eb80973ec91884d019aac1b30e0c0858f928d6d7,C[C@@H]1Cc2c([nH]c3ccccc23)[C@@H](c2ccc(F)c(OCCNCCCF)c2)N1CC(F)(F)F,0,train
1f10de31f2ecb8f5ec7349f69cbde5a0aeba5635,C[C@@H]1Cc2c([nH]c3ccccc23)[C@@](C)(c2cccc(OCCNCCCF)c2)N1CC(F)(F)F,1,train
4423aa9a683c9772a622169c5f88e1337db9973b,C[C@@H]1Cc2c([nH]c3ccccc23)[C@@H](c2c(F)ccc(OCCNCCCF)c2F)N1CC1(F)CC1,1,train
0e811b590699c2011f468ce77f2b1de8cd6fbfd1,C[C@@H]1Cc2c([nH]c3ccccc23)[C@@H](c2c(F)ccc(OCCNCCCF)c2F)N1CC1(S(C)(=O)=O)CC1,1,train
703536ab23e542316d612b7acc78177bd3893272,Cc1ccc(OCCNCCCF)c(C)c1[C@@H]1c2[nH]c3ccccc3c2C[C@@H](C)N1CC(F)(F)F,1,train
6861225b834917932b7530284f5a0ef7c296647c,Cc1ccc(OCCNCCCF)c(F)c1[C@@H]1c2[nH]c3ccccc3c2C[C@@H](C)N1CC(F)(F)F,1,train
da064b073e99d887f1f0286233f662e8213332fc,COc1ccc(OCCNCCCF)c(F)c1[C@@H]1c2[nH]c3ccccc3c2C[C@@H](C)N1CC(F)(F)CO,1,train
241f2472a7a5a3f37d0f91023949c42158468f25,COc1ccc(OCCNCCCF)c(F)c1[C@@H]1c2[nH]c3ccccc3c2C[C@@H](C)N1CC(F)F,1,train
bccd414a0dfd91c713e46dbce60af129617272d1,COc1ccc(OCCNCCCF)c(F)c1[C@@H]1c2[nH]c3ccccc3c2C[C@@H](C)N1CC1(F)CC1,1,train
f553f2b4978f8762c4959698638966bdbfae98a4,COc1ccc(OCCNCCCF)c(F)c1[C@@H]1c2[nH]c3ccccc3c2C[C@@H](C)N1CC1(F)COC1,1,train
1b88d9c19812f48772fd387529599f418b2d4c4f,C[C@@H]1Cc2c([nH]c3ccccc23)[C@@H](c2c(F)ccc(OCCNCCCF)c2Cl)N1CC(F)(F)CO,1,train
fb694bb99b6ccdb57b680ce19b6fe373fe232b61,COc1ccc(OCCNCCCF)c(F)c1[C@@H]1c2[nH]c3ccc(F)cc3c2C[C@@H](C)N1CC(F)(F)CO,1,train
2762d45c661c65930412d9ce18178bbf6ef3ec78,Cc1c(OCCNCCCF)ccc(F)c1[C@@H]1c2[nH]c3ccccc3c2C[C@@H](C)N1CCC#N,1,train
3a809127f70a1346751d12195215f849e9909f1b,C[C@@H]1Cc2c([nH]c3ccccc23)[C@@H](c2c(F)ccc(NCCNCCCF)c2F)N1CC(F)(F)F,1,train
17509d006755182282699b9009c3f6695a24aba2,C[C@@H]1Cc2c([nH]c3ccc(F)cc23)[C@@H](c2c(F)ccc(NCCNCCCF)c2F)N1CC(F)(F)CO,1,train
22813cf34c2d2ed8eaa64fb6b526989a15e42659,COc1ccc(NCCNCCCF)c(F)c1[C@@H]1c2[nH]c3ccccc3c2C[C@@H](C)N1CC(F)(F)F,1,train
9ba8d0e471cb7fa477f8969359ee2a21826bcd37,COc1cc(F)c(NCCNCCCF)cc1[C@@H]1c2[nH]c3ccccc3c2C[C@@H](C)N1CC(F)(F)F,1,train
47ed01fdffadf0841b69cb0b6a980135d3df308a,C[C@@H]1Cc2c([nH]c3ccccc23)[C@@H](c2nccc(OCCNCCCF)c2F)N1CC(F)(F)F,0,train
4eb4c9a77d3b29a3d1fa10c2500be4a75e8f9df6,C[C@@H]1Cc2c([nH]c3ccccc23)[C@@H](c2nccc(OCCNCCCF)c2Cl)N1CC(F)(F)F,1,train
2131b0ad581a3a83d8393d22df6b68e590caae5f,C[C@@H]1Cc2c([nH]c3ccccc23)[C@@H](c2nccc(NCCNCCCF)c2F)N1CC(F)(F)F,1,train
c7d8dbdd9eb3628c48c8e13713e7570a15aff641,Cc1c(NCCNCCCF)ccnc1[C@@H]1c2[nH]c3ccccc3c2C[C@@H](C)N1CC(F)(F)F,1,train
041d24bcece0cfd3139862a45120e8fa82b3a0ad,Cc1c(OCCNCCCF)ccnc1[C@@H]1c2[nH]c3ccccc3c2C[C@@H](C)N1CC(F)(F)CO,1,train
4b1165832c4640ae67fca483d9c2c31147132ef0,C[C@@H]1Cc2c([nH]c3ccccc23)[C@@H](c2nccc(OCCNCCCF)c2F)N1CC(F)(F)CO,0,train
55966779f4d26bef895faf2d94f4110ebf1ba73e,C[C@@H]1Cc2c([nH]c3ccccc23)[C@@H](c2nccc(OCCNCCCF)c2F)N1CC1(F)CC1,0,test
c121f9868cf900d18e7de39502fe22dbc20312ca,C[C@@H]1Cc2c([nH]c3ccccc23)[C@@H](c2nccc(OCCNCCCF)c2F)N1CC1(F)COC1,0,train
f239d9de1ff92d3595c12c55819fe24cc9a1bddc,C[C@@H]1Cc2c([nH]c3ccccc23)[C@@H](c2cncc(OCCNCCCF)c2)N1CC(F)(F)F,1,train
2fbc549012a224799f042ae8b52890c1bd0b48ba,C[C@@H]1Cc2c([nH]c3ccccc23)[C@@H](c2ccnc(OCCNCCCF)c2)N1CC(F)(F)F,1,train
0b61311fbed1b0352273069204f31a4ab509683e,Cc1c([C@@H]2c3[nH]c4ccccc4c3C[C@@H](C)N2CC(F)(F)CO)ccnc1OCCNCCCF,1,train
1fee2529175aa94ae04377468b4e7893628020ac,C[C@@H]1Cc2c([nH]c3ccccc23)[C@@H](c2ccnc(OCCNCCCF)c2Cl)N1CC(F)(F)CO,1,train
1bcae30b00bcf5859e77e873b6a7d9cb8004b5ad,Cc1ccc(OCCNCCCF)nc1[C@@H]1c2[nH]c3ccccc3c2C[C@@H](C)N1CC(F)(F)F,1,train
27e37a23ee42236a02a5f70b5c8bcfce9cc797f9,Cc1c([C@@H]2c3[nH]c4ccccc4c3C[C@@H](C)N2CC(F)(F)F)ccnc1OCCNCCCF,1,train
75b80b9b5eef2a1e8e63869acf9b67a22e41657d,C[C@@H]1Cc2c([nH]c3ccccc23)[C@@H](c2c(F)cnc(OCCNCCCF)c2F)N1CC(F)(F)F,1,train
ea5f8cb8a65b7030b39e30b3d704334253095f90,C[C@@H]1Cc2c([nH]c3ccccc23)[C@@H](c2c(F)cnc(OCCNCCCF)c2F)N1CC1(F)CC1,1,val
0751eadaedd7117fd79b48170f51963d44799feb,Cc1c(OCCNCCCF)ncc(F)c1[C@@H]1c2[nH]c3ccccc3c2C[C@@H](C)N1CC(F)(F)CO,1,train
a6a5f4a6e9a46140523efcf243349f1f41ed1f49,C[C@@H]1Cc2c([nH]c3ccccc23)[C@@H](c2c(F)cnc(OCCNCCCF)c2Cl)N1CC(F)(F)CO,1,train
2c2301bd31fc8c84b60d08fcee9ce79f5a9a836e,COc1nnc(OCCNCCCF)cc1[C@@H]1c2[nH]c3ccccc3c2C[C@@H](C)N1CC(F)(F)F,0,train
60e956960f277f40edd70f877abaf5fa26f39fbb,Cc1c(OCCNCCCF)ncnc1[C@@H]1c2[nH]c3ccccc3c2C[C@@H](C)N1CC(F)(F)F,1,train
e3e8a32796bb4f346880f011fb58612bca752a71,Cc1c(OCCNCCCF)ncnc1[C@@H]1c2[nH]c3ccccc3c2C[C@@H](C)N1CC(F)(F)CO,0,train
1110c0464027ec0efac9a50a3ebd265a7f394551,C[C@@H]1Cc2c([nH]c3ccccc23)[C@@H](c2c(F)ccc(OCCN(C)CCCF)c2F)N1CC1(F)COC1,1,train
b4af2c432d5af757e4b6ed153de693d4d7c67408,FC(F)(F)c1ccc(CCN2CCC(Nc3ncnc4[nH]ncc34)C(F)(F)C2)cc1,1,train
807f8e73e97c3721175dcd6596c6db1064f684e4,FC1(F)CN(CCc2ccccc2)CCC1Nc1ncnc2[nH]ncc12,0,train
2865a21f47cd4d0c50e663722bfeb6f1ae851fcd,Fc1ccc(CCN2CCC(Nc3ncnc4[nH]ncc34)C(F)(F)C2)cc1,0,train
6a529a76eeee79b498a939812ce4cff376ab073f,Cc1ccc(CCN2CCC(Nc3ncnc4[nH]ncc34)C(F)(F)C2)cc1,0,train
02b093b54c06818a5d5e32023e8599a73c7b2ee0,FC(F)c1ccc(CCN2CCC(Nc3ncnc4[nH]ncc34)C(F)(F)C2)cc1,1,train
c9c6a724a18a85eb68c8a8826dda489d1c940c22,Cc1ccc(COC(=O)N2CC[C@H](CNc3nccn4cnnc34)C(F)(F)C2)cc1,0,train
d4f8c7c783e2666bc00c7391f4b844de7772fcbd,Cc1ccc(COC(=O)N2CC[C@@H](CNc3ncc4c[nH]nc4n3)C(F)(F)C2)cc1,1,train
c946cc7a3441da1b704372147cc44b60c081b493,CNC[C@H](c1ccc2ccccc2c1)[C@H](OCC(=O)NC)c1ccccc1,0,train
035c9affe2f6d5cf57e63c3502895c3108139a34,CNCC(Cc1ccccc1CO)c1ccc2ccccc2c1,0,train
085bfcfae49764333bf77881586d95086c7dc831,CNC[C@H](c1ccc2ccccc2c1)[C@H](OCC(N)=O)c1ccccc1,0,train
3ebb1c7ee4cc840481ec840f29707f5aaac3ba58,CN1CO[C@H](c2ccccc2)[C@@H](c2ccc3ccccc3c2)C1,0,val
e963bc6a4cd01f688b0990f3e697934db2c55974,CNC[C@@H](Cc1ccccc1)c1ccc2ccccc2c1,1,train
aa9135c4b40303dbc164b7ae7aaf6578279dec82,CCNC(=O)CO[C@H](c1ccccc1)[C@H](CNC)c1ccc2ccccc2c1,0,train
3edc8fec9587e9f75edce3d2fbf83d23f6808be1,CNC[C@H](c1ccc2ccccc2c1)[C@@H](O)c1ccncc1Cl,0,train
d01839d6e93adb2454768d507a9fd8fb11eb68af,CNC[C@H](c1ccc2ccccc2c1)[C@H](F)c1ccccc1,1,train
38b124a20adafd39fcbc6e6008828c9279f04715,CNC[C@H](c1ccc(Cl)c(Cl)c1)[C@H](O)c1ccccc1,1,train
90e8379307c81cd62e4d374b3e18d16ef229ea54,CNC[C@H](c1ccc2ccccc2c1)[C@@H](F)c1ccccc1,0,train
d5dda20a9c279e473d59a1c16b52f5414c64e211,CNC[C@H](c1ccc2ccccc2c1)[C@H](O)c1ccncc1,1,train
7f03582e37e5e3fa81c09fb5dca42003c7c0c5b5,CNC[C@H](c1ccc2ccccc2c1)[C@H](OCC(=O)NC1CC1)c1ccccc1,0,train
eada26da0bc00114113aa8247554caf4add80ac4,CNC[C@H](c1ccc2ccccc2c1)[C@H](OCC(=O)NCCO)c1ccccc1,0,train
b858ee291f59d6989541c0588da3784e46933fb1,CNC[C@H](c1ccc2ccccc2c1)[C@H](O)c1ccccc1F,0,train
a2c701348ce2028ff1334518236a2185b4f3654f,CNCC(c1ccc(Br)c(Cl)c1)[C@H](O)c1ccccc1,1,train
74b91477eedee2fefe0d70424db8163a5984a61e,CNCC(Cc1ccccc1F)c1ccc2ccccc2c1,1,train
e1d2da09a21511b38a6a099bfa87d14376d1ac43,CNC[C@H](c1ccc2ccccc2c1)[C@H](OCc1cc(C)on1)c1ccccc1,1,test
53c6bee234d15b85c6479969161b5ea868c1e283,CNC[C@H](c1ccc2ccccc2c1)[C@H](OCC(=O)N1CC[C@H](O)C1)c1ccccc1,0,train
a7f827f669292f3fe5a4e4ebdf119c6e05c38a76,CNC[C@H](c1ccc2ccccc2c1)[C@H](OCc1cc(C)no1)c1ccccc1,1,test
c7f963e91adf67148bcc70f54dde3605b7481a1b,CNC[C@H](c1ccc(Br)c(Cl)c1)[C@@H](O)c1ccccc1,0,train
4b36da3a6fbe261bde165f404e108d5d51ecc8ec,CNC[C@H](c1ccc2ccccc2c1)[C@H](OCc1noc(C)n1)c1ccccc1,0,val
015ea6e7346ac1c8f83fa04b9fb7aa0f7a3cf80f,CNC[C@H](c1ccc2ccccc2c1)[C@H](OCC(=O)N1CCOCC1)c1ccccc1,0,test
ec368b5f96a4b965a45eea30919ad5272876d02b,CNC[C@H](c1ccc(Cl)c(Cl)c1)[C@H](O)c1cccc(N)c1,0,train
73f877a12b8f1da79d0c72461afc2608569ee09c,CNCC(c1ccc2ccccc2c1)[C@H](CO)c1ccccc1,0,train
933dffe8b56d652f41e2f742b7f2903201dd2bab,CNC[C@H](c1ccc2ccccc2c1)[C@H](O)c1ccc(Cl)nc1,1,train
2110e41c4d2ef313c7864b94c7b7c13e260e95fc,CNC[C@H](c1ccc2ccccc2c1)[C@H](O)c1ccccc1C,0,train
0e291f522eb170f6c30e5143e345e21bd0d7267e,CCCNC(=O)CO[C@H](c1ccccc1)[C@H](CNC)c1ccc2ccccc2c1,0,train
ca9950d2b279f71d4a74480e9f962db647fd3fd7,CNC[C@H](c1ccc2ccccc2c1)[C@H](OCC(=O)N1CCC1)c1ccccc1,0,test
63499df023e4b9dba7e0f593b8f6e253d97b0150,CNC[C@H](c1ccc2ccccc2c1)[C@H](OCCO)c1ccccc1,0,train
ad76533138908ca1f3a8bb1d4d9bb1ec8e751067,CNC[C@H](c1ccc2ccccc2c1)[C@H](OCC(=O)N(C)C)c1ccccc1,0,train
19f1ac5ffcf2a547c0cdeb51b81bf232a9729e69,CNC[C@H](c1ccc2ccccc2c1)[C@H](OCC(=O)N1CC[C@@H](O)C1)c1ccccc1,0,train
ee164f425cf94a6f4712c1b285deb6e0f2069e00,CCOC(=O)CO[C@H](c1ccccc1)[C@H](CNC)c1ccc2ccccc2c1,0,train
8d04fe31ef0ab24f368cd953bd2de442db2fba50,CNCC(c1ccc2ccccc2c1)C(OC)c1ccccc1,0,train
1dc7e74405e217eb17c402d57371b62a3a3ee88e,CNCC(Cc1ccccc1C)c1ccc2ccccc2c1,1,train
6791509e27e72ad8377f4dd214198233a8b91136,CNCC(Cc1cccs1)c1ccc2ccccc2c1,1,train
b79cd6972b22ba72bbcd432eda77264a53338482,C[C@](CN)(Cc1cccnc1)c1ccc2ccccc2c1,0,train
daea30551732d9ba0bb673b51b2e5a5675eeb917,CNC[C@H](c1ccc(Br)c(Cl)c1)[C@H](O)c1ccccc1,1,train
6a7d9d709abc996966c103a9f811d610541dc65c,CNC[C@@H](Cc1ccc(C)s1)c1ccc2ccccc2c1,1,train
f0acc3bfa5e3342914e686b079832678bfe52165,CNC[C@H](c1ccc2ccccc2c1)[C@H](OC)c1ccccc1,0,train
bfc25139d5027f29dd28e91233c58549bc9f55c0,CNC[C@H](c1ccc2ccccc2c1)[C@H](O)c1cccs1,1,train
6b0ffae1a25acc52cd597adae52627ad58c47c16,CNCC(Cc1cccnc1)c1ccc2ccccc2c1,0,train
3943bc0e735dd98c399d3c726f60271d540f388c,CNC[C@@H](c1ccc2ccccc2c1)[C@@H](O)c1cccnc1,0,train
5df4f398c8df92959f7ce8d578fc424d2811da93,CNC[C@H](c1ccc2ccccc2c1)[C@H](OCC(=O)N1CCCC1)c1ccccc1,0,train
fc415b27be0d2cdc79232e41c1639261a027eccd,CNCC(Cc1ccccc1O)c1ccc2ccccc2c1,1,train
84b3f8fae6b1b22fde6ce4d6960a84aa12e61314,CNCC(c1ccc(Cl)c(Cl)c1)[C@H](O)c1ccccc1,1,train
9e6063f2da859c7370bfae3751cb4c817d7d2f81,CNCC(Cc1ccccc1OC)c1ccc2ccccc2c1,1,train
f4d8e5989cf55bcd62b225b20ae5e0165feee343,CNC[C@H](c1ccc2ccccc2c1)[C@H](O)c1ccc(Cl)s1,1,train
77aacb7a1371802178091b135f6edeebc8bf5860,CNC[C@@H](Cc1cccnc1)c1ccc(Cl)c(Cl)c1,0,train
16ca990325abc775f5e0435ce20cd8c4b8abe052,CNC[C@H](c1ccc2ccccc2c1)[C@@H](O)c1ccccc1F,0,train
0742cf64a5afa195f88646ef768dd5ec124790b6,CNC[C@H](c1ccc2ccccc2c1)[C@@H](Cl)c1ccccc1,1,train
b39fb5ee35867e1984caf49cfe9a4f0cf95e41bd,CNC[C@H](c1ccc2ccccc2c1)[C@H](O)c1cccnc1,0,train
9397d5134913417bc63556bacb6d19b4f131675c,CNC[C@H](c1ccc(Cl)c(Cl)c1)[C@@H](O)c1cccc(N)c1,0,train
2468f0fb43a5c947849ec813bc9fccda12291e54,c1ccc([C@@H]2OCCNC[C@H]2c2ccc3ccccc3c2)cc1,0,train
0654c9beaa173398e9c8b4c88612f6d0012a7be9,CNC[C@H](c1ccc(Cl)c(Cl)c1)[C@@H](O)c1ccccc1[N+](=O)[O-],0,train
12cd0ec83a26494977e448334116555ce4e0de16,CNCC(CCc1ccccc1)[C@H](O)c1ccccc1,0,val
40873d6b04e0ff840de21737d649792988fb1d65,CNC[C@H](c1ccc2ccccc2c1)[C@H](OCc1nc(C)no1)c1ccccc1,0,train
4b1b9d06ba9cb32082e774bc8abc8a7dad3e140f,CNC[C@H](c1ccc(Cl)c(Cl)c1)[C@@H](O)c1ccccc1,0,train
2d4a9d904c96272cb1929f59044864907128d03c,CNC[C@@H](c1ccc2ccccc2c1)[C@H](O)c1ccccn1,0,val
a0d60196ef336c4668a1f56b8b0ce80a19970573,CNCC(c1ccc(F)c(Cl)c1)[C@H](O)c1ccccc1,0,train
cd70b9ab8c8e4e51f81096cf25000cdb46dbe38c,CNC[C@H](c1ccc(Cl)c(Cl)c1)[C@H](O)c1cccc(Br)c1,1,train
ed4c1ec3e8ece135cd5e11f6c1350ba63603f547,CN1CCO[C@H](c2ccccc2)[C@@H](c2ccc3ccccc3c2)C1,1,train
2bb0cf661c5eaba2a30ff52c524db664946c204c,CNC[C@@H](c1ccc2ccccc2c1)[C@@H](O)c1ccccc1F,0,train
5c88a28faab778e8b83edcaf813df2e763f6d59d,CNCC(Cc1cccnc1)c1ccc(Cl)c(Cl)c1,0,train
839f5fde705ebe16981758b8e5814e7e9ea9e5fe,CN(C)C[C@H](c1ccc2ccccc2c1)[C@H](N)c1ccccc1,0,train
9d2768fe9cefd4422a97df174255df8ac5935de6,CN(C)C[C@H](c1ccc2ccccc2c1)[C@H](O)c1ccccc1,1,train
87a8674ccc22b257b563488059ca6981b9bc176c,CNCC(C[C@H](O)c1ccccc1)c1ccc2ccccc2c1,0,train
ebea20508781255802eb99cfd39c175c1802e4c9,CN(C)CC(C)(c1ccc2ccccc2c1)C(O)c1ccccc1,1,train
3e1eaf9dc76f84a17e82418678782b8afa9ee11f,CNC[C@H](c1ccc2ccccc2c1)[C@H](N)c1ccccc1,0,train
dbaec8aee87105793bcc9c4a6ea424da8c5a36ad,NC[C@@H](c1ccc2ccccc2c1)[C@@H](O)c1ccccc1,0,train
836fdd99c0c4a3176ecee3e654169d8ab0558bbd,CN(C)C[C@H](c1ccc2ccccc2c1)[C@H](OCCO)c1ccccc1,1,train
036e1bfa822f0cd9578a324ab0ab629b03494f6f,NCC(c1ccc2ccccc2c1)[C@@H](O)c1ccccc1,0,train
4e53def89cd13a83c3943700dbd903fc02d98b68,CNC[C@H](c1ccc2ccccc2c1)[C@H](O)c1cncc(OC)c1,0,train
25993bcd8faa3709d8cf3c9f832d33491ff9558b,CNC[C@H](C[C@H](O)c1ccccc1)c1ccc2ccccc2c1,0,train
e3064dec2bcf1110a959414f47606043bef86c18,CNC[C@H](c1ccc(Cl)c(Cl)c1)[C@@H](O)c1cccc(NC(C)=O)c1,0,train
86f85f5a9112646ecdc68d171a77ac507694b172,NC[C@H](c1ccc2ccccc2c1)[C@@H](O)c1ccncc1Cl,0,train
9af9e086f8f8c3c94b9a41e0c7ba010c5f5a69d4,CNC[C@@H](c1ccc2ccccc2c1)[C@H](O)c1ccccc1F,0,train
1dc19361ed9b5ad33880a35f7929638a8ef69284,CNC[C@H](c1ccc(Cl)c(Cl)c1)[C@@H](O)c1ccccc1SC,1,train
f15c4ef034b4799499abb2688e132cab155a35e7,CNC[C@@H](c1ccc(Cl)c(Cl)c1)[C@H](O)c1cccc(NC(C)=O)c1,0,train
f6619935782929bdd11d02ac3dd1ab33437cf3d7,CNC[C@H](c1ccc(Cl)c(Cl)c1)[C@@H](O)c1ccccc1-c1cccs1,0,train
a4ef72a01ace24055d5dfaa923f45aecd95c4be6,CNC[C@@H](c1ccc(Br)c(Cl)c1)[C@@H](O)c1ccccc1,1,train
8ff20b58e113a2b9cd474f6cf0786c5e0d9f31ca,CNC[C@@H](c1ccc(Cl)c(Cl)c1)[C@@H](O)c1ccccc1,0,train
f4da1e0b25beb31b9fce6e1f06c5e11611a8c713,NC[C@@H](c1ccc2ccccc2c1)C(O)c1ccncc1Cl,0,train
f181eac5e212954d6cb3ee39807b304f37b1bad2,CN(C)C[C@H](c1ccc2ccccc2c1)[C@H](O)c1cccs1,1,train
5a05bc3d9ccca0894a78e89a9cd174bd56a3d491,CNC[C@H](c1ccc2ccccc2c1)[C@H](OC)c1ccc2c(c1)OCO2,1,test
cd7c53ea9ebeb4f402ed1ec9651d1d9731c9acbe,NCC(Cc1ccccc1F)c1ccc2ccccc2c1,1,train
03a9e577567567a62aafb47dbf5f4a7ddfa18ffc,CNCC(Cc1ccc(C)s1)c1ccc2ccccc2c1,1,train
e85bd768a0baecde7cc982c14b56c16631e58c1c,CNC[C@H](Cc1ccccc1O)c1ccc2ccccc2c1,1,train
54f370d1718860e9229124e2c2cad369c5a86e2b,CNC[C@H](c1ccc2ccccc2c1)[C@H](O)c1ccc2c(c1)OCCO2,0,train
a3f8517c0d0af8d836c678d46658ba64f3bb95d7,CNC[C@@H](c1ccc2ccccc2c1)[C@@H](O)c1cccs1,1,train
422167c08a10b0f7d80fe1e6f53fb2741f4fcfb2,CNC[C@@H](c1ccc2ccccc2c1)[C@@H](O)c1ccc2c(c1)OCCO2,0,train
7f487519bc6ab7e299dfa16bff0347d5966499bb,CNC[C@H](c1ccc2ccccc2c1)[C@H](Cl)c1ccccc1,0,train
0f09aab2e22824cdbe6dbbd6e1942009ab225b07,CNC[C@H](c1ccc(Cl)c(Cl)c1)[C@H](O)c1cccc(I)c1,1,train
6ca4ae6ff60da8e0690e3d4b4ce0c1ae431bbe12,CNC[C@@H](c1ccc(Cl)c(Cl)c1)[C@@H](O)c1ccsc1,1,train
a73af16ce084fa95ce24d8cd14ffd9687fed3981,CNC[C@@H](c1ccc(Cl)c(Cl)c1)[C@@H](O)c1cccc(SC)c1,1,train
e37a1a63b74c99f1ef17d27fe5b821a326cd9f9a,CNC[C@H](c1ccc(Cl)c(Cl)c1)[C@H](O)c1ccccc1SC,1,train
e9da9f0bb1dcfeaea856e756207d44e20f6188e5,CCc1ccccc1[C@@H](O)[C@H](CNC)c1ccc(Cl)c(Cl)c1,1,train
7f26fb168ab0eb483e7a0220941fe2478c90c452,CNC[C@H](c1ccc(Cl)c(Cl)c1)[C@H](O)c1ccccc1OC,1,train
511d259cbc7a0c97e6fdda21d9ee27e5005fc692,CNC[C@H](c1ccc(Cl)c(Cl)c1)[C@H](O)c1ccccc1I,1,train
d65c2af5167cd8c52d690a726b12b164fb6ad7c6,CNC[C@H](c1ccc(Cl)c(Cl)c1)[C@@H](O)c1cccc(I)c1,1,train
8cf029e73493188f73ddf0e6a36dca740a4f0a24,CNC[C@H](c1ccc(Cl)c(Cl)c1)[C@H](O)c1cccc(OC)n1,0,train
c0eafee0ce6899f4cd571d00c445aa3fb4920865,CNC[C@@H](c1ccc(Cl)c(Cl)c1)[C@@H](OC)c1cccc(NS(=O)(=O)C(F)(F)F)c1,1,train
f55adac36104446c49c3b923c94714a805853b28,CNC[C@H](c1ccc2ccccc2c1)[C@H](O)c1ccccc1,1,train
f5f13fe145b16add21ecaefc05872c88b1a90b5a,CC(NC(C)(C)C)C(=O)c1cccc(Cl)c1,0,train
86e2b9b7a08bfc9c65c14c9f5dcf096953829619,CNC[C@@H](c1ccc2ccccc2c1)[C@H](O)c1ccccc1,0,train
b3c6e4b371ae039e2c98e01a95c1ac882ca9e0a9,Cc1ncnn1Cc1cn(-c2ccc(Cl)cc2)nn1,0,train
b957f8b878dad11fc975475015f33fa260ac5518,Clc1ccc(-n2cc(Cn3ncnc3C3CCCC3)nn2)cc1,0,train
d428d2d8c130b8f9e334d20ee0e81ab8268f8f24,CCCc1nccn1Cc1cn(-c2ccc(Cl)cc2)nn1,1,train
f6b49c3bd9928a7700a07755765d13b2e076ded4,CC(C)c1nccn1Cc1cn(-c2ccc(Cl)cc2)nn1,1,train
37ced8efe0488157a8df0f9870589c60920694cb,Cc1nccn1Cc1cn(-c2ccc(Cl)cc2)nn1,1,train
1d4450b7aa25e6ddccc793675f68038726696a68,CCc1nccn1Cc1cn(-c2ccc(Cl)cc2)nn1,1,train
9d8161164e33d9307dc1b2c81535c49ff4356484,Clc1ccc(-n2cc(Cn3ccnc3Cl)nn2)cc1,1,train
5c7f77faebac4ca9657d67d33f5acbe6ea1cffaf,CCCCc1nccn1Cc1cn(-c2ccc(Cl)cc2)nn1,1,train
3d517a694b5a0dd5fcd34efd9220dce783fe0f1f,OCc1nccn1Cc1cn(-c2ccc(Cl)cc2)nn1,1,train
38330ba0fc1e6650800315045be99061306859bb,Clc1ccc(-n2cc(Cn3ccnc3C3CC3)nn2)cc1,1,train
1390250061eca4495df3a88c928a6f79721b1b94,CC(C)(C)c1nccn1Cc1cn(-c2ccc(Cl)cc2)nn1,1,train
091b9554188d9512ae0e49c3dd47c80be25684b9,Cc1nccn1Cc1cn(-c2ccc(Cl)c(Cl)c2)nn1,1,train
524a1a49cfe5caa415bdc0df0a451bd714e4a8c6,CCc1nccn1Cc1cn(-c2ccc(Cl)c(Cl)c2)nn1,1,train
9e27704d265afec26336c0a876a80894d444b88d,CCCc1nccn1Cc1cn(-c2ccc(Cl)c(Cl)c2)nn1,1,train
dfe1f0c2b23f3808ec9d9e301405ab8a7ab62891,CC(C)c1nccn1Cc1cn(-c2ccc(Cl)c(Cl)c2)nn1,1,train
adc1a73f808821a73288ebeb3e5e917609b007b8,Clc1ccc(-n2cc(Cn3ccnc3C3CC3)nn2)cc1Cl,1,train
b070192801167ebbe52c55d7b58c97386c0f9dcb,CCCCc1nccn1Cc1cn(-c2ccc(Cl)c(Cl)c2)nn1,1,train
eee71d931a4e2996b429e1ec4147399110145ef9,CC(C)(C)c1nccn1Cc1cn(-c2ccc(Cl)c(Cl)c2)nn1,1,train
590cbc08b307b46a07fec6919b3e6ae3b10b0e2d,Clc1ccc(-n2cc(Cn3ccnc3C3CCC3)nn2)cc1Cl,1,train
8c955d97f0a2e97429cabb66cb5e2665ff12876d,OCCc1nccn1Cc1cn(-c2ccc(Cl)c(Cl)c2)nn1,1,train
bfcd0cb6685db66bd06c6cbe9581f56037a51e83,FCCc1nccn1Cc1cn(-c2ccc(Cl)c(Cl)c2)nn1,1,train
cda455623765ec2e448013530653f418ed61b36e,CCc1nccn1Cc1cn(-c2ccc(F)c(Cl)c2)nn1,1,train
3e032a08f93e2ae24359521554001e607d3e7ec5,CCCc1nccn1Cc1cn(-c2ccc(F)c(Cl)c2)nn1,1,train
c1e010962356abcd03018fce13de1fbb5feb523b,Fc1ccc(-n2cc(Cn3ccnc3C3CC3)nn2)cc1Cl,1,train
190f3e902893a106908e94b5489112cca93a8e66,CCCCc1nccn1Cc1cn(-c2ccc(F)c(Cl)c2)nn1,1,train
d65b16e68a8d31c8e736f3e2d6118b7dd1e56eeb,Cc1nccn1Cc1cn(-c2ccc(Cl)cc2Cl)nn1,1,train
dd1f47dc4594026f04fb23282c41250299a6f425,Cc1nccn1Cc1cn(-c2ccc(Cl)c(F)c2)nn1,1,train
17973364f4e42256690c24df812367fd4acd50f9,Cc1nccn1Cc1cn(-c2ccc(F)c(Cl)c2)nn1,1,train
8c15d292ea8466c75bc098c9faa685d74fd91a68,COc1cc(F)ccc1-n1cc(Cn2ccnc2C)nn1,1,train
120ff83e6d38bbead35c7cd78e2c1cf7785ffd2f,Cc1ccc(-n2cc(Cn3ccnc3C)nn2)cc1F,1,train
b3a2b112c1a761f78426c9d8d427b4efe15181ce,Cc1cc(-n2cc(Cn3ccnc3C)nn2)ccc1F,1,train
289d77c7be2a34b048069f12ce00c4790393d5bb,Cc1cc(-n2cc(Cn3ccnc3C)nn2)ccc1Cl,1,train
e59aa9cb6b5ddfaa778a3cc459db5fc6062bb15e,Cc1nccn1Cc1cn(-c2ccc(Cl)c(C(F)(F)F)c2)nn1,1,train
f3ab70ccb6aae021dae4446ae9e2f9b9b423036b,Cc1nccn1Cc1cn(-c2cccc(OC(F)(F)F)c2)nn1,1,train
dad61fea588ebb90d35e0a13e3941e2876bf0192,Cc1nccn1Cc1cn(-c2cccc(C(F)(F)F)c2)nn1,1,train
ce748c52ee0f4af86914d1ee3a177c48784de553,Cc1nccn1Cc1cn(-c2ccc(C(F)(F)F)cc2)nn1,1,train
838f847e503924c6e9563f8548357e539d9a15e7,Clc1ccc(-n2cc(Cn3ccnc3C3CC3)nn2)c(Cl)c1,1,train
87e63927268528ff16f9931e5d4a338d0baf46c7,Fc1cc(-n2cc(Cn3ccnc3C3CC3)nn2)ccc1Cl,1,train
ddfe757556a295f78a1039810fad16b40f7ccc27,COc1cc(F)ccc1-n1cc(Cn2ccnc2C2CC2)nn1,1,train
5fa0b7a1bf600fe49c5ad008e4deb4c2fc24475e,Cc1ccc(-n2cc(Cn3ccnc3C3CC3)nn2)cc1F,1,train
ad70f3b4cc693e315a3ab41d161e9b7fa9342945,Cc1cc(-n2cc(Cn3ccnc3C3CC3)nn2)ccc1F,1,train
3bf6c759a855af9445ca994e9ddd66d50324123f,Cc1cc(-n2cc(Cn3ccnc3C3CC3)nn2)ccc1Cl,1,train
7094fe3824443cf54eb33fafe29883d230300bf0,FC(F)(F)c1cc(-n2cc(Cn3ccnc3C3CC3)nn2)ccc1Cl,1,train
6754ecc19429e28af9587c299ea245f4be1e2044,FC(F)(F)Oc1cccc(-n2cc(Cn3ccnc3C3CC3)nn2)c1,1,train
03cceccd7b5e2ff1d4acbc0eaaf1d0ea46ed17b3,FC(F)(F)c1cccc(-n2cc(Cn3ccnc3C3CC3)nn2)c1,1,train
ba6e9307d5c23adb8f8b55dde650ee2341b38b74,FC(F)(F)c1ccc(-n2cc(Cn3ccnc3C3CC3)nn2)cc1,1,train
fc206c2001256d5a7ad998c66f67c626db1917c1,CCc1nccn1Cc1cn(-c2ccc(Cl)c(C)c2)nn1,1,train
57f1ebf992042f25c2db29e105b5ac6d2e8380a2,Cc1cc(-n2cc(Cn3ccnc3C(C)C)nn2)ccc1Cl,1,train
a4370e4a4b481da11d1f1d73aedf9eb221185eba,CCc1nccn1Cc1cn(-c2cccc(OC(F)(F)F)c2)nn1,1,train
d70df7ed18b7706d182997912a4f62f7f503efc8,CC(C)c1nccn1Cc1cn(-c2cccc(OC(F)(F)F)c2)nn1,1,train
dc86cf3decbcbd70f85f78845cdf73a6ac42bd46,Cc1cc(-n2cc(Cn3ccnc3CCO)nn2)ccc1Cl,1,train
f5527fd871c667ced4db191b1b5db0a5aad611b7,Cc1cc(-n2cc(Cn3ccnc3CCF)nn2)ccc1Cl,1,train
3a49f776d89e13067567d41559f349d85a415126,Cc1nccn1Cc1cn(-c2cccc(C3CC3)c2)nn1,1,train
c44ec1fa81203ea3c2c208d0d072368ca1537020,Cc1nccn1Cc1cn(-c2cccc(S(C)(=O)=O)c2)nn1,1,train
72c198f97c05b6e62a03816aa98c87739df5f37d,OCCc1nccn1Cc1cn(-c2cccc(C3CC3)c2)nn1,1,train
24662c5b7269f6a043683b98c31bad8c066fa6dc,CS(=O)(=O)c1cccc(-n2cc(Cn3ccnc3CCO)nn2)c1,1,train
6ef07e2388b4f4b4be62bfadaedff80ab9d8f4d1,CS(=O)(=O)c1cccc(-n2cc(Cn3ccnc3CCF)nn2)c1,1,train
ac001cf44a4ca09b21f38f4268204fcf42617f58,Cc1nccn1Cc1cn(-c2ccc(F)c(C(F)F)c2)nn1,1,train
0649a6625e2871ab6a3033c0cca974e4827c9b51,Fc1ccc(-n2cc(Cn3ccnc3C3CC3)nn2)cc1C(F)F,1,train
5e4ab61e8ede7acc307e3a990fef04f5876e96f7,CCc1nccn1Cc1cn(-c2ccc(F)c(C(F)F)c2)nn1,1,train
790cf06d77a18541eb4abff842040e2a76f49d9f,CC(C)c1nccn1Cc1cn(-c2ccc(F)c(C(F)F)c2)nn1,1,train
5537888a136228e8acb911e948490a3dedbcecb0,CCCc1nccn1Cc1cn(-c2ccc(F)c(C(F)F)c2)nn1,1,train
c69390f432c02a22bdb42605bb2093dbbdf0c640,CCCCc1nccn1Cc1cn(-c2ccc(F)c(C(F)F)c2)nn1,1,train
b57b9854583ddc8e90dc8086ef4aa2dad7dc85cb,CC(C)(C)c1nccn1Cc1cn(-c2ccc(F)c(C(F)F)c2)nn1,1,train
4024aeec957732dbd694385e4ffb5da3ae657e8b,OCCc1nccn1Cc1cn(-c2ccc(F)c(C(F)F)c2)nn1,1,train
67545201061a1ab7ea175e2b18d8d6209b60da43,Cc1nccn1Cc1cn(-c2ccc(Cl)c(C(F)F)c2)nn1,1,train
1a7b68fb27c1923bb24677946b0a98478c7224cf,FC(F)c1cc(-n2cc(Cn3ccnc3C3CC3)nn2)ccc1Cl,1,train
06e923a819bc680562e6dc12b7d60e2c46fd591e,CCc1nccn1Cc1cn(-c2ccc(Cl)c(C(F)F)c2)nn1,1,train
291425c594adbc1da33292d42203b47332583eab,CC(C)c1nccn1Cc1cn(-c2ccc(Cl)c(C(F)F)c2)nn1,1,train
5b5c3e59ed438e38766e44456aa979ff8cb6a291,Cc1nccn1Cc1cn(-c2ccc(Cl)c(OC(F)F)c2)nn1,1,train
f84cf602db1f67added03718264637129af5c9fc,FC(F)Oc1cc(-n2cc(Cn3ccnc3C3CC3)nn2)ccc1Cl,1,train
ab7e36f2b28842135e071dd7ae839898a2b0b967,CC(C)(C)c1nccn1Cc1cn(-c2ccc(Cl)c(OC(F)F)c2)nn1,1,train
678b6b9df9faad69d32c09dda51b9c7132be5bb9,CCc1nccn1Cc1cn(-c2ccc(Cl)c(OC(F)F)c2)nn1,1,train
6b227d0fcc569b226b633dae8887c2af2c5e15aa,CC(C)c1nccn1Cc1cn(-c2ccc(Cl)c(OC(F)F)c2)nn1,1,train
ca42087cf0d7f1c500abbce01bc3eb516ac46615,OCCc1nccn1Cc1cn(-c2ccc(Cl)c(OC(F)F)c2)nn1,1,train
46b830e7e1da97d837a4f35143aa2624cdcc7c83,FCCc1nccn1Cc1cn(-c2ccc(Cl)c(OC(F)F)c2)nn1,1,train
7aad84151baadbc61526c8a5b4e9caed4fe898b2,Cc1nccn1Cc1cn(-c2ccc(F)c(OC(F)F)c2)nn1,1,train
09206d45c296b54fc6e21d72eb480824fbaf92b8,OCCc1nccn1Cc1cn(-c2ccc(F)c(OC(F)F)c2)nn1,1,train
40bc0e669adc49d01b0bfaa179367f92ec037e51,Cc1nccn1Cc1cn(-c2cc(F)cc(C(F)F)c2)nn1,1,train
75fa567c0cd39eb458083dd1db26dc61672741e3,OCCc1nccn1Cc1cn(-c2cc(F)cc(C(F)F)c2)nn1,1,train
8fad43a81f8b2aea4a49b21cd2a48ffc3bc66f48,FCCc1nccn1Cc1cn(-c2cc(F)cc(C(F)F)c2)cn1,1,train
6c83dbab622d763fa04872eb0d92684df6fc8e65,Cc1nccn1Cc1cn(-c2ccc(F)c(C(C)(F)F)c2)nn1,1,train
abc24fb55c229eb03931828e794f9245e7675578,CC(F)(F)c1cc(-n2cc(Cn3ccnc3CCO)nn2)ccc1F,1,train
3922922ad9d47a6b901ed7770e65cc2e30a3fef0,Cn1nccc1Cc1cn(-c2ccc(F)c(Cl)c2)nn1,1,train
d270c95547f3c744c1df18ec97321c9f08879fd7,Nc1nccn1Cc1cn(-c2ccc(Cl)c(OC(F)F)c2)nn1,1,train
195d48a7ef3ef0602f50b7d08306b28d36a90932,Nc1nccn1Cc1cn(-c2cc(F)cc(C(F)F)c2)nn1,1,train
e021c0fb0a021219d78ca7ca76fac6243e9aa2ea,Nc1nccn1Cc1cn(-c2ccc(Cl)c(C(F)F)c2)nn1,1,train
eed435b51d636598ec8394b585126c7ec944bc6f,Nc1nccn1Cc1cn(-c2ccc(F)c(C(F)F)c2)nn1,1,train
9783ef1e1692a81011f602a6be069e4e909040a8,CC(F)(F)c1cc(-n2cc(Cn3ccnc3N)nn2)ccc1F,1,train
8f3427115dc6d57914b6caf786cb515c142e465d,Fc1ccc(-n2cc(Cc3cc[nH]n3)nn2)cc1C(F)F,1,val
149c1385f779db746204b111c05dc240d2f95987,Cc1nc2ccccc2n1Cc1cn(-c2ccc(Cl)c(Cl)c2)nn1,1,train
df9cd0e18ec4a7332046696ffca3c939bdddb48e,OCCc1nccn1Cn1cc(-c2ccc(S(F)(F)(F)(F)F)cc2)nn1,1,val
02c8538463c72979abc2eeddb82f6c741cb129de,Cc1nncn1Cc1cn(-c2ccc(Cl)cc2)nn1,1,val
744c64b1aa128e086a49d9885b1d099e2353d2a3,FCCc1nccn1Cc1cn(-c2cc(F)cc(C(F)F)c2)nn1,1,train
92f065de054f2a5b368fc8cc61a3cab109c701fb,CC(F)(F)c1cc(-n2cc(Cn3ccnc3N)nn2)ccc1Cl,1,train
fc7138f6198c0fde21dd3243fad556163470f17e,OCCc1nccn1Cc1cn(-c2ccc(S(F)(F)(F)(F)F)cc2)nn1,1,train
aa5b6d3ec779539799c715dc818fbf76e5fff8ba,COc1cc(C(=O)NC2CCN(C[C@H](O)c3ccc4c(c3C)COC4=O)CC2)ncc1C#N,0,test
9160101a0494b4ec07bee7e0690da3355a947455,Clc1ccc(-n2c(-c3ccc(N4CCOCC4)nn3)nc3ccncc32)cc1,1,test
30f7b444659101f5532e4ff38cd96d5feafe031d,Fc1ccc(-n2c(-c3cnc(NCC4CC4)nc3)nc3ccncc32)cc1,1,val
e9e21bb2e462c8da7fcdf592ba7a5ee883857417,Clc1ccc(-n2c(-c3ccc(N4CCOCC4)nc3)nc3ccncc32)cc1,1,train
56cabe2b3e09c0c671f37b7ece1e72e89fcb2e62,Clc1ccc(-n2c(-c3ccc(Cn4ccnc4)cc3)nc3ccncc32)cc1,1,val
51df5066e8bc993b2744483c4b806bca1e5bed78,Clc1ccc(-n2c(-c3cnc(N4CCOCC4)nc3)nc3ccncc32)cc1,1,train
7eda35699c6431210855c7a73ec021c04faf6a0d,Cc1ccc(-n2c(-c3ccc(N4CCOCC4)nc3)nc3ccncc32)c(F)c1,1,train
02bbecae3e737d6a0dc8251effc0a342861bc2fb,CS(=O)(=O)NC1CCN(c2ccc(-c3nc4ccncc4n3-c3ccc(Cl)cc3)cn2)CC1,1,train
02daaf7702582faab87da62fc3f1982a66ec2e99,Clc1ccc(-n2c(-c3ccncc3)nc3ccncc32)cc1,1,val
f29348f4c5fdb0d2578f60a9e177a34b6b962d5a,Clc1ccc(-n2c(-c3cccnc3)cc3ccncc32)cc1,1,test
8d50247410ad1f04bc2678c86e2bb9116a2a7ce7,Clc1ccc(-n2c(-c3cnc(N4CCOCC4)nc3)cc3ccncc32)cc1,1,train
7d23f5b9f34fdf5f9ec0dee0180008ffb011d72a,Cc1ccc(-n2c(-c3cnc(N4CCOCC4)nc3)cc3ccncc32)cc1,1,train
86fbab48b6fe26c52535ebc6a699fc54ba4e7e6f,c1ccc(-n2c(-c3cnc(N4CCOCC4)nc3)cc3ccncc32)cc1,1,train
f790497d098d992f66d71a1998537d3e38d40bf3,Cc1ccc(-n2c(-c3cnc(N4CCOCC4)nc3)cc3ccncc32)nc1,1,val
8f4510a7e61045418d34f20540df9c5a6659519a,Cn1cncc1-c1cc2ccncc2n1-c1ccc(Cl)cc1,1,train
630fd03315a9f9c5e5a8b73c2025ff0de8633c4b,O=c1cc(-c2cc3ccncc3n2-c2ccc(Cl)cc2)ccn1C1CC1,1,train
74268e360ffe689763e70d37d07c8b36cbe7eb5e,Clc1ccc(-n2c(-c3cnc(NC4CCOCC4)nc3)cc3ccncc32)cc1,1,val
e2259339b7a402fc641220ed81dfd17c8867a7d7,Clc1ccc(-n2c(-c3ccc(CN4CCOCC4)nc3)cc3ccncc32)cc1,1,train
6d62d01798dbb79e0f4942c677b909c2759a9cce,O=c1cc(-c2cc3ccncc3n2-c2ccc(Cl)cc2)cc[nH]1,1,train
0b959ccc9e1ba47c1f305a3dd8f9c833c991dc04,Nc1cc(-c2cc3ccncc3n2-c2ccc(Cl)cc2)ccn1,1,train
8e21e2af92d1bacd03a5ffe687b665a8f87974dd,Fc1cnccc1-c1cc2ccncc2n1-c1ccc(Cl)cc1,1,train
581c04771347c70b99ee69ad123bc122f7d13bfa,Clc1ccc(-n2c(-c3ccncc3Cl)cc3ccncc32)cc1,1,train
38b17bee4c93747e73f469c91267543dea33ee3d,Clc1ccc(-n2c(-c3ccncc3)cc3ccncc32)cc1,1,train
159ca568217a07679bbd2cd26254a04b936801be,O=C(Nc1ccc([C@H]2CNCCO2)cc1)c1ccc(OCC(F)(F)F)nc1,1,train
485e1eb10bb8341e17a705a7fcbabed81cfe6dae,O=C(Nc1ccc([C@H]2CNCCO2)cc1)c1ccc(Cl)nc1,0,train
a3fbb09355d8ccd39bd079694e0085e1ebb82a7e,O=C(Nc1ccc([C@H]2CNCCO2)cc1)c1ccnc(Cl)c1,0,train
dc82746953851ea97d668f740b108470fc24c3a2,O=C(Nc1ccc([C@H]2CNCCO2)cc1)c1cnc(-c2ccccc2)s1,1,val
7fc7371353d704fd0ffbc143dc0a8230f1b3c0f9,O=C(Nc1ccc([C@H]2CNCCO2)cc1)c1cc(Cl)nc(Cl)c1,0,train
a77560d7e1f7eb9275a8a0f565699a7910ac35c1,Cc1c(-c2ccccc2)n[nH]c1C(=O)Nc1ccc([C@H]2CNCCO2)cc1,0,train
26296671499d57ddbc1ac6e4052498162a29d17c,O=C(Nc1ccc([C@H]2CNCCO2)cc1)c1cnc(Cl)c(Cl)c1,1,train
649733526356120b1e42ecb45cde406b830ea1a7,N#Cc1ccc(C(=O)Nc2ccc([C@H]3CNCCO3)cc2)cn1,0,train
e06bdc4b94a2b9e50be82627f6cb9c5c139443e5,O=C(Nc1ccc([C@H]2CNCCO2)cc1)c1ccc(C(F)(F)F)nc1,0,train
67e111de3eb653da946a70e1150ba969acc907f1,O=C(Nc1ccc([C@H]2CNCCO2)cc1)c1ccc(Cl)cn1,0,val
ec26f0bf53371a02343d4ee8def196a22235802e,O=C(Nc1ccc([C@H]2CNCCO2)cc1)c1cncc(Cl)c1,0,train
58075d7085a8b32fd4e613e83b1f3e517c82bcf6,Cc1cc(C(=O)Nc2ccc([C@H]3CNCCO3)cc2)cc(Cl)n1,0,train
3b5626e62223f770f6b79f7a7fbd0e23dc214ab6,O=C(Nc1ccc([C@H]2CNCCO2)cc1)c1coc(-c2ccccc2)n1,1,train
061080f02e83a3392c9f3d752639a7bc98986329,O=C(Nc1ccc([C@H]2CNCCO2)cc1)c1csc(-c2ccccc2)n1,1,test
573b7cf54706a9cdf9ce67f5eb4e6ebaadb8b164,Cc1nc(C(=O)Nc2ccc([C@H]3CNCCO3)cc2)cs1,0,test
f28ef927256e767b3021240facce2a6e57b66157,O=C(Nc1ccc([C@H]2CNCCO2)cc1)c1ccn(-c2ccccc2)n1,0,train
03a27b5051c98151220b1eab49f1c1352235818a,Cc1ccc(COC(=O)N2CC[C@H](CNc3ncc4c[nH]nc4n3)C(F)(F)C2)cc1,1,train
f8f553c5fe3bd7a205da003e21ee46999db774b3,COc1cc(CC[C@@H](C)N2Cc3ccc(Cl)cc3C2)ccc1O,1,train
a1ca35e42bcf5cbf6bb9cd9e48fef14d54cfeb03,COc1cc(CC[C@@H](C)N2Cc3ccc(C(F)(F)F)cc3C2)ccc1O,1,train
9dc87c301b38a1b63c7cbb92c12db88db7c1bea6,COc1cc(CC[C@@H](C)N2Cc3cc4c(cc3C2)OCO4)ccc1O,1,train
6855a20450e92f5a481cc3e09fa895963a4c1020,COc1cc(CC[C@@H](C)N2Cc3cccc(F)c3C2)ccc1O,1,train
ff8e9cbdabdeb2f2bf5869e0716e74bd247bbe95,C[C@H](CCc1ccc(Cl)c(Cl)c1)N1Cc2cccc(F)c2C1,1,train
972f4e58f68463ed2060184cd6789cca57cdc122,C[C@H](CCc1ccc(Cl)c(Cl)c1)N1Cc2cc3c(cc2C1)OCO3,0,train
4b813c9fbaf3b031c4df13246920513fc70c2079,COc1cc2c(cc1OC)CN([C@H](C)CCc1ccc(Cl)c(Cl)c1)C2,1,train
ccb791becb8d22c1ef459553dfc8a0e246d091c3,Cc1ccc2c(c1)CN([C@H](C)CCc1ccc(Cl)c(Cl)c1)C2,1,train
e9f333dfd92611e17a26a2b32903d297f57931cf,COc1cc(CC[C@@H](C)N2Cc3ccc(F)cc3C2)ccc1O,1,train
b82ac2d4b01340bafa9ccf8d4aedcfde8df9210e,CC(CCc1ccc(Cl)c(Cl)c1)N1Cc2ccc3ccccc3c2C1,0,val
3cb62813452fda54e15443b58ccac63287908025,COc1cc2c(cc1OC)CN([C@@H](C)CCc1ccc(Cl)c(Cl)c1)C2,1,train
896435bd54554f14a21914851095242b1653ec95,C[C@H](CCc1ccc(F)cc1)N1Cc2cccc(F)c2C1,0,train
3ed950342390759029c39fe2f1bec755135bde64,C[C@H](CCc1ccc(F)cc1)N1Cc2ccc(F)cc2C1,1,train
8e28c3669352b75356caa7f8a58126f0282e08c4,C[C@H](CCc1ccc(F)cc1)N1Cc2cc3c(cc2C1)OCO3,1,train
b03c16daacd4a5525a25bc2816ebc23a8e57e9a4,C[C@H](CCc1ccc(O)c(OC(F)(F)F)c1)N1Cc2cc3c(cc2C1)OCO3,1,train
56b8a2463d68e4bcf92d64bafc37455d63b12fee,CC(C)Oc1cc(CC[C@@H](C)N2Cc3cc4c(cc3C2)OCO4)ccc1O,1,train
2992bc2f0436785cc7d043e324e1ccd937d584bd,CC(C)Oc1cc(CC[C@@H](C)N2Cc3cccc(F)c3C2)ccc1O,1,train
cf07bb763cac9ab9e6e666419456ee4276c11adf,CC(C)Oc1cc(CCC(C)(C)N2Cc3ccc(F)cc3C2)ccc1O,1,train
1af282709d8b19520573a53360aaf16eff5542cb,CC(C)Oc1cc(CCC(C)(C)N2Cc3cccc(F)c3C2)ccc1O,1,train
d02a0912e3d66496977685f329afe411707ce28f,CC(C)Oc1cc(CCC(C)(C)N2Cc3cc4c(cc3C2)OCO4)ccc1O,1,train
60d3eaa8590d86b925a3a3ceb0fbaa60724ba4a4,COc1cc(CC[C@@H](C)N2Cc3ccc(F)cc3C2)ccc1OCCO,1,train
1b025429b1b3ebf39f667d8e68d06ac1b1e15150,C[C@H](CCc1ccc(O)c(OC(F)(F)F)c1)N1Cc2ccc(F)cc2C1,1,train
c7d32b58e5d890522ce746eeca3fc6ea3db08264,CC(C)(CCc1ccc(F)cc1)N1Cc2cccc(F)c2C1,1,train
5c3a898f62072e6a5acf13066758b895f55cc7d0,COc1cc2c(cc1OC)CN(C(C)(C)CCc1ccc(F)cc1)C2,1,train
54471d6abf79c3779de8660f15234d7b2db2e38a,CC(C)(CCc1ccc(F)cc1)N1Cc2ccc(F)cc2C1,1,train
310db9c4abff218e933ddbf92f695d29fc9d6c9e,CC(C)(CCc1ccc(F)cc1)N1Cc2cc3c(cc2C1)OCO3,1,train
7be3d3142a1651fd7899e7f851fd3cd94396bfa3,CC(C)Oc1cc(CC[C@@H](C)N2Cc3ccc(F)cc3C2)ccc1O,1,train
51854b61341b31296900c66ab068dfff29673c6f,CC(C)Oc1ccc(CC[C@@H](C)N2Cc3ccc(F)cc3C2)cc1OC(C)C,1,train
dab657b841bf25f7684b873b3adae0196ff06388,CC(C)Oc1ccc(CC[C@@H](C)N2Cc3cccc(F)c3C2)cc1OC(C)C,1,train
e175f7f82fae06db662927ebb35090a417238eb9,CC(C)Oc1ccc(CC[C@@H](C)N2Cc3cc4c(cc3C2)OCO4)cc1OC(C)C,1,train
b6b3504e5c2449e007fba82feaed1c35aaf71d40,C[C@H](CCc1ccc(OC(=O)N(C)C)c(OC(F)(F)F)c1)N1Cc2cccc(F)c2C1,1,train
4c90db44f5d5b0abc8794033573157cdb2013882,CC(C)Oc1ccc(CCC(C)(C)N2Cc3ccc(F)cc3C2)cc1OC(C)C,1,train
28a6f925964d06ab5ea068039a2ce5e3fdbae496,C[C@H](CCc1ccc(OC(=O)N(C)C)c(OC(F)(F)F)c1)N1Cc2ccc(F)cc2C1,1,train
515c8e8919aa559a2c0e33874ac4264a19bf81c7,COc1cc(CCC(C)(C)N2Cc3cccc(F)c3C2)ccc1OCCO,1,train
74ef87f317cfe5de49d275e8dd6b646d5fac53b5,COc1cc(CCC(C)(C)N2Cc3ccc(F)cc3C2)ccc1OCCO,1,train
2f2c6cfcada537f06a0750ae894b8503dce5b169,COC[C@H](CCc1ccc(Cl)c(Cl)c1)N1Cc2ccc(F)cc2C1,1,train
078e833265f768c3e5bed156ea3be72dd6402646,COc1cc(CCC(C)(C)N2Cc3cc4c(cc3C2)OCO4)ccc1OCCO,1,train
929a294031fbb2f0f9c1ed9169d886a760b74260,COc1cc2c(cc1OC)CN(C(C)(C)CCc1ccc(OCCO)c(OC)c1)C2,1,train
7633e5a7c48fb3a2cd9afb2dfe9b15460e67b3ff,COc1cc(CCC(C)(C)N2Cc3cccc(F)c3C2)ccc1OC(=O)N(C)C,1,train
c977e2c72fb83ef896a24eb7fe6d7ae0a9b66b6b,COc1cc(CCC(C)(C)N2Cc3ccc(F)cc3C2)ccc1OC(=O)N(C)C,1,train
0a03b6bd222d003bbb10f29ebbbab10e9160fc74,COc1cc(CC[C@@H](C)N2Cc3cccc(F)c3C2)ccc1OCCO,1,train
6d97564ed0f63b44c0fc68087808935f47551161,COc1cc(CC[C@@H](C)N2Cc3cc4c(cc3C2)OCO4)ccc1OCCO,1,train
21a6b45f982eab3a64ab0166c1912364a6cf1572,COc1cc(CCC(C)(C)N2Cc3cccc(F)c3C2)ccc1O,1,train
9e2bccffb04ac0318229fefe8d503910607bd911,CC(C)(CCc1ccc(O)c(OC(F)(F)F)c1)N1Cc2cccc(F)c2C1,1,train
e567afafa66f9fb264ea43233567008dac442a15,CC(C)(CCc1ccc(O)c(OC(F)(F)F)c1)N1Cc2c(F)ccc(F)c2C1,0,train
fa14332a3e4835bc3b7feea6359b0f5173ff04b5,CC(C)(CCc1ccc(O)c(OC(F)(F)F)c1)N1Cc2cccc(C(=O)O)c2C1,0,train
50dcacac63d731a197b38f755d8c9602dd508d99,CN(C)C(=O)c1cccc2c1CN(C(C)(C)CCc1ccc(O)c(OC(F)(F)F)c1)C2,1,train
955ec41415eeaae12ee85b82de34d226e9df794f,CC(C)(C)Oc1cc(CCC(C)(C)N2Cc3cccc(F)c3C2)ccc1O,0,train
37d8e71b77f212cc277c120006103e437a50d4df,CN(C)C(=O)c1cccc2c1CN(C(C)(C)CCc1ccc(O)c(OC(C)(C)C)c1)C2,0,train
17f74704793f520cdf3e5f265e47e739209e664e,C[C@H](CCc1ccc(O)c(OC(C)(C)C)c1)N1Cc2c(F)ccc(F)c2C1,0,train
435bed145236e83460c8327015b7accbd2c3a086,C[C@H](CCc1ccc(O)c(OC(C)(C)C)c1)N1Cc2cccc(F)c2C1,0,train
e064a4da0dd67dbb63cb2cd151c0a3494e7ab356,CC(C)(CCc1ccc(O)c(OC(F)(F)F)c1)N1Cc2ccc(S(C)(=O)=O)cc2C1,1,train
d1dbd220bfa799e4a175d379c09f0a2a6a634546,CC(C)(C)Oc1cc(CCC(C)(C)N2Cc3ccc(S(C)(=O)=O)cc3C2)ccc1O,0,train
647c333f3d8a563d0d1622adffaa0a5191ad82dc,C[C@H](CCc1ccc(O)c(OC(C)(C)C)c1)N1Cc2ccc(S(C)(=O)=O)cc2C1,0,train
98037865f3618f548d1b1364c19a1d83a0c279b7,COc1cc(CCC(C)(C)N2Cc3cccc(S(C)(=O)=O)c3C2)ccc1O,0,train
7e252c78b9793f1c64e123bb1dca97b22fbc8a57,COc1cc(CC[C@@H](C)N2Cc3cccc(S(C)(=O)=O)c3C2)ccc1O,0,train
6b8870983b52a4c3c29091cd7052d7f8967ce904,CC(C)(C)Oc1cc(CCC(C)(C)N2Cc3cccc(S(C)(=O)=O)c3C2)ccc1O,0,train
e158cb0dba7016d96a3ff34318a2ee4d6736345f,CC(C)(CCc1ccc(O)c(OC(F)(F)F)c1)N1Cc2cccc(S(C)(=O)=O)c2C1,0,train
56d0ef0faf91b86f25dde96806f3e43afe9d4e60,COc1cc(CC[C@@H](C)N2Cc3ccc(S(C)(=O)=O)cc3C2)ccc1O,0,train
2a52be707399965707862ebcb8680a25c72f089f,CC(C)Oc1cc(CC[C@@H](C)N2Cc3ccc(S(C)(=O)=O)cc3C2)ccc1O,1,train
e7dc0399841acbcd3daf91df26af2dee68013410,CC(C)Oc1cc(CCC(C)(C)N2Cc3ccc(S(C)(=O)=O)cc3C2)ccc1O,1,train
c73b948b3f10395210665a1ae6a814bcd35e432a,C[C@H](CCc1ccc(OCCO)c(OC(F)(F)F)c1)N1Cc2ccc(F)cc2C1,1,train
da618f50ff8ca98119336e103fefbeb9ef5598f0,CC(C)(C)Oc1cc(CCC(C)(C)N2Cc3c(F)ccc(F)c3C2)ccc1O,0,train
c710d69cba1b7a3a8458eb64e80e0c593e638efc,CC(C)(C)Oc1cc(CCC(C)(C)N2Cc3cccc(C(=O)O)c3C2)ccc1O,0,train
d6137955f99ff314fa737c04b7ce7fa8233d7eac,COc1cc(CCC(C)(C)N2Cc3cccc(C(=O)N4CCNCC4)c3C2)ccc1O,0,train
d981f0c93135b181f2468e6fb7148f317a56c98e,COc1cc(CCC(C)(C)N2Cc3cccc(C(=O)NCCO)c3C2)ccc1O,0,train
bf5c344ac38b585eb4122787f81f7ca11ae0ae7d,COc1cc(CCC(C)(C)N2Cc3cccc(C(=O)N4CCOCC4)c3C2)ccc1O,1,val
d8af699eab80ded625a0f9f7f7ce9a0d36bc6220,COc1cc(CCC(C)(C)N2Cc3cccc(C(=O)N(C)CCN(C)C)c3C2)ccc1O,1,train
4449353bf4b505732cfa7ce9200c0f7fb45b0a17,COc1cc(CCC(C)(C)N2Cc3cccc(C(=O)N4CCN(C)CC4)c3C2)ccc1O,0,train
99a5599da1c5bfcb9b1465f8b0866dd54eb3954e,COc1cc(CCC(C)(C)N2Cc3cccc(C(=O)N4CCN(C(C)=O)CC4)c3C2)ccc1O,1,train
da9d3b3d87de43798092c508d87a99e452fa03a6,COCCNC(=O)c1cccc2c1CN(C(C)(C)CCc1ccc(O)c(OC)c1)C2,1,train
263b55ae7dc53cfd885c070764c2eefd67734968,COc1cc(CCC(C)(C)N2Cc3cccc(C(=O)N(C)CCO)c3C2)ccc1O,0,train
2c87eec08e69f018e96ef6444e9ae9a73c3e10f0,COCCN(C)C(=O)c1cccc2c1CN(C(C)(C)CCc1ccc(O)c(OC)c1)C2,1,train
aa2726a0f1202c48e1cab11eba0c2cac39136c01,CC(C)COc1cc(CCC(C)(C)N2Cc3ccc(S(C)(=O)=O)cc3C2)ccc1O,1,train
e3a8bcf8a573b5028774087e62b48b2c591fb42e,CC(C)COc1cc(CCC(C)(C)N2Cc3cccc(F)c3C2)ccc1O,1,train
14206f2aba32f00e83422fb360647899f4fe9c58,COCC(F)(F)CN1[C@H](c2ccc(NC3CN(CCCF)C3)cn2)c2ccc3[nH]ncc3c2C[C@H]1C,1,train
f7743ea561d6b6ecf7c657e9f15cdc9d1692526c,C[C@@H]1Cc2c(ccc3[nH]ncc23)[C@@H](c2ccc(NC3CN(CCCF)C3)cn2)N1CC1(F)CC1,1,train
51aa9133be91980a8d90d1b7b72d0ac1a0e857a0,COc1cc(OC2CN(CCCF)C2)ccc1[C@@H]1c2ccc3[nH]ncc3c2C[C@@H](C)N1CC1(F)CC1,1,test
f3522eb19d7d5e91e08401ca109158e3b43acbae,C[C@@H]1Cc2c(ccc3[nH]ncc23)[C@@H](c2c(F)cc(NC3CN(CCCF)C3)cc2F)N1CC(F)(F)F,1,train
b31cb5620d84f960ee2ba91f629bb17db90d7d71,COc1cc(NC2CN(CCCF)C2)ncc1[C@@H]1c2ccc3[nH]ncc3c2C[C@@H](C)N1CC1(F)CC1,1,train
762afb2749201aed16b0d8241e0bc960ae9ab9a4,COc1cc(NC2CN(CCCF)C2)ccc1[C@@H]1c2ccc3[nH]ncc3c2C[C@@H](C)N1CC1(CF)COC1,1,train
4bd8316d43ae5222e6f48e49aed0b6c47c75859e,C[C@@H]1Cc2c(ccc3[nH]ncc23)[C@@H](c2c(F)cc(NC3CN(CCCF)C3)cc2F)N1CC1(F)CC1,1,train
b8b86e1d50eb9e01c4574a43590bfd231fdca880,COC[C@](C)(F)CN1[C@H](c2ccc(NC3CN(CCCF)C3)cc2OC)c2ccc3[nH]ncc3c2C[C@H]1C,1,train
c92571e41cc60f6d8df635b8aebf75d4f82ba244,C[C@@H]1Cc2c(ccc3[nH]ncc23)[C@@H](c2ccc(NC3CN(CCCF)C3)cn2)N1CC(F)(F)CO,1,train
2e7cea7f461ebe4f6bc1c038052ba2c886208658,C[C@@H]1Cc2c(ccc3[nH]ncc23)[C@@H](c2ncc(NC3CN(CCCF)C3)cc2F)N1CC1(F)CC1,1,train
bdad07ef6a2e278dc244b30d7c62e04da6c7091e,CCOc1cc(NC2CN(CCCF)C2)ccc1[C@@H]1c2ccc3[nH]ncc3c2C[C@@H](C)N1CC1(F)CC1,1,train
233f22e05901eb9d6cadc11fbec483b4996eb49b,COc1cc(OC2CN(CCCF)C2)ccc1[C@@H]1c2ccc3[nH]ncc3c2C[C@@H](C)N1CC(F)F,1,train
b10d5a9460527a7610f9fb9a93f678231752a7c5,C[C@@H]1Cc2c(ccc3[nH]ncc23)[C@@H](c2c(F)cc(NC3CN(CCCF)C3)cc2F)N1CC(C)(F)CO,1,train
0c033bb35b8ef58c9f3f7f85e42af9c13438d21d,C[C@@H]1Cc2c(ccc3[nH]ncc23)[C@@H](c2ccc(OC3CN(CCCF)C3)cn2)N1CC(F)F,1,train
3ab7523bff1a81d45bae1930b7bddaf139300a6c,C[C@@H]1Cc2c(ccc3[nH]ncc23)[C@@H](c2ncc(NC3CN(CCCF)C3)cc2F)N1CC(F)(F)F,1,train
064bc086111e27db692cfca252d7a6e60378fb8e,C[C@@H]1Cc2c(ccc3[nH]ncc23)[C@@H](c2ncc(NC3CN(CCCF)C3)cc2F)N1CC(F)(F)CO,1,train
a7b31b626ebfb2fb472302f1e28828a2696e126c,C[C@@H]1Cc2c(ccc3[nH]ncc23)[C@@H](c2ccc(N(C)C3CN(CCCF)C3)cn2)N1CC(F)F,1,train
1cb7ab6ddf90d4011e56ece0bdfbf13f6e598f32,C[C@@H]1Cc2c(ccc3[nH]ncc23)[C@@H](c2ncc(NC3CN(CCCF)C3)cc2F)N1CC(F)F,1,train
90ecffaea75b54d5d1636f0fd8a3a764a3faa852,C[C@@H]1Cc2c(ccc3[nH]ncc23)[C@@H](c2ccc(NC3CN(CCCF)C3)c(F)n2)N1CC(F)F,1,train
6c4b3591173cc6ff545f3e88a6d629a36a86c91b,C[C@@H]1Cc2c(ccc3[nH]ncc23)[C@@H](c2ccc(NC3CN(CCCF)C3)cc2)N1CC(F)F,1,train
1473284b06a63c770e24429556a329df813ec898,COc1cc(NC2CN(CCCF)C2)c(F)cc1[C@@H]1c2ccc3[nH]ncc3c2C[C@@H](C)N1CC1(F)CC1,1,train
2879cf5c7950ba142a22fd96e1a5541079d6d42a,C[C@@H]1Cc2c(ccc3[nH]ncc23)[C@@H](c2ccc(NC3CN(CCCF)C3)nc2)N1CC1(F)CC1,1,train
87ff74385c811ae8e29c5dac2044e9b96c468fde,C[C@@H]1Cc2c(ccc3[nH]ncc23)[C@@H](c2cnc(NC3CN(CCCF)C3)cn2)N1CC1(F)CC1,1,train
04ccad3e5965f0bb2b006267a30d2800204499f2,COc1cc(NC2CN(CCC(F)(F)F)C2)ccc1[C@@H]1c2ccc3[nH]ncc3c2C[C@@H](C)N1CC1(F)CC1,1,train
ee712c386717a512e073c93324706f81c0e46ec6,C[C@@H]1Cc2c(ccc3[nH]ncc23)[C@@H](c2ccc(OC3CN(CCCF)C3)cn2)N1CC(F)(F)CO,1,train
ce239d91da95d965f7866d532a88c8514adc4a41,C[C@@H]1Cc2c(ccc3[nH]ncc23)[C@@H](c2ncc(OC3CN(CCCF)C3)cc2F)N1CC(F)(F)CO,1,train
9b671a1f2071023f93817282ae1b385f3f44a0b1,COc1cc(OC2CN(CCCF)C2)ccc1[C@@H]1c2ccc3[nH]ncc3c2C[C@@H](C)N1CC(F)(F)CO,1,train
89e741145a6f409e778c922d3b0e266da00c37a9,C[C@@H]1Cc2c(ccc3[nH]nc(F)c23)[C@@H](c2ccc(OC3CN(CCCF)C3)cn2)N1CC(F)(F)CO,1,train
6adcc4fc6ab144ea9700a7bab6d244a9f0d7b64f,C[C@@H]1Cc2c(ccc3[nH]nc(F)c23)[C@@H](c2ccc(NC3CN(CCCF)C3)c(F)n2)N1CC(F)(F)CO,1,train
4fd7035dbeb1d7300eeca72d36b2c4da23994eb0,C[C@@H]1Cc2c(ccc3[nH]ncc23)[C@@H](c2ncc(NC3CN(CCCF)C3)cc2F)N1CC(F)(F)CF,1,train
a0c6212facf80079fd31579a2c96af8566605401,CC1(C)Cc2c(ccc3[nH]ncc23)[C@@H](c2ccc(NC3CN(CCCF)C3)cn2)N1CC(F)(F)F,1,train
aa4f491a468f24fe4bd8b7d17d9b9eee449d1fdb,Cc1nnc(-c2c(N)ncnc2N[C@@H](C)c2nc3cccc(C#CCO)c3c(=O)n2-c2ccccc2)o1,0,train
9a5cee80d12f1300eebd683e5517d929c8b38719,Nc1ccc(-c2ccco2)cc1NC(=O)c1ccc2nc(N3CCNCC3)ccc2c1,1,val
e890ec0dbb9a2de241b09a60d673b540e4127d59,Nc1ccc(-c2ccccc2)cc1NC(=O)c1ccc(N2CCNCC2)nc1,1,val
815a1b96954a43137fa23e3673f84f8dc450cb34,Nc1ccc(-c2cccs2)cc1NC(=O)c1ccc(N2CCNCC2)nc1,1,val
6e5eca8bb369a96b87120c215170e0ec572135e8,Nc1ccccc1NC(=O)c1cc2ccc(N3CCNCC3)cc2cn1,1,test
19deaeb677e87ed8e407d6c3e27b2fe697364d59,Nc1ccc(-c2ccccc2)cc1NC(=O)c1cc2ccc(N3CCNCC3)cc2cn1,1,test
2b90da93f0da631e79b7c9db9499ba31d648b4d2,Nc1ccc(-c2ccoc2)cc1NC(=O)c1cnc2cc(N3CCNCC3)ccc2c1,1,test
8941895495d1bf2927e53ceba7ce6ce2a6364590,CN1CCN(c2ccc(C(=O)Nc3cc(-c4ccncc4)ccc3N)nc2)CC1,0,val
2cba16bcdc16038df2188dae4daafc93c23156ea,CN1CCN(c2ccc3cc(C(=O)Nc4cc(-c5ccco5)ccc4N)ncc3c2)CC1,1,train
95435e3380b5e45499be1fb5e1729a9920b60366,CN1CCN(c2ncc(C(=O)Nc3cc(-c4cccs4)ccc3N)s2)CC1,0,train
bd4d47859fef111faffafd1b1827198b782440b8,Cc1nc(N2CCNCC2)sc1C(=O)Nc1cc(-c2cccs2)ccc1N,0,train
137ae29bd4efc6a5eef84ecb3048d1fbb71616e9,Nc1ccc(-c2ccncc2)cc1NC(=O)c1cnc(N2CCNCC2)s1,0,test
bd31faa04ad6b1e415f0ed6e9b8941755f28a8af,Nc1ccc(-c2ccc(F)cc2)cc1NC(=O)c1ccc(N2CCNCC2)cn1,1,train
b4e98519c56a8021f992181d857360da2f42acb7,Nc1ccc(-c2cccs2)cc1NC(=O)c1ncc(N2CCNCC2)s1,1,test
a4754a83e095ed9ed83344b772ca87f5cb0e5d6f,O=C(NCCN1CCC(c2cccc(C(F)(F)F)n2)CC1)C1CCC(F)(F)CC1,1,train
8be68935df0b8ba3974ceb43d959d991e9ec4633,Cc1cccc(C2CCN(CCNC(=O)C3CC4CCC3O4)CC2)n1,0,test
8f8156195e034b5fd7844640f1675119816ab001,Cc1cccc(C2CCN(CCNC(=O)C3CCC(F)(F)CC3)CC2)n1,1,train
aace4dc435ee1f53c87372f0b1bf07ea00f26f67,COCC(C)(C)C(=O)NCCN1CCC(c2cccc(C)n2)CC1,0,train
4c2ad581cc168cc9ed619de85c2122c70ec6def0,COCC(C)(C)C(=O)NCCN1CCC(c2cccc(C(F)(F)F)n2)CC1,0,train
67bd5cbe8dd92c547c4e0da3c780da19ac669855,COCC1(C(=O)NCCN2CCC(c3cccc(C(F)(F)F)n3)CC2)CC1,1,val
f4dc98b22662a3b7e92f530f112a6e3c20d87713,Cc1cccc(C2CCN(CCNC(=O)C3CCOCC3)CC2)n1,0,train
30a8e50b4a77bf8c7e11ca6e8cea89aaadf7b263,CC(C)(C)C(=O)NCCN1CCC(c2cccc(C(F)(F)F)n2)CC1,1,train
0d32fcdce2231a25622e4a62050338e034d083a0,O=C(NCCN1CCC(c2cccc(C(F)(F)F)n2)CC1)C1CCOCC1,0,train
98fab357c6de0ed97a7acae930a67657cfba47dd,O=C(NCCN1CC=C(c2cccc(C(F)(F)F)n2)CC1)C1CCC(F)(F)CC1,1,train
b283465ec122fcd6a31c444b7e5e914977906dbf,Cc1cccc(C2=CCN(CCNC(=O)C3CCC(F)(F)CC3)CC2)n1,1,train
0cbddedf0624aff96532b1c3f529ab98c1d1b7f3,O=C(NCCN1CCC(c2cccc(C(F)F)n2)CC1)C1CCOCC1,1,train
d544785e09d738bc4ba283199ee545da22e59368,Fc1ccc(-c2ccn3c(CC4CC4(F)F)nnc3c2)cc1,0,train
198dfa922d5c09f8a72cbf6d7adc0036033d5e03,CC(C)(O)c1ccc(-c2ccn3c(CC4CC4(F)F)nnc3c2)cc1,0,train
ee28a9902beb44fe22d069da363d9bc800ab6bb7,COC(=O)c1ccc(-c2ccn3c(CC4CC4(F)F)nnc3c2)c(F)c1,0,train
b31b87fbca4682877f509aed1405e3c54e86be54,Fc1cccc(-c2ccn3c(CC4CC4(F)F)nnc3c2Cl)c1,0,train
dba65116cefbc04f33bdc66a16ccdfa2be8ce5b3,Cc1cc(F)ccc1-c1ccn2c(CC3CC3(F)F)nnc2c1Cl,0,train
8b3110d91b7c6bb7974c3bb19646cea4939ded64,COc1ccc(-c2ccn3c(CC4CC4(F)F)nnc3c2Cl)cc1F,0,train
d1bee4d598efba9bfd4220fa097aa095a0ecf1de,COC(=O)c1ccc(-c2ccn3c(CC4CC4(F)F)nnc3c2Cl)c(F)c1,0,train
a1ae9ef13a32125f4600f4967ce88b10ac9f4686,COC(=O)c1ccc(-c2ccn3c(CC4CC4(F)F)nnc3c2Cl)c(Cl)c1,0,train
9a5bf6cd3b1639a0609da839c04b4d9b83e64d01,FC1(F)CC1Cc1nnc2c(Cl)c(-c3ccc4c(c3)CCO4)ccn12,1,val
c4af27b832876f58fdf3208018653cadd3dd0921,FC1(F)CC1Cc1nnc2c(Cl)c(-c3ccc4c(c3)OCO4)ccn12,1,train
cb5bf631f9f467f2319db77914b03264402e5a6b,Cc1nccn1CC(=O)N1CCC2(CC1)COC1c3cc(Cl)ccc3OC(C)(C)C1C2,1,train
d1056bb35dfd2dfef10fb1c8f2bda4fdb685c727,Cc1nccn1CC(=O)N1CCC2(CC1)COC1c3ccc(Br)cc3OC(C)(C)C1C2,1,train
4f7c17a740c59f6d54aee40add7bd20fe0961fc5,CC1(C)Oc2ccc(N=[N+]=[N-])cc2C2OCC3(CCN(C(=O)Cn4ccnc4C#N)CC3)CC21,1,train
569121700f76f84741b3856ba8f5b150e8654e11,CC1(C)Oc2ccc(Cl)cc2C2OCC3(CCN(C(=O)Cn4ccnc4C#N)CC3)CC21,1,train
12cca66f2accce4a7cadd9228d78888301b16ff3,CC1(C)Oc2ccc(Cl)cc2C2OCC3(CCN(C(=O)Cn4cnc(CO)c4)CC3)CC21,1,train
f2ea364548472b1084d64a9e3ac1d96667b10814,Cc1c(CO)ncn1CC(=O)N1CCC2(CC1)COC1c3cc(Cl)ccc3OC(C)(C)C1C2,1,train
16fa94df23974d634c65586048abed568621726e,CC1(C)Oc2ccc(Cl)cc2C2OCC3(CCN(C(=O)Cn4ccnc4CO)CC3)CC21,1,train
cba4e10dde2c6ddfe8a873a74c96df0c7e41ce4d,CC1(C)Oc2ccc(Cl)cc2C2OCC3(CCN(C(=O)Cn4cnc(CF)c4)CC3)CC21,1,train
456679ff2767a31252c249ab700e4e1c60188c05,CC1(C)Oc2ccc(Cl)cc2C2OCC3(CCN(C(=O)Cn4cnc(C(F)(F)F)c4)CC3)CC21,1,train
a44cdb4742739998e5dc424ff09c4ee403139086,Cc1[nH]cnc1CN1CCC2(CC1)COC1c3ccc(Cl)cc3OC(C)(C)C1C2,1,train
740c133da73eec4cbbb0dfbf7f4ea9a3e7c0e7bd,Cc1[nH]cnc1CN1CCC2(CC1)COC1c3cc(F)ccc3OC(C)(C)C1C2,1,train
e607cee1ef736103c17af92767233739cb9ec858,Cc1[nH]cnc1CN1CCC2(CC1)COC1c3cc(Cl)ccc3OC(C)(C)C1C2,1,train
29ac956671192bff4b3d1db5d218eaef58d927eb,Cc1[nH]cnc1CN1CCC2(CC1)COC1c3cccc(Cl)c3OC(C)(C)C1C2,1,train
70ff4b93e74a3e1b1daba8d2476b62a6237a8254,CCc1nc(C)c(CN2CCC3(CC2)COC2c4cc(Cl)ccc4OC(C)(C)C2C3)[nH]1,1,train
1d97e6368272f9429fde0c0007771bf0465d407b,CC1(C)Oc2ccc(Cl)cc2C2OCC3(CCN(Cc4c[nH]cn4)CC3)CC21,1,train
e3defbf53198fe44d5ff8c450e430b43bfb7ea64,Cc1nc(CN2CCC3(CC2)COC2c4cc(Cl)ccc4OC(C)(C)C2C3)c[nH]1,1,train
e2e8877211e8967399e4b084e7e7457b9e0c45a7,Cn1cncc1CN1CCC2(CC1)COC1c3cc(F)ccc3OC(C)(C)C1C2,1,train
09ffb6b19ae2e72e6e3ad3cef6ceb89fb5584106,Cn1cncc1CN1CCC2(CC1)COC1c3cc(Cl)ccc3OC(C)(C)C1C2,1,train
7809980e4b5e0475e63865106079c1d57ef15509,Cn1cncc1CN1CCC2(CC1)COC1c3ccc(Cl)cc3OC(C)(C)C1C2,1,train
ae09a4693f5d2c243bad7562e8d10b8bb44a5546,Cn1cncc1CN1CCC2(CC1)COC1c3cccc(Cl)c3OC(C)(C)C1C2,1,train
21dc3644fdaa5a89ac6d48e058d4166f6da8e3c7,CC1(C)Oc2ccc(Cl)cc2C2OCC3(CCN(Cc4ncc[nH]4)CC3)CC21,1,train
bdbd24b4e95272ccbb09406e5a145ca7bc5d2a37,Cn1ccnc1CN1CCC2(CC1)COC1c3cc(Cl)ccc3OC(C)(C)C1C2,1,train
72300c7ebdee356f8f32f403861047d2cb05d91f,CC1(C)Oc2cc(Cl)ccc2C2OCC3(CCN(CCn4ccnc4)CC3)CC21,1,train
d3c990e26898541029b085b5c39cb8055f9bb5ff,CC1(C)Oc2ccc(F)cc2C2OCC3(CCN(CCn4ccnc4)CC3)CC21,1,train
3f24cbbf20e81593e1988b9629f7f1ccb74acb60,CC1(C)Oc2ccc(Cl)cc2C2OCC3(CCN(CCn4ccnc4)CC3)CC21,1,train
46d8af5faece92771cda701a2617d9296ab15460,Cc1nccn1CCN1CCC2(CC1)COC1c3cc(F)ccc3OC(C)(C)C1C2,1,train
aa3da51af2d9b25a4c82d1d0f6d434bb9fb84cab,Cc1nccn1CCN1CCC2(CC1)COC1c3cc(Cl)ccc3OC(C)(C)C1C2,1,train
b62e7263f1345a4f1aa4c7d4cc0ad84b71321a69,Cc1nccn1CCN1CCC2(CC1)COC1c3ccc(Cl)cc3OC(C)(C)C1C2,1,train
d5015c6e8761b73437328772a85511ed875fd1d0,CC1(C)Oc2ccc(F)cc2C2OCC3(CCN(CCn4ccnc4CO)CC3)CC21,1,train
d9940922358557d83cdf4f8c16f976fe211e0c31,CC1(C)Oc2ccc(Cl)cc2C2OCC3(CCN(CCn4ccnc4CO)CC3)CC21,1,train
8c60798c0e0caad5aa377ce8fa805afa06b7e253,CC1(C)Oc2cc(Cl)ccc2C2OCC3(CCN(CCn4ccnc4CO)CC3)CC21,1,train
4fde86d1383629be16f546908262dc2e223882e6,CC1(C)Oc2ccc(Cl)cc2C2OCC3(CCN(CCn4cnc(CO)c4)CC3)CC21,1,train
0b72e22f302070514a01bc6df56e773c0f2f4105,Cc1c(CO)ncn1CCN1CCC2(CC1)COC1c3cc(Cl)ccc3OC(C)(C)C1C2,1,train
ddff33104b3efbe77fd4af8f4f838debca8d8d22,Cc1nc(CO)cn1CCN1CCC2(CC1)COC1c3ccc(Cl)cc3OC(C)(C)C1C2,1,train
e41d5f54d28187be0188d9a2666c3fec3c352302,CC1(C)Oc2ccc(Cl)cc2C2OCC3(CCN(CCn4ccnc4C#N)CC3)CC21,1,train
51a9f929a115675acab55c2a8d5e8d0066d033f2,COC(=O)c1cn(CCN2CCC3(CC2)COC2c4cc(Cl)ccc4OC(C)(C)C2C3)cn1,1,train
d42163fa391fc6c6e871b4d5ec86396ab9aa56ad,CC(=O)NCCc1nccn1CCN1CCC2(CC1)COC1c3cc(Cl)ccc3OC(C)(C)C1C2,1,train
37204f7840d6e0482d9119f4ebad8eb3c0ef3852,CC1(C)Oc2cc(Cl)ccc2C2OCC3(CCN(CCn4ccnc4CCN)CC3)CC21,1,train
f0a86e2fe65ff6cf4175b06000aa419c6ae4dc8a,Cc1[nH]cnc1CN1CCC2(CC1)COC1c3ccc(Cl)cc3OCC1C2,1,train
cac62ed00492d72fdf776c72876832bf533d99dd,Cc1nsc(-c2nnc3n2CCN(C(=O)c2cccc(O)c2)[C@@H]3C)n1,0,train
d680ec4b07062ba7148ebe96b7eb8034984478aa,Fc1ccc([C@]2(CCNCc3cccc(Cl)c3)CCO[C@]3(CCOC3)C2)nc1,0,train
eea10a836f4b3a02a1d9d286c4232113d838365a,Cc1cccc(CNCC[C@@]2(c3ccc(F)cn3)CCO[C@]3(CCOC3)C2)c1,0,train
59fa3bbdf67ea68b007dbd97ed0b649a3834482e,Cc1cc(/C=C/C(=O)c2cc3ccccc3s2)cc(C)c1OC(C)(C)C(=O)O,1,train
18be73cde72377a72e8186fb5605cb21dc0857c7,CCc1cc2cnc(CN3CCN(c4ccc(C(=O)NC)nc4Cl)CC3)cc2[nH]c1=O,0,val
42cffeb2f00246d5848d31d2d400a1fc004c3ad1,CCCc1nc2ccc(CN3CCN(c4ccc(C(=O)NC)nc4)CC3)cc2[nH]c1=O,1,train
4f093e797bb37546a6ea3c39a1ee33279fde09fd,CCCc1nc2ccc(CN3CCN(c4ccc(C(=O)NC)nc4Cl)CC3)cc2[nH]c1=O,0,train
90004a7c1f8dd3ae4f85da4fd575ff5a8e96993a,CCCc1nc2ccc(CN3CCN(c4ccc(C(=O)NC)nc4F)CC3)cc2[nH]c1=O,0,train
a4b79f89520b5e1b9816cadbfe9f4c21f4a7d713,CNC(=O)c1ccc(N2CCN(Cc3ccc4nc(CC(F)F)c(=O)[nH]c4c3)CC2)cn1,0,train
3edd829505af85320532ce32c18eafcc9f0feb89,CNC(=O)c1ccc(N2CCN(Cc3ccc4nc(CC(F)F)c(=O)[nH]c4c3)CC2)c(F)n1,0,train
6dc376bc1b84f9846c8e9fbe9544cfc9fbcf817f,CNC(=O)c1ccc(N2CCN(Cc3ccc4nc(CC(F)(F)F)c(=O)[nH]c4c3)CC2)cn1,0,train
a30b94aac86c1e1125452ab3b301fc50365b7c9e,CCN(CCN1CCC(c2noc3cc(F)ccc23)CC1)C(=O)C(C)O,1,train
08095b2c2d32b95d1350c8a415a2ea06a897ad9d,CCN(CCN1CCC(n2ncc3cc(F)ccc32)CC1)C(=O)CCO,1,train
b3174ed5d624417b0845cedb3a26009954d190c4,CCN(CCN1CCC(c2noc3cc(F)ccc23)CC1)C(=O)C(O)CCC(=O)OC,1,train
604c93c297786fe6680325dfbc424072a1d57c49,CCN(CCN1CCC(c2noc3cc(F)ccc23)CC1)C(=O)C(C)(C)O,1,train
6ff20020e4df5a3d1241662b224184f73bfec215,CCN(CCN1CCC(c2noc3cc(F)ccc23)CC1)C(=O)C(C)(C)CO,1,train
ce3a3408f89a2f2aa630c84f4b3be3ab4d8761b3,CCN(CCN1CCC(c2noc3cc(F)ccc23)CC1)C(=O)C(O)C(C)C,1,train
5569f6b6bbc7dff8a146f784b40b47d4c3fed6c9,CCN(CCN1CCC(c2noc3cc(F)ccc23)CC1)C(=O)C1CCC(O)CC1,1,train
8386d436aee8146f24d05866f9ff48a170afbf73,CCN(CCN1CCC(c2noc3cc(F)ccc23)CC1)C(=O)CC(C)O,1,train
7ef02782fcf9613b086f4bb81a5c042b0d8b7651,CCN(CCN1CCC(c2noc3cc(F)ccc23)CC1)C(=O)C1(O)CCOCC1,0,val
ee533c4aa61544a7d5222db279a79db8644a5def,CCN(CCN1CCC(c2noc3cc(F)ccc23)CC1)C(=O)CO,1,train
295bdefd7885e16c815ba5f3eb70ab3c0d632225,CCN(CCN1CCC(c2noc3cc(F)c(C)cc23)CC1)C(=O)C(C)O,1,train
703e788a95b7d9c5018c2f80f41f7a7dccd82300,CCN(CCN1CCC(c2noc3ccc(C)cc23)CC1)C(=O)C(C)O,1,train
3d07ad4c76e33016670f131934de351dc6aa9f43,CCN(CCN1CCC(c2noc3cc(F)ccc23)CC1)C(=O)CCO,1,train
8ea83951c942eaa3fb1252bcdd49d87264fbb072,CCN(CCN1CCC(C2NOc3cc(F)ccc32)CC1)C(=O)C(O)COC,1,val
5ec7a96398478fe2847f50057caff93051bfb15a,CCN(CCN1CCC(c2c[nH]c3cc(F)ccc23)CC1)C(=O)C(C)O,1,train
b502b353a63f02b0e08d149f7854ef0728ddb216,CCN(CCN1CCC(n2ncc3cc(F)ccc32)CC1)C(=O)C(C)O,0,train
2b1efdfd4fed47797628d79d0f494e4de596ba97,CCN(CCN1CCC(c2noc3cc(F)ccc23)CC1)C(=O)C1(O)CC1,1,train
7e0dcfedf3b9d5c1bb7328c93ebdca9d7f25d1be,CCC(O)C(=O)N(CC)CCN1CCC(c2noc3cc(F)ccc23)CC1,1,train
811ecc2b52334d89bf9fae8fb0ef9298e3f6475f,CC(O)C(=O)N(CCN1CCC(c2noc3cc(F)ccc23)CC1)CC1CC1,1,test
9749a6e153d02f6b03ddee7230261b89c6aadb1c,CC(O)C(=O)N(CCN1CCC(c2noc3cc(F)ccc23)CC1)C(C)C,1,train
c91edde2de1760727facf554565250ecbe1290c1,CCN(CCN1CCC(c2noc3cc(F)ccc23)CC1)C(=O)C1CCCCC1O,1,train
5362bb87e4e953f4d0e97b4e3965007133b5d215,CCN(CCN1CCC(c2noc3cc(F)ccc23)CC1)C(=O)C(O)C(F)(F)F,1,train
b68e9e20cd7e76f8d684c5389f85f78bf45990b5,CC(C)N(CCN1CCC(c2noc3cc(F)ccc23)CC1)C(=O)CCO,1,train
b1764712951194ce7048c30ff206549e970a4fcd,CCN(CCN1CCC(c2noc3cc(F)ccc23)CC1)C(=O)C(F)(F)CO,1,train
73a31dd0c11dc59b3e4a43fa0883b7456239546c,CCCN(CCN1CCC(c2noc3cc(F)ccc23)CC1)C(=O)C(C)O,1,train
55e0ea438ca766f45447a5d0e3af88c0e4656022,CCN(CCN1CCC(c2noc3cc(F)ccc23)CC1)C(=O)C1CC(O)C1,1,test
2794c22e1723ae1aa82bdd56c416ac1177d34854,CCN(CCN1CCC(c2c[nH]c3ccccc23)CC1)C(=O)CCO,1,train
87f411e20cdd528e7abe438c08bcaea5e0b5fedc,CCN(CCN1CCC(c2c[nH]c3cc(F)ccc23)CC1)C(=O)CCO,1,train
95badbf9cdc9c557a2ecdf3529887b4e7be6e770,CCN(CCN1CCC(n2ccc3cc(F)ccc32)CC1)C(=O)C(C)O,1,train
cbf2b43f82c83c7aa59979a0fc3525270420fc2b,CCN(CCN1CCC(c2noc3cc(F)ccc23)CC1)S(=O)(=O)CCO,1,train
1eef138f36aad4265a2ea3ff66a9edb854ec2210,CCN(CCCN1CCC(c2noc3cc(F)ccc23)CC1)S(=O)(=O)CCO,1,train
d3593b536ed09d5fca31f892095d7071e9adc5f0,CCN(CCCN1CCC(c2noc3ccccc23)CC1)S(=O)(=O)C(C)CO,1,train
ac6a691974488ce93f18cb13d46c5b94a6c2c470,CCN(CCCN1CCN(c2noc3cc(F)ccc23)CC1)S(=O)(=O)C(C)CO,1,train
52ffa520a8abc33be8a1c4722aad678f25c13799,CCN(CCCN1CCC(c2noc3cc(F)ccc23)CC1)S(=O)(=O)C(C)CO,1,train
5120a2124170a80733630410124f035117d85d01,CCN(CCN1CCC(c2c[nH]c3ccccc23)CC1)S(=O)(=O)CCO,1,train
8fcb5f14a29ed2a4136bd036621291e22f370fb0,CCN(CCN1CCC(c2c[nH]c3cc(F)ccc23)CC1)S(=O)(=O)CCO,1,train
9d2a8b9f679d0dca1479bd95f3d40cd93ae93373,CCN(CCN1CCC(n2ncc3cc(F)ccc32)CC1)S(=O)(=O)CCO,0,train
1fa4291bc05d9ea5814357e1ade28a6372598d10,CCN(CCN1CCC(c2noc3cc(F)ccc23)CC1)C(=O)C1(O)CCCN(C(C)=O)C1,1,train
f981e86985a6b2e7c4b357984f6786123f6542f1,CCN(CCN1CCC(c2noc3cc(F)ccc23)CC1)C(=O)C1CN(C(C)=O)CCC1O,1,train
1fd3deeb294999a5501f9554157183d42e10a024,CCN(CCN1CCC(c2noc3cc(F)ccc23)CC1)C(=O)C1CN(C)CC1O,1,test
d6407f120c9aaee1eb0c36c606301e682b711b57,CC(C)Oc1cncc(-c2ccc3[nH]nc(C(=O)NCC4CCOC4)c3c2)c1,1,train
edbfca7075ff820a7a9fd19247b2472d7d5e91ff,O=C(NC[C@@H]1CCOC1)c1[nH]nc2ccc(-c3cccc(F)c3F)cc12,1,train
65697abfecfe7238754c493602eeb4a5be809401,O=C(NC[C@H]1CCOC1)c1[nH]nc2ccc(-c3cccc(F)c3F)cc12,0,train
c4c6232b5e831c00f4a57ab04f1862e847593ccb,CC(C)Oc1cncc(-c2ccc3[nH]nc(C(=O)NCC4CCS(=O)(=O)C4)c3c2)c1,1,val
ffa019b5583259bc1d5849dc813a81b6eaadace8,CN(C)Cc1cncc(-c2ccc3[nH]nc(C(=O)NCC4CCOCC4)c3c2)c1,0,train
dbf547812ef3b2a83ff1821e9ce4a2e10a7392b7,O=C(NCC1CCOCC1)c1[nH]nc2ccc(-c3cncc(CN4CCCC4)c3)cc12,1,train
ae7614ecf408eb41a4cd4b853db8b9055962415c,O=C(NCC1CCOCC1)c1[nH]nc2ccc(-c3cnccc3CN3CCCC3)cc12,0,train
b9a3df94dbdbd7e6e0407047928bcaaf4533cbfa,O=C(NCC1CCOCC1)c1[nH]nc2ccc(-c3cnccc3CN3CCOCC3)cc12,0,val
ef652ef3e2c5196e7056109afa821ba24e2ff53e,CN(C)Cc1ccncc1-c1ccc2[nH]nc(C(=O)NCC3CCOCC3)c2c1,0,train
8b4d54bdc4e56b4713a252ebd24bb8c67459ff07,O=C(NCC1CCOCC1)c1[nH]nc2ccc(-c3cnccc3CN3CCNCC3)cc12,0,test
e29067e153a1f6d62086140d6e6e1387b3be0500,O=C(NCC1CCOCC1)c1[nH]nc2ccc(-c3cncc(CN4CCOCC4)c3)cc12,1,test
5def32d85be469e586625c616a3d3504f7086184,Clc1ccc(-n2c(C3CCN(c4ccncc4)CC3)nc3ccncc32)cc1,1,train
faf81268d422f4c8253f1ae3f707a97325b5936d,COc1ccnc(OCCCNC(=O)OC(C)(C)C)c1-c1cc(Nc2cnc(C#N)cn2)[nH]n1,0,train
63b1da67bdf6d7dbbee77779f7f8969d63643640,COc1cc(Cl)nc(OCCCN)c1-c1cc(Nc2cnc(C#N)cn2)[nH]n1,0,train
3a381a46bd9f7c372208795856b5576ff6f9accf,COc1cncc(OCCCN)c1-c1cc(Nc2cnc(C#N)cn2)[nH]n1,0,train
2807028fbe034e1115ba006f08d821d34fc8e967,COc1nccc(OCCCN)c1-c1cc(Nc2cnc(C#N)cn2)[nH]n1,0,train
bd058946066bbe69fe0d07fd9d23c292653c1c77,COc1cncc(OCC2(F)CNC2)c1-c1cc(Nc2cnc(C#N)cn2)[nH]n1,1,train
d3465f3837bb92553ffaed81d24df97b5e3f048c,COc1nccc(OCC2(C)CNC2)c1-c1cc(Nc2cnc(C#N)cn2)[nH]n1,1,train
642ee664b3655ab97c084a78518e4ec2f2354500,COc1nccc(OCC2(O)CNC2)c1-c1cc(Nc2cnc(C#N)cn2)[nH]n1,0,train
cb43e489f1494d6da2b58878ebd03393eaffbec0,COc1cncc(OCC[C@@H](C)N)c1-c1cc(Nc2cnc(C#N)cn2)[nH]n1,0,train
21a21763f7acd2c53231dd329b2320eebced362b,COc1cncc(OCC[C@H](C)N)c1-c1cc(Nc2cnc(C#N)cn2)[nH]n1,0,train
2abe50c66151eda2a22e34ddd8502cdad875ddef,COc1cncc(OCC2(CN)CC2)c1-c1cc(Nc2cnc(C#N)cn2)[nH]n1,1,test
bb184a62f37356419fa9cd1525f75900e7e81522,COc1cncc(OC[C@@H]2CNCCO2)c1-c1cc(Nc2cnc(C#N)cn2)[nH]n1,1,test
1342013b522432aa8682cd65b89f56098e1fb866,COc1ncnc(OCCCN)c1-c1cc(Nc2cnc(C#N)cn2)[nH]n1,0,val
3010d11e0afb380d5ab35bc1d810218887f7603a,COc1cncc(OCC2CNC2)c1-c1cc(Nc2cnc(C#N)cn2)[nH]n1,0,train
f52e79cfb83d048406ef1d018d1650ce61425b72,COc1cncc(O[C@@H]2CCC[C@H](N)C2)c1-c1cc(Nc2cnc(C#N)cn2)[nH]n1,0,train
5837e5217bfdab48094206a101ab0a0cd68367b6,COc1cncc(OC[C@]2(F)CCNC2)c1-c1cc(Nc2cnc(C#N)cn2)[nH]n1,1,train
cc7f8b94a8b7f6df7a441df270e398b5b525fef5,COc1cncc(OC[C@H]2CCNC2)c1-c1cc(Nc2cnc(C#N)cn2)[nH]n1,0,train
4a27fc13f0442b35b67a21f4d9aa863696164005,COc1cncc(OC[C@@]2(F)CCNC2)c1-c1cc(Nc2cnc(C#N)cn2)[nH]n1,1,train
58ea1938a1ea03919f7fd08344764d26973b71b1,N#Cc1cnc(Nc2cc(-c3c(OCF)cncc3OCCCN)[nH]n2)cn1,0,train
6a5f37048b4d3df87c2958bbd21bbb3784c1b653,COc1cncc(OCC2(C)CNC2)c1-c1cc(Nc2cnc(C#N)cn2)[nH]n1,1,train
3f94059b7084a01d30ab8630a87573e019cb5e57,COc1cncc(OC[C@@H](C)CN)c1-c1cc(Nc2cnc(C#N)cn2)[nH]n1,0,train
ee222d9f213e1915e34586d494243be9dfbb8b47,COc1cncc(OC[C@H](C)CN)c1-c1cc(Nc2cnc(C#N)cn2)[nH]n1,0,train
598b710374e9021c4dec44f5646bf2af838d8292,COc1cncc(OC[C@@H](F)CN)c1-c1cc(Nc2cnc(C#N)cn2)[nH]n1,0,train
702635d060d28af33b016cdf6a445cd40f41a443,COc1cncc(OC[C@H](F)CN)c1-c1cc(Nc2cnc(C#N)cn2)[nH]n1,0,train
51b58bf61e551999d96a5d65d1941888d6d6d03b,CNCCCOc1cncc(OC)c1-c1cc(Nc2cnc(C#N)cn2)[nH]n1,1,train
e120cdf077171c9503557003cde9677115872163,COc1cncc(O[C@@H]2CC[C@@H](N)C2)c1-c1cc(Nc2cnc(C#N)cn2)[nH]n1,0,train
a2dc3ddb61f28ddbe6b2efcfc2c7c9a485c5cb21,COc1cncc(O[C@H](C)C2CNC2)c1-c1cc(Nc2cnc(C#N)cn2)[nH]n1,0,train
b635b9a9a1009ea708f5612676c709a06df5ab80,CN[C@@H]1CC[C@@H](Oc2cncc(OC)c2-c2cc(Nc3cnc(C#N)cn3)[nH]n2)C1,1,train
4fb61da60536f96cf57cda8ec7b1f6bacb3ace17,COc1cncc(O[C@H]2C[C@H](N)[C@H]3C[C@H]32)c1-c1cc(Nc2cnc(C#N)cn2)[nH]n1,0,train
8b789f387e57a1c2fc3476f9017a48844f04f262,CCOc1ccc(-c2nnc(-c3ccc4c(c3)C[C@](N)(CO)CC4)o2)cc1OCC,1,train
bb2f22f27ae766f0f60ea4e58e0a830a3870ba2d,CC(C)Oc1ccc(-c2nnc(-c3ccc4c(c3)C[C@](N)(CO)CC4)o2)cc1C(F)(F)F,1,train
db7f9c338e7a3cf41ab51219e5d9550acacda78d,CC(C)Oc1ccc(-c2nnc(-c3ccc4c(c3)CC(N)(CO)CC4)o2)cc1C#N,1,train
4f624ff3fd1c7ceabee5f0897202c3e30d44f7c0,Cn1c(=O)cnc2ccc(OCCNC[C@H]3CN(c4ccc5c(n4)NC(=O)CO5)C(=O)O3)nc21,0,train
7739fc4f66f02b83fe01fd45afb9f7e461053cf0,Cn1c(=O)cnc2ccc(OCCNC[C@@H]3CN(c4ccc5c(n4)NC(=O)CO5)C(=O)O3)nc21,0,train
e482e34fc0658009a469462f0e851ad50cd6cd2d,Cn1c(=O)ccc2ncc(OCCNC[C@H]3CN(c4ccc5c(n4)NC(=O)CO5)C(=O)O3)nc21,0,train
0b18c5af62797e42e58391fcd36a21df3549e6c0,Cn1c(=O)ccc2ncc(OCCNC[C@@H]3CN(c4ccc5c(n4)NC(=O)CO5)C(=O)O3)nc21,0,train
ab20cb2d2d5878a3af50d76576c5ecc08f16effb,Cn1c(=O)cnc2cc(F)c(OCCNC[C@H]3CN(c4cnc5c(n4)NC(=O)CO5)C(=O)O3)nc21,0,train
3b79397ee7cd22b84d9557ed93262fe00dcb6ecf,Cn1c(=O)cnc2ccc(OCCNC[C@H]3CN(c4cnc5c(n4)NC(=O)CS5)C(=O)O3)nc21,0,val
abae5ff3c02ca082ff8be0b1fcffd11097e129a4,CC(C)(F)[C@H]1CN(C2CCN(c3n[nH]c(N)n3)CC2)[C@@H](Cc2ccc(Cl)cc2)CO1,0,train
391cf81ab6acafebc4a239bbc99a37cb96a1001f,Cn1nnc(C[C@H]2CN(C3CCN(c4n[nH]c(N)n4)CC3)[C@@H](Cc3ccc(Cl)cc3)CO2)n1,0,test
5244f0d51e1b97feb5094affcb16a97fe6a1c4c8,N#Cc1cnn(C[C@H]2CN(C3CCN(c4n[nH]c(N)n4)CC3)[C@@H](Cc3ccc(Cl)cc3)CO2)c1,0,train
a8fbeae6246da8a31ec69979cc0e0ecf5bbc8dc2,Nc1n[nH]c(N2CCC(N3C[C@H]([C@@H](O)C(F)(F)F)OC[C@@H]3Cc3ccc(Cl)cc3)CC2)n1,0,train
01bcca225d8817f5b1c50540dcc3a1f168536ae9,C[C@@H]([C@H]1CN(C2CCN(c3n[nH]c(N)n3)CC2)[C@@H](Cc2ccc(Cl)cc2)CO1)n1cccn1,0,train
9664bcdecfd229dadaba8a2263b037ecf297c2a8,C[C@H]([C@H]1CN(C2CCN(c3n[nH]c(N)n3)CC2)[C@@H](Cc2ccc(Cl)cc2)CO1)n1cccn1,0,train
d71af7985ca427f3b912283c258378c4715af424,Nc1n[nH]c(N2CCC(N3C[C@H](Cn4ccnn4)OC[C@@H]3Cc3ccc(Cl)cc3)CC2)n1,0,train
91f58dbe746e435311a71ff28b85a17d9087a361,Cc1cc([C@H]2CN(C3CCN(c4n[nH]c(N)n4)CC3)[C@@H](Cc3ccc(Cl)cc3)CO2)[nH]n1,0,train
0a70110f050104468ee0efef9a6840e3181e0737,Nc1n[nH]c(N2CCC(N3C[C@H](CN4CCCCC4=O)OC[C@@H]3Cc3ccc(Cl)cc3)CC2)n1,0,test
8872d406694aeff9109fbf72c35b7da8dade8e1e,Nc1n[nH]c(N2CCC(N3C[C@H](Cn4cc(F)cn4)OC[C@@H]3Cc3ccc(Cl)cc3)CC2)n1,0,train
e13411843ed2d2c094bea3a1cf872c3110fb755f,Nc1n[nH]c(N2CCC(N3C[C@H](CN4CC(F)C4)OC[C@@H]3Cc3ccc(Cl)cc3)CC2)n1,0,test
6f298ff4edddd6445dd8ee0e46eb3e20a8d680ff,Nc1n[nH]c(N2CCC(N3C[C@H](CN4CCC(F)(F)CC4)OC[C@@H]3Cc3ccc(Cl)cc3)CC2)n1,0,train
f8598856b08d5850ddee1b11948b525d04d5b21d,Nc1n[nH]c(N2CCC(N3C[C@H](COCC(F)(F)F)OC[C@@H]3Cc3ccc(Cl)cc3)CC2)n1,1,train
2bb0a84b0ed5af680e11478bbe9aa6ca4baae7cc,Nc1n[nH]c(N2CCC(N3C[C@H](COC(F)F)OC[C@@H]3Cc3ccc(Cl)cc3)CC2)n1,0,train
6c90b541fa9929cfa1da9728da8c70c1483fe639,CSC[C@H]1CN(C2CCN(c3n[nH]c(N)n3)CC2)[C@@H](Cc2ccc(Cl)cc2)CO1,0,train
df7c91193ea5015d3b271f3b3da7328943d7207a,CC(F)(F)[C@H]1CN(C2CCN(c3n[nH]c(N)n3)CC2)[C@@H](Cc2ccc(Cl)cc2)CO1,0,train
d0ea70cd57baa8647a787c66a4d6ec5dcbaf2140,Nc1n[nH]c(N2CCC(N3C[C@H](COCC(F)F)OC[C@@H]3Cc3ccc(Cl)cc3)CC2)n1,1,train
f68f9c46183e36861c789c882615dc8ceafc54a7,Nc1n[nH]c(N2CCC(N3C[C@H](Cn4cc(Cl)cn4)OC[C@@H]3Cc3ccc(Cl)cc3)CC2)n1,1,train
33849a86de252d21911c5d4a9be60de8cd3e7c25,Nc1n[nH]c(N2CCC(N3C[C@H](Cn4ccnc4)OC[C@@H]3Cc3ccc(Cl)cc3)CC2)n1,0,train
c0d7bc0dc5bbe90fd5222950bb07cb53402ef338,CN(C)C(=O)OC[C@H]1CN(C2CCN(c3n[nH]c(N)n3)CC2)[C@@H](Cc2ccc(Cl)cc2)CO1,0,train
62f61783f92070413bfdae81a61d0ef7bb8eafc8,Cc1coc([C@H]2CN(C3CCN(c4n[nH]c(N)n4)CC3)[C@@H](Cc3ccc(Cl)cc3)CO2)n1,0,train
50046b286c65edf5a4254461dc4f328cb5857384,Cc1nc([C@H]2CN(C3CCN(c4n[nH]c(N)n4)CC3)[C@@H](Cc3ccc(Cl)cc3)CO2)oc1C,1,train
d425a189505a9aa0e755b77c75239c0ffa408b0a,CC1CN(C[C@H]2CN(C3CCN(c4n[nH]c(N)n4)CC3)[C@@H](Cc3ccc(Cl)cc3)CO2)C1,0,test
8b1adaaa544ad068b7dc2b161c483f4ce2bf6dbd,Nc1n[nH]c(N2CCC(N3C[C@H](CN4CCCCC4)OC[C@@H]3Cc3ccc(Cl)cc3)CC2)n1,0,train
24d16c28a6cd44fc74b07635f8485853bbc23463,Nc1n[nH]c(N2CCC(N3CC(C(=O)N4CCC(F)(F)CC4)OC[C@@H]3Cc3ccc(Cl)cc3)CC2)n1,0,train
0ff841449fa48a76afeb63f80fa6792678661917,Nc1n[nH]c(N2CCC(N3C[C@H](N4CCOCC4)C[C@@H]3Cc3ccc(Cl)cc3)CC2)n1,0,test
c36a72fba24918ca6d738323a05c3877ebf8a082,Nc1n[nH]c(N2CCC(N3CC(F)(F)C[C@@H]3Cc3ccc(Cl)cc3)CC2)n1,0,train
afa7d2cb7312ebbbfdabf0c2a183b158c5850a8f,Nc1n[nH]c(N2CCC(N3C[C@H](N4CCOCC4)CC[C@@H]3Cc3ccc(Cl)cc3)CC2)n1,0,test
4e83d3b767ad7dbf567ec4d97b8bd490a9beab5f,CC1(O)CCN(C2CCN(c3n[nH]c(N)n3)CC2)[C@@H](Cc2ccc(Cl)cc2)C1,0,train
9fcc157fcee11d6a4e92cb60b396468776e1dd0d,CCC(O)(CC)[C@H]1CN(C2CCN(c3n[nH]c(N)n3)CC2)[C@@H](Cc2ccc(Cl)cc2)CO1,0,train
d4ae119c4d69bf4a538c1b1bc1c34ab63cebb0c2,CC(C)CNC(=O)C1CN(C2CCN(c3n[nH]c(N)n3)CC2)[C@@H](Cc2ccc(Cl)cc2)CO1,0,train
6cfa1e6ed10fa12fb572b53191d8ea509668fd82,Nc1n[nH]c(N2CCC(N3C[C@H](O)CC[C@@H]3Cc3ccc(Cl)cc3)CC2)n1,0,train
f5ad8457d11b4b1ed041dd401fcba0d35366cd30,CO[C@@H]1CC[C@H](Cc2ccc(Cl)cc2)N(C2CCN(c3n[nH]c(N)n3)CC2)C1,0,train
6655b3492eed716b282c59dc5183c990331d022d,Nc1n[nH]c(N2CCC(N3CC4CC4C[C@@H]3Cc3ccc(Cl)cc3)CC2)n1,1,test
8cf560594e72308edb4ff5eee215aa8343abae0a,Nc1n[nH]c(N2CCC(N3C[C@@H]4COCCN4C[C@@H]3Cc3ccc(Cl)cc3)CC2)n1,1,train
be9a38f324cf403632f8cb6ce35cb6a30c26c3dc,C[C@H]1CN(C2CCN(c3n[nH]c(N)n3)CC2)[C@@H](Cc2ccc(Br)cc2)CO1,1,train
5bb825c9b1d0ccd8d62103e624f35def89594eec,Nc1n[nH]c(N2CCC(N3Cc4cncn4C[C@@H]3Cc3ccc(C(F)(F)F)cc3)CC2)n1,0,train
f9f7985a956dc38886e28e2f60f7c15657c0792a,Nc1n[nH]c(N2CCC(N3C[C@@H]4CC(F)(F)CN4C[C@@H]3Cc3ccc(C(F)(F)F)cc3)CC2)n1,0,train
b3d04cd5d6fc0811de11989300bc00a2bb19442e,COC(C)(C)[C@H]1CN(C2CCN(c3n[nH]c(N)n3)CC2)[C@@H](Cc2ccc(Cl)cc2)CO1,0,train
b206de7162fba97874427424d71d60014adde66f,CCOC(=O)C1CC[C@H](Cc2ccc(Cl)cc2)N(C2CCN(c3n[nH]c(N)n3)CC2)C1,1,train
0f16a9778d9975eb5267ccfcdab8b1bb01d68ec1,C[C@H]1CN(C2CCN(c3n[nH]c(N)n3)CC2)[C@@H](Cc2ccc(Cl)cc2)CN1C,1,train
e01d1675a634911dbdf083dc3bc6b5613af04313,CC(C)CN1CCN(C2CCN(c3n[nH]c(N)n3)CC2)[C@@H](Cc2ccc(Cl)cc2)C1,1,train
d5b1af922dc46998383b9d446c58521de3a44a02,Nc1n[nH]c(N2CCC(N3C[C@@H]4CCCN4C[C@@H]3Cc3ccc(Cl)cc3)CC2)n1,1,train
d22fc2534d18b6ea605434fc1cf0d317408497f5,CCC(C)C(NC(=O)C(Cc1ccccc1)NC(=O)C(CC(C)C)NC(=O)C(CCCN=C(N)N)NC(=O)C(NC(=O)C(C)NC(=O)C(CCC(=O)O)NC(=O)C(CCC(=O)O)NC(=O)C(CCC(=O)O)NC(=O)C(CCSC)NC(=O)C(CCC(N)=O)NC(=O)C(CCCCN)NC(=O)C(CO)NC(=O)C(CC(C)C)NC(=O)C(CC(=O)O)NC(=O)C(CO)NC(=O)C(NC(=O)C(Cc1ccccc1)NC(=O)C(NC(=O)CNC(=O)C(CCC(=O)O)NC(=O)CNC(=O)C(N)Cc1c[nH]cn1)C(C)O)C(C)O)C(C)C)C(=O)NC(CCC(=O)O)C(=O)NC(Cc1c[nH]c2ccccc12)C(=O)NC(CC(C)C)C(=O)NC(CCCCN)C(=O)NC(CC(N)=O)C(=O)NCC(=O)NCC(=O)N1CCCC1C(=O)NC(CO)C(=O)NC(CO)C(=O)NCC(=O)NC(C)C(=O)N1CCCC1C(=O)N1CCCC1C(=O)N1CCCC1C(=O)NC(CO)C(N)=O,1,train
96fdde84695dcdac4836af001e1d886bb6d8c84e,N#Cc1ccc(COc2cccc(C3CCN(Cc4nc5ccc(C(=O)O)nc5n4C[C@@H]4CCO4)CC3)c2)c(F)c1,0,val
9d52cdad8fd94de9051294252815cffa0aa28c81,C[C@H]1CN(c2cncc(OCc3ccc(C#N)cc3F)n2)CCN1Cc1nc2ccc(C(=O)O)cc2n1C[C@@H]1CCO1,0,test
0a7e44ec246d45667c3225e52c6640c08e11292d,N#Cc1ccc(COc2cccc(N3CCN(Cc4nc5ccc(C(=O)O)cc5n4CC4(F)CC4)CC3)c2)c(F)c1,0,train
4d4e3c4b1a1138340779841802ebf0c5c8cc31d1,Cc1nc(N2CCC3(CC2)CO[C@@H](C)[C@H]3N)c(CO)nc1-c1cccc(Cl)c1Cl,1,test
f5801d7a60985aea917356bc1d33554b58edea9a,Cc1c(N2CCC3(CC2)Cc2ccccc2[C@H]3N)nc(C)n(-c2cccc(Cl)c2Cl)c1=O,1,train
cf73607ee42bd02ca2603198fef72b7573cf34ae,Cc1c(N2CCC3(CC2)Cc2ncccc2[C@@H]3N)nc(C)n(-c2cccc(Cl)c2Cl)c1=O,1,val
cd51fb1c6de6176a3a1ff41db244da4d11932d11,Cc1c(N2CCC3(CC2)Cc2ccccc2[C@H]3N)nc(N)n(-c2cccc(Cl)c2Cl)c1=O,1,train
