smiles,y,split
CC(C(=O)N[C@]1(c2ccccc2)CC[C@@H](N2CCN(C(C)C)CC2)CC1)c1cc(C(F)(F)F)cc(C(F)(F)F)c1,0.99656457,test
CC(C(=O)NC1(c2ccccc2)CCC(N2CCC3(CCCO3)CC2)CC1)c1cc(C(F)(F)F)cc(C(F)(F)F)c1,0.9951186,train
CC(C(=O)N[C@]1(c2ccccc2)CC[C@@H](N2CCC(c3ccc(F)cc3)CC2)CC1)c1cc(C(F)(F)F)cc(C(F)(F)F)c1,0.9998368,train
CC(C(=O)N[C@]1(c2ccccc2)CC[C@H](N2CCCCC2)CC1)c1cc(C(F)(F)F)cc(C(F)(F)F)c1,0.99639755,train
CC1CCN([C@H]2CC[C@](NC(=O)C(C)c3cc(C(F)(F)F)cc(C(F)(F)F)c3)(c3ccccc3)CC2)CC1,0.99949074,train
CC(C(=O)N[C@]1(c2ccccc2)CC[C@@H](N2CCC(=O)CC2)CC1)c1cc(C(F)(F)F)cc(C(F)(F)F)c1,0.9924084,val
CC(C(=O)N[C@]1(c2ccccc2)CC[C@@H](N2CCC3(CC2)OCCO3)CC1)c1cc(C(F)(F)F)cc(C(F)(F)F)c1,0.99741215,val
CC(C(=O)N[C@]1(c2ccccc2)CC[C@@H](N2CCC(O)CC2)CC1)c1cc(C(F)(F)F)cc(C(F)(F)F)c1,0.9876638,train
CC(C(=O)NC1(c2ccccc2)CCC(N2CCC3(CC2)CCC(C)(C)O3)CC1)c1cc(C(F)(F)F)cc(C(F)(F)F)c1,0.9977518,train
CC(C(=O)NC1(c2ccccc2)CCC(N2CCC(O)(Cc3ccccc3)CC2)CC1)c1cc(C(F)(F)F)cc(C(F)(F)F)c1,0.9952205,train
CC(C(=O)NC1(c2ccccc2)CCC(N2CCC3(CCOC3)CC2)CC1)c1cc(C(F)(F)F)cc(C(F)(F)F)c1,0.9986872,train
CC(C(=O)NC1(c2ccccc2)CCC(N2CCC(C3CCOC3=O)CC2)CC1)c1cc(C(F)(F)F)cc(C(F)(F)F)c1,0.9112639,train
CC(C(=O)N[C@]1(c2ccccc2)CC[C@H](N2CCC(C3CCOC3(C)C)CC2)CC1)c1cc(C(F)(F)F)cc(C(F)(F)F)c1,0.99684525,val
CC(C(=O)NC1(c2ccccc2)CCC(N2CCC(C3CCC(=O)O3)CC2)CC1)c1cc(C(F)(F)F)cc(C(F)(F)F)c1,0.9402252,train
CC(C(=O)N[C@]1(c2ccccc2)CC[C@H](N(C)C)CC1)c1cc(C(F)(F)F)cc(C(F)(F)F)c1,0.9797825,train
NC(C(=O)N1CCSC1)C1CCC(NC(=O)c2ccc(F)c(F)c2)CC1,0.12140827,train
NC(C(=O)N1CCCC1)C1CCC(NC(=O)OCc2ccccc2)CC1,0.051843714,train
NC(C(=O)N1CCSC1)C1CCC(NC(=O)c2cccc3ccccc23)CC1,0.132306,train
NC(C(=O)N1CCCC1)C1CCC(NS(=O)(=O)c2ccc(F)cc2F)CC1,0.049265366,train
NC(C(=O)N1CCCC1)C1CCC(NS(=O)(=O)c2ccc(OC(F)(F)F)cc2)CC1,0.4875643,train
NC(C(=O)N1CCSC1)C1CCC(NC(=O)Nc2ccc(I)cc2)CC1,0.87630653,val
NC(C(=O)N1CCCC1)C1CCC(NC(=O)c2cccc3ccccc23)CC1,0.10442634,train
NC(C(=O)N1CCSC1)C1CCC(NS(=O)(=O)c2ccc(OC(F)(F)F)cc2)CC1,0.5943371,test
Fc1ccc(CCN2CCC3(CCc4ccccc4C3)CC2)c(F)c1,0.992281,train
N#Cc1ccc(S(=O)(=O)C2CCN(CCc3ccc(F)cc3F)CC2)cc1,0.9973174,train
CC(C)(O)c1ccc(C(Cc2ccc[n+]([O-])c2)c2ccc(OC(F)F)c(OC3CC3)c2)cn1,0.005486758,val
CC(C)(O)c1ncc(C(Cc2cc[n+]([O-])cc2)c2ccc(OC(F)F)c(OC3CCC3)c2)s1,0.0012643846,train
[O-][n+]1ccc(CC(c2ccc(OC(F)F)c(OC3CC3)c2)c2cnc(C(O)(C(F)(F)F)C(F)(F)F)s2)cc1,0.00013747229,train
O=S(=O)(c1ccccc1)C1CCN(CCc2ccc(F)cc2F)CC1,0.9956727,train
Fc1ccc2c([C@@H]3CNCC[C@H]3F)c(-c3ccccc3)[nH]c2c1,0.97047114,train
CC(C)(O)c1ccc(C(Cc2cc[n+]([O-])cc2)c2ccc(OC(F)F)c(OC3CCC3)c2)cn1,0.017396543,train
CC(C)(O)c1ccc(C(Cc2cc[n+]([O-])cc2)c2ccc(OC(F)F)c(OC3CC3)c2)cn1,0.009213496,val
NC(=O)c1ccc(S(=O)(=O)C2CCN(CCc3ccc(F)cc3F)CC2)cc1,0.9776859,train
N#Cc1cccc(S(=O)(=O)C2CCN(CCc3ccc(F)cc3F)CC2)c1,0.9974166,train
[O-][n+]1ccc(CC(c2ccc(OC(F)F)c(OC3CCC3)c2)c2cnc(C(O)(C(F)(F)F)C(F)(F)F)s2)cc1,0.0002050984,train
OC1c2ccccc2CCC12CCN(CCc1ccccc1)CC2,0.9906861,train
O=S(=O)(c1ccc(F)cc1)C1CCN(CCc2ccc(F)cc2F)CC1,0.99629515,train
CC(O)(c1ccccc1)c1ccc(C(Cc2cc[n+]([O-])cc2)c2ccc(OC(F)F)c(OC(F)F)c2)cn1,0.29324347,val
CC(C)(O)c1ccc(C(Cc2ccc(=O)[nH]c2)c2ccc(OC(F)F)c(OC3CC3)c2)cn1,0.048221648,train
[O-][n+]1cccc(C[C@H](c2ccc(OC(F)F)c(OC3CC3)c2)c2cnc(C(O)(C(F)(F)F)C(F)(F)F)s2)c1,6.8825066e-05,train
O=S1(=O)c2ccccc2CCC12CCN(CCc1ccc(F)cc1F)CC2,0.9980908,train
O=S(=O)(c1ccccc1)C1CCN(CCCc2ccccc2)CC1,0.9907987,train
CC(C)(O)c1ccc(C(Cc2cc[n+]([O-])cc2)c2ccc(OC(F)F)c(OC3CCC3)c2)cc1,0.59870315,test
CC(C)(O)c1ccc(C(Cc2cc[n+]([O-])cc2)c2ccc(OC(F)F)c(OC(F)F)c2)cn1,0.014462661,test
Fc1ccc(CCN2CCC3(CCc4ccccc4O3)CC2)c(F)c1,0.99627125,train
O=C(CN1CCC(S(=O)(=O)c2ccccc2)CC1)c1ccc(F)cc1,0.96039814,train
NC(=O)c1cccc(S(=O)(=O)C2CCN(CCc3ccc(F)cc3F)CC2)c1,0.9855239,train
[O-][n+]1cccc(C[C@@H](c2ccc(OC(F)F)c(OC3CC3)c2)c2cnc(C(O)(C(F)(F)F)C(F)(F)F)s2)c1,6.594201e-05,train
O=S(=O)(c1ccc(Cl)cc1)C1CCN(CCc2ccc(F)cc2F)CC1,0.9982828,train
COc1ccc2c(c1)CCC1(CCN(CCc3ccc(F)cc3F)CC1)O2,0.99543154,train
N#Cc1ccccc1S(=O)(=O)C1CCN(CCc2ccc(F)cc2F)CC1,0.9964341,train
O=S(=O)(c1ccccc1)C1CCN(CCc2ccccc2)CC1,0.9953454,train
Fc1ccc2c([C@@H]3CNCC[C@H]3F)c(-c3cccc4ccccc34)[nH]c2c1,0.97176254,test
Fc1ccc2c([C@@H]3CNCC[C@H]3F)c(C3CCCCC3)[nH]c2c1,0.9632165,train
F[C@@H]1CCNC[C@H]1c1c(-c2ccccc2)[nH]c2c(Cl)cccc12,0.9935207,train
c1ccc(-c2[nH]c3ccccc3c2C2CCNCC2)cc1,0.7401657,train
Fc1ccc2c([C@@H]3CNCC[C@H]3F)c(-c3ccsc3)[nH]c2c1,0.98081976,val
COC(=O)c1[nH]c2cc(F)ccc2c1[C@@H]1CNCC[C@H]1F,0.867562,test
Fc1ccc(-c2[nH]c3cc(F)ccc3c2C2CCCNC2)cc1,0.94467294,train
Fc1ccc2c([C@@H]3CNCC[C@H]3F)c(-c3ccc4ccccc4c3)[nH]c2c1,0.9791174,train
c1ccc(CCN2CCCC(c3c(-c4ccccc4)[nH]c4ccccc34)C2)cc1,0.9982127,train
Fc1cccc2c([C@@H]3CNCC[C@H]3F)c(-c3ccccc3)[nH]c12,0.97329956,train
Fc1ccc(-c2[nH]c3cc(F)ccc3c2[C@@H]2CNCC[C@H]2F)cc1,0.9859979,train
Fc1ccc2c([C@@H]3CNCC[C@H]3F)c(-c3cccnc3)[nH]c2c1,0.9274967,test
c1ccc(CCN2[C@@H]3CC[C@H]2CC(c2c(-c4ccccc4)[nH]c4ccccc24)C3)cc1,0.9998041,train
c1ccc(CCN2CCC(c3c(-c4ccccc4)[nH]c4ccccc34)CC2)cc1,0.99870706,val
CN1CCCC(c2c(-c3ccccc3)[nH]c3ccccc23)C1,0.8184002,train
c1ccc(CN2CCCC(c3c(-c4ccccc4)[nH]c4ccccc34)C2)cc1,0.9821843,train
CN1CCCCC1c1c(-c2ccccc2)[nH]c2ccccc12,0.9011862,train
F[C@@H]1CCNC[C@H]1c1c(-c2ccccc2)[nH]c2cc(Cl)ccc12,0.99458575,train
c1ccc(-c2[nH]c3ccccc3c2C2CCCNC2)cc1,0.793711,train
O=C(Nc1ccccc1)c1[nH]c2cc(F)ccc2c1[C@@H]1CNCC[C@H]1F,0.87562627,val
NC(C(=O)N1CC[C@H](F)C1)C1CCC(NS(=O)(=O)c2ccc(F)cc2F)CC1,0.06375116,train
NC(C(=O)N1CCSC1)C1CCCCC1,0.19126843,test
NC(C(=O)N1CC[C@@H](F)C1)C1CCC(NS(=O)(=O)c2ccc(OC(F)(F)F)cc2)CC1,0.4292936,train
NC(C(=O)N1CC[C@@H](F)C1)C1CCC(NS(=O)(=O)c2ccc(F)cc2F)CC1,0.044287045,train
NC(C(=O)N1CCCC1)C1CCC(NC(=O)c2ccc(F)c(F)c2)CC1,0.1123298,train
NC(C(=O)N1CCSC1)C1CCC(NC(=O)c2ccccc2C(F)(F)F)CC1,0.099337995,train
NC(C(=O)N1CC[C@@H](F)C1)C1CCC(NC(=O)OCc2ccccc2)CC1,0.04657246,train
NC(C(=O)N1CC[C@H](F)C1)C1CCC(NS(=O)(=O)c2ccc(OC(F)(F)F)cc2)CC1,0.69419676,train
NC(C(=O)N1CCC(F)(F)C1)C1CCC(NC(=O)c2ccc(F)c(F)c2)CC1,0.072667725,train
NC(C(=O)N1CCC(F)(F)C1)C1CCC(NC(=O)OCc2ccccc2)CC1,0.03224687,train
NC(C(=O)N1CC[C@H](F)C1)C1CCC(NC(=O)c2ccc(F)c(F)c2)CC1,0.14621072,train
NC(C(=O)N1CC[C@@H](F)C1)C1CCC(NC(=O)c2ccc(F)c(F)c2)CC1,0.10250988,train
NC(C(=O)N1CCC(F)(F)C1)C1CCC(NS(=O)(=O)c2ccc(OC(F)(F)F)cc2)CC1,0.22744724,train
NC(C(=O)N1CC[C@H](F)C1)C1CCC(NC(=O)OCc2ccccc2)CC1,0.067511864,train
CCC(CC)c1cn(-c2ccc(F)cc2)c2ccc(Cl)cc12,0.99589145,train
O=C1NCCN1CCN1CCC(C2CN(c3ccc(F)cc3)c3ccccc32)CC1,0.9432642,val
COc1cc(N)c(Cl)cc1C(=O)NC1CCN(CCCOc2ccc(F)cc2)CC1OC,0.9646896,train
COc1ccc(CCN(C)CCCC(C#N)(c2ccc(OC)c(OC)c2)C(C)C)cc1OC,0.9782236,test
CC(C)(C)c1ccc(C(O)CCCN2CCC(C(O)(c3ccccc3)c3ccccc3)CC2)cc1,0.9643815,train
CN(CCOc1ccc(NS(C)(=O)=O)cc1)CCc1ccc(NS(C)(=O)=O)cc1,0.9943851,train
CCC(O)c1cn(-c2ccc(F)cc2)c2ccc(Cl)cc12,0.98659015,train
CN(C)Cc1cn(-c2ccc(F)cc2)c2ccc(Cl)cc12,0.9852475,train
CCC(=O)c1cn(-c2ccc(F)cc2)c2ccc(Cl)cc12,0.9766625,train
CC(C)(C(=O)O)c1ccc(C(O)CCCN2CCC(C(O)(c3ccccc3)c3ccccc3)CC2)cc1,0.16773546,train
CC(O)c1cn(-c2ccc(F)cc2)c2ccc(Cl)cc12,0.9425679,train
O=C(CCCN1CCC(O)(c2ccc(Cl)cc2)CC1)c1ccc(F)cc1,0.8919392,train
CCc1cn(-c2ccc(F)cc2)c2ccc(Cl)cc12,0.984567,train
CS(=O)(=O)Nc1ccc2c(c1)C(O)CC1(CCN(C3CCc4cc(C#N)ccc4C3)CC1)O2,0.9811064,train
CC(C)(O)c1ccc(C(O)CCCN2CCC(C(O)(c3ccccc3)c3ccccc3)CC2)cc1,0.7055597,train
O=c1[nH]c2ccccc2n1C1CCN(CCCC(c2ccc(F)cc2)c2ccc(F)cc2)CC1,0.9996271,train
Cc1c(F)c(N2CCNC(C)C2)cc2c1c(=O)c(C(=O)O)cn2C1CC1,0.030543061,train
COc1ccc(CCN2CCC(Nc3nc4ccccc4n3Cc3ccc(F)cc3)CC2)cc1,0.9999083,train
CSc1ccc2c(c1)N(CCC1CCCCN1C)c1ccccc1S2,0.99995935,train
CCn1nc(Cc2ccc(OC3CCC3)cc2)cc1C1CCN(C[C@H]2CN(C(C(=O)O)C(C)(C)C)C[C@@H]2c2cccc(F)c2)CC1,0.6488213,train
CC[C@H](C)C(C(=O)O)N1C[C@H](CN2CCC(c3cc(Cc4ccc(C(C)C)cc4)nn3CC)CC2)[C@@H](c2cccc(F)c2)C1,0.20498441,train
CC(C)COCC(CN(Cc1ccccc1)c1ccccc1)N1CCCC1,0.9918029,train
COc1ccccc1OCCNCC(O)COc1cccc2[nH]c3ccccc3c12,0.37897608,train
CCCCN(CCCC)CCC(O)c1cc2c(Cl)cc(Cl)cc2c2cc(C(F)(F)F)ccc12,0.99976724,train
C1CCC(C(CC2CCCCN2)C2CCCCC2)CC1,0.8790357,test
CN(C)CCCC1(c2ccc(F)cc2)OCc2cc(C#N)ccc21,0.98514414,train
CC[C@H](C)C(C(=O)O)N1C[C@H](CN2CCC(c3cc(Cc4ccc(OCC(F)(F)F)cc4)nn3CC)CC2)[C@@H](c2cccc(F)c2)C1,0.7606081,train
CCn1nc(Cc2ccccc2)cc1C1CCN(C[C@H]2CN(C(C(=O)O)C(C)(C)C)C[C@@H]2c2cccc(F)c2)CC1,0.11613751,train
CC[C@H](C)C(C(=O)O)N1C[C@H](CN2CCC(c3cc(Cc4ccc(OC)c(OC)c4)nn3CC)CC2)[C@@H](c2cccc(F)c2)C1,0.17083241,train
O=C1CN2[C@@H]3CC(OC(=O)C4CNc5ccccc54)C[C@@H]2CC1C3,0.63510627,train
CC[C@H](C)C(C(=O)O)N1C[C@H](CN2CCC(c3cc(Cc4ccccc4)nn3CC)CC2)[C@@H](c2cccc(F)c2)C1,0.18033698,train
CCn1nc(Cc2ccc(OC)c(OC)c2)cc1C1CCN(C[C@H]2CN(C(C(=O)O)C(C)(C)C)C[C@@H]2c2cccc(F)c2)CC1,0.14904296,train
CCn1nc(Cc2ccc(C(C)(C)C)cc2)cc1C1CCN(C[C@H]2CN(C(C(=O)O)C(C)(C)C)C[C@@H]2c2cccc(F)c2)CC1,0.3862221,train
COC(=O)C1[C@@H](OC(=O)c2ccccc2)C[C@@H]2CC[C@H]1N2C,0.89133656,train
CCCCCCCN(CC)CCCC(O)c1ccc(NS(C)(=O)=O)cc1,0.9783603,train
COCC(=O)O[C@]1(CCN(C)CCCc2nc3ccccc3[nH]2)CCc2cc(F)ccc2[C@@H]1C(C)C,0.99743265,train
CC(C)N(CCC(C(N)=O)(c1ccccc1)c1ccccn1)C(C)C,0.026931992,train
C[C@@H]1CN(c2c(F)c(N)c3c(=O)c(C(=O)O)cn(C4CC4)c3c2F)C[C@H](C)N1,0.046610355,train
CCn1nc(Cc2ccc(OC(C)C)cc2)cc1C1CCN(C[C@H]2CN(C(C(=O)O)C(C)(C)C)C[C@@H]2c2cccc(F)c2)CC1,0.33938104,train
CCn1nc(Cc2ccc(C#N)cc2)cc1C1CCN(C[C@H]2CN(C(C(=O)O)C(C)(C)C)C[C@@H]2c2cccc(F)c2)CC1,0.38653338,train
CN(c1nc(=O)cc[nH]1)C1CCN(c2nc3ccccc3n2Cc2ccc(F)cc2)CC1,0.99853754,train
OC(c1cc(C(F)(F)F)nc2c(C(F)(F)F)cccc12)C1CCCCN1,0.9708571,train
CC[C@@H](C)C(C(=O)O)N1C[C@H](CN2CCC(c3cc(Cc4ccc(OC5CCC5)cc4)nn3CC)CC2)[C@@H](c2cccc(F)c2)C1,0.47995996,train
CN1CCN(C2=Nc3cc(Cl)ccc3Nc3ccccc32)CC1,0.9591885,test
CN(C)CCCN1c2ccccc2Sc2ccc(Cl)cc21,0.99970454,train
CNCCC(Oc1ccc(C(F)(F)F)cc1)c1ccccc1,0.99425644,train
CC[C@@H](C)C(C(=O)O)N1C[C@H](CN2CCC(c3cc(Cc4ccc(OC)c(OC)c4)nn3CC)CC2)[C@@H](c2cccc(F)c2)C1,0.15403995,train
CN1CCN(CCCCn2c(O)cn(/N=C/c3ccc(-c4ccc(Cl)cc4)o3)c2=O)CC1,0.9567623,test
CCCc1nn(C)c2c(=O)[nH]c(-c3cc(S(=O)(=O)N4CCN(C)CC4)ccc3OCC)nc12,0.87466776,test
COc1ccc([C@@H]2Sc3ccccc3N(CCN(C)C)C(=O)C2OC(C)=O)cc1,0.018817933,train
O=C(O)COCCN1CCN(C(c2ccccc2)c2ccc(Cl)cc2)CC1,0.23142731,test
CC(=O)N1CCN(c2ccc(OCC3COC(Cn4ccnc4)(c4ccc(Cl)cc4Cl)O3)cc2)CC1,0.045749363,test
CNCCCN1c2ccccc2CCc2ccccc21,0.93590164,test
Cc1nc2n(c(=O)c1CCN1CCC(c3noc4cc(F)ccc34)CC1)CCCC2,0.99472696,train
CCOc1ccc(Cc2cc(C3CCN(C[C@H]4CN(C(C(=O)O)[C@@H](C)CC)C[C@@H]4c4cccc(F)c4)CC3)n(CC)n2)cc1,0.10692911,train
CC[C@H]1OC(=O)C(C)[C@@H](O[C@H]2C[C@@](C)(OC)[C@@H](O)[C@H](C)O2)[C@H](C)[C@@H](O[C@@H]2O[C@H](C)C[C@H](N(C)C)[C@H]2O)[C@](C)(OC)CC(C)C(=O)C(C)[C@@H](O)[C@]1(C)O,0.35301352,train
CCOC(=O)C1=C(C)N=C(C)C(C(=O)OC)C1c1cccc([N+](=O)[O-])c1,0.3058149,train
O=C(CCCN1CC=C(n2c(=O)[nH]c3ccccc32)CC1)c1ccc(F)cc1,0.9170669,train
CC[C@@H](C)C(C(=O)O)N1C[C@H](CN2CCC(c3cc(Cc4ccc(OC(C)(C)C)cc4)nn3CC)CC2)[C@@H](c2cccc(F)c2)C1,0.041479047,train
CN1CCCCC1CCN1c2ccccc2Sc2ccc([S+](C)[O-])cc21,0.99835485,train
COc1ccc(C2CCN(CCC3CCOc4ccccc43)CC2)cc1OC,0.97342896,test
CCn1nc(Cc2ccc(-c3ccccc3)cc2)cc1C1CCN(C[C@H]2CN(C(C(=O)O)C(C)(C)C)C[C@@H]2c2cccc(F)c2)CC1,0.5309393,train
NC1=NCC2c3ccccc3Cc3ccccc3N12,0.19351648,train
Cc1cc2c(s1)Nc1ccccc1N=C2N1CCN(C)CC1,0.96243703,train
CCn1nc(Cc2ccc(OC(F)(F)F)cc2)cc1C1CCN(C[C@H]2CN(C(C(=O)O)C(C)(C)C)C[C@@H]2c2cccc(F)c2)CC1,0.78077954,train
O=C(NCC1CCCCN1)c1cc(OCC(F)(F)F)ccc1OCC(F)(F)F,0.9888033,train
CC[C@H](C)C(C(=O)O)N1C[C@H](CN2CCC(c3cc(Cc4ccc(OC5CCC5)cc4)nn3CC)CC2)[C@@H](c2cccc(F)c2)C1,0.61835724,train
CC[C@H](C)C(C(=O)O)N1C[C@H](CN2CCC(c3cc(Cc4ccc(-c5ccccc5)cc4)nn3CC)CC2)[C@@H](c2cccc(F)c2)C1,0.5277942,train
CCn1nc(Cc2ccc(-c3ccccc3)cc2)cc1C1CCN(C[C@H]2CN(C(C(=O)O)C3CCCCC3)C[C@@H]2c2cccc(F)c2)CC1,0.8029085,train
Oc1cc2cc(CCN3CCN(c4nsc5ccccc45)CC3)c(Cl)cc2[nH]1,0.9942491,val
O=C(O[C@H]1C[C@H]2CC3C[C@@H](C1)N2CC3=O)c1c[nH]c2ccccc12,0.014069659,train
Cc1cccc(CCN2CCC(C(=O)c3ccc(NS(C)(=O)=O)cc3)CC2)n1,0.9869949,train
Fc1ccc(Cn2c(NC3CCNCC3)nc3ccccc32)cc1,0.9956169,test
CN(C)CCCn1nc(C2=C(c3cn(-c4cccnc4)c4ccccc34)C(=O)NC2=O)c2ccccc21,0.8220438,val
CN(C)CCCn1nc(C2=C(c3cn(-c4ccc5ccccc5c4)c4ccccc34)C(=O)NC2=O)c2ccccc21,0.9333797,train
CN(C)CCCn1nc(C2=C(c3cn(-c4cncc5ccccc45)c4ccccc34)C(=O)NC2=O)c2ccccc21,0.92780215,val
CN(C)CCCn1nc(C2=C(c3cn(-c4cnc5ccccc5c4)c4ccccc34)C(=O)NC2=O)c2ccccc21,0.93488145,train
O=S(=O)(c1ccccc1)C1(F)CCN(CCc2ccc(F)cc2F)CC1,0.9980253,train
O=S(=O)(c1ccc(F)cc1)C1(F)CCN(CCc2ccc(F)cc2F)CC1,0.99882203,train
O=C1NC(=O)C(c2nn(CCCN3CCOCC3)c3ccccc23)=C1c1cn(-c2ccc3ccccc3c2)c2ccccc12,0.9000051,val
O=C1NC(=O)C(c2nn(CCCN3CCCC3)c3ccccc23)=C1c1cn(-c2ccc3ccccc3c2)c2ccccc12,0.9487136,val
N#Cc1ccc(S(=O)(=O)C2(F)CCN(CCc3ccc(F)cc3F)CC2)cc1,0.99905974,train
CN1CCN(CCCn2nc(C3=C(c4cn(-c5ccc6ccccc6c5)c5ccccc45)C(=O)NC3=O)c3ccccc32)CC1,0.93442863,train
O=C(CN1CCC(S(=O)(=O)c2ccccc2)CC1)c1ccc(F)cc1F,0.9614945,train
O=S(=O)(c1ccc(Cl)cc1)C1(F)CCN(CCc2ccc(F)cc2F)CC1,0.9993855,train
O=S(=O)(c1ccccc1F)C1(F)CCN(CCc2ccc(F)cc2F)CC1,0.99776006,train
O=S(=O)(c1ccc(N2CCC2)cc1)C1(F)CCN(CCc2ccc(F)cc2F)CC1,0.9973254,train
CN([C@H]1c2cc(OCCCC(F)(F)F)ccc2OC(C)(C)[C@@H]1O)S(C)(=O)=O,0.015520149,test
CC[C@H]1OC(=O)C(C)[C@@H](O[C@H]2C[C@@](C)(OC)[C@@H](O)[C@H](C)O2)[C@H](C)[C@@H](O[C@@H]2O[C@H](C)C[C@H](N(C)C)[C@H]2O)[C@](C)(O)CC(C)C(=O)C(C)[C@@H](O)[C@]1(C)O,0.3071424,train
CCCNCC(O)COc1ccc(O)cc1C(=O)CCc1ccccc1,0.31772548,train
NCC(O)COc1ccccc1C(=O)CCc1ccccc1,0.087756425,train
CCC[S+]([O-])CCCN(CC)CC(O)COc1ccc(C#N)cc1,0.87467736,train
CC(CC(c1ccccc1)c1ccccc1)NC(C)(C)C,0.75364685,train
CCCNCC(O)COc1ccccc1C(=O)CCc1ccccc1,0.6273259,train
COc1ccc(CCN(C)CCOc2ccc(NS(C)(=O)=O)cc2N)cc1OC,0.9918385,train
COc1ccc(CN(CCN(C)C)c2ccccn2)cc1,0.8528178,val
COc1ccc(CCNC(C)COc2c(C)cccc2C)cc1OC,0.9934663,train
c1ccc(C2(c3ccccc3)CC2C2=NCCN2)cc1,0.9905442,train
CCN(CC)CC#CCOC(=O)[C@](O)(c1ccccc1)C1CCCCC1,0.20283014,test
COc1cc2c(cc1OC)C1Cc3ccc(OC)c(OC)c3C(Cc3ccccc3)N1CC2,0.009705974,train
COC(=O)C1=C(C)N=C(C)C(C(=O)OCC(C)C)C1c1ccccc1[N+](=O)[O-],0.06252476,train
CCN(CC)CCNC(=O)c1ccc(NC(C)=O)cc1,0.1218411,train
CN1Cc2ccccc2[C@@H](c2ccccc2)N=C1CCc1ccccc1,0.9988949,train
O=C1NCN(c2ccccc2)C12CCN(CCCC(c1ccc(F)cc1)c1ccc(F)cc1)CC2,0.9970272,train
CCN(CC)CCCC(C)Nc1ccnc2cc(Cl)ccc12,0.9417446,train
CCCCN(CCCC)CC(O)c1cc(Cl)cc2c1-c1ccc(Cl)cc1/C2=C/c1ccc(Cl)cc1,0.9999099,val
NC(CC(=O)N1CCCC1C(=O)NCc1ccc(C(=O)O)cc1)Cc1ccc(F)c(F)c1,0.09750531,train
NC(CC(=O)N1CCCC1C(=O)NCc1ccc(C(F)(F)F)cc1)Cc1ccccc1F,0.11258791,train
CC(C)C(Oc1ccc(CNC(=O)C2CCCN2C(=O)CC(N)Cc2cc(F)ccc2F)cc1)C(=O)O,0.013788384,train
COC(=O)Cc1ccc(CNC(=O)C2CSCN2C(=O)CC(N)Cc2ccccc2F)cc1,0.04431993,test
NCc1ccc(F)c(C2CCN(C(=O)c3cccc(-c4nc(-c5cccs5)no4)c3)CC2)c1,0.40022144,train
NCc1ccc(F)c(C2CCN(C(=O)c3cc(C(=O)O)cc(-c4nc(-c5cccs5)no4)c3)CC2)c1,0.1253481,train
NCc1ccc(F)c(C2CCN(C(=O)c3cc(C(N)=O)cc(-c4nc(-c5cccs5)no4)c3)CC2)c1,0.21448769,train
CC(c1ccc(-c2ccc(F)cc2)cc1)C(N)C(=O)N1CC[C@H](F)C1,0.6390481,train
O=C(O)C(CC1CCC1)N1C[C@H](CN2CCC(c3cnc4ccccn34)CC2)[C@@H](c2cccc(F)c2)C1,0.36820138,train
CC(c1ccc(-c2cccc(-c3nn[nH]n3)c2)cc1)C(N)C(=O)N1CC[C@H](F)C1,0.061349396,train
CC(c1ccc(-c2cccc(-c3nc(=O)o[nH]3)c2)cc1)C(N)C(=O)N1CC[C@H](F)C1,0.06139133,test
COc1ccc([C@@H](O)C[C@H]2c3cc(OC)c(OC)cc3CCN2C)cc1,0.7913306,train
COc1cc2c(cc1OC)[C@H](C[C@H](O)c1ccc(Cl)cc1)N(C)CC2,0.91188926,train
COc1cccc(CN2CCCCCCC2)c1OCc1csc(-c2ccccc2)n1,0.9969663,train
COc1cccc(CN2CCCCCCC2)c1OCc1csc(-c2ccc(Cl)cc2)n1,0.9990748,train
Clc1ccc(-c2nc(COc3ccccc3CN3CCCCCCC3)cs2)cc1,0.99891365,train
Cc1cccc(C)c1NC(=O)CN1CCN(CCCC(c2ccc(F)cc2)c2ccc(F)cc2)CC1,0.9942932,val
Cc1ccc(O)c([C@H](CCN(C(C)C)C(C)C)c2ccccc2)c1,0.73558176,train
Cc1nc2n(c(=O)c1CCN1CCC(C3NOc4cc(F)ccc43)CC1)CCCC2,0.991888,test
COc1cccc(C(=O)N2CCCC2)c1OCc1csc(-c2ccc(Cl)cc2)n1,0.9982028,train
O=C(c1ccccc1OCc1csc(-c2ccc(Cl)cc2)n1)N1CCCC1,0.99769294,train
O=c1[nH]c2ccccc2n1CCCN1CCC(n2c(=O)[nH]c3cc(Cl)ccc32)CC1,0.94904727,test
CCC(=O)N(c1ccccc1)C1CCN(CCc2ccccc2)CC1,0.95610774,train
CC(C)(C)c1ccc(C(=O)CCCN2CCC(OC(c3ccccc3)c3ccccc3)CC2)cc1,0.9131376,val
CN1C2CCCC1CC(NC(=O)c1nn(C)c3ccccc13)C2,0.38621613,test
CO[C@@]12CC[C@@]3(C[C@@H]1[C@](C)(O)C(C)(C)C)[C@H]1Cc4ccc(O)c5c4[C@@]3(CCN1CC1CC1)[C@H]2O5,0.99723935,train
CCC(=O)C(CC(C)N(C)C)(c1ccccc1)c1ccccc1,0.97777903,train
C/C=C1/N(C)C(C)CC1(c1ccccc1)c1ccccc1,0.9993487,test
O=c1cc(NC2CCN(Cc3ccc4c(c3)OCO4)CC2)c2cc(Cl)ccc2o1,0.95371604,train
CC(C)(C)C1CCC2(CC1)CCN(c1ccc(OC(F)(F)F)cc1)C(=O)N2Cc1ccc(C(=O)Nc2nn[nH]n2)cc1,0.53313667,test
COc1ccc(OC(F)(F)F)cc1CN[C@H]1CCCN[C@H]1c1ccccc1,0.965195,train
O=c1[nH]nc(C2CC3(c4ccccc4)NC2CCC3NCc2cc(OC(F)(F)F)ccc2OC2CC2)[nH]1,0.96384996,test
O=C(O)C1CC2(c3ccc(F)cc3)NC1CCC2NCc1cc(OC(F)(F)F)ccc1OC1CC1,0.44527864,train
O=S(=O)(NCC1CC2(c3ccc(F)cc3)NC1CCC2NCc1cc(OC(F)(F)F)ccc1OC1CC1)c1ccccc1,0.99841714,test
CS(=O)(=O)NCC1CC2(c3ccc(F)cc3)NC1CCC2NCc1cc(OC(F)(F)F)ccc1OC1CC1,0.9886076,train
OCC1CC2(c3ccccc3)NC1CCC2NCc1cc(OC(F)(F)F)ccc1OC1CC1,0.9890781,train
FC(F)(F)Oc1ccc(Cl)c(CNC2CCC3CCC2(c2ccccc2)N3)c1,0.9821363,train
FC(F)(F)Oc1ccc(OC2CC2)c(CNC2CCC3CCC2(c2ccccc2)N3)c1,0.9969645,train
COc1ccc(OC(F)(F)F)cc1CNC1CCC2CCC1(c1ccccc1)N2,0.99171406,train
CN(C)[C@H]1CC[C@](c2ccccc2)(N2CCC(c3cc(C(F)(F)F)cc(C(F)(F)F)c3)C2=O)CC1,0.9925545,val
CC(C(=O)N[C@]1(c2ccccc2)CC[C@@H](N2CCN(c3ccccc3)C(=O)C2)CC1)c1cc(C(F)(F)F)cc(C(F)(F)F)c1,0.9845584,train
CC(C(=O)N[C@]1(c2ccccc2)CC[C@@H](N2CCC3(CCOC3)CC2)CC1)c1cc(C(F)(F)F)cc(C(F)(F)F)c1,0.9999298,train
COC1(c2cc(C(F)(F)F)cc(C(F)(F)F)c2)CCN([C@]2(c3ccccc3)CC[C@@H](N3CCC4(CCOC4)CC3)CC2)C1=O,0.99995935,train
CC1(c2cc(C(F)(F)F)cc(C(F)(F)F)c2)CCN([C@]2(c3ccccc3)CC[C@@H](N3CCN(c4ccccc4Cl)C(=O)C3)CC2)C1=O,0.97349113,train
CC1(c2cc(C(F)(F)F)cc(C(F)(F)F)c2)CCN([C@]2(c3ccccc3)CC[C@@H](N3CCN(c4ccccc4)C(=O)C3)CC2)C1=O,0.9793394,train
CC1(c2cc(C(F)(F)F)cc(C(F)(F)F)c2)CCN([C@]2(c3ccccc3)CC[C@@H](N3CCC4(CCOC4)CC3)CC2)C1=O,0.9999509,train
O=C1N([C@]2(c3ccccc3)CC[C@@H](N3CCC4(CCOC4)CC3)CC2)CCC1(O)c1cc(C(F)(F)F)cc(C(F)(F)F)c1,0.9997602,train
O=C1CN([C@H]2CC[C@](c3ccccc3)(N3CCCC(c4cc(C(F)(F)F)cc(C(F)(F)F)c4)C3=O)CC2)CCN1c1ccccc1,0.9926375,val
O=C1CN([C@H]2CC[C@](c3ccccc3)(N3CCC(c4cc(C(F)(F)F)cc(C(F)(F)F)c4)C3=O)CC2)CCN1c1ccccc1,0.97283494,train
O=C1C(c2cc(C(F)(F)F)cc(C(F)(F)F)c2)CCCN1[C@]1(c2ccccc2)CC[C@@H](N2CCC3(CCOC3)CC2)CC1,0.9999758,test
O=C1C(c2cc(C(F)(F)F)cc(C(F)(F)F)c2)CCN1[C@]1(c2ccccc2)CC[C@@H](N2CCC3(CCOC3)CC2)CC1,0.99993646,train
CC(c1ccc(-c2ccc(=O)[nH]c2)cc1)C(N)C(=O)N1CC[C@H](F)C1,0.10807362,test
O=C(C(O)C1CC1)N1CC(c2cc(F)ccc2F)=C[C@H]1c1ccccc1,0.87772214,test
CC(C)(C)C(NC(=O)OCCO)C(=O)N1CC(c2cc(F)ccc2F)=C[C@H]1c1ccccc1,0.012340051,train
CC(C)C(N)C(=O)N1CC(c2cc(F)ccc2F)=C[C@H]1c1ccccc1,0.81978786,train
CC(C)(CN)C(=O)N1CC(c2cc(F)ccc2F)=C[C@H]1c1ccccc1,0.8105035,train
CN(C(=O)N1CC(c2cc(F)ccc2F)=CC1c1cccc(O)c1)C1CCNCC1,0.4368229,train
CN(C)C(=O)N1CC(c2cc(F)ccc2F)=C[C@H]1c1cccc(O)c1,0.20994656,train
CC(C)C(N)C(=O)N1CC(c2cc(F)ccc2F)=C[C@H]1c1cccc(O)c1,0.57290614,train
FC(F)(F)c1cc(COC2CCC3CCC2(c2ccccc2)N3)cc(C(F)(F)F)c1,0.9956232,test
C[C@@H](OC1CCC2NC1(c1ccccc1)CC2c1nnnn1C)c1cc(C(F)(F)F)cc(C(F)(F)F)c1,0.98602235,train
C[C@@H](OC1CCC2NC1(c1ccccc1)CC2c1nnn(C)n1)c1cc(C(F)(F)F)cc(C(F)(F)F)c1,0.9930791,train
Cn1nnnc1C1CC2(c3ccccc3)NC1CCC2OCc1cc(C(F)(F)F)cc(C(F)(F)F)c1,0.9229135,train
Cn1nnc(C2CC3(c4ccccc4)NC2CCC3OCc2cc(C(F)(F)F)cc(C(F)(F)F)c2)n1,0.9605568,train
C[C@@H](OC1CCC2NC1(c1ccccc1)CC2S(=O)(=O)c1ccccc1)c1cc(C(F)(F)F)cc(C(F)(F)F)c1,0.99971443,train
O=S(=O)(c1ccccc1)C1CC2(c3ccccc3)NC1CCC2OCc1cc(C(F)(F)F)cc(C(F)(F)F)c1,0.99872965,train
COc1ccc(Br)cc1CCc1c(Cl)cccc1C(=O)N=C(N)N,0.96936697,train
COc1ccc(Br)cc1CCc1c(Cl)cccc1C1=NCCN1,0.9945081,val
COc1ccccc1Oc1cccc(CN2CCC(NC(=O)C3(c4ccccc4)CCNCC3)CC2)c1,0.7604783,val
O=c1cc(NC2CCN(Cc3ccc4c(c3)OCO4)CC2)c2cc(Cl)ccc2[nH]1,0.97233015,train
Cn1c(=O)nc(NC2CC3CCC(C2)N3Cc2ccc3c(c2)OCO3)c2cc(Cl)ccc21,0.9804064,train
O=c1nc(NC2CC3CCC(C2)N3Cc2ccc3c(c2)OCO3)c2cc(Cl)ccc2n1CC(F)(F)F,0.9841043,train
CCCCCn1c(=O)nc(NC2CCN(Cc3ccc4c(c3)OCO4)CC2)c2cc(Cl)ccc21,0.99654716,train
O=c1nc(NC2CCN(Cc3ccc4c(c3)OCO4)CC2)c2cc(Cl)ccc2n1CC(F)(F)F,0.99083674,train
O=c1nc(NC2CCN(Cc3ccc4ccccc4c3)CC2)c2cc(Cl)ccc2n1CC(F)(F)F,0.99048,train
Cn1c(=O)nc(NC2CCN(Cc3ccc4ncccc4c3)CC2)c2cc(Cl)ccc21,0.96526515,test
Cn1c(=O)nc(NC2CCN(Cc3ccc4c(c3)OCO4)CC2)c2cc(Cl)ccc21,0.9896427,train
Cn1c(=O)nc(NC2CCN(Cc3ccc4ccccc4c3)CC2)c2cc(Cl)ccc21,0.9894818,train
COC(=O)c1c(NC2CCN(Cc3ccc4c(c3)OCO4)CC2)c2cc(Cl)ccc2n(C)c1=O,0.98382694,train
N#Cc1c(NC2CCN(Cc3ccc4c(c3)OCO4)CC2)c2cc(Cl)ccc2[nH]c1=O,0.9658661,train
O=c1cc(NC2CCN(Cc3ccc4c(c3)OCO4)CC2)c2cc(Cl)ccc2n1Cc1ccccn1,0.9955206,test
O=c1cc(NC2CCN(Cc3ccc4ccccc4c3)CC2)c2cc(Cl)ccc2n1Cc1ccccn1,0.9953436,train
O=c1cc(NC2CCN(Cc3ccc4c(c3)OCO4)CC2)c2cc(Cl)ccc2n1Cc1ccncc1,0.996682,val
O=c1cc(NC2CCN(Cc3ccc4c(c3)OCO4)CC2)c2cc(Cl)ccc2n1Cc1ccccc1,0.99823403,val
Cn1c(=O)cc(NC2CCN(Cc3ccc4c(c3)OCO4)CC2)c2cc(OC(F)(F)F)ccc21,0.98911977,train
COc1ccc2c(c1)c(NC1CCN(Cc3ccc4c(c3)OCO4)CC1)cc(=O)n2C,0.8340776,train
Cn1c(=O)cc(NC2CCN(Cc3ccc4ccccc4c3)CC2)c2cc(Cl)ccc21,0.96967196,train
Cn1c(=O)cc(NC2CCN(C/C=C/c3ccccc3)CC2)c2cc(Cl)ccc21,0.9912683,train
C[C@@H](O[C@H]1CCn2ccnc2C[C@@H]1c1ccc(F)cc1)c1cc(C(F)(F)F)cc(C(F)(F)F)c1,0.9930447,train
C[C@@H](O[C@H]1CCc2nccn2C[C@@H]1c1ccc(F)cc1)c1cc(C(F)(F)F)cc(C(F)(F)F)c1,0.9888993,train
C[C@@H](O[C@H]1CCC(=O)N(C)[C@@H](C)[C@@H]1c1ccc(F)cc1)c1cc(C(F)(F)F)cc(C(F)(F)F)c1,0.99713385,train
CC1C[C@H](O[C@H](C)c2cc(C(F)(F)F)cc(C(F)(F)F)c2)[C@@H](c2ccc(F)cc2)CN(C)C1=O,0.99965405,train
CC1C[C@H](O[C@H](C)c2cc(C(F)(F)F)cc(C(F)(F)F)c2)[C@@H](c2ccc(F)cc2)CNC1=O,0.99242204,train
C[C@@H]1C[C@H](O[C@H](C)c2cc(C(F)(F)F)cc(C(F)(F)F)c2)[C@@H](c2ccc(F)cc2)CC(=O)N1,0.9674677,train
O=S(=O)(c1ccc(F)cc1)N1CCN(CCc2ccc(F)cc2F)CC1,0.98969054,test
N#Cc1c[nH]c2c(C(=O)N3CCN(CCc4ccc(F)cc4F)CC3)cccc12,0.9220784,test
O=C(NC1CC1)c1cc(NCc2cnc(Nc3ccccn3)s2)c(F)cc1F,0.027844781,train
CNC1CCN(c2ccc(NC(=O)c3ccc(-c4ccccc4)cc3)cn2)C1,0.74109995,train
CCOc1ccccc1C[C@H](c1ccccc1)N1CCNCC1,0.07591798,train
O=C(NC1CCN(Cc2ccc3c(c2)OCO3)CC1)c1cc(=O)c2cc(F)c(F)cc2o1,0.37746686,test
COc1ccc2c(=O)n(CC(O)CO)c(C#N)c(-c3cccc(F)c3)c2c1,0.05465621,train
COc1ccc2c(=O)n(CC(O)CO)c(C#N)c(-c3cccc(C(F)(F)F)c3)c2c1,0.090578,train
COc1ccc2c(=O)n(C[C@@H](O)CO)c(C#N)c(-c3ccccc3)c2c1,0.02923716,train
COc1ccc2c(=O)n(CC(CO)NCc3cccnc3)c(C#N)c(-c3ccccc3)c2c1,0.24951492,train
COCCN(C)CCn1c(C#N)c(-c2cccc(F)c2)c2cc(OC)ccc2c1=O,0.916911,train
COc1ccc2c(=O)n(CCO)c(C#N)c(-c3cccc(F)c3)c2c1,0.20560524,train
COc1ccc2c(-n3cnc(C)c3)nc(C#N)c(-c3cccc(F)c3)c2c1,0.9128789,val
COc1ccc2c(NC[C@H](O)CO)nc(C#N)c(-c3ccccc3)c2c1,0.03322408,train
COc1ccc2c(OC[C@H](O)CO)nc(C#N)c(-c3ccccc3)c2c1,0.0076090195,train
COc1ccc2c(=O)n(C)c(CN(C)C)c(-c3ccccc3)c2c1,0.7274119,train
O=C(NC1CCN(Cc2ccc3occc3c2)CC1)c1cc(=O)c2ccc(F)cc2o1,0.26642066,val
O=C(NC1CCN(Cc2ccc3sccc3c2)CC1)c1cc(=O)c2ccc(F)cc2o1,0.7765099,train
O=C(NC1CCN(Cc2ccc3[nH]ccc3c2)CC1)c1cc(=O)c2ccc(F)cc2o1,0.32144633,val
O=C(NC1CCN(Cc2ccc3cc[nH]c3c2)CC1)c1cc(=O)c2ccc(F)cc2o1,0.34800586,train
O=C(NC1CCN(Cc2ccc3ncoc3c2)CC1)c1cc(=O)c2ccc(F)cc2o1,0.12173589,train
CCc1nc2ccc(CN3CCC(NC(=O)c4cc(=O)c5ccc(F)cc5o4)CC3)cc2o1,0.2245742,train
CCc1nc2cc(CN3CCC(NC(=O)c4cc(=O)c5ccc(F)cc5o4)CC3)ccc2o1,0.2240885,test
O=C(NC1CCN(Cc2ccc3oc(=O)[nH]c3c2)CC1)c1cc(=O)c2ccc(F)cc2o1,0.07314232,train
O=C(NC1CCN(Cc2ccc3oc(=O)oc3c2)CC1)c1cc(=O)c2ccc(F)cc2o1,0.034534745,train
O=C1COc2ccc(CN3CCC(NC(=O)c4cc(=O)c5ccc(F)cc5o4)CC3)cc2N1,0.16320398,val
O=C(NC1CCN(Cc2ccc3ccc(=O)[nH]c3c2)CC1)c1cc(=O)c2ccc(F)cc2o1,0.14953446,train
Cn1c(=O)ccc2ccc(CN3CCC(NC(=O)c4cc(=O)c5ccc(F)cc5o4)CC3)cc21,0.113052994,train
O=C(NC1CCN(Cc2ccc3ccc(=O)oc3c2)CC1)c1cc(=O)c2ccc(F)cc2o1,0.07838791,test
CC(=O)Nc1cccc(CN2CCC(NC(=O)c3cc(=O)c4ccc(F)cc4o3)CC2)c1,0.13321035,train
O=C(NC1CCN(C2CCc3cc4c(cc32)OCO4)CC1)c1cc(=O)c2cc(F)ccc2o1,0.19098407,train
O=C(NC1CCN(C2CCc3c2ccc2c3OCO2)CC1)c1cc(=O)c2cc(F)ccc2o1,0.11805851,val
O=C(NC1CCN(C2CCc3cc4oc(=O)[nH]c4cc32)CC1)c1cc(=O)c2ccc(F)cc2o1,0.024963304,train
O=C1COc2cc3c(cc2N1)C(N1CCC(NC(=O)c2cc(=O)c4ccc(F)cc4o2)CC1)CC3,0.051855557,test
CC(=O)Nc1ccc2c(c1)C(N1CCC(NC(=O)c3cc(=O)c4ccc(F)cc4o3)CC1)CC2,0.049693223,test
CN(C)Cc1ccc2c(c1)CC[C@H](N(C)C(=O)c1ccc(-c3ccc(F)cc3)cc1)C2,0.50198996,train
CN(C)Cc1ccc2c(c1)CC[C@H](N(C)C(=O)c1ccc(-c3ccc(Cl)cc3)cn1)C2,0.71852523,train
CN(C)Cc1ccc2c(c1)CC[C@H](N(C)C(=O)c1ccc(-c3ccc(Cl)cc3)nc1)C2,0.6520784,train
CN(C)Cc1ccc2c(c1)CC[C@H](N(C)C(=O)c1ccc(-c3ccc(F)cc3)cn1)C2,0.3576541,train
CN(C)Cc1ccc2c(c1)CC[C@H](N(C)C(=O)c1ccc(-c3ccc(F)cc3)nc1)C2,0.28733087,train
CN(C)Cc1ccc2c(c1)CC[C@H](N(C)C(=O)c1ccc(-c3ccc(Cl)cn3)cc1)C2,0.68550533,train
CN(C)Cc1ccc2c(c1)CC[C@H](N(C)C(=O)c1ccc(-c3ccccc3)cn1)C2,0.22329329,train
CN(C)Cc1ccc2c(c1)CC[C@H](N(C)C(=O)c1ccc(-c3ccccn3)cc1)C2,0.16785589,train
CN(CC(=O)N(C)C)Cc1ccc2c(c1)CC[C@H](N(C)C(=O)c1ccc(-c3ccc(F)cc3)cc1)C2,0.22957626,train
CN(C)C(=O)C1CCCN1Cc1ccc2c(c1)CC[C@H](N(C)C(=O)c1ccc(-c3ccc(F)cc3)cc1)C2,0.2928179,test
CN(C(=O)c1ccc(-c2ccc(F)cc2)cc1)[C@H]1CCc2cc(CN3CCN(C(N)=O)CC3)ccc2C1,0.30967683,train
CCN(CC)Cc1ccc2c(c1)CC[C@H](N1CCN(CCc3cccc(C(F)(F)F)c3)CC1=O)C2,0.95173734,test
CCN(CC)Cc1ccc2c(c1)CC[C@H](N1CCN(CCC3CCCS3)CC1=O)C2,0.22719839,train
O=C1CN(CCc2ccc(F)cc2)CCN1[C@H]1CCc2cc(CN3CCOCC3)ccc2C1,0.3301573,test
CN(C)C(=N)c1ccc(C(=O)Nc2ccc(Sc3ccccc3)cc2C(=O)Nc2ccc(Cl)cn2)cc1,0.99945396,train
Cc1cc(C(=O)Nc2ccc(-c3ccccc3CN3CCCCC3)cc2F)n(-c2cc3ccccc3cc2F)n1,0.9612688,test
CC(=N)N1CCC(Oc2ccc(N(Cc3ccc4ccc(C(=N)N)cc4c3)S(C)(=O)=O)cc2)CC1,0.9335301,train
C/C(=C(\F)C(=O)Nc1ccc(-c2ccccc2S(N)(=O)=O)cc1)c1cccc(C(=N)N)c1,0.1218871,val
Cc1cc(C(=O)Nc2ccc(C(=N)N3CCCC3)cc2)n(-c2cc3ccccc3cc2C#N)n1,0.85837054,train
CCOC(=O)C1CN(S(=O)(=O)c2cc3cc(Cl)ccc3[nH]2)CC(=O)N1Cc1ccc(C(=N)N(C)C)cc1,0.51193285,train
CN1CCN=C1c1ccc(C(=O)N2CCN(S(=O)(=O)c3cc4ccc(Cl)cc4s3)CC2CC(=O)N2CCOCC2)cc1,0.10975066,val
CCOC(=O)C1CCN(c2cc(C(=N)N(C)C)ccc2C(=O)Nc2ccc(OC)cc2C(=O)Nc2ccc(Cl)cn2)CC1,0.903672,train
COc1ccc(NC(=O)c2ccc(C(=N)N(C)C)cc2N2CCCCC2)c(C(=O)Nc2ccc(Cl)cn2)c1,0.7962137,train
CN(C)C(=N)c1ccc(C(=O)Nc2ccc(Cl)cc2C(=O)Nc2ccc(Cl)cn2)c(N2CCCC(C(=O)O)C2)c1,0.56786674,train
CN(C)C(=N)c1ccc(C(=O)Nc2ccc(Cl)cc2C(=O)Nc2ccc(Cl)cn2)c(N2CCCCC2)c1,0.941503,train
CN(CCCC(=O)O)C(=N)c1ccc(C(=O)Nc2ccc(Cl)cc2C(=O)Nc2ccc(Cl)cn2)cc1,0.5065989,train
CN(CC(=O)O)C(=N)c1ccc(C(=O)Nc2ccc(Cl)cc2C(=O)Nc2ccc(Cl)cn2)cc1,0.49790618,train
CN(C)C(=N)c1ccc(C(=O)Nc2ccc(Cl)cc2C(=O)Nc2ccc(Cl)cn2)cc1,0.9147779,train
CCOC(=O)C1CCN(C(=N)c2ccc(C(=O)Nc3c(OC)cc(Cl)cc3C(=O)Nc3ccc(Cl)cn3)c(F)c2)CC1,0.9272068,train
CCOC(=O)C1CCN(C(=N)c2ccc(C(=O)Nc3ccc(Cl)cc3C(=O)Nc3ccc(Cl)cn3)cc2)CC1,0.94298714,train
CCOC(=O)C1CCCN(C(=N)c2ccc(C(=O)Nc3ccc(Cl)cc3C(=O)Nc3ccc(Cl)cn3)cc2)C1,0.95799,train
CCOC(=O)COc1ccc(NC(=O)c2ccc(C(=N)N(C)C)cc2)c(C(=O)Nc2ccc(Cl)cn2)c1,0.8507178,train
COC(=O)CCc1ccc(NC(=O)c2ccc(C(=N)N(C)C)cc2)c(C(=O)Nc2ccc(Cl)cn2)c1,0.8159011,train
COC(=O)c1ccc(Oc2ccc(NC(=O)c3ccc(C(=N)N(C)C)cc3)c(C(=O)Nc3ccc(Cl)cn3)c2)cc1,0.9622328,test
CN(C)C(=N)c1ccc(C(=O)Nc2ccc(Sc3ccc(C(=O)O)cc3)cc2C(=O)Nc2ccc(Cl)cn2)cc1,0.9794573,train
CN(C)C(=N)c1ccc(C(=O)Nc2ccc(Sc3ccc(C(=O)N(C)C)cc3)cc2C(=O)Nc2ccc(Cl)cn2)cc1,0.99786574,train
COC(=O)c1ccc(Sc2ccc(NC(=O)c3ccc(C(=N)N(C)C)cc3)c(C(=O)Nc3ccc(Cl)cn3)c2)cc1,0.99972135,train
COC(=O)N(NC(=O)c1c(OCCN(C)C)c(-c2ccccc2)nc2ccccc12)c1ccccc1,0.978563,val
COC(=O)N(NC(=O)c1c(CN2CCN(C3(C)CCCCC3)CC2)c(-c2ccccc2)nc2c(F)cccc12)c1ccccc1,0.99412787,train
COC(=O)N(NC(=O)c1c(CN2CCNCC2)c(-c2ccccc2)nc2c(F)cccc12)c1ccccc1,0.962079,train
COC(=O)N(NC(=O)c1c(CC2CCN(C3CCOCC3)CC2)c(-c2ccccc2)nc2ccccc12)c1ccccc1,0.9819147,train
COC(=O)N(NC(=O)c1c(CC2CCNCC2)c(-c2ccccc2)nc2ccccc12)c1ccccc1,0.971494,train
COC(=O)N(NC(=O)c1c(CN2CCN(S(=O)(=O)c3ccccc3)CC2)c(-c2ccccc2)nc2ccccc12)c1ccccc1,0.9957722,val
COC(=O)N(NC(=O)c1c(CN2CCN(Cc3ccccc3)CC2)c(-c2ccccc2)nc2ccccc12)c1ccccc1,0.9965983,train
COC(=O)N(NC(=O)c1c(CN2CCN(C3CCSCC3)CC2)c(-c2ccccc2)nc2ccccc12)c1ccccc1,0.9935701,train
COC(=O)N(NC(=O)c1c(CN2CCN(C3CCOCC3)CC2)c(-c2ccccc2)nc2ccccc12)c1ccccc1,0.9717863,test
COC(=O)N(NC(=O)c1c(CN2CCN(C3CCCCC3)CC2)c(-c2ccccc2)nc2ccccc12)c1ccccc1,0.9884239,train
COC(=O)N(NC(=O)c1c(CN2CCN(C(C)C)CC2)c(-c2ccccc2)nc2ccccc12)c1ccccc1,0.953382,train
COC(=O)N(NC(=O)c1c(CN2CCN(C)CC2)c(-c2ccccc2)nc2ccccc12)c1ccccc1,0.973005,train
COC(=O)N(NC(=O)c1c(CN2CCNCC2)c(-c2ccccc2)nc2ccccc12)c1ccccc1,0.9395892,train
COC(=O)N(NC(=O)c1c(CN2CCCCC2)c(-c2ccccc2)nc2ccccc12)c1ccccc1,0.97418207,test
COC(=O)N(NC(=O)c1c(OC2CCN(C(C)(C)C)CC2)c(-c2ccccc2)nc2ccccc12)c1ccccc1,0.99525166,val
COC(=O)N(NC(=O)c1c(OC2CCN(C3CCOCC3)CC2)c(-c2ccccc2)nc2ccccc12)c1ccccc1,0.9849481,train
c1ccc(COc2ccc(CCNc3ccncc3)cc2)cc1,0.98272884,test
CC#Cc1cc(-c2[nH]nc3c2Cc2cc(CN4CCN(C)CC4)ccc2-3)cs1,0.95918804,train
CN1CCN(Cc2ccc3c(c2)Cc2c(-c4csc(C#CCOc5ccc(CN6CCOCC6)cc5)c4)n[nH]c2-3)CC1,0.9638381,val
CCCC#Cc1cc(-c2[nH]nc3c2Cc2cc(CN4CCN(C)CC4)ccc2-3)cs1,0.9936128,train
COCC#Cc1cc(-c2[nH]nc3c2Cc2cc(CN4CCN(C)CC4)ccc2-3)cs1,0.9435256,train
CN1CCN(Cc2ccc3c(c2)Cc2c(-c4csc(C#CCCOc5ccccc5)c4)n[nH]c2-3)CC1,0.9938759,val
CN1CCN(Cc2ccc3c(c2)Cc2c(-c4csc(C#CCOc5ccccc5Cl)c4)n[nH]c2-3)CC1,0.9966252,train
CN1CCN(Cc2ccc3c(c2)Cc2c(-c4csc(C#CCOc5cccc(Cl)c5)c4)n[nH]c2-3)CC1,0.9981553,train
CN1CCN(Cc2ccc3c(c2)Cc2c(-c4csc(C#CCOc5ccc(Cl)cc5)c4)n[nH]c2-3)CC1,0.99781007,train
Cc1ccc(OCC#Cc2cc(-c3[nH]nc4c3Cc3cc(CN5CCN(C)CC5)ccc3-4)cs2)cc1C,0.9751226,train
CN1CCN(Cc2ccc3c(c2)Cc2c(-c4csc(C#CCOc5cccnc5)c4)n[nH]c2-3)CC1,0.946967,train
CN1CCN(Cc2ccc3c(c2)Cc2c(-c4csc(C#CCCc5ccccc5)c4)n[nH]c2-3)CC1,0.9965714,test
CN1CCN(Cc2ccc3c(c2)Cc2c(-c4csc(C#CCNc5ccccc5)c4)n[nH]c2-3)CC1,0.99556375,val
CN1CCN(Cc2ccc3c(c2)Cc2c(-c4csc(C#CCNC(=O)c5ccccc5)c4)n[nH]c2-3)CC1,0.9750888,train
CN1CCN(Cc2ccc3c(c2)Cc2c(-c4csc(C#CCNS(=O)(=O)c5ccccc5)c4)n[nH]c2-3)CC1,0.95756334,train
CN1CCN(Cc2ccc3c(c2)Cc2c(-c4csc(C#CCNC(=O)Oc5ccccc5)c4)n[nH]c2-3)CC1,0.9925614,train
CN1CCN(Cc2ccc3c(c2)Cc2c(-c4csc(C#CCNC(=O)Nc5ccccc5)c4)n[nH]c2-3)CC1,0.9579723,val
CN1CCN(c2ccc3c(c2)Cc2c(-c4csc(C#CCOc5ccccc5)c4)n[nH]c2-3)CC1,0.8699385,test
CN1CCN(CCc2ccc3c(c2)Cc2c(-c4csc(C#CCOc5ccccc5)c4)n[nH]c2-3)CC1,0.99869907,train
CC1CCN(Cc2ccc3c(c2)Cc2c(-c4csc(C#CCOc5ccccc5)c4)n[nH]c2-3)CC1,0.99683845,train
CN1CCC(Cc2ccc3c(c2)Cc2c(-c4csc(C#CCOc5ccccc5)c4)n[nH]c2-3)CC1,0.999119,val
NC(=O)N1CCN(Cc2ccc3c(c2)Cc2c(-c4csc(C#CCOc5ccccc5)c4)n[nH]c2-3)CC1,0.8776211,train
CN1CCN(C(=O)c2ccc3c(c2)Cc2c(-c4csc(C#CCOc5ccccc5)c4)n[nH]c2-3)CC1,0.62060523,val
C(#Cc1cc(-c2[nH]nc3c2Cc2cc(Cn4ccnc4)ccc2-3)cs1)COc1ccccc1,0.9929565,train
COCCOCC#Cc1cc(-c2[nH]nc3c2Cc2cc(CN4CCN(C)CC4)ccc2-3)cs1,0.9846614,train
CCC1(CN)CN(c2c(F)cc3c(=O)c(C(=O)O)cn(C4CC4)c3c2C)C1,0.03931962,train
Cc1c(N2CC[C@@H]([C@H](C)NCCC#N)C2)c(F)cc2c(=O)c(C(=O)O)cn(C3CC3)c12,0.027394898,train
Cc1c(N2CC[C@@H]([C@H](C)N)C2)c(F)cc2c(=O)c(C(=O)O)cn(C3CC3)c12,0.008484284,train
COc1c(N2CC[C@@H]([C@H](C)N)C2)ccc2c(=O)c(C(=O)O)cn(C3CC3)c12,0.012931576,train
COc1c(N2CC[C@@H](CN)C2)ccc2c(=O)c(C(=O)O)cn(C3CC3)c12,0.022786045,train
COc1c(N2CC[C@@H]([C@H](C)N)C2)c(F)cc2c(=O)c(C(=O)O)cn(C3CC3)c12,0.00747256,train
COc1c(N2CC[C@@H](CN)C2)c(F)cc2c(=O)c(C(=O)O)cn(C3CC3)c12,0.014000532,train
CN(C)c1ccc2c(c1)Cc1cc(N(C)C)ccc1C21OC(=O)c2cc(C(=O)NCCCCCCN(CCOc3ccc(NS(C)(=O)=O)cc3)CCc3ccc(NS(C)(=O)=O)cc3)ccc21,0.99896085,train
CS(=O)(=O)Nc1ccc(CCN(CCCCCCNC(=O)c2ccc3c(c2)C(=O)OC32c3ccc(O)cc3Cc3cc(O)ccc32)CCOc2ccc(NS(C)(=O)=O)cc2)cc1,0.9969559,train
CC1(C)C2=C3C=C4C5=[N+](CCC4OC3CCN2c2ccc(CCCCCC(=O)NCCCCCCN(CCOc3ccc(NS(C)(=O)=O)cc3)CCc3ccc(NS(C)(=O)=O)cc3)cc21)c1ccc(S(=O)(=O)[O-])cc1C5(C)C,0.9998392,test
CC1(C)C2=C3C=C4C5=[N+](CCC4OC3CCN2c2ccc(CCC(=O)NCCCCCCN(CCOc3ccc(NS(C)(=O)=O)cc3)CCc3ccc(NS(C)(=O)=O)cc3)cc21)c1ccc(S(=O)(=O)[O-])cc1C5(C)C,0.9986082,train
CC1(C)C2=C3CC4C5=[N+](CCC4OC3CCN2c2ccc(CC(=O)NCCCCCCN(CCOc3ccc(NS(C)(=O)=O)cc3)CCc3ccc(NS(C)(=O)=O)cc3)cc21)c1ccc(S(=O)(=O)[O-])cc1C5(C)C,0.99289674,val
CC1(C)C2=C3C=C4C5=[N+](CCC4OC3CCN2c2ccc(CC(=O)NCCCCCN(CCOc3ccc(NS(C)(=O)=O)cc3)CCc3ccc(NS(C)(=O)=O)cc3)cc21)c1ccc(S(=O)(=O)[O-])cc1C5(C)C,0.99681985,test
CC1(C)C2=C3C=C4C5=[N+](CCC4OC3CCN2c2ccc(CC(=O)NCCCCN(CCOc3ccc(NS(C)(=O)=O)cc3)CCc3ccc(NS(C)(=O)=O)cc3)cc21)c1ccc(S(=O)(=O)[O-])cc1C5(C)C,0.9943587,train
CC1(C)C2=C3C=C4C5=[N+](CCC4OC3CCN2c2ccc(CC(=O)NCCCN(CCOc3ccc(NS(C)(=O)=O)cc3)CCc3ccc(NS(C)(=O)=O)cc3)cc21)c1ccc(S(=O)(=O)[O-])cc1C5(C)C,0.99158746,val
CC1(C)C2=C3C=C4C5=[N+](CCC4OC3CCN2c2ccc(CC(=O)NCCN(CCOc3ccc(NS(C)(=O)=O)cc3)CCc3ccc(NS(C)(=O)=O)cc3)cc21)c1ccc(S(=O)(=O)[O-])cc1C5(C)C,0.9557671,test
CCN1CCCc2cc3c(cc21)OC1=CC2=[N+](CCCC(=O)N(CCOc4ccc(NS(C)(=O)=O)cc4)CCc4ccc(NS(C)(=O)=O)cc4)CCCC2=CC1N3,0.996763,train
CS(=O)(=O)Nc1ccc(CCN(CCOc2ccc(NS(C)(=O)=O)cc2)C(=O)c2ccc3c(c2)C(=O)OC32c3ccc(O)cc3Oc3cc(O)ccc32)cc1,0.8247726,train
CS(=O)(=O)Nc1ccc(CCN(CCOc2ccc(NS(C)(=O)=O)cc2)c2ccc([N+](=O)[O-])c3nonc23)cc1,0.9921882,train
N[C@H]1CN(c2ccncn2)CC[C@@H]1c1cc(F)c(F)cc1F,0.04543229,val
Cc1nnc2ccc(N3CC[C@H](c4cc(F)c(F)cc4F)[C@@H](N)C3)nn12,0.062281467,train
Cc1cc(=O)n2nc(N3CC[C@H](c4cc(F)c(F)cc4F)[C@@H](N)C3)ccc2n1,0.027918724,test
N[C@H]1CN(c2ccc3nc(=O)ccn3n2)CC[C@@H]1c1cc(F)c(F)cc1F,0.026299307,train
N[C@H]1CN(c2ccn3cnnc3n2)CC[C@@H]1c1cc(F)c(F)cc1F,0.026840765,train
N[C@H]1CN(c2ccc3nc(C(F)(F)F)nn3n2)CC[C@@H]1c1cc(F)c(F)cc1F,0.34544852,train
N[C@H]1CN(c2cnc3nccnc3n2)CC[C@@H]1c1cc(F)c(F)cc1F,0.031237228,val
N#Cc1ccc2c(c1)CCN(CC[C@H]1CC[C@H](NC(=O)c3ccnc4ccccc34)CC1)C2,0.9450757,train
Cc1ccc2c(-c3nnc(SCCC(C)N4CCc5ccc(-c6cc(C)nn6C)cc5CC4)n3C)cccc2n1,0.87974393,train
Cc1cc(-c2ccc3c(c2)CCN(CCSc2nnc(-c4ccc(F)c(F)c4)n2C)CC3)n(C)n1,0.69528675,test
Cc1cnc(-c2nnc(SCCN3CCc4ccc(-c5cc(C)nn5C)cc4CC3)n2C)cn1,0.064034246,val
Cc1ccc2c(-c3nnc(SCCN4CCc5ccc(-c6cc(C)nn6C)cc5CC4)n3C)cccc2n1,0.70241326,train
Cc1cc(-c2ccc3c(c2)CCN(CCCSc2nnc(-c4ocnc4C)n2C)CC3)n(C)n1,0.9050801,test
Cc1cc(-c2ccc3c(c2)CCN(CCCSc2nnc(-c4ccc(C(F)(F)F)cc4)n2C)CC3)n(C)n1,0.99803156,train
Cc1cc(-c2ccc3c(c2)CCN(CCCSc2nnc(-c4ccc(F)c(F)c4)n2C)CC3)n(C)n1,0.98618996,train
Cc1ccc2c(-c3nnc(SCCCN4CCc5ccc(-c6cc(C)nn6C)cc5CC4)n3C)cccc2n1,0.98666626,train
COc1ccc(-c2nnc(SCCCN3CCc4ccc(-c5cc(C)on5)cc4CC3)n2C)cn1,0.9961809,val
COc1ccc(-c2nnc(SCCCN3CCc4ccc(-c5cc(C)on5)cc4CC3)n2C)cc1,0.99753356,train
COc1ccccc1-c1nnc(SCCCN2CCc3ccc(-c4cc(C)on4)cc3CC2)n1C,0.99874026,train
Cc1cc(-c2ccc3c(c2)CCN(CCCSc2nnc(C4CCOCC4)n2C)CC3)no1,0.92045903,val
Cc1cc(-c2ccc3c(c2)CCN(CCCSc2nnc(C4CCC(C)CC4)n2C)CC3)no1,0.9984187,train
Cc1cc(-c2ccc3c(c2)CCN(CCCSc2nnc(C4CCCC4)n2C)CC3)no1,0.996554,val
Cc1cc(-c2ccc3c(c2)CCN(CCCSc2nnc(C(C)(C)C)n2C)CC3)no1,0.9918339,train
Cc1cc(-c2ccc3c(c2)CCN(CCCSc2nnc(C(C)C)n2C)CC3)no1,0.9944747,train
Cc1cc(-c2ccc3c(c2)CCN(CCCSc2nnc(C(F)(F)F)n2C)CC3)no1,0.8942375,train
Cc1cc(-c2ccc3c(c2)CCN(CCCSc2nnc(C)n2C)CC3)no1,0.9906537,train
Cc1cc(-c2ccc3c(c2)CCN(CCCSc2nnc(-c4cccc(F)c4)n2C)CC3)no1,0.9992386,train
Cc1cc(-c2ccc3c(c2)CCN(CCCSc2nnc(-c4ccc(Cl)c(Cl)c4)n2C)CC3)no1,0.99910647,train
Cc1cc(-c2ccc3c(c2)CCN(CCCSc2nnc(-c4ccc(Cl)cc4)n2C)CC3)no1,0.9995534,train
Cc1cc(-c2ccc3c(c2)CCN(CCCSc2nnc(-c4cccc(Cl)c4)n2C)CC3)no1,0.99954814,train
Cc1cc(-c2ccc3c(c2)CCN(CCCSc2nnc(-c4ccccc4Cl)n2C)CC3)no1,0.9992889,train
Cc1cc(-c2ccc3c(c2)CCN(CCCSc2nnc(-c4cccn4C)n2C)CC3)no1,0.9899753,train
Cc1cc(-c2ccc3c(c2)CCN(CCCSc2nnc(-c4cccs4)n2C)CC3)no1,0.9994174,train
Cc1cc(-c2ccc3c(c2)CCN(CCCSc2nnc(-c4ccncc4)n2C)CC3)no1,0.9927366,test
Cc1cc(-c2ccc3c(c2)CCN(CCCSc2nnc(-c4ccccn4)n2C)CC3)no1,0.9946189,train
Cc1ccc(-c2nnc(SCCCN3CCc4ccc(-c5cc(C)on5)cc4CC3)n2C)cc1,0.9988405,train
Cc1cc(-c2ccc3c(c2)CCN(CCCSc2nnc(-c4ccc(C(F)(F)F)cc4)n2C)CC3)no1,0.999724,train
Cc1cc(-c2ccc3c(c2)CCN(CCCSc2nnc(-c4ccc(C#N)cc4)n2C)CC3)no1,0.99943084,train
Cc1cc(-c2ccc3c(c2)CCN(CCCSc2nnc(-c4ccccc4)n2C)CC3)no1,0.9985153,train
Cc1cc(-c2ccc3c(c2)CCN(CCCSc2nnc(-c4ccc5nc(C)c(C)nc5c4)n2C)CC3)no1,0.96224815,val
Cc1ccc2c(-c3nnc(SCCCN4CCc5ccc(-c6cc(C)on6)cc5CC4)n3C)cccc2n1,0.99902713,test
Cc1cnc(-c2ccc3c(c2)CCN(CCCSc2nnc(-c4cccn4C)n2C)CC3)o1,0.736101,val
Cc1cnc(-c2ccc3c(c2)CCN(CCCSc2nnc(-c4ccc5[nH]ccc5c4)n2C)CC3)o1,0.7784971,train
Cc1cnc(-c2ccc3c(c2)CCN(CCCSc2nnc(-c4cc5ccccc5[nH]4)n2C)CC3)o1,0.91897076,val
Cc1cnc(-c2ccc3c(c2)CCN(CCCSc2nnc(-c4cccs4)n2C)CC3)o1,0.9854731,test
Cc1ccc2c(-c3nnc(SCCCN4CCc5ccc(-c6ncc(C)o6)cc5CC4)n3C)cccc2n1,0.9685109,val
Cc1nc(-c2cccc(C(=O)N[C@H]3CC[C@H](CCN4CCc5ccc(S(C)(=O)=O)cc5CC4)CC3)c2)no1,0.8084806,val
O=C1CCc2cc([C@@H](O)CN3CCC(O)(c4cccc(F)c4)CC3)ccc2N1,0.20150237,train
CN(C)C(=O)C(c1ccc(-c2ccc(F)cc2)cc1)C(N)C(=O)N1CC[C@H](F)C1,0.72817606,train
CN(C)C(=O)C(c1ccc(-c2ccc3ncnn3c2)cc1)C(N)C(=O)N1CC[C@H](F)C1,0.18382467,test
CCOc1cc(CN2CCC(NC(=O)c3cccc(S(C)(=O)=O)c3)CC2)ccc1Cl,0.7791855,test
O=C(c1ccccc1)N1CCN(c2ccc(OCCCN3CCCCC3)cc2)C(=O)C1,0.19501689,train
O=C(c1ccc(F)cc1F)N1CCN(c2ccc(OC3CCN(C4CCCC4)CC3)cc2)C(=O)C1,0.29537827,train
O=C(c1cc(F)cc(F)c1)N1CCN(c2ccc(OC3CCN(C4CCCC4)CC3)cc2)C(=O)C1,0.32167423,train
O=C(c1ccc(F)cc1)N1CCN(c2ccc(OC3CCN(C4CCCC4)CC3)cc2)C(=O)C1,0.25506654,train
O=C(c1ccc(Cl)cc1)N1CCN(c2ccc(OC3CCN(C4CCCC4)CC3)cc2)C(=O)C1,0.46479237,train
N#Cc1ccc(C(=O)N2CCN(c3ccc(OC4CCN(C5CCC5)CC4)cc3)C(=O)C2)cc1,0.37424356,train
O=C(c1ccc(Cl)cc1)N1CCN(c2ccc(OC3CCN(C4CCC4)CC3)cc2)C(=O)C1,0.5462499,train
C[C@H]1CCCN1CCCOc1ccc(N2CCN(C(=O)c3ccc(F)cc3F)CC2=O)cc1,0.11323616,train
C[C@H]1CCCN1CCCOc1ccc(N2CCN(C(=O)c3cc(F)cc(F)c3)CC2=O)cc1,0.1418726,train
C[C@H]1CCCN1CCCOc1ccc(N2CCN(C(=O)c3ccc(F)cc3)CC2=O)cc1,0.107973434,train
C[C@@H]1CCCN1CCCOc1ccc(N2CCN(C(=O)c3ccc(F)cc3F)CC2=O)cc1,0.17664593,train
C[C@@H]1CCCN1CCCOc1ccc(N2CCN(C(=O)c3cc(F)cc(F)c3)CC2=O)cc1,0.21654928,train
C[C@@H]1CCCN1CCCOc1ccc(N2CCN(C(=O)c3ccc(F)cc3)CC2=O)cc1,0.16808923,train
O=C(c1ccc(F)cc1F)N1CCN(c2ccc(OCCCN3CCCCCC3)cc2)C(=O)C1,0.26944503,train
O=C(c1cc(F)cc(F)c1)N1CCN(c2ccc(OCCCN3CCCCCC3)cc2)C(=O)C1,0.3186636,train
N#Cc1ccc(C(=O)N2CCN(c3ccc(OCCCN4CCCCCC4)cc3)C(=O)C2)cc1,0.3050818,train
O=C(c1ccc(F)cc1)N1CCN(c2ccc(OCCCN3CCCCCC3)cc2)C(=O)C1,0.25640252,train
O=C(c1cc(F)cc(F)c1)N1CCN(c2ccc(OCCCN3CCCC3)cc2)C(=O)C1,0.27220765,train
O=C(c1ccc(F)cc1)N1CCN(c2ccc(OCCCN3CCCC3)cc2)C(=O)C1,0.21495256,train
O=C(c1cc(F)cc(F)c1)N1CCN(c2ccc(OCCCN3CCCCC3)cc2)C(=O)C1,0.29434556,train
O=C(c1ccc(F)cc1)N1CCN(c2ccc(OCCCN3CCCCC3)cc2)C(=O)C1,0.23394486,train
Cc1ccc(C(=O)N2CCN(c3ccc(OCCCN4CCCCC4)cc3)C(=O)C2)cc1,0.23592874,train
CN1CCN(c2cccc3ccc(OCc4noc(-c5ccc(Cl)cc5)n4)cc23)CC1,0.96844417,train
OCC1CCCN(CCCC2CCCc3ccc(OCc4noc(-c5ccc(Cl)cc5)n4)cc32)C1,0.9893881,train
CCN(Cc1cccc(OCc2noc(-c3ccccc3F)n2)c1)C1CCN(C2CC(C)C(C)C2)C1,0.9952785,test
OCC1CCCN(CCCC2CCCc3ccc(OCc4ccc(-c5ccccc5F)cn4)cc32)C1,0.9332962,train
OCC1CCCN(CCCC2CCCc3ccc(OCc4noc(-c5ccccc5F)n4)cc32)C1,0.92747533,train
OCC1(NCCCC2CCc3ccc(OCc4noc(-c5ccc(Cl)cc5)n4)cc32)CCCC1,0.9939173,train
OCC1(N2CCN(C3CCc4ccc(OCc5noc(-c6ccccc6F)n5)cc43)CC2)CCCC1,0.9774355,train
Fc1ccccc1-c1nc(COc2ccc3c(c2)C(N2CCN(C4CCCC4)CC2)CC3)no1,0.8513407,train
OCC1(N2CCN(C3CCc4ccc(OCc5noc(-c6ccc(Cl)cc6)n5)cc43)CC2)CCCC1,0.99662673,train
CC1CC(N2CCN(C3CCc4ccc(OCc5noc(-c6ccc(Cl)cc6)n5)cc43)CC2)CC1C,0.9687594,train
CC(C)N1CCN(C2CCc3ccc(OCc4noc(-c5ccc(Cl)cc5)n4)cc32)CC1,0.88353646,val
[O-][S+](c1ccccc1)c1ccc(/C=C/c2ccc(F)cc2F)nc1,0.98446345,train
[O-][S+](c1ccccc1)c1ccc(/C=C/c2ccc(F)cc2)nc1,0.98627394,train
[O-][S+](c1ccc(/C=C/c2ccc(F)cc2)nc1)c1ccccc1F,0.9649082,train
O=S(=O)(c1ccccc1)c1ccc(/C=C/c2ccc(F)cc2F)nc1,0.9952878,train
COc1cc(F)ccc1/C=C/c1ccc(S(=O)(=O)c2ccccc2F)cn1,0.9952807,train
O=S(=O)(c1ccc(/C=C/c2ccccc2O)nc1)c1ccccc1F,0.9609228,train
O=S(=O)(c1ccc(/C=C/c2ccc(F)cc2O)nc1)c1ccccc1F,0.9772643,train
N#Cc1cc(F)ccc1/C=C/c1ccc(S(=O)(=O)c2ccccc2F)cn1,0.9937284,train
Cc1cc(F)ccc1/C=C/c1ccc(S(=O)(=O)c2ccccc2F)cn1,0.9892804,train
O=S(=O)(c1ccc(/C=C/c2ccc(F)cc2Cl)nc1)c1ccccc1F,0.9928698,train
O=S(=O)(c1ccc(/C=C/c2ccncc2)nc1)c1ccccc1F,0.96523875,test
O=S(=O)(c1ccc(F)cc1)c1ccc(/C=C/c2ccc(F)cc2)nc1,0.9965384,train
O=S(=O)(c1ccc(F)cc1)c1ccc(/C=C/c2ccc(F)cc2)cn1,0.83903104,val
O=S(=O)(c1ccc(F)cc1)c1ccc(CCc2ccc(F)cc2)nc1,0.99899465,train
O=S(=O)(c1ccc(F)cc1)c1ccc(CCc2ccc(F)cc2)cn1,0.9928832,test
O=C(CCN1CCCCC1)Nc1ccc(CN2CCC(NC(=O)c3cc(=O)c4ccc(F)cc4o3)CC2)cc1F,0.3606548,val
COc1cc(C(=O)NCCN2CCCC2)ccc1CN1CCC(NC(=O)c2cc(=O)c3ccc(F)cc3o2)CC1,0.32235506,train
O=C(NCCN1CCCC1)c1ccc(CN2CCC(NC(=O)c3cc(=O)c4ccc(F)cc4o3)CC2)c(Cl)c1,0.33819017,train
O=C(NCCN1CCC(F)(F)CC1)c1ccc(CN2CCC(NC(=O)c3cc(=O)c4ccc(F)cc4o3)CC2)cc1,0.40268445,train
O=C(NCCN1CCCCC1)c1ccc(CN2CCC(NC(=O)c3cc(=O)c4ccc(F)cc4o3)CC2)cc1,0.35931173,train
O=C(NC1CCN(Cc2ccc(OCCCn3c(O)csc3=O)c(F)c2)CC1)c1cc(=O)c2ccc(F)cc2o1,0.45131326,train
CC(C)CO/N=C/COc1ccc(CN2CCC(NC(=O)c3cc(=O)c4ccc(F)cc4o3)CC2)cc1F,0.98154885,train
CO/N=C/COc1ccc(CN2CCC(NC(=O)c3cc(=O)c4ccc(F)cc4o3)CC2)cc1F,0.9851664,train
O=C(NC1CCN(Cc2ccc(OCCCN(C3CC3)C3CC3)c(F)c2)CC1)c1cc(=O)c2ccc(F)cc2o1,0.4687481,train
O=C(NC1CCN(Cc2ccc(OCCCN3CCOCC3)c(F)c2)CC1)c1cc(=O)c2ccc(F)cc2o1,0.4995567,test
O=C(NC1CCN(Cc2ccc(OCC(F)(F)F)c(F)c2)CC1)c1cc(=O)c2ccc(F)cc2o1,0.8537497,train
COC(C)(C)CCOc1ccc(CN2CCC(NC(=O)c3cc(=O)c4ccc(F)cc4o3)CC2)cc1,0.83659315,train
O=C(NC1CCN(Cc2ccc(OCCCN3CCCCC3)c(F)c2)CC1)c1cc(=O)c2ccc(F)cc2o1,0.8480248,val
CN(C)CCCOc1ccc(CN2CCC(NC(=O)c3cc(=O)c4ccc(F)cc4o3)CC2)cc1F,0.56144965,train
CC(C1CCC(N(C)C(=O)C2CC2)CC1)C(N)C(=O)N1CC[C@H](F)C1,0.16435921,val
CC(C1CCC(N(C)C(=O)c2cccc(F)c2)CC1)C(N)C(=O)N1CC[C@H](F)C1,0.21103632,test
CC(C(O)c1ccc2[nH]c(=O)oc2c1)N1CCC(O)(c2ccc(F)cc2)CC1,0.43240082,val
CC(C(O)c1ccc2c(c1)CCC(=O)N2)N1CCC(O)(c2ccc(F)cc2)CC1,0.7386956,train
CC(C(O)c1ccc2c(c1)CN(C)C(=O)N2)N1CCC(O)(c2ccc(F)cc2)CC1,0.70122606,train
CC(C(O)c1ccc2c(c1)CNC(=O)N2)N1CCC(O)(c2ccc(F)cc2)CC1,0.76989555,train
CC(C(O)c1ccc2c(c1)OCC(=O)N2)N1CCC(O)(c2ccc(F)cc2)CC1,0.7213692,val
CC(C(O)c1ccc2c(c1)COC(=O)N2)N1CCC(O)(c2ccc(F)cc2)CC1,0.7777767,test
COc1cccc(C2(O)CCN(C(C)C(O)c3ccc4c(c3)CCC(=O)N4)CC2)c1,0.5066567,train
CC(C(O)c1ccc2c(c1)CCC(=O)N2)N1CCC(O)(c2cccc(F)c2)CC1,0.63715756,train
Cc1ccc(C2(O)CCN(C(C)C(O)c3ccc4c(c3)CCC(=O)N4)CC2)cc1,0.7303112,train
CC(C(O)c1ccc2c(c1)CCC(=O)N2)N1CCC(O)(c2ccc3c(c2)COCC3)CC1,0.18592057,val
O=C1CCc2cc(C(O)CN3CCC(O)(c4cccc(F)c4)CC3)ccc2N1,0.19858111,train
C[C@@H]([C@@H](O)c1ccc(O)cc1)N1CCC(O)(c2ccccc2)CC1,0.41826552,train
Cc1[nH]nc2c1c(=O)n(C[C@H](F)CN)c1cc(C3CCCCC3)c(C3CCCCC3)cc21,0.091831535,train
Cc1[nH]nc2c1c(=O)n(CCCN)c1cc(C3CCCCC3)c(C3CCCCC3)cc21,0.45246002,train
Nc1ccc(-c2ccccc2)cc1NC(=O)c1ccc(CNC(=O)OCc2cccnc2)cc1,0.19602294,val
Nc1ccc(-c2ccccc2)cc1NC(=O)c1ccc(CNC(=O)CCc2cccnc2)cc1,0.38431937,test
O=C(NC1CCc2ccc(CCN3CCN(c4nsc5ccccc45)CC3)cc21)C(F)(F)F,0.98652655,train
O=C(NC1CCc2cc(CCN3CCN(c4nsc5ccccc45)CC3)ccc21)c1cccnc1,0.9940597,train
O=C(NC1CCc2cc(CCN3CCN(c4nsc5ccccc45)CC3)ccc21)c1ccc(F)cc1,0.9981785,val
CC(C)C(=O)NC1CCc2cc(CCN3CCN(c4nsc5ccccc45)CC3)ccc21,0.9752181,train
O=C(NC1CCc2cc(CCN3CCN(c4nsc5ccccc45)CC3)ccc21)C1CC1,0.9934722,train
CCCC(=O)NC1CCc2cc(CCN3CCN(c4nsc5ccccc45)CC3)ccc21,0.993385,train
CCC(=O)NC1CCc2cc(CCN3CCN(c4nsc5ccccc45)CC3)ccc21,0.9765186,train
CC(=O)NC1CCc2cc(CCN3CCN(c4nsc5ccccc45)CC3)ccc21,0.97142684,train
O=C(NC1CCc2cc(CCN3CCN(c4nsc5ccccc45)CC3)ccc21)C(F)(F)F,0.98788923,train
O=C(NC1CCc2ccc(CCN3CCN(c4nsc5ccccc45)CC3)cc21)c1ccno1,0.99444616,test
O=C(NC1CCc2ccc(CCN3CCN(c4nsc5ccccc45)CC3)cc21)c1ccco1,0.99658316,val
O=C(CCc1ccccc1)NC1CCc2ccc(CCN3CCN(c4nsc5ccccc45)CC3)cc21,0.99729806,train
O=C(Cc1ccccc1)NC1CCc2ccc(CCN3CCN(c4nsc5ccccc45)CC3)cc21,0.99613523,test
O=C(NC1CCc2ccc(CCN3CCN(c4nsc5ccccc45)CC3)cc21)c1cccnc1,0.9933624,train
O=C(NC1CCc2ccc(CCN3CCN(c4nsc5ccccc45)CC3)cc21)c1ccc(F)cc1,0.99796426,train
O=C(NC1CCc2ccc(CCN3CCN(c4nsc5ccccc45)CC3)cc21)c1ccc(Cl)cc1,0.99941456,train
Cc1ccc(C(=O)NC2CCc3ccc(CCN4CCN(c5nsc6ccccc56)CC4)cc32)cc1,0.9979127,train
O=C(NC1CCc2ccc(CCN3CCN(c4nsc5ccccc45)CC3)cc21)c1ccccc1,0.99722195,train
CC(C)C(=O)NC1CCc2ccc(CCN3CCN(c4nsc5ccccc45)CC3)cc21,0.9722125,train
O=C(NC1CCc2ccc(CCN3CCN(c4nsc5ccccc45)CC3)cc21)C1CC1,0.9926676,test
CCCC(=O)NC1CCc2ccc(CCN3CCN(c4nsc5ccccc45)CC3)cc21,0.99274,train
CCC(=O)NC1CCc2ccc(CCN3CCN(c4nsc5ccccc45)CC3)cc21,0.974264,train
CC(=O)NC1CCc2ccc(CCN3CCN(c4nsc5ccccc45)CC3)cc21,0.96808136,train
NC1CCc2ccc(CCN3CCN(c4nsc5ccccc45)CC3)cc21,0.9957223,train
CC(C)[C@]1(C(=O)NCc2cc(C(F)(F)F)cc(C(F)(F)F)c2)CC[C@@H](N2CCC(c3ccc(F)cc3)CC2)C1,0.99909055,train
CC(C)[C@]1(C(=O)NCc2cc(C(F)(F)F)cc(C(F)(F)F)c2)CC[C@@H](N2CCC(c3cccc(C(=O)O)c3)CC2)C1,0.6296036,train
CC(C)[C@]1(C(=O)NCc2cc(C(F)(F)F)cc(C(F)(F)F)c2)CC[C@@H](N2CCC(c3ccncn3)CC2)C1,0.99659073,train
CC(C)(O)[C@]1(C(=O)NCc2cc(C(F)(F)F)cc(C(F)(F)F)c2)CC[C@@H](N2CCC(c3cc(Cl)ncn3)CC2)C1,0.8639048,train
CC(C)(O)[C@]1(C(=O)NCc2cc(C(F)(F)F)cc(C(F)(F)F)c2)CC[C@@H](N2CCC(c3cncnc3)CC2)C1,0.58924127,train
CC(C)[C@]1(C(=O)NCc2cc(C(F)(F)F)cc(C(F)(F)F)c2)CC[C@@H](N2CCC(c3cncnc3)CC2)C1,0.9917448,train
CC(C)(O)[C@]1(C(=O)NCc2cc(C(F)(F)F)cc(C(F)(F)F)c2)CC[C@@H](N2CCC(c3cccc(C(=O)O)c3)CC2)C1,0.20420493,train
CC(C)[C@]1(C(=O)NCc2cc(C(F)(F)F)cc(C(F)(F)F)c2)CC[C@@H](N2CCC(c3cccc(O)c3)CC2)C1,0.9967771,train
COc1cccc(C2CCN([C@@H]3CC[C@@](C(=O)NCc4cc(C(F)(F)F)cc(C(F)(F)F)c4)(C(C)C)C3)CC2)c1,0.9512784,train
CC(C)[C@]1(C(=O)NCc2cc(C(F)(F)F)cc(C(F)(F)F)c2)CC[C@@H](N2CCC(c3cccc(F)c3)CC2)C1,0.99934167,train
CC(C)(O)[C@]1(C(=O)NCc2cc(C(F)(F)F)cc(C(F)(F)F)c2)CC[C@@H](N2CCC(c3ccc(F)cc3)CC2)C1,0.96617305,train
CC(C)[C@]1(C(=O)NCc2cc(C(F)(F)F)cc(C(F)(F)F)c2)CC[C@@H](N2CCC(c3cccnc3)CC2)C1,0.9971294,train
Cc1nc[n+]([O-])c(C)c1C(=O)N1CCC(C)(N2CCC(N(c3ccccc3)c3ccccc3)CC2)CC1,0.2043558,test
Cc1nc(CN(c2ccccc2)C2CCN(C3(C)CCN(C(=O)c4c(C)cc[n+]([O-])c4C)CC3)CC2)cs1,0.029095778,train
CC1(N2CCC(N(c3ccccc3)c3cccnc3)CC2)CCN(C(=O)c2c(Cl)c[n+]([O-])cc2Cl)CC1,0.6080785,train
CC1(N2CCC(N(c3ccccc3)c3cccnc3)CC2)CCN(C(=O)c2c(Cl)cncc2Cl)CC1,0.95613194,train
Cc1cccnc1C(=O)N1CCC(C)(N2CCC(N(c3ccccc3)c3cccnc3)CC2)CC1,0.9630203,val
Cc1cc[n+]([O-])c(C)c1C(=O)N1CCC(C)(N2CCC(N(Cc3cccc(C#N)c3)c3ccccc3)CC2)CC1,0.92169625,train
Cc1cccc(C)c1C(=O)N1CCC(C)(N2CCC(N(Cc3ccccc3)c3ccccc3)CC2)CC1,0.99502486,val
Cc1cccc(C)c1C(=O)N1CCC(C)(N2CCC(N(c3ccccc3)c3ccccc3)CC2)CC1,0.99521554,test
Cc1cc[n+]([O-])c(C)c1C(=O)N1CCC(C)(N2CCC(N(Cc3ccccc3)c3ccccc3)CC2)CC1,0.72671413,train
Cc1ccnc(C)c1C(=O)N1CCC(C)(N2CCC(N(c3ccccc3)c3ccccc3)CC2)CC1,0.98619986,train
CC(Oc1cccc2ncnc(Nc3ccc4c(cnn4Cc4ccccn4)c3)c12)C(=O)N(C)C,0.9693161,val
Cc1cc(C)n(-c2cc(NC(=O)COc3ccccc3CCN3CCOCC3)nc(-c3ccc(C)o3)n2)n1,0.99110806,train
Cc1cc(C)n(-c2cc(NC(=O)COc3cccc(CN(C)C)c3)nc(-c3ccc(C)o3)n2)n1,0.98870987,val
CN1CCC(Oc2cccc3ncnc(Nc4ccc(OCc5ccccn5)c(Cl)c4)c23)CC1,0.89319617,train
Cc1ccc(Oc2ccc(Nc3ncnc4cccc(OC(C)C(=O)N(C)C)c34)cc2C)cn1,0.64186734,train
Cc1ccc(Oc2ccc(Nc3ncnc4cccc(OC(C)C(=O)N(C)CCO)c34)cc2C)cn1,0.09584644,train
CNC(=O)C(C)Oc1cccc2ncnc(Nc3ccc(OCc4ccccn4)c(Cl)c3)c12,0.072584815,train
CC(Oc1cccc2ncnc(Nc3ccc(OCc4ccccn4)c(Cl)c3)c12)C(=O)N(C)C,0.37450343,train
CC(Oc1cccc2ncnc(Nc3ccc(OCc4ccccn4)c(Cl)c3)c12)C(=O)N1CCOCC1,0.033600047,val
CC(Oc1cccc2ncnc(Nc3ccc(OCc4ccccn4)c(Cl)c3)c12)C(=O)N(C)CCO,0.03420575,train
Cc1cc(-c2nc3c4c(ccc3o2)CCN(CCCSc2nnc(-c3ocnc3C)n2C)CC4)n(C)n1,0.9591419,test
Cc1ccc2c(-c3nnc(SCCCN4CCc5ccc6oc(-c7cc(C)nn7C)nc6c5CC4)n3C)cccc2n1,0.99452126,test
Cc1ccc2c(-c3nnc(SCCCN4CCc5c(Cl)cc6oc(C)nc6c5CC4)n3C)cccc2n1,0.9634113,train
Cc1nc(C)c(-c2nnc(SCCCN3CCc4ccc5oc(C(F)(F)F)nc5c4CC3)n2C)s1,0.9396886,val
Cn1c(SCCCN2CCc3ccc4oc(C(F)(F)F)nc4c3CC2)nnc1-c1ccccc1,0.99803776,test
Cc1ncccc1-c1nnc(SCCCN2CCc3ccc4oc(C(F)(F)F)nc4c3CC2)n1C,0.9827927,train
Cc1ccc(-c2nnc(SCCCN3CCc4ccc5oc(C(F)(F)F)nc5c4CC3)n2C)cn1,0.9832786,train
Cc1cnc(-c2nnc(SCCCN3CCc4ccc5oc(C(F)(F)F)nc5c4CC3)n2C)cn1,0.9570967,train
Cc1ncoc1-c1nnc(SCCCN2CCc3ccc4oc(C(F)(F)C(F)(F)F)nc4c3CC2)n1C,0.92160743,train
Cc1ccc2c(-c3nnc(SCCCN4CCc5ccc6oc(C(F)(F)C(F)(F)F)nc6c5CC4)n3C)cccc2n1,0.98917216,train
Cc1ncoc1-c1nnc(SCCCN2CCc3ccc4oc(C(C)(F)F)nc4c3CC2)n1C,0.9929686,train
Cc1ncoc1-c1nnc(SCCCN2CCc3ccc4oc(C(F)(F)F)nc4c3CC2)n1C,0.98999876,train
Cc1ccc2c(-c3nnc(SCCCN4CCc5ccc6oc(C(F)(F)F)nc6c5CC4)n3C)cccc2n1,0.99865377,train
CCc1nc2c3c(ccc2o1)CCN(CCCSc1nnc(-c2ocnc2C)n1C)CC3,0.85931146,train
CCc1nc2c3c(ccc2o1)CCN(CCCSc1nnc(-c2cccc4nc(C)ccc24)n1C)CC3,0.97933894,train
Cc1nc2c3c(ccc2o1)CCN(CCCSc1nnc(-c2ocnc2C)n1C)CC3,0.5762115,train
Cc1ccc2c(-c3nnc(SCCCN4CCc5ccc6oc(C)nc6c5CC4)n3C)cccc2n1,0.9134324,train
Cc1ncoc1-c1nnc(SCCCN2CCc3nc4ccc(C(F)(F)F)cn4c3CC2)n1C,0.96806526,train
Cc1ccc2c(-c3nnc(SCCCN4CCc5nc6ccc(C(F)(F)F)cn6c5CC4)n3C)cccc2n1,0.9957573,train
Cc1ncoc1-c1nnc(SCCCN2CCc3nc4cc(C(F)(F)F)ccn4c3CC2)n1C,0.97174394,train
Cc1ccc2c(-c3nnc(SCCCN4CCc5nc6cc(C(F)(F)F)ccn6c5CC4)n3C)cccc2n1,0.9962579,train
Cc1ccc2c(-c3nnc(SCCCN4CCc5nc6ccccn6c5CC4)n3C)cccc2n1,0.97852695,train
Cc1ccc2c(-c3nnc(SCCCN4CCc5nc6ccc(Cl)cn6c5CC4)n3C)cccc2n1,0.99785644,train
Cc1ccc2nc3c(n2c1)CCN(CCCSc1nnc(-c2cccc4nc(C)ccc24)n1C)CC3,0.9921976,train
Cc1ccn2c3c(nc2c1)CCN(CCCSc1nnc(-c2cccc4nc(C)ccc24)n1C)CC3,0.9904225,train
CCc1nc2ccc3c(c2s1)CCN(CCCSc1nnc(-c2ocnc2C)n1C)CC3,0.8347279,train
CCc1nc2ccc3c(c2s1)CCN(CCCSc1nnc(-c2cccc4nc(C)ccc24)n1C)CC3,0.97512144,train
Cc1nc2ccc3c(c2s1)CCN(CCCSc1nnc(-c2ocnc2C)n1C)CC3,0.47825658,train
Cc1ccc2c(-c3nnc(SCCCN4CCc5ccc6nc(C)sc6c5CC4)n3C)cccc2n1,0.8767509,train
Cc1ncoc1-c1nnc(SCCCN2CCc3ccc4nc(C(C)(F)F)oc4c3CC2)n1C,0.99571484,train
Cc1ccc2c(-c3nnc(SCCCN4CCc5ccc6nc(C(C)(F)F)oc6c5CC4)n3C)cccc2n1,0.9993863,train
Cc1ncoc1-c1nnc(SCCCN2CCc3ccc4nc(C(F)(F)F)oc4c3CC2)n1C,0.9936574,train
Cc1ccc2c(-c3nnc(SCCCN4CCc5ccc6nc(C(F)(F)F)oc6c5CC4)n3C)cccc2n1,0.99913615,train
CN(C)S(=O)(=O)N(C)[C@@H]1CCCn2c1nc(C(=O)NCc1ccc(F)cc1)c(O)c2=O,0.032246437,train
CNCc1cc(NS(C)(=O)=O)ccc1Oc1ccc(Cl)cc1C,0.97640955,train
CNCc1cc(N2CCCS2(=O)=O)ccc1Oc1ccc(Cl)cc1C,0.9450776,train
CNCc1cc(C(=O)N(C)C)ccc1Oc1ccc(Cl)cc1C,0.8730556,train
CNCc1cc(C(N)=O)ccc1Oc1ccc(Cl)cc1C,0.87182105,train
CNCc1cc(N2CCCS2(=O)=O)ccc1Oc1ccc(Cl)cc1Cl,0.9753032,train
CNCc1cc(C(=O)NC)ccc1Oc1ccc(Cl)cc1Cl,0.9186393,train
CNCc1cc(C#N)ccc1Oc1ccc(Cl)cc1Cl,0.9945545,train
CNCc1ccccc1Oc1ccc(Cl)cc1F,0.9752525,train
CNCc1ccccc1Oc1ccc(Cl)cc1OC,0.95945585,train
Cc1ccc2c(-c3nnc(SCCCN4CCc5cc6c(cc5CC4)OCC(=O)N6)n3C)cccc2n1,0.8721186,train
Cc1ccc2c(-c3nnc(SCCCN4CCc5cc6c(cc5CC4)OCCN6)n3C)cccc2n1,0.897173,train
CC(=O)N1CCOc2cc3c(cc21)CCN(CCCSc1nnc(-c2cccc4nc(C)ccc24)n1C)CC3,0.4420912,train
Cc1ccc2c(-c3nnc(SCCCN4CCc5cc6c(cc5CC4)N(S(C)(=O)=O)CCO6)n3C)cccc2n1,0.40239218,train
Cc1ncoc1-c1nnc(SCCCN2CCc3cc4c(cc3CC2)N(C)C(=O)CO4)n1C,0.4263328,train
Cc1ccc2c(-c3nnc(SCCCN4CCc5cc6c(cc5CC4)N(C)C(=O)CO6)n3C)cccc2n1,0.8522319,train
Cc1ncoc1-c1nnc(SCCCN2CCc3cc4c(cc3CC2)OCC(=O)N4)n1C,0.4677396,train
Cc1noc2cc3c(cc12)CCN(CCCSc1nnc(-c2ccc(C(F)(F)F)cc2)n1C)CC3,0.9989874,val
CCc1noc2cc3c(cc12)CCN(CCCSc1nnc(-c2cccc4nc(C)ccc24)n1C)CC3,0.9935347,train
Cc1ncoc1-c1nnc(SCCCN2CCc3cc4onc(C)c4cc3CC2)n1C,0.94998556,test
Cc1ccc2c(-c3nnc(SCCCN4CCc5cc6onc(C)c6cc5CC4)n3C)cccc2n1,0.9932314,train
Cc1cc(-c2nc3cc4c(cc3o2)CCN(CCCSc2nnc(-c3ocnc3C)n2C)CC4)n(C)n1,0.91552943,train
Cc1ccc2c(-c3nnc(SCCCN4CCc5cc6nc(-c7cc(C)nn7C)oc6cc5CC4)n3C)cccc2n1,0.98825073,val
Cc1ncoc1-c1nnc(SCCCN2CCc3cc4nc(C(F)(F)C(F)(F)F)oc4cc3CC2)n1C,0.86694515,train
Cc1ccc2c(-c3nnc(SCCCN4CCc5cc6nc(C(F)(F)C(F)(F)F)oc6cc5CC4)n3C)cccc2n1,0.9806358,train
Cc1ccc2c(-c3nnc(SCCCN4CCc5cc6nc(N(C)C)oc6cc5CC4)n3C)cccc2n1,0.903757,train
Cc1ccc2c(-c3nnc(SCCCN4CCc5cc6nc(N7CCCCC7)oc6cc5CC4)n3C)cccc2n1,0.97044903,val
Cc1ncoc1-c1nnc(SCCCN2CCc3cc4nc(CC5CC5)oc4cc3CC2)n1C,0.8526464,train
Cc1ccc2c(-c3nnc(SCCCN4CCc5cc6nc(CC7CC7)oc6cc5CC4)n3C)cccc2n1,0.978216,train
Cc1ccc2c(-c3nnc(SCCCN4CCc5cc6nc(C(C)(F)F)oc6cc5CC4)n3C)cccc2n1,0.9982705,train
Cc1ccc2c(-c3nnc(SCCCN4CCc5cc6nc(CC(F)(F)F)oc6cc5CC4)n3C)cccc2n1,0.98890734,train
Cc1ccc2c(-c3nnc(SCCCN4CCc5cc6nc(C(F)(F)F)oc6cc5CC4)n3C)cccc2n1,0.99773043,train
CCc1nc2cc3c(cc2o1)CCN(CCCSc1nnc(-c2ccc(F)c(F)c2)n1C)CC3,0.94078463,train
CCc1nc2cc3c(cc2o1)CCN(CCCSc1nnc(-c2ccc(C(F)(F)F)cc2)n1C)CC3,0.9914464,train
CCc1nc2cc3c(cc2o1)CCN(CCCSc1nnc(-c2cccnc2)n1C)CC3,0.60697955,train
Cc1nc2cc3c(cc2o1)CCN(CCCSc1nnc(-c2ccc(F)c(F)c2)n1C)CC3,0.799512,train
Cc1nc2cc3c(cc2o1)CCN(CCCSc1nnc(-c2ccc(C(F)(F)F)cc2)n1C)CC3,0.96682733,train
Cc1nc2cc3c(cc2o1)CCN(CCCSc1nnc(-c2cccnc2)n1C)CC3,0.27930838,train
Cc1ccc2c(-c3nnc(SCCCN4CCc5cc6nc(C(C)(C)C)oc6cc5CC4)n3C)cccc2n1,0.9958625,train
Cc1ccc2c(-c3nnc(SCCCN4CCc5cc6nc(C7CC7)oc6cc5CC4)n3C)cccc2n1,0.9513615,test
Cc1ncoc1-c1nnc(SCCCN2CCc3cc4nc(C(C)C)oc4cc3CC2)n1C,0.8935504,train
Cc1ccc2c(-c3nnc(SCCCN4CCc5cc6nc(C(C)C)oc6cc5CC4)n3C)cccc2n1,0.98488057,train
CCCc1nc2cc3c(cc2o1)CCN(CCCSc1nnc(-c2cccc4nc(C)ccc24)n1C)CC3,0.9945279,train
CCc1nc2cc3c(cc2o1)CCN(CCCSc1nnc(-c2ocnc2C)n1C)CC3,0.67925537,train
CCc1nc2cc3c(cc2o1)CCN(CCCSc1nnc(-c2cccc4nc(C)ccc24)n1C)CC3,0.94264317,train
Cc1ccc2c(-c3nnc(SCCCN4CCc5cc6ncoc6cc5CC4)n3C)cccc2n1,0.8926823,train
Cc1ncoc1-c1nnc(SCCCN2CCc3cc4ncoc4cc3CC2)n1C,0.5173413,train
Cc1nc2cc3c(cc2o1)CCN(CCCSc1nnc(-c2ocnc2C)n1C)CC3,0.3470473,train
Cc1ccc2c(-c3nnc(SCCC(C)N4CCc5cc6nc(C(F)(F)F)oc6c(Br)c5CC4)n3C)cccc2n1,0.9942947,train
CCc1nc2cc3c(c(Br)c2o1)CCN(C(C)CCSc1nnc(-c2cccc4nc(C)ccc24)n1C)CC3,0.90817136,train
Cc1ccc2c(-c3nnc(SCCC(C)N4CCc5cc6nc(C)oc6c(Br)c5CC4)n3C)cccc2n1,0.73198766,train
Cc1ccc2c(-c3nnc(SCCC(C)N4CCc5cc6nc(C(F)(F)F)oc6c(C)c5CC4)n3C)cccc2n1,0.9907336,train
CCc1nc2cc3c(c(C)c2o1)CCN(C(C)CCSc1nnc(-c2cccc4nc(C)ccc24)n1C)CC3,0.82232755,train
Cc1ccc2c(-c3nnc(SCCC(C)N4CCc5cc6nc(C)oc6c(C)c5CC4)n3C)cccc2n1,0.5016803,train
Cc1ccc2c(-c3nnc(SCCN4CCc5cc6nc(C(F)(F)F)oc6c(C)c5CC4)n3C)cccc2n1,0.96764207,train
CCc1nc2cc3c(c(C)c2o1)CCN(CCSc1nnc(-c2cccc4nc(C)ccc24)n1C)CC3,0.5641811,train
Cc1ccc2c(-c3nnc(SCCN4CCc5cc6nc(C)oc6c(C)c5CC4)n3C)cccc2n1,0.21968812,train
Cc1ccc2c(-c3nnc(SCCN4CCc5cc6nc(C(F)(F)F)oc6c(Br)c5CC4)n3C)cccc2n1,0.9818179,train
CCc1nc2cc3c(c(Br)c2o1)CCN(CCSc1nnc(-c2cccc4nc(C)ccc24)n1C)CC3,0.7533585,train
Cc1ccc2c(-c3nnc(SCCN4CCc5cc6nc(C)oc6c(Br)c5CC4)n3C)cccc2n1,0.45755908,train
Cc1ccc2c(-c3nnc(SCCN4CCc5cc6nc(C)oc6cc5CC4)n3C)cccc2n1,0.11624635,train
Cc1ccc2c(-c3nnc(SCCCCN4CCc5cc6nc(C(F)(F)F)oc6c(C)c5CC4)n3C)cccc2n1,0.9943739,train
CCc1nc2cc3c(c(C)c2o1)CCN(CCCCSc1nnc(-c2cccc4nc(C)ccc24)n1C)CC3,0.88502777,train
Cc1ccc2c(-c3nnc(SCCCCN4CCc5cc6nc(C)oc6c(C)c5CC4)n3C)cccc2n1,0.62608355,train
Cc1ccc2c(-c3nnc(SCCCCN4CCc5cc6nc(C(F)(F)F)oc6c(Br)c5CC4)n3C)cccc2n1,0.9968407,train
CCc1nc2cc3c(c(Br)c2o1)CCN(CCCCSc1nnc(-c2cccc4nc(C)ccc24)n1C)CC3,0.9478161,train
Cc1ccc2c(-c3nnc(SCCCCN4CCc5cc6nc(C)oc6c(Br)c5CC4)n3C)cccc2n1,0.83377284,train
Cc1nc2cc3c(cc2o1)CCN(CCCCSc1nnc(-c2ocnc2C)n1C)CC3,0.09155451,train
Cc1ccc2c(-c3nnc(SCCCN4CCc5cc6nc(C(C)(C)C)oc6c(C)c5CC4)n3C)cccc2n1,0.99831355,train
CCc1nc2cc3c(c(C)c2o1)CCN(CCCSc1nnc(-c2cccc4nc(C)ccc24)n1C)CC3,0.9759521,train
Cc1ccc2c(-c3nnc(SCCCN4CCc5cc6nc(C)oc6c(C)c5CC4)n3C)cccc2n1,0.8982464,train
Cc1ccc2c(-c3nnc(SCCCN4CCc5cc6nc(C(C)(C)C)oc6c(Br)c5CC4)n3C)cccc2n1,0.9990557,train
CCc1nc2cc3c(c(Br)c2o1)CCN(CCCSc1nnc(-c2cccc4nc(C)ccc24)n1C)CC3,0.9896393,train
Cc1ccc2c(-c3nnc(SCCCN4CCc5cc6nc(C)oc6c(Br)c5CC4)n3C)cccc2n1,0.96356267,train
CCc1nc2cc3c(cc2s1)CCN(CCCSc1nnc(-c2ocnc2C)n1C)CC3,0.81943893,train
CCc1nc2cc3c(cc2s1)CCN(CCCSc1nnc(-c2cccc4nc(C)ccc24)n1C)CC3,0.9723904,train
Cc1nc2cc3c(cc2s1)CCN(CCCSc1nnc(-c2ocnc2C)n1C)CC3,0.48611215,train
Cc1ccc2c(-c3nnc(SCCCN4CCc5cc6nc(C)sc6cc5CC4)n3C)cccc2n1,0.8801106,train
CCc1nn(C)c2cc3c(cc12)CCN(CCCSc1nnc(-c2cccc4nc(C)ccc24)n1C)CC3,0.8957927,train
Cc1ccc2c(-c3nnc(SCCC(C)N4CCc5cc6c(cc5CC4)C(=O)N(C(C)C)C6)n3C)cccc2n1,0.18574837,train
Cc1ccc2c(-c3nnc(SCCC(C)N4CCc5cc6c(cc5CC4)C(=O)N(C)C6)n3C)cccc2n1,0.12885824,train
Cc1ccc2c(-c3nnc(SCCCCN4CCc5cc6c(cc5CC4)C(=O)N(C(C)C)C6)n3C)cccc2n1,0.3036134,train
Cc1ccc2c(-c3nnc(SCCCCN4CCc5cc6c(cc5CC4)C(=O)N(C)C6)n3C)cccc2n1,0.2204063,train
Cc1ccc2c(-c3nnc(SCCCN4CCc5cc6c(cc5CC4)C(=O)N(C(C)C)C6)n3C)cccc2n1,0.6968386,train
Cc1cc2c(-c3nnc(SCCCN4CCc5ccc(-c6cc(C)nn6C)cc5CC4)n3C)cccc2cn1,0.98236644,test
O=C(c1ccc(O)cc1OC[C@@H](O)CN1CCC2(CC1)Cc1cc(Cl)ccc1O2)N1C[C@H](O)CO1,0.5425487,train
COc1ccccc1Oc1cccc(CN2CCC3(CC2)CCN(C(=O)c2cccc[n+]2[O-])CC3)c1,0.6209695,val
COc1ccccc1Oc1cccc(CN2CCC3(CC2)CCN(C(=O)c2cc[n+]([O-])cc2)CC3)c1,0.4207179,train
O=C(c1cc[n+]([O-])cc1)N1CCC2(CCN(Cc3cccc(Oc4ccccc4)c3)CC2)CC1,0.4799915,train
O=C(c1ccncn1)N1CCC2(CCN(Cc3cccc(Oc4ccccc4)c3)CC2)CC1,0.89957106,train
O=C(c1ccncc1)N1CCC2(CCN(Cc3cccc(Oc4ccccc4)c3)CC2)CC1,0.9594619,train
COc1ccccc1Oc1cccc(CN2CCC3(CC2)CCN(C(=O)c2ccc(Cl)cc2)CC3)c1,0.99493414,train
O=C(c1ccc(Cl)cc1)N1CCC2(CCN(Cc3cccc(Oc4ccccc4)c3)CC2)CC1,0.99497074,train
COc1ccccc1Oc1ccccc1CN1CCC2(CC1)CCN(C(=O)c1cccc[n+]1[O-])CC2,0.7044303,train
COc1ccccc1Oc1ccccc1CN1CCC2(CC1)CCN(C(=O)c1cc[n+]([O-])cc1)CC2,0.5137446,train
COc1ccccc1Oc1ccccc1CN1CCC2(CC1)CCN(C(=O)c1ccncc1)CC2,0.96477646,train
COc1ccccc1Oc1ccccc1CN1CCC2(CC1)CCN(C(=O)c1ccccn1)CC2,0.98180586,train
O=C(c1ccncc1)N1CCC2(CCN(Cc3ccccc3Oc3ccccc3)CC2)CC1,0.97493005,train
COc1ccccc1Oc1ccccc1CN1CCC2(CC1)CCN(C(=O)c1ccc(Cl)cc1)CC2,0.99611545,train
O=C(c1ccc(Cl)cc1)N1CCC2(CCN(Cc3ccccc3Oc3ccccc3)CC2)CC1,0.99678385,train
Cc1oc(-c2ccc(Cl)cc2)nc1CCOc1cccc(CC2C(=O)N(c3ccc(C(C)(C)C)cc3)C2C(=O)O)c1,0.69275343,train
COc1ccc(-c2nc(CCOc3cccc(CC4C(=O)N(c5ccc(C(C)(C)C)cc5)C4C(=O)O)c3)c(C)o2)cc1,0.30964273,train
Cc1oc(-c2cccc(Cl)c2)nc1CCOc1cccc(CC2C(=O)N(c3ccc(C(C)(C)C)cc3)C2C(=O)O)c1,0.6474929,train
COc1cccc(-c2nc(CCOc3cccc(CC4C(=O)N(c5ccc(C(C)(C)C)cc5)C4C(=O)O)c3)c(C)o2)c1,0.3855646,train
Cc1oc(-c2ccccc2)nc1CCOc1ccc(CC2C(=O)N(c3ccc(C(C)(C)C)cc3)C2C(=O)O)cc1,0.429604,train
Cc1oc(-c2ccccc2)nc1CCOc1cccc(CC2C(=O)N(c3ccc(C(C)(C)C)cc3)C2C(=O)O)c1,0.40669495,train
COc1ccc(N2C(=O)C(Cc3ccc(OCCc4nc(-c5ccccc5)oc4C)cc3)C2C(=O)O)cc1,0.26413462,train
CN(C)C(=O)C(N)c1ccc(C(=O)Nc2cc(-c3cccs3)ccc2N)cc1,0.71173775,train
CCOC(=O)C(N)c1ccc(C(=O)Nc2cc(-c3cccs3)ccc2N)cc1,0.8744866,train
Cc1cc(C)n(-c2cc(NC(=O)CN3CCN(C)CC3)nc(-c3ccc(C)o3)n2)n1,0.90664285,train
Cc1cc(C)n(-c2cc(NC(=O)CCN3CC[C@H](N(C)C)C3)nc(-c3ccc(C)o3)n2)n1,0.9881947,val
Cc1cc(C)n(-c2cc(NC(=O)CCN(C)C)nc(-c3ccc(C)o3)n2)n1,0.96625537,train
Cc1cc(C)n(-c2cc(NC(=O)CN3CC[C@@H](CN(C)C)C3)nc(-c3ccc(C)o3)n2)n1,0.98862725,train
Cc1cc(C)n(-c2cc(NC(=O)CN3CC[C@H](CN(C)C)C3)nc(-c3ccc(C)o3)n2)n1,0.9957496,train
CCN[C@H]1CCN(CC(=O)Nc2cc(-n3nc(C)cc3C)nc(-c3ccc(C)o3)n2)C1,0.95986897,train
Cc1cc(C)n(-c2cc(NC(=O)CN3CC[C@H](N(C)C)C3)nc(-c3ccc(C)o3)n2)n1,0.96809065,train
Cc1cc(C)n(-c2cc(NC(=O)CC3CCN(C)CC3)nc(-c3ccc(C)o3)n2)n1,0.9876973,train
Cc1cc(C)n(-c2cc(NC(=O)CN3CCC(CN(C)C)CC3)nc(-c3ccc(C)o3)n2)n1,0.8311557,train
Cc1cc(C)n(-c2cc(NC(=O)CN3CCCN(C)CC3)nc(-c3ccc(C)o3)n2)n1,0.92715895,val
CNCc1cnc(C)cc1Oc1ccccc1Oc1ccccc1,0.9444282,test
CC(c1nc(-c2ccc(S(C)(=O)=O)cc2Cl)no1)C(N)C(=O)N1CCCC1,0.090719126,test
CS(=O)(=O)c1ccc(-c2noc(C(CC3CC3)[C@H](N)C(F)=C3CCCC3)n2)c(Cl)c1,0.016904997,val
CS(=O)(=O)c1ccc(-c2noc(C(CCO)[C@H](N)C(F)=C3CCCC3)n2)c(Cl)c1,0.0064316886,train
CC(c1nc(-c2ccc(S(C)(=O)=O)cc2Cl)no1)[C@H](N)C(F)=C1CCCC1,0.050685227,train
COC1OC2(CCN(Cc3ccccc3)CC2)c2cnn(-c3ccccc3)c21,0.95602053,test
CCCCN1CCC2(CC1)OC(OC)c1c2cnn1-c1ccccc1,0.96393925,val
CC(C)N1CCN(Cc2cnc(-c3ccc(C(=O)Nc4ccccc4N)cc3)c(Cl)c2)CC1,0.15113147,train
CC(C)N1CCN(Cc2cnc(-c3ccc(C(=O)Nc4ccccc4N)cc3)c(C#N)c2)CC1,0.1783648,train
CCN1CCN(Cc2cnc(-c3ccc(C(=O)Nc4ccccc4N)cc3)c(Cl)c2)CC1,0.6308036,train
Nc1ccccc1NC(=O)c1ccc(-c2ncc(CN3CCC3)cc2Cl)cc1,0.3714979,val
COc1cc(Cl)ccc1O[C@@H](c1ccccc1)[C@@H]1CNCCO1,0.7125934,train
Cc1cc2cc(Nc3ncnn4cc(-c5nnc(C)o5)c(C(C)C)c34)cnc2[nH]1,0.6496832,train
O=c1[nH]ccc2nc(-c3ccc(CN4CCC(c5n[nH]c(-c6ccccn6)n5)CC4)cc3)c(-c3ccccc3)cc12,0.9956155,test
COc1ccc(Cl)cc1C(=O)NCCc1ccc(S(=O)(=O)NC(=O)NC2CCCCC2)cc1,0.12552576,test
CN(C)c1cn(-c2ccc(F)cc2)c2ccc(Cl)cc12,0.96956396,train
CC(C)OC(=O)c1ccc(NC(=O)NC(Cc2ccc(O)cc2)C(=O)N[C@H]2CCC[N+](C)(Cc3cccc(O)c3)C2)cc1,0.62117666,train
O=C(COc1cccc(Cl)c1)NC1CCN(Cc2ccn(-c3ccc(C(F)(F)F)cc3)c2)CC1,0.9832071,train
O=C(COc1cccc(Cl)c1)NC1CCN(Cc2ccn(-c3ccc(OC(F)(F)F)cc3)c2)CC1,0.99297285,train
COc1cccc2cc3n(c12)CCN(CCCCN1CCn2c(cc4ccccc42)C1=O)C3,0.6589284,test
Clc1cccc(N2CCN(CCCCCOc3cc4ccccc4cn3)CC2)c1Cl,0.9952527,test
Clc1cccc(N2CCN(CCCCOc3cc4ccccc4cn3)CC2)c1Cl,0.97571814,train
Cc1cccc(N2CCN(CCCCNC(=O)c3cc4ccccc4o3)CC2)c1,0.9400597,train
O=C1c2cc3ccccc3n2CCN1CCCCN1CCN(c2cccc(Cl)c2Cl)CC1,0.95101774,train
N#Cc1cccc(N2CCN(CCCCNC(=O)c3cc4ccccc4o3)CC2)c1,0.95367736,train
O=C(NCCCCN1CCN(c2cccc(Cl)c2Cl)CC1)c1cc2ccccc2cn1,0.9576972,train
O=C(NCCCCN1CCN(c2cccc(Cl)c2)CC1)c1cc2ccccc2cn1,0.94372404,train
COc1cccc2cc3n(c12)CCN(CCCCNC(=O)C1=Cc2ccccc2CN1)C3,0.74407434,val
Clc1ccc(-n2c(-c3ccc(Cl)cc3Cl)nc3c(NN4CCCCC4)ncnc32)cc1,0.9983317,test
CN1CCN(c2ncnc3c2nc(-c2ccc(Cl)cc2Cl)n3-c2ccc(Cl)cc2)CC1,0.99932086,train
CN1CCN(c2ncnc3c2nc(-c2ccccc2Cl)n3-c2ccc(Cl)cc2)CC1,0.99780875,train
Fc1ccc2c(c1)nc(-c1ccccn1)n2-c1ccc(OCCCN2CCCCC2)cc1,0.99676573,train
Fc1ccc2c(c1)nc(-c1ccccn1)n2-c1ccc(OCCCN2CCOCC2)cc1,0.988932,train
CC(C)[C@@H]1CCN(CCCOc2ccc(-n3c(-c4ccccn4)nc4cc(F)ccc43)cc2)C1,0.9998323,train
Fc1ccc2c(c1)nc(-c1ccccn1)n2-c1ccc(OCCCN2CCSC2)cc1,0.9987159,train
Fc1ccc2c(c1)nc(-c1ccccn1)n2-c1ccc(OCCCN2CCc3ccccc3C2)cc1,0.99905854,test
OC1CCN(CCCOc2ccc(-n3c(-c4ccccn4)nc4cc(F)ccc43)cc2)CC1,0.9827377,train
COC(=O)C1CCN(CCCOc2ccc(-n3c(-c4ccccn4)nc4cc(F)ccc43)cc2)CC1,0.99815136,train
CS(=O)(=O)c1ccc(OCC2CC2)c(C(=O)N2CCN(c3ccc(C#N)cc3F)CC2)c1,0.7079624,train
CCCCNc1nccc2[nH]c3ccccc3c12,0.8887773,train
CN1C(=O)C(CN2CCCCC2)C[C@H]1C#Cc1ccccc1,0.60076845,val
Nc1ccnc(N2CCC(C(=O)Nc3ccc4ccccc4n3)(c3ccccc3)CC2)c1,0.50861716,val
Nc1ccnc(N2CCC3(CC2)OC(c2ccccc2)c2ccccc23)c1,0.87791026,val
Nc1ccnc(N2CCC(C(=O)N3CCc4ccccc4C3)(c3ccccc3)CC2)c1,0.52585334,val
COc1ccc(C(=O)NC2(c3ccccc3)CCN(c3cc(N)ccn3)CC2)c(OC)c1,0.926243,train
CCOC(=O)N1CCN(C(=O)C2(c3ccccc3)CCN(c3cc(N)ccn3)CC2)CC1,0.29614463,val
COc1ccc(CNC(=O)C2(c3ccccc3)CCN(c3cc(N)ccn3)CC2)cc1,0.09826421,val
COc1ccc(C(=O)NC2(c3ccccc3)CCN(c3cc(N)ccn3)CC2)cc1Cl,0.82979876,train
Nc1ccnc(N2CCC(n3c(=O)n(Cc4ccccc4)c4cccnc43)CC2)c1,0.9218184,val
Nc1ccnc(N2CCC(NC(=O)c3ccccn3)(c3ccccc3)CC2)c1,0.4710091,val
Nc1ccnc(N2CCC(n3c(=O)n(CC4CC4)c4cccnc43)CC2)c1,0.27161992,test
COc1ccc(-n2c(=O)n(C3CCN(c4cc(N)ccn4)CC3)c3ncccc32)cc1,0.83348185,train
Nc1ccnc(N2CCC(n3c(=O)n(-c4ccccc4)c4cccnc43)CC2)c1,0.9159423,train
COc1cccc(C2(C)CN(c3cc(N)ccn3)C2)c1,0.7112836,test
CN(C)C(=O)C1CC2(CCN(c3cc(N)ccn3)CC2)c2ccccc21,0.3395562,train
COc1ccc(C(=O)N(c2cc(C)ccn2)C2CCN(c3cc(N)ccn3)CC2)cc1,0.84834075,train
COc1cccc(C(=O)N(c2ccccn2)C2CCN(c3cc(N)ccn3)CC2)c1,0.75431544,train
O=S(=O)(c1ccc2c(c1)CCNCC2)N1CC(Oc2ccc(Cl)cc2)C1,0.99621755,train
O=S(=O)(c1ccc2c(c1)CCNCC2)N1CCC(Oc2ccccc2Cl)CC1,0.9888976,train
CN(CC1COc2ccccc21)S(=O)(=O)c1ccc2c(c1)CCNCC2,0.34018248,test
O=S(=O)(c1ccc2c(c1)CCNCC2)N1CC(Oc2ccccc2Cl)C1,0.9947351,train
O=S(=O)(c1ccc2c(c1)CCNCC2)N1CC[C@@H](Oc2ccccc2Cl)C1,0.98875964,train
O=S(=O)(c1ccc2c(c1)CCNCC2)N1CC(Oc2cccc(Cl)c2)C1,0.9963033,train
O=S(=O)(c1ccc2c(c1)CCNCC2)N1CC[C@H](Oc2ccccc2Cl)C1,0.99164116,train
C[C@@H]1CN(CC2(C(N)=O)CCC2)CCN1S(=O)(=O)c1ccc(C(C)(O)C(F)(F)F)cc1,0.9170079,test
C[C@@H]1CN(CC2(c3ccc(C(N)=O)cc3)CC2)CCN1S(=O)(=O)c1ccc(C(C)(O)C(F)(F)F)cc1,0.83170944,train
C[C@@H]1CN(CC2(c3ccncc3)CC2)CCN1S(=O)(=O)c1ccc(C(C)(O)C(F)(F)F)cc1,0.91851544,train
Cc1nnc(C(C)C)n1C1CCN(C(C)C[C@H](NC(=O)C2CC(F)(F)C2)c2ccccc2)CC1,0.46275112,train
Cc1nnc(C(C)C)n1C1CCN(C(C)C[C@H](NC(=O)C2CCC(F)(F)CC2)c2ccccc2)CC1,0.8982021,val
N#Cc1ccc2cc1Oc1ccc3c(c1)[C@@H](CC3)N1CCC(NCc3cncn3C2)C1=O,0.9332102,train
CC(=O)Nc1cccc(N2CCN(CCCCNS(=O)(=O)CC3CCCCC3)CC2)c1,0.26376662,test
CC(=O)Nc1cccc(N2CCN(CCCCNS(=O)(=O)c3ccc(C)cc3)CC2)c1,0.3535841,train
COc1ccccc1N1CCN(CCCCNS(=O)(=O)c2ccc(C)cc2)CC1,0.93830395,train
N#Cc1ccc(Cn2cncc2CN[C@H]2CCN(C(=O)c3cccc(Cl)c3)C2)cc1,0.95039433,train
N#Cc1ccc2cc1Oc1ccc3c(c1)[C@@H](CCO3)N1CCC(NCc3cncn3C2)C1=O,0.97397625,val
N#Cc1ccc2cc1Oc1ccc3c(c1)[C@@H](CCC3)N1CCC(NCc3cncn3C2)C1=O,0.9271015,train
Cc1nc2n(c(=O)c1CCN1CCC(c3noc4cc(F)ccc34)CC1)CCCC2O,0.957137,train
N#Cc1ccc2cc1Oc1cccc(c1)CN1CCC(NCc3cncn3C2)C1=O,0.98709935,train
N#Cc1ccc2cc1Oc1cc(Cl)cc(c1)CN1CCC(NCc3cncn3C2)C1=O,0.99654883,train
N#Cc1ccc2cc1Oc1cccc(c1)C(c1ccccc1)N1CCC(NCc3cncn3C2)C1=O,0.9468766,train
N#Cc1ccc2cc1Oc1cccc(c1)C(c1cccc(Cl)c1)N1CCC(NCc3cncn3C2)C1=O,0.99321836,train
CC1c2ccc(C#N)c(c2)Oc2cccc(c2)CN2CCC(NCc3cncn31)C2=O,0.96267724,train
N#Cc1ccc2cc1Oc1ccc(Br)c(c1)CN1CCC(NCc3cncn3C2)C1=O,0.9911055,train
N#Cc1ccc2cc1Oc1cccc(c1)-c1ccccc1N1CCC(NCc3cncn3C2)C1=O,0.99694014,test
N#Cc1ccc2cc1Oc1ccc3cccc(c3c1)N1CCC(NCc3cncn3C2)C1=O,0.99097216,train
CN1Cc2cncn2Cc2ccc(C#N)c(c2)Oc2ccc3cccc(c3c2)N2CCC1C2=O,0.9702224,train
N#Cc1ccc2cc1Oc1ccc3cccc(c3c1)N1CCC(NC(=O)Cc3cncn3C2)C1=O,0.29949483,val
N#Cc1ccc2cc1Oc1ccc3cccc(c3c1)N1CCC(NCCc3cncn3C2)C1=O,0.9938945,train
CN1CCc2cncn2Cc2ccc(C#N)c(c2)Oc2ccc3cccc(c3c2)N2CCC1C2=O,0.9919559,train
N#Cc1ccc2cc1Oc1ccc3c(c1)[C@H](CC3)N1CCC(NCc3cncn3C2)C1=O,0.86417544,train
CN1Cc2cncn2Cc2ccc(C#N)c(c2)Oc2ccc3c(c2)[C@@H](CC3)N2CCC1C2=O,0.824129,train
N#Cc1ccc(Cn2cncc2CNC2CCN(Cc3ccccc3)C2=O)cc1,0.7597393,train
N#Cc1ccc(Cn2cncc2CNC2CCN(Cc3cccc(Cl)c3)C2=O)cc1,0.95975083,train
N#Cc1ccc(Cn2cncc2CNC2CCN(c3ccncc3)C2=O)cc1,0.43379802,val
N#Cc1ccc(Cn2cncc2CNC2CCN(c3cccc4ncccc34)C2=O)cc1,0.61690986,train
N#Cc1ccc(Cn2cncc2CNC2CCN(C(=O)c3cccc(Cl)c3)C2=O)cc1,0.7930281,train
Cc1ncccc1C(=O)N1CCC(NCc2cncn2Cc2ccc(C#N)cc2)C1=O,0.106525056,train
N#Cc1ccc(Cn2cncc2CNC2CCN(C(=O)c3cccnc3N)C2=O)cc1,0.13484931,train
COc1ncccc1C(=O)N1CCC(NCc2cncn2Cc2ccc(C#N)cc2)C1=O,0.25681052,train
CSc1ncccc1C(=O)N1CCC(NCc2cncn2Cc2ccc(C#N)cc2)C1=O,0.29393452,train
CCSc1ncccc1C(=O)N1CCC(NCc2cncn2Cc2ccc(C#N)cc2)C1=O,0.21464135,train
N#Cc1ccc(Cn2cncc2CNC2CCN(C(=O)c3cncc(Br)c3)C2=O)cc1,0.524081,train
CCCCN(Cc1cncn1Cc1ccc(C#N)cc1)C1CCN(Cc2ccccc2)C1=O,0.99848205,train
N#Cc1ccc(Cn2cncc2CN(Cc2cccnc2)C2CCN(Cc3ccccc3)C2=O)cc1,0.88361466,test
N#Cc1ccc(Cn2cncc2CN(CCCc2ccccc2)C2CCN(Cc3ccccc3)C2=O)cc1,0.99932003,train
N#Cc1ccc(Cn2cncc2CN(CCCN)C2CCN(Cc3ccccc3)C2=O)cc1,0.9458313,train
N#Cc1ccc(Cn2cncc2CN(CCN2CCOCC2)C2CCN(Cc3ccccc3)C2=O)cc1,0.9858789,train
N#Cc1ccc(Cn2cncc2CN(CCN2CCNCC2)C2CCN(Cc3ccccc3)C2=O)cc1,0.9843091,train
c1ccc(-c2[nH]c3ccccc3c2C2CC3CCC(C2)N3)cc1,0.9391776,train
F[C@@H]1CCNC[C@H]1c1c(-c2ccccc2)[nH]c2ccccc12,0.975276,train
Fc1ccc2[nH]c(-c3ccccc3)c([C@@H]3CNCC[C@H]3F)c2c1,0.97319794,train
F[C@@H]1CCNC[C@H]1c1c(-c2ccccc2)[nH]c2ccc(Cl)cc12,0.9933528,train
CC(C)(C)OC(=O)NCCCN(Cc1cncn1Cc1ccc(C#N)cc1)C1CCN(Cc2ccccc2)C1=O,0.9429192,train
O=C(OC1CC2CC3CC(C1)N2CC3O)c1c[nH]c2ccccc12,0.07202896,test
CS(=O)(=O)N1CCN(Cc2cc3nc(-c4cccc5[nH]ncc45)nc(N4CCOCC4)c3s2)CC1,0.023304814,train
C1=C(c2ccccc2)c2ccccc2OC12CCNCC2,0.7925156,train
CCN(CC)C(=O)c1ccc(C2=CC3(CCNCC3)Oc3cccc(O)c32)cc1,0.11461716,train
CCN(CC)C(=O)c1ccc(C2=CC3(CCNCC3)Oc3ccc(O)cc32)cc1,0.16335449,train
CCN(CC)C(=O)c1ccc(C2=CC3(CCNCC3)Oc3cc(O)ccc32)cc1,0.13514347,train
CCN(CC)C(=O)c1ccc(C2=CC3(CCNCC3)Oc3c(O)cccc32)cc1,0.14812878,train
CCN1CCC2(C=C(c3ccc(C(=O)N(CC)CC)cc3)c3ccccc3O2)CC1,0.8943982,train
CCN(CC)C(=O)c1ccc(C2=CC3(CCN(C)CC3)Oc3ccccc32)cc1,0.6295018,train
CCN(CC)C(=O)c1ccc(C2=CC3(CCN(C(C)=O)CC3)Oc3ccccc32)cc1,0.18947458,train
CCN(CC)C(=O)c1ccccc1C1=CC2(CCNCC2)Oc2ccccc21,0.7167672,train
CCN(CC)C(=O)c1cccc(C2=CC3(CCNCC3)Oc3ccccc32)c1,0.525893,train
CCN(CC)C(=O)c1ccc(C2=CC3(CCNCC3)Oc3ccccc32)cc1,0.47619578,train
COC(=O)c1ccc(C2=CC3(CCNCC3)Oc3ccccc32)cc1,0.8098704,train
Oc1ccc(C2=CC3(CCNCC3)Oc3ccccc32)cc1,0.6125941,train
COc1ccc(C2=CC3(CCNCC3)Oc3ccccc32)cc1,0.6938786,train
FC(F)(F)c1ccc(C2=CC3(CCNCC3)Oc3ccccc32)cc1,0.9660691,train
Cc1ccc(C2=CC3(CCNCC3)Oc3ccccc32)cc1,0.8486252,train
C[C@H]1CN(Cc2cccc(-c3cc(CNC(=O)c4cccc(CC5CCNCC5)c4)ccc3F)c2)CCN1,0.1954743,val
CS(=O)(=O)Nc1ccc(OC[C@@H](O)CNCCc2ccc(Cl)c(Cl)c2)cc1,0.9066219,train
CS(=O)(=O)Nc1ccc(OC[C@@H](O)CN(CCc2ccc(Cl)c(Cl)c2)Cc2ccc(F)c(F)c2F)cc1,0.9858165,train
CS(=O)(=O)Nc1ccc(OC[C@@H](O)CN(CCc2ccc(Cl)c(Cl)c2)Cc2ccccc2F)cc1,0.98567027,train
CS(=O)(=O)Nc1ccc(OC[C@@H](O)CN(CCc2ccc(Cl)c(Cl)c2)Cc2cccc(O)c2)cc1,0.98161453,train
CS(=O)(=O)Nc1ccc(OC[C@@H](O)CN(CCc2ccc(Cl)c(Cl)c2)Cc2ccccc2O)cc1,0.94914556,train
CS(=O)(=O)Nc1ccc(OC[C@@H](O)CN(CCc2ccc(Cl)c(Cl)c2)Cc2ccccc2)cc1,0.986772,train
CC(C)CN(CCc1ccc(Cl)c(Cl)c1)C[C@H](O)COc1ccc(NS(C)(=O)=O)cc1,0.9884461,train
CCCCN(CCc1ccc(Cl)c(Cl)c1)C[C@H](O)COc1ccc(NS(C)(=O)=O)cc1,0.9943498,train
CCCN(CCc1ccc(Cl)c(Cl)c1)C[C@H](O)COc1ccc(NS(C)(=O)=O)cc1,0.98961776,train
CCN(CCc1ccc(Cl)c(Cl)c1)C[C@H](O)COc1ccc(NS(C)(=O)=O)cc1,0.98748106,train
CN(CCc1ccc(Cl)c(Cl)c1)C[C@H](O)COc1ccc(NS(C)(=O)=O)cc1,0.99302715,train
Cc1ccc(CCNC[C@H](O)COc2ccc(NS(C)(=O)=O)cc2)cc1C,0.75004315,train
CS(=O)(=O)Nc1ccc(OC[C@@H](O)CNCCc2ccc(F)c(F)c2)cc1,0.86171246,train
CS(=O)(=O)Nc1ccc(OC[C@@H](O)CNCCc2ccc(Cl)c(F)c2)cc1,0.88725644,train
CS(=O)(=O)Nc1ccc(OC[C@@H](O)CNCCc2ccc(Cl)cc2)cc1,0.93913525,train
CNc1noc2c(-c3ccc4c(N5CCOC[C@@H]5C)nncc4c3)c(C)ccc12,0.043726306,val
CC(C)(C)CCN1CC[C@@H](CNC(=O)c2cc(Cl)cc(Cl)c2)[C@H](F)C1,0.98954445,train
CC(C)(C)CCN1CC[C@H](CNC(=O)c2cc(Cl)cc(Cl)c2)[C@H](F)C1,0.992082,train
CC(C)(C)OCCN1CCC(CNC(=O)c2cc(Cl)cc(Cl)c2)CC1,0.97010887,train
CC(C)(C)C(F)CN1CCC(CNC(=O)c2cc(Cl)cc(Cl)c2)CC1,0.8919818,train
CC(C)(C)C(O)CN1CCC(CNC(=O)c2cc(Cl)cc(Cl)c2)CC1,0.97374344,train
CC(C)(C)C(=O)CN1CCC(CNC(=O)c2cc(Cl)cc(Cl)c2)CC1,0.9670691,train
CC(C)(C)CCN1CCC(CNC(=O)Cc2ccc(C(C)(C)C)cc2)CC1,0.9645198,val
CC(C)(C)CCN1CCC(CNC(=O)C2(c3ccc(F)cc3)CCCCC2)CC1,0.96540505,train
CC(C)(C)CCN1CCC(CNC(=O)c2cccc(Cl)c2)CC1,0.9445985,train
CC(C)(C)CCN1CCC(CNC(=O)c2ccc(Cl)c(Cl)c2)CC1,0.92565185,train
CC(C)(C)CCN1CCC(CNC(=O)c2cc(C(F)(F)F)cc(C(F)(F)F)c2)CC1,0.986479,train
CCC(C)C(C)CN1CCC(CNC(=O)c2cc(Cl)cc(Cl)c2)CC1,0.9601799,train
CC(CC(C)(C)C)N1CCC(CNC(=O)c2cc(Cl)cc(Cl)c2)CC1,0.98329216,train
O=C(NCC1CCN(Cc2ccc(Br)nc2)CC1)c1cc(Cl)cc(Cl)c1,0.8903086,val
O=C(NCC1CCN(Cc2cccc(C(F)(F)F)c2)CC1)c1cc(Cl)cc(Cl)c1,0.9900712,train
CC(C)(C)CCN1CCC(CNC(=O)c2cc(Cl)cc(Cl)c2)CC1,0.97812384,train
CC(C)(C)CCN1CCC(CNC(=O)Nc2cccc(Cl)c2)(c2ccccc2)CC1,0.9513932,train
Cc1ccc(CN2CCC(CNC(=O)c3cc(Cl)cc(Cl)c3)CC2)cc1,0.9673231,train
CC1(C)C[C@@H](CN2CCC(F)(CNC(=O)c3cc(Cl)cc(Cl)c3)CC2)CCO1,0.95770377,val
Cc1c(C(=O)c2ccc(Cl)cc2)c2ccc(OC(F)(F)F)cc2n1Cc1cccc(OC(C)C(=O)O)c1,0.86494666,val
C[C@H]1CN(Cc2ccc(CC(=O)N3CCC(Nc4cccc(F)c4)CC3)cc2)CCN1,0.40624437,train
CCN(CC)Cc1cc(Nc2ccnc3cc(Cl)ccc23)ccc1O,0.9859802,train
CCN(CC)Cc1ccc(Nc2ccnc3cc(Cl)ccc23)cc1O,0.98753047,train
CC(C)(C)NCc1ccc(Nc2ccnc3cc(Cl)ccc23)cc1O,0.9905504,train
CCNCc1cc(Nc2ccnc3cc(Cl)ccc23)ccc1O,0.90729487,train
COc1cncc(-c2cc(NC(C)=O)nc(-n3nc(C)cc3C)n2)c1,0.681673,test
CC(=O)Nc1cc(-c2cccc(N3CCN(C)CC3)n2)nc(-n2nc(C)cc2C)n1,0.49829495,val
CNCCC(c1ccccc1)c1c[nH]c2ccccc12,0.7655483,val
CCCCC1(c2ccc3[nH]ccc3c2)CCNC1,0.41668347,val
N#Cc1cc2cc(C3(Cc4ccccc4)CCNC3)ccc2[nH]1,0.6613145,train
Cn1ccc2cc(C3(Cc4ccccc4)CCNC3)ccc21,0.2814344,train
Fc1ccc(CC2(c3ccc4[nH]ccc4c3)CCNC2)cc1,0.66301316,train
c1ccc(CC2(c3ccc4sccc4c3)CCNC2)cc1,0.8383837,train
c1ccc(CC2(c3ccc4[nH]ccc4c3)CCNC2)cc1,0.37906897,train
Clc1ccc([C@]23CNC[C@H]2C3)cc1Cl,0.9901012,train
Nc1ccccc1NC(=O)c1ccc(N2CCC3(CC2)C(=O)NCN3c2ccccc2)nc1,0.108670205,val
Nc1ccccc1NC(=O)c1ccc(N2CCC3(CCN(S(=O)(=O)c4ccccc4)C3)C2)nc1,0.8836099,test
Nc1ccccc1NC(=O)c1ccc(N2CCC3(CC2)CNc2ccccc23)nc1,0.23330313,val
Nc1ccccc1NC(=O)c1ccc(N2CCC3(CC2)CNCc2ccccc23)nc1,0.44001225,test
Nc1ccccc1NC(=O)c1ccc(N2CCC3(CCNC3)CC2)nc1,0.31917197,test
Nc1ccc(-c2cccs2)cc1NC(=O)c1ccc(N2CCC3(CCNC3)CC2)nc1,0.8852897,train
Nc1ccc(-c2ccsc2)cc1NC(=O)c1ccc(N2CCC3(CCNC3)CC2)nc1,0.75076634,test
Cn1cc(-c2ccc(N)c(NC(=O)c3ccc(N4CCC5(CCNC5)CC4)nc3)c2)cn1,0.29676884,test
Cn1cnc(-c2ccc(N)c(NC(=O)c3ccc(N4CCC5(CCNC5)CC4)nc3)c2)c1,0.17729585,test
CC(=O)N1CCC2(CCN(c3ccc(C(=O)Nc4cc(-c5cccs5)ccc4N)cn3)CC2)C1,0.81720084,train
CCNC(=O)N1CCC2(CCN(c3ccc(C(=O)Nc4cc(-c5cccs5)ccc4N)cn3)CC2)C1,0.6496712,train
CS(=O)(=O)N1CCC2(CCN(c3ccc(C(=O)Nc4cc(-c5cccs5)ccc4N)cn3)CC2)C1,0.6258149,train
Nc1ccc(-c2cccs2)cc1NC(=O)c1ccc(N2CCC3(CC2)CCN(c2ncccn2)C3)nc1,0.9531489,train
Nc1ccc(-c2cccs2)cc1NC(=O)c1ccc(N2CCC3(CCN(CC(F)(F)F)C3)CC2)nc1,0.97837675,train
Nc1ccc(-c2cccs2)cc1NC(=O)c1ccc(N2CCC3(CCN(CCO)C3)CC2)nc1,0.93187225,train
Nc1ccc(-c2cccs2)cc1NC(=O)c1ccc(N2CCC3(CCN(CC(=O)O)C3)CC2)nc1,0.40636614,train
NC(=O)CN1CCC2(CCN(c3ccc(C(=O)Nc4cc(-c5cccs5)ccc4N)cn3)CC2)C1,0.44423252,train
CC(=O)N1CCC2(CCN(c3ccc(C(=O)Nc4cc(-c5cccs5)ccc4N)cn3)C2)C1,0.68341106,val
CC(=O)N1CC2(CCN(c3ccc(C(=O)Nc4cc(-c5cccs5)ccc4N)cn3)CC2)C1,0.73043513,train
CC(=O)N1CCC2(CCCN(c3ccc(C(=O)Nc4cc(-c5cccs5)ccc4N)cn3)C2)C1,0.78161746,val
CC(=O)N1CCCC12CCN(c1ccc(C(=O)Nc3cc(-c4cccs4)ccc3N)cn1)CC2,0.33153856,val
Nc1ccc(-c2cccs2)cc1NC(=O)c1ccc(N2CCC3(CC2)CNc2ccccc23)nc1,0.91365975,train
Nc1ccc(-c2cccs2)cc1NC(=O)c1ccc(N2CCC3(CCCC3O)CC2)nc1,0.93480873,val
Nc1ccc(-c2cccs2)cc1NC(=O)c1ccc(N2CCC3(CCNC3=O)CC2)nc1,0.20817256,test
Nc1ccc(-c2cccs2)cc1NC(=O)c1ccc(N2CCC3(CC2)CNC3=O)nc1,0.14486763,train
Nc1ccc(-c2cccs2)cc1NC(=O)c1ccc(N2CCC3(CC2)CNC(=O)C3)nc1,0.47460246,test
Nc1ccc(-c2cccs2)cc1NC(=O)c1ccc(N2CCC3(CC2)NC(=O)NC3=O)nc1,0.2107146,val
Nc1ccc(-c2cccs2)cc1NC(=O)c1ccc(N2CCC3(CC2)NCNC3=O)nc1,0.3362072,test
Nc1ccc(-c2cccs2)cc1NC(=O)c1ccc(N2CCC3(CC2)C(=O)NCN3c2ccccc2)nc1,0.33392328,test
Nc1ccc(-c2cccs2)cc1NC(=O)c1ccc(N2CCC3(CC2)CNC(=O)N3)nc1,0.2180669,test
Nc1ccc(-c2ccccc2)cc1NC(=O)c1ccc(N2CCC3(CCNC3)CC2)nc1,0.68448156,val
Cc1ncc(C)c(C(=O)N2CCC([C@H](N)Cc3cc(F)c(F)cc3F)CC2)n1,0.022304762,test
Cc1nccnc1C(=O)N1CCC([C@H](N)Cc2cc(F)c(F)cc2F)CC1,0.042123094,test
N[C@H](Cc1cc(F)c(F)cc1F)C1CCN(C(=O)c2cnc3ncccn23)CC1,0.05571617,train
Cc1cc2ncc(C(=O)N3CCC([C@H](N)Cc4cc(F)c(F)cc4F)CC3)c(C)n2n1,0.08440862,val
Cc1ccc2c(N3CCN(CCc4ccc5c(c4)NC(=O)CO5)CC3)cccc2n1,0.95607066,train
Cc1ccc2c(N3CCN(CCc4ccc5c(c4)N(C)C(=O)CO5)CC3)cccc2n1,0.9593884,train
Cc1ccc2c(N3CCN(CCc4cccc5c4OCC(=O)N5)CC3)cccc2n1,0.9260875,train
Cc1ccc2c(N3CCN(CCc4cccc5c4OCC(=O)N5C)CC3)cccc2n1,0.95072544,train
Cc1ccc2c(N3CCN(CCc4ccc5c(c4)OCC(=O)N5)CC3)cccc2n1,0.915438,train
Cc1ccc2c(N3CCN(CCc4ccc5c(c4)OCC(=O)N5C)CC3)cccc2n1,0.8854981,train
CCN1C(=O)COc2c(CCN3CCN(c4cccc5nc(C)ccc45)CC3)cccc21,0.9523381,train
Cc1ccc2c(N3CCN(CCc4cccc5c4OCC(=O)N5C(C)C)CC3)cccc2n1,0.8613404,train
Cc1ccc2c(N3CCN(CCc4cccc5c4OCC(=O)N5C4CC4)CC3)cccc2n1,0.85928434,test
Cc1ccc2c(N3CCN(CCc4cccc5c4OCC(=O)N5CC4CC4)CC3)cccc2n1,0.96658427,test
Cc1ccc2c(N3CCN(CCc4cccc5c4OCC(=O)N5CC(F)F)CC3)cccc2n1,0.9520015,train
Cc1ccc2c(N3CCN(CCc4cccc5c4OCC(=O)N5C)[C@H](C)C3)cccc2n1,0.91615534,train
Cc1ccc2c(N3CCN(CCc4cccc5c4OCC(=O)N5C)[C@@H](C)C3)cccc2n1,0.8750176,train
Cc1ccc2c(N3CCN(CCc4cccc5c4OCC(=O)N5C)CC3)cc(F)cc2n1,0.9692636,train
Cc1ccc2c(N3CCN(CCc4cccc5c4OCC(=O)N5C)[C@H](C)C3)cc(F)cc2n1,0.95323247,train
Cc1ccc2c(N3CCN(CCCc4cccc5c4OCC(=O)N5C)CC3)cccc2n1,0.94598573,train
Cc1ccc2c(N3CCN(CCCc4cccc5c4OCC(=O)N5C)[C@H](C)C3)cccc2n1,0.9153144,train
Cc1ccc2c(N3CCN(CCCc4cccc5c4OCC(=O)N5C)CC3)cc(F)cc2n1,0.9663839,train
Cc1ccc2c(N3CCN(CCCc4cccc5c4OCC(=O)N5C)[C@H](C)C3)cc(F)cc2n1,0.95278394,train
Cc1ccc2c(N3CCN(CCCc4cccc5c4OCC(=O)N5)CC3)cccc2n1,0.9107264,train
COc1cc(-n2cnc3cc(-c4ccc(Cl)cc4)sc3c2=O)ccc1OCCN1CCCC1,0.9871531,test
COc1cc(-n2ccnc(NCCc3ccccc3)c2=O)ccc1OCCN1CCCC1,0.95950747,train
COc1cc(-n2ccnc(CCCc3ccccc3)c2=O)ccc1OCCN1CCCC1,0.9676958,train
c1ccc2cc(CO[C@H]3CCNC3)ccc2c1,0.42882618,train
c1ccc2cc(CO[C@@H]3CCNC3)ccc2c1,0.22034504,train
N#Cc1ccc2cc(CO[C@H]3CCNC3)ccc2c1,0.68854946,train
Fc1ccc2cc(CO[C@@H]3CCNC3)ccc2c1,0.40362415,train
CCCCN(C1CCNCC1)S(=O)(=O)c1ccc2ccccc2c1,0.98971564,test
CCCCN([C@H]1CCNC1)S(=O)(=O)c1ccc2ccccc2c1,0.95868975,val
c1ccc2cc(OCC3CCNCC3)ccc2c1,0.88426733,train
N#Cc1ccc2ccc(OCC3CCNCC3)cc2c1,0.95095134,train
Fc1ccc2cc(CCN3CCNCC3)ccc2c1,0.9271063,train
Cc1c(CCN2CCNCC2)ccc2cc(F)ccc12,0.8047872,train
Cc1n[nH]c(-c2cc(C(F)(F)F)cc(S(=O)(=O)N3CCN(C(=O)C4C[C@H]4c4ccc(C(F)(F)F)cc4)CC3)c2)n1,0.9971041,val
O=C(C1C[C@H]1c1ccc(C(F)(F)F)cc1)N1CCN(S(=O)(=O)c2cc(-c3c[nH]nn3)cc(C(F)(F)F)c2)CC1,0.9991404,train
O=C(C1C[C@H]1c1ccc(C(F)(F)F)cc1)N1CCN(S(=O)(=O)c2cc(-c3nc(O)cs3)cc(C(F)(F)F)c2)CC1,0.988596,test
O=C(C1C[C@H]1c1ccc(C(F)(F)F)cc1)N1CCN(S(=O)(=O)c2cc(-c3cn[nH]c3)cc(C(F)(F)F)c2)CC1,0.9992995,train
O=C(C1C[C@H]1c1ccc(C(F)(F)F)cc1)N1CCN(S(=O)(=O)c2cc(-c3cc[nH]n3)cc(C(F)(F)F)c2)CC1,0.9993729,train
O=C(C1C[C@H]1c1ccc(C(F)(F)F)cc1)N1CCN(S(=O)(=O)c2cc(-c3ncon3)cc(C(F)(F)F)c2)CC1,0.9985624,train
O=C(C1C[C@H]1c1ccc(C(F)(F)F)cc1)N1CCN(S(=O)(=O)c2cc(C(O)C(F)(F)F)cc(C(F)(F)F)c2)CC1,0.999419,train
O=C(C1C[C@H]1c1ccc(C(F)(F)F)cc1)N1CCN(S(=O)(=O)c2cc(C(F)(F)F)cc(C(F)(F)CO)c2)CC1,0.98917305,train
CC(C)(O)c1cc(C(F)(F)F)cc(S(=O)(=O)N2CCN(C(=O)C3C[C@H]3c3ccc(C(F)(F)F)cc3)CC2)c1,0.9977823,train
O=C(C1C[C@H]1c1ccc(C(F)(F)F)cc1)N1CCN(S(=O)(=O)c2cc(CCO)cc(C(F)(F)F)c2)CC1,0.9981931,train
Cc1[nH]ncc1-c1cc(C(F)(F)F)cc(S(=O)(=O)N2CCN(C(=O)C3C[C@H]3c3ccc(C(F)(F)F)cc3)CC2)c1,0.9991848,train
O=C(C1C[C@H]1c1ccc(C(F)(F)F)cc1)N1CCN(S(=O)(=O)c2cc(-c3nc[nH]n3)cc(C(F)(F)F)c2)CC1,0.99911445,val
Cc1nn(-c2c(Cl)cccc2NS(C)(=O)=O)cc1CN1CCC2(CC1)OCc1ccccc12,0.14167775,train
Cc1cccnc1-n1cc(CN2CCC3(CC2)OCc2ccccc23)c(C)n1,0.61342365,train
Cc1nn(-c2ncccc2Cl)cc1CN1CCC2(CC1)OCc1ccccc12,0.7542982,train
Cc1nn(-c2ccccc2)cc1CN1CCC2(CC1)OCc1ccccc12,0.90344673,train
O=C1NCCc2nc(-c3ccc(CN4CCC(c5n[nH]c(-c6ccccn6)n5)CC4)cc3)c(-c3ccccc3)cc21,0.97889745,val
CN1CCN(c2ccc3nc(-c4ccc(CN5CCC(c6n[nH]c(-c7ccccn7)n6)CC5)cc4)c(-c4ccccc4)nc3n2)CC1,0.999049,train
CN1CCN(c2ccc3nc(-c4ccccc4)c(-c4ccc(CN5CCC(c6n[nH]c(-c7ccc(N)nc7)n6)CC5)cc4)nc3n2)CC1,0.9984207,val
CN1CCN(c2ccc3nc(-c4ccccc4)c(-c4ccc(CN5CCC(c6n[nH]c(-c7ncccn7)n6)CC5)cc4)nc3n2)CC1,0.99631304,test
CN(C)CCN1CCN(c2ccc3nc(-c4ccccc4)c(-c4ccc(CN5CCC(c6n[nH]c(-c7ccccn7)n6)CC5)cc4)nc3n2)CC1,0.99964774,train
CN1CCN(c2ccc3nc(-c4ccccc4)c(-c4ccc(CN5CCC(c6n[nH]c(-c7ccccn7)n6)CC5)cc4)nc3n2)CC1,0.999049,train
CN(C)CCN1CCN(c2ncc3cc(-c4ccccc4)c(-c4ccc(CN5CCC(c6n[nH]c(-c7cc[n+]([O-])cc7)n6)CC5)cc4)nc3n2)CC1,0.9974837,train
CN1CCN(c2ncc3cc(-c4ccccc4)c(-c4ccc(CN5CCC(c6n[nH]c(-c7cc[n+]([O-])cc7)n6)CC5)cc4)nc3n2)CC1,0.98062044,train
CN(C)CCN1CCN(c2ncc3cc(-c4ccccc4)c(-c4ccc(CN5CCC(c6n[nH]c(-c7ccc(=O)[nH]c7)n6)CC5)cc4)nc3n2)CC1,0.99913627,val
O=c1ccc(-c2n[nH]c(C3CCN(Cc4ccc(-c5nc6nc(N7CCN(CCO)CC7)ncc6cc5-c5ccccc5)cc4)CC3)n2)c[nH]1,0.99861896,test
CN(C)CCN1CCN(c2ncc3cc(-c4ccccc4)c(-c4ccc(CN5CCC(c6n[nH]c(-c7ccc(N)nc7)n6)CC5)cc4)nc3n2)CC1,0.99965894,train
Nc1ccc(-c2n[nH]c(C3CCN(Cc4ccc(-c5nc6nc(N7CCN(CCO)CC7)ncc6cc5-c5ccccc5)cc4)CC3)n2)cn1,0.99932957,train
CN1CCN(c2ncc3cc(-c4ccccc4)c(-c4ccc(CN5CCC(c6n[nH]c(-c7ccc(N)nc7)n6)CC5)cc4)nc3n2)CC1,0.99908054,train
CN(C)CCN1CCN(c2ncc3cc(-c4ccccc4)c(-c4ccc(CN5CCC(c6n[nH]c(-c7ncccn7)n6)CC5)cc4)nc3n2)CC1,0.9994973,train
COc1ccc(-c2n[nH]c(C3CCN(Cc4ccc(-c5nc6cc[nH]c(=O)c6cc5-c5ccccc5)cc4)CC3)n2)cn1,0.9986356,train
O=c1[nH]ccc2nc(-c3ccc(CN4CCC(c5n[nH]c(-c6cnccn6)n5)CC4)cc3)c(-c3ccccc3)cc12,0.99423164,train
Nc1ccc(-c2n[nH]c(C3CCN(Cc4ccc(-c5nc6cc[nH]c(=O)c6cc5-c5ccccc5)cc4)CC3)n2)cn1,0.99629825,train
CN(C)CCN1CCN(c2ncc3cc(-c4ccccc4)c(-c4ccc(CN5CCC(c6n[nH]c(-c7ccccn7)n6)CC5)cc4)nc3n2)CC1,0.99979895,train
O=C(Nc1ccc(S(=O)(=O)Nc2ccccc2C(=O)c2ccccc2)cc1)OCC1CCCO1,0.9551534,test
O=C(NCCCN1CCCCC1)Nc1ccc(S(=O)(=O)Nc2ccccc2C(=O)c2ccccc2)cc1,0.88894933,val
CN(C(=O)N1CC(c2cc(F)ccc2F)=C[C@@]1(CO)c1ccccc1)C1CCNCC1,0.032535024,train
CN1CC[C@H](N(C)C(=O)N2CC(c3cc(F)ccc3F)=C[C@@]2(CO)c2ccccc2)[C@@H](F)C1,0.01706383,train
CN1CC[C@H](N(C)C(=O)N2CC(c3cc(F)ccc3F)=C[C@@]2(CO)c2ccccc2)[C@H](F)C1,0.023953905,train
CN(C(=O)N1CC(c2cc(F)ccc2F)=C[C@@]1(CO)c1ccccc1)C1CCN(C2CC2)CC1,0.022884872,train
CN(C(=O)N1CC(c2cc(F)ccc2F)=C[C@@]1(CO)c1ccccc1)C1CCN(CCF)CC1,0.05489334,train
CN1CCC(N(C)C(=O)N2CC(c3cc(F)ccc3F)=C[C@@]2(CO)c2ccccc2)CC1,0.032948345,train
CN1CCC(N(C)C(=O)N2CC(c3cc(F)ccc3F)=C[C@H]2c2ccccc2)CC1,0.8250184,train
CN(C)C(=O)N1CC(c2cc(F)ccc2F)=C[C@@]1(CC[C@@H](N)C(F)F)c1ccccc1,0.011741146,train
Cc1ccccc1C1CCN(C[C@H]2CCc3cccnc3[C@@H](O)C2)CC1,0.6616407,train
Cc1ccccc1C1CCN(C[C@@H]2CCc3cccnc3[C@@H](O)C2)CC1,0.69868004,train
Cc1ccccc1C1CCN(C[C@@H]2CCc3c(C)cccc3[C@@H](O)C2)CC1,0.9158008,train
O[C@H]1C[C@H](CN2CC[C@H](c3ccc(F)cc3Cl)[C@@H](O)C2)CCc2cccnc21,0.03796838,train
Cc1cc(F)ccc1[C@@H]1CCN(C[C@@H]2CCc3cccnc3[C@@H](O)C2)C[C@H]1O,0.0321253,train
Cc1ccccc1[C@@H]1CCN(C[C@@H]2CCc3cccnc3[C@@H](O)C2)C[C@H]1O,0.030028004,train
Cc1ccccc1[C@@H]1CCN(C[C@@H]2CCc3cccnc3[C@@H](O)C2)C[C@H]1CO,0.067079835,train
Cc1ccccc1[C@@H]1CCN(C[C@@H]2CCc3cccnc3[C@@H](O)C2)C[C@H]1C,0.97076935,train
CC1(c2ccccc2)CCN(C[C@@H]2CCc3cccnc3[C@@H](O)C2)CC1,0.14697462,train
O[C@H]1C[C@H](CN2CCC(c3ccccc3)CC2)CCc2cccnc21,0.50625265,train
Cc1ccccc1N1CCN(C[C@@H]2CCc3cccnc3[C@@H](O)C2)CC1,0.10145299,train
O[C@H]1C[C@H](CN2CCC(c3ccccc3Cl)CC2)CCc2cccnc21,0.84228444,train
O[C@H]1C[C@H](CN2CCC(c3c(Cl)cccc3Cl)CC2)CCc2cccnc21,0.9273175,train
Cc1noc(/C(=C/c2cccc(-c3cc(C(C)(C)S(C)(=O)=O)cc4cccnc34)c2)c2ccc(S(C)(=O)=O)cc2)n1,0.64773625,test
O=C(Nc1c(Cl)cncc1Cl)c1cn(-c2ccc(Cl)cc2)c2ncccc2c1=O,0.78534746,test
Cc1noc(/C(=C/c2cccc(-n3cc(C(=O)Nc4c(Cl)cncc4Cl)c(=O)c4cccnc43)c2)c2ccc(S(C)(=O)=O)cc2)n1,0.7650634,train
CC(C)NC(=O)c1cn(-c2ccccc2)c2ncccc2c1=O,0.08724708,train
CC(C)NC(=O)c1cn(-c2cccc(Br)c2)c2ncccc2c1=O,0.38167912,train
CC(C)CNC(=O)c1cn(-c2cccc(Br)c2)c2ncccc2c1=O,0.34379,train
CC(=O)c1cccc(-c2cccc(-n3cc(C(=O)NC(C)C)c(=O)c4cccnc43)c2)c1,0.22511643,train
CC(=O)c1cccc(-c2cccc(-n3cc(C(=O)Nc4nccc(Cl)c4Cl)c(=O)c4cccnc43)c2)c1,0.8336915,train
CCOc1cccc(-c2cccc(-n3cc(C(=O)NC(C)C)c(=O)c4cccnc43)c2)c1,0.5031051,train
CSc1ccc(-c2cccc(-n3cc(C(=O)NC(C)C)c(=O)c4cccnc43)c2)cc1,0.9793353,train
CC(=O)c1ccc(-c2cccc(-n3cc(C(=O)NC(C)C)c(=O)c4cccnc43)c2)cc1,0.15427768,train
CC(C)NC(=O)c1cn(-c2cccc(-c3ccc(S(C)(=O)=O)cc3)c2)c2ncccc2c1=O,0.29781428,train
O=C(NC1CC1)c1cn(-c2cccc(-c3ccncc3)c2)c2ncccc2c1=O,0.10723075,val
CS(=O)(=O)c1ccc(-c2cccc(-n3cc(C(=O)NC4CC4)c(=O)c4cccnc43)c2)cn1,0.029066889,train
CC(C)(O)c1ccc(-c2cccc(-n3cc(C(=O)NC4CC4)c(=O)c4cccnc43)c2)cn1,0.04330127,train
CC(C)(O)c1ccc(-c2cccc(-n3cc(C(=O)NC4CC4)c(=O)c4cccnc43)c2)c[n+]1[O-],0.01134906,train
O=C(NC1CC1)c1cn(-c2cccc(C#Cc3cccnc3)c2)c2ncccc2c1=O,0.05182112,train
O=C(NC1CC1)c1cn(-c2cccc(C#Cc3ccc[n+]([O-])c3)c2)c2ncccc2c1=O,0.005885553,train
CC(C)(O)c1ccc(C#Cc2cccc(-n3cc(C(=O)NC4CC4)c(=O)c4cccnc43)c2)c[n+]1[O-],0.0038121245,train
O=C(NC1CC1)c1cn(-c2cccc(-c3cccnc3)c2)c2ncccc2c1=O,0.20703015,train
Cc1nc2ccccc2c(=O)n1-c1ccc(OC2CCCN(C3CCC3)CC2)cc1,0.99304515,test
Cc1nc2ccccc2c(=O)n1-c1ccc(OC2CCCN(C3CCCC3)CC2)cc1,0.9905003,val
Cc1nc2ccccc2c(=O)n1-c1ccc(OC2CCC(N3CCCC3)C2)cc1,0.98946863,val
Cc1nc2ccccc2c(=O)n1-c1ccc(O[C@H]2CC[C@@H](N3CCCC3)CC2)cc1,0.99504906,val
Cc1nc2ccc(Cl)cc2c(=O)n1-c1ccc(OC2CCN(C3CCC3)CC2)cc1,0.99799335,train
Cc1nc2cc(Cl)ccc2c(=O)n1-c1ccc(OC2CCN(C3CCC3)CC2)cc1,0.99872607,train
Cc1nc2c(Cl)cccc2c(=O)n1-c1ccc(OC2CCN(C3CCC3)CC2)cc1,0.99753296,train
CNC(=O)c1c(NCCC2CCCC2)nc(C#N)nc1OCC1CCN(C)CC1,0.13871746,test
CNC(=O)c1c(NCC2CCC3(CCC3)CC2)nc(C#N)nc1OCC1CCN(C(C)C)CC1,0.742135,train
CNC(=O)c1c(NCC2CCC3(CCC3)CC2)nc(C#N)nc1OCC1CCN(CCO)CC1,0.6974339,train
CNC(=O)c1c(NCC2CCC3(CCCC3)CC2)nc(C#N)nc1OCC1CCN(C)CC1,0.8140891,val
CNC(=O)c1c(NCC2CCC3(CC2)OCCO3)nc(C#N)nc1OCC1CCN(C)CC1,0.084954515,test
CNC(=O)c1c(NCC2CCC3(CCC3)CC2)nc(C#N)nc1OCCC1CCN(C)CC1,0.7853384,val
CNC(=O)c1c(NCC2CCC3(CCC3)CC2)nc(C#N)nc1OCC1CCN(C)CC1,0.80770653,train
CNC(=O)c1c(NCC2CCC3(CCC3)CC2)nc(C#N)nc1OC1CC(C)(C)NC(C)(C)C1,0.5122708,train
CNC(=O)c1c(NCC2CCC3(CCC3)CC2)nc(C#N)nc1OCC1CCNCC1,0.6501933,train
Cc1cc(C(=O)N2CCN(C(=O)C3CCCO3)CC2)ccc1OCc1cccc(Cl)c1,0.59990484,val
CN1CCN(C(=O)c2ccc(OCc3cccc(Cl)c3)c(Cl)c2)CC1=O,0.1885857,train
ClCc1nnc2c3cc(-c4ccccc4)c(-c4ccc(CN5CCC(c6n[nH]c(-c7ccccn7)n6)CC5)cc4)nc3ccn12,0.99870884,train
Cc1nnc2c3cc(-c4ccccc4)c(-c4ccc(CN5CCC(c6n[nH]c(-c7ccccn7)n6)CC5)cc4)nc3ccn12,0.998374,train
O=c1[nH]nc2c3cc(-c4ccccc4)c(-c4ccc(CN5CCC(c6n[nH]c(-c7ccccn7)n6)CC5)cc4)nc3ccn12,0.98930395,val
Nc1nnc2c3cc(-c4ccccc4)c(-c4ccc(CN5CCC(c6n[nH]c(-c7ccccn7)n6)CC5)cc4)nc3ccn12,0.99783474,train
N#Cc1ccnc(C2=NC(c3ccc(F)cc3)(c3ccc(F)cc3)CN2)c1,0.99493897,train
Fc1ccc(C2(c3ccc(F)cc3)CN=C(c3cnccn3)N2)cc1,0.88387346,test
C[C@@H]1N=C(c2cc(C#N)ccn2)NC1(c1ccc(F)cc1)c1ccc(F)cc1,0.9986142,train
CC[C@@H]1N=C(c2cc(C#N)ccn2)NC1(c1ccc(F)cc1)c1ccc(F)cc1,0.998195,train
CCC[C@@H]1N=C(c2cc(C#N)ccn2)NC1(c1ccc(F)cc1)c1ccc(F)cc1,0.9996247,train
N#Cc1ccnc(C2=NC(c3ccc(F)cc3)(c3ccc(F)cc3)[C@H](CO)N2)c1,0.9429971,train
COc1ccc([C@]2(c3ccc(F)cc3)N=C(c3cc(C#N)ccn3)N[C@H]2C)cn1,0.99833196,train
C[C@@H]1N=C(c2cccc(C#N)c2)N[C@@]1(c1ccc(F)cc1)c1ccc(F)nc1,0.998774,train
C[C@@H]1N=C(c2cccc(C#N)n2)N[C@@]1(c1ccc(F)cc1)c1ccc(F)nc1,0.99308395,train
COc1ccnc(C2=N[C@@H](C)[C@](c3ccc(F)cc3)(c3ccc(F)nc3)N2)c1,0.99654573,train
C[C@@H]1N=C(c2cc(Cl)ccn2)N[C@@]1(c1ccc(F)cc1)c1ccc(F)nc1,0.99775165,train
CC(C)CNc1nc(C#N)nc(N2CCNCC2)c1N,0.07862471,val
CC(C)(C)CNc1nc(C#N)nc(N2CCOCC2)c1N,0.017804263,test
O=C(C1C[C@H](N2CCN(c3ncccn3)CC2)CN1)N1C[C@@H](F)[C@@H](F)C1,0.034852207,test
COc1ccc(NC(=O)c2ccc(C(=N)N(C)C)cc2)c(C(=O)Nc2ccc(Cl)cn2)c1,0.7249606,train
CN(C)C(=N)c1ccc(C(=O)Nc2ccc(Cl)cc2C(=O)Nc2ccc(Cl)cn2)c(F)c1,0.92191696,train
COc1ccc(NC(=O)c2ccc(C(=N)N(C)C)cc2F)c(C(=O)Nc2ccc(Cl)cn2)c1,0.7375727,train
CN1CCC(Nc2nccc(-c3c[nH]nc3-c3ccc(Cl)cc3)n2)CC1,0.99137866,train
Cc1nc2ccccc2c(=O)n1-c1ccc(OCCCN2CCCCC2)cc1,0.97224694,train
Cc1nc2ccccc2c(=O)n1-c1ccc(OCCCN2CCC[C@H](C)C2)cc1,0.9927971,train
Cc1nc2ccccc2c(=O)n1-c1ccc(OCCCN2CCC(C)C2)cc1,0.9867345,train
Cc1nc2ccccc2c(=O)n1-c1ccc(OCCCN2CCC[C@@H]2C)cc1,0.9698132,train
Cc1nc2ccccc2c(=O)n1-c1ccc(OCCCN2CCCCCC2)cc1,0.9716229,train
O=c1c2ccccc2ncn1-c1ccc(OCCCN2CCCC2)cc1,0.90285003,train
Cc1nc2c(C(F)(F)F)cccc2c(=O)n1-c1ccc(OCCCN2CCCC2)cc1,0.9914483,train
Cc1nc2cc(C(F)(F)F)ccc2c(=O)n1-c1ccc(OCCCN2CCCC2)cc1,0.99399626,train
Cc1nc2cccc(Cl)c2c(=O)n1-c1ccc(OCCCN2CCCC2)cc1,0.9828205,train
Cc1nc2cc(F)ccc2c(=O)n1-c1ccc(OCCCN2CCCC2)cc1,0.98406374,train
Cc1nc2ccc(F)cc2c(=O)n1-c1ccc(OCCCN2CCCC2)cc1,0.9791586,train
Cc1cccc2c(=O)n(-c3ccc(OCCCN4CCCC4)cc3)c(C)nc12,0.9789742,train
Cc1ccc2c(=O)n(-c3ccc(OCCCN4CCCC4)cc3)c(C)nc2c1,0.98621005,train
Cc1cccc2nc(C)n(-c3ccc(OCCCN4CCCC4)cc3)c(=O)c12,0.9838959,train
O=c1c2ccccc2nc(-c2ccccc2)n1-c1ccc(OCCCN2CCCC2)cc1,0.9965996,train
CC(C)c1nc2ccccc2c(=O)n1-c1ccc(OCCCN2CCCC2)cc1,0.9835239,train
CCCc1nc2ccccc2c(=O)n1-c1ccc(OCCCN2CCCC2)cc1,0.99312955,train
CCc1nc2ccccc2c(=O)n1-c1ccc(OCCCN2CCCC2)cc1,0.96948606,train
Cc1ncc(-c2ccnc(Nc3ccc(N4CCN(S(C)(=O)=O)CC4)cc3)n2)n1C(C)C,0.029342916,train
Cc1ncc(-c2nc(Nc3ccc(N4CCOCC4)cc3)ncc2F)n1C(C)C,0.025772737,train
Cc1ncc(-c2nc(Nc3ccc(N4CCN(C(=O)CO)CC4)cc3)ncc2F)n1C(C)C,0.02621391,train
COCCS(=O)(=O)N1CCN(c2ccc(Nc3nccc(-c4cnc(C)n4C(C)C)n3)cc2)CC1,0.17314853,train
Cc1ncc(-c2ccnc(Nc3ccc(N4CCN(S(=O)(=O)CCN(C)C)CC4)cc3)n2)n1C(C)C,0.21704607,train
CC(C)C(=O)N(Cc1ccccc1-c1ccccc1)[C@H]1CCNC1,0.278487,train
CCOC(=O)N(Cc1ccccc1-c1ccccc1)[C@H]1CCNC1,0.8984132,train
COC(=O)C(CCCN(C)CCCc1nc2ccccc2[nH]1)(c1ccc(Br)cc1)C(C)C,0.99780995,train
CC(C)C(=O)N(Cc1cccc(Cl)c1Cl)[C@H]1CCNC1,0.19308892,train
CC(C)C(=O)N(Cc1ccc(Cl)cc1Cl)[C@H]1CCNC1,0.65412694,train
Fc1ccc(-c2noc(C3CCN(c4cnc5ccc(Cl)cc5c4)CC3)n2)c(Cl)c1,0.99701285,train
c1ccc2sc(Oc3ccc(CCN4CCCCC4)cc3)nc2c1,0.9962843,train
CC(=O)OCC(=O)NC1CCN(Cc2ccc(Oc3nc4ccccc4s3)cc2)CC1,0.145022,train
CC(=O)NC1CCN(Cc2ccc(Oc3nc4ccccc4s3)cc2)CC1,0.5616384,train
O=C1OCCN1C1CCN(Cc2ccc(Oc3nc4ccccc4s3)cc2)CC1,0.69255126,val
O=C1CCCN1C1CCN(Cc2ccc(Oc3nc4ccccc4s3)cc2)CC1,0.70962876,test
CC(=O)OCC(=O)NC1CCN(CCc2ccc(Oc3nc4ccccc4s3)cc2)CC1,0.77212834,train
CC(=O)NC1CCN(CCc2ccc(Oc3nc4ccccc4s3)cc2)CC1,0.9623528,train
O=C1OCCN1C1CCN(CCc2ccc(Oc3nc4ccccc4s3)cc2)CC1,0.98091185,train
O=C1CCCN1C1CCN(CCc2ccc(Oc3nc4ccccc4s3)cc2)CC1,0.98233,train
OC1CCN(CCc2ccc(Oc3nc4ccccc4s3)cc2)CC1,0.9850122,train
c1ccc2oc(Oc3ccc(OCCN4CCCCC4)cc3)nc2c1,0.87907577,train
O=C1CCCCN1C1CCN(CCOc2ccc(Oc3nc4ccccc4s3)cc2)CC1,0.93631405,test
O=C1OCCN1C1CCN(CCOc2ccc(Oc3nc4ccccc4s3)cc2)CC1,0.83688915,test
C1=C(CSC(=NC2CCCCC2)NC2CCCCC2)N2CCN=C2S1,0.6113734,train
CC1(C)CN2C(CSC(=NC3CCCCC3)NC3CCCCC3)=CSC2=N1,0.10288893,train
Cc1ncc(-c2ccnc(Nc3ccc(S(C)(=O)=O)cc3)n2)n1C(C)C,0.6631701,train
Cc1ncc(-c2ccnc(Nc3ccc(C(N)=O)cc3)n2)n1C(C)C,0.22704996,train
Cc1ncc(-c2ccnc(Nc3ccc(C(=O)N(C)C)cc3)n2)n1C(C)C,0.20133275,train
Cc1ncc(-c2ccnc(Nc3ccc(C(=O)NC4CC4)cc3)n2)n1C(C)C,0.31155708,train
Cc1ncc(-c2nc(Nc3ccc(C(N)=O)cc3)ncc2F)n1C(C)C,0.07740749,train
CNC(=O)c1ccc(Nc2ncc(F)c(-c3cnc(C)n3C(C)C)n2)cc1,0.0654016,train
Cc1ncc(-c2nc(Nc3ccc(C(=O)N(C)C)cc3)ncc2F)n1C(C)C,0.06309025,train
Cc1ncc(-c2ccnc(Nc3ccc(C(N)=O)c(F)c3)n2)n1C(C)C,0.44074547,train
CNC(=O)c1ccc(Nc2nccc(-c3cnc(C)n3C(C)C)n2)cc1F,0.26224366,train
Cc1ncc(-c2ccnc(Nc3ccc(C(=O)N(C)C)c(F)c3)n2)n1C(C)C,0.4290885,train
Cc1ncc(-c2nc(Nc3ccc(C(N)=O)c(F)c3)ncc2F)n1C(C)C,0.1648247,train
CNC(=O)c1ccc(Nc2ncc(F)c(-c3cnc(C)n3C(C)C)n2)cc1F,0.08314679,train
Cc1ncc(-c2nc(Nc3ccc(C(=O)N(C)C)c(F)c3)ncc2F)n1C(C)C,0.15790841,train
CN(C)Cc1ccccc1Oc1ccc(Cl)c(Cl)c1,0.9747864,train
CNCc1cc(F)ccc1Oc1ccc(Cl)c(Cl)c1,0.926946,train
CNCc1ccccc1Oc1ccc(Cl)c(Cl)c1,0.89429694,train
CSc1ccc(Oc2ccccc2CN(C)C)cc1,0.9977442,train
CC(c1ccccc1Oc1ccc(Cl)c(Cl)c1)N(C)C,0.82991695,train
CN(C)Cc1ccc(C(F)(F)F)cc1Oc1ccc(Cl)c(Cl)c1,0.9926328,train
CNCc1cc(F)ccc1Oc1ccc(C)c(C)c1,0.70725006,train
CNCc1ccc(C(F)(F)F)cc1Oc1ccc(Cl)c(Cl)c1,0.9727486,train
CNCc1ccc(Cl)cc1Oc1ccc(Cl)c(Cl)c1,0.98594254,train
CNC(C)c1cc(F)ccc1Oc1ccc(Cl)c(Cl)c1,0.9166772,train
CNCc1ccc(F)cc1Oc1ccc(Cl)c(Cl)c1,0.9332775,train
CNC(C)c1ccccc1Oc1ccc(Cl)c(Cl)c1,0.8863907,train
CNCc1cc(F)ccc1Oc1ccc(Cl)cc1,0.9790086,train
CNC(C)c1cc(F)ccc1Oc1ccc(Cl)cc1,0.970155,train
Cc1ccc(Oc2ccc(Cl)c(Cl)c2)c(CN(C)C)c1,0.9869681,train
CNCc1ccc(Br)cc1Oc1ccc(Cl)c(Cl)c1,0.98742515,train
CNCc1cc(Br)ccc1Oc1ccc(Cl)c(Cl)c1,0.97305864,train
CNCc1cc(OC)c(OC)cc1Oc1ccc(Cl)c(Cl)c1,0.8003361,train
COc1ccc(CN(C)C)c(Oc2ccc(Cl)c(Cl)c2)c1,0.95496863,train
CNCc1cc(C#N)ccc1Oc1ccc(Cl)c(Cl)c1,0.95206106,train
CNCc1cc(S(=O)(=O)NC)ccc1Oc1ccc(Cl)c(Cl)c1,0.3803987,train
CNCc1cc(C)c(C)cc1Oc1ccc(Cl)c(Cl)c1,0.82573295,train
CNCc1ccc(C#N)cc1Oc1ccc(Cl)c(Cl)c1,0.9649281,train
CNCc1cc(C(N)=O)ccc1Oc1ccc(Cl)c(Cl)c1,0.5718212,train
CNCc1cc(C(F)(F)F)ccc1Oc1ccc(Cl)c(Cl)c1,0.9718421,train
CNCc1cc(F)c(Cl)cc1Oc1ccc(Cl)c(Cl)c1,0.91344464,train
CNCc1ccc(OC)cc1Oc1ccc(Cl)c(Cl)c1,0.82684714,train
CNCc1cc(F)ccc1Oc1ccc(Cl)c(F)c1,0.9087853,train
CNCc1cc(F)ccc1Oc1ccc(F)c(Cl)c1,0.89384496,train
CNC(C)c1cc(C(F)(F)F)ccc1Oc1ccc(Cl)c(Cl)c1,0.9653126,train
CNC(C)c1cc(C)ccc1Oc1ccc(Cl)c(Cl)c1,0.9414695,train
CNC(C)c1ccc(OC)cc1Oc1ccc(Cl)c(Cl)c1,0.7362437,train
CNCc1cc(F)c(OC)cc1Oc1ccc(Cl)c(Cl)c1,0.7619342,train
CNCc1ccc(C(F)(F)F)cc1Oc1ccc(Cl)cc1,0.9921307,train
CNCc1cc(C(F)(F)F)ccc1Oc1ccc(C)cc1,0.96314174,train
CNCc1ccc(Cl)cc1Oc1ccc(C)c(C)c1,0.9345363,train
CNCc1ccc(Cl)cc1Oc1ccc(C)cc1,0.98215044,train
CCc1cc(Oc2ccc(F)cc2CNC)ccc1Cl,0.8684837,train
CCc1cc(Oc2cc(Cl)ccc2CNC)ccc1Cl,0.97420496,train
CNCc1ccc(Cl)cc1Oc1ccc(Cl)cc1,0.9939354,train
CNC(C)c1ccc(Cl)cc1Oc1ccc(C)cc1,0.9781465,train
CNC(C)c1ccc(Cl)cc1Oc1ccc(C)c(C)c1,0.9310152,train
CNCc1cc(Cl)ccc1Oc1ccc(C)c(C)c1,0.89376974,train
CNCc1cc(Cl)ccc1Oc1ccc(Cl)c(Cl)c1,0.97723836,train
CNCc1cc(Cl)ccc1Oc1ccc(Cl)cc1,0.9912108,train
CNCc1ccc(Cl)cc1Oc1ccc(C)c(Cl)c1,0.962201,train
CNCc1ccc(Cl)cc1Oc1ccc(Cl)c(C)c1,0.97723365,train
CNCc1ccc(Cl)cc1Oc1cccc(Cl)c1,0.9931312,train
CNCc1ccc(Cl)cc1Oc1ccc(F)c(C)c1,0.9616927,train
CNCc1ccc(Cl)cc1Oc1ccc(F)c(Cl)c1,0.97986835,train
CNCc1ccc(Cl)cc1Oc1ccc(F)c(C(F)(F)F)c1,0.9943498,train
CNCc1ccc(Cl)cc1Oc1ccc(Cl)c(F)c1,0.9828106,train
Cn1c(-c2ccc(OC3CCN(C4CCC4)CC3)cc2)nc2c(F)cccc2c1=O,0.9911521,train
Cn1c(-c2ccc(OC3CCN(C4CCC4)CC3)cc2)nc2c(C(F)(F)F)cccc2c1=O,0.9974336,train
Cn1c(-c2ccc(OC3CCN(C4CCC4)CC3)cc2)nc2c(Cl)cccc2c1=O,0.9964474,train
Cc1cccc2c(=O)n(C)c(-c3ccc(OC4CCN(C5CCC5)CC4)cc3)nc12,0.99377775,train
COc1ccc2c(=O)n(C)c(-c3ccc(OC4CCN(C5CCC5)CC4)cc3)nc2c1,0.99212694,train
COc1ccc2nc(-c3ccc(OC4CCN(C5CCC5)CC4)cc3)n(C)c(=O)c2c1,0.992462,train
Cn1c(-c2ccc(OC3CCN(C4CCCC4)CC3)cc2)nc2ccccc2c1=O,0.98760474,val
Cn1c(-c2ccc(OC3CCN(C4CCC4)CC3)cc2)nc2ccccc2c1=O,0.99091816,train
Cn1c(-c2ccc(OCCCN3CCCC3)cc2)nc2ccccc2c1=O,0.9604338,val
O=c1c2ccccc2nc(-c2ccc(OCCCN3CCCCC3)cc2)n1-c1ccccc1,0.99719584,val
O=c1c2ccccc2nc(-c2ccc(OCCCN3CCCCC3)cc2)n1Cc1ccccc1,0.99636143,val
CC(C)n1c(-c2ccc(OCCCN3CCCCC3)cc2)nc2ccccc2c1=O,0.97978026,train
CCCn1c(-c2ccc(OCCCN3CCCCC3)cc2)nc2ccccc2c1=O,0.9737959,train
CCn1c(-c2ccc(OCCCN3CCCCC3)cc2)nc2ccccc2c1=O,0.89371735,train
Cn1c(-c2ccc(OCCCN3CCCCC3)cc2)nc2ccccc2c1=O,0.9628115,train
CN1CC(C)(NC(=O)Nc2cccc(-c3nnnn3C)c2)C(CN2CCC[C@@H](Cc3ccc(F)cc3)C2)OC1=O,0.039152417,test
Nc1ccc(-c2cccs2)cc1N,0.9074703,test
Nc1ccc(-c2ccsc2)cc1N,0.7643415,test
Nc1ccc(-c2cccs2)cc1NC(=O)c1ccc(CN2CCC3(CCCN3)CC2)cc1,0.9889999,test
Nc1ccc(-c2ccsc2)cc1NC(=O)c1ccc(CN2CCC3(CCCN3)CC2)cc1,0.97277415,val
Nc1ccc(-c2ccccc2F)cc1NC(=O)c1ccc(CN2CCC3(CCCN3)CC2)cc1,0.96624905,train
Nc1ccc(-c2cccc(F)c2)cc1NC(=O)c1ccc(CN2CCC3(CCCN3)CC2)cc1,0.98349035,train
Nc1ccc(-c2ccc(F)cc2)cc1NC(=O)c1ccc(CN2CCC3(CCNC3)CC2)cc1,0.9642741,train
Nc1ccc(-c2cccs2)cc1NC(=O)c1ccc(C(=O)N2CCC3(CCCN3)CC2)cc1,0.71653694,val
Nc1ccc(-c2ccccc2)cc1NC(=O)c1ccc(C(=O)N2CCC3(CCCN3)CC2)cc1,0.44609123,train
Cc1cccc(C)c1C(=O)N1CCC(N2CC[C@@H](N(Cc3ccccc3)C(=O)C3CC3)C2)CC1,0.82936186,val
Cc1cccc(C)c1C(=O)N1CCC(N2CCC(N(Cc3ccccc3)C(=O)C3CCC3)CC2)CC1,0.89448535,val
CN(C)C(=O)C(c1ccc(C2=CN3N=CNC3C=C2)cc1)C(N)C(=O)N1CC[C@H](F)C1,0.1062344,val
CC(C)C(Oc1ccc(CNC(=O)C2CCCN2C(=O)C[C@H](N)Cc2cc(F)ccc2F)cc1)C(=O)O,0.011087312,train
CCOc1cc(N)c(Cl)cc1C(=O)NCC1CN(Cc2ccc(F)cc2)CCO1,0.70308435,test
CC(C[C@H](NC(=O)C1CCC1)c1ccccc1)N1CCC(n2cc(-c3ccccc3)[nH]c2=O)CC1,0.974176,train
CC(C[C@H](NC(=O)C1CCC1)c1ccccc1)N1CCC(c2[nH]ncc2-c2ccncc2)CC1,0.97431517,train
CCN(C(=O)Cc1ccc(OC)cc1)[C@H]1C[C@H]2CC[C@@H](C1)N2CC[C@H](NC(=O)C1CCC1)c1ccccc1,0.9828775,test
Cc1nnc(C)n1C1CCN(C(C)C[C@H](NC(=O)C2CCC2)c2ccccc2)CC1,0.6923641,train
CC(C)c1noc(C2CCN(C(C)C[C@H](NC(=O)C3CCC3)c3ccccc3)CC2)n1,0.98402566,val
CC(C[C@H](NC(=O)C1CCC1)c1ccccc1)N1CCC(c2nnc(CN(C)C)o2)CC1,0.17281616,val
Cc1nnc(C(C)C)n1C1CCN(C(C)C[C@H](NC(=O)C2CCC2)c2ccccc2)CC1,0.8229811,train
CS(=O)(=O)Nc1ccc2c(c1)[C@H](O)CC1(CCN([C@@H]3CCc4cc(C#N)ccc4C3)CC1)O2,0.98875296,train
Cc1cccc(C)c1NC(=O)CC12CCCN1CCC2,0.6770666,val
CN1CCN(C2=Nc3ccccc3Nc3sc(CO)cc32)CC1,0.050667487,train
Cc1c(CNC(C)C)nn(-c2ccc(Cl)cc2Cl)c1-c1ccc(Cl)cc1,0.99538344,val
Cc1c(CNC2CCCC2)nn(-c2ccc(Cl)cc2Cl)c1-c1ccc(Cl)cc1,0.9944564,val
Cc1c(CNC2CCCC2)nn(-c2ccc(Cl)cc2Cl)c1-c1cccnc1,0.9050044,train
Cc1c(CNC2CCCC2)nn(-c2ncccc2Cl)c1-c1cccnc1,0.11646644,train
Cc1c(CNC2CCCC2)nn(-c2ncccc2Cl)c1-c1ccc(Cl)nc1,0.16500032,train
Cc1ccc(-c2c(C)c(CNC3CCCC3)nn2-c2ncccc2Cl)cn1,0.106043175,train
Cc1cncc(-c2c(C)c(CNC3CCCC3)nn2-c2ncccc2Cl)c1,0.21562453,train
Cc1ccc(-c2c(C)c(CNC3CCCC3)nn2-c2ncc(Cl)cc2Cl)cn1,0.79729617,train
Cc1ccc(-c2c(C)c(CNC3CCCC3F)nn2-c2ncccc2Cl)cn1,0.033859964,train
Cc1ccc(-c2c(C)c(CN[C@H]3CC[C@@H](F)C3)nn2-c2ncccc2Cl)cn1,0.012752066,train
Cc1ccc(-c2c(C)c(CNC3CCC(F)(F)C3)nn2-c2ncccc2Cl)cn1,0.02700996,train
Cc1ncc(-c2c(C)c(CNC3CCCC3)nn2-c2ncccc2Cl)cc1F,0.099187635,train
Cc1ncc(-c2c(C)c(CN[C@H]3CC[C@@H](F)C3)nn2-c2ncccc2Cl)cc1F,0.011686596,train
COc1ccc(CC(C)(C)NCC(O)COc2ccccc2C#N)cc1,0.99090856,train
COc1ccc(CC(C)(C)NCC(O)COc2cccc(Cl)c2C#N)cc1,0.99809915,train
COc1ccc(CC(C)(C)NC[C@H](O)COc2cccc3[nH]c(=O)[nH]c23)cc1,0.73761064,val
CCN1CCN(c2cc3[nH]c(C(=O)[C@]4(C)CC[C@@H](NC(=O)OC)CC4)nc3cc2Cl)CC1,0.8934565,train
CCN1CCN(c2cc3[nH]c(C(=O)[C@]4(C)CC[C@@H](NC(=O)OC)CC4)nc3cc2C)CC1,0.7996704,train
CCN1CCN(c2cc3[nH]c(C(=O)C4(C)CCC(=O)CC4)nc3cc2Cl)CC1,0.46705726,train
CCN1CCN(c2cc3[nH]c(C(=O)[C@]4(C)CC[C@@](C)(O)CC4)nc3cc2Cl)CC1,0.09178166,train
CCN1CCN(c2cc3[nH]c(C(=O)[C@]4(C)CC[C@](C)(O)CC4)nc3cc2Cl)CC1,0.09879199,train
CCN1CCN(c2cc3[nH]c(C(=O)[C@]4(CC)CC[C@@](C)(O)CC4)nc3cc2Cl)CC1,0.058383107,train
C[C@@H]1CN(CCO)CCN1c1cc2[nH]c(SC(C)(C)C)nc2cc1Cl,0.9941445,train
CCN1CCN(c2cc3[nH]c(SC(C)(C)C)nc3cc2Cl)[C@H](C)C1,0.9972178,train
CCOC(=O)N1CCC(C)(Sc2nc3cc(Cl)c(N4CCN(CC)CC4)cc3[nH]2)CC1,0.99449944,test
CCN1CCN(c2cc3[nH]c(S[C@]4(C)CC[C@H](NC(=O)OC)CC4)nc3cc2Cl)CC1,0.9863179,train
CCN1CCN(c2cc3[nH]c(S[C@]4(C)CC[C@@H](NC(=O)OC)CC4)nc3cc2Cl)CC1,0.9781651,train
CCN1CCN(c2cc3[nH]c(SC4(C)CCC(NC(=O)OC)C4)nc3cc2Cl)CC1,0.98987633,train
CCN1CCN(c2cc3[nH]c(S[C@]4(C)CC[C@@H](c5nnn(C)n5)CC4)nc3cc2Cl)CC1,0.9309153,train
CCN1CCN(c2cc3[nH]c(S[C@]4(C)CC[C@@H](c5nnnn5C)CC4)nc3cc2Cl)CC1,0.8776402,test
CCN1CCN(c2cc3[nH]c(S[C@]4(C)CC[C@@H](c5nc(C)no5)CC4)nc3cc2Cl)CC1,0.995955,val
CCN1CCN(c2cc3[nH]c(S[C@]4(C)CC[C@@H](c5nnco5)CC4)nc3cc2Cl)CC1,0.94646966,train
O=c1n(C[C@@H](O)CO)c2ccccc2n1C1CCN(C[C@H]2[C@H]3CC[C@H](C3)C23CC3)CC1,0.5492802,test
CCN1C[C@@H]2[C@H](C1)[C@H]2CN(Cc1cccc(OC(F)(F)F)c1)C(=O)c1cn(C)cn1,0.9954509,train
Cn1cnc(C(=O)N(Cc2cccc(OC(F)(F)F)c2)C[C@H]2[C@@H]3CN(CC4CC4)C[C@@H]32)c1,0.997543,train
CN1C[C@@H]2[C@H](C1)[C@H]2CN(Cc1cccc(OC(F)(F)F)c1)C(=O)c1cn(C)cn1,0.9957294,train
Cn1cnc(C(=O)N(Cc2cccc(OC(F)(F)F)c2)C[C@H]2[C@@H]3CN(CC4CCCC4)C[C@@H]32)c1,0.9965664,val
CN1C[C@@H]2[C@H](C1)[C@H]2CN(Cc1ccc(F)c(Cl)c1)C(=O)c1cn(C)cn1,0.97715366,train
Cn1cnc(C(=O)N(Cc2ccc(F)c(Cl)c2)C[C@H]2[C@@H]3CNC[C@@H]32)c1,0.044399213,train
Cn1cnc(C(=O)N(Cc2cccc(Cl)c2)[C@H]2CC[C@@H](N)CC2)c1,0.028934373,val
CN1C[C@H]2CCN(c3ccc(-c4ccc(C#N)cc4)cc3)[C@H]2C1,0.99797195,test
Clc1cccc(OC(c2cccnc2)C2CCNCC2)c1Cl,0.9252663,val
Clc1cccc(OC(c2cccnc2)[C@@H]2CCCNC2)c1Cl,0.8891465,test
Clc1cccc(OC(c2ccccn2)[C@H]2CCNC2)c1Cl,0.47648588,val
Clc1cccc(OC(c2ccccc2)C2CCNCC2)c1Cl,0.98498756,test
O=C(NC1CC1c1ccccc1)N1CCC(c2nnco2)CC1,0.053531785,val
O=C(NC1CC1c1ccccc1)N1CCC(c2nc3ccccc3o2)CC1,0.22156718,val
O=C(NC1CC1c1ccccc1)N1CCC(c2nc(-c3ccccc3C(F)(F)F)no2)CC1,0.9142568,train
CS(=O)(=O)c1ccc(-c2noc(C3CCN(C(=O)NC4CC4c4ccccc4)CC3)n2)cc1,0.5563375,train
O=C(NC1CC1c1ccccc1)N1CCC(c2nc(-c3cccnc3)no2)CC1,0.3336922,train
O=C(NC1CC1c1ccccc1)N1CCC(c2nc(-c3ccncc3)no2)CC1,0.24955842,val
O=C(NC1CC1c1ccccc1)N1CCC(c2nc(-c3cnccn3)no2)CC1,0.17466792,train
O=C(NC1CC1c1ccccc1)N1CCC(c2nc(-c3nccc4ccccc34)no2)CC1,0.4784347,val
O=C(NC1CC1c1ccccc1)N1CCC(c2nc(-c3ccc4ccccc4n3)no2)CC1,0.7411015,train
O=C(Nc1ccc(C(F)(F)F)cc1)N1CCC(c2nc(-c3ccccn3)no2)CC1,0.7890805,train
O=C(NC1CCc2ccccc2CC1)N1CCC(c2nc(-c3ccccn3)no2)CC1,0.099725544,train
O=C(NC1CCc2ccccc2C1)N1CCC(c2nc(-c3ccccn3)no2)CC1,0.16406107,val
O=C(CN1CCN(Cc2ccn(-c3ccc(C(F)(F)F)cn3)c2)CC1)NC(c1ccc(F)cc1)c1ccc(F)cc1,0.87844735,val
O=C(CC1CCN(Cc2ccn(-c3ccc(C(F)(F)F)cn3)c2)CC1)NC(c1ccc(F)cc1)c1ccc(F)cc1,0.76345676,train
O=C(NCc1ccc(Cl)cc1Cl)C1CCN(Cc2ccn(-c3ccc(C(F)(F)F)cn3)c2)CC1,0.82453775,val
O=C(CC1CCN(Cc2ccn(-c3ccc(C(F)(F)F)cc3)c2)CC1)N(CCCO)Cc1ccc(F)cc1,0.9038993,test
COCC(O)CN(Cc1ccc(F)cc1)C(=O)CC1CCN(Cc2ccc(-c3ccc(Cl)cc3)o2)CC1,0.9449093,train
O=C(CC1CCN(Cc2ccc(-c3ccc(Cl)cc3)o2)CC1)NCC(O)C(F)(F)F,0.8778488,test
O=C(CC1CCN(Cc2ccc(-c3ccc(Cl)cc3)o2)CC1)N1CCCC(CO)C1,0.92765653,train
O=C(NCC1(O)CCCCC1)C1CCN(Cc2ccn(-c3ccc(C(F)(F)F)cc3)c2)CC1,0.5446577,train
O=C(NCc1ccc(O)cc1Cl)C1CCN(Cc2ccn(-c3ccc(C(F)(F)F)cc3)c2)CC1,0.74911284,train
O=C(NCc1ccc(Cl)cc1O)C1CCN(Cc2ccn(-c3ccc(C(F)(F)F)cc3)c2)CC1,0.90852916,train
O=C(NCc1c(O)cc(Cl)cc1Cl)C1CCN(Cc2ccn(-c3ccc(C(F)(F)F)cc3)c2)CC1,0.91804755,train
O=C(NCCc1ccccn1)C1CCN(Cc2ccn(-c3ccc(C(F)(F)F)cc3)c2)CC1,0.9109822,train
Cn1cccc1CNC(=O)CC1CCN(Cc2ccn(-c3ccc(C(F)(F)F)cc3)c2)CC1,0.65866035,train
CN(CCC(=O)N1CCCC1)C(=O)CC1CCN(Cc2ccn(-c3ccc(C(F)(F)F)cc3)c2)CC1,0.6984514,test
CCN(CC)C(=O)C1CCCN(C(=O)CC2CCN(Cc3ccn(-c4ccc(C(F)(F)F)cc4)c3)CC2)C1,0.9343326,test
O=C(CC1CCN(Cc2ccn(-c3ccc(C(F)(F)F)cc3)c2)CC1)N1CCCC(C(=O)N2CCCC2)C1,0.89953554,train
O=C(C1CCCCN1C(=O)CC1CCN(Cc2ccn(-c3ccc(C(F)(F)F)cc3)c2)CC1)N1CCCC1,0.6870771,train
O=C(CC1CCN(Cc2ccn(-c3ccc(C(F)(F)F)cc3)c2)CC1)N1CCN(C(=O)N2CCCC2)CC1,0.5024615,train
O=C(CC1CCN(Cc2ccn(-c3ccc(C(F)(F)F)cc3)c2)CC1)NC(c1ccccc1)c1c[nH]cn1,0.42111546,train
Cc1nccn1CC(NC(=O)CC1CCN(Cc2ccn(-c3ccc(C(F)(F)F)cc3)c2)CC1)c1ccccc1,0.04459167,train
O=C(CC1CCN(Cc2ccn(-c3ccc(C(F)(F)F)cc3)c2)CC1)NC(c1ccccc1)c1ccccn1,0.69016266,val
O=C(CC1CCN(Cc2ccn(-c3ccc(C(F)(F)F)cc3)c2)CC1)NC(c1ccncc1)c1ccc(Cl)cc1,0.96825635,val
O=C(CC1CCN(Cc2ccn(-c3ccc(C(F)(F)F)cc3)c2)CC1)NC(c1ccc(F)cc1)c1cccnc1,0.8158582,train
COc1ccc(C(NC(=O)CC2CCN(Cc3ccn(-c4ccc(C(F)(F)F)cc4)c3)CC2)c2ccc(F)cc2)cn1,0.9051156,train
CCCCC(NC(=O)CC1CCN(Cc2ccn(-c3ccc(C(F)(F)F)cc3)c2)CC1)c1ccc(OC)nc1,0.9677759,val
O=C(NC1CCN(Cc2ccn(-c3ccc(C(F)(F)F)cc3)c2)CC1)NC(c1ccccc1)c1ccccc1,0.826156,val
O=C(NCc1ccc(Cl)cc1Cl)N1CCN(Cc2ccn(-c3ccc(C(F)(F)F)cc3)c2)CC1,0.91016424,test
C[C@@H]1Sc2ccccc2O[C@@H]1c1ccc(OCCCN2CCCC2)cc1,0.9984956,train
CC[C@@H]1Sc2ccccc2O[C@@H]1c1ccc(OCCCN2CCCC2)cc1,0.9981547,train
c1ccc([C@@H]2Sc3ccccc3O[C@@H]2c2ccc(OCCCN3CCCC3)cc2)cc1,0.9944706,train
C[C@H]1Sc2ccccc2O[C@@H]1c1ccc(OCCCN2CCCC2)cc1,0.999209,train
CC1=C(c2ccc(OCCCN3CCCC3)cc2)Oc2ccccc2S1,0.9989666,train
C[C@H]1[C@@H](c2ccc(OCCCN3CCCC3)cc2)Oc2ccccc2S1(=O)=O,0.9739446,train
C[C@@H]1[C@@H](c2ccc(OCCCN3CCCC3)cc2)Oc2ccccc2S1(=O)=O,0.9659991,train
CC1=C(c2ccc(OCCCN3CCCC3)cc2)Oc2ccccc2S1(=O)=O,0.9930801,train
COc1cccc2c1S(=O)(=O)C(C)C(c1ccc(OCCCN3CCCC3)cc1)O2,0.9827261,train
COc1ccc2c(c1)S(=O)(=O)C(C)C(c1ccc(OCCCN3CCCC3)cc1)O2,0.9552862,train
COc1ccc2c(c1)OC(c1ccc(OCCCN3CCCC3)cc1)C(C)S2(=O)=O,0.96694875,train
COc1cccc2c1OC(c1ccc(OCCCN3CCCC3)cc1)C(C)S2(=O)=O,0.93043596,train
COc1cccc2c1OC(c1ccc(OCCCN3CCCCC3)cc1)C(C)S2(=O)=O,0.9404849,train
COc1cccc2c1OC(c1ccc(OCCCN3CCC[C@H]3C)cc1)C(C)S2(=O)=O,0.7820507,train
COc1cccc2c1OC(c1ccc(OCCCN3CCC[C@@H]3C)cc1)C(C)S2(=O)=O,0.93103987,train
COc1cccc2c1OC(c1ccc(OCCCN3CCC[C@H](C)C3)cc1)C(C)S2(=O)=O,0.9911629,train
COc1cccc2c1OC(c1ccc(OC3CCN(C4CCC4)CC3)cc1)C(C)S2(=O)=O,0.9839528,train
COc1cccc2c1O[C@@H](c1ccc(OCCCN3CCCC3)cc1)[C@H](C)S2(=O)=O,0.8641089,train
COc1cccc2c1O[C@H](c1ccc(OCCCN3CCCC3)cc1)[C@@H](C)S2(=O)=O,0.90014374,train
CC1C(c2ccc(OCCCN3CCCC3)cc2)Oc2ccccc2S1(=O)=O,0.981729,train
O=C1N(CCN2Cc3ccccc3C2)CCN1c1cccc(Cl)c1,0.9244134,train
O=C1N(CCN2Cc3ccccc3C2)CCN1c1cccc(C(F)(F)F)c1,0.9268532,train
CC(C)c1cccc(N2CCN(CCN3Cc4ccccc4C3)C2=O)c1,0.55214417,train
O=C1N(CCN2Cc3ccccc3C2)CCN1c1cc(Cl)cc(Cl)c1,0.97415483,train
N#Cc1cc(N2CCN(CCN3Cc4ccccc4C3)C2=O)ccc1F,0.812265,train
O=C1N(CCN2Cc3ccccc3C2)CCN1c1ccc(Cl)c(Cl)c1,0.8074546,train
O=C1N(CCN2Cc3ccccc3C2)CCN1c1cccc(OC(F)(F)F)c1,0.9627678,train
O=C1N(CCN2Cc3ccccc3C2)CCN1c1ccc(F)c(Cl)c1,0.7209515,train
CC(C)Oc1cccc(N2CCN(CCN3Cc4ccccc4C3)C2=O)c1,0.84403807,train
N#Cc1cccc(N2CCN(CCN3Cc4ccccc4C3)C2=O)c1,0.86211133,train
O=C1N(CCN2Cc3ccccc3C2)CCN1c1cc(F)cc(Cl)c1,0.9533251,train
O=C1N(CCN2Cc3ccccc3C2)CCN1c1cc(Cl)ccc1F,0.762213,train
CC(C)(C)c1ccc(N2CCN(CCN3Cc4ccccc4C3)C2=O)cc1,0.6782235,train
O=C1N(CCN2Cc3ccccc3C2)CCN1c1ccc2sccc2c1,0.8818859,test
Cc1nc2cc(N3CCN(CCN4Cc5ccccc5C4)C3=O)ccc2s1,0.2119614,val
Cc1ccc(N2CCN(CCN3Cc4ccccc4C3)C2=O)s1,0.74614954,val
O=C1N(CCN2Cc3ccccc3C2)CCN1c1csc2ccccc12,0.8913292,val
O=C1N(CCN2Cc3ccccc3C2)CCN1c1ccc2occc2c1,0.30727154,val
CC(=O)n1ccc2cc(N3CCN(CCN4Cc5ccccc5C4)C3=O)ccc21,0.29769224,train
Cc1ccc(N2CCN(CCN3Cc4ccccc4C3)C2=O)cn1,0.13924873,test
O=C1N(CCN2Cc3ccccc3C2)CCN1Cc1ccccc1,0.67589116,train
O=C1N(CCN2Cc3ccccc3C2)CCN1Cc1cccc(Cl)c1,0.92228,train
O=C1N(CCN2Cc3ccccc3C2)CCN1Cc1cccc(C(F)(F)F)c1,0.90465957,train
O=C1N(CCN2Cc3ccccc3C2)CCN1Cc1ccc(Cl)c(Cl)c1,0.8587939,train
O=C1N(CCN2Cc3ccccc3C2)CCN1Cc1cc(Cl)ccc1Cl,0.94086844,train
O=C1N(CCN2Cc3ccccc3C2)CCN1Cc1ccc(Cl)cc1,0.9221987,train
O=C1N(CCN2Cc3ccccc3C2)CCN1Cc1ccccc1Cl,0.76205224,train
CC(c1cccc(C(F)(F)F)c1)N1CCN(CCN2Cc3ccccc3C2)C1=O,0.9062833,train
CC1CCCN(CCN2CCN(c3cccc(Cl)c3)C2=O)C1,0.81325465,train
CC1CCCCN1CCN1CCN(c2cccc(Cl)c2)C1=O,0.68380857,train
CC1CCN(CCN2CCN(c3cccc(Cl)c3)C2=O)CC1,0.834294,train
O=C1N(CCN2CCC(C(F)(F)F)CC2)CCN1c1cccc(O)c1,0.10574818,train
O=C1N(CCN2CCC(C(F)(F)F)CC2)CCN1c1cccc(I)c1,0.9581977,train
O=C1N(CCN2CCC(C(F)(F)F)CC2)CCN1c1cccc(Cl)c1,0.56256723,train
N#Cc1cccc(N2CCN(CCN3CCC(C(F)(F)F)CC3)C2=O)c1,0.37396663,train
O=C1N(CCN2CCC(C(F)(F)F)CC2)CCN1c1cccc(OC(F)(F)F)c1,0.71168464,train
N#Cc1cc(N2CCN(CCN3CCC(C(F)(F)F)CC3)C2=O)ccc1F,0.29209268,train
COc1cccc(N2CCN(CCN3CCC(C(F)(F)F)CC3)C2=O)c1,0.12887841,train
O=C1N(CCN2CCC(C(F)(F)F)CC2)CCN1c1cccc(Cl)c1F,0.15880819,train
CC(C)N1CCN(CCN2CCN(c3cccc(C#N)c3)C2=O)CC1,0.17585842,train
CC(C)N1CCN(CCN2CCN(c3cccc(OC(F)(F)F)c3)C2=O)CC1,0.420772,train
CC(C)N1CCN(CCN2CCN(c3ccc(F)c(C#N)c3)C2=O)CC1,0.13240801,train
CC(C)N1CCN(CCN2CCN(c3cccc(Cl)c3F)C2=O)CC1,0.12154545,train
COc1cccc(N2CCN(CCN3CCN(C(C)C)CC3)C2=O)c1,0.097478114,train
CC(C)N1CCN(CCN2CCN(c3cccc(Cl)c3)C2=O)CC1,0.27863178,train
CN1CCN(CCN2CCN(c3cccc(Cl)c3)C2=O)CC1,0.46836573,train
C[C@@H](N[C@@H]1CCCc2c1[nH]c1ccc(Br)cc21)c1ccccc1,0.9914977,test
COc1cccnc1C(=O)N1CCN(c2ccc(NC(=O)C(C)(C)c3ccccc3)cc2Cl)CC1,0.073408544,train
CCNc1cc(N2CCOCC2)cc(CCc2nc(C)c(CC)o2)n1,0.9753559,train
CCc1oc(CCc2cc(N3CCOCC3)cc(NC)n2)nc1C,0.96077234,train
CCCNc1cc(N2CCOCC2)cc(CCc2nc(C)c(CC)o2)n1,0.987153,train
CCc1oc(CCc2cc(N3CCOCC3)cc(NC(C)C)n2)nc1C,0.95268977,train
CCc1oc(CCc2cc(N3CCOCC3)cc(NCCOC)n2)nc1C,0.9700519,train
CCc1oc(CCc2cc(N3CCOCC3)cc(NCC#N)n2)nc1C,0.97233135,train
CCc1oc(CCc2cc(N3CCOCC3)cc(NCCC#N)n2)nc1C,0.98630106,train
CCOC(=O)CNc1cc(N2CCOCC2)cc(CCc2nc(C)c(CC)o2)n1,0.983667,train
CCc1oc(CCc2cc(N3CCOCC3)cc(NC(C)=O)n2)nc1C,0.74013305,train
CCc1oc(CCc2cc(N3CCOCC3)cc(NCC(F)(F)F)n2)nc1C,0.985601,train
CCc1oc(SCc2cc(N3CCOCC3)cc(NCC#N)n2)nc1C,0.9420679,train
CCc1sc(CCc2cc(N3CCOCC3)cc(NC(C)c3cc(Cl)cc(NC(=O)OC(C)C)c3)n2)nc1C,0.98370785,train
CCNC(=O)c1ccc(C2=CC3(CCNCC3)Oc3ccccc32)cc1,0.21401738,train
NC(=O)c1ccc(C2=CC3(CCNCC3)Oc3ccccc32)cc1,0.30006674,train
CC(C)CNC(=O)c1ccc(C2=CC3(CCNCC3)Oc3ccccc32)cc1,0.29057142,train
CC(C)N(C(=O)c1ccc(C2=CC3(CCNCC3)Oc3ccccc32)cc1)C(C)C,0.89208454,train
CN(C)C(=O)c1ccc(C2=CC3(CCNCC3)Oc3ccccc32)cc1,0.28214514,train
O=C(c1ccc(C2=CC3(CCNCC3)Oc3ccccc32)cc1)N1CCCC1,0.297446,val
O=C(c1ccc(C2=CC3(CCNCC3)Oc3ccccc32)cc1)N1CCCCC1,0.3867627,train
O=C(c1ccc(C2=CC3(CCNCC3)Oc3ccccc32)cc1)N1CCOCC1,0.06674846,test
O=C(c1ccc(C2=CC3(CCNCC3)Oc3ccccc32)cc1)N1Cc2ccccc2C1,0.52198374,train
CN(Cc1ccccc1)C(=O)c1ccc(C2=CC3(CCNCC3)Oc3ccccc32)cc1,0.8788504,val
CCN1CCc2cc(C3=CC4(CCNCC4)Oc4ccccc43)ccc2C1=O,0.20302603,train
CCN(CC)C(=O)c1ccc(C2=CC3(CCCNCC3)Oc3ccccc32)cc1,0.47085142,train
CCN(CC)C(=O)c1ccc(C2=CC3(CCNC3)Oc3ccccc32)cc1,0.41328844,test
CCN(CC)C(=O)c1ccc(C2=CC3(CCCNC3)Oc3ccccc32)cc1,0.43659836,val
CCN(CC)C(=O)c1ccc(C2CC3(CCNCC3)Oc3ccccc32)cc1,0.91592187,test
CCN(CC)C(=O)c1ccc(C2=CC3(CCNCC3)Oc3ccccc32)s1,0.5956937,test
CCN(CC)C(=O)c1ccc(C2=CC3(CCNCC3)Oc3ccccc32)o1,0.48615655,val
CCN(CC)C(=O)c1cc(C2=CC3(CCNCC3)Oc3ccccc32)cs1,0.78650916,train
CCN(CC)C(=O)c1ccc(C2=CC3(CCNCC3)Oc3ccccc32)cn1,0.45170498,train
CCN(CC)C(=O)c1ccc(C2=CC3(CCNCC3)Oc3ccccc32)nc1,0.32969427,val
CCN(CC)C(=O)c1ccc(C2=CC3(CCNCC3)Oc3ccccc32)cc1C,0.583055,train
CCN(CC)C(=O)c1ccc(C2=CC3(CCNCC3)Oc3ccccc32)cc1F,0.43227425,train
CCN(CC)C(=O)c1ccc(C2=CC3(CCNCC3)Oc3ccccc32)cc1O,0.23979165,train
CCN(CC)C(=O)c1ccc(C2=CC3(CCNCC3)Oc3ccccc32)c(C)c1,0.6840451,train
CCN(CC)C(=O)c1ccc(C2=CC3(CCNCC3)Oc3ccccc32)c(F)c1,0.5905512,train
CCN(CC)C(=O)c1ccc(C2=CC3(CCNCC3)Oc3ccccc32)c(O)c1,0.2491151,train
CC(C1=C(CCN(C)C)Cc2ccccc21)c1ccccn1,0.9822724,train
CN(C)CCC1=C(Cc2cnccn2)c2ccccc2C1,0.9674655,train
CC(C1=C(CCN(C)C)Cc2ccccc21)c1cnccn1,0.9498058,train
CC(c1ccccn1)c1c(CCN(C)C)sc2ccccc12,0.9931753,train
CC(c1ccccn1)c1c(CCN(C)C)oc2ccccc12,0.98578227,val
C[C@@H](N[C@@H]1CCC(C(=O)N2CCC(C(=O)N3CCCC3)(c3ccccc3)CC2)C(C)(C)C1)c1ccc(Cl)cc1,0.9985032,train
COc1ccc(CN[C@@H]2CCC(C(=O)N3CCC(C(=O)N4CCCC4)(c4ccccc4)CC3)C(C)(C)C2)cc1,0.96275485,train
COc1ccc([C@H](C)N[C@@H]2CCC(C(=O)N3CCC(C(=O)N4CCCC4)(c4ccccc4)CC3)C(C)(C)C2)cc1,0.9891868,train
COc1ccc([C@@H](C)N[C@@H]2CCC(C(=O)N3CCC(C(=O)N4CCCCC4)(c4ccccc4)CC3)C(C)(C)C2)cc1,0.99423885,train
COc1ccc([C@@H](C)N[C@@H]2CCC(C(=O)N3CCC(c4ccccc4)(N4CCCCC4)CC3)C(C)(C)C2)cc1,0.9982162,test
COc1ccc([C@@H](C)N[C@@H]2CCC(C(=O)N3CCC(c4ccccc4)(c4ccc(Cl)nc4)CC3)C(C)(C)C2)cc1,0.9985001,train
COc1ccc([C@@H](C)N[C@@H]2CCC(C(=O)N3CCC(c4ccccc4)(c4ccc(OC)nc4)CC3)C(C)(C)C2)cc1,0.99912673,train
COc1ccc([C@@H](C)N[C@@H]2CCC(C(=O)N3CCC(c4ccccc4)(c4cccnc4)CC3)C(C)(C)C2)cc1,0.9979539,train
COc1ccc([C@@H](C)N[C@@H]2CCC(C(=O)N3CCC(c4ccccc4)(c4ccccc4)CC3)C(C)(C)C2)cc1,0.9995277,test
Cc1ccc(-n2c(-c3ncccc3Cl)nc(CNC3CCCC3)c2C)cn1,0.08950495,train
Cc1ccc(-n2c(-c3ncccc3Cl)nc(CN[C@H]3CC[C@@H](F)C3)c2C)cn1,0.013181648,train
CCc1c(CN[C@H]2CC[C@@H](F)C2)nc(-c2ncccc2Cl)n1-c1ccc(C)nc1,0.011936761,train
Cc1ccc(-n2c(-c3ncccc3Cl)nc(CNC3CCCC3)c2C(C)C)cn1,0.5775865,train
Cc1ccc(-n2c(-c3ncccc3Cl)nc(CN[C@H]3CC[C@@H](F)C3)c2C(C)C)cn1,0.06267824,train
Cc1nc(CN[C@H]2CC[C@@H](F)C2)c(C(C)C)n1-c1cc(F)cc(F)c1,0.049911696,test
Cc1nc(CNC2CCCC2)n(C(C)C)c1-c1ccc(Cl)cc1,0.66689533,train
COCCc1nc(CN[C@H]2CC[C@@H](F)C2)n(C(C)C)c1-c1ccc(Cl)cc1,0.08923433,train
C[C@@H]1C[C@H]2[C@@H]3CC[C@H]4N(C)C(=O)C=C[C@]4(C)[C@H]3CC[C@]2(C)[C@H]1O,0.07494414,train
COC[C@@H]1C[C@H]2[C@@H]3CC[C@H]4N(C)C(=O)C=C[C@]4(C)[C@H]3CC[C@]2(C)[C@H]1O,0.07483648,train
CN1C(=O)C=C[C@]2(C)[C@H]3CC[C@]4(C)[C@@H](O)[C@H](Cc5cccc(F)c5)C[C@H]4[C@@H]3CC[C@@H]12,0.29666016,test
CN1C(=O)C=C[C@]2(C)[C@H]3CC[C@]4(C)[C@@H](O)/C(=C/c5cccc(F)c5)C[C@H]4[C@@H]3CC[C@@H]12,0.9547417,train
CN1C(=O)C=C[C@]2(C)[C@H]3CC[C@]4(C)[C@@H](O)/C(=C/c5cc(F)cc(F)c5)C[C@H]4[C@@H]3CC[C@@H]12,0.96850085,train
CN1C(=O)C=C[C@]2(C)[C@H]3CC[C@]4(C)[C@@H](O)/C(=C/c5ccccc5)C[C@H]4[C@@H]3CC[C@@H]12,0.8955655,train
C/C=C1\C[C@H]2[C@@H]3CC[C@H]4N(C)C(=O)C=C[C@]4(C)[C@H]3CC[C@]2(C)[C@H]1O,0.32380298,test
CN1C(=O)C=C[C@]2(C)[C@H]3CC[C@]4(C)[C@@H](O)/C(=C/c5ccncc5)C[C@H]4[C@@H]3CC[C@@H]12,0.49014407,val
CN1C(=O)C=C[C@]2(C)[C@H]3CC[C@]4(C)[C@@H](O)/C(=C/c5cccnc5)C[C@H]4[C@@H]3CC[C@@H]12,0.7299263,test
CN1C(=O)C=C[C@]2(C)[C@H]3CC[C@]4(C)[C@@H](O)/C(=C/c5cncnc5)C[C@H]4[C@@H]3CC[C@@H]12,0.5321982,train
CN1C(=O)C=C[C@]2(C)[C@H]3CC[C@]4(C)[C@@H](O)/C(=C/c5cnc(C6CC6)nc5)C[C@H]4[C@@H]3CC[C@@H]12,0.8980472,val
COc1ncc(/C=C2\C[C@H]3[C@@H]4CC[C@H]5N(C)C(=O)C=C[C@]5(C)[C@H]4CC[C@]3(C)[C@H]2O)cn1,0.89914584,train
Cc1ncc(/C=C2\C[C@H]3[C@@H]4CC[C@H]5N(C)C(=O)C=C[C@]5(C)[C@H]4CC[C@]3(C)[C@H]2O)cn1,0.183601,train
CNc1ncc(C=C2C[C@H]3[C@@H]4CC[C@H]5N(C)C(=O)C=C[C@]5(C)[C@H]4CC[C@]3(C)[C@H]2O)cn1,0.18245807,train
N[C@H]1Cn2c(nc3ccc(F)cc32)C[C@@H]1c1cc(F)c(F)cc1F,0.1318836,train
N[C@H]1Cn2c(nc3cc(C(F)(F)F)ccc32)C[C@@H]1c1cc(F)c(F)cc1F,0.1604856,train
CS(=O)(=O)c1ccc2c(c1)nc1n2C[C@H](N)[C@@H](c2cc(F)c(F)cc2F)C1,0.13072273,train
CS(=O)(=O)Nc1ccc2c(c1)nc1n2C[C@H](N)[C@@H](c2cc(F)c(F)cc2F)C1,0.45771056,train
N[C@H]1Cn2c(nc3cnc(C(F)(F)F)cc32)C[C@@H]1c1cc(F)c(F)cc1F,0.011038534,train
N[C@H]1Cn2c(nc3cnccc32)C[C@@H]1c1cc(F)c(F)cc1F,0.014049366,train
N[C@H]1Cn2c(nc3cnc(F)cc32)C[C@@H]1c1cc(F)c(F)cc1F,0.020097198,train
N[C@H]1Cn2c(nc3ncccc32)C[C@@H]1c1cc(F)c(F)cc1F,0.013818583,test
CCN(CC)CCN1CCN(c2cccc(Cl)c2)C1=O,0.6696717,test
COC[C@@H]1CCCN1N1CCN(c2cccc(Cl)c2)C1=O,0.3542754,test
CC1(C)C[C@@H]2C[C@@](C)(CN2CCN2CCN(c3cccc(Cl)c3)C2=O)C1,0.99862015,train
O=C1N(CCN2C[C@H]3CC[C@@H]2C3)CCN1c1cccc(Cl)c1,0.92798895,train
COCC1[C@@H]2CC[C@H]1CN(CCN1CCN(c3cccc(Cl)c3)C1=O)C2,0.9730525,train
C[C@@]12CC(c3ccccc3)C[C@@H](C1)N(CCN1CCN(c3cccc(Cl)c3)C1=O)C2,0.9982791,test
O=C1N(CCN2C[C@H]3CC[C@H](CC3)C2)CCN1c1cccc(Cl)c1,0.94655746,val
CC1(C)[C@H]2CC[C@]1(C)CN(CCN1CCN(c3cccc(Cl)c3)C1=O)C2,0.9969994,train
O=C1N(CCN2C[C@@H]3CC[C@H]2Cc2ccccc2C3)CCN1c1cccc(Cl)c1,0.9895865,val
O=C1N(CCN2[C@@H]3CCC[C@H]2CC3)CCN1c1cccc(Cl)c1,0.89849305,train
COc1cccc(C2CCCN(CCN3CCN(c4cccc(Cl)c4)C3=O)C2)c1,0.9686035,val
O=C1N(CCN2CCCC(OCc3ccccc3)C2)CCN1c1cccc(Cl)c1,0.9379488,train
O=C1N(CCN2CCC(c3ccc(Cl)cc3)CC2)CCN1c1cccc(Cl)c1,0.986931,train
COc1cccc(CCN(C)CCN2CCN(c3cccc(Cl)c3)C2=O)c1,0.9725462,train
COc1ccc(CCN(C)CCN2CCN(c3cccc(Cl)c3)C2=O)cc1OC,0.98111665,train
O=C1N(CCN2CCC(c3nnc(-c4ccccc4)o3)CC2)CCN1c1cccc(Cl)c1,0.84112036,train
CN(CCN1CCN(c2cccc(Cl)c2)C1=O)Cc1cc2ccccc2s1,0.95840186,train
Cc1cc(CN(C)CCN2CCN(c3cccc(Cl)c3)C2=O)on1,0.7564419,test
O=C1N(CCN2CCCc3sccc3C2)CCN1c1cccc(Cl)c1,0.8849912,test
CC1(C)[C@@H]2CC[C@]13CCN(CCN1CCN(c4cccc(Cl)c4)C1=O)C3C2,0.9906625,train
CN(CCN1CCN(c2cccc(Cl)c2)C1=O)C[C@]12CC[C@H](CC1)C2(C)C,0.9980884,train
CN(CCN1CCN(c2cccc(C(F)(F)F)c2)C1=O)C[C@]12CC[C@H](CC1)C2(C)C,0.9984041,train
Cc1ccc(N2CCN(CCN(C)C[C@]34CC[C@H](CC3)C4(C)C)C2=O)cc1,0.9927099,train
COc1cccc(N2CCN(CCN(C)C[C@]34CC[C@H](CC3)C4(C)C)C2=O)c1,0.99332386,train
Cc1cccc(N2CCN(CCN(C)C[C@]34CC[C@H](CC3)C4(C)C)C2=O)c1,0.99610305,train
CN(CCN1CCN(c2ccccc2)C1=O)C[C@]12CC[C@H](CC1)C2(C)C,0.9914738,train
CN(CCN1CCN(c2ccc(F)cc2)C1=O)C[C@]12CC[C@H](CC1)C2(C)C,0.994494,train
CN(CCN1CCN(c2ccc3c(c2)OCO3)C1=O)C[C@]12CC[C@H](CC1)C2(C)C,0.99644166,val
Cc1c(CN[C@H]2CC[C@@H](F)C2)nn(CCC#N)c1-c1cc(F)cc(F)c1,0.1816997,train
CC(C)CN(C(=O)c1ccccc1-c1ccccc1)[C@H]1CCNC1,0.35033742,train
CCSc1ccccc1C(=O)N(CC1CCC1)[C@H]1CCNC1,0.75969446,train
O=C(c1ccccc1C1CCCC1)N(CC1CCC1)[C@H]1CCNC1,0.25245702,test
O=C(c1ccccc1Oc1ccccc1)N(CC1CCC1)[C@H]1CCNC1,0.7881811,val
CSc1ccccc1C(=O)N(C1CCCCC1)[C@H]1CCNC1,0.967811,train
CC(C)c1ccccc1C(=O)N(CC1CCCC1)[C@H]1CCNC1,0.11377457,val
CN(C(=O)c1ccccc1Oc1ccccc1)[C@H]1CCNC1,0.8263198,train
CCN(C(=O)c1ccccc1Oc1ccccc1)[C@H]1CCNC1,0.8187996,train
O=C(c1ccccc1Oc1ccccc1)N(C1CCC1)[C@H]1CCNC1,0.96603316,test
CC(C)CN(C(=O)c1ccccc1Oc1ccccc1)[C@H]1CCNC1,0.8014523,train
O=C(c1ccccc1Oc1ccccc1)N(c1ccccc1)[C@H]1CCNC1,0.9831593,test
COc1ccc([C@H](N[C@@H]2CCC(C(=O)N3CCC(C(=O)N4CCCC4)(c4ccccc4)CC3)C(C)(C)C2)C(F)(F)F)cc1,0.98607606,train
O=C(NCc1cccc(F)c1)NC1CCN(Cc2ccn(-c3ccc(C(F)(F)F)cc3)c2)CC1,0.7134365,train
O=C(NC1CCN(Cc2ccn(-c3ccc(C(F)(F)F)cc3)c2)CC1)N1CCn2cccc2C1c1ccccc1,0.5933615,val
O=C(NC1CCN(Cc2ccn(-c3ccc(C(F)(F)F)cc3)c2)CC1)N1CCCC1Cc1cccnc1,0.27330872,test
O=C(NC1CCN(Cc2ccn(-c3ccc(C(F)(F)F)cc3)c2)CC1)N1CCCC1c1ccc(F)cc1,0.91714,test
COc1ccc(OC2CN(C(=O)NC3CCN(Cc4ccn(-c5ccc(C(F)(F)F)cc5)c4)CC3)C2)cc1,0.9875523,test
CN(CC1(O)CCCCC1)C(=O)NC1CCN(Cc2ccn(-c3ccc(C(F)(F)F)cc3)c2)CC1,0.22130671,train
Cc1cc(C)n(CC(NC(=O)NC2CCN(Cc3ccn(-c4ccc(C(F)(F)F)cc4)c3)CC2)c2ccccc2)n1,0.5065686,train
O=C(NC1CCN(Cc2ccn(-c3ccc(C(F)(F)F)cc3)c2)CC1)N1CC(N2CCCOCC2)C1,0.4689852,val
O=C(NC1CCN(Cc2ccn(-c3ccc(C(F)(F)F)cc3)c2)CC1)N1CCCC1c1cccnc1,0.48776966,val
O=C(NC1CCN(Cc2ccn(-c3ccc(C(F)(F)F)cc3)c2)CC1)N1CCCCC1CCO,0.37200406,train
O=C(Nc1ccc(Cl)cc1CO)NC1CCN(Cc2ccn(-c3ccc(C(F)(F)F)cc3)c2)CC1,0.90930766,val
O=C(NC1CCN(Cc2ccn(-c3ccc(C(F)(F)F)cc3)c2)CC1)N1CC(N2CCC(C(F)(F)F)CC2)C1,0.7307136,train
O=C(NC[C@H]1CCCC[C@H]1O)NC1CCN(Cc2ccn(-c3ccc(C(F)(F)F)cc3)c2)CC1,0.7180789,train
O=C(NC1CCN(Cc2ccn(-c3ccc(C(F)(F)F)cc3)c2)CC1)NC(Cn1cccn1)c1ccccc1,0.3122255,train
O=C(NC1CCN(Cc2ccn(-c3ccc(C(F)(F)F)cc3)c2)CC1)N1CCC(c2ccccc2O)CC1,0.69841015,train
CN1CCN(C(=O)NC2CCN(Cc3ccn(-c4ccc(C(F)(F)F)cc4)c3)CC2)C(c2ccccc2)C1,0.551392,train
O=C(NC1CCN(Cc2ccn(-c3ccc(C(F)(F)F)cc3)c2)CC1)N1CCCC(CO)C1,0.7419839,train
O=C(NC1CCN(Cc2ccn(-c3ccc(C(F)(F)F)cc3)c2)CC1)NC(Cc1cnccn1)c1ccccc1,0.3280458,train
O=C(NC1CCN(Cc2ccn(-c3ccc(C(F)(F)F)cc3)c2)CC1)NC(CN1CCOCC1)c1ccccc1,0.75088936,train
O=C(NC[C@@H]1CCCC[C@H]1O)NC1CCN(Cc2ccn(-c3ccc(C(F)(F)F)cc3)c2)CC1,0.5684061,train
O=C(NC1CCN(Cc2ccn(-c3ccc(C(F)(F)F)cc3)c2)CC1)N1CCC(O)(Cc2ccccc2)CC1,0.8381612,train
O=C(NC1CCN(Cc2ccn(-c3ccc(C(F)(F)F)cc3)c2)CC1)N1CCCC(C(=O)N2CCCC2)C1,0.7951545,val
O=C(NC1CCN(Cc2ccn(-c3ccc(C(F)(F)F)cc3)c2)CC1)NC(c1ccccc1)c1ncc[nH]1,0.41397732,val
O=C(NCc1nc2ccccc2[nH]1)NC1CCN(Cc2ccn(-c3ccc(C(F)(F)F)cc3)c2)CC1,0.33428308,test
O=C(NC1CCN(Cc2ccn(-c3ccc(C(F)(F)F)cc3)c2)CC1)c1c[nH]c(=O)c(Cl)c1,0.44281343,train
CC(C)C(Cn1ccnc1)NC(=O)NC1CCN(Cc2ccn(-c3ccc(C(F)(F)F)cc3)c2)CC1,0.20537415,train
O=C(NC1CCN(Cc2ccn(-c3ccc(C(F)(F)F)cc3)c2)CC1)N[C@H](CO)c1ccccc1,0.16753075,train
O=C(NC1CCN(Cc2ccn(-c3ccc(C(F)(F)F)cc3)c2)CC1)N[C@@H](CO)c1ccccc1,0.09729022,train
Cc1cnn(C2CCN(c3nc4ccccc4n3Cc3ccc(F)cc3)CC2)c1,0.99958247,train
Fc1ccc(Cn2c(N3CCC(n4cccn4)CC3)nc3ccccc32)cc1,0.99920267,train
Fc1ccc(Cn2c(N3CCC(n4ccnc4)CC3)nc3ccccc32)cc1,0.997256,test
Fc1ccc(Cn2c(N3CCC(n4cccc4)CC3)nc3ccccc32)cc1,0.9990809,test
CN(C)CCN(C)C1CCN(c2nc3ccccc3n2Cc2ccc(F)cc2)CC1,0.9988814,train
COc1ccc(Cn2c(N3CCC(NCC4CCOCC4)CC3)nc3ccccc32)cc1,0.9983187,train
Fc1ccc(Cn2c(N3CCC(NCC4CCOCC4)CC3)nc3ccccc32)cc1,0.9987061,train
CN(CCO)C1CCN(c2nc3ccccc3n2Cc2ccc(F)cc2)CC1,0.99127465,train
COCCN(C)C1CCN(c2nc3ccccc3n2Cc2ccc(F)cc2)CC1,0.99867886,train
COc1ccc(Cn2c(N3CCC(N(C)CC4CCOCC4)CC3)nc3ccccc32)cc1,0.99763894,train
CN(CC1CCOCC1)C1CCN(c2nc3ccccc3n2Cc2ccc(F)cc2)CC1,0.9981828,train
COc1ccc(Cn2c(N3CCC(N(C)C)CC3)nc3ccccc32)cc1,0.9966773,train
Cc1ccc(Cn2c(N3CCC(N(C)C)CC3)nc3ccccc32)cc1,0.99655664,train
CN(C)C1CCN(c2nc3ccccc3n2Cc2ccc(F)cc2)CC1,0.9974483,train
CN1CC[C@@H](N(Cc2ccccc2C(F)(F)F)c2ccc(C#N)c(Cl)c2)C1,0.9989563,train
CCN1C[C@@H](N(Cc2cc(F)ccc2Cl)c2ccc(C#N)c(Cl)c2)CC1=O,0.98676443,train
CN1C[C@@H](N(Cc2ccccc2F)c2ccc(C#N)c(Cl)c2)CC1=O,0.9694151,train
CC[C@H]1OC(=O)C(C)C(=O)C(C)[C@@H](O[C@@H]2O[C@H](C)C[C@H](N(C)C)[C@H]2O)[C@](C)(OC)CC(C)C(=O)C(C)[C@H]2N(CCCCn3cnc(-c4cccnc4)c3)C(=O)O[C@]12C,0.0010343269,test
CC[C@H]1OC(=O)C(C)C(=O)C(C)[C@@H](O[C@@H]2O[C@H](C)C[C@H](N(C)C)[C@H]2O)[C@](C)(O)CC(C)C(=O)C(C)[C@H]2N(C3CN(Cc4ccnc5ncccc45)C3)C(=O)O[C@]12C,0.00011869705,train
CC[C@H]1OC(=O)C(C)C(=O)C(C)[C@@H](O[C@@H]2O[C@H](C)C[C@H](N(C)C)[C@H]2O)[C@](C)(O)CC(C)C(=O)C(C)[C@H]2N(C3CN([C@H](C)c4ccnc5ncccc45)C3)C(=O)O[C@]12C,2.1009368e-05,train
CC[C@H]1OC(=O)C(C)C(=O)C(C)[C@@H](O[C@@H]2O[C@H](C)C[C@H](N(C)C)[C@H]2O)[C@](C)(O)CC(C)C(=O)C(C)[C@H]2N(C3CN(Cc4c(O)cnc5cccnc45)C3)C(=O)O[C@]12C,0.00013128806,train
Cc1c(NC(=O)OC[C@@H]2COCCN2)cn2ncnc(Nc3ccc4c(cnn4Cc4cccc(F)c4)c3)c12,0.93661064,train
CC[C@H]1OC(=O)C(C)[C@@H](O[C@H]2C[C@@](C)(OC)[C@@H](O)[C@H](C)O2)[C@H](C)[C@@H](O[C@@H]2O[C@H](C)C[C@H](N(C)C(C)C)[C@H]2O)[C@](C)(O)C[C@@H](C)[C@H](OCC(=O)NC)[C@H](C)[C@@H](O)[C@]1(C)O,0.47897965,train
CC[C@H]1OC(=O)C(C)[C@@H](O[C@H]2C[C@@](C)(OC)[C@@H](O)[C@H](C)O2)[C@H](C)[C@@H](O[C@@H]2O[C@H](C)C[C@H](N(C)C(C)C)[C@H]2O)[C@](C)(O)C[C@@H](C)[C@H](O)[C@H](C)[C@@H](O)[C@]1(C)O,0.73103374,train
CCOC(=O)CCc1ccc(OC[C@H](O)CNC(C)(C)Cc2ccc3ccccc3c2)c(C#N)c1,0.997619,train
CC(C)(Cc1ccc2ccccc2c1)NC[C@@H](O)COc1ccccc1C#N,0.9867034,train
CC(C)(Cc1ccc2ccccc2c1)NC[C@@H](O)COc1ccc(CCC(=O)O)cc1C#N,0.37350318,train
CC(C)(Cc1ccc2ccccc2c1)NC[C@@H](O)COc1ccc(CCC(=O)O)cc1,0.3136116,train
CC(C)COc1ccccc1CN1CCC2(CC1)CCN(C(=O)c1ccncn1)CC2,0.6027008,train
CC(C)COc1ccccc1CN1CCC2(CC1)CCN(C(=O)c1ccncc1)CC2,0.8022382,train
C=C(C)COc1ccccc1CN1CCC2(CC1)CCN(C(=O)c1ccncc1)CC2,0.88789666,train
O=C(c1ccncc1)N1CCC2(CCN(Cc3ccccc3OC(F)(F)C(F)F)CC2)CC1,0.3668299,train
COc1ccccc1Oc1ccccc1CN1CCC2(CC1)CCN(C(=O)c1ccncn1)CC2,0.9111321,train
COc1ccccc1Oc1cccc(CN2CCC3(CC2)CCN(C(=O)c2ccncn2)CC3)c1,0.8757426,train
O=C(c1ccncn1)N1CCC2(CCN(Cc3ccccc3Oc3ccccc3)CC2)CC1,0.94447577,train
COc1ccccc1Oc1ccccc1CN1CCC2(CC1)CCN(C(=O)c1ccc[nH]c1=O)CC2,0.9589591,val
CC1(C)CCc2cc(CN3CCC4(CC3)CCN(C(=O)c3ccncn3)CC4)ccc2O1,0.09924646,test
CC1(C)CCc2cc(CN3CCC4(CC3)CCN(C(=O)c3ccc(N)cn3)CC4)ccc2O1,0.11602547,train
CC1Cc2cccc(CN3CCC4(CC3)CCN(C(=O)c3ccncc3)CC4)c2O1,0.7920345,train
CC1(C)C=Cc2cccc(CN3CCC4(CC3)CCN(C(=O)c3ccnc(N)c3)CC4)c2O1,0.1409498,train
CC1(C)Cc2cccc(CN3CCC4(CC3)CCN(C(=O)c3ccc(N)cn3)CC4)c2O1,0.105021626,train
CC1(C)Oc2cccc(CN3CCC4(CC3)CCN(C(=O)c3ccnc(N)c3)CC4)c2O1,0.10443283,val
CC1(C)Cc2cccc(CN3CCC4(CC3)CCN(C(=O)c3ncccc3N)CC4)c2O1,0.42264512,train
CC1(C)Cc2c(CN3CCC4(CC3)CCN(C(=O)c3ccnc(N)c3)CC4)cccc2O1,0.1102157,train
CC1(C)Cc2c(CN3CCC4(CC3)CCN(C(=O)c3ccc(N)cn3)CC4)cccc2O1,0.063790016,train
CC1(C)Cc2c(CN3CCC4(CC3)CCN(C(=O)c3ccncc3)CC4)cccc2O1,0.08930099,train
CC(C)(C)C1(C)Cc2c(CN3CCC4(CC3)CCN(C(=O)c3ccc(N)cn3)CC4)cccc2O1,0.114269175,train
CCCC1(CC)Cc2c(CN3CCC4(CC3)CCN(C(=O)c3ccc(N)cn3)CC4)cccc2O1,0.9359578,train
CC1(C)Oc2c(CN3CCC4(CC3)CCN(C(=O)c3ccc(N)cn3)CC4)cccc2C1(F)F,0.029202899,train
COc1ccc(CCN2C(=O)N(NS(C)(=O)=O)CC2c2ccc(C)c(C)c2)cc1,0.036271773,train
COc1ccc(CCN2C(=O)N(NS(C)(=O)=O)CC2c2ccc(C)cc2)cc1,0.058963403,train
COc1ccc(CCN2C(=O)N(NS(C)(=O)=O)CC2c2ccc(C3CC3)cc2)cc1,0.04397089,val
COc1ccc(CCN2C(=O)N(NS(C)(=O)=O)CC2c2ccc(Cl)cc2)cc1,0.20004995,train
COc1ccc(CCN2C(=O)N(NS(C)(=O)=O)CC2c2ccc(C(F)(F)F)cc2)cc1,0.20799579,train
COc1ccc(CCN2C(=O)N(NS(C)(=O)=O)C[C@@H]2c2ccc(OC)cc2)cc1,0.024753707,train
COc1ccc(CCN2C(=O)N(NS(C)(=O)=O)C[C@H]2c2ccc(OC)cc2)cc1,0.045188043,train
COc1ccc(CCN2C(=O)N(NS(C)(=O)=O)CC2c2ccc(OC(C)C)cc2)cc1,0.09883496,train
COCCOc1ccc(C2CN(NS(C)(=O)=O)C(=O)N2CCc2ccc(OC)cc2)cc1,0.021070467,train
COc1ccc(CCCN2C(=O)N(NS(C)(=O)=O)C[C@@H]2c2ccc(OC)cc2)cc1,0.028885137,train
COc1ccc(CCCN2C(=O)N(NS(C)(=O)=O)C[C@H]2c2ccc(OC)cc2)cc1,0.048068017,train
CCOc1ccc(CCN2C(=O)N(NS(C)(=O)=O)C[C@@H]2c2ccc(OC)cc2)cc1,0.022790613,train
COc1ccc([C@H]2CN(NS(C)(=O)=O)C(=O)N2CCc2ccc(OC(F)(F)F)cc2)cc1,0.27471793,train
COc1ccc(CCN2C(=O)N(NS(=O)(=O)Cc3ccccc3)C[C@@H]2c2ccc(OC)cc2)cc1,0.21615818,test
COc1ccc(CCN2C(=O)N(NS(=O)(=O)CC#N)C[C@@H]2c2ccc(OC)cc2)cc1,0.020036835,train
COc1ccc(CCN2C(=O)N(NS(=O)(=O)CF)C[C@@H]2c2ccc(OC)cc2)cc1,0.029612321,train
O=C(c1ccncc1)N1CCC2(CCN(Cc3cccc4c3OCC4)CC2)CC1,0.62132174,train
Cc1ccc(CCCCN2CCC(C(O)(c3ccccc3)c3ccccc3)CC2)cc1,0.99659353,train
O=C(O)c1ccc(CCCCN2CCC(C(O)(c3ccccc3)c3ccccc3)CC2)cc1,0.47644418,train
C[C@@H]1CNCCN1c1ccc(=O)n(CCOc2ccccc2C(F)(F)F)n1,0.07887595,val
CCCNCc1ccc(CCn2ccc(OCc3ccc(F)cc3)cc2=O)nc1,0.8992886,train
CCCNCc1ccc(CCn2ccc(OCc3ccc(F)cc3)cc2=O)cc1,0.97453815,test
CN(CCN1CCN(C2COOC2)C1=O)C[C@]12CC[C@H](CC1)C2(C)C,0.86011875,test
CCCN(C(=O)c1ccc2ccccc2c1)C1CCNCC1,0.59173113,test
CC(C)CN(C(=O)c1ccc2ccccc2c1)[C@@H]1CCNC1,0.33348244,train
Fc1cc2c(cn1)C1(CCN(Cc3ccc(Oc4ccc(F)c(F)c4)cc3)CC1)OC2,0.99347657,test
Fc1cc2c(cn1)C1(CCN(Cc3ccc(Nc4ccc(F)c(F)c4)cc3)CC1)OC2,0.97724277,train
CN(c1ccc(CN2CCC3(CC2)OCc2cc(F)ncc23)cc1)c1ccc(F)c(F)c1,0.9792163,train
OC(c1ccc(CN2CCC3(CC2)OCc2cc(F)ncc23)cc1)c1ccc(F)c(F)c1,0.8739885,train
CC(O)(c1ccc(CN2CCC3(CC2)OCc2cc(F)ncc23)cc1)c1ccc(F)c(F)c1,0.98535395,train
O=C(c1ccc(CN2CCC3(CC2)OCc2cc(F)ncc23)cc1)c1ccc(F)c(F)c1,0.97415924,val
ON=C(c1ccc(CN2CCC3(CC2)OCc2cc(F)ncc23)cc1)c1ccc(F)c(F)c1,0.9450616,train
CO/N=C(/c1ccc(CN2CCC3(CC2)OCc2cc(F)ncc23)cc1)c1ccc(F)c(F)c1,0.9939002,train
CCO/N=C(/c1ccc(CN2CCC3(CC2)OCc2cc(F)ncc23)cc1)c1ccc(F)c(F)c1,0.99545175,train
CCO/N=C(/c1ccc(F)c(F)c1)c1ccc(CN2CCC3(CC2)OCc2cc(F)ncc23)cn1,0.9602448,val
CCO/N=C(/c1ccc(F)c(F)c1)c1ccc(CN2CCC3(CC2)OCc2cn(C)c(=O)cc23)cn1,0.55572337,test
CS(=O)(=O)N(Cc1ccc2ccccc2c1)[C@@H]1CCNC1,0.87928414,train
Cc1c(CN([C@@H]2CCNC2)S(C)(=O)=O)ccc2cc(F)ccc12,0.9176123,train
CS(=O)(=O)N(Cc1ccc2ccccc2c1)C1CCNCC1,0.84963906,train
CS(=O)(=O)N(Cc1ccc2ccccc2c1)[C@H]1CCNC1,0.10070917,train
CCC(=O)N(Cc1ccc2ccccc2c1)C1CCNCC1,0.39414847,train
CC(=O)N(Cc1ccc2ccccc2c1)[C@@H]1CCNC1,0.7677641,train
COc1cnc2c(NCc3nnc4ccc(-c5cc(F)cc(F)c5)nn34)ccnc2c1,0.594968,train
COc1cnc2c(NCc3nnc4ccc(-c5cc(C)ns5)nn34)ccnc2c1,0.8367926,train
CCc1n[nH]c(CC)c1Oc1cc(C#N)cc(C#N)c1,0.23918927,train
CCc1n[nH]c(CC)c1Oc1cc(Cl)cc(C#N)c1,0.30434182,train
CCc1n[nH]c(CC)c1Oc1cc(C)cc(C#N)c1,0.19910663,train
N#Cc1cccc2c1C(=O)Nc1ncc(-c3ccccc3)cc1C2,0.9509949,test
CS(=O)(=O)Nc1ccc(OCCNCCNc2ccc(Cl)c(Cl)c2)cc1,0.99577194,train
CS(=O)(=O)Nc1ccc(CCC(=O)NCCNc2ccc(Cl)c(Cl)c2)cc1,0.955814,val
CS(=O)(=O)Nc1ccc(CCCNCCNc2ccc(Cl)c(Cl)c2)cc1,0.9964868,val
CS(=O)(=O)Nc1ccc(CCC(=O)NC/C=C/c2ccc(Cl)c(Cl)c2)cc1,0.9828873,val
Cc1occc1-c1nc(N)c(OC[C@@H](N)Cc2c[nH]c3ccccc23)cc1-c1cnc2[nH]nc(C)c2n1,0.005698205,test
Cc1ccc(F)cc1CO[C@H]1CCc2ccc(N3CCNC[C@H]3C)nc21,0.42533454,train
Cc1cc(Nc2ccccc2)nc(NCc2ccccn2)n1,0.24918945,train
Cc1cc(Nc2ccccc2)nc(NCc2ccc3c(c2)OCO3)n1,0.6168635,train
FC(F)(F)c1cc(Nc2ccccc2)nc(NCc2ccccn2)n1,0.13939737,train
CN1CC[C@H](N(Cc2ccccc2C(F)(F)F)c2ccc(C#N)c(Cl)c2)C1,0.99900013,train
Cc1ccccc1CN(c1ccc(C#N)c(Cl)c1)[C@H]1CCN(S(C)(=O)=O)C1,0.9661221,train
CC(O)C(=O)N1CC[C@H](N(Cc2cc(Cl)ccc2Cl)c2ccc(C#N)c(Cl)c2)C1,0.9956273,train
Brc1cnc2nc(N3CCN4CCC3CC4)oc2c1,0.6010045,train
Clc1cnc2nc(N3CCN4CCC3CC4)oc2c1,0.5897331,train
Fc1cnc2nc(N3CCN4CCC3CC4)oc2c1,0.20640276,train
Cc1ccc2oc(N3CCN4CCC3CC4)nc2n1,0.1933325,train
Clc1cnc2oc(N3CCN4CCC3CC4)nc2c1,0.66033715,train
Cc1nc2nc(N3CCN4CCC3CC4)oc2cc1Cl,0.16875014,train
CCc1ccc2oc(N3CCN4CCC3CC4)nc2n1,0.34236205,train
Fc1ccccc1-c1ccc2oc(N3CCN4CCC3CC4)nc2n1,0.7946436,val
CN1C[C@H]2C[C@@H](N(Cc3ccc(F)c(C(F)(F)F)c3)C(=O)c3cn(C)cn3)C[C@H]2C1,0.98663527,train
CCN1C[C@H]2C[C@@H](N(Cc3ccc(F)c(C(F)(F)F)c3)C(=O)c3cn(C)cn3)C[C@H]2C1,0.9933965,train
Cn1cnc(C(=O)N(Cc2cccc(OC(F)(F)F)c2)[C@H]2C[C@H]3CNC[C@H]3C2)c1,0.8832169,train
Cn1cnc(C(=O)N(Cc2ccc(F)c(C(F)(F)F)c2)[C@H]2C[C@H]3CNC[C@H]3C2)c1,0.7704001,train
Cn1cnc(C(=O)N(Cc2cccc(OC(F)(F)F)c2)[C@@H]2C[C@@H]3CN(CC(C)(C)O)C[C@@H]3C2)c1,0.91089827,train
Cn1cnc(C(=O)N(Cc2cccc(OC(F)(F)F)c2)[C@@H]2C[C@@H]3CN(CC(O)c4ccccc4)C[C@@H]3C2)c1,0.9987558,val
Cn1cnc(C(=O)N(Cc2cccc(OC(F)(F)F)c2)[C@@H]2C[C@@H]3CN(CCC(F)(F)F)C[C@@H]3C2)c1,0.9990983,train
CCN1C[C@H]2C[C@@H](N(Cc3cccc(OC(F)(F)F)c3)C(=O)c3cn(C)cn3)C[C@H]2C1,0.99740595,train
CN1C[C@H]2C[C@@H](N(Cc3ccc(F)c(OC4CCCC4)c3)C(=O)c3cn(C)cn3)C[C@H]2C1,0.9861454,val
CN1C[C@H]2C[C@@H](N(Cc3cccc(OC(F)(F)F)c3)C(=O)c3cn(C)cn3)C[C@H]2C1,0.9939958,train
O=C(c1cc(Cc2c[nH]c(=O)c3cc(Cl)c(Cl)n23)ccc1F)N1CCC2(CCCN2)CC1,0.18559998,test
CNC(C)(C)C(=O)N1CCN(C(=O)c2cc(Cc3c[nH]c(=O)c4cc(Cl)c(Cl)n34)ccc2F)CC1,0.08024892,train
O=C(c1cc(Cc2c[nH]c(=O)c3cc(Cl)c(Cl)n23)ccc1F)N1CCC(N2CCCC2)CC1,0.30723044,test
COc1cc2c(c(N3CCN(C)CC3)c1)OC(C(=O)Nc1ccc(N3CCOCC3)cc1)CC2,0.06168696,test
COC1(c2ccc(NC(=O)c3cc(=O)c4cc(F)cc(-c5c(C)nn(C)c5C)c4o3)cn2)CCOCC1,0.00924799,test
CC(C)OC(=O)C1=CN(C(=O)c2ccc(OCCCN3CCOCC3)cc2)CC(C)(C)c2c1[nH]c1ccccc21,0.76906914,train
CCCOCCn1c(=O)c(N2CCN([C@@H](C)[C@@H](C)O)CC2)nc2cnc(-c3ccc(OC)nc3)cc21,0.9553165,train
CCCOCCn1c(=O)c(N2CCN(C[C@@H](C)O)CC2)nc2cnc(-c3ccc(OC)nc3)cc21,0.92155033,train
CCCOCCn1c(=O)c(N2CCN(CCO)CC2)nc2cnc(-c3ccc(OC)nc3)cc21,0.92844695,train
CCCOCCn1c(=O)c(N2CCN(CC)CC2)nc2cnc(-c3ccc(OC)nc3)cc21,0.9766833,train
CCCOCCn1c(=O)c(N2CCNCC2)nc2cnc(-c3ccc(OC)nc3)cc21,0.8892557,train
CCCOCCn1c(=O)c(NCCNCCO)nc2cnc(-c3ccc(OC)nc3)cc21,0.7786131,train
CCOC[C@H]1[C@@H]2CNC[C@@]21c1ccc(Cl)c(Cl)c1,0.9913367,train
O=C1N(CC2CCCCN2)CCN1c1cccc(Cl)c1,0.46592826,test
c1ccc(N2CCN(CC3CCCCN3)C2)cc1,0.47178897,test
N#Cc1nc(CCCN2CCCCC2)cc(-c2cccc(C(F)(F)F)c2)n1,0.99109346,train
CCC(CC)NCCCc1cc(-c2cccc(C(F)(F)F)c2)nc(C#N)n1,0.99730575,train
CC(C)(C)NCCCc1cc(-c2cccc(C(F)(F)F)c2)nc(C#N)n1,0.99823904,train
Cc1ccc(C23CC2CN(CCCSc2nnc(-c4ocnc4C)n2C)C3)c(F)c1,0.9996853,train
Cc1ncoc1-c1nnc(SCCCN2CC3CC3(c3cc(C(F)(F)F)ccc3F)C2)n1C,0.99980885,train
Cc1ncoc1-c1nnc(SCCCN2CC3CC3(c3cccc(C(F)(F)F)c3)C2)n1C,0.99953973,train
COc1cccc(C23CC2CN(CCCSc2nnc(-c4ocnc4C)n2C)C3)c1,0.99754095,train
Cc1ncoc1-c1nnc(SCCCN2CC3CC3(c3ccccc3C(F)(F)F)C2)n1C,0.9994931,train
Cc1ccc2c(-c3nnc(SCCCN4CC5CC5(c5ccccc5)C4)n3C)cccc2n1,0.99953413,train
Cc1ncccc1-c1nnc(SCCCN2C[C@@H]3C[C@]3(c3ccc(C(F)(F)F)cc3)C2)n1C,0.99993765,train
Cn1c(SCCCN2C[C@@H]3C[C@]3(c3ccc(C(F)(F)F)cc3)C2)nnc1-c1ccnnc1,0.99993896,train
Cc1ncoc1-c1nnc(SCCCN2CC3CC3(c3cccc(C(F)(F)F)c3F)C2)n1C,0.9998418,train
COc1ccc(C23CC2CN(CCCSc2nnc(-c4ocnc4C)n2C)C3)cc1Cl,0.9973335,train
Cn1c(SCCCN2C[C@@H]3C[C@]3(c3ccc(C(F)(F)F)cc3)C2)nnc1-c1cncnc1,0.99991775,train
COc1ccc(C23CC2CN(CCCSc2nnc(-c4cccc5nc(C)ccc45)n2C)C3)cc1,0.9994543,train
COc1ccc(C23CC2CN(CCCSc2nnc(-c4ocnc4C)n2C)C3)cc1,0.9963787,train
Cc1ncoc1-c1nnc(SCCCN2CC3CC3(c3ccc(F)c(C(F)(F)F)c3)C2)n1C,0.9995863,train
Cc1ccc2c(-c3nnc(SCCCN4CC5CC5(c5ccc(Cl)cc5)C4)n3C)cccc2n1,0.99988246,train
Cc1nc(C)c(-c2nnc(SCCCN3C[C@@H]4C[C@]4(c4ccc(C(F)(F)F)cc4)C3)n2C)s1,0.999884,test
Cc1ncoc1-c1nnc(SCCCN2CC3CC3(c3ccc(F)cc3)C2)n1C,0.9987184,train
Cc1ncoc1-c1nnc(SCCCN2CC3CC3(c3cccc(F)c3)C2)n1C,0.99885845,train
Cc1ncoc1-c1nnc(SCCCN2CC3CC3(c3cc(F)cc(C(F)(F)F)c3)C2)n1C,0.9995017,train
Cc1ccc2c(-c3nnc(SCCCN4CC5CC5(c5ccc(Cl)c(Cl)c5)C4)n3C)cccc2n1,0.9998048,train
Cc1ncoc1-c1nnc(SCCCN2CC3CC3(c3ccccc3)C2)n1C,0.99729973,train
Cc1ncoc1-c1nnc(SCCCN2CC3CC3(c3cccc(Cl)c3)C2)n1C,0.9994931,train
COc1ccc(C23CC2CN(CCCSc2nnc(-c4ocnc4C)n2C)C3)cc1C(F)(F)F,0.9987746,train
Cc1ncoc1-c1nnc(SCCCN2CC3CC3(c3ccc(C(F)(F)F)cc3)C2)n1C,0.99953973,train
Cc1ncoc1-c1nnc(SCCCN2C[C@@H]3C[C@]3(c3ccc(C(C)(C)C)cc3)C2)n1C,0.999689,train
Cc1ncoc1-c1nnc(SCCCN2CC3CC3(c3ccc(Cl)c(Cl)c3)C2)n1C,0.9991372,train
Cc1ncoc1-c1nnc(SCCCN2CC3CC3(c3ccc(C(F)(F)F)cc3F)C2)n1C,0.9998379,train
Cc1ncoc1-c1nnc(SCCCN2CC3CC3(c3ccc(Cl)cc3F)C2)n1C,0.9998473,train
Cc1ncoc1-c1nnc(SCCCN2CC3CC3(c3cccc(OC(F)(F)F)c3)C2)n1C,0.9997969,train
Cc1ccc(-c2nnc(SCCCN3C[C@@H]4C[C@]4(c4ccc(C(F)(F)F)cc4)C3)n2C)cn1,0.9999323,train
Cc1cnc(-c2nnc(SCCCN3C[C@@H]4C[C@]4(c4ccc(C(F)(F)F)cc4)C3)n2C)cn1,0.99989474,val
Cc1ncoc1-c1nnc(SCCCN2C[C@@H]3C[C@]3(c3ccc(C(F)(F)F)cc3)C2)n1C,0.9999554,train
Cc1ncoc1-c1nnc(SCCCN2CC3CC3(c3ccc(Br)cc3)C2)n1C,0.99950933,train
Cc1ncoc1-c1nnc(SCCCN2CC3CC3(c3ccc(Cl)cc3)C2)n1C,0.9994848,train
Cc1ccc2c(-c3nnc(SCCCN4CC5CC5(c5ccc(C#N)cc5)C4)n3C)cccc2n1,0.9998431,train
Cn1c(SCCCN2C[C@@H]3C[C@]3(c3ccc(C(F)(F)F)cc3)C2)nnc1-c1ccccc1,0.9999826,train
Cc1ncoc1-c1nnc(SCCCN2C[C@H]3C[C@@]3(c3ccc(C(F)(F)F)cc3)C2)n1C,0.99996614,train
Cc1ncoc1-c1nnc(SCCCN2CC3CC3(c3ccc(C(C)(C)C)cc3)C2)n1C,0.99855095,train
Cc1ncoc1-c1nnc(SCCCN2CC3CC3(c3ccc(C(F)(F)F)c(F)c3)C2)n1C,0.99953675,train
Cc1ccc2c(-c3nnc(SCCCN4C[C@H]5C[C@@]5(c5ccc(Br)cc5)C4)n3C)cccc2n1,0.99998426,train
Cc1ccc2c(-c3nnc(SCCCN4C[C@@H]5C[C@]5(c5ccc(C(F)(F)F)cc5)C4)n3C)cccc2n1,0.99998975,train
Cc1ncoc1-c1nnc(SCCCN2C[C@H]3C[C@@]3(c3ccc(C(C)(C)C)cc3)C2)n1C,0.99988866,train
Cc1cc(C(F)(F)F)ccc1C12CC1CN(CCCSc1nnc(-c3ocnc3C)n1C)C2,0.9997439,train
Cc1ncoc1-c1nnc(SCCCN2CC3CC3(c3ccc(OC(F)(F)F)cc3)C2)n1C,0.99985766,train
Cc1ccc2c(-c3nnc(SCCCN4CC5CC5(c5ccc(C(C)(C)C)cc5)C4)n3C)cccc2n1,0.99967694,train
Cc1ccc2c(-c3nnc(SCCCN4C[C@@H]5C[C@]5(c5ccc(Br)cc5)C4)n3C)cccc2n1,0.99998975,train
Cc1ccoc1-c1nnc(SCCCN2C[C@@H]3C[C@]3(c3ccc(C(F)(F)F)cc3)C2)n1C,0.9999856,train
Cc1ccc2c(-c3nnc(SCCCN4CC5CC5(c5ccc(C(F)(F)F)cc5)C4)n3C)cccc2n1,0.99989533,train
Cc1ccc2c(-c3nnc(SCCCN4CC5CC5(c5ccc(Br)cc5)C4)n3C)cccc2n1,0.99988806,train
Cc1cnc(Nc2cc(N3CCN(C)CC3)nc(N[C@@H](C)c3ccc(F)cn3)n2)s1,0.07698335,val
Cc1cnc(Nc2cc(N3CCOCC3)nc(N[C@@H](C)c3ccc(F)cn3)n2)s1,0.039399102,test
CCOc1cc(CN2CCC(Nc3nc4cc(S(N)(=O)=O)ccc4o3)CC2)ccc1OC,0.14138912,train
CCOc1cc(CN2CCC(Nc3nc4cc(S(=O)(=O)CC)ccc4o3)CC2)ccc1OC,0.9836637,train
CCOc1cc(CN2CCC(Nc3nc4cc(C(N)=O)ccc4o3)CC2)cc(OCC)c1F,0.82839996,train
CCCCc1ccc(S(=O)(=O)Nc2ccc3c(c2)CCN(Cc2cc[nH]n2)CC3)cc1,0.9861925,train
CNC(=O)Cn1c(=O)n(C2CCN([C@H]3CC[C@@H](C(C)C)CC3)CC2)c2ccccc21,0.9641391,test
CNC(=O)Cn1c(=O)n(C2CCN(CCC(Oc3cc(OC)ccc3C)C(C)C)CC2)c2ccccc21,0.95241237,train
CC(C)CN(C(=O)c1cccc(Cl)c1Cl)[C@H]1CCNC1,0.14105882,train
O=C(c1cccc(Cl)c1Cl)N(CCC1CC1)[C@H]1CCNC1,0.30764425,train
CC(C)(C)CN(C(=O)c1cccc(Cl)c1Cl)[C@H]1CCNC1,0.1464758,train
O=C(c1cccc(Cl)c1Cl)N(C1CCCC1)[C@H]1CCNC1,0.44866946,val
CCC(CC)N(C(=O)c1cccc(Cl)c1Cl)[C@H]1CCNC1,0.9765822,train
O=C(c1cccc(Cl)c1Cl)N(c1ccccc1)[C@H]1CCNC1,0.72782487,train
CC(C)CN(C(=O)c1cc(Cl)ccc1Cl)[C@H]1CCNC1,0.48003304,train
CC(C)CN(C(=O)c1ccc(Cl)c(Cl)c1)[C@H]1CCNC1,0.23658015,train
CC(C)CN(C(=O)c1cccc(C(F)(F)F)c1Cl)[C@H]1CCNC1,0.52435994,train
Cc1c(Cl)cccc1C(=O)N(CC(C)C)[C@H]1CCNC1,0.10107456,train
CC(C)CN(C(=O)c1ccccc1C(C)C)[C@H]1CCNC1,0.0942027,train
CCCC[C@H]1CN(CC2CCOCC2)C(=O)OC12CCN(C1(C)CCN(C(=O)c3c(C)ncnc3C)CC1)CC2,0.686775,val
CC(C)N(C)[C@@H]1CC[C@H](N2CCC(NC(=O)c3cc(F)cc(C(F)(F)F)c3)C2=O)[C@H](CS(=O)(=O)c2ccccc2)C1,0.043608833,train
CC(C)N(C)[C@@H]1CC[C@H](N2CCC(NC(=O)c3cc(C(F)(F)F)cc(C(F)(F)F)c3)C2=O)[C@H](CS(=O)(=O)c2ccccc2)C1,0.21969907,train
Cc1ccc(S(=O)(=O)C[C@@H]2C[C@H](N(C)C(C)C)CC[C@@H]2N2CCC(NC(=O)c3cccc(C(F)(F)F)c3)C2=O)cc1,0.07245832,train
CC(C)N(C)[C@@H]1CC[C@H](N2CCC(NC(=O)c3cccc(C(F)(F)F)c3)C2=O)[C@H](CS(=O)(=O)c2ccccc2)C1,0.05106717,train
CC(C)(O)C(=O)c1oc2nc(-c3ccccc3Cl)c(-c3ccc(Cl)cc3)cc2c1NC(=O)CO,0.50989926,test
CC(=O)N1CCC(c2[nH]nc(-c3ccc(F)cc3)c2-c2ccncc2)CC1,0.47609094,train
CC(C)C(N1CCOCC1)C(O)(c1cccnc1)c1cccnc1,0.01594044,train
OC(c1cccnc1)(c1cccnc1)C(Cc1ccccc1)N1CCOCC1,0.041279327,val
CCCCC(N1CCOCC1)C(O)(c1cccnc1)c1cccnc1,0.042592507,train
CCCCCCC(N1CCOCC1)C(O)(c1cccnc1)c1cccnc1,0.15019801,train
OC(c1cccnc1)(c1cccnc1)C(c1ccccc1)N1CCC1,0.01733464,train
COCCN(C)C(c1ccccc1)C(O)(c1cccnc1)c1cccnc1,0.058922283,val
OC(c1cccnc1)(c1cccnc1)C(c1ccccc1)N1CCCOCC1,0.009002718,test
OC(c1cccnc1)(c1cccnc1)C(c1ccccc1)N1CCNCC1,0.016575167,train
OC(c1cccnc1)(c1cccnc1)C(c1ccccc1)N1CCCCC1,0.039691675,val
OC(c1cccnc1)(c1cccnc1)C(c1ccccc1)N1CCCC1,0.03674388,train
COc1nccnc1CC1=C(CCN(C)C)Cc2ccccc21,0.98308337,train
COc1nccnc1C(C)C1=C(CCN(C)C)Cc2ccccc21,0.98876625,train
CC(C1=C(CCN(C)C)Cc2ccccc21)c1nccs1,0.7129677,train
Cc1csc(C(C)C2=C(CCN(C)C)Cc3ccccc32)n1,0.9030348,train
Cc1ccc2c(c1)CC(CCN(C)C)=C2Cc1cnccn1,0.9797146,train
COc1ccc2c(c1)CC(CCN(C)C)=C2Cc1cnccn1,0.93599373,train
CN(C)CCC1=C(Cc2cnccn2)c2ccc(Cl)cc2C1,0.9895573,train
CN(C)CCC1=C(Cc2cnccn2)c2ccc(F)cc2C1,0.98054963,train
COc1nccnc1CC1=C(CCN(C)C)Cc2cc(Cl)ccc21,0.9945259,train
CN(C)CCC1=C(Cc2cccnn2)c2ccc(F)cc2C1,0.9929792,train
CN(C)CCC1=C(Cc2cccnn2)c2ccc(Cl)cc2C1,0.99624497,train
Cc1ccc2c(c1)CC(CCN(C)C)=C2C(C)c1cnccn1,0.97825855,train
COc1ccc2c(c1)CC(CCN(C)C)=C2C(C)c1cnccn1,0.91072005,train
COc1nccnc1C(C)C1=C(CCN(C)C)Cc2cc(C)ccc21,0.9945692,train
COc1ccc2c(c1)CC(CCN(C)C)=C2C(C)c1nccnc1OC,0.97967577,train
COc1nccnc1C(C)C1=C(CCN(C)C)Cc2cc(F)ccc21,0.9947706,train
Cc1ccc2c(c1)CC(CCN(C)C)=C2C(C)c1nccs1,0.85652274,train
COc1ccc2c(c1)CC(CCN(C)C)=C2C(C)c1nccs1,0.5723107,train
CC(C1=C(CCN(C)C)Cc2cc(F)ccc21)c1nccs1,0.8572162,train
CSc1nn2c3c(c(C)nc2c1S(=O)(=O)c1ccccc1)CCCC3,0.6887519,test
C[C@@H]1CN(C(=O)C2CN(c3cccnc3)C[C@@H]2c2ccc(F)cc2F)C[C@H](C)[C@@]1(O)c1ccccc1,0.95405304,test
C[C@@H]1CN(C(=O)C2CN(c3ccccn3)C[C@@H]2c2ccc(F)cc2F)C[C@H](C)[C@@]1(O)c1ccccc1,0.973224,val
C[C@@H]1CN(C(=O)C2CN(C3CCC3)C[C@@H]2c2ccc(F)cc2F)C[C@H](C)[C@@]1(O)c1ccccc1,0.9923437,val
C[C@@H]1CN(C(=O)C2CNC[C@H]2c2ccc(F)cc2F)C[C@H](C)[C@@]1(O)c1ccccc1,0.9429513,train
C[C@@H]1CN(C(=O)C2CN(C(C)(C)C)C[C@H]2c2ccc(F)cc2F)C[C@H](C)[C@@]1(O)c1ccccn1,0.84435487,train
C[C@@H]1CN(C(=O)C2CN(C(C)(C)C)C[C@H]2c2ccc(F)cc2F)C[C@H](C)[C@@]1(O)c1c(F)cccc1F,0.99498653,train
C[C@@H]1CN(C(=O)C2CN(C(C)(C)C)C[C@H]2c2ccc(F)cc2F)C[C@H](C)[C@@]1(O)c1ccc(F)cc1,0.9881584,train
CC(c1ccccn1)c1c(CCN2CCCC2)sc2ccccc12,0.99500704,val
CC(c1ccccn1)c1c(CCN2CCC2)sc2ccccc12,0.9958592,train
CC(c1ccncc1)c1c(CCN(C)C)sc2ccccc12,0.99219644,train
CNCCc1sc2ccccc2c1C(C)c1ccccn1,0.9942676,train
C[C@H](c1cccnc1)c1c(CCN(C)C)sc2ccccc12,0.9857218,train
CC(c1ccc(F)cn1)c1c(CCN(C)C)sc2ccccc12,0.99375385,train
Cc1cccnc1C(C)c1c(CCN(C)C)sc2ccccc12,0.9885988,train
COc1cccnc1C(C)c1c(CCN(C)C)sc2ccccc12,0.99313,train
CC(c1ncccc1F)c1c(CCN(C)C)sc2ccccc12,0.98869765,train
COc1ncccc1[C@@H](C)c1c(CCN(C)C)sc2ccccc12,0.9957712,train
C[C@H](c1cccnc1F)c1c(CCN(C)C)sc2ccccc12,0.9956988,train
C[C@H](c1cccnc1Cl)c1c(CCN(C)C)sc2ccccc12,0.9958098,train
C[C@@H](c1cscn1)c1c(CCN(C)C)sc2ccccc12,0.99239784,val
C[C@H](c1c(CCN(C)C)sc2ccccc12)n1cccn1,0.9973494,train
O=C(NCc1cc(Cl)cc(Cl)c1)N(c1ccc(Br)cc1)C1CCN(C2CCCC2)CC1,0.96449685,train
O=C(NCc1ccccc1)N(c1ccc(Br)cc1)C1CCN(C2CCCC2)CC1,0.71584755,train
O=C(Nc1ccccc1)N(c1ccc(Br)cc1)C1CCN(C2CCCC2)CC1,0.95292044,train
O=C(NCc1ccc(F)cc1)N(c1ccc(Br)cc1)C1CCN(C2CCCC2)CC1,0.85720026,train
CCN1CCC(N(C(=O)NCc2ccc(F)cc2)c2ccc(Cl)cc2)CC1,0.8854072,train
CCN1CCC(N(C(=O)NCc2ccc(F)cc2)c2ccc(Cl)cn2)CC1,0.88453275,train
O=C(NCc1ccc(F)cc1)N(c1ccc(Cl)cc1)C1CCN(CCO)CC1,0.6821775,train
O=C(NCc1ccc(F)cc1)N(c1ccc(Br)cc1)C1CCN(CCO)CC1,0.6871262,train
O=C(NCc1ccc(F)cc1)N(c1ccc(Cl)cc1)C1CCN(Cc2ccncc2)CC1,0.8431396,train
Nc1cc(CN2CCC(N(C(=O)NCc3ccc(F)cc3)c3ccc(Cl)cc3)CC2)ccn1,0.7943802,train
O=C(NCc1ccc(F)cc1)N(c1ccc(Cl)cc1)C1CCN(Cc2ccnnc2)CC1,0.32482004,train
O=C(NCc1ccccc1)N(c1ccc(Br)cc1)C1CCN(Cc2ccncc2)CC1,0.69620675,train
O=C(NCc1ccccc1)N(c1ccc(Br)cc1)C1CCN(Cc2ccnnc2)CC1,0.17019321,train
Cc1ccc(C(=O)NC2CC2)cc1-c1cc2cnn(-c3c(F)cccc3F)c2n(C)c1=O,0.16945979,test
Cc1ccc(OC(=O)N(CC(=O)O)Cc2cccc(OCc3nc(-c4ccc(Cl)cc4)oc3C)c2)cc1,0.101121046,train
Cc1ccc(OC(=O)N(CC(=O)O)Cc2cccc(OCc3oc(-c4ccc(Cl)cc4)nc3C)c2)cc1,0.08275897,train
Cc1ccc(OC(=O)N(CC(=O)O)Cc2cccc(OCc3nc(-c4ccc(Cl)cc4)sc3C)c2)cc1,0.0875936,test
Cc1ccc(OC(=O)N(CC(=O)O)Cc2cccc(OCc3nc(-c4cccc(Cl)c4)oc3C)c2)cc1,0.09087056,train
Cc1ccc(OC(=O)N(CC(=O)O)Cc2cccc(OCc3nc(-c4ccc(F)cc4)oc3C)c2)cc1,0.05475232,train
Cc1ccc(OC(=O)N(CC(=O)O)Cc2cccc(OCc3nc(-c4ccc(C#N)cc4)oc3C)c2)cc1,0.06953221,train
COc1ccc(-c2nc(COc3cccc(CN(CC(=O)O)C(=O)Oc4ccc(C)cc4)c3)c(C)o2)cc1,0.029313892,train
Cc1ccc(OC(=O)N(CC(=O)O)Cc2cccc(OCc3nc(-c4ccc(C)cc4)oc3C)c2)cc1,0.053674676,train
Cc1ccc(OC(=O)N(CC(=O)O)Cc2cccc(OCc3nc(-c4ccc(C(F)(F)F)cc4)oc3C)c2)cc1,0.085263014,train
OCCN(CCc1c[nH]c2ccccc12)Cc1ccc(/C=C/C(O)=NO)cc1,0.19756578,train
Cc1[nH]c2ccccc2c1C1CCCN(Cc2ccc(/C=C/C(O)=NO)cc2)C1,0.15633701,train
Cc1[nH]c2ccccc2c1C1CCN(Cc2ccc(/C=C/C(O)=NO)cc2)C1,0.114856906,train
Cc1[nH]c2ccccc2c1CC1CCCCN1Cc1ccc(/C=C/C(O)=NO)cc1,0.1776098,train
Cc1[nH]c2ccccc2c1CCN1CCCC1c1ccc(/C=C/C(O)=NO)cc1,0.20204279,train
Cc1[nH]c2ccccc2c1CCN1Cc2ccc(/C=C/C(O)=NO)cc2C1,0.36931294,val
Cc1[nH]c2ccccc2c1CCN1CCc2cc(/C=C/C(O)=NO)ccc2C1,0.33176112,train
Cc1[nH]c2ccccc2c1CCN1CCc2ccc(/C=C/C(O)=NO)cc2C1,0.30827954,train
Cc1[nH]c2ccccc2c1CCN1CCc2ccc(/C=C/C(O)=NO)cc2CC1,0.29006323,val
ON=C(O)/C=C/c1ccc(CN2CCCC(c3c[nH]c4ccccc34)C2)cc1,0.18892474,train
ON=C(O)/C=C/c1ccc(CN2CCCC(c3c(-c4ccccc4)[nH]c4ccccc34)C2)cc1,0.3804347,train
CC(C)(C)c1[nH]c2ccccc2c1C1CCCN(Cc2ccc(/C=C/C(O)=NO)cc2)C1,0.30844438,train
ON=C(O)/C=C/c1ccc(CN2CCCC(c3c[nH]c4ccccc34)C2)c(F)c1,0.16935183,train
ON=C(O)/C=C/c1ccc(CN2CCCC(c3c(-c4ccccc4)[nH]c4ccccc34)C2)c(F)c1,0.33954325,train
CC(C)(C)c1[nH]c2ccccc2c1C1CCCN(Cc2ccc(/C=C/C(O)=NO)cc2F)C1,0.2805773,train
CC(C)(C)c1[nH]c2ccccc2c1C1CCCN(Cc2ccc(/C=C/C(O)=NO)cc2Cl)C1,0.30187815,train
O=C(CNC(=O)c1cccc(C(F)(F)F)c1)N[C@@H]1CCN(CCC2CCN(C(=O)c3cc(F)ccc3F)CC2)C1,0.75419414,train
CCOCCn1c([C@@H]2CCCN(C3CCOCC3)C2)nc2ccccc21,0.98798066,train
CN1CCC[C@@H](c2nc3ccccc3n2Cc2ccc(F)cc2)C1,0.9940057,train
CN1CCC[C@@H](c2nc3ccccc3n2Cc2ccccn2)C1,0.97551394,test
CN1CCC[C@H](c2nc3ccccc3n2Cc2ccc(F)cc2)C1,0.9986432,train
Cc1csc(Cn2c(C3CCCN(C4CCCCC4)C3)nc3ccccc32)n1,0.9903391,test
COc1ccc(Cn2c(C3CCCN(C4CCCCC4)C3)nc3ccccc32)cc1,0.99714786,train
COc1ccc(Cn2c(C3CCCN(C(C)C)C3)nc3ccccc32)cc1,0.98594856,train
Fc1ccc(Cn2c(C3CCCN(C4CCCCC4)C3)nc3ccccc32)cc1,0.9978084,train
CC(C)N1CCCC(c2nc3ccccc3n2Cc2ccc(F)cc2)C1,0.99144906,train
CN1CCCC(c2nc3ccccc3n2CC2CCCO2)C1,0.8103254,train
CCOCCn1c(C2CCCN(C)C2)nc2ccccc21,0.962866,train
CN1CCCC(c2nc3ccccc3n2CCOc2ccccc2)C1,0.9330717,train
CCOCCn1c(N2CC[C@H](N(C)C)C2)nc2ccccc21,0.98770976,train
COc1ccc(Cn2c(N3CC[C@@H](N(C)C)C3)nc3ccccc32)cc1,0.998872,train
O=C1NCc2c(-c3ccc(F)cc3F)cc(N3CCNCC3)cc2N1c1c(Cl)cccc1Cl,0.8965282,val
Nc1cc2c(ccc(=O)n2-c2c(F)cccc2F)c(-c2ccc(F)cc2F)n1,0.56943697,val
CCOCCn1nc(C)c2nc(NC3CCNCC3)nc(Nc3cc(C)ccn3)c21,0.9971316,train
CCOCCn1nc(CC)c2nc(N3CCC(C(=O)O)CC3)nc(Nc3cc(C)ccn3)c21,0.5512744,test
O=C(C1C[C@H](Oc2cccc(F)c2)CN1)N1CCCN(C2CCC2)CC1,0.98929733,train
O=C(C1C[C@H](Oc2ccc(F)cc2)CN1)N1CCCN(C2CCC2)CC1,0.99138653,train
CC(=O)N1C[C@@H](Oc2cccc(F)c2)CC1C(=O)N1CCCN(C2CCC2)CC1,0.6821477,train
O=C(C1C[C@H](Oc2ccc(Cl)cc2)CN1)N1CCCN(C2CCC2)CC1,0.9948192,train
O=C(C1C[C@H](Oc2cccc(Cl)c2)CN1)N1CCCN(C2CCC2)CC1,0.9962668,train
O=C(C1C[C@H](Oc2ccc(F)cc2)CN1)N1CCCN(C2CCCC2)CC1,0.9882377,train
N#Cc1ccc(O[C@@H]2CNC(C(=O)N3CCCN(C4CCCC4)CC3)C2)cc1,0.9917509,train
O=C(CN1CCCN(Cc2nc3ccccc3[nH]2)CC1)Nc1ccc(C(F)(F)F)cc1,0.9361706,test
O=C(CNc1ccccc1C(F)(F)F)N1CCCN(Cc2nc3ccccc3[nH]2)CC1,0.8909873,train
Cc1cccc(Nc2nc(N3CCNCC3)nc3c(C)nn(CCOCC(F)(F)F)c23)n1,0.99461114,train
CCc1nn(CCOCC(F)(F)F)c2c(Nc3ccncn3)nc(N3CCNCC3)nc12,0.98322326,train
Cc1nn(CCOCC(F)(F)F)c2c(Nc3ccncn3)nc(N3CCN[C@H](C)C3)nc12,0.9800631,train
CCc1nn(CCOCC(F)(F)F)c2c(Nc3ccncn3)nc(N3CCN[C@H](C)C3)nc12,0.98473233,train
CC(O)C(=O)NC1CC(C)(C)Oc2nc(-c3ccc(Cl)cc3Cl)c(-c3ccc(Cl)cc3)cc21,0.98697436,train
CC1(C)CC(NC(=O)C(C)(C)O)c2cc(-c3ccc(Cl)cc3)c(-c3ccc(Cl)cc3Cl)nc2O1,0.9841239,train
CC1(C)CC(NC(=O)C2(O)CC2)c2cc(-c3ccc(Cl)cc3)c(-c3ccc(Cl)cc3Cl)nc2O1,0.98128325,test
Cc1cc(Cl)ccc1-c1nc2c(cc1-c1ccc(Cl)cc1)C(NC(=O)C(O)C(F)(F)F)CC(C)(C)O2,0.99365354,train
CC1(C)CC(NC(=O)C(C)(O)C(F)(F)F)c2cc(-c3ccc(Cl)cc3)c(-c3ccc(Cl)cc3Cl)nc2O1,0.995191,train
CC1(C)CC(NC(=O)CC(O)C(F)(F)F)c2cc(-c3ccc(Cl)cc3)c(-c3ccc(Cl)cc3Cl)nc2O1,0.95454985,train
CC1(C)CC(NC(=O)C(F)(F)CO)c2cc(-c3ccc(Cl)cc3)c(-c3ccc(Cl)cc3Cl)nc2O1,0.9486891,train
CCc1cc(C(=O)N[C@@H]2CC(C)(C)Oc3nc(-c4ccc(Cl)cc4Cl)c(-c4ccc(Cl)cc4)cc32)[nH]n1,0.99895334,train
Cc1c[nH]nc1C(=O)N[C@@H]1CC(C)(C)Oc2nc(-c3ccc(Cl)cc3Cl)c(-c3ccc(Cl)cc3)cc21,0.999108,train
Cc1[nH]nc(C(=O)N[C@@H]2CC(C)(C)Oc3nc(-c4ccc(Cl)cc4Cl)c(-c4ccc(Cl)cc4)cc32)c1C,0.9983815,train
CC1(C)C[C@@H](NC(=O)c2cn[nH]c2)c2cc(-c3ccc(Cl)cc3)c(-c3ccc(Cl)cc3Cl)nc2O1,0.9959692,train
Cc1[nH]ncc1C(=O)N[C@@H]1CC(C)(C)Oc2nc(-c3ccc(Cl)cc3Cl)c(-c3ccc(Cl)cc3)cc21,0.99885035,train
Cc1n[nH]c(C)c1C(=O)N[C@@H]1CC(C)(C)Oc2nc(-c3ccc(Cl)cc3Cl)c(-c3ccc(Cl)cc3)cc21,0.9897283,train
Cc1n[nH]c(C(=O)N[C@@H]2CC(C)(C)Oc3nc(-c4ccc(Cl)cc4Cl)c(-c4ccc(Cl)cc4)cc32)n1,0.9910801,train
CC1(C)C[C@@H](NC(=O)c2[nH]nc3ccccc23)c2cc(-c3ccc(Cl)cc3)c(-c3ccc(Cl)cc3Cl)nc2O1,0.998566,val
CC1(C)C[C@@H](NC(=O)c2ccc3[nH]ncc3c2)c2cc(-c3ccc(Cl)cc3)c(-c3ccc(Cl)cc3Cl)nc2O1,0.99883264,test
CC(=O)N[C@@H]1CC(C)(C)Oc2nc(-c3ccc(Cl)cc3Cl)c(-c3ccc(Cl)cc3)cc21,0.99880207,train
CC(=O)N[C@H]1CC(C)(C)Oc2nc(-c3ccc(Cl)cc3Cl)c(-c3ccc(Cl)cc3)cc21,0.99526155,train
Cc1cc(C(=O)N[C@@H]2CC(C)(C)Oc3nc(-c4ccc(Cl)cc4Cl)c(-c4ccc(Cl)cc4)cc32)[nH]n1,0.99892175,train
Cc1cc(CN2CCN(c3c(Br)cnc4[nH]c(N5CCN(C)CC5)nc34)CC2)no1,0.9628593,train
Cc1cc(CN2CCN(c3c(Cl)cnc4[nH]c(N5CCN(C)CC5)nc34)CC2)no1,0.9775878,train
CCOC(=O)c1cc(-c2ccc3cc(CCN4CCC[C@H]4C)ccc3n2)on1,0.98413485,train
C[C@@H]1CCCN1CCc1ccc2nc(-c3cc[nH]n3)ccc2c1,0.9909198,val
C[C@@H]1CCCN1CCc1ccc2nc(-c3cn[nH]c3)ccc2c1,0.9902473,train
Cc1[nH]ncc1-c1ccc2cc(CCN3CCC[C@H]3C)ccc2n1,0.9420005,train
Cc1c(-c2ccc3cc(CCN4CCC[C@H]4C)ccc3n2)cnn1C,0.81431973,train
Cc1nn(C)cc1-c1ccc2cc(CCN3CCC[C@H]3C)ccc2n1,0.9148524,train
Cc1n[nH]c(C)c1-c1ccc2cc(CCN3CCC[C@H]3C)ccc2n1,0.4635005,train
C[C@@H]1CCCN1CCc1ccc2nc(-c3ccoc3)ccc2c1,0.9884123,train
C[C@@H]1CCCN1CCc1ccc2nc(-c3ccsc3)ccc2c1,0.99593335,train
C[C@@H]1CCCN1CCc1ccc2nc(-c3cccs3)ccc2c1,0.9978073,train
C[C@@H]1CCCN1CCc1ccc2nc(-c3cncnc3)ccc2c1,0.9921191,train
COc1ncc(-c2ccc3cc(CCN4CCC[C@H]4C)ccc3n2)cn1,0.98879796,train
Cc1nc(N2CCCC2)ncc1-c1ccc2cc(CCN3CCC[C@H]3C)ccc2n1,0.98262894,val
Cc1cc(-c2ccc3cc(CCN4CCC[C@H]4C)ccc3n2)nc(-c2ccccc2)n1,0.9984666,train
CC1CCN(c2ccc3cc(CCN4CCC[C@H]4C)ccc3n2)CC1,0.98115003,train
C[C@@H]1CCCN1CCc1ccc2nc(-c3ccc(N4CCCCC4)cc3)ccc2c1,0.9883498,train
C[C@@H]1CCCN1CCc1ccc2nc(-c3ccc(-n4ccc(=O)cc4)cc3)ccc2c1,0.9779674,val
C[C@@H]1CCCN1CCc1ccc2nc(-c3cnc(-c4ccccc4)s3)ccc2c1,0.9996207,test
Cc1nc(-c2cccs2)sc1-c1ccc2cc(CCN3CCC[C@H]3C)ccc2n1,0.99887246,train
Cc1nc(-c2cnccn2)sc1-c1ccc2cc(CCN3CCC[C@H]3C)ccc2n1,0.9467325,train
Cc1nc(N2CCOCC2)sc1-c1ccc2cc(CCN3CCC[C@H]3C)ccc2n1,0.69252455,train
Cc1nc(-c2ccccn2)sc1-c1ccc2cc(CCN3CCC[C@H]3C)ccc2n1,0.9880861,train
Cc1nc(-c2cccnc2)sc1-c1ccc2cc(CCN3CCC[C@H]3C)ccc2n1,0.97677624,train
Cc1c(-c2ccc3cc(CCN4CCC[C@H]4C)ccc3n2)nnn1-c1ccc(F)cc1F,0.98766613,val
Cc1c(-c2ccc(Cl)cc2)noc1-c1ccc2cc(CCN3CCC[C@H]3C)ccc2n1,0.9989348,test
Cc1onc(-c2ccc(Cl)cc2)c1-c1ccc2cc(CCN3CCC[C@H]3C)ccc2n1,0.99809784,train
C[C@@H]1CCCN1CCc1ccc2nc(-c3c(-c4ccccc4)nn(C)c3Cl)ccc2c1,0.9739139,train
Cc1onc(-c2ccccc2)c1-c1ccc2cc(CCN3CCC[C@H]3C)ccc2n1,0.9926293,train
C[C@@H]1CCCN1CCc1ccc2nc(-c3nc4ccccc4s3)ccc2c1,0.99898607,val
Cc1c(-c2ccc3cc(CCN4CCC[C@H]4C)ccc3n2)sc2nc3ccccc3n12,0.9821286,val
Cc1c(-c2ccc3cc(CCN4CCC[C@H]4C)ccc3n2)sc2ncnn12,0.32275033,test
C[C@@H]1CCCN1CCc1ccc2nc(-c3cn4c(n3)SCC4)ccc2c1,0.9857885,val
Cc1nc2ccccn2c1-c1ccc2cc(CCN3CCC[C@H]3C)ccc2n1,0.97107714,val
C[C@@H]1CCCN1CCc1ccc2nc(-c3ccc4nccnc4c3)ccc2c1,0.99143267,test
Cc1nc2ncccc2cc1-c1ccc2cc(CCN3CCC[C@H]3C)ccc2n1,0.9858773,test
C[C@@H]1CCCN1CCc1ccc2nc(-c3ccc4c(c3)COCO4)ccc2c1,0.9969073,val
C[C@@H]1CCCN1CCc1ccc2nc(-c3ccc(C#N)s3)ccc2c1,0.9995135,train
CCOC(=N)c1ccc(-c2ccc3cc(CCN4CCC[C@H]4C)ccc3n2)s1,0.9921532,train
C[C@@H]1CCCN1CCc1ccc2nc(-c3ccccn3)ccc2c1,0.99300164,test
Cc1nc(-c2ccncc2)sc1-c1ccc2cc(CCN3CCC[C@H]3C)ccc2n1,0.9918487,train
Cc1nc(-c2nc(-c3ccc4cc(CCN5CCC[C@H]5C)ccc4n3)cs2)cs1,0.99165815,test
Cc1cc(-c2nc(-c3ccc4cc(CCN5CCC[C@H]5C)ccc4n3)cs2)no1,0.99971,test
C[C@@H]1CCCN1CCc1ccc2nc(-c3cnc4c(c3)OCO4)ccc2c1,0.99610007,train
Cc1cc2ncc(-c3ccc4cc(CCN5CCC[C@H]5C)ccc4n3)c(C)n2n1,0.98223007,train
C[C@@H]1CCCN1CCc1ccc2nc(-c3ccn4ncnc4n3)ccc2c1,0.9940049,test
CNC[C@@H](O)CCN1c2ccccc2N(c2ccccc2)S1(=O)=O,0.2098396,train
CNC[C@@H](O)CCN1c2ccccc2N(c2c(F)cccc2F)S1(=O)=O,0.031362794,train
CNC[C@@H](O)CCN1c2ccccc2N(c2cc(F)ccc2F)S1(=O)=O,0.16605467,train
O=S(=O)(c1ccccc1)c1ccc(/C=C/c2ccc(F)cc2F)cc1,0.9874884,train
NC(=O)c1ccc(S(=O)(=O)c2ccc(/C=C/c3ccc(F)cc3F)cc2)cc1,0.95180535,train
CC(O)c1ccccc1S(=O)(=O)c1ccc(/C=C/c2ccc(F)cc2)cc1,0.9619745,train
C[C@H](O)c1ccccc1S(=O)(=O)c1ccc(/C=C/c2ccc(F)cc2)cc1,0.93255776,train
O=C(NCCCCN1CCCCC1)Nc1ccc(-c2ccc(F)cc2)nc1,0.78336805,val
COc1ccccc1CC(c1ccccc1)N1CCNCC1,0.24328159,train
CCCOc1ccccc1CC(c1ccccc1)N1CCNCC1,0.6044162,train
CC(C)Oc1ccccc1CC(c1ccccc1)N1CCNCC1,0.2395756,train
c1ccc(C(Cc2ccccc2OC2CC2)N2CCNCC2)cc1,0.46968174,train
c1ccc(C(Cc2ccccc2OCC2CC2)N2CCNCC2)cc1,0.80980086,train
c1ccc(C(Cc2cccc3c2OCC3)N2CCNCC2)cc1,0.118427806,train
FC(F)Oc1ccccc1CC(c1ccccc1)N1CCNCC1,0.52910745,train
FC(F)(F)Oc1ccccc1CC(c1ccccc1)N1CCNCC1,0.6492604,train
COc1c(F)cccc1CC(c1ccccc1)N1CCNCC1,0.3055622,train
COc1cccc(F)c1CC(c1ccccc1)N1CCNCC1,0.122902,train
Fc1cccc(OC(F)F)c1CC(c1ccccc1)N1CCNCC1,0.32717705,train
COc1ccccc1CC(c1ccccc1F)N1CCNCC1,0.2749814,train
COc1ccccc1CC(c1ccc(F)cc1)N1CCNCC1,0.2956546,train
Fc1ccccc1C(Cc1ccccc1OC(F)F)N1CCNCC1,0.5704334,train
Fc1cccc(C(Cc2ccccc2OC(F)F)N2CCNCC2)c1,0.725207,train
Fc1ccc(C(Cc2ccccc2OC(F)F)N2CCNCC2)cc1,0.5951212,train
Fc1ccccc1C(Cc1ccccc1OC(F)(F)F)N1CCNCC1,0.6862295,train
Fc1cccc(C(Cc2ccccc2OC(F)(F)F)N2CCNCC2)c1,0.81296957,train
Fc1ccc(C(Cc2ccccc2OC(F)(F)F)N2CCNCC2)cc1,0.707714,train
COc1ccc(S(=O)(=O)N2CC(C(=O)N3CCCNCC3)c3ccccc32)c2ccccc12,0.7853241,test
CN1C[C@@H]2C[C@H]1CN2c1ccc(-c2ccc3occc3c2)nn1,0.98322487,val
CN1C[C@@H]2C[C@H]1CN2c1ccc(-c2ccc3sccc3c2)nn1,0.99800116,val
CN1C[C@@H]2C[C@H]1CN2c1ccc(-c2ccc3[nH]ccc3c2)nn1,0.9782171,train
CN1C[C@@H]2C[C@H]1CN2c1ccc(-c2ccc3[nH]c(C(F)(F)F)cc3c2)nn1,0.9973521,train
CN1C[C@@H]2C[C@H]1CN2c1ccc(-c2ccc3cc[nH]c3c2)nn1,0.9818733,val
Cc1cc2cc(-c3ccc(N4C[C@@H]5C[C@H]4CN5C)nn3)ccc2[nH]1,0.970628,train
CN1C[C@@H]2C[C@H]1CN2c1cnc(-c2ccccc2)cn1,0.99181974,test
CN1C[C@@H]2C[C@H]1CN2c1cnc(-c2ccc3occc3c2)cn1,0.97993547,test
CN1C[C@@H]2C[C@H]1CN2c1cnc(-c2ccc3sccc3c2)cn1,0.99724114,val
CN1C[C@@H]2C[C@H]1CN2c1cnc(-c2ccc3[nH]ccc3c2)cn1,0.97397184,train
CN1C[C@@H]2C[C@H]1CN2c1cnc(-c2ccc3[nH]c(C(F)(F)F)cc3c2)cn1,0.9967415,train
CN1C[C@@H]2C[C@H]1CN2c1cnc(-c2ccc3cc[nH]c3c2)cn1,0.9782135,val
CN1C[C@@H]2C[C@H]1CN2c1ncc(-c2ccccc2)cn1,0.9943059,train
CN1C[C@@H]2C[C@H]1CN2c1ncc(-c2ccc3occc3c2)cn1,0.9914875,val
CN1C[C@@H]2C[C@H]1CN2c1ncc(-c2ccc3sccc3c2)cn1,0.9980889,val
CN1C[C@@H]2C[C@H]1CN2c1ncc(-c2ccc3[nH]ccc3c2)cn1,0.9884427,train
CN1C[C@@H]2C[C@H]1CN2c1ncc(-c2ccc3[nH]c(C(F)(F)F)cc3c2)cn1,0.9980952,train
CN1C[C@@H]2C[C@H]1CN2c1ncc(-c2cccc3[nH]ccc23)cn1,0.9963242,test
CN1C[C@@H]2C[C@H]1CN2c1ccc(-c2ccccc2)cn1,0.9927435,val
CN1C[C@@H]2C[C@H]1CN2c1ccc(-c2ccc3occc3c2)cn1,0.9891712,val
CN1C[C@@H]2C[C@H]1CN2c1ccc(-c2ccc3sccc3c2)cn1,0.99758816,train
CN1C[C@@H]2C[C@H]1CN2c1ccc(-c2ccc3[nH]ncc3c2)cn1,0.99189717,train
CN1C[C@@H]2C[C@H]1CN2c1ccc(-c2ccc3[nH]ccc3c2)cn1,0.9852861,train
CN1C[C@@H]2C[C@H]1CN2c1ccc(-c2ccc3[nH]c(C(F)(F)F)cc3c2)cn1,0.99759823,train
CN1C[C@@H]2C[C@H]1CN2c1ccc(-c2cccc3[nH]ccc23)cn1,0.99326247,test
CN1C[C@@H]2C[C@H]1CN2c1ccc(-c2ccc3cc[nH]c3c2)cn1,0.9878065,train
CC1(C)CC(NC(=O)CCO)c2cc(-c3ccc(Cl)cc3)c(-c3ccc(Cl)cc3Cl)nc2O1,0.88878405,train
CN1c2nc(-c3ccc(Cl)cc3Cl)c(-c3ccc(Cl)cc3)cc2C(C(=O)NCO)CC1(C)C,0.9325784,train
Cn1nccc1-c1cc(NC(=O)c2ccc(F)cc2F)ccc1OCCN1CCOCC1,0.35869846,train
Cn1nccc1-c1cc(NC(=O)c2cccc(C(F)(F)F)c2)ccc1OCCN1CCOCC1,0.75396913,train
COc1cccc(C(=O)Nc2ccc(OCCN3CCOCC3)c(-c3ccnn3C)c2)c1,0.23654418,train
CC(=O)N1CCN(CCOc2ccc(NC(=O)c3cccc(F)c3)cc2-c2ccnn2C)CC1,0.15834871,train
C[C@@H]1CCCN1CCc1cc2cc(-c3ccc(C#N)cc3)ccc2o1,0.99513656,train
C[C@@H]1CCCN1CCc1ccc2nc(-c3ccc(C#N)cc3)ccc2c1,0.9981883,train
C[C@@H]1CCCN1CCc1ccc2ncccc2c1,0.9514785,train
Cc1ccc2cc(CCN3CCC[C@H]3C)ccc2n1,0.87342596,train
C[C@@H]1CCCN1CCc1ccc2nc(C3CC3)ccc2c1,0.9899358,test
C[C@@H]1CCCN1CCc1ccc2nc(C(C)(C)C)ccc2c1,0.98428,train
C[C@@H]1CCCN1CCc1ccc2nc(-c3nccs3)ccc2c1,0.99418515,val
C[C@@H]1CCCN1CCc1ccc2nc(C3=NCCS3)ccc2c1,0.9851242,train
Cc1nc(C)c(-c2ccc3cc(CCN4CCC[C@H]4C)ccc3n2)s1,0.776577,val
C[C@@H]1CCCN1CCc1ccc2nc(-c3cccnc3)ccc2c1,0.99241745,train
C[C@@H]1CCCN1CCc1ccc2nc(-c3ccncc3)ccc2c1,0.98769116,train
C[C@@H]1CCCN1CCc1ccc2nc(-c3ccc(Cl)nc3)ccc2c1,0.9949468,train
Cc1ccc(-c2ccc3cc(CCN4CCC[C@H]4C)ccc3n2)cn1,0.9773827,train
Cc1ccc(-c2ccc3cc(CCN4CCC[C@H]4C)ccc3n2)c(C)n1,0.9850017,train
Cc1nc(C)c(-c2ccc3cc(CCN4CCC[C@H]4C)ccc3n2)cc1C#N,0.984878,train
Cc1nc(C)c(-c2ccc3cc(CCN4CCC[C@H]4C)ccc3n2)cc1C(N)=O,0.9540982,train
C[C@@H]1CCCN1CCc1ccc2nc(-c3c(C(F)(F)F)[nH]ccc3=O)ccc2c1,0.9800847,val
C[C@@H]1CCCN1CCc1ccc2nc(-c3cnccn3)ccc2c1,0.992455,val
C[C@@H]1CCCN1CCc1ccc2nc(-c3csc(-c4cc(Cl)nc(Cl)c4)n3)ccc2c1,0.9997849,train
C[C@@H]1CCCN1CCc1ccc2nc(-c3csc(-c4ccccc4)n3)ccc2c1,0.9998872,train
C[C@@H]1CCCN1CCc1ccc2nc(-c3csc(-c4ccc(OCC(F)(F)F)nc4)n3)ccc2c1,0.999928,train
Cc1ccc(-c2ccc(-c3ccc4cc(CCN5CCC[C@H]5C)ccc4n3)s2)s1,0.9999424,val
Cc1c(-c2ccc3cc(CCN4CCC[C@H]4C)ccc3n2)cnn1-c1ccc(Cl)c(Cl)c1,0.9973463,test
Cc1c(-c2ccc3cc(CCN4CCC[C@H]4C)ccc3n2)cnn1-c1ccccn1,0.9908019,train
Cc1cc(C(F)(F)F)cc(-n2ncc(-c3ccc4cc(CCN5CCC[C@H]5C)ccc4n3)c2C)n1,0.99733895,train
CCOc1ccc(-n2ncc(-c3ccc4cc(CCN5CCC[C@H]5C)ccc4n3)c2C)nn1,0.9924394,train
Cc1c(-c2ccc3cc(CCN4CCC[C@H]4C)ccc3n2)cnn1-c1ccc(N(C)C)nn1,0.9764189,train
Cc1nc(C)c(-c2ccc3cc(CCN4CCC[C@H]4C)ccc3n2)o1,0.9768574,train
C[C@@H]1CCCN1CCc1ccc2nc(-c3cc(Br)no3)ccc2c1,0.99868923,train
CCOC(=O)c1c(C)noc1-c1ccc2cc(CCN3CCC[C@H]3C)ccc2n1,0.9867416,train
O=C(O)c1ccccc1Oc1ccc(Cl)cc1NS(=O)(=O)c1ccc(Cl)c(Cl)c1,0.8222897,train
Nc1ncc(-c2cnn(C3CCNCC3)c2)cc1-c1nc2ccccc2o1,0.79544854,train
O=C(c1ccc(Oc2ccc(F)cc2)cn1)N1CCCN(C2CCC2)CC1,0.93352926,train
O=C(c1ccc(Oc2cccc(F)c2)nc1)N1CCCN(C2CCC2)CC1,0.860979,train
N#Cc1cccc(Oc2ccc(C(=O)N3CCCN(C4CCC4)CC3)cn2)c1,0.8914052,train
O=C(c1ccc(Oc2cccc(Cl)c2)nc1)N1CCCN(C2CCC2)CC1,0.9434662,train
O=C(c1ccc(Oc2ccc(Cl)cc2)nc1)N1CCCN(C2CCC2)CC1,0.9467712,train
c1ccc(N2CCN(CCCCCCN3CCN(c4ccccc4)CC3)CC2)cc1,0.9361374,train
Cc1cccc(N2CCN(CCCCCCN3CCN(c4cccc(C)c4)CC3)CC2)c1,0.9862649,train
COc1cccc(N2CCN(CCCCCCN3CCN(c4cccc(OC)c4)CC3)CC2)c1,0.9726274,train
Clc1cccc(N2CCN(CCCCCCN3CCN(c4cccc(Cl)c4)CC3)CC2)c1,0.99658823,train
c1ccc(N2CCN(CCCCCCN3CCN(c4ccccn4)CC3)CC2)cc1,0.9179841,train
Cc1cccc(N2CCN(CCCCCCN3CCN(c4ccccc4)CC3)CC2)n1,0.9404717,train
Cc1cccc(N2CCN(CCCCCCN3CCN(c4ccccc4)CC3)CC2)c1,0.97026193,train
c1ccc(N2CCN(CCCCCCN3CCN(c4ccnc5ccccc45)CC3)CC2)cc1,0.97270197,train
Cc1cccc(N2CCN(CCCCCCN3CCN(c4ccccn4)CC3)CC2)c1,0.9616624,train
Cc1cccc(N2CCN(CCCCCCN3CCN(c4cccc(C)n4)CC3)CC2)c1,0.9723087,train
Cc1cccc(N2CCN(CCCCCCN3CCN(c4ccnc5ccccc45)CC3)CC2)c1,0.9874527,train
COc1cccc(N2CCN(CCCCCCN3CCN(c4cccc(Cl)c4)CC3)CC2)c1,0.99034685,train
CC(C)COc1ccc(S(C)(=O)=O)cc1C(=O)N1CCN(c2ccc(C#N)cc2F)CC1,0.4827947,train
CC(C)Oc1ccc(S(C)(=O)=O)cc1C(=O)N1CCN(c2ccc(C#N)cc2F)CC1,0.4412837,train
CS(=O)(=O)c1ccc(OCC(F)(F)F)c(C(=O)N2CCN(c3ccc(C#N)cc3F)CC2)c1,0.87332755,train
CC(Oc1ccc(S(C)(=O)=O)cc1C(=O)N1CCN(c2ccc(C#N)cc2F)CC1)C(F)(F)F,0.45432618,train
CC(Oc1ccc(S(C)(=O)=O)cc1C(=O)N1CCN(c2ccc(C#N)cc2)CC1)C(F)(F)F,0.53190607,train
CC(Oc1ccc(S(C)(=O)=O)cc1C(=O)N1CCN(c2ccc(C(F)(F)F)cc2)CC1)C(F)(F)F,0.72632545,train
CC(Oc1ccc(S(C)(=O)=O)cc1C(=O)N1CCN(c2ccc(C(F)(F)F)cc2F)CC1)C(F)(F)F,0.5519837,train
CC(Oc1ccc(S(C)(=O)=O)cc1C(=O)N1CCN(c2ccc(C(F)(F)F)cn2)CC1)C(F)(F)F,0.16749695,train
CC(Oc1ccc(S(C)(=O)=O)cc1C(=O)N1CCN(c2ncc(C(F)(F)F)cc2F)CC1)C(F)(F)F,0.12358626,train
CC(Oc1ccc(S(C)(=O)=O)cc1C(=O)N1CCN(c2ncc(C(F)(F)F)cc2Cl)CC1)C(F)(F)F,0.20659898,train
C[C@H](Oc1ccc(S(C)(=O)=O)cc1C(=O)N1CCN(c2ncc(C(F)(F)F)cc2F)CC1)C(C)(C)C,0.038807847,train
C[C@@H](Oc1ccc(S(C)(=O)=O)cc1C(=O)N1CCN(c2ncc(C(F)(F)F)cc2F)CC1)C(C)(C)C,0.033985026,train
Cc1ncoc1-c1nnc(SCCCN2CC3CC3(c3ccc(S(F)(F)(F)(F)F)cc3)C2)n1C,0.99999416,train
Cc1ncoc1-c1nnc(SCCCN2CC3CC3(c3cccc(S(F)(F)(F)(F)F)c3)C2)n1C,0.9999944,train
O=C(C1CCOC1)N1C[C@@H]2[C@H](CNc3nc(-c4ccccn4)cs3)[C@@H]2C1,0.6034131,test
c1cncc(-c2ccccc2O[C@H]2C[C@@H]3CNC[C@H]2C3)c1,0.99600357,train
Oc1cncc(-c2ccccc2O[C@H]2C[C@@H]3CNC[C@H]2C3)c1,0.99227554,train
Fc1ccncc1-c1ccccc1O[C@H]1C[C@@H]2CNC[C@H]1C2,0.9951525,train
Cc1c(C(=O)NCCCN2CCN(c3cccc(Cl)c3Cl)CC2)cc(-c2ccccc2)n1C,0.960787,train
CCCn1c(-c2ccccc2)cc(C(=O)NCCCN2CCN(c3cccc(Cl)c3Cl)CC2)c1C,0.9815894,train
CCCn1c(-c2ccccc2)cc(C(=O)N(C)CCCN2CCN(c3cccc(C)c3C)CC2)c1C,0.9738114,train
Cc1c(C(=O)N(C)CCCN2CCN(c3cccc(Cl)c3Cl)CC2)cc(-c2ccccc2)n1C,0.98222363,train
Cc1[nH]c(-c2ccccc2)cc1C(=O)NCCCN1CCN(c2cccc(Cl)c2Cl)CC1,0.97476155,train
Cc1[nH]c(-c2ccccn2)cc1C(=O)NCCCN1CCN(c2cccc(Cl)c2Cl)CC1,0.9499522,train
Cc1c(C(=O)NCCCN2CCN(c3cccc(Cl)c3Cl)CC2)cc(-c2ccccn2)n1C,0.92798424,train
CCCn1c(-c2ccccn2)cc(C(=O)NCCCN2CCN(c3cccc(Cl)c3Cl)CC2)c1C,0.97386575,train
Cc1c(C(=O)NCCCN2CCN(c3cccc(Cl)c3Cl)CC2)cc(-c2cccnc2)n1C,0.9290617,train
Cc1cccc(N2CCN(CCNC(=O)c3cc(C(C)(C)C)n(C)c3C)CC2)c1C,0.56820446,train
Cc1c(C(=O)NCCN2CCN(c3cccc(Cl)c3Cl)CC2)cc(C(C)(C)C)n1C,0.8167635,train
N#Cc1ccc(N2N=C(c3ccc4[nH]c(=O)oc4c3)C[C@@H]2c2ccc(F)cc2)cc1,0.95669204,test
CN(C)CCN(C)C(=O)c1ccc(C2=NN(c3ccc(C#N)cc3)C(c3ccc(F)cc3)C2)cc1,0.9828872,test
NC(=O)c1cnc(-c2cnc3c(Nc4ccc(C(F)(F)F)cn4)ccnc3n2)c(C(F)(F)F)c1,0.55420846,val
Cn1cc(Br)c(C(=O)N2CCN(CC(=O)c3ccc(F)cc3)CC2)n1,0.1139838,train
Cn1cc(Cl)c(C(=O)N2CCN(CC(=O)c3ccc(F)cc3)CC2)n1,0.13804011,train
CC(C)c1ccc(S(=O)(=O)Nc2ccc([C@@]34C[C@@H]3CN(C)C4)cc2)cc1,0.99977607,train
CCN1C[C@H]2C[C@@]2(c2ccc(NS(=O)(=O)c3ccc(C(C)C)cc3)cc2)C1,0.9998938,train
C=CCN1C[C@H]2C[C@@]2(c2ccc(NS(=O)(=O)c3ccc(C(C)C)cc3)cc2)C1,0.99991274,train
COc1cc([C@]23CNC[C@H]2C3)ccc1NS(=O)(=O)c1ccc(C(C)C)cc1,0.98289675,train
O=S(=O)(Nc1ccc([C@]23CNC[C@H]2C3)cc1)c1ccc(C(F)(F)F)cc1,0.999915,train
O=S(=O)(Nc1ccc([C@]23CNC[C@H]2C3)cc1)c1ccc(OC(F)(F)F)cc1,0.99988246,train
CC(C)c1ccc(S(=O)(=O)Cc2ccc([C@]34CNC[C@H]3C4)cc2)cc1,0.99593,test
CC(C)c1ccc(CS(=O)(=O)c2ccc([C@]34CNC[C@H]3C4)cc2)cc1,0.9976687,train
CCCCc1ccc(S(=O)(=O)Nc2ccc([C@]34CNC[C@H]3C4)cc2)cc1,0.9997075,train
CCC(C)(C)c1ccc(S(=O)(=O)Nc2ccc([C@]34CNC[C@H]3C4)cc2)cc1,0.99923813,train
CC(C)c1ccc(S(=O)(=O)Nc2ccc(C34CNCC3C4)cc2)cc1,0.9652927,train
Cc1ccc(CN2[C@@H]3CC[C@H]2C[C@@H](Oc2cccc(C(N)=O)c2)C3)s1,0.9908353,train
NC(=O)c1cccc(O[C@H]2C[C@H]3CC[C@@H](C2)N3CC2CCCCC2)c1,0.97010934,train
NC(=O)c1cccc(O[C@H]2C[C@H]3CC[C@@H](C2)N3Cc2ccccc2)c1,0.956834,train
NC(=O)c1cccc(O[C@@H]2C[C@H]3CC[C@@H](C2)N3Cc2ccccc2)c1,0.9908958,train
NC(=O)c1cccc(C[C@H]2C[C@H]3CC[C@@H](C2)N3Cc2ccccc2)c1,0.9046928,train
NC(=O)c1cccc(C[C@@H]2C[C@H]3CC[C@@H](C2)N3Cc2ccccc2)c1,0.9761105,train
NC(=O)c1cccc(S[C@H]2C[C@H]3CC[C@@H](C2)N3Cc2ccccc2)c1,0.9945639,train
NC(=O)c1cccc([S+]([O-])[C@H]2C[C@H]3CC[C@@H](C2)N3Cc2ccccc2)c1,0.13903096,test
NC(=O)c1cccc(N[C@H]2C[C@H]3CC[C@@H](C2)N3Cc2ccccc2)c1,0.96067625,val
NC(=O)c1ccnc(O[C@H]2C[C@H]3CC[C@@H](C2)N3Cc2ccccc2)c1,0.85586226,train
NC(=O)c1cc(O[C@H]2C[C@H]3CC[C@@H](C2)N3Cc2ccccc2)ccn1,0.930392,train
NC(=O)c1cncc(O[C@H]2C[C@H]3CC[C@@H](C2)N3Cc2ccccc2)c1,0.7622118,val
NC(=O)c1cccc(O[C@H]2C[C@H]3CC[C@@H](C2)N3Cc2ccccc2)n1,0.79062253,train
NC(=O)c1cncc(O[C@H]2C[C@H]3CC[C@@H](C2)N3Cc2ccccc2)n1,0.16703807,train
NC(=O)c1cc(F)cc(O[C@H]2C[C@H]3CC[C@@H](C2)N3Cc2ccccc2)c1,0.9625666,train
Cc1cc(O[C@H]2C[C@H]3CC[C@@H](C2)N3Cc2ccccc2)cc(C(N)=O)c1,0.97619694,train
Cc1c(O[C@H]2C[C@H]3CC[C@@H](C2)N3Cc2ccccc2)cccc1C(N)=O,0.9138577,train
NC(=O)c1ccccc1O[C@H]1C[C@H]2CC[C@@H](C1)N2Cc1ccccc1,0.9719635,train
NC(=O)c1ccc(O[C@H]2C[C@H]3CC[C@@H](C2)N3Cc2ccccc2)cc1,0.98337746,train
Cc1cc(C(N)=O)ccc1O[C@H]1C[C@H]2CC[C@@H](C1)N2Cc1ccccc1,0.96585107,train
NC(=O)c1ccc(O[C@H]2C[C@H]3CC[C@@H](C2)N3Cc2ccccc2)c(F)c1,0.97146523,train
NC(=O)c1ccc(O[C@H]2C[C@H]3CC[C@@H](C2)N3Cc2ccccc2)nc1,0.94437903,train
Oc1cccc(O[C@H]2C[C@H]3CC[C@@H](C2)N3Cc2ccccc2)c1,0.98671824,train
CCCC1(C(=O)c2cc(F)c3[nH]ccc3c2)CCCN1,0.53845656,train
CCCC1(C(=O)c2ccc(Cl)c(Cl)c2)CCCN1,0.88914365,val
CC(C)c1ccc(S(=O)(=O)Nc2ccc([C@]34CNC[C@H]3C4)cc2)cc1,0.9987436,train
CC(C)N1CC(C(=O)Nc2ccc(Cl)cn2)C(C(=O)Nc2ccc(-n3ccccc3=O)cc2F)C1,0.1569726,test
CN(C(=O)CC[C@@H](C1CCCCC1)N1Cc2cc(Oc3ccccc3)ccc2N=C1N)C1CCCCC1,0.97842044,val
CC[C@@H](CC(=O)NCC1CCCCC1)n1c(N)nc2cc(Cl)ccc21,0.92614883,train
Cc1c(C(=O)NN2CCCCC2)nn(-c2ccc(Cl)cc2Cl)c1-c1ccc(Cl)cc1,0.90721816,train
C[C@H](NC(=O)C(C)(C)Oc1ccc(C(F)(F)F)cn1)[C@@H](Cc1ccc(Cl)cc1)c1cccc(C#N)c1,0.35906345,val
CC(C)(C)c1nnc(-c2nn(-c3ccccc3Cl)c(-c3ccc(Br)cc3)c2Cn2cncn2)s1,0.0881993,test
Cc1ccc2c(N3CCN(CCc4cccc5c4OCc4nccn4-5)CC3)cccc2n1,0.9318805,train
Cc1cn2c(n1)COc1c(CCN3CCN(c4cccc5nc(C)ccc45)CC3)cccc1-2,0.9856908,train
Cc1ccc2c(N3CCN(CCc4cccc5c4OCc4nc(C)c(C)n4-5)CC3)cccc2n1,0.9221277,train
Cc1ccc2c(N3CCN(CCc4cccc5c4OCc4nc(C(F)(F)F)cn4-5)CC3)cccc2n1,0.97516054,train
Cc1ccc2c(N3CCN(CCc4cccc5c4OCc4cncn4-5)CC3)cccc2n1,0.99322695,train
Cc1ccc2c(N3CCN(CCc4cccc5c4OCc4nnc(C)n4-5)CC3)cccc2n1,0.78806573,val
Cc1ccc2c(N3CCN(CCc4cccc5c4OCc4c(C)nnn4-5)CC3)cccc2n1,0.98555726,test
Cc1ccc2c(N3CCN(CCc4cccc5c4OCc4nnnn4-5)CC3)cccc2n1,0.951425,train
CCOC(=O)c1ncn2c1COc1c(CCN3CCN(c4cccc5nc(C)ccc45)CC3)cccc1-2,0.990811,train
CC(=O)c1ncn2c1COc1c(CCN3CCN(c4cccc5nc(C)ccc45)CC3)cccc1-2,0.92265606,train
CO/N=C(\C)c1ncn2c1COc1c(CCN3CCN(c4cccc5nc(C)ccc45)CC3)cccc1-2,0.9990969,train
Cc1ccc2c(N3CCN(CCc4cccc5c4OCc4c(C(=O)N(C)C)ncn4-5)CC3)cccc2n1,0.90001374,train
Cc1ccc2c(N3CCN(CCc4cccc5c4OCc4c(C#N)ncn4-5)CC3)cccc2n1,0.9848779,train
Cc1ccc2c(N3CCN(CCc4cccc5c4OCc4c(C(N)=O)ncn4-5)CC3)cccc2n1,0.838609,train
Cc1ccc2c(N3CCN(CCc4cccc5c4OCc4c(C(=O)NC(C)C)ncn4-5)CC3)cccc2n1,0.8909555,train
Cc1ccc2c(N3CCN(CCc4cccc5c4OCc4c(C(=O)NC6CC6)ncn4-5)CC3)cccc2n1,0.8992481,train
Cc1ccc2c(N3CCN(CCc4cccc5c4OCc4c(C(=O)NC6CCC6)ncn4-5)CC3)cccc2n1,0.9074362,val
Cc1ccc2c(N3CCN(CCc4cccc5c4OCc4c(C(=O)NC6CCCC6)ncn4-5)CC3)cccc2n1,0.9364271,train
Cc1ccc2c(N3CCN(CCc4cccc5c4OCc4c(C(=O)NCC6CC6)ncn4-5)CC3)cccc2n1,0.8674938,test
Cc1ccc2c(N3CCN(CCc4cccc5c4OCc4c(C(=O)N6CCC6)ncn4-5)CC3)cccc2n1,0.92364776,train
Cc1ccc2c(N3CCN(CCc4cccc5c4OCc4c(C(=O)N6CCCC6)ncn4-5)CC3)cccc2n1,0.95606345,train
Cc1ccc2c(N3CCN(CCc4cccc5c4OCc4c(C(=O)N6CCCCC6)ncn4-5)CC3)cccc2n1,0.96517867,train
Cc1ccc2c(N3CCN(CCc4cccc5c4OCc4c(C(=O)N6CCOCC6)ncn4-5)CC3)cccc2n1,0.61994284,train
CNC(=O)c1ncn2c1COc1c(CCN3CCN(c4cccc5nc(C)ccc45)CC3)cccc1-2,0.80331475,train
C[C@H]1Cc2c([nH]c3cc(Cl)c(F)cc23)[C@@]2(N1)C(=O)Nc1ccc(Cl)cc12,0.06413402,train
NC(=O)c1cccc(O[C@@H]2C[C@H]3CC[C@@H](C2)N3Cc2cccs2)c1,0.99146336,train
Cc1ccc(CN2[C@@H]3CC[C@H]2C[C@H](Oc2cccc(C(N)=O)c2)C3)s1,0.9967777,train
Cc1ccc(CN2[C@@H]3CC[C@H]2C[C@H](Oc2cccc(C(N)=O)c2)C3)o1,0.9935768,test
NC(=O)c1cccc(O[C@@H]2C[C@H]3CC[C@@H](C2)N3CCc2ccccc2)c1,0.99462503,train
NC(=O)c1cccc(O[C@@H]2C[C@H]3CC[C@@H](C2)N3CCCc2ccccc2)c1,0.9963994,val
Cc1ccc(CN2[C@@H]3CC[C@H]2C[C@H](Oc2cccc(C(N)=O)c2)C3)cc1,0.9959804,train
Cc1cccc(CN2[C@@H]3CC[C@H]2C[C@H](Oc2cccc(C(N)=O)c2)C3)c1,0.99738973,train
Cc1ccccc1CN1[C@@H]2CC[C@H]1C[C@H](Oc1cccc(C(N)=O)c1)C2,0.9925001,train
NC(=O)c1cccc(O[C@@H]2C[C@H]3CC[C@@H](C2)N3Cc2ccncc2)c1,0.95862937,train
NC(=O)c1cccc(O[C@@H]2C[C@H]3CC[C@@H](C2)N3Cc2cccnc2)c1,0.93179643,train
NC(=O)c1cccc(O[C@@H]2C[C@H]3CC[C@@H](C2)N3Cc2ccccn2)c1,0.9337201,train
NC(=O)c1cccc(O[C@@H]2C[C@H]3CC[C@@H](C2)N3CC2CC2)c1,0.9949126,train
NC(=O)c1cccc(O[C@@H]2C[C@H]3CC[C@@H](C2)N3CC2CCCCC2)c1,0.99290365,train
NC(=O)c1cccc(O[C@@H]2C[C@H]3CC[C@@H](C2)N3Cc2ccc3c(c2)OCO3)c1,0.9960175,train
CS(=O)(=O)Cc1ccc(CN2[C@@H]3CC[C@H]2C[C@H](Oc2cccc(C(N)=O)c2)C3)cc1,0.99160695,train
NC(=O)c1cccc(O[C@@H]2C[C@H]3CC[C@@H](C2)N3CC(=O)Nc2ccccc2)c1,0.3268526,val
CC(c1ccccc1)N1[C@@H]2CC[C@H]1C[C@H](Oc1cccc(C(N)=O)c1)C2,0.99624395,train
Cc1ccc(C(C)N2[C@@H]3CC[C@H]2C[C@H](Oc2cccc(C(N)=O)c2)C3)s1,0.99952364,train
Cc1ccccc1C(C)N1[C@@H]2CC[C@H]1C[C@H](Oc1cccc(C(N)=O)c1)C2,0.9971071,train
NC(=O)c1cccc(O[C@@H]2C[C@H]3CC[C@@H](C2)N3C2CCCc3ccccc32)c1,0.99638075,train
NC(=O)c1cccc(O[C@@H]2C[C@H]3CC[C@@H](C2)N3C2CCCCC2)c1,0.9899234,test
CC(C)(c1ccccc1)N1[C@@H]2CC[C@H]1C[C@H](Oc1cccc(C(N)=O)c1)C2,0.9976172,train
NC(=O)c1cccc(O[C@@H]2C[C@H]3CC[C@@H](C2)N3C2(c3ccccc3)CC2)c1,0.82788056,val
CC(c1ccncc1)N1[C@@H]2CC[C@H]1C[C@H](Oc1cccc(C(N)=O)c1)C2,0.9655797,train
C[C@H](c1ccccc1)N1[C@@H]2CC[C@H]1C[C@H](Oc1cccc(C(N)=O)c1)C2,0.9994599,train
C[C@@H](c1ccccc1)N1[C@@H]2CC[C@H]1C[C@H](Oc1cccc(C(N)=O)c1)C2,0.99993753,train
COc1cccc([C@@H](C)N2[C@@H]3CC[C@H]2C[C@H](Oc2cccc(C(N)=O)c2)C3)c1,0.9999616,train
Cc1ccc([C@@H](C)N2[C@@H]3CC[C@H]2C[C@H](Oc2cccc(C(N)=O)c2)C3)cn1,0.9997627,train
C[C@H](c1ccnc(Cl)c1)N1[C@@H]2CC[C@H]1C[C@H](Oc1cccc(C(N)=O)c1)C2,0.99771726,train
C[C@H](c1ccc(Cl)nc1)N1[C@@H]2CC[C@H]1C[C@H](Oc1cccc(C(N)=O)c1)C2,0.99833196,train
Cc1ccc([C@@H](C)N2[C@@H]3CC[C@H]2C[C@H](Oc2cccc(C(N)=O)c2)C3)s1,0.9999815,train
O=C1NCc2ccc(OCCCN3CCN(c4cccc5cc(F)ccc45)CC3)cc21,0.95557755,train
c1ccc2c(N3CCN(CCCOc4ccc5c(c4)CNC5)CC3)cccc2c1,0.97408515,train
O=C1NCc2ccc(OCCCN3CCN(c4cccc5cc(F)c(F)cc45)CC3)cc21,0.94378686,train
Fc1ccc2cccc(N3CCN(CCCOc4ccc5c(c4)CNC5)CC3)c2c1,0.9862511,train
O=C1NCc2ccc(OCCCCN3CCN(c4cccc5cc(F)ccc45)CC3)cc21,0.90786034,train
O=C1NCc2ccc(OCCCN3CCN(c4cccc5cccc(F)c45)CC3)cc21,0.9791517,train
c1ccc2c(N3CCN(CCCCOc4ccc5c(c4)CNC5)CC3)cccc2c1,0.93154866,train
Fc1ccc2cccc(N3CCN(CCCCOc4ccc5c(c4)CNC5)CC3)c2c1,0.9724538,train
O=C1NCc2ccc(OCCCCN3CCN(c4cccc5ccccc45)CC3)cc21,0.8504832,train
O=C1NCc2ccc(OCCCCN3CCN(c4cccc5cc(F)c(F)cc45)CC3)cc21,0.85569906,train
O=C1NCc2ccc(OCCCCN3CCN(c4cccc5cccc(F)c45)CC3)cc21,0.9606336,train
O=C1NCc2ccc(OCCCN3CCN(c4cccc5ccccc45)CC3)cc21,0.93779516,train
O=C1NCc2ccc(OCCCN3CCN(c4cccc5ccc(F)cc45)CC3)cc21,0.96647924,train
Cc1ncoc1-c1nnc(SCCCN2CCC3CC3(c3ccccc3)C2)n1C,0.99348205,train
Cc1ncoc1-c1nnc(SCCCN2CCC3(c4ccccc4)CC3C2)n1C,0.99682105,train
Cc1ncoc1-c1nnc(SCCCN2CCC3CC3(c3ccc(C(F)(F)F)cc3)C2)n1C,0.9990988,train
Cc1ncoc1-c1nnc(SCCCN2CCC3(c4ccc(C(F)(F)F)cc4)CC3C2)n1C,0.99943596,train
Cc1ncoc1-c1nnc(SCCCN2CCC3CC3(c3cccc(C(F)(F)F)c3)C2)n1C,0.9991015,train
Cc1ncoc1-c1nnc(SCCCN2CCC3(c4cccc(C(F)(F)F)c4)CC3C2)n1C,0.9994549,train
Cc1ncoc1-c1nnc(SCCCN2CCC3CC3(c3ccc(C(F)(F)F)cc3)CC2)n1C,0.9986418,train
Cc1nc(C)c(-c2nnc(SCCCN3CCC4CC4(c4ccc(C(F)(F)F)cc4)CC3)n2C)o1,0.99929166,train
Cc1nc(C)c(-c2nnc(SCCCN3CCC4CC4(c4ccc(C(F)(F)F)cc4)CC3)n2C)s1,0.9918059,train
Cn1c(SCCCN2CCC3CC3(c3ccc(C(F)(F)F)cc3)CC2)nnc1-c1ccnnc1,0.99761677,test
Cc1ncoc1-c1nnc(SCCCN[C@@H]2CC[C@]3(c4ccc(C(F)(F)F)cc4)CC23)n1C,0.99990296,train
Cc1ncoc1-c1nnc(SCCCN[C@H]2CC[C@]3(c4ccc(C(F)(F)F)cc4)CC23)n1C,0.99930966,train
Cc1ncoc1-c1nnc(SCCCN[C@@H]2CC[C@]3(c4ccc(C(F)(F)F)cc4F)CC23)n1C,0.9997857,train
Cc1ncoc1-c1nnc(SCCCN[C@@H]2CC3C[C@]3(c3ccc(C(F)(F)F)cc3F)C2)n1C,0.9995964,train
Cc1ncoc1-c1nnc(SCCCN2CCC3(CCCc4cc(Br)ccc43)C2)n1C,0.99739146,train
Cc1ncoc1-c1nnc(SCCCN2CCC3(CCCc4ccc(Br)cc43)C2)n1C,0.9973882,train
COc1ccc2c(c1)CCCC21CCN(CCCSc2nnc(-c3ocnc3C)n2C)C1,0.96801454,train
COc1cccc2c1CCCC21CCN(CCCSc2nnc(-c3ocnc3C)n2C)C1,0.9857039,train
COc1ccc2c(c1)C1(CCC2)CCN(CCCSc2nnc(-c3ocnc3C)n2C)C1,0.9761404,train
Cc1ncoc1-c1nnc(SCCCN2CCC3(CCOc4ccccc43)C2)n1C,0.99282175,val
Cc1ncoc1-c1nnc(SCCCN2CCC3(CCc4cc(Br)ccc43)C2)n1C,0.9974771,train
Cc1ncoc1-c1nnc(SCCCN2CCC3(CCc4c(Br)cccc43)C2)n1C,0.9771708,train
Cc1ncoc1-c1nnc(SCCCN2CCC3(CCc4ccc(Br)cc43)C2)n1C,0.99753666,train
Cc1nc(C)c(-c2nnc(SCCCN3CCC4(CCc5ccc(Cl)cc54)C3)n2C)s1,0.9836234,train
Cc1nc(C)c(-c2nnc(SCCCN3CCC4(CCc5cc(Cl)ccc54)C3)n2C)s1,0.98394763,train
Cc1ncoc1-c1nnc(SCCCN2CCC3(CCc4cc(F)ccc43)C2)n1C,0.97567946,train
Cc1nc(C)c(-c2nnc(SCCCN3CCC4(CCc5ccc(F)cc54)C3)n2C)s1,0.91554284,train
Cc1ncoc1-c1nnc(SCCCN2[C@@H]3CC[C@H]2C[C@@H](c2ccc(C(C)(C)C)cc2)C3)n1C,0.9995009,train
Cc1ncoc1-c1nnc(SCCCN2[C@@H]3CC[C@H]2C[C@@H](c2ccc(C(F)(F)F)cc2)C3)n1C,0.99985135,train
Cc1ncoc1-c1nnc(SCCCN2[C@@H]3CC[C@H]2C[C@@H](c2cccc(C(F)(F)F)c2)C3)n1C,0.9996288,train
Cc1ncoc1-c1nnc(SCCCN2[C@@H]3CC[C@H]2C[C@@H](c2ccc(C(F)(F)F)cc2F)C3)n1C,0.9998242,train
Cc1ncoc1-c1nnc(SCCCNC2CC3CC3(c3ccccc3)C2)n1C,0.8871049,train
N#Cc1nc(CCCN2CCCCC2)cc(C2CCCCCC2)n1,0.89978546,test
CCCc1cc(-c2cc(C(=O)N(C)CCN(C)C)cc(C(F)(F)F)c2)nc(C#N)n1,0.9774246,train
CCCc1cc(-c2cc(C(=O)N(CCN(C)C)Cc3ccccc3)cc(C(F)(F)F)c2)nc(C#N)n1,0.99233246,train
CCCc1cc(-c2cc(C(=O)N(C)Cc3ccccc3)cc(C(F)(F)F)c2)nc(C#N)n1,0.9963309,train
N#Cc1nc(CCCO)cc(-c2cccc(C(F)(F)F)c2)n1,0.77423096,train
CCC(CC)NC(=O)CCc1cc(-c2cccc(C(F)(F)F)c2)nc(C#N)n1,0.94444865,train
CNCCCc1cc(-c2cccc(C(F)(F)F)c2)nc(C#N)n1,0.9884494,train
N#Cc1nc(CCCNCC(F)(F)F)cc(-c2cccc(C(F)(F)F)c2)n1,0.9994661,train
CN1CCN(CCCc2cc(-c3cccc(C(F)(F)F)c3)nc(C#N)n2)CC1,0.98807436,test
N#Cc1nc(CCCN2CCOCC2)cc(-c2cccc(C(F)(F)F)c2)n1,0.97487724,train
COCCNCCCc1cc(-c2cccc(C(F)(F)F)c2)nc(C#N)n1,0.9958163,train
N#Cc1nc(CCCN2CCC(O)CC2)cc(-c2cccc(C(F)(F)F)c2)n1,0.9611104,train
N#Cc1nc(CCCNc2ccccn2)cc(-c2cccc(C(F)(F)F)c2)n1,0.98891616,train
N#Cc1nc(CCCNCC(N)=O)cc(-c2cccc(C(F)(F)F)c2)n1,0.8573379,train
CC(C)(NCCCc1cc(-c2cccc(C(F)(F)F)c2)nc(C#N)n1)C(N)=O,0.93780273,train
N#Cc1nc(CCCNC2(C(N)=O)CC2)cc(-c2cccc(C(F)(F)F)c2)n1,0.9564786,train
N#Cc1nc(CCCNC2(C(N)=O)CCC2)cc(-c2cccc(C(F)(F)F)c2)n1,0.97544837,test
N=C(c1ccc(C(=O)Nc2ccc(Cl)cc2C(=O)Nc2ccc(Cl)cn2)cc1)N1CCCCC1,0.8979071,train
Cc1nc2ccccc2n1C1C[C@H]2CC[C@@H](C1)N2CC[C@H](NC(=O)C1CCSCC1)c1cccc(F)c1,0.99931645,train
O=C(NCc1cccnc1OCC(F)(F)F)c1cncc(-c2ccc(Cl)cc2)c1,0.9303683,test
Cc1cc(C)cc(NC(=O)c2cncc(-c3ccc(C#N)cc3)c2)c1,0.99565107,val
Cc1ncnc(C)c1C(=O)N1C[C@H]2CN(CCC(c3cccc(F)c3)C3CCN(S(C)(=O)=O)CC3)C[C@H]2C1,0.8673389,test
CSc1nn(-c2ccccc2)c2cc(NC(=O)C3CCNCC3)ccc12,0.9181882,test
CN1[C@@H]2CCC[C@H]1C[C@H](NC(=O)c1cccc3oc(N4CCOCC4)nc13)C2,0.75695354,test
O=C(N[C@@H]1CN2CCC1CC2)c1cccc2oc(N3CCOCC3)nc12,0.26646817,val
C[C@H]1CNC[C@H](C)N1c1nc2c(C(=O)N[C@@H]3C[C@H]4CCC[C@@H](C3)N4C)cccc2o1,0.9920642,train
COc1ccccc1-c1nc2c(C(=O)N[C@@H]3CN4CCC3CC4)cccc2o1,0.92514116,train
COc1ccccc1-c1nc2c(C(=O)N[C@@H]3C[C@H]4CCC[C@@H](C3)N4C)cccc2o1,0.98485595,train
O=C(N[C@@H]1CN2CCC1CC2)c1cccc2oc(C3CC3)nc12,0.6424902,val
CN1[C@@H]2CCC[C@H]1C[C@H](NC(=O)c1cccc3oc(C4CC4)nc13)C2,0.93894136,val
Nc1nc2c(C(=O)N[C@@H]3CN4CCC3CC4)cc(Cl)cc2o1,0.75905323,test
Cc1nc(C(=O)NCCCN2CCN(c3cccc(C)c3C)CC2)cc(C(C)(C)C)n1,0.8265705,train
Cc1nc(C(=O)NCCCN2CCN(c3cccc(Cl)c3Cl)CC2)cc(C(C)C)n1,0.9290179,train
ON=C(O)c1cnc(N2C[C@H]3CN(Cc4ccc5ccccc5c4)C[C@H]3C2)nc1,0.9004914,train
O=C(O)CCNC1CC[C@]2(Cc3ccccc3Cc3ccccc32)C1,0.046363063,train
CCO[C@H]1CN([C@H]2CC[C@@](O)(c3ccccc3)CC2)C[C@@H]1NC(=O)CNC(=O)c1cccc(C(F)(F)F)c1,0.21113606,train
CCO[C@H]1CN([C@H]2CC[C@@](O)(c3ccc(C)cc3)CC2)C[C@@H]1NC(=O)CNC(=O)c1cccc(C(F)(F)F)c1,0.29337582,train
CCO[C@H]1CN([C@H]2CC[C@@](O)(c3ccc4c(c3)OCO4)CC2)C[C@@H]1NC(=O)CNC(=O)c1cccc(C(F)(F)F)c1,0.18357348,train
N#Cc1ccc(CNC(=O)N(c2cccc(F)c2)C2CCN(CCC3(c4cccc(F)c4)CCN(C(=O)c4c(F)cccc4F)CC3)CC2)cc1,0.870911,train
N#Cc1ccc(CNC(=O)N(c2cccc(F)c2)C2CCN(CCC3(c4cccc(F)c4)CCN(C(=O)c4c(Cl)cccc4Cl)CC3)CC2)cc1,0.94496423,train
N#Cc1ccc(CNC(=O)N(c2cccc(F)c2)C2CCN(CCC3(c4cccc(F)c4)CCN(C(=O)c4ccc(F)cc4O)CC3)CC2)cc1,0.9034873,train
N#Cc1ccc(CNC(=O)N(c2cccc(F)c2)C2CCN(CCC3(c4cccc(F)c4)CCN(C(=O)c4ccc(C#N)cc4)CC3)CC2)cc1,0.9364067,train
N#Cc1ccc(CNC(=O)N(c2cccc(F)c2)C2CCN(CCC3(c4cccc(F)c4)CCN(C(=O)c4cccc(C(N)=O)c4)CC3)CC2)cc1,0.4611073,train
CC(C)(O)C(=O)N1CCC(CCN2CCC(N(C(=O)NCc3ccc(C#N)cc3)c3cccc(F)c3)CC2)(c2cccc(F)c2)CC1,0.622993,train
Cc1ncccc1N1C[C@]2(CC[C@@H](c3nc4cc(OC(F)(F)F)ccc4[nH]3)CC2)OC1=O,0.10760753,train
O=C1O[C@]2(CC[C@H](c3nc4cc(OC(F)(F)F)ccc4[nH]3)CC2)CN1c1cccnc1F,0.4437349,train
N#Cc1ccc2[nH]c([C@H]3CC[C@]4(CC3)CN(c3ccccn3)C(=O)O4)nc2c1,0.12963544,train
N#Cc1ccc2[nH]c([C@H]3CC[C@]4(CC3)CN(c3ccccc3)C(=O)O4)nc2c1,0.35425922,train
O=C1O[C@]2(CC[C@H](c3nc4cc(OC(F)(F)F)ccc4[nH]3)CC2)CN1c1cccnc1,0.6523017,train
O=C1O[C@]2(CC[C@H](c3nc4cc(OC(F)(F)F)ccc4[nH]3)CC2)CN1c1ccccc1F,0.7655953,train
O=C1O[C@]2(CC[C@H](c3nc4cc(OC(F)(F)F)ccc4[nH]3)CC2)CN1c1cccc(F)n1,0.87987745,train
O=C1O[C@]2(CC[C@H](c3nc4cc(C(F)(F)F)ccc4[nH]3)CC2)CN1c1ccccc1,0.7536383,train
O=C1O[C@]2(CC[C@H](c3nc4cc(C(F)(F)F)ccc4[nH]3)CC2)CN1c1ccccn1,0.45362306,train
O=C1O[C@]2(CC[C@H](c3nc4cc(OC(F)(F)F)ccc4[nH]3)CC2)CN1c1ccccc1,0.900725,train
O=C1O[C@]2(CC[C@H](c3nc4cc(OC(F)(F)F)ccc4[nH]3)CC2)CN1c1ccccn1,0.7111861,train
O=C1OC2(CCN(c3nc4cc(C(F)(F)F)ccc4[nH]3)CC2)CN1c1ccccc1,0.978088,train
Cc1cccc(N2C[C@]3(CC[C@@H](c4nc5cc(OC(F)(F)F)ccc5[nH]4)CC3)OC2=O)n1,0.5377394,train
N#Cc1ccc2[nH]c([C@H]3CC[C@]4(CC3)CN(c3ccc(F)cc3)C(=O)O4)nc2c1,0.5142087,train
O=C1OC2(CCN(c3nc4ccccc4[nH]3)CC2)CN1c1ccccc1,0.901642,train
O=C1O[C@]2(CC[C@H](c3nc4cc(OC(F)(F)F)ccc4[nH]3)CC2)CN1c1ccc(F)cc1,0.9459626,train
Cc1ccc2c(N3CCN(CCc4cccc5c4CCC(=O)N5)CC3)cccc2n1,0.81839544,train
Cc1ccc2c(N3CCN(CCc4cccc5c4CCC(=O)N5C)CC3)cccc2n1,0.8907973,train
Cc1ccc2c(N3CCN(CCc4c(C)ccc5c4CCC(=O)N5)CC3)cccc2n1,0.7767703,train
Cc1ccc2c(N3CCN(CCc4c(C)ccc5c4CCC(=O)N5C)CC3)cccc2n1,0.87537915,train
Cc1ccc2c(N3CCN(CCc4cccc5c4ccc(=O)n5C)CC3)cccc2n1,0.8973686,train
Cc1ccc2c(N3CCN(CCc4c(C)ccc5[nH]c(=O)ccc45)CC3)cccc2n1,0.8591654,train
Cc1ccc2c(N3CCN(CCc4c(C)ccc5c4ccc(=O)n5C)CC3)cccc2n1,0.83495355,train
Cc1ccc2c(N3CCN(CCc4c(F)ccc5c4ccc(=O)n5C)CC3)cccc2n1,0.7878959,train
Cc1ccc2c(N3CCN(CCc4c(Cl)ccc5c4ccc(=O)n5C)CC3)cccc2n1,0.8818052,train
Cc1ccc2c(N3CCN(CCc4c(C)ccc5c4ccc(=O)n5C)CC3)cc(F)cc2n1,0.8992987,train
Cc1ccc2c(N3CCN(CCc4c(C)ccc5c4ccc(=O)n5C)[C@H](C)C3)cccc2n1,0.70402837,train
Cc1ccc2c(N3CCN(CCc4cccc5c4ccc(=O)n5C)[C@H](C)C3)cc(F)cc2n1,0.9023919,train
Cc1ccc2c(N3CCN(CCc4cccc5c4ccc(=O)n5C)[C@@H](C)C3)cccc2n1,0.75923055,train
Cc1ccc2c(N3CCN(CCc4c(C)ccc5c4ccc(=O)n5C)[C@@H](C)C3)cccc2n1,0.61974865,train
Cc1ccc2c(N3CCN(CCc4cccc5c4ccc(=O)n5C)[C@@H](C)C3)cc(F)cc2n1,0.84967184,train
Cc1ccc2c(N3CCN(CCc4c(C)ccc5c4ccc(=O)n5C)[C@@H](C)C3)cc(F)cc2n1,0.7450057,train
Cc1ccc2c(N3CCN(CCc4cccc5c4ccc(=O)n5C)C(C)(C)C3)cccc2n1,0.77687705,train
Cc1ccc2c(C3CCN(CCc4c(C)ccc5c4ccc(=O)n5C)CC3)cccc2n1,0.9715176,train
CCC(O)(c1cn(Cc2ccc3c(-c4ccccc4)c(C(=O)OC)sc3c2)nn1)C(F)(F)F,0.61855334,train
CCC(O)(c1cn(Cc2ccc3c(-c4ccccc4)c(CO)sc3c2)nn1)C(F)(F)F,0.070428275,train
CCC(O)(c1cn(Cc2ccc3c(-c4ccccc4)c(C(C)(C)O)sc3c2)nn1)C(F)(F)F,0.60233426,train
CCC(O)(c1cn(Cc2ccc3c(-c4ccccc4)c(C(C)O)sc3c2)nn1)C(F)(F)F,0.79990584,train
CCC(O)(c1cn(Cc2ccc3c(-c4ccccc4)c(C(C)=O)sc3c2)nn1)C(F)(F)F,0.50523174,train
CCC(O)(c1cn(Cc2ccc3c(-c4ccccc4)c(C(N)=O)sc3c2)nn1)C(F)(F)F,0.06616432,train
CC[C@](O)(c1cn(Cc2ccc3c(-c4ccccc4)c(C(N)=O)sc3c2)nn1)C(F)(F)F,0.026584862,train
CC[C@](O)(c1cn(Cc2ccc3c(-c4cccc(F)c4)c(C(N)=O)sc3c2)nn1)C(F)(F)F,0.034665816,train
CC[C@](O)(c1cn(Cc2ccc3c(-c4ccc(F)cc4)c(C(N)=O)sc3c2)nn1)C(F)(F)F,0.040706582,train
CC[C@@](O)(c1cn(Cc2ccc3c(-c4ccc(F)cc4)c(C(N)=O)sc3c2)nn1)C(F)(F)F,0.049995594,train
CC(C)[C@@H](Nc1nc2cc[nH]c(=O)c2c2cc(F)ccc12)C(F)(F)F,0.93797576,train
CC(C)[C@@H](Nc1nc2cc[nH]c(=O)c2c2cnccc12)C(F)(F)F,0.68343985,test
CC(C)S(=O)(=O)N[C@H]1CN(C)C[C@@H]1c1ccc(-c2cccc(NS(C)(=O)=O)c2)cc1,0.58010745,train
CCN1C[C@H](NS(=O)(=O)C(C)C)[C@@H](c2ccc(-c3cccc(NS(C)(=O)=O)c3)cc2)C1,0.9521371,train
CC(C)N1C[C@H](NS(=O)(=O)C(C)C)[C@@H](c2ccc(-c3cccc(NS(C)(=O)=O)c3)cc2)C1,0.8183381,train
CC(C)S(=O)(=O)N[C@H]1CN(c2ccccc2)C[C@@H]1c1ccc(-c2cccc(NS(C)(=O)=O)c2)cc1,0.8333551,train
CC(C)S(=O)(=O)N[C@H]1CN(C)C[C@@H]1c1ccc(-c2ccc(C#N)cc2)cc1,0.82119447,train
CCN1C[C@H](NS(=O)(=O)C(C)C)[C@@H](c2ccc(-c3ccc(C#N)cc3)cc2)C1,0.9820841,train
CC(C)S(=O)(=O)N[C@H]1CN(c2ccccc2)C[C@@H]1c1ccc(-c2ccc(C#N)cc2)cc1,0.9433027,train
CC(=O)Nc1cccc(-c2ccc([C@H]3CN(C)C[C@@H]3NS(=O)(=O)C(C)C)cc2)c1,0.39932638,train
CC(=O)c1cccc(-c2ccc([C@H]3CN(C)C[C@@H]3NS(=O)(=O)C(C)C)cc2)c1,0.77390325,train
CC(C)S(=O)(=O)N[C@H]1CN(C)C[C@@H]1c1ccc(-c2cccc(C(F)(F)F)c2)cc1,0.95309657,train
CC(C)S(=O)(=O)N[C@H]1CN(C)C[C@@H]1c1ccc(-c2cccnc2)cc1,0.30344027,train
CC(C)S(=O)(=O)N[C@H]1CN(C)C[C@@H]1c1ccc(-c2cccnc2F)cc1,0.36902907,train
CC(C)S(=O)(=O)N[C@H]1CN(C)C[C@@H]1c1ccc(-c2ccc(F)nc2)cc1,0.35099933,train
CC(C)S(=O)(=O)N[C@H]1CN(c2ccccc2)C[C@@H]1c1ccc(-c2ccc(F)nc2)cc1,0.66209215,test
CC(C)S(=O)(=O)N[C@H]1CN(C)C[C@@H]1c1ccc(-c2ccsc2)cc1,0.68923324,train
CC(C)S(=O)(=O)N[C@@H]1COC[C@@H]1c1ccc(-c2ccc(C#N)cc2)cc1,0.46071684,val
CC(C)S(=O)(=O)N[C@@H]1COC[C@@H]1c1ccc(-c2ccc(F)nc2)cc1,0.09189198,test
CN(C)CCn1ncc2cc(-n3ccc(OCc4ccccc4)cc3=O)ccc21,0.90980196,train
O=c1cc(OCc2ccccc2)ccn1-c1ccc2c(cnn2CCN2CCCC2)c1,0.9646376,train
CN(C)CCCn1ncc2cc(-n3ccc(OCc4ccccc4)cc3=O)ccc21,0.9513494,train
CN(C)CC(O)Cn1ncc2cc(-n3ccc(OCc4ccccc4)cc3=O)ccc21,0.09483992,train
O=c1cc(OCc2ccccc2)ccn1-c1ccc2c(cnn2CCN2CC[C@H](O)C2)c1,0.70752674,train
CO[C@H]1CCN(CCn2ncc3cc(-n4ccc(OCc5ccccc5)cc4=O)ccc32)C1,0.7323541,train
O=c1cc(OCc2ccccc2)ccn1-c1ccc2c(cnn2C[C@@H]2CCCN2)c1,0.9470439,val
O=c1cc(OCc2ccccc2)ccn1-c1ccc2c(cnn2CCN2CCC[C@@H]2CO)c1,0.9428345,train
COC[C@H]1CCCN1CCn1ncc2cc(-n3ccc(OCc4ccccc4)cc3=O)ccc21,0.98347294,train
O=c1cc(OCc2ccccc2)ccn1-c1ccc2c(cnn2CC2=NCCN2)c1,0.88015467,train
CN1CCN=C1Cn1ncc2cc(-n3ccc(OCc4ccccc4)cc3=O)ccc21,0.9735199,train
O=c1cc(OCc2ccccc2)ccn1-c1ccc2c(cnn2CCN2CC3CC2CO3)c1,0.916643,train
O=c1cc(OCc2ccccc2)ccn1-c1ccc2c(cnn2CCN2CCNCC2)c1,0.847132,test
Cc1ccc2c(N3CCN(CCc4cccc(NC(=O)c5ccccc5)c4)CC3)cccc2n1,0.9835324,val
Cc1ccc2c(N3CCN(CCc4cccc(NC(=O)Nc5ccccc5)c4)CC3)cccc2n1,0.95981824,test
Cc1ccc2c(N3CCN(CCc4cccc(NC(=O)c5csc(C)n5)c4)CC3)cccc2n1,0.8997177,val
Cc1ccc2c(N3CCN(CCc4cccc(NS(C)(=O)=O)c4)CC3)cccc2n1,0.9895544,train
CCNC(=O)Nc1cccc(CCN2CCN(c3cccc4nc(C)ccc34)CC2)c1,0.8439365,train
Cc1ccc2c(N3CCN(CCc4cccc(N5CCOC5=O)c4)CC3)cccc2n1,0.84289354,test
CC(=O)Nc1cccc(CCN2CCN(c3cccc4nc(C)ccc34)CC2)c1,0.79755586,train
Cc1ccc2c(N3CCN(CCc4cccc(N5CCNC5=O)c4)CC3)cccc2n1,0.7017306,train
COc1cc(/C=C/c2nc3ccccc3[nH]2)ccc1-n1cnc(C)c1,0.9135655,train
COc1cc(/C=C/c2nc(=O)c3ccc(C(F)(F)F)cc3[nH]2)ccc1-n1cnc(C)c1,0.9480098,val
COc1cc(/C=C/c2nc(=O)c3c4c(sc3[nH]2)CCC4)ccc1-n1cnc(C)c1,0.71472883,train
COc1cc(/C=C/c2nc(N)c3ccccc3n2)ccc1-n1cnc(C)c1,0.88770723,val
COc1cc(/C=C/c2nc3ccccc3c(=O)n2-c2ccccc2)ccc1-n1cnc(C)c1,0.9744177,train
COc1cc(/C=C/c2nc3ccccc3c(=O)n2C)ccc1-n1cnc(C)c1,0.68196607,train
COc1cc(/C=C/c2nc(N)nc(Nc3ccccc3)n2)ccc1-n1cnc(C)c1,0.783379,val
CCOC(=O)c1sc2nc(/C=C/c3ccc(-n4cnc(C)c4)c(OC)c3)nc(N)c2c1C,0.85096776,val
COc1cc(/C=C/c2nc(N)c3c(n2)oc2ccccc23)ccc1-n1cnc(C)c1,0.82880795,train
COc1cc(/C=C/c2nc(NCc3ccccc3)c3c4c(sc3n2)CCC4)ccc1-n1cnc(C)c1,0.92947495,test
COc1cc(/C=C/c2nc(N)c3c4c(sc3n2)CCCCC4)ccc1-n1cnc(C)c1,0.9158041,test
Nc1nccc2cc(CNCCc3ccccc3)ccc12,0.8880648,train
Nc1nccc2cc(O[C@H]3CCCN(Cc4ccccc4)C3)ccc12,0.9684174,train
Nc1nccc2cc(O[C@H]3CCCNC3)ccc12,0.64004767,test
O=S(=O)(c1cccc2cnccc12)N1CCCNCC1,0.61186326,test
C[C@@H](N)C1CCC(C(=O)Nc2ccncc2)CC1,0.044170115,train
O=c1[nH]ccc2c(S(=O)(=O)N3CCCNCC3)cccc12,0.4822712,train
O=c1cc(OCc2ccccc2F)ccn1-c1ccc(OCCN2CCCC2)cc1,0.86867946,train
O=c1cc(OCc2cccc(F)c2)ccn1-c1ccc(OCCN2CCCC2)cc1,0.94033825,train
O=c1cc(OCc2ccc(F)cc2)ccn1-c1ccc(OCCN2CCCC2)cc1,0.9499748,train
O=c1cc(OCc2cccc(Cl)c2)ccn1-c1ccc(OCCN2CCCC2)cc1,0.9848053,train
O=c1cc(OCc2ccc(Cl)cc2)ccn1-c1ccc(OCCN2CCCC2)cc1,0.987165,train
COc1ccc(COc2ccn(-c3ccc(OCCN4CCCC4)cc3)c(=O)c2)cc1,0.9209608,train
O=c1cc(OCc2ccc(C(F)(F)F)cc2)ccn1-c1ccc(OCCN2CCCC2)cc1,0.98973864,train
O=c1cc(OCc2ccc3ccccc3c2)ccn1-c1ccc(OCCN2CCCC2)cc1,0.9432237,train
O=c1cc(OCc2ccccc2)ccn1-c1ccc(OCCN2CCCCC2)cc1,0.85237765,test
O=c1cc(OCc2ccccc2)ccn1-c1ccc(OCCN2CCCC2)cc1,0.8301252,train
CCN(CC)CCOc1ccc(-n2ccc(OCc3ccccc3)cc2=O)cc1,0.8651942,train
CC(C)N(CCOc1ccc(-n2ccc(OCc3ccccc3)cc2=O)cc1)C(C)C,0.8883706,train
CN(CCOc1ccc(-n2ccc(OCc3ccccc3)cc2=O)cc1)Cc1ccccc1,0.9882677,train
CN1CCCCC1COc1ccc(-n2ccc(OCc3ccccc3)cc2=O)cc1,0.9724912,train
CN1CCCC1COc1ccc(-n2ccc(OCc3ccccc3)cc2=O)cc1,0.96687007,train
CCN(CC)CCNc1ccc(-n2ccc(OCc3ccccc3)cc2=O)cc1,0.9041635,train
CCN(CC)CCN(C)c1ccc(-n2ccc(OCc3ccccc3)cc2=O)cc1,0.8986439,train
COc1cc2c(cc1Nc1ncc(Cl)c(Nc3ccc(N4CCOCC4)cc3OC)n1)CCN(CC(=O)N(C)C)CC2,0.19336571,test
COC(=O)c1coc(CN2CCN(C(=O)CC(c3ccc(F)cc3)c3ccc(Br)cc3)CC2)n1,0.852469,train
COC(=O)c1coc(CN2CCN(C(=O)CC(c3ccc(F)cc3)c3ccc(C(F)(F)F)cc3)CC2)n1,0.85648125,train
Cc1ccc2nc(CN3CCN(C(=O)CC(c4ccccc4)c4ccc(F)cc4)CC3)oc2c1,0.79759634,train
COc1ccc(C(CC(=O)N2CCN(Cc3nc4ccc(C)cc4o3)CC2)c2ccccc2)cc1,0.5955455,train
O=C(O)CCNC(=O)c1ccc(Cn2nc(-c3cc(Cl)cc(Cl)c3)cc2-c2ccc(OC(F)(F)F)cc2)cc1,0.8937811,val
CN[C@@H]1Cc2ccccc2[C@@H](c2ccc(Cl)c(Cl)c2)C1,0.93492293,train
CN[C@@H]1Cc2ccccc2[C@H](c2ccc(Cl)c(Cl)c2)C1,0.77392423,train
CN[C@H]1Cc2ccccc2[C@@H](c2ccc(Cl)c(Cl)c2)C1,0.8834711,train
CNC[C@H]1Cc2ccccc2[C@H](c2ccc(Cl)c(Cl)c2)C1,0.98799545,train
CNC[C@@H]1Cc2ccccc2[C@H](c2ccc(Cl)c(Cl)c2)C1,0.9650019,train
NCC[C@@H]1Cc2ccccc2[C@H](c2ccc(Cl)c(Cl)c2)C1,0.23808028,train
NCC[C@H]1Cc2ccccc2[C@@H](c2ccc(Cl)c(Cl)c2)C1,0.8498084,train
N[C@@H]1CCN(c2ccc(Cl)c(Cl)c2)c2ccccc21,0.82337826,train
CNC1CCN(c2ccc(Cl)c(Cl)c2)c2ccccc21,0.8916943,train
CN[C@@H]1CCN(c2ccc(Cl)c(Cl)c2)c2ccccc21,0.9254676,train
CN(C)[C@@H]1CCN(c2ccc(Cl)c(Cl)c2)c2ccccc21,0.9410503,train
CN([C@@H]1CCc2c(CC(=O)O)c3ccc(F)cc3n2C1)S(=O)(=O)c1ccc(F)cc1,0.09921607,train
c1ccc(-c2cccc(O[C@@H]3C[C@H]4CC[C@@H](C3)N4)n2)cc1,0.99881953,train
N#Cc1cc(O[C@@H]2C[C@H]3CC[C@@H](C2)N3)nc(-c2ccccc2)c1,0.9992925,train
N#Cc1ccccc1-c1cccc(O[C@@H]2C[C@H]3CC[C@@H](C2)N3)n1,0.9995253,train
N#Cc1cc(O[C@@H]2C[C@H]3CC[C@@H](C2)N3)cc(-c2ncccc2C#N)c1,0.9994917,train
N#Cc1cc(O[C@@H]2C[C@H]3CC[C@@H](C2)N3)cc(-c2ccccn2)c1,0.9994523,train
FC(F)(F)c1ccccc1-c1cc(C(F)(F)F)c2[nH]c(C3=NOC4(CCCCC4)C3)nc2c1,0.9939183,train
O=C(O)C1CN(Cc2ccc(-c3cc4cc(Cc5ccccc5)ccc4o3)c(F)c2)C1,0.077424824,train
CC(=O)N[C@@H](CCN1[C@@H]2CC[C@H]1C[C@@H](n1c(C)nc3c1CCN(C(=O)C(C)(C)C)C3)C2)c1cccc(F)c1,0.89103556,train
CC(=O)N[C@@H](CCN1[C@@H]2CC[C@H]1C[C@@H](n1c(C)nc3c1CCN(C(=O)C(C)C)C3)C2)c1cccc(F)c1,0.74958616,train
CCCC(=O)N1CCc2c(nc(C)n2[C@H]2C[C@H]3CC[C@@H](C2)N3CC[C@H](NC(C)=O)c2cccc(F)c2)C1,0.9400254,train
CCC(=O)N1CCc2c(nc(C)n2[C@H]2C[C@H]3CC[C@@H](C2)N3CC[C@H](NC(C)=O)c2cccc(F)c2)C1,0.8341049,train
CC(=O)N[C@@H](CCN1[C@@H]2CC[C@H]1C[C@@H](n1c(C)nc3c1CCN(C(C)=O)C3)C2)c1cccc(F)c1,0.77720875,train
COC(=O)N1CCc2c(nc(C)n2[C@H]2C[C@H]3CC[C@@H](C2)N3CC[C@H](NC(C)=O)c2cccc(F)c2)C1,0.96103287,train
CC(=O)N[C@@H](CCN1[C@@H]2CC[C@H]1C[C@@H](n1c(C)nc3c1CCN(c1ccncn1)C3)C2)c1cccc(F)c1,0.90662855,train
CC(=O)N[C@@H](CCN1[C@@H]2CC[C@H]1C[C@@H](n1c(C)nc3c1CCN(c1cnccn1)C3)C2)c1cccc(F)c1,0.9589259,train
CC(=O)N[C@@H](CCN1[C@@H]2CC[C@H]1C[C@@H](n1c(C)nc3ccccc31)C2)c1ccccc1,0.9928784,train
Cc1nc(C(C)C)n([C@H]2C[C@H]3CC[C@@H](C2)N3CC[C@H](NC(=O)C2CCC(F)(F)CC2)c2ccccc2)n1,0.9940289,val
OCC1(N2CCC(n3c(N4CC5CNCC5C4)nc4ccccc43)CC2)CCCCCCC1,0.99819916,train
O=C(NC1CCCCC1)C(C1CCCCC1)n1c(-c2ccc(Cl)cc2)nc2cc(F)c(Cl)cc21,0.9974619,train
O=C(NC1CCCCC1)C(C1CCCCC1)n1c(-c2ccc(Cl)cc2)nc2cc(F)c(F)cc21,0.99724007,train
O=C(N[C@H]1CC[C@H](O)CC1)C(C1CCCCC1)n1c(-c2ccc(Cl)cc2)nc2cc(F)c(F)cc21,0.9711694,train
O=C(O)C1CCC(NC(=O)C(C2CCCCC2)n2c(-c3ccc(Cl)cc3)nc3cc(F)c(F)cc32)CC1,0.56777173,train
O=C(O)c1ccc(NC(=O)C(C2CCCCC2)n2c(-c3ccc(Cl)cc3)nc3cc(F)c(F)cc32)c(Cl)c1,0.72807735,train
Cc1cc(C(=O)O)ccc1NC(=O)C(C1CCCCC1)n1c(-c2ccc(Cl)cc2)nc2cc(F)c(F)cc21,0.6118403,train
CCC(C)(C)Cc1c[nH]c(CCc2ccc(-c3ccccn3)cc2)n1,0.9989544,train
CC(C)(C)Cc1c[nH]c(C(C)(O)Cc2ccc(-c3ccc(F)cn3)cc2)n1,0.97662735,train
CC(C)(C)Cc1c[nH]c(CC(C)(O)c2ccc(-c3ccc(F)cn3)cc2)n1,0.961317,train
CCCC1NC(C)C2C(=O)N=C(c3cc(S(=O)(=O)N4CCN(CC)CC4)ccc3OCC)NN12,0.05485858,train
CC(C)Oc1cc(C(c2ccc(C(C)(C)O)nc2)c2ccc(=O)[nH]c2)ccc1OC(F)F,0.005078042,train
CC1N=CN=C1CN1CCc2c(c3ccccc3n2C)C1=O,0.05958888,test
COCC(=O)OC1(CCN(C)CCCc2nc3ccccc3[nH]2)CCc2cc(F)ccc2C1C(C)C,0.99683386,train
O=C(c1ccc(F)cc1)N1CCN(CCn2c(=O)[nH]c3ccccc3c2=O)CC1,0.13639604,test
CC(=O)NC(=O)C1CCC(C2N=CC(c3cccc(Br)c3)=N2)CC1,0.45706058,test
O=C(OC1CC2CC3CC(C1)N2CC3=O)c1c[nH]c2ccccc12,0.031502057,train
CCC1OC(=O)C(C)C(OC2CC(C)(OC)C(O)C(C)O2)C(C)C(OC2OC(C)CC(N(C)C)C2O)C(C)(O)CC(C)C(=O)C(C)C(O)C1(C)O,0.005623355,train
CCC1OC(=O)C(C)C(OC2CC(C)(OC)C(O)C(C)O2)C(C)C(OC2OC(C)CC(N(C)C)C2O)C(C)(O)CC(C)/C(=N/OCOCCOC)C(C)C(O)C1(C)O,0.005786772,test
OCCOCCN1CCN(C2=Nc3ccccc3Sc3ccccc32)CC1,0.9945392,val
CC(C)c1cn(-c2ccc(F)cc2)c2ccc(Cl)cc12,0.98987305,train
CC(C)(C)c1ccc2c(ccn2-c2ccc(F)cc2)c1,0.94337136,train
CC(=O)c1cn(-c2ccc(F)cc2)c2ccc(Cl)cc12,0.96719533,train
CC/N=C(\c1ccc(OC)c(OC)c1)N1CCCc2cc(C3=NNC(=O)SC3C)ccc21,0.14019302,val
COC(=O)C1=CCC2CCC1N2C,0.48885608,train
CCN(CC)CCOc1ccc(/C(=C(\Cl)c2ccccc2)c2ccccc2)cc1,0.73975235,train
O=C(NCCO)C1CCC(c2nc(-c3cccc(C(F)(F)F)c3)c[nH]2)CC1,0.8927416,train
COc1ccc(C2CCN(CCN3CCOc4ccccc43)CC2)cc1OC,0.9605433,val
c1ccc(-c2[nH]c3ccccc3c2C2CC3CCC(C2)N3c2ccccc2)cc1,0.9137296,test
CCC(=O)O[C@@](Cc1ccccc1)(c1ccccc1)[C@@H](C)CN(C)C,0.9539464,train
Cc1ccc(C23CNCC2C3)cc1,0.39549404,train
Cc1cn2c(N)c(Cl)cc(C(=O)NCC3CCN(CC(C)C)CC3)c2n1,0.55793303,val
COc1cc2c(cc1OC)C(=O)C(CC1CCN(Cc3ccccc3)CC1)C2,0.88432175,train
CN(C)CC/C=C1/c2ccccc2COc2ccccc21,0.9899946,test
O=C(OC1Cc2c(O)cc(O)cc2OC1c1cc(O)c(O)c(O)c1)c1cc(O)c(O)c(O)c1,0.025504926,val
COC(=O)C1=C(C)N=C(C)C(C(=O)OC(C)C)C1c1cccc2nonc12,0.037237618,train
Cc1cccc(C)c1OCC(C)N,0.4609863,train
NCCC(Oc1ccc(C(F)(F)F)cc1)c1ccccc1,0.9380974,train
Cc1ccccc1C(OCCN(C)C)c1ccccc1,0.91914046,train
CCCN1C[C@H](CSC)C[C@@H]2c3cccc4[nH]cc(c34)C[C@H]21,0.9958318,train
CCC1OC(=O)C(C)C(OC2CC(C)(OC)C(O)C(C)O2)C(C)C(OC2OC(C)CC(N(C)C)C2O)C(C)(OC)CC(C)C(=O)C(C)C(O)C1(C)O,0.007995657,train
CN1CC(=O)N2C(Cc3c([nH]c4ccccc34)C2c2ccc3c(c2)OCO3)C1=O,0.002535497,test
COC(=O)C1C(OC(=O)c2ccccc2)CC2CCC1N2C,0.6694098,train
CCOC(=O)C1C(OC(=O)c2ccccc2)CC2CCC1N2C,0.74735856,train
CCC1=C(C)CC(C(=O)NCCc2ccc(S(=O)(=O)NC(=O)NC3CCC(C)CC3)cc2)C1=O,0.07678836,test
CC(C(O)c1ccc(O)cc1)N1CCC(Cc2ccccc2)CC1,0.9755543,val
Cc1cccc(C)c1OCC(=O)N[C@@H](Cc1ccccc1)[C@@H](O)C[C@H](Cc1ccccc1)NC(=O)C(C(C)C)N1CCCNC1=O,0.9492937,train
CC(C[C@@H](CS(=O)(=O)N1CCC(OCc2ccc(Cl)cc2Cl)CC1)N(O)C=O)c1ncc(F)cn1,0.30349472,train
CC(C[C@@](C)(CS(=O)(=O)N1CCC(OCc2ccc(Cl)cc2Cl)CC1)N(O)C=O)c1ncc(F)cn1,0.3251273,train
CC(C[C@@](C)(CS(=O)(=O)N1CCN(c2ccc(F)cc2)CC1)N(O)C=O)c1ncc(F)cn1,0.08983325,train
CC(C[C@@H](CS(=O)(=O)N1CCN(c2ccc(F)cc2)CC1)N(O)C=O)c1ncc(F)cn1,0.111593165,train
CNC(C)C1(c2ccc(Cl)c(Cl)c2)CCCCC1,0.53091437,train
CC(N(C)C)C1(c2ccc(Cl)c(Cl)c2)CCCCC1,0.16180977,train
CC(N(C)C)C1(c2ccc3ccccc3c2)CCCCC1,0.09224875,test
Cc1c(C(=O)Nc2ccn(C)n2)ncn1Cc1cccc(C(F)(F)F)c1,0.6123985,val
CO[C@@H]1COCC[C@@H]1N[C@@H]1CC[C@@](C(=O)N2CCN(c3cc(C(F)(F)F)ccn3)CC2)(C(C)C)C1,0.6235816,train
Nc1nc(CC(=O)Nc2ccc(C[C@@H]3CC[C@H]([C@H](O)c4ccccc4)N3)cc2)cs1,0.6494817,val
CN(CC(N)=O)Cc1nc(-c2cn(CC3CCOCC3)c3c(Cl)cccc23)no1,0.09293638,val
CCO[C@@H]1Cc2cc(C(F)(F)F)ccc2[C@H]1N1CCN(C2(C)CCN(C(=O)c3c(C)ncnc3C)CC2)C[C@@H]1C,0.74271643,train
N#Cc1ccc(C(=O)N2CCC3(CC2)N=C(N)c2c(F)ccc(F)c2N3)cn1,0.04455921,val
CNCC[C@@H](Oc1cc(Cl)ccc1C#N)c1ccccc1,0.9985379,train
CCc1cccc2c(-c3nc(CN4CCCC4)cs3)cn(CC3CCOCC3)c12,0.93549544,train
CCc1cccc2c(-c3nc(CN(CC)CC)cs3)cn(CC3CCOCC3)c12,0.98322946,train
Fc1cccc2c(-c3nc(CN4CCCC4)cs3)cn(CC3CCOCC3)c12,0.9777058,train
CCN(CC)Cc1csc(-c2cn(CC3CCOCC3)c3c(F)cccc23)n1,0.99383825,train
Clc1cccc2c(-c3nc(CN4CCCC4)cs3)cn(CC3CCOCC3)c12,0.98363864,train
CCN(CC)Cc1csc(-c2cn(CC3CCOCC3)c3c(Cl)cccc23)n1,0.9954922,train
COCCN(C)Cc1csc(-c2cn(CC3CCCCC3)c3c(Cl)cccc23)n1,0.993002,train
COCCN(C)Cc1csc(-c2cn(CC3CCOCC3)c3c(Cl)cccc23)n1,0.9920046,train
CN(CCO)Cc1csc(-c2cn(CC3CCOCC3)c3c(Cl)cccc23)n1,0.96172756,train
CCN(CCO)Cc1csc(-c2cn(CC3CCOCC3)c3c(Cl)cccc23)n1,0.96187776,train
CC(C)N(CCO)Cc1csc(-c2cn(CC3CCOCC3)c3c(Cl)cccc23)n1,0.97712755,train
OC1CCN(Cc2csc(-c3cn(CC4CCOCC4)c4c(Cl)cccc34)n2)CC1,0.89846283,train
COC1CCN(Cc2csc(-c3cn(CC4CCOCC4)c4c(Cl)cccc34)n2)CC1,0.99304354,train
Clc1cccc2c(-c3nc(CN4CCOCC4)cs3)cn(CC3CCOCC3)c12,0.9390785,train
OCCN(CCO)Cc1csc(-c2cn(CC3CCOCC3)c3c(Cl)cccc23)n1,0.84301054,train
CCc1sc(-c2cn(CC3CCOCC3)c3c(Cl)cccc23)nc1CN(C)CCO,0.97634107,train
CCc1sc(-c2cn(CC3CCOCC3)c3c(Cl)cccc23)nc1CN(CC)CCO,0.9765845,train
CCc1sc(-c2cn(CC3CCOCC3)c3c(Cl)cccc23)nc1CN(CCO)C(C)C,0.98707867,train
CC(C)N(CCO)Cc1nc(-c2cn(CC3CCOCC3)c3c(Cl)cccc23)sc1Cl,0.9705776,train
COc1ccc([C@H]2CN(CCc3ccc(OC)c(OC)c3)C[C@@H]2CNC(=O)c2cccc(Cl)c2)cc1,0.9996276,train
COc1ccc([C@H]2CN(Cc3ccc(OC)c(OC)c3)C[C@@H]2CNC(=O)c2cccc(Cl)c2)cc1,0.99741036,train
COc1ccc([C@H]2CN(CCCc3ccc(OC)c(OC)c3)C[C@@H]2CNC(=O)c2cccc(Cl)c2)cc1,0.99980766,test
COc1ccc([C@H]2CN(CCc3cccc(OC)c3)C[C@@H]2CNC(=O)c2cccc(Cl)c2)cc1,0.99945337,train
COc1ccc(CCN2C[C@H](CNC(=O)c3cccc(Cl)c3)[C@@H](c3ccc(OC)cc3)C2)cc1,0.9994956,train
COc1ccc([C@H]2CN(CCC3CCOCC3)C[C@@H]2CNC(=O)c2cccc(Cl)c2)cc1,0.99574775,test
COc1ccc([C@H]2CN(CCCC3CCOCC3)C[C@@H]2CNC(=O)c2cccc(Cl)c2)cc1,0.9974873,val
COc1ccc([C@H]2CN(CCCC3CCNCC3)C[C@@H]2CNC(=O)c2cccc(Cl)c2)cc1,0.99760014,val
COc1ccc([C@H]2CN(CCc3ccc(OC)c(OC)c3)C[C@@H]2CC(=O)Nc2cccc(Cl)c2)cc1,0.9998287,train
COc1ccc([C@H]2CN(CCc3ccc(OC)c(OC)c3)C[C@@H]2CC(=O)N(C)c2cccc(Cl)c2)cc1,0.9999285,train
COc1ccc([C@H]2CN(CCc3ccc(OC)c(OC)c3)C[C@@H]2CC(=O)NCc2cccc(Cl)c2)cc1,0.9991708,train
COc1ccc([C@H]2CN(CCc3ccc(OC)c(OC)c3)C[C@@H]2CCNC(=O)c2cccc(Cl)c2)cc1,0.9991041,val
COc1ccc([C@H]2CN(CCc3ccc(OC)c(OC)c3)C[C@@H]2Cc2nc3cc(Cl)ccc3[nH]2)cc1,0.9999788,train
COc1ccc([C@H]2CN(CCc3ccc(OC)c(OC)c3)C[C@@H]2CCc2nc3cc(Cl)ccc3[nH]2)cc1,0.9999814,train
COc1ccc([C@H]2CN(CCc3ccc(OC)c(OC)c3)C[C@@H]2CCc2cc3ccc(Cl)cc3[nH]2)cc1,0.9999759,val
COc1ccc([C@H]2CN(CCCC3CCOCC3)C[C@@H]2CC(=O)Nc2cccc(Cl)c2)cc1,0.9988446,val
COc1ccc([C@H]2CN(CCC3CCOCC3)C[C@@H]2CC(=O)Nc2cccc(Cl)c2)cc1,0.99804294,train
COc1ccc([C@H]2CN(CCC3CCS(=O)(=O)CC3)C[C@@H]2CC(=O)Nc2cccc(Cl)c2)cc1,0.99500555,val
COc1ccc([C@H]2CN(CCC3(O)CCOCC3)C[C@@H]2CC(=O)Nc2cccc(Cl)c2)cc1,0.9937749,train
COc1ccc([C@H]2CN(CCCN(C)S(C)(=O)=O)C[C@@H]2CC(=O)Nc2cccc(Cl)c2)cc1,0.9940376,test
COc1ccc([C@H]2CN(CCCN(C)S(=O)(=O)c3ccccc3)C[C@@H]2CC(=O)Nc2cccc(Cl)c2)cc1,0.99770564,train
COc1ccc([C@H]2CN(CCCN3CCCC3=O)C[C@@H]2CC(=O)Nc2cccc(Cl)c2)cc1,0.9951493,test
CC(=O)Nc1cccc(C2CCN(CCCn3c(-c4ccc(Cl)cc4)nc4ccccc43)CC2)c1,0.9958509,test
COCCCc1cc(CN(C(=O)C2CNCC[C@@H]2c2ccc(OCCOc3c(Cl)cc(C)cc3Cl)cc2)C2CC2)cc(OCC2(CC#N)CC2)c1,0.999948,train
COCCCc1cc(CN(C(=O)C2CNCC[C@@H]2c2ccc(OCCOc3c(Cl)cc(C)cc3Cl)cc2)C2CC2)cc(OCCOC)c1,0.9998229,train
COCCCc1cc(CN(C(=O)C2CNCC[C@@H]2c2ccc(OCCOc3c(Cl)cc(C)cc3Cl)cc2)C2CC2)cc(OCCN(C)C)c1,0.9999007,train
COCCCc1cc(CN(C(=O)C2CNCC[C@@H]2c2ccc(OCCOc3c(Cl)cc(C)cc3Cl)cc2)C2CC2)cc(OCCCNS(C)(=O)=O)c1,0.9998635,train
CCNC(=O)NCCCOc1cc(CCCOC)cc(CN(C(=O)C2CNCC[C@@H]2c2ccc(OCCOc3c(Cl)cc(C)cc3Cl)cc2)C2CC2)c1,0.99955696,train
COCCCc1cc(CN(C(=O)C2CNCC[C@@H]2c2ccc(OCCOc3c(Cl)cc(C)cc3Cl)cc2)C2CC2)cc(OCC(C)(C)O)c1,0.9882081,train
CCOC(=O)C1C[C@@H]1COc1cc(CCCOC)cc(CN(C(=O)C2CNCC[C@@H]2c2ccc(OCCOc3c(Cl)cc(C)cc3Cl)cc2)C2CC2)c1,0.9999777,train
COCCCc1cc(CN(C(=O)C2CNCC[C@@H]2c2ccc(OCCOc3c(Cl)cc(C)cc3Cl)cc2)C2CC2)cc(OC[C@H]2CC2C(=O)O)c1,0.9437905,train
COCCCc1cc(CN(C(=O)C2CNCC[C@@H]2c2ccc(OCCOc3c(Cl)cc(C)cc3Cl)cc2)C2CC2)cc(OC[C@H]2CC2C(=O)OCC(=O)N(C)C)c1,0.9993636,train
COCCCc1cc(CN(C(=O)C2CNCC[C@@H]2c2ccc(OCCOc3c(Cl)cc(C)cc3Cl)cc2)C2CC2)cc(OC[C@H]2CC2C(=O)OCOC(=O)C(C)(C)C)c1,0.99952817,train
COCCCc1cc(CN(C(=O)C2CN(C(=O)OCc3oc(=O)oc3C)CC[C@@H]2c2ccc(OCCOc3c(Cl)cc(C)cc3Cl)cc2)C2CC2)cc(OC[C@H]2CC2C(=O)O)c1,0.14183019,train
COCCCc1cc(CN(C(=O)C2CNCC[C@@H]2c2ccc(OCCOc3c(Cl)cc(C)cc3Cl)cc2)C2CC2)cc(OCC2(CC(=O)O)CC2)c1,0.9695677,train
COCCCc1cc(CN(C(=O)C2CNCC[C@@H]2c2ccc(OCCOc3c(Cl)cc(C)cc3Cl)cc2)C2CC2)cc(OCC(C)(C)C(=O)O)c1,0.95910513,train
COCCCc1cc(CN(C(=O)C2CNCC[C@@H]2c2ccc(OCCOc3c(Cl)cc(C)cc3Cl)cc2)C2CC2)cc(OCCC(C)(C)C(=O)O)c1,0.99602544,train
COCCCc1cc(CN(C(=O)C2CNCC[C@@H]2c2ccc(OCCOc3c(Cl)cc(C)cc3Cl)cc2)C2CC2)cc(OCCCC(C)(C)C(=O)O)c1,0.99924564,train
CCC(CC)(CCOc1cc(CCCOC)cc(CN(C(=O)C2CNCC[C@@H]2c2ccc(OCCOc3c(Cl)cc(C)cc3Cl)cc2)C2CC2)c1)C(=O)O,0.99956626,train
COCCCc1cc(CN(C(=O)C2CNCC[C@@H]2c2ccc(OCCOc3c(Cl)cc(C)cc3Cl)cc2)C2CC2)cc(OCCC2(C(=O)O)CCCC2)c1,0.9925101,train
COCCCc1cc(CN(C(=O)C2CNCC[C@@H]2c2ccc(OCCOc3c(Cl)cc(C)cc3Cl)cc2)C2CC2)cc(OCC[C@](C)(OC)C(=O)O)c1,0.98198515,train
COCCCc1cc(CN(C(=O)C2CNCC[C@@H]2c2ccc(OCCOc3c(Cl)cc(C)cc3Cl)cc2)C2CC2)cc(OC[C@H]2CC2C(=O)NS(C)(=O)=O)c1,0.97718155,train
COCCCc1cc(CN(C(=O)C2CNCC[C@@H]2c2ccc(OCCOc3c(Cl)cc(C)cc3Cl)cc2)C2CC2)cc(OCC2(Cc3nn[nH]n3)CC2)c1,0.99872226,train
CC(C)NCc1c(C(=O)N[C@@H]2CCC[C@H](O)C2)noc1-c1ccc(C(F)(F)F)cc1,0.57478523,test
O=C(N[C@@H]1CCC[C@H](O)C1)c1noc(-c2ccc(C(F)(F)F)cc2)c1CNCC1CC1,0.8216222,test
O=C(N[C@@H]1CCC[C@H](O)C1)c1noc(-c2ccc(C(F)(F)F)cc2)c1CNCC1CCC1,0.76688033,test
CN1CCCC(n2nc(Cc3ccc(Cl)cc3)c3ccccc3c2=O)CC1,0.84846234,val
O=c1c2ccccc2c(Cc2ccc(Cl)cc2)nn1C[C@H]1CCCN1CCCCc1ccc(OCCCN2CCCCCC2)cc1,0.9995591,train
O=C1Nc2ncccc2C2(CCN(C(=O)N[C@@H]3CC[C@@H](c4cccc(F)c4F)Cn4c(CC(F)(F)F)cnc43)CC2)O1,0.10042588,val
CC(C)c1cc(C#N)cc2nc(-c3ccc(C(=O)NC[C@H]4CC[C@@H](c5cccc(C(F)(F)F)c5)CC4)cc3)oc12,0.92398655,train
Cc1cccc([C@H]2CC[C@@H](CNC(=O)c3ccc(-c4nc5cc(C#N)cc(C(C)C)c5o4)cc3)CC2)c1,0.8843381,train
CC(C)c1cc(C#N)cc2nc(-c3ccc(C(=O)NCC4CN(c5ccc(-c6ccccc6C#N)cn5)C(=O)O4)cc3)oc12,0.9541022,train
Cc1ccc(-c2ccc(N3CC(CNC(=O)c4ccc(-c5nc6cc(C#N)cc(C(C)C)c6o5)cc4)OC3=O)nc2)s1,0.9906,val
CC(C)c1cc(C#N)cc2nc(-c3ccc(C(=O)NC[C@H]4CN(c5ccc(-c6ccccc6OC(F)(F)F)cn5)C(=O)O4)cc3)oc12,0.9942846,train
CC(C)Oc1ccc(F)cc1-c1ccc(N2CCC(CNC(=O)c3ccc(-c4nc5cc(C#N)cc(C(C)C)c5o4)cc3)CC2)nc1,0.9901426,val
Cc1cccc(Nc2ccc(-c3ccc(N4CCNCC4)nc3)cc2)n1,0.49194035,train
Cc1cc(N2CCC(C3CCN(c4ncc(Cl)cn4)CC3)CC2)nc(C#N)n1,0.95023596,train
Cc1cnc(N2CCC(C3CCN(c4cc(C#N)nc(C)n4)CC3)CC2)nc1,0.7830042,train
Cc1cnc(N2CCC(C3CCN(c4cc(C#N)nc(C)n4)CC3)CC2)cn1,0.47425455,train
Cc1cnc(N2CCC(C3CCN(c4cc(C)nc(C#N)n4)CC3)CC2)cn1,0.26042956,train
O=C(NC1CC1)c1ccc(OCC2CC2C2CCN(c3ncc(Cl)cn3)CC2)cc1F,0.98395,train
O=C(NC1CC1)c1ccc(OCCC2CC2C2CCN(c3ncc(Cl)cn3)CC2)cc1F,0.95926255,val
O=C(NC1CC1)c1ccc(OCC2CC2CC2CCN(c3ncc(Cl)cn3)CC2)cc1F,0.99323106,test
CS(=O)(=O)c1ccc(OCC[C@@H]2C[C@@H]2C2CCN(c3ncc(Cl)cn3)CC2)nc1,0.9007105,val
Clc1cnc(N2CCC([C@H]3C[C@H]3CCOc3ccc(-n4ccnn4)cc3)CC2)nc1,0.9831459,test
Clc1cnc(N2CCC([C@H]3C[C@H]3CCOc3ccc(-n4ccnn4)cn3)CC2)nc1,0.9569585,train
Cc1cnc(N2CCC([C@H]3C[C@H]3CCOc3nc(C)cc(C#N)n3)CC2)nc1,0.7157782,train
Cc1cc(-c2c(Cl)cc(Cl)cc2OCCCC(F)(F)F)nc(N)n1,0.59059846,train
CC(C)OC(=O)N1CCC(Oc2ncnc3c2cnn3-c2ccc(S(C)(=O)=O)cc2F)CC1,0.78815436,train
O=C(Cc1ccc(Cl)cc1)NC(Cc1ccc(Cl)cc1)C(=O)N[C@H]1C[C@H]2CC[C@@H](C1)N2,0.97577703,train
O=C(N[C@H]1C[C@H]2CC[C@@H](C1)N2)C(Cc1ccc(Cl)cc1)NC(=O)C1(c2ccc(Cl)cc2)CC1,0.9424269,train
CC(C)(C)OCC1C(=O)NCCN1C(=O)C[C@H](N)Cc1cc(F)c(F)cc1F,0.07944107,val
CCN1C(=O)c2nc(Cc3ccccc3)n(Cc3ccccc3)c2N2CC3(CCc4ccccc43)N=C12,0.9894723,val
CC[C@H]1OC(=O)C(C)[C@@H](O[C@H]2C[C@@](C)(OC)C[C@H](C)O2)[C@H](C)[C@@H](O[C@@H]2O[C@H](C)C[C@H](N(C)C(C)C)[C@H]2O)[C@](C)(O)C[C@@H](C)[C@H](OCC(=O)NC)[C@H](C)[C@@H](O)[C@]1(C)O,0.5290644,train
CC#CC(CC(=O)O)c1ccc(Oc2ccc(C(F)(F)F)cc2OC(F)F)cc1F,0.014298511,train
CC#C[C@@H](c1ccc(Oc2ccc(C(F)(F)F)cc2OC(F)F)cc1)c1oc(=O)[nH]c1O,0.88895124,val
Cc1c2c(n3c1CCCN[C@H](C)CNc1cc-3ccc1C(N)=O)CC(C)(C)CC2=O,0.35707137,train
COc1cc(F)ccc1-c1cncc(CNC2CCCC2)c1,0.67630035,test
COc1cc(F)ccc1-c1cccc(CNC2CCCC2)c1,0.75661445,test
COc1cc(F)ccc1-c1cncc(CNC2CCCC2)n1,0.501194,train
COc1cc(F)ccc1-c1cccc(CNC2CCCC2)n1,0.7972704,train
COc1cc(F)ccc1-c1cc(CNC2CCCC2)ccn1,0.6934553,train
COc1cc(F)ccc1-c1cncc(CNC2CCCCC2)c1,0.7233601,test
COc1cc(F)ccc1-c1cncc(CNC(C)C)c1,0.715725,train
COc1cc(F)ccc1-c1cncc(C2CCCN2)c1,0.810622,train
COc1cc(F)ccc1-c1cncc(NCc2ccccc2)c1,0.907949,val
COc1cc(F)ccc1-c1cncc(NC2CCCOC2)c1,0.71565616,test
COc1cc(F)ccc1-c1cncc(CNC(=O)c2cnccn2)c1,0.1534741,train
COc1cc(F)ccc1-c1cncc(CNC(=O)c2ccccn2)c1,0.22229905,train
COc1cc(F)ccc1-c1cncc(CNC(=O)c2ccccc2)c1,0.4683369,train
COc1cc(F)ccc1-c1cncc(CNC(=O)C2CCC2)c1,0.4640147,test
COc1cc(F)ccc1-c1cncc(CNCC2CC2)n1,0.82925105,train
Cc1c2c(n3c1CCCN1CCC[C@@H]1CNc1cc-3ccc1C(N)=O)CC(C)(C)CC2=O,0.5356445,train
Cc1c2c(n3c1CCCN1CCCC[C@@H]1CNc1cc-3ccc1C(N)=O)CC(C)(C)CC2=O,0.61810565,train
Cc1c2c(n3c1CCCN1CCOC[C@@H]1CNc1cc-3ccc1C(N)=O)CC(C)(C)CC2=O,0.061300695,val
CC(=O)N1CCN2CCCc3c(C)c4c(n3-c3ccc(C(N)=O)c(c3)NC[C@H]2C1)CC(C)(C)CC4=O,0.15131159,val
Cc1c2c(n3c1CCCN1CC[C@H](CNc4cc-3ccc4C(N)=O)C1)CC(C)(C)CC2=O,0.5668309,train
Cc1c2c(n3c1CCCN1C[C@@H](F)C[C@@H]1CNc1cc-3ccc1C(N)=O)CC(C)(C)CC2=O,0.19471617,train
Cc1c2c(n3c1CCCN1CCCC[C@@H]1[C@H](C)Nc1cc-3ccc1C(N)=O)CC(C)(C)CC2=O,0.8201093,train
Cc1c2c(n3c1CCCN1CCC[C@@H](C1)Nc1cc-3ccc1C(N)=O)CC(C)(C)CC2=O,0.22862904,val
CO[C@@H]1COCC[C@@H]1N[C@@H]1CC[C@@](C(=O)N2CCN(c3cncc(C(F)(F)F)c3)CC2)(C(C)C)C1,0.27271086,val
CO[C@@H]1COCC[C@@H]1N[C@@H]1CC[C@@](C(=O)N2CCN(c3cccc(C(F)(F)F)n3)CC2)(C(C)C)C1,0.5434653,train
CO[C@@H]1COCC[C@@H]1N[C@@H]1CC[C@@](C(=O)N2CCN(c3nccc(C(F)(F)F)n3)CC2)(C(C)C)C1,0.4550652,test
CO[C@@H]1COCC[C@@H]1N[C@@H]1CC[C@@](C(=O)N2CCN(c3cncc(C(F)(F)F)n3)CC2)(C(C)C)C1,0.059610534,test
CO[C@@H]1COCC[C@@H]1N[C@@H]1CC[C@@](C(=O)N2CCN(c3ccnc(C(F)(F)F)n3)CC2)(C(C)C)C1,0.28795117,train
CO[C@@H]1COCC[C@@H]1N[C@@H]1CC[C@@](C(=O)N2CCN(c3cc(C(F)(F)F)ncn3)CC2)(C(C)C)C1,0.06017124,train
CO[C@@H]1COCC[C@@H]1N[C@@H]1CC[C@@](C(=O)N2CCN(c3nncc(C(F)(F)F)n3)CC2)(C(C)C)C1,0.0371854,train
CO[C@@H]1COCC[C@@H]1N[C@@H]1CC[C@@](C(=O)N2CCN(c3cc(C(F)(F)F)cnn3)CC2)(C(C)C)C1,0.11319212,train
CCO[C@H]1COCC[C@H]1N[C@@H]1CC[C@@](C(=O)N2CCN(c3cc(C(F)(F)F)ccn3)CC2)(C(C)C)C1,0.98130023,train
CCO[C@@H]1COCC[C@@H]1N[C@@H]1CC[C@@](C(=O)N2CCN(c3cc(C(F)(F)F)ccn3)CC2)(C(C)C)C1,0.9154694,train
CCC1COCC[C@@H]1N[C@@H]1CC[C@@](C(=O)N2CCN(c3cc(C(F)(F)F)ccn3)CC2)(C(C)C)C1,0.9858871,train
CC(C)[C@]1(C(=O)N2CCN(c3cc(C(F)(F)F)ccn3)CC2)CC[C@@H](N[C@H]2CCOC[C@H]2O)C1,0.85789114,train
CC(C)[C@]1(C(=O)N2CCN(c3cc(C(F)(F)F)ccn3)CC2)CC[C@@H](NC2C3CCCC2COC3)C1,0.42962012,test
CO[C@@H]1COCC[C@@H]1N(C)[C@@H]1CC[C@@](C(=O)N2CCN(c3cc(C(F)(F)F)ccn3)CC2)(C(C)C)C1,0.022376573,train
CC(C)[C@]1(C(=O)N2CCN(c3cc(C(F)(F)F)ccn3)CC2)CC[C@@H](N2CCC3COCCC32)C1,0.8402026,val
CO[C@@H]1COCC[C@@H]1N(C)[C@@H]1CC[C@@](C(=O)N2CCN(c3cc(C(F)(F)F)cnn3)CC2)(C(C)C)C1,0.005310663,train
Cc1noc(C)c1CCC1CCN(S(=O)(=O)C[C@](C)(CC(C)c2ncc(F)cn2)N(O)C=O)CC1,0.05940778,train
Cc1nc2ccccc2n1[C@H]1C[C@H]2CC[C@@H](C1)N2CCC1(c2ccccc2)CCN(C(=O)c2ccccc2)CC1,0.99422,train
Cc1nc2ccccc2n1[C@H]1C[C@H]2CC[C@@H](C1)N2CCC1(c2ccccc2)CCN(C(=O)C(C)(C)C)CC1,0.9942536,train
Cc1nc2ccccc2n1C1CC2CCC(C1)N2CCC1(c2cccc(F)c2)CCN(C(=O)C(C)(C)C)CC1,0.32473686,train
Cc1nc2ccccc2n1C1CC2CCC(C1)N2CCC1(c2cccc(F)c2)CCN(C(=O)C(C)(C)C(=O)O)CC1,0.034834493,train
Cc1nc2ccccc2n1C1CC2CCC(C1)N2CCC1(c2cccc(F)c2)CCN(C(=O)C2(C(=O)O)CCC2)CC1,0.03573959,test
Cc1nc2ccccc2n1C1CC2CCC(C1)N2CCC1(c2ccccc2)CCN(C(=O)c2cccc(C(=O)O)c2)CC1,0.02783071,train
Cc1nc2ccccc2n1C1CC2CCC(C1)N2CCC1(c2ccccc2)CCN(C(=O)C(C)(C)c2nn[nH]n2)CC1,0.0021601748,train
Cc1nc2ccccc2n1C1CC2CCC(C1)N2CCC1(c2ccccc2)CCN(C(=O)C(C)(C)C(=O)NS(C)(=O)=O)CC1,0.008205167,train
Cc1nc2ccccc2n1C1CC2CCC(C1)N2CCC1(c2ccccc2)CCN(C(=O)c2cccc(-c3nn[nH]n3)c2)CC1,0.009089594,val
Cc1nc2ccccc2n1C1CC2CCC(C1)N2CCC1(c2ccccc2)CCN(C(=O)c2cccc(C(O)=NO)c2)CC1,0.027372815,train
Cc1nc2ccccc2n1C1CC2CCC(C1)N2CCC1(c2ccccc2)CCN(C(=O)C(C)(C)CO)CC1,0.12078402,train
COC(=O)c1cccc(C(=O)N2CCC(CCN3C4CCC3CC(n3c(C)nc5ccccc53)C4)(c3ccccc3)CC2)c1,0.22081546,train
Cc1nc2ccccc2n1C1CC2CCC(C1)N2CCC1(c2ccccc2)CCN(C(=O)c2cccc(C(N)=O)c2)CC1,0.04155224,train
Cc1nc2ccccc2n1C1CC2CCC(C1)N2CCC1(c2ccccc2)CCN(C(=O)c2cccc(S(N)(=O)=O)c2)CC1,0.008743338,train
Cc1nc2ccccc2n1C1CC2CCC(C1)N2CCC1(c2ccccc2)CCN(C(=O)c2ccc(S(N)(=O)=O)cc2)CC1,0.010783793,train
CNS(=O)(=O)c1cccc(C(=O)N2CCC(CCN3C4CCC3CC(n3c(C)nc5ccccc53)C4)(c3ccccc3)CC2)c1,0.023241216,train
Cc1nc2ccccc2n1C1CC2CCC(C1)N2CCC1(c2ccccc2)CCN(C(=O)c2cccc(S(=O)(=O)N(C)C)c2)CC1,0.36059564,train
Cc1nc2ccccc2n1C1CC2CCC(C1)N2CCC1(c2cccc(F)c2)CCN(C(=O)c2cc(S(N)(=O)=O)ccc2F)CC1,0.018063955,train
Cc1nc2ccccc2n1C1CC2CCC(C1)N2CCC1(c2cccc(F)c2)CCN(C(=O)c2c(Cl)ccc(S(N)(=O)=O)c2Cl)CC1,0.005403383,train
Cc1nc2ccccc2n1C1CC2CCC(C1)N2CCC1(c2cccc(F)c2)CCN(C(=O)c2cc(S(=O)(=O)NC3CCCC3)c(F)cc2Cl)CC1,0.037848834,train
CCNS(=O)(=O)c1cc(C(=O)N2CCC(CCN3C4CCC3CC(n3c(C)nc5ccccc53)C4)(c3cccc(F)c3)CC2)c(Cl)cc1F,0.03812961,train
Cc1nc2ccccc2n1C1CC2CCC(C1)N2CCC1(c2cccc(F)c2)CCN(C(=O)c2cc(S(=O)(=O)NC(C)C)c(F)cc2Cl)CC1,0.017119529,train
Cc1nc2ccccc2n1C1CC2CCC(C1)N2CCC1(c2cccc(F)c2)CCN(C(=O)c2cc(S(=O)(=O)NC3CC3)c(F)cc2Cl)CC1,0.049768824,test
Cc1nc2ccccc2n1C1CC2CCC(C1)N2CCC1(c2cccc(F)c2)CCN(C(=O)c2cc(S(=O)(=O)NCC(F)(F)F)c(F)cc2Cl)CC1,0.27538005,train
CCCNS(=O)(=O)c1cc(C(=O)N2CCC(CCN3C4CCC3CC(n3c(C)nc5ccccc53)C4)(c3cccc(F)c3)CC2)c(Cl)cc1F,0.12758015,train
CNS(=O)(=O)c1cc(C(=O)N2CCC(CCN3C4CCC3CC(n3c(C)nc5ccccc53)C4)(c3cccc(F)c3)CC2)c(Cl)cc1F,0.01760861,train
Cc1nc2ccccc2n1C1CC2CCC(C1)N2CCC1(c2cccc(F)c2)CCN(C(=O)c2ccc(NS(C)(=O)=O)cc2Cl)CC1,0.74960136,train
Cc1nc2ccccc2n1C1CC2CCC(C1)N2CCC1(c2cccc(F)c2)CCN(C(=O)c2cc(NS(C)(=O)=O)c(F)cc2Cl)CC1,0.022851702,train
Cc1nc2ccccc2n1C1CC2CCC(C1)N2CCC1(c2cccc(F)c2)CCN(C(=O)c2cc(NS(C)(=O)=O)c(F)cc2F)CC1,0.016259184,train
Cc1nc2ccccc2n1C1CC2CCC(C1)N2CCC1(c2cccc(F)c2)CCN(C(=O)c2c(F)ccc(NS(C)(=O)=O)c2F)CC1,0.013817804,train
Cc1nc2ccccc2n1C1CC2CCC(C1)N2CCC1(c2cccc(F)c2)CCN(C(=O)c2cc(NS(=O)(=O)C(C)C)c(F)cc2F)CC1,0.09805111,train
CN(C)[C@@H]1CCC[C@H]1Nc1nc(Nc2ccc(S(C)(=O)=O)cc2)ncc1C(F)(F)F,0.4868529,train
CN=[S+](C)([O-])c1ccc(Nc2ncc(C(F)(F)F)c(N[C@@H]3CCC[C@H]3N(C)C)n2)cc1,0.029919898,train
COCCCc1cc(CN(C(=O)C2CNCC[C@@H]2c2ccccc2)C2CC2)cc(OCCOC)c1,0.85976917,train
COCCCc1cc(CN(C(=O)C2CNCC[C@@H]2c2cc(=O)n(C)c3ccccc23)C2CC2)cc(OCCOC)c1,0.11928978,train
COCCCc1cc(CN(C(=O)C2CNCC[C@@H]2c2cc(=O)n(C)c3cc(Cl)ccc23)C2CC2)cc(OCCOC)c1,0.62690765,train
Cn1ccc([C@H]2CCNCC2C(=O)N(Cc2cccc(Cl)c2Cl)C2CC2)cc1=O,0.054959215,train
COCCCc1cc(Cl)c(Cl)c(CN(C(=O)C2CNCC[C@@H]2c2ccn(C)c(=O)c2)C2CC2)c1,0.072258554,train
COCCCc1ccc(Cl)c(CN(C(=O)C2CNCC[C@@H]2c2ccn(C)c(=O)c2)C2CC2)c1,0.13202316,train
COCCCc1cc(Cl)cc(CN(C(=O)C2CNCC[C@@H]2c2ccn(C)c(=O)c2)C2CC2)c1,0.32782337,train
COCCc1cc(Cl)c(Cl)c(CN(C(=O)C2CNCC[C@@H]2c2ccn(C)c(=O)c2)C2CC2)c1,0.0883319,train
Cn1ccc([C@H]2CCNCC2C(=O)N(Cc2cc(CCCC#N)cc(Cl)c2Cl)C2CC2)cc1=O,0.31045443,train
Cn1ccc([C@H]2CCNCC2C(=O)N(Cc2cc(CCC#N)cc(Cl)c2Cl)C2CC2)cc1=O,0.06195642,train
COC(=O)NCCc1cc(Cl)c(Cl)c(CN(C(=O)C2CNCC[C@@H]2c2ccn(C)c(=O)c2)C2CC2)c1,0.066406734,train
COCCNc1cc(Cl)c(Cl)c(CN(C(=O)C2CNCC[C@@H]2c2ccn(C)c(=O)c2)C2CC2)c1,0.051281556,train
COCCCc1cc(Br)cc(CN(C(=O)C2CNCC[C@@H]2c2ccn(C)c(=O)c2)C2CC2)c1,0.3144865,train
COCCCc1cc(CN(C(=O)C2CNCC[C@@H]2c2ccn(C)c(=O)c2)C2CC2)cc(Br)c1C,0.07521017,train
COCCCc1cc(CN(C(=O)C2CNCC[C@@H]2c2ccn(C)c(=O)c2)C2CC2)cc(-c2ccccc2)c1,0.22516702,train
COCCCc1cc(CN(C(=O)C2CNCC[C@@H]2c2ccn(C)c(=O)c2)C2CC2)c2ccccc2c1,0.06432674,test
COCCCc1cc(CN(C(=O)C2CNCC[C@@H]2c2ccn(C)c(=O)c2)C2CC2)c2ncccc2c1,0.032742433,val
COCCCn1cc(CN(C(=O)C2CNCC[C@@H]2c2ccn(C)c(=O)c2)C2CC2)c2c(Cl)cccc21,0.09355466,train
COCCCn1cc(CN(C(=O)C2CNCC[C@@H]2c2ccn(C)c(=O)c2)C2CC2)c2c(Br)cccc21,0.050661854,train
Cn1ccc([C@H]2CCNCC2C(=O)N(Cc2cn(Cc3ccccc3)c3cccc(F)c23)C2CC2)cc1=O,0.73505056,train
Cn1ccc([C@H]2CCNCC2C(=O)N(Cc2cn(Cc3cccc(F)c3)c3cccc(F)c23)C2CC2)cc1=O,0.8984091,train
Cn1ccc([C@H]2CCNCC2C(=O)N(Cc2cn(Cc3ccc(F)cc3)c3cccc(F)c23)C2CC2)cc1=O,0.8869751,train
Cn1ccc([C@H]2CCNCC2C(=O)N(Cc2cn(Cc3cccnc3)c3cccc(F)c23)C2CC2)cc1=O,0.090018556,val
Cn1ccc([C@H]2CCNCC2C(=O)N(Cc2cn(Cc3ccncc3)c3cccc(F)c23)C2CC2)cc1=O,0.55482954,val
Cc1nnc(N2CC[C@@H](F)C2)c2nn(-c3ccc(OCC(F)(F)F)cc3)c(C)c12,0.98747045,test
COC1CN(c2nnc(C)c3c(C)n(-c4ccc(Cl)cc4OC(F)(F)F)nc23)C1,0.999534,train
CCOc1ccc(-n2nc3c(N4CC(OC)C4)nnc(C)c3c2C)c(F)c1,0.8943984,train
CN(Cc1cnccn1)S(=O)(=O)Nc1ccc2ccc3ncc(-c4cnn(C)c4)cc3c(=O)c2c1,0.15282102,test
Cn1cc(-c2cnc3ccc4ccc(NS(N)(=O)=O)cc4c(=O)c3c2)cn1,0.21763949,train
Cn1cc(-c2cnc3ccc4ccc(NS(C)(=O)=O)cc4c(=O)c3c2)cn1,0.6200364,train
CS(=O)(=O)Nc1ccc2ccc3ncc(-c4ccccc4)cc3c(=O)c2c1,0.90783894,test
NCC(=O)N1CCn2c(nc(-c3ccccc3)c2Nc2ccc3c(c2)OCO3)C1,0.04264243,val
CC(C)(N)C(=O)N1CCn2c(nc(-c3ccc(F)cc3)c2Nc2ccc(F)cc2)C1,0.6500863,train
CC(C)(N)C(=O)N1CCn2c(nc(-c3cccc(F)c3)c2Nc2ccc(F)cc2)C1,0.6737733,train
Cc1ccc(Nc2c(-c3ccc(F)cc3)nc3n2CCN(C(=O)CN)C3)cc1,0.06778485,train
Cc1ccc(Nc2c(-c3ccc(F)cc3)nc3n2CCN(C(=O)C(C)(C)N)C3)cc1,0.59313947,train
CC(C)(N)C(=O)N1CCn2c(nc(-c3ccc(F)cc3)c2Nc2ccc(Cl)cc2)C1,0.88713354,train
CC(C)(N)C(=O)N1CCn2c(nc(-c3ccc(F)cc3)c2Nc2ccc(F)c(F)c2)C1,0.73650664,train
NCC(=O)N1CCn2c(nc(-c3ccc(F)cc3)c2Nc2ccc(Cl)c(F)c2)C1,0.10780063,train
CC(C)(N)C(=O)N1CCn2c(nc(-c3ccc(F)cc3)c2Nc2ccc(Cl)c(F)c2)C1,0.82501507,train
CCS(=O)(=O)c1ccc2c(c1)nc(C(C)(C)C)n2CC1CC1,0.97200596,train
N#Cc1ccc(N2CCN(Cc3cc(C(=O)O)c(=O)n4ccccc34)CC2)cc1,0.21346588,train
COc1cc(C2CCN(C(C)=O)CC2)ccc1Nc1ncc(Cl)c(-c2cnc3ccccn23)n1,0.8372645,train
COc1cc(C2CCNCC2)ccc1Nc1ncc(Cl)c(-c2cnc3ccccn23)n1,0.9308251,train
COc1cc(N2CCCN(C(C)=O)CC2)ccc1Nc1ncc(Cl)c(-c2cnc3ccccn23)n1,0.79153055,val
COc1cc(OC2CCN(C(C)=O)CC2)ccc1Nc1ncc(Cl)c(-c2cnc3ccccn23)n1,0.9603414,train
COc1cc(OC2CCNCC2)ccc1Nc1ncc(Cl)c(-c2cnc3ccccn23)n1,0.98397887,train
COc1cc(OC2CNC2)ccc1Nc1ncc(Cl)c(-c2cnc3ccccn23)n1,0.96589756,val
COc1cc(N2CCOCC2)ccc1Nc1ncc(Cl)c(-c2cnc3ccccn23)n1,0.6168267,val
COc1cc(CN2CCOCC2)ccc1Nc1ncc(Cl)c(-c2cnc3ccccn23)n1,0.9291257,train
COc1cc(C(=O)N2CCOCC2)ccc1Nc1ncc(Cl)c(-c2cnc3ccccn23)n1,0.17851086,val
COc1cc(CC(=O)N2CCOCC2)ccc1Nc1ncc(Cl)c(-c2cnc3ccccn23)n1,0.36083487,train
COc1cc(N2CC3CNCC(C2)O3)ccc1Nc1ncc(Cl)c(-c2cnc3ccccn23)n1,0.94644386,train
COc1cc(N2CC3CN(CCO)CC(C2)O3)ccc1Nc1ncc(Cl)c(-c2cnc3ccccn23)n1,0.9968029,train
COc1cc(N2CC3COCC(C2)N3)ccc1Nc1ncc(Cl)c(-c2cnc3ccccn23)n1,0.7468518,train
COc1cc(N2CCNCC2)ccc1Nc1ncc(Cl)c(-c2cnc3ccccn23)n1,0.87546146,train
COc1cc(N2CCN(CCO)CC2)ccc1Nc1ncc(Cl)c(-c2cnc3ccccn23)n1,0.83351827,train
COc1cc(N2CCN(CC(=O)N(C)C)CC2)ccc1Nc1ncc(Cl)c(-c2cnc3ccccn23)n1,0.8284655,train
COc1cc(N2CCN(CCS(C)(=O)=O)CC2)ccc1Nc1ncc(Cl)c(-c2cnc3ccccn23)n1,0.87780356,train
COc1cc(N2CCN(C(=O)N(C)C)CC2)ccc1Nc1ncc(Cl)c(-c2cnc3ccccn23)n1,0.37634736,train
COc1cc(N2CCN(C(=O)CO)CC2)ccc1Nc1ncc(Cl)c(-c2cnc3ccccn23)n1,0.11598707,train
COc1cc(N2CCN(C(=O)C(C)O)CC2)ccc1Nc1ncc(Cl)c(-c2cnc3ccccn23)n1,0.5574813,train
COc1cc(N2CCN(C(=O)CN)CC2)ccc1Nc1ncc(Cl)c(-c2cnc3ccccn23)n1,0.10909365,train
CNCC(=O)N1CCN(c2ccc(Nc3ncc(Cl)c(-c4cnc5ccccn45)n3)c(OC)c2)CC1,0.27189854,train
COc1cc(N2CCN(C(=O)C(C)N)CC2)ccc1Nc1ncc(Cl)c(-c2cnc3ccccn23)n1,0.49989882,train
COc1ccc(N2CCN(C(C)=O)CC2)cc1Nc1ncc(Cl)c(-c2cnc3ccccn23)n1,0.5911639,train
COc1ccc(N2CCNCC2)cc1Nc1ncc(Cl)c(-c2cnc3ccccn23)n1,0.8949625,train
COc1ccc(N2CCOCC2)cc1Nc1ncc(Cl)c(-c2cnc3ccccn23)n1,0.66114604,test
COc1ccc(C(=O)N2CCOCC2)cc1Nc1ncc(Cl)c(-c2cnc3ccccn23)n1,0.18272272,train
ON=C(O)/C=C/c1ccc2c(c1)CN(Cc1ccccc1)C2,0.11536814,train
ON=C(O)/C=C/c1ccc2c(c1)CN(CCC1CCCCC1)C2,0.32081768,test
ON=C(O)/C=C/c1ccc2c(c1)CN(CCc1cnn3ccccc13)C2,0.28028938,train
CN1C[C@H]2CCCC[C@@]2(c2ccc(Cl)c(Cl)c2)C1,0.9977175,train
CN1C[C@@H]2CCCC[C@]2(c2ccc(Cl)c(Cl)c2)C1,0.99948895,train
Clc1ccc([C@]23CCCC[C@H]2CNC3)cc1Cl,0.9886919,train
Clc1ccc([C@@]23CCCC[C@@H]2CNC3)cc1Cl,0.9524131,train
CCN1C[C@H]2CCCC[C@@]2(c2ccc(Cl)c(Cl)c2)C1,0.9984793,train
CCN1C[C@@H]2CCCC[C@]2(c2ccc(Cl)c(Cl)c2)C1,0.9997631,train
CN1C[C@@H]2CCC[C@]2(c2ccc(Cl)c(Cl)c2)C1,0.99922323,train
CN1C[C@H]2CCC[C@@]2(c2ccc(Cl)c(Cl)c2)C1,0.9971316,train
Clc1ccc([C@]23CCC[C@H]2CNC3)cc1Cl,0.98385555,train
Clc1ccc([C@@]23CCC[C@@H]2CNC3)cc1Cl,0.89820445,train
CCc1c(C(=O)NC(C)(C)c2nnnn2C)nn(-c2ccc(Cl)cc2Cl)c1-c1ccc(Br)cc1,0.01791695,train
CC(=O)Nc1cccc(Nc2ncnc(N3CCC(Oc4ccc(OC(F)(F)F)cc4)CC3)n2)c1C,0.9972312,train
CC(=O)Nc1cccc(Nc2ncnc(N3CCC(Oc4ccc(C(F)(F)F)cc4)CC3)n2)c1C,0.989954,train
CC(=O)Nc1cccc(Nc2ncnc(N3CCc4ccccc4C3)n2)c1,0.6709072,train
CC(=O)Nc1cccc(Nc2ncnc(N3CCC(OCc4ccc(C)cc4)CC3)n2)c1C,0.93526626,train
CC(=O)Nc1cccc(Nc2ncnc(N3CCC(OCc4ccc(C(C)C)cc4)CC3)n2)c1C,0.8974115,train
C[C@@H]1CCCN1CCCOc1ccc(-c2ccc(=O)n(C)n2)cc1,0.13100465,train
C[C@@H]1CCCN1CCCOc1ccc(-c2cn[nH]c(=O)c2)cc1,0.5785614,val
C[C@@H]1CCCN1CCCOc1ccc(-c2ccc(=O)[nH]n2)cc1,0.15051356,train
CN(C)CCC1CCN(c2cc(C(=O)NC[C@H]3CC[C@H](CNC(=O)OCC(C)(C)C)CC3)c3ccccc3n2)CC1,0.13932905,train
CC(C)CNc1nc(N2CCN(CC3CCCOC3)CC2)ncc1C(=O)NCc1ccccc1,0.48034453,test
COc1cc(-c2cn(Cc3ccccc3F)nn2)ccc1-n1cnc(C)c1,0.9938828,train
COc1cc(-c2cn(Cc3cccc(F)c3)nn2)ccc1-n1cnc(C)c1,0.9991769,train
COc1cc(-c2cn(Cc3ccc(F)cc3)nn2)ccc1-n1cnc(C)c1,0.9989899,train
COc1cc(-c2cn(Cc3cccc(C(F)(F)F)c3)nn2)ccc1-n1cnc(C)c1,0.99923944,train
COc1cc(-c2cn(Cc3cccc(OC(F)(F)F)c3)nn2)ccc1-n1cnc(C)c1,0.99985003,train
COc1cc(-c2cn(Cc3cc(C(C)(C)C)cc(C(C)(C)C)c3)nn2)ccc1-n1cnc(C)c1,0.99728703,train
COc1cc(-c2cn(Cc3cc(Br)cc(Br)c3)nn2)ccc1-n1cnc(C)c1,0.9997589,train
COc1cc(-c2cn(Cc3cc(C(F)(F)F)cc(C(F)(F)F)c3)nn2)ccc1-n1cnc(C)c1,0.9996183,train
COc1cc(-c2cn(Cc3ccc(C(C)(C)C)cc3)nn2)ccc1-n1cnc(C)c1,0.99919194,train
COc1cc(-c2cn(Cc3cccc4cccnc34)nn2)ccc1-n1cnc(C)c1,0.9923453,val
COc1cc(-c2cn(Cc3ccc(-c4noc(C)n4)cc3)nn2)ccc1-n1cnc(C)c1,0.9993529,test
COc1cc(-c2cn(Cc3csc4ccccc34)nn2)ccc1-n1cnc(C)c1,0.9996978,train
ON=C(O)/C=C/c1ccc(CNCCc2c[nH]c3ccccc23)cc1,0.20098971,train
CCN(CCc1c[nH]c2ccccc12)Cc1ccc(/C=C/C(O)=NO)cc1,0.35267878,train
Cc1[nH]c2ccccc2c1CCN(CCF)Cc1ccc(/C=C/C(O)=NO)cc1,0.3475381,train
CCCN(CCc1c[nH]c2ccccc12)Cc1ccc(/C=C/C(O)=NO)cc1,0.45166123,train
ON=C(O)/C=C/c1ccc(CNCCc2c(-c3ccccc3)[nH]c3ccccc23)cc1,0.39499357,train
ON=C(O)/C=C/c1ccc(CNCCc2c(-c3ccccn3)[nH]c3ccccc23)cc1,0.23762809,train
COc1ccncc1-c1[nH]c2ccccc2c1CCNCc1ccc(/C=C/C(O)=NO)cc1,0.19124733,val
ON=C(O)/C=C/c1ccc(CNCCc2c(-c3cccs3)[nH]c3ccccc23)cc1,0.64792204,train
Cc1noc(C)c1-c1[nH]c2ccccc2c1CCNCc1ccc(/C=C/C(O)=NO)cc1,0.2102531,train
CC(C)(C)c1[nH]c2ccccc2c1CCNCc1ccc(/C=C/C(O)=NO)cc1,0.4366795,train
CC(C)N(CCc1c[nH]c2ccccc12)Cc1ccc(/C=C/C(O)=NO)cc1,0.4722633,train
ON=C(O)/C=C/c1ccc(CNCCc2c(-c3ccccc3)nn3ccccc23)cc1,0.21243255,train
Cc1nn2ccccc2c1CCN(Cc1ccc(/C=C/C(O)=NO)cc1)C(C)C,0.31499785,train
CCc1nn2ccccc2c1CCN(Cc1ccc(/C=C/C(O)=NO)cc1)C(C)C,0.43889955,train
CC(C)N(CCc1c(-c2ccccc2)nn2ccccc12)Cc1ccc(/C=C/C(O)=NO)cc1,0.70967716,train
Cn1c(=O)c2c(cc(N3CCC[C@@](C)(N)C3)n2Cc2cc(F)ccc2C#N)n(C)c1=O,0.06980189,train
Cc1nc(C(=O)NCCCN2CCN(c3cccc(Cl)c3Cl)CC2)c(C)n1-c1ccccc1,0.9182916,train
Cc1c(Cl)cccc1N1CCN(CCCNC(=O)c2nc(-c3ccccc3)n(-c3ccccc3)c2C)CC1,0.9842866,val
Cc1c(Cl)cccc1N1CCN(CCCNC(=O)c2nc(-c3ccccc3)n(-c3ccccc3)c2Cn2cncn2)CC1,0.7735067,val
Cc1cccc(N2CCN(CCCNC(=O)c3nc(C)n(-c4ccc5c(c4)OCCO5)c3C)CC2)c1C,0.5680477,test
O=C(NCC1(N2CCOCC2)CCCCC1)N1CCC(c2nc(-c3ccc4ccccc4n3)no2)CC1,0.2650746,val
O=C(NCC1(N2CCCCC2)CCCC1)N1CCC(c2nc(-c3ccc4ccccc4n3)no2)CC1,0.62648,test
O=C(NCC1(N2CCCC2)CCCC1)N1CCC(c2nc(-c3ccc4ccccc4n3)no2)CC1,0.60661644,val
CCN(CC)C1(CNC(=O)N2CCC(c3nc(-c4ccc5ccccc5n4)no3)CC2)CCCC1,0.54283905,train
O=C(NCC1(N2CCOCC2)CCCC1)N1CCC(c2nc(-c3ccc4ccccc4n3)no2)CC1,0.2708116,train
CC(C)N1CCCC1CNC(=O)N1CCC(c2nc(-c3ccc4ccccc4n3)no2)CC1,0.06758567,val
CCNC1(CNC(=O)N2CCC(c3nc(-c4ccc5ccccc5n4)no3)CC2)CCCC1,0.18311962,train
CC(C)(CNC(=O)N1CCC(c2nc(-c3ccc4ccccc4n3)no2)CC1)N1CCOCC1,0.063390404,train
CN(C)C1(CNC(=O)N2CCC(c3nc(-c4ccc5ccccc5n4)no3)CC2)CCCC1,0.18164615,train
c1ccc(-c2ccc(OCCCN3CCCCC3)cc2)cc1,0.9503012,train
CC(C)N1CCN(C(=O)N2CC=C(c3ccccc3)CC2)CC1,0.15394303,val
CC(C)N1CCN(C(=O)N2CCC(c3ccccc3)CC2)CC1,0.14026077,val
CC(C)N1CCN(C(=O)N2CCC(C(C)(C)C)CC2)CC1,0.17379457,val
CC(C)N1CCN(C(=O)N2CCC(Cc3ccccc3)CC2)CC1,0.64864135,val
O=C(N1CCN(C2CCCC2)CC1)N1Cc2ccccc2C1,0.38282102,train
O=C(N1CCN(C2CC2)CC1)N1Cc2ccccc2C1,0.12283859,train
CC(C)N1CCN(C(=O)N2Cc3ccccc3C2)CC1,0.15273061,test
O=C(N1Cc2ccccc2C1)N1CCC[C@H]1CN1CCCC1,0.43602386,val
C=C(N(C)Cc1ccc(-c2ccccc2)cc1)N1CCN(C(C)C)CC1,0.91371626,val
CN(Cc1ccc(-c2ccccc2)cc1)C(=O)N1CCC[C@H]1CN1CCCC1,0.8674175,val
O=C(NCc1ccc(C(F)(F)F)cc1)N1CCC[C@H]1CN1CCCC1,0.3343505,train
O=C(/C=C/c1ccc(C(F)(F)F)cc1)N1CCC[C@H]1CN1CCCC1,0.7005371,train
COc1nccc2c(=O)n(C)c(-c3ccc(OC4CCN(C5CCC5)CC4)cc3)nc12,0.9501237,val
COc1cccc2c(=O)n(C)c(-c3ccc(OC4CCN(C5CCC5)CC4)cc3)nc12,0.9875609,train
COc1cccc2nc(-c3ccc(OC4CCN(C5CCC5)CC4)cc3)n(C)c(=O)c12,0.99412185,train
Cc1nc2cccc(C(F)(F)F)c2c(=O)n1-c1ccc(OCCCN2CCCC2)cc1,0.9882853,train
Cc1nc2c(F)cccc2c(=O)n1-c1ccc(OCCCN2CCCC2)cc1,0.9693406,train
Cc1nc2cccc(F)c2c(=O)n1-c1ccc(OCCCN2CCCC2)cc1,0.979708,train
COc1cccc2nc(C)n(-c3ccc(OCCCN4CCCC4)cc3)c(=O)c12,0.97907704,train
COc1ccc2nc(C)n(-c3ccc(OCCCN4CCCC4)cc3)c(=O)c2c1,0.9756393,train
COc1ccc2c(=O)n(-c3ccc(OCCCN4CCCC4)cc3)c(C)nc2c1,0.96484727,train
COc1cccc2c(=O)n(-c3ccc(OCCCN4CCCC4)cc3)c(C)nc12,0.95147055,train
Cc1ccc2nc(C)n(-c3ccc(OCCCN4CCCC4)cc3)c(=O)c2c1,0.9815895,train
Cc1nc2ccccc2c(=O)n1-c1ccc(OCCCN2CCCC2)cc1,0.9693923,train
C[C@H]1[C@H](c2ccc(OCCCN3CCCC3)cc2)Oc2ccccc2S1(=O)=O,0.9796435,train
c1ncc(-c2cc3sc(N4CCC(N5CCCCC5)CC4)nc3cn2)cn1,0.9672442,train
CC(=O)Nc1ccc(-c2cc3sc(N4CCC(N5CCCCC5)CC4)nc3cn2)cn1,0.68344426,train
Cc1ccc(-c2cc3sc(N4CCC(N5CCCCC5)CC4)nc3cn2)cn1,0.9688668,train
COc1ccc(-c2cc3sc(N4CCC(N5CCCCC5)CC4)nc3cn2)cn1,0.97704065,train
N#Cc1cncc(-c2cc3sc(N4CCC(N5CCCCC5)CC4)nc3cn2)c1,0.98864156,train
Fc1ncccc1-c1cc2sc(N3CCC(N4CCCCC4)CC3)nc2cn1,0.9788345,train
Fc1cc(-c2cc3sc(N4CCC(N5CCCCC5)CC4)nc3cn2)ccn1,0.9632065,train
COc1cc(-c2cc3sc(N4CCC(N5CCCCC5)CC4)nc3cn2)ccn1,0.9778014,train
COc1cc(-c2cnc3nc(N4CCC(N5CCCCC5)CC4)sc3c2)ccn1,0.98165315,train
Fc1cc(-c2cnc3nc(N4CCC(N5CCCCC5)CC4)sc3c2)ccn1,0.96848136,train
Fc1ccc(-c2cc3sc(N4CCC(N5CCCCC5)CC4)nc3cn2)cn1,0.97585344,train
Nc1cnc(-c2cnc3nc(N4CCC(N5CCCCC5)CC4)sc3c2)cn1,0.7722881,val
c1ncc(-c2cnc3nc(N4CCC(N5CCCCC5)CC4)sc3c2)cn1,0.9613342,test
CC(=O)Nc1ccc(-c2cnc3nc(N4CCC(N5CCCCC5)CC4)sc3c2)cn1,0.6579469,train
Nc1ccc(-c2cnc3nc(N4CCC(N5CCCCC5)CC4)sc3c2)cn1,0.94059765,train
Cc1ccc(-c2cnc3nc(N4CCC(N5CCCCC5)CC4)sc3c2)cn1,0.9713344,train
COc1ccc(-c2cnc3nc(N4CCC(N5CCCCC5)CC4)sc3c2)cn1,0.9746898,train
N#Cc1cncc(-c2cnc3nc(N4CCC(N5CCCCC5)CC4)sc3c2)c1,0.9884404,train
Fc1ncccc1-c1cnc2nc(N3CCC(N4CCCCC4)CC3)sc2c1,0.98102486,train
Fc1ccc(-c2cnc3nc(N4CCC(N5CCCCC5)CC4)sc3c2)cn1,0.976648,train
N#Cc1cc(-c2cnc3nc(N4CCC(N5CCCCC5)CC4)sc3c2)ccc1F,0.99246514,train
N#Cc1ccc(-c2cnc3nc(N4CCC(N5CCCCC5)CC4)sc3c2)cc1,0.99347407,train
Clc1cc2sc(N3CCC(N4CCCCC4)CC3)nc2cn1,0.89294696,val
COCC1CCCN1S(=O)(=O)c1ccc(-c2ccc(CCN3CCC[C@H]3C)cc2)cc1,0.9931641,train
C[C@@H]1CCCN1CCc1ccc(-c2ccc(S(=O)(=O)N3CCC(O)C3)cc2)cc1,0.98948866,train
COC1CCN(S(=O)(=O)c2ccc(-c3ccc(CCN4CCC[C@H]4C)cc3)cc2)CC1,0.9806623,train
C[C@@H]1CCCN1CCc1ccc(-c2ccc(S(=O)(=O)N3CCS(=O)(=O)CC3)cc2)cc1,0.9840917,train
CC1COCC(C)N1S(=O)(=O)c1ccc(-c2ccc(CCN3CCC[C@H]3C)cc2)cc1,0.9856456,train
C[C@@H]1CCCN1CCc1ccc(-c2ccc(S(=O)(=O)N3CCOCC3)cc2)cc1,0.9895894,train
C[C@@H]1CCCN1CCc1ccc(-c2ccc(S(=O)(=O)NCc3ccncc3)cc2)cc1,0.95610577,train
C[C@@H]1CCCN1CCc1ccc(-c2ccc(S(=O)(=O)NCc3ccccc3)cc2)cc1,0.9707519,train
C[C@@H]1CCCN1CCc1ccc(-c2ccc(S(=O)(=O)Nc3ccccc3)cc2)cc1,0.99946564,train
C[C@@H]1CCCN1CCc1ccc(-c2ccc(S(=O)(=O)NC3CCOCC3)cc2)cc1,0.9662842,train
C[C@@H]1CCCN1CCc1ccc(-c2ccc(S(=O)(=O)NC3CCC3)cc2)cc1,0.98028815,val
C[C@@H]1CCCN1CCc1ccc(-c2ccc(S(=O)(=O)NCC3CC3)cc2)cc1,0.9730943,train
COCCNS(=O)(=O)c1ccc(-c2ccc(CCN3CCC[C@H]3C)cc2)cc1,0.8934833,train
CCC(CO)NS(=O)(=O)c1ccc(-c2ccc(CCN3CCC[C@H]3C)cc2)cc1,0.9802675,train
C[C@@H]1CCCN1CCc1ccc(-c2ccc(S(N)(=O)=O)cc2)cc1,0.8742929,train
C[C@@H]1CCCN1CCc1ccc(-c2ccc(S(=O)(=O)N3CCCCC3)cc2)cc1,0.9930843,train
CCCNS(=O)(=O)c1ccc(-c2ccc(CCN3CCC[C@H]3C)cc2)cc1,0.9581735,train
CCNS(=O)(=O)c1ccc(-c2ccc(CCN3CCC[C@H]3C)cc2)cc1,0.9231612,train
COC(=O)N1CC(Oc2ccc(F)cc2)CC1C(=O)N1CCCN(C2CCC2)CC1,0.96671784,train
COC(=O)N1CC(Oc2cccc(F)c2)CC1C(=O)N1CCCN(C2CCC2)CC1,0.9733785,train
O=C(C1CC(Oc2ccc(F)cc2)CN1)N1CCCN(C2CCCC2)CC1,0.97539,train
N#Cc1ccc(OC2CNC(C(=O)N3CCCN(C4CCCC4)CC3)C2)cc1,0.98345387,train
N#Cc1ccc(OC2CNC(C(=O)N3CCCN(C4CCC4)CC3)C2)cc1,0.98788095,train
O=C(C1CC(Oc2ccc(Cl)cc2)CN1)N1CCCN(C2CCC2)CC1,0.9896813,train
O=C(C1CC(Oc2ccc(F)cc2)CN1)N1CCCN(C2CCC2)CC1,0.98199654,train
O=C(C1CC(Oc2cccc(Cl)c2)CN1)N1CCCN(C2CCC2)CC1,0.9920523,train
O=C(C1CC(Oc2cccc(F)c2)CN1)N1CCCN(C2CCC2)CC1,0.9844424,train
CC1CCCN1CCc1ccc2nc(-c3cccs3)ccc2c1,0.9919721,train
CC1CCCN1CCc1ccc2nc(-c3ccsc3)ccc2c1,0.98516697,train
CC1CCCN1CCc1ccc2nc(-c3ccoc3)ccc2c1,0.95535517,train
COC(=O)c1cc(-c2ccc3cc(CCN4CCC[C@H]4C)ccc3n2)on1,0.9718892,train
COC(=O)c1c(C)noc1-c1ccc2cc(CCN3CCC[C@H]3C)ccc2n1,0.98244655,train
Cc1nc(C)c(-c2ccc3cc(CCN4CCCC4C)ccc3n2)cc1C(N)=O,0.94215035,train
Cc1nc(C)c(-c2ccc3cc(CCN4CCCC4C)ccc3n2)cc1C#N,0.9780086,train
CN(C)C1CCC(c2ccc(OCCCN3CCCCC3)cc2)CC1,0.8586993,train
CCOC(=O)c1ccc(-c2ccc(OCCCN3CCCCC3)cc2)cc1,0.9606116,train
O=C(c1ccccc1-c1ccc(OCCCN2CCCCC2)cc1)N1CCCCC1,0.9117766,test
COc1ccccc1-c1ccc(OCCCN2CCCCC2)cc1,0.96458966,train
c1cc(-c2ccc3c(c2)OCO3)ccc1OCCCN1CCCCC1,0.9825781,train
c1cc(C2CCOCC2)ccc1OCCCN1CCCCC1,0.46490848,train
c1cc(C2CCCCO2)ccc1OCCCN1CCCCC1,0.8655576,val
c1cc(N2CCCCC2)ccc1OCCCN1CCCCC1,0.7726726,val
c1cc(C2CCCCC2)ccc1OCCCN1CCCCC1,0.8934085,train
C1=C(c2ccc(OCCCN3CCCCC3)cc2)CCC1,0.8658924,test
c1cc(C2=NCCO2)ccc1OCCCN1CCCCC1,0.87780577,val
c1ncc(-c2ccc(OCCCN3CCCCC3)cc2)o1,0.80601436,val
Cn1nccc1-c1ccc(OCCCN2CCCCC2)cc1,0.581517,val
c1c[nH]c(-c2ccc(OCCCN3CCCCC3)cc2)n1,0.9412007,train
c1cc(C2CCCO2)ccc1OCCCN1CCCCC1,0.7861197,val
c1coc(-c2ccc(OCCCN3CCCCC3)cc2)c1,0.9490113,train
c1csc(-c2ccc(OCCCN3CCCCC3)cc2)c1,0.9911213,train
COc1cc(N2CCN(C[C@H](C)O)CC2)ccc1Nc1ncc2ccc(-c3ccccc3N(C)S(C)(=O)=O)n2n1,0.8693773,train
O=C1COc2ccc(CNC3CCN(CCN4C(=O)COc5ccc(-c6ccco6)cc54)CC3)nc2N1,0.11937615,val
O=C1COc2ccc(CNC3CCN(CCN4C(=O)COc5ccc(OC(F)(F)F)cc54)CC3)nc2N1,0.4539081,train
O=C1COc2ccc(CNC3CCN(CCN4C(=O)COc5ccc(Br)cc54)CC3)nc2N1,0.3226998,train
O=C1COc2ccc(CNC3CCN(CCN4C(=O)COc5ccc(Cl)cc54)CC3)nc2N1,0.32220894,train
O=C1COc2ccc(CNC3CCN(CCN4C(=O)COc5ccc(F)cc54)CC3)nc2N1,0.11026977,train
COc1ccc2c(c1)N(CCN1CCC(NCc3ccc4c(n3)NC(=O)CO4)CC1)C(=O)CO2,0.04713374,train
COC(=O)c1ccc2c(c1)N(CCN1CCC(NCc3ccc4c(n3)NC(=O)CO4)CC1)C(=O)CO2,0.0762026,train
O=C1COc2ccc(CNC3CCN(CCN4C(=O)COc5ccc([N+](=O)[O-])cc54)CC3)nc2N1,0.066102274,train
CC(=O)c1ccc2c(c1)N(CCN1CCC(NCc3ccc4c(n3)NC(=O)CO4)CC1)C(=O)CO2,0.05354336,train
CS(=O)(=O)c1ccc2c(c1)N(CCN1CCC(NCc3ccc4c(n3)NC(=O)CO4)CC1)C(=O)CO2,0.05351159,train
c1ccc(Nc2nc(-c3cn[nH]c3)cs2)nc1,0.25522268,val
c1ccc(Nc2nc3c(s2)CCc2[nH]ncc2-3)nc1,0.10665254,test
c1ccc(Nc2nc3c(s2)CCCc2[nH]ncc2-3)nc1,0.10527923,train
c1cnc(Nc2nc3c(s2)CCCc2[nH]ncc2-3)nc1,0.049614325,train
N[C@]1(c2ccccc2)CC[C@H](N2CC(NC(=O)CNC(=O)c3cccc(C(F)(F)F)c3)C2)CC1,0.67495304,train
O=C(CNC(=O)c1cccc(C(F)(F)F)c1)NC1CN([C@H]2CC[C@](F)(c3ccccc3)CC2)C1,0.94790494,train
Cc1cccc(C)c1[C@]1(O)CC[C@@H](N2CC(NC(=O)CNC(=O)c3cccc(C(F)(F)F)c3)C2)CC1,0.66237605,train
O=C(CNC(=O)c1cccc(C(F)(F)F)c1)NC1CN([C@H]2CC[C@](O)(c3ccc4c(c3)OCC4)CC2)C1,0.21956052,train
O=C(CNC(=O)c1cccc(C(F)(F)F)c1)NC1CN([C@H]2CC[C@](O)(c3ccc4c(c3)OCO4)CC2)C1,0.34583893,train
COc1ccc([C@]2(O)CC[C@@H](N3CC(NC(=O)CNC(=O)c4cccc(C(F)(F)F)c4)C3)CC2)cc1,0.241018,train
CN(C)c1cccc([C@]2(O)CC[C@@H](N3CC(NC(=O)CNC(=O)c4cccc(C(F)(F)F)c4)C3)CC2)c1,0.23947601,train
N#Cc1cccc([C@]2(O)CC[C@@H](N3CC(NC(=O)CNC(=O)c4cccc(C(F)(F)F)c4)C3)CC2)c1,0.44868666,train
O=C(CNC(=O)c1cccc(C(F)(F)F)c1)NC1CN([C@H]2CC[C@](O)(c3ccc(F)cc3)CC2)C1,0.46681553,train
O=C(CNC(=O)c1cccc(C(F)(F)F)c1)NC1CN([C@H]2CC[C@](O)(c3ccccc3)CC2)C1,0.33190873,train
O=C(CNC(=O)c1cccc(C(F)(F)F)c1)NC1CN([C@H]2CC[C@](O)(c3cccnc3)CC2)C1,0.22927347,train
Nc1ccc([C@H]2CC[C@H](N3CC(NC(=O)CNC(=O)c4cccc(C(F)(F)F)c4)C3)CC2)nc1,0.18105684,train
Nc1cccnc1[C@H]1CC[C@H](N2CC(NC(=O)CNC(=O)c3cccc(C(F)(F)F)c3)C2)CC1,0.13564438,train
O=C(CNC(=O)c1cccc(C(F)(F)F)c1)NC1CN([C@H]2CC[C@H](c3ccncc3O)CC2)C1,0.15383156,train
O=C(CNC(=O)c1cccc(C(F)(F)F)c1)NC1CN([C@H]2CC[C@H](c3ccc(O)cn3)CC2)C1,0.29323378,train
CN(C)c1ncc([C@H]2CC[C@H](N3CC(NC(=O)CNC(=O)c4cccc(C(F)(F)F)c4)C3)CC2)cn1,0.22982034,train
O=C(CNC(=O)c1cccc(C(F)(F)F)c1)NC1CN([C@H]2CC[C@H](c3cnccn3)CC2)C1,0.21274365,val
COc1cc([C@H]2CC[C@H](N3CC(NC(=O)CNC(=O)c4cccc(C(F)(F)F)c4)C3)CC2)ccn1,0.44566128,train
COc1cnccc1[C@H]1CC[C@H](N2CC(NC(=O)CNC(=O)c3cccc(C(F)(F)F)c3)C2)CC1,0.27265003,train
COc1ccc([C@H]2CC[C@H](N3CC(NC(=O)CNC(=O)c4cccc(C(F)(F)F)c4)C3)CC2)cn1,0.51592785,train
O=C(CNC(=O)c1cccc(C(F)(F)F)c1)NC1CN([C@H]2CC[C@H](c3cccnc3)CC2)C1,0.6653209,train
O=C(CNC(=O)c1cccc(C(F)(F)F)c1)NC1CN([C@H]2CC[C@H](c3ccc4[nH]cnc4c3)CC2)C1,0.71804565,train
O=C(CNC(=O)c1cccc(C(F)(F)F)c1)NC1CN([C@H]2CC[C@H](c3ccc(N4CCCC4)cc3)CC2)C1,0.79570824,train
O=C(CNC(=O)c1cccc(C(F)(F)F)c1)NC1CN(C2CCC(c3ccc(C(=O)O)cc3)CC2)C1,0.45936742,train
COC(=O)c1ccc(C2CCC(N3CC(NC(=O)CNC(=O)c4cccc(C(F)(F)F)c4)C3)CC2)cc1,0.84018534,train
O=C(CNC(=O)c1cccc(C(F)(F)F)c1)NC1CN([C@H]2CC[C@H](c3ccc(O)cc3)CC2)C1,0.8642674,train
COc1ccc([C@H]2CC[C@H](N3CC(NC(=O)CNC(=O)c4cccc(C(F)(F)F)c4)C3)CC2)cc1,0.77022123,train
O=C(CNC(=O)c1ccc(C(F)(F)F)cc1)NC1CN([C@H]2CC[C@H](c3ccc4c(c3)OCO4)CC2)C1,0.94725096,train
O=C(CNC(=O)c1ccccc1)NC1CN([C@H]2CC[C@H](c3ccc4c(c3)OCO4)CC2)C1,0.69182414,train
O=C(CNC(=O)c1cccc(C(F)(F)F)c1)NC1CN([C@H]2CC[C@H](c3ccccc3)CC2)C1,0.9020336,train
O=C(CNC(=O)c1cccc(C(F)(F)F)c1)NC1CN([C@H]2CC[C@@H](c3ccc4c(c3)OCO4)CC2)C1,0.8861388,train
O=C(CNC(=O)c1cccc(C(F)(F)F)c1)NC1CN(C2CCC(c3c[nH]c4ccccc34)CC2)C1,0.71182173,train
CN1CC(c2c[nH]c3cc(-n4ccc(OCc5ccccc5)cc4=O)ccc23)C1,0.21159637,train
CN1Cc2cc(Cl)ccc2-n2c(nnc2C2CCN(c3ccccn3)CC2)C1,0.023209607,train
COC(=O)N1Cc2cc(Cl)ccc2-n2c(nnc2C2CCN(c3ccccn3)CC2)C1,0.14142038,train
CC(=O)N1Cc2cc(Cl)ccc2-n2c(nnc2C2CCN(c3ccccn3)CC2)C1,0.028813316,train
CS(=O)(=O)N1Cc2cc(Cl)ccc2-n2c(nnc2C2CCN(c3ccccn3)CC2)C1,0.010870082,train
O=C(CNc1noc2ccc(C(F)(F)F)cc12)NC1CN([C@H]2CC[C@@H](c3nccs3)CC2)C1,0.60558087,val
O=C(CNc1noc2ccc(C(F)(F)F)cc12)NC1CN([C@H]2CC[C@@H](c3cncs3)CC2)C1,0.6077782,train
COc1ccc([C@H]2CC[C@@H](N3CC(NC(=O)CNc4noc5ccc(C(F)(F)F)cc45)C3)CC2)cn1,0.8981008,train
CC(C)c1ncc([C@H]2CC[C@@H](N3CC(NC(=O)CNc4nn(C)c5ccc(C(F)(F)F)cc45)C3)CC2)s1,0.007703152,train
CCc1ncc([C@H]2CC[C@@H](N3CC(NC(=O)CNc4nn(C)c5ccc(C(F)(F)F)cc45)C3)CC2)s1,0.021438284,train
Cc1ncc([C@H]2CC[C@@H](N3CC(NC(=O)CNc4nn(C)c5ccc(C(F)(F)F)cc45)C3)CC2)s1,0.009694674,train
NC(=O)n1nc(NCC(=O)NC2CN([C@H]3CC[C@@H](c4nccs4)CC3)C2)c2cc(C(F)(F)F)ccc21,0.061387263,train
Cn1nc(NCC(=O)NC2CN([C@H]3CC[C@@H](c4nccs4)CC3)C2)c2cc(C(F)(F)F)ccc21,0.034701724,train
Cn1nc(NCC(=O)NC2CN([C@H]3CC[C@@H](c4cncs4)CC3)C2)c2cc(C(F)(F)F)ccc21,0.03503545,train
Cc1ccc([C@H]2CC[C@@H](N3CC(NC(=O)CNc4nn(C)c5ccc(C(F)(F)F)cc45)C3)CC2)cn1,0.02294019,train
COc1ccc([C@H]2CC[C@@H](N3CC(NC(=O)CNc4nn(C)c5ccc(C(F)(F)F)cc45)C3)CC2)cn1,0.17060864,train
Cn1nc(NCC(=O)NC2CN([C@H]3CC[C@@H](c4cccnc4)CC3)C2)c2cc(C(F)(F)F)ccc21,0.027660513,train
Cc1ccc([C@H]2CC[C@@H](N3CC(NC(=O)CNc4[nH]nc5ccc(C(F)(F)F)cc45)C3)CC2)cn1,0.23589045,train
COc1ccc([C@]2(O)CC[C@H](N3CC(NC(=O)CNc4[nH]nc5ccc(C(F)(F)F)cc45)C3)CC2)cn1,0.0239516,train
O=C(CNc1[nH]nc2ccc(C(F)(F)F)cc12)NC1CN([C@H]2CC[C@@H](c3cccnc3)CC2)C1,0.27680007,train
CN(C)c1cccc([C@H]2CC[C@@H](N3CC(NC(=O)CNc4nn(C)c5ccc(C(F)(F)F)cc45)C3)CC2)c1,0.086698174,train
Cn1nc(NCC(=O)NC2CN([C@H]3CC[C@@H](c4ccccc4)CC3)C2)c2cc(C(F)(F)F)ccc21,0.36811525,train
CCOC(=O)C1CCC(N2CC(NC(=O)CNc3nn(C4CCCC4)c4ccc(C(F)(F)F)cc34)C2)CC1,0.73175746,train
CCOC(=O)C1CCC(N2CC(NC(=O)CN=C3NC(Cc4ccccc4)c4ccc(C(F)(F)F)cc43)C2)CC1,0.9415442,train
CCOC(=O)C1CCC(N2CC(NC(=O)CNc3nn(S(C)(=O)=O)c4ccc(C(F)(F)F)cc34)C2)CC1,0.02271955,train
CCOC(=O)C1CCC(N2CC(NC(=O)CNc3nn(C(N)=O)c4ccc(C(F)(F)F)cc34)C2)CC1,0.22625181,train
CCOC(=O)C1CCC(N2CC(NC(=O)CNc3nn(CC(F)(F)F)c4ccc(C(F)(F)F)cc34)C2)CC1,0.9469368,train
C=CCn1nc(NCC(=O)NC2CN(C3CCC(C(=O)OCC)CC3)C2)c2cc(C(F)(F)F)ccc21,0.9497333,train
CCOC(=O)C1CCC(N2CC(NC(=O)CNc3nn(CC)c4ccc(C(F)(F)F)cc34)C2)CC1,0.6896904,train
CCOC(=O)C1CCC(N2CC(NC(=O)CNc3noc4ccc(C(F)(F)F)cc34)C2)CC1,0.9453517,val
CCOC(=O)C1CCC(N2CC(NC(=O)CNc3[nH]nc4ccc(C(F)(F)F)cc34)C2)CC1,0.84896356,train
NC(=O)n1nc(NCC(=O)NC2CN([C@H]3CC[C@@H](c4ccc5c(c4)OCO5)CC3)C2)c2cc(C(F)(F)F)ccc21,0.23379172,train
CC(C)(C)NC(=O)n1nc(NCC(=O)NC2CN([C@H]3CC[C@@H](c4ccc5c(c4)OCO5)CC3)C2)c2cc(C(F)(F)F)ccc21,0.09970615,train
O=C(CNc1nn(CCO)c2ccc(C(F)(F)F)cc12)NC1CN([C@H]2CC[C@@H](c3ccc4c(c3)OCO4)CC2)C1,0.5976975,train
O=C(CNc1noc2ccc(C(F)(F)F)cc12)NC1CN([C@H]2CC[C@@H](c3ccc4c(c3)OCO4)CC2)C1,0.9685498,val
CS(=O)(=O)N[C@H]1CC[C@@H](N2CC(NC(=O)CNc3[nH]nc4ccc(C(F)(F)F)cc34)C2)CC1,0.030545566,train
C=CCO[C@H]1CC[C@@H](N2CC(NC(=O)CNc3[nH]nc4ccc(C(F)(F)F)cc34)C2)CC1,0.5200862,train
CCO[C@H]1CC[C@@H](N2CC(NC(=O)CNc3[nH]nc4ccc(C(F)(F)F)cc34)C2)CC1,0.28619725,train
O=C(CNc1[nH]nc2ccc(C(F)(F)F)cc12)NC1CN([C@H]2CC[C@@H](O)CC2)C1,0.037617575,train
C=CCOC[C@H]1CC[C@@H](N2CC(NC(=O)CNc3nn(C)c4ccc(C(F)(F)F)cc34)C2)CC1,0.9460778,train
CCOC[C@H]1CC[C@@H](N2CC(NC(=O)CNc3nn(C)c4ccc(C(F)(F)F)cc34)C2)CC1,0.8125793,train
Cn1nc(NCC(=O)NC2CN([C@H]3CC[C@@H](CO)CC3)C2)c2cc(C(F)(F)F)ccc21,0.03914866,train
Cn1nc(NCC(=O)NC2CN(C3CCC(C(N)=O)CC3)C2)c2cc(C(F)(F)F)ccc21,0.088210404,train
Cn1nc(NCC(=O)NC2CN(C3CCC(C(=O)O)CC3)C2)c2cc(C(F)(F)F)ccc21,0.049735866,train
CCOC(=O)C1CCC(N2CC(NC(=O)CNc3nn(C)c4ccc(C(F)(F)F)cc34)C2)CC1,0.28756768,train
Cn1nc(NCC(=O)NC2CN([C@H]3CC[C@@H](C4CCCCC4)CC3)C2)c2cc(C(F)(F)F)ccc21,0.27916697,test
Cn1nc(NCC(=O)NC2CN([C@H]3CC[C@@H](C#N)CC3)C2)c2cc(C(F)(F)F)ccc21,0.013873886,train
CC(C)[C@H]1CC[C@@H](N2CC(NC(=O)CNc3[nH]nc4ccc(C(F)(F)F)cc34)C2)CC1,0.87088877,train
O=C(CNc1[nH]nc2ccc(C(F)(F)F)cc12)NC1CN([C@H]2CC[C@@H](n3ccccc3=O)CC2)C1,0.22240779,val
Cn1nc(NCC(=O)NC2CN([C@H]3CC[C@@H](c4ccc5c(c4)OCO5)CC3)C2)c2cc(C(F)(F)F)ccc21,0.4187967,train
COc1ccc([C@H]2CC[C@@H](N3CC(NC(=O)CNc4[nH]nc5ccc(C(F)(F)F)cc45)C3)CC2)cn1,0.7411882,train
NC(=O)Cc1ccc([C@H]2CC[C@@H](N3CC(NC(=O)CNc4[nH]nc5ccc(C(F)(F)F)cc45)C3)CC2)cc1,0.30034092,train
O=C(CNc1[nH]nc2ccc(C(F)(F)F)cc12)NC1CN([C@H]2CC[C@@H](c3ccc4c(c3)OCO4)CC2)C1,0.90935284,val
O=C(CNc1[nH]nc2ccc(C(F)(F)F)cc12)NC1CN([C@H]2CC[C@@H](c3ccccc3)CC2)C1,0.8902368,train
CCN=C(NS(=O)(=O)c1cccc(Cl)c1)N1CC2(C=N1)CCNCC2,0.23635736,test
CC(C)Oc1ncc(-c2nc(-c3ccc4c(c3)CCNCC4)no2)cc1C#N,0.75160027,test
CC(C)Oc1ccc(-c2nc(-c3cccc4c3OCCN(C(CO)CO)C4)no2)cc1C#N,0.17389631,train
Cc1c(-c2noc(-c3ccc(OC(C)C)c(C#N)c3)n2)cnc2c1CCN(C(CO)CO)C2,0.023497907,val
Cc1c(-c2noc(-c3ccc(OC(C)C)c(C#N)c3)n2)ccc2c1CCN(C(CO)CO)C2,0.06082195,train
CC(C)Oc1ccc(-c2nc(-c3ccc4c(c3)CCN(C(CO)CO)CC4)no2)cc1C#N,0.053802364,val
CC(C)Oc1ccc(-c2nc(-c3ccc4c(c3)CCN(C(CO)CO)C4)no2)cc1C#N,0.049660515,train
Cc1cccc(Nc2nc(NCCN)ncc2C(N)=O)c1,0.3587175,test
Cc1cccc(Nc2nc(N[C@@H]3CCCNC3)ncc2C(N)=O)c1,0.8497139,train
Cc1cccc(Nc2nc(N[C@H]3CCCNC3)ncc2C(N)=O)c1,0.7763671,train
Cc1cccc(Nc2nc(N[C@@H]3CCNC3)ncc2C(N)=O)c1,0.8867662,train
Cc1cccc(Nc2nc(N[C@H]3CCNC3)ncc2C(N)=O)c1,0.80537283,train
Cc1cccc(Nc2nc(NC3CNC3)ncc2C(N)=O)c1,0.86296827,train
Cc1cccc(Nc2nc(NCC3CCCCN3)ncc2C(N)=O)c1,0.79921246,val
Cc1cccc(Nc2nc(NC[C@@H]3CCCN3)ncc2C(N)=O)c1,0.91862845,train
Cc1cccc(Nc2nc(NC[C@H]3CCCN3)ncc2C(N)=O)c1,0.8525536,train
NC(=O)c1cnc(N2CCC[C@H](N)C2)nc1Nc1cccc(C(F)(F)F)c1,0.92756677,train
Cc1cccc(Nc2nc(N[C@@H]3CCCC[C@@H]3N)ncc2C(N)=O)c1,0.9728689,train
Cc1cccc(Nc2nc(N[C@H]3CCCC[C@H]3N)ncc2C(N)=O)c1,0.79746,train
Cc1cccc(Nc2nc(N[C@@H]3CCOC[C@@H]3N)ncc2C(N)=O)c1,0.8229857,train
Cc1cccc(Nc2nc(N[C@@H]3COCC[C@@H]3N)ncc2C(N)=O)c1,0.5914686,train
Cc1cccc(Nc2nc(N[C@@H]3COC[C@@H]3N)ncc2C(N)=O)c1,0.5016618,train
Cc1cccc(Nc2nc(N[C@@H]3CCC(F)(F)C[C@@H]3N)ncc2C(N)=O)c1,0.8755336,train
Cc1cccc(Nc2nc(N[C@@H]3CC(F)(F)CC[C@@H]3N)ncc2C(N)=O)c1,0.8691449,train
Cc1ccc(Nc2nc(N[C@@H]3CCCC[C@@H]3N)ncc2C(N)=O)cc1,0.9312322,train
Cc1ccc(Nc2nc(N[C@@H]3CCOC[C@@H]3N)ncc2C(N)=O)cc1,0.5052505,train
COc1cc(OC)cc(C(=O)NCC2(C#N)CCN(Cc3ccccc3OC)CC2)c1,0.9550501,train
COc1cccc(CN2CCC(C#N)(CNC(=O)c3cc(OC)cc(OC)c3)CC2)c1,0.9448431,train
COc1ccc(CN2CCC(C#N)(CNC(=O)c3cc(OC)cc(OC)c3)CC2)cc1,0.93115026,train
COc1cc(OC)cc(C(=O)NCC2(C#N)CCN(Cc3ccccc3C(F)(F)F)CC2)c1,0.98881453,train
COc1cc(OC)cc(C(=O)NCC2(C#N)CCN(CC3=Cc4ccccc4OC3(C)C)CC2)c1,0.93762016,train
COc1cc(OC)cc(C(=O)NCC2(C#N)CCN(CCc3ccccc3)CC2)c1,0.9785299,train
N#CC1(CNC(=O)c2cc(Cl)cc(Cl)c2)CCN(CCc2ccccc2)CC1,0.9954177,train
COC(=O)C1(CNC(=O)c2cc(OC)cc(OC)c2)CCN(Cc2ccccc2OC)CC1,0.7267817,train
COC(=O)C1(CNC(=O)c2cc(OC)cc(OC)c2)CCN(Cc2cccc(OC)c2)CC1,0.682162,train
COC(=O)C1(CNC(=O)c2cc(OC)cc(OC)c2)CCN(Cc2ccc(OC)cc2)CC1,0.62854254,train
COC(=O)C1(CNC(=O)c2cc(OC)cc(OC)c2)CCN(Cc2ccccc2C(F)(F)F)CC1,0.9462173,train
COC(=O)C1(CNC(=O)c2cc(OC)cc(OC)c2)CCN(Cc2cccc(C(F)(F)F)c2)CC1,0.9240104,train
COC(=O)C1(CNC(=O)c2cc(OC)cc(OC)c2)CCN(Cc2ccc(C(F)(F)F)cc2)CC1,0.93928206,train
COC(=O)C1(CNC(=O)c2cc(OC)cc(OC)c2)CCN(CC2=Cc3ccccc3OC2(C)C)CC1,0.49659535,train
COC(=O)C1(CNC(=O)c2cc(Cl)cc(Cl)c2)CCN(Cc2ccccc2OC)CC1,0.9597816,train
COC(=O)C1(CNC(=O)c2cc(Cl)cc(Cl)c2)CCN(Cc2cccc(OC)c2)CC1,0.9537516,train
COC(=O)C1(CNC(=O)c2cc(Cl)cc(Cl)c2)CCN(Cc2ccc(OC)cc2)CC1,0.9449365,train
COC(=O)C1(CNC(=O)c2cc(Cl)cc(Cl)c2)CCN(Cc2ccccc2C(F)(F)F)CC1,0.98828167,train
COC(=O)C1(CNC(=O)c2cc(Cl)cc(Cl)c2)CCN(Cc2cccc(C(F)(F)F)c2)CC1,0.98555726,train
COC(=O)C1(CNC(=O)c2cc(Cl)cc(Cl)c2)CCN(Cc2ccc(C(F)(F)F)cc2)CC1,0.98721176,train
COC(=O)C1(CNC(=O)c2cc(Cl)cc(Cl)c2)CCN(CC2=Cc3ccccc3OC2(C)C)CC1,0.936557,train
COc1ccccc1CN1CCC(C#N)(CNC(=O)c2cc(CC(C)C)n(-c3ccccc3)n2)CC1,0.9436339,train
COc1cccc(CN2CCC(C#N)(CNC(=O)c3cc(CC(C)C)n(-c4ccccc4)n3)CC2)c1,0.93525076,train
CC(C)Cn1c(O)cn(Cc2ccc(-c3cccc(CN4CCCCC4)n3)cc2)c1=O,0.7728221,val
COc1ccc(CN2CCC(C#N)(CNC(=O)c3cc(CC(C)C)n(-c4ccccc4)n3)CC2)cc1,0.9232314,train
CC(C)Cc1cc(C(=O)NCC2(C#N)CCN(Cc3ccccc3C(F)(F)F)CC2)nn1-c1ccccc1,0.9834209,train
CC(C)Cc1cc(C(=O)NCC2(C#N)CCN(CC3=Cc4ccccc4OC3(C)C)CC2)nn1-c1ccccc1,0.9338359,val
CC(C)Cc1cc(C(=O)NCC2(C#N)CCN(CCc3ccccc3)CC2)nn1-c1ccccc1,0.96841025,train
COc1cc(OC)cc(C(=O)NCC2(C(=O)O)CCN(Cc3ccc(C(F)(F)F)cc3)CC2)c1,0.20125008,train
Cc1nc2ccccc2n1-c1ccc(C(=O)N(C)[C@@H]2CCN(C(C)C)C2)cc1,0.101205885,train
Cc1nc2ccccc2n1-c1ccc(C(=O)N(C)[C@@H]2CCN(C3CCCC3)C2)cc1,0.30462828,test
Cc1nc2ccccc2n1-c1ccc(C(=O)N(C)[C@@H]2CCN(C3CCCCC3)C2)cc1,0.43407527,test
CN(C(=O)c1ccc(-n2cccn2)cc1)[C@@H]1CCN(C2CCC2)C1,0.25918207,test
NC(=O)c1cnc(N[C@H](C2CC2)C(F)(F)F)c2c1[nH]c1cc(-c3cnc(N)nc3)ccc12,0.26669574,train
NC(=O)c1cnc(N[C@H](C2CC2)C(F)(F)F)c2c1[nH]c1cc(-c3ccc(N)nc3)ccc12,0.4996506,val
NC(=O)c1cnc(N[C@H](C2CC2)C(F)(F)F)c2c1[nH]c1cc(-c3cn[nH]c3)ccc12,0.57161105,train
NC(=O)c1cnc(NC(C2CC2)C2CC2)c2c1[nH]c1cc(-c3cnc(N)nc3)ccc12,0.89207304,train
NC(=O)c1cnc(NC(C2CC2)C2CC2)c2c1[nH]c1cc(-c3cnc(N)cn3)ccc12,0.7668721,train
NC(=O)c1cnc(NC(C2CC2)C2CC2)c2c1[nH]c1cc(-c3cn[nH]c3)ccc12,0.9578792,train
Cn1cc(-c2ccc3c(c2)[nH]c2c(C(N)=O)cnc(N[C@H](C4CC4)C(F)(F)F)c23)cn1,0.5088206,train
Cn1cc(-c2ccc3c(c2)[nH]c2c(C(N)=O)cnc(NC(C4CC4)C4CC4)c23)cn1,0.9592182,train
C[C@H](Nc1ccc(C(N)=O)c2[nH]c3cc(-c4cnn(C)c4)ccc3c12)C(C)(C)C,0.19654377,val
Cn1cc(-c2ccc3c(c2)[nH]c2c(C(N)=O)ccc(NC4CCCCC4)c23)cn1,0.6983749,test
CC(C)(C)CC(C)(C)c1ccc(OCCOCC[N+](C)(C)Cc2ccccc2)cc1,0.9997712,train
Cc1c(-c2ccccc2)oc2c(C(=O)OCCN3CCCCC3)cccc2c1=O,0.6467235,val
Fc1ccc(C(c2ccc(F)cc2)N2CCN(C/C=C/c3ccccc3)CC2)cc1,0.96228284,test
OCCN1CCN(CCCN2c3ccccc3Sc3ccc(C(F)(F)F)cc32)CC1,0.99973065,train
CN1CCC[C@@H]1CCO[C@](C)(c1ccccc1)c1ccc(Cl)cc1,0.9943355,test
CCN(CC)CCOC(=O)C1(C2CCCCC2)CCCCC1,0.69022435,val
CN1CCC(=C2c3ccccc3C=Cc3ccccc32)CC1,0.7827323,val
Fc1ccc([C@@H]2CCNC[C@H]2COc2ccc3c(c2)OCO3)cc1,0.9952305,test
OCCN1CCN(CCCN2c3ccccc3Sc3ccc(Cl)cc32)CC1,0.9997532,train
Cc1ccc(N(CC2=NCCN2)c2cccc(O)c2)cc1,0.1213466,train
CN1CCN(CCCN2c3ccccc3Sc3ccc(Cl)cc32)CC1,0.99972886,train
O=C1C=CC(=O)c2c1c(O)c1c(NCCNCCO)ccc(NCCNCCO)c1c2O,0.22644348,train
CCN(CC)CCOCCC1=CCC2CC1C2(C)C,0.85000616,val
CN[C@H]1CC[C@@H](c2ccc(Cl)c(Cl)c2)c2ccccc21,0.9594742,train
Cc1nc2c(c(-c3ccc(Cl)cc3Cl)c1CN)CN(CC(=O)NCc1cccnc1)C2=O,0.033183753,test
Cc1nc2cn(Cc3ccccc3)cc2c(-c2ccc(Cl)cc2Cl)c1CN,0.99575764,train
COCCCc1cc(CN(C(=O)C2CNCCC2(O)c2ccc(F)c(F)c2)C2CC2)cc(OCCOC)c1,0.90598065,train
O=C(C1CNCC[C@]1(O)c1ccc(F)c(F)c1)N(Cc1cccc(Cl)c1Cl)C1CC1,0.9879391,train
COCCCc1ccc(Cl)c(CN(C(=O)C2CNCC[C@]2(O)c2ccc(F)c(F)c2)C2CC2)c1,0.99521,train
COCCc1ccc(Cl)c(CN(C(=O)C2CNCC[C@]2(O)c2ccc(F)c(F)c2)C2CC2)c1,0.99572396,train
O=C(C1CNCC[C@]1(O)c1ccc(F)c(F)c1)N(Cc1c[nH]c2cccc(F)c12)C1CC1,0.98551905,train
O=C(C1CNCC[C@]1(O)c1ccc(F)c(F)c1)N(Cc1c[nH]c2cccc(Cl)c12)C1CC1,0.987519,train
O=C(C1CNCC[C@]1(O)c1ccc(F)c(F)c1)N(Cc1c[nH]c2cccc(Br)c12)C1CC1,0.9792955,train
COCCCn1cc(CN(C(=O)C2CNCC[C@]2(O)c2ccc(F)c(F)c2)C2CC2)c2c(F)cccc21,0.994083,train
COCCCc1ccc(F)c2c(CN(C(=O)C3CNCC[C@]3(O)c3ccc(F)c(F)c3)C3CC3)c[nH]c12,0.9911718,train
COCCCc1ccc(F)c2c(CN(C(=O)C3CNCC[C@]3(O)c3ccc(F)c(F)c3)C3CC3)cn(CCCOC)c12,0.99598914,train
COCCCn1cc(CN(C(=O)C2CNCC[C@]2(O)c2ccc(F)c(F)c2)C2CC2)c2c(F)ccc(CCC#N)c21,0.9948118,train
COCCCn1cc(CN(C(=O)C2CNCC[C@]2(O)c2ccc(F)c(F)c2)C2CC2)c2c(F)ccc(CS(C)(=O)=O)c21,0.9816983,train
COCCCn1cc(CN(C(=O)C2CNCC[C@]2(O)c2ccc(F)c(F)c2)C2CC2)c2c(F)ccc(CN3CCOCC3)c21,0.9834036,test
COCCCn1cc(CN(C(=O)C2CNCC[C@]2(O)c2ccc(F)c(F)c2)C2CC2)c2c(F)ccc(Cn3ccnc3)c21,0.99686134,train
CONC(=O)Cn1cc(CN(C(=O)C2CNCC[C@]2(O)c2ccc(F)c(F)c2)C2CC2)c2c(F)cccc21,0.94618165,train
CON(C)C(=O)Cn1cc(CN(C(=O)C2CNCC[C@]2(O)c2ccc(F)c(F)c2)C2CC2)c2c(F)cccc21,0.98883724,train
O=C(C1CNCC[C@]1(O)c1ccc(F)c(F)c1)N(Cc1cn(Cc2ncco2)c2cccc(F)c12)C1CC1,0.9974269,train
O=C(C1CNCC[C@]1(O)c1ccc(F)c(F)c1)N(Cc1cn(Cc2ccon2)c2cccc(F)c12)C1CC1,0.99921477,train
Cc1cc(Cn2cc(CN(C(=O)C3CNCC[C@]3(O)c3ccc(F)c(F)c3)C3CC3)c3c(F)cccc32)no1,0.99985313,train
Cc1noc(Cn2cc(CN(C(=O)C3CNCC[C@]3(O)c3ccc(F)c(F)c3)C3CC3)c3c(F)cccc32)n1,0.9995258,train
O=C(C1CNCC[C@]1(O)c1ccc(F)c(F)c1)N(Cc1cn(Cc2cnoc2)c2cccc(F)c12)C1CC1,0.99801207,train
Cc1noc(C)c1Cn1cc(CN(C(=O)C2CNCC[C@]2(O)c2ccc(F)c(F)c2)C2CC2)c2c(F)cccc21,0.99951375,train
Cn1ncnc1Cn1cc(CN(C(=O)C2CNCC[C@]2(O)c2ccc(F)c(F)c2)C2CC2)c2c(F)cccc21,0.9829541,val
O=C(C1CNCC[C@]1(O)c1ccc(F)c(F)c1)N(Cc1cn(Cc2ccccc2)c2cccc(F)c12)C1CC1,0.99943274,train
O=C(C1CNCC[C@]1(O)c1ccc(F)c(F)c1)N(Cc1cn(Cc2ccccc2OC(F)F)c2cccc(F)c12)C1CC1,0.9997522,train
O=C(C1CNCC[C@]1(O)c1ccc(F)c(F)c1)N(Cc1cn(Cc2cccc(OC(F)F)c2)c2cccc(F)c12)C1CC1,0.9999497,train
O=C(C1CNCC[C@]1(O)c1ccc(F)c(F)c1)N(Cc1cn(Cc2ccc(OC(F)F)cc2)c2cccc(F)c12)C1CC1,0.99995637,train
O=C(C1CNCC[C@]1(O)c1ccc(F)c(F)c1)N(Cc1cn(Cc2cccc(F)c2)c2cccc(F)c12)C1CC1,0.99972266,train
O=C(C1CNCC[C@]1(O)c1ccc(F)c(F)c1)N(Cc1cn(Cc2ccc(F)c(F)c2)c2cccc(F)c12)C1CC1,0.99960965,train
O=C(C1CNCC[C@]1(O)c1ccc(F)c(F)c1)N(Cc1cn(Cc2cccnc2)c2cccc(F)c12)C1CC1,0.99438393,train
O=C(C1CNCC[C@]1(O)c1ccc(F)c(F)c1)N(Cc1cn(Cc2ccncc2)c2cccc(F)c12)C1CC1,0.9990878,train
Cc1ccc(Cn2cc(CN(C(=O)C3CNCC[C@]3(O)c3ccc(F)c(F)c3)C3CC3)c3c(F)cccc32)cn1,0.9944003,train
Cc1cc(Cn2cc(CN(C(=O)C3CNCC[C@]3(O)c3ccc(F)c(F)c3)C3CC3)c3c(F)cccc32)ccn1,0.99924505,train
O=C(C1CNCC[C@]1(OCC(O)CO)c1ccc(F)c(F)c1)N(Cc1cn(Cc2cccc(F)c2)c2cccc(F)c12)C1CC1,0.7389183,train
O=C(CCc1ccccc1)c1ccccc1OCC(O)CN1CCC(c2ccccc2)CC1,0.9611892,val
Cc1ccc(N2CCN(CC(O)COc3ccccc3C(=O)CCc3ccccc3)CC2)cc1,0.9266951,train
O=C(CCc1ccccc1)c1ccccc1OCC(O)CN1CCN(C(c2ccccc2)c2ccccc2)CC1,0.8428895,train
O=C(CCc1ccccc1)c1cc(F)ccc1OCC(O)CN1CCN(C(c2ccccc2)c2ccccc2)CC1,0.88373,train
CC(C)(C)c1cc(C(=O)Nc2nc(CN)cs2)n(Cc2ccccc2)n1,0.7600917,val
COc1ccc2ccc(=O)n(CCN3CCC(NCc4cc5c(cn4)OCCO5)CC3)c2n1,0.10542145,train
COc1ncc2ncc(=O)n(CCN3CCC(NCc4cc5c(cn4)OCCO5)CC3)c2n1,0.016263647,train
COc1ccc2ncc(=O)n(CCN3CCC(NCc4cc5c(cn4)OCCO5)CC3)c2n1,0.018247293,val
COc1ccc2ncc(=O)n(CCN3CCC(NCc4cc5c(cn4)OCCO5)CC3)c2c1,0.022772225,train
COc1ccc2c(C)cc(=O)n(CCN3CCC(NCc4cc5c(cn4)OCCO5)CC3)c2c1,0.21707839,train
COc1ccc2ccc(=O)n(CCN3CCC(NCc4cc5c(cn4)OCCO5)CC3)c2c1,0.08014924,train
COc1ccc2c(c1)N(CCN1CCC(NCc3ccc4c(n3)NC(=O)CO4)CC1)C(=O)OC2,0.06510624,test
COc1ccc2c(c1)N(CCN1CCC(NCc3ccc4c(n3)NC(=O)CO4)CC1)C(=O)CC2,0.069794975,test
COc1ccc2c(c1)N(CCN1CCC(NCc3cc4c(cn3)OCCO4)CC1)C(=O)CS2,0.10179067,train
N#Cc1ccc2c(c1)N(CCN1CCC(NCc3ccc4c(n3)NC(=O)CO4)CC1)C(=O)CO2,0.17932585,train
O=C1COc2ccccc2N1CCN1CCC(NCc2cc3c(cn2)OCCO3)CC1,0.13011761,train
COc1ccc2c(c1)N(CCN1CCC(NCc3cc4c(cn3)OCCO4)CC1)C(=O)CO2,0.09183835,train
COc1ccc2ncc(F)c(CCN3CCC(NCc4ccc5c(n4)NC(=O)CO5)CC3)c2n1,0.6867063,val
COc1ccc2ncc(F)c(CCN3CCC(NCc4cc5c(cn4)OCCO5)CC3)c2n1,0.8666766,train
O=C(NCCN1CCCCC1)c1ccc(Oc2ncc(Cl)cc2NS(=O)(=O)c2ccc(Cl)c(C(F)(F)F)c2)cc1,0.9392669,test
COc1cc(C(=O)NCCN2CCCC2)ccc1Oc1ccc(Cl)cc1NS(=O)(=O)c1ccc(Cl)c(C(F)(F)F)c1,0.99530196,test
COCCCc1cc(CN(C(=O)C2CNCC[C@]2(O)c2ccc(F)c(F)c2)C2CC2)cc(OCCOC)c1,0.97910255,train
COCCCc1cc(CN(C(=O)C2CNCC[C@]2(O)c2ccccc2)C2CC2)cc(OCCOC)c1,0.97419816,train
COCCCc1cc(CN(C(=O)C2CNCC[C@@]23OCc2ccccc23)C2CC2)cc(OCCOC)c1,0.08057116,train
COCCCc1cc(CN(C(=O)C2CNCC[C@@]23OC(=O)c2ccccc23)C2CC2)cc(OCCOC)c1,0.024952369,train
COCCCc1cc(CN(C(=O)C2CNCC[C@@]23OCCc2ccccc23)C2CC2)cc(OCCOC)c1,0.13057296,train
COCCCc1cc(CN(C(=O)C2CNCC[C@@]23OC=Cc2ccccc23)C2CC2)cc(OCCOC)c1,0.30358,val
COCCCc1cc(CN(C(=O)C2CNCC[C@@]23OC(=O)Cc2ccccc23)C2CC2)cc(OCCOC)c1,0.01120861,train
COCCCc1cc(CN(C(=O)C2CNCC[C@@]23OCc2cc(F)c(F)cc23)C2CC2)cc(OCCOC)c1,0.07224604,train
O=C(C1CNCC[C@@]12OCc1cc(F)c(F)cc12)N(Cc1ccccc1Cl)C1CC1,0.18986413,train
O=C(C1CNCC[C@@]12OCc1cc(F)c(F)cc12)N(Cc1cccc(Cl)c1Cl)C1CC1,0.13416298,train
O=C(C1CNCC[C@@]12OCc1cc(F)c(F)cc12)N(Cc1ccc(Cl)cc1Cl)C1CC1,0.60153747,train
O=C(C1CNCC[C@@]12OCc1cc(F)c(F)cc12)N(Cc1cc(Cl)ccc1Cl)C1CC1,0.68715775,train
Cc1cccc(CN(C(=O)C2CNCC[C@@]23OCc2cc(F)c(F)cc23)C2CC2)c1C,0.037463456,train
Cc1c(CN(C(=O)C2CNCC[C@@]23OCc2cc(F)c(F)cc23)C2CC2)cccc1C(F)(F)F,0.28735614,train
O=C(C1CNCC[C@@]12OCc1cc(F)c(F)cc12)N(Cc1cccc(C(F)(F)F)c1Cl)C1CC1,0.16697887,train
COCCCc1cc(C)c(C)c(CN(C(=O)C2CNCC[C@@]23OCc2cc(F)c(F)cc23)C2CC2)c1,0.16684332,train
O=C(C1CNCC[C@@]12OCc1cc(F)c(F)cc12)N(Cc1cccc2ccccc12)C1CC1,0.13776039,train
COCCCc1cc(CN(C(=O)C2CNCC[C@@]23OCc2cc(F)c(F)cc23)C2CC2)c2ccccc2c1,0.2597106,train
COCCCc1cccc2cccc(CN(C(=O)C3CNCC[C@@]34OCc3cc(F)c(F)cc34)C3CC3)c12,0.30958003,train
O=C(C1CNCC[C@@]12OCc1cc(F)c(F)cc12)N(Cc1ccnc2ccccc12)C1CC1,0.05415011,test
O=C(C1CNCC[C@@]12OCc1cc(F)c(F)cc12)N(Cc1cccc2cccnc12)C1CC1,0.048770815,test
O=C1O[C@@]2(CCNCC2C(=O)N(Cc2cccc(C(F)(F)F)c2Cl)C2CC2)c2cc(F)c(F)cc21,0.050747108,train
COCCCc1cc(CCCN2CCOCC2)c(Cl)c(CN(C(=O)C2CNCC[C@@]23OCc2cc(F)c(F)cc23)C2CC2)c1,0.18390992,val
CCN(CC)CCCc1cc(CCCOC)cc(CN(C(=O)C2CNCC[C@@]23OCc2cc(F)c(F)cc23)C2CC2)c1Cl,0.6816946,train
COCCCc1cc(CCCCNS(C)(=O)=O)c(Cl)c(CN(C(=O)C2CNCC[C@@]23OCc2cc(F)c(F)cc23)C2CC2)c1,0.22815977,train
COCCCc1cc(CCCNS(C)(=O)=O)c(Cl)c(CN(C(=O)C2CNCC[C@@]23OCc2cc(F)c(F)cc23)C2CC2)c1,0.06966109,train
COCCCc1cc(CCCN2CCS(=O)(=O)CC2)c(Cl)c(CN(C(=O)C2CNCC[C@@]23OCc2cc(F)c(F)cc23)C2CC2)c1,0.046502694,test
COCCCc1cc(CCC(=O)N2CCOCC2)c(Cl)c(CN(C(=O)C2CNCC[C@@]23OCc2cc(F)c(F)cc23)C2CC2)c1,0.03408003,test
CCCCCC(Cc1ccc(C(=O)NCCC(=O)O)cc1)C(=O)c1cc2cc(Cl)ccc2n1-c1cccc(C(F)(F)F)c1,0.5771947,train
COc1ccc2nccc(NC(=O)C3CCC(NCc4ccc5c(c4)OCCO5)CC3)c2c1,0.18667306,train
COc1ccc2nccc(NC(=O)[C@]3(O)CC[C@@H](NCc4cc5c(cn4)OCCO5)CC3)c2n1,0.03600584,train
COc1ccc2nccc(NC(=O)[C@]3(O)CC[C@@H](NCc4ccc5c(c4)OCCO5)CC3)c2n1,0.10105704,val
COc1ccc2nccc(NC(=O)[C@]3(O)CC[C@@H](NCc4cnc5c(c4)OCCO5)CC3)c2n1,0.036351625,train
COc1ccc2nccc(NC(=O)C3CCC(NCc4cc5c(cn4)OCCO5)CC3)c2n1,0.13920087,train
Cc1ccc2cccc(NC(=O)[C@]3(O)CC[C@@H](NCc4cc5c(cn4)OCCO5)CC3)c2n1,0.0436184,train
COc1ccc(N(Cc2cnccc2C)C2CCN([C@H](C)CCNC(=O)c3c(C)cc(Cl)nc3C)CC2)cc1,0.32815468,val
COc1ccc2nccc([C@@H](O)CN3CCC(NCc4cc5c(cn4)OCCO5)CC3)c2n1,0.117101446,train
COc1ccc2ncc(F)c(CCN3CCC(NCc4cc5c(cn4)OCCO5)CC3)c2c1,0.76113594,train
COc1ccc2ncc(Cl)c(CCN3CCC(NCc4cc5c(cn4)OCCO5)CC3)c2n1,0.92429656,train
COc1ccc2ncc(F)c([C@@H](O)CN3CCC(NCc4cc5c(cn4)OCCO5)CC3)c2n1,0.10781934,train
COc1ccc2ncc(F)c(CCN3CC[C@H](NCc4cc5c(cn4)OCCO5)[C@H](O)C3)c2n1,0.22473173,train
COc1ccc2ncc(C#N)c(CCN3CCC(NCc4cc5c(cn4)OCS5)CC3)c2c1,0.9143793,val
COc1ccc2nccc([C@@H](O)CN3CCC(NCc4ccc5c(c4)OCCO5)CC3)c2c1,0.15211824,train
COc1ccc2ncc(C#N)c(CCN3CCC(NCc4cc5c(cn4)OCCO5)CC3)c2n1,0.9087035,train
COc1ccc2ncc(F)c([C@H](O)CN3CCC(NCc4cc5c(cn4)OCCO5)CC3)c2n1,0.11300029,train
COc1ccc2ncc(F)c(CCN3CC[C@@H](NCc4cc5c(cn4)OCCO5)[C@@H](O)C3)c2n1,0.22958605,train
COc1ccc2ncc(F)c(CCN3CC[C@@H](NCc4cc5c(cn4)OCCO5)[C@H](O)C3)c2n1,0.21187323,train
O=S1(=O)CCC(Oc2ccc3c(c2)CCC2(CCN(C4CCC4)CC2)O3)CC1,0.90673316,train
CN(C)C(=O)CN1CCCC(c2nc3ccccc3n2Cc2ccc(F)cc2)C1,0.9917597,train
CN(C)C(=O)CN1CCCC(c2nc3ccccc3n2CCOc2ccccc2)C1,0.9616435,train
Cc1ccc(Cn2c([C@H]3CNCCO3)nc3ccccc32)cc1,0.9197507,train
Fc1ccc(Cn2c([C@H]3CNCCO3)nc3ccccc32)cc1,0.9460619,train
Cc1ccc(Cn2c(C3CNCCO3)nc3ccccc32)cc1C,0.93166023,train
Cc1ccc(Cn2c(C3CNCCS3)nc3ccccc32)cc1,0.99431425,train
Fc1ccc(Cn2c([C@H]3CNCCS3)nc3ccccc32)cc1,0.9973537,train
COc1ccc(Cn2c([C@H]3CNCCS3)nc3ccccc32)cc1,0.99632025,train
O=S(=O)(c1cccc(F)c1)c1ccc2c3c(oc2c1)C1(CCCOC1)NCC3,0.95852256,test
CC1(C)NCCc2c1oc1cc(S(=O)(=O)c3cccc(F)c3)ccc21,0.98506224,train
O=S(=O)(c1cccc(F)c1)c1ccc2c3c(oc2c1)CNCC3,0.9740897,train
CC(=O)N[C@@H]1CC2(CCN(Cc3ccc4c(c3)c3ccccc3n4C(N)=O)CC2)c2ccccc21,0.64504814,train
COCCS(=O)(=O)c1ccc(-c2ccc(CCN3CCC[C@H]3C)cc2)cc1,0.8758818,train
C[C@@H]1CCCN1CCc1ccc(-c2ccc(S(=O)(=O)CCO)cc2)cc1,0.6880798,train
COCCCS(=O)(=O)c1ccc(-c2ccc(CCN3CCC[C@H]3C)cc2)cc1,0.94467765,train
C[C@@H]1CCCN1CCc1ccc(-c2ccc(S(=O)(=O)CC3CCOCC3)cc2)cc1,0.98720205,val
CC(=O)Nc1cccc(C2CCN(CCCn3nc(-c4ccc(F)c(F)c4)c4ccccc4c3=O)CC2)c1,0.78559893,train
C[C@@H]1CCCN1CCCOc1ccc(C2=NNC(=O)C(C)(C)C2)cc1,0.07266578,val
CN(CCO)C(=O)c1ccc([C@H](c2cccc(NC(=O)C3CC3)c2)N2CCN(Cc3ccc(F)cc3)CC2)cc1,0.005655485,train
CCN(CC)C(=O)c1ccc([C@H](c2cccc(NC(=O)C3CC3)c2)N2CCN(Cc3ccc(F)cc3)CC2)cc1,0.01875555,train
O=C(Nc1cccc([C@@H](c2ccc(C(=O)N3CCC3)cc2)N2CCN(Cc3ccc(F)cc3)CC2)c1)C1CC1,0.5100016,train
CCN(CC)C(=O)c1ccc([C@H](c2cccc(NC(=O)C3CC3)c2)N2CCN(Cc3ccccn3)CC2)cc1,0.008760634,train
CCN(C)C(=O)c1ccc([C@H](c2cccc(NC(=O)C3CC3)c2)N2CCN(Cc3nc(C)cs3)CC2)cc1,0.004125255,val
CCN(C)C(=O)c1ccc([C@H](c2cccc(NC(=O)C3CC3)c2)N2CCN(CCCOC)CC2)cc1,0.018929588,test
CCN(C)C(=O)c1ccc([C@H](c2cccc(NC(=O)C3CCC3)c2)N2CCN(Cc3cccnc3)CC2)cc1,0.006490151,train
CCN(CC)C(=O)c1ccc([C@H](c2cccc(NC(=O)OC)c2)N2CCN(Cc3cncs3)CC2)cc1,0.0041831634,test
CCN(CC)C(=O)c1ccc([C@H](c2cccc(NC(=O)OC)c2)N2CCN(Cc3cccnc3)CC2)cc1,0.0090761,test
CCOC(=O)Nc1ccccc1[C@@H](c1ccc(C(=O)N(CC)CC)cc1)N1CCN(Cc2cscn2)CC1,0.8613287,train
CCOC(=O)Nc1cccc([C@@H](c2ccc(C(=O)N(CC)CC)cc2)N2CCN(Cc3cscn3)CC2)c1,0.6781938,train
CCOC(=O)Nc1ccc([C@@H](c2ccc(C(=O)N(CC)CC)cc2)N2CCN(Cc3cscn3)CC2)cc1,0.7646511,train
CCOC(=O)Nc1ccccc1[C@@H](c1ccc(C(=O)N(CC)CC)cc1)N1CCN(Cc2ccccn2)CC1,0.8942038,test
CCN(C)C(=O)c1ccc([C@H](c2cccc(NC(=O)OC)c2)N2CCN(Cc3cscn3)CC2)cc1,0.011593651,train
CCOC(=O)Nc1cccc([C@@H](c2ccc(C(=O)N3CCC3)cc2)N2CCN(Cc3cccnc3)CC2)c1,0.27174836,train
CCN(C)C(=O)c1ccc([C@H](c2cccnc2)N2CCN(Cc3cscn3)CC2)cc1,0.0031043328,train
CCN(C)C(=O)c1ccc([C@H](c2cccnc2)N2CCN(Cc3ccccn3)CC2)cc1,0.0040146764,val
Cc1n[nH]c(=O)cc1-c1ccc(OC2CCN(C3CCC3)CC2)cc1,0.5762796,train
O=c1cc(-c2ccc(OC3CCN(C4CCC4)CC3)cc2)cn[nH]1,0.88981724,train
CCN(CC)C(=O)c1ccc(C(=C2CCN(Cc3ccc(F)cc3)CC2)c2ccccn2)cc1,0.8133764,train
CCN(CC)C(=O)c1ccc(C(=C2CCN(Cc3ccc(F)cc3)CC2)c2cccnc2)cc1,0.81743455,train
CCN(C)C(=O)c1ccc(C(=C2CCN(Cc3ccc(F)cc3)CC2)c2ccccc2NC(C)=O)cc1,0.4506312,train
CCN(CC)C(=O)c1ccc(C(=C2CCN(Cc3ccc(F)cc3)CC2)c2cccc(NC(C)=O)c2)cc1,0.51227677,train
CCN(CC)C(=O)c1ccc(C(=C2CCN(Cc3ccc(F)cc3)CC2)c2ccc(NC(C)=O)cc2)cc1,0.370595,train
CCN(CC)C(=O)c1ccc(C(=C2CCN(Cc3ccc(F)cc3)CC2)c2ccccc2NC(=O)OC)cc1,0.90243715,train
CCN(CC)C(=O)c1ccc(C(=C2CCN(Cc3ccc(F)cc3)CC2)c2cccc(NC(=O)OC)c2)cc1,0.90585554,train
CCN(CC)C(=O)c1ccc(C(=C2CCN(Cc3ccc(F)cc3)CC2)c2ccc(NC(=O)OC)cc2)cc1,0.8812146,train
CCN(CC)C(=O)c1ccc(C(=C2CCNCC2)c2cccc(F)c2)cc1,0.30691797,train
CCN(CC)C(=O)c1ccc(C(=C2CCNCC2)c2ccccn2)cc1,0.11651615,test
CCN(CC)C(=O)c1ccc(C(=C2CCN(Cc3cscn3)CC2)c2ccccn2)cc1,0.2675613,train
CN(C)C(=O)c1ccc(C(=C2CCN(Cc3cscn3)CC2)c2ccccn2)cc1,0.14407602,train
C[N+](C)(CCCCNC(=O)Cc1ccc(OCc2ccccc2)cc1)CCNC(=O)c1nc(Cl)c(N)nc1N,0.5418418,train
O=c1ccc(-c2ccc(OC3CCN(C4CCC4)CC3)cc2)n[nH]1,0.50608313,train
O=c1ccc(-c2ccc(OC3CCN(C4CCC4)CC3)nc2)n[nH]1,0.443392,train
C[C@H]1CC(=O)NN=C1c1ccc(OC2CCN(C3CCC3)CC2)cc1,0.16094796,train
CC1(C)CC(c2ccc(OC3CCN(C4CCC4)CC3)cc2)=NNC1=O,0.15797792,train
COc1cc(/C=C2\CCCN3C2=NO[C@]3(CO)c2ccc(F)cc2)ccc1-n1cnc(C)c1,0.9675781,train
COc1cc(/C=C2\CCCN3C2=NOC3(C)c2ccc(F)cc2)ccc1-n1cnc(C)c1,0.9992384,train
COc1cc(/C=C2\CCCN([C@@H](C)c3ccc(F)cc3)C2=O)ccc1-n1cnc(C)c1,0.98047674,train
COc1cc(/C=C2\CCCN3C2=NOC[C@@H]3c2cc(F)c(F)c(F)c2)ccc1-n1cnc(C)c1,0.9978102,test
COc1c(Nc2ccc(S(C)(=O)=O)nc2C)ncnc1OC1CCN(C(=O)OC(C)C)CC1,0.05167933,train
CCCOc1sc(C(=O)N2CCC(c3cccc(CN)c3)CC2)c(C)c1Br,0.17614283,val
Cc1nn(C)c(C)c1NS(=O)(=O)c1c(Cl)cc(-c2ccnc(N3CCNCC3)c2)cc1Cl,0.009633207,train
CCN(C(=O)Cc1ccc(S(C)(=O)=O)cc1)C1CCN(CC[C@H](c2ccc(S(C)(=O)=O)cc2)c2cc(F)cc(F)c2)CC1,0.9600165,train
CCN(C(=O)Cc1ccc(S(C)(=O)=O)cc1)C1CCN(CC[C@@H](c2ccccc2)C2CCN(S(C)(=O)=O)CC2)CC1,0.08388646,train
CCN(C(=O)Cc1ccc(S(C)(=O)=O)cc1)C1CCN(CC[C@@H](c2ccccc2)C2CCN(S(=O)(=O)C(F)(F)F)CC2)CC1,0.75290936,train
CCN(C(=O)Cc1ccc(S(C)(=O)=O)cc1)C1CCN(CC[C@@H](c2ccccc2)N2CCN(S(=O)(=O)C(F)(F)F)CC2)CC1,0.8916253,train
CCN(C(=O)Cc1ccc(S(C)(=O)=O)cc1)C1CCN(CC[C@@H](c2ccccc2)N2CCN(S(=O)(=O)CC(F)(F)F)CC2)CC1,0.14278214,train
CCN(C(=O)Cc1ccc(S(C)(=O)=O)cc1)C1CCN(CCC(c2ccccc2)N2CCN(c3ccccc3)CC2)CC1,0.2558128,train
CCN(C(=O)Cc1ccc(S(C)(=O)=O)cc1)C1CCN(CCC(c2ccccc2)N2CCN(c3cccc(F)c3)CC2)CC1,0.52977633,train
CCN(C(=O)Cc1ccc(S(C)(=O)=O)cc1)C1CCN(CCC(c2ccccc2)N2CCN(S(C)(=O)=O)CC2)CC1,0.04570512,train
CCN(C(=O)Cc1ccc(S(C)(=O)=O)cc1)C1CCN(CC[C@@H](c2cccc(OC)c2)C2CCN(S(C)(=O)=O)CC2)CC1,0.0785111,train
CCN(C(=O)Cc1ccc(S(C)(=O)=O)cc1)C1CCN(CC[C@@H](c2cccc(F)c2)C2CCN(S(C)(=O)=O)CC2)CC1,0.11403874,train
CCN(C(=O)Cc1ccc(S(C)(=O)=O)cc1)C1CCN(CC[C@@H](c2cc(F)cc(F)c2)C2CCN(S(C)(=O)=O)CC2)CC1,0.10699907,train
Cc1ccc([C@]2(O)CC[C@H](N3CC[C@@H](NC(=O)CNC(=O)c4cccc(C(F)(F)F)c4)C3)CC2)cc1,0.14079659,train
COc1ccc([C@]2(O)CC[C@H](N3CC[C@@H](NC(=O)CNC(=O)c4cccc(C(F)(F)F)c4)C3)CC2)cn1,0.06911348,val
CC#CCn1c(N2CCCNCC2)c(C#N)c2c1c(=O)n(Cc1nccc3ccccc13)c(=O)n2C,0.052120086,train
COc1cccc(C(=O)Cn2c(=O)c3c(c(C#N)c(N4CCC[C@H](N)C4)n3Cc3ccccc3)n(C)c2=O)c1,0.60227615,train
Cn1c(=O)n(Cc2nccc3ccccc23)c(=O)c2c1c(C#N)c(N1CCC[C@H](N)C1)n2Cc1ccccc1,0.8159603,test
COc1cccc(C(=O)Cn2c(=O)c3c(c(C#N)c(N4CCC[C@H](N)C4)n3CC=C(C)C)n(C)c2=O)c1,0.7804931,train
Cn1c(=O)c2c(c(C#N)c(N3CCC[C@H](N)C3)n2Cc2ccccc2)n(C)c1=O,0.5317077,train
CC(C)=CCn1c(N2CCC[C@H](N)C2)c(C#N)c2c1c(=O)n(Cc1nccc3ccccc13)c(=O)n2C,0.91790557,train
CC(C)=CCn1c(N2CCC[C@H](N)C2)c(C#N)c2c1c(=O)n(Cc1cnc3ccccc3n1)c(=O)n2C,0.8753038,val
CC(C)=CCn1c(N2CCC[C@H](N)C2)c(C#N)c2c1c(=O)n(Cc1nc(C)c3ccccc3n1)c(=O)n2C,0.9640474,train
CC(C)=CCn1c(N2CCC[C@H](N)C2)c(C#N)c2c1c(=O)n(Cc1ncccc1C#N)c(=O)n2C,0.8713757,train
CC#CCn1c(N2CCC[C@H](N)C2)c(C#N)c2c1c(=O)n(Cc1nccc3ccccc13)c(=O)n2C,0.04394469,train
CC#CCn1c(N2CCC[C@H](N)C2)c(C#N)c2c1c(=O)n(CC(=O)c1cccc(OC)c1)c(=O)n2C,0.04975143,train
CC#CCn1c(N2CCC[C@@H](N)C2)c(C#N)c2c1c(=O)n(Cc1nc(C)c3ccccc3n1)c(=O)n2C,0.017769584,train
COc1cccc(C(=O)Cn2c(=O)c3c(c(C#N)c(N4CCCNCC4)n3CC=C(C)C)n(C)c2=O)c1,0.75849724,train
CC(C)=CCn1c(N2CCCNCC2)c(C#N)c2c1c(=O)n(Cc1nccc3ccccc13)c(=O)n2C,0.9084803,train
CC(C)=CCn1c(N2CCCNCC2)c(C#N)c2c1c(=O)n(Cc1cn3ccccc3n1)c(=O)n2C,0.9591666,train
CC(C)=CCn1c(N2CCCNCC2)c(C#N)c2c1c(=O)n(Cc1nc(C)c3ccccc3n1)c(=O)n2C,0.95992523,train
CC(C)=CCn1c(N2CCCNCC2)c(C#N)c2c1c(=O)n(Cc1ncc3ccccc3c1C#N)c(=O)n2C,0.9689352,train
CC(C)=CCn1c(N2CCCNCC2)c(C#N)c2c1c(=O)n(Cc1c(C#N)cnc3ccccc13)c(=O)n2C,0.98485315,train
CC#CCn1c(N2CCCNCC2)c(C#N)c2c1c(=O)n(Cc1nc(C)c3ccccc3n1)c(=O)n2C,0.060116258,train
CC#CCn1c(N2CCCNCC2)c(C#N)c2c1c(=O)n(Cc1c(C#N)cnc3ccccc13)c(=O)n2C,0.121610336,train
CC#CCn1c(N2CCCNCC2)c(C#N)c2c1c(=O)n(Cc1ncc3ccccc3c1C#N)c(=O)n2C,0.08151076,train
CCN(C(=O)Cc1ccc(S(C)(=O)=O)cc1)C1CCN(CC[C@@H](c2cc(F)cc(Cl)c2)C2CCN(S(C)(=O)=O)CC2)CC1,0.24613194,train
CCN(C(=O)Cc1ccc(S(C)(=O)=O)cc1)C1CCN(CC[C@@H](c2cc(C)cc(C)c2)C2CCN(S(C)(=O)=O)CC2)CC1,0.21259397,train
CCN(C(=O)Cc1ccc(S(C)(=O)=O)cc1)C1CCN(CC[C@@H](c2cccc(Cl)c2)C2CCN(S(C)(=O)=O)CC2)CC1,0.23338696,train
CCN(C(=O)Cc1ccc(S(C)(=O)=O)cc1)C1CCN(CC[C@@H](c2cccc(C(F)(F)F)c2)C2CCN(S(C)(=O)=O)CC2)CC1,0.21409328,train
CCN(C(=O)Cc1ccc(S(C)(=O)=O)cc1)C1CCN(CC[C@@H](c2cc(Cl)cc(Cl)c2)C2CCN(S(C)(=O)=O)CC2)CC1,0.46883166,train
FC(F)(F)Oc1cccc(-n2nnc3ccc(NCC4CCNCC4)nc32)c1,0.9922854,train
CN1CCC(CNc2ccc3ncc(-c4cccc(OC(F)(F)F)c4)n3n2)CC1,0.97946644,test
COc1cc(NCC2CCNCC2)nc2c1nnn2-c1cccc(OC(F)(F)F)c1,0.9869354,train
COc1cc(NCC2CCNCC2)nc2c1nnn2-c1cccc(N(C)C)c1,0.5743624,train
FC(F)(F)Oc1cccc(-n2nnc3cc(Cl)c(NCC4CCNCC4)nc32)c1,0.9936625,train
CC(C)=CCn1c(N2CCC[C@H](N)C2)c(C#N)c2ncn(Cc3ccnc4ccccc34)c(=O)c21,0.9409685,test
O=C(N1CCCCC1)N1CC(O[C@@H](c2ccc(Cl)cc2)c2cccnc2Cl)C1,0.66358507,test
O=S1(=O)c2ccccc2-c2ccc(N3CCN4CCC3CC4)cc21,0.8604317,test
CN1CC2CN(c3ccc4oc5ccccc5c(=O)c4c3)CC2C1,0.8187796,train
CCCS(=O)(=O)n1c2c(c3cc(C(=O)N4CCC(C)CC4)ccc31)CN(C1CCOCC1)CC2,0.46298906,train
CCS(=O)(=O)n1c2c(c3cc(C(=O)N4CCC(C)CC4)ccc31)CN(C1CCOCC1)CC2,0.45260808,train
CCCS(=O)(=O)n1c2c(c3cc(C(=O)N4CCC(C)CC4)ccc31)CN(C1CCOC1)CC2,0.22071742,train
CCS(=O)(=O)n1c2c(c3cc(C(=O)N4CCC(C)CC4)ccc31)CN(C1CCOC1)CC2,0.21378049,train
CC1CCN(C(=O)c2ccc3c(c2)c2c(n3C)CCN(C3CCOCC3)C2)CC1,0.12895255,train
Cn1c2c(c3cc(C(=O)N4CCCCC4)ccc31)CN(C1CCOCC1)CC2,0.087105624,train
COc1cc(OC(C)C)cc(S(=O)(=O)c2ccc3c(c2)O[C@H]2CNCC[C@@H]32)c1,0.9946743,val
CS(=O)(=O)N1CCN(Cc2cn3cc(-c4cccc5[nH]ncc45)nc(N4CCOCC4)c3n2)CC1,0.011400542,val
CC(=O)NCCc1ccccc1-c1ccc([C@H]2CNCC[C@@H]2c2ccc(F)c(F)c2)c(Cl)c1,0.9889459,train
CC(=O)NCCc1ccccc1-c1ccc([C@H]2CNCC[C@@H]2c2cccnc2)c(Cl)c1,0.8951672,test
CC(=O)NCCc1ccccc1-c1ccc([C@H]2CNCC[C@@H]2c2ccn(C)c(=O)c2)c(Cl)c1,0.32930294,train
CCC(=O)NCCc1ccccc1-c1ccc([C@H]2CNCC[C@@H]2c2ccn(C)c(=O)c2)c(Cl)c1,0.42600644,train
COC(=O)NCCc1ccccc1-c1ccc([C@H]2CNCC[C@@H]2c2ccn(C)c(=O)c2)c(Cl)c1,0.5670743,train
CCOC(=O)NCCc1ccccc1-c1ccc([C@H]2CNCC[C@@H]2c2ccn(C)c(=O)c2)c(Cl)c1,0.79063416,train
CC(=O)NCCc1ccccc1-c1ccc([C@H]2CNCC[C@]2(O)c2ccc(F)c(F)c2)c(C)c1,0.87010205,train
CC(=O)NCCc1ccccc1-c1ccc([C@H]2CNCC[C@@]23OC(=O)c2cc(F)c(F)cc23)c(C)c1,0.16498175,test
CC(=O)NCCc1ccccc1-c1ccc([C@H]2CNCC[C@@]23OCc2cc(F)c(F)cc23)c(C)c1,0.33815733,train
COCC(F)(F)COCc1ccc([C@@]2(O)CCNC[C@@H]2c2ccc(-c3ccccc3CCNC(C)=O)cc2C)cc1,0.6136497,train
COC[C@H](C)COCc1ccc([C@@]2(O)CCNC[C@@H]2c2ccc(-c3ccccc3CCNC(C)=O)cc2C)cc1,0.807377,train
CC(=O)NCCc1ccccc1-c1ccc([C@@H](CN)Cc2ccc(OCCOc3c(Cl)cc(C)cc3Cl)cc2)c(C)c1,0.9954976,train
O=C(c1cccn2ccnc12)N1CCN(CCc2ccc(F)cc2F)CC1,0.79294276,train
CN[C@H]1CC[C@@H](N2CCc3ccc(N=C(N)c4cccs4)cc32)CC1,0.03682524,train
CN1CCC[C@H]1CCN1CCCc2cc(N=C(N)c3cccs3)ccc21,0.38846543,test
Cc1nc2ccc(Oc3ccc(F)cc3)cc2c(=O)n1C[C@H]1CCCN(C(C)C)C1,0.8053927,test
Cc1nc2ncc(Oc3ccc(F)cc3)cc2c(=O)n1C[C@H]1CCCN(C(C)C)C1,0.65206736,train
Cc1nc2ccc(Oc3ccc(F)cc3)nc2c(=O)n1C[C@H]1CCCN(C(C)C)C1,0.24160968,train
Cc1nc2ccc(Oc3ccc(Cl)cc3F)nc2c(=O)n1C[C@H]1CCCN(C(C)C)C1,0.57260996,train
COc1ccc2cccc(Oc3ccc4nc(C)n(C[C@H]5CCCN(C(C)C)C5)c(=O)c4n3)c2n1,0.37412772,train
Cc1nc2cnc(Oc3ccc(F)cc3)cc2c(=O)n1C[C@H]1CCCN(C(C)C)C1,0.55961555,train
Cc1nc2cnc(Oc3ccc(Cl)cc3F)cc2c(=O)n1C[C@H]1CCCN(C(C)C)C1,0.8409196,train
Cc1nc2cnc(Oc3ccc4ncsc4c3)cc2c(=O)n1C[C@H]1CCCN(C(C)C)C1,0.3031903,train
Cc1nc2cnc(Oc3ccc(F)c4cccnc34)cc2c(=O)n1C[C@H]1CCCN(C(C)C)C1,0.2956296,train
Cc1nc2ncc(Oc3ccc(F)cc3)nc2c(=O)n1C[C@H]1CCCN(C(C)C)C1,0.046370633,train
Cc1nc2cnc(Oc3cccc4cccnc34)cc2c(=O)n1C[C@H]1CCCN(C(C)C)C1,0.1527266,train
Cc1nc2ncc(Oc3ccc(Cl)cc3F)nc2c(=O)n1C[C@H]1CCCN(C(C)C)C1,0.15476993,train
Cc1nc2ncc(Oc3ccc(F)c4cccnc34)nc2c(=O)n1C[C@H]1CCCN(C(C)C)C1,0.01501398,train
Cc1nc2ccc(Oc3ccc(F)c4cccnc34)nc2c(=O)n1C[C@H]1CCCN(C(C)C)C1,0.09837875,train
Cc1nc2ncc(Oc3ccc(Br)cc3F)cc2c(=O)n1C[C@H]1CCCN(C(C)C)C1,0.89868194,train
Cc1nc2ccc(Oc3ccc4c(c3)OCO4)nc2c(=O)n1C[C@H]1CCCN(C(C)C)C1,0.21942553,train
Nc1ncnc(Nc2ccc(Oc3ccc(Cl)cc3)cc2)n1,0.9843536,train
Nc1ccnc(Nc2ccc(Oc3ccc(Cl)cc3)cc2)n1,0.99381787,train
Nc1nccc(Nc2ccc(Oc3ccc(Cl)cc3)cc2)n1,0.9885174,train
Nc1cncc(Nc2ccc(Oc3ccc(Cl)cc3)cc2)c1,0.99079823,train
Nc1ccnc(Nc2ccc(Oc3ccc(Cl)cc3)cc2)c1,0.9937465,train
Nc1cncc(Nc2ccc(Oc3ccc(Cl)cc3)cc2)n1,0.9542344,train
CN(c1ccc(Cl)cc1)c1ccc(Nc2nccc(N)n2)cc1,0.9640343,test
Nc1ccnc(Nc2ccc(Oc3ccccc3Cl)cc2)n1,0.99122953,train
Nc1ccnc(Nc2ccc(Oc3ccc(F)cc3)cc2)n1,0.9836536,train
Cc1ccc(Oc2ccc(Nc3nccc(N)n3)cc2)cc1,0.97515374,train
Nc1ccnc(Nc2ccc(Oc3ccc(C4CC4)cc3)cc2)n1,0.95435786,test
N#Cc1ccc(Oc2ccc(Nc3nccc(N)n3)cc2)cc1,0.99129117,train
Nc1ccnc(Nc2ccc(Oc3ccc(C(F)(F)F)cc3)cc2)n1,0.9935021,train
Nc1ccnc(Nc2ccc(Oc3ccc(OC(F)(F)F)cc3)cc2)n1,0.9982046,train
Nc1cncc(Nc2ccc(Oc3ccc(F)cc3)cc2)n1,0.86658835,train
Cc1ccc(Oc2ccc(Nc3cncc(N)n3)cc2)cc1,0.8075005,train
Nc1cncc(Nc2ccc(Oc3ccc(C(F)(F)F)cc3)cc2)n1,0.9439003,train
Nc1cncc(Nc2ccc(Oc3ccc(OC(F)(F)F)cc3)cc2)n1,0.98417735,train
Cc1c(C)n(Cc2ccccc2)c2ncnc(OC3CCN(Cc4cscn4)CC3)c12,0.9964694,train
Cc1cn(Cc2ccccc2)c2ncnc(OC3CCN(Cc4cscn4)CC3)c12,0.9923793,train
Fc1cn(Cc2ccccc2)c2ncnc(OC3CCN(Cc4cscn4)CC3)c12,0.9846293,train
Clc1cn(Cc2ccccc2)c2ncnc(OC3CCN(Cc4cscn4)CC3)c12,0.9971046,train
FC(F)(F)c1nc(OC2CCN(Cc3cscn3)CC2)c2ccn(Cc3ccccc3)c2n1,0.99928385,train
Fc1ccccc1Cn1ccc2c(OC3CCN(Cc4cscn4)CC3)ncnc21,0.9513238,train
Fc1cccc(Cn2ccc3c(OC4CCN(Cc5cscn5)CC4)ncnc32)c1,0.99512035,train
Clc1cccc(Cn2ccc3c(OC4CCN(Cc5cscn5)CC4)ncnc32)c1,0.99786806,train
Cc1ccccc1Cn1ccc2c(OC3CCN(Cc4cscn4)CC3)ncnc21,0.9590368,train
Cc1cccc(Cn2ccc3c(OC4CCN(Cc5cscn5)CC4)ncnc32)c1,0.994263,train
Cc1ccc(Cn2ccc3c(OC4CCN(Cc5cscn5)CC4)ncnc32)cc1,0.98974305,train
FC(F)(F)c1ccccc1Cn1ccc2c(OC3CCN(Cc4cscn4)CC3)ncnc21,0.998776,train
FC(F)(F)c1cccc(Cn2ccc3c(OC4CCN(Cc5cscn5)CC4)ncnc32)c1,0.99480927,train
Fc1cccc(Cn2ccc3c(OC4CCN(Cc5cscn5)CC4)ncnc32)c1F,0.97732484,train
Fc1c(Cl)cccc1Cn1ccc2c(OC3CCN(Cc4cscn4)CC3)ncnc21,0.9800222,train
Fc1c(Cn2ccc3c(OC4CCN(Cc5cscn5)CC4)ncnc32)cccc1C(F)(F)F,0.97822696,train
Fc1cccc(F)c1Cn1ccc2c(OC3CCN(Cc4cscn4)CC3)ncnc21,0.91605073,train
c1ccc(CN2CCC(Oc3ncnc4c3ccn4Cc3ccccc3)CC2)cc1,0.9956398,test
Cc1cccc(CN2CCC(Oc3ncnc4c3ccn4Cc3ccccc3)CC2)n1,0.9924891,train
Cc1ccc(CN2CCC(Oc3ncnc4c3ccn4Cc3ccccc3)CC2)nc1,0.98246723,train
Cc1ccnc(CN2CCC(Oc3ncnc4c3ccn4Cc3ccccc3)CC2)c1,0.99652714,train
Cc1cccnc1CN1CCC(Oc2ncnc3c2ccn3Cc2ccccc2)CC1,0.98463297,train
Fc1cccc(CN2CCC(Oc3ncnc4c3ccn4Cc3ccccc3)CC2)n1,0.9949197,train
Fc1ccc(CN2CCC(Oc3ncnc4c3ccn4Cc3ccccc3)CC2)nc1,0.9818709,train
Fc1ccccc1Cn1ccc2c(OC3CCN(Cc4ccccn4)CC3)ncnc21,0.96378076,train
Fc1cccc(Cn2ccc3c(OC4CCN(Cc5ccccn5)CC4)ncnc32)c1F,0.98323905,train
Fc1c(Cl)cccc1Cn1ccc2c(OC3CCN(Cc4ccccn4)CC3)ncnc21,0.9852036,train
Fc1c(Cn2ccc3c(OC4CCN(Cc5ccccn5)CC4)ncnc32)cccc1C(F)(F)F,0.9839065,train
c1ccc(Cn2ccc3c(OC4CCN(Cc5cscn5)CC4)ncnc32)cc1,0.9812893,train
Cc1nc2c(OC(F)F)cccc2n1-c1ccc(C(=O)NC2CC2)s1,0.19748537,train
Cc1nc2c(C#N)cccc2n1-c1ccc(C(=O)NC2CC2)s1,0.07372101,train
CCC(NCCCCC(Cc1cc(C)c(F)c(C)c1)C(O)=NO)c1ccc(F)cc1,0.9264745,train
CCC(NCCCCC(C[C@@H](OC)c1ccc(F)cc1)C(O)=NO)c1ccc(F)cc1,0.63634384,train
Cc1cc(CC(CCCCNCc2ccc(F)cc2)C(O)=NO)cc(C)c1F,0.9486027,train
CCC(NCCCCC(Oc1cc(C)c(F)c(C)c1)C(O)=NO)c1ccc(F)cc1,0.3968794,train
CO[C@H](CC(CCCCNCc1ccc(F)cc1)C(O)=NO)c1ccc(F)cc1,0.8716123,train
Cc1cc(NC(CCCCNCc2ccc(F)cc2)C(O)=NO)cc(C)c1F,0.8900562,train
CCC(NCCCCC(Nc1cc(C)c(F)c(C)c1)C(O)=NO)c1ccc(F)cc1,0.80879074,train
Cc1cc(OC(CCCCNCc2ccc(F)cc2)C(O)=NO)cc(C)c1F,0.5665032,train
CN(C(=O)Cc1ccc(S(C)(=O)=O)cc1)[C@@H]1CCN(Cc2nc3cc(F)ccc3s2)C[C@@H]1F,0.71685946,train
CN(C(=O)Cc1ccc(S(C)(=O)=O)cc1)[C@@H]1CCN(Cc2nc3ccccc3s2)C[C@@H]1F,0.4326981,train
CN(C(=O)Cc1ccc(S(C)(=O)=O)cc1)[C@@H]1CCN(Cc2ccc(C(F)(F)F)cc2)C[C@@H]1F,0.97864574,train
CN(C(=O)Cc1ccc(-n2cnnn2)cc1)[C@@H]1CCN(Cc2nc3cc(F)ccc3s2)C[C@@H]1F,0.4979604,train
CN(C(=O)Cc1ccc(-n2cnnn2)cc1)[C@@H]1CCN(Cc2ccc(C(F)(F)F)nc2)C[C@@H]1F,0.16677932,train
CN(C(=O)Cc1ccc(-n2cnnn2)cc1)[C@@H]1CCN(Cc2ccc(C(F)(F)F)cn2)C[C@@H]1F,0.5566075,train
CO[C@H]1CN(Cc2ccc(C(F)(F)F)cc2)CC[C@H]1N(C)C(=O)Cc1ccc(-n2cnnn2)cc1,0.9135392,train
CO[C@@H]1CN(Cc2ccc(C(F)(F)F)cc2)CC[C@@H]1N(C)C(=O)Cc1ccc(-n2cnnn2)cc1,0.8338545,train
CN(C(=O)Cc1ccc(-n2cnnn2)cc1)[C@@H]1CCN(Cc2ccc(C(F)(F)F)cc2)C[C@@H]1F,0.9477099,train
CN(C(=O)Cc1ccc(-n2cnnn2)cc1)[C@H]1CCN(Cc2ccc(C(F)(F)F)cc2)C[C@H]1F,0.9550099,train
CN(C(=O)Cc1ccc(-n2cnnn2)cc1)C1CCN(Cc2nc3c(s2)CCCC3)CC1,0.09871481,test
CN(C(=O)Cc1ccc(-n2cnnn2)cc1)C1CCN(Cc2nc3cc(F)ccc3s2)CC1,0.48382115,train
Cc1nc(-c2ccc(CN3CCC(N(C)C(=O)Cc4ccc(-n5cnnn5)cc4)CC3)cc2)no1,0.89846593,train
CN(C(=O)Cc1ccc(-n2cnnn2)cc1)C1CCN(Cc2ccc(C(F)(F)F)c(F)c2)CC1,0.9550462,train
CN(C(=O)Cc1ccc(-n2cnnn2)cc1)C1CCN(Cc2ccc(C(F)(F)F)nc2)CC1,0.2572477,train
CN(C(=O)Cc1ccc(-n2cnnn2)cc1)C1CCN(Cc2ccc(C(F)(F)F)cn2)CC1,0.72556317,train
CN(C(=O)Cc1ccccc1)C1CCN(Cc2ccc(C(F)(F)F)cc2)CC1,0.98842674,train
CN(C(=O)Cc1ccc(-n2cnnn2)cc1)C1CCN(Cc2ccc(C(F)(F)F)cc2)CC1,0.9701818,train
CC(=O)Nc1ccc(CC(=O)N(C)C2CCN(Cc3ccc(C(F)(F)F)cc3)CC2)cc1,0.8741572,train
CNC(=O)c1ccc(CC(=O)N(C)C2CCN(Cc3ccc(C(F)(F)F)cc3)CC2)cc1,0.91020346,train
CN(C(=O)Cc1ccc(S(C)(=O)=O)c(F)c1)C1CCN(Cc2ccc(C(F)(F)F)cc2)CC1,0.9416725,train
CN(C(=O)Cc1ccc(S(C)(=O)=O)cc1F)C1CCN(Cc2ccc(C(F)(F)F)cc2)CC1,0.9682469,train
CN(C(=O)Cc1ccc(S(C)(=O)=O)cc1)C1CCN(Cc2ccc(C(F)(F)F)cc2)CC1,0.982396,train
CCN(C(=O)Cc1ccc(S(C)(=O)=O)cc1)C1CCN(Cc2ccc(C(F)(F)F)cc2)CC1,0.8937121,train
CC(C)Cn1c2ccc(Nc3ncccn3)cc2c2c3c(c4c(c21)CCc1nn(C)cc1-4)C(=O)NC3,0.046753556,val
N[C@H]1CN(c2ccc(-n3ccc(OCc4ccccc4)cc3=O)cn2)C[C@@H]1c1cc(F)ccc1F,0.90485144,train
N[C@H]1CN(c2ccc(-n3ccc(OCc4ccccc4)cc3=O)cn2)C[C@@H]1c1cc(F)c(F)cc1F,0.7806396,train
NC(=O)CN1CCN(Cc2nc(-c3cn(CC4CCOCC4)c4c(Cl)cccc34)no2)CC1,0.23760542,test
Cc1nc(N2CCC(N3CCCC3)CC2)nc2ccc(NC(=O)COc3ccc(Cl)cc3)cc12,0.9967204,val
Cc1nc(N2CCC(N3CCCC3=O)CC2)nc2ccc(NC(=O)COc3ccc(OC(F)(F)F)cc3)cc12,0.98768204,test
COc1cc(-c2cn(CC(=O)N(c3ccccc3)c3ccccc3)nn2)ccc1-n1cnc(C)c1,0.731715,val
COc1cc(-c2cn(CC(=O)N(c3ccccc3)C3CCCCC3)nn2)ccc1-n1cnc(C)c1,0.74321,test
COc1cc(-c2cn(CC(=O)NC3C4CC5CC(C4)CC3C5)nn2)ccc1-n1cnc(C)c1,0.9961467,train
COc1cc(-c2cn(CC(=O)N(Cc3ccc(F)cc3)C3C4CC5CC(C4)CC3C5)nn2)ccc1-n1cnc(C)c1,0.9998971,val
COc1cc(-c2cn(CC(=O)N(Cc3ccccc3)Cc3ccccc3)nn2)ccc1-n1cnc(C)c1,0.9962714,train
COc1cc(-c2cn(CC(=O)N(Cc3ccccc3)[C@H](C)c3ccccc3)nn2)ccc1-n1cnc(C)c1,0.99505347,train
COc1cc(-c2cn(CC(=O)N([C@H](C)c3ccccc3)[C@H](C)c3ccccc3)nn2)ccc1-n1cnc(C)c1,0.99860555,train
COc1cc(-c2cn(CC(=O)N(C3CCCCC3)C3CCCCC3)nn2)ccc1-n1cnc(C)c1,0.9015873,train
COc1cc(-c2cn(CC(=O)N3CCC(c4nc5ccccc5o4)CC3)nn2)ccc1-n1cnc(C)c1,0.3583819,train
COc1cc(-c2cn(CC(=O)N(Cc3ccccc3)CC(F)(F)F)nn2)ccc1-n1cnc(C)c1,0.982486,train
COc1cc(-c2cn(CC(=O)N(CC(F)(F)F)c3ccc4c(c3)CCC4)nn2)ccc1-n1cnc(C)c1,0.9486369,train
COc1cc(-c2cn(CC(=O)N(CC(F)(F)F)c3ccc4c(c3)OC(F)(F)O4)nn2)ccc1-n1cnc(C)c1,0.9658753,train
COc1cc(-c2cn(CC(=O)N(CC(F)(F)F)c3ccc4ccccc4c3)nn2)ccc1-n1cnc(C)c1,0.9809394,train
COc1cc(-c2cn(CC(=O)N(CC(F)(F)F)c3cccc4ccccc34)nn2)ccc1-n1cnc(C)c1,0.9725405,val
COc1cc(-c2cn(C3CCCCNC3=O)nn2)ccc1-n1cnc(C)c1,0.054875407,train
COc1cc(-c2cn(C3C(=O)NC4CCC3C4)nn2)ccc1-n1cnc(C)c1,0.017865881,test
COc1cc(-c2cn(C3CC(C)(C)CCNC3=O)nn2)ccc1-n1cnc(C)c1,0.06594799,train
COc1cc(-c2cn(C3CC[C@H]4CCCC[C@@H]4NC3=O)nn2)ccc1-n1cnc(C)c1,0.099123046,train
COc1cc(-c2cn(C3CC([Si](C)(C)C)CCNC3=O)nn2)ccc1-n1cnc(C)c1,0.09416707,train
COc1cc(-c2cn(C3CCCC(C(C)(C)C)NC3=O)nn2)ccc1-n1cnc(C)c1,0.009730562,train
COc1cc(-c2cn(C3CC(C4CCCCC4)CCNC3=O)nn2)ccc1-n1cnc(C)c1,0.36220434,test
COc1cc(-c2cn(C3C[C@@H](C(C)(C)C)CCN(CC45CC6CC(CC(C6)C4)C5)C3=O)nn2)ccc1-n1cnc(C)c1,0.99956197,train
COc1cc(-c2cn(C3C[C@@H](C(C)(C)C)CCN(CC(C)(C)C)C3=O)nn2)ccc1-n1cnc(C)c1,0.5966807,train
COc1cc(-c2cn(C3CC[C@H](c4ccccc4)CN(Cc4ccccc4)C3=O)nn2)ccc1-n1cnc(C)c1,0.9303419,val
COc1cc(-c2cn(C3C[C@@H](C(F)(F)F)CCN(Cc4ccccc4)C3=O)nn2)ccc1-n1cnc(C)c1,0.22090834,train
COc1cc(-c2cn(C3C[C@@H]([Si](C)(C)C)CCN(Cc4ccccc4)C3=O)nn2)ccc1-n1cnc(C)c1,0.3195154,train
COc1cc(-c2cn(C3C[C@@H](C(F)(F)F)CCN(CC(F)(F)F)C3=O)nn2)ccc1-n1cnc(C)c1,0.039585672,train
COc1cc(-c2cn(C3C[C@@H](C(F)(F)F)CN(CC(F)(F)F)C3=O)nn2)ccc1-n1cnc(C)c1,0.050093062,train
COc1cc(-c2cn(C3CCCCN(CC(F)(F)F)C3=O)nn2)ccc1-n1cnc(C)c1,0.32603192,train
COc1cc(-c2cn(C3C[C@@H](c4ccccc4)CCN(CC(F)(F)F)C3=O)nn2)ccc1-n1cnc(C)c1,0.6907798,val
COc1cc(-c2cn(C3C[C@@H](C(C)(C)C)CCN(CC(F)(F)F)C3=O)nn2)ccc1-n1cnc(C)c1,0.71106666,train
Cc1nc(N2CCC(O)CC2)nc2ccc(NC(=O)/C=C/c3ccc(OC(F)(F)F)cc3)cc12,0.9129629,train
Cc1nc(N2CCC(O)(C3CC3)CC2)nc2ccc(NC(=O)/C=C/c3ccc(Cl)cc3)cc12,0.9133149,train
Cc1nc(N2CCC(O)(C3CC3)CC2)nc2ccc(NC(=O)/C=C/c3ccc(C(F)F)cc3)cc12,0.8705061,train
COCC(=O)NC1CCN(c2nc(C)c3cc(NC(=O)/C=C/c4ccc(Cl)cc4)ccc3n2)CC1,0.93184805,train
O[C@]1(c2ccc(F)c(F)c2)CCNC[C@@H]1c1cc(-c2ccc(F)cc2Br)no1,0.95656943,train
O[C@]1(c2ccc(F)c(F)c2)CCNC[C@@H]1c1cc(-c2c(Cl)cccc2Cl)no1,0.95739424,train
O[C@]1(c2ccc(F)c(F)c2)CCNC[C@@H]1c1cc(-c2ccc(F)cc2Cl)no1,0.9600421,train
O[C@]1(c2ccc(F)c(F)c2)CCNC[C@@H]1c1onc(-c2ccccc2Cl)c1Br,0.9126479,train
Cc1cccc(-c2noc([C@H]3CNCC[C@]3(O)c3ccc(F)c(F)c3)c2Br)c1C,0.51499456,train
O[C@]1(c2ccc(F)c(F)c2)CCNC[C@@H]1c1onc(-c2c(Cl)cccc2Cl)c1Br,0.9447072,train
O[C@]1(c2ccc(F)c(F)c2)CCNC[C@@H]1c1onc(-c2cccc3ccccc23)c1Br,0.94697225,test
CC(=O)NCCc1ccccc1-c1noc([C@H]2CNCC[C@]2(O)c2ccc(F)c(F)c2)c1Br,0.14910416,train
CC(=O)NCCc1ccccc1-c1onc([C@H]2CNCC[C@]2(O)c2ccc(F)c(F)c2)c1Br,0.028268168,train
O[C@]1(c2ccc(F)c(F)c2)CCNC[C@@H]1c1cc(-c2c(Cl)cccc2Cl)on1,0.93795466,train
CC(=O)NCCc1cc(F)ccc1-c1onc([C@H]2CNCC[C@]2(O)c2ccc(F)c(F)c2)c1Br,0.040005136,train
CC(=O)NCCc1ccccc1-c1cc([C@H]2CNCC[C@]2(O)c2ccc(F)c(F)c2)no1,0.69221663,train
CC(=O)NCCc1ccccc1-c1onc([C@H]2CNCC[C@]2(O)c2ccc(F)c(F)c2)c1Cl,0.091990314,train
CC(=O)NCCc1ccccc1-c1onc([C@H]2CNCC[C@]2(O)c2ccc(F)c(F)c2)c1C(C)=O,0.09845258,train
CC(=O)NCCc1ccccc1-c1onc([C@H]2CNCC[C@]2(O)c2ccc(F)c(F)c2)c1C(C)O,0.09535905,train
CC(=O)NCCc1ccccc1-c1onc([C@H]2CNCC[C@@H]2c2ccc(F)c(F)c2)c1Br,0.075996056,train
CO[C@]1(c2ccc(F)c(F)c2)CCNC[C@@H]1c1noc(-c2ccccc2CCNC(C)=O)c1Br,0.020081015,train
CC(=O)NCCc1ccccc1-c1onc([C@H]2CNCC[C@]2(C(N)=O)c2ccc(F)c(F)c2)c1Br,0.012310576,train
COC[C@H](C)COCc1ccc([C@@]2(O)CCNC[C@@H]2c2noc(-c3ccccc3CCNC(C)=O)c2Br)cc1,0.07149962,train
CC(=O)N1CCC(C(=O)N(CCCN2CCN(Cc3ccc(F)cc3)CC2)c2ccc(C)c(Cl)c2)CC1,0.88692385,val
Nc1ncc(-c2cnn(CCO)c2)c2scc(-c3ccc(NC(=O)Nc4cccc(F)c4)cc3)c12,0.96609926,test
c1ccc(-n2cc(-c3ccnc4ccccc34)cn2)cc1,0.92333466,train
COc1ccc2c(-c3cnn(-c4ccccc4)c3)ccnc2c1,0.8902944,train
CCOc1cc2nccc(Oc3cnc(CC(=O)Nc4[nH]nc(CC)c4C)c(OC)c3)c2cc1OC,0.062329765,val
CCN(CC)CCCNc1nnc(-c2ccc(NC(=O)c3ccccc3F)cc2)o1,0.21375588,train
O=C(Nc1ccc(-c2nnc(NCCCN3CCCC3)o2)cc1)c1ccccc1F,0.32586378,train
O=C(Nc1ccc(-c2nnc(NCCCN3CCCCC3)o2)cc1)c1ccccc1F,0.36352533,train
O=C(Nc1ccc(-c2nnc(NCCCN3CCCCCC3)o2)cc1)c1ccccc1F,0.38939995,test
O=C(Nc1ccc(-c2nnc(NCCCN3CCOCC3)o2)cc1)c1ccccc1F,0.093979165,train
O=C(Nc1ccc(-c2nnc(NCCCN3CCCCC3)o2)cc1)c1ccccc1,0.35747913,train
O=C(Nc1ccc(-c2nnc(NCCCN3CCCCC3)o2)cc1)c1ccccc1Cl,0.48795578,train
Cc1ccccc1C(=O)Nc1ccc(-c2nnc(NCCCN3CCCCC3)o2)cc1,0.5039016,train
O=C(Nc1ccc(-c2nnc(NCCCN3CCCCC3)o2)cc1)c1cccc(F)c1,0.4900386,train
O=C(Nc1ccc(-c2nnc(NCCCN3CCCCC3)o2)cc1)c1ccc(F)cc1,0.51273483,train
O=C(Nc1ccc(-c2nnc(NCCCN3CCCCC3)o2)cc1)c1c(F)cccc1F,0.18277678,train
O=C(Nc1ccc(-c2nnc(NCCCN3CCCCC3)o2)cc1)C1CCCC1,0.19234583,val
O=C(Nc1ccc(-c2nnc(NCCCN3CCCCC3)o2)cc1)C1CCCCC1,0.22330646,train
O=C(Nc1ccc(-c2nnc(NCCCN3CCCCC3)o2)cc1)C1CCCCCC1,0.2314856,val
O=C(Nc1ccc(-c2nnc(NCCCN3CCCCC3)o2)cc1F)c1ccccc1F,0.2711075,train
CCc1cc(-c2nnc(NCCCN3CCCCC3)o2)ccc1NC(=O)c1ccccc1F,0.2006197,train
Cc1cc(-c2nnc(NCCCN3CCCCC3)o2)ccc1NC(=O)c1ccccc1F,0.23250563,train
O=C(Nc1ccc(-c2nnc(NCCCN3CCCCC3)o2)c(Cl)c1)c1ccccc1F,0.5277598,train
Cc1cc(NC(=O)c2ccccc2F)ccc1-c1nnc(NCCCN2CCCCC2)o1,0.5121191,train
COc1cc(NC(=O)c2ccccc2F)ccc1-c1nnc(NCCCN2CCCCC2)o1,0.677266,train
COc1cc(NC(=O)c2ccccc2F)ccc1-c1nnc(NCCCN2CCOCC2)o1,0.26578298,train
CCOc1cc(NC(=O)c2ccccc2F)ccc1-c1nnc(NCCCN2CCCCC2)o1,0.6614833,train
O=C(Nc1ccc(-c2nnc(NCCCN3CCCCC3)o2)c(F)c1)c1ccccc1F,0.43591756,train
O=C(Nc1ccc(-c2nnc(NCCCN3CCCCC3)o2)c(C(F)(F)F)c1)c1ccccc1F,0.85549766,train
CCc1cc(NC(=O)c2ccccc2F)ccc1-c1nnc(NCCCN2CCCCC2)o1,0.37919965,train
O=C(Nc1ccc(-c2nnc(NCCCN3CCCOCC3)o2)cc1)c1ccccc1F,0.11953621,val
C[C@@H]1CC[C@@H](C)N1CCCNc1nnc(-c2ccc(NC(=O)c3ccccc3F)cc2)o1,0.84214854,train
CN1CCN(CCCNc2nnc(-c3ccc(NC(=O)c4ccccc4F)cc3)o2)CC1,0.20780608,test
O=C(Nc1ccc(-c2nnc(NCCCN3CCC(F)CC3)o2)cc1)c1ccccc1F,0.5312304,train
O=C(Nc1ccc(-c2nnc(NCCCN3C[C@@H]4CC[C@H]3C4)o2)cc1)c1ccccc1F,0.9667859,train
O=C(Nc1ccc(-c2nnc(NCCCN3CCN4CCC3CC4)o2)cc1)c1ccccc1F,0.06751705,train
O=C(Nc1ccc(-c2nnc(NCCCCN3CCOCC3)o2)cc1)c1ccccc1F,0.034072056,train
O=C(Nc1ccc(-c2nnc(NCCCCN3CCCOCC3)o2)cc1)c1ccccc1F,0.038825784,train
O=C(Nc1ccc(-c2nnc(NCCCCN3CCCC3)o2)cc1)c1ccccc1F,0.08712693,test
CCN(CC)CCCCNc1nnc(-c2ccc(NC(=O)c3ccccc3F)cc2)o1,0.07179942,train
O=C(Nc1ccc(-c2nnc(NCCCCN3CCCCC3)o2)cc1)c1ccccc1F,0.100934565,train
O=C(Nc1ccc(-c2nnc(NCCCCN3CCCCC3)o2)cc1)c1ccccc1,0.108392015,train
O=C(Nc1ccc(-c2nnc(NCCCCN3CCCCC3)o2)cc1)C1CCCCC1,0.08218856,train
COc1cc(NC(=O)c2ccccc2F)ccc1-c1nnc(NCCCCN2CCCCC2)o1,0.25289145,train
O=C(Nc1ccc(-c2nnc(NCCCCN3CCCCC3)o2)c(Cl)c1)c1ccccc1F,0.15347725,train
O=C(Nc1ccc(-c2nnc(NCCCCN3CCOCC3)o2)c(F)c1)c1ccccc1F,0.030982286,train
O=C(Nc1ccc(-c2nnc(NCCCCN3CCOCC3)o2)c(F)c1)c1ccccc1,0.035717633,train
O=C(Nc1ccc(-c2nnc(NCCCCN3CCC(F)CC3)o2)cc1)c1ccccc1F,0.15472211,train
NS(=O)(=O)c1ccc(OCCN2CCCCC2)cc1,0.09795711,train
CCOC(=O)C1CCN(CCOc2ccc(S(N)(=O)=O)cc2)CC1,0.06660251,train
NS(=O)(=O)c1ccc(OCCCN2CCCCC2)cc1,0.15483421,train
CCOC(=O)C1CCN(CCCOc2ccc(S(N)(=O)=O)cc2)CC1,0.14796776,train
NS(=O)(=O)c1ccc(OCCCCN2CCCCC2)cc1,0.0947594,train
CCOC(=O)C1CCN(CCCCOc2ccc(S(N)(=O)=O)cc2)CC1,0.06675926,train
CC(C)NC(=O)NS(=O)(=O)c1ccc(OCCN2CCCCC2)cc1,0.04016979,train
O=C(Nc1ccccc1)NS(=O)(=O)c1ccc(OCCN2CCCCC2)cc1,0.0613324,train
CCOC(=O)C1CCN(CCCOc2ccc(S(=O)(=O)NC(=O)Nc3ccccc3)cc2)CC1,0.07150439,test
O=C(Nc1ccc(C(F)(F)F)cc1)NS(=O)(=O)c1ccc(OCCCCN2CCCC2)cc1,0.12648608,val
Cc1cccc(C(CCCN)(c2ccccc2)c2ccccc2)c1,0.9911323,train
Cc1ccc(C(=O)N(CCCN)[C@@H](c2nc3cc(Cl)ccc3c(=O)n2Cc2ccccc2)C(C)C)cc1,0.7459287,test
C[C@H]1c2c([nH]c3ccc(C(F)(F)F)cc23)C[C@H]2CCN(CCCC3CCOCC3)C[C@@H]21,0.9996371,train
C[C@H]1c2c([nH]c3ccc(C(F)(F)F)cc23)C[C@H]2CCN(CCCC3(C(=O)O)CCOCC3)C[C@@H]21,0.92894,train
O=C(NCC(=O)N1CC[C@H](N[C@H]2CC[C@@](O)(c3ccc(-c4ncccn4)cn3)CC2)C1)c1cccc(C(F)(F)F)c1,0.16898695,test
O=C(C1CCN(c2nccc(C(F)(F)F)n2)CC1)N1CC[C@H](N[C@H]2CC[C@@](O)(c3ccc(-c4ncccn4)cn3)CC2)C1,0.42203844,test
O=C(C1CCN(c2cc(C(F)(F)F)ccn2)CC1)N1CC[C@H](N[C@H]2CC[C@@](O)(c3ccc(-c4ncccn4)cn3)CC2)C1,0.3500389,train
O=C(C1CCN(c2cccc(C(F)(F)F)n2)CC1)N1CC[C@H](N[C@H]2CC[C@@](O)(c3ccc(-c4ncccn4)cn3)CC2)C1,0.29632205,train
O=C(C1CCN(c2cccc(C(F)(F)F)c2)CC1)N1CC[C@H](N[C@H]2CC[C@@](O)(c3ccc(-c4ncccn4)cn3)CC2)C1,0.5890079,train
O=C(NCC(=O)N1CC[C@H](N[C@H]2CC[C@@](O)(c3ccc(-c4ccncc4)cn3)CC2)C1)c1cccc(C(F)(F)F)c1,0.24320975,val
O=C(NCC(=O)N1CC[C@H](N[C@H]2CC[C@@](O)(c3ccc(-c4cccnc4)cn3)CC2)C1)c1cccc(C(F)(F)F)c1,0.2790227,val
Cc1ccc([C@]2(O)CC[C@H](N[C@H]3CCN(C(=O)CNC(=O)c4cccc(C(F)(F)F)c4)C3)CC2)nc1,0.1615672,val
CNC(=O)c1ccc(-c2ccc3c(c2)CCN(CCN2CCCC2)C3=O)cc1,0.32872903,train
CCNC(=O)c1ccc(-c2ccc3c(c2)CCN(CCN2CCCC2)C3=O)cc1,0.2686525,train
CC(C)NC(=O)c1ccc(-c2ccc3c(c2)CCN(CCN2CCCC2)C3=O)cc1,0.29952127,train
O=C(NC1CC1)c1ccc(-c2ccc3c(c2)CCN(CCN2CCCC2)C3=O)cc1,0.29881385,train
O=C(NC1CCC1)c1ccc(-c2ccc3c(c2)CCN(CCN2CCCC2)C3=O)cc1,0.3186115,test
O=C(NC1CCCC1)c1ccc(-c2ccc3c(c2)CCN(CCN2CCCC2)C3=O)cc1,0.4020622,train
CN(C)C(=O)c1ccc(-c2ccc3c(c2)CCN(CCN2CCCC2)C3=O)cc1,0.30582345,train
O=C(c1ccc(-c2ccc3c(c2)CCN(CCN2CCCC2)C3=O)cc1)N1CCCC1,0.2721712,train
C[C@@H]1CCCN1C(=O)c1ccc(-c2ccc3c(c2)CCN(CCN2CCCC2)C3=O)cc1,0.12967475,train
C[C@H]1CCCN1C(=O)c1ccc(-c2ccc3c(c2)CCN(CCN2CCCC2)C3=O)cc1,0.16895047,train
O=C(c1ccc(-c2ccc3c(c2)CCN(CCN2CCCC2)C3=O)c(F)c1)N1CCCC1,0.25771853,train
O=C(c1ccc(-c2ccc3c(c2)CCN(CCN2CCCC2)C3=O)cc1F)N1CCCC1,0.33272475,train
O=C(c1ccc(-c2ccc3c(c2)CCN(CCN2CCCC2)C3=O)cc1Cl)N1CCCC1,0.35937998,train
CNC(=O)c1ccc(-c2ccc3c(c2)CCN(CCN2CCCC2)C3=O)c(F)c1,0.3077478,train
CN(C)C(=O)c1ccc(-c2ccc3c(c2)CCN(CCN2CCCC2)C3=O)c(F)c1,0.283443,train
CNC(=O)c1ccc(-c2ccc3c(c2)CCN(CCN2CCC[C@H]2C)C3=O)cc1,0.24560048,train
CCNC(=O)c1ccc(-c2ccc3c(c2)CCN(CCN2CCC[C@H]2C)C3=O)cc1,0.19550997,train
C[C@@H]1CCCN1CCN1CCc2cc(-c3ccc(C(=O)N4CCCC4)cc3)ccc2C1=O,0.3265582,train
C[C@@H]1CCCN1CCN1CCc2cc(-c3ccc(F)cc3)ccc2C1=O,0.8756909,train
C[C@@H]1CCCN1CCN1CCc2cc(-c3ccc(C#N)cc3)ccc2C1=O,0.92735046,train
O=C1CC2CCc3cc(OC4CCN(C5CCC5)CC4)ccc3C2=NN1,0.24483016,test
COc1cc(CN2CCN(CCCCCC(c3ccc(F)cc3)c3ccc(F)cc3)CC2)cc(OC)c1OC,0.9999579,train
CC(C)(C)c1cc(CN2CCN(CCCCCC(c3ccc(F)cc3)c3ccc(F)cc3)CC2)cc(C(C)(C)C)c1O,0.9999286,train
CC(C)(C)c1cc(C(=O)N2CCN(CCCCCC(c3ccc(F)cc3)c3ccc(F)cc3)CC2)cc(C(C)(C)C)c1O,0.99910885,train
COc1c(C(C)(C)C)cc(CN2CCN(CCCCCC(c3ccc(F)cc3)c3ccc(F)cc3)CC2)cc1C(C)(C)C,0.99996924,train
COc1c(C(C)(C)C)cc(C(=O)N2CCN(CCCCCC(c3ccc(F)cc3)c3ccc(F)cc3)CC2)cc1C(C)(C)C,0.9996232,train
COc1c(C(C)(C)C)cc(CN2CCN(C(=O)CCCCC(c3ccc(F)cc3)c3ccc(F)cc3)CC2)cc1C(C)(C)C,0.99926394,train
COc1c(C(C)(C)C)cc(C(=O)N2CCN(C(=O)CCCCC(c3ccc(F)cc3)c3ccc(F)cc3)CC2)cc1C(C)(C)C,0.986267,train
CC(C)(C)c1cc(CN2CCN(CCCCCC(c3ccc(F)cc3)c3ccc(F)cc3)CC2)cc(C(C)(C)C)c1,0.9999685,train
COc1c(C(C)(C)C)cc(C(=O)N2CCN(C(=O)CCCCC(c3ccc(F)cc3)c3ccc(F)cc3)[C@@H](C)C2)cc1C(C)(C)C,0.9787825,train
COc1c(C(C)(C)C)cc(C(=O)N2CCN(C(=O)CCCCC(c3ccc(F)cc3)c3ccc(F)cc3)C[C@@H]2C)cc1C(C)(C)C,0.9744981,train
CC(C)(C)c1ccc(C(=O)NCC2CCN(C(=O)CCCCC(c3ccc(F)cc3)c3ccc(F)cc3)C2)cc1,0.9931995,train
CC(C)(C)c1cc(C(=O)NCC2CCN(C(=O)CCCCC(c3ccc(F)cc3)c3ccc(F)cc3)C2)cc(C(C)(C)C)c1,0.9970079,train
COc1c(C(C)(C)C)cc(C(=O)NCC2CCN(C(=O)CCCCC(c3ccc(F)cc3)c3ccc(F)cc3)C2)cc1C(C)(C)C,0.99782515,train
O=C(NCC1CCN(C(=O)CCCCC(c2ccc(F)cc2)c2ccc(F)cc2)C1)c1cc(C(F)(F)F)cc(C(F)(F)F)c1,0.9994661,train
COc1c(C(C)(C)C)cc(C(=O)NCC2CCN(CCCCCC(c3ccc(F)cc3)c3ccc(F)cc3)C2)cc1C(C)(C)C,0.99966633,train
COc1cc(C(=O)NCC2CCN(CCCCCC(c3ccc(F)cc3)c3ccc(F)cc3)C2)cc(OC)c1OC,0.9989008,train
O=C(NCC1CCN(CCCCCC(c2ccc(F)cc2)c2ccc(F)cc2)C1)c1cc(C(F)(F)F)cc(C(F)(F)F)c1,0.9999161,train
COc1cc(CNCC2CCN(CCCCCC(c3ccc(F)cc3)c3ccc(F)cc3)C2)cc(OC)c1OC,0.9998709,train
CC(C)(C)c1cc(CNCC2CCN(CCCCCC(c3ccc(F)cc3)c3ccc(F)cc3)C2)cc(C(C)(C)C)c1O,0.9998752,train
CC(C)(C)c1cc(CNCC2CCN(CCCCCC(c3ccc(F)cc3)c3ccc(F)cc3)C2)cc(C(C)(C)C)c1,0.9999281,train
CC(C)(C)c1cc(C(=O)NC[C@H]2CCN(C(=O)CCCCC(c3ccc(F)cc3)c3ccc(F)cc3)C2)cc(C(C)(C)C)c1,0.99386793,train
CC(C)(C)c1cc(C(=O)NC[C@@H]2CCN(C(=O)CCCCC(c3ccc(F)cc3)c3ccc(F)cc3)C2)cc(C(C)(C)C)c1,0.99595344,train
COc1c(C(C)(C)C)cc(C(=O)NC[C@H]2CCN(C(=O)CCCCC(c3ccc(F)cc3)c3ccc(F)cc3)C2)cc1C(C)(C)C,0.9955388,train
COc1c(C(C)(C)C)cc(C(=O)NC[C@@H]2CCN(C(=O)CCCCC(c3ccc(F)cc3)c3ccc(F)cc3)C2)cc1C(C)(C)C,0.9970578,train
O=C(NC[C@H]1CCN(C(=O)CCCCC(c2ccc(F)cc2)c2ccc(F)cc2)C1)c1cc(C(F)(F)F)cc(C(F)(F)F)c1,0.9989054,train
O=C(NC[C@@H]1CCN(C(=O)CCCCC(c2ccc(F)cc2)c2ccc(F)cc2)C1)c1cc(C(F)(F)F)cc(C(F)(F)F)c1,0.99927896,train
COc1cc(C(=O)N2CCC(CNC(=O)CCCCC(c3ccc(F)cc3)c3ccc(F)cc3)C2)cc(OC)c1OC,0.9958819,train
COc1c(C(C)(C)C)cc(C(=O)N2CCC(CNC(=O)CCCCC(c3ccc(F)cc3)c3ccc(F)cc3)C2)cc1C(C)(C)C,0.9985322,train
COc1cc(CN2CCC(CNCCCCCC(c3ccc(F)cc3)c3ccc(F)cc3)C2)cc(OC)c1OC,0.9999608,train
CC(C)(C)c1cc(CN2CCC(CNCCCCCC(c3ccc(F)cc3)c3ccc(F)cc3)C2)cc(C(C)(C)C)c1O,0.99993336,train
COc1c(C(C)(C)C)cc(CN2CCC(CNCCCCCC(c3ccc(F)cc3)c3ccc(F)cc3)C2)cc1C(C)(C)C,0.99997115,train
CN1CCN(C)C(C(=O)N2CCN(C(=O)Nc3ccc(Cl)c(Cl)c3)CC2)C1,0.18325655,train
CN1CCNC(C(=O)N2CCN(C(=O)Nc3ccc(Cl)c(Cl)c3)CC2)C1,0.18628326,train
CC(C)N1CCNC(C(=O)N2CCN(C(=O)Nc3ccc(Cl)c(Cl)c3)CC2)C1,0.21166782,train
O=C(Nc1ccc(Cl)c(Cl)c1)N1CCN(C(=O)C2CN(C3CC3)CCN2)CC1,0.23192966,train
CCN1CCNC(C(=O)N2CCN(C(=O)Nc3ccc(Cl)c(Cl)c3)CC2)C1,0.32369697,train
CCN1CCOC(C(=O)N2CCN(C(=O)Nc3ccc(Cl)c(Cl)c3)CC2)C1,0.4840489,train
CCN1CCCC(C(=O)N2CCN(C(=O)Nc3ccc(Cl)c(Cl)c3)CC2)C1,0.5041264,train
CC(C)N1CCN[C@@H](CN2CCN(C(=O)Nc3ccc(Cl)c(Cl)c3)CC2)C1,0.52872753,train
CCN1CCNC(CN2CCN(C(=O)Nc3ccc(Cl)c(Cl)c3)CC2)C1,0.66078806,train
CC(C)N1CCO[C@@H](CN2CCN(C(=O)Nc3ccc(Cl)c(Cl)c3)CC2)C1,0.63294286,train
O=C(Nc1ccc(Cl)c(Cl)c1)N1CCN(C[C@H]2CN(C3CC3)CCO2)CC1,0.5376179,val
CCN1CCO[C@@H](CN2CCN(C(=O)Nc3ccc(Cl)c(Cl)c3)CC2)C1,0.91760206,train
O=C(Nc1ccc(C(F)(F)F)cc1)N1CCN(C[C@@H]2CCCN(C3CC3)C2)CC1,0.787312,train
O=C(Nc1cccc(C(F)(F)F)c1)N1CCN(C[C@@H]2CCCN(C3CC3)C2)CC1,0.71947944,train
O=C(Nc1ccc(Br)cc1)N1CCN(C[C@@H]2CCCN(C3CC3)C2)CC1,0.6475217,train
O=C(Nc1cccc(Cl)c1)N1CCN(C[C@@H]2CCCN(C3CC3)C2)CC1,0.6334941,train
O=C(Nc1ccc(Cl)cc1)N1CCN(C[C@@H]2CCCN(C3CC3)C2)CC1,0.62304443,train
Cc1ccc(NC(=O)N2CCN(C[C@@H]3CCCN(C4CC4)C3)CC2)cc1Cl,0.2739434,train
O=C(Nc1ccc(Cl)c(C(F)(F)F)c1)N1CCN(C[C@@H]2CCCN(C3CC3)C2)CC1,0.7490552,train
O=C(Nc1ccc(C(F)(F)F)c(Cl)c1)N1CCN(C[C@@H]2CCCN(C3CC3)C2)CC1,0.79331905,train
O=C(Nc1ccc(F)c(Cl)c1)N1CCN(C[C@@H]2CCCN(C3CC3)C2)CC1,0.2976925,train
CC(C)N1CCC[C@@H](CN2CCN(C(=O)Nc3ccc(Cl)c(Cl)c3)CC2)C1,0.5073447,train
O=C(Nc1ccc(Cl)c(Cl)c1)N1CCN(C[C@@H]2CCCN(C3CC3)C2)CC1,0.45879275,train
O=C(Nc1ccc(Cl)c(Cl)c1)N1CCN(C[C@@H]2CCCN(CCCc3ccccc3)C2)CC1,0.9832508,train
O=C(Nc1ccc(Cl)c(Cl)c1)N1CCN(C[C@@H]2CCCN(CC3CC3)C2)CC1,0.9135294,val
O=C(Nc1ccc(Cl)c(Cl)c1)N1CCN(C[C@@H]2CCCN(Cc3ccccc3)C2)CC1,0.9072138,test
CCN1CCC[C@@H](CN2CCN(C(=O)Nc3ccc(Cl)c(Cl)c3)CC2)C1,0.81319726,train
CCN1CCCC(CN2CCN(C(=O)Nc3ccc(Cl)c(Cl)c3)CC2)C1,0.7581724,train
O=C(Nc1ccc(Cl)c(Cl)c1)N1CCN(CC2CCCNC2)CC1,0.45897308,train
CN1CCCC(CN2CCN(C(=O)Nc3ccc(Cl)c(Cl)c3)CC2)C1,0.45888144,train
CN[C@H]1CC[C@@H](c2c[nH]c3ccc(N=C(N)c4cccs4)cc32)CC1,0.032845013,train
CCN[C@H]1CC[C@@H](c2c[nH]c3ccc(N=C(N)c4cccs4)cc32)CC1,0.047728375,train
CNC1CCCC(c2c[nH]c3ccc(N=C(N)c4cccs4)cc23)C1,0.25108778,train
CCN[C@H]1CCC[C@@H](c2c[nH]c3ccc(N=C(N)c4cccs4)cc23)C1,0.1146953,train
C1=C/COCc2cc(ccc2OCCN2CCCC2)Nc2nccc(n2)-c2ccnc(c2)OCC/1,0.60196507,val
C1=C/COCc2cc(ccc2OCCN2CCCC2)Nc2nccc(n2)-c2ccc(s2)COC/1,0.87043303,val
CN1C[C@@H]2CN(c3ccc(-c4ccc5[nH]ccc5c4)nc3)C[C@@H]21,0.9833083,val
O=C(O)c1cc(CN2CCN(c3ccc(Br)cc3)CC2)c2ccccn2c1=O,0.29064217,train
O=C(O)c1cc(CN2CCN(c3ccc(C(F)(F)F)cc3)CC2)c2ccccn2c1=O,0.24095967,train
COc1ccc(-c2cc(-c3ccc(S(C)(=O)=O)cc3)cnc2N)cn1,0.7695939,train
CS(=O)(=O)c1ccc(-c2cnc(N)c(-c3ccc(C(F)(F)F)nc3)c2)cc1,0.7691821,train
CC(C)(C)Oc1cccc2nc(N)nc(N)c12,0.043481294,train
Cc1cccnc1CN1CCC2(CC1)C(=O)N(c1ccc(-c3ccccc3)cc1)C(=O)N2c1cc(=O)[nH]cn1,0.4014886,test
COc1cc(N2C(=O)N(c3ccc(-c4ccc(C(=O)O)cc4)cc3)C(=O)C23CCN(Cc2ncccc2C)CC3)ncn1,0.3151142,train
COc1cc(N2C(=O)N(c3ccc(-c4cccc(C(=O)O)c4)cc3)C(=O)C23CCN(Cc2ncccc2C)CC3)ncn1,0.35943902,train
COc1cc(N2C(=O)N(c3ccc(-c4ccccc4C(=O)O)cc3)C(=O)C23CCN(Cc2ncccc2C)CC3)ncn1,0.24560292,train
COc1cc(N2C(=O)N(c3ccc(-c4ccc(C(=O)O)c(Cl)c4)cc3)C(=O)C23CCN(Cc2ncccc2C)CC3)ncn1,0.25981238,train
COc1cc(N2C(=O)N(c3ccc(-c4ccc(C(=O)O)cc4F)cc3)C(=O)C23CCN(Cc2ncccc2C)CC3)ncn1,0.2568552,train
COc1cc(N2C(=O)N(c3ccc(-c4ccc(C(=O)O)cc4C)cc3)C(=O)C23CCN(Cc2ncccc2C)CC3)ncn1,0.29497135,train
COc1cc(N2C(=O)N(c3ccc(-c4ccc(C(=O)O)c(C)c4)cc3)C(=O)C23CCN(Cc2ncccc2C)CC3)ncn1,0.29082933,train
Cc1cccnc1CN1CCC2(CC1)C(=O)N(c1ccc(C3CCCCC3)cc1)C(=O)N2c1cc(=O)[nH]cn1,0.2688418,test
Cc1cccnc1CN1CCC2(CC1)C(=O)N(c1ccc(N3CCC3=O)cc1)C(=O)N2c1cc(=O)[nH]cn1,0.10411399,val
COCc1nc(-c2ccc(N3C(=O)N(c4cc(=O)[nH]cn4)C4(CCN(Cc5ncccc5C)CC4)C3=O)cc2)no1,0.05005954,test
Cc1cccnc1CN1CCC2(CC1)C(=O)N(c1ccc(-n3cccn3)cc1)C(=O)N2c1cc(=O)[nH]cn1,0.28438675,test
Cc1cccnc1CN1CCC2(CC1)C(=O)N(c1ccc(-c3ccno3)cc1)C(=O)N2c1cc(=O)[nH]cn1,0.26316765,test
Cc1nc(C)c(-c2ccc(N3C(=O)N(c4cc(=O)[nH]cn4)C4(CCN(Cc5ncccc5C)CC4)C3=O)cc2)s1,0.08288114,test
COc1cc(N2C(=O)N(c3ccc(-c4ccc(C(=O)O)s4)cc3)C(=O)C23CCN(Cc2ncccc2C)CC3)ncn1,0.1880171,val
COc1cc(N2C(=O)N(c3ccc(-c4csc(C(=O)O)c4)cc3)C(=O)C23CCN(Cc2ncccc2C)CC3)ncn1,0.22546405,val
COc1cc(N2C(=O)N(c3ccc(-c4ccc(-c5cc[nH]n5)cc4)cc3)C(=O)C23CCN(Cc2ncccc2C)CC3)ncn1,0.83126307,val
Cc1cccnc1CN1CCC2(CC1)C(=O)N(c1ccc(-c3ccc(-c4cc[nH]n4)cc3)cc1)C(=O)N2c1cc(=O)[nH]cn1,0.30282828,test
Cc1cccnc1CN1CCC2(CC1)C(=O)N(c1ccc(-c3ccc(N4CCOCC4)cc3)cc1)C(=O)N2c1cc(=O)[nH]cn1,0.09772591,train
COc1cc(N2C(=O)N(c3ccc(-c4ccc(-c5cc(=O)[nH][nH]5)cc4)cc3)C(=O)C23CCN(Cc2ncccc2C)CC3)ncn1,0.4005154,val
COc1cc(N2C(=O)N(c3ccc(-c4ccc5c[nH]nc5c4)cc3)C(=O)C23CCN(Cc2ncccc2C)CC3)ncn1,0.69412047,val
COc1cc(N2C(=O)N(c3ccc(-c4ccc5[nH]ncc5c4)cc3)C(=O)C23CCN(Cc2ncccc2C)CC3)ncn1,0.84474105,val
COc1cc(N2C(=O)N(c3ccc(-c4ccc5[nH]cnc5c4)cc3)C(=O)C23CCN(Cc2ncccc2C)CC3)ncn1,0.66394943,train
Cc1cccnc1CN1CCC2(CC1)C(=O)N(c1ccc(-c3ccc4scnc4c3)cc1)C(=O)N2c1cc(=O)[nH]cn1,0.35711208,test
COc1cc(N2C(=O)N(c3ccc(-c4ccc(C#N)cc4)cc3)C(=O)C23CCN(Cc2ncccc2C)CC3)ncn1,0.9650778,train
COc1cc(N2C(=O)N(c3ccc(-c4ccc(C(N)=O)cc4)cc3)C(=O)C23CCN(Cc2ncccc2C)CC3)ncn1,0.49139085,train
CNC(=O)c1ccc(-c2ccc(N3C(=O)N(c4cc(OC)ncn4)C4(CCN(Cc5ncccc5C)CC4)C3=O)cc2)cc1,0.4347895,train
COc1cc(N2C(=O)N(c3ccc(-c4ccc(C(=O)N(C)C)cc4)cc3)C(=O)C23CCN(Cc2ncccc2C)CC3)ncn1,0.44467282,train
COc1cc(N2C(=O)N(c3ccc(-c4ccc(C(=O)O)cc4)nc3)C(=O)C23CCN(Cc2ncccc2C)CC3)ncn1,0.23902158,train
COc1cc(N2C(=O)N(c3ccc(-c4ccc(C(=O)O)cc4C)nc3)C(=O)C23CCN(Cc2ncccc2C)CC3)ncn1,0.24189648,train
Cc1cc(C(=O)O)ccc1-c1ccc(N2C(=O)N(c3cc(=O)[nH]cn3)C3(CCN(Cc4ncccc4C)CC3)C2=O)cn1,0.21610437,test
Cc1cc(N2C(=O)N(c3ccc(-c4ccc(C(=O)O)cc4C)cc3)C(=O)C23CCN(Cc2ncccc2C)CC3)ncn1,0.24198279,train
Cc1cc(C(=O)O)ccc1-c1ccc(N2C(=O)N(c3cc(C(F)(F)F)ncn3)C3(CCN(Cc4ncccc4C)CC3)C2=O)cc1,0.15866004,train
Cc1nccc(N2C(=O)N(c3ccc(-c4ccc(C(=O)O)cc4C)cc3)C(=O)C23CCN(Cc2ncccc2C)CC3)n1,0.18301795,train
COc1nccnc1N1C(=O)N(c2ccc(-c3ccc(C(=O)O)cc3C)cc2)C(=O)C12CCN(Cc1ncccc1C)CC2,0.21210262,train
Cc1cc(C(=O)O)ccc1-c1ccc(N2C(=O)N(c3nccnc3C)C3(CCN(Cc4ncccc4C)CC3)C2=O)cc1,0.22786912,train
Cc1cccnc1CN1CCC2(CC1)C(=O)N(c1ccc(-c3ccc(C(=O)O)cc3)cc1)C(=O)N2c1ncccn1,0.2979479,train
Cc1cc(C(=O)O)ccc1-c1ccc(N2C(=O)N(c3ncccn3)C3(CCN(Cc4ncccc4C)CC3)C2=O)cc1,0.2769475,train
Cc1cccnc1CN1CCC2(CC1)C(=O)N(c1ccc(-c3ccc(C(=O)O)cc3)cc1)C(=O)N2c1cnccn1,0.30445203,train
Cc1cc(C(=O)O)ccc1-c1ccc(N2C(=O)N(c3cnccn3)C3(CCN(Cc4ncccc4C)CC3)C2=O)cc1,0.28314894,train
Cc1cc(C(=O)O)ccc1-c1ccc(N2C(=O)N(c3cnccn3)C3(CCN(Cc4ncccc4C)CC3)C2=O)cn1,0.23009352,train
Cc1cccnc1CN1CCC2(CC1)C(=O)N(c1ccc(-c3ccc(C(=O)O)cc3)cc1)C(=O)N2c1ccncn1,0.22232413,train
Cc1cc(C(=O)O)ccc1-c1ccc(N2C(=O)N(c3ccncn3)C3(CCN(Cc4ncccc4C)CC3)C2=O)cc1,0.2053495,train
CC(C)COc1cccc(/C=C2\SC(=O)NC2=O)c1N1CCC[C@@H](N)C1,0.023326151,test
c1ccc(CCNCCC(c2ccccc2)c2ccccc2)cc1,0.99950016,test
c1ccc(CCCNCCC(c2ccccc2)c2ccccc2)cc1,0.9995795,val
c1ccc(CCNCCN(c2ccccc2)c2ccccc2)cc1,0.99415946,train
c1ccc(CCCNCCN(c2ccccc2)c2ccccc2)cc1,0.9956742,train
Fc1ccc(N(CCNCCc2ccccc2)c2ccc(F)cc2)cc1,0.9976682,train
Fc1ccc(N(CCNCCCc2ccccc2)c2ccc(F)cc2)cc1,0.9982722,train
O=C(Cc1ccccc1)NCCN(c1ccccc1)c1ccccc1,0.66150725,test
O=C(CCc1ccccc1)NCCN(c1ccc(F)cc1)c1ccc(F)cc1,0.92799366,val
O=C1COc2ccccc2N1CCCN1CCC(n2c(=O)[nH]c3cc(F)ccc32)CC1,0.89546925,train
O=c1[nH]c2ccccc2n1C1CCN(CCOc2ccccc2)CC1,0.81543094,train
O=C1CCc2cc(F)ccc2N1CCCN1CCC(n2c(=O)[nH]c3ccccc32)CC1,0.92584574,train
O=C1COc2ccccc2N1CCCN1CCC(n2c(=O)[nH]c3c(F)cccc32)CC1,0.7986965,train
O=C1CCc2ccccc2N1CCCN1CCC(c2ccc3[nH]ccc3c2)CC1,0.9256564,test
O=C1COc2ccccc2N1CCCN1CCC(n2c(=O)[nH]c3ccc(F)cc32)CC1,0.88432753,train
O=C1CCc2c(F)cccc2N1CCCN1CCC(n2c(=O)[nH]c3ccccc32)CC1,0.85657495,train
O=C1CCc2ccc(F)cc2N1CCCN1CCC(n2c(=O)[nH]c3ccccc32)CC1,0.9356231,train
O=C1CCc2cccnc2N1CCCN1CCC(n2c(=O)[nH]c3ccccc32)CC1,0.8274017,test
O=C1COc2ccccc2N1CCCN1CCC(n2c(=O)[nH]c3cccc(F)c32)CC1,0.86363506,train
O=C1COc2ccccc2N1CCCN1CCC(n2c(=O)[nH]c3ccccc32)CC1,0.81021,train
O=C1CCc2ccccc2N1CCCN1CCC(n2c(=O)[nH]c3ccccc32)CC1,0.8586011,train
O=C1CCc2cccc(F)c2N1CCCN1CCC(n2c(=O)[nH]c3ccccc32)CC1,0.83894974,train
O=C1CCc2ccccc2N1OCCN1CCC(n2c(=O)[nH]c3ccccc32)CC1,0.8674845,train
O=C1COc2ccccc2N1CCCN1CCC(n2c(=O)[nH]c3cccnc32)CC1,0.41774514,val
O=C(Cc1ccccc1)NC1CCN(CCCN2C(=O)COc3ccccc32)CC1,0.55145365,test
O=C1COc2ccccc2N1CCCN1CCC(n2c(=O)[nH]c3ncccc32)CC1,0.4608663,train
O=C1COc2ccccc2N1CCCN1CCC(n2c(=O)[nH]c3cnccc32)CC1,0.5404237,test
CC(C)(N)C(=O)N1CCn2c(nc(-c3ccc(F)cc3)c2Nc2ccc(F)cc2)C1(C)C,0.49775553,train
CC1(C)c2nc(-c3ccc(F)cc3)c(Nc3ccc(F)cc3)n2CCN1C(=O)CN,0.0333706,train
CC(C)[C@@H]1c2nc(-c3ccc(F)cc3)c(Nc3ccc(F)c(Cl)c3)n2CCN1C(=O)CN,0.041874595,train
CC(=O)Nc1ccc2ccn(-c3cc(NC4CC4)n4ncc(C#N)c4n3)c2c1,0.14708297,val
O=C1CC(c2nc(-c3cccc(Cl)c3)no2)CN1c1ccc(F)cc1,0.9054976,train
Cc1cccc(-c2noc(C3CC(=O)N(c4ccc(F)cc4)C3)n2)c1,0.7965052,train
CCCCOc1ccc(C(=O)N[C@@H]2COc3cccc(N4CCN(C)CC4)c3C2)cc1,0.64927304,train
CN1CCN(c2cccc3c2C[C@H](NC(=O)c2ccc(OC(F)(F)F)cc2)CO3)CC1,0.79969263,train
CN1CCN(c2cccc3c2C[C@H](NC(=O)c2ccc(OCC(F)(F)F)nc2)CO3)CC1,0.3700255,train
CN1CCN(c2cccc3c2C[C@H](NC(=O)c2ccc(OCCC(F)(F)F)nc2)CO3)CC1,0.098001525,train
Cc1nn(-c2ccccc2)nc1C(=O)N[C@@H]1COc2cccc(N3CCN(C)CC3)c2C1,0.5863693,train
Cc1ccc(-n2nc(C)c(C(=O)N[C@@H]3COc4cccc(N5CCN(C)CC5)c4C3)n2)c(C)c1,0.68121254,train
O=C(N[C@@H]1COc2cccc(-c3ccncc3)c2C1)c1ccc(OC(F)(F)F)cc1,0.878648,test
O=C(N[C@@H]1COc2cccc(-c3cccnc3)c2C1)c1ccc(OCC(F)(F)F)nc1,0.6113048,train
O=C(N[C@@H]1COc2cccc(-c3ccncc3)c2C1)c1ccc(OCC(F)(F)F)nc1,0.5157965,train
COc1ncc(-c2cccc3c2C[C@H](NC(=O)c2ccc(OCC(F)(F)F)nc2)CO3)cc1F,0.68864614,train
O=C(N[C@@H]1COc2cccc(-c3ccc(CO)nc3)c2C1)c1ccc(OCC(F)(F)F)nc1,0.20383993,train
O=C(N[C@@H]1COc2cccc(-c3ccnc(CO)c3)c2C1)c1ccc(OCC(F)(F)F)nc1,0.127531,train
O=C(N[C@@H]1COc2cccc(-c3ccc(CO)nc3)c2C1)c1ccc(OCCOCC(F)(F)F)nc1,0.026321227,train
Cc1nn(-c2ccccc2)nc1C(=O)N[C@@H]1COc2cccc(-c3ccncc3)c2C1,0.7199655,train
O=C(N[C@@H]1COc2cccc(-c3cncnc3)c2C1)c1ccc(OCCC(F)(F)F)nc1,0.14076665,train
COc1ncc(-c2cccc3c2C[C@H](NC(=O)c2ccc(OCC(F)(F)F)nc2)CO3)cn1,0.786673,train
COc1ncc(-c2cccc3c2C[C@H](NC(=O)c2ccc(OCCC(F)(F)F)nc2)CO3)cn1,0.4055794,train
COc1ncc(-c2cccc3c2C[C@H](NC(=O)c2ccc(COCC(F)(F)F)nc2)CO3)cn1,0.085264176,train
Cc1ncc(-c2cccc3c2C[C@H](NC(=O)c2ccc(OCC(F)(F)F)nc2)CO3)cn1,0.20336974,train
COc1cnc(-c2cccc3c2C[C@H](NC(=O)c2ccc(COCC(F)(F)F)nc2)CO3)cn1,0.045145713,test
CCCCC1(CCCC)N[C@@H](c2nc(-c3ccccc3)c[nH]2)Cc2c1[nH]c1ccccc21,0.99966073,train
c1ccc(-c2c[nH]c([C@H]3Cc4c([nH]c5ccccc45)C(C4CCCCC4)N3)n2)cc1,0.99738425,train
CCOCC1(COCC)N[C@@H](c2nc(-c3ccccc3)c[nH]2)Cc2c1[nH]c1ccccc21,0.9987257,train
c1ccc(-c2c[nH]c([C@H]3Cc4c([nH]c5ccccc45)[C@@H](C4CCOCC4)N3)n2)cc1,0.99814475,train
c1ccc(-c2c[nH]c([C@H]3Cc4c([nH]c5ccccc45)[C@H](C4CCOCC4)N3)n2)cc1,0.99844736,train
c1ccc(-c2c[nH]c([C@H]3Cc4c([nH]c5ccccc45)C(C4CCOC4)N3)n2)cc1,0.97476715,train
c1ccc(-c2c[nH]c([C@H]3Cc4c([nH]c5ccccc45)C(C4CCSCC4)N3)n2)cc1,0.99834144,test
[O-][S+]1CCC(C2N[C@@H](c3nc(-c4ccccc4)c[nH]3)Cc3c2[nH]c2ccccc32)CC1,0.98575366,val
O=S1(=O)CCC(C2N[C@@H](c3nc(-c4ccccc4)c[nH]3)Cc3c2[nH]c2ccccc32)CC1,0.90257394,test
c1ccc(-c2c[nH]c([C@H]3Cc4c([nH]c5ccccc45)C(C4CCNCC4)N3)n2)cc1,0.99480623,train
CC(=O)N1CCC(C2N[C@@H](c3nc(-c4ccccc4)c[nH]3)Cc3c2[nH]c2ccccc32)CC1,0.98223025,train
CS(=O)(=O)N1CCC(C2N[C@@H](c3nc(-c4ccccc4)c[nH]3)Cc3c2[nH]c2ccccc32)CC1,0.91421306,train
COC(=O)N1CCC(C2N[C@@H](c3nc(-c4ccccc4)c[nH]3)Cc3c2[nH]c2ccccc32)CC1,0.9961985,train
CNC(=O)N1CCC(C2N[C@@H](c3nc(-c4ccccc4)c[nH]3)Cc3c2[nH]c2ccccc32)CC1,0.9617517,train
c1ccc(CN2CCN(Cc3nc(-c4ccccc4)no3)CC2)cc1,0.8424411,test
c1ccc(CN2CCN(Cc3nnc(-c4ccccc4)o3)CC2)cc1,0.2043939,test
CN(Cc1nc(=O)c2ccccc2[nH]1)Cc1nc(-c2ccccc2)no1,0.30870694,test
c1ccc(-c2noc(CN3CCN(Cc4nc5ccccc5s4)CC3)n2)cc1,0.31659704,train
c1ccc(-c2nnc(CN3CCN(Cc4nc5ccccc5s4)CC3)o2)cc1,0.023236599,train
C[C@@H](Oc1nnc(-c2ccncc2)n1C)c1noc(-c2cccc(Cl)c2)n1,0.12799396,train
C[C@@H](Oc1nnc(-c2ccncc2)n1C)c1nnc(-c2cccc(Cl)c2)o1,0.04970901,val
c1cncc(-c2ccc(-c3noc(C4CN5CCC4CC5)n3)o2)c1,0.97167104,train
c1cncc(-c2ccc(-c3nnc(C4CN5CCC4CC5)o3)o2)c1,0.22849838,train
CCOC(=O)N1CCN(Cc2noc(-c3cc(Cl)ccc3F)n2)CC1,0.29093423,train
CCOC(=O)N1CCN(Cc2nc(-c3cccc(Cl)c3)no2)CC1,0.5845573,train
N#CC1(NC(=O)C2CCCCC2C(=O)N2CCN(c3ccc(F)cc3)CC2)CC1,0.07065573,test
N#CC1(NC(=O)C2CCCCC2C(=O)N2CCN(c3nc4ccccc4s3)CC2)CC1,0.07326958,test
CC(C)(C)c1csc(N2CCN(C(=O)C3CCCCC3C(=O)NC3(C#N)CC3)CC2)n1,0.12684236,train
N#CC1(NC(=O)C2CCCCC2C(=O)N2CCN(c3nc(C(F)(F)F)cs3)CC2)CC1,0.043219592,train
Cc1sc(N2CCN(C(=O)C3CCCCC3C(=O)NC3(C#N)CC3)CC2)nc1C(F)(F)F,0.05650521,train
N#CC1(NC(=O)C2CCCCC2C(=O)N2CCN(c3nc(C(F)(F)F)c(Cl)s3)CC2)CC1,0.03854644,train
N#CC1(NC(=O)C2CCCCC2C(=O)N2CCN(c3nc(-c4ccccc4)cs3)CC2)CC1,0.07225203,train
NC(=O)Nc1cc(-c2cccc(F)c2)sc1C(=O)N[C@H]1CCCNC1,0.282831,train
C=CCc1ccccc1OC(C)C1=NCCN1,0.83528876,val
CC(Oc1ccccc1CC1CC1)C1=NCCN1,0.68376696,train
COc1ccc(-c2cc(NC(=O)CCCCN3CCCN(C(C)=O)CC3)[nH]n2)cc1,0.48124382,test
CC(C)c1nc(N2CCN(c3ncc(OCc4ccncc4C#N)cn3)[C@H](C)C2)no1,0.7208734,train
CCN1CCC(Nc2ccc3c(c2)=C(C(c2ccc(Cl)cc2)c2ncc[nH]2)C(=O)N=3)CC1,0.96058154,test
O=S(=O)(c1cccc(F)c1)C1(F)CCN(CCc2ccc(F)cc2F)CC1,0.9986498,train
CCCCN1CCC[C@@H]1Cn1nc(Cc2ccc(Cl)cc2)c2cnccc2c1=O,0.99185246,train
COCCN1CCC[C@@H]1Cn1nc(Cc2ccc(Cl)cc2)c2cnccc2c1=O,0.96708983,train
CN1CCC[C@@H]1Cn1nc(Cc2ccc(Cl)cc2)c2cccnc2c1=O,0.9364591,train
CCCCN1CCC[C@@H]1Cn1nc(Cc2ccc(Cl)cc2)c2cccnc2c1=O,0.9732353,train
COCCN1CCC[C@@H]1Cn1nc(Cc2ccc(Cl)cc2)c2cccnc2c1=O,0.84554106,train
CN1CCC[C@@H]1Cn1nc(Cc2ccc(Cl)cc2)c2ncccc2c1=O,0.98574334,train
CCCCN1CCC[C@@H]1Cn1nc(Cc2ccc(Cl)cc2)c2ncccc2c1=O,0.9917412,train
COCCN1CCC[C@@H]1Cn1nc(Cc2ccc(Cl)cc2)c2ncccc2c1=O,0.9634229,train
CN1CCC[C@@H]1Cn1nc(Cc2ccc(Cl)cc2)c2nccnc2c1=O,0.9111149,test
O=c1c2ccncc2c(Cc2ccc(Cl)cc2)nn1C[C@H]1CCCN1CCCCc1ccc(OCCCN2CCCCCC2)cc1,0.9991959,test
CN1CCC[C@@H]1Cn1nc(Cc2ccc(Cl)cc2)c2ccccc2c1=O,0.99344045,train
CCCCN1CCC[C@@H]1Cn1nc(Cc2ccc(Cl)cc2)c2ccccc2c1=O,0.995529,train
COCCN1CCC[C@@H]1Cn1nc(Cc2ccc(Cl)cc2)c2ccccc2c1=O,0.98721004,train
CN1CCC[C@@H]1Cn1nc(Cc2ccc(Cl)cc2)c2ccncc2c1=O,0.98770314,val
CN1CCC[C@@H]1Cn1nc(Cc2ccc(Cl)cc2)c2cnccc2c1=O,0.98709756,train
Cc1cc2c(cc1F)[nH]c(=O)n2C1CCN(C2CCOCC2)CC1,0.05853625,train
Cc1ccc2[nH]c(=O)n(C3CCN(C4CCOCC4)CC3)c2c1,0.18589482,train
O=c1[nH]c2ccccc2n1C1CCN(CCCOc2ccc(F)cc2)CC1,0.9707244,train
O=[N+]([O-])c1ccc(CCN2CCNCC2)cc1,0.8477668,train
O=[N+]([O-])c1ccc(CCN2CCN(CCc3ccc([N+](=O)[O-])cc3)CC2)cc1,0.9989429,train
N#Cc1ccc(CCN2CCN(CCc3ccc([N+](=O)[O-])cc3)CC2)cc1,0.9989793,train
N#Cc1cccc(CCN2CCN(CCc3ccc([N+](=O)[O-])cc3)CC2)c1,0.99920636,train
O=[N+]([O-])c1ccc(CCN2CCN(CCc3ccc4nonc4c3)CC2)cc1,0.99735665,train
O=[N+]([O-])c1ccc(CCN2CCN(CCc3ccc(-c4ncco4)cc3)CC2)cc1,0.99874544,train
O=C1OCc2c1cccc2-c1ccc(CCN2CCN(CCc3ccc([N+](=O)[O-])cc3)CC2)cc1,0.9987902,val
CCOC(=O)c1ccc(CCN2CCN(CCc3ccc([N+](=O)[O-])cc3)CC2)cc1,0.99838257,train
O=[N+]([O-])c1ccc(CCN2CCN(CCc3ccc(F)cc3)CC2)cc1,0.998538,train
COc1ccc(CCN2CCN(CCc3ccc([N+](=O)[O-])cc3)CC2)cc1,0.9980761,train
CS(=O)(=O)c1ccc(CCN2CCN(CCc3ccc([N+](=O)[O-])cc3)CC2)cc1,0.99480224,train
CC(CN1CCN(CCc2ccc([N+](=O)[O-])cc2)CC1)c1ccc([N+](=O)[O-])cc1,0.99748504,train
CC(Cc1ccc([N+](=O)[O-])cc1)N1CCN(CCc2ccc([N+](=O)[O-])cc2)CC1,0.991924,train
CC1CN(CCc2ccc([N+](=O)[O-])cc2)CCN1CCc1ccc([N+](=O)[O-])cc1,0.99880636,train
N#Cc1ccc(CCN2CCN(CCc3ccc(C#N)cc3)CC2)cc1,0.9990139,train
c1cc2nonc2cc1CCN1CCN(CCc2ccc3nonc3c2)CC1,0.99082863,val
O=C1OCc2cc(CCN3CCN(CCc4ccc5c(c4)COC5=O)CC3)ccc21,0.99059755,train
N#Cc1ccc(CCN2CCN(CCc3ccc4c(c3)COC4=O)CC2)cc1,0.99695265,train
O=C1OCc2cc(CCN3CCN(CCc4ccc5nonc5c4)CC3)ccc21,0.9921449,val
N#Cc1ccc(CCN2CCN(CCc3ccc4nonc4c3)CC2)cc1,0.9974716,train
N#Cc1ccc(CCN2CCN(CCc3ccc4c(c3)COC4=O)CC2)cc1F,0.99679655,train
N#Cc1ccc(CCN2CCN(CCc3ccc4c(c3)COC4=O)CC2)cc1Cl,0.9985177,train
N#Cc1ccc(CCN2CCN(CCc3ccc4c(c3)COC4=O)CC2)cc1Br,0.99884135,train
COc1cc(CCN2CCN(CCc3ccc4c(c3)COC4=O)CC2)ccc1C#N,0.9945082,train
CCOc1cc(CCN2CCN(CCc3ccc4c(c3)COC4=O)CC2)ccc1C#N,0.9961248,train
N#Cc1ccc(CCN2CCN(CCc3ccc4c(c3)COC4=O)CC2)cc1OC(F)(F)F,0.9995346,train
N#Cc1ccc(CCN2CCN(CCc3ccc4c(c3)COC4=O)CC2)cc1OC1CC1,0.998871,val
CSc1cc(CCN2CCN(CCc3ccc4c(c3)COC4=O)CC2)ccc1C#N,0.9998105,train
CNc1cc(CCN2CCN(CCc3ccc4c(c3)COC4=O)CC2)ccc1C#N,0.99264467,train
CS(=O)(=O)c1cc(CCN2CCN(CCc3ccc4c(c3)COC4=O)CC2)ccc1C#N,0.9840487,train
Cc1cc(C#N)ccc1-c1ccnc(NCc2[nH]nc3ncccc23)c1,0.8319405,train
Cc1cc(C#N)ccc1-c1ccnc(NCc2[nH]nc3nc(F)ccc23)c1,0.9576089,train
Cc1cc(C#N)ccc1-c1ccnc(NCc2[nH]nc3nc(N)ccc23)c1,0.95366806,train
Cc1cc(C#N)ccc1-c1ccnc(NCc2[nH]nc(-c3ccccc3)c2Cl)c1,0.9579597,test
Cc1cc(C#N)ccc1-c1ccnc(NCc2cc(-c3ccccn3)[nH]n2)c1,0.9304166,val
COCc1ccc2c3nc(N4CCC[C@@H](N)C4)n(Cc4ccccc4Cl)c3c(=O)n(C)c2c1,0.16661105,train
Cn1c(=O)c2c(nc(N3CCC[C@@H](N)C3)n2Cc2ccccc2Cl)c2ccc(C#N)cc21,0.87754345,train
COc1ncc(-c2ccccc2CCNC(=O)c2ccc(OCCC(F)(F)F)nc2)cn1,0.5106523,train
COc1cnc(-c2ccccc2CCNC(=O)c2ccc(OCCC(F)(F)F)nc2)cn1,0.4160033,train
O=C(NCCc1ccccc1-c1cnc(OC(F)F)cn1)c1ccc(OCCC(F)(F)F)nc1,0.9218369,train
O=C(NCCc1ccccc1-c1cccnc1)c1ccc(OCCC(F)(F)F)nc1,0.384386,train
Cc1ncc(-c2ccccc2CCNC(=O)c2ccc(OCCC(F)(F)F)nc2)cn1,0.06800656,train
Cc1ncc(-c2ccccc2CCNC(=O)c2ccc(OCCOCC(F)(F)F)nc2)cn1,0.037298325,train
Cc1ncc(-c2ccccc2CCNC(=O)c2ccc(C(=O)NCCCC(F)(F)F)nc2)cn1,0.05218533,train
COc1ncc(-c2cccc(C)c2CCNC(=O)c2ccc(OCCC(F)(F)F)nc2)cn1,0.57443804,train
COc1ncc(-c2cccc(F)c2CCNC(=O)c2ccc(OCCC(F)(F)F)nc2)cn1,0.3947476,train
COc1ncc(-c2cccc(Cl)c2CCNC(=O)c2ccc(OCCC(F)(F)F)nc2)cn1,0.5796074,train
COc1ccc(CCNC(=O)c2ccc(OCCC(F)(F)F)nc2)c(-c2cnc(OC)nc2)c1,0.500591,train
COc1ncc(-c2cccc(OC(F)F)c2CCNC(=O)c2ccc(OCCC(F)(F)F)nc2)cn1,0.7604675,train
COc1ncc(-c2c(C)ccc(F)c2CCNC(=O)c2ccc(OCC(F)(F)F)nc2)cn1,0.435386,train
COc1cnc(-c2c(C)ccc(F)c2CCNC(=O)c2ccc(COCC(F)(F)F)nc2)cn1,0.030169014,train
COc1cnc(-c2c(F)ccc(F)c2CCNC(=O)c2ccc(COCC(F)(F)F)nc2)cn1,0.026978917,train
COc1ncc(-c2ccccc2C(F)(F)CNC(=O)c2ccc(COCC(F)(F)F)nc2)cn1,0.031888887,train
COc1cnc(-c2ccccc2C(F)(F)CNC(=O)c2ccc(COCC(F)(F)F)nc2)cn1,0.020314192,train
COc1cnc(-c2cccc(F)c2C(F)(F)CNC(=O)c2ccc(COCC(F)(F)F)nc2)cn1,0.02059586,train
CC(C)Oc1cc(Nc2nc(N[C@@H](C)c3ccc(F)cn3)ncc2Cl)[nH]n1,0.49422094,val
CC(C)Oc1cc(-n2cnc3ccc(N[C@@H](CO)c4ccc(F)cn4)nc32)[nH]n1,0.029943295,val
CCOc1cc(Nc2nc3c(cc2F)ncn3[C@@H](CO)c2ccc(F)cn2)[nH]n1,0.005104659,val
c1cc(-c2cnc3c(c2)C[C@@]2(CN4CCC2CC4)O3)co1,0.6966266,val
c1ccc([C@@H]([C@H](c2ccccc2)N2CCCCC2)N2CCCCC2)cc1,0.0111496905,train
c1ccc([C@H]([C@@H](c2ccccc2)N2CCCCC2)N2CCCCC2)cc1,0.0111496905,train
c1ccc([C@@H]([C@H](c2ccccc2)N2CCCC2)N2CCCC2)cc1,0.005322258,train
c1ccc([C@H]([C@@H](c2ccccc2)N2CCCC2)N2CCCC2)cc1,0.005322258,train
CNC(=O)c1nc(-c2ccc(Cl)c(S(=O)(=O)Nc3cccc(F)c3F)c2)cnc1N,0.17379566,test
COc1ccc2nccc([C@@H](O)CC[C@@H]3CCN(CCSc4cccs4)CC3C(=O)O)c2c1,0.07333306,train
N#Cc1c[nH]c(C(=O)Nc2ccc(C3CCN(Cc4ccccn4)CC3)cc2C2=CCCCC2)n1,0.91331655,train
CCN(CC)CCOc1cc(-c2nc(SCC(=O)NC)nc3[nH]cc(C#N)c23)c(Cl)cc1Cl,0.9050795,train
CCN(CC)CCSc1nc(-c2cc(OC)c(C#N)cc2Cl)c2c(C#N)c[nH]c2n1,0.99285334,train
CCN(CC)CCSc1nc(-c2cc(OC)c(Cl)cc2Cl)c2c(C#N)c[nH]c2n1,0.9951426,train
CCN(CC)CCOc1cc(-c2nc(SC)nc3[nH]cc(C#N)c23)c(Cl)cc1Cl,0.99909186,train
CSc1nc(-c2cc(OCCN3CCCC3)c(Cl)cc2Cl)c2c(C#N)c[nH]c2n1,0.99878806,test
Cc1cc(Cl)ccc1OC1CCN(CC2CCN([C@@](C)(Cc3ccc(F)cc3)C(=O)O)CC2)CC1,0.4170497,train
Cc1c(OC2CCN(CC3CCN(C(Cc4ccc(F)cc4)C(=O)O)CC3)CC2)ccc(C#N)c1Cl,0.5403991,train
O=C(O)C(Cc1cccc(C(F)(F)F)c1)N1CCC(CN2CCC(Oc3ccc(Cl)c(Cl)c3)CC2)CC1,0.607038,train
COc1ccc(CC(C(=O)O)N2CCC(CN3CCC(Oc4ccc(Cl)c(Cl)c4)CC3)CC2)cc1,0.48858133,train
COc1ccccc1CC(C(=O)O)N1CCC(CN2CCC(Oc3ccc(Cl)c(Cl)c3)CC2)CC1,0.41274345,train
Cc1ccc(CC(C(=O)O)N2CCC(CN3CCC(Oc4ccc(Cl)c(Cl)c4)CC3)CC2)cc1,0.48127645,train
Cc1cccc(CC(C(=O)O)N2CCC(CN3CCC(Oc4ccc(Cl)c(Cl)c4)CC3)CC2)c1,0.48943147,train
N#Cc1ccc(CC(C(=O)O)N2CCC(CN3CCC(Oc4ccc(Cl)c(Cl)c4)CC3)CC2)cc1,0.63626343,train
N#Cc1cccc(CC(C(=O)O)N2CCC(CN3CCC(Oc4ccc(Cl)c(Cl)c4)CC3)CC2)c1,0.57321256,train
N#Cc1ccccc1CC(C(=O)O)N1CCC(CN2CCC(Oc3ccc(Cl)c(Cl)c3)CC2)CC1,0.42148566,train
O=C(O)C(Cc1ccc(Cl)cc1)N1CCC(CN2CCC(Oc3ccc(Cl)c(Cl)c3)CC2)CC1,0.6922478,train
O=C(O)C(Cc1ccccc1)N1CCC(CN2CCC(Oc3ccc(Cl)c(Cl)c3)CC2)CC1,0.4161684,train
O=C(O)c1cccnc1N1CCC(CN2CCC(Oc3ccc(Cl)c(Cl)c3)CC2)CC1,0.42593867,val
O=C(O)c1ccc(CN2CCC(CN3CCC(Oc4ccc(Cl)c(Cl)c4)CC3)CC2)cc1,0.40436685,train
O=C(O)c1cccc(CN2CCC(CN3CCC(Oc4ccc(Cl)c(Cl)c4)CC3)CC2)c1,0.39967358,train
O=C(O)c1ccccc1CN1CCC(CN2CCC(Oc3ccc(Cl)c(Cl)c3)CC2)CC1,0.40528333,train
O=C(O)COc1ccc(N2CCC(CN3CCC(Oc4ccc(Cl)c(Cl)c4)CC3)CC2)cc1,0.28162825,train
O=C(O)COc1cccc(N2CCC(CN3CCC(Oc4ccc(Cl)c(Cl)c4)CC3)CC2)c1,0.3383453,train
O=C(O)COc1ccccc1N1CCC(CN2CCC(Oc3ccc(Cl)c(Cl)c3)CC2)CC1,0.25329062,train
O=C(O)Cc1ccc(N2CCC(CN3CCC(Oc4ccc(Cl)c(Cl)c4)CC3)CC2)cc1,0.37975675,train
O=C(O)Cc1cccc(N2CCC(CN3CCC(Oc4ccc(Cl)c(Cl)c4)CC3)CC2)c1,0.38014528,train
O=C(O)Cc1ccccc1N1CCC(CN2CCC(Oc3ccc(Cl)c(Cl)c3)CC2)CC1,0.33575296,train
O=C(O)c1ccc(N2CCC(CN3CCC(Oc4ccc(Cl)c(Cl)c4)CC3)CC2)cc1,0.42499632,train
O=C(O)c1cccc(N2CCC(CN3CCC(Oc4ccc(Cl)c(Cl)c4)CC3)CC2)c1,0.45329145,train
O=C(O)c1ccccc1N1CCC(CN2CCC(Oc3ccc(Cl)c(Cl)c3)CC2)CC1,0.42648566,train
O=C(O)C(c1ccccc1)N1CCC(CN2CCC(Oc3ccc(Cl)c(Cl)c3)CC2)CC1,0.081026815,train
O=C(O)C(c1ccccc1)N1CCCC(CN2CCC(Oc3ccc(Cl)c(Cl)c3)CC2)C1,0.12081463,val
Cc1ccc(S(=O)(=O)NC(=O)N2CCC(N3CCC(Oc4ccc(Cl)c(Cl)c4)CC3)CC2)cc1,0.27985737,train
O=C(O)C(c1ccccc1)N1CCC(N2CCC(Oc3ccc(Cl)c(Cl)c3)CC2)CC1,0.024281446,test
COc1ccc2cc(-c3cc(-c4cc(Cl)ccc4Cl)nn3[C@@H](C)c3ccc(C(=O)NCCC(=O)O)cc3)ccc2c1,0.7120596,val
O=C(NCc1cccc(OC(F)(F)F)c1)c1c2ccccc2c(O)n1CCc1ncc(F)cn1,0.08886663,train
O=C(NCc1ccc(OC(F)(F)F)cc1)c1c2cccc(F)c2c(O)n1CCc1ccccn1,0.65209526,train
COc1cccc2c(O)n(CCc3ccccn3)c(C(=O)NCc3ccc(OC(F)(F)F)cc3)c12,0.5815613,train
Cc1cccc2c(O)n(CCc3ccccn3)c(C(=O)NCc3ccc(OC(F)(F)F)cc3)c12,0.7029252,train
O=C(NCc1ccc(OC(F)(F)F)cc1)c1c2c(F)cccc2c(O)n1CCc1ccccn1,0.62279,train
CC1(C(=O)NCc2ccc(OC(F)(F)F)cc2)c2ccccc2C(=O)N1CCc1ccccn1,0.34977025,test
O=C(NCc1ccc(OC(F)(F)F)cc1)c1c2ccccc2c(O)n1CCc1ncc(F)cn1,0.14204192,train
O=C(NCc1ccc(OC(F)(F)F)cc1)c1c2ccccc2c(O)n1CCc1cnccn1,0.102678224,test
O=C(NCc1ccc(OC(F)(F)F)cc1)c1c2ccccc2c(O)n1CCc1ncccn1,0.12340061,train
O=C(NCc1ccc(OC(F)(F)F)cc1)c1c2ccccc2c(O)n1CC(F)(F)c1ccccn1,0.08437235,train
CC(C)(Cc1ccccn1)n1c(O)c2ccccc2c1C(=O)NCc1ccc(OC(F)(F)F)cc1,0.8227407,train
CC(Cc1ccccn1)n1c(O)c2ccccc2c1C(=O)NCc1ccc(OC(F)(F)F)cc1,0.51277363,train
O=C(NCc1ccc(OC(F)(F)F)cc1)c1c2ccccc2c(O)n1Cc1ccc(C(F)(F)F)cn1,0.6950567,test
O=C(NCc1ccc(OC(F)(F)F)cc1)c1c2ccccc2c(O)n1CCOc1ccccn1,0.09525388,test
Cc1cccc(CCn2c(O)c3ccccc3c2C(=O)NCc2ccc(OC(F)(F)F)cc2)n1,0.63905907,train
O=C(NCc1ccc(OC(F)(F)F)cc1)c1c2ccccc2c(O)n1CCc1ccc(F)cn1,0.48558065,train
O=C(NCc1ccc(OC(F)(F)F)cc1)c1c2ccccc2c(O)n1CCc1ccncc1,0.5445776,train
O=C(NCc1ccc(OC(F)(F)F)cc1)c1c2ccccc2c(O)n1CCc1cccnc1,0.22124508,train
N#CCCn1c(O)c2ccccc2c1C(=O)NCc1ccc(OC(F)(F)F)cc1,0.25758317,train
CC(CC#N)n1c(O)c2ccccc2c1C(=O)NCc1ccc(OC(F)(F)F)cc1,0.18782222,train
O=C(NCc1ccc(OC(F)(F)F)cc1)c1c2ccccc2c(O)n1C1CC(F)(F)C1,0.054718897,train
CC(C)(C)OC(=O)N1CC(n2c(O)c3ccccc3c2C(=O)NCc2ccc(OC(F)(F)F)cc2)C1,0.01314533,train
CC(C)(C)OC(=O)N1CCC(n2c(O)c3ccccc3c2C(=O)NCc2ccc(OC(F)(F)F)cc2)CC1,0.020108145,val
O=C(NCc1ccc(OC(F)(F)F)cc1)c1c2ccccc2c(O)n1C1CCC(F)(F)CC1,0.06981378,val
O=C(NCc1ccc(OC(F)(F)F)cc1)c1c2ccccc2c(O)n1C[C@@H]1CCCO1,0.19428483,test
O=C(NCc1ccc(OC(F)(F)F)cc1)c1c2ccccc2c(O)n1CCC1CCOCC1,0.10198746,train
O=C(NCc1ccc(OCCC(F)(F)F)nc1)c1c2ccccc2c(O)n1CCc1ccccn1,0.08042311,train
O=C(NCc1ccc(OCC(F)(F)F)nc1)c1c2ccccc2c(O)n1CCc1ccccn1,0.17330453,train
CC(NC(=O)c1c2ccccc2c(O)n1CCc1ccccn1)c1ccc(OCC(F)(F)F)cc1,0.56318396,train
O=C(NCc1ccc(OCC(F)(F)F)cc1)c1c2ccccc2c(O)n1CCc1ccccn1,0.36587065,train
O=C(NCc1ccc(CC(F)(F)F)cc1)c1c2ccccc2c(O)n1CCc1ccccn1,0.3382595,train
O=C(NCc1cccc(OC(F)(F)F)c1)c1c2ccccc2c(O)n1CCc1ccccn1,0.25402933,train
O=C(NCc1ccc(OC(F)(F)F)cc1)c1c2ccccc2c(O)n1CCc1ccccn1,0.38301188,train
O=C(NCc1ccc(C(F)(F)F)cc1)c1c2ccccc2c(O)n1CCc1ccccn1,0.267952,train
O=C(NCc1ccc(Br)cc1)c1c2ccccc2c(O)n1CCc1ccccn1,0.2747418,train
N#Cc1ccc(-c2noc(-c3cc(F)cc(C#N)c3)n2)nc1,0.95910966,train
N#Cc1ccc2ccc(=O)n(CCN3CC[C@H](NCc4cc5c(cn4)OCCO5)[C@@H](F)C3)c2c1,0.03193546,train
N#Cc1ccc2ccc(=O)n(CCN3CCC(NCc4cc5c(cn4)OCCO5)CC3)c2c1,0.22056292,train
COc1ccc2ncc(=O)n(CCN3CC[C@@H](NCc4ccc5c(n4)NC(=O)CO5)[C@H](OC)C3)c2c1,0.010288156,train
COc1ccc2ncc(=O)n(CCN3CC[C@H](NCc4cc5c(cn4)OCCO5)[C@@H](OC)C3)c2c1,0.0029569522,train
COc1ccc2ncc(=O)n(CCN3CC[C@@H](NCc4ccc5c(n4)NC(=O)CO5)[C@@H](OC)C3)c2c1,0.011242796,train
COc1ccc2ncc(=O)n(CCN3CC[C@@H](NCc4cc5c(cn4)OCCO5)[C@@H](OC)C3)c2c1,0.0049237157,train
COc1ccc2ncc(=O)n(CCN3CC[C@@H](NCc4cc5c(cn4)OCCO5)[C@@H](O)C3)c2c1,0.0077097076,train
COc1ccc2ncc(=O)n(CCN3CC[C@H](NCc4ccc5c(n4)NC(=O)CO5)[C@@H](F)C3)c2c1,0.014131598,train
COc1ccc2ncc(=O)n(CCN3CC[C@H](NCc4cc5c(cn4)OCCO5)[C@@H](F)C3)c2c1,0.0061016176,train
COc1ccc2ncc(=O)n(CCN3CC[C@@H](NCc4ccc5c(n4)NC(=O)CO5)[C@@H](F)C3)c2c1,0.011253354,train
COc1ccc2ncc(=O)n(CCN3CC[C@H](NCc4ccc5c(n4)NC(=O)CO5)[C@H](F)C3)c2c1,0.021577116,train
COc1ccc2ncc(=O)n(CCN3CCC(NCc4ccc5c(n4)NC(=O)CO5)CC3)c2c1,0.026212046,train
CS(=O)(=O)c1ccc(C(CC2CCCC2)C(=O)Nc2nccs2)cc1F,0.100733094,train
CS(=O)(=O)c1ccc(C(CC2CCCC2)C(=O)Nc2cnccn2)cc1Cl,0.55945605,train
CONC(=O)N(Cc1ccsc1)C1CCN([C@H](C)CCNC(=O)c2c(C)cc(C#N)nc2Cl)CC1,0.12193659,train
CONC(=O)N(Cc1ccsc1)C1CCN([C@H](C)CCNC(=O)c2c(C)cc(C(=O)NC(C)C)nc2C)CC1,0.10871417,train
CONC(=O)N(Cc1ccsc1)C1CCN([C@H](C)CCNC(=O)c2c(C)cc(Cl)nc2Cl)CC1,0.3302299,train
CONC(=O)N(Cc1ccsc1)C1CCN([C@H](C)CCNC(=O)c2c(C)cc(Cl)nc2C)CC1,0.32337132,train
Cc1cc(Cl)nc(C)c1C(=O)NCC[C@@H](C)N1CCC(N(Cc2ccsc2)C(=O)CC#N)CC1,0.6962741,train
COCC(=O)N(Cc1ccsc1)C1CCN([C@H](C)CCNC(=O)c2c(C)cc(Cl)nc2C)CC1,0.3819144,train
CNC(=O)N(Cc1ccsc1)C1CCN([C@H](C)CCNC(=O)c2c(C)cc(Cl)nc2C)CC1,0.15053353,train
CCN(CCO)C(=O)c1cc2cccnn2c1-c1cccc(C(F)(F)F)c1,0.07896461,train
N#Cc1cccc(-c2c(C(=O)N3CCCCC3CO)cc3ccccn23)c1,0.49541262,val
Cc1ccc(S(=O)(=O)N(C)C(=O)N2CCC(N3CCC(Oc4ccc(Cl)c(Cl)c4)CC3)CC2)cc1,0.9350417,train
Cc1c(Cl)ccc(OC2CCN(C3CCN(S(=O)(=O)NC(=O)c4ccccc4)CC3)CC2)c1Cl,0.62161165,train
O=C(NS(=O)(=O)N1CCC(N2CCC(Oc3ccc(Cl)c(Cl)c3)CC2)CC1)c1ccccc1,0.56598794,train
O=C(NS(=O)(=O)c1ccc(Cl)cc1)N1CCC(N2CCC(Oc3ccc(Cl)c(Cl)c3)CC2)CC1,0.4670154,train
O=C(NS(=O)(=O)c1ccccc1)N1CCC(N2CCC(Oc3ccc(Cl)c(Cl)c3)CC2)CC1,0.22363715,train
Fc1cc(C(Oc2ccccc2)C2CNC2)ccc1Cl,0.97917527,train
Clc1ccc(OC(c2ccc3ccccc3c2)C2CNC2)cc1Cl,0.9899158,train
c1ccc(OC(c2ccc3ccccc3c2)C2CNC2)cc1,0.9663099,train
CCCOC(c1ccc2ccccc2c1)C1CNC1,0.9585803,train
CCCOC(c1ccc(Cl)c(Cl)c1)C1CNC1,0.9778661,test
CNc1nn2cc3c(nc2c1S(=O)(=O)c1ccccc1)CCN(C)C3,0.026065115,val
CNc1nn2c3c(cnc2c1S(=O)(=O)c1ccccc1)CN(C)CC3,0.038443897,val
Cc1cc(OCCN2C[C@@H](C)O[C@@H](C)C2)nn1-c1ccc2ccccc2c1,0.98652494,val
CC(=O)C1CCN(CCOc2ccn(-c3ccc(Cl)c(Cl)c3)n2)CC1,0.96709746,test
CCOC(=O)N1CCN(CCOc2cc(C)n(-c3ccc(Cl)c(Cl)c3)n2)CC1,0.954903,train
Cc1cc(OCCN2CCN(C)CC2)nn1-c1ccc(Cl)c(Cl)c1,0.94927335,train
Cc1cc(OCCN2CCOCC2)nn1-c1ccc(Cl)c(Cl)c1,0.8774165,train
CC(C)(C)C(=O)N1CCC(c2ccc(C(=O)N=C(N)N)cc2C(F)(F)F)CC1,0.31066024,train
CC(=O)N1CCC(c2cc(C)c(C(=O)N=C(N)N)cc2C(F)(F)F)CC1,0.27169675,train
N#Cc1ccc(C(=O)N2CCC(c3ccc(C(=O)N=C(N)N)cc3C(F)(F)F)CC2)cc1,0.5048876,test
C=CC(=O)N1CCC[C@@H](n2nc(-c3cccc(C(=O)NCc4ccc(C(C)(C)C)cc4)c3)c3c(N)ncnc32)C1,0.42144266,val
C=CC(=O)N1CCC[C@@H](n2nc(-c3cccc(C(=O)Nc4ccc(C(C)C)c(C)c4)c3)c3c(N)ncnc32)C1,0.76427144,train
C=CC(=O)N1CCC[C@@H](n2nc(-c3cccc(C(=O)Nc4ccc(C(C)C)cc4)c3)c3c(N)ncnc32)C1,0.581928,train
CCCN1CNc2cc(Nc3ccnc4cc(Cl)ccc34)ccc2C1,0.9774548,train
CN1CC(C(=O)Nc2ccc(Cl)cc2)[C@H](c2ccc(/C=C/C(=O)Nc3ccccc3N)cc2)C1,0.93587196,train
CN1CC(C(=O)Nc2ccc(Cl)cc2)[C@@H](c2ccc(/C=C/C(=O)Nc3ccccc3N)cc2F)C1,0.9273068,train
Nc1ccccc1NC(=O)/C=C/c1ccc([C@H]2CN(CCO)CC2C(=O)Nc2ccc(Cl)cc2)cc1,0.8822389,train
CN1CC(C(=O)Nc2ccc(Cl)cc2)[C@@H](c2ccc(/C=C/C(=O)Nc3ccccc3N)cc2)C1,0.9410827,train
COC(C)C(=O)N[C@@H](Cc1ccc2c(c1)OCO2)[C@H](O)CN[C@H]1CC2(CCC2)Oc2ncc(CC(C)(C)C)cc21,0.98171496,test
COc1ccc(S(=O)(=O)n2cc(C)c3cc(Cl)ccc32)cc1NC1CCN(C)CC1,0.9935487,train
COc1ccc(S(=O)(=O)n2cc(C)c3cc(F)ccc32)cc1NC1CCN(C)CC1,0.9866332,train
CCn1cc([C@]2(c3cccc(NC(=O)c4ccc(Cl)cn4)c3)N=C(N)c3c(F)cccc32)cc(C)c1=O,0.9619512,train
CCn1cc([C@]2(c3cccc(C#CC4CC4)c3)N=C(N)c3c(F)cccc32)cc(C)c1=O,0.95740145,train
CC#Cc1cncc(-c2cccc([C@@]3(c4cc(C)c(=O)n(CC)c4)N=C(N)c4c(F)cc(F)cc43)c2)c1,0.81833744,train
CC#Cc1cncc(-c2cccc([C@@]3(c4cc(C)c(=O)n(CC)c4)N=C(N)c4c(F)cccc43)c2)c1,0.89410913,train
CCn1cc(C2(c3cccc(-c4cncc(F)c4)c3)N=C(N)c3c(F)cccc32)cc(C)c1=O,0.7185902,train
CCn1cc(C2(c3cccc(-c4cncnc4)c3)N=C(N)c3c(F)cccc32)cc(C)c1=O,0.3225573,train
COc1c(C)cc(C2(c3cccc(-c4cncnc4)c3)N=C(N)c3c(F)cccc32)cc1C#N,0.9741554,train
COc1c(C)cc(C2(c3cccc(-c4cncnc4)c3)N=C(N)c3c(F)cccc32)nc1C,0.9857188,test
COc1ccc(C2(c3cccc(-c4cncnc4)c3)N=C(N)c3c(F)cccc32)cc1,0.9917354,train
CC#Cc1cncc(-c2cccc(C3(c4ccnc(C(F)F)c4)N=C(N)c4c(F)cccc43)c2)c1,0.90680724,train
N=C1N[C@@](c2cccc(-c3cncnc3)c2)(c2ccnc(C(F)F)c2)c2cc(F)cc(F)c21,0.4315489,train
N=C1N[C@@](c2cccc(-c3cncnc3)c2)(c2ccnc(C(F)F)c2)c2cccc(F)c21,0.47562847,train
N=C1NC(c2cccc(-c3cncnc3)c2)(c2ccnc(C(F)F)c2)c2cccc(F)c21,0.3531807,train
COc1cc(C2(c3cccc(-c4cncnc4)c3)N=C(N)c3c(F)cccc32)ccn1,0.986051,train
N=C1NC(c2cccc(-c3cncnc3)c2)(c2ccnc(C3CC3)c2)c2cccc(F)c21,0.7528014,train
Cc1cc(C2(c3cccc(-c4cncnc4)c3)N=C(N)c3c(F)cccc32)cc(C)n1,0.96774375,train
N=C1N[C@](c2ccnc(C(F)(F)F)c2)(c2ccc(F)c(-c3cncnc3)c2)c2cccc(F)c21,0.4956406,train
N=C1NC(c2ccnc(C(F)(F)F)c2)(c2ccc(F)c(-c3cncnc3)c2)c2cccc(F)c21,0.11654996,train
N#Cc1cncc(-c2cccc(C3(c4ccnc(C(F)(F)F)c4)N=C(N)c4c(F)cccc43)c2)c1,0.98251337,train
N=C1NC(c2cccc(-c3cncnc3)c2)(c2ccnc(C(F)(F)F)c2)c2cccc(F)c21,0.26120886,train
N=C1NC(c2ccncc2)(c2cccc(-c3cncc(F)c3)c2)c2cccc(F)c21,0.8403845,train
N=C1N[C@](c2ccncc2)(c2cccc(-c3cncnc3)c2)c2cccc(F)c21,0.8992154,train
N=C1NC(c2ccncc2)(c2cccc(-c3cncnc3)c2)c2cccc(F)c21,0.4953178,train
N=C1NC(c2cccc(-c3cncnc3)c2)(c2ccnc(C(F)(F)F)c2)c2ccccc21,0.21502662,train
N=C1NC(c2ccncc2)(c2cccc(-c3cncnc3)c2)c2ccccc21,0.43293107,train
COc1cc(Nc2cccc3c2nc(-c2ccc(F)cc2)n3C)ccc1-n1cnc(C)c1,0.9962633,test
Cc1cn(-c2ccc(Nc3cccc4c3nc(-c3ccc(F)cc3)n4C)nc2)cn1,0.98675215,train
COc1cc(Nc2cccc3c2nc(-c2ccc(F)cc2)n3C)cnc1-n1cnc(C)c1,0.9970796,train
COc1nc(Nc2cccc3c2nc(-c2ccc(F)cc2)n3C)ccc1-n1cnc(C)c1,0.9980159,train
CC(C)C(NC(=O)c1ccccc1)C(=O)N1CCC(c2ccc(Cl)cc2)CC1,0.87740326,train
CC(=O)c1cccc(NC(=O)N[C@@H]2CCCC[C@H]2CN2CCC[C@@H](Cc3ccc(F)cc3)C2)c1,0.9561563,test
CC#Cc1cncc(-c2cc(C3(C4CC4)N=C(C)C(=N)N3)ccc2O)c1,0.030878037,train
CC#Cc1cncc(-c2cccc(C3(C4CC4)N=C(C)C(=N)N3)c2)c1,0.057924796,train
COc1cccc(-c2cccc(C3(C4CCOCC4)N=C(C)C(=N)N3)c2)c1,0.08885713,test
CC1=NC(c2cccc(-c3cccnc3)c2)(C2CCCCC2)N=C1N,0.77503526,test
CC1=NC(c2cccc(-c3cncc(Cl)c3)c2)(C2CC2)N=C1N,0.8650001,test
CC#Cc1cncc(-c2cccc(C3(c4cc(C)c(OC)c(C)c4)N=C(C)C(=N)N3)c2)c1,0.028383382,train
COc1ccc(C2(c3cccc(-c4cccnc4)c3)N=C(C)C(=N)N2)cc1,0.058742337,train
COc1ccc(C2(c3cccc(-c4cncnc4)c3)N=C(C(C)C)C(=N)N2)cc1,0.11275275,train
COc1cccc(-c2cccc(C3(C)N=C(C)C(=N)N3)c2)c1,0.09909254,train
O=C(CCCN1CCCCC1)Nc1cc(-c2cncc(F)c2)[nH]n1,0.3289448,test
COc1ccc(-c2cc(NC(=O)CCCN3CCCCC3)[nH]n2)cc1,0.31393296,train
COc1cccc(-c2cc(NC(=O)CCCN3CCCCC3)[nH]n2)c1,0.5251506,train
O=C(CCCN1CCCCC1)Nc1cc(-c2cccc(F)c2)[nH]n1,0.6026111,val
C[C@H](c1nc(=O)c2cnn(C3CCCC3)c2[nH]1)N1CC(c2ncccn2)C1,0.0032564928,test
O=C(N[C@@H]1C2CCN(CC2)[C@H]1Cc1cccnc1)c1cc2ccccc2o1,0.5428466,test
CC(=O)Nc1ccc(CCN2CCC(COc3nc4ccccc4c4cn(C)cc34)CC2)cc1,0.9335565,train
COCc1ccc(CCN2CCC(COc3nc4ccccc4c4cn(C)cc34)CC2)cc1,0.9815015,train
Cn1cc2c(OCC3CCN(CCc4ccc(CO)cc4)CC3)nc3ccccc3c2c1,0.983253,train
Cn1cc2c(OCC3CCN(CCc4ccc(C(=O)O)cc4)CC3)nc3ccccc3c2c1,0.41212684,train
Cn1cc2c(OCC3CCN(CCc4ccc(N)cc4)CC3)nc3ccccc3c2c1,0.99306124,train
Cn1cc2c(OCC3CCN(CCN4CCOCC4)CC3)nc3ccccc3c2c1,0.87623775,train
CC(C)n1nc(C(=O)NCC2CCN(CCc3ccc(N)cc3)CC2)c2ccccc21,0.8100025,train
CC(C)n1nc(C(=O)NCC2CCN(CCNS(C)(=O)=O)CC2)c2ccccc21,0.102371864,val
COc1ccc(-c2cc(-c3ccc(C(=O)N4CCN(C)CC4)cc3)cnc2N)cn1,0.10094685,train
Nc1ncc(-c2ccc(C(=O)N3CCOCC3)cc2)cc1-c1ccc(C(F)(F)F)nc1,0.054979853,train
Nc1ncc(-c2ccc(C(=O)N3CCNCC3)cc2)cc1-c1ccc(C(F)(F)F)nc1,0.13581437,train
CN1CCN(C(=O)c2ccc(-c3cnc(N)c(-c4ccc(C(F)(F)F)cc4)c3)cc2)CC1,0.6581597,train
COc1ccc(-c2cc(-c3ccc(S(=O)(=O)N4CCN(C)CC4)cc3)cnc2N)cn1,0.9749995,val
COc1ccc(-c2cc(-c3ccc(S(=O)(=O)N(C)C)cc3)cnc2N)cn1,0.92807496,train
CN1CCN(C(=O)c2ccc(-c3cnc(N)c(-c4ccc(C(F)(F)F)nc4)c3)cc2)CC1,0.0957446,train
Nc1ncc(-c2ccc(C(=O)N3CCNCC3)cc2)cc1-c1ccc(C(F)(F)F)cc1,0.7276554,train
Nc1ncc(-c2ccc(C(=O)N3CCOCC3)cc2)cc1-c1ccc(C(F)(F)F)cc1,0.35139576,test
COc1ccc(-c2cc(-c3ccc(S(=O)(=O)NC4CC4)cc3)cnc2N)cn1,0.7376197,train
CC(C)n1nc(C(=O)NCC2CCN(CCN3CCOCC3)CC2)c2ccccc21,0.24314217,val
CN(C)CCCCc1ccc(C2(C)COC2)cc1,0.1882371,train
CN(C)CCCCc1ccc(C(C)(C)C)cc1,0.9711609,train
N=C(Nc1ccc2c(c1)CCN2C1CCNCC1)c1cccs1,0.22120315,train
Cc1nc(C2(c3noc(C)n3)N[C@@H](c3nc(-c4ccc(F)cc4)c[nH]3)Cc3c2[nH]c2ccccc32)no1,0.999907,val
Cn1cc(C2(c3cnn(C)c3)N[C@@H](c3nc(-c4ccc(F)cc4)c[nH]3)Cc3c2[nH]c2ccccc32)cn1,0.70779663,train
Cc1nc([C@]2(c3cnn(C)c3)N[C@H](c3nc(-c4ccc(F)cc4)c[nH]3)Cc3c2[nH]c2ccccc32)no1,0.9995763,train
Cc1nc([C@@]2(c3cnn(C)c3)N[C@H](c3nc(-c4ccc(F)cc4)c[nH]3)Cc3c2[nH]c2ccccc32)no1,0.99966884,train
Cc1nc([C@@]2(c3cnn(C)c3)N[C@@H](c3nc(-c4ccc(F)cc4)c[nH]3)Cc3c2[nH]c2ccccc32)no1,0.99961615,train
Cc1nc([C@]2(c3cnn(C)c3)N[C@@H](c3nc(-c4ccc(F)cc4)c[nH]3)Cc3c2[nH]c2ccccc32)no1,0.9995554,train
Fc1ccc(-c2c[nH]c([C@H]3Cc4c([nH]c5ccccc45)C(c4ccccc4)(c4ccccc4)N3)n2)cc1,0.99948335,val
Cc1nc([C@@H]2N[C@@H](c3nc(-c4ccc(F)cc4)c[nH]3)Cc3c2[nH]c2ccccc32)no1,0.99977547,train
Cc1nc([C@H]2N[C@@H](c3nc(-c4ccc(F)cc4)c[nH]3)Cc3c2[nH]c2ccccc32)no1,0.9986594,train
Cn1cc([C@@H]2N[C@@H](c3nc(-c4ccc(F)cc4)c[nH]3)Cc3c2[nH]c2ccccc32)cn1,0.9699986,train
Cn1cc([C@H]2N[C@@H](c3nc(-c4ccc(F)cc4)c[nH]3)Cc3c2[nH]c2ccccc32)cn1,0.9637564,train
Fc1ccc(-c2c[nH]c([C@H]3Cc4c([nH]c5ccccc45)[C@@H](C4CCOCC4)N3)n2)cc1,0.99876666,train
Cc1nn(C)cc1-c1nc2c(N3CCN(Cc4ncon4)CC3)c(Cl)cnc2[nH]1,0.1599995,train
Cc1nc(CN2CCN(c3c(Cl)cnc4[nH]c(-c5cn(C)nc5C)nc34)CC2)no1,0.36056823,train
Cc1cc(CN2CCN(c3c(Cl)cnc4[nH]c(-c5cccc(N6CCN(C)CC6)c5)nc34)CC2)no1,0.9243415,train
Cc1cc(CN2CCN(c3c(Cl)cnc4[nH]c(-c5cn(C)nc5C)nc34)CC2)no1,0.9210973,test
Cc1cc(CN2CCN(c3c(Br)cnc4[nH]c(-c5ccc(N6CCN(C)CC6)cc5)nc34)CC2)no1,0.6729389,train
Cc1cc(CN2CCN(c3c(Cl)cnc4[nH]c(-c5cn(C)nc5C5CC5)nc34)CC2)no1,0.984209,test
Cc1cc(CN2CCN(c3c(Cl)cnc4[nH]c(-c5ccc(N6CCN(C)CC6)cc5)nc34)CC2)no1,0.8421734,train
CSc1ncc([C@]2(O)CC[C@H](N3CC(NC(=O)CNC(=O)c4cccc(C(F)(F)F)c4)C3)CC2)s1,0.05927951,train
CC(C)Oc1ncc([C@]2(O)CC[C@H](N3CC(NC(=O)CNC(=O)c4cccc(C(F)(F)F)c4)C3)CC2)s1,0.039127026,train
O=C(CNC(=O)c1cccc(C(F)(F)F)c1)NC1CN([C@H]2CC[C@@](O)(c3nc4ccccc4s3)CC2)C1,0.088085726,train
Cc1cnc([C@]2(O)CC[C@H](N3CC(NC(=O)CNC(=O)c4cccc(C(F)(F)F)c4)C3)CC2)s1,0.012393143,train
O=C(CNC(=O)c1cccc(C(F)(F)F)c1)NC1CN([C@H]2CC[C@@](O)(c3ccns3)CC2)C1,0.11331821,train
O=C(CNC(=O)c1cccc(C(F)(F)F)c1)NC1CN([C@H]2CC[C@@](O)(c3nccs3)CC2)C1,0.066406235,train
O=C(CNC(=O)c1cccc(C(F)(F)F)c1)NC1CN([C@H]2CC[C@@](O)(c3cccs3)CC2)C1,0.20134254,test
Cn1ccnc1[C@]1(O)CC[C@H](N2CC(NC(=O)CNC(=O)c3cccc(C(F)(F)F)c3)C2)CC1,0.013111717,test
O=C(CNC(=O)c1cccc(C(F)(F)F)c1)NC1CN([C@H]2CC[C@@](O)(c3ccc(OC4CCC4)nc3)CC2)C1,0.3062266,train
CC(C)(C)Oc1ccc([C@]2(O)CC[C@H](N3CC(NC(=O)CNC(=O)c4cccc(C(F)(F)F)c4)C3)CC2)cn1,0.02411454,train
CC(C)Oc1ccc([C@]2(O)CC[C@H](N3CC(NC(=O)CNC(=O)c4cccc(C(F)(F)F)c4)C3)CC2)cn1,0.13959584,train
O=C(CNC(=O)c1cccc(C(F)(F)F)c1)NC1CN([C@H]2CC[C@@](O)(c3ccc(OCC(F)(F)F)nc3)CC2)C1,0.24175769,train
CCOc1ccc([C@]2(O)CC[C@H](N3CC(NC(=O)CNC(=O)c4cccc(C(F)(F)F)c4)C3)CC2)cn1,0.08279035,train
COc1ccc([C@]2(O)CC[C@H](N3CC(NC(=O)CNC(=O)c4cccc(C(F)(F)F)c4)C3)CC2)nc1,0.03148741,train
COc1cccc([C@]2(O)CC[C@H](N3CC(NC(=O)CNC(=O)c4cccc(C(F)(F)F)c4)C3)CC2)n1,0.042013247,train
COc1ncc([C@]2(O)CC[C@H](N3CC(NC(=O)CNC(=O)c4cccc(C(F)(F)F)c4)C3)CC2)cc1C,0.07343789,train
CN(C)c1ccc([C@]2(O)CC[C@H](N3CC(NC(=O)CNC(=O)c4cccc(C(F)(F)F)c4)C3)CC2)cn1,0.069100946,train
COc1ccc([C@]2(O)CC[C@H](N3CC(NC(=O)CNC(=O)c4cccc(C(F)(F)F)c4)C3)CC2)cn1,0.09217717,train
Cc1ccc([C@]2(O)CC[C@H](N3CC(NC(=O)CNC(=O)c4cccc(C(F)(F)F)c4)C3)CC2)cn1,0.10669634,train
N#Cc1ccc([C@]2(O)CC[C@H](N3CC(NC(=O)CNC(=O)c4cccc(C(F)(F)F)c4)C3)CC2)cn1,0.111434974,train
O=C(CNC(=O)c1cccc(C(F)(F)F)c1)NC1CN([C@H]2CC[C@@](O)(c3ccc(F)nc3)CC2)C1,0.15522708,train
O=C(CNC(=O)c1cccc(C(F)(F)F)c1)NC1CN([C@H]2CC[C@@](O)(c3cncnc3)CC2)C1,0.08753474,train
N#CC1(c2ccccn2)CCN(Cc2cc(C(=O)N[C@H]3CCCC[C@@H]3O)c(=O)n3ccccc23)CC1,0.6760387,val
O=C(N[C@H]1CCCC[C@@H]1O)c1cc(CN2CCN(c3cc4scnc4cn3)CC2)c2ccccn2c1=O,0.81002396,test
Cc1ccc(N2CCN(Cc3cc(C(=O)N[C@H]4CCCC[C@@H]4O)c(=O)n4ccccc34)CC2)nc1,0.76282805,val
N#CC1(c2ccccc2)CCN(Cc2cc(C(=O)N[C@H]3CCCC[C@@H]3O)c(=O)n3ccccc23)CC1,0.88722074,train
O=C(N[C@H]1CCCC[C@@H]1O)c1cc(CN2CCN(c3cc4ccccc4cn3)CC2)c2ccccn2c1=O,0.8691815,test
N#Cc1ccc(N2CCN(Cc3cc(C(=O)N[C@H]4CCCC[C@@H]4O)c(=O)n4ccccc34)CC2)cc1,0.9042832,train
CSc1cc(Nc2cnc(C#N)c(O[C@H](C)CN(C)C)n2)ncc1-c1cnn(C)c1,0.8612744,train
COc1cc(Nc2cnc(C#N)c(O[C@@H]3CCN(C)C3)n2)ncc1-c1cnn(C)c1,0.06735325,train
COc1cc(Nc2cnc(C#N)c(O[C@H](C)CN(C)C)n2)ncc1-c1cnn(C)c1,0.4655744,train
CNc1cc(Nc2cnc(C#N)c(O[C@H]3CCN(C)C3)n2)ncc1-c1cnn(C)c1,0.037629463,train
CNc1cc(Nc2cnc(C#N)c(O[C@@H]3CCN(C)C3)n2)ncc1-c1cnn(C)c1,0.037516683,train
CNc1cc(Nc2cnc(C#N)c(O[C@H](C)CN(C)C)n2)ncc1-c1cnn(C)c1,0.3196788,train
C#Cc1cnc(Nc2cnc(C#N)c(O[C@H](C)CN(C)C)n2)cc1NC,0.6819056,train
CNc1cc(Nc2cnc(C#N)c(O[C@H](C)CN(C)C)n2)ncc1C1CC1,0.46149772,val
CNc1cc(Nc2cnc(C#N)c(O[C@H](C)CN(C)C)n2)ncc1C(F)(F)F,0.67400295,train
CNc1cc(Nc2cnc(C#N)c(O[C@H](C)CN(C)C)n2)ncc1Cl,0.6155288,train
COC(=O)c1cnc(Nc2cnc(C#N)c(O[C@@H]3CCNC3)n2)cc1N(C)C,0.050242547,train
CNc1cc(Nc2cnc(C#N)c(O[C@@H]3CCNC3)n2)ncc1C(=O)OC,0.05354959,train
CNc1cc(Nc2cnc(C#N)c(O[C@H](C)CN(C)C)n2)ncc1C(=O)OC,0.6361218,train
C[C@H](CN(C)C)Oc1nc(Nc2cc3cccc(Cl)c3cn2)cnc1C#N,0.9252434,train
Cc1nc2ccccc2n1[C@@H]1C[C@H]2COC[C@@H](C1)N2CC[C@H](NC(=O)C1CCC1)c1ccccc1,0.9823834,train
CC(=O)NC1CC2CCC(C1)N2CCc1ccc(Oc2nc3ncccc3s2)cc1,0.55199677,val
O=C1CCCN1C1CCN(CCc2ccc(Oc3nc4ncccc4s3)cc2)CC1,0.89176786,val
O=C1CCCN1C1CCN(CCOc2ccc(Oc3nc4ncccc4s3)cc2)CC1,0.45169997,test
Cc1ccnc2nc(Oc3ccc(CN4CCCCC4)cc3)sc12,0.9455078,train
NC(=O)C1CCN(Cc2ccc(Oc3nc4ncccc4s3)cc2)CC1,0.4206147,train
NC(=O)C1CCN(Cc2ccc(Oc3nc4ccccc4s3)cc2)CC1,0.8309775,train
O=C(CO)NC1CCN(Cc2ccc(Oc3nc4ccccc4s3)cc2)CC1,0.2122949,train
COCCC(Oc1ncnc2c1cnn2-c1ccccc1C(F)(F)F)C(=O)Nc1ccc(C)cn1,0.05194585,train
COCCC(Oc1ncnc2c1cnn2-c1ccccc1Cl)C(=O)Nc1ccc(C)cn1,0.023110284,train
Cc1cc(Cl)ccc1OC1CCN(C[C@H](O)CNC(=O)c2c[nH]c(=O)cc2C(F)(F)F)CC1,0.9310298,train
O=C(NC[C@@H](O)CN1CCC(Oc2ccc(Cl)c(Cl)c2)CC1)c1c[nH]c(=O)cc1C(F)(F)F,0.81334615,train
Cc1cc(Cl)ccc1OC1CCN(C[C@H](O)CNC(=O)c2c[nH]nc2C(F)(F)F)CC1,0.9665254,train
O=C(NC[C@@H](O)CN1CCC(Oc2ccc(Cl)c(Cl)c2)CC1)c1c[nH]nc1C(F)(F)F,0.9046099,train
Cn1cc(C(=O)NC[C@@H](O)CN2CCC(Oc3ccc(Cl)c(Cl)c3)CC2)c(C(F)(F)F)cc1=O,0.70010436,train
Cc1c(Cl)ccc(OC2CCN(C[C@H](O)CNC(=O)c3c[nH]c(=O)cc3C(F)(F)F)CC2)c1Cl,0.86673695,train
O=C(NC[C@@H](O)CN1CCC(Oc2ccc(Cl)c(Cl)c2)CC1)c1c[nH]nc1C1CC1,0.92190355,test
Cc1c(Cl)ccc(OC2CCN(C[C@H](O)CNC(=O)c3c[nH]nc3C(F)(F)F)CC2)c1Cl,0.9329578,train
O=C(NC[C@@H](O)CN1CCC(Oc2ccc(Cl)c(Cl)c2)CC1)c1c[nH]c(=O)c2c(F)cccc12,0.9667591,train
CC1(O)CN(S(=O)(=O)c2ccc3c(C(=O)NC[C@@H](O)CN4CCC(Oc5ccc(Cl)c(Cl)c5)CC4)c[nH]c(=O)c3c2)C1,0.39960253,train
O=C(NC[C@@H](O)CN1CCC(Oc2ccc(Cl)c(Cl)c2)CC1)c1c[nH]c(=O)c2cc(S(=O)(=O)N3CCC3)ccc12,0.9773117,train
CN(C)S(=O)(=O)c1ccc2c(C(=O)NC[C@@H](O)CN3CCC(Oc4ccc(Cl)c(Cl)c4)CC3)c[nH]c(=O)c2c1,0.97688216,train
O=C(NC[C@@H](O)CN1CCC(Oc2ccc(Cl)c(Cl)c2)CC1)c1c[nH]c(=O)c2cc(S(=O)(=O)NC3CC3)ccc12,0.9504248,train
CNS(=O)(=O)c1ccc2c(C(=O)NC[C@@H](O)CN3CCC(Oc4ccc(Cl)c(Cl)c4)CC3)c[nH]c(=O)c2c1,0.8577623,train
O=C(NC[C@@H](O)CN1CCC(Oc2ccc(Cl)c(Cl)c2)CC1)c1c[nH]c(=O)c2cc(S(=O)(=O)NCCO)ccc12,0.6677792,train
O=C(NC[C@@H](O)CN1CCC(Oc2ccc(Cl)c(Cl)c2)CC1)c1c[nH]c(=O)c2ccc(F)cc12,0.96257687,train
Cc1cc(Cl)ccc1OC1CCN(C[C@H](O)CNC(=O)c2c[nH]c(=O)c3cc(S(C)(=O)=O)ccc23)CC1,0.9840592,train
CS(=O)(=O)c1ccc2c(C(=O)NC[C@@H](O)CN3CCC(Oc4ccc(Cl)c(Cl)c4)CC3)c[nH]c(=O)c2c1,0.95178676,train
O=C(NC[C@@H](O)CN1CCC(Oc2ccc(Cl)c(Cl)c2)CC1)c1c[nH]c(=O)c2ccccc12,0.94109315,train
O=C(NC[C@@H](O)CN1CCC(Oc2ccc(Cl)c(Cl)c2)CC1)c1[nH]nc2ccccc12,0.9266822,val
COc1cc(C(=O)NC[C@@H](O)CN2CCC(Oc3ccc(Cl)c(Cl)c3)CC2)ccc1N,0.9213675,test
O=C(NC[C@@H](O)CN1CCC(Oc2ccc(Cl)c(Cl)c2)CC1)c1n[nH]c(=O)c2ccccc12,0.7403976,train
O=C(NC[C@@H](O)CN1CCC(Oc2ccc(Cl)c(Cl)c2)CC1)n1c(=O)[nH]c2ccccc21,0.85134476,test
CN(C[C@@H](O)CN1CCC(Oc2ccc(Cl)c(Cl)c2)CC1)C(=O)c1c[nH]c(=O)c2ccccc12,0.7858182,train
O=C(NC[C@@H](O)CN1CCC(Oc2ccc(Cl)c(Cl)c2)CC1)c1c[nH]c2ccccc12,0.9677963,train
O=C(NC[C@@H](O)CN1CCC(Oc2ccc(Cl)c(Cl)c2)CC1)c1cnnc2ccccc12,0.9478756,test
O=C(CNc1nccc2ccc(C(F)(F)F)cc12)NC1CN([C@H]2CC[C@@](O)(c3cncs3)CC2)C1,0.018015523,test
O=C(CNc1ccnc2ccc(C(F)(F)F)cc12)NC1CN([C@H]2CC[C@@](O)(c3cncs3)CC2)C1,0.024108863,train
N#Cc1cc(NCC(=O)NC2CN([C@H]3CC[C@@](O)(c4cncs4)CC3)C2)c2cc(C(F)(F)F)ccc2n1,0.024220174,train
O=C(CNc1cc(C(F)(F)F)nc2ccc(C(F)(F)F)cc12)NC1CN([C@H]2CC[C@@](O)(c3cncs3)CC2)C1,0.021802543,train
O=C(CNc1nc(C(F)(F)F)nc2ccc(C(F)(F)F)cc12)NC1CN([C@H]2CC[C@@](O)(c3cncs3)CC2)C1,0.022896998,train
Cc1nc(NCC(=O)NC2CN([C@H]3CC[C@@](O)(c4cncs4)CC3)C2)c2cc(C(F)(F)F)ccc2n1,0.01362816,train
N#Cc1ccccc1[C@H]1CC[C@@H](N2CC(NC(=O)CNc3ncnc4ccc(C(F)(F)F)cc34)C2)CC1,0.8584055,train
O=C(CNc1ncnc2ccc(C(F)(F)F)cc12)NC1CN([C@H]2CC[C@@H](c3ccccc3O)CC2)C1,0.15275061,train
O=C(CNc1ncnc2ccc(C(F)(F)F)cc12)NC1CN([C@H]2CC[C@@H](c3ccccn3)CC2)C1,0.26127607,train
Nc1cccnc1[C@H]1CC[C@@H](N2CC(NC(=O)CNc3ncnc4ccc(C(F)(F)F)cc34)C2)CC1,0.113912925,train
O=C(CNc1ncnc2ccc(C(F)(F)F)cc12)NC1CN([C@H]2CC[C@@H](c3ccc(O)cn3)CC2)C1,0.044043038,train
O=C(CNc1ncnc2ccc(C(F)(F)F)cc12)NC1CN([C@H]2CC[C@@H](c3cccnc3)CC2)C1,0.1763157,train
COc1cnccc1[C@H]1CC[C@@H](N2CC(NC(=O)CNc3ncnc4ccc(C(F)(F)F)cc34)C2)CC1,0.34399098,train
Nc1cnccc1[C@H]1CC[C@@H](N2CC(NC(=O)CNc3ncnc4ccc(C(F)(F)F)cc34)C2)CC1,0.08931069,train
COc1cccc([C@]2(O)CC[C@H](N3CC(NC(=O)CNc4ncnc5ccc(C(F)(F)F)cc45)C3)CC2)n1,0.00733239,train
COc1ccc([C@]2(O)CC[C@H](N3CC(NC(=O)CNc4ncnc5ccc(C(F)(F)F)cc45)C3)CC2)cn1,0.016714716,train
CC(C)c1ncc([C@]2(O)CC[C@H](N3CC(NC(=O)CNc4ncnc5ccc(C(F)(F)F)cc45)C3)CC2)s1,0.0036130166,train
O=C(CNc1ncnc2ccc(C(F)(F)F)cc12)NC1CN([C@H]2CC[C@@](O)(c3ccns3)CC2)C1,0.02102263,test
O=C(CNc1ncnc2ccc(C(F)(F)F)cc12)NC1CN([C@H]2CC[C@@](O)(c3ccccc3)CC2)C1,0.040040668,train
O=C(CNc1ncnc2ccc(C(F)(F)F)cc12)NC1CN([C@H]2CC[C@@H](c3ccccc3)CC2)C1,0.8193635,train
C[S+]([O-])Cc1ccc(C(=O)Nc2nccnc2C(=O)NCC2CCC2)c2ccccc12,0.06887564,test
COc1ccc(NC(=O)c2ccc(Cn3ccnn3)c3ccccc23)c(C(=O)NCC2CCOCC2)n1,0.9035184,val
COc1ccc(Cl)cc1-c1ccnc(Nc2ccc(N3CCOCC3)c(OC)c2)c1,0.80857646,train
COc1ccc(C#N)cc1-c1ccnc(Nc2ccc(N3CCOCC3)c(OC)c2)c1,0.6698933,train
COc1cc(Nc2cc(-c3cccc(C#N)c3)ccn2)ccc1N1CCOCC1,0.76620746,train
COc1cc(Nc2cc(-c3cccc(C#N)c3)ccn2)ccc1N1CCN(C)CC1,0.9331857,train
COC1COCCC1N[C@@H]1C[C@H]2CCC[C@@]2(C(=O)N2CCc3ccc(OC(F)(F)F)cc3C2)C1,0.05392816,train
COC1COCCC1N[C@@H]1C[C@H]2CCC[C@@]2(C(=O)N2CCc3ccc(C#N)cc3C2)C1,0.0174907,train
COC1COCCC1N[C@@H]1C[C@H]2CCC[C@@]2(C(=O)N2CCc3ccc(C(F)(F)F)cc3C2)C1,0.016746007,train
COC1COCCC1N[C@@H]1C[C@H]2CCC[C@@]2(C(=O)N2CCc3ccc(Br)cc3C2)C1,0.03603034,train
COC1COCCC1N[C@@H]1C[C@H]2CCC[C@@]2(C(=O)N2CCc3ccc(Cl)cc3C2)C1,0.03270092,train
COC1COCCC1N[C@@H]1C[C@H]2CCC[C@@]2(C(=O)N2CCc3ccc(F)cc3C2)C1,0.012102455,train
COC1COCCC1N[C@@H]1C[C@H]2CCC[C@@]2(C(=O)N2CCc3ncc(OC(C)C)cc3C2)C1,0.0038482796,train
COc1cnc2c(c1)CN(C(=O)[C@@]13CCC[C@@H]1C[C@@H](NC1CCOCC1OC)C3)CC2,0.0010042967,train
COC1COCCC1N[C@@H]1C[C@H]2CCC[C@@]2(C(=O)N2CCc3ncc(Br)cc3C2)C1,0.012696142,train
COC1COCCC1N[C@@H]1C[C@H]2CCC[C@@]2(C(=O)N2CCc3ncc(Cl)cc3C2)C1,0.012286248,train
COC1COCCC1N[C@@H]1C[C@H]2CCCC[C@@]2(C(=O)N2CCc3ncc(C(F)(F)F)cc3C2)C1,0.0034530347,train
O=C(N1CCc2ncc(C(F)(F)F)cc2C1)[C@@]12CCCC[C@@H]1C[C@@H](NC1CCOCC1)C2,0.0036497337,train
O=C(N1CCc2ncc(C(F)(F)F)cc2C1)[C@@]12CCC[C@@H]1C[C@@H](NCC1CCOCC1)C2,0.0030014995,val
O=C(N1CCc2ncc(C(F)(F)F)cc2C1)[C@@]12CCC[C@@H]1C[C@@H](NC1CCOCC1)C2,0.0019415821,train
O=C(N1CCc2ncc(C(F)(F)F)cc2C1)[C@@]12CCC[C@@H]1C[C@@H](NC1CCSCC1)C2,0.005236196,train
O=C(N1CCc2ncc(C(F)(F)F)cc2C1)[C@@]12CCC[C@@H]1C[C@@H](NC1CCCCCC1)C2,0.0052714655,val
O=C(N1CCc2ncc(C(F)(F)F)cc2C1)[C@@]12CCC[C@@H]1C[C@@H](NC1CCCCC1)C2,0.0049068676,train
O=C(N1CCc2ncc(C(F)(F)F)cc2C1)[C@@]12CCC[C@@H]1C[C@@H](NC1CCCC1)C2,0.004137326,train
Cc1ccc(OCCCc2cccc(CCCOc3ccc(C)cc3)[n+]2C)cc1,0.9993125,train
Cc1ccc(C#CCOCc2cccc(COCC#Cc3ccc(C)cc3)[n+]2C)cc1,0.88242054,train
Cc1ccc(CCCOCc2cccc(COCCCc3ccc(C)cc3)[n+]2C)cc1,0.9981501,test
Cc1ccc(OCCCc2cc(N)cc(CCCOc3ccc(C)cc3)n2)cc1,0.9987237,train
C[n+]1c(CCc2ccccc2)cccc1CCc1ccccc1,0.999278,train
c1ccc(CCc2cccc(CCc3ccccc3)n2)cc1,0.99942255,test
C[n+]1c(COc2ccccc2)cccc1COc1ccccc1,0.9740946,train
c1ccc(OCc2cccc(COc3ccccc3)n2)cc1,0.9138601,train
C[n+]1c(CCCOc2ccccc2Cl)cccc1CCCOc1ccccc1Cl,0.99986017,train
C[n+]1c(CCCOc2cccc(Cl)c2)cccc1CCCOc1cccc(Cl)c1,0.9999119,train
C[n+]1c(CCCOc2ccc(Cl)cc2)cccc1CCCOc1ccc(Cl)cc1,0.9998714,train
COc1ccc(OCCCc2cccc(CCCOc3ccc(OC)cc3)[n+]2C)cc1,0.99775887,train
C[n+]1c(CCCOc2ccccc2)cccc1CCCOc1ccccc1,0.99896574,train
C[n+]1c(C#CCOc2ccc(Cl)cc2)cccc1C#CCOc1ccc(Cl)cc1,0.27912965,train
C[n+]1c(C#CCOc2ccccc2)cccc1C#CCOc1ccccc1,0.011925619,train
C[n+]1c(C#Cc2ccccc2Cl)cccc1C#Cc1ccccc1Cl,0.96167487,train
C[n+]1c(C#Cc2cccc(Cl)c2)cccc1C#Cc1cccc(Cl)c1,0.9952554,train
C[n+]1c(C#Cc2ccc(Cl)cc2)cccc1C#Cc1ccc(Cl)cc1,0.9958068,train
COc1ccc(C#Cc2cccc(C#Cc3ccc(OC)cc3)[n+]2C)cc1,0.68441164,train
C[n+]1c(C#Cc2ccc(-c3ccccc3)cc2)cccc1C#Cc1ccc(-c2ccccc2)cc1,0.98830646,train
C[n+]1c(C#CC2CCCCC2)cccc1C#CC1CCCCC1,0.40548524,test
C[n+]1c(C#Cc2ccccc2)cccc1C#Cc1ccccc1,0.65752757,train
Cc1ccc(OCC#Cc2cccc(CCCOc3ccc(C)cc3)[n+]2C)cc1,0.94571525,train
CCCCCCCCc1cccc(CCCCCCCC)[n+]1C,0.99965096,train
CCCCCCC#Cc1cccc(C#CCCCCCC)[n+]1C,0.7177879,train
Cc1ccc(CCOCCCc2cccc(CCCOCCc3ccc(C)cc3)[n+]2C)cc1,0.99997497,val
Cc1ccc(CCc2cccc(CCc3ccc(C)cc3)[n+]2C)cc1,0.9996629,train
Cc1ccc(CCOCC#Cc2cccc(C#CCOCCc3ccc(C)cc3)[n+]2C)cc1,0.8927757,test
Cc1ccc(C#Cc2cccc(C#Cc3ccc(C)cc3)[n+]2C)cc1,0.922206,train
Cc1ccc(CCOCc2cccc(COCCc3ccc(C)cc3)[n+]2C)cc1,0.9982547,train
Cc1ccc(COCc2cccc(COCc3ccc(C)cc3)[n+]2C)cc1,0.9729004,train
Cc1ccc(OCc2cccc(COc3ccc(C)cc3)[n+]2C)cc1,0.99016786,train
Cc1ccc(Cc2cc[n+](C)c(COc3ccc(C)cc3)c2)cc1,0.96973574,train
Clc1ccc(OCCCc2cccc(CCCOc3ccc(Cl)cc3)n2)cc1,0.99981946,train
Cc1ccc(CCN(C)CCOc2ccc(C)cc2)cc1,0.9928484,train
COCCCOc1cc(C(=O)N(C[C@@H]2CNC[C@H]2Cc2ccccc2)C(C)C)ccc1OC,0.052316196,train
COc1cc(N2CCN(C(=O)Cn3nc(C(F)(F)F)c(Cl)c3C)CC2)ccc1Cl,0.088647366,test
N#Cc1ccc(-c2ccc3c(c2)OC[C@H]2[C@H](CO)OC(=O)N32)cn1,0.048961338,train
CC(=O)NC[C@@H]1OC(=O)N2c3ccc(-c4ccc(C#N)nc4)cc3OC[C@@H]12,0.325396,train
COCCN1CC=CC[C@H](c2ccc(Cl)c(Cl)c2)C1,0.8804433,train
OCCN1CC=CC[C@H](c2ccc(Cl)c(Cl)c2)C1,0.5532071,train
Clc1ccc(C2CCCCNC2)cc1Cl,0.6780834,train
CN1CCCCC(c2ccc(Cl)c(Cl)c2)C1,0.8299208,train
C1=CCC(c2cc3ccccc3o2)CNC1,0.04862102,train
CN1CC=CCC(c2cc3ccccc3o2)C1,0.047436837,train
Fc1ccc(C2CC=CCNC2)cc1Cl,0.0802873,train
Cc1cc(C2CC=CCNC2)ccc1Cl,0.10726578,train
Cc1cc(C2CC=CCN(C)C2)ccc1Cl,0.19335142,train
C1=CCC(c2ccc3ccccc3c2)CNC1,0.086883314,train
Clc1ccc([C@@H]2CC=CCNC2)cc1Cl,0.29677415,train
Clc1ccc([C@H]2CC=CCNC2)cc1Cl,0.23987201,train
Clc1ccc(C2CC=CCNC2)cc1Cl,0.16752358,train
CN1CC=CC[C@H](c2ccc(Cl)c(Cl)c2)C1,0.7373881,train
CN1CC=CCC(c2ccc(Cl)c(Cl)c2)C1,0.2957351,train
Nc1nc2cc3c(cc2s1)CCN(Cc1cscn1)CC3,0.2339783,test
Nc1nc2cc3c(cc2s1)CCN(Cc1cccnc1)CC3,0.16135858,train
Nc1nc2cc3c(cc2s1)CCN(Cc1ccccn1)CC3,0.2938244,test
CN(C)C(=O)c1ccc(CN2CCc3cc4nc(N)sc4cc3CC2)cc1,0.23881374,train
COc1cccc(CN2CCc3cc4nc(N)sc4cc3CC2)c1,0.71430284,train
COc1ccc(CN2CCc3cc4nc(N)sc4cc3CC2)cc1,0.6636281,train
Nc1nc2cc3c(cc2s1)CCN(Cc1cccc(F)c1)CC3,0.812503,train
Nc1nc2cc3c(cc2s1)CCN(Cc1ccc(F)cc1)CC3,0.74420387,train
Nc1nc2cc3c(cc2s1)CCN(Cc1ccccc1)CC3,0.63502485,train
Nc1nc2cc3c(cc2s1)CCN(C1CC1)CC3,0.112185344,val
CCN1CCc2cc3nc(N)sc3cc2CC1,0.4741661,train
CC(C#N)=C1CCN(c2ccc(N3C[C@H](Cn4cc(F)nn4)OC3=O)cc2F)CC1,0.05768784,train
N#CC=C1CCN(c2ccc(N3C[C@H](Cn4cc(F)nn4)OC3=O)cc2F)CC1,0.27046874,train
N#CC=C1CCN(c2ccc(N3C[C@H](Cn4ccnn4)OC3=O)cc2F)CC1,0.078410566,train
COc1ccc(C(CCCN)(c2ccccc2)c2ccccc2)cc1,0.9553152,train
Cc1ccc(C(=O)N(CCCN)[C@@H](c2oc3cc(Cl)ccc3c(=O)c2Cc2ccccc2)C(C)C)cc1,0.7908362,test
C[C@@H]1COCCN1c1cc(C2(S(C)(=O)=O)CC2)nc(-c2cccc3[nH]ccc23)n1,0.030345801,test
COCCC(NC(=O)C1(N)CCN(c2ncnc3[nH]ccc23)CC1)c1ccc(Cl)cc1,0.5796763,train
NC1(C(=O)NC(CCCO)c2ccc(Cl)cc2)CCN(c2ncnc3[nH]ccc23)CC1,0.1094984,train
CS(=O)(=O)NCCC(NC(=O)C1(N)CCN(c2ncnc3[nH]ccc23)CC1)c1ccc(Cl)cc1,0.1298956,train
NC1(C(=O)N[C@@H](CCN2CCCCC2)c2ccc(Cl)cc2)CCN(c2ncnc3[nH]ccc23)CC1,0.8040191,val
NC1(C(=O)N[C@@H](CCN2CCCC2)c2ccc(Cl)cc2)CCN(c2ncnc3[nH]ccc23)CC1,0.800061,test
NC1(C(=O)NC(CCCN2CCOCC2)c2ccc(Cl)cc2)CCN(c2ncnc3[nH]ccc23)CC1,0.6151309,val
CC(NC(=O)C1(N)CCN(c2ncnc3[nH]ccc23)CC1)c1ccc(F)cc1,0.31011724,train
NC1(C(=O)NC(Cc2ccccc2)c2ccc(Cl)cc2)CCN(c2ncnc3[nH]ccc23)CC1,0.9267551,train
NC1(C(=O)NC(c2ccccc2)c2ccc(Cl)cc2)CCN(c2ncnc3[nH]ccc23)CC1,0.7806396,train
NC1(C(=O)NC(c2ccc(Cl)cc2)C2CC2)CCN(c2ncnc3[nH]ccc23)CC1,0.92728156,val
CCC(NC(=O)C1(N)CCN(c2ncnc3[nH]ccc23)CC1)c1ccc(Cl)cc1,0.80805004,train
C[C@H](NC(=O)C1(N)CCN(c2ncnc3[nH]ccc23)CC1)c1ccc(Cl)cc1,0.7591585,train
C[C@@H](NC(=O)C1(N)CCN(c2ncnc3[nH]ccc23)CC1)c1ccc(Cl)cc1,0.6371158,train
CC(NC(=O)C1(N)CCN(c2ncnc3[nH]ccc23)CC1)c1ccc(Cl)cc1,0.6706884,train
NC1(C(=O)NCc2ccc(Cl)cc2)CCN(c2ncnc3[nH]ccc23)CC1,0.34730288,train
CN1CCC(COCc2cc(C(F)(F)F)cc(C3CC3)n2)(c2cccc(F)c2)CC1,0.33598793,train
CN1CCC(COCc2cc(C(F)(F)F)cc(C3CC3)n2)(c2cccc(Cl)c2)CC1,0.63838106,train
CN1CCC(COCc2cc(C(F)(F)F)cc(C3CC3)n2)(c2ccc(Cl)cc2)CC1,0.6352349,train
CN1CCC(COCc2cc(C#N)cc(C3CC3)n2)(c2ccc(F)cc2)CC1,0.100724846,train
CN1CCC(COCc2cc(C3CC3)cc(C3CC3)n2)(c2ccc(F)cc2)CC1,0.08003243,val
CN1CCC(COCc2cc(C(F)(F)F)cc(C3CCCC3)n2)(c2ccc(F)cc2)CC1,0.214363,train
CN1CCC(COCc2cc(C(F)(F)F)cc(C3(F)CC3)n2)(c2ccccc2)CC1,0.07196832,train
CN1CCC(COCc2cc(C(F)(F)F)cc(C3(F)CC3)n2)(c2ccc(F)cc2)CC1,0.086160436,train
CN1CCC(COCc2cc(C(F)(F)F)cc(C3CC3(C)C)n2)(c2ccc(F)cc2)CC1,0.54191345,train
CC1CC1c1cc(C(F)(F)F)cc(COCC2(c3ccc(F)cc3)CCN(C)CC2)n1,0.25672275,train
FC(F)(F)c1cc(COCC2(c3ccccc3)CCNCC2)nc(C2CC2)c1,0.38114068,train
CN1CCC(COCc2cc(C(F)(F)F)cc(C3CC3)n2)(c2ccccc2)CC1,0.12802473,train
CN1CCC(COCc2cc(C(F)(F)F)cc(C3CC3)n2)(c2ccc(F)cc2)CC1,0.1513671,train
CC(C)=Cc1cc(C(F)(F)F)cc(COCC2(c3ccc(F)cc3)CCN(C)CC2)n1,0.018803852,train
C/C=C/c1cc(C(F)(F)F)cc(COCC2(c3ccc(F)cc3)CCN(C)CC2)n1,0.058677647,train
CC(C)Cc1cc(C(F)(F)F)cc(COCC2(c3ccc(F)cc3)CCN(C)CC2)n1,0.101574324,train
CC(C)c1cc(C(F)(F)F)cc(COCC2(c3ccc(F)cc3)CCN(C)CC2)n1,0.117437534,train
COc1cc(C(F)(F)F)cc(COCC2(c3ccc(F)cc3)CCN(C)CC2)n1,0.2186205,train
CN1CCC(COCc2cc(C(F)(F)F)cc(C#N)n2)(c2ccccc2)CC1,0.010953314,train
CN1CCC(COCc2cc(C(F)(F)F)ccn2)(c2ccc(F)cc2)CC1,0.021220861,train
CN1CCC(COCc2cc(C(F)(F)F)cc(N3CCC(C#N)CC3)n2)(c2ccc(F)cc2)CC1,0.42039496,test
CN1CCN(c2cc(C(F)(F)F)cc(COCC3(c4ccccc4)CCNCC3)n2)CC1,0.254102,train
CN1CCC(COCc2cc(C(F)(F)F)cc(N3CCC(C#N)C3)n2)(c2ccc(F)cc2)CC1,0.179631,train
CN1CCC(COCc2cc(C(F)(F)F)cc(N3CC=CC3)n2)(c2ccc(F)cc2)CC1,0.22129822,test
CN1CCC(COCc2cc(C(F)(F)F)cc(N3CCC4CC43)n2)(c2ccc(F)cc2)CC1,0.259174,train
CN1CCC(COCc2cc(C(F)(F)F)cc(N3CCCC3)n2)(c2ccccc2)CC1,0.24727207,train
FC(F)(F)c1cc(COCC2(c3ccccc3)CCNCC2)nc(N2CCCC2)c1,0.5792296,train
CC(C)CN(CC(C)C)c1cc(C(F)(F)F)cc(COCC2(c3ccc(F)cc3)CCN(C)CC2)n1,0.44737563,train
CCN(C)c1cc(C(F)(F)F)cc(COCC2(c3ccc(F)cc3)CCN(C)CC2)n1,0.3388446,train
CCC(CC)Nc1cc(C(F)(F)F)cc(COCC2(c3ccc(F)cc3)CCN(C)CC2)n1,0.53206474,train
CCNc1cc(C(F)(F)F)cc(COCC2(c3ccc(F)cc3)CCN(C)CC2)n1,0.04480721,train
CCN(CC)c1cc(C(F)(F)F)cc(COCC2(c3ccc(F)cc3)CCN(C)CC2)n1,0.06966123,train
CN(C)c1cc(C(F)(F)F)cc(COCC2(c3ccc(F)cc3)CCNCC2)n1,0.48871288,train
CN1CCC(COCc2cc(Cl)cc(C(F)(F)F)n2)(c2ccccc2)CC1,0.05471083,train
FC(F)(F)c1cc(Cl)cc(COCC2(c3ccccc3)CCNCC2)n1,0.1955751,train
Clc1cc(COCC2(c3ccccc3)CCNCC2)cc(Cl)n1,0.035426173,test
CN1CCC(COCc2cncc(Br)c2)(c2ccccc2)CC1,0.02743855,train
Brc1cncc(COCC2(c3ccccc3)CCNCC2)c1,0.095370755,train
CN1CCC(COCc2cc(C(F)(F)F)cc(Cl)n2)(c2ccccc2F)CC1,0.05127157,train
CN1CCC(COCc2cc(C(F)(F)F)cc(Cl)n2)(c2ccc(F)cc2)CC1,0.02629954,train
Fc1ccc(C2(COCc3cc(C(F)(F)F)cc(Cl)n3)CCNCC2)cc1,0.10156986,train
CN1CCC(COCc2cc(C(F)(F)F)cc(Cl)n2)(c2ccc(Cl)cc2)CC1,0.2082944,train
CN1CCC(COCc2cc(C(F)(F)F)cc(Cl)n2)(c2ccccc2)CC1,0.021962624,train
FC(F)(F)c1cc(Cl)nc(COCC2(c3ccccc3)CCNCC2)c1,0.08507452,train
FC(F)(F)c1cc(Cl)cc(COCC2(c3ccccc3)CCNCC2)c1,0.8227049,test
CCNc1nc2c(c(C(N)=O)n1)CN(C(=O)CCc1ccc(OC(F)(F)F)cc1)CC2,0.506141,val
CCNC(=O)Nc1ccc(-c2nc3c(c(N4CCOC[C@@H]4C)n2)CCN(C(C)C)C3)cc1,0.057163075,train
CCOC(=O)N1[C@@H]2CC[C@H]1C[C@H](CN1CC[C@H](n3c(O)cc4ccccc43)C1)C2,0.9939681,test
CCOC(=O)N1CCC(O)(CN2CC[C@H](n3c(O)cc4ccccc43)C2)CC1,0.3242745,train
CCOC(=O)N1CCC(C)(CN2CC[C@H](n3c(O)cc4ccccc43)C2)CC1,0.97070295,train
CCOC(=O)N1CCC(CN2CC[C@H](n3c(O)cc4ccccc43)C2)CC1,0.99406767,train
COc1cc(N2Cc3ccc(Sc4ccc(F)cc4)nc3C2=O)ccc1OCCN1CCCC1,0.99877053,test
CS(=O)(=O)c1ccc(C(CC2CCCC2)C(=O)Nc2cnc([C@H](O)CO)cn2)cc1Cl,0.03950495,train
CNC(=O)c1cccc(-c2ccc3c(N4CCOC[C@@H]4C)nc(N4CCOC[C@@H]4C)nc3n2)c1,0.023000354,train
COc1ccc(-c2ccc3c(N4CCOC[C@@H]4C)nc(N4CCOC[C@@H]4C)nc3n2)cc1CO,0.010875221,train
COc1ccc(-c2ccc3c(N4CCOCC4)nc(N4C[C@@H](C)O[C@@H](C)C4)nc3n2)cc1CNCCO,0.034908082,train
CNC(=O)c1cc(-c2ccc3c(N4CCOC[C@@H]4C)nc(N4CCOC[C@@H]4C)nc3n2)ccc1OC(F)F,0.09345907,train
CNCc1cccc(-c2ccc3c(N4CCOCC4)nc(N4C[C@@H](C)O[C@@H](C)C4)nc3n2)c1,0.112331465,train
COCC(C)Nc1nc(N2CCOC[C@@H]2C)c2ccc(-c3ccc(OC)c(CO)c3)nc2n1,0.10224692,val
C[C@@H]1CN(c2nc(N3CCOC[C@@H]3C)c3ncc(-c4ccccc4)nc3n2)C[C@H](C)O1,0.04853103,val
C[C@@H]1CN(c2nc(N3CCOCC3)c3ccc(-c4cccc(CNCCO)c4)nc3n2)C[C@H](C)O1,0.20439006,train
COc1ccc(-c2ccc3c(N4CCOCC4)nc(N4C[C@@H](C)O[C@@H](C)C4)nc3n2)cc1CO,0.18392426,train
COc1ccc(-c2ccc3c(N4CCOC[C@@H]4C)nc(N4CC[C@@H](O)C4)nc3n2)cc1CO,0.02121784,val
C[C@@H]1CN(c2nc(N3CCOC[C@@H]3C)c3ccc(-c4ccccc4)nc3n2)C[C@H](C)O1,0.47503227,train
CC(C)(C)NC(=O)NCCN1CCCC(NC(=O)c2cc(Cl)cc(Cl)c2)C1,0.4736137,train
CC(C)(C)NC(=O)NCCN1CCC(NC(=O)c2cc(Cl)cc(Cl)c2)C1,0.32868314,train
CC(C)(C)NC(=O)NCCN1CC(NC(=O)c2cc(Cl)cc(Cl)c2)C1,0.2597148,val
CC(C)(C)NC(=O)NCCN1CCC(CNC(=O)c2cc(Cl)cc(Cl)c2)C1,0.38162675,test
CC(C)(C)NC(=O)NCCN1CCCC(CNC(=O)c2cc(Cl)cc(Cl)c2)C1,0.39233372,test
CC(C)(C)NC(=O)NCCN1CCC(CNC(=O)c2cc(Cl)cc(Cl)c2)CC1,0.4009172,train
CC(C)(C)NC(=O)NCCN1CCN(CC(=O)Nc2cc(Cl)cc(Cl)c2)CC1,0.4437458,train
O[C@H](COc1ccc(C(F)(F)F)cc1)CN1CCN(Cc2c(F)cccc2Cl)CC1,0.98426026,train
COc1cccc(N2CCN(C[C@H](O)COc3ccc(C(F)(F)F)cc3)CC2)c1,0.96017224,train
O[C@H](COc1ccc(F)cc1)CN1CCN(Cc2ccc(Cl)c(Cl)c2)CC1,0.9843137,train
O[C@H](COc1ccc(F)cc1)CN1CCN(Cc2ccc(Cl)cc2)CC1,0.990644,train
O[C@H](COc1ccc(Cl)cc1)CN1CCN(Cc2c(F)cccc2Cl)CC1,0.9807736,train
O[C@H](COc1ccc(Cl)cc1)CN1CCN(Cc2ccc(Cl)cc2)CC1,0.9947279,train
O[C@@H](COc1ccc(C(F)(F)F)cc1)CN1CCN(Cc2ccc(Cl)c(Cl)c2)CC1,0.9898044,train
COc1ccccc1N1CCN(C[C@@H](O)COc2ccc(C(F)(F)F)cc2)CC1,0.969827,train
O[C@@H](COc1ccc(F)cc1)CN1CCN(Cc2ccc(Cl)c(Cl)c2)CC1,0.97795606,train
Cc1cn([C@H]2CCCN(S(=O)(=O)c3ccc(O)c(Oc4cccc(Cl)c4)c3)C2)c(=O)[nH]c1=O,0.84236985,val
Brc1cccc2nc(C#Cc3ccccn3)ccc12,0.17440352,train
C(#Cc1ccc2ccccc2n1)c1ccccn1,0.045741085,train
COc1cccc2nc(C#Cc3cccnc3)ccc12,0.051174298,train
COc1cccc2nc(C#Cc3ccccc3)ccc12,0.5490338,train
CC(C)(C)NC(=O)c1c[nH]c2ncc(-c3ncn4c3CCCC4)nc12,0.032612957,val
CC(C)(C)NC(=O)c1c[nH]c2ncc(-c3nn(CCC(O)CO)c4ccc(OC(F)F)cc34)nc12,0.69507855,train
CC(C)(C)NC(=O)c1c[nH]c2ncc(-c3nn(CCCS(C)(=O)=O)c4ccc(OC(F)F)cc34)nc12,0.8615611,train
CN(C)CCCn1nc(-c2cnc3[nH]cc(C(=O)NC(C)(C)CO)c3n2)c2cc(OC(F)F)ccc21,0.990555,train
CC(C)(C)NC(=O)c1c[nH]c2ncc(-c3nn(CCCN4CCOCC4)c4ccc(OC(F)F)cc34)nc12,0.9338088,test
CC(C)(C)NC(=O)c1c[nH]c2ncc(-c3nn(CCCN4CC(C#N)C4)c4ccc(OC(F)F)cc34)nc12,0.987941,test
CN1CC(Cn2nc(-c3cnc4[nH]cc(C(=O)NC(C)(C)C)c4n3)c3cc(OC(F)F)ccc32)C1,0.9336246,train
NC(=O)c1cnc(N[C@@H]2CCCC[C@@H]2N)nc1Nc1cccc(-n2nccn2)c1,0.99281234,train
CC(=O)N1CCN(CCOc2ccc(C3CCN(c4ccc5nnc(C(F)(F)F)n5n4)CC3)cc2)CC1,0.00960092,test
Cn1nccc1CCOc1ccc(C2CCN(c3ccc4nnc(C(F)(F)F)n4n3)CC2)cc1,0.00938502,val
Fc1ccc(CN2CCN(C3=Nn4c(nnc4C(F)(F)F)CC3)CC2)cc1,0.007531004,train
OC1(c2cccnc2)CCN(c2ccc3nnc(C(F)(F)F)n3n2)CC1,0.005566292,val
OC1(c2ccc(F)cc2)CCN(c2ccc3nnc(C(F)(F)F)n3n2)CC1,0.024405044,train
Fc1ccc(CN2CCN(c3ccc4nnc(C(F)(F)F)n4n3)CC2)cc1,0.13103987,train
N#Cc1ccc(CN2CCN(c3ccc4nnc(C(F)(F)F)n4n3)CC2)cc1,0.29862294,train
C[C@@H]1C[C@H]2[C@@H]3CC=C4CC(=O)C=C[C@]4(C)C3=CC[C@]2(C)[C@@]1(O)C(=O)CO,0.05761832,test
CNC1CN(c2nc(N)nc3cc(C(C)C)cnc23)C1,0.2640608,train
CCc1cnc2c(N3CC[C@@H](NC)C3)nc(N)nc2c1,0.13218,val
CCc1cnc2c(N3CC(NC)C3)nc(N)nc2c1,0.20563318,train
CCc1cnc2c(N3CCN(C)CC3)nc(N)nc2c1,0.11907749,train
CN[C@@H]1CCN(c2cc(NCC3CC3)nc(N)n2)C1,0.86605036,train
CCc1ccc2c(N3CC[C@@H](NC)C3)nc(N)nc2c1,0.68465924,val
CCc1ccc2c(N3CC(NC)C3)nc(N)nc2c1,0.8007306,test
CCc1ccc2c(N3CCNCC3)nc(N)nc2c1,0.60209745,train
CNC1CN(c2nc(N)nc3cc(C4CC4)ccc23)C1,0.8679593,train
Nc1nc(N2CCNCC2)c2ccc(C3CC3)cc2n1,0.71225214,test
CNC1CN(c2nc(N)nc3cc(C4CCCC4)ccc23)C1,0.8892503,train
Nc1nc(N2CCNCC2)c2ccc(C3CCCC3)cc2n1,0.7514608,val
Nc1nc(N2CCNCC2)c2ccc(-c3ccco3)cc2n1,0.8448915,val
O[C@H]1CC[C@H](c2ccc(OCCCN3CCCCC3)cc2)CC1,0.08669576,train
N#Cc1cnccc1COc1cnc(N2CC3CCC(C2)N3C(=O)OCC(F)(F)F)nc1,0.013577098,train
C[C@@H]1CN(C(=O)OCC(F)(F)F)CCN1c1ncc(OCc2ccncc2C#N)cn1,0.076315366,train
N#Cc1cnccc1COc1cnc(N2CCN(C(=O)OCC(F)(F)F)CC2)nc1,0.22572939,train
CC(C)CN1CCC(COc2ccc(NC(=O)Nc3cccnc3Oc3ccccc3C(C)(C)C)c(F)c2)CC1,0.9569326,val
CN(C)Cc1ccccc1-c1ccc(NC(=O)Nc2cccnc2Oc2ccccc2C(C)(C)C)c(F)c1,0.5122825,test
COc1ccc2nccc([C@@H](O)CC[C@@H]3CCN(C4CC(c5cc(F)cc(F)c5F)C4)CC3C(=O)O)c2c1,0.03099429,train
COc1ccc2nccc([C@@H](O)CC[C@@H]3CCN(C4CC(c5cc(F)cc(F)c5)C4)CC3C(=O)O)c2c1,0.030470805,train
COc1ccc2nccc([C@@H](O)CC[C@@H]3CCN(C4CC(c5cc(F)ccc5F)C4)CC3C(=O)O)c2c1,0.03536763,train
COc1ccc2nccc([C@@H](O)CC[C@@H]3CCN(C4CC(c5c(F)cccc5F)C4)CC3C(=O)O)c2c1,0.029454965,train
COc1ccc2nccc([C@@H](O)CC[C@@H]3CCN(C4CC(c5cccc(F)c5)C4)CC3C(=O)O)c2c1,0.028204456,train
COc1ccc2nccc([C@@H](O)CC[C@@H]3CCN(C4CC(c5ccccc5F)C4)CC3C(=O)O)c2c1,0.026562728,train
COc1ccc2nccc([C@@H](O)CC[C@@H]3CCN(C4CC(c5ccccc5)C4)CC3C(=O)O)c2c1,0.019910848,train
COc1ccc2ncc(F)c([C@@H](O)CC[C@@H]3CCN(CCSc4cccs4)CC3C(=O)O)c2c1,0.063255705,train
COc1ccc(C2(c3cccc(-c4cncnc4)c3)CCC(=N)N2)cc1,0.13460311,train
COc1cccc(-c2cccc(C3(c4ccncc4)N=C(N)CS3)c2)c1,0.029288324,train
COc1cccc(-c2cccc(C3(C)N=C(N)CCS3)c2)c1,0.8233672,test
COc1ccc(C2(c3cccc(-c4cccnc4)c3)N=C(N)CS2)cc1,0.03602536,val
COc1cccc(-c2cccc(C3(C)N=C(N)CS3)c2)c1,0.25367954,test
COc1cccc(-c2cccc(C3(C)CSCC(=N)N3)c2)c1,0.109813824,val
CC1(c2cccc(-c3cncnc3)c2)N=C(N)c2c(F)cccc2O1,0.95509523,train
COc1ccc(C2(c3cccc(-c4cncnc4)c3)N=C(N)n3nc(C)cc32)cc1,0.9621388,train
COc1cccc(-c2cccc(C3(C)COCC(=N)N3)c2)c1,0.17681631,test
COc1cccc(-c2cccc(C3(C)CCSC(=N)N3)c2)c1,0.37604448,val
CC1(c2cccc(-c3cccc(Cl)c3)c2)N=C(N)CCO1,0.9175813,val
CC1(c2cccc(-c3cncnc3)c2)N=C(N)c2ccccc2S1,0.8494256,val
CC1(c2cccc(-c3cncnc3)c2)N=C(N)c2ccccc2O1,0.9655056,train
COc1ccc(C2(c3cccc(-c4cccnc4)c3)CC(OC)C(=N)N2)cc1,0.6553736,test
CC1(c2cccc(-c3cccnc3)c2)N=C(N)c2ccccc2O1,0.98368824,train
CCC1(c2cccc(-c3cncnc3)c2)N=C(N)c2ccccc2O1,0.97257036,train
COc1ccc(C2(c3cccc(-c4cncnc4)c3)N=C(N)c3nc(C)sc32)cc1,0.42868152,test
O=C(Nc1c[nH]c2ncc(-c3ccccc3F)cc12)c1cnn2ccc(NC[C@H]3CCNC[C@@H]3F)nc12,0.7918367,test
Cc1c(C)c2ccc(OCCCCN3CCC(c4noc5cc(F)ccc45)CC3)cc2oc1=O,0.9839369,train
Cc1cc(=O)oc2c(C)c(OCCCCN3CCC(c4noc5cc(F)ccc45)CC3)ccc12,0.9967631,train
Cc1cc(=O)oc2c(Cl)c(OCCCCN3CCC(c4noc5cc(F)ccc45)CC3)ccc12,0.9973488,train
O=c1cc(-c2ccccc2)c2ccc(OCCCCN3CCC(c4noc5cc(F)ccc45)CC3)cc2o1,0.997922,test
COc1ccccc1N1CCN(CCCCOc2ccc3c(C)cc(=O)oc3c2)CC1,0.7300914,test
Cc1cc(=O)oc2cc(OCCCCN3CCC(c4noc5cc(F)ccc45)CC3)ccc12,0.991394,train
CN(C)C(=O)C1C[C@@H]1c1ccc(-c2ncn(C)c2Sc2ccc(Cl)cn2)cc1,0.15611127,train
C[C@@H](O)c1nc2cnc3[nH]ccc3c2n1[C@H]1CC[C@H](CCC#N)CC1,0.03782033,train
COc1cccc(COC(=O)c2c(-c3ccc(OC)c(OC)c3)csc2N)c1,0.64940065,train
Cc1cc(N2CCC(N3CCCC3C)C2)ccc1NC(=O)c1cc(F)ccc1C,0.4873069,train
Cc1cc(N2CCC(N3CCCC3C)C2)ccc1NC(=O)c1ccccc1F,0.27627897,train
O=C1CC2(CCN(Cc3ccc(F)cc3)CC2)Oc2ccc(/C=C/C(O)=NO)cc21,0.3173403,train
O=C1CC2(CCN(Cc3ccccc3)CC2)Oc2ccc(/C=C/C(O)=NO)cc21,0.2747953,train
O=C(c1ccc(O)cc1OC[C@@H](O)CN1CCC2(CC1)Cc1cc(Cl)ccc1O2)N1CC[C@H](O)C1,0.50376683,train
O=C(c1cc(Cl)c(O)cc1OC[C@@H](O)CN1CCC2(CC1)Cc1cc(Cl)ccc1O2)N1CC[C@H](O)C1,0.38491783,train
O=C(c1ccc(O)cc1OC[C@@H](O)CN1CCC2(CC1)Cc1cc(Cl)ccc1O2)N1CCC(O)CC1,0.6472556,val
CC(=O)NCCNC(=O)c1ccc(O)cc1OC[C@@H](O)CN1CCC2(CC1)Cc1cc(Cl)ccc1O2,0.5482734,train
O=C(c1ccc(F)cc1OC[C@@H](O)CN1CCC2(CC1)Cc1cc(Cl)ccc1O2)N1CC[C@H](O)C1,0.8337284,train
O=C(NC1CC1)c1ccc(O)cc1OC[C@@H](O)CN1CCC2(CC1)Cc1cc(Cl)ccc1O2,0.9038836,train
O=C(NC1CC1)c1ccc(F)cc1OC[C@@H](O)CN1CCC2(CC1)Cc1cc(Cl)ccc1O2,0.97268325,train
CC(C)(C(=O)O)c1ccc(CN2CCC(COC(=O)c3c4n(c5ccccc35)CCCO4)CC2)cc1,0.073953025,train
Cc1cc(N2CC[C@H](N3CCC[C@@H]3C)C2)ccc1NC(=O)c1cc(F)ccc1C,0.71947324,train
Cc1cc(N2CC[C@@H](N3CCC[C@@H]3C)C2)ccc1NC(=O)c1cc(F)ccc1C,0.98211944,train
Cc1cc(Nc2ncc(Cl)c(Nc3ccccc3S(=O)(=O)C(C)C)n2)c(OC(C)C)cc1C1CCNCC1,0.45202774,train
Cc1cc(Nc2ncc(Cl)c(Nc3ccccc3S(=O)(=O)C(C)C)n2)c(OC(C)C)cc1C1CCN(C(=O)CN(C)C)CC1,0.051255707,train
Cc1cc(Nc2ncc(C)c(Nc3ccccc3S(=O)(=O)C(C)C)n2)c(OC(C)C)cc1C1CCN(C)CC1,0.44049802,train
CC(C)Oc1cc(C2CCNCC2)ccc1Nc1ncc(Cl)c(Nc2ccccc2S(=O)(=O)C(C)C)n1,0.4513112,train
Cc1cc(Nc2ncc(Cl)c(Nc3ccccc3S(=O)(=O)C(C)C)n2)c(OC(C)C)cc1C1CCN(C)CC1,0.54102147,train
Cc1cc(Nc2ncc(Cl)c(Nc3ccccc3S(=O)(=O)C(C)C)n2)c(OC2CCC2)cc1C1CCNCC1,0.8040282,train
Cc1cc(Nc2ncc(Cl)c(Nc3ccccc3S(=O)(=O)C(C)C)n2)c(OC(C)C)cc1C1CCN(CCO)CC1,0.8602218,train
CC(C)Oc1nc(C2CCNCC2)ncc1Nc1ncc(Cl)c(Nc2ccccc2S(=O)(=O)C(C)C)n1,0.50128436,train
Cc1nc2cc(F)ccc2n1[C@H]1CC[C@@H](NC[C@H]2Cc3ccc(C#N)cc3C2)CC1,0.9932601,train
CC(C)(O)c1nc2cc(Cl)ccc2n1[C@H]1CC[C@@H](NC[C@H]2Cc3ccc(C#N)cc3C2)CC1,0.7765979,train
CC(C)(O)c1nc2cc(Cl)ccc2n1[C@H]1CC[C@@H](NCC2Cc3ccc(Cl)cc3C2)CC1,0.8570908,train
O=c1ncn(Cc2c(F)cc(F)cc2F)c2ccc(Oc3ccccc3)cc12,0.66114503,train
Cc1ccc(Cn2cnc(=O)c3cc(Oc4ncccc4C(F)(F)F)ccc32)c(F)c1,0.26523802,train
Cc1ccc(Cn2cnc(=O)c3cc(Oc4ncccc4C(F)(F)F)ccc32)cc1,0.44736648,train
C[C@]1(CS(=O)(=O)N2CCN(c3ncc(OCc4ccc(C(F)(F)F)o4)cn3)CC2)NC(=O)NC1=O,0.062436346,val
C[C@]1(CS(=O)(=O)N2CCC(Oc3ccc(OC(F)(F)C(F)F)cc3)CC2)NC(=O)NC1=O,0.02268111,test
COCCN1CCN(c2cc3c(Nc4ccc(C)cc4F)c(C(N)=O)nnc3cc2OC)CC1,0.13942061,train
CCOc1cc2ncc(C(N)=O)c(Nc3ccc(F)cc3F)c2cc1N1CCN(C)CC1,0.22319897,train
COc1cc2nnc(C(N)=O)c(Nc3ccc(C)cc3F)c2cc1N1CCC(N(C)C)CC1,0.036689665,train
COc1cc2nnc(C(N)=O)c(Nc3ccc(C)cc3F)c2cc1N1C[C@@H](C)N[C@@H](C)C1,0.029425105,train
COc1cc2nnc(C(N)=O)c(Nc3ccc(C)cc3F)c2cc1N1CCN(C(C)C)CC1,0.038077824,train
CCOc1cc2ncc(C(N)=O)c(Nc3ccc(F)cc3F)c2cc1N1CCC(O)CC1,0.077109195,train
COc1cc2nnc(C(N)=O)c(Nc3ccc(C)cc3F)c2cc1N1CCS(=O)(=O)CC1,0.01516127,train
CCOc1cc2ncc(C(N)=O)c(Nc3ccc(C)cc3F)c2cc1N1CCN(C)CC1,0.25184637,train
COc1cc2nnc(C(N)=O)c(Nc3ccc(C)cc3F)c2cc1C1CCN(CCO)CC1,0.14740859,train
COc1cc2nnc(C(N)=O)c(Nc3ccc(C)cc3F)c2cc1N1CCCN(CCO)CC1,0.10824377,train
COc1cc2nnc(C(N)=O)c(Nc3ccc(C)cc3F)c2cc1C1CCN(C(C)C)CC1,0.03927925,train
CCOc1cc2ncc(C(N)=O)c(Nc3ccc(F)cc3F)c2cc1C1CCN(C)CC1,0.33716488,train
COCCOc1cc2ncc(C(N)=O)c(Nc3ccc(C)cc3F)c2cc1N1CCOCC1,0.036919754,test
CCOc1cc2ncc(C(N)=O)c(Nc3cccc(Cl)c3Cl)c2cc1N1CCN(C)CC1,0.6622786,train
COc1cc2nnc(C(N)=O)c(Nc3ccc(C)cc3F)c2cc1N1CCCN(C)CC1,0.059837658,train
CCOc1cc2ncc(C(N)=O)c(Nc3ccc(F)cc3F)c2cc1N1CCCN(C)CC1,0.30877918,train
CCOc1cc2ncc(C(N)=O)c(Nc3cccc(Cl)c3Cl)c2cc1C1CCN(C)CC1,0.7765651,train
CCCN1C(=O)CC2(CCN(CC3CCN(C(=O)OCC)CC3)CC2)c2cccnc21,0.9765658,train
CCOC(=O)N1CCC(CN2CCC3(CC2)CC(=O)N(CC)c2ncccc23)CC1,0.9306218,train
CCOC(=O)N1CCC(CN2CCC3(CC2)CC(=O)N(C)c2ncccc23)CC1,0.8945898,train
CCOC(=O)N1CCC(CN2CCC3(CC2)CC(=O)Nc2ncccc23)CC1,0.8615532,train
CCOC(=O)N1CCC(CN2CCC3(CC2)OC(=O)Nc2ncccc23)CC1,0.90059227,train
CCOC(=O)N1CCC(CN2CCC3(CC2)OC(=O)N(C)c2ncccc23)CC1,0.94811034,train
CC(=O)Nc1cc(Nc2cc(NC3CCC3)n3ncc(C#N)c3n2)c(F)cc1C,0.037035882,train
CC(=O)Nc1cc(Nc2cc(NC3CCC3)n3ncc(C#N)c3n2)ccc1C,0.0869099,train
CC(=O)Nc1cc(Nc2cc(NC3CC3)n3ncc(C#N)c3n2)ncc1C,0.03993554,train
CC(=O)Nc1cc(Nc2cc(NC3CC3)n3ncc(C#N)c3n2)c(F)cc1C,0.026795898,train
CC(=O)Nc1cc(Nc2cc(NC3CC3)n3ncc(C#N)c3n2)ccc1C1CC1,0.14310394,train
CC(=O)Nc1cc(Nc2cc(NC3CC3)n3ncc(C#N)c3n2)ccc1C,0.05383245,train
O=C(N[C@@H]1CC[C@H]2CN(Cc3cccc(C(F)(F)F)c3)C[C@H]21)C(C1CCCCC1)C1CCCCC1,0.99841416,train
O=C(N[C@H]1CC[C@H]2CN(Cc3cccc(C(F)(F)F)c3)C[C@H]21)C(C1CCCCC1)C1CCCCC1,0.9973418,train
COc1cc(-c2nc3n(n2)CCC[C@@H]3c2ccc(F)cc2C)ccc1-n1cnc(C)c1,0.96815926,train
COc1cc(-c2nc3n(n2)CCC[C@H]3c2ccc(F)cc2C)ccc1-n1cnc(C)c1,0.9520829,train
Cn1cc(-c2ccnc(C3COCCN3)c2)c(-c2ccc(F)cc2)n1,0.45719808,train
CNCc1cc(-c2cn(C)nc2-c2ccc(F)cc2)ccn1,0.4422065,test
Nc1nccc(-c2c(-c3ccc(F)cc3)ncn2C2CCCCC2)n1,0.86121273,val
Cn1cc(-c2ccnc3c2OCCNC3)c(-c2ccc(F)cc2)n1,0.62601435,test
O=c1cc(N2CCOCC2)oc2c(-c3cccc4c3sc3ccccc34)cccc12,0.9667087,val
CC#CCn1c(N2CCC[C@@H](N)C2)cc(=O)n(Cc2ccc3ccc(Cl)cc3n2)c1=O,0.079349324,train
COc1ccc(NC(=O)/C=C/CN(C)C)cc1Nc1ncc(Cl)c(-c2cnn3ccccc23)n1,0.59471124,train
O=c1ccc2ncc(F)c3c2n1C[C@H]3CN1CCC(NCc2cc3c(cn2)OCCO3)CC1,0.008964063,train
O=c1ccc2ncc(F)c3c2n1C[C@@]3(F)CN1CCC(NCc2cc3c(cn2)OCCO3)CC1,0.00512335,train
CCc1nc2c(Cc3ccc(C(O)=NO)cc3)cccc2c(=O)n1CCc1ccccc1,0.5460893,val
N[C@H]1C[C@@H](N2Cc3cnc(C(F)(F)F)nc3C2)CO[C@@H]1c1cc(F)c(F)cc1F,0.0046641417,val
N[C@H]1C[C@@H](N2Cc3cnc(C(F)(F)F)nc3C2)CC[C@@H]1c1cc(F)c(F)cc1F,0.759162,train
CC1(C)c2nc(-c3ccc(F)cc3)c(Nc3ccc(Cl)cc3)n2CCN1C(=O)CN,0.07124859,train
CN1CCN(Cc2ccc(-c3cnc4[nH]cc(-c5ccc6[nH]ccc6c5)c4c3)cc2)CC1,0.9304203,train
Cc1nc(Oc2ccc(C(N)=O)cc2)ccc1CN1CCC(N2C(=O)N(C3CCOCC3)C[C@H]2c2ccccc2)CC1,0.05895339,train
Cc1nc(Oc2ccc(C(=O)O)cc2)ccc1CN1CCC(N2C(=O)N(C3CCOCC3)C[C@H]2c2cccc(Cl)c2)CC1,0.08890304,train
CNC(C)C(=O)NC1C(=O)N(Cc2c(C)ccc3ccccc23)c2ccc(C#N)cc2N(C(C)=O)[C@H]1C,0.10198384,train
Cc1ccc(S(=O)(=O)N/N=C/c2cn(CC(=O)Nc3ccc(F)cc3F)c3ccccc23)cc1,0.013257802,train
Cc1ccc(S(=O)(=O)N/N=C/c2cn(CC(=O)Nc3ccccc3Cl)c3ccccc23)cc1,0.013658896,train
Cc1ccc(S(=O)(=O)N/N=C/c2cn(CC(=O)Nc3ccccc3)c3ccccc23)cc1,0.013837126,train
COc1ccc(S(=O)(=O)NCCc2cn(CC(=O)Nc3ccc(Cl)cc3)c3ccccc23)cc1,0.64231026,train
COc1ccc(NC(=O)Cn2cc(CCNS(=O)(=O)c3ccc(OC)cc3)c3ccccc32)cc1,0.14243196,train
CCCCOc1ccc(S(=O)(=O)NCCc2c[nH]c3ccccc23)cc1,0.8311513,train
COC(=O)C(Cc1c[nH]c2ccccc12)NS(=O)(=O)c1ccc(Br)cc1,0.7798439,train
COC(=O)C(Cc1c[nH]c2ccccc12)NS(=O)(=O)c1ccc(OC2CCCC2)cc1,0.6643017,test
O=C1OCc2c1ccc(CCN1CCN(C(=O)Cc3ccc(-n4cnnn4)cc3)CC1)c2F,0.10992869,train
Cc1c(CCN2CCN(C(=O)Cc3ccc(-n4cnnn4)cc3)CC2)ccc2c1COC2=O,0.16189726,train
O=C1OCCc2cc(CCN3CCN(C(=O)Cc4ccc(-n5cnnn5)cc4)CC3)ccc21,0.33046082,val
O=C1OCc2cc(CCN3CCN(C(=O)Cc4ccc(-n5cnnn5)cc4)CC3)ccc21,0.4402424,train
O=C1OCc2cc(CCN3CCN(C(=O)Cc4ccc(-n5cnnn5)cc4)CC3)cc(Cl)c21,0.352559,train
O=C1OCc2cc(CCN3CCN(C(=O)Cc4ccc(-n5cnnn5)cc4)CC3)cc(F)c21,0.28037643,train
Cc1cc(CCN2CCN(C(=O)Cc3ccc(-n4cnnn4)cc3)CC2)cc2c1C(=O)OC2,0.42142877,train
COc1cc2c(cc1CCN1CCN(C(=O)Cc3ccc(-n4cnnn4)cc3)CC1)COC2=O,0.10499196,train
O=C1OCc2cc(CCN3CCN(C(=O)Cc4ccc(-n5cnnn5)cc4)CC3)c(F)cc21,0.1309801,train
Cc1cc2c(cc1CCN1CCN(C(=O)Cc3ccc(-n4cnnn4)cc3)CC1)COC2=O,0.1446949,train
COc1c(CCN2CCN(C(=O)Cc3ccc(-n4cnnn4)cc3)CC2)ccc2c1COC2=O,0.13793425,train
O=C1OCc2c1ccc(CCN1CCN(C(=O)Cc3ccc(-n4cnnn4)cc3)CC1)c2Cl,0.18096519,train
O=C1OCc2c1ccc(CCN1CCN(C(=O)Cc3ccc(-n4cnnn4)cc3)CC1)c2C1CC1,0.2426155,train
CCc1c(CCN2CCN(C(=O)Cc3ccc(-n4cnnn4)cc3)CC2)ccc2c1COC2=O,0.20543605,train
O=C1OCc2cc(CCN3CCN(C(=O)Cc4ccc(-n5cnnn5)cc4C(F)(F)F)CC3)ccc21,0.96818775,train
O=C1OCc2cc(CCN3CCN(C(=O)Cc4ccc(-n5cnnn5)cc4C4CC4)CC3)ccc21,0.7273879,train
Cc1cc(-n2cnnn2)ccc1CC(=O)N1CCN(CCc2ccc3c(c2)COC3=O)CC1,0.39295337,train
O=C1OCc2cc(CCN3CCN(C(=O)Cc4ccc(-n5cnnn5)c(C(F)(F)F)c4)CC3)ccc21,0.6729853,train
N#Cc1cc(CC(=O)N2CCN(CCc3ccc4c(c3)COC4=O)CC2)ccc1-n1cnnn1,0.51757675,train
COc1cc(CC(=O)N2CCN(CCc3ccc4c(c3)COC4=O)CC2)ccc1-n1cnnn1,0.42809314,train
O=C1OCc2cc(CCN3CCN(C(=O)Cc4ccc(-n5cnnn5)c(F)c4)CC3)ccc21,0.34581867,train
O=C1CCc2cc(CCN3CCN(C(=O)Cc4ccc(-n5cnnn5)cc4)CC3)ccc21,0.35681945,test
O=C(Cc1ccc(-n2cnnn2)cc1)N1CCN(CCc2ccc3c(c2)COC3)CC1,0.15000378,val
O=C1OCc2ccc(CCN3CCN(C(=O)Cc4ccc(-n5cnnn5)cc4)CC3)cc21,0.19217113,test
O=C(Cc1ccc(-n2cnnn2)cc1)N1CCN(CCc2ccc3nonc3c2)CC1,0.3076865,val
N#Cc1cccc(CCN2CCN(C(=O)Cc3ccc(-n4cnnn4)cc3)CC2)c1,0.8611438,train
N#Cc1ccc(CCN2CCN(C(=O)Cc3ccc(-n4cnnn4)cc3)CC2)cc1,0.8081574,train
O=C(Cc1ccc(-n2cnnn2)cc1)N1CCN(CCc2ccc([N+](=O)[O-])cc2)CC1,0.67499703,train
O=C1OCc2cc(CC(=O)N3CCN(CCc4ccc([N+](=O)[O-])cc4)CC3)ccc21,0.7676769,train
O=C(Cc1ccc([N+](=O)[O-])cc1)N1CCN(CCc2ccc([N+](=O)[O-])cc2)CC1,0.9377868,val
O=[N+]([O-])c1ccc(CCN2CCN(CCc3ccc(-n4cnnn4)cc3)CC2)cc1,0.9967944,train
Cc1cc(N2CC[C@H](N3CCC[C@@H]3C)C2)ccc1NC(=O)C1CCOCC1,0.055646632,train
O=C(O)c1ccccc1-c1ccc(CN2CCC(COC(=O)c3c4n(c5ccccc35)CCCO4)CC2)cc1,0.20053738,train
COC(=O)c1ccccc1-c1ccc(CN2CCC(COC(=O)c3c4n(c5ccccc35)CCCO4)CC2)cc1,0.97382516,train
O=C(OCC1CCN(Cc2ccc(-c3ccccc3-c3nn[nH]n3)cc2)CC1)c1c2n(c3ccccc13)CCCO2,0.43703023,val
COc1ccsc1CNCC[C@@]1(c2ccccn2)CCOC2(CCCC2)C1,0.8685226,train
c1ccc([C@]2(CCNCc3cccs3)CCOC3(CCCC3)C2)nc1,0.5752678,train
Cc1cc(N2CC[C@H](N3CCC[C@@H]3C)C2)ccc1NC(=O)c1c(C)noc1C,0.064230815,train
CCN(CC)CC(=O)N[C@@H]1CCC(C(=O)NC(c2ccc(F)cc2)c2ccc(F)cc2)[C@H](c2ccc(Br)cc2)C1,0.9612711,train
O=C(NC(c1ccc(Cl)cc1)c1ncccn1)C1CC[C@@H](N2CCOCC2)C[C@H]1c1ccc(Br)cc1,0.97393656,train
O=C(NC(c1ccc(Cl)cc1)c1cnccn1)C1CC[C@@H](N2CCOCC2)C[C@H]1c1ccc(Br)cc1,0.98721814,train
O=C(NC(c1ccc(Cl)cc1)c1ccc(F)cn1)C1CC[C@@H](N2CCOCC2)C[C@H]1c1ccc(Br)cc1,0.99320614,val
O=C(NC(c1ccc(Cl)cc1)c1ccnc(F)c1)C1CC[C@@H](N2CCOCC2)C[C@H]1c1ccc(Br)cc1,0.995666,train
O=C(NC(c1ccc(Cl)cc1)c1ccncc1Cl)C1CC[C@@H](N2CCOCC2)C[C@H]1c1ccc(Br)cc1,0.9963462,train
Cc1cc(C(NC(=O)C2CC[C@@H](N3CCOCC3)C[C@H]2c2ccc(Br)cc2)c2ccc(Cl)cc2)ccn1,0.9950564,train
O=C(NC(c1ccncc1)c1ccc(Cl)cc1)C1CC[C@@H](N2CCOCC2)C[C@H]1c1ccc(Br)cc1,0.99499184,train
O=C(NC(c1ccncc1)c1ccc(F)cc1)C1CC[C@@H](N2CCOCC2)C[C@H]1c1ccc(Br)cc1,0.97896785,train
O=C(NC(c1ccc(F)cc1)c1ccc(F)cc1)C1CC[C@@H](N2CCOCC2)C[C@H]1c1ccc(Br)cc1,0.9959586,train
O=C(NC(c1ccc(Cl)cc1)c1ccc(Cl)cc1)C1CC[C@@H](N2CCOCC2)C[C@H]1c1ccc(Br)cc1,0.9993318,train
C[C@H](NC(=O)C1CC[C@@H](N2CCOCC2)C[C@H]1c1ccc(Br)cc1)c1ccc(F)cc1,0.99075425,val
O=C(C1CC[C@@H](N2CCOCC2)C[C@H]1c1ccc(Br)cc1)N1CC(c2ccccc2)(c2ccccc2)C1,0.99769104,test
O=C(NC(c1ccccc1)c1ccccc1)C1CC[C@@H](N2CCOCC2)C[C@H]1c1ccc(Br)cc1,0.990072,train
O=C(NC(c1ccccc1)c1ccccc1)C1CC[C@@H](N2CCOCC2)C[C@H]1c1ccccc1,0.93698466,train
Cc1ccccc1[C@H]1C[C@@H](NCc2ccc(Cl)cc2)CCC1C(=O)N1CC(c2ccccc2)(c2ccccc2)C1,0.9948565,val
CN1Cc2cccc(Oc3ncccc3NC(=O)Nc3ccc(OC(F)(F)F)cc3)c2C1C(C)(C)C,0.1833685,test
CC(C)CN1CCC(c2ccccc2Oc2ncccc2NC(=O)Nc2ccc(OC(F)(F)F)cc2)CC1,0.9969476,train
CC(C)(C)CN1CCC(c2ccccc2Oc2ncccc2NC(=O)Nc2ccc(OC(F)(F)F)cc2)CC1,0.9541477,train
CCCCCCCN(CC)C/C=C/Cc1ccc(Cl)cc1,0.9997321,train
CCCCCCCN(CC)CC#CCOC(c1ccccc1)c1ccccc1,0.9037504,train
CCCCCCCN(CC)CCCCc1ccc(Cl)cc1,0.99858725,train
CCCCCCCN(CC)CC#CCc1ccc(Cl)cc1,0.99033654,train
CCCCCCCN(CC)CC#CCCc1ccc(Cl)cc1,0.98653436,train
CCCCN(CC)CC#CC#Cc1ccc(Cl)cc1,0.97474253,train
CCCCCCCN(CC)CC#CCOc1ccc(Cl)cc1,0.9754107,train
CCCCN(CC)CC#CCOC(c1ccccc1)c1ccccc1,0.69246304,train
CCCCCCCN(CC)CC#CCOCc1ccc(Cl)cc1,0.9826917,train
CCCCN(CC)CC#CCOCc1ccc(Cl)cc1,0.9559696,train
CCCCCCCN1CCC(C(=O)c2ccccc2)CC1,0.9649182,train
CCCCCCCN1CCC(Cc2ccccc2)CC1,0.99001104,train
CCCCCCCN(CC)CCCCCc1ccc(Cl)cc1,0.99772567,train
CCCCN(CC)CCCCCc1ccc(Cl)cc1,0.9939249,train
CCCCCCCN(CC)CCCCc1ccccc1,0.9952825,train
CCCCCCC[N+](CC)(CC)C/C=C/Cc1ccc(Cl)cc1,0.99957114,train
CCCCCCCN(CC)C/C=C\Cc1ccccc1,0.99860317,train
CCCCCCCN(CC)C/C=C/CCc1ccc(Cl)cc1,0.9996635,train
CCCCN(CC)C/C=C/CCc1ccc(Cl)cc1,0.9991666,train
CCCCCCCN(CC)C/C=C/Cc1ccccc1,0.99905926,train
CCCCN(CC)C/C=C/Cc1ccc(Cl)cc1,0.9993369,train
CCCCCCCN(CC)C/C=C/c1ccc(Cl)cc1,0.9973701,train
CCCCN(CC)C/C=C/c1ccc(Cl)cc1,0.99346185,train
CCCCN(CC)CC#CCOc1ccc(Cl)cc1,0.91613966,train
CCCCCCCN(CC)CC#CCCc1ccc(C)cc1,0.96910304,train
CCCCN(CC)CC#CCCc1ccc(C)cc1,0.9270064,train
CCCCN(CC)CC#CCCc1ccc(Cl)cc1,0.968401,train
CCCCCCCN(CC)CC#CCCc1ccccc1,0.9563145,train
CCCCCCCN(CC)CC#CC(c1ccccc1)c1ccccc1,0.9989625,train
CCCCCCCN(CC)CC#CCc1ccc(C)cc1,0.9765396,train
CCCCN(CC)CC#CCc1ccc(C)cc1,0.9429726,train
CCCCN(CC)CC#CCc1ccc(Cl)cc1,0.9771993,train
CCCCCCCN(CC)CC#CCc1ccccc1,0.9694007,train
CCCCN(CC)CC#CCc1ccccc1,0.91089916,train
CCCCCCC[N+](CC)(CC)CC#Cc1ccc(Cl)cc1,0.99705434,train
CCCCCCCN(CC)CC#Cc1ccc(Cl)cc1,0.99550784,train
O[C@@H](c1cc(C(F)(F)F)nc2c(C(F)(F)F)cccc12)[C@H]1CCCCN1,0.8600796,train
NC(=O)Nc1ccc(F)cc1OC[C@@H](O)CN1CCC2(CC1)Cc1cc(Cl)ccc1O2,0.87995166,train
NC(=O)Nc1ccccc1OC[C@@H](O)CN1CCC2(CC1)Cc1cc(Cl)ccc1O2,0.80558884,train
O=C(Nc1ccc(O)cc1OC[C@@H](O)CN1CCC2(CC1)Cc1cc(F)ccc1O2)NC1CC1,0.58707976,train
O=C(Nc1ccc(O)cc1OC[C@@H](O)CN1CCC2(CC1)Cc1cc(Cl)ccc1O2)NC1CC1,0.79901415,train
COc1ccc(NC(=O)NC2CC2)c(OC[C@@H](O)CN2CCC3(CC2)Cc2cc(Cl)ccc2O3)c1,0.9420405,train
O=C(Nc1cc(Cl)c(O)cc1OC[C@@H](O)CN1CCC2(CC1)Cc1cc(Cl)ccc1O2)NC1CC1,0.68570334,train
CNC(=O)Nc1ccc(O)cc1OC[C@@H](O)CN1CCC2(CC1)Cc1cc(Cl)ccc1O2,0.5652293,train
CNC(=O)Nc1ccc(O)cc1OC[C@@H](O)CN1CCC2(CC1)Cc1cc(F)ccc1O2,0.35450566,train
N[C@H](COc1cccc2ccc(=O)[nH]c12)CN1CCC2(CC1)Cc1cc(F)ccc1O2,0.9562134,train
N[C@H](COc1cccc2c1NC(=O)CO2)CN1CCC2(CC1)Cc1cc(F)ccc1O2,0.9667038,train
O=c1ccc2cccc(OC[C@@H](O)CN3CCC4(CC3)Cc3cc(Cl)ccc3O4)c2[nH]1,0.9495449,train
O=C1CCc2cccc(OC[C@@H](O)CN3CCC4(CC3)Cc3cc(Cl)ccc3O4)c2N1,0.9336319,val
O=C1COc2cccc(OC[C@@H](O)CN3CCC4(CC3)Cc3cc(Cl)ccc3O4)c2N1,0.96482533,train
CC1(C)OC(=O)N([C@H]2CC[C@H](c3cnc(N)c(-c4ncccn4)c3)CC2)[C@H]1c1ccccc1,0.17619346,test
COc1ccc(CNC(=O)c2cc(-c3cc(Cl)cc(Cl)c3)cnc2-c2cccnc2)cc1OC,0.96409357,val
COCCOc1ccn2c(-c3ccc4cccc(O[C@@H]5CCNC[C@H]5F)c4n3)cnc2c1,0.7455047,train
NC[C@]1(c2cccc(Cl)c2)CC[C@H](n2nc(-c3cccnc3)ccc2=O)CC1,0.78111064,val
NC[C@]1(c2cccc(Cl)c2)CC[C@H](N2CCc3c(nc(C(F)(F)F)nc3C3CC3)C2=O)CC1,0.77588457,train
COC1COCCC1N[C@@H]1C[C@H]2CN(C(=O)C#CC3CC3)C[C@@]2(C(=O)N2CCc3ncc(C(F)(F)F)cc3C2)C1,0.003518147,val
COC1COCCC1N[C@@H]1C[C@H]2CN(C(=O)/C=C/c3ccccc3)C[C@@]2(C(=O)N2CCc3ncc(C(F)(F)F)cc3C2)C1,0.0052111275,val
COC1COCCC1N[C@@H]1C[C@H]2CN(c3ccccc3)C[C@@]2(C(=O)N2CCc3ncc(C(F)(F)F)cc3C2)C1,0.0067184656,train
COC1COCCC1N[C@@H]1C[C@H]2CN(C3CC3)C[C@@]2(C(=O)N2CCc3ncc(C(F)(F)F)cc3C2)C1,0.0047302116,test
CCN1C[C@@H]2C[C@@H](NC3CCOCC3OC)C[C@]2(C(=O)N2CCc3ncc(C(F)(F)F)cc3C2)C1,0.003060062,test
COC(=O)C(CCCN1CCC(c2ccccc2OC)CC1)(c1ccc(Br)cc1)C(C)C,0.99656713,test
COC(=O)C(CCCN1CC=C(c2ccccc2OC)CC1)(c1ccc(Br)cc1)C(C)C,0.9981108,test
COC(=O)C(CCC(=O)N1CCN(c2ccccc2OC)CC1)(c1ccc(Br)cc1)C(C)C,0.08925565,train
COC(=O)C(CCC(=O)N(C)CCCc1nc2ccccc2[nH]1)(c1ccc(Br)cc1)C(C)C,0.9174588,test
COc1ccccc1N1CCN(CCCC(C(=O)O)(c2ccc(Br)cc2)C(C)C)CC1,0.8737945,train
CC(C)C(CCCN(C)CCCc1nc2ccccc2[nH]1)(C(=O)O)c1ccc(Br)cc1,0.9757318,train
COC(=O)C(CCCN1CCN(c2ccccc2OC)CC1)(c1ccc(Br)cc1)C(C)C,0.98763984,train
Fc1ccccc1-c1nc2ccn(Cc3cc(-c4ccc(C(F)(F)F)cc4C(F)(F)F)no3)cc-2n1,0.9999883,train
Fc1ccccc1-c1nc2ccn(Cc3ccc(-c4ccc(C(F)(F)F)cc4C(F)(F)F)nn3)cc-2n1,0.99998343,val
O=C1NN=C(c2ccc(OC3CCN(C4CCC4)CC3)cc2)[C@@H]2CC12,0.5210554,train
O=C1NN=C(c2ccc(OC3CCN(C4CCC4)CC3)cc2)[C@H]2CC12,0.20390494,train
CCN(CC)C(C(=O)N1CCC[C@H]1c1nc(-c2ccc(-c3ccc(-c4c[nH]c([C@@H]5CCCN5C(=O)C(C)NC(=O)OC)n4)cc3)cc2)c[nH]1)c1ccccc1,0.056015622,val
COC(=O)NC(C(=O)N1CCC[C@H]1c1nc(-c2ccc(-c3ccc(-c4c[nH]c([C@@H]5CCCN5C(=O)C(NC(=O)OC)C(C)C)n4)cc3)cc2)c[nH]1)C(C)C,0.52379054,test
CNc1nc(NCCCN(C)C)c2sc(-c3ccc4nonc4c3)cc2n1,0.99565965,val
CNc1nc(NCCCN(C)C)c2sc(-c3ccc(N4CCOCC4)cc3)cc2n1,0.9737248,train
CNc1nc(NCCCN(C)C)c2sc(-c3ccc(OC)nc3)cc2n1,0.9926726,train
CNc1nc(NCCCN(C)C)c2sc(-c3ccc(OC(F)(F)F)cc3)cc2n1,0.99974865,train
CNc1nc(NCCCN(C)C)c2sc(-c3ccc(C(F)(F)F)cc3)cc2n1,0.99932396,train
CNc1nc(NCCCN(C)C)c2sc(-c3ccccc3)cc2n1,0.9966698,train
CCS(=O)(=O)c1ccc(-c2cnc(N)c(-c3ccc(C(F)(F)F)nc3)n2)cc1,0.9504641,train
Nc1ncc(-c2ccc(C(=O)N3CCOCC3)cc2)nc1-c1ccc(C(F)(F)F)nc1,0.037209217,train
CS(=O)(=O)c1ccc(-c2cnc(N)c(-c3ccc(C(F)(F)F)nc3)n2)cc1,0.658811,train
Cc1nc2c(s1)CCC2C(=O)Nc1ccc(C[C@@H]2CC[C@H]([C@H](O)c3cccnc3)N2)cc1,0.06651235,train
Nc1nc2c(s1)CCC2C(=O)Nc1ccc(C[C@@H]2CC[C@H]([C@H](O)c3ccc(F)cc3)N2)cc1,0.5278071,train
O=C(Nc1ccc(C[C@@H]2CC[C@H]([C@H](O)c3cccnc3)N2)cc1)C1CCc2scnc21,0.42592335,train
Nc1nc2c(s1)CCC2C(=O)Nc1ccc(C[C@@H]2CC[C@H]([C@H](O)c3cccnc3)N2)cc1,0.07488422,train
Nc1nc2c(s1)CCC2C(=O)Nc1ccc(C[C@@H]2CC[C@H]([C@H](O)c3cccc(F)c3)N2)cc1,0.32540998,train
Nc1nc2c(s1)CCC2C(=O)Nc1ccc(C[C@@H]2CC[C@H]([C@H](O)c3cccc(Cl)c3)N2)cc1,0.7538497,train
Nc1nc2c(s1)CCC2C(=O)Nc1ccc(C[C@@H]2CC[C@H]([C@H](O)c3ccccc3)N2)cc1,0.2692004,train
CN1C(=O)CC[C@H]1CN(Cc1ccc(Cl)cc1)S(=O)(=O)c1cccc(C#N)c1,0.14702895,train
COc1ccc2c(c1)[C@@H]1C[C@]1(C(=O)N1[C@@H]3CC[C@H]1CN(C)C3)Cn1c-2c(C2CCCCC2)c2ccc(C(=O)NS(=O)(=O)N(C)C)cc21,0.0023350716,train
O=C(C1CC12CCN(C1CCCCC1)CC2)N1CCN(C2CCCCC2)CC1,0.76630807,test
N#C[C@@H]1C[C@H](F)CN1C(=O)C(N)Cc1cc2c(cc1Br)OCO2,0.022105617,test
COC[C@H](C)Oc1cc(Oc2ccc(S(C)(=O)=O)cc2)cc(C(=O)Nc2nccs2)c1,0.08972724,test
COC[C@H](C)Oc1cc(Oc2ccc(S(C)(=O)=O)cc2)cc(C(=O)Nc2nc(C)ns2)c1,0.33841604,train
C[C@@H](CO)Oc1cc(Oc2ccc(C(=O)N3CCC3)cc2)cc(C(=O)Nc2ccn(C)n2)c1,0.015240533,train
C[C@@H]1CN(c2noc(C(F)(F)F)n2)CCN1c1ncc(OCc2ccncc2C#N)cn1,0.89366734,train
C[C@@H]1CN(c2nc(C(F)(F)F)no2)CCN1c1ncc(OCc2ccncc2C#N)cn1,0.2720925,train
CC(C)c1noc(N2CCN(c3ncc(OCc4ccncc4C#N)cn3)[C@H](C)C2)n1,0.37009797,train
C[C@@H]1CN(c2nnc(C(F)(F)F)o2)CCN1c1ncc(OCc2ccncc2C#N)cn1,0.07773304,train
NCC(=O)N1CCN(c2cnc3cc(C(F)(F)F)cc(NCc4cccc([N+](=O)[O-])c4)c3c2)CC1,0.103074014,train
CC(N)C(=O)N1CCN(c2cnc3cc(C(F)(F)F)cc(NCc4cccc([N+](=O)[O-])c4)c3c2)CC1,0.50683856,train
O=C(/C=C/[C@@H]1CCCN1)N1CCN(c2cnc3cc(C(F)(F)F)cc(NCc4cccc([N+](=O)[O-])c4)c3c2)CC1,0.9346777,test
CN(C)C/C=C/C(=O)N1CCN(c2cnc3cc(C(F)(F)F)cc(NCc4cccc([N+](=O)[O-])c4)c3c2)CC1,0.07519523,train
CCNC(=O)N1CCN(c2cnc3cc(C(F)(F)F)cc(NCc4cccc([N+](=O)[O-])c4)c3c2)CC1,0.3351696,train
CCCNC(=O)N1CCN(c2cnc3cc(C(F)(F)F)cc(NCc4cccc([N+](=O)[O-])c4)c3c2)CC1,0.48101163,train
O=C(N1CCOCC1)N1CCN(c2cnc3cc(C(F)(F)F)cc(NCc4cccc([N+](=O)[O-])c4)c3c2)CC1,0.26066548,train
CN1CCN(c2cnc3cc(C(F)(F)F)cc(NCc4cccc([N+](=O)[O-])c4)c3c2)CC1,0.76099956,train
CC(=O)N1CCN(c2cnc3cc(C(F)(F)F)cc(NCc4cccc([N+](=O)[O-])c4)c3c2)CC1,0.54929847,train
O=[N+]([O-])c1cccc(CNc2cc(C(F)(F)F)cc3ncc(N4CCN(CCO)CC4)cc23)c1,0.8465787,train
CN1CCN(c2cnc3cc(C(F)(F)F)cc(NCc4cccc(C#N)c4)c3c2)CC1,0.78729254,train
CC(=O)c1cccc(CNc2cc(C(F)(F)F)cc3ncc(N4CCN(C)CC4)cc23)c1,0.18752491,train
CCNC(=O)Nc1cccc(CNc2cc(C(F)(F)F)cc3ncc(N4CCN(C)CC4)cc23)c1,0.17378017,train
CN1CCN(c2cnc3cc(C(F)(F)F)cc(NCc4cccc5nonc45)c3c2)CC1,0.28690094,test
CN1CCN(c2cnc3cc(C(F)(F)F)cc(NCc4ccc5cccnc5c4)c3c2)CC1,0.38451004,train
[2H]C(Nc1cc(C(F)(F)F)cc2ncc(N3CCN(C)CC3)cc12)c1cccc([N+](=O)[O-])c1,0.9270016,train
[2H]C([2H])(O)CN1CCN(c2cnc3cc(C(F)(F)F)cc(NCc4cccc([N+](=O)[O-])c4)c3c2)CC1,0.90015745,train
[2H]C(Nc1cc(C(F)(F)F)cc2ncc(N3CCN(CC([2H])([2H])O)CC3)cc12)c1cccc([N+](=O)[O-])c1,0.97294146,train
CCn1ccc(NC(=O)c2cc(Oc3ccc(C(=O)N4CCC4)cc3)cc(O[C@@H](C)CO)c2)n1,0.0329309,train
CC(C)n1ccc(NC(=O)c2cc(Oc3ccc(C(=O)N4CCC4)cc3)cc(O[C@@H](C)CO)c2)n1,0.019245537,train
C[C@@H](CO)Oc1cc(Oc2ccc(C(=O)N3CCC3)cc2)cc(C(=O)Nc2nccs2)c1,0.02227273,val
Cc1nsc(NC(=O)c2cc(Oc3ccc(C(=O)N4CCC4)cc3)cc(O[C@@H](C)CO)c2)n1,0.024184667,train
Cc1cnc(NC(=O)c2cc(Oc3ccc(C(=O)N4CCC4)cc3)cc(O[C@@H](C)CO)c2)cn1,0.014999172,train
COC[C@H](C)Oc1cc(Oc2ccc(C(=O)N3CCC3)cc2)cc(C(=O)Nc2ccn(C)n2)c1,0.03450559,train
CC(C)Oc1cc(Oc2ccc(C(=O)N3CCC3)cc2)cc(C(=O)Nc2ccn(C)n2)c1,0.14384675,train
Cn1ccc(NC(=O)c2cc(Oc3ccc(C(=O)N4CCC4)cc3)cc(O[C@H]3CCOC3)c2)n1,0.030613441,train
Cn1ccc(NC(=O)c2cc(Oc3ccc(C(=O)N4CCC4)cc3)cc(OC(CF)CF)c2)n1,0.044413093,train
COC[C@H](C)Oc1cc(Oc2ccc(C(=O)N3CCC3)cc2)cc(C(=O)Nc2cnc(C)cn2)c1,0.033706427,train
COC[C@H](C)Oc1cc(Oc2ccc(C(=O)N3CCC3)nc2)cc(C(=O)Nc2cnc(C)cn2)c1,0.026376735,val
COC[C@H](C)Oc1cc(Oc2ncc(C(=O)N3CCC3)cc2Cl)cc(C(=O)Nc2cnc(C)cn2)c1,0.016492853,train
Cc1cnc(NC(=O)c2cc(Oc3ccc(S(C)(=O)=O)cc3)c3cc(C)oc3c2)cn1,0.14331017,train
Cc1cnc(NC(=O)c2cc(Oc3ccc(C#N)cc3)c3cc(C)oc3c2)cn1,0.68889314,train
Cc1cnc(NC(=O)c2cc(Oc3ccc(C(=O)N(C)C)cc3)c3cc(C)oc3c2)cn1,0.08604391,train
CC(=O)Nc1cccc(C2CCN(Cc3ccc(C(=O)c4nc5ccccc5n4-c4ccc(F)cc4)cc3)CC2)c1,0.98131186,train
CC(=O)Nc1cccc(C2CCN(Cc3ccc(C(=O)c4nc5ccccc5n4-c4ccc(Cl)cc4)cc3)CC2)c1,0.9895182,train
CC(=O)Nc1cccc(C2CCN(Cc3ccc(C(=O)c4nc5ccccc5n4C4CCOCC4)cc3)CC2)c1,0.6141327,train
CC(=O)Nc1cccc(C2CCN(Cc3ccc(C(=O)c4nc5ccccc5n4-c4ccc(F)cc4)cc3F)CC2)c1,0.97596514,train
CC(=O)Nc1cccc(C2CCN(Cc3ccc(C(=O)c4nc(C)c(C)n4-c4ccc(F)cc4)cc3)CC2)c1,0.83880275,val
N#Cc1ccc(OCC2(O)CN(S(=O)(=O)c3ccc(Cl)cc3Cl)C2)cc1F,0.2191387,test
CC[C@]1(c2cccc(NS(C)(=O)=O)c2)[C@@H]2CN(CC3Cc4ccccc4C3)C[C@@H]21,0.99996877,train
CC[C@]1(c2cccc(NS(C)(=O)=O)c2)[C@@H]2CN(CCCC3(O)CCCCC3)C[C@@H]21,0.99971944,train
CC[C@]1(c2cccc(C(N)=O)c2)[C@@H]2CN(CC3(O)Cc4ccccc4C3)C[C@@H]21,0.9869739,train
CC[C@]1(c2cccc(NS(C)(=O)=O)c2)[C@@H]2CN(CC3(O)Cc4ccccc4C3)C[C@@H]21,0.99870396,train
Cc1ccccc1-c1nc2ccc(-c3ccc(Cl)cc3)cc2c(=O)n1C[C@H]1CCCN(C(C)C)C1,0.96685725,test
Cc1ccccc1-c1nc2cc(-c3ccc(Cl)cc3)sc2c(=O)n1CC1CCCN(C(C)C)C1,0.92845476,train
Cc1ccccc1-c1nc2cn(-c3ccc(Cl)cc3)nc2c(=O)n1CC1CCCN(C(C)C)C1,0.37250358,train
COCCN1CCC[C@@H](Cn2c(-c3ccccc3C)nc3cc(-c4ccc(Cl)cc4)sc3c2=O)C1,0.98855805,train
COCCN1CCC[C@@H](Cn2c(-c3ccccc3C)nc3nc(-c4ccc(Cl)cc4)sc3c2=O)C1,0.9682971,train
COCCN1CCC[C@@H](Cn2c(-c3ccccc3C)nc3cn(-c4ccc(Cl)cc4)nc3c2=O)C1,0.85878617,train
COc1ccc(-n2cc3nc(-c4ccccc4C)n(CC4CCCN(C(C)C)C4)c(=O)c3n2)cc1,0.03223214,train
Cc1ccccc1-c1nc2cn(-c3cccc(Cl)c3)nc2c(=O)n1CC1CCCN(C(C)C)C1,0.34861457,train
COc1cccc(-n2cc3nc(-c4ccccc4C)n(CC4CCCN(C(C)C)C4)c(=O)c3n2)c1,0.073224254,train
Cc1ccccc1-c1nc2cn(-c3cccc(C#N)c3)nc2c(=O)n1CC1CCCN(C(C)C)C1,0.20471944,train
COCCN1CCCC(Cn2c(-c3cccnc3C)nc3cn(-c4ccc(C#N)cc4)nc3c2=O)C1,0.3656965,train
COc1cccc(-n2cc3nc(-c4cccnc4C)n(C[C@H]4CCCN(C(C)C)C4)c(=O)c3n2)c1,0.013138559,train
COCCN1CCC[C@H](Cn2c(-c3cccnc3C)nc3cn(-c4cccc(OC)c4)nc3c2=O)C1,0.08269615,train
COc1cccc(-n2cc3nc(C)n(C[C@H]4CCCN(C[C@H]5CCCO5)C4)c(=O)c3n2)c1,0.5488505,train
COc1cccc(-n2cc3nc(CC(C)C)n(C[C@H]4CCCN(C[C@H]5CCCO5)C4)c(=O)c3n2)c1,0.7748873,train
Cc1ncccc1-c1nc2cn(-c3ccccc3)nc2c(=O)n1C[C@H]1CCCN(C[C@H]2CCCO2)C1,0.25904652,train
COc1ccc(-n2cc3nc(-c4cccnc4C)n(C[C@H]4CCCN(C[C@H]5CCCO5)C4)c(=O)c3n2)cc1,0.12237548,train
CCOc1cccc(-n2cc3nc(-c4cccnc4C)n(C[C@H]4CCCN(C[C@H]5CCCO5)C4)c(=O)c3n2)c1,0.31454942,train
CCCOc1cccc(-n2cc3nc(-c4cccnc4C)n(C[C@H]4CCCN(C[C@H]5CCCO5)C4)c(=O)c3n2)c1,0.6524348,train
Cc1ncccc1-c1nc2cn(-c3cccc(OC(C)C)c3)nc2c(=O)n1C[C@H]1CCCN(C[C@H]2CCCO2)C1,0.48110807,train
Cc1ncccc1-c1nc2cn(-c3cccc(OC(F)F)c3)nc2c(=O)n1C[C@H]1CCCN(C[C@H]2CCCO2)C1,0.84399056,train
COc1cccc(-n2cc3nc(-c4cccnc4C)n(C[C@H]4CCCN(C[C@H]5CCCO5)C4)c(=O)c3n2)c1,0.2744601,train
COCCC(Oc1ncnc2c1cnn2-c1ncccc1Cl)C(=O)Nc1ccc(C)cn1,0.0072781276,train
CC(C)OCC(Oc1ncnc2c1cnn2-c1ncccc1Cl)C(=O)Nc1ccc(F)cn1,0.0050886,train
CCOCC(Oc1ncnc2c1cnn2-c1ncccc1Cl)C(=O)Nc1ccc(C)cn1,0.014899069,train
CC(C)OCC(Oc1ncnc2c1cnn2-c1ncccc1Cl)C(=O)Nc1ccc(Cl)cn1,0.011659928,train
CCOCC(Oc1ncnc2c1cnn2-c1ncccc1Cl)C(=O)Nc1ccc(F)cn1,0.018730579,train
CC(C)OCC(Oc1ncnc2c1cnn2-c1ccccc1Cl)C(=O)Nc1ccccn1,0.00940264,train
COCC(Oc1ncnc2c1cnn2-c1ccccc1Cl)C(=O)Nc1ccc(C)cn1,0.012617651,train
CCOCC(Oc1ncnc2c1cnn2-c1ccccc1Cl)C(=O)Nc1cnc(C)cn1,0.015093277,train
CC(C)OCC(Oc1ncnc2c1cnn2-c1ncccc1Cl)C(=O)Nc1ccc(C#N)cn1,0.007477356,train
Cc1ccc(NC(=O)C(COC2CCC2)Oc2ncnc3c2cnn3-c2ncccc2Cl)nc1,0.01130824,test
Cc1cnc(NC(=O)C(COC2CCC2)Oc2ncnc3c2cnn3-c2ncccc2Cl)cn1,0.005383697,val
Cc1ccc(NC(=O)C(COC(C)C)Oc2ncnc3c2cnn3-c2ccccc2Cl)nc1,0.009231582,train
CC(C)OCC(Oc1ncnc2c1cnn2-c1ccccc1Cl)C(=O)Nc1ccc(F)cn1,0.010472876,train
CCOCC(Oc1ncnc2c1cnn2-c1ncccc1Cl)C(=O)Nc1ccc(C#N)cn1,0.0498263,train
CCOCC(Oc1ncnc2c1cnn2-c1ncccc1Cl)C(=O)Nc1cnc(C)cn1,0.006809121,train
Cc1cnc(NC(=O)C(COC2CCC2)Oc2ncnc3c2cnn3-c2ccccc2Cl)cn1,0.0110675935,train
CC(C)OCC(Oc1ncnc2c1cnn2-c1ccccc1Cl)C(=O)Nc1ccc(C#N)cn1,0.016665611,train
CCOCC(Oc1ncnc2c1cnn2-c1ncccc1Cl)C(=O)Nc1ccc(Cl)cn1,0.10346476,train
CC(C)OCC(Oc1ncnc2c1cnn2-c1ccccc1Cl)C(=O)Nc1ccc(Cl)cn1,0.030810587,train
O=C(Nc1ccc(Cl)cn1)C(COCCO)Oc1ncnc2c1cnn2-c1ncccc1Cl,0.006272616,train
N#Cc1ccc(NC(=O)C(COCCO)Oc2ncnc3c2cnn3-c2ncccc2Cl)nc1,0.004001992,train
O=C(Nc1ccc(Cl)cn1)C(COCCO)Oc1ncnc2c1cnn2-c1ccccc1Cl,0.012925844,train
C[C@@H](CO)OCC(Oc1ncnc2c1cnn2-c1ncccc1Cl)C(=O)Nc1ccc(C#N)cn1,0.0014670892,train
C[C@H](CO)OCC(Oc1ncnc2c1cnn2-c1ncccc1Cl)C(=O)Nc1ccc(C#N)cn1,0.0020288366,train
O=C(Nc1ccc(Cl)cn1)C(CN1CC(O)C1)Oc1ncnc2c1cnn2-c1ncccc1Cl,0.075449266,test
O=C(Nc1ccc(Cl)cn1)C(CN1CC(O)C1)Oc1ncnc2c1cnn2-c1ccccc1Cl,0.2944123,train
N#Cc1ccc(NC(=O)C(CN2CC(O)C2)Oc2ncnc3c2cnn3-c2ccccc2Cl)nc1,0.15905496,train
O=C(Nc1ccc(F)cn1)C(CN1CC(O)C1)Oc1ncnc2c1cnn2-c1ccccc1Cl,0.05889535,train
O=C(Nc1ccc(F)cn1)C(COCCO)Oc1ncnc2c1cnn2-c1ccccc1Cl,0.0056381216,train
N#Cc1ccc(NC(=O)C(CN2CC(O)C2)Oc2ncnc3c2cnn3-c2c(Cl)cccc2Cl)nc1,0.21545464,train
O=C(Nc1ccc(F)cn1)C(CN1CC(O)C1)Oc1ncnc2c1cnn2-c1c(Cl)cccc1Cl,0.08329711,train
COc1ccc(N2C(=O)C(C)(C)C2c2ccccc2OC)cc1,0.8394024,val
O=C(Nc1ccc(F)cn1)C(COCCO)Oc1ncnc2c1cnn2-c1c(Cl)cccc1Cl,0.006134937,train
N#Cc1ccc(NC(=O)C(CN2CC(O)C2)Oc2ncnc3c2cnn3-c2c(Cl)cccc2C#N)nc1,0.17255597,train
N#Cc1cccc(Cl)c1-n1ncc2c(OC(CN3CC(O)C3)C(=O)Nc3ccc(F)cn3)ncnc21,0.06454708,train
N#Cc1cccc(Cl)c1-n1ncc2c(OC(COCCO)C(=O)Nc3ccc(F)cn3)ncnc21,0.0045342627,train
O=C(Nc1ccccn1)C(CN1CC(O)C1)Oc1ncnc2c1cnn2-c1c(F)cccc1Cl,0.019264514,train
O=C(Nc1ccc(F)cn1)C(CN1CC(O)C1)Oc1ncnc2c1cnn2-c1c(F)cccc1Cl,0.027440256,train
O=C(Nc1ccc(F)cn1)C(COCCO)Oc1ncnc2c1cnn2-c1c(F)cccc1Cl,0.003755157,train
Cc1cnc(NC(=O)C(CN2CC(O)C2)Oc2ncnc3c2cnn3-c2c(Cl)cccc2Cl)cn1,0.013579173,val
Cc1cccc(Nc2cc(N[C@@H]3CCCC[C@@H]3N)nnc2C(N)=O)n1,0.6862402,train
CCc1cccc(Nc2cc(N[C@@H]3CCCC[C@@H]3N)nnc2C(N)=O)n1,0.86341184,train
CCCc1cccc(Nc2cc(N[C@@H]3CCCC[C@@H]3N)nnc2C(N)=O)n1,0.9698351,train
NC(=O)c1nnc(N[C@@H]2CCCC[C@@H]2N)cc1Nc1cccc(C2CC2)n1,0.91675407,train
CC(C)c1cccc(Nc2cc(N[C@@H]3CCCC[C@@H]3N)nnc2C(N)=O)n1,0.8442206,train
Cc1nc(Nc2cc(N[C@@H]3CCCC[C@@H]3N)nnc2C(N)=O)ccc1F,0.55877846,train
Cc1ccc(Nc2cc(N[C@@H]3CCCC[C@@H]3N)nnc2C(N)=O)nc1C,0.34121898,train
Cc1nc(Nc2cc(N[C@@H]3CCCC[C@@H]3N)nnc2C(N)=O)ccc1Cl,0.72540283,train
NC(=O)c1nnc(N[C@@H]2CCCC[C@@H]2N)cc1Nc1ccc2c(n1)CCC2,0.6482668,test
COc1ccc(Nc2cc(N[C@@H]3CCCC[C@@H]3N)nnc2C(N)=O)nc1OC,0.8190039,train
CC(C)(C)c1cccc(Nc2cc(N[C@@H]3CCCC[C@@H]3N)nnc2C(N)=O)n1,0.9102249,train
CC(C)C[C@H](CN)Nc1cc(Nc2cccc(C(C)(C)C)n2)c(C(N)=O)nn1,0.9659709,train
Cc1ccc(Nc2cc(N[C@@H]3CCCC[C@@H]3N)nnc2C(N)=O)nc1C(C)C,0.8845248,train
CCCc1nc(Nc2cc(N[C@@H]3CCCC[C@@H]3N)nnc2C(N)=O)ccc1OC,0.93265927,train
COc1ccc(Nc2cc(N[C@@H]3CCCC[C@@H]3N)nnc2C(N)=O)nc1C(C)C,0.8177043,train
COc1ccc(Nc2cc(N[C@@H]3CCOC[C@@H]3N)nnc2C(N)=O)nc1C(C)C,0.15233555,train
Cc1ccc(Nc2cc(NCCN)nnc2C(N)=O)nc1C(C)C,0.22049896,train
COc1ccc(Nc2cc(NCCN)nnc2C(N)=O)nc1C(C)C,0.13961454,train
CCCc1nc(Nc2cc(NCCN)nnc2C(N)=O)ccc1OC,0.37428656,train
CC(C)c1nc(Nc2cc(N[C@@H]3CCOC[C@@H]3N)nnc2C(N)=O)ccc1F,0.2989389,train
CC(C)c1nc(Nc2cc(NCCN)nnc2C(N)=O)ccc1F,0.2255234,train
CC(C)(O)c1ccc(-c2cc(C(N)=O)c(Nc3cccc(CN4CCOCC4)n3)s2)cc1,0.49966845,train
CC(C)(O)COCc1cccc(Nc2sc(-c3c(F)cc(C(C)(C)O)cc3F)cc2C(N)=O)n1,0.06072538,train
NC(=O)c1cc(-c2ccccc2F)sc1Nc1cccc(CN2CCOCC2)n1,0.7919917,train
CCS(=O)(=O)C[C@@H]1C[C@H](N(C)C(C)C)CC[C@@H]1N1CCC(NC(=O)c2cccc(-c3ccccc3)c2)C1=O,0.13009271,test
CC(C)N(C)[C@@H]1CC[C@H](N2CCC(NC(=O)c3cccc(C(C)(C)C)c3)C2=O)[C@H](CS(=O)(=O)C(C)C)C1,0.04928861,train
Fc1nccc2c3cnc(Nc4ccc(N5CCNCC5)cn4)nc3n(C3CCCC3)c12,0.84770703,train
Clc1nccc2c3cnc(Nc4ccc(N5CCNCC5)cn4)nc3n(C3CCCC3)c12,0.79283243,train
C[C@@H](O)CN(C)C1CCN(c2ccc(Nc3ncc4c5ccncc5n([C@H]5CC[C@H](C)CC5)c4n3)nn2)CC1,0.9491537,train
O=C(N1CCc2ncc(C(F)(F)F)cc2C1)[C@@]12CCO[C@@H]1C[C@@H](NC1CCOCC1)C2,0.0035989543,val
O=C(N1CCc2ncc(C(F)(F)F)cc2C1)[C@@]12CCO[C@@H]1C[C@@H](N1CCC(c3ccccc3)CC1)C2,0.03851755,test
O=C(O)c1cccc(C2CCN([C@@H]3C[C@H]4OCC[C@@]4(C(=O)N4COc5ccc(C(F)(F)F)cc5C4)C3)CC2)c1,0.073765635,train
CNC(=O)c1cccc(C2CCN([C@@H]3C[C@H]4OCC[C@@]4(C(=O)N4COc5ccc(C(F)(F)F)cc5C4)C3)CC2)c1,0.22697298,train
N[C@H]1CCCC[C@H]1Nc1cc2[nH]cnc(=O)c2c(Nc2cccc3c(Cl)c[nH]c23)n1,0.06585109,train
N[C@H]1COCC[C@H]1Nc1cc2cc[nH]c(=O)c2c(Nc2cccc3cc[nH]c23)n1,0.033354364,test
Cc1c[nH]c2c(Nc3nc(N[C@@H]4CCCC[C@@H]4N)cc4cc[nH]c(=O)c34)cccc12,0.79857177,test
CC(C)CNCc1ccc(-c2ccccc2S(=O)(=O)N2CCCC2)cc1,0.91874325,val
CC(c1nc(-c2ccc(C#N)cc2)cs1)[C@](O)(Cn1cncn1)c1ccc(F)cc1F,0.0019911162,train
C[C@@H](n1cnc2cc(Cl)ccc2c1=O)[C@](O)(Cn1cncn1)c1ccc(F)cc1F,0.0054441057,train
N#Cc1ccc(-c2ccc(C[C@@H](C#N)NC(=O)C3CCCCN3)cc2)cc1,0.5171795,train
CSc1cc(-c2ccc(C[C@@H](C#N)NC(=O)C3CCCCN3)cc2)ccc1C#N,0.9680075,train
N#Cc1ccc(-c2ccc(C[C@@H](C#N)NC(=O)C3(N)CCCCC3)cc2)cc1,0.6224347,train
N#Cc1ccc(-c2ccc(C[C@@H](C#N)NC(=O)C3(N)CCOCC3)cc2)cc1,0.09657194,train
Cc1cccc(-c2[nH]c(CNc3ccccc3F)nc2-c2ccc3ncnn3c2)n1,0.9123232,val
c1cncc(OC[C@H]2CNCCN2c2nc3ncccc3o2)c1,0.116127215,test
COc1ccc(NC(=O)N2CCNC[C@@H]2COc2cccnc2)cc1,0.036725968,train
C=c1c(NC(=O)CCN2CCN(C)CC2)c(C)[nH]c1=Cc1c(O)[nH]c2ccc(F)cc12,0.1647416,train
Cc1csc(-c2ccc(N)c(NC(=O)c3ccc(N4CCC5(CC4)CNC(=O)O5)nc3)c2)c1,0.8035366,val
Nc1ccc(-c2ccccc2)cc1NC(=O)c1ccc(N2CCC3(CC2)CNC(=O)O3)nc1,0.2612454,train
Nc1ccc(-c2ccc(F)cc2)cc1NC(=O)c1ccc(N2CCC3(CC2)CNC(=O)O3)nc1,0.357371,train
CC(C)OC(=O)N1CCC(C)(CN2CCC3(CC2)CN(S(C)(=O)=O)c2ncccc23)CC1,0.4596293,train
CCOC(=O)N1CCC(CN2CCC3(CC2)CN(S(C)(=O)=O)c2ncccc23)CC1,0.862384,train
CCOC(=O)N1CCC(C)(CN2CCC3(CC2)CN(S(C)(=O)=O)c2ncccc23)CC1,0.37470138,train
COC(=O)N1CCC(C)(CN2CCC3(CC2)CN(S(C)(=O)=O)c2ncccc23)CC1,0.31814796,train
Nc1nc2ccc(NCC(F)(F)F)nc2n1CC(O)c1ccc(Cl)cc1Cl,0.8162899,test
Nc1nc(C2CC2)cn1CC(O)c1ccc(Cl)cc1Cl,0.57886225,train
Nc1nc2ccccc2n1CC(O)c1ccc(Cl)cc1Cl,0.9340436,test
CN1CCN(c2ccc3nc(N)n(CC(O)c4ccc(C(F)(F)F)cc4Cl)c3n2)CC1,0.5229671,val
Nc1nc2ccc(OC3CCOC3)nc2n1CC(O)c1ccc(C(F)(F)F)cc1Cl,0.6293261,test
Nc1nccn1CC(O)c1cccc(Cl)c1Cl,0.04994289,train
Nc1nc(-c2ccc(F)cc2)cn1CC(O)c1ccc(C(F)(F)F)cc1Cl,0.64523107,test
Nc1nccn1CC(O)c1ccc(Cl)cc1F,0.14707975,train
CC1CN(CC(=O)N[C@H]2C3CC4CC2C[C@](C(N)=O)(C4)C3)S(=O)(=O)N(c2c(Cl)cc(Cl)cc2Cl)C1,0.115135565,val
COc1ccc(CC(=O)N2CCC3(CC2)CN([C@@H]2CCc4cc(-c5ncccn5)ccc42)C3)cc1,0.047053687,val
Cc1cc(-c2ccc3c(c2)CC[C@H]3N2CC3(CCN(C(=O)Cc4cn5cc(C)sc5n4)CC3)C2)ncn1,0.19376604,val
O=S(=O)(NCCCCN1CCC(c2noc3cc(F)ccc23)CC1)c1cc2ccccc2s1,0.9940876,train
CS(=O)(=O)c1ccc(-c2nn(-c3ccc(F)cc3)cc2Sc2ccc(Cl)cc2)cc1,0.99991035,train
CC(C)(O)c1cnc(-c2nn(-c3ccc(F)cc3)cc2Sc2ccc(Cl)cc2)cn1,0.99843484,val
CC(C)(O)c1ccc(-c2nc(-c3ccc(F)cc3)oc2Sc2ccc(Cl)cn2)cn1,0.5966458,train
Clc1ccc(Sc2c[nH]nc2-c2ccc3c(c2)OCCO3)cc1,0.9981535,train
CS(=O)(=O)c1ccc(-c2nc(-c3ccc(F)cc3)oc2Sc2ccc(Cl)cn2)cc1,0.9821852,test
Clc1ccc(Sc2cn(-c3cccnc3)nc2-c2ccc(-c3ncon3)cc2)cc1,0.99992204,test
CS(=O)(=O)c1ccc(-c2nc(-c3ccccc3)oc2Sc2ccc(Cl)cc2)cc1,0.99941134,test
Cc1cc(C(=O)N[C@H]2CC[C@@H](NC(=O)c3cc(F)cnc3Oc3cccc(-c4ccc(O)cc4CN4CCOCC4)c3)CC2)nn1C,0.05167685,val
Cc1csc(C(=O)N[C@H]2CC[C@@H](NC(=O)c3cc(F)cnc3Oc3cccc(-c4ccc(CN5C[C@@H](C)N[C@@H](C)C5)cc4CN4CCOCC4)c3)CC2)n1,0.04461615,val
Cc1ccc(O)c(C(=O)N[C@H]2CC[C@@H](NC(=O)c3cc(F)cnc3Oc3cccc(-c4ccc(CN5C[C@@H](C)N[C@@H](C)C5)cc4CN4CCOCC4)c3)CC2)c1,0.17872001,test
Cc1onc(C(=O)N2[C@@H]3CC[C@H]2C[C@@H](Nc2cc(=O)n(C)c4cc(F)c(F)cc24)C3)c1C,0.03504297,test
COc1ccc2ccc(=O)n(CCN3CCC(NCc4ccc5c(n4)NC(=O)CO5)CC3)c2n1,0.06327666,train
Cc1nc(CNC2CCN(CCn3c(=O)ccc4ccc(C#N)cc43)CC2)ccc1C#N,0.47511432,val
Cc1ncc(CNC2CCN(CCn3c(=O)ccc4ccc(C#N)cc43)CC2)cc1C#N,0.14336254,train
Cc1ncc(CNC2CCN(CCn3c(=O)ccc4ncc(F)cc43)CC2)cc1C#N,0.027417287,train
COc1cnc2ccc(=O)n(CCN3CCC(NCc4cnc(C)c(C#N)c4)CC3)c2c1,0.022742655,train
COc1ccc2c(ccc(=O)n2CCN2CCC(NCc3cnc(C)c(C#N)c3)CC2)n1,0.09184627,train
Cc1ncc(CNC2CCN(CCn3c(=O)ccc4c3ccc(=O)n4C)CC2)cc1C#N,0.017947113,train
COc1cc(C#N)c2ccc(=O)n(CCN3CCC(NCc4cnc(C)c(C#N)c4)CC3)c2c1,0.13704355,train
COc1cnc2ccc(=O)n(CCN3CCC(NC(=O)c4cnc(C)c(C#N)c4)CC3)c2c1,0.061142754,test
COc1cnc2ccc(=O)n(CCN3CCC(NCc4cnc(OC)c(C#N)c4)CC3)c2c1,0.020482488,train
COc1cnc2ccc(=O)n(CCN3CCC(NCc4cnc(C)c(C#N)n4)CC3)c2c1,0.0082903905,val
COc1ccc2ncc(=O)n(CCN3CCC(NCc4cnc(C)c(C#N)c4)CC3)c2n1,0.01625271,test
COc1cnc2ccc(=O)n(CCN3CC[C@@H](NCc4cnc(C)c(C#N)c4)[C@@H](F)C3)c2c1,0.008792629,train
COc1ccc2ncc(F)c(CCC34CCC(NCc5ccc6c(n5)NC(=O)CO6)(CC3)CO4)c2n1,0.9761913,train
COc1ccc2ncc(F)c(C[C@H](O)C34CCC(NCc5ccc6c(n5)NC(=O)CO6)(CC3)CO4)c2n1,0.6940676,train
C[C@@H]1Cn2ncc(-c3ccc(S(C)(=O)=O)cc3)c2CN1c1ccnc2[nH]ccc12,0.25491455,train
C[C@@H]1Cn2ncc(C3CCN(S(C)(=O)=O)CC3)c2CN1c1cc(Cl)nc2[nH]ccc12,0.014742419,val
O=C(NCCN1CCC(O)(Cc2ccc(F)cc2)CC1)Nc1ccnc2ccsc12,0.309007,val
COc1ccccc1CCNCC(=O)N1CCc2ccccc2C1C1CCCCC1,0.5182594,train
O=C(CNCCc1c(Cl)cccc1Cl)N1CCc2ccccc2C1C1CCCCC1,0.22311485,train
O=C(CNCC1CCCCC1)N1CCc2ccccc2C1C1CCCCC1,0.22737205,train
O=C(CNCC1(O)CCCCC1)N1CCc2ccccc2C1C1CCCCC1,0.12678303,train
O=C(CNCC1(O)CCCC1)N1CCc2ccccc2C1C1CCCCC1,0.12542829,val
O=C(CNCC1(O)CCCCCC1)N1CCc2ccccc2C1C1CCCCC1,0.14391905,val
O=C(CNCC1(O)CCCCC1)N1CCc2ccccc2[C@@H]1C1CCCCC1,0.12233283,train
O=C(CNCC1(O)CCCCC1)N1CCc2ccccc2[C@H]1C1CCCCC1,0.18540673,train
CN1CCC(CNc2ccn3ncc(-c4cccc(OC(F)(F)F)c4)c3n2)CC1,0.99660814,val
CC(C)(CC(O)(Cc1cc2cc(N3CCOCC3)ncc2[nH]1)C(F)(F)F)c1ccccc1S(C)(=O)=O,0.010825349,test
Cc1ccc(F)cc1C(C)(C)CC(O)(Cc1cc2cc(-c3ccccc3)ncc2[nH]1)C(F)(F)F,0.58674145,test
Fc1cc(C(CC2CNC2)Oc2ccccc2F)ccc1Cl,0.99159557,train
Fc1cccc(OC(CC2CNC2)c2ccc(Cl)c(F)c2)c1,0.9974113,train
CN(C)c1ccc(/C=C/c2c(F)cccc2F)cc1,0.10420286,train
CNc1ccc(C=Cc2c(F)cccc2F)cc1,0.11992286,train
CNc1ccc(C=Cc2c(F)cccc2Cl)cc1,0.15494648,train
CN(C)c1ccc(/C=C/c2c(F)cccc2F)nc1,0.09957741,train
CN(C)c1ccc(/C=C/c2c(F)cccc2Cl)nc1,0.18716879,train
CN(C)c1ccc(/C=C/c2c(F)cccc2F)cn1,0.0819929,train
CN(C)c1ccc(/C=C/c2c(F)cccc2Cl)cn1,0.1709152,train
CNc1ccc(C=Cc2c(F)cccc2Cl)cn1,0.123368934,train
CN(C)c1ncc(/C=C/c2c(F)cccc2F)cn1,0.09445726,train
Cn1cc([C@@]2(c3cncc(C(=O)O)c3)N[C@@H](c3nc(-c4ccc(F)cc4)c[nH]3)Cc3c2[nH]c2ccccc32)cn1,0.055424273,train
Cn1cc([C@@]2(c3cc(C(=O)O)ccn3)N[C@@H](c3nc(-c4ccc(F)cc4)c[nH]3)Cc3c2[nH]c2ccccc32)cn1,0.082640864,train
Cn1cc([C@@]2(c3cccc(C(=O)O)n3)N[C@@H](c3nc(-c4ccc(F)cc4)c[nH]3)Cc3c2[nH]c2ccccc32)cn1,0.11648057,train
CCOC(=O)c1ccc([C@@]2(c3cnn(C)c3)N[C@@H](c3nc(-c4ccc(F)cc4)c[nH]3)Cc3c2[nH]c2ccccc32)nc1,0.99454725,train
CCOC(=O)c1ccc([C@]2(c3cnn(C)c3)N[C@@H](c3nc(-c4ccc(F)cc4)c[nH]3)Cc3c2[nH]c2ccccc32)nc1,0.99130344,train
CCOC(=O)c1cncc([C@@]2(c3cnn(C)c3)N[C@@H](c3nc(-c4ccc(F)cc4)c[nH]3)Cc3c2[nH]c2ccccc32)c1,0.9879038,train
CCOC(=O)c1cncc([C@]2(c3cnn(C)c3)N[C@@H](c3nc(-c4ccc(F)cc4)c[nH]3)Cc3c2[nH]c2ccccc32)c1,0.98702765,train
CCOC(=O)c1ccnc([C@@]2(c3cnn(C)c3)N[C@@H](c3nc(-c4ccc(F)cc4)c[nH]3)Cc3c2[nH]c2ccccc32)c1,0.9905455,train
CCOC(=O)c1ccnc([C@]2(c3cnn(C)c3)N[C@@H](c3nc(-c4ccc(F)cc4)c[nH]3)Cc3c2[nH]c2ccccc32)c1,0.9776628,train
CCOC(=O)c1cccc([C@@]2(c3cnn(C)c3)N[C@@H](c3nc(-c4ccc(F)cc4)c[nH]3)Cc3c2[nH]c2ccccc32)n1,0.9975043,train
CCOC(=O)c1cccc([C@]2(c3cnn(C)c3)N[C@@H](c3nc(-c4ccc(F)cc4)c[nH]3)Cc3c2[nH]c2ccccc32)n1,0.9948118,train
C=c1c(C(=O)NCCN2CCCC2)c(C)[nH]c1=Cc1c(O)[nH]c2cc(NC(=O)NC(=O)c3ccc(OC)cc3F)ccc12,0.29824114,train
CN1Cc2cc(N3CCOCC3)ccc2[C@@H](c2ccc3sccc3c2)C1,0.8885887,test
CCOC[C@@H](CC(C)C)NC(=O)C1CNCC(C(=O)N(c2cc(OCCCOC)c(C(C)C)cc2F)C2CC2)C1,0.9712965,val
CCOC[C@@H](CC(C)C)NC(=O)C1CNCC(C(=O)N(c2ccc(C(C)C)c(OCCCOC)n2)C2CC2)C1,0.99222434,train
CCOC[C@@H](CC(C)C)NC(=O)C1CNCC(C(=O)N(c2ccc(C(C)C)cn2)C2CC2)C1,0.9778822,train
COc1cnc2ccc(=O)n(CCN3CCC(c4c[nH]c5ccc(C#N)cc45)CC3)c2c1,0.8232077,train
COc1cnc2ccc(=O)n(CCN3CCC(c4c[nH]c5cc(C(F)(F)F)ccc45)CC3)c2c1,0.9194162,train
COc1cnc2ccc(=O)n(CCN3CCC(c4c(O)[nH]c5ccc(Cl)cc45)CC3)c2c1,0.8520268,train
COc1cnc2ccc(=O)n(CCN3CCC(c4nc5cc(C(F)(F)F)ccc5[nH]4)CC3)c2c1,0.97696346,train
COc1cnc2ccc(=O)n(CCN3CCN(c4nc5cc(C(F)(F)F)ccc5[nH]4)CC3)c2c1,0.9809653,train
COc1cnc2ccc(=O)n(CCN3CCN(c4nc5ccccc5[nH]4)CC3)c2c1,0.90386856,train
O=c1ccc2ncc(F)cc2n1CCN1CCN(c2nc3cc(C(F)(F)F)ccc3[nH]2)CC1,0.9822006,train
COc1cnc2ccc(=O)n(CCN3CCC(c4nc5cc(Cl)ccc5[nH]4)CC3)c2c1,0.9809554,train
COc1cnc2ccc(=O)n(CCN3CCC(c4nc5cc(C#N)ccc5[nH]4)CC3)c2c1,0.9616841,train
COc1cnc2ccc(=O)n(CCN3CCC(c4nc5cc(Cl)c(F)cc5[nH]4)CC3)c2c1,0.9031821,train
COc1cnc2ccc(=O)n(CCN3CCC(c4nc5cc(C)c(Cl)cc5[nH]4)CC3)c2c1,0.89651823,train
Cc1cc2[nH]c(C3CCN(CCn4c(=O)ccc5ncc(F)cc54)CC3)nc2cc1Cl,0.9036561,train
COc1cnc2ncc(=O)n(CCN3CCC(c4nc5cc(C)c(Cl)cc5[nH]4)CC3)c2c1,0.7384225,test
COc1cnc2ccc(=O)n(CCN3CCC(c4nc5cc(C#N)c(C)cc5[nH]4)CC3)c2c1,0.9608279,train
N#Cc1ccc2[nH]c(C3CCN(CCn4c(=O)ccc5ncc(Oc6cccnc6)cc54)CC3)nc2c1,0.96965516,val
CCNC(=O)N1CC2(CCN(CC3CCN(C(=O)OCC)CC3)CC2)c2cccnc21,0.85726523,train
CCOC(=O)N1CCC(CN2CCC3(CC2)CN(C(=O)N(CC)CC)c2ncccc23)CC1,0.9554815,train
CCOC(=O)N1CCC(CN2CCC3(CC2)CN(C(=O)NC)c2ncccc23)CC1,0.86800385,train
CCOC(=O)N1CCC(CN2CCC3(CC2)CN(C(N)=O)c2ncccc23)CC1,0.8129928,train
Cc1cccc(C(=O)Nc2cccc(NC(=O)c3cccc(C)c3)c2)c1,0.9537574,test
CN1CCN(c2ccc3[nH]c(Nc4ccc(Br)cn4)nc3c2)CC1,0.64872414,train
Cc1ccc(Nc2nc3cc(N4CCN(C)CC4)ccc3[nH]2)nc1,0.11032789,train
CN1CCN(c2cc(Cl)c3[nH]c(Nc4ccc(Br)cn4)nc3c2)CC1,0.8379698,train
CN1CCC(c2ccc3[nH]c(Nc4ccc(C(F)(F)F)cn4)nc3c2)CC1,0.38680404,val
CN1CCN(Cc2ccc3[nH]c(Nc4ccc(C(F)(F)F)cn4)nc3c2)CC1,0.7334713,train
Cc1nc(Nc2nc3cc(N4CCN(C)CC4)ncc3[nH]2)cc(C2CC2)c1F,0.4973077,val
O=c1[nH]c(O)c(Cc2coc3ccc(Cl)cc3c2=O)s1,0.065125614,train
Cc1cc2c(cc1CN(C)C)CCN(C(=O)c1cc3cc(Cl)ccc3n1C)C2,0.6497776,train
CN(C)Cc1ccc2c(c1)CCN(C(=O)c1cc3cc(Br)ncc3n1C)C2,0.0952775,test
CN(C)Cc1ccc2c(c1)CCN(C(=O)c1cc3cc(Cl)ccc3n1C)C2,0.7067918,train
CC(C)COc1ccc2c(c1)[C@]1(COC(=N)N1)c1cc(-c3cncnc3)ccc1O2,0.97542983,train
CC(C)(C)COc1ccc2c(c1)[C@]1(COC(=N)N1)c1cc(-c3cncnc3)ccc1O2,0.8176151,train
CC(C)(C)C#Cc1ccc2c(c1)[C@]1(COC(=N)N1)c1cc(-c3cncnc3)ccc1O2,0.9562179,train
CC(C)(C)CCc1ccc2c(c1)[C@]1(COC(=N)N1)c1cc(-c3cncnc3)ccc1O2,0.99619555,train
CC(C)(O)C#Cc1ccc2c(c1)[C@]1(COC(=N)N1)c1cc(-c3cncnc3)ccc1O2,0.05272655,train
COC(C)(C)C#Cc1ccc2c(c1)[C@]1(COC(=N)N1)c1cc(-c3cncnc3)ccc1O2,0.7018045,train
N=C1N[C@]2(CO1)c1cc(C3=CCOCC3)ccc1Oc1ccc(-c3cncnc3)cc12,0.85771114,val
N=C1N[C@]2(CO1)c1cc(OCC3CCCCC3)ccc1Oc1ccc(-c3cncnc3)cc12,0.99694854,train
CC(C)(F)COc1ccc2c(c1)[C@]1(COC(=N)N1)c1cc(-c3cncnc3)ccc1O2,0.94231176,train
CC(C)(C#N)COc1ccc2c(c1)[C@]1(COC(=N)N1)c1cc(-c3cncnc3)ccc1O2,0.21764627,train
CC(C)(C)COc1ccc2c(c1)[C@]1(COC(=N)N1)c1cc(-c3ccccn3)ccc1O2,0.90562797,val
CC(C)(C)COc1ccc2c(c1)[C@]1(COC(=N)N1)c1cc(-c3ccncc3)ccc1O2,0.82501864,train
CC(C)(C)COc1ccc2c(c1)[C@]1(COC(=N)N1)c1cc(-c3cccnc3)ccc1O2,0.9173771,train
CC(C)(C)COc1ccc2c(c1)[C@]1(COC(=N)N1)c1cc(-c3ccc(F)nc3)ccc1O2,0.9306032,train
CC(C)(C)COc1ccc2c(c1)[C@]1(COC(=N)N1)c1cc(-c3cncc(C#N)c3)ccc1O2,0.97399116,train
CC(C)(C)COc1ccc2c(c1)[C@]1(COC(=N)N1)c1cc(-c3cncc(F)c3)ccc1O2,0.9642794,train
N=C1N[C@@]2(CO1)c1cc(-c3cccnc3F)ccc1Oc1c(F)cc(C3=CCOCC3)cc12,0.96779835,test
N=C1N[C@@]2(CO1)c1cc(-c3cccnc3F)ccc1Oc1c(F)cc(-c3ccccn3)cc12,0.9891874,train
C=CC(=O)Nc1cc(Nc2nccc(-c3cn(C)c4ccccc34)n2)c(OC)cc1N(C)CCN(C)C,0.5986781,train
C=CC(=O)Nc1cc(Nc2nccc(-c3c[nH]c4ccccc34)n2)c(OC)cc1N1CCN(C)CC1,0.275056,test
C=CC(=O)Nc1cc(Nc2ncc(Cl)c(-c3cnn4ccccc34)n2)c(OC)cc1N1CCN(C)CC1,0.5509021,train
C=CC(=O)Nc1cc(Nc2ncc(Cl)c(-c3cnn4ccccc34)n2)c(OC)cc1N1CC[C@@H](N(C)C)C1,0.92781967,train
C=CC(=O)Nc1cc(Nc2ncc(Cl)c(-c3cnn4ccccc34)n2)c(OC)cc1N(C)CCN(C)C,0.8805301,train
C=CC(=O)Nc1cc(Nc2ncc(Cl)c(-c3cnn4ccccc34)n2)c(OC)cc1N1CC(N(C)C)C1,0.6534263,train
C=CC(=O)Nc1cc(Nc2ncc(C#N)c(-c3cn(C)c4ccccc34)n2)c(OC)cc1N(C)CCN(C)C,0.6041874,train
C=CC(=O)Nc1cc(Nc2ncc(Cl)c(-c3cn(C)c4ccccc34)n2)c(OC)cc1N(C)CCN(C)C,0.73485667,train
C=CC(=O)Nc1cc(Nc2ncc(Cl)c(-c3c[nH]c4ccccc34)n2)c(OC)cc1N(C)CCN(C)C,0.74177545,train
C[C@@H]1CN(c2nnc(C(F)(F)F)o2)CCN1c1ncc(OCc2ccc(OS(C)(=O)=O)cc2F)cn1,0.028502889,train
C[C@@H]1CN(c2nnc(C(F)(F)F)o2)CCN1c1ncc(OCc2ccc(-n3cnnn3)cc2F)cn1,0.10842051,train
C[C@@H]1CN(c2nnc(C(F)(F)F)o2)CCN1c1ncc(OCc2ccc(C#N)cc2F)cn1,0.5955083,train
C[C@@H]1CN(c2nnc(C(F)(F)F)o2)CCN1c1ncc(OCc2ccc(S(C)(=O)=O)cc2)cn1,0.5080291,train
C[C@@H]1CN(c2nnc(C(F)(F)F)o2)CCN1c1ncc(OCc2ccc(C#N)cc2C#N)cn1,0.8069322,train
C[C@@H]1CN(c2nnc(C(F)(F)F)o2)CCN1c1ncc(OCc2ccc(S(C)(=O)=O)cc2C#N)cn1,0.6227271,train
C[C@@H]1CN(c2nnc(C(F)(F)F)o2)CCN1c1ncc(OCc2ccc(S(C)(=O)=O)cc2F)cn1,0.30056465,train
C[C@@H]1CN(c2nc(C(F)(F)F)no2)CCN1c1ncc(OCc2ccc(S(C)(=O)=O)cc2F)cn1,0.65586287,train
C[C@@H]1CN(c2nc(C(F)(F)F)no2)CCN1c1ncc(OCc2ccc(C[S+](C)[O-])cc2F)cn1,0.035366066,train
C[C@@H]1CN(C(=O)OC2(C(F)(F)F)COC2)CCN1c1ncc(OCc2ccc(S(C)(=O)=O)cc2F)cn1,0.013646563,test
CC(C)c1noc(N2CCN(c3ncc(OCc4ccc(S(C)(=O)=O)cc4F)cn3)[C@H](C)C2)n1,0.74973696,train
C=CC(=O)Nc1cc(Nc2ncc(C)c(-c3cn(C)c4ccccc34)n2)c(OC)cc1N(C)CCN(C)C,0.35753763,train
C=CC(=O)Nc1cc(Nc2nccc(-c3c[nH]c4ccccc34)n2)c(OC)cc1N(C)CCN(C)C,0.6897559,train
O=C(NC[C@@H]1OC(=O)N2c3ccc(N4CCOCC4=O)cc3OC[C@@H]12)c1ccc(Cl)s1,0.09163482,test
O=C(NCCCCN1CCN(c2ccccc2)CC1)c1ccc2ncccc2c1,0.41456664,test
COc1ccc(-n2cnc3c(-c4ccccc4)csc3c2=O)cc1,0.61052924,train
COc1ccc(-n2cnc3c(-c4ccccc4C)csc3c2=O)cc1,0.5438993,train
C#CCNc1ccnc2sc3c(=O)n(-c4ccc(OC)cc4)cnc3c12,0.56726253,test
O=C(O)C1CCC(OC2CCN(c3ccc(-c4nc5cc(F)ccc5[nH]4)cn3)CC2)CC1,0.67461765,train
O=C(O)C1CCC(OC2CCN(c3ccc(-c4nc5cc(Cl)ccc5[nH]4)cn3)CC2)CC1,0.7749048,train
O=C(O)C1CCC(OC2CCN(c3ccc(-c4nc5cc(C(F)(F)F)ccc5[nH]4)cn3)CC2)CC1,0.8116867,train
OC(c1ccccc1)(c1ccccc1)C1CCN(Cc2ccc(-c3ccccc3)cc2)CC1,0.9888475,val
OC(c1ccccc1)(c1ccccc1)C1CCN(CCCOc2ccc(-c3ccccc3)cc2)CC1,0.99459416,train
N#C[C@@H]1C[C@H](F)CN1C(=O)C[C@H](N)Cc1cc(F)c(F)cc1F,0.017492546,train
N#C[C@@H]1C[C@@H]2CCC[C@@H]2N1C(=O)C[C@H](N)Cc1cc(F)c(F)cc1F,0.045805007,val
CC(C)(C)C#Cc1cnc2c(c1)[C@]1(COC(=N)N1)c1cc(-c3cccnc3F)ccc1O2,0.8990207,train
N#Cc1ccc(-c2cnc3c(c2)[C@]2(COC(=N)N2)c2cc(-c4cccnc4F)ccc2O3)cc1,0.99842393,train
Cc1ccc(-c2cnc3c(c2)[C@]2(COC(=N)N2)c2cc(-c4cccnc4F)ccc2O3)cc1,0.9962095,train
COC(C)(C)COc1cnc2c(c1)[C@]1(COC(=N)N1)c1cc(-c3cccnc3F)ccc1O2,0.7004952,train
CC(C)(C)COc1ccc2c(c1)[C@]1(COC(=N)N1)c1cc(-c3cncnc3)cnc1O2,0.78209436,train
CC(C)(C)COc1cnc2c(c1)[C@]1(COC(=N)N1)c1cc(-c3cccnc3F)ccc1O2,0.86585605,train
O=C(OCC1CCN(CC(O)CO)CC1)c1c2n(c3ccccc13)CCCO2,0.1158544,train
CC(C(=O)O)c1ccc(CN2CCC(COC(=O)c3c4n(c5ccccc35)CCCO4)CC2)cc1,0.06654805,train
Clc1ccc(CN(C2CC2)C2CNC2)cc1Cl,0.9257825,val
Clc1cccc(CN(CC2CNC2)c2ccccc2)c1Cl,0.90181786,val
CC(C)N(Cc1ccc(Cl)c(Cl)c1)CC1CNC1,0.982381,train
CS(=O)(=O)c1ccc(-n2cc(Cl)c(OC3CCN(c4ncc(Cl)cn4)CC3)cc2=O)c(F)c1,0.95823514,train
O=C1NC(=O)/C(=C\c2ccccc2OCc2nnc(-c3ccccc3)o2)S1,0.0041778674,val
O=C1NC(=O)/C(=C\c2ccccc2OCc2nnc(OCc3c(Cl)cccc3Cl)o2)S1,0.005376241,test
C[S+]([O-])c1ccc(-c2cnc3ccc(-c4cccc(S(C)(=O)=O)c4)nn23)cc1,0.25984368,train
C[S+]([O-])c1ccc(-c2cnc3ccc(-c4cccc([S+](C)[O-])c4)nn23)cc1,0.13197596,train
C[S+]([O-])c1ccc(-c2cnc3ccc(-c4cccc(S(=O)(=O)C5CC5)c4)nn23)cc1,0.54951096,train
CS(=O)(=O)c1ccc(-c2cnc3ccc(-c4cccc(S(=O)(=O)C5CC5)c4)nn23)cc1,0.88902795,train
C[S+]([O-])c1cccc(-c2ccc3ncc(-c4ccc(S(C)(=O)=O)cc4)n3n2)c1,0.4965705,train
Cc1nn(C)c(C)c1N(C(F)F)S(=O)(=O)c1c(Cl)cc(CCCC2CCN(C)CC2)cc1Cl,0.81459343,val
O=C(NOCCO)c1ccc2cncn2c1Nc1ccc(I)cc1F,0.8213308,test
O=C(NOCCO)c1ccn2cncc2c1Nc1ccc(I)cc1F,0.6171238,train
O=C(NOCCO)c1ncc2cncn2c1Nc1ccc(I)cc1F,0.67792,train
C[C@H](O)CONC(=O)c1ncc2cncn2c1Nc1ccc(I)cc1F,0.33100122,train
C[C@H](CO)CONC(=O)c1ncc2cncn2c1Nc1ccc(I)cc1F,0.5249024,train
CC(C)[C@H](CC(=O)C1Cc2ccc(O)cc2CN1)CN1CC[C@@](C)(c2cccc(O)c2)[C@@H](C)C1,0.9926112,train
CC(C)[C@H](CC(=O)C1Cc2ccc(O)cc2CN1)CN1CC[C@@](C)(c2ccccc2)[C@@H](C)C1,0.9979656,train
CC(C)[C@H](CC(=O)C1Cc2ccc(O)cc2CN1)CN1CC[C@@](C)(c2cccc(F)c2)[C@@H](C)C1,0.9987207,train
Cc1nc(-c2ccccc2)nc(OCCCN2CCCCC2)c1Cl,0.98340976,train
Cc1nc(-c2ccccc2)nc(OCCCN2CCCC2)c1Cl,0.98244345,val
Cc1ccc(-c2nc(C)c(Cl)c(OCCCN3CCCCC3)n2)cc1,0.9869552,train
Cc1nc(-c2ccc(C(F)(F)F)cc2)nc(OCCCN2CCCCC2)c1Cl,0.99685436,train
Cc1nc(-c2ccc(F)cc2)nc(OCCCN2CCCCC2)c1Cl,0.99040437,train
Cc1nc(-c2ccc(F)c(F)c2)nc(OCCCN2CCCCC2)c1Cl,0.9861498,train
Cc1nc(-c2ccc(Cl)cc2)nc(OCCCN2CCCCC2)c1Cl,0.9947785,train
CC(C)n1ncc2c1C(=O)CC1(CCN(C(=O)c3cnc4cc[nH]c4c3)CC1)C2,0.008254612,test
CC(C)n1ncc2c1C(=O)CC1(CCN(C(=O)c3ccc4[nH]ncc4c3)CC1)C2,0.007827442,train
CC(C)(C)n1ncc2c1C(=O)CC1(CCN(C(=O)c3ccc4[nH]ncc4c3)CC1)C2,0.012532829,train
CC(C)(C)n1cc2c(n1)C(=O)CC1(CCN(C(=O)c3ccc4[nH]ncc4c3)CC1)O2,0.016621253,val
Fc1cccc(F)c1-c1ccc2[nH]nc(-c3cncc(O[C@H]4CNCCC45CC5)n3)c2c1,0.97167057,train
Fc1cccnc1-c1ccc2[nH]nc(-c3cncc(O[C@H]4CNCCC45CC5)n3)c2c1,0.9287989,test
Oc1ccc(-c2ccc3[nH]nc(-c4cncc(O[C@H]5CNCCC56CC6)n4)c3c2)c(F)c1,0.95421284,train
NC(=O)c1ccc(-c2ccc3[nH]nc(-c4cncc(O[C@H]5CNCCC56CC6)n4)c3c2)c(F)c1,0.8290921,train
CS(=O)(=O)c1ccc(-c2ccc3[nH]nc(-c4cncc(O[C@H]5CNCCC56CC6)n4)c3c2)c(F)c1,0.96256757,train
CS(=O)(=O)Nc1ccc(-c2ccc3[nH]nc(-c4cncc(O[C@H]5CNCCC56CC6)n4)c3c2)c(F)c1,0.9921123,train
COC(=O)NC(C(=O)N1C[C@@H](C)C[C@H]1c1nc(-c2ccc(-c3ccc(-c4cc5[nH]c([C@@H]6C[C@H](C)CN6C(=O)C(NC(=O)OC)C(C)C)nc5s4)s3)cc2)c[nH]1)C(C)C,0.99862015,test
N=C1N[C@@]2(CO1)c1cc(-c3cccnc3F)ccc1Oc1cnc(N3CC[C@@H](F)C3)cc12,0.9595735,train
COc1ccc(CC(=O)N2CCC3(CC2)CN([C@@H]2CCc4cc(-c5cc(C)ncn5)ccc42)C3)c(C(N)=O)c1,0.036058325,train
N=C1N[C@@]2(CO1)c1cc(-c3cccnc3F)ccc1Oc1c2cc(N2CCC(F)(F)CC2)nc1F,0.98961955,train
N=C1N[C@@]2(CO1)c1cc(-c3cccnc3F)ccc1Oc1c2cc(N2CCC(F)(F)C2)nc1F,0.98139405,train
COc1cc([C@H]2CCN(CCO)C[C@@H]2O)ccc1Nc1ncc2ccc(-c3ccccc3OC)n2n1,0.9113316,test
Cc1c(-c2ccc(F)cc2F)noc1-c1ccc2c(c1)CN(C(C)C)C2=O,0.48822233,test
CC(C)N1Cc2cc(-c3cc(-c4ccc(Cl)nc4)no3)ccc2C1=O,0.17984213,train
COc1ccc(-c2cc(-c3ccc4c(c3)CN(C(C)C)C4=O)on2)cn1,0.1464571,train
CC(C)[C@]1(C)CC(=O)N(Cc2cc(F)cc(C(=O)N[C@@H](C)c3ccccc3)c2)C(N)=N1,0.08848797,test
c1ccc(C2CC3(N4CCCC4)CNCC2C(c2ccccc2)C3)cc1,0.9978143,test
COCCCOc1cc(C(=O)N(C[C@@H]2CNC[C@H]2OC(=O)NCc2ccccc2)C(C)C)ccc1OC,0.007849028,train
O=C1COc2ccc(CNC34CCC(CC5Cn6c(=O)ccc7ncc(F)c5c76)(CC3)OC4)nc2N1,0.048075523,train
O=C1COc2ccc(CNC34CCC(CC5(F)Cn6c(=O)ccc7ncc(F)c5c76)(CC3)OC4)nc2N1,0.022133028,train
CO[C@@]1(CC23CCC(NCc4ccc5c(n4)NC(=O)CO5)(CC2)CO3)Cn2c(=O)ccc3ncc(F)c1c32,0.40800223,train
CO[C@]1(CC23CCC(NCc4ccc5c(n4)NC(=O)CO5)(CC2)CO3)Cn2c(=O)ccc3ncc(F)c1c32,0.02712791,train
O=C1COc2ccc(CNC34CCC(C[C@]5(O)Cn6c(=O)ccc7ncc(Cl)c5c76)(CC3)OC4)nc2N1,0.020996591,train
NC(=O)c1ccccc1OCCCN1CCN(c2cccc3c2ccn3S(=O)(=O)c2ccccc2)CC1,0.9954863,val
CNC(=O)[C@@]12C[C@@H]1[C@@H](n1cnc3c(NC)nc(C#Cc4ccc(F)c(F)c4)nc31)[C@H](O)[C@@H]2O,0.0010334,test
CNC(=O)[C@@]12C[C@@H]1[C@@H](n1cnc3c(NC)nc(C#Cc4cccs4)nc31)[C@H](O)[C@@H]2O,0.0012486725,train
N#Cc1c(-c2ccccc2)cc(-c2ccccc2)nc1NC(=S)Nc1ccccc1,0.9748013,val
N#Cc1c(-c2ccccc2)cc(-c2ccccc2)nc1/N=c1\sc(-c2ccccc2)nn1-c1ccccc1,0.99399865,train
CC(=O)c1nn(-c2ccccc2)/c(=N/c2nc(-c3ccccc3)cc(-c3ccccc3)c2C#N)s1,0.009607691,train
CC(=O)c1nn(-c2ccc(C)cc2)/c(=N/c2nc(-c3ccccc3)cc(-c3ccccc3)c2C#N)s1,0.012584665,train
COc1ccc(-n2nc(C(C)=O)s/c2=N\c2nc(-c3ccccc3)cc(-c3ccccc3)c2C#N)cc1,0.0072216885,train
CC(=O)c1nn(-c2ccc(Cl)cc2)/c(=N/c2nc(-c3ccccc3)cc(-c3ccccc3)c2C#N)s1,0.035979915,train
CCOC(=O)c1nn(-c2ccccc2)/c(=N/c2nc(-c3ccccc3)cc(-c3ccccc3)c2C#N)s1,0.22060078,train
CCOC(=O)c1nn(-c2ccc(C)cc2)/c(=N/c2nc(-c3ccccc3)cc(-c3ccccc3)c2C#N)s1,0.31359673,train
CCOC(=O)c1nn(-c2ccc(Cl)cc2)/c(=N/c2nc(-c3ccccc3)cc(-c3ccccc3)c2C#N)s1,0.68987954,train
N#Cc1c(-c2ccccc2)cc(-c2ccccc2)nc1/N=c1\sc(C(=O)Nc2ccccc2)nn1-c1ccccc1,0.056560464,val
N#Cc1c(-c2ccccc2)cc(-c2ccccc2)nc1/N=c1\scc(O)n1-c1ccccc1,0.21980189,test
N#Cc1c(-c2ccccc2)cc(-c2ccccc2)nc1/N=c1\scc(-c2ccccc2)n1-c1ccccc1,0.9937065,val
N#Cc1c(-c2ccccc2)cc(-c2ccccc2)nc1/N=C1\S/C(=C2\SC(c3ccccc3)=NN2c2ccccc2)C(=O)N1c1ccccc1,0.999889,test
CC(=O)C1=NN(c2ccccc2)/C(=C2/S/C(=N\c3nc(-c4ccccc4)cc(-c4ccccc4)c3C#N)N(c3ccccc3)C2=O)S1,0.93423605,train
CCOC(=O)C1=NN(c2ccccc2)/C(=C2/S/C(=N\c3nc(-c4ccccc4)cc(-c4ccccc4)c3C#N)N(c3ccccc3)C2=O)S1,0.9992267,train
N#Cc1c(-c2ccccc2)cc(-c2ccccc2)nc1/N=C1\S/C(=C2\SC(C(=O)Nc3ccccc3)=NN2c2ccccc2)C(=O)N1c1ccccc1,0.9921903,val
CNC(=O)[C@@]12C[C@@H]1[C@@H](n1cnc3c(NC)nc(C#Cc4ccc(Cl)s4)nc31)[C@H](O)[C@@H]2O,0.0020286061,train
CNC(=O)[C@@]12C[C@@H]1[C@@H](n1cnc3c(NCc4cccc(Cl)c4)nc(C#Cc4ccc(F)c(F)c4)nc31)[C@H](O)[C@@H]2O,0.0014578875,val
Cc1nc(C#Cc2ccnc(Cl)c2)c(C)n1-c1ccc(F)cc1,0.45303902,train
Cc1nc(C#Cc2ccnc(Cl)c2)c(C)n1-c1ccc(OC(F)(F)F)cc1,0.8830445,train
CCOc1nc(NC(=O)C2(NC(=O)c3ccc4c(C5CCCC5)c(-c5ccc(F)cn5)n(C)c4c3)CCC2)ccc1C=CC(=O)O,0.1811316,val
CCOc1nc(NC(=O)C2(NC(=O)c3ccc4c(c3)c(C)c(-c3ccc(F)cn3)n4C3CCCCC3)CCC2)ccc1C=CC(=O)O,0.30030203,train
C[C@H](c1cc(C(=O)N(C)C)cc2c(=O)cc(N3CCOCC3)oc12)N(C)c1cc(F)cc(F)c1,0.1441809,val
O=c1cc(-c2ccnc(NC3CCOCC3)n2)ccn1[C@H](CO)c1ccc(Cl)c(F)c1,0.024263492,train
Clc1ccc(-n2cc(NCCN3CCCCC3)nn2)cc1Cl,0.94440603,train
Clc1ccc(-n2cc(NCCN3CCCCC3)nn2)c(Cl)c1,0.9775655,train
Clc1ccc(-n2cc(NCCN3CCCCC3)nn2)cc1,0.96706647,train
Fc1cccc(-n2cc(NCCN3CCCCC3)nn2)c1,0.9376325,train
Fc1ccc(-n2cc(NCCN3CCCCC3)nn2)cc1F,0.8925312,train
Clc1ccc(Cn2cc(NCCN3CCCCC3)nn2)cc1Cl,0.9888708,train
Clc1ccc(Cn2cc(NCCN3CCCCCC3)nn2)cc1Cl,0.9885513,test
C[C@@H]1CCC[C@H](C)N1CCNc1cn(Cc2ccc(F)cc2)nn1,0.99658316,train
COc1cccc2[nH]c(-c3nc(N[C@@H]4CCOC[C@@H]4N)cnc3C(N)=O)cc12,0.06717529,train
Cc1cc(Nc2cc(N[C@@H]3CCCC[C@@H]3N)cnc2C(N)=O)nc(-n2nccn2)n1,0.9782785,test
Cc1nc(Nc2cc(N[C@@H]3CCCC[C@@H]3N)cnc2C(N)=O)cc(OCC(C)(C)O)n1,0.054027908,val
Cc1cc(C(C)(C)O)cc(Nc2cc(N[C@@H]3CCCC[C@@H]3N)cnc2C(N)=O)n1,0.470908,train
Cc1cc(CC(C)(C)O)cc(Nc2cc(N[C@@H]3CCCC[C@@H]3N)cnc2C(N)=O)n1,0.64480156,train
Cc1cc(Nc2cc(N[C@@H]3CCCC[C@@H]3N)cnc2C(N)=O)nc(C)c1-c1cnn(C)c1,0.45649183,train
COc1cc(C)nc(Nc2cc(N[C@@H]3CCCC[C@@H]3N)cnc2C(N)=O)c1,0.90748924,train
NC(=O)c1ncc(N[C@@H]2CCCC[C@@H]2N)cc1Nc1cccc(C(F)(F)F)n1,0.96007806,train
Cc1cc(C)nc(Nc2cc(NC[C@@H](N)CCS(C)(=O)=O)cnc2C(N)=O)c1,0.1670991,train
Cc1cc(C)nc(Nc2cc(N[C@@H]3CS(=O)(=O)CC[C@@H]3N)cnc2C(N)=O)c1,0.07943869,train
COC[C@H](N)CNc1cnc(C(N)=O)c(Nc2cc(C)cc(C)n2)c1,0.8721208,train
Cc1cc(C)nc(Nc2cc(NCC3(N)CC3)cnc2C(N)=O)c1,0.84725165,train
Cc1cc(C)nc(Nc2cc(NC[C@@H](N)CC(F)F)cnc2C(N)=O)c1,0.90436554,train
Cc1cc(C)nc(Nc2cc(N[C@@H]3CCCC[C@@H]3N)cnc2C(N)=O)c1,0.9415718,train
Cc1cc(C)nc(Nc2cc(NC[C@@H](N)C(F)(F)F)cnc2C(N)=O)c1,0.12219632,train
C[C@H](COc1ccc(C2=NNC(=O)C3CC23)cc1)CN1CCC[C@H]1C,0.4341997,train
NC(=O)c1nnc(N[C@@H]2CCCC[C@@H]2N)nc1Nc1cccc2[nH]ccc12,0.4159071,train
NC(=O)c1nnc(N[C@@H]2CCCC[C@@H]2N)nc1Nc1cccc2cc[nH]c12,0.2859334,test
NC(=O)c1nnc(N[C@@H]2CCCC[C@@H]2N)nc1Nc1cccc(-n2nccn2)c1,0.95001763,test
NC(=O)c1ncc(N[C@@H]2CCCC[C@@H]2N)nc1Nc1cccc2cc[nH]c12,0.47649908,val
NC(=O)c1ncc(N[C@@H]2CCCC[C@@H]2N)nc1Nc1cccc(-n2nccn2)c1,0.96196944,test
NC(=O)c1ccc(N[C@@H]2CCCC[C@@H]2N)nc1Nc1cccc(-n2nccn2)c1,0.9920804,train
NC[C@H]1C[C@@H]1c1cc(Cl)ccc1OCCF,0.67099833,train
C=C(F)COc1ccc(Cl)cc1[C@H]1C[C@@H]1CN,0.95541644,train
C=CCOc1ccc(Cl)cc1[C@H]1C[C@@H]1CN,0.94565684,train
COc1ccc(Oc2ccc(S(=O)(=O)C3(C(O)=NO)CCC4(CCNCC4)C3)cc2)cc1,0.027059244,train
O=S(=O)(c1ccc(Oc2ccc(OC(F)(F)F)cc2)cc1)C1(C(O)=NO)CCC2(CCNCC2)C1,0.0580788,train
O=S(=O)(c1ccc(OCc2ccc(OC(F)(F)F)cc2)cc1)C1(C(O)=NO)CCC2(CCNCC2)C1,0.037237473,train
COc1ccc(C(=O)Oc2ccc(S(=O)(=O)C3(C(O)=NO)CCC4(CCNCC4)C3)cc2)cc1,0.02487949,test
Cc1cccc(-c2nnc3n2CCN(C(=O)c2ccc(-c4cccs4)cc2)[C@@H]3C)n1,0.36037776,train
Cc1cncc(-c2nnc3n2CCN(C(=O)c2ccc(-c4cccs4)cc2)[C@@H]3C)n1,0.0958336,test
C[C@@H]1c2nnc(-c3csc(-c4ccc(F)cc4F)n3)n2CCN1C(=O)c1ccc(-c2cccs2)cc1,0.9833229,test
Cc1nc(-c2nnc3n2CCN(C(=O)c2ccc(-c4cccs4)cc2)[C@@H]3C)cs1,0.04225886,train
Cc1nc(-c2nnc3n2CCN(C(=O)c2ccc(-c4cccs4)cc2)C3)cs1,0.024495408,train
CC(C)c1nc(-c2nnc3n2CCN(C(=O)c2ccc(-c4cccs4)cc2)[C@@H]3C)co1,0.49917096,train
Cc1csc(-c2nnc3n2CCN(C(=O)c2ccc(-c4cccs4)cc2)[C@@H]3C)n1,0.105097145,train
Cc1noc(-c2nnc3n2CCN(C(=O)c2ccc(-c4cccs4)cc2)[C@@H]3C)n1,0.47065637,train
Cc1nsc(-c2nnc3n2CCN(C(=O)c2ccc(-c4cccs4)cc2)[C@@H]3C)n1,0.13053662,train
COc1ccc2ncc(Cl)c(CCC34CCC(NCc5ccc6c(n5)NC(=O)CO6)(CC3)CO4)c2n1,0.98716855,train
COc1ccc2nccc(CCC34CCC(NCc5ccc6c(n5)NC(=O)CO6)(CC3)CO4)c2n1,0.9806136,train
COc1ccc2ncc(C#N)c(CCC34CCC(NCc5ccc6c(n5)NC(=O)CO6)(CC3)CO4)c2n1,0.98997223,train
COc1ccc2ncc(C(F)(F)F)c(CCC34CCC(NCc5ccc6c(n5)NC(=O)CO6)(CC3)CO4)c2n1,0.9925035,train
COc1ccc2ncc(C(F)F)c(CCC34CCC(NCc5ccc6c(n5)NC(=O)CO6)(CC3)CO4)c2n1,0.98912454,train
COc1ccc2ncc(C)c(CCC34CCC(NCc5ccc6c(n5)NC(=O)CO6)(CC3)CO4)c2n1,0.9714579,train
COc1ccc2ncc(CO)c(CCC34CCC(NCc5ccc6c(n5)NC(=O)CO6)(CC3)CO4)c2n1,0.5582844,train
COc1ccc2ncc(S(C)(=O)=O)c(CCC34CCC(NCc5ccc6c(n5)NC(=O)CO6)(CC3)CO4)c2n1,0.8949558,train
COc1ccc2ncc(OC)c(CCC34CCC(NCc5ccc6c(n5)NC(=O)CO6)(CC3)CO4)c2n1,0.96080226,train
COc1ccc2ncc(O)c(CCC34CCC(NCc5ccc6c(n5)NC(=O)CO6)(CC3)CO4)c2n1,0.66717076,train
O=C1COc2ccc(CNC34CCC(CCc5c(F)cnc6ccc(=O)[nH]c56)(CC3)OC4)nc2N1,0.43237466,train
COC(=O)c1ccc2ncc(F)c(CCC34CCC(NCc5ccc6c(n5)NC(=O)CO6)(CC3)CO4)c2n1,0.95441985,train
N#Cc1ccc2ncc(F)c(CCC34CCC(NCc5ccc6c(n5)NC(=O)CO6)(CC3)CO4)c2n1,0.8673565,train
Nc1ccc2ncc(F)c(CCC34CCC(NCc5ccc6c(n5)NC(=O)CO6)(CC3)CO4)c2n1,0.9244177,train
CN(C)c1ccc2ncc(F)c(CCC34CCC(NCc5ccc6c(n5)NC(=O)CO6)(CC3)CO4)c2n1,0.94095796,train
O=C1COc2ccc(CNC34CCC(CCc5c(F)cnc6ccc(N7CCOCC7)nc56)(CC3)OC4)nc2N1,0.8355945,train
COc1cc2ncc(F)c(CCC34CCC(NCc5ccc6c(n5)NC(=O)CO6)(CC3)CO4)c2nc1OC,0.9678375,train
COc1nc2c(CCC34CCC(NCc5ccc6c(n5)NC(=O)CO6)(CC3)CO4)c(F)cnc2cc1F,0.960807,train
COc1cc(C)c2ncc(F)c(CCC34CCC(NCc5ccc6c(n5)NC(=O)CO6)(CC3)CO4)c2n1,0.97924083,train
CCOc1cc(C)c2ncc(F)c(CCC34CCC(NCc5ccc6c(n5)NC(=O)CO6)(CC3)CO4)c2n1,0.9698943,train
COc1nc2c(CCC34CCC(NCc5ccc6c(n5)NC(=O)CO6)(CC3)CO4)c(F)cnc2cc1C(F)(F)F,0.98674625,train
Cc1cc(S(C)(=O)=O)nc2c(CCC34CCC(NCc5ccc6c(n5)NC(=O)CO6)(CC3)CO4)c(F)cnc12,0.5997282,train
O=C1COc2ccc(CNC34CCC(CCc5c(F)cnc6cc(C(F)(F)F)cnc56)(CC3)OC4)nc2N1,0.9229054,train
CN(C)c1cnc2c(CCC34CCC(NCc5ccc6c(n5)NC(=O)CO6)(CC3)CO4)c(F)cnc2c1,0.8383797,train
O=C1COc2ccc(CNC34CCC(CCc5c(F)cnc6cc(Cl)cnc56)(CC3)OC4)nc2N1,0.97505945,train
N#Cc1ccc2ncc(C#N)c(CCC34CCC(NCc5ccc6c(n5)NC(=O)CO6)(CC3)CO4)c2n1,0.95640475,train
COc1nc2c(CCC34CCC(NCc5ccc6c(n5)NC(=O)CO6)(CC3)CO4)ccnc2cc1Cl,0.9817669,train
COc1cc2nccc(CCC34CCC(NCc5ccc6c(n5)NC(=O)CO6)(CC3)CO4)c2nc1OC,0.97480905,train
COc1nc2c(CCC34CCC(NCc5ccc6c(n5)NC(=O)CO6)(CC3)CO4)ccnc2cc1F,0.9716412,train
COc1nc2c(CCC34CCC(NCc5ccc6c(n5)NC(=O)CO6)(CC3)CO4)ccnc2cc1C#N,0.97860307,train
COc1cc(C)c2nccc(CCC34CCC(NCc5ccc6c(n5)NC(=O)CO6)(CC3)CO4)c2n1,0.98426557,train
COc1cc(OC)c2nccc(CCC34CCC(NCc5ccc6c(n5)NC(=O)CO6)(CC3)CO4)c2n1,0.9858187,train
COc1cc(CCC23CCC(NCc4ccc5c(n4)NC(=O)CO5)(CC2)CO3)c2nc(OC)ccc2n1,0.9938595,train
Cc1nc2c(CCC34CCC(NCc5ccc6c(n5)NC(=O)CO6)(CC3)CO4)ccnc2cc1C#N,0.92069787,train
COc1cc2nccc(CCC34CCC(NCc5ccc6c(n5)NC(=O)CO6)(CC3)CO4)c2nc1C#N,0.79306734,train
COc1cc2nccc(CCC34CCC(NCc5ccc6c(n5)NC(=O)CO6)(CC3)CO4)c2nc1C(=O)O,0.3137065,train
Cc1cc(C#N)nc2c(CCC34CCC(NCc5ccc6c(n5)NC(=O)CO6)(CC3)CO4)ccnc12,0.9478661,train
Cc1cc(S(C)(=O)=O)nc2c(CCC34CCC(NCc5ccc6c(n5)NC(=O)CO6)(CC3)CO4)ccnc12,0.73696053,train
CN(C)c1nc2c(CCC34CCC(NCc5ccc6c(n5)NC(=O)CO6)(CC3)CO4)ccnc2cc1C(F)(F)F,0.9792332,train
CN(C)c1nc2c(CCC34CCC(NCc5ccc6c(n5)NC(=O)CO6)(CC3)CO4)ccnc2cc1F,0.9608489,train
O=C1COc2ccc(CNC34CCC(CCc5ccnc6ccc(C(F)(F)F)nc56)(CC3)OC4)nc2N1,0.95901066,train
O=C1COc2ccc(CNC34CCC(CCc5ccnc6cc(C(F)(F)F)cnc56)(CC3)OC4)nc2N1,0.91637665,train
COc1cnc2c(CCC34CCC(NCc5ccc6c(n5)NC(=O)CO6)(CC3)CO4)ccnc2c1,0.89955217,train
O=C1COc2ccc(CNC34CCC(CCc5ccnc6cc(Cl)cnc56)(CC3)OC4)nc2N1,0.9750762,train
O=C1COc2ccc(CNC34CCC(CCc5ccnc6cc(F)cnc56)(CC3)OC4)nc2N1,0.9239946,train
CCOC(=O)c1c(OC)cnc2c(CCC34CCC(NCc5ccc6c(n5)NC(=O)CO6)(CC3)CO4)ccnc12,0.9469306,train
COc1ccc2ncc(C#N)c(CC(O)C34CCC(NCc5ccc6c(n5)NC(=O)CO6)(CC3)CO4)c2n1,0.85855424,train
N=C1N[C@@]2(c3ccc(F)cc3F)CO[C@@H](c3ncco3)C[C@H]2CS1,0.4310482,train
Cc1coc([C@H]2C[C@H]3CSC(=N)N[C@@]3(c3ccc(F)cc3F)CO2)n1,0.716387,train
Cc1cc([C@H]2C[C@H]3CSC(=N)N[C@@]3(c3ccc(F)cc3F)CO2)on1,0.77652574,train
Cn1cc([C@H]2C[C@H]3CSC(=N)N[C@@]3(c3ccc(F)cc3F)CO2)cn1,0.4187603,train
Cc1coc([C@H]2C[C@H]3[C@@H](C)SC(=N)N[C@@]3(c3ccc(F)cc3F)CO2)n1,0.8873637,train
Cc1cc([C@H]2C[C@H]3[C@@H](C)SC(=N)N[C@@]3(c3ccc(F)cc3F)CO2)on1,0.9130045,train
C[C@H]1SC(=N)N[C@@]2(c3ccc(F)cc3F)CO[C@@H](c3cnn(C)c3)C[C@@H]12,0.68802327,train
Cc1coc([C@H]2C[C@H]3[C@@H](CF)SC(=N)N[C@@]3(c3ccc(F)cc3F)CO2)n1,0.21843109,train
Cc1cc([C@H]2C[C@H]3[C@@H](CF)SC(=N)N[C@@]3(c3ccc(F)cc3F)CO2)on1,0.28086847,train
Cn1cc([C@H]2C[C@H]3[C@@H](CF)SC(=N)N[C@@]3(c3ccc(F)cc3F)CO2)cn1,0.082123235,train
O=C1COc2cc(Cl)c(CNC34CCC(C[C@]5(O)Cn6c(=O)ccc7ncc(F)c5c76)(CC3)OC4)nc2N1,0.017038047,train
O=C1COc2cnc(CNC34CCC(C[C@]5(O)Cn6c(=O)ccc7ncc(F)c5c76)(CC3)OC4)cc2N1,0.014849063,val
O=c1ccc2ncc(F)c3c2n1C[C@@]3(O)CC12CCC(NCc3cc4c(cn3)OCCO4)(CC1)CO2,0.056921013,train
O=c1ccc2ncc(F)c3c2n1C[C@@]3(O)CC12CCC(NC/C=C/c3c(F)cccc3F)(CC1)CO2,0.76631784,train
O=c1ccc2ncc(F)c3c2n1C[C@@]3(O)CC12CCC(NC/C=C/c3cc(F)ccc3F)(CC1)CO2,0.92484164,train
O=c1ccc2ncc(F)c3c2n1C[C@@]3(O)CC12CCC(NC/C=C/c3ccc(F)cc3)(CC1)CO2,0.9063074,train
O=c1ccc2ncc(F)c3c2n1C[C@@]3(O)CC12CCC(NC/C(F)=C\c3cc(F)ccc3F)(CC1)CO2,0.9453406,train
O=c1ccc2ncc(F)c3c2n1C[C@@]3(O)CC12CCC(NC/C(F)=C/c3cc(F)ccc3F)(CC1)CO2,0.86776716,train
O=c1ccc2ncc(F)c3c2n1C[C@@]3(O)CC12CCC(NC/C=C/c3ccccc3)(CC1)CO2,0.8729444,train
O=c1ccc2ncc(F)c3c2n1C[C@@]3(O)CC12CCC(NC/C=C/c3ccccn3)(CC1)CO2,0.5067972,train
O=c1ccc2ncc(F)c3c2n1C[C@@]3(O)CC12CCC(NCCCc3cc(F)ccc3F)(CC1)CO2,0.90359634,train
O=c1ccc2ncc(F)c3c2n1C[C@@]3(O)CC12CCC(NCOc3cc(F)ccc3F)(CC1)CO2,0.7172685,test
O=c1ccc2ncc(F)c3c2n1C[C@@]3(O)CC12CCC(NCc3cc(-c4cccs4)on3)(CC1)CO2,0.5832523,test
O=C1CSc2ccc(CNC34CCC(C[C@]5(O)Cn6c(=O)ccc7ncc(F)c5c76)(CC3)OC4)nc2N1,0.012056056,train
O=C1COc2cc(OC(=O)c3ccccc3)c(CNC34CCC(C[C@]5(O)Cn6c(=O)ccc7ncc(F)c5c76)(CC3)OC4)nc2N1,0.021036021,train
O=C1COc2cnc(CNC34CCC(C[C@]5(O)Cn6c(=O)ccc7ncc(F)c5c76)(CC3)OC4)nc2N1,0.0064340746,test
O=C1COc2ccc(CNC34CCC(C[C@]5(O)Cn6c(=O)ccc7ncc(F)c5c76)(CC3)OC4)cc2N1,0.018465258,test
O=c1ccc2ncc(F)c3c2n1C[C@@]3(O)CC12CCC(NCc3ccc4c(c3)OCCO4)(CC1)CO2,0.06359755,train
O=c1ccc2ncc(F)c3c2n1C[C@@]3(O)CC12CCC(NCc3c(Cl)cc4c(c3Cl)OCCO4)(CC1)CO2,0.049945682,train
O=c1ccc2ncc(F)c3c2n1C[C@@]3(O)CC12CCC(NCc3cc4c(c(Cl)c3Cl)OCCO4)(CC1)CO2,0.035816137,train
CN1CCN(C)c2nc(CNC34CCC(C[C@]5(O)Cn6c(=O)ccc7ncc(F)c5c76)(CC3)OC4)ccc21,0.03753957,val
O=c1ccc2ncc(F)c3c2n1C[C@@]3(O)CC12CCC(NCc3ccc4c(c3)OC(F)(F)O4)(CC1)CO2,0.061308544,train
O=c1ccc2ncc(F)c3c2n1C[C@@]3(O)CC12CCC(NCc3cc4c(cn3)OCS4)(CC1)CO2,0.09513629,train
CCC[C@@H]1C[C@H](N(C)C(C)C)CC[C@@H]1NC(=O)CNC(=O)c1cccc(C(F)(F)F)c1,0.49512115,train
CCCC[C@@H]1C[C@H](N(C)C(C)C)CC[C@@H]1NC(=O)CNC(=O)c1cccc(C(F)(F)F)c1,0.68543863,train
CC(C)CC[C@@H]1C[C@H](N(C)C(C)C)CC[C@@H]1NC(=O)CNC(=O)c1cccc(C(F)(F)F)c1,0.4382949,train
CC(C)N(C)[C@@H]1CC[C@H](NC(=O)CNC(=O)c2cccc(C(F)(F)F)c2)[C@H](CCc2ccccc2)C1,0.71193,train
CC(C)N(C)[C@@H]1CC[C@H](NC(=O)CNC(=O)c2cccc(C(F)(F)F)c2)[C@H](COc2ccccc2)C1,0.77522355,val
CCC[C@@H]1C[C@H](N(C)C(C)C)CC[C@@H]1N1CCC(NC(=O)c2cc(C(F)(F)F)ccc2NC(=O)NCC)C1=O,0.13822024,train
CCC[C@@H]1C[C@H](N(C)C(C)C)CC[C@@H]1N1CCC(Nc2ncnc3ccc(C(F)(F)F)cc23)C1=O,0.75998294,val
CNC(=O)c1ccc(-c2cc(F)c3ncc(Cc4ccc5ncccc5c4)n3c2)cc1F,0.22262262,train
Cn1cc([C@@]2(c3ccc(C(=O)O)cn3)N[C@@H](c3nc(-c4ccc(F)cc4)c[nH]3)Cc3c2[nH]c2ccccc32)cn1,0.085316256,train
Fc1ccc(-c2c[nH]c([C@H]3Cc4c([nH]c5ccccc45)CN3)n2)cc1,0.9822567,train
Fc1ccc(-c2c[nH]c([C@@H]3CCc4[nH]c5ccccc5c4C3)n2)cc1,0.9757412,test
c1ccc(-c2c[nH]c([C@H]3Cc4c([nH]c5ccccc45)C(C4CCCCC4)O3)n2)cc1,0.991168,train
CC1(c2ccccc2)N[C@@H](c2nc(-c3ccc(F)cc3)c[nH]2)Cc2c1[nH]c1ccccc21,0.998919,train
Fc1ccc(-c2c[nH]c([C@H]3Cc4c([nH]c5ccccc45)C(c4ccccc4)(C(F)(F)F)N3)n2)cc1,0.9987602,train
c1ccc(-c2c[nH]c([C@H]3Cc4c([nH]c5ccccc45)C(C4CCCCC4)N3)n2)nc1,0.9951739,train
c1cncc(-c2c[nH]c([C@H]3Cc4c([nH]c5ccccc45)C(C4CCCCC4)N3)n2)c1,0.9954253,train
c1ccc2c3c([nH]c2c1)C(C1CCCCC1)N[C@@H](c1nc(-c2ccncc2)c[nH]1)C3,0.9940176,val
c1ccc2c3c([nH]c2c1)C(C1CCCCC1)N[C@@H](c1nc(-c2cnccn2)c[nH]1)C3,0.9941415,train
Fc1ccc(-c2c[nH]c([C@H]3Cc4c([nH]c5ccccc45)C(C4CCCCC4)N3)n2)nc1,0.9971084,train
Cc1nc([C@]2(c3cnn(C)c3)N[C@@H](c3nc(-c4ccc(F)cn4)c[nH]3)Cc3c2[nH]c2ccccc32)no1,0.99860626,train
CCn1cc([C@@]2(c3nn(C)c(=O)o3)N[C@@H](c3nc(-c4ccc(F)cn4)c[nH]3)Cc3c2[nH]c2ccccc32)cn1,0.116731115,train
Cc1nc([C@]2(c3cn[nH]c3)N[C@@H](c3nc(-c4ccc(F)cn4)c[nH]3)Cc3c2[nH]c2ccccc32)no1,0.9988745,train
CCn1cc([C@@]2(c3noc(C)n3)N[C@@H](c3nc(-c4ccc(F)cn4)c[nH]3)Cc3c2[nH]c2ccccc32)cn1,0.99977225,train
CCc1nc([C@]2(c3cnn(C)c3)N[C@@H](c3nc(-c4ccc(F)cn4)c[nH]3)Cc3c2[nH]c2ccccc32)no1,0.9988859,train
Cc1nc([C@]2(c3cnn(CC4CC4)c3)N[C@@H](c3nc(-c4ccc(F)cn4)c[nH]3)Cc3c2[nH]c2ccccc32)no1,0.99996877,val
Cn1cc([C@@]2(c3nc(=O)o[nH]3)N[C@@H](c3nc(-c4ccc(F)cn4)c[nH]3)Cc3c2[nH]c2ccccc32)cn1,0.2762238,test
Cn1cc([C@@]2(c3noc(CN)n3)N[C@@H](c3nc(-c4ccc(F)cn4)c[nH]3)Cc3c2[nH]c2ccccc32)cn1,0.88269305,train
Cc1nnc([C@]2(c3cnn(C)c3)N[C@@H](c3nc(-c4ccc(F)cn4)c[nH]3)Cc3c2[nH]c2ccccc32)o1,0.7479248,train
CCc1nnc([C@]2(c3cnn(C)c3)N[C@@H](c3nc(-c4ccc(F)cn4)c[nH]3)Cc3c2[nH]c2ccccc32)o1,0.83532435,train
CCn1cc([C@@]2(c3nnc(C)o3)N[C@@H](c3nc(-c4ccc(F)cn4)c[nH]3)Cc3c2[nH]c2ccccc32)cn1,0.96033955,train
CCn1cc([C@@]2(c3n[nH]c(=O)o3)N[C@@H](c3nc(-c4ccc(F)cn4)c[nH]3)Cc3c2[nH]c2ccccc32)cn1,0.059227254,train
CCn1cc([C@@]2(c3n[nH]c(=S)o3)N[C@@H](c3nc(-c4ccc(F)cn4)c[nH]3)Cc3c2[nH]c2ccccc32)cn1,0.27724528,train
CCn1cc([C@@]2(c3nnc(SC)o3)N[C@@H](c3nc(-c4ccc(F)cn4)c[nH]3)Cc3c2[nH]c2ccccc32)cn1,0.9980415,train
Cn1cc([C@@]2(c3nnc(N)o3)N[C@@H](c3nc(-c4ccc(F)cn4)c[nH]3)Cc3c2[nH]c2ccccc32)cn1,0.15863758,train
CCn1cc([C@@]2(c3nnc(NC)o3)N[C@@H](c3nc(-c4ccc(F)cn4)c[nH]3)Cc3c2[nH]c2ccccc32)cn1,0.8549245,train
CCn1cc([C@@]2(c3nnc(N(C)C)o3)N[C@@H](c3nc(-c4ccc(F)cn4)c[nH]3)Cc3c2[nH]c2ccccc32)cn1,0.92390203,train
Cn1nc([C@]2(c3cn[nH]c3)N[C@@H](c3nc(-c4ccc(F)cn4)c[nH]3)Cc3c2[nH]c2ccccc32)oc1=O,0.020218434,train
Cn1cc([C@@]2(c3nn(C)c(=O)o3)N[C@@H](c3nc(-c4ccc(F)cn4)c[nH]3)Cc3c2[nH]c2ccccc32)cn1,0.023317736,train
CCn1nc([C@]2(c3cnn(C)c3)N[C@@H](c3nc(-c4ccc(F)cn4)c[nH]3)Cc3c2[nH]c2ccccc32)oc1=O,0.07536718,train
CC(C)n1nc([C@]2(c3cnn(C)c3)N[C@@H](c3nc(-c4ccc(F)cn4)c[nH]3)Cc3c2[nH]c2ccccc32)oc1=O,0.03968421,train
CCn1cc(C2(c3nn(C)c(=O)o3)N[C@@H](c3nc(-c4ccc(F)cn4)c[nH]3)Cc3c2[nH]c2ccccc32)cn1,0.03459858,train
CCn1cc(C2(c3nn(C)c(=O)o3)NC(c3nc(-c4ccc(F)cn4)c[nH]3)Cc3c2[nH]c2ccccc32)cn1,0.012848244,train
CCn1cc([C@@]2(c3nn(CC)c(=O)o3)N[C@@H](c3nc(-c4ccc(F)cn4)c[nH]3)Cc3c2[nH]c2ccccc32)cn1,0.4704746,train
CCn1cc([C@@]2(c3nn(C(C)C)c(=O)o3)N[C@@H](c3nc(-c4ccc(F)cn4)c[nH]3)Cc3c2[nH]c2ccccc32)cn1,0.29557875,train
CCn1cc([C@@]2(c3nn(CC4CC4)c(=O)o3)N[C@@H](c3nc(-c4ccc(F)cn4)c[nH]3)Cc3c2[nH]c2ccccc32)cn1,0.31711608,train
CCn1cc([C@@]2(c3nn(CCN(C)C)c(=O)o3)N[C@@H](c3nc(-c4ccc(F)cn4)c[nH]3)Cc3c2[nH]c2ccccc32)cn1,0.43263263,train
CCn1cc([C@@]2(c3nn(CC(=O)O)c(=O)o3)N[C@@H](c3nc(-c4ccc(F)cn4)c[nH]3)Cc3c2[nH]c2ccccc32)cn1,0.01028436,train
CCn1cc([C@@]2(c3nn(CC(N)=O)c(=O)o3)N[C@@H](c3nc(-c4ccc(F)cn4)c[nH]3)Cc3c2[nH]c2ccccc32)cn1,0.046011377,train
Cc1cn(-c2ccc3n(c2=O)CCN([C@@H](C)COc2ccc(F)cc2[C@@H](C)C(F)(F)F)C3=O)cn1,0.039624676,test
O=C(NCCCNc1nc2ccccc2[nH]1)c1ccnc(C(F)(F)F)c1,0.20125437,train
O=C(NCCCNc1nc2ccccc2[nH]1)c1cc(Cl)cc(Cl)c1,0.95313835,train
Cc1cc(C)nc(N2C[C@H]3CN(C(=O)c4cccc(F)c4-n4nccn4)C[C@H]3C2)n1,0.99451774,train
Cc1cc(C)nc(N2C[C@H]3CN(C(=O)c4c(C)cccc4-n4nccn4)C[C@H]3C2)n1,0.99727565,train
COc1ccc(-n2nccn2)c(C(=O)N2C[C@@H]3CN(c4nc(C)cc(C)n4)C[C@@H]3C2)c1,0.9591352,train
Cc1ncc(OC[C@@]2(c3ccccc3)CC2C(=O)Nc2ccc(F)cn2)c(C)n1,0.90283674,train
Cc1ncc(OC[C@@]2(c3ccccc3F)CC2C(=O)Nc2ccc(F)cn2)c(C)n1,0.91772884,train
Cc1ncc(OC[C@@]2(c3cccc(F)c3)CC2C(=O)Nc2ccc(F)cn2)c(C)n1,0.9488079,train
Cc1ncc(OC[C@@]2(c3ccc(F)cc3)CC2C(=O)Nc2ccc(F)cn2)c(C)n1,0.9673844,train
Cc1ncc(OC[C@@]2(c3cc(F)cc(F)c3)CC2C(=O)Nc2ccc(F)cn2)c(C)n1,0.9624101,train
Cc1ncc(OC[C@@]2(c3ccc(F)c(F)c3)CC2C(=O)Nc2ccc(F)cn2)c(C)n1,0.927285,train
CO[C@H]1CC[C@H](N2C(=O)CNc3ncc(-c4ccc(C(C)(C)O)nc4)nc32)CC1,0.006285797,val
CNC(=O)c1ccc(-c2cc(Cl)cc(Cl)c2Cl)c(N)n1,0.71554065,train
O=C(NCC[C@@H](O)CN1CCN(c2cccc(Cl)c2Cl)CC1)c1cc2ccccc2[nH]1,0.8502654,val
C[C@H]1CN(c2ccc(C#N)cn2)CC[C@H]1Nc1c(C(N)=O)cnc2[nH]ccc12,0.69280785,train
N#Cc1ccc(N2CCC(Nc3c(C(N)=O)cnc4[nH]ccc34)CC2)nc1,0.86645454,train
COc1cccc(N2CCN(Cc3nc4c5cccc(OC)c5nc(N)n4n3)[C@H](C)C2)c1,0.07775018,train
COc1ccccc1N1CCN(Cc2nc3c4cccc(OC)c4nc(N)n3n2)[C@H](C)C1,0.06850889,train
COc1cccc2c1nc(N)n1nc(CN3CCN(c4ccncc4)C[C@H]3C)nc21,0.03252595,train
COc1cccc2c1nc(N)n1nc(CN3CCN(c4cccnc4)C[C@H]3C)nc21,0.029741718,train
COc1cccc2c1nc(N)n1nc(CN3CCN(c4ccccn4)C[C@H]3C)nc21,0.04952427,train
COc1cccc2c1nc(N)n1nc(CN3CCN(c4ccccc4)C[C@H]3C)nc21,0.07656693,train
COc1cccc2c1nc(N)n1nc(CN3CCN(c4ccc(F)cn4)C[C@H]3C)nc21,0.101552,train
COc1cccc2c1nc(N)n1nc(CN3CCN(c4cccc(F)c4)C[C@H]3C)nc21,0.21467483,train
COc1cccc2c1nc(N)n1nc(CN3CCN(c4ccccc4F)C[C@H]3C)nc21,0.08824621,train
COc1cccc2c1nc(N)n1nc(CN3CCN(c4ccc(F)cc4)C[C@H]3C)nc21,0.14528869,train
COc1ccc(N2CCN(Cc3nc4c5cccc(OC)c5nc(N)n4n3)[C@H](C)C2)cc1,0.025252648,train
COc1cccc2c1nc(N)n1nc(CN3CCN(c4ncc(C)s4)C[C@H]3C)nc21,0.045006044,val
COc1cccc2c1nc(N)n1nc(CN3CCN(c4cnc(C)s4)C[C@H]3C)nc21,0.01395096,val
COc1cccc2c1nc(N)n1nc(CN3CCN(c4nsnc4Cl)C[C@H]3C)nc21,0.068908215,train
CCn1cc(N2CCN(Cc3nc4c5cccc(OC)c5nc(N)n4n3)[C@H](C)C2)cn1,0.025306225,val
COc1cc2c(cc1OC(C)C)[C@H](c1ccc(Cl)cc1)N(c1ccc(N(C)C[C@H]3CC[C@H](N4CCNC(=O)C4)CC3)cc1)C(=O)C2,0.025073994,train
CC[C@@H](C)Oc1cc2c(cc1OC)CC(=O)N(c1ccc(N(C)C[C@H]3CC[C@H](N(C)C)CC3)cc1)[C@H]2c1ccc(Cl)cc1,0.9463692,test
COc1ccc(COc2cnn(CC(=O)c3ccc(CN(C)C)cc3C)c(=O)c2)nc1,0.03440879,train
COc1ccc2ncc(F)c(CCC34CCC(NCc5nc6c(cc5Cl)OCC(=O)N6)(CC3)CO4)c2n1,0.98081195,train
COc1ccc2ncc(F)c(CCC34CCC(NCc5nc6c(cc5F)OCC(=O)N6)(CC3)CO4)c2n1,0.98684675,train
COc1ccc2ncc(F)c(CCC34CCC(NCc5nc6c(cc5C)OCC(=O)N6)(CC3)CO4)c2n1,0.98337954,train
COc1ccc2ncc(F)c(CCC34CCC(NCc5cc(C)c6c(n5)NC(=O)CO6)(CC3)CO4)c2n1,0.9580656,train
COc1ccc2ncc(F)c(CCC34CCC(NCc5nc6c(c(C)c5C)OCC(=O)N6)(CC3)CO4)c2n1,0.98446125,train
CCc1c(CNC23CCC(CCc4c(F)cnc5ccc(OC)nc45)(CC2)OC3)nc2c(c1C)OCC(=O)N2,0.96919596,train
COc1ccc2ncc(F)c(CCC34CCC(NCc5nc6c(c(C)c5C(C)C)OCC(=O)N6)(CC3)CO4)c2n1,0.98522514,train
CC=c1c(CNC23CCC(CCc4c(F)cnc5ccc(OC)nc45)(CC2)OC3)nc2c(c1C)OCC(=O)N=2,0.9502429,val
COc1ccc2ncc(F)c(CCC34CCC(NCc5nc6c(c(C)c5F)OCC(=O)N6)(CC3)CO4)c2n1,0.96834666,train
COc1ccc2ncc(F)c(CCC34CCC(NCc5ccc6c(n5)NC(=O)C(C)O6)(CC3)CO4)c2n1,0.97381973,train
COc1ccc2ncc(F)c(CCC34CCC(NCc5ccc6c(n5)NC(=O)C(C)(C)O6)(CC3)CO4)c2n1,0.9198173,train
CCOC(=O)C1(C)Oc2ccc(CNC34CCC(CCc5c(F)cnc6ccc(OC)nc56)(CC3)OC4)nc2NC1=O,0.9908179,train
COc1ccc2ncc(F)c(CCC34CCC(NCc5ccc6c(n5)N(C)C(=O)CO6)(CC3)CO4)c2n1,0.9892674,train
COc1ccc2ncc(F)c(CCC34CCC(N(C)Cc5ccc6c(n5)NC(=O)CO6)(CC3)CO4)c2n1,0.98744303,train
COC(=O)N(Cc1ccc2c(n1)NC(=O)CO2)C12CCC(CCc3c(F)cnc4ccc(OC)nc34)(CC1)OC2,0.98889834,train
COc1ccc2ncc(F)c(C[C@H](O)C3CCC(NCc4nc5c(cc4F)OCC(=O)N5)CO3)c2n1,0.21336089,train
Cc1cc(NCc2c(Cl)ccc(Cl)c2Cl)c2cccc(C(N)=O)c2n1,0.9260369,train
Cc1cc(NCc2c(F)cccc2C(F)(F)F)c2cccc(C(N)=O)c2n1,0.91232085,train
Cc1cc(NCc2c(C)cccc2C)c2cccc(C(N)=O)c2n1,0.8610081,train
CCOc1ccc2ncc(F)c(CCC34CCC(NCc5ccc6c(n5)NC(=O)CO6)(CC3)CO4)c2n1,0.96757925,train
CC(C)CCOc1ccc2ncc(F)c(CCC34CCC(NCc5ccc6c(n5)NC(=O)CO6)(CC3)CO4)c2n1,0.9843635,train
O=C1COc2ccc(CNC34CCC(CCc5c(F)cnc6ccc(OC7CCC7)nc56)(CC3)OC4)nc2N1,0.9904654,train
O=C1COc2ccc(CNC34CCC(CCc5c(F)cnc6ccc(OCC(F)(F)F)nc56)(CC3)OC4)nc2N1,0.99369,train
O=C1COc2ccc(CNC34CCC(CCc5c(F)cnc6ccc(OC(F)F)nc56)(CC3)OC4)nc2N1,0.9963014,train
COCCOc1ccc2ncc(F)c(CCC34CCC(NCc5ccc6c(n5)NC(=O)CO6)(CC3)CO4)c2n1,0.8721918,train
O=C1COc2ccc(CNC34CCC(CCc5c(F)cnc6ccc(OCCO)nc56)(CC3)OC4)nc2N1,0.38470683,train
O=C1COc2ccc(CNC34CCC(CCc5c(F)cnc6ccc(OCCCO)nc56)(CC3)OC4)nc2N1,0.48662934,train
O=C1COc2ccc(CNC34CCC(CCc5c(F)cnc6ccc(OCCCCO)nc56)(CC3)OC4)nc2N1,0.77947676,train
O=C1COc2ccc(CNC34CCC(CCc5c(F)cnc6ccc(OCCCCCO)nc56)(CC3)OC4)nc2N1,0.9835028,train
CC(C)(O)CCOc1ccc2ncc(F)c(CCC34CCC(NCc5ccc6c(n5)NC(=O)CO6)(CC3)CO4)c2n1,0.56261075,train
O=C1COc2ccc(CNC34CCC(CCc5c(F)cnc6ccc(OCC7(CO)CC7)nc56)(CC3)OC4)nc2N1,0.92624044,train
O=C1COc2ccc(CNC34CCC(CCc5c(F)cnc6ccc(OCC(O)CO)nc56)(CC3)OC4)nc2N1,0.08304751,train
O=C1COc2ccc(CNC34CCC(CCc5c(F)cnc6ccc(OCC(CO)CO)nc56)(CC3)OC4)nc2N1,0.13216178,train
O=C1COc2ccc(CNC34CCC(CCc5c(F)cnc6ccc(OC[C@@H]7C[C@@H](O)[C@@H](O)C7)nc56)(CC3)OC4)nc2N1,0.71583545,train
O=C1COc2ccc(CNC34CCC(CCc5c(F)cnc6ccc(OC[C@H]7C[C@@H](O)[C@@H](O)C7)nc56)(CC3)OC4)nc2N1,0.41215798,train
O=C1COc2ccc(CNC34CCC(CCc5c(F)cnc6ccc(OCC7(O)COC7)nc56)(CC3)OC4)nc2N1,0.19759987,test
O=C1COc2ccc(CNC34CCC(CCc5c(F)cnc6ccc(OC7CC(O)CC(O)C7)nc56)(CC3)OC4)nc2N1,0.86924934,val
NCCOc1ccc2ncc(F)c(CCC34CCC(NCc5ccc6c(n5)NC(=O)CO6)(CC3)CO4)c2n1,0.69742453,train
NCCCOc1ccc2ncc(F)c(CCC34CCC(NCc5ccc6c(n5)NC(=O)CO6)(CC3)CO4)c2n1,0.8300587,train
NCCCCOc1ccc2ncc(F)c(CCC34CCC(NCc5ccc6c(n5)NC(=O)CO6)(CC3)CO4)c2n1,0.8715792,train
NCC1(COc2ccc3ncc(F)c(CCC45CCC(NCc6ccc7c(n6)NC(=O)CO7)(CC4)CO5)c3n2)CC1,0.93701184,train
NC1(COc2ccc3ncc(F)c(CCC45CCC(NCc6ccc7c(n6)NC(=O)CO7)(CC4)CO5)c3n2)CC1,0.97722,train
NC1CC1COc1ccc2ncc(F)c(CCC34CCC(NCc5ccc6c(n5)NC(=O)CO6)(CC3)CO4)c2n1,0.9482001,train
NC1COCC1Oc1ccc2ncc(F)c(CCC34CCC(NCc5ccc6c(n5)NC(=O)CO6)(CC3)CO4)c2n1,0.7819796,train
N[C@H]1COC[C@@H]1Oc1ccc2ncc(F)c(CCC34CCC(NCc5ccc6c(n5)NC(=O)CO6)(CC3)CO4)c2n1,0.29217333,train
N[C@@H]1COC[C@H]1Oc1ccc2ncc(F)c(CCC34CCC(NCc5ccc6c(n5)NC(=O)CO6)(CC3)CO4)c2n1,0.1759867,train
N[C@@H]1CO[C@H]1COc1ccc2ncc(F)c(CCC34CCC(NCc5ccc6c(n5)NC(=O)CO6)(CC3)CO4)c2n1,0.066408604,train
N[C@H]1CO[C@@H]1COc1ccc2ncc(F)c(CCC34CCC(NCc5ccc6c(n5)NC(=O)CO6)(CC3)CO4)c2n1,0.054676816,train
N[C@@H]1CO[C@@H]1COc1ccc2ncc(F)c(CCC34CCC(NCc5ccc6c(n5)NC(=O)CO6)(CC3)CO4)c2n1,0.12483152,train
N[C@H]1CO[C@H]1COc1ccc2ncc(F)c(CCC34CCC(NCc5ccc6c(n5)NC(=O)CO6)(CC3)CO4)c2n1,0.038621005,train
NCC(O)COc1ccc2ncc(F)c(CCC34CCC(NCc5ccc6c(n5)NC(=O)CO6)(CC3)CO4)c2n1,0.19087516,train
NC1C(=O)NC1COc1ccc2ncc(F)c(CCC34CCC(NCc5ccc6c(n5)NC(=O)CO6)(CC3)CO4)c2n1,0.14265178,train
NC1C(=O)NCC1Oc1ccc2ncc(F)c(CCC34CCC(NCc5ccc6c(n5)NC(=O)CO6)(CC3)CO4)c2n1,0.7010062,val
N#CCCCOc1ccc2ncc(F)c(CCC34CCC(NCc5ccc6c(n5)NC(=O)CO6)(CC3)CO4)c2n1,0.95259786,train
N#CC1(COc2ccc3ncc(F)c(CCC45CCC(NCc6ccc7c(n6)NC(=O)CO7)(CC4)CO5)c3n2)CC1,0.98611176,train
CCOC(=O)COc1ccc2ncc(F)c(CCC34CCC(NCc5ccc6c(n5)NC(=O)CO6)(CC3)CO4)c2n1,0.9469539,train
CCOC(=O)CCCOc1ccc2ncc(F)c(CCC34CCC(NCc5ccc6c(n5)NC(=O)CO6)(CC3)CO4)c2n1,0.9718086,train
COC(=O)CCCCOc1ccc2ncc(F)c(CCC34CCC(NCc5ccc6c(n5)NC(=O)CO6)(CC3)CO4)c2n1,0.97915727,train
O=C(O)CCCCOc1ccc2ncc(F)c(CCC34CCC(NCc5ccc6c(n5)NC(=O)CO6)(CC3)CO4)c2n1,0.3453797,train
CCOC(=O)C(F)(F)CCOc1ccc2ncc(F)c(CCC34CCC(NCc5ccc6c(n5)NC(=O)CO6)(CC3)CO4)c2n1,0.94119495,train
COC(=O)C1C[C@@H]1COc1ccc2ncc(F)c(CCC34CCC(NCc5ccc6c(n5)NC(=O)CO6)(CC3)CO4)c2n1,0.9645711,train
O=C1COc2ccc(CNC34CCC(CCc5c(F)cnc6ccc(OC[C@H]7CC7C(=O)O)nc56)(CC3)OC4)nc2N1,0.13486448,train
COC(=O)C1(COc2ccc3ncc(F)c(CCC45CCC(NCc6ccc7c(n6)NC(=O)CO7)(CC4)CO5)c3n2)CC1,0.9270499,train
NC(=O)C(F)(F)CCOc1ccc2ncc(F)c(CCC34CCC(NCc5ccc6c(n5)NC(=O)CO6)(CC3)CO4)c2n1,0.5878451,train
O=C1COc2ccc(CNC34CCC(CCc5c(F)cnc6ccc(OCc7cc(=O)c(O)c[nH]7)nc56)(CC3)OC4)nc2N1,0.5305625,val
O=C1COc2ccc(CNC34CCC(CCc5c(F)cnc6ccc(OCCc7cc(=O)c(O)c[nH]7)nc56)(CC3)OC4)nc2N1,0.8441151,val
O=C1COc2ccc(CNC34CCC([C@@H](O)Cc5c(F)cnc6ccc(OCCO)nc56)(CC3)OC4)nc2N1,0.031346735,train
CC(C)c1noc(-c2nnc3n2CCN(C(=O)c2ccc(F)cc2)[C@@H]3C)n1,0.15361065,train
Cc1nsc(-c2nnc3n2CCN(C(=O)c2ccc(F)cc2)C3)n1,0.01028202,train
Cc1nsc(-c2nnc3n2CCN(C(=O)c2ccc(Cl)cc2)[C@@H]3C)n1,0.04050053,train
C[C@@H]1c2nnc(-c3nc(C(F)(F)F)ns3)n2CCN1C(=O)c1ccc(F)cc1,0.008518786,train
Cc1nsc(-c2nnc3n2CCN(C(=O)c2ccccc2)[C@@H]3C)n1,0.0069514047,train
Cc1nsc(-c2nnc3n2CCN(C(=O)c2ccc(F)cc2)[C@@H]3CCO)n1,0.0019331282,train
Cc1ncc(CNC2CCN(CCn3c(=O)ccc4ncc(Oc5ccc(S(N)(=O)=O)cc5)cc43)CC2)cc1Cl,0.010163007,val
O=C1COc2ccc(CNC3CCN(CCn4c(=O)ccc5ncc(Oc6cncc(F)c6)cc54)CC3)nc2N1,0.03582372,train
O=C1COc2ccc(CN[C@@H]3CCN(CCn4c(=O)ccc5ncc(Oc6cccnc6)cc54)C[C@@H]3F)nc2N1,0.016698424,train
CN(C)C[C@@H]1CCN(C(=O)Nc2nc3c(s2)-c2nc(C(C)(C)C)sc2CC3)C1C(N)=O,0.08808864,val
COc1cc(-c2cn(C3CCc4ccccc4NC3=O)nn2)ccc1-n1cnc(C)c1,0.25088072,train
COc1cc(-c2cn(C3CCc4ccccc4N(C)C3=O)nn2)ccc1-n1cnc(C)c1,0.84180444,train
COc1cc(-c2cn(C3CCc4ccccc4N(CCF)C3=O)nn2)ccc1-n1cnc(C)c1,0.8081523,train
COc1cc(-c2cn(C3CCc4ccccc4N(CC(F)F)C3=O)nn2)ccc1-n1cnc(C)c1,0.86727005,train
COc1cc(-c2cn(C3CCc4ccccc4N(CC(F)(F)F)C3=O)nn2)ccc1-n1cnc(C)c1,0.9291746,train
COc1cc(-c2cn(C3CCc4ccccc4N(CC4CC4)C3=O)nn2)ccc1-n1cnc(C)c1,0.924863,train
COc1cc(-c2cn(C3CCc4ccccc4N(Cc4ccccc4)C3=O)nn2)ccc1-n1cnc(C)c1,0.9772036,train
COc1cc(-c2cn(C3CCc4ccccc4N(Cc4ccccn4)C3=O)nn2)ccc1-n1cnc(C)c1,0.77324194,train
COc1cc(-c2cn(C3CCc4ccccc4N(Cc4ccncc4)C3=O)nn2)ccc1-n1cnc(C)c1,0.90422094,test
COc1cc(-c2cn(C3CCc4ccccc4N(Cc4cccnc4)C3=O)nn2)ccc1-n1cnc(C)c1,0.7391499,val
COc1cc(-c2cn(C3CCc4ccccc4N(CC4(C)COC4)C3=O)nn2)ccc1-n1cnc(C)c1,0.6856177,test
COc1cc(-c2cn(C3C[C@H](C)c4ccccc4N(CC(F)(F)F)C3=O)nn2)ccc1-n1cnc(C)c1,0.93208265,train
COc1cc(-c2cn(C3CSc4ccccc4N(CC(F)(F)F)C3=O)nn2)ccc1-n1cnc(C)c1,0.9793706,test
COc1cc(-c2cn(C3(C)CCc4ccccc4N(CC(F)(F)F)C3=O)nn2)ccc1-n1cnc(C)c1,0.9594393,train
COc1cc(-c2cn(C3CCc4c(ccc5ccccc45)N(CC(F)(F)F)C3=O)nn2)ccc1-n1cnc(C)c1,0.9142546,test
COc1cc(-c2cn(C3CCc4cc(F)ccc4N(CC(F)(F)F)C3=O)nn2)ccc1-n1cnc(C)c1,0.9701855,train
COc1cc(-c2cn(C3CCc4c(F)cccc4N(CC(F)(F)F)C3=O)nn2)ccc1-n1cnc(C)c1,0.87197644,train
COc1cc(-c2cn(C3CCc4c(F)cc(F)cc4N(CC(F)(F)F)C3=O)nn2)ccc1-n1cnc(C)c1,0.9514009,train
COc1cc(-c2cn(C3CCc4c(ccc(Br)c4F)N(CC(F)(F)F)C3=O)nn2)ccc1-n1cnc(C)c1,0.92369425,train
COc1cc(-c2cn(C3CCc4cccnc4N(CC(F)(F)F)C3=O)nn2)ccc1-n1cnc(C)c1,0.87196714,train
COc1cc(-c2cn(C3CC[C@@H]4CCCC[C@H]4N(Cc4ccccc4)C3=O)nn2)ccc1-n1cnc(C)c1,0.9426982,test
Cc1cn(-c2ccc(-c3cn(C4CCc5c(F)cccc5N(CC(F)(F)F)C4=O)nn3)cc2)cn1,0.7170246,train
COc1cc(-n2cnc(C)c2)ccc1-c1cn(C2CCc3c(F)cccc3N(CC(F)(F)F)C2=O)nn1,0.7924401,train
Cc1cn(-c2ccc(-c3cn(C4CCc5c(F)cccc5N(CC(F)(F)F)C4=O)nn3)cc2OCC(F)(F)F)cn1,0.98447603,train
Cc1cn(-c2ccc(-c3cn(C4CCc5c(F)cccc5N(CC(F)(F)F)C4=O)nn3)c(F)c2)cn1,0.7698461,train
COc1c(-n2cnc(C)c2)ccc(-c2cn(C3CCc4c(F)cccc4N(CC(F)(F)F)C3=O)nn2)c1F,0.94036293,train
COc1c(-c2cn(C3CCc4c(F)cccc4N(CC(F)(F)F)C3=O)nn2)ccc(-n2cnc(C)c2)c1F,0.9153874,train
COc1cc(-c2cn(C3CCc4c(F)cccc4N(CC(F)(F)F)C3=O)nn2)ccc1-n1cnc(C)n1,0.65886384,test
COc1cc([C@H](O)CN2CCN(C[C@H](O)c3ccc4c(c3C)COC4=O)CC2)ncc1C#N,0.10388265,train
Cc1c([C@@H](O)CN2CCN(C[C@H](O)c3ccc(C#N)cn3)CC2)ccc2c1COC2=O,0.1845837,train
COc1cc(C(O)CN2CCN(CCc3ccc4c(c3C)COC4=O)CC2)ncc1C#N,0.69134855,train
COc1cc(C(O)CN2CCN(CCc3ccc4c(c3C)COC4=O)CC2)ccc1C#N,0.90525275,train
COc1cc(C(C)(C)CN2CCN(CCc3ccc4c(c3C)COC4=O)CC2)ccc1C#N,0.92052567,train
COc1cc(C(C)CN2CCN(CCc3ccc4c(c3C)COC4=O)CC2)ccc1C#N,0.97388554,train
COc1cc(CC(C)N2CCN(CCc3ccc4c(c3C)COC4=O)CC2)ccc1C#N,0.78607476,train
CCOC(CN1CCN(CCc2ccc(C#N)c(OC)c2)CC1)c1ccc2c(c1C)COC2=O,0.9521448,train
COc1cc(CCN2CCN(CC(OC)c3ccc4c(c3C)COC4=O)CC2)ccc1C#N,0.86889935,train
COc1cc(CCN2CCN(CC(O)c3ccc4c(c3C)COC4=O)CC2)ccc1C#N,0.7404595,train
COc1cc(CCN2CCN(CC(F)c3ccc4c(c3C)COC4=O)CC2)ccc1C#N,0.90059865,train
COc1cc(CCN2CCN(CC(C)c3ccc4c(c3C)COC4=O)CC2)ccc1C#N,0.89910865,train
COc1cc(CCN2CCN(CCc3ccc4c(c3C)COC4=O)CC2)ccc1C#N,0.9866398,train
O=C1OCc2cc(CCN3CCN(CCc4ccc([N+](=O)[O-])cc4)CC3)ccc21,0.9968407,train
COc1cc([C@@H](O)CN2CCN(C[C@H](O)c3ccc4c(c3C)COC4=O)CC2)ncc1C#N,0.05625947,train
COc1cc(C(O)CN2CCN(C[C@H](O)c3ccc4c(c3C)COC4=O)CC2)ccc1C#N,0.30141565,train
Cc1nc(C(O)CN2CCN(C[C@H](O)c3ccc4c(c3C)COC4=O)CC2)ccc1C#N,0.12597921,train
Cc1c([C@@H](O)CN2CCN(CC(O)c3ncc(C#N)cc3Cl)CC2)ccc2c1COC2=O,0.30609214,train
Cc1c([C@@H](O)CN2CCN(CC(O)c3cc(C4CC4)c(C#N)cn3)CC2)ccc2c1COC2=O,0.13229418,train
COc1cc(C(O)CN2CCN(C[C@H](O)c3ccc4c(c3C)COC4=O)CC2)nc(C)c1C#N,0.19008113,train
CCOc1cc(C(O)CN2CCN(C[C@H](O)c3ccc4c(c3C)COC4=O)CC2)ncc1C#N,0.11405559,train
Cc1c([C@@H](O)CN2CCN(CC(O)c3cc(C(F)(F)F)c(C#N)cn3)CC2)ccc2c1COC2=O,0.4639624,train
[2H]C([2H])([2H])Oc1cc(C(O)CN2CCN(C[C@H](O)c3ccc4c(c3C)COC4=O)CC2)ncc1C#N,0.0030626932,train
CC(C)[C@@H](CN1CC[C@@](C)(c2cccc(O)c2)[C@@H](C)C1)NC(=O)C1Cc2ccc(O)cc2CN1,0.9829783,train
CC(C)[C@@H](CN1CC[C@@](C)(c2ccccc2)[C@@H](C)C1)NC(=O)C1Cc2ccc(O)cc2CN1,0.99527645,train
CC(C)[C@@H](CN1CC[C@@](C)(c2cccc(F)c2)[C@@H](C)C1)NC(=O)C1Cc2ccc(O)cc2CN1,0.99702674,train
CC(C)[C@@H](CN1CCC(C)(c2cccc(F)c2)CC1)NC(=O)C1Cc2ccc(O)cc2CN1,0.9667089,train
CCC(C)[C@@H](CN1CCC(C)(c2cccc(F)c2)CC1)NC(=O)C1Cc2ccc(O)cc2CN1,0.9786435,train
CC(C)[C@@H](CN1CCC(c2cccc(O)c2)CC1)NC(=O)C1Cc2ccc(O)cc2CN1,0.92615753,train
CC(C)[C@@H](CN1CCC(c2ccccc2)CC1)NC(=O)C1Cc2ccc(O)cc2CN1,0.9732555,train
CC(C)[C@@H](CN1CCC(c2cccc(F)c2)CC1)NC(=O)C1Cc2ccc(O)cc2CN1,0.98418266,train
COc1cc(-n2cnn3cc(-c4ccc(Cl)cc4)cc3c2=O)ccc1OCCN1CCCC1,0.9818335,val
CNC1CCN(c2ccc(-n3cnn4cc(-c5ccc(Cl)cc5)cc4c3=O)cn2)C1,0.93939495,train
O=c1c2cc(-c3ccc(Cl)cc3)cn2ncn1-c1ccc(N2CC(O)C2)nc1,0.8785427,val
O=c1c2cc(-c3ccc(Cl)cc3)cn2ncn1-c1ccc(N2CCC(N3CC(O)C3)C2)nc1,0.7682371,val
CNc1nc(NCCN2CCNCC2)c2sc(-c3ccc(C(F)(F)F)cc3)cc2n1,0.99535334,val
Nc1nc(NC2CCNCC2)c2sc(-c3ccc(C(F)(F)F)cc3)cc2n1,0.9967378,test
Nc1nc(NC2CCNC2)c2sc(-c3ccc(C(F)(F)F)cc3)cc2n1,0.9950034,train
Nc1nc(NC2CCOCC2)c2sc(-c3ccc(C(F)(F)F)cc3)cc2n1,0.9968546,train
Nc1nc(N2CCC(N)CC2)c2sc(-c3ccc(C(F)(F)F)cc3)cc2n1,0.9981828,test
COCc1cnc(N2CCC([C@H]3C[C@H]3COCc3ccc(S(C)(=O)=O)cc3F)CC2)nc1,0.53655946,val
Cc1nn(-c2ccnc(Nc3ccc4c(c3)c(Cl)c(C)n4C)n2)cc1CN1CC(O)C1,0.041692425,train
Cc1nn(-c2ccnc(Nc3ccc4c(c3)c(C)c(C)n4C)n2)cc1CN1CC(O)C1,0.039118256,train
COc1cc2ncnc(Nc3cccc(Cl)c3F)c2cc1CN1CCOCC1,0.57028484,val
Cc1ncn(-c2cc(Cl)c(C(=O)NC[C@@H](c3cccc(F)c3)c3ccc4[nH]c(C)nc4c3)c(Cl)c2)n1,0.7084735,val
COc1cc2[nH]c(C(CNC(=O)c3c(Cl)cc(-n4cnc(C)n4)cc3Cl)c3cccc(F)c3)nc2cc1Cl,0.46286756,train
Cc1ncn(-c2cc(Cl)c(C(=O)NCC(c3cccc(F)c3)c3nc4c(C)cc(Cl)cc4[nH]3)c(Cl)c2)n1,0.9729437,train
Cc1ncn(-c2cc(Cl)c(C(=O)NCC(c3cccc(F)c3)c3nc4cc(Cl)ccc4[nH]3)c(Cl)c2)n1,0.8575006,train
NC1=NC(=O)C2CCCN2c2ccc(cc2)OCCCCCCNCC(=O)Nc2c(Cl)cc(cc2Cl)CN1,0.11039978,train
CS(=O)(=O)c1ccc(-c2cnc3ccc(-c4cccc(S(C)(=O)=O)c4)nn23)cc1,0.69805366,train
CS(=O)(=O)c1ccc(-c2cnc3ccc(-c4cccc(S(C)(=O)=O)c4)cn23)cc1,0.863513,train
CS(=O)(=O)c1ccc(-c2cnn3ccc(-c4cccc(S(=O)(=O)C5CC5)c4)cc23)cc1,0.964112,train
CS(=O)(=O)c1ccc(-c2cnn3ccc(-c4cccc(S(=O)(=O)C5CC5)c4)nc23)cc1,0.9558119,train
O=C(c1ccc(F)cc1F)C1CCN(CCCOc2ccc(-c3nc4ccccc4o3)cc2)CC1,0.99596053,test
Fc1ccc2c(C3CCN(CCCOc4ccc(-c5nc6ccccc6o5)cc4)CC3)noc2c1,0.9995721,val
Fc1ccc2c(C3CCN(CCCOc4ccc(Cc5nc6ccccc6o5)cc4)CC3)noc2c1,0.99976164,train
Fc1ccc2c(C3CCN(CCCOc4ccc(CCc5nc6ccccc6o5)cc4)CC3)noc2c1,0.9998791,val
CC(c1ccc(OCCCN2CCC(c3noc4cc(F)ccc34)CC2)cc1)c1nc2ccccc2o1,0.99976903,train
CS(=O)(=O)n1cc2c(n1)CN([C@H]1CO[C@H](c3cc(F)ccc3F)[C@@H](N)C1)C2,0.00082809053,train
N[C@H]1C[C@@H](N2Cc3cn(S(=O)(=O)C4CC4)nc3C2)CO[C@@H]1c1cc(F)ccc1F,0.0024821681,val
Cc1noc([C@H]2CC2C(=O)NCc2ccc(-c3cccc(OC(F)(F)F)c3)c3c2CN(C(=O)NC(C)(C)C)CC3)n1,0.020038737,val
CC(C)(C)n1nnc2c1CCC(n1cnc(-c3ccc(F)cc3)n1)C2,0.5519172,test
CCOC[C@]12Cc3cnn(-c4ccc(F)cc4)c3C=C1CCN(S(=O)(=O)c1ccc(C(F)(F)F)cc1)C2,0.99919516,train
O=C(c1ccccn1)[C@]12Cc3cnn(-c4ccc(F)cc4)c3C=C1CCN(S(=O)(=O)c1ccc(F)cc1)C2,0.9831613,train
O=C(c1ccccn1)[C@]12Cc3cnn(-c4ccc(F)cc4)c3C=C1CCN(S(=O)(=O)c1ccc(C(F)(F)F)cc1)C2,0.9993919,train
O=C(COc1ccc2ccccc2c1Br)Nc1cccnc1,0.6685907,train
O=S(=O)(c1ccc(C(F)(F)F)cc1)N1CCC(CN2CCC(c3noc4cc(F)ccc34)CC2)CC1,0.99988174,train
O=[N+]([O-])c1ccc(S(=O)(=O)N2CCC(CN3CCC(c4noc5cc(F)ccc45)CC3)CC2)cc1,0.99953234,train
COCCCN1C[C@@H]2[C@@H](CNC(=O)c3nc(C(C)C)n4ccccc34)[C@@H]2C1,0.9944365,test
CC1(C#N)CN(c2cc(COc3ccc(F)c(F)c3F)nc(-c3ccccn3)n2)C1,0.36087337,test
Fc1ccc(OCc2cc(OCC3(F)COC3)nc(-c3ccccn3)n2)c(F)c1F,0.7362096,train
O=C(c1ccc(Cl)c(C(F)(F)F)c1)N1CCN(c2cc(=O)[nH]c(=O)n2Cc2ccc(OS(=O)(=O)c3cccc4cnccc34)cc2)CC1,0.9126684,test
O=C(O)C1CN(Cc2ccc(OCc3ccc(Cl)c(Cl)c3)cc2)C1,0.08807284,test
CCOC(=O)C1CCN(C(=O)c2ccc(C[C@@H]3CC[C@H]([C@H](O)c4ccccc4)N3)cc2)CC1,0.9130731,train
O=C(c1ccc(C[C@@H]2CC[C@H]([C@H](O)c3ccccc3)N2)cc1)N1CCC2(CCOC2=O)CC1,0.13166916,train
CC1(C)CC2(CCN(C(=O)c3ccc(C[C@@H]4CC[C@H]([C@H](O)c5ccccc5)N4)cc3)CC2)C(=O)O1,0.044915196,train
CCOC(=O)C1[C@H]2CN(C(=O)c3ccc(C[C@@H]4CC[C@H]([C@H](O)c5ccccc5)N4)cc3)C[C@@H]12,0.94862324,train
O=C(c1ccc(C[C@@H]2CC[C@H]([C@H](O)c3ccccc3)N2)cc1)N1C[C@@H]2[C@H](C1)[C@H]2c1nnco1,0.02625505,train
CCc1nnc([C@H]2[C@@H]3CN(C(=O)c4ccc(C[C@@H]5CC[C@H]([C@H](O)c6ccccc6)N5)cc4)C[C@@H]32)o1,0.019493977,train
Cn1nnc([C@H]2[C@@H]3CN(C(=O)c4ccc(C[C@@H]5CC[C@H]([C@H](O)c6ccccc6)N5)cc4)C[C@@H]32)n1,0.086373344,test
C[C@@H]1C[C@H](N)C[C@H](c2ccncc2NC(=O)c2ccc(F)c(-c3c(F)cccc3F)n2)C1,0.059544843,train
CNCc1cc(Oc2ccc3c(ccn3C(=O)Nc3ccc(F)c(C(F)(F)F)c3)c2)ncn1,0.60348976,train
O=C(Nc1cccc(C(F)(F)F)c1)n1ccc2cc(Oc3ncnc4c3CCNC4)ccc21,0.62893057,train
C[C@H]1Cc2c(ncnc2Oc2ccc3c(ccn3C(=O)Nc3cccc(C(F)(F)F)c3)c2)CN1,0.0623591,train
O=C(Nc1cccc(C(F)(F)F)c1)n1ccc2cc(Oc3ncnc4c3CNC4)ccc21,0.52353007,val
C[C@H]1Cc2c(ncnc2Oc2ccc3c(ccn3C(=O)Nc3cc(C4(C)CC4)[nH]n3)c2)CN1,0.0036102678,test
CC(C)(C)c1cc(NC(=O)n2ccc3cc(Oc4ncnc5c4CCNC5)ccc32)no1,0.4955085,train
C[C@H]1Cc2c(ncnc2Oc2ccc3c(ccn3C(=O)Nc3cc(C(C)(C)C)on3)c2)CN1,0.037213024,train
CC(C)(C)c1cc(NC(=O)n2ccc3cc(Oc4ncnc5c4CNC5)ccc32)no1,0.389026,test
Nc1ccc(-c2cnc(N)c(-c3ccc(Cl)cc3)c2)cn1,0.9201104,train
COc1ccc2ncc(F)c(CC(N)C34CCC(NCc5ccc6c(n5)NC(=O)CO6)(CC3)CO4)c2n1,0.43212137,train
COc1ccc2ncc(F)c(C(=O)CC34CCC(NCc5ccc6c(n5)NC(=O)CO6)(CC3)CO4)c2n1,0.7807498,train
COc1ccc2ncc(F)c(CC(=O)C34CCC(NCc5ccc6c(n5)NC(=O)CO6)(CC3)CO4)c2n1,0.9761668,val
COc1ccc2ncc(F)c(C[C@H](OC)C34CCC(NCc5ccc6c(n5)NC(=O)CO6)(CC3)CO4)c2n1,0.6911362,train
COc1ccc2ncc(F)c(CC(OCCO)C34CCC(NCc5ccc6c(n5)NC(=O)CO6)(CC3)CO4)c2n1,0.49671614,train
COc1ccc2ncc(F)c(CC(OCC(=O)O)C34CCC(NCc5ccc6c(n5)NC(=O)CO6)(CC3)CO4)c2n1,0.122682825,train
COc1ccc2ncc(F)c(CC(F)C34CCC(NCc5ccc6c(n5)NC(=O)CO6)(CC3)CO4)c2n1,0.8102615,train
COc1ccc2ncc(F)c(CC(NOC(C)=O)C34CCC(NCc5ccc6c(n5)NC(=O)CO6)(CC3)CO4)c2n1,0.035110243,train
COc1ccc2ncc(F)c(CC(NS(C)(=O)=O)C34CCC(NCc5ccc6c(n5)NC(=O)CO6)(CC3)CO4)c2n1,0.30176598,train
COc1ccc2ncc(F)c(CC(=NO)C34CCC(NCc5ccc6c(n5)NC(=O)CO6)(CC3)CO4)c2n1,0.9422186,train
CO/N=C(/Cc1c(F)cnc2ccc(OC)nc12)C12CCC(NCc3ccc4c(n3)NC(=O)CO4)(CC1)CO2,0.99677104,train
COc1ccc2ncc(F)c(CC(C)(O)C34CCC(NCc5ccc6c(n5)NC(=O)CO6)(CC3)CO4)c2n1,0.8712048,train
COc1ccc2ncc(F)c(CC(O)(C(F)(F)F)C34CCC(NCc5ccc6c(n5)NC(=O)CO6)(CC3)CO4)c2n1,0.73120654,train
COc1ccc2ncc(F)c(C(O)CC34CCC(NCc5ccc6c(n5)NC(=O)CO6)(CC3)CO4)c2n1,0.740022,train
COc1ccc2ncc(F)c(C(C)(O)CC34CCC(NCc5ccc6c(n5)NC(=O)CO6)(CC3)CO4)c2n1,0.5536315,train
COc1ccc2ncc(F)c(C(CO)CC34CCC(NCc5ccc6c(n5)NC(=O)CO6)(CC3)CO4)c2n1,0.15742023,train
CCOC(=O)C(CC12CCC(NCc3ccc4c(n3)NC(=O)CO4)(CC1)CO2)c1c(F)cnc2ccc(OC)nc12,0.9275582,train
COc1ccc2ncc(F)c(C(CC34CCC(NCc5ccc6c(n5)NC(=O)CO6)(CC3)CO4)C(=O)O)c2n1,0.11903438,train
COc1ccc2ncc(F)c([C@@H](O)[C@H](O)C34CCC(NCc5ccc6c(n5)NC(=O)CO6)(CC3)CO4)c2n1,0.12193232,train
COc1ccc2ncc(F)c([C@H](O)[C@@H](O)C34CCC(NCc5ccc6c(n5)NC(=O)CO6)(CC3)CO4)c2n1,0.08672439,train
COc1ccc2ncc(F)c([C@H]3OC(=O)O[C@@H]3C34CCC(NCc5ccc6c(n5)NC(=O)CO6)(CC3)CO4)c2n1,0.07271724,train
COc1ccc2ncc(F)c([C@@H]3OC(=O)O[C@H]3C34CCC(NCc5ccc6c(n5)NC(=O)CO6)(CC3)CO4)c2n1,0.20593649,train
COc1ccc2c(c1)[C@@H]1C[C@]1(C(=O)N1C3CCC1CN(C)C3)Cn1c-2c(C2CCCCC2)c2ccc(C(=O)NS(=O)(=O)C(C)C)cc21,0.00071646855,train
COc1ccc2c(c1)[C@@H]1C[C@]1(C(=O)N1C3CCC1CN(C)C3)Cn1c-2c(C2CCCCC2)c2ccc(C(=O)NS(=O)(=O)CC(C)C)cc21,0.00068960135,train
COc1ccc2c(c1)[C@@H]1C[C@]1(C(=O)N1C3CCC1CN(C)C3)Cn1c-2c(C2CCCCC2)c2ccc(C(=O)NS(=O)(=O)C3CCC3)cc21,0.0013585853,train
COc1cc(N)c(Cl)cc1C(=O)N[C@H]1CCN(CCCn2cccc2)C[C@H]1OC,0.90778846,train
COc1cc(N)c(Cl)cc1C(=O)N[C@H]1CCN(CCCn2ccnc2)C[C@H]1OC,0.53138906,val
COc1cc(N)c(Cl)cc1C(=O)N[C@H]1CCN(CCCn2cncn2)C[C@H]1OC,0.56517726,test
COc1cc(N)c(Cl)cc1C(=O)N[C@H]1CCN(CCC(=O)N2CCC(Cc3ccccc3)CC2)C[C@H]1OC,0.9621174,val
COC(=O)N1CCC(CN2CC[C@H](NC(=O)c3cc(Cl)c(N)cc3OC)[C@H](OC)C2)CC1,0.96925,train
COc1cc(N)c(Cl)cc1C(=O)N[C@H]1CCN(CC2CCN(C(=O)CC(C)C)CC2)C[C@H]1OC,0.9443082,train
CCOC(=O)N1CCC(CN2CC[C@H](NC(=O)c3cc(Cl)c(N)cc3OC)[C@H](OC)C2)CC1,0.9741566,train
CCC(=S)N1CCC(CN2CC[C@H](NC(=O)c3cc(Cl)c(N)cc3OC)[C@H](OC)C2)CC1,0.9336559,train
COc1cc(N)c(Cl)cc1C(=O)N[C@H]1CCN(CC2CCN(C(=S)C(C)C)CC2)C[C@H]1OC,0.7850421,train
COc1cc(N)c(Cl)cc1C(=O)N[C@H]1CCN(CC2CCN(C(=O)NC(C)C)CC2)C[C@H]1OC,0.83346385,train
Cc1[nH]c(NC(=O)c2cc(CNC(=O)C(C)C)cnc2C(F)F)nc1-c1ccc(C(F)(F)F)cc1,0.24894568,train
O=S(=O)(Nc1ccc(CCNC[C@H](O)c2cccnc2)cc1)c1ccc(-c2nc(-c3ccc(C(F)(F)F)cc3)cs2)cc1,0.9998449,val
O=C(Cn1cnc2ccccc2c1=O)Nc1ccc(C[C@@H]2CC[C@H]([C@H](O)c3ccccc3)N2)cc1,0.21601139,train
COc1ccccc1N1CCN(CCCCCC(=O)n2c3ccccc3c3ccccc32)CC1,0.9906607,train
Cc1ncoc1-c1nnc(SCCCN2CCOC(c3ccc(F)cc3)C2)n1C,0.94752336,train
Cc1ncoc1-c1nnc(SCCCN2CCOC(c3ccc(C(F)(F)F)cc3)C2)n1C,0.98867095,train
Cc1ncoc1-c1nnc(SCCCCN2CCOC(c3ccc(C(F)(F)F)cc3)C2)n1C,0.94190377,val
Cn1c(SCCCN2CCOC(c3ccc(C(F)(F)F)cc3)C2)nnc1-c1ccc(C(N)=O)nc1,0.9659001,train
Cn1c(SCCCN2CCOC(c3ccc(C(F)(F)F)cc3)C2)nnc1-c1ccc(C(N)=O)cc1,0.98124146,val
Cn1c(SCCCN2CCOC(c3ccc(C(F)(F)F)cc3)C2)nnc1-c1ccc(-c2ncco2)cc1,0.99835455,train
Cc1ccc(C2CN(CCCSc3nnc(-c4ccc(-c5noc(C)n5)cc4)n3C)CCO2)cc1,0.9973749,train
CN(C)Cc1cc(C(=O)N[C@@H]2CCc3ccc(Oc4ccnc5c4CCC(=O)N5)cc3C2)cc(C(F)(F)F)c1,0.8712214,train
CNCc1cc(C(=O)N[C@@H]2CCc3ccc(Oc4ccnc5c4CCC(=O)N5)cc3C2)cc(C(F)(F)F)c1,0.6061782,train
CCNCc1cc(C(=O)N[C@@H]2CCc3ccc(Oc4ccnc5c4CCC(=O)N5)cc3C2)cc(C(F)(F)F)c1,0.89798635,train
NCc1cc(C(=O)N[C@@H]2CCc3ccc(Oc4ccnc5c4CCC(=O)N5)cc3C2)cc(C(F)(F)F)c1,0.4326007,train
CC(C)(N)c1cc(C(=O)N[C@@H]2CCc3ccc(Oc4ccnc5c4CCC(=O)N5)cc3C2)cc(C(F)(F)F)c1,0.75909764,train
NC1(c2cc(C(=O)N[C@@H]3CCc4ccc(Oc5ccnc6c5CCC(=O)N6)cc4C3)cc(C(F)(F)F)c2)CCC1,0.6348415,val
N[C@H](CO)c1cc(C(=O)N[C@@H]2CCc3ccc(Oc4ccnc5c4CCC(=O)N5)cc3C2)cc(C(F)(F)F)c1,0.037585568,train
O=C1CCc2c(Oc3ccc4c(c3)C[C@H](NC(=O)c3cc(C(F)(F)F)cc(C5(O)CNC5)c3)CC4)ccnc2N1,0.67601943,val
O=C(O)CN(C1(c2ccc(-c3ccccc3OC(F)(F)F)cc2)CCC1)S(=O)(=O)c1ccc(OC(F)F)cc1,0.04183808,train
CC1(C)CCc2cc(S(=O)(=O)N(CC(=O)O)C3(c4cccc(-c5cc(Cl)cc(Cl)c5)c4)CCC3)ccc2O1,0.043652445,val
CC1(C)CCc2cc(S(=O)(=O)N(CC(=O)O)Cc3cccc(-c4ccccc4)c3)ccc2O1,0.01547279,test
O=C(O)CN(Cc1cccc(-c2ccccc2OC(F)(F)F)c1)S(=O)(=O)c1ccc(OC(F)F)cc1,0.055017706,train
C=CCOc1cc(F)c(F)cc1C1CC1CN,0.94425285,train
Cn1c(SCCCN2CC3CCN(c4ccc(C(F)(F)F)cc4)C3C2)nnc1-c1cc[nH]c(=O)c1,0.99313736,train
Cn1c(SCCCN2CC3CCN(c4ccc(C(F)(F)F)cc4)C3C2)nnc1-c1ccc(=O)[nH]c1,0.99469274,train
Cn1c(SCCCN2CC3CCN(c4ccc(C(F)(F)F)cc4)C3C2)nnc1-c1ccc(=O)n(C)c1,0.97577024,train
Cn1c(SCCCN2CC3CCN(c4ccc(F)cc4)C3C2)nnc1-c1cc[nH]c(=O)c1,0.9726044,train
Cn1c(SCCCN2CC3CCN(c4ccc(F)cc4)C3C2)nnc1-c1ccn(C)c(=O)c1,0.92551225,train
Cn1c(SCCCN2CC3CCN(c4c(F)cc(F)cc4F)C3C2)nnc1-c1ccn(C)c(=O)c1,0.8770533,train
Cn1c(SCCCN2CC3CCN(c4ccc(C(F)(F)F)cc4)C3C2)nnc1N1CCOCC1,0.9965701,train
Cn1c(SCCCN2CC3CCN(c4ccccc4)C3C2)nnc1C1CCOCC1,0.8244792,train
Cn1c(SCCCN2CC3CCN(c4ccc(F)cc4)C3C2)nnc1C1CCOCC1,0.9295106,train
Cn1c(SCCCN2CC3CCN(c4ccc(C(F)(F)F)cc4)C3C2)nnc1C1CCCC1,0.9986596,test
Cn1c(SCCCN2CC3CCN(c4ccc(C(F)(F)F)cc4)C3C2)nnc1C1CCCCC1,0.99860865,train
Cn1c(SCCCN2CC3CCN(c4ccc(F)cc4)C3C2)nnc1C1CCCCC1,0.99592245,train
Cc1ncoc1-c1nnc(SCCCN2CC3CN(c4ccc(C(F)(F)F)cc4)C3C2)n1C,0.99917006,test
Cn1c(SCCCN2CC3CCN(c4ccccc4C(F)(F)F)C3C2)nnc1-c1ccccn1,0.9988997,train
Cn1c(SCCCN2CC3CCN(c4ccccc4C(F)(F)F)C3C2)nnc1-c1ccncc1,0.9985073,val
Cn1c(SCCCN2CC3CCN(c4ccccc4C(F)(F)F)C3C2)nnc1-c1cccnc1,0.9981048,train
Cn1c(SCCCN2CC3CCN(c4ccc(C(F)(F)F)cc4)C3C2)nnc1-c1ccccn1,0.9987494,train
Cn1c(SCCCN2CC3CCN(c4ccc(C(F)(F)F)cc4)C3C2)nnc1-c1cccnc1,0.9978516,train
Cn1cc(-c2nnc(SCCCN3CC4CCN(c5ccc(C(F)(F)F)cc5)C4C3)n2C)cn1,0.9944102,val
Cn1c(SCCCN2CC3CCN(c4ccc(C(F)(F)F)cc4)C3C2)nnc1-c1cccnn1,0.99824655,val
Cn1c(SCCCN2CC3CCN(c4ccc(C(F)(F)F)cc4)C3C2)nnc1-c1ccncn1,0.9941401,val
Cn1c(SCCCN2CC3CCN(c4ccc(C(F)(F)F)cc4)C3C2)nnc1-c1cncnc1,0.99563086,val
Cn1c(SCCCN2CC3CCN(c4c(F)cc(F)cc4F)C3C2)nnc1-c1cnccn1,0.9819532,train
Cn1c(SCCCN2CC3CCN(c4c(F)cccc4F)C3C2)nnc1-c1cnccn1,0.9661569,train
Cn1c(SCCCN2CC3CCN(c4c(F)cccc4C(F)(F)F)C3C2)nnc1-c1cnccn1,0.9970266,train
Cn1c(SCCCN2CC3CCN(c4ccc(F)cc4C(F)(F)F)C3C2)nnc1-c1cnccn1,0.9989195,train
COc1cc(N2CCC3CN(CCCSc4nnc(-c5cnccn5)n4C)CC32)ccc1F,0.9678995,train
Cn1c(SCCCN2CC3CCN(c4ccc(F)cc4F)C3C2)nnc1-c1cnccn1,0.99345434,train
CC(C)Oc1ccccc1N1CCC2CN(CCCSc3nnc(-c4cnccn4)n3C)CC21,0.99085313,train
Cn1c(SCCCN2CC3CCN(c4ccccc4C#N)C3C2)nnc1-c1cnccn1,0.99089605,train
Cn1c(SCCCN2CC3CCN(c4cccc(C#N)c4)C3C2)nnc1-c1cnccn1,0.9952885,train
Cn1c(SCCCN2CC3CCN(c4ccc(C#N)cc4)C3C2)nnc1-c1cnccn1,0.9937868,train
Cn1c(SCCCN2CC3CCN(c4ccccc4OC(F)(F)F)C3C2)nnc1-c1cnccn1,0.99859303,train
Cn1c(SCCCN2CC3CCN(c4cccc(OC(F)(F)F)c4)C3C2)nnc1-c1cnccn1,0.998733,train
COc1ccccc1N1CCC2CN(CCCSc3nnc(-c4cnccn4)n3C)CC21,0.9883327,train
COc1cccc(N2CCC3CN(CCCSc4nnc(-c5cnccn5)n4C)CC32)c1,0.9766976,train
COc1ccc(N2CCC3CN(CCCSc4nnc(-c5cnccn5)n4C)CC32)cc1,0.96398,train
Cc1ccccc1N1CCC2CN(CCCSc3nnc(-c4cnccn4)n3C)CC21,0.9736574,train
Cc1cccc(N2CCC3CN(CCCSc4nnc(-c5cnccn5)n4C)CC32)c1,0.99259454,train
Cc1ccc(N2CCC3CN(CCCSc4nnc(-c5cnccn5)n4C)CC32)cc1,0.9837712,train
Cn1c(SCCCN2CC3CCN(c4ccccc4F)C3C2)nnc1-c1cnccn1,0.9814818,train
Cn1c(SCCCN2CC3CCN(c4cccc(F)c4)C3C2)nnc1-c1cnccn1,0.99163,train
Cn1c(SCCCN2CC3CCN(c4ccc(F)cc4)C3C2)nnc1-c1cnccn1,0.98947984,train
Cn1c(SCCCN2CC3CCN(c4ccccc4C(F)(F)F)C3C2)nnc1-c1cnccn1,0.99771094,train
Cn1c(SCCCN2CC3CCN(c4ccc(C(F)(F)F)cc4)C3C2)nnc1-c1cnccn1,0.99739933,train
Cc1ncoc1-c1nnc(SCCCN2CC3CCN(c4ccccc4OC(F)(F)F)C3C2)n1C,0.99915636,train
Cc1ncoc1-c1nnc(SCCCN2CC3CCN(c4c(F)cccc4F)C3C2)n1C,0.97977763,train
Cc1ncoc1-c1nnc(SCCCN2CC3CCN(c4ccc(Cl)cc4Cl)C3C2)n1C,0.9988794,train
Cc1ncoc1-c1nnc(SCCCN2CC3CCN(c4cccc(C#N)c4)C3C2)n1C,0.9971641,train
Cc1ncoc1-c1nnc(SCCCN2CC3CCN(c4cccc(F)c4)C3C2)n1C,0.99500173,train
Cc1ncoc1-c1nnc(SCCCN2CC3CCN(c4ccc(F)cc4)C3C2)n1C,0.99371284,train
Cc1ncoc1-c1nnc(SCCCN2CC3CCN(c4ccc(C(F)(F)F)cc4F)C3C2)n1C,0.99820316,train
Cc1ncoc1-c1nnc(SCCCN2CC3CCN(c4ccc(C(F)(F)F)cc4)C3C2)n1C,0.99840945,train
Cc1ncoc1-c1nnc(SCCCN2CC3CCN(c4ccccc4)C3C2)n1C,0.98281,train
COc1cccc(-c2c[nH]c([C@H]3Cc4c([nH]c5ccccc45)[C@](c4cnn(C)c4)(c4noc(C)n4)N3)n2)n1,0.99955326,train
Cc1nc([C@@]2(c3cnn(C)c3)N[C@@H](c3nc(-c4ccc(F)cn4)c[nH]3)Cc3c2[nH]c2ccccc32)no1,0.99880874,train
Cc1nc([C@@]2(c3cnn(C)c3)N[C@@H](c3nc(-c4ccccn4)c[nH]3)Cc3c2[nH]c2ccccc32)no1,0.9975291,train
Cc1nc([C@]2(c3cnn(C)c3)N[C@@H](c3nc(-c4ccccn4)c[nH]3)Cc3c2[nH]c2ccccc32)no1,0.9971048,train
Cc1nc([C@@]2(c3cnn(C)c3)N[C@@H](c3nc(-c4ccccc4)c[nH]3)Cc3c2[nH]c2ccccc32)no1,0.9992494,train
Cc1nc([C@]2(c3cnn(C)c3)N[C@@H](c3nc(-c4ccccc4)c[nH]3)Cc3c2[nH]c2ccccc32)no1,0.99912435,train
COc1cccc(-c2c[nH]c([C@H]3Cc4c([nH]c5ccccc45)[C@@H](C4CCOCC4)N3)n2)n1,0.9990852,train
Clc1ccc(-c2c[nH]c([C@H]3Cc4c([nH]c5ccccc45)[C@@H](C4CCOCC4)N3)n2)nc1,0.99928635,train
Fc1ccc(-c2c[nH]c([C@H]3Cc4c([nH]c5ccccc45)[C@@H](C4CCOCC4)N3)n2)nc1,0.9977227,train
c1ccc2c3c([nH]c2c1)[C@@H](C1CCOCC1)N[C@@H](c1nc(-c2cscn2)c[nH]1)C3,0.9909073,train
c1cncc(-c2c[nH]c([C@H]3Cc4c([nH]c5ccccc45)[C@@H](C4CCOCC4)N3)n2)c1,0.99632394,val
c1ccc2c3c([nH]c2c1)[C@@H](C1CCOCC1)N[C@@H](c1nc(-c2ccncc2)c[nH]1)C3,0.994949,val
c1ccc(-c2c[nH]c([C@H]3Cc4c([nH]c5ccccc45)[C@@H](C4CCOCC4)N3)n2)nc1,0.995456,train
c1ccc2c3c([nH]c2c1)[C@@H](C1CCOCC1)N[C@@H](c1nc(-c2csc4ccccc24)c[nH]1)C3,0.9997012,test
Clc1ccc(-c2c[nH]c([C@H]3Cc4c([nH]c5ccccc45)[C@@H](C4CCOCC4)N3)n2)s1,0.999592,val
c1ccc2c3c([nH]c2c1)[C@@H](C1CCOCC1)N[C@@H](c1nc(-c2ccsc2)c[nH]1)C3,0.99838626,val
Fc1ccc(-c2c[nH]c([C@H]3Cc4c([nH]c5ccccc45)[C@@H](C4CCOCC4)N3)n2)c(F)c1,0.9987393,train
Fc1ccc(-c2c[nH]c([C@H]3Cc4c([nH]c5ccccc45)[C@@H](C4CCOCC4)N3)n2)cc1F,0.9986331,train
O=C(O)c1cccc(-c2c[nH]c([C@H]3Cc4c([nH]c5ccccc45)[C@@H](C4CCOCC4)N3)n2)c1,0.665843,train
c1ccc(-c2ccc(-c3c[nH]c([C@H]4Cc5c([nH]c6ccccc56)[C@@H](C5CCOCC5)N4)n3)cc2)cc1,0.99900913,test
FC(F)(F)Oc1cccc(-c2c[nH]c([C@H]3Cc4c([nH]c5ccccc45)[C@@H](C4CCOCC4)N3)n2)c1,0.9998553,train
FC(F)(F)Oc1ccc(-c2c[nH]c([C@H]3Cc4c([nH]c5ccccc45)[C@@H](C4CCOCC4)N3)n2)cc1,0.9998529,train
COc1cccc(-c2c[nH]c([C@H]3Cc4c([nH]c5ccccc45)[C@@H](C4CCOCC4)N3)n2)c1,0.99857235,train
COc1ccc(-c2c[nH]c([C@H]3Cc4c([nH]c5ccccc45)[C@@H](C4CCOCC4)N3)n2)cc1,0.9970951,train
Oc1ccc(-c2c[nH]c([C@H]3Cc4c([nH]c5ccccc45)[C@@H](C4CCOCC4)N3)n2)cc1,0.99623126,train
FC(F)(F)c1ccc(-c2c[nH]c([C@H]3Cc4c([nH]c5ccccc45)[C@@H](C4CCOCC4)N3)n2)cc1,0.99963856,train
Cc1ccc(-c2c[nH]c([C@H]3Cc4c([nH]c5ccccc45)[C@@H](C4CCOCC4)N3)n2)cc1,0.99864215,train
Clc1ccc(-c2c[nH]c([C@H]3Cc4c([nH]c5ccccc45)[C@@H](C4CCOCC4)N3)n2)cc1,0.9995204,train
Fc1ccccc1-c1c[nH]c([C@H]2Cc3c([nH]c4ccccc34)[C@@H](C3CCOCC3)N2)n1,0.99768126,train
Fc1cccc(-c2c[nH]c([C@H]3Cc4c([nH]c5ccccc45)[C@@H](C4CCOCC4)N3)n2)c1,0.9990575,train
c1ccc2c3c([nH]c2c1)C(C1CCOCC1)NC(c1nc(C24CC5CC(CC(C5)C2)C4)c[nH]1)C3,0.9980386,test
CC(C)(C)c1c[nH]c(C2Cc3c([nH]c4ccccc34)C(C3CCOCC3)N2)n1,0.9479326,val
c1ccc2c3c([nH]c2c1)C(C1CCOCC1)NC(c1nc(C2CCCCC2)c[nH]1)C3,0.95865434,test
CC1(c2nc(-c3ccccc3)c[nH]2)Cc2c([nH]c3ccccc23)C(C2CCOCC2)N1,0.8731148,train
Cc1cc(C)n(Cc2ccc(C(=O)NCC3(c4nc(-c5ccccc5)cs4)CCOCC3)cc2)n1,0.38649207,test
CC(C)(C)NC(=O)c1c2ccccc2c(O)n1Cc1ccccc1-c1ccccc1,0.031215044,train
CCCCNC(=O)c1c2ccccc2c(O)n1CC(C)c1ccc(Cl)cc1,0.20000787,train
Cc1c(O)ccc2c(C(=O)NC(C)(C)C)n(Cc3ccccc3-c3ccccc3)c(O)c12,0.024452358,train
CC(C)(C)NC(=O)c1c2ccc(O)cc2c(O)n1Cc1ccccc1-c1ccccc1,0.034996808,train
CC(C)(C)NC(=O)c1c2ccc(NS(C)(=O)=O)cc2c(O)n1Cc1ccccc1-c1ccccc1,0.026199536,train
CC(C)(C)NC(=O)c1c2c(O)cccc2c(O)n1Cc1ccccc1-c1ccccc1,0.03343905,train
COc1ccc2c(C(=O)NC(C)(C)C)n(Cc3ccccc3-c3ccccc3)c(O)c2c1C,0.022935921,train
Cc1c(OC(F)F)ccc2c(C(=O)NC(C)(C)C)n(Cc3ccccc3-c3ccccc3)c(O)c12,0.049118564,train
Cc1c(OCF)ccc2c(C(=O)NC(C)(C)C)n(Cc3ccccc3-c3ccccc3)c(O)c12,0.014391025,train
COc1ccc2c(C(=O)NC(C)(C)C)n(Cc3ccccc3-c3ccccc3)c(O)c2c1,0.027337397,train
CC(C)(C)NC(=O)c1c2ccccc2c(O)n1Cc1ccccc1-c1ccc(F)cc1,0.043881565,train
Cc1c(O)ccc2c(C(=O)NC(C)(C)C)n(Cc3ccccc3-c3ccc(F)c(F)c3)c(O)c12,0.028991902,train
CCCC(=O)OC(C(=O)N1N=CCC1C(=O)NCc1cc(Cl)ccc1-n1cnnn1)c1ccc(F)cc1,0.01182042,train
CCCCC(=O)OC(C(=O)N1N=CCC1C(=O)NCc1cc(Cl)ccc1-n1cnnn1)c1ccc(F)cc1,0.017496478,train
O=C(OC(C(=O)N1N=CCC1C(=O)NCc1cc(Cl)ccc1-n1cnnn1)c1ccc(F)cc1)c1ccccc1,0.009578801,val
COc1cc2c(cc1Nc1ncc(Cl)c(Nc3ccccc3S(=O)(=O)C(C)C)n1)CC/C(=N\N1CCN(C)CC1)C2(C)C,0.0065247025,train
COc1cc2c(cc1Nc1ncc(Cl)c(Nc3ccccc3S(=O)(=O)C(C)C)n1)CCC(N)C2(C)C,0.1120233,train
O=C(c1nnc(-c2ccc(Cl)cc2)o1)N1CCC(Oc2ccc(CN3CCCC3)cc2)CC1,0.8064128,train
O=C(c1nnc(-c2ccccc2)o1)N1CCC(Oc2ccc(CN3CCCC3)cc2)CC1,0.33480853,train
COc1ccc(-c2nnc(C(=O)N3CCC(Oc4ccc(CN5CCCC5)cc4)CC3)o2)cc1,0.17003846,train
O=C(c1nnc(-c2ccc(OC(F)F)cc2)o1)N1CCC(Oc2ccc(CN3CCCC3)cc2)CC1,0.91909355,train
O=C(c1nnc(-c2ccc(F)cc2)o1)N1CCC(Oc2ccc(CN3CCCC3)cc2)CC1,0.45016164,train
O=C(c1nnc(-c2ccccc2Cl)o1)N1CCC(Oc2ccc(CN3CCCC3)cc2)CC1,0.40570438,train
COc1ccc(-c2nnc(C(=O)N3CCC(Oc4ccc(CN5CCCC5)nc4)CC3)o2)cc1,0.05646058,train
COc1ccc(-c2nnc(C(=O)N3CCC(Oc4ccc(CN5CCN(C)CC5)cc4)CC3)o2)cc1,0.13171424,train
COc1ccc(-c2nnc(C(=O)N3CCC(Oc4ccc(CN5CCOCC5)cc4)CC3)o2)cc1,0.05049955,train
COc1ccc(-c2nnc(C(=O)N3CC(Oc4ccc(CN5CCOCC5)c(OC)c4)C3)o2)cc1,0.07758883,train
O=C(c1nnc(-c2ccccc2)o1)N1CCC(Oc2ccc(CN3CCC(O)C3)cc2)CC1,0.046533186,train
COc1ccc(-c2nnc(C(=O)N3CCC(Oc4ccc(CN5CCC(O)C5)cc4)CC3)o2)cc1,0.031403728,train
COc1ccc(-c2nnc(C(=O)N3CC(Oc4ccc(CN5CCC(C)(O)C5)cc4)C3)o2)cc1,0.020409737,train
COc1ccc(-c2nnc(C(=O)N3CC(Oc4ccc(CN5CC(OC)C5)cc4)C3)o2)cc1,0.0258878,val
COc1ccc(-c2nnc(C(=O)N3CCC(Oc4ccc(CN5CC(O)C(C)(C)C5)cc4)CC3)o2)cc1,0.08249394,train
COc1ccc(-c2nnc(C(=O)N3CC(Oc4ccc(CN(C)CC5(C)COC5)cc4)C3)o2)cc1,0.047245122,train
CN(Cc1ccc(OC2CN(C(=O)c3nnc(-c4ccccc4)o3)C2)cc1)CC1(C)COC1,0.071291514,train
COc1ccc(-c2nnc(C(=O)N3CC(Oc4ccc(CN5CCCOCC5)cc4)C3)o2)cc1,0.07021598,train
COc1ccc(-c2nnc(C(=O)N3CC(Oc4ccc(CN5CCCC56COC6)cc4)C3)o2)cc1,0.8560262,val
COc1ccc(-c2nnc(C(=O)N3CC(Oc4ccc(CN5CC6(CCOC6)C5)cc4)C3)o2)cc1,0.050905958,train
O=C(c1nnc(-c2ccccc2)o1)N1CC(Oc2ccc(CN3CC4(CCOC4)C3)cc2)C1,0.08065849,train
COc1ccc(-c2nnc(C(=O)N3CC(Oc4ccc(CN5CC6(CCCO6)C5)cc4)C3)o2)cc1,0.060440253,train
O=C(c1nnc(-c2ccccc2)o1)N1CC(Oc2ccc(CN3CC4(CCCO4)C3)cc2)C1,0.10049189,train
COc1ccc(-c2nnc(C(=O)N3CC(Oc4ccc(CN5CC6(COC6)C5)cc4)C3)o2)cc1,0.035437964,train
O=C(c1nnc(-c2ccccc2)o1)N1CC(Oc2ccc(CN3CC4(COC4)C3)cc2)C1,0.052338507,train
Cc1cc(CN(C)C)ccc1OC1CN(C(=O)c2nnc(-c3ccccc3)o2)C1,0.13044792,train
COc1ccc(-c2nnc(C(=O)N3CC(Oc4ccc(CN(C)C)c(C)c4)C3)o2)cc1,0.20043601,train
COc1ccc(-c2nnc(C(=O)N3CC(Oc4ccc(CN(C)C)c(F)c4)C3)o2)cc1,0.11098458,train
COc1ccc(-c2nnc(C(=O)N3CC(Oc4ccc(CN(C)C)cc4)C3)o2)cc1,0.1512925,train
COc1ccc(-c2nnc(C(=O)N3CC(Oc4ccc(CN5CCCC5)cc4)C3)o2)cc1,0.25306866,train
O=C(c1nc(-c2ccccc2)no1)N1CCC(Oc2ccc(CN3CCCC3)cc2)CC1,0.9419342,train
Cc1oc(-c2ccccc2)nc1C(=O)N1CCC(Oc2ccc(CN3CCCC3)cc2)CC1,0.83646816,test
Cn1nc(C(=O)N2CCC(Oc3ccc(CN4CCCC4)cc3)CC2)cc1-c1ccccc1,0.8585661,val
O=C(c1noc(-c2ccccc2)n1)N1CCC(Oc2ccc(CN3CCCC3)cc2)CC1,0.62963647,val
O=C(c1cc(-c2ccccc2)on1)N1CCC(Oc2ccc(CN3CCCC3)cc2)CC1,0.9502282,train
Nc1ncnc2c1c(-c1cccc(OCc3ccccc3)c1)cn2[C@H]1C[C@@H](CN2CCC2)C1,0.98986393,val
Nc1ncnc2c1c(-c1cccc(O)c1)cn2[C@H]1C[C@@H](CN2CCC2)C1,0.91663617,val
Nc1ncnc2c1c(-c1cccc(OC[C@@H]3CCCO3)c1)cn2[C@H]1C[C@@H](CN2CCC2)C1,0.9962224,val
Nc1ncnc2c1c(-c1cccc(OCC34CCC(CC3)O4)c1)cn2[C@H]1C[C@@H](CN2CCC2)C1,0.99918765,test
CC(=O)N1CCN([C@H]2C[C@@H](n3cc(-c4cccc(OCC56CCC(CC5)O6)c4)c4c(N)ncnc43)C2)CC1,0.9968515,test
C=CC(=O)Nc1cccc(Oc2nc(Nc3ccc(N4CCN(C)CC4)cc3)nc3[nH]ccc23)c1,0.5121548,train
Cc1cc(F)ccc1C1CCN(CC2Cc3ccccc3CN2)CC1,0.9960763,train
Cc1cc(F)ccc1C1CCN(CC2Cc3c(Cl)ccc(O)c3CN2)CC1,0.9886722,train
CN1C(=O)c2ccccc2CC1CN1CCC2(CCc3ccccc32)CC1,0.91050726,val
CC(=O)N1Cc2ccccc2CC1CN1CCC2(CCc3ccccc32)CC1,0.8315055,train
Oc1ccc(Cl)c2c1CNC(CN1CCC3(CCc4ccccc43)CC1)C2,0.9749151,train
Oc1ccc(Br)c2c1CNC(CN1CCC3(CCc4ccccc43)CC1)C2,0.97780377,train
Oc1cccc2c1CNC(CN1CCC3(CCc4ccccc43)CC1)C2,0.9471694,train
Oc1ccc2c(c1)CC(CN1CCC3(CCc4ccccc43)CC1)NC2,0.97592837,train
c1ccc2c(c1)CC(CN1CCC3(CCc4ccccc43)CC1)CO2,0.98409665,val
O=c1cnc2ccc(F)c3c2n1C[C@H]3CN1CCC(NCc2cc3c(nn2)OCCO3)CC1,0.0023987622,train
O=C1OCc2cc(/C=C/C3CCN(C(=O)Cc4ccc(-n5cnnn5)cc4)CC3)ccc21,0.3849232,val
O=C1OCc2cc(CCC3C4CN(C(=O)Cc5ccc(-n6cnnn6)cc5)CC34)ccc21,0.88333774,val
O=C1OCc2cc(CCC3CCN(C(=O)Cc4ccc(-n5cnnn5)nc4)CC3)ccc21,0.8836947,val
O=C1OCc2cc(CCC3CCN(C(=O)Cc4ccc(-n5cnnn5)cn4)CC3)ccc21,0.579873,val
O=C1OCc2cc(CCC3(F)CCN(C(=O)Cc4ccc(-n5cnnn5)cc4)CC3)ccc21,0.47402167,train
O=C1OCc2cc(CCC3(O)CCN(C(=O)Cc4ccc(-n5cnnn5)cc4)CC3)ccc21,0.15512,train
Cc1c(CCC2CCN(C(=O)Cc3ccc(-n4cnnn4)cc3)CC2)ccc2c1COC2=O,0.44843408,train
O=C1OCc2cc(CCN3CCN(C(=O)Cc4ccc(-n5cnnn5)nc4)CC3)ccc21,0.61130106,train
O=C1OCc2cc(CCN3CCN(C(=O)Cc4ccc(-n5cnnn5)cn4)CC3)ccc21,0.22208813,train
O=C1OCc2nc(CCN3CCN(C(=O)Cc4ccc(-n5cnnn5)cc4)CC3)ccc21,0.09744453,test
O=C1OCc2cc(CCC3CCN(C(=O)Cc4ccc(-n5cnnn5)cc4)CC3)ccc21,0.79176736,train
Cc1c(CCN2CCN(C(=O)Cc3ccc(-n4cnnn4)cn3)CC2)ccc2c1COC2=O,0.0662244,train
Cc1c(CCN2CCN(C(=O)Cc3ccc(-n4cnnn4)nc3)CC2)ccc2c1COC2=O,0.27869844,train
Cc1c(CCN2CCN(C(=O)Cc3cnc(-n4cnnn4)cn3)CC2)ccc2c1COC2=O,0.12968846,train
Cc1cc(-n2cnnn2)cnc1CC(=O)N1CCN(CCc2ccc3c(c2C)COC3=O)CC1,0.079923205,train
Cc1cc(-n2cnnn2)ncc1CC(=O)N1CCN(CCc2ccc3c(c2C)COC3=O)CC1,0.24398533,train
Cc1nc(-n2cnnn2)ccc1CC(=O)N1CCN(CCc2ccc3c(c2C)COC3=O)CC1,0.26634878,train
Cc1cc(-n2cnnn2)ncc1C(C)C(=O)N1CCN(CCc2ccc3c(c2C)COC3=O)CC1,0.1297835,train
Cc1nc(-n2cnnn2)ccc1C(C)C(=O)N1CCN(CCc2ccc3c(c2C)COC3=O)CC1,0.33197713,train
Cc1c(CCN2CCN(C(=O)Cc3cncc(-n4cnnn4)c3)CC2)ccc2c1COC2=O,0.13298029,val
Cc1c(C(C)CN2CCN(C(=O)Cc3ccc(-n4cnnn4)nc3)CC2)ccc2c1COC2=O,0.018275911,train
Cc1c(C(F)CN2CCN(C(=O)Cc3ccc(-n4cnnn4)nc3)CC2)ccc2c1COC2=O,0.015027382,train
Cc1c(C(O)CN2CCN(C(=O)Cc3ccc(-n4cnnn4)nc3)CC2)ccc2c1COC2=O,0.015304601,train
COc1c(C(O)CN2CCN(C(=O)Cc3ccc(-n4cnnn4)nc3)CC2)ccc2c1COC2=O,0.024187474,train
CN(C)C(=O)c1cc(CN2CCOc3c(F)cccc32)c2oc(N3CCOCC3)cc(=O)c2c1,0.05337882,val
O=C(O)C1CN(Cc2ccc(-c3noc(-c4onc(-c5ccccc5)c4C(F)(F)F)n3)cc2)C1,0.13049236,train
COc1nc(N2CC3C(=O)N(C)C(N)=N[C@@]3(c3ccc(F)cc3F)C2)nc(C)c1F,0.9722908,train
CNC(=O)c1cc(Oc2ccc3nc(NC(=O)c4cc(C(F)(F)F)cc(C(F)(F)F)c4)sc3c2)ccn1,0.97540367,test
CC(C)CS(=O)(=O)n1ccc2c(-c3ccc(C(F)(F)F)cc3)cc(N3CCN(C)CC3)nc21,0.98751664,train
CC(C)CS(=O)(=O)n1ccc2c(-c3ccc(C(F)(F)F)cc3)cc(N3CCNCC3)nc21,0.9922161,train
O=C1N[C@H](c2cncc(C#Cc3ccccc3)c2)[C@@H](c2cc(F)ccc2F)O1,0.85380536,train
Cc1cc2ncc3c(n2n1)CN([C@H]1CC[C@H](c2cc(F)c(F)cc2F)[C@@H](N)C1)C3,0.9305162,test
Cc1cc2ncc3c(n2n1)CN([C@H]1CO[C@H](c2cc(F)c(F)cc2F)[C@@H](N)C1)C3,0.016648857,val
N[C@H]1C[C@@H](N2Cc3cnc4nnc(C5CC5)n4c3C2)CC[C@@H]1c1cc(F)c(F)cc1F,0.8257991,val
Cc1ccn2nc3c(c2n1)CN([C@H]1CO[C@H](c2cc(F)ccc2F)[C@@H](N)C1)C3,0.007890462,train
Cc1ccnc2c3c(nn12)CN([C@H]1CO[C@H](c2cc(F)ccc2F)[C@@H](N)C1)C3,0.0039995294,train
N[C@H]1C[C@@H](N2Cc3nn4nccnc4c3C2)CO[C@@H]1c1cc(F)ccc1F,0.0051424084,val
O=c1ccc(OCCCN2CCCCC2)nn1-c1ccc(Cl)cc1,0.96530473,train
O=c1ccc(OCCCN2CCCCC2)nn1-c1ccc(Cl)c(Cl)c1,0.9295709,train
O=c1ccc(OCCCN2CCCCC2)nn1-c1ccc(F)c(Cl)c1,0.91673625,train
O=c1ccc(OCCCN2CCCCC2)nn1-c1ccc(F)c(F)c1,0.9002072,train
CC1CCN(CCCOc2ccc(=O)n(-c3ccc(Cl)cc3)n2)CC1,0.9830745,train
CC1CCN(CCCOc2ccc(=O)n(-c3ccc(Cl)c(Cl)c3)n2)CC1,0.9652685,train
CC1CCN(CCCOc2ccc(=O)n(-c3ccc(F)c(Cl)c3)n2)CC1,0.9596407,train
CC1CCN(CCCOc2ccc(=O)n(-c3ccc(F)c(F)c3)n2)CC1,0.95474434,train
CNC(=O)c1cccc(OCCCCN2CCC(c3noc4cc(F)ccc34)CC2)c1,0.97708446,train
CNC(=O)c1cc(OCCCCN2CCC(c3noc4cc(F)ccc34)CC2)ccc1F,0.9695967,train
CC(=O)Nc1ccc2c3c(cccc13)C(=O)N(CCCCN1CCC(Nc3nc4ccccc4n3Cc3ccc(F)cc3)CC1)C2=O,0.9969476,train
O=[N+]([O-])c1ccc(NCCCCN2CCC(Nc3nc4ccccc4n3Cc3ccc(F)cc3)CC2)c2nonc12,0.9998567,train
CCN(CC)c1ccc2cc(C(=O)NCCCCN3CCC(Nc4nc5ccccc5n4Cc4ccc(F)cc4)CC3)c(=O)oc2c1,0.9894069,test
COc1cnc(C(=O)Nc2cc(F)c(F)c([C@]3(C)C[C@@H](c4c(C)noc4C)SC(=N)N3)c2)cn1,0.99120903,train
CC(=O)Nc1cc(Nc2cc(NC3CC3)n3ncc(C#N)c3n2)ccc1N(C)CCN(C)C,0.16192345,train
C[C@H]1Cc2c(ncnc2Oc2ccc3c(ccn3C(=O)Nc3cc(C4(C(F)(F)F)CC4)on3)c2)CN1,0.0023841476,val
C[C@H]1Cc2c(ncnc2Oc2ccc3ccn(C(=O)Nc4cc(C5(C(F)(F)F)CC5)on4)c3c2)CN1,0.0023112833,test
CC(C)(C)c1cc(NC(=O)n2ccc3ccc(Oc4ncnc5c4CNC5)cc32)no1,0.34652832,train
CC(C)(C)c1cc(NC(=O)n2ccc3nc(Oc4ncnc5c4CNC5)ccc32)no1,0.49094158,val
CC(C)(C)c1cc(NC(=O)c2cnc3cc(Oc4ncnc5c4CNC5)ccn23)no1,0.36007553,val
CC(C)(C)c1cc(NC(=O)n2ccc3cc(Oc4ncnc5c4CNC5)cnc32)no1,0.4397357,train
CC(C)(C)c1cc(NC(=O)n2ncc3cc(Oc4ncnc5c4CNC5)ccc32)no1,0.46901068,train
Cn1c(O)cn2c(=O)c3c(nc(N4CCC[C@@H](N)C4)n3Cc3cc(F)ccc3C#N)nc12,0.09615423,train
CN(C/C=C/c1ccc(C(F)(F)F)cc1)Cc1cccc2ccoc12,0.95988625,test
CC(C)Oc1cc([C@@](Cc2ccccc2)(NC[C@H](O)CC(F)(F)F)c2cc(F)cc(OC(F)(F)C(F)F)c2)ccc1F,0.0040078238,train
CC(C)Oc1cc([C@@](Cc2ccccc2)(NC[C@@H](O)C(F)(F)F)c2cc(F)cc(OC(F)(F)C(F)F)c2)ccc1F,0.001322045,train
CC(C)Oc1cc([C@@](Cc2ccccc2)(NC[C@H](O)C(F)(F)F)c2cc(F)cc(OC(F)(F)C(F)F)c2)ccc1F,0.0011818925,train
CC(C)Oc1cc([C@@](Cc2ccccc2)(NC[C@@H](O)CC(F)(F)F)c2cc(F)cc(OC(F)(F)C(F)F)c2)ccc1F,0.003579418,train
CC(=O)N1CCC(n2cc(Nc3ncc(Cl)c(-c4cnc5ccccn45)n3)cn2)CC1,0.8467898,train
COc1nn(C2CCN(C(C)=O)CC2)cc1Nc1ncc(Cl)c(-c2cnc3ccccn23)n1,0.7870883,train
CC(=O)N1CCC(n2cc(Nc3ncc(Cl)c(-c4cnc5ccccn45)n3)c(C)n2)CC1,0.40461928,train
Cc1nn(C2CCNCC2)cc1Nc1ncc(Cl)c(-c2cnc3ccccn23)n1,0.644185,train
CC(=O)N1CCC(n2ncc(Nc3ncc(Cl)c(-c4cnc5ccccn45)n3)c2C)CC1,0.0455062,train
CC(=O)N1CCC(n2nc(C)c(Nc3ncc(Cl)c(-c4cnc5ccccn45)n3)c2C)CC1,0.026120793,train
COc1nn(C2CCN(C(C)=O)CC2)cc1Nc1ncc(Cl)c(-c2cnn3ccccc23)n1,0.83215994,train
CC(=O)N1CCC(n2cc(Nc3ncc(Cl)c(-c4cnn5ccccc45)n3)c(C)n2)CC1,0.47684047,train
Cc1nn(C2CCNCC2)c(C)c1Nc1ncc(Cl)c(-c2cnn3ccccc23)n1,0.11858934,train
CC(=O)N1CCC(n2nc(C)c(Nc3ncc(Cl)c(-c4cnn5ccccc45)n3)c2C)CC1,0.03177654,train
CCOc1nn(C2CCN(C(C)=O)CC2)cc1Nc1ncc(Cl)c(-c2cnn3ccccc23)n1,0.8121587,train
CCc1nn(C2CCN(C(C)=O)CC2)cc1Nc1ncc(Cl)c(-c2cnn3ccccc23)n1,0.5839719,train
CCc1c(Nc2ncc(Cl)c(-c3cnn4ccccc34)n2)cnn1C1CCN(C(C)=O)CC1,0.10513983,train
Cc1nn(C2CCN(CCO)CC2)c(C)c1Nc1ncc(Cl)c(-c2cnn3ccccc23)n1,0.40253735,train
CNC(=O)CN1CCC(n2nc(C)c(Nc3ncc(Cl)c(-c4cnn5ccccc45)n3)c2C)CC1,0.052124307,train
Cc1nn(C2CCN(CC(=O)N(C)C)CC2)c(C)c1Nc1ncc(Cl)c(-c2cnn3ccccc23)n1,0.26605934,train
Cc1nn(C2CCN(C(=O)CO)CC2)c(C)c1Nc1ncc(Cl)c(-c2cnn3ccccc23)n1,0.013758719,train
COCC(=O)N1CCC(n2nc(C)c(Nc3ncc(Cl)c(-c4cnn5ccccc45)n3)c2C)CC1,0.030710043,train
Cc1nn(C2CCN(C(=O)C(C)O)CC2)c(C)c1Nc1ncc(Cl)c(-c2cnn3ccccc23)n1,0.024853278,train
N#Cc1ccc(Oc2ccc(S(=O)(=O)Nc3ccc(F)cn3)cc2C#N)cc1Cl,0.9986098,test
CN1CCN(c2ccccc2CNC(=O)c2ccc(F)c(NC(=O)c3cnc4cc(-c5ccnn5C)ccn34)c2)CC1,0.058850825,test
Cc1ncoc1-c1nnc(SCCCN2CC[C@]3(C[C@H]3c3ccccc3)C2)n1C,0.99981254,train
Cc1ncoc1-c1nnc(SCCCN2CC[C@@]3(C[C@@H]3c3ccccc3)C2)n1C,0.99980146,train
Cc1ncoc1-c1nnc(SCCCN2CC[C@]3(C[C@@H]3c3ccccc3)C2)n1C,0.99959344,train
Cc1ncoc1-c1nnc(SCCCN2CC[C@@]3(C[C@H]3c3ccccc3)C2)n1C,0.999796,train
Cc1ncoc1-c1nnc(SCCCN2CC[C@]3(C[C@H]3c3ccc(C(F)(F)F)cc3)C2)n1C,0.9999714,train
Cc1ncoc1-c1nnc(SCCCN2CC[C@@]3(C[C@@H]3c3ccc(C(F)(F)F)cc3)C2)n1C,0.9999509,train
Cc1ncoc1-c1nnc(SCCCN2CC[C@]3(C[C@@H]3c3ccc(C(F)(F)F)cc3)C2)n1C,0.9998915,train
Cc1ncoc1-c1nnc(SCCN2CC[C@]3(C[C@H]3c3ccc(C(F)(F)F)cc3)C2)n1C,0.9996271,train
Cc1ncoc1-c1nnc(SCCN2CC[C@@]3(C[C@@H]3c3ccc(C(F)(F)F)cc3)C2)n1C,0.9996613,train
Cc1ncoc1-c1nnc(SCCN2CC[C@]3(C[C@@H]3c3ccc(C(F)(F)F)cc3)C2)n1C,0.9976495,train
Cc1ncoc1-c1nnc(SCCCCN2CC[C@]3(C[C@@H]3c3ccc(C(F)(F)F)cc3)C2)n1C,0.999624,train
Cc1ncoc1-c1nnc(SCCCN2CC[C@]3(C[C@H]3c3ccccc3C(F)(F)F)C2)n1C,0.99990916,train
Cc1ncoc1-c1nnc(SCCCN2CC[C@@]3(C[C@@H]3c3ccccc3C(F)(F)F)C2)n1C,0.99981993,train
Cc1ncoc1-c1nnc(SCCCN2CC[C@@]3(C[C@H]3c3ccc(F)cc3)C2)n1C,0.9999027,train
Cc1ncoc1-c1nnc(SCCCN2CC[C@@]3(C[C@H]3c3ccc(F)cc3F)C2)n1C,0.99991584,train
Cc1ncoc1-c1nnc(SCCCN2CC[C@]3(C[C@H]3c3ccc(C(F)(F)F)cc3F)C2)n1C,0.9999659,train
Cc1ncoc1-c1nnc(SCCCN2CC[C@@]3(C[C@@H]3c3ccc(C(F)(F)F)cc3F)C2)n1C,0.9999572,train
Cc1ncoc1-c1nnc(SCCCN2CC[C@]3(C[C@@H]3c3ccc(C(F)(F)F)cc3F)C2)n1C,0.9999074,train
Cc1ncoc1-c1nnc(SCCCN2CC[C@@]3(C[C@H]3c3ccc(C(F)(F)F)cc3F)C2)n1C,0.9999645,train
Cc1ncoc1-c1nnc(SCCCN2CC[C@]3(C[C@H]3c3ccc(F)cc3C(F)(F)F)C2)n1C,0.9999405,train
Cc1ncoc1-c1nnc(SCCCN2CC[C@@]3(C[C@H]3c3ccc(F)cc3C(F)(F)F)C2)n1C,0.9999231,train
Cc1ncoc1-c1nnc(SCCCN2CC[C@]3(C[C@@H]3c3cc(Cl)cc(Cl)c3)C2)n1C,0.9999584,train
Cc1ncsc1-c1nnc(SCCCN2CC[C@]3(C[C@@H]3c3ccc(C(F)(F)F)cc3)C2)n1C,0.9997594,test
Cn1c(SCCCN2CC[C@]3(C[C@@H]3c3ccc(C(F)(F)F)cc3)C2)nnc1-c1nccs1,0.9998977,val
Cn1c(SCCCN2CC[C@]3(C[C@H]3c3ccc(C(F)(F)F)cc3)C2)nnc1-c1csnn1,0.9999591,test
Cn1c(SCCCN2CC[C@]3(C[C@@H]3c3ccc(C(F)(F)F)cc3)C2)nnc1-c1ccoc1,0.9998331,val
Cn1cc(-c2nnc(SCCCN3CC[C@]4(C[C@@H]4c4ccc(C(F)(F)F)cc4)C3)n2C)cn1,0.9997162,train
Cn1nccc1-c1nnc(SCCCN2CC[C@]3(C[C@@H]3c3ccc(C(F)(F)F)cc3)C2)n1C,0.9997452,test
Cc1cc(-c2nnc(SCCCN3CC[C@]4(C[C@@H]4c4ccc(C(F)(F)F)cc4)C3)n2C)on1,0.9999881,train
Cn1c(SCCCN2CC[C@]3(C[C@@H]3c3ccc(C(F)(F)F)cc3)C2)nnc1-c1ccc(C(N)=O)cc1,0.9995809,train
Cn1c(SCCCN2CC[C@]3(C[C@@H]3c3ccc(C(F)(F)F)cc3)C2)nnc1-c1cccc(C(N)=O)c1,0.99957174,train
Cn1c(SCCCN2CC[C@]3(C[C@@H]3c3ccc(C(F)(F)F)cc3)C2)nnc1-c1ccc(S(N)(=O)=O)cc1,0.9988738,train
Cn1c(SCCCN2CC[C@]3(C[C@@H]3c3ccc(C(F)(F)F)cc3)C2)nnc1-c1ccc(CC(N)=O)cc1,0.9993709,train
Cn1c(SCCCN2CC[C@]3(C[C@@H]3c3ccc(C(F)(F)F)cc3)C2)nnc1-c1ccc(-c2ncco2)cc1,0.9999697,train
Cn1c(SCCCN2CC[C@]3(C[C@@H]3c3ccc(C(F)(F)F)cc3)C2)nnc1-c1cccc(-c2ncco2)c1,0.99997103,test
Cn1c(SCCCN2CC[C@]3(C[C@@H]3c3ccc(C(F)(F)F)cc3)C2)nnc1-c1cccnc1,0.99985516,train
Cn1c(SCCCN2CC[C@]3(C[C@@H]3c3ccc(C(F)(F)F)cc3)C2)nnc1-c1ccccn1,0.99990964,val
Cn1c(SCCCN2CC[C@]3(C[C@@H]3c3ccc(F)cc3F)C2)nnc1-c1cccnc1,0.9997687,train
Cn1c(SCCCN2CC[C@]3(C[C@H]3c3ccc(C(F)(F)F)cc3)C2)nnc1-c1ccncc1,0.99996686,train
Cn1c(SCCCN2CC[C@]3(C[C@@H]3c3ccc(C(F)(F)F)cc3)C2)nnc1-c1ccncc1,0.9998746,train
Cn1c(SCCCN2CC[C@]3(C[C@@H]3c3ccc(C(F)(F)F)cc3)C2)nnc1-c1cnccn1,0.9998512,train
Cn1c(SCCCN2CC[C@]3(C[C@@H]3c3ccc(C(F)(F)F)cc3)C2)nnc1-c1ccncn1,0.9997203,train
Cn1c(SCCCN2CC[C@]3(C[C@@H]3c3ccc(C(F)(F)F)cc3)C2)nnc1-c1ccnnc1,0.999846,train
Cn1c(SCCCN2CC[C@]3(C[C@@H]3c3ccc(C(F)(F)F)cc3F)C2)nnc1-c1cccnc1,0.99987626,train
Cn1c(SCCCN2CC[C@]3(C[C@@H]3c3ccc(F)cc3)C2)nnc1-c1cccnc1,0.99965,train
Cc1ncccc1-c1nnc(SCCCN2CC[C@]3(C[C@@H]3c3ccc(C(F)(F)F)cc3)C2)n1C,0.9998449,train
Cn1c(SCCCN2CC[C@]3(C[C@@H]3c3ccc(C(F)(F)F)cc3)C2)nnc1-c1cccnc1C(F)(F)F,0.9999063,train
COc1ncccc1-c1nnc(SCCCN2CC[C@]3(C[C@@H]3c3ccc(C(F)(F)F)cc3)C2)n1C,0.99991834,train
Cn1c(SCCCN2CC[C@]3(C[C@@H]3c3ccc(C(F)(F)F)cc3)C2)nnc1-c1ccc(C(N)=O)nc1,0.9993344,train
Cc1ccc(-c2nnc(SCCCN3CC[C@]4(C[C@@H]4c4ccc(C(F)(F)F)cc4)C3)n2C)c(C)n1,0.99992514,train
Cc1nc(C(N)=O)ccc1-c1nnc(SCCCN2CC[C@]3(C[C@@H]3c3ccc(C(F)(F)F)cc3)C2)n1C,0.99942493,train
Cc1nc(C(=O)O)ccc1-c1nnc(SCCCN2CC[C@]3(C[C@@H]3c3ccc(C(F)(F)F)cc3)C2)n1C,0.9286367,train
Cn1c(SCCCN2CC[C@]3(C[C@@H]3c3ccc(C(F)(F)F)cc3)C2)nnc1-c1ccc(=O)[nH]c1,0.99963224,train
Cn1c(SCCCN2CC[C@]3(C[C@@H]3c3ccc(C(F)(F)F)cc3)C2)nnc1-c1cc[nH]c(=O)c1,0.99955195,train
Cn1c(SCCCN2CC[C@]3(C[C@@H]3c3ccc(C(F)(F)F)cc3)C2)nnc1-c1ccn(C)c(=O)c1,0.9990313,train
Cn1c(SCCCN2CC[C@]3(C[C@@H]3c3ccc(C(F)(F)F)cc3)C2)nnc1C1CCN(C(N)=O)CC1,0.99713564,train
CC(=O)NC1CCC(c2nnc(SCCCN3CC[C@]4(C[C@@H]4c4ccc(C(F)(F)F)cc4)C3)n2C)CC1,0.99845266,train
Cn1c(SCCCN2CC[C@]3(C[C@@H]3c3ccc(C(F)(F)F)cc3)C2)nnc1C1CCOCC1,0.99912053,train
Cn1c(SCCCN2CC[C@]3(C[C@@H]3c3ccc(C(F)(F)F)cc3)C2)nnc1-c1ccc(=O)n(C)c1,0.9988111,train
Cn1c(SCCCN2CC[C@]3(C[C@@H]3c3ccc(C(F)(F)F)cc3)C2)nnc1C1CC2CCC(C1)O2,0.99999094,val
Cn1c(SCCCN2CC[C@]3(C[C@@H]3c3ccc(C(F)(F)F)cc3)C2)nnc1C1CCCCC1,0.99989295,train
COc1c(Nc2ncc(Cl)c(N[C@H]3C(C(N)=O)[C@@H]4C=C[C@H]3C4)n2)ccc2c1CCC[C@H](N1CCN(C)CC1)C2,0.97017056,train
COc1c(Nc2ncc(Cl)c(N[C@H]3C(C(N)=O)[C@@H]4C=C[C@H]3C4)n2)ccc2c1CCC[C@@H](N1CCN(C)CC1)C2,0.9906584,train
COc1c(Nc2ncc(Cl)c(Nc3ccccc3N3CCCS3(=O)=O)n2)ccc2c1CCCC(N1CCN(CCO)CC1)C2,0.95724154,test
COc1c(Nc2ncc(Cl)c(Nc3ccccc3S(=O)(=O)N(C)C)n2)ccc2c1CCCC(N1CCN(CCO)CC1)C2,0.9721939,train
COc1c(Nc2ncc(Cl)c(Nc3ccccc3-n3cccn3)n2)ccc2c1CCCC(N1CCN(CCO)CC1)C2,0.99140596,val
Cc1c(-c2c(F)cc(C(N)=O)c3[nH]c4c(c23)CC[C@H](C(C)(C)O)C4)cccc1-n1c(=O)c2cccc(F)c2n(C)c1=O,0.121705145,val
N#Cc1ccc(-c2ccc(C[C@@H](C#N)NC(=O)C3CCCC[C@@H]3N)cc2)cc1,0.78384376,train
N#Cc1ccc(-c2ccc(C[C@@H](C#N)NC(=O)C3CCCCC[C@@H]3N)cc2)cc1,0.78769803,val
N#Cc1ccc(-c2ccc(C[C@@H](C#N)NC(=O)C3CNCCCO3)cc2)cc1,0.55669105,val
Cn1c(=O)sc2ccc(-c3ccc(C[C@@H](C#N)NC(=O)C4CNCCCO4)cc3)cc21,0.07651939,test
CCn1c(=O)oc2ccc(-c3ccc(C[C@@H](C#N)NC(=O)C4CNCCCO4)cc3)cc21,0.059418213,test
COc1ccc2[nH]c3c(c2c1)CC1c2cc4c(cc2CCN1C3)OCO4,0.10222716,train
COc1ccc2[nH]c3c(c2c1)C[C@H]1c2cc4c(cc2CCN1C3)OCO4,0.18189587,train
Cc1nc2cc(-n3ncc(C(=O)c4cc5ccccc5[nH]4)c3N)ccc2[nH]1,0.5652278,train
Cc1nc2cc(-n3ncc(C(=O)c4cc5ccc(CN6CCC(F)(F)CC6)cc5[nH]4)c3N)ccc2[nH]1,0.58184224,val
Cc1ccc2cc(C(=O)c3cnn(-c4ccc5[nH]c(C)nc5c4)c3N)[nH]c2c1,0.72204906,train
COc1cnc(O[C@@H]2CC(C(=O)N[C@]3(C(=O)NS(=O)(=O)C4CC4)C[C@H]3C3CC3)N(C(=O)C(NC(=O)O[C@H](C)C(F)(F)F)C3CCCCC3)C2)c2cc(Cl)ccc12,0.047401093,test
CC(C(=O)Nc1ccc(Cl)c(-c2ccccn2)c1)[C@@H]1CC[C@@H](C)c2ccc(CN3CCOCC3)nc21,0.74273545,train
N[C@H]1CCCN(c2ccncc2Nc2ncc3ccc(-c4c(F)cccc4F)nn23)C1,0.26721415,train
N[C@H]1CCCN(c2ccncc2Nc2ncc3ccc(-c4ncccc4F)nn23)C1,0.2145579,train
C[C@@H]1C[C@H](N)CN(c2ccncc2Nc2ncc3ccc(-c4c(F)cccc4F)nn23)C1,0.8223364,train
C[C@@H]1CC[C@H](N)CN1c1ccncc1Nc1ncc2ccc(-c3c(F)cccc3F)nn12,0.3375535,train
N[C@@H]1CN(c2ccncc2Nc2ncc3ccc(-c4c(F)cccc4F)nn23)C[C@H](N)[C@H]1O,0.025357183,train
C[C@@H]1C[C@H](N)CN(c2ccncc2Nc2ncc3ccc(-c4ncccc4F)nn23)C1,0.7759905,train
N[C@@H]1CN(c2ccncc2Nc2ncc3ccc(-c4ncccc4F)nn23)C[C@H](N)[C@H]1O,0.021126444,train
CC1(C)c2cc(C3CCN(CC4CCOCC4)CC3)ccc2C(=O)c2c1[nH]c1cc(C#N)ccc21,0.94809735,train
Cn1ccc(Cn2cc(-c3ccc(Cl)c(C(F)(F)F)c3)cn2)n1,0.9986571,train
FC(F)c1cc(-c2cnn(Cc3cc[nH]n3)c2)ccc1Cl,0.9981505,train
CCc1[nH]ncc1Cn1cc(-c2ccc(Cl)c(OC(F)F)c2)cn1,0.9964581,train
FC(F)Oc1cc(-c2cnn(Cc3cn[nH]c3)c2)ccc1Cl,0.9991566,train
FC(F)Oc1cc(-c2cnn(Cc3cc[nH]n3)c2)ccc1Cl,0.9992275,train
Cn1cc(Cn2cc(-c3ccc(Cl)c(OC(F)F)c3)cn2)cn1,0.9994843,train
Cn1ccc(Cn2cc(-c3ccc(Cl)c(OC(F)F)c3)cn2)n1,0.99915135,train
Cc1cn(-c2ccc(-c3cn(CC(=O)Nc4cccc(Cl)c4Cl)nn3)cc2F)cn1,0.7111375,train
Cc1nccn1-c1ccc(-c2cn(CC(=O)Nc3cccc(Cl)c3Cl)nn2)cc1,0.40869465,train
Cc1nccn1-c1ccc(-c2cn(CC(=O)Nc3cccc(Cl)c3Cl)nn2)cn1,0.48222485,test
Cc1cc(-c2cc(OC(F)(F)F)ccc2Cl)cc(C)c1OCCCC(=O)O,0.15212144,train
Cc1c([C@H]2CN3CCN(C(=O)Cc4ccc(-n5cnnn5)nc4)C[C@@H]3CO2)ccc2c1COC2=O,0.002614231,train
Cc1c([C@@H]2CN3CCN(C(=O)Cc4ccc(-n5cnnn5)nc4)C[C@H]3CO2)ccc2c1COC2=O,0.016997997,train
Cc1c([C@H]2CN3CCN(C(=O)Cc4ccc(-n5cnnn5)nc4)C[C@H]3CO2)ccc2c1COC2=O,0.0044240304,train
Cc1c([C@@H]2CN3CCN(C(=O)Cc4ccc(-n5cnnn5)nc4)C[C@@H]3CO2)ccc2c1COC2=O,0.0071337386,train
Cc1c([C@@H]2CN3CCN(C(=O)Cc4ccc(-n5cnnn5)nc4)C[C@H]3CS2)ccc2c1COC2=O,0.070995286,test
Cc1c([C@H]2CN3CCN(C(=O)Cc4ccc(-n5cnnn5)nc4)C[C@@H]3CN2)ccc2c1COC2=O,0.0109938355,test
O=C1OCCc2cc([C@@H]3CN4CCN(C(=O)Cc5ccc(-n6cnnn6)nc5)C[C@H]4CO3)ccc21,0.02223923,train
Cc1c([C@@H]2CN3CCN(C(=O)Cc4ccc(-n5cnnn5)nc4)C[C@H]3CO2)ccc(F)c1C#N,0.47241813,train
Cc1c([C@H]2CN3CCN(C(=O)Cc4ccc(-n5cnnn5)nc4)C[C@H]3CO2)ccc(F)c1C#N,0.031016843,train
Cc1c(C#N)cccc1[C@H]1CN2CCN(C(=O)Cc3ccc(-n4cnnn4)nc3)C[C@H]2CO1,0.007964541,train
Cc1c([C@H]2CN3CCN(C(=O)Cc4ccc(-n5cnnn5)nc4)C[C@H]3CO2)ccc2nonc12,0.0041000927,val
Cc1c(C#N)cccc1[C@@H]1CN2CCN(C(=O)Cc3ccc(-n4cnnn4)nc3)C[C@@H]2CO1,0.039416134,train
O=C1OCCc2cc([C@H]3CN4CCN(C(=O)Cc5ccc(-n6cnnn6)nc5)C[C@@H]4CO3)ccc21,0.00435505,train
Cc1c([C@@H]2CN3CCN(C(=O)Cc4ccc(-n5cnnn5)cn4)C[C@H]3CO2)ccc(F)c1C#N,0.14531359,train
Cc1c([C@@H]2CN3CCN(C(=O)Cc4cnc(-n5cnnn5)nc4)C[C@H]3CO2)ccc(F)c1C#N,0.37661606,train
Cc1c([C@@H]2CN3CCN(C(=O)Cc4cnc(-n5cnnn5)cn4)C[C@H]3CO2)ccc(F)c1C#N,0.26518458,train
Cc1c([C@H]2CN3CCN(C(=O)Cc4ccc(-n5cnnn5)cn4)C[C@H]3CO2)ccc(F)c1C#N,0.009154035,train
Cc1c([C@H]2CN3CCN(C(=O)Cc4cnc(-n5cnnn5)nc4)C[C@H]3CO2)ccc(F)c1C#N,0.021382323,train
Cc1c([C@H]2CN3CCN(C(=O)Cc4ccc(-n5cnnn5)nn4)C[C@H]3CO2)ccc(F)c1C#N,0.024747767,val
Cc1c([C@H]2CN3CCN(C(=O)Cc4cnc(-n5cnnn5)cn4)C[C@H]3CO2)ccc(F)c1C#N,0.013549014,train
c1cnc2c(N3CCN(CCc4ccc(OCCCN5CCCCCC5)cc4)CC3)cccc2c1,0.988995,train
c1cnc2c(N3CCN(CCCc4ccc(OCCCN5CCCCCC5)cc4)CC3)cccc2c1,0.98974353,train
c1cnc2c(N3CCN(CCCCc4ccc(OCCCN5CCCCCC5)cc4)CC3)cccc2c1,0.9965417,train
O=C(O)c1cnc2c(N3CCN(CCc4ccc(OCCCN5CCCCCC5)cc4)CC3)cccc2c1,0.3746076,train
O=C(O)c1cc(N2CCN(CCc3ccc(OCCCN4CCCCCC4)cc3)CC2)c2ncccc2c1,0.37191406,train
O=C(O)c1ccc2cccnc2c1N1CCN(CCc2ccc(OCCCN3CCCCCC3)cc2)CC1,0.3712328,train
O=C(O)CCc1ccc2cccc(N3CCN(CCc4ccc(OCCCN5CCCCCC5)cc4)CC3)c2n1,0.36033177,train
O=C(O)CCc1cnc2c(N3CCN(CCc4ccc(OCCCN5CCCCCC5)cc4)CC3)cccc2c1,0.3584516,train
CCc1cc(N2CCN(CCc3ccc(OCCCN4CCCCCC4)cc3)CC2)c2nc(CCC(=O)O)ccc2c1,0.3641527,train
CCCCc1cc(N2CCN(CCc3ccc(OCCCN4CCCCCC4)cc3)CC2)c2nc(CCC(=O)O)ccc2c1,0.51358974,train
O=C(O)CCc1ccc2cc(Cc3ccccc3)cc(N3CCN(CCc4ccc(OCCCN5CCCCCC5)cc4)CC3)c2n1,0.43812272,test
Brc1ccc2c(N=C3NC[C@@]4(CN5CCC4CC5)O3)ncnn12,0.7812621,train
C/C(=N\N=C(N)N)c1ccc2c(c1)Cc1cc(/C(C)=N/N=C(N)N)ccc1-2,0.98732716,train
N=C(N)N/N=C/c1ccc(-c2ccc(/C=N/Nc3ccccc3Cl)cc2)cc1,0.9941262,train
N=C(N)N/N=C/c1ccc(-c2ccc(/C=N/Nc3ccccc3Br)cc2)cc1,0.99280655,train
N=C(N)N/N=C/c1ccc(-c2ccc(/C=N/Nc3ccc(F)cc3)cc2)cc1,0.99501556,train
N=C(N)N/N=C/c1ccc(-c2ccc(/C=N/Nc3ccc(F)cc3F)cc2)cc1,0.9937629,train
CN(C)C(=O)N[C@H]1CC[C@H](CCN2CCN(c3cccc(Cl)c3Cl)CC2)CC1,0.22618161,train
O=C(N[C@H]1CC[C@H](CCN2CCN(c3nsc4ccccc34)CC2)CC1)c1ccco1,0.9616731,train
CC(C)Cc1cc(CNS(=O)(=O)c2ccc(Cc3ccccc3)cc2)nn1-c1ccccc1,0.72687954,train
CC(C)Cc1cc(CNS(=O)(=O)c2ccc(CCc3ccccc3)cc2)nn1-c1ccccc1,0.9644843,val
CC(C)Cc1cc(CNS(=O)(=O)c2cccc(F)c2)nn1-c1ccccc1,0.34242928,train
CC(C)Cc1cc(CNS(=O)(=O)c2ccccc2)nn1-c1ccccc1,0.22049683,train
FC(F)(F)c1c(OC[C@H]2C[C@@H]2c2ccc(Cl)cc2)ccn2c(CC3CC3)nnc12,0.9794103,test
COc1ccc(OC)c(Cc2nc3ccccc3n2CC(=O)Nc2cc(C(C)(C)C)cc(C(C)(C)C)c2)c1,0.95379883,test
CCN1CCCC1CNC(=O)c1ccc(Cn2c(Cc3c(Cl)cccc3Cl)nc3ccccc32)cc1,0.99358916,test
CN(C)CCCNC(=O)c1ccc(Cn2c(Cc3c(Cl)cccc3Cl)nc3ccccc32)cc1,0.99334717,test
COc1ccc2nc(N=C3NC[C@@]4(CN5CCC4CC5)O3)sc2c1,0.8579215,train
c1ccc2cc(N=C3NC[C@@]4(CN5CCC4CC5)O3)ncc2c1,0.8005991,val
COc1ccc(CCO[C@@H]2CCCC[C@H]2N2CC[C@@H](O)C2)cc1OC,0.27599996,test
COc1ccc(-c2cc(=O)c3c(O)cc(O)cc3o2)cc1,0.18429177,train
COc1ccc(C(=O)Oc2cc(O)cc3oc(-c4ccc(OC)cc4)cc(=O)c23)cc1,0.27844918,train
COc1ccc(-c2cc(=O)c3ccccc3o2)cc1,0.20706077,train
COc1ccc(-c2cc(=O)c3cc(Cl)ccc3o2)cc1,0.6218241,train
COc1ccc(-c2cc(=O)c3cc(C)ccc3o2)cc1,0.3479482,train
COc1ccc2c(c1)CNCCS2,0.73474365,test
COc1ccc2c(c1)CN(C(=O)N1CCN(Cc3ccc4c(c3)OCO4)CC1)CCS2,0.814577,train
O=C(N1CCN(Cc2ccc3c(c2)OCO3)CC1)N1CCSc2ccccc2C1,0.83842534,train
COc1ccc2c(c1)CN(C(=O)CCN1CCC(Cc3ccccc3)CC1)CCS2,0.98925656,val
CC(C)S(=O)(=O)NCCN1CC2CN(C[C@H](O)COc3ccc(C#N)cc3)CC(C1)O2,0.9887221,test
N#Cc1ccc(OCCCN2CC3CN(CCNS(=O)(=O)c4ccc(F)cc4F)CC(C2)O3)cc1,0.9987925,train
COc1ccccc1OCC(O)CN1CCN(CC(=O)Nc2c(C)cccc2C)CC1,0.14548467,train
O=C1c2cc(-c3ccc(OC(F)(F)F)cc3)ccc2OCCN1Cc1ncccn1,0.6365997,train
Clc1ccc(Cn2c(/C=C/C3CCN(CC4CCCCC4)C3)nc3cc(Br)ccc32)cc1,0.99997234,val
Cc1cc2nc(/C=C/C3CCCN3C)n(Cc3ccc(Cl)cc3)c2cc1C,0.99929357,val
Cc1cc2nc(/C=C/C3CCNC3)n(Cc3ccc(Cl)cc3)c2cc1C,0.99864286,train
Cc1cc2nc(CC3CCNCC3)n(Cc3ccc(Cl)cc3)c2cc1C,0.9967991,train
Cc1cc2nc(CC3CC4CCC(C3)N4)n(Cc3ccc(Cl)cc3)c2cc1C,0.99859816,test
Cc1cc2nc(CC3CCNC(C)C3)n(Cc3ccc(Cl)cc3)c2cc1C,0.99763095,train
Cc1cc2nc(C(C)Cc3ccncc3)n(Cc3ccc(Cl)cc3)c2cc1C,0.9982413,test
Cc1cc2nc(CC3CCCNC3)n(Cc3ccc(Cl)cc3)c2cc1C,0.9938453,val
Cc1cc2nc(CCC3CCCN3C)n(Cc3ccc(Cl)cc3)c2cc1C,0.997528,val
Cc1cc2ncn(Cc3ccc(Cl)cc3)c2cc1C,0.9817425,val
O=c1ccc(-c2nc3cc(Cl)c(Cl)cc3n2Cc2ccc(Cl)c(Cl)c2)c[nH]1,0.9981565,train
Cc1cc2nc(/C=C/c3ccccc3)n(Cc3ccc(Cl)cc3)c2cc1C,0.99901474,train
O=C1CCCN1Cc1nc2ccccc2n1Cc1ccc(Cl)cc1,0.96042275,val
Cc1cc2nc(CC3CCCC3)n(Cc3ccc(Cl)cc3)c2cc1C,0.9967776,train
COc1ccc2nc(CN3CCC[C@H]3CO)n(Cc3ccc(Cl)cc3)c2c1,0.99562424,train
Cc1ccc2nc(CN3CCCC3)n(Cc3ccc(Cl)cc3)c2c1,0.9981041,train
N=C1NC2(CO1)c1cc(Br)ccc1OC(Cc1ccccc1)C21COC1,0.9965928,train
N=C1NC2(CO1)c1cc(NC(=O)c3ccc(Cl)cn3)ccc1OCC21CC1,0.9940242,train
CC#Cc1cncc(-c2ccc3c(c2)C2(COC(=N)N2)C2(CC2)CO3)c1,0.97098595,train
N=C1NC2(CO1)c1cc(-c3cncc(C4CC4)c3)ccc1OCC21CC1,0.99565226,test
N=C1NC2(CO1)c1cc(-c3cncc(OCC(F)(F)F)c3)ccc1OCC21CC1,0.99907696,train
N=C1NC2(CO1)c1cc(-c3cncc(OCC(F)F)c3)ccc1OCC21CC1,0.99813074,train
N=C1NC2(CO1)c1cc(-c3cncc(OC(F)F)c3)ccc1OCC21CC1,0.99891293,train
N=C1NC2(CO1)c1cc(-c3cnc4[nH]ccc4c3)ccc1OCC21CC1,0.9891338,train
N=C1NC2(CO1)c1cc(-c3cnc4[nH]cc(Cl)c4c3)ccc1OCC21CC1,0.9967734,train
CCc1cncc(-c2ccc3c(c2)C2(COC(=N)N2)C2(CC2)CO3)c1,0.98350465,train
N=C1NC2(CO1)c1cc(-c3cncc(OCC(F)(F)C(F)F)c3)ccc1OCC21CC1,0.9793285,train
COc1ccnc(-c2ccc3c(c2)C2(COC(=N)N2)C2(COC2)C(C)(C)O3)c1,0.71617097,train
CC#Cc1cncc(-c2ccc3c(c2)C2(CSC(=N)N2)C2(COC2)CO3)c1,0.8975759,train
COc1cncc(-c2ccc3c(c2)C2(COC(=N)N2)C2(COC2)C2(CCC2)O3)c1,0.9924739,train
CC#Cc1cncc(-c2ccc3c(c2)C2(COC(=N)N2)C2(COC2)C(CC)O3)c1,0.8581865,train
CC#Cc1cncc(-c2ccc3c(c2)C2(COC(=N)N2)C2(COC2)C(CCC)O3)c1,0.9532787,train
N=C1NC2(CO1)c1cc(-c3cncnc3)ccc1OCC21CCC1,0.9632612,test
N=C1NC2(CO1)c1cc(-c3cc(Cl)cnc3F)ccc1OCC21CC1,0.9969393,train
COc1cncc(-c2ccc3c(c2)C2(COC(=N)N2)C2(CC2)CO3)c1,0.9938619,train
CCOc1cncc(-c2ccc3c(c2)C2(COC(=N)N2)C2(CC2)CO3)c1,0.99439347,train
N=C1NC2(CO1)c1cc(-c3cncc(Cl)c3)ccc1OCC21CC1,0.9960128,train
CC#Cc1cncc(-c2ccc3c(c2)C2(COC(=N)N2)C2(COC2)CO3)c1,0.9683796,train
CC#Cc1cncc(-c2cc3c(cc2F)OCC2(CC2)C32COC(=N)N2)c1,0.94938475,train
Cc1cc(Cl)cnc1C(=O)Nc1ccc2c(c1)C1(COC(=N)N1)C1(CC1)CO2,0.99592626,train
N#Cc1ccc(C(=O)Nc2ccc3c(c2)C2(COC(=N)N2)C2(CC2)CO3)nc1,0.9877765,train
N=C1NC2(c3cc(-c4cncnc4)ccc3OCC23CC3)c2cccc(F)c21,0.99463296,train
N=C1NC2(CO1)c1cc(-c3cncnc3)ccc1OC(Cc1ccccc1)C21COC1,0.9834784,test
CC#Cc1cncc(-c2ccc3c(c2)C2(COC(=N)N2)C2(COC2)C(CC2CC2)O3)c1,0.9906579,train
N=C1NC2(CO1)c1cc(-c3cncc4ccccc34)ccc1OC1(CCC1)C21COC1,0.99221355,train
CC1(C)Oc2ccc(NC(=O)c3ccc(Cl)cn3)cc2[C@@]2(COC(=N)N2)C12COC2,0.7679262,test
CC1(C)Oc2ccc(NC(=O)c3ccc(Cl)cn3)cc2[C@@]2(COC(=N)N2)C12CC2,0.49062294,train
COc1cnc(C(=O)Nc2ccc3c(c2)[C@@]2(COC(=N)N2)C2(CC2)C(C)(C)O3)cn1,0.034529746,train
CC1(C)Oc2ccc(NC(=O)c3cnc(C(F)F)cn3)cc2[C@@]2(COC(=N)N2)C12CC2,0.011848725,train
CC[C@@H](NC(=O)c1cc(C(=O)N2CCC[C@@H]2C)n2c1COCC2)c1ccc(Cl)c(Cl)c1,0.043496348,test
N=C1N[C@@]2(c3cc(NC(=O)c4ccc(OC(F)F)cn4)ccc3F)COCC[C@H]2CS1,0.9805086,train
C[C@H]1C[C@H]2CSC(=N)N[C@@]2(c2cc(NC(=O)c3ccc(C#N)cn3)cs2)CO1,0.6025727,train
C[C@H]1C[C@H]2CSC(=N)N[C@@]2(c2cc(NC(=O)c3ccc(Cl)cn3)ccc2F)CO1,0.7283036,train
Oc1ccc(OC[C@@H](O)CN2CCN(c3ccc(Cl)cc3)CC2)cc1,0.78104156,train
O=c1[nH]c2ccc(OC[C@@H](O)CN3CCN(c4ccc(Cl)cc4)CC3)cc2o1,0.25970536,test
CS(=O)(=O)Nc1ccc(OC[C@@H](O)CN2CCN(c3ccc(Cl)cc3)CC2)cc1,0.9535347,train
NC(=O)Nc1ccc(OC[C@@H](O)CN2CCN(c3ccc(Cl)cc3)CC2)cc1,0.41339666,train
O[C@H](COc1ccc2[nH]ncc2c1)CN1CCN(c2ccc(Cl)cc2)CC1,0.86030334,test
O=c1ccc2cc(OC[C@@H](O)CN3CCN(c4ccc(Cl)cc4)CC3)ccc2[nH]1,0.6351181,train
O=c1[nH]c2ccc(OC[C@@H](O)CN3CCN(c4ccc(Cl)cc4)CC3)cc2[nH]1,0.4103015,val
Oc1cc2cc(OC[C@@H](O)CN3CCN(c4ccc(Cl)cc4)CC3)ccc2[nH]1,0.7977287,val
O[C@H](COc1ccc2[nH]c(=S)[nH]c2c1)CN1CCN(c2ccc(Cl)cc2)CC1,0.8667785,train
O=C1CCc2cc(OC[C@@H](O)CN3CCN(c4ccc(Cl)cc4)CC3)ccc2N1,0.5357026,train
NCCCCN(Cc1nccc2c3ccccc3n(CC(=O)O)c12)[C@H]1CCCc2cccnc21,0.16162418,train
NCCCCN(Cc1nccc2c3ccccc3n(CCCN3CCNCC3)c12)[C@H]1CCCc2cccnc21,0.99195474,test
c1cnc2c(c1)CCCC2N(CCCN1CCNCC1)Cc1nccc2c3ccccc3n(CCN3CCOCC3)c12,0.8637588,val
OCCn1c2ccccc2c2ccnc(CN(CCCN3CCNCC3)C3CCCc4cccnc43)c21,0.7084192,val
NCCCCN(Cc1nccc2c3ccccc3n(CC(N)=O)c12)[C@H]1CCCc2cccnc21,0.9267938,train
C[C@H]1C[C@H]2CSC(=N)N[C@@]2(c2nc(NC(=O)c3ccc(OC(F)F)cn3)cs2)CO1,0.51064277,train
C[C@H]1C[C@H]2CSC(=N)N[C@@]2(c2nc(NC(=O)c3ccc(Cl)cn3)cs2)CO1,0.38138604,train
Cc1cc(OC(F)F)cnc1C(=O)Nc1csc([C@]23CO[C@@H](C)C[C@H]2CSC(=N)N3)n1,0.5997064,train
C[C@H]1C[C@H]2CSC(=N)N[C@@]2(c2nc(NC(=O)c3ccc(OC(F)F)cn3)ccc2F)CO1,0.8050873,train
O[C@H]1CC[C@H](Nc2ccc3ncc(-c4cccc(Cl)c4)n3n2)CC1,0.2643921,train
C[C@]1(O)CC[C@H](Nc2ccc3ncc(-c4cccc(C(F)(F)F)c4)n3n2)CC1,0.069148675,train
O[C@H]1CC[C@H](Nc2ccc3ncc(-c4cccc(C(F)(F)F)c4)n3n2)CC1,0.40521866,train
C[C@]1(O)CC[C@H](Nc2ccc3ncc(-c4cccc(OC(F)(F)F)c4)n3n2)CC1,0.086999744,train
O[C@H]1CC[C@H](Nc2ccc3ncc(-c4cccc(OC(F)(F)F)c4)n3n2)CC1,0.47405016,train
O=S1(=O)CCC(CNc2ccc3ncc(-c4cccc(OC(F)(F)F)c4)n3n2)CC1,0.7766293,train
Cc1nsc(-c2nnc3n2CCN(C(=O)c2ccc(Cl)c(Cl)c2)[C@@H]3C)n1,0.018249562,train
CCc1nsc(-c2nnc3n2CCN(C(=O)c2ccc(F)cc2)[C@@H]3C)n1,0.028952384,train
Cc1nsc(-c2nnc3n2CCN(C(=O)c2ccc(Cl)c(F)c2)[C@@H]3C)n1,0.013463024,train
Cc1nsc(-c2nnc3n2CCN(C(=O)c2ccc(F)cc2)[C@@H]3C)n1,0.010093569,train
Cc1nsc(-c2nnc3n2CCN(C(=O)c2ccc(F)c(Cl)c2)[C@@H]3C)n1,0.010593563,train
Cc1nsc(-c2nnc3n2CCN(C(=O)c2cc(F)c(F)c(F)c2)[C@@H]3C)n1,0.009337721,train
Cc1nsc(-c2nnc3n2CCN(C(=O)c2ccc(F)c(F)c2F)[C@@H]3C)n1,0.006866838,train
Cc1nsc(-c2nnc3n2CCN(C(=O)c2ccc(F)c(F)c2)[C@@H]3C)n1,0.009366653,train
Cc1nsc(-c2nnc3n2CCN(C(=O)c2cc(F)c(F)c(F)c2F)[C@@H]3C)n1,0.0043826234,train
CCc1noc(-c2nnc3n2CCN(C(=O)c2ccc(F)cc2)[C@@H]3C)n1,0.05184066,train
Cc1nsc(-c2nnc3n2CCN(C(=O)c2cccc(F)c2)[C@@H]3C)n1,0.010231479,train
Cc1nsc(-c2nnc3n2CCN(C(=O)c2cccc(Cl)c2)[C@@H]3C)n1,0.032289352,train
Cc1nsc(-c2nnc3n2CCN(C(=O)c2cc(F)cc(F)c2)[C@@H]3C)n1,0.013406131,train
Cc1nsc(-c2nnc3n2CCN(C(=O)c2ccc(F)cc2F)[C@@H]3C)n1,0.008895869,train
Cc1nsc(-c2nnc3n2CCN(C(=O)c2ccc(C(F)(F)F)cc2)[C@@H]3C)n1,0.037231326,train
CC[C@@H]1c2nnc(-c3nc(C)ns3)n2CCN1C(=O)c1ccc(F)cc1,0.0050815386,train
CCC[C@@H]1c2nnc(-c3nc(C)ns3)n2CCN1C(=O)c1ccc(F)cc1,0.038532287,train
COc1cccc(C(=O)N2CCn3c(-c4nc(C)ns4)nnc3[C@H]2C)c1,0.008309229,train
Cc1nsc(-c2nnc3n2CCN(C(=O)c2ccc(C#N)cc2)[C@@H]3C)n1,0.019554036,train
CCc1noc(-c2nnc3n2CCN(C(=O)c2ccc(-c4cccs4)cc2)[C@@H]3C)n1,0.5104021,train
Cn1cc(-c2nc3c(N4CCN(Cc5cccnc5)CC4)c(Br)cnc3[nH]2)cn1,0.5230785,train
Cc1nn(C)c(C)c1-c1nc2c(N3CCN(Cc4cccnc4)CC3)c(Br)cnc2[nH]1,0.0322196,train
Cc1cc(Cl)c2c(C(=O)OCC34CCN(CC3)CC4)c[nH]c2c1,0.98700005,val
Cc1nc(-c2nnc3n2CCN(C(=O)c2ccc(-c4cccs4)cc2)[C@@H]3C)sc1C,0.0147638,train
Cc1cccc(-c2nnc3n2CCN(C(=O)c2ccc(-c4ccccc4)cc2)[C@@H]3C)n1,0.048369315,train
C[C@@H]1c2nnc(-c3cccc(=O)[nH]3)n2CCN1C(=O)c1ccc(-c2cccs2)cc1,0.034568463,val
CC(C)(N)c1nc(-c2ccc(OC(F)(F)F)cc2)c[nH]1,0.8398204,train
NC1(Cc2nc(-c3ccc(OC(F)(F)F)cc3)c[nH]2)COC1,0.8991252,val
C[C@](N)(CF)c1nc(-c2ccc(OC(F)(F)F)cc2)c[nH]1,0.016725378,train
NC(CF)(CF)c1nc(-c2ccc(OC(F)(F)F)cc2)c[nH]1,0.025875803,train
COC[C@@](C)(N)c1nc(-c2ccc(OC(F)(F)F)cc2)c[nH]1,0.66368234,train
CC(C)(N)c1nc(-c2cccc(OC(F)(F)F)c2)c[nH]1,0.84079057,train
c1ccc(-c2cc(N=C3NC[C@@]4(CN5CCC4CC5)O3)ncn2)cc1,0.89169306,val
O=C(Cc1ccc(OCC[C@@H]2C[C@@H]2C2CCN(c3ncc(Cl)cn3)CC2)cc1)N1CCC1,0.9534843,train
O=C(Cc1ccc(OCC[C@@H]2C[C@@H]2C2CCN(c3ncc(Cl)cn3)CC2)nc1)N1CCC1,0.90431505,test
O=C(Cc1ccc(OCC[C@@H]2C[C@@H]2C2CCN(c3ncc(Cl)cn3)CC2)c(F)c1)N1CCC1,0.9430134,train
O=C(Cc1ccc(OCC[C@@H]2C[C@@H]2C2CCN(c3ncc(Cl)cn3)CC2)cc1F)N1CCC1,0.94468266,train
O=C(Cc1ccc(OCC[C@@H]2C[C@@H]2C2CCN(c3ncc(Cl)cn3)CC2)cc1F)N1CC(O)C1,0.8809507,train
O=C(Cc1ccc(OCC[C@@H]2C[C@@H]2C2CCN(c3ncc(Cl)cn3)CC2)cc1F)N1CCCCC1,0.9627166,val
CCc1cnc(N2CCC([C@H]3C[C@H]3CCOc3ccc(CC(=O)N4CCC4)c(F)c3)CC2)nc1,0.395504,train
CC1(OC(=O)N2CCC([C@H]3C[C@H]3CCOc3ccc(CC(=O)N4CCC4)c(F)c3)CC2)CC1,0.7735773,train
CC(C)c1noc(N2CCC([C@H]3C[C@H]3CCOc3ccc(CC(=O)N4CCC4)c(F)c3)CC2)n1,0.93575317,val
COCc1cnc(N2CCC([C@H]3C[C@H]3CCOc3ccc(CC(=O)N4CCC4)c(F)c3)CC2)nc1,0.16062383,train
COCc1cnc(N2CCC([C@H]3C[C@H]3CCOc3cc(F)c(CC(=O)N4CCC4)c(F)c3)CC2)nc1,0.31690302,train
C[C@H](NC(=O)c1c(CN2CCC(N3CCCCC3)CC2)c(-c2cccc(C(F)(F)F)c2)nc2ccccc12)c1ccccc1,0.9967913,train
CCOc1cc(C(=O)Nc2cc(C(F)(F)F)ccn2)ccc1-c1nc(C23CCC(C(=O)O)(CC2)CC3)n2ccnc(N)c12,0.04438014,test
C[C@]1(C(=O)O)CC[C@@](C)(c2nc(-c3ccc(C(=O)Nc4cc(C(F)(F)F)ccn4)cc3)c3c(N)nccn23)C1,0.07450914,train
C[C@H]1CC[C@@H](c2nc(-c3ccc(C(=O)Nc4cc(C(F)(F)F)ccn4)cc3F)c3c(N)nccn23)CN1C(=O)C1CC1,0.7466326,train
O=C(c1ccc(C[C@@H]2CC[C@H]([C@H](O)c3ccccc3)N2)cc1)N1CCN(Cc2ncn(CC(F)F)n2)CC1,0.076882824,val
O=C(c1ccc(C[C@@H]2CC[C@H]([C@H](O)c3ccccc3)N2)cc1)N1CCN(Cc2nnn(CC3CC3)n2)CC1,0.020671641,train
O=C(c1ccc(C[C@@H]2CC[C@H]([C@H](O)c3ccccc3)N2)cc1)N1CCN(Cc2nnn(CC(F)(F)F)n2)CC1,0.0342226,val
Cc1c([C@@H](O)CN2CCC3(CC2)CCN(c2ccc(C#N)cn2)C3)ccc2c1COC2=O,0.8432254,train
Cc1c([C@@H](O)CN2CCC3(CC2)CC(=O)N(c2ccc(C#N)cn2)C3)ccc2c1COC2=O,0.3971144,train
Cc1c([C@@H](O)CN2CCC3(CC2)CN(c2ccc(C#N)cn2)C3)ccc2c1COC2=O,0.80893177,train
Cc1c([C@@H](O)CN2CCC3(CC2)CCN(c2cncc(C#N)c2)C3)ccc2c1COC2=O,0.8413465,train
Cc1c([C@@H](O)CN2CCC3(CC2)CC(=O)N(c2cncc(C#N)c2)C3)ccc2c1COC2=O,0.27172926,train
Cc1c([C@@H](O)CN2CCC3(CC2)CCN(c2ccc(C#N)nc2)C3)ccc2c1COC2=O,0.62435335,train
CSc1ccc(N2CCC3(CCN(C[C@H](O)c4ccc5c(c4C)COC5=O)CC3)C2)cn1,0.9652914,train
COc1ccc(N2CCC3(CCN(C[C@H](O)c4ccc5c(c4C)COC5=O)CC3)C2)cn1,0.77631843,train
Cc1c([C@@H](O)CN2CCC3(CC2)CCN(c2ccc(C(C)(C)O)nc2)C3)ccc2c1COC2=O,0.12483487,train
Cc1c([C@@H](O)CN2CCC3(CC2)CCN(c2ccc([S+](C)[O-])nc2)C3)ccc2c1COC2=O,0.20085023,train
Cc1c([C@@H](O)CN2CCC3(CC2)CCN(c2cnc(S(C)(=O)=O)cn2)C3)ccc2c1COC2=O,0.065536,test
Cc1c([C@@H](O)CN2CCC3(CC2)CC(=O)N(c2cnc(S(C)(=O)=O)cn2)C3)ccc2c1COC2=O,0.026574314,train
CCS(=O)(=O)c1cnc(N2CC3(CCN(C[C@H](O)c4ccc5c(c4C)COC5=O)CC3)CC2=O)cn1,0.15261078,train
Cc1c([C@@H](O)CN2CCC3(CC2)CCN(c2ccc(S(C)(=O)=O)cn2)C3)ccc2c1COC2=O,0.51215297,train
Cc1c([C@@H](O)CN2CCC3(CC2)CC(=O)N(c2ccc(S(C)(=O)=O)cn2)C3)ccc2c1COC2=O,0.17645285,train
Cc1nc(N2CCC3(CCN(C[C@H](O)c4ccc5c(c4C)COC5=O)CC3)C2)ccc1S(C)(=O)=O,0.41867405,train
Cc1c([C@@H](O)CN2CCC3(CC2)CCN(c2ccc(S(C)(=O)=O)nc2)C3)ccc2c1COC2=O,0.073977225,train
Cc1c([C@@H](O)CN2CCC3(CC2)CCN(c2ccc(C#N)cn2)CC3)ccc2c1COC2=O,0.6608887,val
c1ccc(-c2ccccc2CC(c2cccnc2)c2cccnc2)cc1,0.11642258,train
N#Cc1cccc(-c2cc(F)ccc2CC(c2cccnc2)c2cccnc2)c1,0.6697526,train
CS(=O)(=O)Nc1cccc(-c2cc(F)ccc2CC(c2cccnc2)c2cccnc2)c1,0.5067021,train
c1cncc(C(Cc2ccccc2-c2ccncc2)c2cccnc2)c1,0.037268557,val
c1cncc(C(Cc2ccccc2-c2cncc3ccccc23)c2cccnc2)c1,0.19838247,val
Fc1ccc(CC(c2cccnc2)c2cccnc2)c(-c2cccc(C(F)(F)F)c2)c1,0.86486775,train
FC(F)(F)Oc1cccc(-c2ncccc2CC(c2cccnc2)c2cccnc2)c1,0.28087807,train
N#Cc1cccc(-c2cccc(Cl)c2CC(c2cccnc2)c2cccnc2)c1,0.6910049,train
Nc1cccc(C(Cc2cccnc2-c2cc(Cl)cc(Cl)c2)c2cccnc2)n1,0.8179449,val
OC(Cc1cccnc1-c1cccc(C(F)(F)F)c1)(c1cccnc1F)c1cccnc1F,0.5159176,train
CN(C)C(=O)c1cccc(-c2ccc(F)cc2CC(c2cccnc2)c2cccnc2)c1,0.047929652,train
Cc1[nH]c(Cc2c(O)[nH]c3ccc(F)cc23)c(C)c1NC(=O)C1=NCCC1,0.32081085,train
COc1nc(C2=NOC[C@H](c3cc4ccccc4o3)N2)ccc1-n1cnc(C)c1,0.8697414,val
CCOC(=O)C1=C[C@]2(CC)CCCN3CCc4c(n1c1ccccc41)[C@@H]32,0.8878448,train
O=c1n(Cc2ccc(Cl)cc2)c2sc3c(c2c2ncnn12)CCCC3,0.9818455,test
CN1CCc2c(sc3c2c2ncnn2c(=O)n3Cc2ccc(Cl)cc2)C1,0.95401454,train
O=c1n(Cc2ccc(Cl)cc2)c2sc3c(c2c2ncnn12)CCN(CC1CC1)C3,0.99487114,test
O=C(C1CC1)N1CCc2c(sc3c2c2ncnn2c(=O)n3Cc2ccc(Cl)cc2)C1,0.96345,train
COc1ccc(Cn2c(=O)n3ncnc3c3c4c(sc32)CN(C(=O)C2CC2(F)F)CC4)cc1,0.52863914,train
O=c1n(Cc2ccc(Cl)cc2)c2sc3c(c2c2ncnn12)CCN(C1COC1)C3,0.83959323,val
O=c1n(Cc2ccc(Cl)cc2)c2sc3c(c2c2ncnn12)CCN(Cc1ccccc1)C3,0.9946149,train
O=c1n(Cc2ccccc2)c2sc3c(c2c2ncnn12)CCN(CC1CCOCC1)C3,0.9757051,train
O=c1n(Cc2ccc(Cl)cc2)c2sc3c(c2c2ncnn12)CCN(CC1CCOCC1)C3,0.99517775,train
O=c1n(Cc2ccc(Cl)cc2F)c2sc3c(c2c2ncnn12)CCN(CC1CCOCC1)C3,0.98959947,train
COc1ccc(Cn2c(=O)n3ncnc3c3c4c(sc32)CN(CC2CCOCC2)CC4)cc1,0.9848031,train
COc1ccc(Cn2c(=O)n3ncnc3c3c4c(sc32)CN(CC2CCOCC2)CC4)c(F)c1,0.9483193,train
COc1ccc(Cn2c(=O)n3ncnc3c3c4c(sc32)CN(CC2CCOCC2)CC4(F)F)cc1,0.91287637,train
N=C(CC(O)c1cc2c(F)cc(F)cc2c2cc(C(F)(F)F)ccc12)NN=Cc1ccc(F)cc1,0.9824715,val
CCN(CC)Cc1cc(C=NN=C(N)CC(O)c2cc3c(F)cc(F)cc3c3cc(C(F)(F)F)ccc23)ccc1O,0.99672323,train
COc1ccccc1CNC[C@H]1C[C@@H]1c1cc(F)ccc1OC,0.9692397,test
O=C(c1cc([C@H]2CCCN2c2cc(F)cc(F)c2)c2oc(N3CCOCC3)cc(=O)c2c1)N1CCOCC1,0.041732855,test
CNC(=O)c1c(-c2ccc(F)cc2)oc2ccc(-c3cc(C(=O)NC4(c5ncccn5)CC4)ccc3C)c(F)c12,0.25058153,train
CNC(=O)c1c(-c2ccc(F)cc2)oc2ccc(-c3cc(C(=O)NC4(c5ncccn5)CC4)ccc3C)cc12,0.47967127,train
CNC(=O)c1c(-c2ccc(F)cc2)oc2ccc(-c3cc(C(=O)NC4(c5ccccn5)CC4)ccc3C)cc12,0.7659808,train
O=C1CCc2ccc(OCCCCN3CCCN(c4ccc(O)c5[nH]c(=O)ccc45)CC3)cc2N1,0.15281372,train
CC(C)Oc1cc2c(OC[C@@H]3CCC(=O)N3)nccc2cc1C(N)=O,0.024977544,train
Cc1[nH]nc2c1C(c1cc(-c3cccnc3)cc(C(F)(F)F)c1)(C(C)C)C(C#N)C(=N)O2,0.078195386,val
CC(=O)N1CCN(c2cccc(-c3cc(-c4ccnn4CC(F)(F)F)c4c(N)ncnn34)c2)C(=O)C1(C)C,0.06650322,train
COc1cncc(Cc2cc(-c3ccccc3)no2)c1,0.9167005,train
CN(C)c1ccc(C(=O)N(CCCCCC(O)=NO)CC(=O)NCc2ccccc2)cc1,0.16044272,test
CN(C)c1ccc(C(=O)N(CC(=O)NC2CCCCC2)Cc2ccc(C(O)=NO)cc2)cc1,0.11540728,test
O=C1C(Cc2ccccc2)N(CCCCCC(O)=NO)C(=O)c2ccccc2N1Cc1ccccc1,0.87162256,train
N=C(Nc1ccc(I)cc1)NC12CC3CC(CC(C3)C1)C2,0.9977702,val
N=C(NCCCOc1ccc(F)cc1)Nc1ccc(I)cc1,0.9969023,train
N=C(NCCCOc1ccc(F)cc1)Nc1ccc(Cl)cc1,0.96554613,train
COc1ccc(N=C(N)NCCCOc2ccc(F)cc2)cc1,0.8098716,train
O=S(=O)(Nc1cscn1)c1cc(Cl)c(OCC2NCCC=C2c2ccc(F)cc2)cc1F,0.804291,val
N[C@@H]1CCC=C(c2ccc(F)cc2)[C@H]1COc1cc(F)c(S(=O)(=O)Nc2cscn2)cc1Cl,0.16927117,train
CN(C/C=C/c1ccc2ccccc2c1)Cc1ccc2c(c1)OCCC2,0.82251334,test
CN(C/C=C/c1ccc(Br)cc1)Cc1ccc2c(c1)OCCC2,0.96712875,train
Cc1ccc(/C=C/CN(C)Cc2ccc3c(c2)OCCC3)cc1,0.816593,train
CN(C/C=C/c1ccc(C(F)F)cc1)Cc1ccc2c(c1)OCCC2,0.9239486,train
CN(C/C=C/c1ccc(C(F)(F)F)cc1)Cc1ccc2c(c1)OCCC2,0.9693452,train
COC(=O)c1ccc(/C=C/CN(C)Cc2ccc3c(c2)OCCC3)cc1,0.78462756,train
CN(C/C=C/c1ccc(-c2ccccc2)cc1)Cc1ccc2c(c1)OCCC2,0.9008866,train
CN(C/C=C/c1ccc(C(F)(F)F)cc1F)Cc1ccc2c(c1)OCCC2,0.94522434,train
CN(C/C=C/c1ccc(C(F)(F)F)c(F)c1)Cc1ccc2c(c1)OCCC2,0.9612389,train
COc1ccc(/C=C/CN(C)Cc2ccc3c(c2)OCCC3)c(F)c1,0.700915,train
CN(C/C=C/c1ccc2ccccc2c1)Cc1ccc2c(c1)CCO2,0.6681836,train
CN(C/C=C/c1ccc(C(F)F)cc1)Cc1ccc2c(c1)CCO2,0.8407958,train
CN(C/C=C/c1ccc(C(F)(F)F)cc1)Cc1ccc2c(c1)CCO2,0.9323047,train
CN(C/C=C/c1ccc(-c2ccccc2)cc1)Cc1ccc2c(c1)CCO2,0.7979735,train
CN(C/C=C/c1ccc(C(F)(F)F)cc1F)Cc1ccc2c(c1)CCO2,0.8825351,train
COc1ccc(/C=C/CN(C)Cc2ccc3c(c2)CCCCC3)cc1,0.5811936,train
CN(C/C=C/c1ccc(C(F)(F)F)cc1)Cc1ccc2c(c1)CCCC2,0.959932,train
COc1ccc(CN(CC(=O)N2CCC3(CC2)CNC3)c2ccc(C#N)cc2)cc1F,0.40487835,train
COc1ccc(CN(CC(=O)N2CCC(CN)CC2)c2ccc(C#N)cc2)cc1F,0.7136743,test
Cc1ccc(-c2ncc(OC[C@H]3CCNC3)cc2-c2ccc(C#N)cc2)cc1,0.992691,train
Nc1ccc(F)cc1NC(=O)c1ccc(CNC(=O)/C=C/c2cccnc2)cc1,0.2162757,train
Cc1ccc(/C=C/C(=O)N2CCN(c3ccc(C(=O)Nc4ccccc4N)cc3)CC2)cc1,0.19707288,train
COc1ccc(/C=C/C(=O)N2CCN(c3ccc(C(=O)Nc4ccccc4N)cc3)CC2)cc1,0.13088419,train
Nc1ccccc1NC(=O)c1ccc(N2CCN(C(=O)/C=C/c3ccc(F)cc3)CC2)cc1,0.19607499,train
CCc1cc(COc2cc(C(=O)N3CCC[C@@H](N)C3)nn2-c2ccc(C#N)cc2)on1,0.8102994,train
CC(C)CN(CCc1ccc(Cl)cc1)C1CCN(c2n[nH]c(N)n2)CC1,0.96633077,train
COc1ccc(Oc2ccnc3cc(-c4cnn(C5CCNCC5)c4)ccc23)cc1,0.9120624,train
Oc1ccc(Oc2ccnc3cc(-c4cnn(C5CCNCC5)c4)ccc23)cc1,0.7722927,train
Cc1ccc(Oc2ccnc3cc(-c4cnn(C5CCNCC5)c4)ccc23)cc1,0.96583533,train
CN(Cc1ccccn1)Cc1ccccc1CNc1ccnc2cc(Cl)ccc12,0.85021734,val
CCOC(=O)C1C2CCC(C[C@@H]1OC(c1ccc(F)cc1)c1ccc(F)cc1)N2CCc1c[nH]c2ccccc12,0.25621942,train
Fc1ccc(C(OC2CC3CCC(C2)N3CCN2CCCCC2)c2ccc(F)cc2)cc1,0.9538693,val
CN(C)CCN1C2CCC1CC(NC(c1ccc(F)cc1)c1ccc(F)cc1)C2,0.094549134,test
CN(C)CCN1C2CCC1CC(OC(c1ccc(F)cc1)c1ccc(F)cc1)C2,0.8505928,train
CC(C)[C@@H](N)CN1C2CCC1CC(OC(c1ccc(F)cc1)c1ccc(F)cc1)C2,0.8014464,train
Fc1ccc(C(OC2CC3CCC(C2)N3CC2CC2)c2ccc(F)cc2)cc1,0.97686964,test
CN(C/C=C/c1ccc(-c2ccccc2)cc1)Cc1coc2ccccc12,0.7612206,train
CCOC(=O)C1C(CN2CCOC[C@H]2CO)=NC(c2nccs2)=N[C@H]1c1ccc(F)cc1Br,0.058341593,train
CCOC(=O)C1C(CN2CCOC(CO)C2)=NC(c2nccs2)=NC1c1ccc(F)cc1Br,0.94802666,train
CCOC(=O)C1C(CNC(Cc2ccccc2)C(=O)O)=NC(c2nccs2)=NC1c1ccc(F)cc1Br,0.41498032,train
CCOC(=O)C1C(CN2CCS(=O)(=O)CC2)=NC(c2nccs2)=NC1c1ccc(F)cc1Br,0.7470292,test
CCOC(=O)C1C(CN2CC[S+]([O-])CC2)=NC(c2nccs2)=NC1c1ccc(F)cc1Br,0.906599,val
CCOC(=O)C1C(CN2CCOCC2)=NC(c2nc(CC(=O)OC)cs2)=NC1c1ccc(F)cc1Br,0.9573513,train
CCOC(=O)C1C(CN2CCOCC2)=NC(c2ncc(OC)s2)=NC1c1ccc(F)cc1Br,0.83738065,train
CCOC(=O)C1C(CN2CCOCC2)=NC(n2cncn2)=NC1c1ccc(F)cc1Br,0.83092475,train
CCOC(=O)C1C(CN2CCOCC2)=NC(c2nccn2C)=NC1c1ccc(F)cc1Br,0.9147192,train
CCOC(=O)C1C(CN2CCOCC2)=NC(c2ccccn2)=NC1c1ccc(F)cc1Br,0.9863302,val
CCOC(=O)C1C(CN2CCOCC2)=NC(c2cccs2)=NC1c1ccc(F)cc1Br,0.9923849,test
CCOC(=O)C1C(CN2CCOCC2)=NC(c2nncs2)=NC1c1ccc(F)cc1Br,0.5859221,val
CCOC(=O)C1C(CN2CCOCC2)=NC(c2nccs2)=NC1c1ccc(F)cc1-c1ccccc1,0.93783283,train
CCOC(=O)C1C(CN2CCOCC2)=NC(c2nccs2)=NC1c1ccccc1[N+](=O)[O-],0.6234412,train
CCOC(=O)C1C(CN2CCOCC2)=NC(c2nccs2)=NC1c1ccccc1Cl,0.8296777,train
CCOC(=O)C1C(CN2CCOCC2)=NC(c2nccs2)=NC1c1ccc(Cl)cc1Cl,0.9733994,train
CCOC(=O)C1C(CN2CCOCC2)=NC(c2nccs2)=NC1c1ccc(F)cc1Cl,0.9135877,train
CCOC(=O)C1C(CN2CCOCC2)=NC(c2nccs2)=N[C@@H]1c1ccc(F)cc1Br,0.8797847,train
CCOC(=O)C1C(CN2CCOCC2)=NC(c2nccs2)=N[C@H]1c1ccc(F)cc1Br,0.77439994,train
CCOC(=O)C1C(CN2CCOCC2)=NC(c2nccs2)=NC1c1ccc(F)cc1Br,0.90901643,train
Cc1c([C@@H](O)CN2CCC3(CC2)CCN(c2ccc(=O)n(C)n2)C3=O)ccc2c1COC2=O,0.062621854,train
Cc1c([C@@H](O)CN2CCC3(CC2)CCN(c2ccc(-n4cnnn4)cn2)C3)ccc2c1COC2=O,0.2876168,test
Cc1nsc(N2CCC3(CCN(C[C@H](O)c4ccc5c(c4C)COC5=O)CC3)C2)n1,0.755125,val
Cc1c([C@@H](O)CN2CCC3(CC2)CCN(c2ccns2)C3)ccc2c1COC2=O,0.84253305,val
Cc1c([C@@H](O)CN2CCC3(CC2)CN(c2ccns2)C3)ccc2c1COC2=O,0.57905823,test
Cc1c([C@@H](O)CN2CCC3(CC2)CC(=O)N(c2ccns2)C3)ccc2c1COC2=O,0.17432807,test
Cc1c([C@@H](O)CN2CCC3(CC2)CN(c2ccns2)C(=O)O3)ccc2c1COC2=O,0.08778257,val
Cc1c([C@@H](O)CN2CCC3(CC2)CCN(c2ccns2)C3=O)ccc2c1COC2=O,0.59525883,train
Cc1c([C@@H](O)CN2CCC3(CC2)CCN(c2sncc2Cl)C3=O)ccc2c1COC2=O,0.5914137,train
Cc1cnsc1N1CCC2(CCN(C[C@H](O)c3ccc4c(c3C)COC4=O)CC2)C1=O,0.39698073,train
Cc1cc(N2CCC3(CCN(C[C@H](O)c4ccc5c(c4C)COC5=O)CC3)C2=O)sn1,0.957403,train
Cc1c([C@@H](O)CN2CCC3(CC2)CCN(c2cc(-c4ccccc4)ns2)C3=O)ccc2c1COC2=O,0.9553835,test
Cc1c([C@@H](O)CN2CCC3(CC2)CCN(c2cc(-c4ccccc4)no2)C3=O)ccc2c1COC2=O,0.78526175,val
Cc1c([C@@H](O)CN2CCC3(CC2)CCN(c2cnsc2)C3=O)ccc2c1COC2=O,0.313606,test
Cc1c([C@@H](O)CN2CCC3(CC2)CCN(c2cnsn2)C3=O)ccc2c1COC2=O,0.44331545,train
Cc1c([C@@H](O)CN2CCC3(CC2)CCN(c2ncns2)C3=O)ccc2c1COC2=O,0.13318962,train
Cc1nsc(N2CCC3(CCN(C[C@H](O)c4ccc5c(c4C)COC5=O)CC3)C2=O)n1,0.5816748,train
COc1nsc(N2CCC3(CCN(C[C@H](O)c4ccc5c(c4C)COC5=O)CC3)C2=O)n1,0.904955,train
Cc1c([C@@H](O)CN2CCC3(CC2)CCN(c2ccncc2)C3=O)ccc2c1COC2=O,0.40124863,train
COc1cc(N2CCC3(CCN(C[C@H](O)c4ccc5c(c4C)COC5=O)CC3)C2=O)ccn1,0.7185397,train
Cc1c([C@@H](O)CN2CCC3(CC2)CCN(c2ccnnc2)C3=O)ccc2c1COC2=O,0.24380726,val
Cc1c([C@@H](O)CN2CCC3(CC2)CCN(c2ccncn2)C3=O)ccc2c1COC2=O,0.13167763,train
Cc1nccc(N2CCC3(CCN(C[C@H](O)c4ccc5c(c4C)COC5=O)CC3)C2=O)n1,0.24345228,train
COc1nccc(N2CCC3(CCN(C[C@H](O)c4ccc5c(c4C)COC5=O)CC3)C2=O)n1,0.84690905,train
CNc1nccc(N2CCC3(CCN(C[C@H](O)c4ccc5c(c4C)COC5=O)CC3)C2=O)n1,0.668375,train
Cc1c([C@@H](O)CN2CCC3(CC2)CCN(c2cnn(C)c(=O)c2)C3=O)ccc2c1COC2=O,0.059872285,val
CCn1nc(N2CCC3(CCN(C[C@H](O)c4ccc5c(c4C)COC5=O)CC3)C2=O)ccc1=O,0.11387715,train
Cc1c([C@@H](O)CN2CCC3(CC2)CCN(c2ccc(=O)n(C4CCCC4)n2)C3=O)ccc2c1COC2=O,0.12387923,train
Cc1c([C@@H](O)CN2CCC3(CC2)CCN(c2ccc(=O)n(C(F)F)n2)C3=O)ccc2c1COC2=O,0.08751227,train
Cc1c([C@@H](O)CN2CCC3(CC2)CCN(c2cc(C)c(=O)n(C)n2)C3=O)ccc2c1COC2=O,0.13172273,train
Cc1cc(=O)n(C)nc1N1CCC2(CCN(C[C@H](O)c3ccc4c(c3C)COC4=O)CC2)C1=O,0.05503888,train
Cc1c([C@@H](O)CN2CCC3(CC2)CCN(c2ccc(=O)n(C)n2)C3)ccc2c1COC2=O,0.07155318,val
Cc1c([C@@H](O)CN2CCC3(CC2)CC(=O)N(c2ccc(=O)n(C)n2)C3)ccc2c1COC2=O,0.031738326,val
Cn1nc(N2CCC3(CCN(C[C@H](O)c4ccc(-n5cnnn5)nn4)CC3)C2=O)ccc1=O,0.022938764,train
Cc1nc(-n2cnnn2)ccc1[C@@H](O)CN1CCC2(CC1)CCN(c1ccc(=O)n(C)n1)C2=O,0.042833436,test
Cc1c(CCN2CCC3(CC2)CCN(c2ccc(=O)n(C)n2)C3=O)ccc2c1COC2=O,0.3080452,train
Cc1c([C@@H](O)CN2CCC3(CC2)CCN(c2ccc(=O)n(C)n2)CC3)ccc2c1COC2=O,0.050105896,val
Cc1c([C@@H](O)CN2CCC3(CC2)CN(c2ccc(=O)n(C)n2)C(=O)CO3)ccc2c1COC2=O,0.017038751,train
Cn1c([S+](C)[O-])nc(-c2ccc(F)cc2)c1-c1ccnc(N)c1,0.029046323,train
CSc1nc(-c2ccc(F)cc2)c(-c2ccnc(NC(C)=O)c2)n1C,0.26244467,train
CSc1nc(-c2ccc(F)cc2)c(-c2ccnc(Nc3ccccc3)c2)[nH]1,0.9985428,val
Cc1cc(CNc2nc(N)nc3ccn(Cc4ccccn4)c23)no1,0.99413234,train
Nc1nc(NCc2cc(C3CC3)on2)c2c(ccn2Cc2ccccn2)n1,0.98550594,test
COc1ccc(Cn2ccc3nc(N)nc(NCc4cc(C)on4)c32)nc1OC,0.99896145,train
COc1cccc(Cn2ccc3nc(N)nc(NCc4cc(C)on4)c32)n1,0.998304,train
Cc1cc(CNc2nc(N)nc3ccn(Cc4ccc(F)cn4)c23)no1,0.9958221,train
Cc1cc(CNc2nc(N)nc3ccn(Cc4ncccc4F)c23)no1,0.9726126,train
Cc1cc(CNc2nc(N)nc3ccn(Cc4ccc(C(F)(F)F)cn4)c23)no1,0.998145,train
Cc1cc(CNc2nc(N)nc3ccn(Cc4ncccc4Cl)c23)no1,0.99205786,train
Cc1cc(CNc2nc(N)nc3ccn(Cc4cc(Cl)ccn4)c23)no1,0.9985222,train
Cc1cnc(COc2nc(N)nc3ccn(Cc4ccccn4)c23)s1,0.55420345,test
COc1cccnc1Cn1ccc2nc(N)nc(OCc3ncc(C)o3)c21,0.19325435,test
COc1cccnc1Cn1ccc2nc(N)nc(NCc3cc(C)on3)c21,0.9557849,train
CN(Cc1ccc(C(F)(F)F)cc1)c1cc(C(=O)Nc2ccccc2)ncn1,0.98422945,train
CN(Cc1ccc(C(F)(F)F)nc1)c1cc(C(=O)Nc2ccccc2)ncn1,0.45852938,train
CC(C)Oc1ccc(NC(=O)c2cc(N(C)Cc3ccc(F)cc3)ncn2)cc1,0.97945935,train
CN1CCN(c2ccc(NC(=O)c3cc(N(C)Cc4ccc(C(F)(F)F)cc4)ncn3)cc2)CC1,0.8744924,val
CN(Cc1ccc(F)cc1)c1cc(C(=O)Nc2nncs2)ncn1,0.2248725,val
CN(Cc1ccc(C(F)(F)F)nc1)c1cc(C(=O)Nc2nncs2)ncn1,0.020559724,test
CN(C)[C@H]1CC[C@H](n2cc(C(N)=O)c(Nc3ccc(Cl)cc3)n2)[C@@H](C#N)C1,0.36072573,train
N#C[C@H]1C[C@@H](O)CC[C@@H]1n1cc(C(N)=O)c(Nc2ccc(Cl)cc2)n1,0.021237265,train
CN([C@H]1CC[C@H](n2cc(C(N)=O)c(Nc3ccc(Cl)cc3)n2)[C@@H](C#N)C1)C1(C)COC1,0.49945152,val
N#C[C@H]1C[C@@H](N2CCC2)CC[C@@H]1n1cc(C(N)=O)c(Nc2ccc([C@H](O)C(F)(F)F)cc2)n1,0.108291,val
N#C[C@H]1CCOC[C@@H]1n1cc(C(N)=O)c(Nc2ccc(Cl)cc2)n1,0.018981865,train
N#C[C@H]1CCOC[C@@H]1n1cc(C(N)=O)c(Nc2ccc(F)cc2)n1,0.010158863,train
N#C[C@H]1CCOC[C@@H]1n1cc(C(N)=O)c(Nc2ccc(C3CC3)cc2)n1,0.008918318,train
N#C[C@H]1CCOC[C@@H]1n1cc(C(N)=O)c(Nc2ccc(OC(F)F)cc2)n1,0.017101139,train
N#C[C@H]1CCOC[C@@H]1n1cc(C(N)=O)c(Nc2ccc(-n3ccnn3)cc2)n1,0.0061307196,train
N#Cc1ccc(Nc2nn([C@H]3COCC[C@@H]3C#N)cc2C(N)=O)cc1,0.017060112,train
C[C@@H](c1ccc(Br)cc1)N1CC[C@](CCC(N)=O)(c2ccc(F)cc2)OC1=O,0.74623555,train
C[C@@H](c1ccc(OC(F)F)cc1)N1CC[C@](CCC(N)=O)(c2ccc(F)cc2)OC1=O,0.9306767,train
COc1ccc2ncc(F)c([C@@H](O)CC[C@@H]3CCN(C4CC(c5cc(F)ccc5F)C4)CC3C(=O)O)c2n1,0.03131828,test
COc1ccc2ncc(F)c([C@@H](O)CC[C@@H]3CCN(C4CC(c5ncccc5F)C4)CC3C(=O)O)c2c1,0.009503588,test
COc1ccc2ncc(F)c([C@@H](O)CC[C@@H]3CCN(C4CC(c5cccc(F)c5F)C4)CC3C(=O)O)c2c1,0.025342692,train
COc1ccc2ncc(F)c([C@@H](O)CC[C@@H]3CCN(C4CC(c5cc(F)cc(F)c5)C4)CC3C(=O)O)c2c1,0.02597248,train
COc1ccc2ncc(F)c([C@@H](O)CC[C@@H]3CCN(C4CC(c5cc(F)ccc5F)C4)CC3C(=O)O)c2c1,0.030251227,train
COc1ccc2ncc(F)c([C@@H](O)CC[C@@H]3CCN(C4CC(c5c(F)cccc5F)C4)CC3C(=O)O)c2c1,0.02520499,train
COc1ccc2ncc(F)c([C@@H](O)CC[C@@H]3CCN(C4CC(c5ccccc5)C4)CC3C(=O)O)c2c1,0.016908063,train
C[C@@H]1O[C@@H](O[C@H]2C[C@@H](O)[C@]3(CO)[C@H]4[C@H](O)C[C@]5(C)[C@@H](C6=CC(=O)OC6)CC[C@]5(O)[C@@H]4CC[C@]3(O)C2)[C@H](O)[C@H](O)[C@H]1O,0.042713206,test
C[C@@H]1CC[C@H](Nc2ncc(C(N)=O)c3sc(-c4ccccc4)cc23)CN1,0.88562566,train
C[C@@H]1CC[C@H](Nc2ncc(C(N)=O)c3sc(-c4ccccc4)cc23)[C@H](C)N1,0.98932844,train
C[C@@H]1NCCC[C@@H]1Nc1ncc(C(N)=O)c2sc(-c3ccccc3)cc12,0.98228776,train
NC(=O)c1cnc(N(CCc2ccccc2)[C@H]2CCCNC2)c2cc(-c3ccccc3)sc12,0.9791327,train
CCN(c1ncc(C(N)=O)c2sc(-c3ccccc3)cc12)[C@H]1CCCNC1,0.83778894,train
CN(c1ncc(C(N)=O)c2sc(-c3ccccc3)cc12)[C@H]1CCCNC1,0.84329385,train
NC(=O)c1cnc(SC2CCCNC2)c2cc(-c3ccccc3)sc12,0.9600768,test
NC(=O)c1cnc(O[C@H]2CCCNC2)c2cc(-c3ccccc3)sc12,0.8302207,train
NC(=O)c1ccc(N[C@H]2CCCNC2)c2cc(-c3ccc(Cl)cc3)[nH]c12,0.8652069,train
NC(=O)c1ccc(N[C@H]2CCCNC2)c2cc(-c3ccc(F)cc3)[nH]c12,0.68716025,train
NC(=O)c1ccc(N[C@H]2CCCNC2)c2cc(-c3cccc(F)c3)[nH]c12,0.75923765,train
NC(=O)c1ccc(N[C@H]2CCCNC2)c2cc(-c3ccccc3)[nH]c12,0.53769726,train
NC(=O)c1cnc(N[C@H]2CCCNC2)c2cc(-c3ccsc3)sc12,0.587769,test
NC(=O)c1cnc(N[C@H]2CCCNC2)c2cc(-c3cccc(F)c3)sc12,0.8462492,train
NC(=O)c1cnc(N[C@H]2CCCNC2)c2cc(-c3ccccc3)sc12,0.66716623,train
Cc1cc(Oc2cncnc2)cc(C(=O)Nc2ccc(F)cn2)n1,0.11330447,train
O=C(CN1CCCC2=C1C(=O)N(C1CC1)C2=O)Nc1ccc(-c2cccnc2)nn1,0.035387836,test
Clc1cccc(N2CCN(CCCCNc3nccc4ccccc34)CC2)c1Cl,0.97638863,train
Clc1cccc(N2CCN(CCCCNc3ccc4ccccc4n3)CC2)c1Cl,0.98243815,train
c1ccc(C(OCCCc2c[nH]cn2)c2ccccc2)cc1,0.8068391,train
N#Cc1c(N)ncnc1N1CCC[C@H]1c1nc2cccc(C#CCCCC(=O)N3CCOCC3)c2c(=O)n1-c1ccccc1,0.037849147,test
N=C1N[C@@]2(c3cc(CNCC(F)(F)F)c(F)cc3F)CO[C@@H](CF)C[C@H]2CS1,0.90281826,train
C[C@@H]1C[C@@](C)(c2cc(CNC3(C(F)(F)F)CC3)c(F)cc2F)N=C(N)S1,0.99818087,train
C[C@@]1(c2cc(CNC3(C(F)(F)F)CC3)c(F)cc2F)CCSC(=N)N1,0.22833386,train
C[C@@]1(c2cc(CNC3(C(F)(F)F)COC3)c(F)cc2F)CCSC(=N)N1,0.09106243,val
C[C@@]1(c2cc(CNC3(C#N)CC3)c(F)cc2F)CCSC(=N)N1,0.055410996,train
C[C@@]1(c2cc(CNC3(C(F)F)CC3)c(F)cc2F)CCSC(=N)N1,0.056983724,train
C[C@@]1(c2cc(CNCC3CC3)c(F)cc2F)CCSC(=N)N1,0.2505721,test
C[C@@]1(c2cc(CNC3CC3)c(F)cc2F)CCSC(=N)N1,0.062587105,train
C[C@@]1(c2cc(CNCCC(F)(F)F)c(F)cc2F)CCSC(=N)N1,0.14565194,train
C[C@@H](NCc1cc([C@]2(C)CCSC(=N)N2)c(F)cc1F)C(F)(F)F,0.046640754,train
CC(C)(NCc1cc([C@]2(C)CCSC(=N)N2)c(F)cc1F)C(F)(F)F,0.019529011,train
C[C@@]1(c2cc(CNCC(F)F)c(F)cc2F)CCSC(=N)N1,0.18974632,train
C[C@@]1(c2cc(CNCC(F)(F)F)c(F)cc2F)CCSC(=N)N1,0.54986024,train
CCc1nc2c(C)cc(C)nc2n1Cc1ccc(/C=C/CN2CCN(C(C)C)CC2)cc1,0.9902441,train
Cc1nc2n(c(=O)c1CCN1CCN(c3cccc4sccc34)CC1)CCCC2,0.952608,train
Cc1nc2n(c(=O)c1CCN1CCN(c3cccc4sccc34)CC1)CCCC2O,0.6238258,train
Cc1nc2n(c(=O)c1CCN1CCN(c3cccc4sccc34)CC1)CCCC2F,0.9696648,train
Cc1nc2n(c(=O)c1CCN1CCN(c3cccc4sccc34)CC1)CCCC2(F)F,0.9581547,train
O=C(c1ccccc1)N1CCc2oc(-c3ccc(F)cn3)nc2C1,0.051757757,train
O=C(c1cccc(F)c1)N1CCc2oc(-c3ccc(F)cn3)nc2C1,0.07650428,train
O=C(c1cc(F)cc(Cl)c1)N1CCc2oc(-c3ccc(F)cn3)nc2C1,0.26355895,train
O=C(c1cc(F)cc(Cl)c1)N1CCn2nc(-c3ccc(F)cn3)cc2C1,0.60198826,val
NC(=O)c1cc(Cl)c2c(Cl)c(C3CC3)n([C@H]3CCCNC3)c2n1,0.9807342,train
NC(=O)c1cc(Cl)c2c(Cl)c(C3CC3)n([C@@H]3CCCNC3)c2n1,0.9459487,train
NC(=O)c1cc(Cl)c2c(Cl)c(C3CC3)n(C3CCCNC3)c2n1,0.8427112,train
NC(=O)c1cc(Cl)c2c(Cl)c(C#CC3CC3)n(C3CCCNC3)c2n1,0.85987043,train
Cc1ccc([C@@H]2CN(C(=O)C3CCC(CN)CC3)C[C@H]2c2ccc(C#N)cc2)cc1,0.997692,val
Cc1ccc(-c2ncc(OC[C@@H]3CCNC3)cc2-c2ccc(C#N)cc2)cc1,0.9974137,train
COCCCC(=O)NCCN1CCC[C@@H]1Cn1nc(Cc2ccc(Cl)cc2)c2ccccc2c1=O,0.92669183,train
CCCCc1cc(OC2CCN(CCS(=O)(=O)CC)CC2)c2ncccc2c1,0.9953969,train
CCCCc1cc(OC2CCN(CCCS(=O)(=O)CC)CC2)c2ncccc2c1,0.99641883,train
CCCCc1cc(OC2CCN(CCCS(=O)(=O)CCC)CC2)c2ncccc2c1,0.9979761,train
CCCCc1cc(OC2CCN(CCCS(=O)(=O)C(C)C)CC2)c2ncccc2c1,0.99158514,train
CCCCc1cc(OC2CCN(CCCS(=O)(=O)C(C)(C)C)CC2)c2ncccc2c1,0.9941843,train
CCCCc1cc(OC2CCN(CCCCS(=O)(=O)C(C)(C)C)CC2)c2ncccc2c1,0.996856,train
CCCCc1cc(OC2CCN(CCC(C)S(=O)(=O)CC)CC2)c2ncccc2c1,0.99583226,train
CCCCc1cc(OC2CCN(CCNS(=O)(=O)CC)CC2)c2ncccc2c1,0.9843263,train
CCCCc1cc(OC2CCN(CCCNS(=O)(=O)CC)CC2)c2ncccc2c1,0.99400723,train
CCCCc1cc(OC2CCN(CCCCNS(C)(=O)=O)CC2)c2ncccc2c1,0.98810774,train
CCCCc1cc(OC2CCN(CCCCNS(=O)(=O)CC)CC2)c2ncccc2c1,0.99425006,train
CCCCc1cc(OC2CCN(CCCCNS(=O)(=O)CCC)CC2)c2ncccc2c1,0.99534976,train
CCCCc1cc(OC2CCN(CCCCNS(=O)(=O)C(C)C)CC2)c2ncccc2c1,0.9921246,train
CCCCc1cc(OC2CCN(CCCCNS(=O)(=O)CC(C)C)CC2)c2ncccc2c1,0.996858,train
CCCCc1cc(OC2CCN(CCCCNS(=O)(=O)C3CCCCC3)CC2)c2ncccc2c1,0.9961569,train
CCCCc1cc(OC2CCN(CCCCN(C)S(=O)(=O)CC)CC2)c2ncccc2c1,0.9956255,train
CCCCc1cc(OC2CCN(CCS(=O)(=O)NC(C)(C)C)CC2)c2ncccc2c1,0.9889021,train
CCCCc1cc(OC2CCN(CCCS(=O)(=O)NC(C)(C)C)CC2)c2ncccc2c1,0.9882682,train
CCCCc1cc(OC2CCN(CCCCS(=O)(=O)NCCC)CC2)c2ncccc2c1,0.99564445,train
CCN1CCc2c(sc(NC(=O)Nc3ccc(Cl)cc3)c2C(N)=O)C1,0.45587277,train
NC(=O)c1c(NC(=O)Nc2ccc(Cl)cc2)sc2c1CCN(CCCNC(=O)CCc1c[nH]c3ccccc13)C2,0.51069146,train
CC[N+]1(C)CCc2c(sc(NC(=O)Nc3ccc(Cl)cc3)c2C(N)=O)C1,0.41118133,test
NC(=O)c1c(NC(=O)Nc2ccc(Cl)cc2)sc2c1CC[N+]1(CCCC1)C2,0.4701929,train
NC(=O)c1c(NC(=O)Nc2ccc(Cl)cc2)sc2c1CC[N+]1(CCOCC1)C2,0.28475252,train
CC[N+]1(C)Cc2sc(NC(=O)Nc3ccc(Cl)cc3)c(C(N)=O)c2C1,0.13026111,val
CN1[C@@H]2CC[C@H]1c1c(sc(NC(=O)Nc3ccc(Cl)cc3)c1C(N)=O)C2,0.7351144,val
CCc1ccn2ccnc2c1N1CCCN(CC2CCN(C(=O)C3C[C@@H]4CC[C@H]3O4)CC2)CC1,0.904492,train
CCc1ccn2ccnc2c1N1CCCN([C@@H](CC(N)=O)C2CCN(C(=O)C3C[C@@H]4CC[C@H]3O4)CC2)CC1,0.4737437,train
O=C(O)c1ccc2c(c1)C(=O)OC21CCN(c2ccc(-c3nc4cc(C(F)(F)F)ccc4[nH]3)cn2)CC1,0.356851,train
O=C(O)CC1CCC2(CC1)CCN(c1ccc(-c3nc4cc(C(F)(F)F)ccc4[nH]3)cn1)CC2,0.5561233,val
O=C(O)CN1CCC2(CC1)CCN(c1ccc(-c3nc4cc(C(F)(F)F)ccc4[nH]3)cn1)CC2,0.3764578,test
O=C(O)C1CCC2(CCN(c3ccc(-c4nc5cc(C(F)(F)F)ccc5[nH]4)cn3)CC2)OC1,0.38609773,train
O=C(O)CC1CCOC2(CCN(c3ccc(-c4nc5cc(C(F)(F)F)ccc5[nH]4)cn3)CC2)C1,0.49659625,train
O=C(O)CC1CCC2(CCN(c3ccc(-c4nc5cc(C(F)(F)F)ccc5[nH]4)cn3)CC2)OC1,0.38950512,train
O=C(O)CC1COC2(CCN(c3ccc(-c4nc5cc(C(F)(F)F)ccc5[nH]4)cn3)CC2)C1,0.39930233,train
O=C(O)C[C@@H]1COC2(CCN(c3ccc(-c4nc5cc(C(F)(F)F)ccc5[nH]4)cn3)CC2)C1,0.45100093,train
O=C(O)C[C@H]1COC2(CCN(c3ccc(-c4nc5cc(C(F)(F)F)ccc5[nH]4)cn3)CC2)C1,0.34222373,train
O=C(O)CC1CCC2(CCN(c3ccc(-c4nc5cc(C(F)(F)F)ccc5[nH]4)cn3)CC2)O1,0.42415062,train
COc1ccc2ncc(F)c(C[C@H](N)[C@@H]3CC[C@@H](NCc4ccc5c(n4)NC(=O)CO5)CO3)c2n1,0.080192074,train
COc1ccc2ccc(=O)n(C[C@H](O)[C@@H]3CC[C@@H](NCc4ccc5c(n4)NC(=O)CO5)CO3)c2n1,0.04530388,train
COc1ccc2ccc(=O)n(C[C@H](N)[C@@H]3CC[C@@H](NCc4ccc5c(n4)NC(=O)CO5)CO3)c2n1,0.022557953,train
CCc1nc2c(C)cc(N3CCN(CC(=O)N4CC(O)C4)CC3)cn2c1N(C)c1nc(-c2ccc(F)cc2)c(C#N)s1,0.89278626,val
CCc1nc2ccc(C3CCN(CC(=O)N4CC(O)C4)CC3)cn2c1N(C)c1nc(-c2ccc(F)cc2)cs1,0.85411566,train
CCc1nc2ccc(C3CCN(CC(=O)N4CC(O)C4)CC3)cn2c1N(C)c1nc(-c2ccc(F)cc2)c(C#N)s1,0.95811105,train
CC1(COc2ccc(OC(F)(F)F)cc2)CCn2cc([N+](=O)[O-])nc2O1,0.99509734,train
C[C@]1(COc2ccc(OC(F)(F)F)cc2)Cn2cc([N+](=O)[O-])nc2O1,0.261738,test
Cc1cc(/C=C/C#N)cc(C)c1Oc1nc(NC2CCN(Cc3ccc(S(N)(=O)=O)cc3)CC2)nc2ccsc12,0.97349685,train
C=CC(=O)Nc1cc(Nc2nccc(-c3cn4c5c(cccc35)CCC4)n2)c(OC)cc1N(C)CCN(C)C,0.7979809,train
CC1(C)[C@H](Nc2c(C(N)=O)cnn3cc(-c4ccccc4)cc23)CC[C@]1(C)N,0.5199613,train
COc1ccc(-c2cc3c(N[C@@H]4CC[C@](C)(N)C4(C)C)c(C(N)=O)cnn3c2)cn1,0.31143594,train
Cc1ccccc1-c1cc2c(N[C@@H]3CC[C@](C)(N)C3(C)C)c(C(N)=O)cnn2c1,0.3863208,train
Cc1cccc(-c2cc3c(N[C@@H]4CC[C@](C)(N)C4(C)C)c(C(N)=O)cnn3c2)c1,0.7913901,train
COc1ccccc1-c1cc2c(N[C@@H]3CC[C@](C)(N)C3(C)C)c(C(N)=O)cnn2c1,0.40640858,train
COc1cccc(-c2cc3c(N[C@@H]4CC[C@](C)(N)C4(C)C)c(C(N)=O)cnn3c2)c1,0.62262964,train
COc1ccc(-c2cc3c(N[C@@H]4CC[C@](C)(N)C4(C)C)c(C(N)=O)cnn3c2)cc1,0.33577442,train
CC1(C)[C@H](Nc2c(C(N)=O)cnn3cc(-c4ccccc4F)cc23)CC[C@]1(C)N,0.48057997,train
CC1(C)[C@H](Nc2c(C(N)=O)cnn3cc(-c4cccc(F)c4)cc23)CC[C@]1(C)N,0.79237944,train
CC1(C)[C@H](Nc2c(C(N)=O)cnn3cc(-c4ccc(F)cc4)cc23)CC[C@]1(C)N,0.67413914,train
CC1(C)[C@H](Nc2c(C(N)=O)cnn3cc(-c4cccc(Cl)c4)cc23)CC[C@]1(C)N,0.87383676,train
CC1(C)[C@H](Nc2c(C(N)=O)cnn3cc(-c4ccc(C#N)cc4)cc23)CC[C@]1(C)N,0.8244215,train
CC1(C)[C@H](Nc2c(C(N)=O)cnn3cc(-c4cncnc4)cc23)CC[C@]1(C)N,0.16915408,train
Cc1cc(-c2cc3c(N[C@@H]4CC[C@](C)(N)C4(C)C)c(C(N)=O)cnn3c2)ccn1,0.27988595,train
CC1(C)[C@H](Nc2c(C(N)=O)cnn3cc(-c4ccnc(F)c4)cc23)CC[C@]1(C)N,0.25886342,train
Cc1ccncc1-c1cc2c(N[C@@H]3CC[C@](C)(N)C3(C)C)c(C(N)=O)cnn2c1,0.19185227,train
Cc1ccc(-c2cc3c(N[C@@H]4CC[C@](C)(N)C4(C)C)c(C(N)=O)cnn3c2)cn1,0.3011975,train
CC1(C)[C@H](Nc2c(C(N)=O)cnn3cc(-c4cncc(F)c4)cc23)CC[C@]1(C)N,0.53894913,train
CC1(C)[C@H](Nc2c(C(N)=O)cnn3cc(-c4ccc(F)nc4)cc23)CC[C@]1(C)N,0.35898143,train
CCOc1ccc(-c2cc3c(N[C@@H]4CC[C@](C)(N)C4(C)C)c(C(N)=O)cnn3c2)cn1,0.29061604,train
CC(C)Oc1ccc(-c2cc3c(N[C@@H]4CC[C@](C)(N)C4(C)C)c(C(N)=O)cnn3c2)cn1,0.663399,train
CC1(C)[C@H](Nc2c(C(N)=O)cnn3cc(-c4ccc(C#N)nc4)cc23)CC[C@]1(C)N,0.4792157,train
CC(C)c1cc(CN2Cc3ccccc3S2(=O)=O)nn1-c1ccc(F)cc1,0.3105466,test
CC(C)c1cc(CN2Cc3ccccc3S2(=O)=O)nn1C(C)(C)C,0.013938818,train
Nc1nccn2c([C@H]3CN(C4CCOCC4)CCO3)nc(-c3ccc(C(=O)Nc4cc(C(F)(F)F)ccn4)cc3F)c12,0.084754854,val
Nc1nccn2c([C@@H]3CCCN(C4CCOCC4)C3)nc(-c3ccc(C(=O)Nc4cc(C(F)(F)F)ccn4)cc3F)c12,0.96884793,test
COCC(=O)N1CCO[C@@H](c2nc(-c3ccc(C(=O)Nc4cc(C(F)(F)F)ccn4)cc3F)c3c(N)nccn23)C1,0.060914926,train
COCC(=O)N1CCC[C@@H](c2nc(-c3ccc(C(=O)Nc4cc(C(F)(F)F)ccn4)cc3F)c3c(N)nccn23)C1,0.6339161,train
CC(C)C(=O)N1CCO[C@@H](c2nc(-c3ccc(C(=O)Nc4cc(C(F)(F)F)ccn4)cc3F)c3c(N)nccn23)C1,0.043791544,train
CC(C)C(=O)N1CCC[C@@H](c2nc(-c3ccc(C(=O)Nc4cc(C(F)(F)F)ccn4)cc3F)c3c(N)nccn23)C1,0.6058419,train
CC(=O)N1CCO[C@@H](c2nc(-c3ccc(C(=O)Nc4cc(C(F)(F)F)ccn4)cc3F)c3c(N)nccn23)C1,0.046029706,train
CC(=O)N1CCC[C@@H](c2nc(-c3ccc(C(=O)Nc4cc(C(F)(F)F)ccn4)cc3F)c3c(N)nccn23)C1,0.65751326,train
CC1(C(=O)N2CCO[C@@H](c3nc(-c4ccc(C(=O)Nc5cc(C(F)(F)F)ccn5)cc4F)c4c(N)nccn34)C2)CCC1,0.08985902,train
COCCC(=O)N1CCSC(c2nc(-c3ccc(C(=O)Nc4cc(C(F)(F)F)ccn4)cc3)c3c(N)nccn23)C1,0.809163,test
COCCC(=O)N1CCO[C@@H](c2nc(-c3ccc(C(=O)Nc4cc(C(F)(F)F)ccn4)cc3)c3c(N)nccn23)C1,0.07770801,train
CC1(C(=O)N2CCO[C@@H](c3nc(-c4ccc(C(=O)Nc5cc(C(F)(F)F)ccn5)cc4)c4c(N)nccn34)C2)COC1,0.061806962,train
CC1(C(=O)N2CC[C@@H](c3nc(-c4ccc(C(=O)Nc5cc(C(F)(F)F)ccn5)cc4)c4c(N)nccn34)C2)COC1,0.6298744,train
CC1(C(=O)N2CC(c3nc(-c4ccc(C(=O)Nc5cc(C(F)(F)F)ccn5)cc4)c4c(N)nccn34)C2)COC1,0.65733343,train
CC1(C(=O)N2CCC[C@@H](c3nc(-c4ccc(C(=O)Nc5cc(C(F)(F)F)ccn5)cc4)c4c(N)nccn34)C2)COC1,0.7372161,train
CC(C)Cc1cc(CNS(=O)(=O)c2cccc3cccnc23)nn1-c1ccccc1,0.17608878,train
CC(C)Cc1cc(CNS(=O)(=O)c2cccc3cccnc23)nn1-c1ccc(F)cc1,0.3893699,train
C[C@]12CCCC[C@H]1C[C@@H](N1CCC[C@@H](N)C1)[C@@H]2Oc1ccc(C#N)cc1,0.7827374,train
C[C@]12CCC(F)(F)C[C@H]1C[C@@H](N1CCC[C@@H](N)C1)[C@@H]2Oc1ccc(C#N)cc1,0.06855345,train
C[C@]12CCC(F)=C[C@H]1C[C@@H](N1CCC[C@@H](N)C1)[C@@H]2Oc1ccc(C#N)cc1,0.68093514,train
CO/N=C1\CC[C@@]2(C)[C@@H](C1)C[C@@H](N1CCC[C@@H](N)C1)[C@@H]2Oc1ccc(C#N)cc1,0.78403807,test
C[C@]12CC[C@H](C(F)F)C[C@H]1C[C@@H](N1CCC[C@@H](N)C1)[C@@H]2Oc1ccc(C#N)cc1,0.028344225,train
N#Cc1ccc(O[C@@H]2[C@H]3C4C[C@@H](CC4=O)[C@H]3C[C@H]2N2CCC[C@@H](N)C2)cc1,0.008643953,train
O=C(CCN1CCN(C(=O)OCc2cc(Cl)cc(Cl)c2)CC1)c1ccc2[nH]c(=O)oc2c1,0.49072316,train
CN(CCC1CCN(C(=O)OCc2cc(Cl)cc(Cl)c2)CC1)C(=O)c1c[nH]c(=O)o1,0.43745202,train
CN(CCC1CCN(C(=O)OCc2cc(Cl)cc(Cl)c2)CC1)C(=O)c1c[nH]nn1,0.5960858,test
O=C(CCc1c[nH]nn1)NC1CCN(C(=O)OCc2cc(Cl)cc(Cl)c2)CC1,0.51732224,test
O=C(CCCc1c[nH]nn1)NC1CCN(C(=O)OCc2cc(Cl)cc(Cl)c2)CC1,0.88845253,val
O=C(CCCCc1c[nH]nn1)NC1CCN(C(=O)OCc2cc(Cl)cc(Cl)c2)CC1,0.94789875,val
CC(=O)Nc1nc(C)c(-c2cc3c(c(S(C)(=O)=O)c2)C(=O)N([C@@H](C)C2CC2)C3)s1,0.025934618,train
CC(=O)Nc1nc(C)c(-c2cc3c(c(NS(C)(=O)=O)c2)C(=O)N([C@@H](C)C2CC2)C3)s1,0.025144892,train
COc1ccc(CCC(=O)N(c2nccc3ccccc23)[C@@H]2CCCNC2)cc1,0.40582064,train
O=C(c1ccc(-c2ccccc2)cc1)N(c1nccc2ccccc12)[C@@H]1CCCNC1,0.43941385,val
Cn1cc(-c2ccc(C(=O)N(c3nccc4ccccc34)[C@@H]3CCCNC3)cc2)cn1,0.12354936,train
O=C(c1ccc(-c2cnn3cccnc23)cc1)N(c1nccc2ccccc12)[C@@H]1CCCNC1,0.1681517,test
O=C(c1ccc(-n2nnc3cccnc32)cc1)N(c1nccc2ccccc12)[C@@H]1CCCNC1,0.14835857,test
O=C(c1ccc(-n2nnc3cccnc32)cc1)N(c1ncccc1Cl)[C@@H]1CCCNC1,0.088641256,train
Cc1ccc2nnn(-c3ccc(C(=O)N(c4ncccc4Cl)[C@@H]4CCCNC4)cc3)c2n1,0.17644022,train
Cc1cnc2c(c1)nnn2-c1ccc(C(=O)N(c2ncccc2Cl)[C@@H]2CCCNC2)cc1,0.26789975,train
O=C(c1ccc(-n2nnc3cccnc32)cn1)N(c1ncccc1Cl)[C@@H]1CCCNC1,0.07802887,train
O=C(c1ccc(-n2nnc3cccnc32)nc1)N(c1ncccc1Cl)[C@@H]1CCCNC1,0.027921531,train
Cc1cnc2c(c1)nnn2-c1ccc(C(=O)N(c2ncccc2Cl)[C@@H]2CCCNC2)nc1,0.24146876,train
CN(C)c1cncc(-c2ccc(C(=O)N(c3ncccc3Cl)[C@@H]3CCCNC3)cc2)n1,0.05801334,train
Cc1cncc(-c2ccc(C(=O)N(c3ncccc3Cl)[C@@H]3CCCNC3)cc2)n1,0.044681307,train
CNc1cncc(-c2ccc(C(=O)N(c3ncccc3Cl)[C@@H]3CCCNC3)cc2)n1,0.045107704,train
O=S(=O)(NCc1ccccc1)c1cccc(Nc2ccc3nccc(-c4ccncc4)c3n2)c1,0.49064893,train
O=C1S/C(=C\c2ccc3c(cnn3Cc3ccc(Cl)cc3C(F)(F)F)c2)C(=O)N1[C@@H]1CCNC[C@H]1F,0.925863,val
CCc1cc2c(s1)CCN1Cc3ccccc3CC21,0.15585092,val
c1ccc(Cc2cc3c(s2)CCN2Cc4ccccc4CC32)cc1,0.3512192,train
COc1nc2ccc(Br)cc2cc1[C@@H](c1ccccc1)[C@@](O)(CCN(C)C)c1cccc2ccccc12,0.9987748,train
COc1nc2ccccc2cc1C(c1ccccc1)C(O)(CCN(C)C)c1cccc2ccccc12,0.99655676,train
COc1nc2ccc(Cl)cc2cc1C(c1ccccc1)C(O)(CCN(C)C)c1cccc2ccccc12,0.9995135,train
COc1nc2ccc(C)cc2cc1C(c1ccccc1)C(O)(CCN(C)C)c1cccc2ccccc12,0.99891055,train
CC#Cc1ccc2nc(OC)c(C(c3ccccc3)C(O)(CCN(C)C)c3cccc4ccccc34)cc2c1,0.9945826,train
COc1nc2ccc(C=NO)cc2cc1C(c1ccccc1)C(O)(CCN(C)C)c1cccc2ccccc12,0.9875354,train
CO/N=C/c1ccc2nc(OC)c([C@@H](c3ccccc3)[C@](O)(CCN(C)C)c3cccc4ccccc34)cc2c1,0.983461,train
COc1nc2ccc(CN(C)C)cc2cc1C(c1ccccc1)C(O)(CCN(C)C)c1cccc2ccccc12,0.9970003,train
COc1nc2ccc(CN)cc2cc1C(c1ccccc1)C(O)(CCN(C)C)c1cccc2ccccc12,0.98243,train
COc1nc2ccc(CO)cc2cc1C(c1ccccc1)C(O)(CCN(C)C)c1cccc2ccccc12,0.9707362,train
COc1nc2ccc(CC(C)=O)cc2cc1C(c1ccccc1)C(O)(CCN(C)C)c1cccc2ccccc12,0.9954918,train
COc1nc2ccc(C(=O)N(C)C)cc2cc1C(c1ccccc1)C(O)(CCN(C)C)c1cccc2ccccc12,0.985981,train
COc1nc2ccc(C(=O)O)cc2cc1C(c1ccccc1)C(O)(CCN(C)C)c1cccc2ccccc12,0.49005416,train
COC(=O)c1ccc2c(C(=Nc3ccc(N4C(=O)CC[C@@H]4CN4CCN(C)CC4)cc3)c3ccccc3)c(O)[nH]c2c1,0.85501343,train
COC(=O)c1ccc2c(C(=Nc3ccc(N4C(=O)CC[C@H]4CN4CCN(C)CC4)cc3)c3ccccc3)c(O)[nH]c2c1,0.8652276,train
COC(=O)c1ccc2c(C(=Nc3ccc(N(C)C(=O)CN4CCN(C)CC4)cc3)c3ccccc3)c(O)[nH]c2c1,0.8423373,val
C[C@]1(c2cc(NC(=O)c3ccc(C#N)cn3)ccc2F)N=C(N)CO[C@@H]1F,0.026524732,test
COCCNCCC(=O)N[C@H]1c2ccccc2C[C@@H]1NC(=O)c1cc2ccccc2n1C,0.77742565,train
CN(C)CCC(=O)N[C@H]1c2ccccc2C[C@@H]1NC(=O)c1cc2cc(F)c(F)cc2[nH]1,0.73110425,train
Cc1ccc2[nH]c(C(=O)N[C@H]3Cc4ccccc4[C@@H]3NC(=O)CCN(C)C)cc2c1,0.7523637,train
Cc1ccc2[nH]c(C(=O)N[C@@H]3Cc4ccccc4[C@H]3NC(=O)CCN(C)C)cc2c1,0.8581936,train
Cc1ccc2[nH]c(C(=O)N[C@H]3Cc4ccccc4[C@H]3NC(=O)CCN(C)C)cc2c1,0.6985924,train
Cc1ccc2[nH]c(C(=O)N[C@@H]3Cc4ccccc4[C@@H]3NC(=O)CCN(C)C)cc2c1,0.91115534,train
CN(C)CCNC(=O)C1c2ccccc2C[C@@H]1NC(=O)c1cc2ccccc2[nH]1,0.08168729,train
CN(C)CCNC(=O)C1c2ccccc2C[C@H]1NC(=O)c1cc2ccccc2[nH]1,0.098983325,train
CCC[C@@H](CCO)Nc1nc(N)nc2ccccc12,0.93715054,train
CCCC[C@@H](CCO)Nc1nc(N)nc2ccccc12,0.96764576,train
CCC[C@@H](CCO)Nc1nc(N)nc2cccc(C)c12,0.96761584,train
CCCC[C@@H](CCO)Nc1nc(N)nc2cccc(C)c12,0.98252004,train
CCC[C@@H](CCO)Nc1nc(N)nc2cccc(F)c12,0.9672209,train
CCC[C@@H](CCO)Nc1nc(N)nc2ccc(C)cc12,0.96176064,train
CCCC[C@@H](CCO)Nc1nc(N)nc2ccc(C)cc12,0.97930473,train
CCC[C@@H](CCO)Nc1nc(N)nc2ccc(F)cc12,0.9654307,train
CCCC[C@@H](CCO)Nc1nc(N)nc2ccc(F)cc12,0.98131865,train
CCCC[C@@H](CCO)Nc1nc(N)nc2ccc(OC)cc12,0.96722376,train
CCC[C@@H](CCO)Nc1nc(N)nc2cc(C)ccc12,0.9615634,train
CCCC[C@@H](CCO)Nc1nc(N)nc2cc(C)ccc12,0.9791981,train
CCC[C@@H](CCO)Nc1nc(N)nc2cc(F)ccc12,0.96543634,train
CCCC[C@@H](CCO)Nc1nc(N)nc2cc(F)ccc12,0.98132473,train
CCCC[C@@H](CCO)Nc1nc(N)nc2cc(OC)ccc12,0.9664316,train
CCCC[C@@H](CCO)Nc1nc(N)nc2c(F)cccc12,0.97259897,train
O=C(NC[C@@H]1[C@H]2CN(C(=O)/C=C/c3cc(Cl)cc(Cl)c3)C[C@@H]12)c1ccc2[nH]c(=O)oc2c1,0.70377356,test
O=C(NC[C@@H]1[C@H]2CN(C(=O)CCc3cc(Cl)cc(Cl)c3)C[C@@H]12)c1ccc2[nH]c(=O)oc2c1,0.9390047,train
O=C(NC[C@@H]1[C@H]2CN(C(=O)C3CC3c3cc(Cl)cc(Cl)c3)C[C@@H]12)c1ccc2[nH]c(=O)oc2c1,0.95707506,train
CC(OC(=O)N1C[C@@H]2[C@@H](CNC(=O)c3ccc4[nH]c(=O)oc4c3)[C@@H]2C1)c1cc(Cl)cc(Cl)c1,0.81094575,train
O=C(NC[C@@H]1[C@H]2CN(C(=O)OCc3cc(C(F)(F)F)cc(C(F)(F)F)c3)C[C@@H]12)c1ccc2[nH]c(=O)oc2c1,0.96799034,train
O[C@H]1CNCCC[C@@H]1n1c2ccc(C(F)(F)F)cc2c2cc(C(F)(F)F)ccc21,0.9881146,train
COc1ccc(C(=O)NC(C)c2cnn(C)n2)cc1S(=O)(=O)Nc1ccc(Cl)cc1,0.7458132,test
CN(C/C=C/C=C/c1ccc(C(F)(F)F)cc1F)Cc1ccc2c(c1)OCO2,0.98719656,train
CN(C/C=C/c1ccc(F)cc1C(F)(F)F)Cc1ccc2c(c1)OCO2,0.9533818,train
Cc1ccc(CN2CCC(N3CC[C@H](c4ccc(O)cc4)[C@H](F)C3)C2=O)cc1,0.68577474,train
O=C1C(N2CCC(c3ccc(O)cc3)CC2)CCN1Cc1ccc(F)cc1,0.44792852,train
Cc1ccc(CN2CCC(N3CCC(c4ccc(O)cc4)CC3)C2=O)cc1,0.35642967,train
Cc1ccc(CN2CCC(N3CC[C@@H](c4ccc(O)cc4)[C@H](F)C3)C2=O)cc1,0.3358534,train
Cn1cnc(S(=O)(=O)NCCOc2ccc3c(c2)[C@@H](Cc2ccccc2)[C@@H](N2CCC2)CC3)c1,0.008582799,train
O=S(=O)(CC1CC1)NCCOc1ccc2c(c1)[C@@H](Cc1ccccc1)[C@@H](N1CCC1)CC2,0.48795226,train
O=S(=O)(CC1CC1)NC1CN(c2ccc3c(c2)[C@@H](Cc2ccccc2)[C@@H](N2CCC2)CC3)C1,0.14654298,test
O=S(=O)(CC1CC1)NC1CN(c2ccc3c(c2)[C@@H](Cc2ccccc2)[C@@H](N2CCC2)CO3)C1,0.23802942,train
CCCS(=O)(=O)NC1CN(c2ccc3c(c2)[C@@H](Cc2ccccc2)[C@@H](N2CCC2)CC3)C1,0.431709,test
CCCS(=O)(=O)NC1CCN(c2ccc3c(c2)[C@@H](Cc2ccccc2)[C@@H](N2CCC2)CC3)C1=O,0.23174508,test
COCc1ccc(-c2cc3c(cc2F)ncc2c3n([C@H]3CC[C@H](OC)CC3)c(=O)n2C)cn1,0.14611264,test
CO[C@H]1C[C@@H](n2c(=O)n(C)c3cnc4cc(F)c(-c5ccc(OCCCN(C)C)nc5F)cc4c32)C1,0.33159822,train
NC(=O)c1cnc2ccc(-c3cccnc3)cc2c1NC1CCOCC1,0.6780303,train
CO[C@H]1C[C@@H](n2c(=O)n(C)c3cnc4cc(F)c(-c5ccc(CS(C)(=O)=O)nc5)cc4c32)C1,0.020101814,train
CO[C@H]1C[C@@H](n2c(=O)n(C)c3cnc4cc(F)c(-c5ccc(CO)nc5)cc4c32)C1,0.012720624,train
CO[C@H]1C[C@@H](n2c(=O)n(C)c3cnc4cc(F)c(-c5ccc(NC(=O)CCCN(C)C)nc5)cc4c32)C1,0.020682704,train
CO[C@H]1C[C@@H](n2c(=O)n(C)c3cnc4cc(F)c(-c5ccc(N(C)CCN(C)C)nc5)cc4c32)C1,0.17816073,train
CO[C@H]1C[C@@H](n2c(=O)n(C)c3cnc4cc(F)c(-c5ccc(NCCN(C)C)nc5)cc4c32)C1,0.055274934,train
COCc1ccc(-c2cc3c(cc2F)ncc2c3n([C@@H](C)C3CCOCC3)c(=O)n2C)cn1,0.21144588,train
COCc1ccc(-c2cc3c(cc2F)ncc2c3n(C3CCOCC3)c(=O)n2C)cn1,0.07174166,train
COCc1ccc(-c2cc3c(cc2F)ncc2c3n([C@H]3C[C@@H](O)C3)c(=O)n2C)cn1,0.010253532,train
COCc1ccc(-c2cc3c(cc2F)ncc2c3n([C@H]3C[C@H](OC)C3)c(=O)n2C)cn1,0.45691144,train
COCc1ccc(-c2cc3c(cc2F)ncc2c3n([C@H]3C[C@@H](OC)C3)c(=O)n2C)cn1,0.01770115,train
Cn1c(=O)n(C2CCOCC2)c2c3cc(-c4cccnc4)ccc3ncc21,0.3609349,train
CO[C@H]1C[C@@H](n2c(=O)n(C)c3cnc4ccc(-c5ccc(OCCCN6CCCCC6)nc5)cc4c32)C1,0.4929277,train
Cn1c(=O)n([C@H]2CCCOC2)c2c3cc(-c4ccc(OCCCN5CCCCC5)nc4)c(F)cc3ncc21,0.6328404,val
CN(C)CCCOc1ccc(-c2ccc3ncc4c(c3c2)n([C@H]2CCCOC2)c(=O)n4C)cn1,0.3142094,test
NCCCCN(C[C@H]1Cc2ccccc2CN1)[C@H]1CCCc2cccnc21,0.98934525,train
CN(C[C@H]1Cc2c(cccc2N2CCNCC2)CN1)[C@H]1CCCc2cccnc21,0.89601564,val
C[C@@H]1CN(CC(=O)N2CC(C)(C)c3ncc(Cc4ccc(F)cc4)cc32)[C@@H](CN2CCOC[C@H]2C)CN1,0.11295921,train
C[C@@H]1CN(CC(=O)N2CC(C)(C)c3nc(CO)c(Cc4ccc(F)cc4)cc32)[C@@H](CN2CCOC[C@H]2C)CN1,0.056681357,train
O[C@H]1Cc2ccccc2C2(CCC(N3CCN(C4CCCCC4)CC3)CC2)O1,0.62997675,train
CCOC(=O)C[C@H]1Cc2ccccc2C2(CCC(N3CCN(C4CCCCC4)CC3)CC2)O1,0.9936947,train
FCC[C@@H]1Cc2ccccc2C2(CCC(N3CCN(C4CCCCC4)CC3)CC2)O1,0.9913982,train
CCc1nn2c(C)cc(C)nc2c1Cc1ccc(-c2nnc(C3CCNCC3)o2)cc1,0.017847618,val
CCc1nn2c(C)cc(C)nc2c1Cc1ccc(/C=C/CN2CCNCC2=O)cc1,0.08847718,train
CCc1nn2c(C)cc(C)nc2c1Cc1ccc(CCC(=O)N2CCNCC2)cc1,0.114814796,train
CCc1nn2c(C)cc(C)nc2c1Cc1ccc(CCC(O)C2CCNCC2)cc1,0.6503854,train
CCc1nn2c(C)cc(C)nc2c1Cc1ccc(CCCC2(O)CCNCC2)cc1,0.47913516,train
CCc1nn2c(C)cc(C)nc2c1Cc1ccc(CCCC2(O)CCN(C(C)C)CC2)cc1,0.6004643,train
CCc1nn2c(C)cc(C)nc2c1Cc1ccc(CCCN2CCN(C(C)C)CC2)cc1,0.4397904,train
CCc1nn2c(C)cc(C)nc2c1Cc1ccc(/C=C/CN2CCN(C(C)C)CC2)cc1,0.6364604,train
CCc1nc2c(C)cc(C)nn2c1Cc1ccc(/C=C/CN2CCN(C(C)C)CC2)cc1,0.9779263,val
N#Cc1cc(S(=O)(=O)Nc2ncns2)ccc1Oc1ccc(-c2cccc(C(F)(F)F)c2)cc1-c1ccnc(CNCCC2CCNCC2)c1,0.9967368,test
CCN[C@@H]1CCC=C(c2ccc(F)cc2)[C@H]1COc1cc(F)c(S(=O)(=O)Nc2cscn2)cc1Cl,0.81252664,train
N[C@@H]1CCC=C(c2ccc(F)cc2)[C@H]1CNc1cc(F)c(S(=O)(=O)Nc2cscn2)cc1Cl,0.26983836,train
COc1ccc(CCN2CCC(Nc3nc4ccccc4n3Cc3ccc(F)cc3F)CC2)cc1,0.9998109,train
COc1ccc(CCN2CCC(Nc3nc4ccccc4[nH]3)CC2)cc1,0.99282163,train
CCCCCCn1c(NC2CCN(CCc3ccc(OC)cc3)CC2)nc2ccccc21,0.9994948,train
CCCCCCCCn1c(NC2CCN(CCc3ccc(OC)cc3)CC2)nc2ccccc21,0.99977106,train
CCCCCCCCCCn1c(NC2CCN(CCc3ccc(OC)cc3)CC2)nc2ccccc21,0.9998994,train
COc1ccc(CCN2CCC(Nc3nc4ccccc4n3CCC(C)C)CC2)cc1,0.9986909,train
COc1ccc(CCN2CCC(Nc3nc4ccccc4n3CC3CCCCC3)CC2)cc1,0.99903107,test
CC(C)OCc1ccccc1CNC(=O)c1c2c(c(Cl)n1C)CC(C)(C)CC2,0.10248108,test
COc1nc2ccc(Br)cc2cc1[C@@H](c1cc(C)c(C)s1)[C@@](O)(CCN(C)C)c1cccc(F)c1,0.98689055,val
COc1nc2ccc(Br)cc2cc1[C@@H](c1ccc(N(C)C)nc1)[C@@](O)(CCN(C)C)c1cccc(F)c1,0.98283273,train
CCSc1ccc([C@H](c2cc3cc(Br)ccc3nc2OC)[C@@](O)(CCN(C)C)c2cccc(F)c2)cn1,0.99556446,train
COc1cc([C@H](c2cc3cc(Br)ccc3nc2OC)[C@@](O)(CCN(C)C)c2cccc(F)c2)cnc1OC,0.93961483,train
COc1nc2ccc(Br)cc2cc1[C@@H](c1ccnc(OC)c1OC)[C@@](O)(CCN(C)C)c1cccc(C)c1,0.98024505,train
N#Cc1ccc(Cn2ccc(NC(=O)Cc3ccc(C4(C(F)(F)F)CC4)cc3)n2)nc1,0.8541235,train
Cc1cc(C2C[C@H]3[C@@H](C)SC(=N)N[C@@]3(c3ccc(F)cc3F)CO2)on1,0.9983182,train
Cc1cc(C2C[C@H]3[C@@H](CF)SC(=N)N[C@@]3(c3ccc(F)cc3F)CO2)on1,0.9701236,train
C[C@H]1C[C@H]2CSC(=N)N[C@@]2(c2ccc(F)cc2F)CO1,0.3811087,train
C[C@H]1C[C@H]2CSC(=N)N[C@@]2(c2ccccc2C(F)(F)F)CO1,0.08353461,train
C[C@H]1C[C@H]2CSC(=N)N[C@@]2(c2ccccc2)CO1,0.07897856,train
COc1ccccc1[C@]12CO[C@@H](C)C[C@H]1CSC(=N)N2,0.042594243,train
C[C@H]1C[C@H]2CSC(=N)N[C@@]2(c2ccsc2)CO1,0.059547927,val
COc1ccc(C(=O)Nc2csc([C@]34CO[C@@H](C)C[C@H]3CSC(=N)N4)n2)cc1,0.059223134,test
COc1ccc(C(=O)Nc2csc([C@]34CO[C@@H](C)C[C@H]3CSC(=N)N4)n2)nc1,0.043310866,train
C[C@H]1C[C@H]2CSC(=N)N[C@@]2(c2nc(NC(=O)c3ccc(F)cn3)cs2)CO1,0.09243585,train
Cc1cc(F)cnc1C(=O)Nc1csc([C@]23CO[C@@H](C)C[C@H]2CSC(=N)N3)n1,0.096209265,train
C[C@H]1C[C@H]2CSC(=N)N[C@@]2(c2nc(NC(=O)c3ccc(C(F)(F)F)cn3)cs2)CO1,0.072496735,train
C[C@H]1C[C@H]2CSC(=N)N[C@@]2(c2nc(NC(=O)c3ccc(OC(F)(F)F)cn3)cs2)CO1,0.3938758,train
C[C@H]1C[C@H]2CSC(=N)N[C@@]2(c2nc(NC(=O)c3ccc(C#N)cn3)cs2)CO1,0.16293462,train
COc1cnc(C(=O)Nc2csc([C@]34CO[C@@H](C)C[C@H]3CSC(=N)N4)n2)cn1,0.03983832,train
C[C@H]1C[C@H]2CSC(=N)N[C@@]2(c2nc(NC(=O)c3cnc(OC(F)F)cn3)cs2)CO1,0.22042128,train
C[C@H]1C[C@H]2CSC(=N)N[C@@]2(c2nc(NC(=O)c3ccn(C(F)F)n3)cs2)CO1,0.09834229,train
COc1cccc(NC(=O)c2cnc([C@]34CO[C@@H](C)C[C@H]3CSC(=N)N4)s2)c1,0.01667742,train
COc1cccc(NC(=O)c2cnc([C@]34CO[C@@H](C)C[C@H]3CSC(=N)N4)s2)n1,0.01849747,test
CCN(CC)CCNC(=O)c1ccnc(-c2cnn3ccc(-c4cccs4)nc23)c1,0.94143105,train
CCN(CC)[C@@H](C)CNC(=O)c1ccnc(-c2cnn3ccc(-c4cccs4)nc23)c1,0.9963959,train
CCc1cc(C(=O)NC[C@H](C)N(CC)CC)cc(-c2cnn3ccc(-c4cccs4)nc23)n1,0.99736744,train
CCN(CC)[C@@H](C)CNC(=O)c1cc(-c2cnn3ccc(-c4cccs4)nc23)nc(N2CC(OC)C2)c1,0.9975937,train
COc1ccccc1CCN1CCC(CCc2ccccc2OCCF)CC1,0.9949897,train
FCCOc1ccccc1CCC1CCN(CCc2ccccc2)CC1,0.99527705,train
COc1ccc(CCN2CCC(CCc3cccc(OCCF)c3)CC2)cc1,0.9973085,train
COc1ccccc1CCN1CCC(CCc2cccc(OCCF)c2)CC1,0.99598974,train
FCCOc1cccc(CCC2CCN(CCc3ccccc3)CC2)c1,0.99621874,train
COc1ccc(CCN2CCC(CCc3ccccc3OCCF)CC2)cc1,0.996639,train
FCCOc1ccccc1CCC1CCN(CCc2ccccc2Cl)CC1,0.9944852,train
FCCOc1ccccc1CCC1CCN(CCc2ccc(F)cc2)CC1,0.99744666,train
FCCOc1ccc(CCC2CCN(CCc3ccccc3Cl)CC2)cc1,0.9957753,train
FCCOc1ccc(CCN2CCC(CCc3ccccc3)CC2)cc1,0.9961642,train
FCCOc1cccc(CCN2CCC(CCc3ccccc3)CC2)c1,0.9959467,train
FCCOc1ccccc1CCN1CCN(CCc2ccccc2)CC1,0.99525464,train
FCCOc1cccc(CCN2CCN(CCc3ccccc3)CC2)c1,0.99545187,train
FCCOc1ccc(CCN2CCN(CCc3ccccc3)CC2)cc1,0.9956957,train
FCCOc1ccccc1CCN1CCN(CCc2ccccc2Cl)CC1,0.9944571,train
FCCOc1ccccc1CCN1CCN(CCc2ccc(F)cc2)CC1,0.9974331,train
FCCOc1ccc(CCN2CCN(CCc3ccccc3Cl)CC2)cc1,0.994972,train
CCN1CCN(Cc2ccc(Nc3ncc(F)c(-c4cc(F)c5nc(C)n(C(C)C)c5c4)n3)nc2)CC1,0.92546785,val
CCN1CCN(Cc2ccc(Nc3ncc(F)c(-c4cc(F)c5nc6n(c5c4)C(C)(C)CC6)n3)nc2)CC1,0.92908335,val
COCCCN1CCC(c2nnc(-c3cccc4cc(C(C)C)nn34)o2)CC1,0.7133337,train
CC(C)c1cc2cccc(-c3nnc(C4CCN(CC5CCOCC5)CC4)o3)n2n1,0.82375133,test
NC(=O)c1ccc(-c2cc(C(=O)O)cc(-n3cc(-c4ccc(C(F)(F)F)cc4)nn3)c2)cc1,0.5547152,test
CS(=O)(=O)N1CCN(C(=O)c2cnc3ccc(F)cc3c2N2CCC(C#N)(c3ccccc3)CC2)CC1,0.033504467,val
CS(=O)(=O)N1CCN(C(=O)c2cnc3ccc(F)cc3c2-c2ccc(C3(C#N)CC3)cc2)CC1,0.030401072,train
O=C(NC[C@@H](Cc1ccccc1)N1CCC(O)(C(F)(F)F)CC1)C1(c2ccc(Cl)cc2)CCCC1,0.056085777,train
O=C1CN(c2ccncc2)CCN1CCCCCOc1ccc(-c2ccc(Cl)cc2)cc1,0.95733285,train
CCO/N=C/c1ccc(OCCCCCN2CCN(c3ccnc(N)c3)S2(=O)=O)cc1,0.9954852,test
O=C1N(CCCCC2CCc3cc(-c4ccc(Cl)cc4)ccc3O2)CCN1c1ccncc1,0.9924879,val
CCO/N=C1\CCc2cc(OCCCCCN3CCN(c4ccnc(N)c4)S3(=O)=O)ccc21,0.9936186,train
CCO/N=C/c1ccc(OCCC(C)CCN2CCN(c3ccnc(N)c3)C2=O)cc1,0.9129003,train
CC1=C[C@@](CF)(c2cc(NC(=O)c3ccc(C#N)cn3)ccc2F)N=C(N)O1,0.9666022,train
C[C@@]1(c2cc(NC(=O)c3ccc(C#N)cn3)ccc2F)C=C(CF)OC(=N)N1,0.835617,train
Cc1cc(-n2cc3c(n2)CN(C(=O)c2cc(C#N)ccc2O[C@@H](C)C(F)(F)F)C3)ccn1,0.65130866,train
Cc1cc(-n2cc3c(n2)CN(C(=O)c2cc(C#N)ccc2OC(C)C)C3)ccn1,0.69182795,train
Cc1cc(-n2cc3c(n2)CN(C(=O)c2cc(C#N)ccc2N2CCC(F)(F)CC2)C3)ccn1,0.4184141,train
N#Cc1ccc(-c2cccc(F)c2)c(C(=O)N2Cc3cn(-c4cncc(F)c4)nc3C2)c1,0.9397272,train
Cc1cc(-n2cc3c(n2)CN(C(=O)c2cc(C#N)ccc2-c2cccc(F)c2)C3)ccn1,0.8673993,train
CS(=O)(=O)c1ccc(-c2cccc(F)c2)c(C(=O)N2Cc3cn(-c4ccccc4F)nc3C2)c1,0.6127384,val
CS(=O)(=O)c1ccc(N2CCC(F)(F)CC2)c(C(=O)N2Cc3cn(-c4cncc(F)c4)nc3C2)c1,0.2889946,test
CS(=O)(=O)c1ccc(N2CCC(F)(F)CC2)c(C(=O)N2Cc3cn(-c4ccccc4F)nc3C2)c1,0.17524524,val
CS(=O)(=O)c1ccc(OCC2CC2)c(C(=O)N2Cc3cn(-c4ccccc4F)nc3C2)c1,0.53623056,test
CC(C)(C)Oc1ccc(S(C)(=O)=O)cc1C(=O)N1Cc2cn(-c3ccccc3F)nc2C1,0.015318664,test
Cn1cc(-c2ccc(OC3CCN(C(=O)Nc4ccc(OC(F)(F)F)cc4)CC3)c(C(N)=O)c2)cn1,0.9852409,train
Cn1cc(-c2ccc(OC3CCN(C(=O)Cc4ccc(OC(F)(F)F)cc4)CC3)c(C(N)=O)c2)cn1,0.98815805,test
Cn1cnc(-c2ccc(OC3CCN(C(=O)Cc4ccc(OC(F)(F)F)cc4)CC3)c(C(N)=O)c2)c1,0.9742789,train
Cn1cc(-c2ccc(OC3CCN(C(=O)Cc4ccc(OC(F)(F)F)cc4)CC3)c(C(N)=O)n2)cn1,0.89205587,train
Cn1cc(-c2ccc(O[C@@H]3CCN(C(=O)Cc4ccc(OC(F)(F)F)cc4)C3)c(C(N)=O)n2)cn1,0.80285877,train
CNC(=O)c1cnc(N)c(O[C@H]2CN(C(=O)Cc3ccc(OC(F)(F)F)cc3)CC2(F)F)c1,0.028929146,train
CCNC(=O)c1cnc(N)c(O[C@H]2CN(C(=O)Cc3ccc(OC(F)(F)F)cc3)CC2(F)F)c1,0.023766844,train
CC(C(=O)N1CCC(Oc2ccc(-c3cn(C)cn3)cc2C(N)=O)CC1)c1ccc(OC(F)(F)F)cc1,0.9806028,train
Cn1cnc(-c2cnc(OC3CCN(C(=O)Cc4ccc(OC(F)(F)F)cc4)CC3)c(C(N)=O)c2)c1,0.8840947,train
Cn1cnc(-c2cnc(O[C@@H]3CCN(C(=O)Cc4ccc(OC(F)(F)F)cc4)C[C@H]3F)c(C(N)=O)c2)c1,0.34264988,train
Cn1cnc(-c2cnc(O[C@H]3CCN(C(=O)Cc4ccc(OC(F)(F)F)cc4)C[C@@H]3F)c(C(N)=O)c2)c1,0.074587695,train
Cn1cnc(-c2cnc(O[C@@H]3CCN(C(=O)Cc4ccc(OC(F)(F)F)cc4)C[C@@H]3F)c(C(N)=O)c2)c1,0.23570085,train
Cn1cnc(-c2cnc(O[C@H]3CCN(C(=O)Cc4ccc(OC(F)(F)F)cc4)C[C@H]3F)c(C(N)=O)c2)c1,0.13043846,train
CC(C)(O)COc1ccc(C(N)=O)c(O[C@@H]2CCN(C(=O)Cc3ccc(OC(F)(F)F)cc3)C[C@H]2F)c1,0.01284337,train
CC(C)(O)COc1ccc(C(N)=O)c(O[C@H]2CCN(C(=O)Cc3ccc(OC(F)(F)F)cc3)C[C@@H]2F)c1,0.0070087546,train
CC(C)(O)COc1ccc(C(N)=O)c(O[C@@H]2CCN(C(=O)Cc3ccc(OC(F)(F)F)cc3)C[C@@H]2F)c1,0.009188223,train
CC(C)(O)COc1ccc(C(N)=O)c(O[C@H]2CCN(C(=O)Cc3ccc(OC(F)(F)F)cc3)C[C@H]2F)c1,0.009461765,train
CC(C)(CO)Oc1ccc(C(N)=O)c(O[C@@H]2CCN(C(=O)Cc3ccc(OC(F)(F)F)cc3)C[C@@H]2F)c1,0.019299634,train
Cn1cnc(-c2cnc(N)c(O[C@H]3CN(C(=O)Cc4ccc(OC(F)(F)F)cc4)C[C@@H]3F)c2)c1,0.07473851,train
Cn1cnc(-c2cnc(N)c(O[C@@H]3CN(C(=O)Cc4ccc(OC(F)(F)F)cc4)C[C@H]3F)c2)c1,0.12498662,train
Cn1cnc(-c2cnc(N)c(O[C@@H]3CN(C(=O)Cc4ccc(OC(F)(F)F)cc4)CC3(F)F)c2)c1,0.079396345,train
Cn1cnc(-c2cnc(N)c(O[C@H]3CN(C(=O)Cc4ccc(OC(F)(F)F)cc4)CC3(F)F)c2)c1,0.13843995,train
Cc1ccc(NC(=O)N2CCN(c3nc(N)nc4sc(-c5cccnc5)nc34)CC2)cc1,0.59469163,train
COc1ccc(NC(=O)N2CCN(c3nc(N)nc4scnc34)CC2)cc1,0.0843985,train
COc1ccc(NC(=O)N2CCN(c3nc(N)nc4sc(-c5cccnc5)nc34)CC2)cc1,0.40977687,train
COc1ccc(NC(=O)N2CCN(c3nc(N)nc4sc(-c5ccccc5)nc34)CC2)cc1,0.9201686,train
COc1ccc(NC(=O)N2CCN(c3nc(N)nc4scnc34)[C@@H](C)C2)cc1,0.04067182,train
COc1ccc(NC(=O)N2CCN(c3nc(N)nc4sccc34)[C@@H](C)C2)c(C)c1,0.36340326,train
COc1ccc(NC(=O)N2CCN(c3nc(N)nc4sncc34)[C@@H](C)C2)c(C)c1,0.21276726,val
O=c1c2cc(Cc3cccnc3)c3ccccc3c2ncn1[C@H]1CCCC[C@@H]1O,0.028494623,train
Cc1ccc(Cc2cc3c(=O)n([C@H]4CCCC[C@@H]4O)cnc3c3ccccc23)cn1,0.022574382,train
O=c1c2cc(Cc3ccc(Cl)nc3)c3ccccc3c2ncn1[C@H]1CCCC[C@@H]1O,0.048138205,train
COc1ccc(Cc2cc3c(=O)n([C@H]4CCCC[C@@H]4O)cnc3c3ccccc23)cn1,0.19574554,train
CSc1ccc(Cc2cc3c(=O)n([C@H]4CCCC[C@@H]4O)cnc3c3ccccc23)cn1,0.49609503,train
C[C@H](Nc1c(C(N)=O)nnc2ccc(-c3ccc(OCCCN(C)C)nc3)cc12)C1CCOCC1,0.117773436,train
CNC(=O)c1nnc2ccc(-c3ccc(OCCCN(C)C)nc3)cc2c1N[C@@H](C)C1CCOCC1,0.2821858,train
O=C(Nc1ccc(OC(F)(F)F)cc1)c1cccc(CN2CCOCC2)c1,0.92419976,test
O=C(Nc1ccc(OC(F)(F)F)cc1)c1cnc(N2CC[C@H](O)C2)c(-c2cncnc2)c1,0.4772993,train
COc1ccc(C(=O)Nc2ccc(OC(F)(F)F)cc2)cc1-c1cncnc1,0.9655244,train
O=C(Nc1ccc(OC(F)(F)F)cc1)c1ccc(OCCN2CCCC2)c(-c2cncnc2)c1,0.97572905,test
O=C(Nc1ccc(OC(F)(F)F)cc1)c1cnc(NCCCO)c(-c2cncnc2)c1,0.5182286,train
CN1CCN(c2ncc(C(=O)Nc3ccc(OC(F)(F)F)cc3)cc2-c2cncnc2)CC1,0.9419196,train
O=C(Nc1ccc(OC(F)(F)F)cc1)c1cnc(N2CC[C@@H](O)C2)c(-c2cncnc2)c1,0.4598016,train
O=C(Nc1ccc(SC(F)(F)F)cc1)c1cnc(N2CC[C@@H](O)C2)c(-c2cncnc2)c1,0.981343,train
O=C(Nc1ccc(OC(F)(F)Cl)cc1)c1cnc(N2CC[C@@H](O)C2)c(-c2cncnc2)c1,0.42206115,train
O=C(Nc1ccc(OC(F)(F)Cl)cc1)c1cnc(N2CC[C@@H](O)C2)c(-c2cc[nH]n2)c1,0.44844612,train
COc1cncc(NC(C(=O)c2c[nH]c3ccccc23)c2ccccc2)c1,0.7661942,train
Cc1c[nH]c2ncnc(O[C@H]3CC[C@H](N4CCO[C@@H](C)C4)CC3)c12,0.0050223363,test
Cn1cc(Nc2nc(N)nc(-c3cccc(-n4ccc5cc(C6CC6)cc(F)c5c4=O)c3CO)n2)cn1,0.21047258,train
Nc1nc(Nc2cnn(C3CC3)c2)nc(-c2cccc(-n3ccc4cc(C5CC5)cc(F)c4c3=O)c2CO)n1,0.7062915,train
CC(C1CC1)n1cc(Nc2nc(N)nc(-c3cccc(-n4ccc5cc(C6CC6)cc(F)c5c4=O)c3CO)n2)cn1,0.8547246,test
Cn1cc(Nc2nc(N)nc(-c3cccc(-n4ccc5cc(C6CC6)cc(F)c5c4=O)c3CO)n2)cc1C#N,0.42665765,train
CCn1cc(Nc2nc(N)nc(-c3cccc(-n4ccc5cc(C6CC6)cc(F)c5c4=O)c3CO)n2)cc1C#N,0.46052048,train
CC(C)n1cc(Nc2nc(N)nc(-c3cccc(-n4ccc5cc(C6CC6)cc(F)c5c4=O)c3CO)n2)cc1C#N,0.37721527,train
N#Cc1cc(Nc2nc(N)nc(-c3cccc(-n4ccc5cc(C6CC6)cc(F)c5c4=O)c3CO)n2)cn1C1CC1,0.5745442,val
CN(c1ncnc2[nH]ccc12)[C@@H]1CCN(C(=O)CC#N)C1,0.08543739,train
O=C(Nc1nc2cccc(-c3ccc(CN4CCS(=O)(=O)CC4)cc3)n2n1)C1CC1,0.065199845,train
COc1cc2ccc(Br)cc2cc1[C@@H](c1ccccc1)[C@@](O)(CCN(C)C)c1cccc2ccsc12,0.9991379,val
COc1cc2ccc(Br)cc2cc1[C@@H](c1ccccc1)[C@@](O)(CCN(C)C)c1cccc2c1CCC2,0.9927261,train
COc1cc2ccc(C#N)cc2cc1[C@@H](c1cccc(OC)c1OC)[C@@](O)(CCN(C)C)c1cccc2c1CCC2,0.98331404,train
COc1cc2ccc(Br)cc2cc1[C@@H](c1cccc(OC)c1F)[C@@](O)(CCN(C)C)c1cccc2c1CCC2,0.9685129,train
COc1cc2ccc(Br)cc2cc1[C@@H](c1ccccc1)[C@@](O)(CCN(C)C)c1cccc2ccoc12,0.99701035,train
COc1cc2ccc(C#N)cc2cc1[C@@H](c1cccc(F)c1)[C@@](O)(CCN(C)C)c1cccc2ccoc12,0.99693406,train
COc1cc2ccc(Br)cc2cc1[C@@H](c1cnc(OC)c(OC)c1)[C@@](O)(CCN(C)C)c1cccc2ccoc12,0.96995866,val
COc1cc2ccc(Br)cc2cc1[C@@H](c1ccnc(OC)c1OC)[C@@](O)(CCN(C)C)c1cccc2ccoc12,0.98410726,train
CCOc1cc([C@H](c2cc3cc(C#N)ccc3cc2OC)[C@@](O)(CCN(C)C)c2cccc3ccoc23)cc(OCC)n1,0.91925085,train
CCOc1cc([C@H](c2cc3cc(Br)ccc3cc2OC)[C@@](O)(CCN(C)C)c2cccc3ccoc23)cc(OC)n1,0.9769419,train
COc1cc2ccc(Br)cc2cc1[C@@H](c1ccccc1)[C@@](O)(CCN(C)C)c1ccc2occc2c1,0.9913543,val
COc1cc2ccc(Br)cc2cc1[C@@H](c1ccnc(OC)c1OC)[C@@](O)(CCN(C)C)c1ccc2occc2c1,0.9523465,train
COc1cc2ccc(Br)cc2cc1[C@@H](c1ccnc(OC)c1OC)[C@@](O)(CCN(C)C)c1cccc2occc12,0.9737316,val
COc1cc2ccc(C#N)cc2cc1[C@@H](c1cccc(F)c1)[C@@](O)(CCN(C)C)c1cc2ccccc2o1,0.99775714,train
COc1cc2ccc(Br)cc2cc1[C@@H](c1ccnc(OC)c1OC)[C@@](O)(CCN(C)C)c1cc2ccccc2o1,0.98790526,train
COc1cc2ccc(Br)cc2cc1[C@@H](c1ccccc1)[C@@](O)(CCN(C)C)c1cccc2c1CCN2C,0.9948841,val
COc1cc2ccc(Br)cc2cc1[C@@H](c1cccc(C)c1)[C@@](O)(CCN(C)C)c1cccc2c1OCO2,0.998681,train
COc1cc2ccc(C#N)cc2cc1[C@@H](c1cccc(C)c1)[C@@](O)(CCN(C)C)c1cccc2c1OCO2,0.997647,train
C[C@@H]1c2[nH]ncc2CN1C1=NC(NCc2c(F)cccc2C(F)(F)F)c2cccc(C(N)=O)c2N1,0.7049252,train
Cc1[nH]nc2c1CN(C1=NC(NCc3c(F)cccc3C(F)(F)F)c3cccc(C(N)=O)c3N1)C2,0.030320758,train
N#Cc1cnccc1COc1cnc(N2CCN(c3nnc(C(F)(F)F)o3)CC2)nc1,0.21967164,train
N#Cc1cnccc1COc1cnc(N2CCN(c3nc(C(F)(F)F)no3)CC2)nc1,0.5437786,train
N#Cc1cnccc1COc1cnc(N2CCN(c3noc(C(F)(F)F)n3)CC2)nc1,0.9646511,train
COc1ccc(-n2cc(Cn3ccc4nc(-c5ccccc5F)nc-4c3)nn2)cc1,0.9998777,val
COc1ccc2nccc(CCN3CCC(NCc4ccc(Cl)c(Cl)c4)CC3)c2c1,0.9889664,train
COc1ccc2nccc(CCN3CCC(NCc4ccc5c(n4)NC(=O)CO5)CC3)c2c1,0.7175109,test
COc1ccc2nccc(CCN3CCC(NCc4cc5c(cn4)OCCO5)CC3)c2c1,0.88280565,train
COc1ccc2nccc(CCN3CCC(NCc4ccc5c(c4)OCCO5)CC3)c2c1,0.93027854,train
COc1ccc2nccc(CC[C@H]3CC[C@H](NCc4ccc(Cl)c(Cl)c4)CC3)c2c1,0.99476635,test
COc1ccc2nccc(CC[C@H]3CC[C@H](NCc4ccc5c(n4)NC(=O)CO5)CC3)c2c1,0.8137231,train
COc1ccc2nccc(CC[C@H]3CC[C@H](NCc4cc5c(cn4)OCCO5)CC3)c2c1,0.756386,train
COc1ccc2nccc(CC[C@H]3CC[C@H](NCc4ccc5c(c4)OCCO5)CC3)c2c1,0.96547025,train
COc1ccc2nccc(CC[C@H]3OC[C@H](NCc4ccc(Cl)cc4)CO3)c2c1,0.9919917,train
COc1ccc2nccc(CC[C@H]3OC[C@H](NCc4ccc(Cl)c(Cl)c4)CO3)c2c1,0.9872622,train
COc1ccc2nccc(CC[C@H]3OC[C@H](NCc4ccc5c(n4)NC(=O)CO5)CO3)c2c1,0.43697986,test
COc1ccc2nccc(CC[C@H]3OC[C@H](NCc4ccc5c(n4)NC(=O)CS5)CO3)c2c1,0.18854445,test
COc1ccc2nccc(CC[C@H]3OC[C@H](NCc4cc5c(cn4)OCCC5)CO3)c2c1,0.4824443,val
COc1ccc2nccc(CC[C@H]3OC[C@H](NCc4cc5c(cn4)OCCO5)CO3)c2c1,0.35414487,train
COc1ccc2nccc(CC[C@H]3OC[C@H](NCc4ccc5c(c4)OCCO5)CO3)c2c1,0.8943386,train
COc1cc(OC)cc(C(=O)N[C@H]2CC[C@H](Nc3nc(C)cc(N(C)C)n3)CC2)c1,0.5372155,train
COc1cc(Nc2nc(C)cc(N(C)C)n2)ccc1F,0.7978772,train
C=CC(=O)N1CCC[C@@H](n2nc(-c3ccc(Oc4ccccc4)cc3)c3c(N)ncnc32)C1,0.9377736,test
C=CC(=O)N1C[C@@H]2C[C@H]1CN2c1ccc(C(N)=O)c(Oc2ccc(Oc3ccccc3)cc2)n1,0.4117362,test
CC(C)Cc1ccc2ncccc2c1NS(=O)(=O)c1ccc(CCCN2CCN3CCC[C@@H]3C2)cc1,0.99487454,val
CC(C)Cc1ccc2ncccc2c1NS(=O)(=O)c1ccc(CCCO[C@@H]2C[C@H]3CC[C@@H](C2)N3C)cc1,0.99417514,val
CC(C)Cc1ccc2nn(C)cc2c1NS(=O)(=O)c1ccc(CCCCC2CCN(C)CC2)cc1,0.91898537,train
CC(C)Cc1ccc2nn(C)cc2c1NS(=O)(=O)c1ccc(CCCOC[C@@H]2CCCN2C)cc1,0.9924941,val
CC(C)Cc1ccc2nn(C)cc2c1NS(=O)(=O)c1ccc(CCCO[C@@H]2C[C@H]3CC[C@@H](C2)N3C)cc1,0.9836827,train
CC(C)Cc1ccc2nn(C)cc2c1NS(=O)(=O)c1ccc(CCCOC[C@H]2COCCN2C)cc1,0.91772497,train
CC(C)Cc1ccc2nn(C)cc2c1NS(=O)(=O)c1ccc(CCCOC[C@@H]2CN(C)CCO2)cc1,0.9861984,train
CC(C)Cc1ccc2nn(C)cc2c1NS(=O)(=O)c1ccc(CCCOC[C@H]2CN(C)CCO2)cc1,0.9848861,train
CC(C)Cc1ccc2nn(C)cc2c1N(C(F)F)S(=O)(=O)c1ccc(CCCCC2CCN(C)CC2)cc1,0.92197746,train
O=C(O)C[C@H](CN1CC[C@@H](CCc2ccc3c(n2)NCCC3)C1)c1cccc(Br)c1,0.52787113,test
O=C(O)C[C@H](CN1CC[C@@H](CCc2ccc3c(n2)NCCC3)C1)c1cccc(C2CC2)c1,0.28464457,val
Cc1ccn(-c2cccc([C@H](CC(=O)O)CN3CC[C@@H](CCc4ccc5c(n4)NCCC5)C3)c2)n1,0.4046101,train
Cc1cnn(-c2cccc([C@H](CC(=O)O)CN3CC[C@@H](CCc4ccc5c(n4)NCCC5)C3)c2)c1,0.62121034,train
Cc1cc(C)n(-c2cccc([C@H](CC(=O)O)CN3CC[C@@H](CCc4ccc5c(n4)NCCC5)C3)c2)n1,0.40015042,train
Cc1cnn(C)c1-c1cccc([C@H](CC(=O)O)CN2CC[C@@H](CCc3ccc4c(n3)NCCC4)C2)c1,0.07169276,train
O=C(O)C[C@H](CN1CC[C@@H](CCc2ccc3c(n2)NCCC3)C1)c1cccc(O[C@H]2CCOC2)c1,0.08929708,train
O=C(O)C[C@H](CN1CC[C@@H](CCc2ccc3c(n2)NCCC3)C1)c1cccc(O[C@@H]2CCOC2)c1,0.10960982,train
O=C(O)C[C@H](CN1CC[C@@H](CCc2ccc3c(n2)NCCC3)C1)c1cccc(C2CCOC2)c1,0.09531397,val
O=C(O)C[C@H](CN1CC[C@@H](CCc2ccc3c(n2)NCCC3)C1)c1cccc(-n2cccn2)c1,0.37241238,train
Cc1ccnn1-c1cccc([C@H](CC(=O)O)CN2CC[C@@H](CCc3ccc4c(n3)NCCC4)C2)c1,0.23844208,train
Cc1cc(-c2cccc([C@H](CC(=O)O)CN3CC[C@@H](CCc4ccc5c(n4)NCCC5)C3)c2)[nH]n1,0.30161437,train
O=C(O)C[C@H](CN1CC[C@@H](CCc2ccc3c(n2)NCCC3)C1)c1cccc(OC2CCOCC2)c1,0.20638412,train
Cc1nnc(C(C)C)n1[C@@H]1C[C@H]2CC[C@@H](C1)N2CC[C@H](NC(=O)C1CCC(F)(F)CC1)c1cccs1,0.99990654,train
Cc1ccc([C@H](CCN2[C@@H]3CC[C@H]2C[C@H](n2c(C)nnc2C(C)C)C3)NC(=O)C2CCC(F)(F)CC2)s1,0.9999403,train
Cc1nnc(C(C)C)n1[C@@H]1C[C@H]2CC[C@@H](C1)N2CC[C@H](NC(=O)C1CCCCC1)c1cccs1,0.9998934,train
Cc1nnc(C(C)C)n1[C@@H]1C[C@H]2CC[C@@H](C1)N2CC[C@H](NC(=O)C1CCCC1)c1cccs1,0.9999001,train
Cc1cn(-c2ccc3n(c2=O)CCN(C[C@@]24C[C@@H]2C(C)(C)Oc2ccc(C(F)(F)F)cc24)C3=O)cn1,0.35621694,test
Fc1ccc(N2CCN(CCCc3c[nH]c4ccc(F)cc34)CC2)c(-c2ccccc2)c1,0.9918194,train
Oc1c2c(c(O)n1CCCCN1CCN(c3cccc4sccc34)CC1)[C@H]1CC[C@@H]2C1,0.88415265,val
Oc1c2c(c(O)n1CCCCN1CCN(c3cccc4sccc34)CC1)[C@H]1C=C[C@@H]2C1,0.90518963,val
CCC1(C)CC(=O)N(CCCCN2CCN(c3cccc4sccc34)CC2)C(=O)C1,0.93891454,train
O=C1CC2(CCCC2)CC(=O)N1CCCCN1CCN(c2cccc3sccc23)CC1,0.92670983,train
Cc1c(CN2CCOCC2)cc(-c2ccc(C(C)C)cc2)n1-c1ccc(F)cn1,0.60878944,val
Cc1c(CN2CCOCC2)cc(-c2ccc(C(C)C)cc2)n1Cc1ccc(F)cc1,0.9682205,train
Cc1c(CN2CCOCC2)cc(-c2ccc(C(C)C)cc2)n1C(C)C,0.102547616,train
Cc1c(CN2CCOCC2)cc(-c2ccc(C(C)C)cc2)n1CC(C)C,0.18653168,train
Cc1c(CN2CCOCC2)cc(-c2ccc(C(C)C)cc2)n1C1CC1,0.21628572,val
Cc1c(CN2CCOCC2)cc(-c2ccc(C(C)C)cc2)n1C1CCC1,0.22169617,val
Cc1c(CN2CCOCC2)cc(-c2ccc(C(C)C)cc2)n1C1CCCCC1,0.27602154,train
Cc1c(CN2CCOCC2)cc(-c2ccc(C(C)C)cc2)n1C1CCCOC1,0.047620106,test
Cc1c(CN2CCOCC2)cc(-c2ccc(C(C)C)cc2)n1-c1ccc(F)cc1,0.82995003,train
CN(C/C=C/C=C/C=C/c1ccc(C(F)(F)F)cc1)Cc1ccc2c(c1)OCCO2,0.9941282,train
CN(C/C=C/C=C/c1ccc(C(F)(F)F)cc1)Cc1ccc2c(c1)OCCO2,0.9688431,test
CN(C/C=C/c1ccc(C(F)(F)F)cc1)Cc1ccc2c(c1)OCCO2,0.9375552,train
Cc1ccc(/C=C/CN(C)Cc2ccc3c(c2)OCCO3)cc1,0.67812663,train
O=C(NCc1ccc(OC(F)(F)F)c(Cl)c1)c1ccc(S(=O)(=O)Nc2nccs2)c(F)c1,0.33135638,val
Cc1cc(-c2ccc3c(c2)CC[C@H]3N2CCC(N(C)C(=O)N[C@@H](C)c3ccc(C#CC4CC4)c(Cl)c3Cl)CC2)ncn1,0.7452274,test
COc1ccccc1-n1nc(C2CC(C)(C)OC(C)(C)C2)cc1-c1ccc(Cl)cc1,0.9996592,val
COc1ccccc1-n1nc(C2CC(C)(C)OC(C)(C)C2)cc1-c1csc(Cl)c1,0.99971753,val
CN(c1ccc(-c2cc3ccccc3s2)nn1)C1CC(C)(C)NC(C)(C)C1,0.9603325,train
CC1(C)CC(Nc2ccc(-c3cc4ccccc4s3)nn2)CC(C)(C)N1,0.9636739,train
CC1(C)CC(Nc2ccc(-c3ccc4ccccc4c3)nn2)CC(C)(C)N1,0.62655437,train
CN(c1ccc(-c2ccc(F)cc2O)nn1)C1CC(C)(C)NC(C)(C)C1,0.34913844,train
CN(c1ccc(-c2cc3ccccc3cc2O)nn1)C1CC(C)(C)NC(C)(C)C1,0.417247,train
CN(c1ccc(-c2ccc(C#N)cc2O)nn1)C1CC(C)(C)NC(C)(C)C1,0.4020755,train
CN(c1ccc(-c2ccc(-n3cccn3)cc2O)nn1)C1CC(C)(C)NC(C)(C)C1,0.5233058,train
CC1(C)CC(Oc2ccc(-c3ccc(-n4cccn4)cc3O)nn2)CC(C)(C)N1,0.902733,train
Oc1cc(-n2cccn2)ccc1-c1ccc(OC2CCNCC2)nn1,0.908947,train
CN(c1ccc(-c2cc3cccnc3cc2O)nn1)C1CC(C)(C)NC(C)(C)C1,0.15172438,test
CN(c1ccc(-c2cc3cnccc3cc2O)nn1)C1CC(C)(C)NC(C)(C)C1,0.22491904,test
CN(c1ccc(-c2ccc(-n3ccc(N)n3)cc2O)nn1)C1CC(C)(C)NC(C)(C)C1,0.12790075,train
CN(c1ccc(-c2ccc(-n3cc(CO)cn3)cc2O)nn1)C1CC(C)(C)NC(C)(C)C1,0.02608828,train
CN(c1ccc(-c2ccc(-c3cn[nH]c3)cc2O)nn1)C1CC(C)(C)NC(C)(C)C1,0.314258,train
Oc1cc(-c2cn[nH]c2)ccc1-c1ccc(N2CCC3(CCCNC3)C2)nn1,0.53451025,test
Oc1cc(-c2cn[nH]c2)ccc1-c1ccc(N2C[C@H]3CNC[C@H]3C2)nn1,0.9956589,test
CC1(C)CC(Cc2ccc(-c3ccc(-c4cn[nH]c4)cc3O)nn2)CC(C)(C)N1,0.7130161,val
CC1(C)CC(Oc2ccc(-c3ccc(-c4cn[nH]c4)cc3O)nn2)CC(C)(C)N1,0.7948782,train
Cc1cc(Oc2nccc3occc23)ccc1-c1c(C)ncc2nccn12,0.06903992,train
FC(F)(F)Oc1ccc(Oc2ccc(N3CCC4(CC3)OCCc3sccc34)cc2)cc1,0.9983627,val
Brc1ccc(Nc2ccc(CN3CCC4(CC3)OCCc3sccc34)cc2)cc1,0.99373853,test
FC(F)(F)Oc1ccc(Oc2ccc(CN3CCC4(CCCCO4)CC3)cc2)cc1,0.9994923,train
CC(C)(C)c1ccc(CN2CCC3(CCCCO3)CC2)cc1,0.96620363,train
N=C1N[C@@]2(CO1)c1cc(NC(=O)c3ccc(Cl)cn3)ccc1Oc1cnc(C3=CCCOC3)cc12,0.9886785,train
C=CC(=O)N[C@H]1CCN(c2ccc(C(N)=O)c(Nc3ccc(N4CCOCC4)nc3)n2)C1,0.24414831,train
C=CC(=O)N[C@H]1CCN(c2ccc(C(N)=O)c(Nc3ccc(N4CCCCC4)nc3)n2)C1,0.4337968,test
C=CC(=O)N[C@H]1CCN(c2ccc(C(N)=O)c(Nc3ccc(N4CCCCC4)cc3)n2)C1,0.44224492,train
C=CC(=O)N[C@H]1CCN(c2ccc(C(N)=O)c(Nc3ccc(N4C[C@@H](C)O[C@@H](C)C4)nc3)n2)C1,0.27872184,train
CCCCNc1nc(N)nc2c1CN(C(=O)c1cccs1)CC2,0.64511704,train
CCCCNc1nc(N)nc2c1CN(C(=O)c1csc(C)n1)CC2,0.13292494,train
CCC[C@@H](CCO)Nc1nc(N)nc2c1CN(C(=O)c1csc(C)n1)CC2,0.11610738,train
CCC[C@@H](CCO)Nc1nc(N)nc2c1CN(C(=O)c1cccs1)CC2,0.55866116,train
CCCC[C@@H](CCO)Nc1nc(N)nc2c1CN(C(=O)c1cccs1)CC2,0.7212692,train
CCCCc1nc(C(C)C)c(CC(=S)N2CCCC2)c(=O)n1Cc1ccc(-c2ccccc2-c2nc(=O)o[nH]2)cc1,0.85403466,test
CC(C)(C)S(=O)(=O)c1ccc2nccc(Nc3[nH]nc4ccc(F)cc34)c2c1,0.79086465,val
CC(C)(C)S(=O)(=O)c1ccc2nccc(Nc3[nH]nc4ncc(F)cc34)c2c1,0.50456184,train
CC(C)(C)S(=O)(=O)c1ccc2nccc(Nc3[nH]nc4c3CCCC4)c2c1,0.35247874,train
CC(C)(C)S(=O)(=O)c1ccc2nccc(Nc3cc[nH]n3)c2c1,0.3862702,train
Cc1cc(Nc2ccnc3ccc(S(=O)(=O)C(C)(C)C)cc23)[nH]n1,0.5608995,train
Cc1[nH]nc(Nc2ccnc3ccc(S(=O)(=O)C(C)(C)C)cc23)c1C,0.21540247,train
COc1cc2nccc(Nc3[nH]nc(C)c3C)c2cc1S(=O)(=O)C(C)(C)C,0.08053039,train
COCCOc1cc2nccc(Nc3[nH]nc(C)c3C)c2cc1S(=O)(=O)C(C)(C)C,0.047602464,train
CCc1cc2nccc(Nc3[nH]nc(C)c3C)c2cc1S(=O)(=O)C(C)(C)C,0.06467656,train
C[C@@H]1COCCN1c1cc(C2(S(C)(=O)=O)CC2)nc(-c2cncc3[nH]ccc23)n1,0.016679393,test
CNc1nc2ccccc2n1-c1nc(N2CCOC[C@H]2C)cc(C2(S(C)(=O)=O)CC2)n1,0.5853295,train
CNc1nc2ccccc2n1-c1nc(N2CCOC[C@H]2C)cc(C2([S@](C)(=N)=O)CC2)n1,0.026327658,train
CCOc1cc(CN2CCC(NC(=O)c3cncc(C)c3)CC2)cc(OCC)c1-c1ccc(F)cc1,0.95219755,val
CCOc1cc(CN2CC[C@H]3C(Nc4nc5ccc(C(=O)O)cc5o4)CC[C@H]32)cc(OCC)c1-c1ccc(F)cc1,0.28568736,val
CCOc1cc(CN2CCC(c3nc(-c4ccc(F)cc4)c[nH]3)CC2)cc(OCC)c1-c1ccc(F)cc1,0.99979717,test
CCOc1cc(CN2CCC3(CC2)CCN(S(=O)(=O)c2cccnc2)CC3)cc(OCC)c1-c1ccc(F)cc1,0.99864286,train
CCOc1cc(CN2CCC(C3CCN(S(=O)(=O)c4ccccc4)CC3)CC2)cc(OCC)c1-c1ccc(F)cc1,0.99925035,train
CCOc1cc(CN2CCC(COc3cccc4cccnc34)CC2)cc(OCC)c1-c1ccc(F)cc1,0.998406,train
CCOc1cc(CN2CCC3(CC2)CC(Cc2ccc(F)cc2)C(=O)O3)cc(OCC)c1-c1ccc(F)cc1,0.9992415,val
CCOc1cc(CN2CCC3(CC2)NC(=O)NC3=O)cc(OCC)c1-c1ccc(F)cc1,0.12745944,train
CCOc1cc(CN2CCC3(CC2)CC(=O)N(c2ccc(C(=O)O)cc2)C3)cc(OCC)c1-c1ccc(F)cc1,0.480944,val
O=C(Nc1ccc(Cl)c(Cl)c1)Nc1nccnc1OCc1ccccc1,0.26782918,train
O=C(CCCN1CCC(c2noc3cc(F)ccc23)CC1)c1cc2c3c(c1)CCN3C(=O)CC2,0.8271716,test
O=C(CCCCN1CCC(c2noc3cc(F)ccc23)CC1)c1cc2c3c(c1)CCN3C(=O)CC2,0.9403029,test
O=C1CCc2cc(C(O)CCCN3CCC(c4noc5cc(F)ccc45)CC3)cc3c2N1CC3,0.8710614,val
CS(=O)(=O)c1cc(-c2ccccc2)cc(S(=O)(=O)c2ccc(CN)s2)c1,0.60305834,train
Cc1ccc(-c2cc(S(C)(=O)=O)cc(S(=O)(=O)c3ccc(CN)s3)c2)cc1,0.7238503,train
Cc1ccc(-c2cc(S(=O)(=O)c3ccc(CN)s3)ccc2S(C)(=O)=O)cc1,0.085054,train
Cc1nc2c(F)cc(-c3nc(Nc4ccc5c(n4)CCN(CCN(C)C)C5)ncc3F)cc2n1C(C)C,0.9862118,val
COC1CCN(Cc2cc(-c3ccc(C(C)C)cc3)n(-c3ccc(F)cc3)n2)CC1,0.98918545,train
CC(C)c1ccc(-c2cc(CN3CCN(c4ccccn4)CC3)nn2-c2ccc(F)cc2)cc1,0.9721807,train
CC(C)c1ccc(-c2cc(CN3CC[Si](C)(C)CC3)nn2-c2ccc(F)cc2)cc1,0.9829637,train
CC(C)c1ccc(-c2cc(CN3CCOCC3)nn2C2CCC2)cc1,0.14098085,train
COC1CCN(Cc2cc(-c3ccc(C(F)(F)F)cc3)n(-c3ccc(F)cc3)n2)CC1,0.9988549,train
C[Si]1(C)CCN(Cc2cc(-c3ccc(C(F)(F)F)cc3)n(-c3ccc(F)cc3)n2)CC1,0.9981851,train
C[Si]1(C)CCN(Cc2cc(-c3ccc(C(F)(F)F)cc3)n(C3CCCCC3)n2)CC1,0.9661212,train
CC(C)c1ccc(-c2cc(CN3CC[Si](C)(C)CC3)nn2C2CCCCC2)cc1,0.67776763,train
FC(F)(F)c1cccc(Nc2cc3[nH]c(Nc4ccc(N5CCNCC5)cn4)nc3cn2)c1,0.8860185,val
FC(F)(F)c1cccc(Nc2cc3[nH]c(Nc4ccc(N5CCOCC5)cn4)nc3cn2)c1,0.6802195,train
C[C@@H]1CN(C(=O)c2ccnc(Nc3nc4cc(Nc5ccc(F)c(C(F)(F)F)c5)ncc4[nH]3)c2)C[C@H](C)N1,0.97134507,test
C[C@@H]1CN(C(=O)c2ccnc(Nc3nc4cc(Nc5ccc(F)c(C(F)(F)F)c5)ncc4[nH]3)c2)C[C@H](C)O1,0.9713325,train
Nc1n[nH]c(N2CCC(N3CCOC[C@@H]3Cc3ccc(Cl)cc3)CC2)n1,0.031195898,train
CO[C@@H]1C[C@H](Cc2ccc(Cl)cc2)N(C2CCN(c3n[nH]c(N)n3)CC2)C1,0.022025777,train
Nc1n[nH]c(N2CCC(N3C[C@H](O)C[C@@H]3Cc3ccc(Cl)cc3)CC2)n1,0.01830272,train
CO[C@H]1C[C@H](Cc2ccc(Cl)cc2)N(C2CCN(c3n[nH]c(N)n3)CC2)C1,0.023792218,train
Nc1n[nH]c(N2CCC(N3C[C@@H](O)C[C@@H]3Cc3ccc(Cl)cc3)CC2)n1,0.020709366,train
CO[C@H]1CN(C2CCN(c3n[nH]c(N)n3)CC2)[C@H]1Cc1ccc(Cl)cc1,0.023518158,val
Nc1n[nH]c(N2CCC(N3CCCC[C@@H]3Cc3ccc(Cl)cc3)CC2)n1,0.8653042,train
Nc1n[nH]c(N2CCC(N3CCC[C@@H]3Cc3ccc(Cl)cc3)CC2)n1,0.68517584,train
Nc1n[nH]c(N2CCC(N(CCc3ccc(Cl)cc3)CC3CCCCO3)CC2)n1,0.9241036,train
Nc1n[nH]c(N2CCC(N(CCc3ccc(Cl)cc3)CC3CCCO3)CC2)n1,0.91365755,test
Nc1n[nH]c(N2CCC(N(CCc3ccc(Cl)cc3)C3COC3)CC2)n1,0.62571174,test
COC(C)(C)CN(CCc1ccc(Cl)cc1)C1CCN(c2n[nH]c(N)n2)CC1,0.7180234,train
CC(C)(O)CN(CCc1ccc(Cl)cc1)C1CCN(c2n[nH]c(N)n2)CC1,0.15574332,train
CO[C@@H](C)CN(CCc1ccc(Cl)cc1)C1CCN(c2n[nH]c(N)n2)CC1,0.6801804,train
C[C@H](O)CN(CCc1ccc(Cl)cc1)C1CCN(c2n[nH]c(N)n2)CC1,0.51579165,train
CO[C@H](C)CN(CCc1ccc(Cl)cc1)C1CCN(c2n[nH]c(N)n2)CC1,0.8390671,train
C[C@@H](O)CN(CCc1ccc(Cl)cc1)C1CCN(c2n[nH]c(N)n2)CC1,0.3246045,train
COCCN(CCc1ccc(Cl)cc1)C1CCN(c2n[nH]c(N)n2)CC1,0.91893286,train
Nc1n[nH]c(N2CCC(N(CCO)CCc3ccc(Cl)cc3)CC2)n1,0.6859906,train
CNC(=O)NCCN(CCc1ccc(Cl)cc1)C1CCN(c2n[nH]c(N)n2)CC1,0.4724221,train
CNS(=O)(=O)CCN(CCc1ccc(Cl)cc1)C1CCN(c2n[nH]c(N)n2)CC1,0.21446261,train
CS(=O)(=O)NCCN(CCc1ccc(Cl)cc1)C1CCN(c2n[nH]c(N)n2)CC1,0.5186873,train
CC(=O)NCCN(CCc1ccc(Cl)cc1)C1CCN(c2n[nH]c(N)n2)CC1,0.6613924,train
CNC(=O)CN(CCc1ccc(Cl)cc1)C1CCN(c2n[nH]c(N)n2)CC1,0.31057313,train
Nc1n[nH]c(N2CCC(N(CCc3ccc(Cl)cc3)CC(=O)O)CC2)n1,0.21876024,train
Cc1ccc2oc(-c3c4c(N)n[nH]c(=O)c4nn3-c3ccccc3)c(C)c2c1,0.049718853,train
Cc1ccc2oc(-c3c4c(N)n[nH]c(=O)c4nn3-c3ccc(NC(=O)/C=C/CN(C)C)cc3)c(C)c2c1,0.02986733,train
Cc1c(C(=O)CC#N)oc2ccccc12,0.7416086,train
Cc1ccc2oc(C(=O)CC#N)c(C)c2c1,0.88086003,train
Cc1c(C(=O)CC#N)oc2ccc(Cl)cc12,0.96719176,train
Cc1c(C(=O)CC#N)oc2ccc(Br)cc12,0.95988274,train
COc1ccc(-c2nn(-c3cccc(NC(=O)c4cccc(C(F)(F)F)c4)c3)cc2-c2ccncc2)cc1Cl,0.9987036,train
CC(C)C(=O)c1c(Nc2ccc(F)c(F)c2F)[nH]c2c(F)cc(F)cc2c1=O,0.16011365,test
O=C(CSc1nc2cc([N+](=O)[O-])ccc2[nH]1)Nc1ccc(Oc2ccccc2)cc1,0.37675658,val
CCCCCCCc1[nH]c2ccc([N+](=O)[O-])cc2c(=O)c1CO,0.809234,test
Cc1ccc(NC(=O)c2ccc3c(c2)CC(c2ccc(Cl)cc2)OC3=O)cc1C,0.9302468,train
Cc1ccc(N(C)C(=O)c2ccc3c(c2)CC(c2ccc(Cl)cc2)OC3=O)cc1C,0.95494944,train
CCC(C)c1ccc(OCCOc2ccc(Cl)cc2CNn2cnnc2)cc1,0.72699046,train
O=C(c1cn(CCCNCc2ccc(Oc3ccc(Cl)cc3)cc2)nn1)N1CCOCC1,0.9069142,test
CCCCOc1ccc(Cl)c(OCCCC)c1N=Nc1c(O)ccc2ccccc12,0.9995617,train
CCCCOc1cc(Cl)cc(OCCCC)c1N=Nc1c(O)ccc2ccccc12,0.9993975,train
CCCCOc1cc(Cl)c(N=Nc2c(O)ccc3ccccc23)c(OCCCC)c1,0.9993585,train
O=C(CCCC(=O)c1cccc([N+](=O)[O-])c1)NC1CCCC1,0.06991898,test
O=C(CCCS(=O)(=O)c1ccccc1)Nc1cc[nH]c(=O)n1,0.059162326,val
O=C(CCCS(=O)(=O)c1ccccc1)Nc1[nH]c(=O)ncc1F,0.03816427,train
COc1cc(N)c(Cl)cc1C(=O)N[C@H]1CCN(CCCOc2ccc(F)cc2)C[C@H]1OC,0.98244584,train
Cn1ncc(NC(=O)c2nc(-c3c(F)cccc3F)sc2N)c1N1CC[C@@H](N)[C@H](F)CC1,0.0043149907,test
O=C1OCc2cc(C3CN4CCN(C(=O)Cc5ccc(-n6cnnn6)cc5)CC4CO3)ccc21,0.010311433,train
O=C1OCCc2cc([C@@H]3CN4CCN(C(=O)Cc5ccc(-n6cnnn6)cc5)C[C@H]4CO3)ccc21,0.01359375,val
Cc1c(C#N)cccc1[C@@H]1CN2CCN(C(=O)Cc3ccc(-n4cnnn4)cc3)C[C@H]2CO1,0.06360297,test
Cc1cc(F)cc2c(=O)[nH]c(-c3ccc(C4CCNCC4)cc3)nc12,0.544716,train
N#Cc1ccc(O[C@H]2CN(S(=O)(=O)c3ccc(Cl)cn3)C[C@@]2(O)CN)cc1F,0.46159357,val
N#Cc1ccc(O[C@H]2CN(S(=O)(=O)c3ccc(Cl)cc3Cl)C[C@@]2(O)CN)cc1F,0.9777386,test
C[C@H]1SC(=N)N[C@](C)(c2cc(NC(=O)c3cnc(OCF)cn3)ccc2F)[C@H]1F,0.4134342,val
O=C(Nc1ccc(Oc2ccc(F)cc2)cc1)N1CCc2ncccc2[C@@H]1c1ccc(Cl)cc1,0.73672324,train
O=C(Nc1cnc(Oc2ccc(F)cc2)nc1)N1CCc2ncccc2[C@@H]1c1ccc(F)cc1,0.09019689,train
Cc1cnc(Nc2ccc(N3CCC(N(C)CCO)CC3)c(F)c2)nc1-c1cnn(C(C)C)c1,0.08165751,train
Cc1cnc(Nc2ccnn2C)nc1-c1cn2c(n1)C(=O)N(Cc1ccc(F)c(F)c1)CC2,0.031772044,train
COC[C@H]1Cn2cc(-c3nc(Nc4ccnn4C)ncc3C)cc2C(=O)N1Cc1cccc(C)n1,0.019689068,train
Cc1cnc(Nc2ccnn2C)nc1-c1cn2c(n1)C(=O)N(Cc1ccc(F)c(F)c1)[C@@H](C)C2,0.012892018,train
COC[C@H]1Cn2cc(-c3nc(Nc4ccnn4C)ncc3C)nc2C(=O)N1Cc1ccc(F)c(F)c1,0.036440577,train
C[S+]([O-])c1ccc(-c2ccc3ncc(-c4ccc(S(C)(=O)=O)cc4)n3n2)cc1,0.3684428,train
CCN(CC)Cc1cc(-c2ccc3ncc(-c4ccc([S+](C)[O-])cc4)n3n2)ccc1F,0.8281642,train
CCN(CC)Cc1ccc(-c2ccc3ncc(-c4ccc(S(C)(=O)=O)cc4)n3n2)cc1F,0.9686197,train
C[S+]([O-])c1cccc(-c2ccc3ncc(-c4cccc([S+](C)[O-])c4)n3n2)c1,0.21185271,train
C[S+]([O-])c1ccc(-c2cnc3ccc(Nc4cccc(S(C)(=O)=O)c4)nn23)cc1,0.46990442,train
C[S+]([O-])c1ccc(-c2cnc3ccc(Nc4cccc([S+](C)[O-])c4)nn23)cc1,0.14891548,train
C[S+]([O-])c1ccc(Nc2ccc3ncc(-c4ccc([S+](C)[O-])cc4)n3n2)cc1,0.08633024,train
C[S+]([O-])c1ccc(-c2cnc3ccc(Nc4ccc(S(C)(=O)=O)cc4)nn23)cc1,0.30327964,train
C[S+]([O-])c1ccc(-c2cnc3ccc(Nc4cnccn4)nn23)cc1,0.1418362,train
C[S+]([O-])c1ccc(-c2cnc3ccc(NC4CCS(=O)(=O)CC4)nn23)cc1,0.020208664,train
C[S+]([O-])c1ccc(-c2cnc3ccc(NC4CCN(S(C)(=O)=O)CC4)nn23)cc1,0.020274732,train
CCN(CC)Cc1cc(Nc2ccc3ncc(-c4ccc([S+](C)[O-])cc4)n3n2)ccc1O,0.81297886,train
CS(=O)(=O)c1cccc(-c2ccc3ncc(-c4cccc(S(C)(=O)=O)c4)n3n2)c1,0.6655556,train
CS(=O)(=O)c1ccc(-c2ccc3ncc(-c4cccc(S(C)(=O)=O)c4)n3n2)cc1,0.76292485,train
C[S+]([O-])c1ccc(-c2ccc3ncc(-c4cccc([S+](C)[O-])c4)n3n2)cc1,0.13776,train
O=C(CCc1ccc(-n2nnc3cccnc32)cc1)N(c1ncccc1Cl)[C@@H]1CCCNC1,0.19135801,test
Cc1cnc2c(c1)nnn2-c1ccc(CCC(=O)N(c2ncccc2Cl)[C@@H]2CCCNC2)nc1,0.15417022,val
O=C(N1CCC(c2ccccc2)CC1)N(c1nccc2ccccc12)[C@@H]1CCCNC1,0.23636387,val
O=C(N1CCC(c2ccccc2)CC1)N(c1ncccc1Cl)[C@@H]1CCCNC1,0.14992376,train
Cc1nccnc1N(C(=O)N1CCC(c2ccccc2)CC1)[C@@H]1CCCNC1,0.03996934,train
Cn1ccc2ccnc(N(C(=O)N3CCC(c4ccccc4)CC3)[C@@H]3CCCNC3)c21,0.070784815,val
Cc1cccnc1N(C(=O)N1CCC(c2ccccc2F)CC1)[C@@H]1CCCNC1,0.13267839,train
O=C(N1CCN(c2ccccc2)CC1)N(c1nccc2ccccc12)[C@@H]1CCCNC1,0.09191065,test
Cc1ccc2c(N3CCN(C(=O)N(c4nccc5ccccc45)[C@@H]4CCCNC4)CC3)noc2c1,0.6171586,test
O=[N+]([O-])c1ccc2c(c1)ncn2Cc1ccc(O)c2ncccc12,0.13351107,train
Oc1ccc(Cn2c(-c3cscn3)nc3ccccc32)c2cccnc12,0.52026606,test
CC(C)(C)c1ccc2[nH]c(C(C)(C)N)nc2c1,0.19115415,train
CCCCc1nc(C(C)C)c(CC(=O)OCC)c(=O)n1Cc1ccc(-c2ccccc2-c2nc(=O)o[nH]2)cc1,0.9185376,val
CS(=O)(=O)c1cc(CNC(=O)c2cncc3c2cnn3-c2ccc(F)cc2)ccn1,0.025388746,test
CS(=O)(=O)c1cc(C2(NC(=O)c3cncc4c3cnn4-c3ccc(F)cc3)CC2)ccn1,0.039692722,test
O=C(c1ccc(-c2ccc(F)c(F)c2)o1)N1CCN(Cc2ccc(OC3CCNCC3)c(Cl)c2)CC1,0.9537986,train
CC1=C(c2cccc(O)c2)[C@H](c2ccc(OCCN3CC(CF)C3)cc2)Oc2ccc(O)cc21,0.9943223,test
Nc1cc(F)c(S(=O)(=O)N2CCC(O)CC2)cc1C(=O)Nc1cc(F)c(F)c(F)c1,0.4779836,train
Cc1cc(-c2cnc3ccn(CC(=O)N4CCC4)c3c2)ccc1F,0.7118835,train
Cc1cc(-c2cnc3ccn(CC(=O)N4CC(F)C4)c3c2)ccc1F,0.7920045,train
Cc1cc(-c2cnc3ccn(CC(=O)N(C)C)c3c2)ccc1F,0.88326824,test
Cc1cc(-c2cnc3ccn(Cc4ccccn4)c3c2)ccc1F,0.99362975,train
Cc1cc(-c2cnc3ccn(Cc4ncco4)c3c2)ccc1F,0.9666335,val
Cc1cc(-c2cnc3ccn(CC4CCOC4)c3c2)ccc1F,0.8247713,test
Cc1cc(-c2cnc3ccn(CC4CCC4)c3c2)ccc1F,0.9716912,train
O=C(Cn1ccc2ncc(-c3cccc(C(F)(F)F)c3)cc21)N1CCC1,0.97092515,train
O=C(Cn1ccc2ncc(-c3cccc(C(F)(F)F)c3)cc21)NC1CC1,0.91435754,train
CN1CCOc2c1cnn1c(-c3ccc4cccc(NCC5(F)CCNCC5)c4n3)nnc21,0.20459434,train
CN1CCOc2c1cnn1c(-c3ccc4ccc(Cl)c(NCC5(F)CCNCC5)c4n3)nnc21,0.31319675,train
CN1CCOc2c1cnn1c(-c3ccc4ccnc(NC5CCCCC5)c4c3)nnc21,0.2738554,test
CN1CCOc2c1cnn1c(-c3ccc4cccc(NC5CCCCC5)c4c3)nnc21,0.41880286,train
Cc1sc(-c2ccccc2Cl)cc1C(=O)N[C@@H](CN)c1ccccc1,0.84887284,train
NC[C@H](Oc1noc2ccc(-c3ccccc3Cl)cc12)c1ccccc1,0.33545995,train
NC[C@H](Oc1noc2ccc(-c3ccccc3Cl)nc12)c1ccccc1,0.3340939,train
N=C(N)NC[C@H](Oc1noc2ccc(-c3ccccc3Cl)cc12)c1ccccc1,0.82944864,train
C[C@H]1C[C@H]2CSC(=N)N[C@@]2(c2ncc(NC(=O)c3ccc(OC(F)F)cn3)s2)CO1,0.06079494,test
C[C@H]1C[C@H]2CSC(=N)N[C@@]2(c2cc(NC(=O)c3ccc(OC(F)F)cn3)ccc2F)CO1,0.8193988,train
C#CCOc1cnc(C(=O)Nc2cc(F)c(F)c([C@@]3(C)N=C(N)S[C@@]4(COC)C[C@H]43)c2)cn1,0.9452085,train
COc1cc(NC(=O)C2CCCCC2C(=O)c2ccc(-c3cc[nH]n3)cc2)ncn1,0.27164745,train
CCn1cnc2c(-c3ccc(F)c(-c4ccc(S(=O)(=O)CC)cc4OC)c3)cnnc21,0.20699924,train
CNCc1ccc(-c2cc(-c3nc(-c4ccc(S(=O)(=O)C(C)C)cc4)cnc3N)on2)cc1,0.78485227,test
O=S1(=O)CCCN1CCNc1nonc1C(=NO)Nc1ccc(F)c(Br)c1,0.06293033,train
O=C1OCCN1CCNc1nonc1C(=NO)Nc1ccc(F)c(Br)c1,0.058897115,val
COCCN1CCN(CCNc2nonc2C(=NO)Nc2ccc(F)c(Br)c2)S1(=O)=O,0.049807303,train
Cc1ccc2c(c1)nc(CCN1C(=O)c3cccc4cccc(c34)C1=O)n2-c1ccncc1,0.9598748,train
CC1OC2(CCN(CCc3ccccc3)CC2)CN(c2ccccc2)C1=O,0.9909711,train
CCC1OC2(CCN(CCc3ccccc3)CC2)CN(c2ccccc2)C1=O,0.9914517,train
CC(C)C1OC2(CCN(CCc3ccccc3)CC2)CN(c2ccccc2)C1=O,0.9903328,train
COCC1OC2(CCN(CCc3ccccc3)CC2)CN(c2ccccc2)C1=O,0.9794743,train
O=C1C(CO)OC2(CCN(CCc3ccccc3)CC2)CN1c1ccccc1,0.80806416,train
O=C1C(COCc2ccccc2)OC2(CCN(CCc3ccccc3)CC2)CN1c1ccccc1,0.99415475,test
COC(=O)CC1OC2(CCN(CCc3ccccc3)CC2)CN(c2ccccc2)C1=O,0.98468345,train
CC1(C)OC2(CCN(CCc3ccccc3)CC2)CN(c2ccccc2)C1=O,0.9841377,train
O=C1N(c2ccccc2)CC2(CCN(CCc3ccccc3)CC2)OC12CC2,0.99689996,val
CC1OC2(CCN(CCc3ccccc3)CC2)CN(c2ccccc2Cl)C1=O,0.99381775,train
CC1OC2(CCN(CCc3ccccc3)CC2)CN(c2ccccc2F)C1=O,0.98972416,train
COc1cccc(N2CC3(CCN(CCc4ccccc4)CC3)OC(C)C2=O)c1,0.99187016,train
CC1OC2(CCN(CCc3ccccc3)CC2)CN(c2cnccn2)C1=O,0.97944754,train
CC1OC2(CCN(CCc3ccccc3)CC2)CN(c2ncccc2F)C1=O,0.98523617,train
CC1OC2(CCN(CCc3ccccc3)CC2)CN(c2ncccc2C(F)(F)F)C1=O,0.99691015,train
CC1OC2(CCN(CCc3ccccc3)CC2)CN(c2cncc(F)c2)C1=O,0.98937666,train
CC1OC2(CCN(CCc3ccccc3)CC2)CN(c2cnccc2C(F)(F)F)C1=O,0.9952992,train
CC1OC2(CCN(CCc3ccccc3)CC2)CN(c2cccnc2C(F)(F)F)C1=O,0.98586214,train
CC1OC2(CCN(CCc3ccccc3)CC2)CN(c2cncc(C(F)(F)F)c2)C1=O,0.99193597,train
CC1OC2(CCN(CCc3ccccc3F)CC2)CN(c2ccccc2)C1=O,0.9856059,train
CC1OC2(CCN(CCc3cccc(F)c3)CC2)CN(c2ccccc2)C1=O,0.9963341,train
CC1OC2(CCN(CCc3ccc(F)cc3)CC2)CN(c2ccccc2)C1=O,0.9950997,train
CC1OC2(CCN(CCc3cccc(C#N)c3)CC2)CN(c2ccccc2)C1=O,0.9973355,train
CC1OC2(CCN(CCc3ccccn3)CC2)CN(c2ccccc2)C1=O,0.9801267,train
CC1OC2(CCN(CCc3ccccc3F)CC2)CN(c2cnccc2C(F)(F)F)C1=O,0.9924837,train
CC1OC2(CCN(CCc3ccccc3F)CC2)CN(c2ncccc2C(F)(F)F)C1=O,0.9950578,train
C=CC(=O)N1CCC[C@H]1COc1c(N)ncnc1-c1cc(F)cc(NC(=O)c2ccc(C3CC3)cc2F)c1C,0.45838165,train
C=CC(=O)N(C)CCOc1c(N)ncnc1-c1cc(F)cc(NC(=O)c2ccc(C3CC3)cc2F)c1C,0.7499141,train
CCC(=O)N(C)CCOc1c(N)ncnc1-c1cc(F)cc(NC(=O)c2ccc(C3CC3)cc2F)c1C,0.9301361,train
Cc1cc(/C=C/C#N)cc(C)c1Oc1nc(NC2CCN(Cc3ccc(S(N)(=O)=O)cc3)CC2)nc2sccc12,0.9813772,train
Cc1cc(C=CC#N)cc(C)c1Nc1ccnc(Nc2ccc(C#N)cc2)n1,0.89615524,train
Cc1cc(C#N)cc(C)c1Oc1nc(NC2CCN(Cc3ccc(S(N)(=O)=O)cc3)CC2)nc2ccsc12,0.99423873,train
CC(C)(C)c1cc(NC(=O)Cc2ccc(-n3cnc4cc(-c5ccc(S(C)(=O)=O)cc5)ccc43)cc2)no1,0.97373736,train
COc1nc(N[C@@H](C)c2cc3cc(Cl)ccc3[nH]c2=O)ncc1C#N,0.19979605,val
CON=C1CCC(CN2CCN(c3nc(=O)c4cc(C(F)(F)F)cc([N+](=O)[O-])c4s3)CC2)CC1,0.04730736,train
CCON=C1CCC(CN2CCN(c3nc(=O)c4cc(C(F)(F)F)cc([N+](=O)[O-])c4s3)CC2)CC1,0.04442226,train
O=C(CC(O)(C(F)(F)F)C(F)(F)F)N[C@@](Cc1ccccc1)(c1cc(F)cc(C(F)(F)F)c1)c1ccc(Cl)cn1,0.0058072293,test
CNC(C(=O)N[C@](Cc1ccccc1)(c1ccc(F)cc1)c1cc(F)cc(C(F)(F)F)c1)C(O)(C(F)(F)F)C(F)(F)F,0.008530636,train
CC(C)NC(C(=O)N[C@](Cc1ccccc1)(c1ccc(F)cc1)c1cc(F)cc(C(F)(F)F)c1)C(O)(C(F)(F)F)C(F)(F)F,0.0039126617,train
CN(C)C(C(=O)N[C@](Cc1ccccc1)(c1ccc(F)cc1)c1cc(F)cc(C(F)(F)F)c1)C(O)(C(F)(F)F)C(F)(F)F,0.0013068739,train
CC(C)Oc1cc([C@@](Cc2ccccc2)(NC(=O)C(N)C(O)(C(F)(F)F)C(F)(F)F)c2cc(F)cc(OC(F)(F)C(F)F)c2)ccc1F,0.0003247066,train
CC(C)Oc1cc([C@@](Cc2ccccc2)(NC(=O)C(O)C(O)(C(F)(F)F)C(F)(F)F)c2cc(F)cc(OC(F)(F)C(F)F)c2)ccc1F,0.002219037,train
CC(C)Oc1cc([C@@](Cc2ccccc2)(NCC(O)C(O)(C(F)(F)F)C(F)(F)F)c2cc(F)cc(OC(F)(F)C(F)F)c2)ccc1F,0.001202705,train
CCOCc1nnc(N2C[C@@H]3C[C@]3(c3ccc(F)cc3Cl)C2)n1-c1ccc(OC)nc1,0.48428166,train
COCc1nnc(N2C[C@@H]3C[C@]3(c3ccc(F)cc3Cl)C2)n1-c1ccc(OC)nc1,0.09053379,train
COc1ccccc1-c1[nH]nc2nc(N[C@H]3CC[C@H](NS(=O)(=O)CCC(F)(F)F)CC3)nc(OC)c12,0.13052382,test
Cc1cc(C#N)cc(C)c1Oc1nc(NC2CCN(Cc3ccc(C(N)=O)cc3)CC2)nc2c1COC2,0.9468546,train
CC(C)(O)c1cccc(-c2ccc3nc(-c4ccc(Cl)cc4)cn3c2)c1,0.96961427,val
COCCN1CCN(c2ccc(OCc3ccccc3)c(C(=O)Nc3ccnnc3)c2)CC1,0.7873502,train
COCCC#Cc1c(Cl)c2c(Cl)cc(C(N)=O)nc2n1[C@H]1CCCNC1,0.9540942,train
COCC(C)(C)C#Cc1c(Cl)c2c(Cl)cc(C(N)=O)nc2n1[C@H]1CCCNC1,0.9230242,train
COC(C)(C)CC#Cc1c(Cl)c2c(Cl)cc(C(N)=O)nc2n1[C@H]1CCCNC1,0.96359587,train
NC(=O)c1cc(Cl)c2c(Cl)c(C#CC3CCCO3)n([C@H]3CCCNC3)c2n1,0.9655339,test
NC(=O)c1cc(Cl)c2c(Cl)c(C#CC3CCOCC3)n([C@H]3CCCNC3)c2n1,0.96746224,test
NC(=O)c1cc(Cl)c2c(Cl)c(C#CC3COCCO3)n([C@H]3CCCNC3)c2n1,0.77313846,test
CC1(C#Cc2c(Cl)c3c(Cl)cc(C(N)=O)nc3n2[C@H]2CCCNC2)COC1,0.8387443,test
CC1(CC#Cc2c(Cl)c3c(Cl)cc(C(N)=O)nc3n2[C@H]2CCCNC2)COC1,0.91979706,test
CC(C)(C#N)CC#Cc1c(Cl)c2c(Cl)cc(C(N)=O)nc2n1[C@H]1CCCNC1,0.94939613,train
NC(=O)c1cc(Cl)c2c(Cl)c(C#CC3CNCCO3)n([C@H]3CCCNC3)c2n1,0.9467346,train
COc1cc(F)cc2c1nnc1c2c(-c2ccncc2C)nn1C,0.25501263,val
C=CC(=O)Nc1cccc(Nc2ncnc(N)c2-c2ccc(Oc3ccccc3)cc2)c1,0.93630236,test
C=CC(=O)N[C@@H]1CCC[C@H](Nc2ncnc(N)c2-c2ccc(Oc3ccccc3)cc2)C1,0.8896272,train
C=CC(=O)NC12CCC(Nc3ncnc(N)c3-c3ccc(Oc4ccccc4)cc3)(C1)C2,0.08349355,test
C=CC(=O)N1CC2(CC(Nc3ncnc(N)c3-c3ccc(Oc4ccccc4)cc3)C2)C1,0.7296059,val
C=CC(=O)N1CCC(CNc2ncnc(N)c2-c2ccc(Oc3ccccc3)cc2)CC1,0.5493923,test
CNC(=O)c1cnc(Nc2ccc(C#N)cn2)cc1Nc1cccc(-c2ncn(C)n2)c1OC,0.15970623,train
CNC(=O)c1cnc(Nc2ccc(C(F)(F)F)cn2)cc1Nc1cccc(-c2ncn(C)n2)c1OC,0.09679432,train
CNC(=O)c1cnc(Nc2cc(C)c(F)cn2)cc1Nc1cccc(-c2ncn(C)n2)c1OC,0.04115921,train
C[C@H](c1ccnc(Nc2nc3cc(-c4cc(N(C)C)ncn4)ccc3[nH]2)c1)N1CCN(C(=O)CC(F)(F)F)CC1,0.013686812,test
CCCCCOc1cccc(CCNCC(=O)N(C)C)c1,0.9068628,train
CN(C)C(=O)CNCCc1cccc(OCCCC(F)(F)CF)c1,0.1978815,train
CN(C)C(=O)CNCCc1cccc(OCCCC(C)(F)F)c1,0.27875927,train
CN(C)C(=O)CNCCc1cccc(OCCCCC(F)(F)F)c1,0.78563595,train
CN(C)C(=O)CNCCc1cccc(OCCCC(F)(F)F)c1,0.17893924,train
CCCCOc1cccc(CCNCC(=O)N(C)C)c1,0.9048144,train
Cc1cc(/C=C/C#N)cc(C)c1Oc1nc(Nc2ccc(C#N)cc2F)nc2sccc12,0.9976786,train
CCc1nc(C)cn2nc(-c3cc(=O)n4cc(C5CCN(C)CC5)cc(C)c4n3)cc12,0.059643924,val
O=C(NNC(=S)Nc1ccc(Cl)c(Cl)c1)c1ccccc1O,0.6849424,train
COc1ccc(Oc2nc(Nc3ccc(N4CCOCC4)nc3)ncc2NC(=O)c2cc(OC)cc(OC)c2)cc1,0.46657157,train
CC1(c2ccc(C#N)cc2)NC(=O)N(CC(=O)c2ccc(F)cc2F)C1=O,0.22208226,train
CC1(c2ccc(OC(F)F)cc2)NC(=O)N(CC(=O)c2ccc(F)cc2F)C1=O,0.44446725,train
CC1(c2ccc(-n3cnnn3)cc2)NC(=O)N(CC(=O)c2ccc(F)cc2F)C1=O,0.034382317,train
CC1(c2ccc(NS(C)(=O)=O)cc2)NC(=O)N(CC(=O)c2ccc(F)cc2F)C1=O,0.17794688,train
N#Cc1ccc(S(=O)(=O)N2C[C@H](S(=O)(=O)c3ccc(Cl)cc3)[C@](O)(CN)C2)c(Cl)c1,0.9915487,test
N#Cc1ccc(S(=O)(=O)N2C[C@H](S(=O)(=O)c3ccc(Cl)cn3)[C@](O)(CN)C2)c(Cl)c1,0.88199085,train
N#Cc1ccc(S(=O)(=O)N2C[C@H](S(=O)(=O)c3ccc(Cl)cn3)[C@@](O)(CN)C2)c(Cl)c1,0.7809728,train
CCC#CC[C@H](C)[C@H](O)/C=C/[C@H]1CCC(=O)N1CCCCCCC(=O)O,0.19412786,train
CCC#CC[C@H](C)[C@H](O)/C=C/[C@H]1CC(F)(F)C(=O)N1CCCCCCC(=O)O,0.37336102,train
COC(=O)c1ccc(COc2ccc3nc(N)sc3c2)cc1,0.76498497,train
Nc1nc2ccc(SC(F)(F)F)cc2s1,0.9969683,train
COc1c(C#N)ccc2[nH]c(-c3cn4c(n3)[C@H](c3cccc(F)c3C)OCC4)cc12,0.37559816,val
CNC(=O)c1c(-c2ccc(F)cc2)oc2cc(N(c3ccc(B(O)O)c(Cl)c3)S(C)(=O)=O)c(C3CC3)cc12,0.21794964,train
CNC(=O)c1c(-c2ccc(F)cc2)oc2cc(N(c3cc(Cl)c4c(c3)COB4O)S(C)(=O)=O)c(C3CC3)cc12,0.08673412,train
Cc1ccc(CNC(=O)C2CNC[C@H]2c2ccc(C(F)(F)F)cc2)cc1,0.94155395,train
CN(C)c1ccc(CNC(=O)C2CNC[C@@H]2c2ccc(C(F)(F)F)cc2)cc1,0.574199,train
CCN(CC)c1ccc(CNC(=O)C2CNC[C@H]2c2ccc(C(F)(F)F)cc2)cc1,0.9019699,train
CN(C)c1ccc(CNC(=O)C2CNC[C@H]2c2ccc(C(F)(F)F)c(F)c2)cc1,0.74451774,train
CN(C)c1ccc(CNC(=O)C2CNC[C@H]2c2ccc(C(F)(F)F)c(Cl)c2)cc1,0.7962348,train
CN(C)c1ccc(CNC(=O)C2CNC[C@H]2c2ccc(Oc3ccccc3)cc2)cc1,0.893382,train
CN(C)c1ccc(CNC(=O)C2CNC[C@@H]2c2ccc(C(F)(F)F)nc2)cc1,0.028939703,val
C[C@H](NC(=O)C1CNC[C@@H]1c1ccc(C(F)(F)F)cc1)c1ccc(N(C)C)cc1,0.60119325,train
FC(F)(F)c1ccc2[nH]c(-c3ccc(-c4ccccc4)cc3)nc2c1,0.9935869,train
FC(F)(F)c1ccc2[nH]c(-c3ccc(-c4cccnc4)cc3)nc2c1,0.9853629,test
O=c1ccc(-c2ccc(-c3nc4cc(C(F)(F)F)ccc4[nH]3)cc2)c[nH]1,0.937869,train
N#Cc1ccc(-c2ccc(-c3nc4cc(C(F)(F)F)ccc4[nH]3)cc2)cc1,0.99779737,train
Oc1ccc(-c2ccc(-c3nc4cc(C(F)(F)F)ccc4[nH]3)cc2)cc1,0.9855122,train
CN1CCN(c2ccc(-c3ccc(-c4nc5cc(C(F)(F)F)ccc5[nH]4)cc3)cc2)CC1,0.92574155,val
CN1CCN(c2ccc(-c3ccc(-c4nc5cc(C(F)(F)F)ccc5[nH]4)cc3)cn2)CC1,0.9298207,val
FC(F)(F)c1ccc2[nH]c(-c3ccc(-c4ccc(N5CCOCC5)nc4)cc3)nc2c1,0.85208464,val
CC1(C(=O)O)CCN(c2ccc(-c3ccc(-c4nc5cc(Cl)ccc5[nH]4)cn3)cn2)CC1,0.25990447,train
O=C(O)C1(CNc2ccc(-c3ccc(-c4nc5cc(Cl)ccc5[nH]4)cn3)cn2)CC1,0.1594523,train
O=C(O)C1CCCCC1Nc1ccc(-c2ccc(-c3nc4cc(Cl)ccc4[nH]3)cn2)cn1,0.7167454,train
CC1(C)CN(c2ccc(-c3ccc(-c4nc5cc(Cl)ccc5[nH]4)cn3)cn2)CCC1CC(=O)O,0.5317219,train
CC1(C(=O)O)CCCN(c2ccc(-c3ccc(-c4nc5cc(Cl)ccc5[nH]4)cn3)cn2)C1,0.33188528,train
O=C(O)C1CCC(Nc2ccc(-c3ccc(-c4nc5cc(Cl)ccc5[nH]4)cn3)cn2)CC1,0.60869485,train
O=C(O)c1ccc(CNc2ccc(-c3ccc(-c4nc5cc(Cl)ccc5[nH]4)cn3)cn2)cc1,0.5475038,train
O=C(O)CC1CCN(c2ccc(-c3ccc(-c4nc5cc(Cl)ccc5[nH]4)cn3)cn2)CC1,0.4178763,train
CC(C)(COc1ccc(-c2ccc(-c3nc4cc(Cl)ccc4[nH]3)cn2)cn1)C(=O)O,0.20695925,train
O=C(O)c1ccc(Oc2ccc(-c3ccc(-c4nc5cc(Cl)ccc5[nH]4)cn3)cn2)cc1,0.72604704,test
O=C(O)C1CCC(Oc2ccc(-c3ccc(-c4nc5cc(Cl)ccc5[nH]4)cn3)cn2)CC1,0.8557947,train
O=C(O)C1(COc2ccc(-c3ccc(-c4nc5cc(Cl)ccc5[nH]4)cn3)cn2)CCC1,0.14583386,train
O=C(O)C1(COc2ccc(-c3ccc(-c4nc5cc(Cl)ccc5[nH]4)cn3)cn2)CC1,0.08919378,train
O=C(O)C1CC(Oc2ccc(-c3ccc(-c4nc5cc(Cl)ccc5[nH]4)cn3)cn2)C1,0.58244884,test
O=C(O)C1CC1COc1ccc(-c2ccc(-c3nc4cc(Cl)ccc4[nH]3)cn2)cn1,0.13076738,train
O=C(O)C1(COc2ccc(-c3ccc(-c4nc5cc(Cl)ccc5[nH]4)cn3)cn2)COC1,0.064269796,test
O=C(O)C[C@H]1CC[C@@H](Oc2ccc(-c3ccc(-c4nc5cc(Cl)ccc5[nH]4)cn3)cn2)CC1,0.46892753,train
O=C(O)C[C@H]1CC[C@@H](Oc2ccc(-c3ccc(-c4nc5cc(C(F)(F)F)ccc5[nH]4)cn3)cn2)CC1,0.4395033,train
O=C(O)C[C@H]1CC[C@@H](Oc2ccc(-c3ccc(-c4nc5cc(F)c(F)cc5[nH]4)cn3)cn2)CC1,0.1467954,train
O=C(O)C[C@H]1CC[C@@H](Oc2ccc(-c3ccc(-c4nc5c(F)cc(F)cc5[nH]4)cn3)cn2)CC1,0.47607937,train
O=C(O)C[C@H]1CC[C@@H](Oc2ccc(-c3ccc(-c4nc5cc(F)ccc5[nH]4)cn3)cn2)CC1,0.26384845,train
O=C(O)C[C@H]1CC[C@@H](Oc2ccc(-c3ccc(-c4nc5cc(Cl)cnc5[nH]4)cn3)cn2)CC1,0.42163852,train
N#Cc1ccc2[nH]c(-c3ccc(-c4ccc(O[C@H]5CC[C@@H](CC(=O)O)CC5)nc4)nc3)nc2c1,0.3173699,train
O=C(O)C[C@H]1CC[C@@H](Oc2ccc(-c3ccc(-c4nc5ccccc5[nH]4)cn3)cn2)CC1,0.15749887,train
O=C(O)C[C@H]1CC[C@@H](Oc2ccc(-c3ccc(-c4nc5cc(C(F)(F)F)cnc5[nH]4)cn3)cn2)CC1,0.064464815,train
COc1ccc2[nH]c(-c3ccc(-c4ccc(O[C@H]5CC[C@@H](CC(=O)O)CC5)nc4)nc3)nc2n1,0.363124,test
O=C(O)C[C@H]1CC[C@H](OC2CCN(c3ccc(-c4nc5cc(C(F)(F)F)ccc5[nH]4)cn3)CC2)CC1,0.31666723,train
O=C(O)C[C@H]1CC[C@H](OC2CCN(c3ccc(-c4nc5cc(Cl)ccc5[nH]4)cn3)CC2)CC1,0.34943,train
O=C(O)C[C@H]1CC[C@H](OC2CCN(c3ccc(-c4nc5c(F)cc(F)cc5[nH]4)cn3)CC2)CC1,0.3476948,train
O=C(O)C[C@H]1CC[C@H](OC2CCN(c3ccc(-c4nc5cc(F)c(F)cc5[nH]4)cn3)CC2)CC1,0.13495252,train
O=C(O)C[C@H]1CC[C@H](OC2CCN(c3ccc(-c4nc5c(F)cccc5[nH]4)cn3)CC2)CC1,0.2353511,train
O=C(O)C[C@H]1CC[C@H](OC2CCN(c3ccc(-c4nc5ccccc5[nH]4)cn3)CC2)CC1,0.1470673,train
O=C(O)C[C@H]1CC[C@H](OC2CCN(c3ccc(-c4nc5cc(C(F)(F)F)cnc5[nH]4)cn3)CC2)CC1,0.06350296,test
N#Cc1ccc2[nH]c(-c3ccc(N4CCC(O[C@H]5CC[C@H](CC(=O)O)CC5)CC4)nc3)nc2c1,0.28620008,train
COc1ccc2[nH]c(-c3ccc(N4CCC(O[C@H]5CC[C@H](CC(=O)O)CC5)CC4)nc3)nc2n1,0.29048306,val
CCCN(CCC)[C@H](c1ccccn1)[C@@H](c1ccccn1)N(CCC)CCC,0.98414767,train
CC(C)c1cc(C(=O)NC[C@H]2CCN(CCc3ccc(C(F)(F)F)cc3)C2)on1,0.9842891,train
CC(C)c1cc(C(=O)NC[C@H]2CCN(CCc3ccc(Cl)c(Cl)c3)C2)on1,0.96576494,train
CC(C)c1cc(C(=O)NC[C@H]2CCN(CCc3ccc(Cl)c(F)c3)C2)on1,0.9620028,train
CC(C)c1cc(C(=O)NC[C@H]2CCN(CCc3ccc(OC(F)(F)F)c(F)c3)C2)on1,0.99308443,train
Cc1ccc(CCN2CC[C@H](CNC(=O)c3cc(C(C)C)no3)C2)cc1C(F)(F)F,0.987311,train
COC(=O)C1=C(C)N=C(C)C(C(=O)NC[C@H]2CCN(CCc3ccc(C(F)(F)F)cc3)C2)C1c1cccc([N+](=O)[O-])c1,0.98027074,train
COC(=O)C1=C(C)N=C(C)C(C(=O)NC[C@H]2CCN(CCc3ccc(Cl)c(Cl)c3)C2)C1c1cccc([N+](=O)[O-])c1,0.94678545,train
COC(=O)C1=C(C)N=C(C)C(C(=O)NC[C@H]2CCN(CCc3ccc(C)c(C(F)(F)F)c3)C2)C1c1cccc([N+](=O)[O-])c1,0.98644733,train
COC(=O)C1=C(C)N=C(C)C(C(=O)NC[C@H]2CCN(CCc3ccc(Cl)c(F)c3)C2)C1c1cccc([N+](=O)[O-])c1,0.93378353,train
COC(=O)C1=C(C)N=C(C)C(C(=O)NC[C@H]2CCN(CCc3ccc(OC(F)(F)F)c(F)c3)C2)C1c1cccc([N+](=O)[O-])c1,0.9865622,train
Cc1cnc(NC(=O)Nc2cc(Br)c(C)cc2OC[C@@H]2CNCCO2)cn1,0.13163348,train
COc1cccc(OCCCN)c1-c1cc(Nc2cnc(C#N)cn2)[nH]n1,0.116452225,test
COc1ccc2c(c1)CCN(CCC(F)Cc1ccccc1)CC2,0.9676704,train
FC(CCN1CCc2ccccc2CC1)Cc1ccccc1,0.9742721,train
CC(C)CC(NC(=O)C(CCc1ccccc1)NC(=O)CN1CCOCC1)C(=O)NC(Cc1ccccc1)C(=O)NC(CC(C)C)C(=O)[C@@]1(C)CO1,0.30292758,train
Cc1cc(-c2ccnc3[nH]nc(C(F)(F)F)c23)cc(C2(CN)CCC2)c1,0.8569806,train
NCC1(c2cccc(-c3ccnc4[nH]nc(C(F)(F)F)c34)c2)CCC1,0.74022734,train
C[C@]12CC[C@@H]3c4ccc(OCCCN5CCCC5)cc4CC[C@H]3[C@@H]1CC[C@@H]2N1CCCC1,0.97121465,test
CCNC(=O)C1CC[C@@]2(C)CC[C@@H]3c4ccc(OCCCN5CCC[C@H]5C)cc4CC[C@H]3[C@H]12,0.58428633,train
C[C@@H]1CCCN1CCCOc1ccc2c(c1)CC[C@@H]1[C@@H]2CC[C@]2(C)CCC(C(=O)NCC3CC3)[C@@H]12,0.9724523,val
CCNC(=O)C1C[C@H](OC)[C@@]2(C)CC[C@@H]3c4ccc(OCCCN5CCC[C@H]5C)cc4CC[C@H]3[C@H]12,0.03703336,train
CCNC(=O)C1CC(=O)[C@@]2(C)CC[C@@H]3c4ccc(OCCCN5CCC[C@H]5C)cc4CC[C@H]3[C@H]12,0.015465869,train
C[C@H]1CCCN1CCCOc1ccc2c(c1)CC[C@@H]1[C@@H]2CC[C@]2(C)C(=O)CC(C(=O)N3CCCC3)[C@@H]12,0.032898966,train
NCc1ncc(S(=O)(=O)c2ccc3ccccc3c2)s1,0.01445713,train
CS(=O)(=O)c1cc(-c2ccccc2)cc(S(=O)(=O)c2cnc(CN)s2)c1,0.26136604,train
CCc1cc(-c2ccccc2)cc(S(=O)(=O)c2cnc(CN)s2)c1,0.03554987,train
Cc1ccc(-c2cc(S(C)(=O)=O)cc(S(=O)(=O)c3cnc(CN)s3)c2)cc1,0.37886742,train
CCc1cc(-c2cnn(C)c2)cc(S(=O)(=O)c2cnc(CN)s2)c1,0.008717274,train
Cn1cc(-c2cc(F)cc(S(=O)(=O)c3cnc(CN)s3)c2)cn1,0.010126253,train
CCc1cc(-c2cnn(C)c2)cc(S(=O)(=O)c2csc(CN)n2)c1,0.0155018885,train
Cc1cc2nccn2cc1Nc1ncc2c(n1)n(C1CCOCC1)c(=O)n2C,0.027495109,val
Cc1cnc(Nc2cccnc2F)nc1-c1c[nH]c2c(NC(=O)C(C)N3CCN(C)CC3)cccc12,0.06396613,train
COc1nn(C)cc1Nc1ncc(Cl)c(-c2c[nH]c3c(NC(=O)C(C)N4CCN(C)CC4)cccc23)n1,0.09097336,train
COc1nn(C)cc1Nc1ncc(Br)c(-c2c[nH]c3c(NC(=O)C(C)N4CCN(C)CC4)cccc23)n1,0.043878503,train
COc1cc(-c2cncc(-c3ccc(N4C[C@@H](C)N(C)[C@@H](C)C4)cc3)c2C)cc(F)c1C(N)=O,0.11750094,train
NC(=O)c1ccn(-c2cccc(OC(=O)NCCN3CCN(c4ccccc4)CC3)c2)c1,0.26236117,val
Cc1cc(C(N)=O)c(-c2cccc(OC(=O)NCCN3CCN(c4ccccc4)CC3)c2)s1,0.8905092,train
Cn1c(C(N)=O)ccc1-c1cccc(OC(=O)NCCN2CCN(c3ccccc3)CC2)c1,0.26270217,val
NC(=O)c1ccn(-c2cccc(OC(=O)NCCCN3CCN(c4ccccc4)CC3)c2)c1,0.47896788,test
Cc1cc(C(N)=O)c(-c2cccc(OC(=O)NCCCN3CCN(c4ccccc4)CC3)c2)o1,0.6713443,val
O=C1c2ccccc2C(Cc2c(F)cncc2F)(Cc2c(F)cncc2F)c2ccccc21,0.012911987,train
O=C1c2ccccc2C(Cc2ccnc(F)c2)(Cc2ccnc(F)c2)c2ccccc21,0.012888779,train
CCOc1c([C@H](C)n2nc(C)c3c(N)ncnc32)cc(Cl)c(F)c1[C@@H]1CNC(=O)C1,0.19171405,val
O=C1CN(c2cn[nH]c(=O)c2Cl)CCN1Cc1ccccc1C(F)(F)F,0.06947275,train
N=C(N)N/N=C/c1ccc(-c2cccc(/C=N/N=C(N)N)c2)cc1,0.9098083,train
Cc1ccc(/C(=C(\CCCO)c2ccccc2)c2ccc(N3CCNCC3)cc2)cc1,0.11242243,train
Cc1ccc(/C(=C(\CCCO)c2ccccc2)c2ccc(N3CCN(C)CC3)cc2)cc1,0.07255519,train
CC(C)N1CCN(c2ccc(C(=C(CCCO)c3ccccc3)c3ccc(O)cc3)cc2)CC1,0.04024634,train
CC(C)N1CCN(c2ccc(/C(=C(/CCCO)c3ccccc3)c3ccc(Br)cc3)cc2)CC1,0.07573596,train
CCN1CCN(c2ccc(/C(=C(/CCCO)c3ccccc3)c3ccc(C)cc3)cc2)CC1,0.18121262,train
CC(C)N1CCN(c2ccc(/C(=C(/CCCO)c3ccccc3)c3cccc(O)c3)cc2)CC1,0.02346691,train
Cn1c(N2CCC(C)(CN)CC2)nc(N)c(Sc2cccc(Cl)c2Cl)c1=O,0.9500033,train
C[C@@H]1OCC2(CCN(c3nc(N)c(Sc4cccc(Cl)c4Cl)c(=O)n3C)CC2)[C@@H]1N,0.99363494,train
C[C@@H]1OCC2(CCN(c3nc(N)c(Sc4ccnc(C5CC5)c4Cl)c(=O)n3C)CC2)[C@@H]1N,0.9407564,train
Cn1c(N2CCC(C)(N)CC2)nc2[nH]nc(-c3cccc(Cl)c3Cl)c2c1=O,0.97255087,train
Cn1c(N2CCC(C)(CN)CC2)nc2[nH]nc(-c3cccc(Cl)c3Cl)c2c1=O,0.9753342,train
Cn1c(N2CCC3(CCC[C@H]3N)CC2)nc2[nH]nc(-c3cccc(Cl)c3Cl)c2c1=O,0.9933676,val
Cn1c(N2CCC3(CC2)COC[C@H]3N)nc2[nH]nc(-c3cccc(Cl)c3Cl)c2c1=O,0.98003083,train
C[C@@H]1OCC2(CCN(c3nc4[nH]nc(-c5cccc(Cl)c5Cl)c4c(=O)n3C)CC2)[C@@H]1N,0.9969097,train
C[C@@H]1OCC2(CCN(c3cnc4c(-c5cccc(Cl)c5Cl)[nH]nc4n3)CC2)[C@@H]1N,0.97446907,val
C[C@@H]1OCC2(CCN(c3cnc4c(-c5cccc(Cl)c5Cl)c[nH]c4n3)CC2)[C@@H]1N,0.99430025,val
C[C@@H]1OCC2(CCN(c3nc4[nH]nc(-c5ccnc(Cl)c5Cl)c4c(=O)n3C)CC2)[C@@H]1N,0.98397034,train
C[C@@H]1OCC2(CCN(c3nc4[nH]nc(-c5ccnc(NC6CCC6)c5Cl)c4c(=O)n3C)CC2)[C@@H]1N,0.9965275,train
Cc1nc(N)ccc1-c1[nH]nc2nc(N3CCC4(CC3)CO[C@@H](C)[C@H]4N)n(C)c(=O)c12,0.9291553,val
C[C@@H]1OCC2(CCN(c3nc4[nH]nc(-c5ccnc(NC6CC6)c5Cl)c4c(=O)n3C)CC2)[C@@H]1N,0.99474156,test
CNC(=O)c1cnc(Nc2ccc(F)cn2)cc1Nc1ccccc1S(C)(=O)=O,0.06032813,train
CNC(=O)c1cnc(Nc2cc(C)ccn2)cc1Nc1ccccc1S(C)(=O)=O,0.12573381,train
CNC(=O)c1cnc(Nc2ccc(N3CCOCC3)cn2)cc1Nc1ccccc1S(C)(=O)=O,0.023101788,val
CNC(=O)c1cnc(Nc2ccc(C)nn2)cc1Nc1ccccc1S(C)(=O)=O,0.050084345,val
CNC(=O)c1cnc(Nc2ccccn2)cc1Nc1ccccc1S(C)(=O)=O,0.054108568,train
CNC(=O)c1cnc(Nc2ccc(OC)cn2)cc1Nc1ccccc1S(C)(=O)=O,0.04519616,train
CC1(C)CCN1Cc1cccc(F)c1CNc1cc(F)c(S(=O)(=O)Nc2cscn2)c(F)c1,0.16743055,train
CN(Cc1cccc(F)c1CNc1cc(F)c(S(=O)(=O)Nc2cscn2)c(F)c1)C(C)(C)C,0.5640998,test
CN1CCC(c2nc(-c3ccc(F)c(NS(C)(=O)=O)c3)c(-c3ccnc(NCC4CC4)n3)s2)CC1,0.029331367,test
CN1CCC(c2nc(-c3ccc(F)cc3)c(-c3ccnc(Nc4ccc(N5CCNCC5)cc4)n3)s2)CC1,0.40599874,train
CN1CCN(c2ccc(Nc3nccc(-c4sc(C5CCNCC5)nc4-c4ccc(F)cc4)n3)cc2)CC1,0.59089607,train
Fc1ccc(-c2nc(N3CCOCC3)sc2-c2ccnc(Nc3ccc(N4CCNCC4)cc3)n2)cc1,0.4218671,train
Fc1ccc(-c2nc(N3CCCC3)sc2-c2ccnc(Nc3ccc(N4CCNCC4)cc3)n2)cc1,0.9241647,train
Nc1nc(-c2ccc(F)cc2)c(-c2ccnc(Nc3ccc(N4CCNCC4)cc3)n2)s1,0.4174112,train
CC(=O)Nc1nc(-c2ccc(F)cc2)c(-c2ccnc(Nc3ccc(N4CCNCC4)cc3)n2)s1,0.08480436,train
CN1CCC(C(=O)Nc2nc(-c3ccc(F)cc3)c(-c3ccnc(Nc4ccc(N5CCNCC5)cc4)n3)s2)CC1,0.0698458,train
Fc1ccc(-c2nc(C3CCNCC3)sc2-c2ccnc(Nc3nncs3)n2)cc1,0.380725,train
Fc1ccc(-c2nc(C3CCNCC3)sc2-c2ccnc(Nc3ccncn3)n2)cc1,0.75869423,train
Cc1cc(Nc2nccc(-c3sc(C4CCNCC4)nc3-c3ccc(F)cc3)n2)ccn1,0.9470311,train
Cc1cc(Nc2nccc(-c3sc(C4CCNCC4)nc3-c3ccc(F)cc3)n2)cc(C)n1,0.9613483,train
Fc1ccc(-c2nc(C3CCNCC3)sc2-c2ccnc(NCc3ccncc3)n2)cc1,0.24411125,test
OC(CNc1nccc(-c2sc(C3CCNCC3)nc2-c2ccc(F)cc2)n1)c1ccncc1,0.28245145,train
Cc1cc(Nc2nccc(-c3sc(C4CCNCC4)nc3C3CC3)n2)ccn1,0.67479974,train
CCc1cc(F)c2nc(N3CCC(NC4CCOCC4)CC3)c(-c3nc(C)no3)c(C)c2c1,0.89851105,val
O=C(O)C[C@H]1CCCN(C[C@@H](O)c2ccc(-c3noc(-c4onc(-c5ccccc5)c4C(F)(F)F)n3)cc2)C1,0.8520383,train
Cc1c([C@H](O)CN2CCN(C[C@@H](O)c3ccc4c(c3C)COC4=O)CC2)ccc2c1COC2=O,0.06352569,train
Cc1c([C@@H](O)CN2CCN(C[C@H](O)c3ccc4c(c3C)COC4=O)CC2)ccc2c1COC2=O,0.06352569,train
Cc1c(C(O)CN2CCN(CC(O)c3ccc4c(c3C)COC4=O)CC2)ccc2c1COC2=O,0.03815159,train
Cc1c([C@H](O)CN2CCN(C[C@H](O)c3ccc4c(c3C)COC4=O)CC2)ccc2c1COC2=O,0.06323007,train
Cc1c(C(F)CN2CCN(CC(F)c3ccc4c(c3C)COC4=O)CC2)ccc2c1COC2=O,0.113804795,train
Cc1c(CCN2CCN(CC(O)c3ccc4c(c3C)COC4=O)CC2)ccc2c1COC2=O,0.3370619,train
Cc1c(CCN2CCN(CCc3ccc4c(c3C)COC4=O)CC2)ccc2c1COC2=O,0.94521433,train
Cc1c(C(F)CN2CCN(C(=O)Cc3ccc(-n4cnnn4)cc3)CC2)ccc2c1COC2=O,0.011391722,train
Cc1c(C(O)CN2CCN(C(=O)Cc3ccc(-n4cnnn4)cc3)CC2)ccc2c1COC2=O,0.013012484,train
Cc1c(C(C)CN2CCN(C(=O)Cc3ccc(-n4cnnn4)cc3)CC2)ccc2c1COC2=O,0.014397159,train
CNC(=O)C1C[C@H](N2CCc3c(cccc3OCCc3ccccc3)C2)CN1C(=O)c1ccc(CN)c(OC)c1,0.033785,test
CNC(=O)C1C[C@H](N2CCc3c(cccc3OCCC3CC3)C2)CN1C(=O)c1ccc(CN)c(OC)c1,0.025764951,train
COc1cc(C(=O)N2C[C@@H](n3cc(C4CC4)nn3)CC2C(=O)N[C@H]2CCCC[C@@H]2c2ccccc2)ccc1CN,0.7355327,test
COc1cc(C(=O)N2C[C@@H](n3cc(C4CC4)nn3)CC2C(=O)N[C@@H]2C[C@H]2c2ccccc2)ccc1CN,0.5508924,val
NCc1ccc(C(=O)N2C[C@@H](n3cc(C4CC4)nn3)CC2C(=O)NCC(c2ccccc2)c2ccccc2)cc1,0.7243624,train
COc1cc(C(=O)N2C[C@@H](n3cc(C4CC4)nn3)CC2C(=O)NCC(c2ccccc2)c2ccccc2)ccc1CN,0.7979886,train
COc1cc(C(=O)N2C[C@@H](n3cc(C4CC4)nn3)CC2C(=O)N2CC[C@H](c3ccccc3)C2)ccc1CN,0.5685409,test
Cn1cc(NC(=O)c2cccc(-c3ccnc(N)c3)n2)c(C(N)=O)n1,0.21751201,val
Cn1cc(NC(=O)c2cccc(-c3ccnc(NCC4CC4)c3)n2)c(C(=O)N2CC(CN)C2)n1,0.5422696,train
CN1CCCC(CNC(=O)c2nn(C)cc2NC(=O)c2cccc(-c3ccnc(NCC4CC4)c3)n2)C1,0.30313376,train
Cn1cc(NC(=O)c2ccnc(-c3ccnc(NCC4CC4)c3)n2)c(C(N)=O)n1,0.30881983,train
Cn1cc(NC(=O)c2cccc(-c3ccnc(NCC4CC4)c3)c2)c(C(N)=O)n1,0.45686162,train
Cn1cc(NC(=O)c2cccc(-c3ccnc(NCC4CC4)c3)n2)c(C(N)=O)n1,0.37331602,val
Cn1cc(NC(=O)c2cncc(-c3ccnc(NCC4CC4)c3)c2)c(C(N)=O)n1,0.42817086,train
O=S(=O)(Nc1ncns1)c1ccc2c(-c3ccc(C(F)(F)F)c(Cl)c3)nccc2c1,0.8287377,val
Cc1c(-c2ccc(C(N)=O)c3[nH]c4cc(C(C)(C)O)ccc4c23)cccc1-n1cnc2ccccc2c1=O,0.4302142,train
Cc1nc2cc(Nc3cc(NC4CCN(c5ccc(C#N)cn5)CC4)c(C(N)=O)cn3)ccc2o1,0.79299986,val
Cc1nccc(Nc2cc(NC3CCN(c4ccc(C#N)cn4)CC3)c(C(N)=O)cn2)n1,0.87973875,train
Cc1cnc(Nc2cc(NC3CCN(c4ccc(C#N)cn4)CC3)c(C(N)=O)cn2)cn1,0.69090027,train
Cc1cncc(Nc2cc(NC3CCN(c4ccc(C#N)cn4)CC3)c(C(N)=O)cn2)n1,0.77295524,train
N#Cc1ccc(N2CCC(Nc3cc(Nc4ccncn4)ncc3C(N)=O)CC2)nc1,0.78956044,train
N#Cc1ccc(N2CCC(Nc3cc(Nc4cnccn4)ncc3C(N)=O)CC2)nc1,0.8703766,train
N#Cc1ccc(N2CCC(Nc3cc(Nc4ccccn4)ncc3C(N)=O)CC2)nc1,0.8946048,test
CC(NC(=O)c1ccc(C(F)(F)F)cc1Cl)C1(N2CCN(S(=O)(=O)c3cn(C)nn3)CC2)CCC(F)(F)CC1,0.023981385,train
CN1CCN(C(=O)c2cccc(-c3ncnc4ccc(-c5cnc6ccccc6c5)cc34)c2)CC1,0.32231382,train
COc1ccc(-c2ccc3ncnc(-c4cccc(C(=O)N5CCN(C)CC5)c4)c3c2)cc1OC,0.3614432,train
COc1ncc(-c2ccc3ncnc(-c4cccc(C(=O)N5CCN(C)CC5)c4)c3c2)cc1C#N,0.12377404,train
COc1ncc(-c2ccc3ncnc(-c4cccc(C(=O)N5CCN(C)CC5)c4)c3c2)cc1C(F)(F)F,0.4970286,train
COc1ccc(-c2ccc3ncnc(-c4cccc(C(=O)N5CCN(C)CC5)c4)c3c2)cn1,0.14541137,train
COc1ccc(-c2ccc3ncnc(-c4cncc(C(=O)N5CCN(C)CC5)c4)c3c2)cn1,0.09185988,train
COc1ccc(-c2ccc3ncnc(N4CCCC(C(=O)N5CCN(C)CC5)C4)c3c2)cn1,0.37472555,train
CC(C)Cc1cc(CNC(=O)C2C3CN(CCC(C)(C)C)CC32)nn1-c1ccccc1,0.92587143,train
CC(C)Cc1cc(CNC(=O)C2C3CN(Cc4ccccc4)CC32)nn1-c1ccccc1,0.14713421,test
CC(C)Cc1cc(CNC(=O)C2C3CN(C(=O)c4ccccc4)CC32)nn1-c1ccccc1,0.06261846,train
CC(C)Cc1cc(CNC(=O)C2C3CN(C(=O)Cc4ccccc4)CC32)nn1-c1ccccc1,0.046875987,val
CC(C)Cc1cc(C(=O)NCC2C3CN(CCC(C)(C)C)CC23)nn1-c1ccccc1,0.9907588,test
COc1ncc(-c2nc(NCc3ccccn3)c3c(-c4ccccc4)cccc3n2)cn1,0.9800586,val
c1ccc(-c2cccc3nc(-c4ccncc4)nc(NCc4ccccn4)c23)cc1,0.91805017,val
COc1cncc(-c2nc(NCc3ccccn3)c3c(-c4ccccc4)cccc3n2)c1,0.9730761,train
c1ccc(-c2cccc3nc(-c4cccnc4)nc(NCc4ccccn4)c23)cc1,0.94371724,train
Cc1noc(C)c1-c1nc(NCc2ccccn2)c2c(-c3ccccc3)cccc2n1,0.9507652,val
Cn1cncc1-c1nc(NCc2ccccn2)c2c(-c3ccccc3)cccc2n1,0.5823662,test
c1ccc(-c2cccc3nc(-c4cncs4)nc(NCc4ccccn4)c23)cc1,0.86394155,train
FC(F)(F)c1nc(NCc2ccccn2)c2c(-c3ccccc3)cccc2n1,0.90681696,train
Cc1nc(NCc2ccccn2)c2c(-c3ccccc3)cccc2n1,0.59937423,train
CN(C)c1nc(NCc2ccccn2)c2c(-c3ccccc3)cccc2n1,0.82813996,train
CCOc1ccc2cc(-c3nn(CC4CCN(C)CC4)c4ncnc(N)c34)ccc2c1,0.96024364,train
CCOc1ccc2cc(-c3nn(CC4CNC4)c4ncnc(N)c34)ccc2c1,0.7923526,train
CCOc1ccc2cc(-c3nn(CC4CN(C)C4)c4ncnc(N)c34)ccc2c1,0.9048473,train
CCOc1ccc2cc(-c3nn(CC4CCN(C(C)C)CC4)c4ncnc(N)c34)ccc2c1,0.9457843,train
CN1CCC(Cn2nc(-c3ccc4cc(OCC5CC5)ccc4c3)c3c(N)ncnc32)CC1,0.9947743,train
CN1CCC(Cn2nc(-c3ccc4cc(OC5CCC5)ccc4c3)c3c(N)ncnc32)CC1,0.99301964,test
CN1CCC(Cn2nc(-c3ccc4cc(OC5CC5)ccc4c3)c3c(N)ncnc32)CC1,0.98749524,test
CCOc1ccc2cc(-c3nn(CC4CCN(C)CC4)c4ncnc(N)c34)ccc2n1,0.9682561,train
CN1CCC(Cn2nc(-c3ccc4nc(OCC(F)(F)F)ccc4c3)c3c(N)ncnc32)CC1,0.9962967,train
CN1CCC(Cn2nc(-c3ccc4nc(OC5CC5)ccc4c3)c3c(N)ncnc32)CC1,0.9904855,train
CN(C)CC(C)(C)Cn1nc(-c2ccc3nc(OC4CC4)ccc3c2)c2c(N)ncnc21,0.7958816,train
CC(C)Cn1nc(-c2ccc3nc(OC4CC4)ccc3c2)c2c(N)ncnc21,0.96581227,train
CC1(Cn2nc(-c3ccc4cc(OC5CC5)ccc4c3)c3c(N)ncnc32)COC1,0.7425278,val
O=c1c(O)c(-c2cccc(O)c2)oc2ccc(O)cc12,0.090242915,train
CC(C)=CCn1c(N2CCC[C@H](N)C2)nc2c1c(=O)n(CC(=O)c1ccccc1)c(=O)n2C,0.68810105,val
CN1[C@H](CCc2ccccc2)CCC[C@@H]1CC(=O)c1ccccc1,0.9902306,train
COc1ccccc1CCN1CCN(CCc2ccccc2OC)CC1,0.99227446,train
Clc1ccccc1CCN1CCN(CCc2ccccc2Cl)CC1,0.9906222,train
COc1ccccc1CCN1CCN(CCc2ccccc2)CC1,0.99271375,train
CCNC(=O)Nc1ccc(-c2nc(N3CCOC[C@@H]3C)c3c(n2)C(C)(C)S(=O)(=O)C3)cc1,0.008123717,train
Cc1ccc(-c2cc3nccnc3c(NCCCCN)n2)cc1,0.2808038,test
CN(C)c1ccc(-c2cc3nccnc3c(NCCCCN)n2)cn1,0.04515305,train
CN(C)c1ccc(-c2cc3nccnc3c(NCCCCO)n2)cn1,0.033670507,train
CN(C)c1ccc(-c2cc3nccnc3c(NC[C@H]3CCCNC3)n2)cn1,0.07948468,train
CN(C)c1ccc(-c2cc3nccnc3c(NC[C@@H]3CNCCC3(F)F)n2)cn1,0.18080842,train
CN(C)c1ccc(-c2cc3nccnc3c(NC[C@H]3CNCCC3(F)F)n2)cn1,0.1058771,train
CN(C)c1ccc(-c2cc3nccnc3c(NC[C@H]3CNCCN3C)n2)cn1,0.053728614,train
Cc1ccc(-c2cc3ncccc3c(NC[C@H]3CCCNC3)n2)cc1,0.7046557,train
Cc1ccc(-c2cc3ncncc3c(NC[C@H]3CCCNC3)n2)cc1,0.6897671,test
Cc1ccc(-c2cc3[nH]cnc(=O)c3c(NC[C@H]3CCCNC3)n2)cc1,0.0625194,test
Cc1ccc(-c2cc3ncn(C)c(=O)c3c(NC[C@H]3CCCNC3)n2)cc1,0.04597423,train
CN(C)c1ccc(-c2cc(NC[C@H]3CCCNC3)c3cccnc3c2)cn1,0.31542158,test
CN(C)c1ccc(-c2cc3nccnc3c(CCC3CCCNC3)n2)cn1,0.47524238,train
CN(C)c1ccc(-c2cc3nccnc3c(OC[C@H]3CCCNC3)n2)cn1,0.05808824,train
CN(C)c1ccc(-c2cc3nccnc3c(OC[C@@H]3CCCNC3)n2)cn1,0.1350192,train
O=C1CN(c2cc3nccnc3c(NC[C@H]3CCCNC3)n2)CCN1,0.03846567,test
Cc1ccc(-c2cc3nccnc3c(NC[C@H]3CCCNC3)n2)s1,0.8431233,test
Cc1ccc(-c2cc3nccnc3c(NC[C@H]3CCCNC3)n2)o1,0.5044288,test
Cn1cc(-c2cc3nccnc3c(NC[C@@H]3CNCCC3(F)F)n2)cn1,0.18554026,val
Cn1cc(-c2cc3nccnc3c(OCC3CNCCC3(F)F)n2)cn1,0.022647712,val
Clc1ccc(CCCOCCCN2CCCCC2)cc1,0.99405515,val
c1ccc(-c2ccc(OCCCCCN3CCCCCC3)cc2)cc1,0.9765653,val
c1ccc(-c2ccc(OCCCCCN3CCCCC3)cc2)cc1,0.97720486,test
C[C@@H]1CCCN1[C@H]1C[C@H](c2ccc(-c3ccc(C#N)cc3)cc2)C1,0.99683833,train
CN1C[C@H]2CCN(c3ccc(-c4ccc(-n5ncccc5=O)cc4)cc3)[C@H]2C1,0.9923914,train
CCC(CC)CNc1c(C(N)=O)cnc2ccc(C#N)cc12,0.90447795,train
CCC(CC)CNc1c(C(N)=O)cnc2ccc(-c3cccnc3)cc12,0.9198712,train
CCC(CC)COc1c(C(N)=O)cnc2ccc(-c3cccnc3)cc12,0.94282264,train
NC(=O)c1cnc2ccc(-c3cccnc3)cc2c1NC1CCCC1,0.83728033,train
NC(=O)c1cnc2ccc(-c3cccnc3)cc2c1SC1CCCC1,0.91029346,val
NC(=O)c1cnc2ccc(-c3cccnc3)cc2c1NCC1CCCCC1,0.84118223,train
NC(=O)c1cnc2ccc(-c3cccnc3)cc2c1NCC1CCOCC1,0.53356755,train
C[C@@H](Nc1c(C(N)=O)cnc2ccc(-c3cccnc3)cc12)C1CCOCC1,0.8069779,train
C[C@H](Nc1c(C(N)=O)cnc2ccc(-c3cccnc3)cc12)C1CCOCC1,0.58126503,train
C[C@@H](Nc1c(C(N)=O)cnc2ccc(-c3cccnc3)cc12)c1ccn(C)n1,0.05946457,train
C[C@H](Nc1c(C(N)=O)cnc2ccc(-c3cccnc3)cc12)c1ccn(C)n1,0.06345456,train
CCC(CC)CNc1c(C(N)=O)cnc2ccc(-c3ccncc3)cc12,0.86671716,test
CCC(CC)CNc1c(C(N)=O)cnc2ccc(-c3cccnn3)cc12,0.9173948,val
CCC(CC)CNc1c(C(N)=O)cnc2ccc(-c3ccnnc3)cc12,0.8526275,val
CCC(CC)CNc1c(C(N)=O)cnc2ccc(-c3cncnc3)cc12,0.89892364,test
CCC(CC)CNc1c(C(N)=O)cnc2ccc(-c3ccc(C)nc3)cc12,0.91700786,train
CCC(CC)CNc1c(C(N)=O)cnc2ccc(-c3ccc(COC)cc3)cc12,0.8710901,train
CCC(CC)CNc1c(C(N)=O)cnc2ccc(-c3ccc(CS(C)(=O)=O)cc3)cc12,0.93628645,train
CCC(CC)CNc1c(C(N)=O)cnc2ccc(-c3ccc(CO)nc3)cc12,0.71772665,train
CCC(CC)CNc1c(C(N)=O)cnc2ccc(-c3ccc(COC)nc3)cc12,0.81144136,train
CCC(CC)CNc1c(C(N)=O)cnc2ccc(-c3ccc(CS(C)(=O)=O)nc3)cc12,0.7828619,train
CCC(CC)CNc1c(C(N)=O)c(C)nc2ccc(-c3cccnc3)cc12,0.87178016,train
CCC(CC)CNc1c(C(N)=O)cnc2c(C)cc(-c3cccnc3)cc12,0.920505,train
NC(=O)c1cnc2ccc(-c3cccnc3)c(F)c2c1NC1CCOCC1,0.6211227,train
NC(=O)c1cnc2cc(F)c(-c3cccnc3)cc2c1NC1CCOCC1,0.4691119,train
NC(=O)c1cnc2cc(Cl)c(-c3cccnc3)cc2c1NC1CCOCC1,0.47682133,train
NC(=O)c1cnc2c(F)cc(-c3cccnc3)cc2c1NC1CCOCC1,0.69987255,train
NC(=O)c1cnc2c(Cl)cc(-c3cccnc3)cc2c1NC1CCOCC1,0.84595686,train
COCc1ccc(-c2ccc3ncc(C(N)=O)c(N[C@@H](C)C4CCOCC4)c3c2)cn1,0.48187035,train
COCc1ccc(-c2cc3c(N[C@@H](C)C4CCOCC4)c(C(N)=O)cnc3cc2F)cn1,0.33199558,train
COCc1ccc(-c2cc3c(N[C@@H](C)c4ccn(C)n4)c(C(N)=O)cnc3cc2F)cn1,0.018004926,train
COCc1ccc(-c2ccc3ncc(C(N)=O)c(N[C@@H](C)c4ccn(C)n4)c3c2)c(F)n1,0.026896013,train
COCc1ccc(-c2cc3c(N[C@@H](C)c4ccn(C)n4)c(C(N)=O)cnc3cc2F)c(F)n1,0.016584653,train
COCc1ccc(-c2cc3c(N[C@@H](C)c4nn(C)cc4C)c(C(N)=O)cnc3cc2F)cn1,0.036930565,train
CCC(CC)CNc1c(C(N)=O)cnc2ccc(-c3cnn(C)c3)cc12,0.88172156,train
CCc1c(-c2ccc(N3CCC(N(C)C)C3)cc2)[nH]c(=O)c2c(=O)[nH]sc12,0.09405007,train
COc1cccc(C(O)(CCN(C)C)C(c2cc3cc(Br)ccc3nc2OC)c2cccc3c2OCO3)n1,0.9985292,val
COc1cccc(C(c2cc3cc(Br)ccc3nc2OC)C(O)(CCN(C)C)c2cc(C)cnc2C)c1OC,0.986527,train
COc1cccc(C(c2cc3cc(Br)ccc3nc2OC)C(O)(CCN(C)C)c2cnc(C)cc2C)c1OC,0.99727887,train
COc1nc2ccc(Br)cc2cc1C(c1cccc(C)c1)C(O)(CCN(C)C)c1cccnc1OC,0.9984769,train
COc1nc2ccc(C#N)cc2cc1C(c1cccc(C)c1)C(O)(CCN(C)C)c1cccnc1OC,0.99780875,train
COc1cnc(OC)c(C(O)(CCN(C)C)C(c2cc3cc(Br)ccc3nc2OC)c2cccc(OC)c2F)c1,0.9918222,train
COc1cc(C(O)(CCN(C)C)C(c2cc3cc(Br)ccc3nc2OC)c2ccnc(OC)c2OC)cnc1OC,0.9613156,train
COc1cc(C(O)(CCN(C)C)C(c2cc3cc(Br)ccc3nc2OC)c2ccnc(OC)c2OC)c(OC)nc1OC,0.9966196,train
COc1cccc(C(c2cc3cc(C#N)ccc3nc2OC)C(O)(CCN(C)C)c2cc(C)nc(C)c2)c1OC,0.991646,train
COc1cc(C(O)(CCN(C)C)C(c2cc3cc(Br)ccc3nc2OC)c2cccc(OC)c2F)c(OC)cn1,0.989792,train
CCOc1cc(C(O)(CCN(C)C)C(c2cc3cc(Br)ccc3nc2OC)c2ccnc(OC)c2OC)cc(OC(C)C)n1,0.9606776,train
COc1cc([C@](O)(CCN(C)C)[C@@H](c2cc3cc(C#N)ccc3nc2OC)c2cccc3c2CCC3)cc(OC)n1,0.3131405,train
COc1cc([C@](O)(CCN(C)C)[C@@H](c2cc3cc(Br)ccc3nc2OC)c2cccc(OC)c2F)cc(OC)n1,0.46982357,train
CCOc1cc([C@](O)(CCN(C)C)[C@@H](c2cc3cc(Br)ccc3nc2OC)c2cccc(OC)c2F)cc(OCC)n1,0.5132444,train
COc1cc([C@](O)(CCN(C)C)[C@@H](c2cc3cc(Br)ccc3nc2OC)c2cccc(OC)c2OC)cc(OC)n1,0.7765647,train
CCOc1cc([C@](O)(CCN(C)C)[C@@H](c2cc3cc(Br)ccc3nc2OC)c2cccc(OC)c2OC)cc(OCC)n1,0.8051829,train
COc1cc([C@](O)(CCN(C)C)[C@@H](c2cc3cc(C#N)ccc3nc2OC)c2cccc3c2OCO3)cc(OC)n1,0.6469312,train
COc1cc([C@](O)(CCN(C)C)[C@@H](c2cc3cc(C#N)ccc3nc2OC)c2cccc3c2OCCO3)cc(OC)n1,0.33713132,train
CCOc1cc([C@](O)(CCN(C)C)[C@@H](c2cc3cc(Br)ccc3nc2OC)c2cccc3c2OCCO3)cc(OCC)n1,0.4737232,train
CCOc1cc([C@](O)(CCN(C)C)[C@@H](c2cc3cc(C#N)ccc3nc2OC)c2cccc3c2OCCO3)cc(OCC)n1,0.37698707,train
COc1cc([C@](O)(CCN(C)C)[C@H](c2cccnc2OC)c2cc3cc(Br)ccc3nc2OC)cc(OC)n1,0.49162257,train
CCOc1cc([C@](O)(CCN(C)C)[C@H](c2ccc(N(CC)CC)nc2)c2cc3cc(Br)ccc3nc2OC)cc(OCC)n1,0.32261074,train
COc1cnc(OC)c([C@H](c2cc3cc(Br)ccc3nc2OC)[C@@](O)(CCN(C)C)c2cc(OC)nc(OC)c2)c1,0.9594236,train
COc1cnc(OC)c([C@H](c2cc3cc(C#N)ccc3nc2OC)[C@@](O)(CCN(C)C)c2cc(OC)nc(OC)c2)c1,0.9406185,train
COc1cc([C@](O)(CCN(C)C)[C@H](c2cc(OC(C)C)cnc2OC)c2cc3cc(C#N)ccc3nc2OC)cc(OC)n1,0.7630249,train
COc1cc([C@](O)(CCN(C)C)[C@H](c2cc(OC)c(OC)nc2OC)c2cc3cc(Br)ccc3nc2OC)cc(OC)n1,0.8928549,train
COc1cc([C@](O)(CCN(C)C)[C@@H](c2cc3cc(Br)ccc3nc2OC)c2ccnc(OC)c2OC)cc(OC)n1,0.41803592,train
COc1cc([C@](O)(CCN(C)C)[C@H](c2cc(OC)nc(OC(C)C)c2)c2cc3cc(C#N)ccc3nc2OC)cc(OC)n1,0.28737178,train
COc1cc([C@](O)(CCN(C)C)[C@H](c2cc(OC)nc(N(C)C)c2)c2cc3cc(C#N)ccc3nc2OC)cc(OC)n1,0.4312897,train
COc1cc(C(O)(CCn2ccnc2)C(c2cc3cc(Br)ccc3nc2OC)c2cccc(OC)c2OC)cc(OC)n1,0.9790359,val
COc1cc(C(O)(CCn2ccnc2)C(c2cc3cc(Br)ccc3nc2OC)c2ccnc(OC)c2OC)cc(OC)n1,0.9175067,val
C[C@@H]1CC1C(=O)N1CCN(c2cnc(C#N)c(-c3cnn(C)c3)n2)C[C@H]1C,0.01950298,train
CC(C)Cn1cc(-c2ccncc2)c2ccncc21,0.22970888,train
c1cc(-c2cn(CC3CC3)c3cnccc23)ccn1,0.46641973,train
c1ccc(Cn2cc(-c3ccncc3)c3ccncc32)cc1,0.94667506,val
Nc1cc(-c2cn(-c3ccccc3)c3cnccc23)ccn1,0.80451494,val
O=C(Nc1cc(-c2cn(-c3ccccc3)c3cnccc23)ccn1)C1CC1,0.62694484,train
O=C(Nc1cc(-c2cn(-c3ccccc3)c3cnccc23)ccn1)NC1CC1,0.4682837,val
O=C(Nc1cc(-c2cn(C3CCOCC3)c3cnccc23)ccn1)NC1CC1,0.06027026,val
CC1(C)CN(C(=O)Nc2cc(-c3cn(C4CCOCC4)c4cnccc34)ccn2)C1,0.056001708,test
O=C(Nc1cc(-c2cn(C3CCOCC3)c3cnccc23)ccn1)N1CCOCC1,0.038242605,train
C[C@@H]1CN(C(=O)Nc2cc(-c3cn(C4CCOCC4)c4cnccc34)ccn2)C[C@H](C)O1,0.34613118,train
COc1nn(C)cc1C(=O)Nc1cccc(-c2nncn2C(C)C)n1,0.021033656,train
COc1nn(C)cc1C(=O)Nc1cccc(-c2cncn2C(C)C)n1,0.110167265,test
Cc1ccc(C(=O)Nc2ccc(CN3CCC4C=NNC4C3)c(Cl)c2)cc1C#Cc1cnc2cccnn12,0.62635654,test
COCCN1CCN(Cc2ccc(NC(=O)c3ccc(C)c(C#Cc4cnc5cccnn45)c3)cc2C2CC2)CC1,0.9778372,train
Cc1ccc(C(=O)Nc2ccc(CN3CCN(CCO)CC3)c(Cl)c2)cc1C#Cc1cnc2cccnn12,0.82037526,train
Cc1ccc(C(=O)Nc2ccc(CN3CCN(CCO)CC3)c(C3CC3)c2)cc1C#Cc1cnc2cccnn12,0.89005727,train
Cc1ccc(C(=O)Nc2ccc(CN3Cc4c[nH]nc4C3)c(Cl)c2)cc1C#Cc1cnc2cccnn12,0.039429445,train
Cc1ccc(C(=O)Nc2ccc(CN3Cc4ccc(O)cc4C3)c(Cl)c2)cc1C#Cc1cnc2cccnn12,0.28197566,train
Cc1ccc(C(=O)Nc2ccc(CN3CCN(C)CC3)c(C(F)(F)F)c2)cc1C#Cc1cnc2cccnn12,0.97043985,train
COc1ccc(-c2cnn3c(N)c(-c4ccccc4)c(NC4CC(C)(C)N(C)C(C)(C)C4)nc23)cc1OC,0.9448774,train
CN1C(C)(C)CC(Nc2nc3c(-c4ccc(C(=O)N5C[C@@H]6C[C@H]5CO6)cc4)cnn3c(N)c2-c2ccccc2)CC1(C)C,0.08215879,test
COC(=O)N1CCN(C(=O)c2ccc(-c3cnn4c(N)c(-c5ccccc5)c(NC5CC(C)(C)N(C)C(C)(C)C5)nc34)cc2)CC1,0.2554157,train
CN1C(C)(C)CC(Nc2nc3c(-c4ccc(C(=O)N5CCN(S(C)(=O)=O)CC5)cc4)cnn3c(N)c2-c2ccccc2)CC1(C)C,0.041735664,train
Cc1cc(Cl)cc(-c2ccnc3cc(Cn4c(O)c5c(c4O)C5(C)C)sc23)c1O[C@@H]1CCNC[C@@H]1C,0.99521494,test
Cc1cc(Cl)cc(-c2ccnc3cc(Cn4c(O)ccc4O)sc23)c1CN1[C@@H](C)CNC[C@@H]1C,0.9984162,train
Cc1cc(Cl)cc(-c2ccnc3cc(Cn4c(O)c5c(c4O)C5)sc23)c1C[C@@H]1CNCCO1,0.94223183,train
Cc1cc(Cl)cc(-c2ccnc3cc(Cn4c(O)c5c(c4O)C5(C)C)sc23)c1C[C@@H]1CNCCO1,0.95857,train
O=C(CCCCCCC(=O)Nc1ccccc1)NOC(c1ccccc1)(c1ccccc1)c1ccccc1,0.012159174,train
CCOc1cc([C@](O)(CCN(C)C)[C@@H](c2cc3cc(Br)ccc3nc2OC)c2ccnc(OC)c2OC)cc(OC)n1,0.43364,train
COc1cc([C@](O)(CCN(C)C)[C@@H](c2cc3cc(Br)ccc3nc2OC)c2ccnc(OC)c2OC)cc(OC(C)C)n1,0.3540498,train
CCCOc1cc([C@](O)(CCN(C)C)[C@@H](c2cc3cc(Br)ccc3nc2OC)c2ccnc(OC)c2OC)cc(OC)n1,0.7816367,train
COc1cc([C@](O)(CCN(C)C)[C@@H](c2cc3cc(C#N)ccc3nc2OC)c2cccc3c2OCO3)cc(OC(F)F)n1,0.911256,train
COc1cc([C@](O)(CCN(C)C)[C@@H](c2cc3cc(C#N)ccc3nc2OC)c2cccc(OC)c2F)cc(OC(F)F)n1,0.7696516,train
COc1cc([C@](O)(CCN(C)C)[C@@H](c2cc3cc(C#N)ccc3nc2OC)c2ccnc(OC)c2OC)cc(OC(F)F)n1,0.7303231,train
COc1cc([C@](O)(CCN(C)C)[C@@H](c2cc3cc(Br)ccc3nc2OC)c2cccc(OC)c2F)cc(S(C)(=O)=O)n1,0.21622868,train
COc1cc([C@](O)(CCN(C)C)[C@@H](c2cc3cc(C#N)ccc3nc2OC)c2ccnc(OC)c2OC)cc(N(C)C)n1,0.25963423,train
COc1cccc([C@H](c2cc3cc(C#N)ccc3nc2OC)[C@@](O)(CCN(C)C)c2cc(SC)nc(SC)c2)c1F,0.99910504,train
COc1nc2ccc(Br)cc2cc1[C@@H](c1ccnc(OC)c1OC)[C@@](O)(CCN(C)C)c1cc(SC)nc(SC)c1,0.99922085,train
COc1nc2ccc(C#N)cc2cc1[C@@H](c1cccc2c1OCO2)[C@@](O)(CCN(C)C)c1cc(SC)nc(SC)c1,0.9998779,train
CCSc1cc([C@](O)(CCN(C)C)[C@@H](c2cc3cc(Br)ccc3nc2OC)c2ccnc(OC)c2OC)cc(SCC)n1,0.9893171,train
CCSc1cc([C@](O)(CCN(C)C)[C@@H](c2cc3cc(C#N)ccc3nc2OC)c2ccnc(OC)c2OC)cc(SCC)n1,0.98419213,train
Cc1cc(C)c(-c2cn(C)cn2)cc1NC(=O)c1ccc(OCc2ccccn2)cc1,0.027845338,train
Cc1nc(-c2cc(NC(=O)c3ccc(OCc4ccccn4)cc3)c(C)cc2C)c[nH]1,0.09519485,train
Cc1cnc(-c2ccc(-c3ccco3)cc2)n1Cc1ccccc1OCCCCCC(=O)O,0.93003345,test
Cc1cnc(-c2ccc(OC(F)(F)F)cc2)n1Cc1ccccc1OCCC[C@@H](C)CC(=O)O,0.96816313,train
CCS(=O)(=O)Nc1cc(-c2cn(C)c3c(=O)[nH]ccc23)cc2c1ccn2C(C)(c1ccccn1)c1ccccn1,0.6959485,test
CS(=O)(=O)c1ccc(-c2cc(N3CCOCC3)nc3c(-c4cc[nH]n4)nccc23)cc1,0.34740782,test
C[C@@H](Nc1nc2c(cnn2C(C)(C)C)c(=O)n1Cc1ccc(F)cc1)c1ccc(Cl)cc1,0.9551409,test
CC(O)CN1[C@H](C)CN(CCSC(c2ccc(F)cc2)c2ccc(F)cc2)C[C@@H]1C,0.9968676,train
CC(O)CN1[C@H](C)CN(CC[S+]([O-])C(c2ccc(F)cc2)c2ccc(F)cc2)C[C@@H]1C,0.6476229,test
C[C@@H]1CN(CC[S+]([O-])C(c2ccc(F)cc2)c2ccc(F)cc2)C[C@H](C)N1CC(O)Cc1ccccc1,0.9664216,test
Cc1cc(Br)c(NC2=NCCN2)c2ccccc12,0.35119367,val
CO[C@H]1CCN(Cc2c(C)cc(C)c3[nH]ccc23)[C@H](CO)C1,0.088315405,train
COCCN1CCC(CNC(=O)c2[nH]nc3ccc(-c4cccc(F)c4F)cc23)CC1,0.8489793,test
O=C(NCC1CCOCC1)c1[nH]nc2ccc(-c3cccc(F)c3F)cc12,0.35963443,test
O=C(NCC1CCCOC1)c1[nH]nc2ccc(-c3cccc(F)c3F)cc12,0.25530916,train
O=C(NCC1CCOC1)c1[nH]nc2ccc(-c3cccc(F)c3F)cc12,0.30293542,train
O=C(NCC1CCCO1)c1[nH]nc2ccc(-c3cccc(F)c3F)cc12,0.7572622,val
O=C(NC1CCOCC1)c1[nH]nc2ccc(-c3cccc(F)c3F)cc12,0.39925525,test
O=C(NC1CCCOC1)c1[nH]nc2ccc(-c3cccc(F)c3F)cc12,0.34974042,test
O=C(NC1CCOC1)c1[nH]nc2ccc(-c3cccc(F)c3F)cc12,0.36780655,train
O=C(NC1CCS(=O)(=O)CC1)c1[nH]nc2ccc(-c3cccc(F)c3F)cc12,0.10279797,train
O=C(NC1CCS(=O)(=O)C1)c1[nH]nc2ccc(-c3cccc(F)c3F)cc12,0.07744373,train
O=C(NCC1CCOCC1)c1[nH]nc2ccc(-c3cccnc3)cc12,0.15007691,train
CC(C)Oc1cncc(-c2ccc3[nH]nc(C(=O)NCC4CCOCC4)c3c2)c1,0.41425258,train
COCc1cncc(-c2ccc3[nH]nc(C(=O)NCC4CCOCC4)c3c2)c1,0.08714459,train
COCc1ccncc1-c1ccc2[nH]nc(C(=O)NCC3CCOCC3)c2c1,0.056694027,train
O=C(NCC1CCOCC1)c1[nH]nc2ccc(-c3cnccc3CO)cc12,0.039638165,train
CC#CC(=O)N[C@H]1CCCN(c2c(F)cc(C(N)=O)c3[nH]c(C)c(C)c23)C1,0.08135261,test
Nc1n[nH]c(N2CCC(N(CCc3ccc(Cl)cc3)Cc3ccccc3O)CC2)n1,0.93759406,train
Nc1n[nH]c(N2CCC(N(CCc3ccc(Cl)cc3)Cc3cccc(O)c3)CC2)n1,0.9329238,train
Nc1n[nH]c(N2CCC(N(CCc3ccc(Cl)cc3)Cc3ccccc3Cl)CC2)n1,0.9847786,train
Nc1n[nH]c(N2CCC(N(CCc3ccc(Cl)cc3)Cc3cccc(Cl)c3)CC2)n1,0.9928053,train
Nc1n[nH]c(N2CCC(N(CCc3ccc(Cl)cc3)Cc3ccc(Cl)cc3)CC2)n1,0.99546236,train
Nc1n[nH]c(N2CCC(N(CCc3ccc(Cl)cc3)Cc3ccc(F)cc3Cl)CC2)n1,0.98726183,train
Nc1n[nH]c(N2CCC(N(CCc3ccc(Cl)cc3)Cc3cccc(C(F)(F)F)c3)CC2)n1,0.99585044,train
Nc1n[nH]c(N2CCC(N(CCc3ccc(Cl)cc3)Cc3cc(F)ccc3F)CC2)n1,0.9866399,train
Nc1n[nH]c(N2CCC(N(CCc3ccc(Cl)cc3)Cc3ccncc3Cl)CC2)n1,0.9643636,train
Nc1n[nH]c(N2CCC(N3Cc4ccccc4OC[C@@H]3Cc3ccc(Cl)cc3)CC2)n1,0.4335056,train
Nc1n[nH]c(N2CCC(N3Cc4cc(F)ccc4OC[C@@H]3Cc3ccc(Cl)cc3)CC2)n1,0.5890678,train
Nc1n[nH]c(N2CCC(N3Cc4cc(Cl)ccc4OC[C@@H]3Cc3ccc(Cl)cc3)CC2)n1,0.8516887,train
N#Cc1ccc2c(c1)CN(C1CCN(c3n[nH]c(N)n3)CC1)[C@@H](Cc1ccc(Cl)cc1)CO2,0.35023177,train
Nc1n[nH]c(N2CCC(N3Cc4cc(Cl)cc(Cl)c4OC[C@@H]3Cc3ccc(Cl)cc3)CC2)n1,0.86598295,train
Nc1n[nH]c(N2CCC(N3Cc4cnccc4OC[C@@H]3Cc3ccc(Cl)cc3)CC2)n1,0.10782392,test
Nc1n[nH]c(N2CCC(N3Cc4ccncc4OC[C@@H]3Cc3ccc(Cl)cc3)CC2)n1,0.05939811,val
Nc1n[nH]c(N2CCC(N(Cc3ccccc3)[C@H](CO)Cc3ccc(Cl)cc3)CC2)n1,0.729197,train
CN1C[C@H](Cc2ccc(Cl)cc2)N(C2CCN(c3n[nH]c(N)n3)CC2)Cc2ccccc21,0.6425079,train
CN1C[C@H](Cc2ccc(Cl)cc2)N(C2CCN(c3n[nH]c(N)n3)CC2)Cc2cc(Cl)ccc21,0.9277946,train
COc1cc(N2C[C@H]3CC[C@@H](C2)[C@@H]3Nc2nc3n(n2)CCCCC3c2ccc(F)c(F)c2F)ncn1,0.9947923,train
Cc1cc(N2C[C@H]3CC[C@@H](C2)[C@@H]3Nc2nc3n(n2)CCCN3c2cc(F)cc(F)c2)ncn1,0.9947818,val
Cc1cc(N2C[C@H]3CC[C@@H](C2)[C@@H]3Nc2nc3n(n2)CCCC[C@H]3c2ccc(F)c(F)c2F)ncn1,0.98129696,train
C[C@H](CNC(C(=O)Nc1ccc(-c2cnn(C)c2)cn1)c1ccccc1)c1ccc(C#N)cc1,0.053455394,train
Cc1c(N2CC[C@@H]([C@H](C)N)C2)c(F)cc2ccc(=O)n(C3CC3)c12,0.012273992,train
O=c1n(CCCCN2CCN(c3cccc4sccc34)CC2)nc2ccccn12,0.97848845,train
O=c1n(CCCCN2CCN(c3cccc4sccc34)CC2)nc2c(F)cccn12,0.95805633,train
N#Cc1ccc2nn(CCCCN3CCN(c4cccc5sccc45)CC3)c(=O)n2c1,0.9907176,train
CC(C)c1cc(COc2ccccc2CC(=O)O)cc(-c2ccc3c(c2)[C@H](N)CO3)c1,0.032798853,val
CNC(=O)C(C)Cn1cnc2ccc(-c3cnc(OC)c(NS(=O)(=O)c4ccc(F)cc4Cl)c3)cc2c1=O,0.02623179,train
Cc1cc(N2C[C@H]3CC[C@@H](C2)[C@@H]3Nc2nc3c(OCC(F)(F)F)cccn3n2)sn1,0.997821,train
Cc1noc(N2C[C@H]3CC[C@@H](C2)[C@@H]3Nc2nc3c(OCC(F)(F)F)ccc(C(F)(F)F)n3n2)n1,0.9927676,test
Cc1cc(N2C[C@H]3CC[C@@H](C2)[C@@H]3Nc2nc3c(OCC(F)F)ccc(C(F)(F)F)n3n2)ncn1,0.91290945,train
O=C(O)c1cc(-c2ccc(C34CCN(CC3)CC4)cc2)c2ccc(-c3ccc(C(F)(F)F)cc3)cc2c1,0.42301312,val
O=C(O)c1cc(-c2ccc(C34CCN(CC3)CC4)cc2)cc(-n2cc(-c3ccc(C(F)(F)F)cc3)nn2)c1,0.56200284,test
Cn1cc(-c2ccnc(-n3ncc4cc(C(C)(C)C)cc(F)c4c3=O)c2CO)cc(NC(=O)C2C[C@@H]2F)c1=O,0.026315045,test
Cn1cc(-c2cc(F)cc(-n3ncc4cc(C(C)(C)C)cc(F)c4c3=O)c2CO)cc(NC(=O)C2C[C@@H]2F)c1=O,0.043081798,val
Cn1nccc1[C@H]1CCCC[C@@H]1Oc1cc(F)c(S(=O)(=O)Nc2cscn2)cc1F,0.0084932055,test
Cc1cc(S(=O)(=O)Nc2ccncn2)c(F)cc1O[C@H]1CCCC[C@@H]1c1ccnn1C,0.035028353,train
Nc1ncnc2c1c(-c1ccc3cc[nH]c3c1)cn2-c1ccc(OCCNCCO)cc1,0.9176305,test
CN(C)Cc1ccc(-n2cc(-c3ccc4cc[nH]c4c3)c3c(Cl)ccnc32)cc1,0.97952205,val
NCc1ccc(-n2cc(-c3ccc4cc[nH]c4c3)c(C(F)(F)F)n2)cc1,0.6629651,train
NCCCCn1cc(-c2ccc3cc[nH]c3c2)c(C(F)(F)F)n1,0.7697445,val
N[C@@H]1CC[C@@H](n2cc(-c3ccc4cc[nH]c4c3)c(C(F)(F)F)n2)C1,0.16766718,train
O=C(Nc1nccs1)/C(=N/N1CCCC1)c1ccc(S(=O)(=O)C2CC2)cc1,0.105540074,train
O=C(Nc1ncc(Cl)s1)/C(=N/N1CCCC1)c1ccc(S(=O)(=O)C2CC2)cc1,0.14761293,train
O=C(Nc1ncns1)/C(=N/N1CCCC1)c1ccc(S(=O)(=O)C2CC2)cc1,0.07605817,train
CN1CCN(Cc2cnc(NC(=O)/C(=N/N3CCCC3)c3ccc(S(=O)(=O)C4CC4)cc3)s2)CC1,0.076562494,train
COc1c(S(C)(=O)=O)ccc(O[C@@H](C)C(F)(F)F)c1C(=O)N1CC(c2ccc(C(F)(F)F)cc2)C1,0.8878432,train
C[C@H](Oc1ccc(S(C)(=O)=O)cc1C(=O)N1CC(c2ccc(C(F)(F)F)cc2)C1)C(F)(F)F,0.9094858,train
COc1c(S(C)(=O)=O)ccc(O[C@@H](C)C(F)(F)F)c1C(=O)N1CC(c2ccccc2)C1,0.44873837,train
COc1cc(-c2cncc(-c3ccc(N4CCNCC4)cc3)c2C)cc(OC)c1OC,0.8135431,train
COc1cc(-c2cncc(-c3ccc(N4CCNCC4)cc3)c2Cl)cc(OC)c1OC,0.65778416,train
COc1cc(-c2cncc(-c3ccc(N4CCNCC4)cc3)c2C#N)cc(OC)c1OC,0.83864,train
COc1cc(-c2cncc(-c3ccc(N4CCNCC4)cc3)c2C)cc(OC)c1F,0.7964377,train
COc1cc(-c2cncc(-c3ccc(N4CCN(C(C)C)CC4)cc3)c2C)cc(OC)c1OC,0.80463904,train
COc1cc(-c2cncc(-c3ccc(N4C[C@@H](C)N[C@@H](C)C4)cc3)c2C)cc(OC)c1OC,0.68395156,train
COc1cc(-c2cncc(-c3ccc(C4CCN(C)CC4)cc3)c2C)cc(OC)c1OC,0.88741124,test
COc1cc(-c2cncc(-c3ccc(C4=CCNCC4)cc3)c2C)cc(OC)c1OC,0.87717706,test
COc1cc(-c2cncc(-c3ccc(OC4CCNCC4)cc3)c2C)cc(OC)c1OC,0.9940521,val
NC(=O)C1CC[C@@H](c2ccc(OCc3ccccc3F)cc2)N1,0.2551693,train
NC(=O)C1CC[C@H](c2ccc(OCc3ccccc3F)cc2)N1,0.24310933,train
NC(=O)C1CCC[C@H](c2ccc(OCc3cccc(F)c3)cc2)N1,0.403698,train
NC(=O)C1CCC[C@@H](c2ccc(OCc3cccc(F)c3)cc2)N1,0.6049313,train
NC(=O)C1CSC[C@H](c2ccc(OCc3cccc(F)c3)cc2)N1,0.33556426,test
NC(=O)C1CC[C@H](c2ccc(OCc3cccc(F)c3)cc2)N1,0.43662867,train
NC(=O)C1CC[C@H](c2ccc(OCc3ccccc3)cc2)N1,0.19329283,train
NC(=O)C1CC[C@H](c2ccc(OCc3ccc(F)cc3)cc2)N1,0.48304012,train
N#Cc1ccc(COc2ccc([C@H]3CCC(C(N)=O)N3)cc2)cc1,0.6739761,train
N#Cc1cccc(COc2ccc([C@H]3CCC(C(N)=O)N3)cc2)c1,0.51782227,train
N#Cc1ccccc1COc1ccc([C@H]2CCC(C(N)=O)N2)cc1,0.36047557,train
C[C@@H](Oc1ccc([C@H]2CCC(C(N)=O)N2)cc1)c1ccccc1,0.50158703,train
NC(=O)C1CC[C@H](c2ccc(OCc3ccccc3F)cc2F)N1,0.17378198,train
CN1C(C(N)=O)CC[C@@H]1c1ccc(OCc2ccccc2F)cc1,0.034118313,train
CNC(=O)C1CC[C@H](c2ccc(OCc3ccccc3F)cc2)N1,0.2754511,train
COc1cc([C@H]2CCC(C(N)=O)N2)ccc1OCc1ccccc1F,0.12290164,train
N#Cc1cc([C@H]2CCC(C(N)=O)N2)ccc1OCc1ccccc1F,0.23228103,train
NC(=O)C1CC[C@H](c2ccc(OCc3ccccc3F)cn2)N1,0.062322687,val
NC(=O)C1CC[C@H](c2ccc(Oc3ccccc3)cc2)N1,0.6914433,train
NC(=O)C1CC[C@H](c2ccc(Oc3ccc(F)cc3)cc2)N1,0.83616173,train
NC(=O)C1CC[C@H](c2ccc(Oc3cccc(F)c3)cc2)N1,0.84441656,train
N#Cc1ccccc1Oc1ccc([C@H]2CCC(C(N)=O)N2)cc1,0.82125443,train
NC(=O)C1CC[C@H](c2cccc(Oc3ccccc3)c2)N1,0.5619998,test
NC(=O)C1CC[C@H](c2cccc(OCc3ccccc3)c2)N1,0.11391547,train
CC(C)(C#N)c1cc(Nc2nc(N3CCC[C@H](N)C3)ncc2C(N)=O)cc(C(C)(C)C#N)c1,0.28020686,train
CC(C)c1cc(Nc2nc(N3CCC[C@H](N)C3)ncc2C(N)=O)cc(C(C)C)n1,0.7899661,test
COc1cc(/C=C2\CCCN3C2=NO[C@H](c2cc(F)cc(F)c2)[C@@H]3C)ccc1-n1cnc(C)c1,0.9986488,train
COc1cc(/C=C2\CCCN3C2=NO[C@H](c2cc(F)c(F)c(F)c2)[C@@H]3C)ccc1-n1cnc(C)c1,0.99657345,train
COc1cc(C2=CC3=NO[C@H](c4cc(F)c(F)c(F)c4)CN3CCC2)ccc1-n1cnc(C)c1,0.9516864,train
COc1cc(C2=CC3=NOC[C@H](c4cc(F)c(F)c(F)c4)N3CCC2)ccc1-n1cnc(C)c1,0.928383,train
Cc1noc(C)c1-c1ccc2nc(-c3cnn(CC(C)(C)O)c3)nc(N3CCOC[C@@H]3c3ccccc3)c2c1,0.5562223,test
CN(C)c1ccc(CC(=O)N[C@@H]2CNC[C@H]2c2ccc(C(F)(F)F)cc2)cc1,0.9015285,train
CN(C)c1ccc(CC(=O)N[C@@H]2CNC[C@H]2c2ccc(S(F)(F)(F)(F)F)cc2)cc1,0.9993662,train
CN(C)c1ccc(CC(=O)N[C@@H]2CNC[C@H]2c2ccc(C(C)(F)F)cc2)cc1,0.84462965,train
CNC(=O)c1nn(C)c2ccc(Nc3nccc(-n4cc(CN(C)C)c(C)n4)n3)cc12,0.13564588,train
Cc1nn(-c2ccnc3[nH]c(-c4cccc5c4ccn5C)nc23)cc1CN(C)C,0.503509,train
CN(C)Cc1cc(-c2ccnc3[nH]c(-c4cccc5c4ccn5C)nc23)nn1C,0.2629883,train
Cc1nn(-c2ccnc3[nH]c(-c4cccc5c4ccn5C)nc23)cc1CN1CC[C@@H](O)C1,0.049774487,train
Cc1nn(-c2ccnc3[nH]c(-c4cccc5c4ccn5C)nc23)cc1CN1CC[C@H](O)C1,0.06412933,train
CN(c1cnn(-c2ccnc3[nH]c(-c4cccc5c4ccn5C)nc23)c1)[C@@H]1CCOC[C@@H]1N,0.62315196,train
CN(C)Cc1cnn(-c2ccnc3[nH]c(-c4cccc5c4ccn5C)nc23)c1,0.76774997,train
Cc1cc([C@H]2CC[C@H](c3nnc4n3-c3ccc(Cl)cc3CC4)CC2)no1,0.9822864,val
Clc1ccc2c(c1)CCc1nnc([C@H]3CC[C@H](Oc4ccccn4)CC3)n1-2,0.8530654,train
Clc1ccc2c(c1)CCCc1nnc([C@H]3CC[C@H](Oc4ccccn4)CC3)n1-2,0.90845096,test
Cc1cc(Cl)cc(N2C=Nc3cc(C)c(-c4cc(F)cc(C#N)c4)cc3C2C(=O)N(C)C[C@@H]2CCCN2)c1,0.999252,train
Cc1cc(Cl)cc(N2C=Nc3cc(C)c(-c4cc(O)cc(F)c4)cc3C2C(=O)N(C)C[C@@H]2CCCN2)c1,0.9954336,train
Cc1cc(Cl)cc(N2C=Nc3cc(C)c(-c4cc(O)ccc4F)cc3C2C(=O)N(C)C[C@@H]2CCCN2)c1,0.9942935,train
Cc1cc(Cl)cc(N2C=Nc3cc(C)c(-c4cccc(F)c4O)cc3C2C(=O)N(C)C[C@@H]2CCCN2)c1,0.98235774,train
Cc1cc(Cl)cc(N2C=Nc3cc(C)c(-c4cc(F)cc(C(N)=O)c4)cc3C2C(=O)N(C)C[C@@H]2CCCN2)c1,0.9832666,train
Cc1cc(Cl)cc(-c2cnc3ncn(-c4cc(O)cc(F)c4)c(=O)c3c2CN(C)C[C@@H]2CCCN2)c1,0.9987205,train
Cc1ccc2c(c1)C(C1=C[C@H](C)N(C)CC1)=Nc1cc(Cl)ccc1N2,0.9988545,train
CCc1ccc2c(c1)C(C1=C[C@H](C)N(C)CC1)=Nc1cc(Cl)ccc1N2,0.99794143,train
COc1ccc2c(c1)C(C1=C[C@H](C)N(C)CC1)=Nc1cc(Cl)ccc1N2,0.9977926,train
CCOc1ccc2c(c1)C(C1=C[C@H](C)N(C)CC1)=Nc1cc(Cl)ccc1N2,0.9982792,train
C[C@H]1C=C(C2=Nc3cc(Cl)ccc3Nc3ccc(OC(F)(F)F)cc32)CCN1C,0.99977213,train
C[C@H]1C=C(C2=Nc3cc(Cl)ccc3Nc3ccc(F)cc32)CCN1C,0.9985915,train
C[C@H]1C=C(C2=Nc3cc(Cl)ccc3Nc3ccc(Cl)cc32)CCN1C,0.999241,train
C[C@H]1C=C(C2=Nc3cc(Cl)ccc3Nc3ccc(C#N)cc32)CCN1C,0.9989411,train
Cc1ccc2c(c1)N=C(C1=C[C@H](C)N(C)CC1)c1cc(F)ccc1N2,0.99775213,train
Cc1ccc2c(c1)N=C(C1=C[C@H](C)N(C)CC1)c1cc(Cl)ccc1N2,0.9987956,train
CCc1ccc2c(c1)C(C1=C[C@H](C)N(C)CC1)=Nc1ccccc1N2,0.9927947,train
C[C@H]1C=C(C2=Nc3ccccc3Nc3ccc(Cl)cc32)CCN1C,0.9973677,train
COC(=O)N(C)c1c(N)nc(-c2nc(Cc3ccccc3F)n3ccccc23)nc1N,0.28443417,val
COC(=O)N(C)c1c(N)nc(-c2nc(Cc3ccccc3F)n3ncccc23)nc1N,0.12713009,val
COC(=O)N(C)c1c(N)nc(-n2nc(Cc3ccccc3F)c3cc(Cl)ccc32)nc1N,0.79281586,train
COC(=O)N(C)c1c(N)nc(-n2nc(Cc3ccccc3F)c3cc(F)ccc32)nc1N,0.50620365,train
COC(=O)N(C)c1c(N)nc(-n2nc(Cc3ccccc3F)c3cc(C#N)ccc32)nc1N,0.6336319,train
COC(=O)N(C)c1c(N)nc(-n2nc(Cc3ccccc3Cl)c3ccccc32)nc1N,0.49162212,train
COC(=O)N(C)c1c(N)nc(-n2nc(Cc3cccc(F)c3F)c3ccccc32)nc1N,0.43769333,train
COC(=O)N(C)c1c(N)nc(-n2nc(Cc3cc(F)ccc3F)c3ccccc32)nc1N,0.47007796,train
COC(=O)N(C)c1c(N)nc(-n2nc(Cc3cc(F)cc(F)c3F)c3ccccc32)nc1N,0.42315596,train
COC(=O)N(C)c1c(N)nc(-n2nc(Cc3c(F)ccc(F)c3F)c3cc(Cl)ccc32)nc1N,0.8485373,train
CC1(C)C(=O)Nc2nc(-n3nc(Cc4ccccc4F)c4ccccc43)nc(N)c21,0.4714748,train
CC1(C)C(=O)Nc2nc(-n3nc(Cc4ccccc4F)c4cc(Cl)ccc43)nc(N)c21,0.8896489,train
CC1(C)C(=O)Nc2nc(-n3nc(Cc4c(F)ccc(F)c4F)c4ccccc43)nc(N)c21,0.5755064,train
CC1(C)C(=O)Nc2nc(-n3nc(Cc4c(F)ccc(F)c4F)c4cc(Cl)ccc43)nc(N)c21,0.92198056,train
CCCc1nn(-c2nc(N)c3c(n2)NC(=O)C3(C)C)c2ccc(Cl)cc12,0.95312995,train
CCCCc1nn(-c2nc(N)c3c(n2)NC(=O)C3(C)C)c2ccc(Cl)cc12,0.96720403,train
CCCCCc1nn(-c2nc(N)c3c(n2)NC(=O)C3(C)C)c2ccc(Cl)cc12,0.97536534,train
CC1(C)C(=O)Nc2nc(-n3nc(CCCC(F)(F)F)c4cc(Cl)ccc43)nc(N)c21,0.8791338,train
CC(C)(CO)Cn1nc(-c2ccc3cc(OC4CC4)ccc3c2)c(C(N)=O)c1N,0.20497186,train
CC(C)(CO)Cn1nc(-c2ccc3nc(OC4CC4)ccc3c2)c(C(N)=O)c1N,0.19662105,train
CCOc1ccc2cc(-c3nn(CC4CC4)c(N)c3C(N)=O)ccc2c1,0.12871693,train
CC(C)(C)n1nc(-c2ccc3cc(OC4CC4)ccc3c2)c(C(N)=O)c1N,0.17234686,train
CC(C)(CO)n1nc(-c2ccc3cc(OC4CC4)ccc3c2)c(C(N)=O)c1N,0.10638862,train
CC(C)(CCO)n1nc(-c2ccc3cc(OC4CC4)ccc3c2)c(C(N)=O)c1N,0.10004764,train
CC(C)(CCO)n1nc(-c2ccc3nc(OC4CC4)ccc3c2)c(C(N)=O)c1N,0.095465206,train
CCOc1ccc2cc(-c3nn(CC(C)(C)CO)c(N)c3C(N)=O)ccc2c1,0.13837974,train
CNC(=O)c1nn(C)c2ccc(Nc3nccc(-n4cc(CN5CC(O)C5)c(C)n4)n3)cc12,0.02130306,test
CNC(=O)c1nn(C)c2ccc(Nc3nccc(-n4cc(CN(C)C)cn4)n3)cc12,0.26854068,train
CNC(=O)c1nn(C)c2c(C)cc(Nc3nccc(-n4cc(CN(C)C)cn4)n3)cc12,0.48853618,train
CNC(=O)c1ncn2ccc(Nc3nccc(-n4cc(CN(C)C)cn4)n3)cc12,0.2330188,train
CNC(=O)c1nc(C)n2ccc(Nc3nccc(-n4cc([C@@H]5C[C@H](O)CN5C)cn4)n3)cc12,0.042806778,train
CNC(=O)c1nc(C)n2ccc(Nc3nccc(-n4cc([C@@H]5C[C@@H](F)CN5C)cn4)n3)cc12,0.890946,train
CNC(=O)c1nn(C)c2ccc(Nc3nccc(-n4cc(CN(C)C)c(F)n4)n3)cc12,0.12493407,train
CNC(=O)c1nn(C)c2ccc(Nc3nccc(-n4cc(CN(C)C)c(OC)n4)n3)cc12,0.4032245,train
COC(=O)c1nn(C)c2c(C)cc(Nc3nccc(-c4cc(CN(C)C)n(C)n4)n3)cc12,0.29141623,train
Cc1nnc(-c2nn(C)c3ccc(Nc4nccc(-c5cc(CN(C)C)n(C)n5)n4)cc23)o1,0.051974036,train
C[C@@H]1Cc2c(ccc3[nH]ncc23)[C@@](C)(c2ccc(NC3CN(CCCF)C3)cn2)N1CC(F)F,0.9865159,train
C[C@@H]1Cc2c(ccc3[nH]ncc23)[C@@H](c2ccc(N[C@H]3CCN(CCCF)C3)cn2)N1CC(F)(F)F,0.8448058,test
C[C@@H]1Cc2c(ccc3[nH]ncc23)[C@@H](c2ccc(N(C)C3CN(CCCF)C3)cn2)N1CC(F)(F)F,0.8687055,train
C[C@@H]1Cc2c(ccc3[nH]ncc23)[C@@H](c2ccc(NC3CN(CCCF)C3)cn2)N1CC(F)(F)F,0.7696044,train
COc1cc(NC2CN(CCCF)C2)ccc1[C@@H]1c2ccc3[nH]ncc3c2C[C@@H](C)N1CC1(F)CC1,0.9972339,train
CC1N(S(=O)(=O)c2ccc(F)cc2)c2ccc(C(=O)NCc3ccccc3Cl)cc2C12CCNCC2,0.91269153,test
CCN1CC2(CCN(CCc3ccc(F)cc3F)CC2)OC(C)C1=O,0.9084201,train
CCN1CC2(CCN(CCc3ccc(F)cc3)CC2)OC(C)C1=O,0.94524735,train
CCN1CC2(CCN(CCc3cccc(F)c3)CC2)OC(C)C1=O,0.9585997,train
CCN1CC2(CCN(CCc3ccccc3F)CC2)OC(C)C1=O,0.84768146,train
CCN1CC2(CCN(CCc3ccccc3)CC2)OC(C)C1=O,0.9021659,train
CN1CC2(CCN(CCc3ccccc3)CC2)OC2(CC2)C1=O,0.9786566,val
CC(C)C1OC2(CCN(CCc3ccccc3)CC2)CN(C)C1=O,0.94278663,train
CCC1OC2(CCN(CCc3ccccc3)CC2)CN(C)C1=O,0.9502957,train
CC1OC2(CCN(CCc3ccccc3)CC2)CN(C(C)C)C1=O,0.9132188,train
CC1OC2(CCN(CCc3ccccc3)CC2)CN(C2CC2)C1=O,0.9209711,train
CC1OC2(CCN(CCc3ccccc3)CC2)CN(CCc2ccccc2)C1=O,0.9933154,train
CC1OC2(CCN(CCc3ccccc3)CC2)CN(Cc2ccccc2)C1=O,0.9855586,val
Cc1ncn(C2CCN(C(=O)/C=C/c3ccc(C(F)(F)F)cc3Cn3nnc(C)n3)CC2)n1,0.0025488823,test
Cc1noc(C2CCN(C(=O)/C=C/c3ccc(C(F)(F)F)cc3Cn3nnc(C)n3)CC2)n1,0.012770479,val
Cc1nnn(Cc2cc(C(F)(F)F)ccc2/C=C/C(=O)N2CCC(c3nnc(C)o3)CC2)n1,0.0036257931,test
Cc1nnn(Cc2cc(C(F)(F)F)ccc2/C=C/C(=O)N2CCC(C#N)CC2)n1,0.014926114,train
Cc1nnn(Cc2cc(C(F)(F)F)ccc2/C=C/C(=O)N2CCC(C(F)(F)F)CC2)n1,0.009256291,train
Cc1nnn(Cc2cc(Cl)ccc2/C=C/C(=O)N2CCC(Cc3ncc(C)o3)CC2)n1,0.4251499,train
Cc1nnn(Cc2cc(Cl)ccc2/C=C/C(=O)N2CCN(Cc3coc(C)n3)CC2)n1,0.014168529,train
Cc1nnn(Cc2cc(Cl)ccc2/C=C/C(=O)N2CCN(Cc3cnn(C)c3)CC2)n1,0.008035594,val
Cc1cc(CN2CCN(C(=O)/C=C/c3ccc(Cl)cc3Cn3nnc(C)n3)CC2=O)on1,0.028224435,val
Cc1cc(CN2CCN(C(=O)/C=C/c3ccc(Cl)cc3Cn3nnc(C)n3)CC2)on1,0.0454288,test
COc1ccc(CN2CCN(C(=O)/C=C/c3ccc(Cl)cc3Cn3nnc(C)n3)CC2)nc1,0.0451289,val
C[C@H]1CN(CC[C@H]2CC[C@H](NC(=O)N(C)C)CC2)CCc2ccc(Cl)cc21,0.7021082,train
COc1cc(NC(=O)c2cccc(C(F)(F)F)n2)cc2cn(C3CCN(C)CC3)nc12,0.85824054,test
CN(C)CCn1cc2cc(NC(=O)c3cccc(C(F)(F)F)n3)c(C(C)(C)O)cc2n1,0.2160504,train
NC(=O)c1cc(Cl)c2cc(-c3cc4c(s3)CCNC4)cnn12,0.7488806,train
NC(=O)c1cc(Cl)c2cc(-c3cc4c(s3)CNCC4)cnn12,0.8248267,val
COc1ncc(NC(=O)Nc2cnc3ccc(F)cc3c2N(C)C2CCCN(C)C2)cc1Cl,0.44955677,test
C[C@H]1COCCN1c1c(NC(=O)Nc2cnc(OC3CCN(C)CC3)c(Cl)c2)cnc2ccc(F)cc12,0.119311295,train
Cc1nc(NC(=O)NCCc2cn(CC(F)F)cn2)sc1C#Cc1cccnc1,0.02489253,test
Cc1cncc(C#Cc2sc(NC(=O)NC[C@H](C)OCC3CC3)nc2C)c1,0.0673058,test
CNS(=O)(=O)c1ccc(CNc2nc3cnc(-c4c(C)ncnc4C4CC4)nc3n([C@@H](C)C3CC3)c2=O)nc1,0.014267789,train
CCS(=O)(=O)c1cnc(CNc2nc3cnc(-c4c(C)ncnc4C4CC4)nc3n([C@@H](C)C3CC3)c2=O)nc1,0.13532826,test
CCS(=O)(=O)c1ccc(CNc2nc3cnc(-c4c(C)ncnc4C4CC4)nc3n([C@@H](C)C3CC3)c2=O)cn1,0.05084811,train
CCS(=O)(=O)c1ccc(CNc2nc3cnc(-c4c(C)ncnc4C4CC4)nc3n([C@@H](C)C3CC3)c2=O)nc1,0.5570568,train
Cc1ncnc(C2CC2)c1-c1ncc2nc(NCc3ccc(S(C)(=O)=O)cn3)c(=O)n([C@@H](C)C3CC3)c2n1,0.04941662,train
CCS(=O)(=O)c1ccc(CNc2nc3cnc(-c4c(OC)ncnc4C4CC4)nc3n([C@@H](C)C(F)(F)F)c2=O)nc1,0.56526345,train
CCS(=O)(=O)c1ccc(CNc2nc3cnc(-c4c(OC)ncnc4C4CC4)nc3n([C@H](C)C3CC3)c2=O)nc1,0.8591066,train
CCS(=O)(=O)c1ccc(CNc2nc3cnc(-c4c(OC)ncnc4C4CC4)nc3n([C@@H](C)C3CC3)c2=O)nc1,0.7943012,train
CC[C@@H](C)n1c(=O)c(NCc2ccc(S(=O)(=O)CC)cn2)nc2cnc(-c3c(OC)ncnc3C3CC3)nc21,0.8958866,train
CCS(=O)(=O)c1ccc(CNc2nc3cnc(-c4c(C)ncnc4C4CC4)nc3n(C(C)C)c2=O)nc1,0.041530225,train
CCS(=O)(=O)c1ccc(CNc2nc3cnc(-c4c(OC)ncnc4C4CC4)nc3n(C(C)C)c2=O)nc1,0.11743435,train
N#Cc1ccc(N2C3CCC2CN(C(=O)CCS(=O)(=O)c2cccc4ncsc24)C3)nc1,0.015822854,test
O=C(NCCN1CCCC1)c1cc(-c2ccc(CN3CCOCC3)cc2)nc2ccc(F)cc12,0.7558582,train
O=C(NCCN1CCCC1)c1cc(-c2ccc(S(=O)(=O)N3CCOCC3)cc2)nc2ccc(F)cc12,0.8558027,test
O=C(O)C1CN(Cc2ccc3c(c2)CCc2c-3noc2-c2onc(-c3ccccc3)c2C(F)(F)F)C1,0.17777045,train
CC(C)n1cc(C(=O)c2ccnc(NC(=O)Cc3ccc(F)cc3F)c2)c2c(N)ncnc21,0.12709466,test
CC(C)n1cc(C(=O)c2cncc(NC(=O)Cc3ccc(Cl)cc3)c2)c2c(N)ncnc21,0.6360201,train
CC(C)n1cc(C(=O)c2cncc(NC(=O)Cc3ccc(Cl)cc3)c2)c2cncnc21,0.5584592,train
CC(C)n1cc(C(=O)c2cncc(NC(=O)Cc3ccc(C#N)cc3)c2)c2cncnc21,0.4208004,train
CC(C)n1cc(C(=O)c2cncc(NC(=O)Cc3ccc(C#N)cc3)c2)c2c(N)ncnc21,0.4988991,train
CC(C)n1cc(C(=O)c2cncc(NC(=O)Cn3ccc(C(F)(F)F)n3)c2)c2cnccc21,0.119471416,test
CC(C)n1cc(C(=O)c2cncc(NC(=O)Cn3ccc(C4CC4)n3)c2)c2cncnc21,0.0497688,train
CC(C)n1cc(C(=O)c2cncc(NC(=O)Cn3ccc(C4CC4)n3)c2)c2cnccc21,0.20610543,train
CC(C)n1cc(C(=O)c2cncc(NC(=O)Cn3ccc(C4CC4)n3)c2)c2cncc(F)c21,0.13137178,train
CC(C)n1cc(C(=O)c2cncc(NC(=O)Cn3ccc(C4CC4)n3)c2)c2cnc(N)nc21,0.087565474,train
CC(C)n1cc(C(=O)c2cncc(NC(=O)Cc3ccc(Cl)cc3)c2)c2cnc(N)nc21,0.6780802,train
C[C@@H]1CN(c2ccc(S(C)(=O)=O)cc2F)CCN1c1nccc(C(=O)NC2C3CC4CC2CC(O)(C4)C3)n1,0.0389199,test
CN1CCCC1CCOc1ccc(/C(=C(/CCCO)c2ccccc2)c2ccc(Br)cc2)cc1,0.80260956,train
CN1CCC[C@H]1COc1ccc(/C(=C(/CCCO)c2ccccc2)c2ccc(Br)cc2)cc1,0.7589839,train
CN1CCCC1CCOc1ccc(C(=C(CCCO)c2ccccc2)c2ccc(O)cc2)cc1,0.21260631,train
CN1CCC[C@H]1COc1ccc(C(=C(CCCO)c2ccccc2)c2ccc(O)cc2)cc1,0.17300376,train
CC(C)(Oc1ccc(-c2cnc(N)c(-c3ccc(Cl)cc3)c2)cc1)C(=O)O,0.12147558,val
CC#CCn1c(N2CCC[C@@H](N)C2)nc2c1c(=O)n(CCCN1CCN(c3nc(-c4ccccc4)no3)CC1)c(=O)n2C,0.089683644,val
CN1CCC(CN=C2NC(=O)/C(=C/c3csc(-c4ccc(OC(F)(F)F)cc4)n3)S2)CC1,0.92489916,test
Cc1nc2cc(F)c(-c3cnc(C(C)(C)O)nc3)nc2c(N[C@H](C)c2cc(C#N)ccc2F)c1Cl,0.075052924,test
CN1CCC(c2noc(-c3cnc(Nc4ccc5c(c4)C(C)(C)OC5=O)nc3N[C@H](CO)c3ccccc3)n2)CC1,0.55284685,train
CC1(C)OC(=O)c2ccc(Nc3ncc(-c4nc(C56CCN(CC5)CC6)no4)c(N[C@H](CO)c4ccccc4)n3)cc21,0.7841958,test
CC(C)CC(=O)N1CCCc2cc(CNC(=O)c3ccsc3)ccc21,0.1776357,test
CCCNC(=O)C1(c2ccc(NC(=O)c3cccc(Cl)c3)cc2)CCC1,0.7815518,val
CC(C)CC(=O)N1CCCc2cc(CNC(=O)c3ccc(Cl)cc3)ccc21,0.52465296,val
O=C(NCc1ccc2c(c1)CCCN2C(=O)c1cccc(Cl)c1)c1ccc(Cl)cc1,0.88991493,train
C[C@@H](NC(=O)c1ccc(Cl)cc1)c1ccc2c(c1)CCCN2C(=O)c1cccc(Cl)c1,0.93455034,train
C[C@H](NC(=O)c1ccc(Cl)cc1)c1ccc2c(c1)CCCN2C(=O)c1cccc(Cl)c1,0.95063615,train
C[C@@H](NC(=O)c1ccc(Cl)cc1)c1ccc2c(c1)OCCN2C(=O)c1cccc(Cl)c1,0.9009492,val
C[C@@H](NC(=O)c1ccc(Cl)cc1)c1ccc2c(n1)CCCN2C(=O)c1cccc(Cl)c1,0.51515496,train
C[C@@H](NC(=O)c1ccc(Cl)cc1)c1cc2c(cn1)N(C(=O)c1cccc(Cl)c1)CCC2,0.6756321,val
C[C@@H](NC(=O)c1ccc(F)cc1)c1ccc2c(n1)CCCN2C(=O)c1cccc(Cl)c1,0.15809122,train
COC(=O)N1CCCc2nc([C@@H](C)NC(=O)c3ccc(F)cc3)ccc21,0.059670344,train
CCOC(=O)N1CCCc2nc([C@@H](C)NC(=O)c3ccc(F)cc3)ccc21,0.052253567,train
C[C@@H](NC(=O)c1ccc(F)cc1)c1ccc2c(n1)CCCN2C(=O)OC1CC1,0.040902495,test
C[C@@H](NC(=O)c1ccc(F)cc1)c1ccc2c(n1)CCCN2C(=O)OC1CCC1,0.06339437,test
Cc1cc(N2CCCc3nc([C@@H](C)NC(=O)c4ccc(F)cc4)ccc32)ccn1,0.039232947,val
C[C@@H](NC(=O)c1ccc(F)cc1)c1ccc2c(n1)CCCN2c1ncccn1,0.023367396,train
C[C@@H](NC(=O)c1ccc(F)cc1)c1ccc2c(n1)CCCN2c1ccncn1,0.017344771,train
Cc1nccc(N2CCCc3nc([C@@H](C)NC(=O)c4ccc(F)cc4)ccc32)n1,0.017088313,train
C[C@@H](NC(=O)c1ccc(F)cc1)c1ccc2c(n1)CCCN2c1ccnc(C(F)(F)F)n1,0.051669385,train
Cc1c(-c2cc(F)c(N)cc2F)ccc2c3oc(CN)nc3c(=O)n(C3CC3)c12,0.012255999,test
Cc1c(-c2cnc3[nH]ncc3c2)ccc2c3oc(CN)nc3c(=O)n(C3CC3)c12,0.02560756,train
Cc1c(-c2ccc3[nH]ncc3c2)ccc2c3oc(CN)nc3c(=O)n(C3CC3)c12,0.020274468,val
Cc1nc2c(=O)n(C3CC3)c3c(Cl)c(N4CC[C@@H]([C@H](C)N)C4)c(F)cc3c2o1,0.0055455556,train
CNc1nc(Nc2ccc(-n3cnc(Cl)c3)c(OC)c2)nc2c1CCC2c1ccccc1,0.9906371,train
CNc1nc(Nc2ccc(-n3cnc(C)n3)c(OC)c2)nc2c1CCC2c1ccc(F)cc1,0.97392297,test
FC(F)Oc1ccc(-c2nnc3cncc(OCCC45C6C7C8C6C4C8C75)n23)cc1,0.99999845,train
FC(F)Oc1ccc(-c2nnc3cncc(OCCc4ccccc4)n23)cc1,0.99779296,train
Cn1ccc2c(-c3nc4c(-n5cc(N[C@@H]6CCOC[C@@H]6N)cn5)ccnc4[nH]3)cccc21,0.84451765,train
CNC(=O)c1nc(C)n2ccc(Nc3nccc(-n4cc(CN(C)C)cn4)n3)cc12,0.48339194,train
CNC(=O)c1nn(C)c2ccc(Nc3nccc(-n4cc(N[C@@H]5CCOC[C@@H]5N)cn4)n3)cc12,0.34214497,train
CNC(=O)c1nn(C)c2ccc(Nc3nccc(-n4cc(N[C@@H]5CCOC[C@@H]5N)c(C)n4)n3)cc12,0.0559922,train
CNC(=O)c1nn(C)c2ccc(Nc3nccc(-n4cc(NCC5(N)CC5)c(C)n4)n3)cc12,0.2568489,train
Cc1nn(-c2ccnc(Nc3ccc4c(c3)c(C(=O)C(F)(F)F)cn4C)n2)cc1N[C@@H]1CCOC[C@@H]1N,0.9688975,test
Cc1nnc(-c2nn(C)c3ccc(Nc4nccc(-n5cc(N[C@@H]6CCOC[C@@H]6N)c(C)n5)n4)cc23)o1,0.15029213,val
CNC(=O)c1nn(C)c2ccc(Nc3nccc(-n4cc(O[C@@H]5CCNC5)c(C)n4)n3)cc12,0.43621746,train
CNC(=O)c1nn(C)c2ccc(Nc3nccc(-n4cc(O[C@@H]5CCCNC5)c(C)n4)n3)cc12,0.42746687,test
CNC(=O)c1nn(C)c2ccc(Nc3nccc(-n4cc(N[C@H]5CNC[C@@H]5F)c(C)n4)n3)cc12,0.0755456,test
CNC(=O)c1nn(C)c2ccc(Nc3nccc(-n4cc(O[C@H]5CNC[C@H]5F)c(C)n4)n3)cc12,0.38384727,train
C[C@H]1CC(C(=O)O)CCC1C(=O)N1CC[C@@]2(S(=O)(=O)c3ccccc3)c3cc(F)c(C(F)(C(F)(F)F)C(F)(F)F)cc3CC[C@@H]12,0.0063454066,test
Cc1c(F)c(Nc2ccc(-c3cn(C)cn3)cn2)cc2c1ncn2CC1CC1,0.13570042,val
CC1(N)CCN(c2cnc(-c3cccc(Cl)c3Cl)c(N)n2)CC1,0.9561937,train
CC1(N)CCN(c2cnc(Sc3cccc(Cl)c3Cl)c(N)n2)CC1,0.9349576,train
CC1(N)CCN(c2cnc(Sc3ccccc3Cl)c(N)n2)CC1,0.80513924,train
CC1(N)CCN(c2cnc(Sc3cccnc3C(F)(F)F)c(N)n2)CC1,0.020913893,train
CC1(CN)CCN(c2cnc(Sc3cccc(Cl)c3Cl)c(N)n2)CC1,0.96571213,train
CC1(CN)CCN(c2cnc(-c3cccc(Cl)c3Cl)c(N)n2)CC1,0.97235674,train
CC1(CN)CCN(c2cnc(Sc3cccnc3C(F)(F)F)c(N)n2)CC1,0.03489373,train
Nc1nc(N2CCC3(CCC[C@H]3N)CC2)cnc1Sc1cccnc1C(F)(F)F,0.14369392,val
Nc1nccc(Sc2cnc(N3CCC4(CCC[C@H]4N)CC3)cn2)c1Cl,0.915356,val
CCn1nc2c(c1Nc1nc(-c3ccc(-n4cnc(C)c4)c(OC)n3)cs1)CCCC2,0.8064088,train
COc1nc(-c2csc(Nc3c4c(nn3C(C)(C)C)CCCC4)n2)ccc1-n1cnc(C)c1,0.7542012,train
COc1nc(-c2csc(Nc3c4c(nn3CCF)CCCC4)n2)ccc1-n1cnc(C)c1,0.8828362,train
COc1nc(-c2csc(Nc3c4c(nn3CCO)CCCC4)n2)ccc1-n1cnc(C)c1,0.24025337,train
COc1nc(-c2csc(Nc3c4c(nn3CC(C)(C)O)CCCC4)n2)ccc1-n1cnc(C)c1,0.30244988,train
CCn1nc(C2(C)CC2)cc1Nc1nc(-c2ccc(-n3cnc(C)c3)c(OC)n2)cs1,0.36622703,train
CCn1nc(C(F)(F)F)cc1Nc1nc(-c2ccc(-n3cnc(C)c3)c(OC)n2)cs1,0.6485814,test
COc1nc(-c2csc(Nc3c4c(nn3C)CCC4)n2)ccc1-n1cnc(C)c1,0.6038967,train
CCn1nc2c(c1Nc1nc(-c3ccc(-n4cnc(C)c4)c(OC)n3)cs1)CCC2,0.8521648,train
COc1nc(-c2csc(Nc3c4c(nn3CCF)CCC4)n2)ccc1-n1cnc(C)c1,0.9124886,train
COc1nc(-c2csc(Nc3c4c(nn3CC(F)(F)F)CCC4)n2)ccc1-n1cnc(C)c1,0.97383183,train
CCCCCN(CCCCC)Cc1cc(C(=O)O)ccc1NC(=O)c1cc2cc(F)cc(NC)c2[nH]c1=O,0.45498493,val
CNc1cc(F)cc2cc(C(=O)Nc3ccc(CO)cc3CN(CCO)C3CCCCC3)c(=O)[nH]c12,0.15956022,test
COc1ccc(-c2c(-c3ccc(C#N)c(F)c3)nc(N3CCC(N)CC3)n(C)c2=O)cc1F,0.9848947,val
CC(C)CN1C[C@H](Cc2ccc(Cl)cc2)N(C2CCN(c3n[nH]c(N)n3)CC2)C[C@@H]1C,0.9514042,train
Nc1n[nH]c(N2CCC(N3CC(=O)NC[C@@H]3Cc3ccc(Cl)cc3)CC2)n1,0.04035312,train
C[C@H]1CN(C2CCN(c3n[nH]c(N)n3)CC2)[C@@H](Cc2ccc(Cl)cc2)CO1,0.008755849,train
CC[C@H]1CN(C2CCN(c3n[nH]c(N)n3)CC2)[C@@H](Cc2ccc(Cl)cc2)CO1,0.030388134,train
CC(C)[C@H]1CN(C2CCN(c3n[nH]c(N)n3)CC2)[C@@H](Cc2ccc(Cl)cc2)CO1,0.048154164,train
CC(C)C[C@H]1CN(C2CCN(c3n[nH]c(N)n3)CC2)[C@@H](Cc2ccc(Cl)cc2)CO1,0.61585873,train
Nc1n[nH]c(N2CCC(N3C[C@H](CO)OC[C@@H]3Cc3ccc(Cl)cc3)CC2)n1,0.024761258,train
COC[C@H]1CN(C2CCN(c3n[nH]c(N)n3)CC2)[C@@H](Cc2ccc(Cl)cc2)CO1,0.026384264,train
Cc1cn([C@@H](C)[C@]2(F)CCNC2)c2nc(C(N)=O)cc(Cl)c12,0.20879082,train
Cc1cn([C@H](C)[C@]2(F)CCNC2)c2nc(C(N)=O)cc(Cl)c12,0.13228035,train
Cc1cn([C@H](C)[C@H]2CCNC[C@@H]2F)c2nc(C(N)=O)cc(Cl)c12,0.5701732,train
Cc1cn([C@H](C)[C@@H]2CCNC[C@H]2F)c2nc(C(N)=O)cc(Cl)c12,0.8309315,train
Cc1cn([C@@H](C)[C@H]2CCNC[C@H]2F)c2nc(C(N)=O)cc(Cl)c12,0.8466915,train
Cc1cn([C@@H](C)[C@@H]2CCNC[C@@H]2F)c2nc(C(N)=O)cc(Cl)c12,0.8244706,train
CN1CCCN(c2nccc3[nH]c(-c4ccc(F)c(F)c4)nc23)CC1,0.91623604,train
CN1CCN(CC2CCN(c3nccc4[nH]c(-c5cc(F)cc(F)c5)cc34)CC2)CC1,0.9806145,val
Fc1ccc(-c2nc3c(N4CCNCC4)nccc3[nH]2)cc1F,0.8074218,test
CN1CCN(C(=O)C2CCN(c3nccc4[nH]c(-c5ccc(F)c(F)c5)nc34)CC2)CC1,0.7654775,test
CN1CCN(C(=O)C2CCN(c3nccc4[nH]c(-c5ccc(F)c(F)c5)cc34)CC2)CC1,0.5833454,val
CN1CCN(C2CCN(c3nccc4[nH]c(-c5cc(F)cc(F)c5)cc34)CC2)CC1,0.97928977,val
CN1CCCN(c2nccc3[nH]c(-c4cc(F)cc(F)c4)nc23)CC1,0.97849655,train
CC[C@@H](c1nc2cccc(F)c2c(=O)n1C1CC1)n1nc(-c2ccc(OC)c(F)c2)c2c(N)ncnc21,0.82200164,val
Cc1cc(COCCN2CCCC2)nn1-c1ccc(Cl)c(Cl)c1,0.8733834,train
CC(=O)N1CCN(CCCOCc2cc(C)n(-c3ccc(Cl)c(Cl)c3)n2)CC1,0.6797562,test
C[C@@H](c1cc(OCC(F)F)ccn1)n1cnc2c(N)nc(Cl)nc21,0.65985155,test
O=C(NC1CCN(C2CCCCC2)CC1)c1cc(-c2ccc(F)cc2F)on1,0.8764688,train
O=C(NC1CCN(C2CCCCC2)CC1)c1noc(-c2ccc(F)cc2F)n1,0.44503585,val
O=C(NC1CCN(C2CCCCC2)CC1)c1nnc(-c2ccc(F)cc2F)o1,0.103104405,train
CN(C)C(=O)C1CN(C2CCCCC2)CC[C@@H]1NC(=O)c1cc(-c2ccc(F)cc2F)on1,0.8970881,train
C[C@@H](NC(=O)C1CN(C2CCCCC2)CC[C@@H]1NC(=O)c1cc(-c2ccc(F)cc2F)on1)c1ccccn1,0.48281327,train
O=C(N[C@H]1CCN(C2CCCCC2)CC1C(=O)N[C@H](CO)c1ccccc1)c1cc(-c2ccc(F)cc2F)on1,0.47697505,test
O=C(N[C@H]1CCN(C2CCCCC2)CC1C(=O)NCCc1ccccn1)c1cc(-c2ccc(F)cc2F)on1,0.83508664,test
CC(C)(NC(=O)C1CN(C2CCCCC2)CC[C@@H]1NC(=O)c1cc(-c2ccc(F)cc2F)on1)c1ccccn1,0.2712494,train
O=C(N[C@H]1CCN(C2CCCCC2)CC1C(=O)NC1(c2ncccn2)CC1)c1cc(-c2ccc(F)cc2F)on1,0.48663396,val
CCCN1CC[C@H](NC(=O)c2cc(-c3ccc(F)cc3F)on2)C(C(=O)NC2(c3ncccn3)CC2)C1,0.65508443,train
O=C(N[C@H]1CCN(CC2CC2)CC1C(=O)NC1(c2ncccn2)CC1)c1cc(-c2ccc(F)cc2F)on1,0.6102332,train
O=C(N[C@H]1CCN(CC2CCC2)CC1C(=O)NC1(c2ncccn2)CC1)c1cc(-c2ccc(F)cc2F)on1,0.5531823,val
O=C(N[C@H]1CCN(C2CCCC2)CC1C(=O)NC1(c2ncccn2)CC1)c1cc(-c2ccc(F)cc2F)on1,0.35185054,test
CC1(CN2CC[C@H](NC(=O)c3cc(-c4ccc(F)cc4F)on3)C(C(=O)NC3(c4ncccn4)CC3)C2)CC1,0.2328287,train
Cc1cc(Nc2ccc(S(F)(F)(F)(F)F)cc2)n2nc(C(C)(F)F)nc2n1,0.99995327,train
Cc1cc(NC2CCc3cc(F)ccc3C2)n2nc(C(C)(F)F)nc2n1,0.97639227,train
Cc1cc(NC2CCc3cc(Cl)ccc3C2)n2nc(C(C)(F)F)nc2n1,0.99137723,train
Cc1cc(N[C@H]2CCc3ccc(Cl)cc3C2)n2nc(C(C)(F)F)nc2n1,0.98331785,train
Cc1cc(NC2CCc3cc(Br)ccc3C2)n2nc(C(C)(F)F)nc2n1,0.98922485,train
Cc1cc(NC2CCc3ccc(Br)cc3C2)n2nc(C(C)(F)F)nc2n1,0.9947747,train
COc1ccc2c(c1)CC(Nc1cc(C)nc3nc(C(C)(F)F)nn13)CC2,0.909611,train
Cc1cc(NC2Cc3cc(F)c(F)cc3C2)n2nc(C(C)(F)F)nc2n1,0.9653889,train
N#Cc1cnc(Nc2cc(NC[C@H]3CNCCO3)c(-c3cccc(F)c3)cn2)cn1,0.9261211,train
N#Cc1cnc(Nc2cc(NC[C@@H]3CNCCO3)c(-c3cccc(F)c3)cn2)cn1,0.9148681,train
Cc1cnc(-c2cnc(Nc3cnc(C#N)cn3)cc2NC[C@H]2CNCCO2)s1,0.7538052,val
Cn1cc(-c2cnc(Nc3cnc(C#N)cn3)cc2NC[C@H]2CNCCO2)cn1,0.35049686,train
Cn1cc(-c2cnc(Nc3cnc(C#N)cn3)cc2NC[C@@H]2CNCCO2)cn1,0.3162939,train
Cn1cc2cc(-c3cnc(Nc4cnc(C#N)cn4)cc3NC[C@H]3CNCCO3)ccc2n1,0.28361738,train
CC(C)(O)C#Cc1cnc(Nc2cnc(C#N)cn2)cc1NC[C@@H]1CNCCO1,0.007545816,train
N#Cc1cnc(Nc2cc(NC[C@@H]3CNCCO3)c(C#CC3(O)CCCC3)cn2)cn1,0.039287172,train
C#Cc1cnc(Nc2cnc(C#N)cn2)cc1NC[C@@H]1CNCCO1,0.821391,train
N#Cc1cnc(Nc2cc(NC[C@@H]3CNCCO3)c(C3CC3)cn2)cn1,0.6250726,val
N#Cc1cnc(Nc2cc(NC[C@H]3CNCCO3)c(Cl)cn2)cn1,0.78782326,train
N#Cc1cnc(Nc2cc(NC[C@H]3CNCCO3)c(C(F)(F)F)cn2)cn1,0.8099636,train
COc1ccc(-c2nc(N3CCOCC3)c3sc(CN(C)c4ncc(C(O)=NO)cn4)cc3n2)cn1,0.14011572,val
Cc1nc(CN(C)[C@H]2CCCc3cccnc32)cc(N2CCN(C)CC2)n1,0.30739743,val
OCCCC(=C(c1ccc(O)cc1)c1ccc(C2CCN(C3CC3)C2)cc1)c1ccccc1,0.046383455,test
OCCCC(=C(c1ccc(O)cc1)c1ccc(C2CCNCC2)cc1)c1ccccc1,0.048858486,train
CC(C)N1CCC(c2ccc(C(=C(CCCO)c3ccccc3)c3ccc(O)cc3)cc2)CC1,0.036107227,train
CC(C)N1CC=C(c2ccc(/C(=C(/CCCO)c3ccccc3)c3cccc(O)c3)cc2)CC1,0.024104774,train
CC(C)N1CC=C(c2ccc(C(=C(CCCO)c3ccccc3)c3ccc(O)cc3)cc2)CC1,0.042250607,train
CC(C)N1CCC(c2ccc(C(=C(CCCO)c3ccc(F)cc3)c3ccc(O)cc3)cc2)CC1,0.055667207,train
CC(C)N1CCC(c2ccc(C(=C(CCCO)c3ccc(F)cc3F)c3ccc(O)cc3)cc2)CC1,0.04853569,train
CNC(=O)c1[nH]nc2cc(-c3ccc(-n4cccc(C)c4=O)cc3Cl)ccc12,0.13695344,train
Cc1cccn(-c2ccc(-c3ccc4c(C(=O)NCC5CC5)[nH]nc4c3)c(Cl)c2)c1=O,0.16816467,test
CN[C@@H]1C[C@H]2O[C@@](C)([C@@H]1OC)n1c3ccccc3c3c4c(c5c6ccccc6n2c5c31)C(=O)NC4,0.1298789,val
Cc1nc(Nc2[nH]nc3c2CN(C(=O)N[C@H](CN(C)C)c2ccccc2)C3(C)C)c2sccc2n1,0.7972844,val
CCNC(=O)c1[nH]nc2cc(-c3ccc(-n4cccc(C)c4=O)cc3Cl)ccc12,0.118542396,train
Cc1cccn(-c2ccc(-c3ccc4c(C(=O)NCc5ccncc5)[nH]nc4c3)c(Cl)c2)c1=O,0.07780941,train
CN1CCc2ccc(OCCCN3CCC(c4noc5cc(F)ccc45)CC3)cc2C1=O,0.99341416,val
Cn1ccc2ccc(OCCCN3CCC(c4noc5cc(F)ccc45)CC3)cc2c1=O,0.9946549,test
COc1ccccc1S(=O)(=O)/C=C/c1ccccc1Cl,0.94190586,test
O=C1CCC(N2Cc3cc(CNC(=O)C(F)(F)c4ccc(Cl)cc4)ccc3C2=O)C(=O)N1,0.033921216,val
C[C@H](NC(=O)c1cc(C(F)(F)F)nn1C)c1nc(-c2ccnc(C(F)(F)F)c2)no1,0.012368124,train
Cn1cc(-c2nc3c(-c4ccnc(OC5CC5)c4)cnn3cc2OCCC(C)(C)O)cn1,0.15389666,train
Cc1cc(Nc2nc(Nc3ccccc3S(=O)(=O)C(C)C)c3c(C)[nH]nc3n2)c(OC(C)C)cc1C1CCN(C)CC1,0.14825793,train
Cc1cc(Nc2nc(Nc3ccccc3S(=O)(=O)C(C)C)c3c[nH]nc3n2)c(OC(C)C)cc1C1CCN(C)CC1,0.31431404,train
Cc1cc(Nc2nc(Nc3ccccc3S(=O)(=O)C(C)C)c3cc[nH]c3n2)c(OC(C)C)cc1C1CCN(C)CC1,0.726574,train
Cc1cc(Nc2nc(Nc3ccccc3S(=O)(=O)C(C)C)c3cc[nH]c3n2)c(OC(C)C)cc1C1CCNCC1,0.6502073,train
Cc1cc(-c2ccc3c(c2)-c2nnc(Oc4cccc(Cl)c4F)n2CCO3)ccn1,0.9432625,train
Cc1cc(-c2ccc3c(c2)-c2nnc(Oc4ccccc4Cl)n2CCO3)ccn1,0.95252657,train
Cc1cc(-c2ccc3c(c2)-c2nnc(Oc4ccccc4OC(F)(F)F)n2CCO3)ccn1,0.9826131,train
Cc1cc(-c2ccc3c(c2)-c2nnc(Oc4cccc(OC(F)(F)F)c4)n2CCO3)ccn1,0.985727,train
Cc1cc(-c2ccc3c(c2)-c2nnc(Oc4cccc(Cl)c4)n2CCO3)ccn1,0.9801278,train
Cc1cc(-c2ccc3c(c2)-c2nnc(Cc4cccc(Cl)c4)n2CCO3)ccn1,0.9809053,val
Cc1cc(-c2ccc3c(c2)-c2nnc(Nc4cccc(OC(F)(F)F)c4)n2CCO3)ccn1,0.9967765,train
FC(F)(F)Oc1cccc(Nc2nnc3n2CCOc2ccc(-c4ccncc4)cc2-3)c1,0.9937469,train
CCc1cc(-c2ccc3c(c2)-c2nnc(Nc4cccc(C(F)(F)F)c4)n2CCO3)ccn1,0.9915553,train
Cc1cc(-c2ccc3c(c2)-c2nnc(Nc4cccc(C(F)(F)F)c4)n2CCO3)ccn1,0.9909869,train
FC(F)(F)c1cccc(Nc2nnc3n2CCOc2ccc(-c4ccncc4)cc2-3)c1,0.982563,train
Cc1cc(-c2ccc3c(c2)-c2nnc(Nc4cccc(Cl)c4)n2CCO3)ccn1,0.98952276,train
Nc1ncc(-c2ccc(C(=O)N3CCC(N)C3)cc2)nc1-c1ccc(C(F)(F)F)cc1,0.87511915,train
CC(C)(C)N1CCN(C(=O)c2ccc(-c3cnc(N)c(-c4ccc(C(F)(F)F)cc4)n3)cc2)CC1,0.9088231,train
CN1CCCN(C(=O)c2ccc(-c3cnc(N)c(-c4ccc(C(F)(F)F)cc4)n3)cc2)CC1,0.7654437,train
Nc1ncc(-c2ccc(C(=O)N3CCNCC3)cc2)nc1-c1ccc(C(F)(F)F)cc1,0.69568855,train
C=CC(=O)N1CCC(Cn2cc(-c3ccc4c(c3)OCO4)c3c(N)ncnc32)CC1,0.9632397,test
COc1cnc(-n2cnc(C)n2)c2[nH]cc(C(=O)C(=O)N3CCN(C(=O)c4ccccc4)CC3)c12,0.040691298,train
NC[C@H](NC(=O)c1ccc(-c2ccc(C(F)(F)F)c(F)c2)[nH]1)c1nc(CO)cs1,0.4084611,train
NC[C@H](NC(=O)c1ccc(-c2cc(F)c(Cl)c(F)c2)[nH]1)c1nc(CO)cs1,0.23201007,train
COCCOc1cc(NC(=O)N2CCCc3cc(CN4C[C@@H](C)N[C@@H](C)C4)c(C=O)nc32)ncc1C#N,0.06187187,test
COCCOc1cc(NC(=O)N2CCCc3cc(CN4CCN(C)C(=O)C4)c(C=O)nc32)ncc1C#N,0.054310896,train
COCCOc1cc(NC(=O)N2CCCc3cc(CN4CCC(N(C)C)C4=O)c(C=O)nc32)ncc1C#N,0.08028482,val
COCCOc1cc(NC(=O)N2CCCc3cc(CN(CCN(C)C)S(C)(=O)=O)c(C=O)nc32)ncc1C#N,0.028551152,train
COCCOc1cc(NC(=O)N2CCCc3cc(CN(CCN(C)C)C(C)=O)c(C=O)nc32)ncc1C#N,0.07815975,train
COCCOc1cc(NC(=O)N2CCCc3cc(CN(C)C(=O)CN(C)C)c(C=O)nc32)ncc1C#N,0.11820135,train
COCCOc1cc(NC(=O)N2CCCc3cc(C4CCN(CC(F)(F)F)CC4)c(C=O)nc32)ncc1C#N,0.30076322,train
COCCOc1cc(NC(=O)N2CCCc3cc(C4CCN(C5COC5)CC4)c(C=O)nc32)ncc1C#N,0.04476316,train
CN(C)CC(C)(C)COc1cc(NC(=O)N2CCCc3cc(C(F)F)c(C=O)nc32)ncc1C#N,0.075204566,train
CN1CCC(COc2cc(NC(=O)N3CCCc4cc(C(F)F)c(C=O)nc43)ncc2C#N)CC1,0.81592363,train
CN(C)CC(C)(O)CNc1cc(NC(=O)N2CCCc3cc(CO)c(C=O)nc32)ncc1C#N,0.024661547,train
ON=C(O)c1ccc(CCCN2CCC(CN[C@H]3C[C@@H]3c3ccccc3)CC2)cc1,0.4055545,val
CCOc1cc(C(=O)N2CCC(N3CCCC3)CC2)ccc1Nc1cc2c(cn1)N(C)C(=O)c1ccccc1N2C,0.36372542,test
Nc1cc(F)c(S(=O)(=O)N2CCC(O)CC2)cc1C(=O)Nc1ccc(F)c(F)c1,0.39867786,train
CNCCOc1ccccc1C(C)(C)Nc1nccn(-c2cc(C(=O)NC3CC3)ccc2C)c1=O,0.05236389,train
COc1ccc2c3c([nH]c2c1)[C@@H]1N(CC3)C(=O)c2c(OC)cccc2N1C,0.0137875825,train
CC(=O)Nc1ccc(OCCCN2CCC(c3noc4cc(F)ccc34)CC2)cc1,0.97926956,train
CC(=O)Nc1ccc(OCCCCN2CCC(c3noc4cc(F)ccc34)CC2)cc1,0.9503112,train
C=CC(=O)N1CCC[C@@H](n2nc(-c3ccc(Oc4ccccc4)cc3)c3c(N)n[nH]c(=O)c32)C1,0.070417956,test
CSc1ccccc1C(=O)NCCCC[C@H](NC(=O)c1cncs1)c1nc(-c2ccc3ccccc3c2)c[nH]1,0.5522606,test
COc1nc2ccccc2cc1-c1c[nH]c([C@H](CCCCNC(=O)c2ccccc2SC)NC(=O)c2cncs2)n1,0.7657592,test
COc1nc2ccccc2cc1-c1nnc([C@H](CCCCNC(=O)c2ccccc2SC)NC(=O)c2cncs2)o1,0.06924797,test
N#Cc1cncc(NC(=O)COc2ccc(C(=O)c3cc(Cl)ccc3Br)cc2)c1,0.9837896,train
O=C(COc1ccc(C(=O)c2ccccc2Br)cc1)Nc1cccnc1,0.6364614,train
O=C(COc1ccc(C(=O)c2cc(Cl)ccc2Br)cc1)Nc1ccncc1,0.9610343,train
O=C(COc1ccc(C(=O)c2cc(Cl)ccc2Br)cc1)Nc1ccnc(F)c1,0.96806574,train
N#Cc1cc(NC(=O)COc2ccc(C(=O)c3cc(Cl)ccc3Br)cc2)ccc1F,0.99118716,train
CNC(=O)c1cccc(NC(=O)COc2ccc(C(=O)c3cc(Cl)ccc3Br)cc2)c1,0.9102702,train
O=C(COc1ccc(C(=O)c2cc(Cl)ccc2Br)cc1)Nc1cccc(C(=O)NCC2CC2)c1,0.9075861,train
O=C(COc1ccc(C(=O)c2cc(Cl)ccc2Br)cc1)Nc1cccnc1,0.92540973,train
Cc1cc(NC(=O)COc2ccc(C(=O)c3cc(Cl)ccc3Br)cc2)ccn1,0.97204214,train
Cc1cnccc1NC(=O)COc1ccc(C(=O)c2cc(Cl)ccc2Br)cc1,0.84257174,train
Cc1ccc(C#N)cc1NC(=O)COc1ccc(C(=O)c2cc(Cl)ccc2Br)cc1,0.97556496,train
N#Cc1cccc(NC(=O)COc2ccc(C(=O)c3cc(Cl)ccc3Br)cc2)c1F,0.9514041,train
O=C(COc1ccc(C(=O)c2cc(Cl)ccc2Br)cc1)Nc1cccc(C(=O)NC2CC2)c1,0.95750463,train
O=C(COc1ccc(C(=O)c2cc(Cl)ccc2Br)cc1)Nc1ccc(Cl)c(C(=O)NCC2CC2)c1,0.92981637,train
N#Cc1cccc(NC(=O)COc2ccc(C(=O)c3cc(Cl)ccc3Br)cc2)c1,0.9916876,train
O=C(COc1ccc(C(=O)c2cc(Cl)ccc2Br)cc1)Nc1cncc(C(=O)NCC2CC2)c1,0.86669236,val
O=C(COc1ccc(C(=O)c2cc(Cl)ccc2Br)cc1)Nc1ccnc(C(=O)NCC2CC2)c1,0.9011807,train
NC(=O)c1cccc2cc(C(=O)N3CCN(c4nc(-c5cnc(NC(=O)CN6CCOCC6)cc5C(F)(F)F)nc(N5CCOCC5)n4)CC3)oc12,0.34261313,train
O=C1NCCC12CCN(c1c(Cl)cncc1-c1cc3ccccc3o1)CC2,0.049733028,train
O=C1NCCC12CCN(c1c(Cl)cncc1-c1cc3ccccc3s1)CC2,0.09855558,train
NC(C(=O)N1CC(CNc2ccc(F)cc2)C2(C1)CN(c1cc(F)cc(F)c1)C2)c1ccc(O)cc1,0.90255445,train
Oc1ccc(CN2CC(CNc3ccccc3)C3(C2)CN(c2ccccc2)C3)cc1,0.98559165,val
N=C(N)NC(=O)c1nc(Cl)c(N2CCCCCC2)nc1N,0.4377148,train
N=C(N)NC(=O)c1nc(-c2cc3ccccc3o2)c(N)nc1N,0.33683053,train
CC(=O)N1CCc2nc(N3CCC(Oc4ccc(F)cc4F)CC3)c(N[C@@H]3CCOC3)nc2C1,0.7543088,train
CC(=O)N1CCc2nc(N3CCC(Oc4ccc(F)cc4F)CC3)c(N[C@H]3CCOC3)nc2C1,0.5854842,train
COc1cc(C)[nH]c(=O)c1CNC(=O)c1c(C)n([C@H](C)C2CCN(CC(F)(F)F)CC2)c2ccccc12,0.6961599,val
Cc1ccc(NC(=O)c2cccc(C(F)(F)F)c2)cc1C#Cc1nn(C2CCN(C)CC2)c2ncnc(N)c12,0.47584626,train
Cc1ccc(NC(=O)c2cccc(C(F)(F)F)c2)cc1C#Cc1nn(CC2CCN(C)CC2)c2ncnc(N)c12,0.95503664,train
Cc1ccc(NC(=O)c2cccc(C(F)(F)F)c2)cc1C#Cc1nn(CC2CCN(C)C2)c2ncnc(N)c12,0.8890839,val
Cc1ccc(NC(=O)c2cccc(C(F)(F)F)c2)cc1C#Cc1nn([C@@H]2CCN(C)C2)c2ncnc(N)c12,0.8162926,test
Cc1ccc(NC(=O)c2cccc(C(F)(F)F)c2)cc1C#Cc1nn([C@H]2CC[C@H](O)CC2)c2ncnc(N)c12,0.08148128,train
CC#C[C@@H](CC(=O)O)c1ccc(OCc2ccc(CN3CCC4(C=Cc5ccccc54)CC3)c(OC)c2)cc1,0.25723428,val
COc1ccc(C(NC(=O)c2c[nH]c(-n3cccn3)nc2=O)c2ccc(OC)cc2)cc1,0.036428455,test
COc1ccc2ncc(F)c(CC[C@H]3OC[C@H](NCc4ccc5c(c4)OCCO5)CO3)c2n1,0.94813627,test
COc1ccc2ncc(F)c(CC[C@@]3(O)CO[C@@H]4[C@@H](NCc5cc6c(cn5)OCCO6)CO[C@@H]43)c2n1,0.049645867,train
COc1ccc2ncc(F)c(CC[C@@]3(O)CO[C@@H]4[C@@H](NCc5ccc6c(n5)NC(=O)CO6)CO[C@@H]43)c2n1,0.07826703,train
COc1ccc2ncc(F)c(CC[C@@]3(O)CO[C@@H]4[C@@H](NCc5ccc6c(c5)OCCO6)CO[C@@H]43)c2n1,0.35328624,test
COc1ccc2ncc(F)c(CC[C@@]3(O)CO[C@@H]4[C@@H](NCc5ccc(C)cc5)CO[C@@H]43)c2n1,0.7112775,train
COc1ccc2ncc(F)c(CC[C@@]3(O)CO[C@@H]4[C@@H](NCc5ccc(Cl)c(Cl)c5)CO[C@@H]43)c2n1,0.8301693,train
COc1ccc2ncc(F)c(CC[C@H]3OC[C@H](NCc4cc5c(cn4)OCCO5)CO3)c2n1,0.54232866,train
COc1ccc2ncc(F)c(CC[C@H]3OC[C@H](NCc4ccc5c(n4)NC(=O)CO5)CO3)c2n1,0.62639433,test
COc1ccc2ncc(F)c(CC[C@H]3OC[C@H](NCc4ccc(Cl)c(Cl)c4)CO3)c2n1,0.9928663,test
COc1ccc2ncc(F)c(CC[C@]3(O)CC[C@@H](NCc4ccc5c(c4)OCCO5)CC3)c2n1,0.85418445,train
COc1ccc2ncc(F)c(CC[C@]3(O)CC[C@H](NCc4ccc5c(c4)OCCO5)CC3)c2n1,0.8782787,train
COc1ccc2ncc(F)c(CC[C@]3(O)CC[C@H](NCc4ccc(Cl)c(Cl)c4)CC3)c2n1,0.98469305,val
COc1ccc(-c2ccccc2N2CCN(C[C@@H](O)COc3ccc(-c4cn5ccccc5n4)cc3)CC2)cc1,0.97500366,val
COc1ccc(-c2ccccc2N2CCN(CCCCOc3ccc4c(c3)NC(=O)C(C)O4)CC2)cc1,0.906812,train
COc1ccc(-c2ccccc2C2CCN(C[C@@H](O)COc3ccc(-c4cn5ccccc5n4)cc3)CC2)cc1,0.9931786,test
COc1cc(F)ccc1-c1nc(Nc2ccc3c(N4CCOCC4)c(C(C)=O)c(=O)oc3c2)ncc1F,0.050249316,train
O=C(CCCCCCC(O)=NO)Nc1ccccc1,0.3205009,train
CN(C)CCOc1ccc(-c2cc(=O)c3c(O)cc(OCCCCCC(O)=NO)cc3o2)cc1,0.4220918,train
Nc1[nH]nc2cccc(C#Cc3cccc(NC(=O)c4ccc(N5CCOCC5)c(C(F)(F)F)c4)c3)c12,0.42527574,test
CC(C)n1c(=O)n(C)c2cnc3cc(F)c(-c4ccc(OCCCN5CCCCC5)nc4)cc3c21,0.8729058,val
C[C@H](Oc1cc2cc(C(N)=O)ccc2nc1N)c1cc(F)ccc1-n1cccn1,0.12088533,train
C[C@H](Oc1cc2cc(C#N)ccc2nc1N)c1cc(F)c(F)cc1-n1cccn1,0.66991496,train
C[C@H](Oc1cc2cc(C(N)=O)ccc2nc1N)c1cc(F)c(F)cc1-n1cccn1,0.08828384,train
C[C@H](Oc1cc2cc(F)ccc2nc1N)c1cc(F)c(F)cc1-n1cccn1,0.5516376,train
C[C@H](Oc1cc2cc(C(N)=O)ccc2nc1N)c1cc2[nH]ncc2cc1-n1cccn1,0.043282345,train
C[C@H](Oc1cc2cc(C(N)=O)ccc2nc1N)c1ncc(F)cc1-n1cccn1,0.04011502,train
C[C@H](Oc1cc2cc(F)ccc2nc1N)c1cc2c(cnn2CCO)cc1-n1cccn1,0.2754623,train
C[C@H](Oc1cc2cc(F)cc(F)c2nc1N)c1cc(C(=O)O)ccc1-n1cccn1,0.045582563,train
C[C@H](Oc1cc2cc(F)cc(F)c2nc1N)c1[nH]c(=O)ccc1-n1cccn1,0.08801688,train
Cc1[nH]ncc1-c1cnc(N)c(O[C@@H](C)c2cc(F)ccc2-n2cccn2)c1,0.08390372,val
C[C@H](Oc1cc2cc(F)ccc2nc1N)c1[nH]c(=O)ccc1-n1cccn1,0.048428606,train
Cc1c(N2CC[C@@H]([C@H](C)N)C2)c(F)cc2cc(O)c(=O)n(C3CC3)c12,0.010421524,train
C[C@H]1COc2c(N3CC[C@@H](C4(N)CC4)C3)ccc3cc(C(=O)O)c(=O)n1c23,0.23101684,train
C[C@H]1COc2c(N3CC[C@@H](C4(N)CC4)C3)cc(Cl)c3cc(C(=O)O)c(=O)n1c23,0.35941985,train
Cc1c(N2CC[C@@H](C3(N)CC3)C2)c(F)cc2cc(C(N)=O)c(=O)n(C3CC3)c12,0.7445226,train
Cc1c(N2CC[C@@H](C3(N)CC3)C2)c(F)cc2cc(C#N)c(=O)n(C3CC3)c12,0.86735594,train
Cc1c(N2CC[C@@H](C3(N)CC3)C2)c(F)cc2cc(-c3nc(=O)o[nH]3)c(=O)n(C3CC3)c12,0.081358485,test
Cc1c(N2CC[C@@H](C3(N)CC3)C2)c(F)cc2cc(-c3n[nH]c(=O)o3)c(=O)n(C3CC3)c12,0.03957572,val
Cc1c(N2CC[C@@H](C3(N)CC3)C2)c(F)cc2cc(-c3ncon3)c(=O)n(C3CC3)c12,0.9008224,test
Cc1c(N2CC[C@@H](C3(N)CC3)C2)c(F)cc2cc(-c3nnco3)c(=O)n(C3CC3)c12,0.7477046,test
Cc1c(N2CCC(C3(N)CC3)C2)c(F)cc2c(-c3cc(=O)[nH]o3)cc(=O)n(C3CC3)c12,0.11552153,val
Cc1c(N2CCC(C3(N)CC3)C2)c(F)cc2c(-c3nc(=S)o[nH]3)cc(=O)n(C3CC3)c12,0.10403287,val
Cc1c(N2CCC(C3(N)CC3)C2)c(F)cc2c(-c3n[nH]c(=O)o3)cc(=O)n(C3CC3)c12,0.020015098,train
C[C@@]1(c2cc(NC(=O)c3ccc(C#N)cn3)ccc2F)C=CSC(=N)N1,0.79150707,train
Cc1c(C2(c3ccc(C(F)(F)F)c(C#N)c3)CC2)c[nH]c1C(=O)NC(C)c1nc[nH]n1,0.08745066,val
COc1cc2c(cc1OC)C(=O)C(CC1(F)CCN(Cc3ccccc3F)CC1)C2,0.84659207,train
O=C(Oc1ccc(OCc2ccccc2)cc1)N(Nc1ccccc1)S(=O)(=O)c1ccc(Cl)cc1,0.9697898,val
O=C(Oc1ccc(OCc2ccccc2)cc1)N(Cc1ccccc1)S(=O)(=O)c1ccc(Cl)cc1,0.88756907,train
CC(C)(O)C(=O)N[C@@H]1CC[C@@]2(S(=O)(=O)c3ccc(F)cc3)c3ccc(C(F)(C(F)(F)F)C(F)(F)F)cc3CC[C@@H]12,0.035762224,train
Fc1ccc2c(C3CCN(CCCOc4ccc(CCN5CCCCC5)cc4)CC3)noc2c1,0.9996263,test
CN1CCN(Cc2ccc(OCCCN3CCC(c4noc5cc(F)ccc45)CC3)cc2)CC1,0.9984414,train
CN1CCN(Cc2ccc(OCCCCN3CCC(c4noc5cc(F)ccc45)CC3)cc2)CC1,0.99702245,train
Fc1ccc2c(C3CCN(CCCOc4ccc(CCN5CCOCC5)cc4)CC3)noc2c1,0.9984326,val
Cn1cc(-c2nc3c(-c4ccc(CN5CCc6cc(C(C)(C)C)ccc6C5=O)c(F)c4)ccnc3[nH]2)cn1,0.8925572,train
Cn1cc(-c2nc3c(-c4ccc5c(c4)CCC[C@H]5NC(=O)c4nc(C(C)(C)C)no4)ccnc3[nH]2)cn1,0.92197806,train
CN1CCN(c2ccc(Nc3cc(-c4cccc(-n5ccc6cc(C7CC7)cc(F)c6c5=O)c4CO)cn(C)c3=O)nc2)CC1,0.026331423,val
CC[C@@H](NC(=O)c1ccc(OC)nc1)[C@H]1CC[C@@H](c2ccnc(OC)c2C(F)F)CC1,0.62884694,val
Cn1cc(-c2ccc(F)c(C(F)(F)F)c2)nc1C1CCN(c2ncnc(N)c2C#N)CC1,0.9446167,train
Cn1cc(-c2ccc(F)c(C(F)(F)F)c2)nc1C1CCN(c2ncnc(N)c2C(N)=O)CC1,0.6604732,train
Cn1cc(-c2ccc(F)c(C(F)(F)F)c2)nc1C1CCN(c2ncnc(N)c2-c2ccc(F)cc2)CC1,0.99567765,train
CN(C)CCn1cc(-c2ccc(F)c(C(F)(F)F)c2)nc1C1CCN(c2ncnc(N)c2-c2ccc(F)cc2)CC1,0.99541664,train
Nc1ncnc(N2CCC(c3nc(-c4ccc(F)c(C(F)(F)F)c4)cn3CCN3CCC3)CC2)c1-c1ccc(F)cc1,0.9977532,train
Nc1ncnc(N2CCC(c3nc(-c4ccc(F)c(C(F)(F)F)c4)cn3CCN3CCCC3)CC2)c1-c1ccc(F)cc1,0.9972806,train
CN(C)CCn1cc(-c2ccc(F)c(C(F)(F)F)c2)nc1C1CCN(c2ncnc(N)c2C#N)CC1,0.9549872,train
CN(C)CCn1cc(-c2ccc(F)c(C(F)(F)F)c2)nc1C1CCN(c2ncnc(N)c2C(N)=O)CC1,0.6912756,train
C=Cc1c(N)ncnc1N1CCC(c2nc(-c3ccc(F)c(C(F)(F)F)c3)cn2CCN(C)C)CC1,0.9469136,train
CCc1c(N)ncnc1N1CCC(c2nc(-c3ccc(F)c(C(F)(F)F)c3)cn2CCN(C)C)CC1,0.92780083,train
CN(C)CCn1cc(-c2ccc(F)c(C(F)(F)F)c2)nc1C1CCN(c2ncnc(N)c2C2CC2)CC1,0.99057835,train
Nc1ncnc(N2CCC(c3nc(-c4ccc(F)c(C(F)(F)F)c4)cn3CCN3CCC3)CC2)c1Cl,0.9886813,train
C=Cc1c(N)ncnc1N1CCC(c2nc(-c3ccc(F)c(C(F)(F)F)c3)cn2CCN2CCC2)CC1,0.9777284,train
CCc1c(N)ncnc1N1CCC(c2nc(-c3ccc(F)c(C(F)(F)F)c3)cn2CCN2CCC2)CC1,0.9752347,train
Nc1ncnc(N2CCC(c3nc(-c4ccc(F)c(C(F)(F)F)c4)cn3CCN3CCC3)CC2)c1C1CCC1,0.99489707,test
N#Cc1c(N)ncnc1N1CCC(c2nc(-c3ccc(F)c(C(F)(F)F)c3)cn2CCN2CCC2)CC1,0.9858892,train
CC(C)c1c(N)ncnc1N1CCC(c2nc(-c3ccc(F)c(C(F)(F)F)c3)cn2CCN2CCC2)CC1,0.99304307,train
NC(=O)c1c(N)ncnc1N1CCC(c2nc(-c3ccc(F)c(C(F)(F)F)c3)cn2CCN2CCC2)CC1,0.8230691,train
CN(C)c1ccc(N=Nc2ccccn2)c(O)c1,0.3565644,train
Oc1ccc2ccccc2c1N=Nc1nccs1,0.39955112,val
CN(C)c1ccc(/N=N/c2ccccn2)c([O-])c1,0.80246556,train
CS(=O)(=O)c1nc(Nc2ccc(F)c(Cl)c2)cc(NC2CCC(N)CC2)n1,0.025707453,train
Cc1ccc(CN2CCN(C(=O)C(=O)Nc3ccc4c(ccn4C)c3)CC2)cc1,0.21437608,val
O=C(NCc1ccc2[nH]ccc2c1)N1CC(COc2ccc(C(F)(F)F)cc2)C1,0.83219135,train
C[C@@H]1Cc2c([nH]c3ccccc23)[C@@H](c2c(F)cc(NC3CN(CCCF)C3)cc2F)N1CC(F)(F)CO,0.98167634,train
C[C@@H]1Cc2c([nH]c3ccc(F)cc23)[C@@H](c2c(F)cc(NC3CN(CCCF)C3)cc2F)N1CC(F)(F)CO,0.9910603,train
COc1cc2c(cc1OC)[C@H]1C[C@@H](OC(=O)C(N)C(C)C)[C@H](CC(C)C)CN1CC2,0.83541095,train
COc1cc2c(cc1OCC(F)(F)F)CCN1CC(CC(C)C)C(O)CC21,0.7251924,train
CS(=O)(=O)c1nccc(-c2c(-c3cccc(OCc4ccccc4)c3)nc3sccn23)n1,0.0056381216,train
c1ccc(COc2cccc(-c3nc4sccn4c3-c3ccncn3)c2)cc1,0.6848466,train
CCS(=O)(=O)c1ccc(C(NC(C)=O)C(=O)Nc2ccc(C(O)(C(F)(F)F)C(F)(F)F)cc2)nc1,0.09025802,train
CCS(=O)(=O)c1ccc(C(NC(=O)OC)C(=O)Nc2ccc(C(O)(C(F)(F)F)C(F)(F)F)cc2)nc1,0.1783049,train
CCS(=O)(=O)c1ccc(C(NC(=O)CC2CC2)C(=O)Nc2ccc(C(O)(C(F)(F)F)C(F)(F)F)cc2)nc1,0.10838526,train
CCS(=O)(=O)c1ccc(C(NC(=O)Cc2ccccc2)C(=O)Nc2ccc(C(O)(C(F)(F)F)C(F)(F)F)cc2)nc1,0.1347027,train
CCS(=O)(=O)c1ccc(C(NC(=O)Cc2ccccn2)C(=O)Nc2ccc(C(O)(C(F)(F)F)C(F)(F)F)cc2)nc1,0.076209,train
CCS(=O)(=O)c1ccc(C(NC(=O)Cc2nccs2)C(=O)Nc2ccc(C(O)(C(F)(F)F)C(F)(F)F)cc2)nc1,0.026017101,val
CCS(=O)(=O)c1ccc(C(CC(=O)N(C)C)C(=O)Nc2ccc(C(O)(C(F)(F)F)C(F)(F)F)cc2)cc1,0.13540046,train
CCS(=O)(=O)c1ccc(C(Cn2cccn2)C(=O)Nc2ccc(C(O)(C(F)(F)F)C(F)(F)F)cc2)cc1,0.25134504,test
CCS(=O)(=O)c1ccc2c(c1)CN(C(C)=O)C2C(=O)Nc1ccc(C(O)(C(F)(F)F)C(F)(F)F)cc1,0.03653512,train
CC(=O)N1Cc2cc(S(=O)(=O)CC3CC3)ccc2C1C(=O)Nc1ccc(C(O)(C(F)(F)F)C(F)(F)F)cc1,0.017135695,train
COC(=O)N1Cc2cc(S(C)(=O)=O)ccc2C1C(=O)Nc1ccc(C(O)(C(F)(F)F)C(F)(F)F)cc1,0.03868712,train
COCC(=O)N1Cc2cc(S(=O)(=O)CC3CC3)ccc2C1C(=O)Nc1ccc(C(O)(C(F)(F)F)C(F)(F)F)cc1,0.023438236,train
CC(=O)N1CCN([C@H]2C[C@@H](n3cc(-c4ccc(Cl)c(N)c4)c4c(N)ncnc43)C2)CC1,0.7926612,train
COC(=O)N[C@H]1CC[C@@H](n2cc(-c3ccc(Cl)c(N)c3)c3c(N)ncnc32)CC1,0.924998,train
COC(=O)NC12CCC(n3cc(-c4ccc(Cl)c(N)c4)c4c(N)ncnc43)(CC1)CC2,0.9582949,train
COC(=O)NC12CCC(n3cc(-c4cc(N)c(Cl)cc4F)c4c(N)ncnc43)(CC1)CC2,0.886942,train
Cc1ccc(Oc2ccc(-c3nnn(CCN)n3)cc2)cc1,0.8746365,train
NCCn1nnc(-c2ccc(Oc3ccc(Cl)cc3)cc2)n1,0.9719516,train
NCCCn1nnc(-c2ccc(Oc3ccc(Cl)cc3)cc2)n1,0.98997855,train
CCNC(=O)c1cc(Cc2cccc3[nH]ccc23)nc(-c2cn(C)nn2)c1,0.13323943,train
C[C@H](Oc1ccc(C(=O)NC2CC2)cc1-c1cn(C)nn1)c1ccccn1,0.031264193,val
Cc1cc(C#N)cc(C)c1Oc1nc(NC2CCN(Cc3ccc(C(N)=O)cc3)CC2)ncc1-c1ccncc1,0.98382205,val
COc1ccc(-c2ccc(CO[C@H]3C[C@@H](N=C=S)C3)nc2)cc1F,0.035333607,train
CC(=O)NC[C@@H]1OC(=O)N2Cc3cc(-c4ccc(C#N)nc4)c(F)cc3O[C@@H]12,0.041626114,test
CCN1CCN(c2ccc(Nc3ncc4scc(-c5cccc(NS(C)(=O)=O)c5)c4n3)cc2)CC1,0.98880494,train
COc1ccc(CCNCCCNc2nc3ccccc3n2Cc2ccc(F)cc2)cc1,0.9998865,train
N#Cc1ccc(CCN2CCC(Nc3nc4ccccc4[nH]3)CC2)cc1,0.9961958,train
N#Cc1ccc(CCN2CCC(Nc3nc4ccccc4n3Cc3ccc(C#N)cc3)CC2)cc1,0.999966,train
CS(=O)(=O)c1ccc(Cn2c(NC3CCN(CCc4ccc(C#N)cc4)CC3)nc3ccccc32)cc1,0.99978644,train
N#Cc1ccc(CCN2CCC(Nc3nc4ccccc4n3Cc3ccc(C(=O)O)cc3)CC2)cc1,0.96129286,train
N#Cc1ccc(CCN2CCC(Nc3nc4ccccc4n3Cc3ccc(C(F)(F)F)nc3)CC2)cc1,0.99965847,train
N#Cc1ccc(CCN2CCC(Nc3nc4ccccc4n3Cc3ccc(C#N)c(F)c3)CC2)cc1,0.9999558,train
O=C(c1ccc(CCN2CCC(Nc3nc4ccccc4n3Cc3ccc(F)cc3)CC2)cc1)N1CCNCC1,0.9982152,test
Fc1cc(F)c(F)c(-c2ccc(N[C@H]3C[C@@H]4CN(CC5CCOCC5)C[C@@H]4C3)nn2)c1,0.99991167,val
COc1nc(C2=NC(c3ccc(Cl)cc3)C(C3CC3)ON2)ccc1-n1cnc(C)c1,0.9974456,val
COc1ccc2ncc(F)c(C(O)C[C@H]3OC[C@H](NCc4ccc5c(c4)OCCO5)CO3)c2c1,0.5900471,train
CNC(=O)c1cc(-n2ncc3cc(Oc4ccccc4Cl)ccc32)cs1,0.9706153,test
CNC(=O)c1cc(-n2ncc3cc(Nc4c(F)cccc4Cl)cnc32)cs1,0.76728815,val
Cc1nc2c(cnn2-c2csc(C(=O)NC3COC3)c2)cc1Nc1c(F)cccc1Cl,0.36590433,train
Cc1cc(C)cc(OCc2cncc(-c3cc(C)cc(C)c3)c2N2CCC(N)CC2)c1,0.99651706,test
Cc1cc(C)cc(CNc2cncc(-c3cc(C)cc(C)c3)c2N2CCC(N)CC2)c1,0.9931619,val
Cc1cc(C)cc(NC(=O)c2cncc(-c3cc(C)cc(C)c3)c2N2CCC(N)CC2)c1,0.9968244,val
Cc1cc(C)cc(C(=O)Nc2cncc(-c3cc(C)cc(C)c3)c2N2CCC(N)CC2)c1,0.9795685,train
Cc1cc(C)cc(-c2cncc(-c3nc4c(C)cc(C)cc4[nH]3)c2N2CCC(N)CC2)c1,0.99933976,train
NC1CCN(c2c(NC(=O)c3ccccc3)cncc2-c2cc(Cl)cc(Cl)c2)CC1,0.978986,train
NC1CCN(c2c(NC(=O)c3cn4ccccc4n3)cncc2-c2cc(Cl)cc(Cl)c2)CC1,0.9736434,val
Cn1ncc(C(=O)Nc2cncc(-c3cc(Cl)cc(Cl)c3)c2N2CCC(N)CC2)c1C(F)(F)F,0.9126729,test
Cc1cc(C(=O)Nc2cncc(-c3cc(Cl)cc(Cl)c3)c2N2CCC(N)CC2)n(C)n1,0.95514286,train
Cc1cc(C)cc(-c2cncc(-c3nc4ccccc4[nH]3)c2N2CCC(N)CC2)c1,0.9960033,train
Cc1cc(C)cc(-c2cncc(-c3nc4cc(C#N)ccc4[nH]3)c2N2CCC(N)CC2)c1,0.99805176,train
Cc1cc(C)cc(-c2cncc(-c3nc4cc(Cl)ccc4[nH]3)c2N2CCC(N)CC2)c1,0.9985783,train
Cc1cc(C)cc(-c2cncc(-c3nc4cc(C(F)(F)F)ccc4[nH]3)c2N2CCC(N)CC2)c1,0.9988771,train
Cc1cc(C)cc(-c2cncc(-c3nc4cc(C)ccc4[nH]3)c2N2CCC(N)CC2)c1,0.9973622,train
Cc1cc(C)cc(-c2cncc(-c3nc4cc(F)ccc4[nH]3)c2N2CCC(N)CC2)c1,0.99766064,train
NC1CCN(c2c(-c3cc(F)cc(Cl)c3)cncc2-c2nc3cc(F)ccc3[nH]2)CC1,0.99794275,train
Cc1cc(F)cc(-c2cncc(-c3nc4cc(F)ccc4[nH]3)c2N2CCC(N)CC2)c1,0.99697447,train
COc1cc(F)cc(-c2cncc(-c3nc4cc(F)ccc4[nH]3)c2N2CCC(N)CC2)c1,0.9928678,train
COc1cc(F)cc(-c2cncc(-c3nc4cc(C)ccc4[nH]3)c2N2CCC(N)CC2)c1,0.9919962,train
COc1cc(OC)cc(-c2cncc(-c3nc4cc(C)ccc4[nH]3)c2N2CCC(N)CC2)c1,0.9907827,train
CC[C@@H](NC(=O)c1ccc(Cl)cc1)[C@H]1[C@@H]2C[C@@H](n3cnc4cc(F)c(F)cc43)C[C@@H]21,0.9888783,train
CC(NC(=O)c1ccc(Cl)cc1)[C@H]1[C@@H]2C[C@@H](n3cnc4cc(F)c(F)cc43)C[C@@H]21,0.9882315,train
CCC(c1nc2cc(Cl)ccc2[nH]1)[C@H]1[C@@H]2C[C@@H](c3ccnc4ccc(F)cc34)C[C@@H]21,0.8390981,val
CC(C(=O)Nc1ccc(Cl)cc1)[C@H]1CC[C@@H](c2ccnc3ccc(F)cc32)CC1,0.9729475,val
CCC(NC(=O)c1ccc(Cl)cc1)[C@H]1[C@@H]2C[C@@H](n3cnc4cc(F)ccc43)C[C@@H]21,0.9857603,train
CCC(NC(=O)c1ccc(Cl)cc1)[C@H]1[C@@H]2C[C@@H](n3cnc4ccc(F)cc43)C[C@@H]21,0.9812081,train
CCC(NC(=O)c1ccc(Cl)cc1)[C@H]1[C@@H]2C[C@@H](n3cnc4cccc(F)c43)C[C@@H]21,0.9773831,train
CCC(NC(=O)c1ccc(Cl)cc1)[C@H]1[C@@H]2C[C@@H](n3cnc4ccccc43)C[C@@H]21,0.95826393,train
CCC(NC(=O)c1ccc(Cl)cc1)[C@H]1[C@@H]2C[C@@H](n3cnc4c(F)cccc43)C[C@@H]21,0.98497415,train
CCC(NC(=O)c1ccc(Cl)cc1)[C@H]1[C@@H]2C[C@@H](n3cnc4cc(C#N)ccc43)C[C@@H]21,0.99236876,train
CCC(NC(=O)c1ccc(Cl)cc1)[C@H]1[C@@H]2C[C@@H](n3cnc4c(F)cc(F)cc43)C[C@@H]21,0.9905599,train
CCC(NC(=O)c1ccc(Cl)cc1)[C@H]1[C@@H]2C[C@@H](n3cnc4cc(F)cc(F)c43)C[C@@H]21,0.98807305,train
CCC(NC(=O)c1ccc(Cl)cc1)[C@H]1[C@@H]2C[C@@H](n3cnc4ccc(F)c(F)c43)C[C@@H]21,0.9763925,train
CCC(NC(=O)c1ccc(Cl)cc1)[C@H]1[C@@H]2C[C@@H](n3cnc4cc(F)c(F)cc43)C[C@@H]21,0.9668597,train
CCC(NC(=O)c1ccc(Cl)cc1)[C@H]1[C@@H]2C[C@@H](n3cnc4cc(Cl)c(Cl)cc43)C[C@@H]21,0.9895253,train
CCC(NC(=O)c1ccc(Cl)cc1)[C@H]1[C@@H]2C[C@@H](n3cnc4cnccc43)C[C@@H]21,0.8470729,val
CCC(NC(=O)c1ccc(Cl)cc1)[C@H]1[C@@H]2C[C@@H](n3cnc4ccncc43)C[C@@H]21,0.873877,test
CCC(NC(=O)c1ccc(Cl)cc1)[C@H]1[C@@H]2C[C@@H](n3cnc4cccnc43)C[C@@H]21,0.64470625,train
CCC(NC(=O)c1ccc(Cl)cc1)[C@H]1[C@@H]2C[C@@H](n3cnc4cc(F)cnc43)C[C@@H]21,0.8775662,train
CCC(NC(=O)c1ccc(Cl)cc1)[C@H]1[C@@H]2C[C@@H](n3cnc4cc(C#N)cnc43)C[C@@H]21,0.9284244,train
CCC(NC(=O)c1ccc(Cl)cc1)[C@H]1[C@@H]2C[C@@H](n3cnc4ncc(C#N)cc43)C[C@@H]21,0.97633505,train
O=C(NC[C@@H]1[C@H]2C[C@H](n3cnc4cc(F)c(F)cc43)C[C@@H]12)c1ccc(Cl)cc1,0.9341065,train
Fc1cc2ncn([C@H]3C[C@@H]4[C@@H](CNC(c5ccc(Cl)cc5)C(F)(F)F)[C@@H]4C3)c2cc1F,0.5872799,test
CC[C@@H](NC(=O)c1ccc(Cl)cc1)[C@H]1[C@@H]2C[C@@H](n3c(C)nc4ccc(F)cc43)C[C@@H]21,0.99917656,train
CC[C@@H](NC(=O)c1ccc(Cl)cc1)[C@H]1[C@@H]2C[C@@H](n3cnc4ccc(Cl)cc43)C[C@@H]21,0.9977653,train
CC[C@@H](NC(=O)c1ccc(Cl)cc1)[C@H]1[C@@H]2C[C@@H](n3cnc4ccc(C#N)cc43)C[C@@H]21,0.9963403,train
CC[C@@H](NC(=O)c1ccc(C#N)cc1)[C@H]1[C@@H]2C[C@@H](n3cnc4ccc(Cl)cc43)C[C@@H]21,0.9963003,train
CC[C@@H](NC(=O)c1ccc(C#N)cc1)[C@@H]1[C@@H]2C[C@@H](n3cnc4ccc(C#N)cc43)C[C@@H]21,0.84255135,train
CC[C@@H](NC(=O)c1ccc(Cl)c(F)c1)[C@H]1[C@@H]2C[C@@H](n3cnc4cc(F)c(F)cc43)C[C@@H]21,0.95881695,train
CC[C@@H](NC(=O)c1ccc(C#N)cc1)[C@H]1[C@@H]2C[C@@H](n3cnc4cc(F)c(F)cc43)C[C@@H]21,0.9755117,train
C[C@@H](NC(=O)c1ccc(Cl)cc1)[C@H]1[C@@H]2C[C@@H](n3cnc4cc(F)c(F)cc43)C[C@@H]21,0.99317604,train
CC(C)(NC(=O)c1ccc(Cl)cc1)[C@H]1[C@@H]2C[C@@H](n3cnc4cc(F)c(F)cc43)C[C@@H]21,0.9146844,train
O=C(N[C@H](C1CC1)[C@H]1[C@@H]2C[C@@H](n3cnc4cc(F)c(F)cc43)C[C@@H]21)c1ccc(Cl)cc1,0.92407185,test
C[C@@H](NC(=O)c1ccc(C#N)cc1)[C@H]1[C@@H]2C[C@@H](n3cnc4cc(F)c(F)cc43)C[C@@H]21,0.9851194,train
CC[C@@H](NC(=O)C12CC(F)(C1)C2)[C@H]1[C@@H]2C[C@@H](n3cnc4cc(F)c(F)cc43)C[C@@H]21,0.02634195,train
CC[C@@H](NC(=O)c1ccc(Cl)cc1)[C@H]1[C@@H]2C[C@@H](n3cnc4ccc(F)cc43)C[C@@H]21,0.9936273,train
CC[C@H](NC(=O)c1ccc(Cl)cc1)[C@@H]1[C@@H]2C[C@@H](n3cnc4ccc(F)cc43)C[C@@H]21,0.064839356,train
COc1ccc(-c2ccc(C(=O)O)cc2C)cc1-c1ccc(C(F)(F)F)cc1CN1C(=O)O[C@H](c2cc(C(F)(F)F)cc(C(F)(F)F)c2)[C@@H]1C,0.5653982,train
Cc1cc(C(=O)O)ccc1-c1ccc(Cl)c(-c2ccc(C(F)(F)F)cc2CN2C(=O)O[C@H](c3cc(C(F)(F)F)cc(C(F)(F)F)c3)[C@@H]2C)c1,0.62225914,train
COc1ncc(-c2ccc(C(=O)O)cc2C)cc1-c1ccc(C(F)(F)F)cc1CN1C(=O)O[C@H](c2cc(C(F)(F)F)cc(C(F)(F)F)c2)[C@@H]1C,0.6051785,test
COc1ncc(-c2ccc(C(=O)O)cc2C)cc1-c1ccc(C(F)(F)F)nc1CN1C(=O)O[C@H](c2cc(C(F)(F)F)cc(C(F)(F)F)c2)[C@@H]1C,0.09077386,train
COc1ccc(-c2ccc(C(=O)O)cc2C)cc1-c1cnc(N(C)C)nc1CN1C(=O)O[C@H](c2cc(C(F)(F)F)cc(C(F)(F)F)c2)[C@@H]1C,0.1143779,train
COc1ccc(-c2ccc(C(=O)O)cc2C)cc1-c1cnc(N2CC(F)C2)nc1CN1C(=O)O[C@H](c2cc(C(F)(F)F)cc(C(F)(F)F)c2)[C@@H]1C,0.2125312,val
COc1ccc(-c2ccc(C(=O)O)cc2C)cc1-c1cnc(N2CCOCC2)nc1CN1C(=O)O[C@H](c2cc(C(F)(F)F)cc(C(F)(F)F)c2)[C@@H]1C,0.06343605,test
CCc1ncc(-c2cc(-c3ccc(C(=O)O)cc3C)ccc2OC)c(CN2C(=O)O[C@H](c3cc(C(F)(F)F)cc(C(F)(F)F)c3)[C@@H]2C)n1,0.05333752,train
COc1ccc(-c2ccc(C(=O)O)cc2C)cc1-c1cnc(N(C)C)nc1CN1C(=O)O[C@H](c2cccc(C(F)(F)F)c2)[C@@H]1C,0.084186785,train
COc1ccc(-c2ccc(C(=O)O)cc2C)cc1-c1cnc(N(C)C)nc1CN1C(=O)O[C@H](c2cccc(OC(F)(F)F)c2)[C@@H]1C,0.0614371,train
COc1ccc(-c2ccc(C(=O)O)cc2C)cc1-c1cnc(N(C)C)nc1CN1C(=O)O[C@H](c2ccc(OC(F)(F)F)cc2)[C@@H]1C,0.11287568,train
COc1ccc(-c2ccc(C(=O)O)cc2C)cc1-c1cnc(N(C)C)nc1CN1C(=O)O[C@H](c2cccc(Cl)c2)[C@@H]1C,0.12864643,train
COc1ccc(-c2ccc(C(=O)O)cc2C)cc1-c1cnc(N(C)C)nc1CN1C(=O)O[C@H](c2cc(Cl)cc(C(F)(F)F)c2)[C@@H]1C,0.16461717,train
COc1ccc(-c2ccc(C(=O)O)cc2C)cc1-c1cnc(N(C)C)nc1CN1C(=O)O[C@H](c2cc(F)cc(C(F)(F)F)c2)[C@@H]1C,0.078120254,train
COc1ccc(-c2ccc(C(=O)O)cc2C)cc1-c1cnc(N(C)C)nc1CN1C(=O)O[C@H](c2cc(Cl)cc(Cl)c2)[C@@H]1C,0.20227881,train
COc1ccc(-c2ccc(C(=O)O)cc2C)cc1-c1cnc(N(C)C)nc1CN1C(=O)O[C@H](c2cc(F)cc(F)c2)[C@@H]1C,0.072683714,train
COc1ccc(-c2ccc(C(=O)O)cc2C)cc1-c1cnc(N(C)C)nc1CN1C(=O)O[C@H](c2cccc(C(F)(F)F)n2)[C@@H]1C,0.018205015,test
O=S(=O)(c1cccc(F)c1)n1ccc2c(N3CCNCC3)nc3ccccc3c21,0.990901,test
NC(=O)c1ccn(-c2ccc(NCC3(c4ncccc4F)CCC3)nn2)c1,0.07787067,train
CN1CCN(Nc2cccc3c2C[C@@H](CN(C)[C@H]2CCCc4cccnc42)NC3)CC1,0.807766,val
CCS(=O)(=O)[C@]1(C)CC[C@@](CF)(c2cc(NC(=O)c3cc4c(cn3)OC(F)(F)O4)ccc2F)N=C1N,0.68742085,test
C[C@H]1CC[C@H](Cn2c(N3CCO[C@@H]4CCC[C@H]43)nc3cc(-c4nc(=O)o[nH]4)nc(-c4cncc(Cl)c4)c32)CC1,0.40431127,val
CCCC(N)C(=O)NCCc1ccc(-c2ccc(Cl)c(Cl)c2)cc1,0.83406967,train
COc1cc(OC)cc(-c2nn(CCCCCN3CCN(C(=O)/C=C/C(F)(F)F)CC3)c3ncnc(N)c23)c1,0.97017014,train
CCC(=O)N(CC1(N2CCN(Cc3ccccc3)CC2)CC1)c1ccccc1F,0.9131059,train
CCC(=O)N(CC1(N2CCN(Cc3ccccc3)CC2)CC1)c1cccc(F)c1,0.9707373,train
CCC(=O)N(CC1(N2CCN(Cc3ccccc3)CC2)CC1)c1cccc(C(F)(F)F)n1,0.98206204,test
CCC(=O)N(CC1(N2CCN(Cc3ccccc3)CC2)COC1)c1ccccc1,0.8227767,val
CCC(=O)N(CC1(N2CCN(Cc3ccccc3)CC2)CCOCC1)c1ccccc1,0.7940556,train
CCC(=O)N(CC1(N2CCN(Cc3ccccc3)CC2)CCOCC1)c1cccc(C(F)(F)F)n1,0.94291145,train
CCC(=O)N(CC1(N2CCN(Cc3ccccc3)CC2)CCSCC1)c1cccc(C(F)(F)F)n1,0.9930906,test
CCC(=O)N(CC1(N2CCN(Cc3ccccc3)CC2)CCOC(C)(C)C1)c1cccc(C(F)(F)F)n1,0.9699543,train
CCC(=O)N(CC1(N2CC3CN(Cc4ccccc4)CC3C2)CCOCC1)c1cccc(C(F)(F)F)n1,0.979119,val
CCC(=O)N(CC1(C2CCN(Cc3ccccc3)CC2)CCOCC1)c1cccc(C(F)(F)F)n1,0.9517492,test
CCCCN1CCN(C2(CN(C(=O)CC)c3cccc(C(F)(F)F)n3)CCOCC2)CC1,0.9199601,train
CCC(=O)N(CC1(N2CCN(CCOCC(C)C)CC2)CCOCC1)c1cccc(C(F)(F)F)n1,0.9690544,train
CCC(=O)N(CC1(N2CCN(CCOc3ccccc3)CC2)CCOCC1)c1cccc(C(F)(F)F)n1,0.94679236,test
CCC(=O)N(CC1(N2CCN(CCOCC(F)(F)F)CC2)CCOCC1)c1cccc(C(F)(F)F)n1,0.889834,train
CCCOCCN1CCN(C2(CN(C(=O)CC)c3cccc(C(F)(F)F)n3)CCOCC2)CC1,0.9429568,train
O=C1c2nc3cccc(-c4ccccc4)c3n2CCN1CC1CC1,0.11517647,train
O=C1c2nc3cccc(-c4cccc(F)c4)c3n2CCN1CC1CC1,0.32638526,train
O=C1c2nc3cccc(-c4ccc(F)cc4)c3n2CCN1CC1CC1,0.23671795,train
O=C1c2nc3cccc(-c4ccc(Cl)cc4)c3n2CCN1CC1CC1,0.5174656,train
O=C1c2nc3cccc(Cl)c3n2CCN1CC1CC1,0.101378344,train
O=C1c2nc3cccc(Br)c3n2CCN1CC1CC1,0.06451924,train
O=C1c2nc3cccc(C(F)(F)F)c3n2CCN1CC1CC1,0.12458882,train
O=C1c2nc3cccc(Br)c3n2CCN1Cc1ccccc1,0.2625168,train
O=C1c2nc3cccc(Br)c3n2CCN1Cc1ccccc1F,0.17375502,train
O=C1c2nc3cccc(Br)c3n2CCN1Cc1ccc(F)cc1,0.49526334,train
O=C1c2nc3cccc(Br)c3n2CCN1Cc1ccc(Cl)cc1,0.7408805,train
O=C1c2nc3cccc(Br)c3n2CCN1Cc1ccc(Cl)cc1F,0.5988178,train
O=C1c2nc3cccc(C(F)(F)F)c3n2CCN1Cc1ccc(Cl)cc1,0.90986925,train
O=C1c2nc3cccc(Br)c3n2CCN1CC1CCC1,0.07091984,train
O=C1c2nc3cccc(C(F)(F)F)c3n2CCN1CC1CCC1,0.12932833,train
O=C1c2nc3cccc(C(F)(F)F)c3n2CCN1CC1CC2CCC1C2,0.7899567,train
N=C1N[C@@]2(c3cc(NC(=O)c4ccc(F)cn4)ccc3F)CN(c3ncc(F)cn3)C[C@H]2CS1,0.9877594,train
N=C1N[C@@]2(c3cc(NC(=O)c4ncc(F)cc4F)ccc3F)CN(c3ncc(F)cn3)C[C@H]2CS1,0.98895603,train
COc1cnc(C(=O)Nc2ccc(F)c([C@]34CN(c5ncc(F)cn5)C[C@H]3CSC(=N)N4)c2)cn1,0.95018333,train
CO[C@]1(C)C[C@H](O[C@@H]2C(C)C(=O)NC(C(C)C)C(=O)N[C@H](Cc3ccc(NC(=O)C(Cc4ccccc4Cl)NC(=O)Nc4ccccc4)cc3)CC(=O)N(C)C[C@H](C)C[C@@](C)(O)[C@H](O[C@@H]3O[C@H](C)C[C@H](N(C)C)[C@H]3O)[C@H]2C)O[C@@H](C)[C@@H]1O,0.434862,train
O=C1NC2(CC2)COc2ncc(F)cc2[C@H]2CNCCN2c2ccn3ncc1c3n2,0.057252243,test
O=C1NC2(CC2)COc2ncc(F)cc2[C@H]2COCCN2c2ccn3ncc1c3n2,0.005392101,val
Cc1cnc2c(-c3ccc(C(=O)N(c4ncccc4C)[C@@H]4CCCNC4)cc3F)cnn2c1,0.106861696,val
C[C@]1(COc2ccc(OC(F)(F)F)cc2)CCn2cc([N+](=O)[O-])nc2O1,0.9773127,train
C[C@@]1(COc2ccc(OC(F)(F)F)cc2)CCn2cc([N+](=O)[O-])nc2O1,0.9909837,train
C=CC(=O)N1C(=O)CC(c2ccc(F)cc2)Sc2ccccc21,0.14285794,train
O=c1ccc2c([nH]1)CCC(NCCNc1c3c(nc4cc(Cl)ccc14)CCCC3)C2,0.4447564,val
O=c1ccc2c([nH]1)CCC(NCCCNc1c3c(nc4cc(Cl)ccc14)CCCC3)C2,0.5675627,val
O=c1ccc2c([nH]1)CCC(NCCCCNc1c3c(nc4cc(Cl)ccc14)CCCC3)C2,0.59960955,test
O=c1ccc2c([nH]1)CCC(NCCCCCNc1c3c(nc4cc(Cl)ccc14)CCCC3)C2,0.8992474,test
O=c1ccc2c([nH]1)CCC(NCCCCCCNc1c3c(nc4cc(Cl)ccc14)CCCC3)C2,0.8986319,train
O=c1ccc2c([nH]1)CCC(NCCCCCCCNc1c3c(nc4cc(Cl)ccc14)CCCC3)C2,0.9369369,train
O=c1ccc2c([nH]1)CCC(NCCCCCCCCNc1c3c(nc4cc(Cl)ccc14)CCCC3)C2,0.957895,train
O=c1ccc2c([nH]1)CCC(NCCCCCCCCCNc1c3c(nc4cc(Cl)ccc14)CCCC3)C2,0.9718969,train
O=c1ccc2c([nH]1)CCC(NCCCCCCCCCCNc1c3c(nc4cc(Cl)ccc14)CCCC3)C2,0.9812727,train
CNC(=O)c1c(-c2ccc(O)cc2)oc2ccc(O)c(CN3CCCCC3)c12,0.3956638,train
CNC(=O)c1c(-c2ccc(O)cc2)oc2ccc(O)c(CN3CCCC3)c12,0.38532162,val
CNC(=O)c1c(-c2ccc(O)cc2)oc2ccc(O)c(CN3CC4(CCO4)C3)c12,0.17467222,test
CNC(=O)c1c(-c2ccc(O)cc2)oc2ccc(O)c(CN3CCC4(CCO4)C3)c12,0.4203952,train
CNC(=O)c1c(-c2ccc(O)cc2)oc2ccc(O)c(CN3CC4(CCOC4)C3)c12,0.21173845,train
CNC(=O)c1c(-c2ccc(O)cc2)oc2ccc(O)c(CN3CCC(F)CC3)c12,0.40713713,train
CN(C)C(=O)c1c(-c2ccc(O)cc2)oc2ccc(O)c(CN3CCC4(COC4)C3)c12,0.36104718,train
O=C(c1c(-c2ccc(O)cc2)oc2ccc(O)c(CN3CCC4(COC4)C3)c12)N1CCC1,0.37627482,train
O=C(c1c(-c2ccc(O)cc2)oc2ccc(O)c(CN3CCC4(COC4)C3)c12)N1CC(F)C1,0.63746214,train
CC(=O)c1c(-c2ccc(O)cc2)oc2ccc(O)c(CN3CCC4(COC4)C3)c12,0.38404903,train
Oc1ccc(-c2cc3c(CN4CCC5(COC5)C4)c(O)ccc3o2)cc1,0.71530277,train
CNC(=O)c1c(-c2ccccc2)oc2ccc(O)c(CN3CCC4(COC4)C3)c12,0.42206442,train
CNC(=O)c1c(-c2ccc(OC)cc2)oc2ccc(O)c(CN3CCC4(COC4)C3)c12,0.35436007,train
CNC(=O)c1c(-c2ccc3[nH]ccc3c2)oc2ccc(O)c(CN3CCC4(COC4)C3)c12,0.2787308,val
CNC(=O)c1c(-c2ccc(O)c(F)c2)oc2ccc(O)c(CN3CCC4(COC4)C3)c12,0.30040732,train
CNC(=O)c1c(-c2ccc(O)c(C)c2)oc2ccc(O)c(CN3CCC4(COC4)C3)c12,0.33416826,train
CNC(=O)c1c(-c2ccc(O)cc2C)oc2ccc(O)c(CN3CCC4(COC4)C3)c12,0.36388803,train
O=C(c1c(-c2ccc(O)cn2)oc2ccc(O)c(CN3CCCCC3)c12)N1CCC1,0.23424192,train
O=C(c1c(-c2ccc(O)cn2)oc2ccc(O)c(CN3CCCCC3)c12)N1CC(F)C1,0.3167381,train
CC(=O)c1c(-c2ccc(O)cn2)oc2ccc(O)c(CN3CCCC3)c12,0.18685268,test
CC(=O)c1c(-c2cc(C)c(O)cn2)oc2ccc(O)c(CN3CCC3)c12,0.16384102,test
CNC(=O)c1c(-c2ccc(O)cc2)oc2ccc(O)c(CN3CCC3)c12,0.36834273,train
CNCCNC(=O)c1cc2c([nH]c3c(C)cccc32)c(-c2ccc(Cl)c(Cl)c2)n1,0.8944041,train
O=C(NCCN1CCCCC1)c1cccn2c(=O)c3ccc4ccccc4c3nc12,0.6974329,val
CCN(CC)CCNC(=O)c1cccn2c(=O)c3ccc4ccccc4c3nc12,0.5365492,train
CN(C)CCNC(=O)c1cccn2c(=O)c3ccc4ccccc4c3nc12,0.31934673,train
O=C(NCCN1CCCC1)c1cccn2c(=O)c3ccc4ccccc4c3nc12,0.6611705,train
O=C(NCCN1CC[C@@H](F)C1)c1cccn2c(=O)c3ccc4ccccc4c3nc12,0.69610286,train
CN(C)CCCNC(=O)c1cccn2c(=O)c3ccc4ccccc4c3nc12,0.5519383,train
O=C(NCCCN1CCCC1)c1cccn2c(=O)c3ccc4ccccc4c3nc12,0.8233093,train
O=C(NC1CNC1)c1cccn2c(=O)c3ccc4ccccc4c3nc12,0.4535614,val
CN1CCC(NC(=O)c2cccn3c(=O)c4ccc5ccccc5c4nc23)CC1,0.40310863,test
Cc1ccc(NC(=O)c2ccnc(C(F)(F)F)c2)cc1-c1ccc2c(c1)OC1(CCOCC1)CC(=O)N2,0.067194715,val
Cc1ccc(NC(=O)c2cc(C(F)(F)F)cnn2)cc1-c1ccc2c(c1)OC1(CCOCC1)CC(=O)N2,0.041445285,train
CC(C(=O)O)n1nc(Cn2cc3cc(OCC4CC4)c(Cl)cc3n2)c2ccccc2c1=O,0.019766452,train
Nc1nc(-c2cccc(-n3ccc4cc(C5CC5)cc(F)c4c3=O)c2CO)c2cc(C3=CCN(C4COC4)CC3)[nH]c2n1,0.32724237,train
Cc1noc(C)c1-c1cnc2c3ccc(C(C)(C)O)cc3n([C@H](c3ccccc3)C3CCOCC3)c2c1,0.5092298,val
Cc1nnn(C)c1-c1cnc2c3ccc(C(C)(C)O)cc3n([C@H](c3ccccc3)C3CCOCC3)c2c1,0.035428114,train
C[C@@]1(c2nc(NC(=O)c3ncc(C(F)(F)F)cc3Cl)ccc2F)CO[C@@](C)(C(F)(F)F)C(=N)N1,0.6988876,train
COCc1nc2cnc3cc(-c4c(C)noc4C)c(OC[C@H]4CCNC4)cc3c2n1[C@H](C)c1ccccc1,0.6409771,val
N#Cc1ccc(COc2cccc(C3CCN(Cc4nc5ccc(C(=O)O)cc5n4C[C@@H]4CCO4)CC3)n2)c(F)c1,0.5468874,train
O=C(O)c1cc(F)c2nc(CN3CCN(c4cccc(OCc5ccc(Cl)c6cc(F)oc56)n4)C=N3)n(C[C@@H]3CCO3)c2c1,0.22015437,train
O=C(O)c1cc(F)c2nc(CN3CCN(c4cccc(OCc5ccc(Cl)c6c5OCC6)n4)C=N3)n(C[C@@H]3CCO3)c2c1,0.21956696,train
COc1cc2c(cc1-c1c(C)noc1C)ncc1[nH]c(=O)n([C@H](C)c3ccccn3)c12,0.42702913,train
CCn1cnc2c(NCc3ccc(-c4ccoc4)nc3)nc(N3CCOC[C@H]3CCO)nc21,0.003341228,train
COC1CCC2(CC1)Cc1ccc(C#N)cc1C21N=C(N)N(CC2CCCO2)C1=O,0.9479824,val
C[C@H]1OC(=O)[C@]2(C(N)=O)CC(F)(F)[C@@H](C)[C@H](/C=C/c3ccc(-c4ccccc4C#N)cn3)[C@H]12,0.003012481,train
Cc1cccc(-c2ccc(/C=C/[C@@H]3[C@@H]4[C@@H](C)OC(=O)[C@]4(C(N)=O)CC(F)(F)[C@H]3C)nc2)c1F,0.0036964987,train
Cc1c(F)cccc1-c1ccc(/C=C/[C@@H]2[C@@H]3[C@@H](C)OC(=O)[C@]3(C(N)=O)CC(F)(F)[C@H]2C)nc1,0.0023365205,train
Cc1nc(/C=C/[C@@H]2[C@@H]3[C@@H](C)OC(=O)[C@]3(C(N)=O)CC(F)(F)[C@H]2C)ccc1-c1ccccc1C#N,0.002892322,train
C[C@H]1OC(=O)[C@]2(CC(N)=O)CC(F)(F)[C@@H](C)[C@H](/C=C/c3ccc(-c4ccccc4C#N)cn3)[C@H]12,0.0057025803,train
C[C@H]1OC(=O)[C@]2(CC(N)=O)CC(F)(F)[C@@H](C)[C@H](/C=C/c3ccc(-c4cccc(F)c4)cn3)[C@H]12,0.008942433,train
CC(C(N)=O)[C@@]12CC(F)(F)[C@@H](C)[C@H](/C=C/c3ccc(-c4ccccc4C#N)cn3)[C@@H]1[C@@H](C)OC2=O,0.025857773,train
C[C@H]1OC(=O)[C@]2(C(N)=O)CC(F)(F)[C@@H](C)[C@H](/C=C/c3ccc(-c4cccc5c4OC(F)(F)O5)cn3)[C@H]12,0.0012525074,train
C[C@H]1OC(=O)[C@]2(C(N)=O)CC(F)(F)[C@@H](C)[C@H](/C=C/c3ccc(-c4cccnc4C#N)cn3)[C@H]12,0.0012839779,train
C[C@H]1OC(=O)[C@]2(N3CC(C(N)=O)C3)CC(F)(F)[C@@H](C)[C@H](/C=C/c3ccc(-c4ccccc4C#N)cn3)[C@H]12,0.021313982,train
C[C@H]1OC(=O)[C@]2(N3CC(C(N)=O)C3)CC(F)(F)[C@@H](C)[C@H](/C=C/c3ccc(-c4cccc(F)c4)cn3)[C@H]12,0.033331532,train
C[C@H]1OC(=O)[C@]2(CCC(N)=O)CC(F)(F)[C@@H](C)[C@H](/C=C/c3ccc(-c4ccccc4C#N)cn3)[C@H]12,0.011465964,train
C[C@H]1OC(=O)[C@]2(CCC(N)=O)CC(F)(F)[C@@H](C)[C@H](/C=C/c3ccc(-c4cccnc4C#N)cn3)[C@H]12,0.0049109138,train
COc1ncccc1-c1ccc(/C=C/[C@@H]2[C@@H]3[C@@H](C)OC(=O)[C@]3(CC(N)=O)CC(F)(F)[C@H]2C)nc1,0.0029581673,train
C[C@H]1OC(=O)[C@]2(CC(N)=O)CC(F)(F)[C@@H](C)[C@H](/C=C/c3ccc(-c4cccnc4C#N)cn3)[C@H]12,0.0024343205,train
C[C@H]1OC(=O)[C@]2(NCC(N)=O)CC(F)(F)[C@@H](C)[C@H](/C=C/c3ccc(-c4ccccc4C#N)cn3)[C@H]12,0.02241455,train
COC(C(N)=O)[C@@]12CC(F)(F)[C@@H](C)[C@H](/C=C/c3ccc(-c4ccccc4C#N)cn3)[C@@H]1[C@@H](C)OC2=O,0.008301269,train
C[C@H]1OC(=O)[C@]2(C(O)C(N)=O)CC(F)(F)[C@@H](C)[C@H](/C=C/c3ccc(-c4ccccc4C#N)cn3)[C@H]12,0.014114123,train
C[C@H]1OC(=O)[C@]2(C(C)(C)C(N)=O)CC(F)(F)[C@@H](C)[C@H](/C=C/c3ccc(-c4ccccc4C#N)cn3)[C@H]12,0.008751624,train
Cc1cc(Nc2ncc3c(=O)n(-c4c(Cl)cccc4Cl)ccc3n2)ccc1N1CCNCC1,0.9253722,train
CN1CCC(c2ccc(Nc3ncc4c(=O)n(-c5c(Cl)cccc5Cl)ccc4n3)cc2)CC1,0.936792,test
CN(C)CCc1ccc(Nc2ncc3c(=O)n(-c4c(Cl)cccc4Cl)ccc3n2)cc1,0.9931079,test
COc1cc(Nc2ncc3c(=O)n(-c4c(Cl)cccc4Cl)ccc3n2)ccc1N1CCN(C)CC1,0.9634799,train
CN1CCN(c2ccc(Nc3ncc4c(=O)n(-c5c(Cl)cccc5Cl)ccc4n3)cc2)CC1,0.750008,train
CC(C)N1CCN(c2ccc(Nc3ncc4c(=O)n(-c5c(Cl)cccc5Cl)ccc4n3)cc2)CC1,0.8618078,train
[C-]#[N+]c1ccc(C(=O)N2CCn3c(-c4nc(C)ns4)nnc3[C@H]2C)cc1,0.0023317304,train
FC(F)(F)c1ccc(C(F)(F)CN2CCC(Nc3ncnc4[nH]ncc34)CC2)cc1,0.9079264,train
FC(F)(F)c1ccc(C(F)(F)CN2CCC(Nc3ncnc4[nH]ncc34)CC2)nc1,0.18238632,train
Fc1cc(Cl)cnc1C(F)(F)CN1CCC(Nc2ncnc3[nH]ncc23)CC1,0.57666755,train
Fc1cc(C(F)(F)F)cnc1C(F)(F)CN1CCC(Nc2ncnc3[nH]ncc23)CC1,0.10127043,train
FC(F)(F)c1ccc(C(F)(F)CN2CCC(Nc3ncnc4[nH]ncc34)CC2)cn1,0.06650276,val
FC(F)(CN1CCC(Nc2ncnc3[nH]ccc23)CC1)c1ccc(Cl)cn1,0.8554485,train
Cc1ccc(C(F)(F)CN2CCC(Nc3ncnc4[nH]ccc34)CC2)nc1,0.2538856,train
FC(F)(F)c1ccc(C(F)(F)CN2CCC(Nc3ncnc4[nH]ccc34)CC2)nc1,0.5218592,train
Cc1cnc(C(F)(F)CN2CCC(Nc3ncnc4[nH]ccc34)CC2)cn1,0.016207881,test
FC(F)(F)c1ccc(C(F)(F)CN2CCC(Nc3ncnc4[nH]ccc34)CC2)cn1,0.25861984,train
Cc1ccc(C(F)(F)CN2CCC(Nc3ncnc4[nH]ccc34)CC2)cn1,0.16980878,train
Fc1ccc(C(F)(F)CN2CCC(Nc3ncnc4[nH]ccc34)CC2)cc1,0.93391794,val
NC(=O)N1CCC(c2c(-c3ccc(N)nc3)n(-c3ccc(Cl)cc3)c3cnccc23)CC1,0.88100713,train
NC(=O)N1CCC(c2c(-c3cccnc3)n(-c3ccc(Cl)cc3)c3cnccc23)CC1,0.88428736,train
COc1cc(-c2c(C3CCN(C(N)=O)CC3)c3ccncc3n2-c2ccc(Cl)cc2)ccn1,0.8653111,train
NC(=O)N1CCC(c2c(-c3ccc(N4CCOCC4)nc3)n(-c3ccc(Cl)cc3)c3cnccc23)CC1,0.6842764,train
NC(=O)N1CCC(c2c(-c3cncnc3)n(-c3ccc(Cl)cc3)c3cnccc23)CC1,0.78904796,test
NC(=O)N1CCC(c2c(-c3cc[nH]n3)n(-c3ccc(Cl)cc3)c3cnccc23)CC1,0.6685936,val
Cn1nccc1-c1c(C2CCN(C(N)=O)CC2)c2ccncc2n1-c1ccc(Cl)cc1,0.4285327,test
NC(=O)N1CCC(c2c(-n3cccn3)n(-c3ccc(Cl)cc3)c3cnccc23)CC1,0.8368197,val
Clc1ccc(-n2c(-c3ccncc3)c(C3CCNCC3)c3ccncc32)cc1,0.9420438,train
CN(C)Cc1c(-c2ccncc2)n(-c2ccc(Cl)cc2)c2cnccc12,0.95720243,train
COCC(F)(F)CN1[C@H](c2ccc(NC3CN(CCCF)C3)cc2OC)c2ccc3[nH]ncc3c2C[C@H]1C,0.8453153,train
COCC(C)(F)CN1[C@H](c2ccc(NC3CN(CCCF)C3)cc2OC)c2ccc3[nH]ncc3c2C[C@H]1C,0.9031675,train
C[C@@H]1Cc2c(ccc3[nH]ncc23)[C@@H](c2c(F)cc(NC3CN(CCCF)C3)cc2F)N1CC(F)(F)CO,0.9925344,train
Cc1c(N)cccc1C[C@@H](C)NC(=O)C(F)(F)F,0.055051077,train
COc1cc(NC2CN(CCCF)C2)ccc1[C@@H]1c2ccc3[nH]ncc3c2C[C@@H](C)N1CC(C)(F)F,0.9831608,train
COc1cc(NC2CN(CCCF)C2)ccc1[C@@H]1c2ccc3[nH]ncc3c2C[C@@H](C)N1CC(F)F,0.9987424,train
C[C@@H]1Cc2c(ccc3[nH]ncc23)[C@@H](c2ccc(NC3CN(CCCF)C3)cn2)N1CC(F)F,0.9242366,train
C[C@@H]1Cc2c(ccc3[nH]ncc23)[C@@H](c2ccc(NC3CN(CCCF)C3)cc2)N1CC(F)(F)F,0.97085357,train
COc1cc(NC2CN(CCCF)C2)ccc1[C@@H]1c2ccc3[nH]ncc3c2C[C@@H](C)N1CC(F)(F)F,0.99200976,train
C[C@@H]1Cc2c(ccc3[nH]ncc23)[C@@H](c2ccc(NC3CN(CCCF)C3)c(F)n2)N1CC(F)(F)F,0.84282345,train
C[C@@H]1Cc2c(ccc3[nH]nc(F)c23)[C@@H](c2ccc(NC3CN(CCCF)C3)cn2)N1CC(F)(F)F,0.7521585,train
C[C@@H]1Cc2c(ccc3[nH]nc(F)c23)[C@@H](c2ncc(NC3CN(CCCF)C3)cc2F)N1CC(F)(F)F,0.8896959,train
COc1cc(NC2CN(CCCF)C2)cnc1[C@@H]1c2ccc3[nH]ncc3c2C[C@@H](C)N1CC(F)(F)F,0.97425824,train
C[C@@H]1Cc2c(ccc3[nH]nc(F)c23)[C@@H](c2cnc(NC3CN(CCCF)C3)cn2)N1CC(F)(F)F,0.59510136,train
C[C@@H]1Cc2c(ccc3[nH]nc(F)c23)[C@@H](c2ccc(NC3CN(CCCF)C3)c(F)n2)N1CC(F)(F)F,0.829695,train
C[C@@H]1Cc2c(ccc3[nH]ncc23)[C@@H](c2ccc(NC3CN(CCCF)C3)nc2F)N1CC(F)(F)F,0.9345664,train
C[C@@H]1Cc2c(ccc3[nH]ncc23)[C@@H](c2ccc(NC3CN(CCCF)C3)c(F)c2)N1CC(F)(F)F,0.9543671,train
C[C@@H]1Cc2c(ccc3[nH]ncc23)[C@@H](c2cnc(NC3CN(CCCF)C3)cn2)N1CC(F)(F)F,0.6179875,train
COc1cc(NC2CN(CCCF)C2)ccc1[C@]1(C)c2ccc3[nH]ncc3c2C[C@@H](C)N1CC(F)F,0.99882406,train
C[C@@H]1Cc2c(ccc3[nH]ncc23)[C@@H](c2c(F)cc(NC3CN(CCCF)C3)cc2F)N1CC(F)F,0.9992236,train
C[C@@H]1Cc2c(ccc3[nH]ncc23)[C@@H](c2cnc(NC3CN(CCCF)C3)cn2)N1CC(F)F,0.8537821,train
FCCCN1CC(Nc2ccc([C@@H]3c4ccc5[nH]ncc5c4C[C@@H](C(F)F)N3CC(F)F)nc2)C1,0.9145326,train
COc1cc(N(C)C2CN(CCCF)C2)ccc1[C@@H]1c2ccc3[nH]ncc3c2C[C@@H](C)N1CC1(F)CC1,0.99884546,train
C[C@@H]1Cc2c(ccc3[nH]ncc23)[C@@H](c2ccc(N(C)C3CN(CCCF)C3)cn2)N1CC1(F)CC1,0.95717776,train
COc1cc(NC2CN(CCCF)C2)ccc1[C@@H]1c2ccc3[nH]ncc3c2C[C@@H](C)N1CC(F)(F)CO,0.88600606,train
C[C@@H]1Cc2c(ccc3[nH]ncc23)[C@@H](c2ccc(NC3CN(CCCF)C3)cn2)N1CC(C)(C)F,0.82635695,train
COc1cc(NC2CN(CCCF)C2)ccc1[C@@H]1c2ccc3[nH]ncc3c2C[C@@H](C)N1CC(C)(C)F,0.9918934,train
CC(F)CN1[C@H](c2ccc(NC3CN(CCCF)C3)cn2)c2ccc3[nH]ncc3c2C[C@H]1C,0.9903922,train
COc1cc(NC2CN(CCCF)C2)ccc1[C@@H]1c2ccc3[nH]ncc3c2C[C@@H](C)N1CC(C)F,0.9988356,train
CC(C)CN1[C@H](c2ccc(NC3CN(CCCF)C3)cn2)c2ccc3[nH]ncc3c2C[C@H]1C,0.9985806,train
C[C@@H]1Cc2c(ccc3[nH]ncc23)[C@@H](c2ccc(NC3CN(CCCF)C3)cn2)N1CC(C)(F)F,0.6165106,train
CC1(C)Cc2c(ccc3[nH]ncc23)[C@@H](c2ccc(NC3CN(CCCF)C3)cn2)N1CC(F)F,0.95616364,train
Cc1n[nH]c(C)c1CCn1cc(-c2ccc(Cl)c(OC(F)F)c2)cn1,0.9935761,train
Cc1cc(Cn2cc(-c3ccc(Cl)c(OC(F)F)c3)cn2)n(C)n1,0.9991922,train
Cn1nccc1Cn1cc(-c2ccc(Cl)c(OC(F)F)c2)cn1,0.9979304,train
CCn1ccc(Cn2cc(-c3ccc(Cl)c(OC(F)F)c3)cn2)n1,0.9995852,train
FC(F)Oc1cc(-c2cnn(CCc3cn[nH]c3)c2)ccc1Cl,0.9981571,train
CCn1cc(CCn2cc(-c3ccc(Cl)c(OC(F)F)c3)cn2)cn1,0.9988937,train
FC(F)Oc1cc(-c2cnn(Cc3ccn(C4CCCC4)n3)c2)ccc1Cl,0.99981445,test
Cc1cc(Cn2cc(-c3ccc(Cl)c(OC(F)F)c3)cn2)[nH]n1,0.9990231,train
CCc1cc(Cn2cc(-c3ccc(Cl)c(OC(F)F)c3)cn2)[nH]n1,0.9989335,train
CCCc1cc(Cn2cc(-c3ccc(Cl)c(OC(F)F)c3)cn2)[nH]n1,0.9997427,train
Cc1[nH]ncc1Cn1cc(-c2ccc(Cl)c(OC(F)F)c2)cn1,0.9958845,train
Fc1ccc(-c2cnn(Cc3cc[nH]n3)c2)cc1OC(F)F,0.9985268,train
Cn1cc(Cn2cc(-c3ccc(F)c(OC(F)F)c3)cn2)cn1,0.9990182,train
CCc1[nH]ncc1Cn1cc(-c2ccc(F)c(OC(F)F)c2)cn1,0.9906811,train
FC(F)Oc1cc(Cl)cc(-c2cnn(Cc3cc[nH]n3)c2)c1,0.9996382,train
Cc1cc(Cn2cc(-c3cccc(OC(F)(F)F)c3)cn2)n(C)n1,0.99906176,train
Cn1ccc(Cn2cc(-c3cccc(OC(F)(F)F)c3)cn2)n1,0.99898237,train
Cn1ccc(Cn2cc(-c3ccc(Cl)c(C(F)F)c3)cn2)n1,0.9979674,train
Cc1cc(Cn2cc(-c3ccc(Cl)c(C(F)F)c3)cn2)n(C)n1,0.9980652,train
Cc1n[nH]c(C)c1CCn1cc(-c2ccc(Cl)c(C(F)F)c2)cn1,0.9850114,train
FC(F)c1cc(Cl)cc(-c2cnn(Cc3cc[nH]n3)c2)c1,0.9982893,train
Cc1cc(Cn2cc(-c3ccc(Cl)c(C(F)(F)F)c3)cn2)n(C)n1,0.99872106,train
Cn1ccc(Cn2cc(-c3ccc(F)c(C(F)F)c3)cn2)n1,0.99735993,train
Cc1cc(Cn2cc(-c3ccc(F)c(C(F)F)c3)cn2)n(C)n1,0.9974986,train
Cn1cc(Cn2cc(-c3ccc(F)c(C(F)F)c3)cn2)cn1,0.9984049,train
Cn1nccc1Cn1cc(-c2ccc(F)c(C(F)F)c2)cn1,0.9928429,train
Fc1ccc(-c2cnn(Cc3cc[nH]n3)c2)cc1C(F)F,0.9976109,train
Cc1n[nH]c(C)c1CCn1cc(-c2ccc(F)c(C(F)F)c2)cn1,0.9782427,train
Fc1ccc(-c2cnn(CCc3cn[nH]c3)c2)cc1C(F)F,0.99430555,train
CCn1ccc(Cn2cc(-c3ccc(F)c(C(F)F)c3)cn2)n1,0.9987203,train
Cc1cc(Cn2cc(-c3ccc(F)c(C(F)F)c3)cn2)[nH]n1,0.9969784,train
CCc1cc(Cn2cc(-c3ccc(F)c(C(F)F)c3)cn2)[nH]n1,0.9967026,train
CCCc1cc(Cn2cc(-c3ccc(F)c(C(F)F)c3)cn2)[nH]n1,0.9992083,train
Cc1[nH]ncc1Cn1cc(-c2ccc(F)c(C(F)F)c2)cn1,0.9854643,train
CCc1[nH]ncc1Cn1cc(-c2ccc(F)c(C(F)F)c2)cn1,0.9877365,train
CC(F)(F)c1cc(-c2cnn(Cc3cc[nH]n3)c2)ccc1F,0.9982552,train
Cn1cc(Cn2cc(-c3ccc(F)c(C(C)(F)F)c3)cn2)cn1,0.99883527,train
CCc1[nH]ncc1Cn1cc(-c2ccc(F)c(C(C)(F)F)c2)cn1,0.9925494,train
Fc1cc(-c2cnn(Cc3cc[nH]n3)c2)cc(C(F)F)c1,0.9974137,train
Cc1cc(Cn2cc(-c3cccc(C(F)(F)F)c3)cn2)n(C)n1,0.99835974,train
Cn1ccc(Cn2cc(-c3ccc(C(F)(F)F)cc3)cn2)n1,0.997259,train
Cc1cc(Cn2cc(-c3ccc(C)c(F)c3)cn2)n(C)n1,0.9840949,train
Cc1ccc(-c2cnn(Cc3ccn(C)n3)c2)cc1F,0.9820594,train
Cc1cc(Cn2cc(-c3ccc(F)c(C)c3)cn2)n(C)n1,0.98722655,train
Cc1cc(-c2cnn(Cc3ccn(C)n3)c2)ccc1F,0.9856161,train
Cc1cc(-c2cnn(Cc3cc[nH]n3)c2)ccc1F,0.9893533,train
Cc1cc(Cn2cc(-c3ccc(Cl)c(C)c3)cn2)n(C)n1,0.993363,train
Cc1cc(-c2cnn(Cc3ccn(C)n3)c2)ccc1Cl,0.99284875,train
Cn1ccc(Cn2cc(-c3ccc(Cl)c(F)c3)cn2)n1,0.9935917,train
Cc1cc(Cn2cc(-c3ccc(Cl)c(F)c3)cn2)n(C)n1,0.99413437,train
Cn1ccc(Cn2cc(-c3ccc(F)c(Cl)c3)cn2)n1,0.99055207,train
Cc1cc(Cn2cc(-c3ccc(F)c(Cl)c3)cn2)n(C)n1,0.9915274,train
Cn1ccc(Cn2cc(-c3ccc(Cl)c(Cl)c3)cn2)n1,0.9942253,train
Cc1cc(Cn2cc(-c3ccc(Cl)c(Cl)c3)cn2)n(C)n1,0.99457645,train
Cc1cc(Cn2cc(-c3ccc(Cl)cc3Cl)cn2)n(C)n1,0.9971405,train
Cn1ccc(Cn2cc(-c3ccc(Cl)cc3Cl)cn2)n1,0.9969963,train
c1cc(-c2cnn(Cc3cc[nH]n3)c2)cc(C2CC2)c1,0.99427974,test
CS(=O)(=O)c1cccc(-c2cnn(Cc3cc[nH]n3)c2)c1,0.9597944,train
Cn1cc(Cn2cc(-c3cccc(S(C)(=O)=O)c3)cn2)cn1,0.97385275,train
FS(F)(F)(F)(F)c1cccc(-c2cnn(Cc3cc[nH]n3)c2)c1,0.9999808,train
Cc1n[nH]c(C)c1CCn1cc(-c2ccc(Cl)cc2)cn1,0.97352624,train
Cc1cc(Cn2cc(-c3ccc(Cl)cc3)cn2)n(C)n1,0.996503,train
Cn1ccc(Cn2cc(-c3ccc(Cl)cc3)cn2)n1,0.9963266,train
Cn1nccc1Cn1cc(-c2ccc(Cl)cc2)cn1,0.99168956,train
Clc1ccc(-c2cnn(Cc3cc[nH]n3)c2)cc1,0.99665713,train
Cn1cc(Cn2cc(-c3ccc(Cl)cc3)cn2)cn1,0.9977673,train
Cn1ccc(Cn2cc(-c3ccc(Br)cc3)cn2)n1,0.9966768,train
Cc1cc(Cn2cc(-c3cccc(Br)c3)cn2)n(C)n1,0.994935,train
Cn1ccc(Cn2cc(-c3cccc(Br)c3)cn2)n1,0.9946813,train
Cc1cc(Cn2cc(-c3cc(F)cc(F)c3)cn2)n(C)n1,0.99577445,train
Cc1n[nH]c(C)c1Cn1cc(-c2ccc(Cl)c(OC(F)F)c2)cn1,0.99247944,train
Cc1n[nH]c(C)c1Cn1cc(-c2ccc(F)c(C(F)F)c2)cn1,0.973542,train
Cc1n[nH]c(C)c1Cn1cc(-c2ccc(F)c(C(C)(F)F)c2)cn1,0.98492026,train
CCc1c[nH]nc1Cn1cc(-c2ccc(F)c(OC(F)F)c2)cn1,0.99214244,train
CCc1c[nH]nc1Cn1cc(-c2ccc(F)c(C(F)F)c2)cn1,0.98960006,train
CC(F)(F)c1cccc(-c2cnn(Cc3cc[nH]n3)c2)c1,0.99713767,train
FC(F)Oc1cccc(-c2cnn(Cc3cc[nH]n3)c2)c1,0.9987907,train
CCn1cncc1Cn1cc(-c2ccc(Cl)c(C(F)F)c2)cn1,0.98543674,train
CCn1cncc1Cn1cc(-c2ccc(F)c(C)c2)cn1,0.8700439,train
CCn1cncc1Cn1cc(-c2ccc(Cl)cc2)cn1,0.9758976,train
Cn1nccc1-n1cc(-c2ccc(Cl)c(Cl)c2)cn1,0.89408123,train
Cn1nccc1-n1cc(-c2ccc(F)c(Cl)c2)cn1,0.82345694,train
C[C@H]1C[C@H]2CSC(=NC(=O)c3ccccc3)N[C@@]2(c2nc(NC(=O)c3ccc(OC(F)F)cn3)cs2)CO1,0.92687684,train
C[C@H]1C[C@H]2CSC(=NC(=O)c3ccccc3)N[C@@]2(c2nc(NC(=O)c3cnc(OC(F)F)cn3)cs2)CO1,0.77629095,test
C[C@H]1C[C@H]2CSC(=NC(=O)c3ccccc3)N[C@@]2(c2nc(NC(=O)c3ccc(Cl)cn3)cs2)CO1,0.8815986,train
N#Cc1ccc(C(=O)Nc2csc([C@]34COCC[C@H]3CSC(=N)N4)c2)nc1,0.8813972,train
Cc1cccc(-n2nc(C(C)(C)C)cc2NC(=O)Nc2ccc(Oc3ccnc4[nH]c(=O)cnc34)cc2F)c1,0.6248472,test
CC(=O)N[C@@H](CCN1C2CCC1CC(n1c(C)nnc1C(C)C)C2)c1cccs1,0.12469506,test
Cc1nnc(C(C)C)n1C1CC2CCC(C1)N2CC[C@H](NC(=O)C1CCC(F)(F)CC1)c1cccs1,0.88352746,train
Cc1nnc(C(C)C)n1C1CC2CCC(C1)N2CC[C@H](NC(=O)C1CCCCC1)c1cccs1,0.89748305,train
Cc1nnc(C(C)C)n1C1CC2CCC(C1)N2CC[C@H](NC(=O)C1CCCC1)c1cccs1,0.8830189,train
CCC1CCC(C(=O)N[C@@H](CCN2C3CCC2CC(n2c(C)nnc2C(C)C)C3)c2ccsc2)CC1,0.13995627,train
Cc1nnc(C(C)C)n1C1CC2CCC(C1)N2CC[C@H](NC(=O)C1CCC(F)(F)CC1)c1ccsc1,0.112826906,train
Cc1nnc(C(C)C)n1C1CC2CCC(C1)N2CC[C@H](NC(=O)C1CCCC1)c1ccsc1,0.112334035,train
Cc1ccc([C@H](CCN2C3CCC2CC(n2c(C)nnc2C(C)C)C3)NC(=O)C2CCC(F)(F)CC2)s1,0.9448402,train
Cc1nc2c(n1C1CC3CCC(C1)N3CC[C@H](NC(=O)C1CCC(F)(F)CC1)c1ccsc1)CCN(C(=O)C(C)C)C2,0.0154097425,test
CCc1ccc([C@H](CCN2C3CCC2CC(n2c(C)nnc2C(C)C)C3)NC(=O)C2CCCCC2)s1,0.9430324,train
Cc1cc(C)c([C@H](CCN2C3CCC2CC(n2c(C)nnc2C(C)C)C3)NC(=O)C2CCCCC2)s1,0.993755,train
Cc1sc([C@H](CCN2C3CCC2CC(n2c(C)nnc2C(C)C)C3)NC(=O)C2CCC(F)(F)CC2)c(C)c1C,0.94218814,train
Cc1nnc(C(C)C)n1[C@H]1C[C@H]2CC[C@@H](C1)N2CC[C@H](NC(=O)C1CCC(F)(F)CC1)c1ccccc1,0.9959841,train
OC(c1ccc(F)c(-c2ncnc3cc(N4CCOCC4)ccc23)c1)c1c(F)cncc1F,0.0011946134,train
OC(c1ccc(F)c(-c2ncnc3cc(N4CCOCC4)ccc23)c1)c1cncc(F)c1Cl,0.0008672754,train
O=c1[nH]ccnc1C(O)c1ccc(F)c(-c2ncnc3cc(N4CCOCC4)ccc23)c1,0.00084188464,train
COc1nnc(Cl)cc1C(O)c1cc(-c2ncnc3cc(N4CCOCC4)ccc23)c(F)cc1Cl,0.00082623406,train
COc1cc(C(O)c2ccc(F)c(-c3ncnc4cc(N5CCOCC5)ccc34)c2)c(Cl)nn1,0.0009999832,train
COc1cc(Cl)nnc1C(O)c1cc(-c2ncnc3cc(N4CCOCC4)ccc23)c(F)cc1Cl,0.0007454573,train
COc1nnccc1C(O)c1ccc(F)c(-c2ncnc3cc(N4CCOCC4)ccc23)c1,0.0013101577,train
CC(C)(C)Oc1nccnc1C(O)c1ccc(F)c(-c2ncnc3cc(N4CCOCC4)ccc23)c1,0.00012399045,train
COc1nccnc1C(O)c1ccc(F)c(-c2ncnc3cc(N4CCOCC4)ccc23)c1,0.0011668436,train
OC(c1ccc(F)c(-c2ncnc3cc(N4CCOCC4)ccc23)c1)c1c(Cl)cncc1Cl,0.0012346208,train
COc1ccnnc1C(O)c1ccc(F)c(-c2ncnc3cc(N4CCOCC4)ccc23)c1,0.0007180852,train
OC(c1ccc(F)c(-c2ncnc3cc(N4CCOCC4)sc23)c1)c1nccnc1Cl,0.000449748,train
OC(c1ccc(F)c(-c2ncnc3cc(N4CCOCC4)ccc23)c1)c1nccnc1Cl,0.00047762843,train
OC(c1cccnn1)c1cc(-c2ncnc3cc(N4CCOCC4)ccc23)c(F)cc1Cl,0.00044399357,train
COc1cnc(C(O)c2ccc(F)c(-c3ncnc4cc(N5CCOCC5)ccc34)c2)c(Cl)c1,0.0012370581,train
OC(c1ccc(F)c(-c2ncnc3cc(N4CCOCC4)ccc23)c1)c1nccnc1OC1COC1,0.00016008783,train
OC(c1cnccn1)c1cc(-c2ncnc3cc(N4CCOCC4)ccc23)c(F)cc1Cl,0.00046983673,train
OC(c1ccc(F)c(-c2ncnc3cc(N4CCOCC4)ccc23)c1)c1nc(Cl)cnc1Cl,0.00039689083,train
OC(c1ccn2nccc2n1)c1cc(-c2ncnc3cc(N4CCOCC4)ccc23)c(F)cc1Cl,0.00067625265,train
COc1nnc(C(O)c2cc(-c3ncnc4cc(N5CCOCC5)ccc34)c(F)cc2Cl)c2ccncc12,0.00015944998,val
OC(c1ccc(Cl)nn1)c1cc(-c2ncnc3cc(N4CCOCC4)ccc23)c(F)cc1Cl,0.0007420594,train
OC(c1ccc(F)c(-c2ncnc3cc(N4CCOCC4)ccc23)c1)c1ncccc1Cl,0.0010835155,train
Cn1nc(C(O)c2cc(-c3ncnc4cc(N5CCOCC5)ccc34)c(F)cc2Cl)ccc1=O,0.00026306818,train
Cc1cnnc(C(O)c2cc(-c3ncnc4cc(N5CCOCC5)ccc34)c(F)cc2Cl)c1,0.00037517617,train
OC(c1cccnn1)c1cc(-c2ncnc3cc(N4CCOCC4)ccc23)c(F)cc1F,0.00041239848,train
OC(c1ccc2nccn2n1)c1cc(-c2ncnc3cc(N4CCOCC4)ccc23)c(F)cc1F,0.00041088005,train
OC(c1ccc2nccn2n1)c1cc(-c2ncnc3cc(N4CCOCC4)ccc23)c(F)cc1Cl,0.00044858808,train
COc1cnc(C(O)c2ccc(F)c(-c3ncnc4cc(N5CCOCC5)ccc34)c2)cn1,0.00092758203,train
OC(c1cc(-c2ncnc3cc(N4CCOCC4)ccc23)c(F)cc1Cl)c1nccnc1Cl,0.00025040153,train
OC(c1ccc(F)c(-c2ncnc3cc(N4CCOCC4)ccc23)c1)c1c(F)cncc1Cl,0.00103458,train
Cc1nccnc1C(O)c1ccc(F)c(-c2ncnc3cc(N4CCOCC4)ccc23)c1,0.000493669,train
CCOc1cnnc(C(O)c2ccc(F)c(-c3ncnc4cc(N5CCOCC5)ccc34)c2)c1,0.0011554329,train
Cc1nccnc1[C@H](O)c1cc(-c2ncnc3cc(N4CCOCC4)ccc23)c(F)cc1F,0.00028449108,train
Cc1nccnc1C(O)c1cc(-c2ncnc3cc(N4CCOCC4)ccc23)c(F)cc1F,0.00023089384,train
COc1cncnc1C(O)c1ccc(F)c(-c2ncnc3cc(N4CCOCC4)ccc23)c1,0.00089269766,train
Cc1cnc(C)c(C(O)c2cc(-c3ncnc4cc(N5CCOCC5)ccc34)c(F)cc2F)n1,0.00015707743,train
OC(c1cc(-c2ncnc3cc(N4CCOCC4)ccc23)ccc1Cl)c1ncnc2ccsc12,0.0017147053,train
CCn1nc(C(O)c2cc(-c3ncnc4cc(N5CCOCC5)ccc34)c(F)cc2Cl)ccc1=O,0.00057526544,train
OC(c1ccc(OC2COC2)nn1)c1cc(-c2ncnc3cc(N4CCOCC4)ccc23)c(F)cc1Cl,0.00013090417,val
CC(C#N)Oc1ccc(C(O)c2cc(-c3ncnc4cc(N5CCOCC5)ccc34)c(F)cc2Cl)nn1,0.00010051405,train
OCCNc1nccnc1C(O)c1ccc(F)c(-c2ncnc3cc(N4CCOCC4)ccc23)c1,0.0005759946,train
CSc1ccc(C(O)c2cc(-c3ncnc4cc(N5CCOCC5)ccc34)c(F)cc2Cl)nn1,0.013167215,train
COc1nnc(C(O)c2cc(-c3ncnc4cc(N5CCOCC5)ccc34)c(F)cc2Cl)cc1C,0.00024144979,train
COCCOc1ccc(C(O)c2cc(-c3ncnc4cc(N5CCOCC5)ccc34)c(F)cc2Cl)nn1,0.00022063727,train
OC(c1ccc(OCC(F)(F)F)nn1)c1cc(-c2ncnc3cc(N4CCOCC4)ccc23)c(F)cc1Cl,0.0017156206,train
Nc1nccnc1C(O)c1cc(-c2ncnc3cc(N4CCOCC4)ccc23)c(F)cc1Cl,0.00043551452,train
N#Cc1ccc(C(O)c2cc(-c3ncnc4cc(N5CCOCC5)ccc34)c(F)cc2Cl)nn1,0.00044842332,train
N#CCOc1ccc(C(O)c2cc(-c3ncnc4cc(N5CCOCC5)ccc34)c(F)cc2Cl)nn1,0.00016627801,train
OC(c1ccc(F)c(-c2ncnc3cc(N4CCOCC4)ccc23)c1)c1ccc(OC(F)F)nn1,0.0037164576,train
C#CC(O)(c1ccc(OC)nn1)c1cc(-c2ncnc3cc(N4CCOCC4)ccc23)c(F)cc1Cl,0.0012671334,train
COc1ccc(C(C)(O)c2cc(-c3ncnc4cc(N5CCOCC5)ccc34)c(F)cc2Cl)nn1,0.010915823,train
COc1ccc(C(O)c2cc(-c3ncnc4cc(N5CCOCC5)sc34)c(F)cc2Cl)nn1,0.00048682123,train
COc1ccc(C(O)c2cc(-c3ncnc4cc(N5CCOCC5)ccc34)c(F)cc2Cl)nn1,0.0005138414,train
COc1ccc(C(O)c2cc(-c3ncnc4cc(N5CCOCC5)ccc34)c(F)cc2F)nn1,0.00045972006,train
CCOc1ccc(C(O)c2ccc(F)c(-c3ncnc4cc(N5CCOCC5)ccc34)c2)nn1,0.0008954292,train
CC(O)(c1cncc(-c2ncnc3cc(N4CCOCC4)ccc23)c1)c1nccs1,0.004631184,train
OC(c1ccc(F)c(-c2ncnc3cc(N4CCOCC4)ncc23)c1)c1nccs1,0.0008720588,train
OCc1csc(C(O)c2cc(-c3ncnc4cc(N5CCOCC5)ncc34)c(F)cc2Cl)n1,0.00029760215,train
CNCc1csc(C(O)c2cc(-c3ncnc4cc(N5CCOCC5)ccc34)c(F)cc2Cl)n1,0.00027400418,train
OC(c1ccc(F)c(-c2ncnc3cc(N4CCOCC4)sc23)c1)c1nccs1,0.00080910296,val
OC(c1ccc(-c2ncnc3cc(N4CCOCC4)ccc23)s1)c1nccs1,0.00087901927,test
OC(c1cccc(-c2ncnc3cc(N4CCOCC4)ccc23)c1)c1nccs1,0.0014024696,train
CC(O)(c1cccc(-c2ncnc3cc(N4CCOCC4)ccc23)c1)c1nccs1,0.0070612105,train
CC(O)(c1ccc(F)c(-c2ncnc3cc(N4CCOCC4)ccc23)c1)c1nccs1,0.0052650208,train
OCc1csc(C(O)c2cc(-c3ncnc4cc(N5C6CCC5COC6)ccc34)c(F)cc2Cl)n1,0.00016095754,train
OC(c1cnc(F)c(-c2ncnc3cc(N4CCOCC4)ccc23)c1)c1nccs1,0.00036435103,train
CCNCc1csc(C(O)c2cc(-c3ncnc4cc(N5CCOCC5)ccc34)c(F)cc2Cl)n1,0.00044933966,train
Cc1nc(C(O)c2cc(-c3ncnc4cc(N5CCOCC5)ncc34)cnc2F)sc1C,0.00020512029,train
Cc1csc(C(O)c2cnc(F)c(-c3ncnc4cc(N5CCOCC5)ncc34)c2)n1,0.00041545517,train
CC(O)c1csc(C(O)c2cc(-c3ncnc4cc(N5CCOCC5)ccc34)c(F)cc2Cl)n1,0.00040327216,train
CCn1cc(C(O)c2cc(-c3ncnc4cc(N5CCOCC5)ccc34)c(F)cc2Cl)cn1,0.0006566778,test
Cc1nc(C(O)c2cnc(F)c(-c3ncnc4cc(N5CCOCC5)ncc34)c2)sc1C,0.0001601289,train
Cc1nc(C(O)c2cc(-c3ncnc4cc(N5CCOCC5)ccc34)cnc2F)sc1C,0.00018104,train
Cc1cc(F)c(-c2ncnc3cc(N4CCOCC4)ccc23)cc1C(O)c1nccs1,0.00044820816,train
Cn1nccc1C(O)c1ccc(F)c(-c2nc(Cl)nc3cc(N4CCOCC4)ccc23)c1,0.003446638,val
C#Cc1nc(-c2cc(C(O)c3nccs3)ccc2F)c2ccc(N3CCOCC3)cc2n1,0.0012337961,train
OC(c1ccccn1)c1cc(-c2ncnc3cc(N4CCOCC4)ccc23)c(F)cc1F,0.00083354954,train
Cn1nc(C(O)c2cc(-c3ncnc4cc(N5CCOCC5)ccc34)c(F)cc2F)ccc1=O,0.00024324699,train
COc1ccc(C(O)c2cc(-c3ncnc4cc(N5CCOCC5)ccc34)c(F)cc2F)cn1,0.0015824551,train
COc1ccc(C(O)c2cc(-c3ncnc4cc(N5CCOCC5)ccc34)c(F)cc2F)nc1,0.0008153264,train
CNC(=O)C(c1ccc(F)c(-c2ncnc3cc(N4CCOCC4)ccc23)c1)c1ncccc1Cl,0.001810435,train
Cc1nccnc1C(O)c1ccc(F)c(-c2ncnc3cc(N4CCOCC4)cnc23)c1,0.0003939196,train
COc1nccnc1C(O)c1cc(-c2ncnc3cc(N4CCOCC4)ccc23)c(F)cc1Cl,0.0005643239,train
COc1nccnc1C(O)c1cc(-c2ncnc3cc(N4CCOCC4)cnc23)c(F)cc1Cl,0.00043913076,train
COc1nccnc1C(C(N)=O)c1cc(-c2ncnc3cc(N4CCOCC4)cc(F)c23)c(F)cc1Cl,0.0006667767,train
NC(=O)C(c1ccc(F)c(-c2ncnc3cc(N4CCOCC4)ccc23)c1)c1nncc2sccc12,0.00094682345,train
NC(=O)C(c1cc(-c2ncnc3cc(N4CCOCC4)ccc23)c(F)cc1Cl)c1ncccc1Cl,0.000670824,train
NC(=O)C(c1cncc(Cl)c1)c1ccc(F)c(-c2ncnc3cc(N4CCOCC4)ccc23)c1,0.0029525228,train
Cc1nccnc1C(C(N)=O)c1cc(-c2ncnc3cc(N4CCOCC4)ccc23)ccc1Cl,0.00048442013,train
COc1ccc(C(C(N)=O)c2cc(-c3ncnc4cc(N5CCOCC5)ccc34)ccc2Cl)nn1,0.0016775883,train
NC(=O)C(c1ccc(F)c(-c2ncnc3cc(N4CCOCC4)ccc23)c1)c1ncccc1Cl,0.000990606,train
Cc1ncc(C(O)c2ccc(F)c(-c3ncnc4cc(N5CCOCC5)ccc34)c2)nc1C,0.000310953,train
NC(=O)C(c1cc(-c2ncnc3cc(N4CCOCC4)ccc23)ccc1Cl)c1nccnc1Cl,0.00048330054,train
COc1nccnc1C(C(N)=O)c1cc(-c2ncnc3cc(N4CCOCC4)ccc23)ccc1F,0.0008298987,train
Cn1nc(C(C(N)=O)c2ccc(F)c(-c3ncnc4cc(N5CCOCC5)ccc34)c2)ccc1=O,0.0002424292,train
NC(=O)C(c1ccc(F)c(-c2ncnc3cc(N4CCOCC4)ccc23)c1)c1c(F)cncc1F,0.00068809505,train
NC(=O)C(c1ccc(F)c(-c2ncnc3cc(N4CCOCC4)ccc23)c1)c1cncc(F)c1Cl,0.00076736335,train
NC(=O)C(c1ccc2nccn2n1)c1cc(-c2ncnc3cc(N4CCOCC4)ccc23)c(F)cc1Cl,0.0005882083,train
COc1ccc(C(C(N)=O)c2cc(-c3ncnc4cc(N5CCOCC5)ccc34)c(F)cc2Cl)nn1,0.0007291704,train
OC(c1ccc(F)c(-c2ncnc3cc(N4CCOCC4)ccc23)c1)c1nncc2ccsc12,0.0015114968,test
OC(c1ccc(F)c(-c2ncnc3cc(N4CCOCC4)ccc23)c1)c1nncc2sccc12,0.0017750214,train
O=c1[nH]nc(C(O)c2ccc(F)c(-c3ncnc4cc(N5CCOCC5)ccc34)c2)c2sccc12,0.00063790823,val
OC(c1cc(-c2ncnc3cc(N4CCOCC4)ccc23)c(F)cc1F)c1nncc2sccc12,0.00064365496,train
OC(c1ccc(F)c(-c2ncnc3cc(N4CCOCC4)ccc23)c1)c1nnc2ccccn12,0.00052657997,val
Cn1cnc2c(C(O)c3cc(-c4ncnc5cc(N6CCOCC6)ccc45)c(F)cc3F)ncnc21,5.3858686e-05,train
NC(=O)C(c1cc(-c2ncnc3cc(N4CCOCC4)ccc23)c(F)cc1F)c1nncn2cccc12,0.00017444666,test
Cc1cnc(C(O)c2cc(-c3ncnc4cc(N5CCOCC5)ccc34)c(F)cc2F)c(C)n1,0.00023633245,train
OC(c1cc(-c2ncnc3cc(N4CCOCC4)ccc23)c(F)cc1F)c1nccn2cccc12,0.00039336926,train
Cn1c(C(O)c2cc(-c3ncnc4cc(N5CCOCC5)ccc34)ccc2Cl)cccc1=O,0.0016048149,train
OC(c1cc(-c2ncnc3cc(N4CCOCC4)ccc23)ccc1Cl)c1nccn2ccnc12,0.0005451545,train
Cn1cnc2c(C(O)c3cc(-c4ncnc5cc(N6CCOCC6)ccc45)ccc3Cl)ncnc21,0.00012751199,train
OC(c1cc(-c2ncnc3cc(N4CCOCC4)ccc23)ccc1F)c1cccc2nncn12,0.001456767,train
OC(c1cc(-c2ncnc3cc(N4CCOCC4)ccc23)ccc1F)c1ncnc2ccoc12,0.00068389333,train
Cc1cncnc1C(C(N)=O)c1cc(-c2ncnc3cc(N4CCOCC4)ccc23)ccc1Cl,0.000648874,train
Cn1c(C(O)c2cc(-c3ncnc4cc(N5CCOCC5)ccc34)c(F)cc2Cl)cccc1=O,0.0007581735,train
OC(c1cc(-c2ncnc3cc(N4CCOCC4)ccc23)c(F)cc1F)c1ncnc2c1CCNC2,0.00015248511,train
OC(c1ccc(F)c(-c2ncnc3cc(N4CCOCC4)ccc23)c1)c1ncnc2c1CCNC2,0.00032228345,train
OC(c1cc(-c2ncnc3cc(N4CCOCC4)ccc23)ccc1Cl)c1ncncc1F,0.0005372894,train
Cn1ncc2c(C(O)c3cc(-c4ncnc5cc(N6CCOCC6)ccc45)ccc3F)ncnc21,0.000103174694,train
Cc1cncnc1C(O)c1cc(-c2ncnc3cc(N4CCOCC4)ccc23)ccc1F,0.00040917099,train
Cc1nccnc1C(O)c1cc(-c2ncnc3cc(N4CCOCC4)ccc23)ccc1F,0.00048009583,train
OC(c1cc(-c2ncnc3cc(N4CCOCC4)ccc23)c(F)cc1Cl)c1nccn2ccnc12,0.0002560169,train
Cn1c(C(O)c2cc(-c3ncnc4cc(N5CCOCC5)ccc34)ccc2F)cccc1=O,0.0014463925,train
Cn1ncc2c(C(O)c3cc(-c4ncnc5cc(N6CCOCC6)ccc45)c(F)cc3Cl)ncnc21,5.5274086e-05,train
Cn1ncc2c(C(O)c3cc(-c4ncnc5cc(N6CCOCC6)ccc45)c(F)cc3F)ncnc21,4.9610393e-05,train
OC(c1cc(-c2ncnc3cc(N4CCOCC4)ccc23)ccc1F)c1ncnc2sccc12,0.0008112306,train
COc1cncnc1C(O)c1cc(-c2ncnc3cc(N4CCOCC4)ccc23)ccc1Cl,0.0010422266,train
COc1nccnc1C(O)c1cc(-c2ncnc3cc(N4CCOCC4)ccc23)ccc1Cl,0.0013724223,train
OC(c1cc(-c2ncnc3cc(N4CCOCC4)ccc23)ccc1Cl)c1ncnc2ccoc12,0.00082027825,train
OC(c1cc(-c2ncnc3cc(N4CCOCC4)ccc23)ccc1Cl)c1ncnc2occc12,0.00053265865,train
Cc1cncnc1C(O)c1cc(-c2ncnc3cc(N4CCOCC4)ccc23)ccc1Cl,0.0004643914,train
Cc1nccnc1C(O)c1cc(-c2ncnc3cc(N4CCOCC4)ccc23)ccc1Cl,0.00054532493,train
OC(c1ccc(F)c(-c2ncnc3cc(N4CCOCC4)ccc23)c1)c1ncnc2sccc12,0.0009027038,train
OC(c1ccc(F)c(-c2ncnc3cc(N4CCOCC4)ccc23)c1)c1ncnc2ccsc12,0.0014459504,train
OC(c1cc(-c2ncnc3cc(N4CCOCC4)ccc23)c(F)cc1F)c1ncnc2ccsc12,0.0004993839,train
OC(c1cc(-c2ncnc3cc(N4CCOCC4)ccc23)c(F)cc1Cl)c1ncnc2ccoc12,0.00036516192,train
COc1cncnc1C(O)c1cc(-c2ncnc3cc(N4CCOCC4)ccc23)c(F)cc1Cl,0.0004283197,train
COc1cncnc1C(O)c1cc(-c2ncnc3cc(N4CCOCC4)ccc23)c(F)cc1F,0.00035833908,train
OC(c1cc(-c2ncnc3cc(N4CCOCC4)ccc23)c(F)cc1F)c1nccnc1OC(F)F,0.0003334418,train
COc1nccnc1C(O)c1cc(-c2ncnc3cc(N4CCOCC4)ccc23)c(F)cc1F,0.00047093528,train
COc1nccnc1[C@H](O)c1cc(-c2ncnc3cc(N4CCOCC4)ccc23)c(F)cc1F,0.00052134675,train
COc1nccnc1[C@@H](O)c1cc(-c2ncnc3cc(N4CCOCC4)ccc23)c(F)cc1F,0.0006617873,train
COc1ccc(C(O)c2cc(-c3ncnc4cc(N5CCOCC5)ccc34)ccc2Cl)nn1,0.0012282167,train
CCc1nccnc1C(O)c1ccc(F)c(-c2ncnc3cc(N4CCOCC4)ccc23)c1,0.0007071219,train
CCOc1cccnc1C(O)c1ccc(F)c(-c2ncnc3cc(N4CCOCC4)ccc23)c1,0.002414353,train
OC(c1ccc(F)c(-c2ncnc3cc(N4CCOCC4)ccc23)c1)c1nccnc1OC(F)F,0.00097457756,train
OC(c1cccnn1)c1cc(-c2ncnc3cc(N4CCOCC4)ccc23)ccc1Cl,0.00097370846,train
COc1cnc(C(O)c2ccc(F)c(-c3ncnc4cc(N5CCOCC5)ccc34)c2)c(Br)c1,0.0015664032,train
OC(c1cn2ccsc2n1)c1cc(-c2ncnc3cc(N4CCOCC4)ccc23)c(F)cc1F,0.00025757874,train
OC(c1ccc(F)c(-c2ncnc3cc(N4CCOCC4)ccc23)c1)c1ncccc1OC(F)(F)F,0.0047032335,train
CCn1c(N2CCNCC2)nc2c([N+](=O)[O-])c(Br)c(Br)cc21,0.95722795,train
CCn1c(N2CCN(C(=O)OC(C)(C)C)CC2)nc2c(C#N)c(Br)c(Br)cc21,0.87569976,train
CCn1c(N2CCNC(=O)C2)nc2c([N+](=O)[O-])c(Br)c(Br)cc21,0.24163933,val
CCCn1c(N2CCNCC2)nc2c([N+](=O)[O-])c(Br)c(Br)cc21,0.9921484,train
CC(C)Cn1c(N2CCNCC2)nc2c([N+](=O)[O-])c(Br)c(Br)cc21,0.9858525,train
CC(C)(C)OC(=O)N1CCN(c2nc3c([N+](=O)[O-])c(Br)c(Br)cc3[nH]2)CC1,0.80018926,train
CCCn1c(NCCCN)nc2c([N+](=O)[O-])c(Br)c(Br)cc21,0.9876722,train
CCn1c(N[C@H]2CCCNC2)nc2c([N+](=O)[O-])c(Br)c(Br)cc21,0.94343406,train
NCCCNc1nc2c([N+](=O)[O-])c(Br)c(Br)cc2n1CC1CC1,0.98102933,train
CC(C)Cn1c(NC2CCCNCC2)nc2c([N+](=O)[O-])c(Br)c(Br)cc21,0.98998415,test
CCn1c(N2CCNCC2C)nc2c([N+](=O)[O-])c(Br)c(Br)cc21,0.9586851,train
CCn1c(N2CCCCC(N)C2)nc2c([N+](=O)[O-])c(Br)c(Br)cc21,0.9923747,test
CCn1c(N2CCC[C@H](N)C2)nc2c([N+](=O)[O-])c(Br)c(Br)cc21,0.9777594,train
CCn1c(N2CCC[C@@H](N)C2)nc2c([N+](=O)[O-])c(Br)c(Br)cc21,0.82535934,train
CCn1c(NCCN)nc2c([N+](=O)[O-])c(Br)c(Br)cc21,0.83049935,train
CCn1c(NCC2CCCN2)nc2c([N+](=O)[O-])c(Br)c(Br)cc21,0.9712758,test
CC(C)n1c(N2CCC[C@H](N)C2)nc2c([N+](=O)[O-])c(Br)c(Br)cc21,0.990589,train
CC(C)n1c(N2CCOC(CN)C2)nc2c([N+](=O)[O-])c(Br)c(Br)cc21,0.93745154,train
CC(C)n1c(NCC2CNCCO2)nc2c([N+](=O)[O-])c(Br)c(Br)cc21,0.9159824,train
CC(C)n1c(N[C@@H]2CCCNC2)nc2c([N+](=O)[O-])c(Br)c(Br)cc21,0.9811751,train
CC(C)n1c(N2CCNC[C@H]2C)nc2c([N+](=O)[O-])c(Br)c(Br)cc21,0.98781735,train
CC(C)n1c(N2CC[C@@H](N)C2)nc2c([N+](=O)[O-])c(Br)c(Br)cc21,0.92165256,train
CC(C)n1c(N2CC[C@H](N)C2)nc2c([N+](=O)[O-])c(Br)c(Br)cc21,0.9948698,train
CC(C)n1c(N2CC[C@@H](N)C2)nc2c(C#N)c(Br)c(Br)cc21,0.9866747,train
CC(C)n1c(N[C@H]2CCNC2)nc2c([N+](=O)[O-])c(Br)c(Br)cc21,0.9713216,train
CC(C)n1c(N2CCOC(CN)C2)nc2c(C#N)c(Br)c(Br)cc21,0.9891454,train
O[C@@H](c1ccc(F)c(-c2ncnc3cc(N4CCOCC4)ccc23)c1)c1nccnc1Cl,0.0006161879,train
Cn1ccnc1C(O)c1ccc(F)c(-c2nc(Cl)nc3cc(N4CCOCC4)ccc23)c1,0.0030374278,val
COc1ccc(C(O)c2cc(-c3ncnc4cc(N5CCOCC5)ccc34)c(F)cc2Cl)cc1,0.0049969046,train
COc1nccnc1C(C(N)=O)c1cc(-c2ncnc3cc(N4CCOCC4)ccc23)c(F)cc1F,0.00039012812,train
NC(=O)C(c1cc(-c2ncnc3cc(N4CCOCC4)ccc23)c(F)cc1F)c1nccn2cccc12,0.00040735462,train
COc1nccnc1[C@H](O)c1cc(-c2ncnc3cc(N4CCOCC4)ccc23)c(F)cc1Cl,0.0006969413,train
COc1nccnc1[C@@H](O)c1cc(-c2ncnc3cc(N4CCOCC4)ccc23)c(F)cc1Cl,0.000775391,train
Cc1nsc(-c2nnc3n2CCN(C(=O)c2ccc(Cl)cc2)C3)n1,0.025241159,train
C[C@@H]1Cc2c([nH]c3ccccc23)[C@@H](c2cccc(OCCNCCCF)c2)N1CC1(F)COC1,0.8849208,train
COc1ccc(OCCNCCCF)cc1[C@@H]1c2[nH]c3ccccc3c2C[C@@H](C)N1CC(F)F,0.9995468,train
COc1ccc(OCCNCCCF)cc1[C@@H]1c2[nH]c3ccccc3c2C[C@@H](C)N1CC(F)(F)F,0.9971835,train
COc1ccc(OCCNCCCF)cc1[C@@H]1c2[nH]c3ccccc3c2C[C@@H](C)N1CC(F)(F)CO,0.95788074,train
C[C@@H]1Cc2c([nH]c3ccccc23)[C@@H](c2c(F)ccc(OCCNCCCF)c2F)N1CC(F)(F)F,0.9912388,train
C[C@@H]1Cc2c([nH]c3ccccc23)[C@@H](c2cc(OCCNCCCF)ccc2F)N1CC(F)(F)F,0.9519958,train
COc1ccc(OCCNCCCF)c(F)c1[C@@H]1c2[nH]c3ccccc3c2C[C@@H](C)N1CC(F)(F)F,0.9992679,train
COc1cnc(OCCNCCCF)cc1[C@@H]1c2[nH]c3ccccc3c2C[C@@H](C)N1CC(F)(F)F,0.9921525,train
C[C@@H]1Cc2c([nH]c3ccccc23)[C@@H](c2c(F)ccc(OCCNCCCF)c2F)N1CC1(F)COC1,0.98192453,train
C[C@@H]1Cc2c([nH]c3ccccc23)[C@@H](c2c(F)ccc(OCCNCCCF)c2F)N1CC(F)(F)CO,0.97341055,train
C[C@@H]1Cc2c([nH]c3ccc(F)cc23)[C@@H](c2c(F)ccc(OCCNCCCF)c2F)N1CC(F)(F)CO,0.98697144,train
Cc1ccc(OCCNCCCF)cc1[C@@H]1c2[nH]c3ccccc3c2C[C@@H](C)N1CC(F)(F)F,0.9967861,train
Cc1cc(OCCNCCCF)cc([C@@H]2c3[nH]c4ccccc4c3C[C@@H](C)N2CC(F)(F)F)c1,0.9981779,train
Cc1c(OCCNCCCF)cccc1[C@@H]1c2[nH]c3ccccc3c2C[C@@H](C)N1CC(F)(F)F,0.99651223,train
C[C@@H]1Cc2c([nH]c3ccccc23)[C@@H](c2cc(OCCNCCCF)ccc2Cl)N1CC(F)(F)F,0.98155564,train
C[C@@H]1Cc2c([nH]c3ccccc23)[C@@H](c2cc(OCCNCCCF)ccc2C#N)N1CC(F)(F)F,0.974152,train
C[C@@H]1Cc2c([nH]c3ccccc23)[C@@H](c2cccc(OCCNCCCF)c2F)N1CC(F)(F)F,0.89004326,train
C[C@@H]1Cc2c([nH]c3ccccc23)[C@@H](c2cccc(OCCNCCCF)c2Cl)N1CC(F)(F)F,0.95199156,train
COc1ccc(OCCNCCCF)c(C)c1[C@@H]1c2[nH]c3ccccc3c2C[C@@H](C)N1CC(F)(F)F,0.9997762,train
COc1c(F)cc(OCCNCCCF)cc1[C@@H]1c2[nH]c3ccccc3c2C[C@@H](C)N1CC(F)(F)F,0.9978588,train
COc1cc(F)c(OCCNCCCF)cc1[C@@H]1c2[nH]c3ccccc3c2C[C@@H](C)N1CC(F)(F)F,0.9966786,train
COc1c(F)cc(OCCNCCCF)c(F)c1[C@@H]1c2[nH]c3ccccc3c2C[C@@H](C)N1CC(F)(F)F,0.9995679,train
C[C@@H]1Cc2c([nH]c3ccccc23)[C@@H](c2cc(OCCNCCCF)cc(F)c2F)N1CC(F)(F)F,0.9081644,train
C[C@@H]1Cc2c([nH]c3ccccc23)[C@@H](c2cc(F)cc(OCCNCCCF)c2F)N1CC(F)(F)F,0.9060775,train
C[C@@H]1Cc2c([nH]c3ccccc23)[C@@H](c2c(F)c(F)cc(OCCNCCCF)c2F)N1CC(F)(F)F,0.98180515,train
Cc1c(OCCNCCCF)ccc(F)c1[C@@H]1c2[nH]c3ccccc3c2C[C@@H](C)N1CC(F)(F)F,0.99979514,train
C[C@@H]1Cc2c([nH]c3ccccc23)[C@@H](c2cccc(OCCNCCCF)n2)N1CC(F)(F)F,0.88788325,train
C[C@@H]1Cc2c([nH]c3ccccc23)[C@@H](c2cc(OCCNCCCF)ccn2)N1CC(F)(F)F,0.55393684,train
COc1ncc(OCCNCCCF)cc1[C@@H]1c2[nH]c3ccccc3c2C[C@@H](C)N1CC(F)(F)F,0.99558926,train
Cc1ncc(OCCNCCCF)cc1[C@@H]1c2[nH]c3ccccc3c2C[C@@H](C)N1CC(F)(F)F,0.9811297,train
Cc1c(OCCNCCCF)cncc1[C@@H]1c2[nH]c3ccccc3c2C[C@@H](C)N1CC(F)(F)F,0.9898817,train
C[C@@H]1Cc2c([nH]c3ccccc23)[C@@H](c2cc(OCCNCCCF)ncc2F)N1CC(F)(F)F,0.8452647,train
COc1ccc(NCCNCCCF)cc1[C@@H]1c2[nH]c3ccccc3c2C[C@@H](C)N1CC(F)(F)F,0.99776447,train
COc1ncc(NCCNCCCF)cc1[C@@H]1c2[nH]c3ccccc3c2C[C@@H](C)N1CC(F)(F)F,0.9954249,train
COc1cnc(NCCNCCCF)cc1[C@@H]1c2[nH]c3ccccc3c2C[C@@H](C)N1CC(F)(F)F,0.9887659,train
COc1ccc(NCCNCCCF)nc1[C@@H]1c2[nH]c3ccccc3c2C[C@@H](C)N1CC(F)(F)F,0.99489766,train
C[C@@H]1Cc2c([nH]c3ccccc23)[C@@H](c2cc(OCCNCCCF)ccc2Cl)N1CC(F)(F)CO,0.94403416,train
Cc1c(OCCNCCCF)ccc(F)c1[C@@H]1c2[nH]c3ccccc3c2C[C@@H](C)N1CC(F)(F)CO,0.997644,train
COc1ccc(OCCNCCCF)cc1[C@@H]1c2[nH]c3ccc(F)cc3c2C[C@@H](C)N1CC(F)(F)CO,0.97754127,train
COc1ccc(O[C@H](C)CNCCCF)cc1[C@@H]1c2[nH]c3ccccc3c2C[C@@H](C)N1CC(F)(F)CO,0.977785,train
COc1ccc(O[C@@H](C)CNCCCF)cc1[C@@H]1c2[nH]c3ccccc3c2C[C@@H](C)N1CC(F)(F)CO,0.967093,train
COc1ccc(OC[C@H](C)NCCCF)cc1[C@@H]1c2[nH]c3ccccc3c2C[C@@H](C)N1CC(F)(F)CO,0.97250205,train
COc1ccc(OC[C@@H](C)NCCCF)cc1[C@@H]1c2[nH]c3ccccc3c2C[C@@H](C)N1CC(F)(F)CO,0.9584758,train
C[C@@H]1Cc2c([nH]c3ccccc23)[C@@H](c2c(F)ccc(OCCNCCCF)c2F)N1CC(F)F,0.9977641,train
COc1ccc(OCCNCCCF)cc1[C@@H]1c2[nH]c3ccccc3c2C[C@@H](C)N1CC1(F)CC1,0.99902153,train
C[C@@H]1Cc2c([nH]c3c(F)cccc23)[C@@H](c2c(F)ccc(OCCNCCCF)c2F)N1CC(F)(F)CO,0.9839865,train
C[C@@H]1Cc2c([nH]c3cc(F)ccc23)[C@@H](c2c(F)ccc(OCCNCCCF)c2F)N1CC(F)(F)CO,0.98493,train
C[C@@H]1Cc2c([nH]c3cccc(F)c23)[C@@H](c2c(F)ccc(OCCNCCCF)c2F)N1CC(F)(F)CO,0.9956434,train
Cc1ccc2[nH]c3c(c2c1)C[C@@H](C)N(CC(F)(F)CO)[C@@H]3c1c(F)ccc(OCCNCCCF)c1F,0.9967204,train
C[C@@H]1Cc2c([nH]c3ccccc23)[C@@H](c2c(F)cnc(OCCNCCCF)c2F)N1CC(F)(F)CO,0.7882833,train
C[C@@H]1Cc2c([nH]c3ccc(F)cc23)[C@@H](c2c(F)cnc(OCCNCCCF)c2F)N1CC(F)(F)CO,0.88511777,train
Cc1ccc2[nH]c3c(c2c1)C[C@@H](C)N(CC(F)(F)CO)[C@@H]3c1c(F)cnc(OCCNCCCF)c1F,0.9530563,train
C[C@@H]1Cc2c([nH]c3ccc(F)cc23)[C@@H](c2c(F)cnc(OCCN(C)CCCF)c2F)N1CC(F)(F)CO,0.8925484,train
C[C@@H]1Cc2c([nH]c3ccccc23)[C@@H](c2cccc(OCCNCCCF)c2C(F)F)N1CC(F)(F)CO,0.9278438,train
C[C@@H]1Cc2c([nH]c3ccccc23)[C@@H](c2cccc(OCCNCCCF)c2C#N)N1CC(F)(F)F,0.9766019,train
C[C@@H]1Cc2c([nH]c3ccccc23)[C@@H](c2cc(OCCNCCCF)ccc2CO)N1CC(F)(F)F,0.43940943,train
COCc1ccc(OCCNCCCF)cc1[C@@H]1c2[nH]c3ccccc3c2C[C@@H](C)N1CC(F)(F)F,0.8883244,train
C[C@@H]1Cc2c([nH]c3ccccc23)[C@@H](c2cc(F)cc(OCCNCCCF)c2)N1CC(F)(F)F,0.9617366,train
C[C@@H]1Cc2c([nH]c3ccccc23)[C@@H](c2ccc(F)c(OCCNCCCF)c2)N1CC(F)(F)F,0.9414751,train
C[C@@H]1Cc2c([nH]c3ccccc23)[C@@](C)(c2cccc(OCCNCCCF)c2)N1CC(F)(F)F,0.9967746,train
C[C@@H]1Cc2c([nH]c3ccccc23)[C@@H](c2c(F)ccc(OCCNCCCF)c2F)N1CC1(F)CC1,0.9972107,train
C[C@@H]1Cc2c([nH]c3ccccc23)[C@@H](c2c(F)ccc(OCCNCCCF)c2F)N1CC1(S(C)(=O)=O)CC1,0.98589116,train
Cc1ccc(OCCNCCCF)c(C)c1[C@@H]1c2[nH]c3ccccc3c2C[C@@H](C)N1CC(F)(F)F,0.99973744,train
Cc1ccc(OCCNCCCF)c(F)c1[C@@H]1c2[nH]c3ccccc3c2C[C@@H](C)N1CC(F)(F)F,0.99959236,train
COc1ccc(OCCNCCCF)c(F)c1[C@@H]1c2[nH]c3ccccc3c2C[C@@H](C)N1CC(F)(F)CO,0.9890743,train
COc1ccc(OCCNCCCF)c(F)c1[C@@H]1c2[nH]c3ccccc3c2C[C@@H](C)N1CC(F)F,0.9998758,train
COc1ccc(OCCNCCCF)c(F)c1[C@@H]1c2[nH]c3ccccc3c2C[C@@H](C)N1CC1(F)CC1,0.9997266,train
COc1ccc(OCCNCCCF)c(F)c1[C@@H]1c2[nH]c3ccccc3c2C[C@@H](C)N1CC1(F)COC1,0.9959794,train
C[C@@H]1Cc2c([nH]c3ccccc23)[C@@H](c2c(F)ccc(OCCNCCCF)c2Cl)N1CC(F)(F)CO,0.9902028,train
COc1ccc(OCCNCCCF)c(F)c1[C@@H]1c2[nH]c3ccc(F)cc3c2C[C@@H](C)N1CC(F)(F)CO,0.9942615,train
Cc1c(OCCNCCCF)ccc(F)c1[C@@H]1c2[nH]c3ccccc3c2C[C@@H](C)N1CCC#N,0.99982953,train
C[C@@H]1Cc2c([nH]c3ccccc23)[C@@H](c2c(F)ccc(NCCNCCCF)c2F)N1CC(F)(F)F,0.9818171,train
C[C@@H]1Cc2c([nH]c3ccc(F)cc23)[C@@H](c2c(F)ccc(NCCNCCCF)c2F)N1CC(F)(F)CO,0.9730854,train
COc1ccc(NCCNCCCF)c(F)c1[C@@H]1c2[nH]c3ccccc3c2C[C@@H](C)N1CC(F)(F)F,0.9985688,train
COc1cc(F)c(NCCNCCCF)cc1[C@@H]1c2[nH]c3ccccc3c2C[C@@H](C)N1CC(F)(F)F,0.995469,train
C[C@@H]1Cc2c([nH]c3ccccc23)[C@@H](c2nccc(OCCNCCCF)c2F)N1CC(F)(F)F,0.18821537,train
C[C@@H]1Cc2c([nH]c3ccccc23)[C@@H](c2nccc(OCCNCCCF)c2Cl)N1CC(F)(F)F,0.35572577,train
C[C@@H]1Cc2c([nH]c3ccccc23)[C@@H](c2nccc(NCCNCCCF)c2F)N1CC(F)(F)F,0.3994502,train
Cc1c(NCCNCCCF)ccnc1[C@@H]1c2[nH]c3ccccc3c2C[C@@H](C)N1CC(F)(F)F,0.9662829,train
Cc1c(OCCNCCCF)ccnc1[C@@H]1c2[nH]c3ccccc3c2C[C@@H](C)N1CC(F)(F)CO,0.58950496,train
C[C@@H]1Cc2c([nH]c3ccccc23)[C@@H](c2nccc(OCCNCCCF)c2F)N1CC(F)(F)CO,0.07445756,train
C[C@@H]1Cc2c([nH]c3ccccc23)[C@@H](c2nccc(OCCNCCCF)c2F)N1CC1(F)CC1,0.5085199,val
C[C@@H]1Cc2c([nH]c3ccccc23)[C@@H](c2nccc(OCCNCCCF)c2F)N1CC1(F)COC1,0.13157147,train
C[C@@H]1Cc2c([nH]c3ccccc23)[C@@H](c2cncc(OCCNCCCF)c2)N1CC(F)(F)F,0.8674646,train
C[C@@H]1Cc2c([nH]c3ccccc23)[C@@H](c2ccnc(OCCNCCCF)c2)N1CC(F)(F)F,0.82907146,train
Cc1c([C@@H]2c3[nH]c4ccccc4c3C[C@@H](C)N2CC(F)(F)CO)ccnc1OCCNCCCF,0.5187912,train
C[C@@H]1Cc2c([nH]c3ccccc23)[C@@H](c2ccnc(OCCNCCCF)c2Cl)N1CC(F)(F)CO,0.3884822,train
Cc1ccc(OCCNCCCF)nc1[C@@H]1c2[nH]c3ccccc3c2C[C@@H](C)N1CC(F)(F)F,0.9976749,train
Cc1c([C@@H]2c3[nH]c4ccccc4c3C[C@@H](C)N2CC(F)(F)F)ccnc1OCCNCCCF,0.94433373,train
C[C@@H]1Cc2c([nH]c3ccccc23)[C@@H](c2c(F)cnc(OCCNCCCF)c2F)N1CC(F)(F)F,0.92008024,train
C[C@@H]1Cc2c([nH]c3ccccc23)[C@@H](c2c(F)cnc(OCCNCCCF)c2F)N1CC1(F)CC1,0.9741424,test
Cc1c(OCCNCCCF)ncc(F)c1[C@@H]1c2[nH]c3ccccc3c2C[C@@H](C)N1CC(F)(F)CO,0.93409145,train
C[C@@H]1Cc2c([nH]c3ccccc23)[C@@H](c2c(F)cnc(OCCNCCCF)c2Cl)N1CC(F)(F)CO,0.86256164,train
COc1nnc(OCCNCCCF)cc1[C@@H]1c2[nH]c3ccccc3c2C[C@@H](C)N1CC(F)(F)F,0.9854708,test
Cc1c(OCCNCCCF)ncnc1[C@@H]1c2[nH]c3ccccc3c2C[C@@H](C)N1CC(F)(F)F,0.63269585,train
Cc1c(OCCNCCCF)ncnc1[C@@H]1c2[nH]c3ccccc3c2C[C@@H](C)N1CC(F)(F)CO,0.100533366,train
C[C@@H]1Cc2c([nH]c3ccccc23)[C@@H](c2c(F)ccc(OCCN(C)CCCF)c2F)N1CC1(F)COC1,0.98478186,train
FC(F)(F)c1ccc(CCN2CCC(Nc3ncnc4[nH]ncc34)C(F)(F)C2)cc1,0.6116929,train
FC1(F)CN(CCc2ccccc2)CCC1Nc1ncnc2[nH]ncc12,0.1077982,train
Fc1ccc(CCN2CCC(Nc3ncnc4[nH]ncc34)C(F)(F)C2)cc1,0.25058773,train
Cc1ccc(CCN2CCC(Nc3ncnc4[nH]ncc34)C(F)(F)C2)cc1,0.18852316,train
FC(F)c1ccc(CCN2CCC(Nc3ncnc4[nH]ncc34)C(F)(F)C2)cc1,0.46152863,train
Cc1ccc(COC(=O)N2CC[C@H](CNc3nccn4cnnc34)C(F)(F)C2)cc1,0.036951654,train
Cc1ccc(COC(=O)N2CC[C@@H](CNc3ncc4c[nH]nc4n3)C(F)(F)C2)cc1,0.32415107,train
CNC[C@H](c1ccc2ccccc2c1)[C@H](OCC(=O)NC)c1ccccc1,0.016685337,train
CNCC(Cc1ccccc1CO)c1ccc2ccccc2c1,0.07262251,train
CNC[C@H](c1ccc2ccccc2c1)[C@H](OCC(N)=O)c1ccccc1,0.020391554,train
CN1CO[C@H](c2ccccc2)[C@@H](c2ccc3ccccc3c2)C1,0.7077515,test
CNC[C@@H](Cc1ccccc1)c1ccc2ccccc2c1,0.64997464,train
CCNC(=O)CO[C@H](c1ccccc1)[C@H](CNC)c1ccc2ccccc2c1,0.014852531,train
CNC[C@H](c1ccc2ccccc2c1)[C@@H](O)c1ccncc1Cl,0.018892238,train
CNC[C@H](c1ccc2ccccc2c1)[C@H](F)c1ccccc1,0.43012503,train
CNC[C@H](c1ccc(Cl)c(Cl)c1)[C@H](O)c1ccccc1,0.44013035,train
CNC[C@H](c1ccc2ccccc2c1)[C@@H](F)c1ccccc1,0.23055446,train
CNC[C@H](c1ccc2ccccc2c1)[C@H](O)c1ccncc1,0.08238519,train
CNC[C@H](c1ccc2ccccc2c1)[C@H](OCC(=O)NC1CC1)c1ccccc1,0.011515387,val
CNC[C@H](c1ccc2ccccc2c1)[C@H](OCC(=O)NCCO)c1ccccc1,0.014442435,train
CNC[C@H](c1ccc2ccccc2c1)[C@H](O)c1ccccc1F,0.12692593,train
CNCC(c1ccc(Br)c(Cl)c1)[C@H](O)c1ccccc1,0.5282079,train
CNCC(Cc1ccccc1F)c1ccc2ccccc2c1,0.7398417,train
CNC[C@H](c1ccc2ccccc2c1)[C@H](OCc1cc(C)on1)c1ccccc1,0.27779698,test
CNC[C@H](c1ccc2ccccc2c1)[C@H](OCC(=O)N1CC[C@H](O)C1)c1ccccc1,0.010994837,train
CNC[C@H](c1ccc2ccccc2c1)[C@H](OCc1cc(C)no1)c1ccccc1,0.03211969,val
CNC[C@H](c1ccc(Br)c(Cl)c1)[C@@H](O)c1ccccc1,0.31616887,train
CNC[C@H](c1ccc2ccccc2c1)[C@H](OCc1noc(C)n1)c1ccccc1,0.0060254317,val
CNC[C@H](c1ccc2ccccc2c1)[C@H](OCC(=O)N1CCOCC1)c1ccccc1,0.00741187,train
CNC[C@H](c1ccc(Cl)c(Cl)c1)[C@H](O)c1cccc(N)c1,0.33470076,train
CNCC(c1ccc2ccccc2c1)[C@H](CO)c1ccccc1,0.009637602,train
CNC[C@H](c1ccc2ccccc2c1)[C@H](O)c1ccc(Cl)nc1,0.23587936,train
CNC[C@H](c1ccc2ccccc2c1)[C@H](O)c1ccccc1C,0.15123688,train
CCCNC(=O)CO[C@H](c1ccccc1)[C@H](CNC)c1ccc2ccccc2c1,0.024849204,train
CNC[C@H](c1ccc2ccccc2c1)[C@H](OCC(=O)N1CCC1)c1ccccc1,0.018784083,val
CNC[C@H](c1ccc2ccccc2c1)[C@H](OCCO)c1ccccc1,0.008926419,train
CNC[C@H](c1ccc2ccccc2c1)[C@H](OCC(=O)N(C)C)c1ccccc1,0.018821353,train
CNC[C@H](c1ccc2ccccc2c1)[C@H](OCC(=O)N1CC[C@@H](O)C1)c1ccccc1,0.010785035,train
CCOC(=O)CO[C@H](c1ccccc1)[C@H](CNC)c1ccc2ccccc2c1,0.06583781,train
CNCC(c1ccc2ccccc2c1)C(OC)c1ccccc1,0.16530687,train
CNCC(Cc1ccccc1C)c1ccc2ccccc2c1,0.79879576,train
CNCC(Cc1cccs1)c1ccc2ccccc2c1,0.8907677,train
C[C@](CN)(Cc1cccnc1)c1ccc2ccccc2c1,0.03371222,train
CNC[C@H](c1ccc(Br)c(Cl)c1)[C@H](O)c1ccccc1,0.5990195,train
CNC[C@@H](Cc1ccc(C)s1)c1ccc2ccccc2c1,0.9293503,train
CNC[C@H](c1ccc2ccccc2c1)[C@H](OC)c1ccccc1,0.030125493,train
CNC[C@H](c1ccc2ccccc2c1)[C@H](O)c1cccs1,0.77939093,train
CNCC(Cc1cccnc1)c1ccc2ccccc2c1,0.1568508,train
CNC[C@@H](c1ccc2ccccc2c1)[C@@H](O)c1cccnc1,0.031111823,train
CNC[C@H](c1ccc2ccccc2c1)[C@H](OCC(=O)N1CCCC1)c1ccccc1,0.017184526,train
CNCC(Cc1ccccc1O)c1ccc2ccccc2c1,0.15496065,train
CNCC(c1ccc(Cl)c(Cl)c1)[C@H](O)c1ccccc1,0.38948897,train
CNCC(Cc1ccccc1OC)c1ccc2ccccc2c1,0.70832,train
CNC[C@H](c1ccc2ccccc2c1)[C@H](O)c1ccc(Cl)s1,0.9196857,train
CNC[C@@H](Cc1cccnc1)c1ccc(Cl)c(Cl)c1,0.25333086,train
CNC[C@H](c1ccc2ccccc2c1)[C@@H](O)c1ccccc1F,0.048725147,train
CNC[C@H](c1ccc2ccccc2c1)[C@@H](Cl)c1ccccc1,0.22710863,train
CNC[C@H](c1ccc2ccccc2c1)[C@H](O)c1cccnc1,0.06616223,train
CNC[C@H](c1ccc(Cl)c(Cl)c1)[C@@H](O)c1cccc(N)c1,0.16516145,train
c1ccc([C@@H]2OCCNC[C@H]2c2ccc3ccccc3c2)cc1,0.3561115,train
CNC[C@H](c1ccc(Cl)c(Cl)c1)[C@@H](O)c1ccccc1[N+](=O)[O-],0.030236544,train
CNCC(CCc1ccccc1)[C@H](O)c1ccccc1,0.99079365,val
CNC[C@H](c1ccc2ccccc2c1)[C@H](OCc1nc(C)no1)c1ccccc1,0.0038690858,train
CNC[C@H](c1ccc(Cl)c(Cl)c1)[C@@H](O)c1ccccc1,0.18741646,train
CNC[C@@H](c1ccc2ccccc2c1)[C@H](O)c1ccccn1,0.02042829,test
CNCC(c1ccc(F)c(Cl)c1)[C@H](O)c1ccccc1,0.2104016,train
CNC[C@H](c1ccc(Cl)c(Cl)c1)[C@H](O)c1cccc(Br)c1,0.88074875,train
CN1CCO[C@H](c2ccccc2)[C@@H](c2ccc3ccccc3c2)C1,0.80177,train
CNC[C@@H](c1ccc2ccccc2c1)[C@@H](O)c1ccccc1F,0.046624728,train
CNCC(Cc1cccnc1)c1ccc(Cl)c(Cl)c1,0.23966405,train
CN(C)C[C@H](c1ccc2ccccc2c1)[C@H](N)c1ccccc1,0.2529077,train
CN(C)C[C@H](c1ccc2ccccc2c1)[C@H](O)c1ccccc1,0.94545275,train
CNCC(C[C@H](O)c1ccccc1)c1ccc2ccccc2c1,0.1024894,train
CN(C)CC(C)(c1ccc2ccccc2c1)C(O)c1ccccc1,0.32315654,train
CNC[C@H](c1ccc2ccccc2c1)[C@H](N)c1ccccc1,0.012811538,train
NC[C@@H](c1ccc2ccccc2c1)[C@@H](O)c1ccccc1,0.022380356,train
CN(C)C[C@H](c1ccc2ccccc2c1)[C@H](OCCO)c1ccccc1,0.20171183,train
NCC(c1ccc2ccccc2c1)[C@@H](O)c1ccccc1,0.039216667,train
CNC[C@H](c1ccc2ccccc2c1)[C@H](O)c1cncc(OC)c1,0.09303897,train
CNC[C@H](C[C@H](O)c1ccccc1)c1ccc2ccccc2c1,0.16401532,train
CNC[C@H](c1ccc(Cl)c(Cl)c1)[C@@H](O)c1cccc(NC(C)=O)c1,0.054882243,train
NC[C@H](c1ccc2ccccc2c1)[C@@H](O)c1ccncc1Cl,0.006412514,train
CNC[C@@H](c1ccc2ccccc2c1)[C@H](O)c1ccccc1F,0.07106375,train
CNC[C@H](c1ccc(Cl)c(Cl)c1)[C@@H](O)c1ccccc1SC,0.9009492,train
CNC[C@@H](c1ccc(Cl)c(Cl)c1)[C@H](O)c1cccc(NC(C)=O)c1,0.06341331,train
CNC[C@H](c1ccc(Cl)c(Cl)c1)[C@@H](O)c1ccccc1-c1cccs1,0.41958833,train
CNC[C@@H](c1ccc(Br)c(Cl)c1)[C@@H](O)c1ccccc1,0.28713492,train
CNC[C@@H](c1ccc(Cl)c(Cl)c1)[C@@H](O)c1ccccc1,0.19710545,train
NC[C@@H](c1ccc2ccccc2c1)C(O)c1ccncc1Cl,0.012321178,train
CN(C)C[C@H](c1ccc2ccccc2c1)[C@H](O)c1cccs1,0.9947242,train
CNC[C@H](c1ccc2ccccc2c1)[C@H](OC)c1ccc2c(c1)OCO2,0.03457883,test
NCC(Cc1ccccc1F)c1ccc2ccccc2c1,0.5209883,train
CNCC(Cc1ccc(C)s1)c1ccc2ccccc2c1,0.9474226,train
CNC[C@H](Cc1ccccc1O)c1ccc2ccccc2c1,0.19216643,train
CNC[C@H](c1ccc2ccccc2c1)[C@H](O)c1ccc2c(c1)OCCO2,0.09394953,train
CNC[C@@H](c1ccc2ccccc2c1)[C@@H](O)c1cccs1,0.31711653,train
CNC[C@@H](c1ccc2ccccc2c1)[C@@H](O)c1ccc2c(c1)OCCO2,0.041090615,train
CNC[C@H](c1ccc2ccccc2c1)[C@H](Cl)c1ccccc1,0.12875102,train
CNC[C@H](c1ccc(Cl)c(Cl)c1)[C@H](O)c1cccc(I)c1,0.98942965,train
CNC[C@@H](c1ccc(Cl)c(Cl)c1)[C@@H](O)c1ccsc1,0.26735345,train
CNC[C@@H](c1ccc(Cl)c(Cl)c1)[C@@H](O)c1cccc(SC)c1,0.9586273,train
CNC[C@H](c1ccc(Cl)c(Cl)c1)[C@H](O)c1ccccc1SC,0.9673981,train
CCc1ccccc1[C@@H](O)[C@H](CNC)c1ccc(Cl)c(Cl)c1,0.09051397,train
CNC[C@H](c1ccc(Cl)c(Cl)c1)[C@H](O)c1ccccc1OC,0.41324836,train
CNC[C@H](c1ccc(Cl)c(Cl)c1)[C@H](O)c1ccccc1I,0.92106867,train
CNC[C@H](c1ccc(Cl)c(Cl)c1)[C@@H](O)c1cccc(I)c1,0.9790571,train
CNC[C@H](c1ccc(Cl)c(Cl)c1)[C@H](O)c1cccc(OC)n1,0.1804022,val
CNC[C@@H](c1ccc(Cl)c(Cl)c1)[C@@H](OC)c1cccc(NS(=O)(=O)C(F)(F)F)c1,0.8982733,train
CNC[C@H](c1ccc2ccccc2c1)[C@H](O)c1ccccc1,0.2480595,train
CC(NC(C)(C)C)C(=O)c1cccc(Cl)c1,0.07060725,train
CNC[C@@H](c1ccc2ccccc2c1)[C@H](O)c1ccccc1,0.14599116,train
Cc1ncnn1Cc1cn(-c2ccc(Cl)cc2)nn1,0.9943796,test
Clc1ccc(-n2cc(Cn3ncnc3C3CCCC3)nn2)cc1,0.99925715,val
CCCc1nccn1Cc1cn(-c2ccc(Cl)cc2)nn1,0.9995635,train
CC(C)c1nccn1Cc1cn(-c2ccc(Cl)cc2)nn1,0.99915326,train
Cc1nccn1Cc1cn(-c2ccc(Cl)cc2)nn1,0.9952055,train
CCc1nccn1Cc1cn(-c2ccc(Cl)cc2)nn1,0.9982674,train
Clc1ccc(-n2cc(Cn3ccnc3Cl)nn2)cc1,0.9965958,train
CCCCc1nccn1Cc1cn(-c2ccc(Cl)cc2)nn1,0.999666,train
OCc1nccn1Cc1cn(-c2ccc(Cl)cc2)nn1,0.9859568,train
Clc1ccc(-n2cc(Cn3ccnc3C3CC3)nn2)cc1,0.9990133,train
CC(C)(C)c1nccn1Cc1cn(-c2ccc(Cl)cc2)nn1,0.99918765,train
Cc1nccn1Cc1cn(-c2ccc(Cl)c(Cl)c2)nn1,0.989929,train
CCc1nccn1Cc1cn(-c2ccc(Cl)c(Cl)c2)nn1,0.99699223,train
CCCc1nccn1Cc1cn(-c2ccc(Cl)c(Cl)c2)nn1,0.99925035,train
CC(C)c1nccn1Cc1cn(-c2ccc(Cl)c(Cl)c2)nn1,0.99853396,train
Clc1ccc(-n2cc(Cn3ccnc3C3CC3)nn2)cc1Cl,0.9982895,train
CCCCc1nccn1Cc1cn(-c2ccc(Cl)c(Cl)c2)nn1,0.99942553,train
CC(C)(C)c1nccn1Cc1cn(-c2ccc(Cl)c(Cl)c2)nn1,0.99859244,train
Clc1ccc(-n2cc(Cn3ccnc3C3CCC3)nn2)cc1Cl,0.998882,train
OCCc1nccn1Cc1cn(-c2ccc(Cl)c(Cl)c2)nn1,0.98741364,train
FCCc1nccn1Cc1cn(-c2ccc(Cl)c(Cl)c2)nn1,0.9987048,train
CCc1nccn1Cc1cn(-c2ccc(F)c(Cl)c2)nn1,0.99552566,train
CCCc1nccn1Cc1cn(-c2ccc(F)c(Cl)c2)nn1,0.9988992,train
Fc1ccc(-n2cc(Cn3ccnc3C3CC3)nn2)cc1Cl,0.9974753,train
CCCCc1nccn1Cc1cn(-c2ccc(F)c(Cl)c2)nn1,0.9991566,train
Cc1nccn1Cc1cn(-c2ccc(Cl)cc2Cl)nn1,0.9967938,train
Cc1nccn1Cc1cn(-c2ccc(Cl)c(F)c2)nn1,0.98845273,train
Cc1nccn1Cc1cn(-c2ccc(F)c(Cl)c2)nn1,0.9810059,train
COc1cc(F)ccc1-n1cc(Cn2ccnc2C)nn1,0.9856074,train
Cc1ccc(-n2cc(Cn3ccnc3C)nn2)cc1F,0.96410865,train
Cc1cc(-n2cc(Cn3ccnc3C)nn2)ccc1F,0.9682263,train
Cc1cc(-n2cc(Cn3ccnc3C)nn2)ccc1Cl,0.98704123,train
Cc1nccn1Cc1cn(-c2ccc(Cl)c(C(F)(F)F)c2)nn1,0.99781764,train
Cc1nccn1Cc1cn(-c2cccc(OC(F)(F)F)c2)nn1,0.99792624,train
Cc1nccn1Cc1cn(-c2cccc(C(F)(F)F)c2)nn1,0.9972345,train
Cc1nccn1Cc1cn(-c2ccc(C(F)(F)F)cc2)nn1,0.9952187,train
Clc1ccc(-n2cc(Cn3ccnc3C3CC3)nn2)c(Cl)c1,0.99934226,train
Fc1cc(-n2cc(Cn3ccnc3C3CC3)nn2)ccc1Cl,0.9982047,train
COc1cc(F)ccc1-n1cc(Cn2ccnc2C2CC2)nn1,0.99834454,train
Cc1ccc(-n2cc(Cn3ccnc3C3CC3)nn2)cc1F,0.9959247,train
Cc1cc(-n2cc(Cn3ccnc3C3CC3)nn2)ccc1F,0.99629694,train
Cc1cc(-n2cc(Cn3ccnc3C3CC3)nn2)ccc1Cl,0.9979107,train
FC(F)(F)c1cc(-n2cc(Cn3ccnc3C3CC3)nn2)ccc1Cl,0.9995542,train
FC(F)(F)Oc1cccc(-n2cc(Cn3ccnc3C3CC3)nn2)c1,0.99968326,train
FC(F)(F)c1cccc(-n2cc(Cn3ccnc3C3CC3)nn2)c1,0.9994382,train
FC(F)(F)c1ccc(-n2cc(Cn3ccnc3C3CC3)nn2)cc1,0.99911076,train
CCc1nccn1Cc1cn(-c2ccc(Cl)c(C)c2)nn1,0.9963272,train
Cc1cc(-n2cc(Cn3ccnc3C(C)C)nn2)ccc1Cl,0.9982108,train
CCc1nccn1Cc1cn(-c2cccc(OC(F)(F)F)c2)nn1,0.9994435,train
CC(C)c1nccn1Cc1cn(-c2cccc(OC(F)(F)F)c2)nn1,0.99972826,train
Cc1cc(-n2cc(Cn3ccnc3CCO)nn2)ccc1Cl,0.98440546,train
Cc1cc(-n2cc(Cn3ccnc3CCF)nn2)ccc1Cl,0.9984195,train
Cc1nccn1Cc1cn(-c2cccc(C3CC3)c2)nn1,0.9867424,train
Cc1nccn1Cc1cn(-c2cccc(S(C)(=O)=O)c2)nn1,0.9088683,train
OCCc1nccn1Cc1cn(-c2cccc(C3CC3)c2)nn1,0.9847103,train
CS(=O)(=O)c1cccc(-n2cc(Cn3ccnc3CCO)nn2)c1,0.9002153,train
CS(=O)(=O)c1cccc(-n2cc(Cn3ccnc3CCF)nn2)c1,0.99323785,train
Cc1nccn1Cc1cn(-c2ccc(F)c(C(F)F)c2)nn1,0.9944382,train
Fc1ccc(-n2cc(Cn3ccnc3C3CC3)nn2)cc1C(F)F,0.9990969,train
CCc1nccn1Cc1cn(-c2ccc(F)c(C(F)F)c2)nn1,0.99841285,train
CC(C)c1nccn1Cc1cn(-c2ccc(F)c(C(F)F)c2)nn1,0.9992254,train
CCCc1nccn1Cc1cn(-c2ccc(F)c(C(F)F)c2)nn1,0.9996031,train
CCCCc1nccn1Cc1cn(-c2ccc(F)c(C(F)F)c2)nn1,0.9996959,train
CC(C)(C)c1nccn1Cc1cn(-c2ccc(F)c(C(F)F)c2)nn1,0.99925655,train
OCCc1nccn1Cc1cn(-c2ccc(F)c(C(F)F)c2)nn1,0.9932027,train
Cc1nccn1Cc1cn(-c2ccc(Cl)c(C(F)F)c2)nn1,0.99662066,train
FC(F)c1cc(-n2cc(Cn3ccnc3C3CC3)nn2)ccc1Cl,0.99934787,train
CCc1nccn1Cc1cn(-c2ccc(Cl)c(C(F)F)c2)nn1,0.9988545,train
CC(C)c1nccn1Cc1cn(-c2ccc(Cl)c(C(F)F)c2)nn1,0.9994405,train
Cc1nccn1Cc1cn(-c2ccc(Cl)c(OC(F)F)c2)nn1,0.998887,train
FC(F)Oc1cc(-n2cc(Cn3ccnc3C3CC3)nn2)ccc1Cl,0.99978,train
CC(C)(C)c1nccn1Cc1cn(-c2ccc(Cl)c(OC(F)F)c2)nn1,0.999819,train
CCc1nccn1Cc1cn(-c2ccc(Cl)c(OC(F)F)c2)nn1,0.9996136,train
CC(C)c1nccn1Cc1cn(-c2ccc(Cl)c(OC(F)F)c2)nn1,0.999811,train
OCCc1nccn1Cc1cn(-c2ccc(Cl)c(OC(F)F)c2)nn1,0.99838924,train
FCCc1nccn1Cc1cn(-c2ccc(Cl)c(OC(F)F)c2)nn1,0.99983263,train
Cc1nccn1Cc1cn(-c2ccc(F)c(OC(F)F)c2)nn1,0.99686605,train
OCCc1nccn1Cc1cn(-c2ccc(F)c(OC(F)F)c2)nn1,0.9963515,train
Cc1nccn1Cc1cn(-c2cc(F)cc(C(F)F)c2)nn1,0.99570495,train
OCCc1nccn1Cc1cn(-c2cc(F)cc(C(F)F)c2)nn1,0.99414104,train
FCCc1nccn1Cc1cn(-c2cc(F)cc(C(F)F)c2)cn1,0.99428695,test
Cc1nccn1Cc1cn(-c2ccc(F)c(C(C)(F)F)c2)nn1,0.9966717,train
CC(F)(F)c1cc(-n2cc(Cn3ccnc3CCO)nn2)ccc1F,0.9951887,train
Cn1nccc1Cc1cn(-c2ccc(F)c(Cl)c2)nn1,0.8735414,test
Nc1nccn1Cc1cn(-c2ccc(Cl)c(OC(F)F)c2)nn1,0.99954236,train
Nc1nccn1Cc1cn(-c2cc(F)cc(C(F)F)c2)nn1,0.99833614,train
Nc1nccn1Cc1cn(-c2ccc(Cl)c(C(F)F)c2)nn1,0.9986457,train
Nc1nccn1Cc1cn(-c2ccc(F)c(C(F)F)c2)nn1,0.99812526,train
CC(F)(F)c1cc(-n2cc(Cn3ccnc3N)nn2)ccc1F,0.99863416,train
Fc1ccc(-n2cc(Cc3cc[nH]n3)nn2)cc1C(F)F,0.98625284,val
Cc1nc2ccccc2n1Cc1cn(-c2ccc(Cl)c(Cl)c2)nn1,0.999561,val
OCCc1nccn1Cn1cc(-c2ccc(S(F)(F)(F)(F)F)cc2)nn1,0.9998324,val
Cc1nncn1Cc1cn(-c2ccc(Cl)cc2)nn1,0.97753763,train
FCCc1nccn1Cc1cn(-c2cc(F)cc(C(F)F)c2)nn1,0.99939203,train
CC(F)(F)c1cc(-n2cc(Cn3ccnc3N)nn2)ccc1Cl,0.9990878,train
OCCc1nccn1Cc1cn(-c2ccc(S(F)(F)(F)(F)F)cc2)nn1,0.9999038,train
COc1cc(C(=O)NC2CCN(C[C@H](O)c3ccc4c(c3C)COC4=O)CC2)ncc1C#N,0.05430058,test
Clc1ccc(-n2c(-c3ccc(N4CCOCC4)nn3)nc3ccncc32)cc1,0.9153212,test
Fc1ccc(-n2c(-c3cnc(NCC4CC4)nc3)nc3ccncc32)cc1,0.9933662,val
Clc1ccc(-n2c(-c3ccc(N4CCOCC4)nc3)nc3ccncc32)cc1,0.9817939,train
Clc1ccc(-n2c(-c3ccc(Cn4ccnc4)cc3)nc3ccncc32)cc1,0.99894935,train
Clc1ccc(-n2c(-c3cnc(N4CCOCC4)nc3)nc3ccncc32)cc1,0.9879921,train
Cc1ccc(-n2c(-c3ccc(N4CCOCC4)nc3)nc3ccncc32)c(F)c1,0.9097863,train
CS(=O)(=O)NC1CCN(c2ccc(-c3nc4ccncc4n3-c3ccc(Cl)cc3)cn2)CC1,0.97138727,train
Clc1ccc(-n2c(-c3ccncc3)nc3ccncc32)cc1,0.9856712,train
Clc1ccc(-n2c(-c3cccnc3)cc3ccncc32)cc1,0.9812238,val
Clc1ccc(-n2c(-c3cnc(N4CCOCC4)nc3)cc3ccncc32)cc1,0.9313082,train
Cc1ccc(-n2c(-c3cnc(N4CCOCC4)nc3)cc3ccncc32)cc1,0.7587169,train
c1ccc(-n2c(-c3cnc(N4CCOCC4)nc3)cc3ccncc32)cc1,0.6482392,train
Cc1ccc(-n2c(-c3cnc(N4CCOCC4)nc3)cc3ccncc32)nc1,0.49095643,val
Cn1cncc1-c1cc2ccncc2n1-c1ccc(Cl)cc1,0.7773621,val
O=c1cc(-c2cc3ccncc3n2-c2ccc(Cl)cc2)ccn1C1CC1,0.928925,test
Clc1ccc(-n2c(-c3cnc(NC4CCOCC4)nc3)cc3ccncc32)cc1,0.9885861,val
Clc1ccc(-n2c(-c3ccc(CN4CCOCC4)nc3)cc3ccncc32)cc1,0.95753163,val
O=c1cc(-c2cc3ccncc3n2-c2ccc(Cl)cc2)cc[nH]1,0.92522365,test
Nc1cc(-c2cc3ccncc3n2-c2ccc(Cl)cc2)ccn1,0.9733096,train
Fc1cnccc1-c1cc2ccncc2n1-c1ccc(Cl)cc1,0.9574522,train
Clc1ccc(-n2c(-c3ccncc3Cl)cc3ccncc32)cc1,0.9789893,train
Clc1ccc(-n2c(-c3ccncc3)cc3ccncc32)cc1,0.9639324,train
O=C(Nc1ccc([C@H]2CNCCO2)cc1)c1ccc(OCC(F)(F)F)nc1,0.5539066,train
O=C(Nc1ccc([C@H]2CNCCO2)cc1)c1ccc(Cl)nc1,0.18168573,train
O=C(Nc1ccc([C@H]2CNCCO2)cc1)c1ccnc(Cl)c1,0.08654379,train
O=C(Nc1ccc([C@H]2CNCCO2)cc1)c1cnc(-c2ccccc2)s1,0.10726099,train
O=C(Nc1ccc([C@H]2CNCCO2)cc1)c1cc(Cl)nc(Cl)c1,0.07239095,train
Cc1c(-c2ccccc2)n[nH]c1C(=O)Nc1ccc([C@H]2CNCCO2)cc1,0.088875145,train
O=C(Nc1ccc([C@H]2CNCCO2)cc1)c1cnc(Cl)c(Cl)c1,0.14174464,train
N#Cc1ccc(C(=O)Nc2ccc([C@H]3CNCCO3)cc2)cn1,0.1960657,train
O=C(Nc1ccc([C@H]2CNCCO2)cc1)c1ccc(C(F)(F)F)nc1,0.13454437,train
O=C(Nc1ccc([C@H]2CNCCO2)cc1)c1ccc(Cl)cn1,0.69828767,test
O=C(Nc1ccc([C@H]2CNCCO2)cc1)c1cncc(Cl)c1,0.37606588,train
Cc1cc(C(=O)Nc2ccc([C@H]3CNCCO3)cc2)cc(Cl)n1,0.13844335,train
O=C(Nc1ccc([C@H]2CNCCO2)cc1)c1coc(-c2ccccc2)n1,0.22559008,val
O=C(Nc1ccc([C@H]2CNCCO2)cc1)c1csc(-c2ccccc2)n1,0.76518106,val
Cc1nc(C(=O)Nc2ccc([C@H]3CNCCO3)cc2)cs1,0.048200347,train
O=C(Nc1ccc([C@H]2CNCCO2)cc1)c1ccn(-c2ccccc2)n1,0.20249842,val
Cc1ccc(COC(=O)N2CC[C@H](CNc3ncc4c[nH]nc4n3)C(F)(F)C2)cc1,0.46584743,train
COc1cc(CC[C@@H](C)N2Cc3ccc(Cl)cc3C2)ccc1O,0.97440946,train
COc1cc(CC[C@@H](C)N2Cc3ccc(C(F)(F)F)cc3C2)ccc1O,0.9750574,train
COc1cc(CC[C@@H](C)N2Cc3cc4c(cc3C2)OCO4)ccc1O,0.8641071,train
COc1cc(CC[C@@H](C)N2Cc3cccc(F)c3C2)ccc1O,0.8317733,train
C[C@H](CCc1ccc(Cl)c(Cl)c1)N1Cc2cccc(F)c2C1,0.83890796,train
C[C@H](CCc1ccc(Cl)c(Cl)c1)N1Cc2cc3c(cc2C1)OCO3,0.8461251,train
COc1cc2c(cc1OC)CN([C@H](C)CCc1ccc(Cl)c(Cl)c1)C2,0.61267966,train
Cc1ccc2c(c1)CN([C@H](C)CCc1ccc(Cl)c(Cl)c1)C2,0.9528742,train
COc1cc(CC[C@@H](C)N2Cc3ccc(F)cc3C2)ccc1O,0.9343834,train
CC(CCc1ccc(Cl)c(Cl)c1)N1Cc2ccc3ccccc3c2C1,0.9612411,train
COc1cc2c(cc1OC)CN([C@@H](C)CCc1ccc(Cl)c(Cl)c1)C2,0.9792219,train
C[C@H](CCc1ccc(F)cc1)N1Cc2cccc(F)c2C1,0.80320156,train
C[C@H](CCc1ccc(F)cc1)N1Cc2ccc(F)cc2C1,0.93963844,train
C[C@H](CCc1ccc(F)cc1)N1Cc2cc3c(cc2C1)OCO3,0.811692,train
C[C@H](CCc1ccc(O)c(OC(F)(F)F)c1)N1Cc2cc3c(cc2C1)OCO3,0.29523373,train
CC(C)Oc1cc(CC[C@@H](C)N2Cc3cc4c(cc3C2)OCO4)ccc1O,0.90665334,train
CC(C)Oc1cc(CC[C@@H](C)N2Cc3cccc(F)c3C2)ccc1O,0.8830827,train
CC(C)Oc1cc(CCC(C)(C)N2Cc3ccc(F)cc3C2)ccc1O,0.9568134,train
CC(C)Oc1cc(CCC(C)(C)N2Cc3cccc(F)c3C2)ccc1O,0.8811569,train
CC(C)Oc1cc(CCC(C)(C)N2Cc3cc4c(cc3C2)OCO4)ccc1O,0.93038756,train
COc1cc(CC[C@@H](C)N2Cc3ccc(F)cc3C2)ccc1OCCO,0.8596026,train
C[C@H](CCc1ccc(O)c(OC(F)(F)F)c1)N1Cc2ccc(F)cc2C1,0.60240084,train
CC(C)(CCc1ccc(F)cc1)N1Cc2cccc(F)c2C1,0.98590404,train
COc1cc2c(cc1OC)CN(C(C)(C)CCc1ccc(F)cc1)C2,0.9846769,train
CC(C)(CCc1ccc(F)cc1)N1Cc2ccc(F)cc2C1,0.9926481,train
CC(C)(CCc1ccc(F)cc1)N1Cc2cc3c(cc2C1)OCO3,0.9927355,train
CC(C)Oc1cc(CC[C@@H](C)N2Cc3ccc(F)cc3C2)ccc1O,0.95601344,train
CC(C)Oc1ccc(CC[C@@H](C)N2Cc3ccc(F)cc3C2)cc1OC(C)C,0.99610585,train
CC(C)Oc1ccc(CC[C@@H](C)N2Cc3cccc(F)c3C2)cc1OC(C)C,0.98974574,train
CC(C)Oc1ccc(CC[C@@H](C)N2Cc3cc4c(cc3C2)OCO4)cc1OC(C)C,0.9920338,train
C[C@H](CCc1ccc(OC(=O)N(C)C)c(OC(F)(F)F)c1)N1Cc2cccc(F)c2C1,0.8426016,train
CC(C)Oc1ccc(CCC(C)(C)N2Cc3ccc(F)cc3C2)cc1OC(C)C,0.99594766,train
C[C@H](CCc1ccc(OC(=O)N(C)C)c(OC(F)(F)F)c1)N1Cc2ccc(F)cc2C1,0.9534031,train
COc1cc(CCC(C)(C)N2Cc3cccc(F)c3C2)ccc1OCCO,0.6756694,train
COc1cc(CCC(C)(C)N2Cc3ccc(F)cc3C2)ccc1OCCO,0.8618456,train
COC[C@H](CCc1ccc(Cl)c(Cl)c1)N1Cc2ccc(F)cc2C1,0.9874298,train
COc1cc(CCC(C)(C)N2Cc3cc4c(cc3C2)OCO4)ccc1OCCO,0.789968,train
COc1cc2c(cc1OC)CN(C(C)(C)CCc1ccc(OCCO)c(OC)c1)C2,0.6065011,train
COc1cc(CCC(C)(C)N2Cc3cccc(F)c3C2)ccc1OC(=O)N(C)C,0.9344236,train
COc1cc(CCC(C)(C)N2Cc3ccc(F)cc3C2)ccc1OC(=O)N(C)C,0.97489923,train
COc1cc(CC[C@@H](C)N2Cc3cccc(F)c3C2)ccc1OCCO,0.6797376,train
COc1cc(CC[C@@H](C)N2Cc3cc4c(cc3C2)OCO4)ccc1OCCO,0.7320445,train
COc1cc(CCC(C)(C)N2Cc3cccc(F)c3C2)ccc1O,0.8290241,train
CC(C)(CCc1ccc(O)c(OC(F)(F)F)c1)N1Cc2cccc(F)c2C1,0.9066066,train
CC(C)(CCc1ccc(O)c(OC(F)(F)F)c1)N1Cc2c(F)ccc(F)c2C1,0.87313175,train
CC(C)(CCc1ccc(O)c(OC(F)(F)F)c1)N1Cc2cccc(C(=O)O)c2C1,0.11897532,train
CN(C)C(=O)c1cccc2c1CN(C(C)(C)CCc1ccc(O)c(OC(F)(F)F)c1)C2,0.4963343,train
CC(C)(C)Oc1cc(CCC(C)(C)N2Cc3cccc(F)c3C2)ccc1O,0.04773596,train
CN(C)C(=O)c1cccc2c1CN(C(C)(C)CCc1ccc(O)c(OC(C)(C)C)c1)C2,0.032197755,train
C[C@H](CCc1ccc(O)c(OC(C)(C)C)c1)N1Cc2c(F)ccc(F)c2C1,0.006046551,train
C[C@H](CCc1ccc(O)c(OC(C)(C)C)c1)N1Cc2cccc(F)c2C1,0.0076096603,train
CC(C)(CCc1ccc(O)c(OC(F)(F)F)c1)N1Cc2ccc(S(C)(=O)=O)cc2C1,0.8220161,train
CC(C)(C)Oc1cc(CCC(C)(C)N2Cc3ccc(S(C)(=O)=O)cc3C2)ccc1O,0.03754575,train
C[C@H](CCc1ccc(O)c(OC(C)(C)C)c1)N1Cc2ccc(S(C)(=O)=O)cc2C1,0.011443428,train
COc1cc(CCC(C)(C)N2Cc3cccc(S(C)(=O)=O)c3C2)ccc1O,0.10273274,train
COc1cc(CC[C@@H](C)N2Cc3cccc(S(C)(=O)=O)c3C2)ccc1O,0.05772251,train
CC(C)(C)Oc1cc(CCC(C)(C)N2Cc3cccc(S(C)(=O)=O)c3C2)ccc1O,0.009062293,train
CC(C)(CCc1ccc(O)c(OC(F)(F)F)c1)N1Cc2cccc(S(C)(=O)=O)c2C1,0.18521203,train
COc1cc(CC[C@@H](C)N2Cc3ccc(S(C)(=O)=O)cc3C2)ccc1O,0.6565487,train
CC(C)Oc1cc(CC[C@@H](C)N2Cc3ccc(S(C)(=O)=O)cc3C2)ccc1O,0.74482816,train
CC(C)Oc1cc(CCC(C)(C)N2Cc3ccc(S(C)(=O)=O)cc3C2)ccc1O,0.7783507,train
C[C@H](CCc1ccc(OCCO)c(OC(F)(F)F)c1)N1Cc2ccc(F)cc2C1,0.8316265,train
CC(C)(C)Oc1cc(CCC(C)(C)N2Cc3c(F)ccc(F)c3C2)ccc1O,0.03571867,train
CC(C)(C)Oc1cc(CCC(C)(C)N2Cc3cccc(C(=O)O)c3C2)ccc1O,0.022553729,train
COc1cc(CCC(C)(C)N2Cc3cccc(C(=O)N4CCNCC4)c3C2)ccc1O,0.30716324,train
COc1cc(CCC(C)(C)N2Cc3cccc(C(=O)NCCO)c3C2)ccc1O,0.13512677,train
COc1cc(CCC(C)(C)N2Cc3cccc(C(=O)N4CCOCC4)c3C2)ccc1O,0.10166868,train
COc1cc(CCC(C)(C)N2Cc3cccc(C(=O)N(C)CCN(C)C)c3C2)ccc1O,0.57532835,train
COc1cc(CCC(C)(C)N2Cc3cccc(C(=O)N4CCN(C)CC4)c3C2)ccc1O,0.22696856,train
COc1cc(CCC(C)(C)N2Cc3cccc(C(=O)N4CCN(C(C)=O)CC4)c3C2)ccc1O,0.16772734,train
COCCNC(=O)c1cccc2c1CN(C(C)(C)CCc1ccc(O)c(OC)c1)C2,0.23565622,train
COc1cc(CCC(C)(C)N2Cc3cccc(C(=O)N(C)CCO)c3C2)ccc1O,0.07911487,train
COCCN(C)C(=O)c1cccc2c1CN(C(C)(C)CCc1ccc(O)c(OC)c1)C2,0.39272633,train
CC(C)COc1cc(CCC(C)(C)N2Cc3ccc(S(C)(=O)=O)cc3C2)ccc1O,0.73056144,train
CC(C)COc1cc(CCC(C)(C)N2Cc3cccc(F)c3C2)ccc1O,0.8511808,train
COCC(F)(F)CN1[C@H](c2ccc(NC3CN(CCCF)C3)cn2)c2ccc3[nH]ncc3c2C[C@H]1C,0.37706104,train
C[C@@H]1Cc2c(ccc3[nH]ncc23)[C@@H](c2ccc(NC3CN(CCCF)C3)cn2)N1CC1(F)CC1,0.91859794,train
COc1cc(OC2CN(CCCF)C2)ccc1[C@@H]1c2ccc3[nH]ncc3c2C[C@@H](C)N1CC1(F)CC1,0.99977297,train
C[C@@H]1Cc2c(ccc3[nH]ncc23)[C@@H](c2c(F)cc(NC3CN(CCCF)C3)cc2F)N1CC(F)(F)F,0.9975212,train
COc1cc(NC2CN(CCCF)C2)ncc1[C@@H]1c2ccc3[nH]ncc3c2C[C@@H](C)N1CC1(F)CC1,0.9951107,train
COc1cc(NC2CN(CCCF)C2)ccc1[C@@H]1c2ccc3[nH]ncc3c2C[C@@H](C)N1CC1(CF)COC1,0.9095051,train
C[C@@H]1Cc2c(ccc3[nH]ncc23)[C@@H](c2c(F)cc(NC3CN(CCCF)C3)cc2F)N1CC1(F)CC1,0.9987832,train
COC[C@](C)(F)CN1[C@H](c2ccc(NC3CN(CCCF)C3)cc2OC)c2ccc3[nH]ncc3c2C[C@H]1C,0.92203176,train
C[C@@H]1Cc2c(ccc3[nH]ncc23)[C@@H](c2ccc(NC3CN(CCCF)C3)cn2)N1CC(F)(F)CO,0.51021016,train
C[C@@H]1Cc2c(ccc3[nH]ncc23)[C@@H](c2ncc(NC3CN(CCCF)C3)cc2F)N1CC1(F)CC1,0.9713308,train
CCOc1cc(NC2CN(CCCF)C2)ccc1[C@@H]1c2ccc3[nH]ncc3c2C[C@@H](C)N1CC1(F)CC1,0.99775535,train
COc1cc(OC2CN(CCCF)C2)ccc1[C@@H]1c2ccc3[nH]ncc3c2C[C@@H](C)N1CC(F)F,0.9998982,train
C[C@@H]1Cc2c(ccc3[nH]ncc23)[C@@H](c2c(F)cc(NC3CN(CCCF)C3)cc2F)N1CC(C)(F)CO,0.99803346,train
C[C@@H]1Cc2c(ccc3[nH]ncc23)[C@@H](c2ccc(OC3CN(CCCF)C3)cn2)N1CC(F)F,0.9866464,train
C[C@@H]1Cc2c(ccc3[nH]ncc23)[C@@H](c2ncc(NC3CN(CCCF)C3)cc2F)N1CC(F)(F)F,0.897991,train
C[C@@H]1Cc2c(ccc3[nH]ncc23)[C@@H](c2ncc(NC3CN(CCCF)C3)cc2F)N1CC(F)(F)CO,0.74043894,train
C[C@@H]1Cc2c(ccc3[nH]ncc23)[C@@H](c2ccc(N(C)C3CN(CCCF)C3)cn2)N1CC(F)F,0.9602596,train
C[C@@H]1Cc2c(ccc3[nH]ncc23)[C@@H](c2ncc(NC3CN(CCCF)C3)cc2F)N1CC(F)F,0.9701296,train
C[C@@H]1Cc2c(ccc3[nH]ncc23)[C@@H](c2ccc(NC3CN(CCCF)C3)c(F)n2)N1CC(F)F,0.96410555,train
C[C@@H]1Cc2c(ccc3[nH]ncc23)[C@@H](c2ccc(NC3CN(CCCF)C3)cc2)N1CC(F)F,0.99173295,train
COc1cc(NC2CN(CCCF)C2)c(F)cc1[C@@H]1c2ccc3[nH]ncc3c2C[C@@H](C)N1CC1(F)CC1,0.9928663,train
C[C@@H]1Cc2c(ccc3[nH]ncc23)[C@@H](c2ccc(NC3CN(CCCF)C3)nc2)N1CC1(F)CC1,0.97900623,train
C[C@@H]1Cc2c(ccc3[nH]ncc23)[C@@H](c2cnc(NC3CN(CCCF)C3)cn2)N1CC1(F)CC1,0.8453238,test
COc1cc(NC2CN(CCC(F)(F)F)C2)ccc1[C@@H]1c2ccc3[nH]ncc3c2C[C@@H](C)N1CC1(F)CC1,0.99592566,train
C[C@@H]1Cc2c(ccc3[nH]ncc23)[C@@H](c2ccc(OC3CN(CCCF)C3)cn2)N1CC(F)(F)CO,0.86343545,train
C[C@@H]1Cc2c(ccc3[nH]ncc23)[C@@H](c2ncc(OC3CN(CCCF)C3)cc2F)N1CC(F)(F)CO,0.9492324,train
COc1cc(OC2CN(CCCF)C2)ccc1[C@@H]1c2ccc3[nH]ncc3c2C[C@@H](C)N1CC(F)(F)CO,0.9923339,train
C[C@@H]1Cc2c(ccc3[nH]nc(F)c23)[C@@H](c2ccc(OC3CN(CCCF)C3)cn2)N1CC(F)(F)CO,0.8517467,train
C[C@@H]1Cc2c(ccc3[nH]nc(F)c23)[C@@H](c2ccc(NC3CN(CCCF)C3)c(F)n2)N1CC(F)(F)CO,0.60332805,train
C[C@@H]1Cc2c(ccc3[nH]ncc23)[C@@H](c2ncc(NC3CN(CCCF)C3)cc2F)N1CC(F)(F)CF,0.6566412,train
CC1(C)Cc2c(ccc3[nH]ncc23)[C@@H](c2ccc(NC3CN(CCCF)C3)cn2)N1CC(F)(F)F,0.9450943,train
Cc1nnc(-c2c(N)ncnc2N[C@@H](C)c2nc3cccc(C#CCO)c3c(=O)n2-c2ccccc2)o1,0.0010805493,train
Nc1ccc(-c2ccco2)cc1NC(=O)c1ccc2nc(N3CCNCC3)ccc2c1,0.8417421,train
Nc1ccc(-c2ccccc2)cc1NC(=O)c1ccc(N2CCNCC2)nc1,0.471071,test
Nc1ccc(-c2cccs2)cc1NC(=O)c1ccc(N2CCNCC2)nc1,0.8420752,val
Nc1ccccc1NC(=O)c1cc2ccc(N3CCNCC3)cc2cn1,0.3661239,val
Nc1ccc(-c2ccccc2)cc1NC(=O)c1cc2ccc(N3CCNCC3)cc2cn1,0.765486,val
Nc1ccc(-c2ccoc2)cc1NC(=O)c1cnc2cc(N3CCNCC3)ccc2c1,0.36873507,test
CN1CCN(c2ccc(C(=O)Nc3cc(-c4ccncc4)ccc3N)nc2)CC1,0.11195734,test
CN1CCN(c2ccc3cc(C(=O)Nc4cc(-c5ccco5)ccc4N)ncc3c2)CC1,0.4558163,train
CN1CCN(c2ncc(C(=O)Nc3cc(-c4cccs4)ccc3N)s2)CC1,0.101325855,train
Cc1nc(N2CCNCC2)sc1C(=O)Nc1cc(-c2cccs2)ccc1N,0.17012198,train
Nc1ccc(-c2ccncc2)cc1NC(=O)c1cnc(N2CCNCC2)s1,0.043583274,train
Nc1ccc(-c2ccc(F)cc2)cc1NC(=O)c1ccc(N2CCNCC2)cn1,0.66433203,val
Nc1ccc(-c2cccs2)cc1NC(=O)c1ncc(N2CCNCC2)s1,0.25629106,train
O=C(NCCN1CCC(c2cccc(C(F)(F)F)n2)CC1)C1CCC(F)(F)CC1,0.86573327,train
Cc1cccc(C2CCN(CCNC(=O)C3CC4CCC3O4)CC2)n1,0.8605064,val
Cc1cccc(C2CCN(CCNC(=O)C3CCC(F)(F)CC3)CC2)n1,0.7140336,train
COCC(C)(C)C(=O)NCCN1CCC(c2cccc(C)n2)CC1,0.22125128,train
COCC(C)(C)C(=O)NCCN1CCC(c2cccc(C(F)(F)F)n2)CC1,0.32948264,train
COCC1(C(=O)NCCN2CCC(c3cccc(C(F)(F)F)n3)CC2)CC1,0.17805049,test
Cc1cccc(C2CCN(CCNC(=O)C3CCOCC3)CC2)n1,0.20157062,train
CC(C)(C)C(=O)NCCN1CCC(c2cccc(C(F)(F)F)n2)CC1,0.8033409,train
O=C(NCCN1CCC(c2cccc(C(F)(F)F)n2)CC1)C1CCOCC1,0.3803795,train
O=C(NCCN1CC=C(c2cccc(C(F)(F)F)n2)CC1)C1CCC(F)(F)CC1,0.9551026,train
Cc1cccc(C2=CCN(CCNC(=O)C3CCC(F)(F)CC3)CC2)n1,0.8621475,train
O=C(NCCN1CCC(c2cccc(C(F)F)n2)CC1)C1CCOCC1,0.46037233,train
Fc1ccc(-c2ccn3c(CC4CC4(F)F)nnc3c2)cc1,0.09448311,train
CC(C)(O)c1ccc(-c2ccn3c(CC4CC4(F)F)nnc3c2)cc1,0.010787416,train
COC(=O)c1ccc(-c2ccn3c(CC4CC4(F)F)nnc3c2)c(F)c1,0.050395764,train
Fc1cccc(-c2ccn3c(CC4CC4(F)F)nnc3c2Cl)c1,0.11300893,train
Cc1cc(F)ccc1-c1ccn2c(CC3CC3(F)F)nnc2c1Cl,0.08481186,train
COc1ccc(-c2ccn3c(CC4CC4(F)F)nnc3c2Cl)cc1F,0.026957814,train
COC(=O)c1ccc(-c2ccn3c(CC4CC4(F)F)nnc3c2Cl)c(F)c1,0.05338745,train
COC(=O)c1ccc(-c2ccn3c(CC4CC4(F)F)nnc3c2Cl)c(Cl)c1,0.07189663,train
FC1(F)CC1Cc1nnc2c(Cl)c(-c3ccc4c(c3)CCO4)ccn12,0.03990418,train
FC1(F)CC1Cc1nnc2c(Cl)c(-c3ccc4c(c3)OCO4)ccn12,0.09488881,test
Cc1nccn1CC(=O)N1CCC2(CC1)COC1c3cc(Cl)ccc3OC(C)(C)C1C2,0.9966594,train
Cc1nccn1CC(=O)N1CCC2(CC1)COC1c3ccc(Br)cc3OC(C)(C)C1C2,0.9961557,train
CC1(C)Oc2ccc(N=[N+]=[N-])cc2C2OCC3(CCN(C(=O)Cn4ccnc4C#N)CC3)CC21,0.9902367,train
CC1(C)Oc2ccc(Cl)cc2C2OCC3(CCN(C(=O)Cn4ccnc4C#N)CC3)CC21,0.99839056,train
CC1(C)Oc2ccc(Cl)cc2C2OCC3(CCN(C(=O)Cn4cnc(CO)c4)CC3)CC21,0.951519,train
Cc1c(CO)ncn1CC(=O)N1CCC2(CC1)COC1c3cc(Cl)ccc3OC(C)(C)C1C2,0.94838935,train
CC1(C)Oc2ccc(Cl)cc2C2OCC3(CCN(C(=O)Cn4ccnc4CO)CC3)CC21,0.98094124,train
CC1(C)Oc2ccc(Cl)cc2C2OCC3(CCN(C(=O)Cn4cnc(CF)c4)CC3)CC21,0.9987128,train
CC1(C)Oc2ccc(Cl)cc2C2OCC3(CCN(C(=O)Cn4cnc(C(F)(F)F)c4)CC3)CC21,0.9962625,train
Cc1[nH]cnc1CN1CCC2(CC1)COC1c3ccc(Cl)cc3OC(C)(C)C1C2,0.9998085,train
Cc1[nH]cnc1CN1CCC2(CC1)COC1c3cc(F)ccc3OC(C)(C)C1C2,0.99966896,train
Cc1[nH]cnc1CN1CCC2(CC1)COC1c3cc(Cl)ccc3OC(C)(C)C1C2,0.9998234,train
Cc1[nH]cnc1CN1CCC2(CC1)COC1c3cccc(Cl)c3OC(C)(C)C1C2,0.999782,train
CCc1nc(C)c(CN2CCC3(CC2)COC2c4cc(Cl)ccc4OC(C)(C)C2C3)[nH]1,0.99991393,train
CC1(C)Oc2ccc(Cl)cc2C2OCC3(CCN(Cc4c[nH]cn4)CC3)CC21,0.99986875,train
Cc1nc(CN2CCC3(CC2)COC2c4cc(Cl)ccc4OC(C)(C)C2C3)c[nH]1,0.99988055,train
Cn1cncc1CN1CCC2(CC1)COC1c3cc(F)ccc3OC(C)(C)C1C2,0.9997367,train
Cn1cncc1CN1CCC2(CC1)COC1c3cc(Cl)ccc3OC(C)(C)C1C2,0.99985945,train
Cn1cncc1CN1CCC2(CC1)COC1c3ccc(Cl)cc3OC(C)(C)C1C2,0.99984765,train
Cn1cncc1CN1CCC2(CC1)COC1c3cccc(Cl)c3OC(C)(C)C1C2,0.9998266,train
CC1(C)Oc2ccc(Cl)cc2C2OCC3(CCN(Cc4ncc[nH]4)CC3)CC21,0.99990714,train
Cn1ccnc1CN1CCC2(CC1)COC1c3cc(Cl)ccc3OC(C)(C)C1C2,0.9998111,train
CC1(C)Oc2cc(Cl)ccc2C2OCC3(CCN(CCn4ccnc4)CC3)CC21,0.9999081,train
CC1(C)Oc2ccc(F)cc2C2OCC3(CCN(CCn4ccnc4)CC3)CC21,0.9998411,train
CC1(C)Oc2ccc(Cl)cc2C2OCC3(CCN(CCn4ccnc4)CC3)CC21,0.99991524,train
Cc1nccn1CCN1CCC2(CC1)COC1c3cc(F)ccc3OC(C)(C)C1C2,0.9996842,train
Cc1nccn1CCN1CCC2(CC1)COC1c3cc(Cl)ccc3OC(C)(C)C1C2,0.99983144,train
Cc1nccn1CCN1CCC2(CC1)COC1c3ccc(Cl)cc3OC(C)(C)C1C2,0.9998173,train
CC1(C)Oc2ccc(F)cc2C2OCC3(CCN(CCn4ccnc4CO)CC3)CC21,0.99890816,train
CC1(C)Oc2ccc(Cl)cc2C2OCC3(CCN(CCn4ccnc4CO)CC3)CC21,0.9994173,train
CC1(C)Oc2cc(Cl)ccc2C2OCC3(CCN(CCn4ccnc4CO)CC3)CC21,0.99936813,train
CC1(C)Oc2ccc(Cl)cc2C2OCC3(CCN(CCn4cnc(CO)c4)CC3)CC21,0.9982158,train
Cc1c(CO)ncn1CCN1CCC2(CC1)COC1c3cc(Cl)ccc3OC(C)(C)C1C2,0.9980724,train
Cc1nc(CO)cn1CCN1CCC2(CC1)COC1c3ccc(Cl)cc3OC(C)(C)C1C2,0.9980666,train
CC1(C)Oc2ccc(Cl)cc2C2OCC3(CCN(CCn4ccnc4C#N)CC3)CC21,0.9999268,train
COC(=O)c1cn(CCN2CCC3(CC2)COC2c4cc(Cl)ccc4OC(C)(C)C2C3)cn1,0.9999064,train
CC(=O)NCCc1nccn1CCN1CCC2(CC1)COC1c3cc(Cl)ccc3OC(C)(C)C1C2,0.9994056,train
CC1(C)Oc2cc(Cl)ccc2C2OCC3(CCN(CCn4ccnc4CCN)CC3)CC21,0.9998747,train
Cc1[nH]cnc1CN1CCC2(CC1)COC1c3ccc(Cl)cc3OCC1C2,0.9992939,train
Cc1nsc(-c2nnc3n2CCN(C(=O)c2cccc(O)c2)[C@@H]3C)n1,0.007172802,train
Fc1ccc([C@]2(CCNCc3cccc(Cl)c3)CCO[C@]3(CCOC3)C2)nc1,0.01392772,train
Cc1cccc(CNCC[C@@]2(c3ccc(F)cn3)CCO[C@]3(CCOC3)C2)c1,0.021866791,train
Cc1cc(/C=C/C(=O)c2cc3ccccc3s2)cc(C)c1OC(C)(C)C(=O)O,0.06326228,test
CCc1cc2cnc(CN3CCN(c4ccc(C(=O)NC)nc4Cl)CC3)cc2[nH]c1=O,0.116358034,train
CCCc1nc2ccc(CN3CCN(c4ccc(C(=O)NC)nc4)CC3)cc2[nH]c1=O,0.22111158,train
CCCc1nc2ccc(CN3CCN(c4ccc(C(=O)NC)nc4Cl)CC3)cc2[nH]c1=O,0.29895985,train
CCCc1nc2ccc(CN3CCN(c4ccc(C(=O)NC)nc4F)CC3)cc2[nH]c1=O,0.25531384,train
CNC(=O)c1ccc(N2CCN(Cc3ccc4nc(CC(F)F)c(=O)[nH]c4c3)CC2)cn1,0.06381363,train
CNC(=O)c1ccc(N2CCN(Cc3ccc4nc(CC(F)F)c(=O)[nH]c4c3)CC2)c(F)n1,0.07601319,train
CNC(=O)c1ccc(N2CCN(Cc3ccc4nc(CC(F)(F)F)c(=O)[nH]c4c3)CC2)cn1,0.10334561,train
CCN(CCN1CCC(c2noc3cc(F)ccc23)CC1)C(=O)C(C)O,0.9572826,train
CCN(CCN1CCC(n2ncc3cc(F)ccc32)CC1)C(=O)CCO,0.38571385,train
CCN(CCN1CCC(c2noc3cc(F)ccc23)CC1)C(=O)C(O)CCC(=O)OC,0.94594276,train
CCN(CCN1CCC(c2noc3cc(F)ccc23)CC1)C(=O)C(C)(C)O,0.9712803,train
CCN(CCN1CCC(c2noc3cc(F)ccc23)CC1)C(=O)C(C)(C)CO,0.988415,train
CCN(CCN1CCC(c2noc3cc(F)ccc23)CC1)C(=O)C(O)C(C)C,0.99594504,train
CCN(CCN1CCC(c2noc3cc(F)ccc23)CC1)C(=O)C1CCC(O)CC1,0.9530699,train
CCN(CCN1CCC(c2noc3cc(F)ccc23)CC1)C(=O)CC(C)O,0.8316705,train
CCN(CCN1CCC(c2noc3cc(F)ccc23)CC1)C(=O)C1(O)CCOCC1,0.8566792,train
CCN(CCN1CCC(c2noc3cc(F)ccc23)CC1)C(=O)CO,0.8600489,train
CCN(CCN1CCC(c2noc3cc(F)c(C)cc23)CC1)C(=O)C(C)O,0.90406203,train
CCN(CCN1CCC(c2noc3ccc(C)cc23)CC1)C(=O)C(C)O,0.9529557,train
CCN(CCN1CCC(c2noc3cc(F)ccc23)CC1)C(=O)CCO,0.9132247,train
CCN(CCN1CCC(C2NOc3cc(F)ccc32)CC1)C(=O)C(O)COC,0.9218911,val
CCN(CCN1CCC(c2c[nH]c3cc(F)ccc23)CC1)C(=O)C(C)O,0.7782291,train
CCN(CCN1CCC(n2ncc3cc(F)ccc32)CC1)C(=O)C(C)O,0.69198656,train
CCN(CCN1CCC(c2noc3cc(F)ccc23)CC1)C(=O)C1(O)CC1,0.95909816,train
CCC(O)C(=O)N(CC)CCN1CCC(c2noc3cc(F)ccc23)CC1,0.9883133,train
CC(O)C(=O)N(CCN1CCC(c2noc3cc(F)ccc23)CC1)CC1CC1,0.9260327,test
CC(O)C(=O)N(CCN1CCC(c2noc3cc(F)ccc23)CC1)C(C)C,0.9633809,train
CCN(CCN1CCC(c2noc3cc(F)ccc23)CC1)C(=O)C1CCCCC1O,0.9840089,train
CCN(CCN1CCC(c2noc3cc(F)ccc23)CC1)C(=O)C(O)C(F)(F)F,0.9858165,train
CC(C)N(CCN1CCC(c2noc3cc(F)ccc23)CC1)C(=O)CCO,0.8280236,train
CCN(CCN1CCC(c2noc3cc(F)ccc23)CC1)C(=O)C(F)(F)CO,0.95292854,train
CCCN(CCN1CCC(c2noc3cc(F)ccc23)CC1)C(=O)C(C)O,0.9848605,train
CCN(CCN1CCC(c2noc3cc(F)ccc23)CC1)C(=O)C1CC(O)C1,0.9680131,test
CCN(CCN1CCC(c2c[nH]c3ccccc23)CC1)C(=O)CCO,0.40253866,train
CCN(CCN1CCC(c2c[nH]c3cc(F)ccc23)CC1)C(=O)CCO,0.5541431,train
CCN(CCN1CCC(n2ccc3cc(F)ccc32)CC1)C(=O)C(C)O,0.8041616,test
CCN(CCN1CCC(c2noc3cc(F)ccc23)CC1)S(=O)(=O)CCO,0.9426291,train
CCN(CCCN1CCC(c2noc3cc(F)ccc23)CC1)S(=O)(=O)CCO,0.9133747,train
CCN(CCCN1CCC(c2noc3ccccc23)CC1)S(=O)(=O)C(C)CO,0.9656194,train
CCN(CCCN1CCN(c2noc3cc(F)ccc23)CC1)S(=O)(=O)C(C)CO,0.9516609,val
CCN(CCCN1CCC(c2noc3cc(F)ccc23)CC1)S(=O)(=O)C(C)CO,0.9817977,train
CCN(CCN1CCC(c2c[nH]c3ccccc23)CC1)S(=O)(=O)CCO,0.47285187,train
CCN(CCN1CCC(c2c[nH]c3cc(F)ccc23)CC1)S(=O)(=O)CCO,0.62327766,train
CCN(CCN1CCC(n2ncc3cc(F)ccc32)CC1)S(=O)(=O)CCO,0.45541394,train
CCN(CCN1CCC(c2noc3cc(F)ccc23)CC1)C(=O)C1(O)CCCN(C(C)=O)C1,0.8758142,train
CCN(CCN1CCC(c2noc3cc(F)ccc23)CC1)C(=O)C1CN(C(C)=O)CCC1O,0.7860594,train
CCN(CCN1CCC(c2noc3cc(F)ccc23)CC1)C(=O)C1CN(C)CC1O,0.9669601,train
CC(C)Oc1cncc(-c2ccc3[nH]nc(C(=O)NCC4CCOC4)c3c2)c1,0.35357088,train
O=C(NC[C@@H]1CCOC1)c1[nH]nc2ccc(-c3cccc(F)c3F)cc12,0.2486743,train
O=C(NC[C@H]1CCOC1)c1[nH]nc2ccc(-c3cccc(F)c3F)cc12,0.13330151,train
CC(C)Oc1cncc(-c2ccc3[nH]nc(C(=O)NCC4CCS(=O)(=O)C4)c3c2)c1,0.0909934,test
CN(C)Cc1cncc(-c2ccc3[nH]nc(C(=O)NCC4CCOCC4)c3c2)c1,0.24563736,train
O=C(NCC1CCOCC1)c1[nH]nc2ccc(-c3cncc(CN4CCCC4)c3)cc12,0.2613003,val
O=C(NCC1CCOCC1)c1[nH]nc2ccc(-c3cnccc3CN3CCCC3)cc12,0.20086083,train
O=C(NCC1CCOCC1)c1[nH]nc2ccc(-c3cnccc3CN3CCOCC3)cc12,0.10591277,train
CN(C)Cc1ccncc1-c1ccc2[nH]nc(C(=O)NCC3CCOCC3)c2c1,0.14607698,train
O=C(NCC1CCOCC1)c1[nH]nc2ccc(-c3cnccc3CN3CCNCC3)cc12,0.102017224,train
O=C(NCC1CCOCC1)c1[nH]nc2ccc(-c3cncc(CN4CCOCC4)c3)cc12,0.12067453,train
Clc1ccc(-n2c(C3CCN(c4ccncc4)CC3)nc3ccncc32)cc1,0.9425884,test
COc1ccnc(OCCCNC(=O)OC(C)(C)C)c1-c1cc(Nc2cnc(C#N)cn2)[nH]n1,0.014063714,train
COc1cc(Cl)nc(OCCCN)c1-c1cc(Nc2cnc(C#N)cn2)[nH]n1,0.09712542,train
COc1cncc(OCCCN)c1-c1cc(Nc2cnc(C#N)cn2)[nH]n1,0.045940787,train
COc1nccc(OCCCN)c1-c1cc(Nc2cnc(C#N)cn2)[nH]n1,0.033235878,train
COc1cncc(OCC2(F)CNC2)c1-c1cc(Nc2cnc(C#N)cn2)[nH]n1,0.74796253,train
COc1nccc(OCC2(C)CNC2)c1-c1cc(Nc2cnc(C#N)cn2)[nH]n1,0.49188668,train
COc1nccc(OCC2(O)CNC2)c1-c1cc(Nc2cnc(C#N)cn2)[nH]n1,0.012126971,train
COc1cncc(OCC[C@@H](C)N)c1-c1cc(Nc2cnc(C#N)cn2)[nH]n1,0.009806436,train
COc1cncc(OCC[C@H](C)N)c1-c1cc(Nc2cnc(C#N)cn2)[nH]n1,0.019355876,train
COc1cncc(OCC2(CN)CC2)c1-c1cc(Nc2cnc(C#N)cn2)[nH]n1,0.15856443,val
COc1cncc(OC[C@@H]2CNCCO2)c1-c1cc(Nc2cnc(C#N)cn2)[nH]n1,0.27770165,train
COc1ncnc(OCCCN)c1-c1cc(Nc2cnc(C#N)cn2)[nH]n1,0.010372903,val
COc1cncc(OCC2CNC2)c1-c1cc(Nc2cnc(C#N)cn2)[nH]n1,0.27209562,train
COc1cncc(O[C@@H]2CCC[C@H](N)C2)c1-c1cc(Nc2cnc(C#N)cn2)[nH]n1,0.47361735,test
COc1cncc(OC[C@]2(F)CCNC2)c1-c1cc(Nc2cnc(C#N)cn2)[nH]n1,0.8593297,train
COc1cncc(OC[C@H]2CCNC2)c1-c1cc(Nc2cnc(C#N)cn2)[nH]n1,0.12865114,train
COc1cncc(OC[C@@]2(F)CCNC2)c1-c1cc(Nc2cnc(C#N)cn2)[nH]n1,0.9050754,train
N#Cc1cnc(Nc2cc(-c3c(OCF)cncc3OCCCN)[nH]n2)cn1,0.013235999,train
COc1cncc(OCC2(C)CNC2)c1-c1cc(Nc2cnc(C#N)cn2)[nH]n1,0.56644464,train
COc1cncc(OC[C@@H](C)CN)c1-c1cc(Nc2cnc(C#N)cn2)[nH]n1,0.014742903,train
COc1cncc(OC[C@H](C)CN)c1-c1cc(Nc2cnc(C#N)cn2)[nH]n1,0.030254574,train
COc1cncc(OC[C@@H](F)CN)c1-c1cc(Nc2cnc(C#N)cn2)[nH]n1,0.009814691,train
COc1cncc(OC[C@H](F)CN)c1-c1cc(Nc2cnc(C#N)cn2)[nH]n1,0.015146497,train
CNCCCOc1cncc(OC)c1-c1cc(Nc2cnc(C#N)cn2)[nH]n1,0.38814095,train
COc1cncc(O[C@@H]2CC[C@@H](N)C2)c1-c1cc(Nc2cnc(C#N)cn2)[nH]n1,0.009141958,train
COc1cncc(O[C@H](C)C2CNC2)c1-c1cc(Nc2cnc(C#N)cn2)[nH]n1,0.119145885,train
CN[C@@H]1CC[C@@H](Oc2cncc(OC)c2-c2cc(Nc3cnc(C#N)cn3)[nH]n2)C1,0.4012539,train
COc1cncc(O[C@H]2C[C@H](N)[C@H]3C[C@H]32)c1-c1cc(Nc2cnc(C#N)cn2)[nH]n1,0.004410103,test
CCOc1ccc(-c2nnc(-c3ccc4c(c3)C[C@](N)(CO)CC4)o2)cc1OCC,0.37849542,train
CC(C)Oc1ccc(-c2nnc(-c3ccc4c(c3)C[C@](N)(CO)CC4)o2)cc1C(F)(F)F,0.9073475,train
CC(C)Oc1ccc(-c2nnc(-c3ccc4c(c3)CC(N)(CO)CC4)o2)cc1C#N,0.68966377,train
Cn1c(=O)cnc2ccc(OCCNC[C@H]3CN(c4ccc5c(n4)NC(=O)CO5)C(=O)O3)nc21,0.026226388,train
Cn1c(=O)cnc2ccc(OCCNC[C@@H]3CN(c4ccc5c(n4)NC(=O)CO5)C(=O)O3)nc21,0.026483877,train
Cn1c(=O)ccc2ncc(OCCNC[C@H]3CN(c4ccc5c(n4)NC(=O)CO5)C(=O)O3)nc21,0.03354579,train
Cn1c(=O)ccc2ncc(OCCNC[C@@H]3CN(c4ccc5c(n4)NC(=O)CO5)C(=O)O3)nc21,0.033854887,train
Cn1c(=O)cnc2cc(F)c(OCCNC[C@H]3CN(c4cnc5c(n4)NC(=O)CO5)C(=O)O3)nc21,0.008682262,train
Cn1c(=O)cnc2ccc(OCCNC[C@H]3CN(c4cnc5c(n4)NC(=O)CS5)C(=O)O3)nc21,0.004136619,train
CC(C)(F)[C@H]1CN(C2CCN(c3n[nH]c(N)n3)CC2)[C@@H](Cc2ccc(Cl)cc2)CO1,0.016982395,train
Cn1nnc(C[C@H]2CN(C3CCN(c4n[nH]c(N)n4)CC3)[C@@H](Cc3ccc(Cl)cc3)CO2)n1,0.00076834386,test
N#Cc1cnn(C[C@H]2CN(C3CCN(c4n[nH]c(N)n4)CC3)[C@@H](Cc3ccc(Cl)cc3)CO2)c1,0.023119163,train
Nc1n[nH]c(N2CCC(N3C[C@H]([C@@H](O)C(F)(F)F)OC[C@@H]3Cc3ccc(Cl)cc3)CC2)n1,0.051610816,train
C[C@@H]([C@H]1CN(C2CCN(c3n[nH]c(N)n3)CC2)[C@@H](Cc2ccc(Cl)cc2)CO1)n1cccn1,0.0044829953,train
C[C@H]([C@H]1CN(C2CCN(c3n[nH]c(N)n3)CC2)[C@@H](Cc2ccc(Cl)cc2)CO1)n1cccn1,0.0027520903,train
Nc1n[nH]c(N2CCC(N3C[C@H](Cn4ccnn4)OC[C@@H]3Cc3ccc(Cl)cc3)CC2)n1,0.029499482,train
Cc1cc([C@H]2CN(C3CCN(c4n[nH]c(N)n4)CC3)[C@@H](Cc3ccc(Cl)cc3)CO2)[nH]n1,0.0063154004,test
Nc1n[nH]c(N2CCC(N3C[C@H](CN4CCCCC4=O)OC[C@@H]3Cc3ccc(Cl)cc3)CC2)n1,0.025964214,val
Nc1n[nH]c(N2CCC(N3C[C@H](Cn4cc(F)cn4)OC[C@@H]3Cc3ccc(Cl)cc3)CC2)n1,0.07539224,train
Nc1n[nH]c(N2CCC(N3C[C@H](CN4CC(F)C4)OC[C@@H]3Cc3ccc(Cl)cc3)CC2)n1,0.40770382,val
Nc1n[nH]c(N2CCC(N3C[C@H](CN4CCC(F)(F)CC4)OC[C@@H]3Cc3ccc(Cl)cc3)CC2)n1,0.066182,train
Nc1n[nH]c(N2CCC(N3C[C@H](COCC(F)(F)F)OC[C@@H]3Cc3ccc(Cl)cc3)CC2)n1,0.28755215,train
Nc1n[nH]c(N2CCC(N3C[C@H](COC(F)F)OC[C@@H]3Cc3ccc(Cl)cc3)CC2)n1,0.042802595,train
CSC[C@H]1CN(C2CCN(c3n[nH]c(N)n3)CC2)[C@@H](Cc2ccc(Cl)cc2)CO1,0.10735611,train
CC(F)(F)[C@H]1CN(C2CCN(c3n[nH]c(N)n3)CC2)[C@@H](Cc2ccc(Cl)cc2)CO1,0.010292186,train
Nc1n[nH]c(N2CCC(N3C[C@H](COCC(F)F)OC[C@@H]3Cc3ccc(Cl)cc3)CC2)n1,0.48848465,train
Nc1n[nH]c(N2CCC(N3C[C@H](Cn4cc(Cl)cn4)OC[C@@H]3Cc3ccc(Cl)cc3)CC2)n1,0.35046118,train
Nc1n[nH]c(N2CCC(N3C[C@H](Cn4ccnc4)OC[C@@H]3Cc3ccc(Cl)cc3)CC2)n1,0.015383864,test
CN(C)C(=O)OC[C@H]1CN(C2CCN(c3n[nH]c(N)n3)CC2)[C@@H](Cc2ccc(Cl)cc2)CO1,0.011324522,train
Cc1coc([C@H]2CN(C3CCN(c4n[nH]c(N)n4)CC3)[C@@H](Cc3ccc(Cl)cc3)CO2)n1,0.0072834142,train
Cc1nc([C@H]2CN(C3CCN(c4n[nH]c(N)n4)CC3)[C@@H](Cc3ccc(Cl)cc3)CO2)oc1C,0.008047019,train
CC1CN(C[C@H]2CN(C3CCN(c4n[nH]c(N)n4)CC3)[C@@H](Cc3ccc(Cl)cc3)CO2)C1,0.10858602,train
Nc1n[nH]c(N2CCC(N3C[C@H](CN4CCCCC4)OC[C@@H]3Cc3ccc(Cl)cc3)CC2)n1,0.13890538,train
Nc1n[nH]c(N2CCC(N3CC(C(=O)N4CCC(F)(F)CC4)OC[C@@H]3Cc3ccc(Cl)cc3)CC2)n1,0.07197134,test
Nc1n[nH]c(N2CCC(N3C[C@H](N4CCOCC4)C[C@@H]3Cc3ccc(Cl)cc3)CC2)n1,0.013125749,train
Nc1n[nH]c(N2CCC(N3CC(F)(F)C[C@@H]3Cc3ccc(Cl)cc3)CC2)n1,0.046947964,train
Nc1n[nH]c(N2CCC(N3C[C@H](N4CCOCC4)CC[C@@H]3Cc3ccc(Cl)cc3)CC2)n1,0.025438625,train
CC1(O)CCN(C2CCN(c3n[nH]c(N)n3)CC2)[C@@H](Cc2ccc(Cl)cc2)C1,0.02870396,train
CCC(O)(CC)[C@H]1CN(C2CCN(c3n[nH]c(N)n3)CC2)[C@@H](Cc2ccc(Cl)cc2)CO1,0.037016645,train
CC(C)CNC(=O)C1CN(C2CCN(c3n[nH]c(N)n3)CC2)[C@@H](Cc2ccc(Cl)cc2)CO1,0.02790188,train
Nc1n[nH]c(N2CCC(N3C[C@H](O)CC[C@@H]3Cc3ccc(Cl)cc3)CC2)n1,0.049157392,train
CO[C@@H]1CC[C@H](Cc2ccc(Cl)cc2)N(C2CCN(c3n[nH]c(N)n3)CC2)C1,0.07853879,train
Nc1n[nH]c(N2CCC(N3CC4CC4C[C@@H]3Cc3ccc(Cl)cc3)CC2)n1,0.846185,train
Nc1n[nH]c(N2CCC(N3C[C@@H]4COCCN4C[C@@H]3Cc3ccc(Cl)cc3)CC2)n1,0.07752382,train
C[C@H]1CN(C2CCN(c3n[nH]c(N)n3)CC2)[C@@H](Cc2ccc(Br)cc2)CO1,0.007951546,train
Nc1n[nH]c(N2CCC(N3Cc4cncn4C[C@@H]3Cc3ccc(C(F)(F)F)cc3)CC2)n1,0.033657372,train
Nc1n[nH]c(N2CCC(N3C[C@@H]4CC(F)(F)CN4C[C@@H]3Cc3ccc(C(F)(F)F)cc3)CC2)n1,0.037310153,train
COC(C)(C)[C@H]1CN(C2CCN(c3n[nH]c(N)n3)CC2)[C@@H](Cc2ccc(Cl)cc2)CO1,0.021801082,train
CCOC(=O)C1CC[C@H](Cc2ccc(Cl)cc2)N(C2CCN(c3n[nH]c(N)n3)CC2)C1,0.50971556,train
C[C@H]1CN(C2CCN(c3n[nH]c(N)n3)CC2)[C@@H](Cc2ccc(Cl)cc2)CN1C,0.30507243,train
CC(C)CN1CCN(C2CCN(c3n[nH]c(N)n3)CC2)[C@@H](Cc2ccc(Cl)cc2)C1,0.6363013,train
Nc1n[nH]c(N2CCC(N3C[C@@H]4CCCN4C[C@@H]3Cc3ccc(Cl)cc3)CC2)n1,0.8197734,train
CCC(C)C(NC(=O)C(Cc1ccccc1)NC(=O)C(CC(C)C)NC(=O)C(CCCN=C(N)N)NC(=O)C(NC(=O)C(C)NC(=O)C(CCC(=O)O)NC(=O)C(CCC(=O)O)NC(=O)C(CCC(=O)O)NC(=O)C(CCSC)NC(=O)C(CCC(N)=O)NC(=O)C(CCCCN)NC(=O)C(CO)NC(=O)C(CC(C)C)NC(=O)C(CC(=O)O)NC(=O)C(CO)NC(=O)C(NC(=O)C(Cc1ccccc1)NC(=O)C(NC(=O)CNC(=O)C(CCC(=O)O)NC(=O)CNC(=O)C(N)Cc1c[nH]cn1)C(C)O)C(C)O)C(C)C)C(=O)NC(CCC(=O)O)C(=O)NC(Cc1c[nH]c2ccccc12)C(=O)NC(CC(C)C)C(=O)NC(CCCCN)C(=O)NC(CC(N)=O)C(=O)NCC(=O)NCC(=O)N1CCCC1C(=O)NC(CO)C(=O)NC(CO)C(=O)NCC(=O)NC(C)C(=O)N1CCCC1C(=O)N1CCCC1C(=O)N1CCCC1C(=O)NC(CO)C(N)=O,0.27584907,train
N#Cc1ccc(COc2cccc(C3CCN(Cc4nc5ccc(C(=O)O)nc5n4C[C@@H]4CCO4)CC3)c2)c(F)c1,0.36946765,train
C[C@H]1CN(c2cncc(OCc3ccc(C#N)cc3F)n2)CCN1Cc1nc2ccc(C(=O)O)cc2n1C[C@@H]1CCO1,0.21825482,test
N#Cc1ccc(COc2cccc(N3CCN(Cc4nc5ccc(C(=O)O)cc5n4CC4(F)CC4)CC3)c2)c(F)c1,0.3504371,test
Cc1nc(N2CCC3(CC2)CO[C@@H](C)[C@H]3N)c(CO)nc1-c1cccc(Cl)c1Cl,0.911081,train
Cc1c(N2CCC3(CC2)Cc2ccccc2[C@H]3N)nc(C)n(-c2cccc(Cl)c2Cl)c1=O,0.9971307,train
Cc1c(N2CCC3(CC2)Cc2ncccc2[C@@H]3N)nc(C)n(-c2cccc(Cl)c2Cl)c1=O,0.9702181,train
Cc1c(N2CCC3(CC2)Cc2ccccc2[C@H]3N)nc(N)n(-c2cccc(Cl)c2Cl)c1=O,0.99389887,train
