smiles,y,split
CC(C(=O)N[C@]1(c2ccccc2)CC[C@@H](N2CCN(C(C)C)CC2)CC1)c1cc(C(F)(F)F)cc(C(F)(F)F)c1,1,train
CC(C(=O)NC1(c2ccccc2)CCC(N2CCC3(CCCO3)CC2)CC1)c1cc(C(F)(F)F)cc(C(F)(F)F)c1,1,train
CC(C(=O)N[C@]1(c2ccccc2)CC[C@@H](N2CCC(c3ccc(F)cc3)CC2)CC1)c1cc(C(F)(F)F)cc(C(F)(F)F)c1,1,train
CC(C(=O)N[C@]1(c2ccccc2)CC[C@H](N2CCCCC2)CC1)c1cc(C(F)(F)F)cc(C(F)(F)F)c1,1,train
CC1CCN([C@H]2CC[C@](NC(=O)C(C)c3cc(C(F)(F)F)cc(C(F)(F)F)c3)(c3ccccc3)CC2)CC1,1,train
CC(C(=O)N[C@]1(c2ccccc2)CC[C@@H](N2CCC(=O)CC2)CC1)c1cc(C(F)(F)F)cc(C(F)(F)F)c1,1,train
CC(C(=O)N[C@]1(c2ccccc2)CC[C@@H](N2CCC3(CC2)OCCO3)CC1)c1cc(C(F)(F)F)cc(C(F)(F)F)c1,1,train
CC(C(=O)N[C@]1(c2ccccc2)CC[C@@H](N2CCC(O)CC2)CC1)c1cc(C(F)(F)F)cc(C(F)(F)F)c1,1,train
CC(C(=O)NC1(c2ccccc2)CCC(N2CCC3(CC2)CCC(C)(C)O3)CC1)c1cc(C(F)(F)F)cc(C(F)(F)F)c1,1,train
CC(C(=O)NC1(c2ccccc2)CCC(N2CCC(O)(Cc3ccccc3)CC2)CC1)c1cc(C(F)(F)F)cc(C(F)(F)F)c1,1,train
CC(C(=O)NC1(c2ccccc2)CCC(N2CCC3(CCOC3)CC2)CC1)c1cc(C(F)(F)F)cc(C(F)(F)F)c1,1,train
CC(C(=O)NC1(c2ccccc2)CCC(N2CCC(C3CCOC3=O)CC2)CC1)c1cc(C(F)(F)F)cc(C(F)(F)F)c1,1,train
CC(C(=O)N[C@]1(c2ccccc2)CC[C@H](N2CCC(C3CCOC3(C)C)CC2)CC1)c1cc(C(F)(F)F)cc(C(F)(F)F)c1,1,train
CC(C(=O)NC1(c2ccccc2)CCC(N2CCC(C3CCC(=O)O3)CC2)CC1)c1cc(C(F)(F)F)cc(C(F)(F)F)c1,1,train
CC(C(=O)N[C@]1(c2ccccc2)CC[C@H](N(C)C)CC1)c1cc(C(F)(F)F)cc(C(F)(F)F)c1,1,train
NC(C(=O)N1CCSC1)C1CCC(NC(=O)c2ccc(F)c(F)c2)CC1,1,train
NC(C(=O)N1CCCC1)C1CCC(NC(=O)OCc2ccccc2)CC1,0,train
NC(C(=O)N1CCSC1)C1CCC(NC(=O)c2cccc3ccccc23)CC1,0,train
NC(C(=O)N1CCCC1)C1CCC(NS(=O)(=O)c2ccc(F)cc2F)CC1,0,test
NC(C(=O)N1CCCC1)C1CCC(NS(=O)(=O)c2ccc(OC(F)(F)F)cc2)CC1,1,train
NC(C(=O)N1CCSC1)C1CCC(NC(=O)Nc2ccc(I)cc2)CC1,1,test
NC(C(=O)N1CCCC1)C1CCC(NC(=O)c2cccc3ccccc23)CC1,0,test
NC(C(=O)N1CCSC1)C1CCC(NS(=O)(=O)c2ccc(OC(F)(F)F)cc2)CC1,1,train
Fc1ccc(CCN2CCC3(CCc4ccccc4C3)CC2)c(F)c1,1,train
N#Cc1ccc(S(=O)(=O)C2CCN(CCc3ccc(F)cc3F)CC2)cc1,1,train
CC(C)(O)c1ccc(C(Cc2ccc[n+]([O-])c2)c2ccc(OC(F)F)c(OC3CC3)c2)cn1,0,train
CC(C)(O)c1ncc(C(Cc2cc[n+]([O-])cc2)c2ccc(OC(F)F)c(OC3CCC3)c2)s1,0,train
[O-][n+]1ccc(CC(c2ccc(OC(F)F)c(OC3CC3)c2)c2cnc(C(O)(C(F)(F)F)C(F)(F)F)s2)cc1,0,train
O=S(=O)(c1ccccc1)C1CCN(CCc2ccc(F)cc2F)CC1,1,train
Fc1ccc2c([C@@H]3CNCC[C@H]3F)c(-c3ccccc3)[nH]c2c1,1,train
CC(C)(O)c1ccc(C(Cc2cc[n+]([O-])cc2)c2ccc(OC(F)F)c(OC3CCC3)c2)cn1,0,train
CC(C)(O)c1ccc(C(Cc2cc[n+]([O-])cc2)c2ccc(OC(F)F)c(OC3CC3)c2)cn1,0,train
NC(=O)c1ccc(S(=O)(=O)C2CCN(CCc3ccc(F)cc3F)CC2)cc1,1,train
N#Cc1cccc(S(=O)(=O)C2CCN(CCc3ccc(F)cc3F)CC2)c1,1,train
[O-][n+]1ccc(CC(c2ccc(OC(F)F)c(OC3CCC3)c2)c2cnc(C(O)(C(F)(F)F)C(F)(F)F)s2)cc1,0,train
OC1c2ccccc2CCC12CCN(CCc1ccccc1)CC2,1,val
O=S(=O)(c1ccc(F)cc1)C1CCN(CCc2ccc(F)cc2F)CC1,1,train
CC(O)(c1ccccc1)c1ccc(C(Cc2cc[n+]([O-])cc2)c2ccc(OC(F)F)c(OC(F)F)c2)cn1,1,train
CC(C)(O)c1ccc(C(Cc2ccc(=O)[nH]c2)c2ccc(OC(F)F)c(OC3CC3)c2)cn1,0,train
[O-][n+]1cccc(C[C@H](c2ccc(OC(F)F)c(OC3CC3)c2)c2cnc(C(O)(C(F)(F)F)C(F)(F)F)s2)c1,0,train
O=S1(=O)c2ccccc2CCC12CCN(CCc1ccc(F)cc1F)CC2,1,train
O=S(=O)(c1ccccc1)C1CCN(CCCc2ccccc2)CC1,1,test
CC(C)(O)c1ccc(C(Cc2cc[n+]([O-])cc2)c2ccc(OC(F)F)c(OC3CCC3)c2)cc1,0,train
CC(C)(O)c1ccc(C(Cc2cc[n+]([O-])cc2)c2ccc(OC(F)F)c(OC(F)F)c2)cn1,0,train
Fc1ccc(CCN2CCC3(CCc4ccccc4O3)CC2)c(F)c1,1,train
O=C(CN1CCC(S(=O)(=O)c2ccccc2)CC1)c1ccc(F)cc1,1,test
NC(=O)c1cccc(S(=O)(=O)C2CCN(CCc3ccc(F)cc3F)CC2)c1,1,train
[O-][n+]1cccc(C[C@@H](c2ccc(OC(F)F)c(OC3CC3)c2)c2cnc(C(O)(C(F)(F)F)C(F)(F)F)s2)c1,0,train
O=S(=O)(c1ccc(Cl)cc1)C1CCN(CCc2ccc(F)cc2F)CC1,1,train
COc1ccc2c(c1)CCC1(CCN(CCc3ccc(F)cc3F)CC1)O2,1,train
N#Cc1ccccc1S(=O)(=O)C1CCN(CCc2ccc(F)cc2F)CC1,1,train
O=S(=O)(c1ccccc1)C1CCN(CCc2ccccc2)CC1,1,train
Fc1ccc2c([C@@H]3CNCC[C@H]3F)c(-c3cccc4ccccc34)[nH]c2c1,1,train
Fc1ccc2c([C@@H]3CNCC[C@H]3F)c(C3CCCCC3)[nH]c2c1,1,train
F[C@@H]1CCNC[C@H]1c1c(-c2ccccc2)[nH]c2c(Cl)cccc12,1,train
c1ccc(-c2[nH]c3ccccc3c2C2CCNCC2)cc1,1,train
Fc1ccc2c([C@@H]3CNCC[C@H]3F)c(-c3ccsc3)[nH]c2c1,1,train
COC(=O)c1[nH]c2cc(F)ccc2c1[C@@H]1CNCC[C@H]1F,1,test
Fc1ccc(-c2[nH]c3cc(F)ccc3c2C2CCCNC2)cc1,1,train
Fc1ccc2c([C@@H]3CNCC[C@H]3F)c(-c3ccc4ccccc4c3)[nH]c2c1,1,train
c1ccc(CCN2CCCC(c3c(-c4ccccc4)[nH]c4ccccc34)C2)cc1,1,train
Fc1cccc2c([C@@H]3CNCC[C@H]3F)c(-c3ccccc3)[nH]c12,1,train
Fc1ccc(-c2[nH]c3cc(F)ccc3c2[C@@H]2CNCC[C@H]2F)cc1,1,train
Fc1ccc2c([C@@H]3CNCC[C@H]3F)c(-c3cccnc3)[nH]c2c1,1,train
c1ccc(CCN2[C@@H]3CC[C@H]2CC(c2c(-c4ccccc4)[nH]c4ccccc24)C3)cc1,1,train
c1ccc(CCN2CCC(c3c(-c4ccccc4)[nH]c4ccccc34)CC2)cc1,1,train
CN1CCCC(c2c(-c3ccccc3)[nH]c3ccccc23)C1,1,train
c1ccc(CN2CCCC(c3c(-c4ccccc4)[nH]c4ccccc34)C2)cc1,1,train
CN1CCCCC1c1c(-c2ccccc2)[nH]c2ccccc12,1,val
F[C@@H]1CCNC[C@H]1c1c(-c2ccccc2)[nH]c2cc(Cl)ccc12,1,train
c1ccc(-c2[nH]c3ccccc3c2C2CCCNC2)cc1,1,train
O=C(Nc1ccccc1)c1[nH]c2cc(F)ccc2c1[C@@H]1CNCC[C@H]1F,1,train
NC(C(=O)N1CC[C@H](F)C1)C1CCC(NS(=O)(=O)c2ccc(F)cc2F)CC1,0,train
NC(C(=O)N1CCSC1)C1CCCCC1,0,test
NC(C(=O)N1CC[C@@H](F)C1)C1CCC(NS(=O)(=O)c2ccc(OC(F)(F)F)cc2)CC1,1,train
NC(C(=O)N1CC[C@@H](F)C1)C1CCC(NS(=O)(=O)c2ccc(F)cc2F)CC1,0,train
NC(C(=O)N1CCCC1)C1CCC(NC(=O)c2ccc(F)c(F)c2)CC1,0,train
NC(C(=O)N1CCSC1)C1CCC(NC(=O)c2ccccc2C(F)(F)F)CC1,0,train
NC(C(=O)N1CC[C@@H](F)C1)C1CCC(NC(=O)OCc2ccccc2)CC1,0,train
NC(C(=O)N1CC[C@H](F)C1)C1CCC(NS(=O)(=O)c2ccc(OC(F)(F)F)cc2)CC1,1,train
NC(C(=O)N1CCC(F)(F)C1)C1CCC(NC(=O)c2ccc(F)c(F)c2)CC1,0,train
NC(C(=O)N1CCC(F)(F)C1)C1CCC(NC(=O)OCc2ccccc2)CC1,0,train
NC(C(=O)N1CC[C@H](F)C1)C1CCC(NC(=O)c2ccc(F)c(F)c2)CC1,0,train
NC(C(=O)N1CC[C@@H](F)C1)C1CCC(NC(=O)c2ccc(F)c(F)c2)CC1,0,train
NC(C(=O)N1CCC(F)(F)C1)C1CCC(NS(=O)(=O)c2ccc(OC(F)(F)F)cc2)CC1,1,train
NC(C(=O)N1CC[C@H](F)C1)C1CCC(NC(=O)OCc2ccccc2)CC1,0,train
CCC(CC)c1cn(-c2ccc(F)cc2)c2ccc(Cl)cc12,1,train
O=C1NCCN1CCN1CCC(C2CN(c3ccc(F)cc3)c3ccccc32)CC1,1,test
COc1cc(N)c(Cl)cc1C(=O)NC1CCN(CCCOc2ccc(F)cc2)CC1OC,1,train
COc1ccc(CCN(C)CCCC(C#N)(c2ccc(OC)c(OC)c2)C(C)C)cc1OC,1,test
CC(C)(C)c1ccc(C(O)CCCN2CCC(C(O)(c3ccccc3)c3ccccc3)CC2)cc1,1,train
CN(CCOc1ccc(NS(C)(=O)=O)cc1)CCc1ccc(NS(C)(=O)=O)cc1,1,val
CCC(O)c1cn(-c2ccc(F)cc2)c2ccc(Cl)cc12,1,train
CN(C)Cc1cn(-c2ccc(F)cc2)c2ccc(Cl)cc12,1,train
CCC(=O)c1cn(-c2ccc(F)cc2)c2ccc(Cl)cc12,1,train
CC(C)(C(=O)O)c1ccc(C(O)CCCN2CCC(C(O)(c3ccccc3)c3ccccc3)CC2)cc1,0,train
CC(O)c1cn(-c2ccc(F)cc2)c2ccc(Cl)cc12,1,train
O=C(CCCN1CCC(O)(c2ccc(Cl)cc2)CC1)c1ccc(F)cc1,1,val
CCc1cn(-c2ccc(F)cc2)c2ccc(Cl)cc12,1,train
CS(=O)(=O)Nc1ccc2c(c1)C(O)CC1(CCN(C3CCc4cc(C#N)ccc4C3)CC1)O2,1,train
CC(C)(O)c1ccc(C(O)CCCN2CCC(C(O)(c3ccccc3)c3ccccc3)CC2)cc1,1,train
O=c1[nH]c2ccccc2n1C1CCN(CCCC(c2ccc(F)cc2)c2ccc(F)cc2)CC1,1,train
Cc1c(F)c(N2CCNC(C)C2)cc2c1c(=O)c(C(=O)O)cn2C1CC1,0,val
COc1ccc(CCN2CCC(Nc3nc4ccccc4n3Cc3ccc(F)cc3)CC2)cc1,1,train
CSc1ccc2c(c1)N(CCC1CCCCN1C)c1ccccc1S2,1,train
CCn1nc(Cc2ccc(OC3CCC3)cc2)cc1C1CCN(C[C@H]2CN(C(C(=O)O)C(C)(C)C)C[C@@H]2c2cccc(F)c2)CC1,1,train
CC[C@H](C)C(C(=O)O)N1C[C@H](CN2CCC(c3cc(Cc4ccc(C(C)C)cc4)nn3CC)CC2)[C@@H](c2cccc(F)c2)C1,1,train
CC(C)COCC(CN(Cc1ccccc1)c1ccccc1)N1CCCC1,1,test
COc1ccccc1OCCNCC(O)COc1cccc2[nH]c3ccccc3c12,0,val
CCCCN(CCCC)CCC(O)c1cc2c(Cl)cc(Cl)cc2c2cc(C(F)(F)F)ccc12,1,test
C1CCC(C(CC2CCCCN2)C2CCCCC2)CC1,1,test
CN(C)CCCC1(c2ccc(F)cc2)OCc2cc(C#N)ccc21,1,val
CC[C@H](C)C(C(=O)O)N1C[C@H](CN2CCC(c3cc(Cc4ccc(OCC(F)(F)F)cc4)nn3CC)CC2)[C@@H](c2cccc(F)c2)C1,1,train
CCn1nc(Cc2ccccc2)cc1C1CCN(C[C@H]2CN(C(C(=O)O)C(C)(C)C)C[C@@H]2c2cccc(F)c2)CC1,0,train
CC[C@H](C)C(C(=O)O)N1C[C@H](CN2CCC(c3cc(Cc4ccc(OC)c(OC)c4)nn3CC)CC2)[C@@H](c2cccc(F)c2)C1,0,train
O=C1CN2[C@@H]3CC(OC(=O)C4CNc5ccccc54)C[C@@H]2CC1C3,1,val
CC[C@H](C)C(C(=O)O)N1C[C@H](CN2CCC(c3cc(Cc4ccccc4)nn3CC)CC2)[C@@H](c2cccc(F)c2)C1,0,train
CCn1nc(Cc2ccc(OC)c(OC)c2)cc1C1CCN(C[C@H]2CN(C(C(=O)O)C(C)(C)C)C[C@@H]2c2cccc(F)c2)CC1,0,train
CCn1nc(Cc2ccc(C(C)(C)C)cc2)cc1C1CCN(C[C@H]2CN(C(C(=O)O)C(C)(C)C)C[C@@H]2c2cccc(F)c2)CC1,1,train
COC(=O)C1[C@@H](OC(=O)c2ccccc2)C[C@@H]2CC[C@H]1N2C,1,train
CCCCCCCN(CC)CCCC(O)c1ccc(NS(C)(=O)=O)cc1,1,test
COCC(=O)O[C@]1(CCN(C)CCCc2nc3ccccc3[nH]2)CCc2cc(F)ccc2[C@@H]1C(C)C,1,val
CC(C)N(CCC(C(N)=O)(c1ccccc1)c1ccccn1)C(C)C,0,test
C[C@@H]1CN(c2c(F)c(N)c3c(=O)c(C(=O)O)cn(C4CC4)c3c2F)C[C@H](C)N1,0,val
CCn1nc(Cc2ccc(OC(C)C)cc2)cc1C1CCN(C[C@H]2CN(C(C(=O)O)C(C)(C)C)C[C@@H]2c2cccc(F)c2)CC1,1,train
CCn1nc(Cc2ccc(C#N)cc2)cc1C1CCN(C[C@H]2CN(C(C(=O)O)C(C)(C)C)C[C@@H]2c2cccc(F)c2)CC1,1,train
CN(c1nc(=O)cc[nH]1)C1CCN(c2nc3ccccc3n2Cc2ccc(F)cc2)CC1,1,train
OC(c1cc(C(F)(F)F)nc2c(C(F)(F)F)cccc12)C1CCCCN1,1,val
CC[C@@H](C)C(C(=O)O)N1C[C@H](CN2CCC(c3cc(Cc4ccc(OC5CCC5)cc4)nn3CC)CC2)[C@@H](c2cccc(F)c2)C1,1,train
CN1CCN(C2=Nc3cc(Cl)ccc3Nc3ccccc32)CC1,1,test
CN(C)CCCN1c2ccccc2Sc2ccc(Cl)cc21,1,train
CNCCC(Oc1ccc(C(F)(F)F)cc1)c1ccccc1,1,val
CC[C@@H](C)C(C(=O)O)N1C[C@H](CN2CCC(c3cc(Cc4ccc(OC)c(OC)c4)nn3CC)CC2)[C@@H](c2cccc(F)c2)C1,0,train
CN1CCN(CCCCn2c(O)cn(/N=C/c3ccc(-c4ccc(Cl)cc4)o3)c2=O)CC1,1,test
CCCc1nn(C)c2c(=O)[nH]c(-c3cc(S(=O)(=O)N4CCN(C)CC4)ccc3OCC)nc12,1,test
COc1ccc([C@@H]2Sc3ccccc3N(CCN(C)C)C(=O)C2OC(C)=O)cc1,0,test
O=C(O)COCCN1CCN(C(c2ccccc2)c2ccc(Cl)cc2)CC1,0,test
CC(=O)N1CCN(c2ccc(OCC3COC(Cn4ccnc4)(c4ccc(Cl)cc4Cl)O3)cc2)CC1,1,test
CNCCCN1c2ccccc2CCc2ccccc21,1,val
Cc1nc2n(c(=O)c1CCN1CCC(c3noc4cc(F)ccc34)CC1)CCCC2,1,train
CCOc1ccc(Cc2cc(C3CCN(C[C@H]4CN(C(C(=O)O)[C@@H](C)CC)C[C@@H]4c4cccc(F)c4)CC3)n(CC)n2)cc1,0,train
CC[C@H]1OC(=O)C(C)[C@@H](O[C@H]2C[C@@](C)(OC)[C@@H](O)[C@H](C)O2)[C@H](C)[C@@H](O[C@@H]2O[C@H](C)C[C@H](N(C)C)[C@H]2O)[C@](C)(OC)CC(C)C(=O)C(C)[C@@H](O)[C@]1(C)O,0,train
CCOC(=O)C1=C(C)N=C(C)C(C(=O)OC)C1c1cccc([N+](=O)[O-])c1,1,test
O=C(CCCN1CC=C(n2c(=O)[nH]c3ccccc32)CC1)c1ccc(F)cc1,1,test
CC[C@@H](C)C(C(=O)O)N1C[C@H](CN2CCC(c3cc(Cc4ccc(OC(C)(C)C)cc4)nn3CC)CC2)[C@@H](c2cccc(F)c2)C1,1,train
CN1CCCCC1CCN1c2ccccc2Sc2ccc([S+](C)[O-])cc21,1,train
COc1ccc(C2CCN(CCC3CCOc4ccccc43)CC2)cc1OC,1,train
CCn1nc(Cc2ccc(-c3ccccc3)cc2)cc1C1CCN(C[C@H]2CN(C(C(=O)O)C(C)(C)C)C[C@@H]2c2cccc(F)c2)CC1,1,train
NC1=NCC2c3ccccc3Cc3ccccc3N12,0,test
Cc1cc2c(s1)Nc1ccccc1N=C2N1CCN(C)CC1,1,val
CCn1nc(Cc2ccc(OC(F)(F)F)cc2)cc1C1CCN(C[C@H]2CN(C(C(=O)O)C(C)(C)C)C[C@@H]2c2cccc(F)c2)CC1,1,train
O=C(NCC1CCCCN1)c1cc(OCC(F)(F)F)ccc1OCC(F)(F)F,1,test
CC[C@H](C)C(C(=O)O)N1C[C@H](CN2CCC(c3cc(Cc4ccc(OC5CCC5)cc4)nn3CC)CC2)[C@@H](c2cccc(F)c2)C1,1,train
CC[C@H](C)C(C(=O)O)N1C[C@H](CN2CCC(c3cc(Cc4ccc(-c5ccccc5)cc4)nn3CC)CC2)[C@@H](c2cccc(F)c2)C1,1,train
CCn1nc(Cc2ccc(-c3ccccc3)cc2)cc1C1CCN(C[C@H]2CN(C(C(=O)O)C3CCCCC3)C[C@@H]2c2cccc(F)c2)CC1,1,train
Oc1cc2cc(CCN3CCN(c4nsc5ccccc45)CC3)c(Cl)cc2[nH]1,1,test
O=C(O[C@H]1C[C@H]2CC3C[C@@H](C1)N2CC3=O)c1c[nH]c2ccccc12,0,train
Cc1cccc(CCN2CCC(C(=O)c3ccc(NS(C)(=O)=O)cc3)CC2)n1,1,test
Fc1ccc(Cn2c(NC3CCNCC3)nc3ccccc32)cc1,1,train
CN(C)CCCn1nc(C2=C(c3cn(-c4cccnc4)c4ccccc34)C(=O)NC2=O)c2ccccc21,1,train
CN(C)CCCn1nc(C2=C(c3cn(-c4ccc5ccccc5c4)c4ccccc34)C(=O)NC2=O)c2ccccc21,1,train
CN(C)CCCn1nc(C2=C(c3cn(-c4cncc5ccccc45)c4ccccc34)C(=O)NC2=O)c2ccccc21,1,train
CN(C)CCCn1nc(C2=C(c3cn(-c4cnc5ccccc5c4)c4ccccc34)C(=O)NC2=O)c2ccccc21,1,train
O=S(=O)(c1ccccc1)C1(F)CCN(CCc2ccc(F)cc2F)CC1,1,train
O=S(=O)(c1ccc(F)cc1)C1(F)CCN(CCc2ccc(F)cc2F)CC1,1,train
O=C1NC(=O)C(c2nn(CCCN3CCOCC3)c3ccccc23)=C1c1cn(-c2ccc3ccccc3c2)c2ccccc12,1,train
O=C1NC(=O)C(c2nn(CCCN3CCCC3)c3ccccc23)=C1c1cn(-c2ccc3ccccc3c2)c2ccccc12,1,train
N#Cc1ccc(S(=O)(=O)C2(F)CCN(CCc3ccc(F)cc3F)CC2)cc1,1,train
CN1CCN(CCCn2nc(C3=C(c4cn(-c5ccc6ccccc6c5)c5ccccc45)C(=O)NC3=O)c3ccccc32)CC1,1,train
O=C(CN1CCC(S(=O)(=O)c2ccccc2)CC1)c1ccc(F)cc1F,1,train
O=S(=O)(c1ccc(Cl)cc1)C1(F)CCN(CCc2ccc(F)cc2F)CC1,1,train
O=S(=O)(c1ccccc1F)C1(F)CCN(CCc2ccc(F)cc2F)CC1,1,train
O=S(=O)(c1ccc(N2CCC2)cc1)C1(F)CCN(CCc2ccc(F)cc2F)CC1,1,train
CN([C@H]1c2cc(OCCCC(F)(F)F)ccc2OC(C)(C)[C@@H]1O)S(C)(=O)=O,0,val
CC[C@H]1OC(=O)C(C)[C@@H](O[C@H]2C[C@@](C)(OC)[C@@H](O)[C@H](C)O2)[C@H](C)[C@@H](O[C@@H]2O[C@H](C)C[C@H](N(C)C)[C@H]2O)[C@](C)(O)CC(C)C(=O)C(C)[C@@H](O)[C@]1(C)O,1,train
CCCNCC(O)COc1ccc(O)cc1C(=O)CCc1ccccc1,0,val
NCC(O)COc1ccccc1C(=O)CCc1ccccc1,0,train
CCC[S+]([O-])CCCN(CC)CC(O)COc1ccc(C#N)cc1,1,test
CC(CC(c1ccccc1)c1ccccc1)NC(C)(C)C,1,test
CCCNCC(O)COc1ccccc1C(=O)CCc1ccccc1,1,val
COc1ccc(CCN(C)CCOc2ccc(NS(C)(=O)=O)cc2N)cc1OC,1,val
COc1ccc(CN(CCN(C)C)c2ccccn2)cc1,0,test
COc1ccc(CCNC(C)COc2c(C)cccc2C)cc1OC,1,val
c1ccc(C2(c3ccccc3)CC2C2=NCCN2)cc1,1,test
CCN(CC)CC#CCOC(=O)[C@](O)(c1ccccc1)C1CCCCC1,0,val
COc1cc2c(cc1OC)C1Cc3ccc(OC)c(OC)c3C(Cc3ccccc3)N1CC2,0,val
COC(=O)C1=C(C)N=C(C)C(C(=O)OCC(C)C)C1c1ccccc1[N+](=O)[O-],0,test
CCN(CC)CCNC(=O)c1ccc(NC(C)=O)cc1,0,test
CN1Cc2ccccc2[C@@H](c2ccccc2)N=C1CCc1ccccc1,1,val
O=C1NCN(c2ccccc2)C12CCN(CCCC(c1ccc(F)cc1)c1ccc(F)cc1)CC2,1,test
CCN(CC)CCCC(C)Nc1ccnc2cc(Cl)ccc12,1,test
CCCCN(CCCC)CC(O)c1cc(Cl)cc2c1-c1ccc(Cl)cc1/C2=C/c1ccc(Cl)cc1,1,val
NC(CC(=O)N1CCCC1C(=O)NCc1ccc(C(=O)O)cc1)Cc1ccc(F)c(F)c1,0,train
NC(CC(=O)N1CCCC1C(=O)NCc1ccc(C(F)(F)F)cc1)Cc1ccccc1F,1,train
CC(C)C(Oc1ccc(CNC(=O)C2CCCN2C(=O)CC(N)Cc2cc(F)ccc2F)cc1)C(=O)O,0,train
COC(=O)Cc1ccc(CNC(=O)C2CSCN2C(=O)CC(N)Cc2ccccc2F)cc1,1,test
NCc1ccc(F)c(C2CCN(C(=O)c3cccc(-c4nc(-c5cccs5)no4)c3)CC2)c1,1,train
NCc1ccc(F)c(C2CCN(C(=O)c3cc(C(=O)O)cc(-c4nc(-c5cccs5)no4)c3)CC2)c1,0,train
NCc1ccc(F)c(C2CCN(C(=O)c3cc(C(N)=O)cc(-c4nc(-c5cccs5)no4)c3)CC2)c1,0,train
CC(c1ccc(-c2ccc(F)cc2)cc1)C(N)C(=O)N1CC[C@H](F)C1,1,train
O=C(O)C(CC1CCC1)N1C[C@H](CN2CCC(c3cnc4ccccn34)CC2)[C@@H](c2cccc(F)c2)C1,1,test
CC(c1ccc(-c2cccc(-c3nn[nH]n3)c2)cc1)C(N)C(=O)N1CC[C@H](F)C1,0,val
CC(c1ccc(-c2cccc(-c3nc(=O)o[nH]3)c2)cc1)C(N)C(=O)N1CC[C@H](F)C1,0,val
COc1ccc([C@@H](O)C[C@H]2c3cc(OC)c(OC)cc3CCN2C)cc1,1,val
COc1cc2c(cc1OC)[C@H](C[C@H](O)c1ccc(Cl)cc1)N(C)CC2,1,val
COc1cccc(CN2CCCCCCC2)c1OCc1csc(-c2ccccc2)n1,1,train
COc1cccc(CN2CCCCCCC2)c1OCc1csc(-c2ccc(Cl)cc2)n1,1,train
Clc1ccc(-c2nc(COc3ccccc3CN3CCCCCCC3)cs2)cc1,1,train
Cc1cccc(C)c1NC(=O)CN1CCN(CCCC(c2ccc(F)cc2)c2ccc(F)cc2)CC1,1,test
Cc1ccc(O)c([C@H](CCN(C(C)C)C(C)C)c2ccccc2)c1,1,test
Cc1nc2n(c(=O)c1CCN1CCC(C3NOc4cc(F)ccc43)CC1)CCCC2,1,val
COc1cccc(C(=O)N2CCCC2)c1OCc1csc(-c2ccc(Cl)cc2)n1,1,val
O=C(c1ccccc1OCc1csc(-c2ccc(Cl)cc2)n1)N1CCCC1,1,train
O=c1[nH]c2ccccc2n1CCCN1CCC(n2c(=O)[nH]c3cc(Cl)ccc32)CC1,1,val
CCC(=O)N(c1ccccc1)C1CCN(CCc2ccccc2)CC1,1,test
CC(C)(C)c1ccc(C(=O)CCCN2CCC(OC(c3ccccc3)c3ccccc3)CC2)cc1,1,test
CN1C2CCCC1CC(NC(=O)c1nn(C)c3ccccc13)C2,1,test
CO[C@@]12CC[C@@]3(C[C@@H]1[C@](C)(O)C(C)(C)C)[C@H]1Cc4ccc(O)c5c4[C@@]3(CCN1CC1CC1)[C@H]2O5,1,test
CCC(=O)C(CC(C)N(C)C)(c1ccccc1)c1ccccc1,1,test
C/C=C1/N(C)C(C)CC1(c1ccccc1)c1ccccc1,0,test
O=c1cc(NC2CCN(Cc3ccc4c(c3)OCO4)CC2)c2cc(Cl)ccc2o1,1,train
CC(C)(C)C1CCC2(CC1)CCN(c1ccc(OC(F)(F)F)cc1)C(=O)N2Cc1ccc(C(=O)Nc2nn[nH]n2)cc1,1,test
COc1ccc(OC(F)(F)F)cc1CN[C@H]1CCCN[C@H]1c1ccccc1,1,test
O=c1[nH]nc(C2CC3(c4ccccc4)NC2CCC3NCc2cc(OC(F)(F)F)ccc2OC2CC2)[nH]1,1,train
O=C(O)C1CC2(c3ccc(F)cc3)NC1CCC2NCc1cc(OC(F)(F)F)ccc1OC1CC1,1,train
O=S(=O)(NCC1CC2(c3ccc(F)cc3)NC1CCC2NCc1cc(OC(F)(F)F)ccc1OC1CC1)c1ccccc1,1,val
CS(=O)(=O)NCC1CC2(c3ccc(F)cc3)NC1CCC2NCc1cc(OC(F)(F)F)ccc1OC1CC1,1,val
OCC1CC2(c3ccccc3)NC1CCC2NCc1cc(OC(F)(F)F)ccc1OC1CC1,1,train
FC(F)(F)Oc1ccc(Cl)c(CNC2CCC3CCC2(c2ccccc2)N3)c1,1,train
FC(F)(F)Oc1ccc(OC2CC2)c(CNC2CCC3CCC2(c2ccccc2)N3)c1,1,train
COc1ccc(OC(F)(F)F)cc1CNC1CCC2CCC1(c1ccccc1)N2,1,train
CN(C)[C@H]1CC[C@](c2ccccc2)(N2CCC(c3cc(C(F)(F)F)cc(C(F)(F)F)c3)C2=O)CC1,1,train
CC(C(=O)N[C@]1(c2ccccc2)CC[C@@H](N2CCN(c3ccccc3)C(=O)C2)CC1)c1cc(C(F)(F)F)cc(C(F)(F)F)c1,1,train
CC(C(=O)N[C@]1(c2ccccc2)CC[C@@H](N2CCC3(CCOC3)CC2)CC1)c1cc(C(F)(F)F)cc(C(F)(F)F)c1,1,train
COC1(c2cc(C(F)(F)F)cc(C(F)(F)F)c2)CCN([C@]2(c3ccccc3)CC[C@@H](N3CCC4(CCOC4)CC3)CC2)C1=O,1,train
CC1(c2cc(C(F)(F)F)cc(C(F)(F)F)c2)CCN([C@]2(c3ccccc3)CC[C@@H](N3CCN(c4ccccc4Cl)C(=O)C3)CC2)C1=O,1,train
CC1(c2cc(C(F)(F)F)cc(C(F)(F)F)c2)CCN([C@]2(c3ccccc3)CC[C@@H](N3CCN(c4ccccc4)C(=O)C3)CC2)C1=O,1,train
CC1(c2cc(C(F)(F)F)cc(C(F)(F)F)c2)CCN([C@]2(c3ccccc3)CC[C@@H](N3CCC4(CCOC4)CC3)CC2)C1=O,1,train
O=C1N([C@]2(c3ccccc3)CC[C@@H](N3CCC4(CCOC4)CC3)CC2)CCC1(O)c1cc(C(F)(F)F)cc(C(F)(F)F)c1,1,train
O=C1CN([C@H]2CC[C@](c3ccccc3)(N3CCCC(c4cc(C(F)(F)F)cc(C(F)(F)F)c4)C3=O)CC2)CCN1c1ccccc1,1,train
O=C1CN([C@H]2CC[C@](c3ccccc3)(N3CCC(c4cc(C(F)(F)F)cc(C(F)(F)F)c4)C3=O)CC2)CCN1c1ccccc1,1,train
O=C1C(c2cc(C(F)(F)F)cc(C(F)(F)F)c2)CCCN1[C@]1(c2ccccc2)CC[C@@H](N2CCC3(CCOC3)CC2)CC1,1,train
O=C1C(c2cc(C(F)(F)F)cc(C(F)(F)F)c2)CCN1[C@]1(c2ccccc2)CC[C@@H](N2CCC3(CCOC3)CC2)CC1,1,train
CC(c1ccc(-c2ccc(=O)[nH]c2)cc1)C(N)C(=O)N1CC[C@H](F)C1,1,val
O=C(C(O)C1CC1)N1CC(c2cc(F)ccc2F)=C[C@H]1c1ccccc1,0,train
CC(C)(C)C(NC(=O)OCCO)C(=O)N1CC(c2cc(F)ccc2F)=C[C@H]1c1ccccc1,0,train
CC(C)C(N)C(=O)N1CC(c2cc(F)ccc2F)=C[C@H]1c1ccccc1,1,train
CC(C)(CN)C(=O)N1CC(c2cc(F)ccc2F)=C[C@H]1c1ccccc1,1,train
CN(C(=O)N1CC(c2cc(F)ccc2F)=CC1c1cccc(O)c1)C1CCNCC1,1,val
CN(C)C(=O)N1CC(c2cc(F)ccc2F)=C[C@H]1c1cccc(O)c1,0,val
CC(C)C(N)C(=O)N1CC(c2cc(F)ccc2F)=C[C@H]1c1cccc(O)c1,1,train
FC(F)(F)c1cc(COC2CCC3CCC2(c2ccccc2)N3)cc(C(F)(F)F)c1,1,test
C[C@@H](OC1CCC2NC1(c1ccccc1)CC2c1nnnn1C)c1cc(C(F)(F)F)cc(C(F)(F)F)c1,1,train
C[C@@H](OC1CCC2NC1(c1ccccc1)CC2c1nnn(C)n1)c1cc(C(F)(F)F)cc(C(F)(F)F)c1,1,train
Cn1nnnc1C1CC2(c3ccccc3)NC1CCC2OCc1cc(C(F)(F)F)cc(C(F)(F)F)c1,1,val
Cn1nnc(C2CC3(c4ccccc4)NC2CCC3OCc2cc(C(F)(F)F)cc(C(F)(F)F)c2)n1,1,val
C[C@@H](OC1CCC2NC1(c1ccccc1)CC2S(=O)(=O)c1ccccc1)c1cc(C(F)(F)F)cc(C(F)(F)F)c1,1,train
O=S(=O)(c1ccccc1)C1CC2(c3ccccc3)NC1CCC2OCc1cc(C(F)(F)F)cc(C(F)(F)F)c1,1,train
COc1ccc(Br)cc1CCc1c(Cl)cccc1C(=O)N=C(N)N,1,test
COc1ccc(Br)cc1CCc1c(Cl)cccc1C1=NCCN1,1,test
COc1ccccc1Oc1cccc(CN2CCC(NC(=O)C3(c4ccccc4)CCNCC3)CC2)c1,1,val
O=c1cc(NC2CCN(Cc3ccc4c(c3)OCO4)CC2)c2cc(Cl)ccc2[nH]1,1,val
Cn1c(=O)nc(NC2CC3CCC(C2)N3Cc2ccc3c(c2)OCO3)c2cc(Cl)ccc21,1,train
O=c1nc(NC2CC3CCC(C2)N3Cc2ccc3c(c2)OCO3)c2cc(Cl)ccc2n1CC(F)(F)F,1,test
CCCCCn1c(=O)nc(NC2CCN(Cc3ccc4c(c3)OCO4)CC2)c2cc(Cl)ccc21,1,train
O=c1nc(NC2CCN(Cc3ccc4c(c3)OCO4)CC2)c2cc(Cl)ccc2n1CC(F)(F)F,1,train
O=c1nc(NC2CCN(Cc3ccc4ccccc4c3)CC2)c2cc(Cl)ccc2n1CC(F)(F)F,1,test
Cn1c(=O)nc(NC2CCN(Cc3ccc4ncccc4c3)CC2)c2cc(Cl)ccc21,1,train
Cn1c(=O)nc(NC2CCN(Cc3ccc4c(c3)OCO4)CC2)c2cc(Cl)ccc21,1,train
Cn1c(=O)nc(NC2CCN(Cc3ccc4ccccc4c3)CC2)c2cc(Cl)ccc21,1,train
COC(=O)c1c(NC2CCN(Cc3ccc4c(c3)OCO4)CC2)c2cc(Cl)ccc2n(C)c1=O,1,train
N#Cc1c(NC2CCN(Cc3ccc4c(c3)OCO4)CC2)c2cc(Cl)ccc2[nH]c1=O,1,val
O=c1cc(NC2CCN(Cc3ccc4c(c3)OCO4)CC2)c2cc(Cl)ccc2n1Cc1ccccn1,1,train
O=c1cc(NC2CCN(Cc3ccc4ccccc4c3)CC2)c2cc(Cl)ccc2n1Cc1ccccn1,1,train
O=c1cc(NC2CCN(Cc3ccc4c(c3)OCO4)CC2)c2cc(Cl)ccc2n1Cc1ccncc1,1,train
O=c1cc(NC2CCN(Cc3ccc4c(c3)OCO4)CC2)c2cc(Cl)ccc2n1Cc1ccccc1,1,train
Cn1c(=O)cc(NC2CCN(Cc3ccc4c(c3)OCO4)CC2)c2cc(OC(F)(F)F)ccc21,1,train
COc1ccc2c(c1)c(NC1CCN(Cc3ccc4c(c3)OCO4)CC1)cc(=O)n2C,1,train
Cn1c(=O)cc(NC2CCN(Cc3ccc4ccccc4c3)CC2)c2cc(Cl)ccc21,1,val
Cn1c(=O)cc(NC2CCN(C/C=C/c3ccccc3)CC2)c2cc(Cl)ccc21,1,val
C[C@@H](O[C@H]1CCn2ccnc2C[C@@H]1c1ccc(F)cc1)c1cc(C(F)(F)F)cc(C(F)(F)F)c1,1,val
C[C@@H](O[C@H]1CCc2nccn2C[C@@H]1c1ccc(F)cc1)c1cc(C(F)(F)F)cc(C(F)(F)F)c1,1,val
C[C@@H](O[C@H]1CCC(=O)N(C)[C@@H](C)[C@@H]1c1ccc(F)cc1)c1cc(C(F)(F)F)cc(C(F)(F)F)c1,1,test
CC1C[C@H](O[C@H](C)c2cc(C(F)(F)F)cc(C(F)(F)F)c2)[C@@H](c2ccc(F)cc2)CN(C)C1=O,1,train
CC1C[C@H](O[C@H](C)c2cc(C(F)(F)F)cc(C(F)(F)F)c2)[C@@H](c2ccc(F)cc2)CNC1=O,1,train
C[C@@H]1C[C@H](O[C@H](C)c2cc(C(F)(F)F)cc(C(F)(F)F)c2)[C@@H](c2ccc(F)cc2)CC(=O)N1,1,train
O=S(=O)(c1ccc(F)cc1)N1CCN(CCc2ccc(F)cc2F)CC1,1,train
N#Cc1c[nH]c2c(C(=O)N3CCN(CCc4ccc(F)cc4F)CC3)cccc12,1,val
O=C(NC1CC1)c1cc(NCc2cnc(Nc3ccccn3)s2)c(F)cc1F,0,val
CNC1CCN(c2ccc(NC(=O)c3ccc(-c4ccccc4)cc3)cn2)C1,1,val
CCOc1ccccc1C[C@H](c1ccccc1)N1CCNCC1,1,train
O=C(NC1CCN(Cc2ccc3c(c2)OCO3)CC1)c1cc(=O)c2cc(F)c(F)cc2o1,1,train
COc1ccc2c(=O)n(CC(O)CO)c(C#N)c(-c3cccc(F)c3)c2c1,0,train
COc1ccc2c(=O)n(CC(O)CO)c(C#N)c(-c3cccc(C(F)(F)F)c3)c2c1,0,train
COc1ccc2c(=O)n(C[C@@H](O)CO)c(C#N)c(-c3ccccc3)c2c1,0,train
COc1ccc2c(=O)n(CC(CO)NCc3cccnc3)c(C#N)c(-c3ccccc3)c2c1,1,val
COCCN(C)CCn1c(C#N)c(-c2cccc(F)c2)c2cc(OC)ccc2c1=O,1,train
COc1ccc2c(=O)n(CCO)c(C#N)c(-c3cccc(F)c3)c2c1,0,train
COc1ccc2c(-n3cnc(C)c3)nc(C#N)c(-c3cccc(F)c3)c2c1,0,test
COc1ccc2c(NC[C@H](O)CO)nc(C#N)c(-c3ccccc3)c2c1,0,val
COc1ccc2c(OC[C@H](O)CO)nc(C#N)c(-c3ccccc3)c2c1,0,val
COc1ccc2c(=O)n(C)c(CN(C)C)c(-c3ccccc3)c2c1,1,test
O=C(NC1CCN(Cc2ccc3occc3c2)CC1)c1cc(=O)c2ccc(F)cc2o1,1,train
O=C(NC1CCN(Cc2ccc3sccc3c2)CC1)c1cc(=O)c2ccc(F)cc2o1,1,train
O=C(NC1CCN(Cc2ccc3[nH]ccc3c2)CC1)c1cc(=O)c2ccc(F)cc2o1,1,train
O=C(NC1CCN(Cc2ccc3cc[nH]c3c2)CC1)c1cc(=O)c2ccc(F)cc2o1,1,train
O=C(NC1CCN(Cc2ccc3ncoc3c2)CC1)c1cc(=O)c2ccc(F)cc2o1,0,train
CCc1nc2ccc(CN3CCC(NC(=O)c4cc(=O)c5ccc(F)cc5o4)CC3)cc2o1,0,train
CCc1nc2cc(CN3CCC(NC(=O)c4cc(=O)c5ccc(F)cc5o4)CC3)ccc2o1,0,train
O=C(NC1CCN(Cc2ccc3oc(=O)[nH]c3c2)CC1)c1cc(=O)c2ccc(F)cc2o1,0,train
O=C(NC1CCN(Cc2ccc3oc(=O)oc3c2)CC1)c1cc(=O)c2ccc(F)cc2o1,0,train
O=C1COc2ccc(CN3CCC(NC(=O)c4cc(=O)c5ccc(F)cc5o4)CC3)cc2N1,1,train
O=C(NC1CCN(Cc2ccc3ccc(=O)[nH]c3c2)CC1)c1cc(=O)c2ccc(F)cc2o1,0,train
Cn1c(=O)ccc2ccc(CN3CCC(NC(=O)c4cc(=O)c5ccc(F)cc5o4)CC3)cc21,0,train
O=C(NC1CCN(Cc2ccc3ccc(=O)oc3c2)CC1)c1cc(=O)c2ccc(F)cc2o1,0,train
CC(=O)Nc1cccc(CN2CCC(NC(=O)c3cc(=O)c4ccc(F)cc4o3)CC2)c1,0,train
O=C(NC1CCN(C2CCc3cc4c(cc32)OCO4)CC1)c1cc(=O)c2cc(F)ccc2o1,1,train
O=C(NC1CCN(C2CCc3c2ccc2c3OCO2)CC1)c1cc(=O)c2cc(F)ccc2o1,1,test
O=C(NC1CCN(C2CCc3cc4oc(=O)[nH]c4cc32)CC1)c1cc(=O)c2ccc(F)cc2o1,0,train
O=C1COc2cc3c(cc2N1)C(N1CCC(NC(=O)c2cc(=O)c4ccc(F)cc4o2)CC1)CC3,0,train
CC(=O)Nc1ccc2c(c1)C(N1CCC(NC(=O)c3cc(=O)c4ccc(F)cc4o3)CC1)CC2,0,train
CN(C)Cc1ccc2c(c1)CC[C@H](N(C)C(=O)c1ccc(-c3ccc(F)cc3)cc1)C2,1,train
CN(C)Cc1ccc2c(c1)CC[C@H](N(C)C(=O)c1ccc(-c3ccc(Cl)cc3)cn1)C2,1,train
CN(C)Cc1ccc2c(c1)CC[C@H](N(C)C(=O)c1ccc(-c3ccc(Cl)cc3)nc1)C2,1,train
CN(C)Cc1ccc2c(c1)CC[C@H](N(C)C(=O)c1ccc(-c3ccc(F)cc3)cn1)C2,1,train
CN(C)Cc1ccc2c(c1)CC[C@H](N(C)C(=O)c1ccc(-c3ccc(F)cc3)nc1)C2,1,train
CN(C)Cc1ccc2c(c1)CC[C@H](N(C)C(=O)c1ccc(-c3ccc(Cl)cn3)cc1)C2,0,train
CN(C)Cc1ccc2c(c1)CC[C@H](N(C)C(=O)c1ccc(-c3ccccc3)cn1)C2,0,train
CN(C)Cc1ccc2c(c1)CC[C@H](N(C)C(=O)c1ccc(-c3ccccn3)cc1)C2,0,train
CN(CC(=O)N(C)C)Cc1ccc2c(c1)CC[C@H](N(C)C(=O)c1ccc(-c3ccc(F)cc3)cc1)C2,1,train
CN(C)C(=O)C1CCCN1Cc1ccc2c(c1)CC[C@H](N(C)C(=O)c1ccc(-c3ccc(F)cc3)cc1)C2,1,train
CN(C(=O)c1ccc(-c2ccc(F)cc2)cc1)[C@H]1CCc2cc(CN3CCN(C(N)=O)CC3)ccc2C1,1,train
CCN(CC)Cc1ccc2c(c1)CC[C@H](N1CCN(CCc3cccc(C(F)(F)F)c3)CC1=O)C2,1,train
CCN(CC)Cc1ccc2c(c1)CC[C@H](N1CCN(CCC3CCCS3)CC1=O)C2,0,train
O=C1CN(CCc2ccc(F)cc2)CCN1[C@H]1CCc2cc(CN3CCOCC3)ccc2C1,0,test
CN(C)C(=N)c1ccc(C(=O)Nc2ccc(Sc3ccccc3)cc2C(=O)Nc2ccc(Cl)cn2)cc1,1,train
Cc1cc(C(=O)Nc2ccc(-c3ccccc3CN3CCCCC3)cc2F)n(-c2cc3ccccc3cc2F)n1,1,val
CC(=N)N1CCC(Oc2ccc(N(Cc3ccc4ccc(C(=N)N)cc4c3)S(C)(=O)=O)cc2)CC1,1,test
C/C(=C(\F)C(=O)Nc1ccc(-c2ccccc2S(N)(=O)=O)cc1)c1cccc(C(=N)N)c1,1,val
Cc1cc(C(=O)Nc2ccc(C(=N)N3CCCC3)cc2)n(-c2cc3ccccc3cc2C#N)n1,1,test
CCOC(=O)C1CN(S(=O)(=O)c2cc3cc(Cl)ccc3[nH]2)CC(=O)N1Cc1ccc(C(=N)N(C)C)cc1,1,test
CN1CCN=C1c1ccc(C(=O)N2CCN(S(=O)(=O)c3cc4ccc(Cl)cc4s3)CC2CC(=O)N2CCOCC2)cc1,1,test
CCOC(=O)C1CCN(c2cc(C(=N)N(C)C)ccc2C(=O)Nc2ccc(OC)cc2C(=O)Nc2ccc(Cl)cn2)CC1,1,val
COc1ccc(NC(=O)c2ccc(C(=N)N(C)C)cc2N2CCCCC2)c(C(=O)Nc2ccc(Cl)cn2)c1,1,train
CN(C)C(=N)c1ccc(C(=O)Nc2ccc(Cl)cc2C(=O)Nc2ccc(Cl)cn2)c(N2CCCC(C(=O)O)C2)c1,1,train
CN(C)C(=N)c1ccc(C(=O)Nc2ccc(Cl)cc2C(=O)Nc2ccc(Cl)cn2)c(N2CCCCC2)c1,1,train
CN(CCCC(=O)O)C(=N)c1ccc(C(=O)Nc2ccc(Cl)cc2C(=O)Nc2ccc(Cl)cn2)cc1,1,train
CN(CC(=O)O)C(=N)c1ccc(C(=O)Nc2ccc(Cl)cc2C(=O)Nc2ccc(Cl)cn2)cc1,1,train
CN(C)C(=N)c1ccc(C(=O)Nc2ccc(Cl)cc2C(=O)Nc2ccc(Cl)cn2)cc1,1,train
CCOC(=O)C1CCN(C(=N)c2ccc(C(=O)Nc3c(OC)cc(Cl)cc3C(=O)Nc3ccc(Cl)cn3)c(F)c2)CC1,1,val
CCOC(=O)C1CCN(C(=N)c2ccc(C(=O)Nc3ccc(Cl)cc3C(=O)Nc3ccc(Cl)cn3)cc2)CC1,1,val
CCOC(=O)C1CCCN(C(=N)c2ccc(C(=O)Nc3ccc(Cl)cc3C(=O)Nc3ccc(Cl)cn3)cc2)C1,1,val
CCOC(=O)COc1ccc(NC(=O)c2ccc(C(=N)N(C)C)cc2)c(C(=O)Nc2ccc(Cl)cn2)c1,1,train
COC(=O)CCc1ccc(NC(=O)c2ccc(C(=N)N(C)C)cc2)c(C(=O)Nc2ccc(Cl)cn2)c1,1,train
COC(=O)c1ccc(Oc2ccc(NC(=O)c3ccc(C(=N)N(C)C)cc3)c(C(=O)Nc3ccc(Cl)cn3)c2)cc1,1,train
CN(C)C(=N)c1ccc(C(=O)Nc2ccc(Sc3ccc(C(=O)O)cc3)cc2C(=O)Nc2ccc(Cl)cn2)cc1,1,train
CN(C)C(=N)c1ccc(C(=O)Nc2ccc(Sc3ccc(C(=O)N(C)C)cc3)cc2C(=O)Nc2ccc(Cl)cn2)cc1,1,train
COC(=O)c1ccc(Sc2ccc(NC(=O)c3ccc(C(=N)N(C)C)cc3)c(C(=O)Nc3ccc(Cl)cn3)c2)cc1,1,train
COC(=O)N(NC(=O)c1c(OCCN(C)C)c(-c2ccccc2)nc2ccccc12)c1ccccc1,1,val
COC(=O)N(NC(=O)c1c(CN2CCN(C3(C)CCCCC3)CC2)c(-c2ccccc2)nc2c(F)cccc12)c1ccccc1,1,train
COC(=O)N(NC(=O)c1c(CN2CCNCC2)c(-c2ccccc2)nc2c(F)cccc12)c1ccccc1,1,train
COC(=O)N(NC(=O)c1c(CC2CCN(C3CCOCC3)CC2)c(-c2ccccc2)nc2ccccc12)c1ccccc1,1,train
COC(=O)N(NC(=O)c1c(CC2CCNCC2)c(-c2ccccc2)nc2ccccc12)c1ccccc1,1,train
COC(=O)N(NC(=O)c1c(CN2CCN(S(=O)(=O)c3ccccc3)CC2)c(-c2ccccc2)nc2ccccc12)c1ccccc1,1,train
COC(=O)N(NC(=O)c1c(CN2CCN(Cc3ccccc3)CC2)c(-c2ccccc2)nc2ccccc12)c1ccccc1,1,train
COC(=O)N(NC(=O)c1c(CN2CCN(C3CCSCC3)CC2)c(-c2ccccc2)nc2ccccc12)c1ccccc1,1,train
COC(=O)N(NC(=O)c1c(CN2CCN(C3CCOCC3)CC2)c(-c2ccccc2)nc2ccccc12)c1ccccc1,1,train
COC(=O)N(NC(=O)c1c(CN2CCN(C3CCCCC3)CC2)c(-c2ccccc2)nc2ccccc12)c1ccccc1,1,train
COC(=O)N(NC(=O)c1c(CN2CCN(C(C)C)CC2)c(-c2ccccc2)nc2ccccc12)c1ccccc1,1,train
COC(=O)N(NC(=O)c1c(CN2CCN(C)CC2)c(-c2ccccc2)nc2ccccc12)c1ccccc1,1,train
COC(=O)N(NC(=O)c1c(CN2CCNCC2)c(-c2ccccc2)nc2ccccc12)c1ccccc1,1,train
COC(=O)N(NC(=O)c1c(CN2CCCCC2)c(-c2ccccc2)nc2ccccc12)c1ccccc1,1,train
COC(=O)N(NC(=O)c1c(OC2CCN(C(C)(C)C)CC2)c(-c2ccccc2)nc2ccccc12)c1ccccc1,1,val
COC(=O)N(NC(=O)c1c(OC2CCN(C3CCOCC3)CC2)c(-c2ccccc2)nc2ccccc12)c1ccccc1,1,val
c1ccc(COc2ccc(CCNc3ccncc3)cc2)cc1,1,test
CC#Cc1cc(-c2[nH]nc3c2Cc2cc(CN4CCN(C)CC4)ccc2-3)cs1,1,train
CN1CCN(Cc2ccc3c(c2)Cc2c(-c4csc(C#CCOc5ccc(CN6CCOCC6)cc5)c4)n[nH]c2-3)CC1,1,train
CCCC#Cc1cc(-c2[nH]nc3c2Cc2cc(CN4CCN(C)CC4)ccc2-3)cs1,1,train
COCC#Cc1cc(-c2[nH]nc3c2Cc2cc(CN4CCN(C)CC4)ccc2-3)cs1,1,train
CN1CCN(Cc2ccc3c(c2)Cc2c(-c4csc(C#CCCOc5ccccc5)c4)n[nH]c2-3)CC1,1,train
CN1CCN(Cc2ccc3c(c2)Cc2c(-c4csc(C#CCOc5ccccc5Cl)c4)n[nH]c2-3)CC1,1,train
CN1CCN(Cc2ccc3c(c2)Cc2c(-c4csc(C#CCOc5cccc(Cl)c5)c4)n[nH]c2-3)CC1,1,train
CN1CCN(Cc2ccc3c(c2)Cc2c(-c4csc(C#CCOc5ccc(Cl)cc5)c4)n[nH]c2-3)CC1,1,train
Cc1ccc(OCC#Cc2cc(-c3[nH]nc4c3Cc3cc(CN5CCN(C)CC5)ccc3-4)cs2)cc1C,1,train
CN1CCN(Cc2ccc3c(c2)Cc2c(-c4csc(C#CCOc5cccnc5)c4)n[nH]c2-3)CC1,1,train
CN1CCN(Cc2ccc3c(c2)Cc2c(-c4csc(C#CCCc5ccccc5)c4)n[nH]c2-3)CC1,1,train
CN1CCN(Cc2ccc3c(c2)Cc2c(-c4csc(C#CCNc5ccccc5)c4)n[nH]c2-3)CC1,1,train
CN1CCN(Cc2ccc3c(c2)Cc2c(-c4csc(C#CCNC(=O)c5ccccc5)c4)n[nH]c2-3)CC1,1,train
CN1CCN(Cc2ccc3c(c2)Cc2c(-c4csc(C#CCNS(=O)(=O)c5ccccc5)c4)n[nH]c2-3)CC1,1,train
CN1CCN(Cc2ccc3c(c2)Cc2c(-c4csc(C#CCNC(=O)Oc5ccccc5)c4)n[nH]c2-3)CC1,1,train
CN1CCN(Cc2ccc3c(c2)Cc2c(-c4csc(C#CCNC(=O)Nc5ccccc5)c4)n[nH]c2-3)CC1,1,train
CN1CCN(c2ccc3c(c2)Cc2c(-c4csc(C#CCOc5ccccc5)c4)n[nH]c2-3)CC1,1,train
CN1CCN(CCc2ccc3c(c2)Cc2c(-c4csc(C#CCOc5ccccc5)c4)n[nH]c2-3)CC1,1,train
CC1CCN(Cc2ccc3c(c2)Cc2c(-c4csc(C#CCOc5ccccc5)c4)n[nH]c2-3)CC1,1,train
CN1CCC(Cc2ccc3c(c2)Cc2c(-c4csc(C#CCOc5ccccc5)c4)n[nH]c2-3)CC1,1,train
NC(=O)N1CCN(Cc2ccc3c(c2)Cc2c(-c4csc(C#CCOc5ccccc5)c4)n[nH]c2-3)CC1,1,train
CN1CCN(C(=O)c2ccc3c(c2)Cc2c(-c4csc(C#CCOc5ccccc5)c4)n[nH]c2-3)CC1,1,train
C(#Cc1cc(-c2[nH]nc3c2Cc2cc(Cn4ccnc4)ccc2-3)cs1)COc1ccccc1,1,train
COCCOCC#Cc1cc(-c2[nH]nc3c2Cc2cc(CN4CCN(C)CC4)ccc2-3)cs1,1,train
CCC1(CN)CN(c2c(F)cc3c(=O)c(C(=O)O)cn(C4CC4)c3c2C)C1,0,train
Cc1c(N2CC[C@@H]([C@H](C)NCCC#N)C2)c(F)cc2c(=O)c(C(=O)O)cn(C3CC3)c12,0,train
Cc1c(N2CC[C@@H]([C@H](C)N)C2)c(F)cc2c(=O)c(C(=O)O)cn(C3CC3)c12,0,train
COc1c(N2CC[C@@H]([C@H](C)N)C2)ccc2c(=O)c(C(=O)O)cn(C3CC3)c12,0,train
COc1c(N2CC[C@@H](CN)C2)ccc2c(=O)c(C(=O)O)cn(C3CC3)c12,0,val
COc1c(N2CC[C@@H]([C@H](C)N)C2)c(F)cc2c(=O)c(C(=O)O)cn(C3CC3)c12,0,train
COc1c(N2CC[C@@H](CN)C2)c(F)cc2c(=O)c(C(=O)O)cn(C3CC3)c12,0,val
CN(C)c1ccc2c(c1)Cc1cc(N(C)C)ccc1C21OC(=O)c2cc(C(=O)NCCCCCCN(CCOc3ccc(NS(C)(=O)=O)cc3)CCc3ccc(NS(C)(=O)=O)cc3)ccc21,1,train
CS(=O)(=O)Nc1ccc(CCN(CCCCCCNC(=O)c2ccc3c(c2)C(=O)OC32c3ccc(O)cc3Cc3cc(O)ccc32)CCOc2ccc(NS(C)(=O)=O)cc2)cc1,1,train
CC1(C)C2=C3C=C4C5=[N+](CCC4OC3CCN2c2ccc(CCCCCC(=O)NCCCCCCN(CCOc3ccc(NS(C)(=O)=O)cc3)CCc3ccc(NS(C)(=O)=O)cc3)cc21)c1ccc(S(=O)(=O)[O-])cc1C5(C)C,1,train
CC1(C)C2=C3C=C4C5=[N+](CCC4OC3CCN2c2ccc(CCC(=O)NCCCCCCN(CCOc3ccc(NS(C)(=O)=O)cc3)CCc3ccc(NS(C)(=O)=O)cc3)cc21)c1ccc(S(=O)(=O)[O-])cc1C5(C)C,1,train
CC1(C)C2=C3CC4C5=[N+](CCC4OC3CCN2c2ccc(CC(=O)NCCCCCCN(CCOc3ccc(NS(C)(=O)=O)cc3)CCc3ccc(NS(C)(=O)=O)cc3)cc21)c1ccc(S(=O)(=O)[O-])cc1C5(C)C,1,train
CC1(C)C2=C3C=C4C5=[N+](CCC4OC3CCN2c2ccc(CC(=O)NCCCCCN(CCOc3ccc(NS(C)(=O)=O)cc3)CCc3ccc(NS(C)(=O)=O)cc3)cc21)c1ccc(S(=O)(=O)[O-])cc1C5(C)C,1,train
CC1(C)C2=C3C=C4C5=[N+](CCC4OC3CCN2c2ccc(CC(=O)NCCCCN(CCOc3ccc(NS(C)(=O)=O)cc3)CCc3ccc(NS(C)(=O)=O)cc3)cc21)c1ccc(S(=O)(=O)[O-])cc1C5(C)C,1,train
CC1(C)C2=C3C=C4C5=[N+](CCC4OC3CCN2c2ccc(CC(=O)NCCCN(CCOc3ccc(NS(C)(=O)=O)cc3)CCc3ccc(NS(C)(=O)=O)cc3)cc21)c1ccc(S(=O)(=O)[O-])cc1C5(C)C,1,train
CC1(C)C2=C3C=C4C5=[N+](CCC4OC3CCN2c2ccc(CC(=O)NCCN(CCOc3ccc(NS(C)(=O)=O)cc3)CCc3ccc(NS(C)(=O)=O)cc3)cc21)c1ccc(S(=O)(=O)[O-])cc1C5(C)C,1,train
CCN1CCCc2cc3c(cc21)OC1=CC2=[N+](CCCC(=O)N(CCOc4ccc(NS(C)(=O)=O)cc4)CCc4ccc(NS(C)(=O)=O)cc4)CCCC2=CC1N3,1,test
CS(=O)(=O)Nc1ccc(CCN(CCOc2ccc(NS(C)(=O)=O)cc2)C(=O)c2ccc3c(c2)C(=O)OC32c3ccc(O)cc3Oc3cc(O)ccc32)cc1,1,train
CS(=O)(=O)Nc1ccc(CCN(CCOc2ccc(NS(C)(=O)=O)cc2)c2ccc([N+](=O)[O-])c3nonc23)cc1,1,val
N[C@H]1CN(c2ccncn2)CC[C@@H]1c1cc(F)c(F)cc1F,0,val
Cc1nnc2ccc(N3CC[C@H](c4cc(F)c(F)cc4F)[C@@H](N)C3)nn12,0,train
Cc1cc(=O)n2nc(N3CC[C@H](c4cc(F)c(F)cc4F)[C@@H](N)C3)ccc2n1,0,train
N[C@H]1CN(c2ccc3nc(=O)ccn3n2)CC[C@@H]1c1cc(F)c(F)cc1F,0,train
N[C@H]1CN(c2ccn3cnnc3n2)CC[C@@H]1c1cc(F)c(F)cc1F,0,test
N[C@H]1CN(c2ccc3nc(C(F)(F)F)nn3n2)CC[C@@H]1c1cc(F)c(F)cc1F,1,train
N[C@H]1CN(c2cnc3nccnc3n2)CC[C@@H]1c1cc(F)c(F)cc1F,1,val
N#Cc1ccc2c(c1)CCN(CC[C@H]1CC[C@H](NC(=O)c3ccnc4ccccc34)CC1)C2,1,test
Cc1ccc2c(-c3nnc(SCCC(C)N4CCc5ccc(-c6cc(C)nn6C)cc5CC4)n3C)cccc2n1,1,val
Cc1cc(-c2ccc3c(c2)CCN(CCSc2nnc(-c4ccc(F)c(F)c4)n2C)CC3)n(C)n1,1,train
Cc1cnc(-c2nnc(SCCN3CCc4ccc(-c5cc(C)nn5C)cc4CC3)n2C)cn1,1,train
Cc1ccc2c(-c3nnc(SCCN4CCc5ccc(-c6cc(C)nn6C)cc5CC4)n3C)cccc2n1,1,train
Cc1cc(-c2ccc3c(c2)CCN(CCCSc2nnc(-c4ocnc4C)n2C)CC3)n(C)n1,1,train
Cc1cc(-c2ccc3c(c2)CCN(CCCSc2nnc(-c4ccc(C(F)(F)F)cc4)n2C)CC3)n(C)n1,1,train
Cc1cc(-c2ccc3c(c2)CCN(CCCSc2nnc(-c4ccc(F)c(F)c4)n2C)CC3)n(C)n1,1,train
Cc1ccc2c(-c3nnc(SCCCN4CCc5ccc(-c6cc(C)nn6C)cc5CC4)n3C)cccc2n1,1,train
COc1ccc(-c2nnc(SCCCN3CCc4ccc(-c5cc(C)on5)cc4CC3)n2C)cn1,1,train
COc1ccc(-c2nnc(SCCCN3CCc4ccc(-c5cc(C)on5)cc4CC3)n2C)cc1,1,train
COc1ccccc1-c1nnc(SCCCN2CCc3ccc(-c4cc(C)on4)cc3CC2)n1C,1,train
Cc1cc(-c2ccc3c(c2)CCN(CCCSc2nnc(C4CCOCC4)n2C)CC3)no1,1,train
Cc1cc(-c2ccc3c(c2)CCN(CCCSc2nnc(C4CCC(C)CC4)n2C)CC3)no1,1,train
Cc1cc(-c2ccc3c(c2)CCN(CCCSc2nnc(C4CCCC4)n2C)CC3)no1,1,train
Cc1cc(-c2ccc3c(c2)CCN(CCCSc2nnc(C(C)(C)C)n2C)CC3)no1,1,train
Cc1cc(-c2ccc3c(c2)CCN(CCCSc2nnc(C(C)C)n2C)CC3)no1,1,train
Cc1cc(-c2ccc3c(c2)CCN(CCCSc2nnc(C(F)(F)F)n2C)CC3)no1,1,train
Cc1cc(-c2ccc3c(c2)CCN(CCCSc2nnc(C)n2C)CC3)no1,1,train
Cc1cc(-c2ccc3c(c2)CCN(CCCSc2nnc(-c4cccc(F)c4)n2C)CC3)no1,1,train
Cc1cc(-c2ccc3c(c2)CCN(CCCSc2nnc(-c4ccc(Cl)c(Cl)c4)n2C)CC3)no1,1,train
Cc1cc(-c2ccc3c(c2)CCN(CCCSc2nnc(-c4ccc(Cl)cc4)n2C)CC3)no1,1,train
Cc1cc(-c2ccc3c(c2)CCN(CCCSc2nnc(-c4cccc(Cl)c4)n2C)CC3)no1,1,train
Cc1cc(-c2ccc3c(c2)CCN(CCCSc2nnc(-c4ccccc4Cl)n2C)CC3)no1,1,train
Cc1cc(-c2ccc3c(c2)CCN(CCCSc2nnc(-c4cccn4C)n2C)CC3)no1,1,train
Cc1cc(-c2ccc3c(c2)CCN(CCCSc2nnc(-c4cccs4)n2C)CC3)no1,1,train
Cc1cc(-c2ccc3c(c2)CCN(CCCSc2nnc(-c4ccncc4)n2C)CC3)no1,1,train
Cc1cc(-c2ccc3c(c2)CCN(CCCSc2nnc(-c4ccccn4)n2C)CC3)no1,1,train
Cc1ccc(-c2nnc(SCCCN3CCc4ccc(-c5cc(C)on5)cc4CC3)n2C)cc1,1,train
Cc1cc(-c2ccc3c(c2)CCN(CCCSc2nnc(-c4ccc(C(F)(F)F)cc4)n2C)CC3)no1,1,train
Cc1cc(-c2ccc3c(c2)CCN(CCCSc2nnc(-c4ccc(C#N)cc4)n2C)CC3)no1,1,train
Cc1cc(-c2ccc3c(c2)CCN(CCCSc2nnc(-c4ccccc4)n2C)CC3)no1,1,train
Cc1cc(-c2ccc3c(c2)CCN(CCCSc2nnc(-c4ccc5nc(C)c(C)nc5c4)n2C)CC3)no1,1,train
Cc1ccc2c(-c3nnc(SCCCN4CCc5ccc(-c6cc(C)on6)cc5CC4)n3C)cccc2n1,1,train
Cc1cnc(-c2ccc3c(c2)CCN(CCCSc2nnc(-c4cccn4C)n2C)CC3)o1,1,train
Cc1cnc(-c2ccc3c(c2)CCN(CCCSc2nnc(-c4ccc5[nH]ccc5c4)n2C)CC3)o1,1,train
Cc1cnc(-c2ccc3c(c2)CCN(CCCSc2nnc(-c4cc5ccccc5[nH]4)n2C)CC3)o1,1,train
Cc1cnc(-c2ccc3c(c2)CCN(CCCSc2nnc(-c4cccs4)n2C)CC3)o1,1,train
Cc1ccc2c(-c3nnc(SCCCN4CCc5ccc(-c6ncc(C)o6)cc5CC4)n3C)cccc2n1,1,train
Cc1nc(-c2cccc(C(=O)N[C@H]3CC[C@H](CCN4CCc5ccc(S(C)(=O)=O)cc5CC4)CC3)c2)no1,1,test
O=C1CCc2cc([C@@H](O)CN3CCC(O)(c4cccc(F)c4)CC3)ccc2N1,1,val
CN(C)C(=O)C(c1ccc(-c2ccc(F)cc2)cc1)C(N)C(=O)N1CC[C@H](F)C1,1,train
CN(C)C(=O)C(c1ccc(-c2ccc3ncnn3c2)cc1)C(N)C(=O)N1CC[C@H](F)C1,0,train
CCOc1cc(CN2CCC(NC(=O)c3cccc(S(C)(=O)=O)c3)CC2)ccc1Cl,1,test
O=C(c1ccccc1)N1CCN(c2ccc(OCCCN3CCCCC3)cc2)C(=O)C1,0,train
O=C(c1ccc(F)cc1F)N1CCN(c2ccc(OC3CCN(C4CCCC4)CC3)cc2)C(=O)C1,0,train
O=C(c1cc(F)cc(F)c1)N1CCN(c2ccc(OC3CCN(C4CCCC4)CC3)cc2)C(=O)C1,1,train
O=C(c1ccc(F)cc1)N1CCN(c2ccc(OC3CCN(C4CCCC4)CC3)cc2)C(=O)C1,0,train
O=C(c1ccc(Cl)cc1)N1CCN(c2ccc(OC3CCN(C4CCCC4)CC3)cc2)C(=O)C1,1,train
N#Cc1ccc(C(=O)N2CCN(c3ccc(OC4CCN(C5CCC5)CC4)cc3)C(=O)C2)cc1,1,train
O=C(c1ccc(Cl)cc1)N1CCN(c2ccc(OC3CCN(C4CCC4)CC3)cc2)C(=O)C1,0,train
C[C@H]1CCCN1CCCOc1ccc(N2CCN(C(=O)c3ccc(F)cc3F)CC2=O)cc1,0,val
C[C@H]1CCCN1CCCOc1ccc(N2CCN(C(=O)c3cc(F)cc(F)c3)CC2=O)cc1,0,train
C[C@H]1CCCN1CCCOc1ccc(N2CCN(C(=O)c3ccc(F)cc3)CC2=O)cc1,0,train
C[C@@H]1CCCN1CCCOc1ccc(N2CCN(C(=O)c3ccc(F)cc3F)CC2=O)cc1,1,val
C[C@@H]1CCCN1CCCOc1ccc(N2CCN(C(=O)c3cc(F)cc(F)c3)CC2=O)cc1,1,train
C[C@@H]1CCCN1CCCOc1ccc(N2CCN(C(=O)c3ccc(F)cc3)CC2=O)cc1,0,train
O=C(c1ccc(F)cc1F)N1CCN(c2ccc(OCCCN3CCCCCC3)cc2)C(=O)C1,0,train
O=C(c1cc(F)cc(F)c1)N1CCN(c2ccc(OCCCN3CCCCCC3)cc2)C(=O)C1,0,train
N#Cc1ccc(C(=O)N2CCN(c3ccc(OCCCN4CCCCCC4)cc3)C(=O)C2)cc1,0,train
O=C(c1ccc(F)cc1)N1CCN(c2ccc(OCCCN3CCCCCC3)cc2)C(=O)C1,0,train
O=C(c1cc(F)cc(F)c1)N1CCN(c2ccc(OCCCN3CCCC3)cc2)C(=O)C1,1,train
O=C(c1ccc(F)cc1)N1CCN(c2ccc(OCCCN3CCCC3)cc2)C(=O)C1,1,train
O=C(c1cc(F)cc(F)c1)N1CCN(c2ccc(OCCCN3CCCCC3)cc2)C(=O)C1,0,train
O=C(c1ccc(F)cc1)N1CCN(c2ccc(OCCCN3CCCCC3)cc2)C(=O)C1,0,train
Cc1ccc(C(=O)N2CCN(c3ccc(OCCCN4CCCCC4)cc3)C(=O)C2)cc1,0,train
CN1CCN(c2cccc3ccc(OCc4noc(-c5ccc(Cl)cc5)n4)cc23)CC1,1,test
OCC1CCCN(CCCC2CCCc3ccc(OCc4noc(-c5ccc(Cl)cc5)n4)cc32)C1,1,train
CCN(Cc1cccc(OCc2noc(-c3ccccc3F)n2)c1)C1CCN(C2CC(C)C(C)C2)C1,1,test
OCC1CCCN(CCCC2CCCc3ccc(OCc4ccc(-c5ccccc5F)cn4)cc32)C1,1,train
OCC1CCCN(CCCC2CCCc3ccc(OCc4noc(-c5ccccc5F)n4)cc32)C1,1,train
OCC1(NCCCC2CCc3ccc(OCc4noc(-c5ccc(Cl)cc5)n4)cc32)CCCC1,1,train
OCC1(N2CCN(C3CCc4ccc(OCc5noc(-c6ccccc6F)n5)cc43)CC2)CCCC1,1,train
Fc1ccccc1-c1nc(COc2ccc3c(c2)C(N2CCN(C4CCCC4)CC2)CC3)no1,1,test
OCC1(N2CCN(C3CCc4ccc(OCc5noc(-c6ccc(Cl)cc6)n5)cc43)CC2)CCCC1,1,train
CC1CC(N2CCN(C3CCc4ccc(OCc5noc(-c6ccc(Cl)cc6)n5)cc43)CC2)CC1C,1,train
CC(C)N1CCN(C2CCc3ccc(OCc4noc(-c5ccc(Cl)cc5)n4)cc32)CC1,1,train
[O-][S+](c1ccccc1)c1ccc(/C=C/c2ccc(F)cc2F)nc1,1,train
[O-][S+](c1ccccc1)c1ccc(/C=C/c2ccc(F)cc2)nc1,1,train
[O-][S+](c1ccc(/C=C/c2ccc(F)cc2)nc1)c1ccccc1F,1,train
O=S(=O)(c1ccccc1)c1ccc(/C=C/c2ccc(F)cc2F)nc1,1,train
COc1cc(F)ccc1/C=C/c1ccc(S(=O)(=O)c2ccccc2F)cn1,1,train
O=S(=O)(c1ccc(/C=C/c2ccccc2O)nc1)c1ccccc1F,1,train
O=S(=O)(c1ccc(/C=C/c2ccc(F)cc2O)nc1)c1ccccc1F,1,train
N#Cc1cc(F)ccc1/C=C/c1ccc(S(=O)(=O)c2ccccc2F)cn1,1,train
Cc1cc(F)ccc1/C=C/c1ccc(S(=O)(=O)c2ccccc2F)cn1,1,train
O=S(=O)(c1ccc(/C=C/c2ccc(F)cc2Cl)nc1)c1ccccc1F,1,train
O=S(=O)(c1ccc(/C=C/c2ccncc2)nc1)c1ccccc1F,1,test
O=S(=O)(c1ccc(F)cc1)c1ccc(/C=C/c2ccc(F)cc2)nc1,1,test
O=S(=O)(c1ccc(F)cc1)c1ccc(/C=C/c2ccc(F)cc2)cn1,1,train
O=S(=O)(c1ccc(F)cc1)c1ccc(CCc2ccc(F)cc2)nc1,1,train
O=S(=O)(c1ccc(F)cc1)c1ccc(CCc2ccc(F)cc2)cn1,1,train
O=C(CCN1CCCCC1)Nc1ccc(CN2CCC(NC(=O)c3cc(=O)c4ccc(F)cc4o3)CC2)cc1F,1,train
COc1cc(C(=O)NCCN2CCCC2)ccc1CN1CCC(NC(=O)c2cc(=O)c3ccc(F)cc3o2)CC1,1,val
O=C(NCCN1CCCC1)c1ccc(CN2CCC(NC(=O)c3cc(=O)c4ccc(F)cc4o3)CC2)c(Cl)c1,0,val
O=C(NCCN1CCC(F)(F)CC1)c1ccc(CN2CCC(NC(=O)c3cc(=O)c4ccc(F)cc4o3)CC2)cc1,1,train
O=C(NCCN1CCCCC1)c1ccc(CN2CCC(NC(=O)c3cc(=O)c4ccc(F)cc4o3)CC2)cc1,0,train
O=C(NC1CCN(Cc2ccc(OCCCn3c(O)csc3=O)c(F)c2)CC1)c1cc(=O)c2ccc(F)cc2o1,1,train
CC(C)CO/N=C/COc1ccc(CN2CCC(NC(=O)c3cc(=O)c4ccc(F)cc4o3)CC2)cc1F,1,train
CO/N=C/COc1ccc(CN2CCC(NC(=O)c3cc(=O)c4ccc(F)cc4o3)CC2)cc1F,1,train
O=C(NC1CCN(Cc2ccc(OCCCN(C3CC3)C3CC3)c(F)c2)CC1)c1cc(=O)c2ccc(F)cc2o1,1,train
O=C(NC1CCN(Cc2ccc(OCCCN3CCOCC3)c(F)c2)CC1)c1cc(=O)c2ccc(F)cc2o1,0,train
O=C(NC1CCN(Cc2ccc(OCC(F)(F)F)c(F)c2)CC1)c1cc(=O)c2ccc(F)cc2o1,1,train
COC(C)(C)CCOc1ccc(CN2CCC(NC(=O)c3cc(=O)c4ccc(F)cc4o3)CC2)cc1,1,train
O=C(NC1CCN(Cc2ccc(OCCCN3CCCCC3)c(F)c2)CC1)c1cc(=O)c2ccc(F)cc2o1,0,train
CN(C)CCCOc1ccc(CN2CCC(NC(=O)c3cc(=O)c4ccc(F)cc4o3)CC2)cc1F,0,train
CC(C1CCC(N(C)C(=O)C2CC2)CC1)C(N)C(=O)N1CC[C@H](F)C1,0,val
CC(C1CCC(N(C)C(=O)c2cccc(F)c2)CC1)C(N)C(=O)N1CC[C@H](F)C1,0,val
CC(C(O)c1ccc2[nH]c(=O)oc2c1)N1CCC(O)(c2ccc(F)cc2)CC1,1,train
CC(C(O)c1ccc2c(c1)CCC(=O)N2)N1CCC(O)(c2ccc(F)cc2)CC1,1,train
CC(C(O)c1ccc2c(c1)CN(C)C(=O)N2)N1CCC(O)(c2ccc(F)cc2)CC1,1,train
CC(C(O)c1ccc2c(c1)CNC(=O)N2)N1CCC(O)(c2ccc(F)cc2)CC1,1,train
CC(C(O)c1ccc2c(c1)OCC(=O)N2)N1CCC(O)(c2ccc(F)cc2)CC1,1,train
CC(C(O)c1ccc2c(c1)COC(=O)N2)N1CCC(O)(c2ccc(F)cc2)CC1,1,train
COc1cccc(C2(O)CCN(C(C)C(O)c3ccc4c(c3)CCC(=O)N4)CC2)c1,0,train
CC(C(O)c1ccc2c(c1)CCC(=O)N2)N1CCC(O)(c2cccc(F)c2)CC1,1,train
Cc1ccc(C2(O)CCN(C(C)C(O)c3ccc4c(c3)CCC(=O)N4)CC2)cc1,1,train
CC(C(O)c1ccc2c(c1)CCC(=O)N2)N1CCC(O)(c2ccc3c(c2)COCC3)CC1,0,train
O=C1CCc2cc(C(O)CN3CCC(O)(c4cccc(F)c4)CC3)ccc2N1,0,val
C[C@@H]([C@@H](O)c1ccc(O)cc1)N1CCC(O)(c2ccccc2)CC1,1,test
Cc1[nH]nc2c1c(=O)n(C[C@H](F)CN)c1cc(C3CCCCC3)c(C3CCCCC3)cc21,0,val
Cc1[nH]nc2c1c(=O)n(CCCN)c1cc(C3CCCCC3)c(C3CCCCC3)cc21,1,val
Nc1ccc(-c2ccccc2)cc1NC(=O)c1ccc(CNC(=O)OCc2cccnc2)cc1,1,val
Nc1ccc(-c2ccccc2)cc1NC(=O)c1ccc(CNC(=O)CCc2cccnc2)cc1,1,val
O=C(NC1CCc2ccc(CCN3CCN(c4nsc5ccccc45)CC3)cc21)C(F)(F)F,1,train
O=C(NC1CCc2cc(CCN3CCN(c4nsc5ccccc45)CC3)ccc21)c1cccnc1,1,train
O=C(NC1CCc2cc(CCN3CCN(c4nsc5ccccc45)CC3)ccc21)c1ccc(F)cc1,1,train
CC(C)C(=O)NC1CCc2cc(CCN3CCN(c4nsc5ccccc45)CC3)ccc21,1,train
O=C(NC1CCc2cc(CCN3CCN(c4nsc5ccccc45)CC3)ccc21)C1CC1,1,train
CCCC(=O)NC1CCc2cc(CCN3CCN(c4nsc5ccccc45)CC3)ccc21,1,train
CCC(=O)NC1CCc2cc(CCN3CCN(c4nsc5ccccc45)CC3)ccc21,1,train
CC(=O)NC1CCc2cc(CCN3CCN(c4nsc5ccccc45)CC3)ccc21,1,train
O=C(NC1CCc2cc(CCN3CCN(c4nsc5ccccc45)CC3)ccc21)C(F)(F)F,1,train
O=C(NC1CCc2ccc(CCN3CCN(c4nsc5ccccc45)CC3)cc21)c1ccno1,1,train
O=C(NC1CCc2ccc(CCN3CCN(c4nsc5ccccc45)CC3)cc21)c1ccco1,1,train
O=C(CCc1ccccc1)NC1CCc2ccc(CCN3CCN(c4nsc5ccccc45)CC3)cc21,1,train
O=C(Cc1ccccc1)NC1CCc2ccc(CCN3CCN(c4nsc5ccccc45)CC3)cc21,1,train
O=C(NC1CCc2ccc(CCN3CCN(c4nsc5ccccc45)CC3)cc21)c1cccnc1,1,train
O=C(NC1CCc2ccc(CCN3CCN(c4nsc5ccccc45)CC3)cc21)c1ccc(F)cc1,1,train
O=C(NC1CCc2ccc(CCN3CCN(c4nsc5ccccc45)CC3)cc21)c1ccc(Cl)cc1,1,train
Cc1ccc(C(=O)NC2CCc3ccc(CCN4CCN(c5nsc6ccccc56)CC4)cc32)cc1,1,train
O=C(NC1CCc2ccc(CCN3CCN(c4nsc5ccccc45)CC3)cc21)c1ccccc1,1,train
CC(C)C(=O)NC1CCc2ccc(CCN3CCN(c4nsc5ccccc45)CC3)cc21,1,train
O=C(NC1CCc2ccc(CCN3CCN(c4nsc5ccccc45)CC3)cc21)C1CC1,1,train
CCCC(=O)NC1CCc2ccc(CCN3CCN(c4nsc5ccccc45)CC3)cc21,1,train
CCC(=O)NC1CCc2ccc(CCN3CCN(c4nsc5ccccc45)CC3)cc21,1,train
CC(=O)NC1CCc2ccc(CCN3CCN(c4nsc5ccccc45)CC3)cc21,1,train
NC1CCc2ccc(CCN3CCN(c4nsc5ccccc45)CC3)cc21,1,train
CC(C)[C@]1(C(=O)NCc2cc(C(F)(F)F)cc(C(F)(F)F)c2)CC[C@@H](N2CCC(c3ccc(F)cc3)CC2)C1,1,train
CC(C)[C@]1(C(=O)NCc2cc(C(F)(F)F)cc(C(F)(F)F)c2)CC[C@@H](N2CCC(c3cccc(C(=O)O)c3)CC2)C1,1,train
CC(C)[C@]1(C(=O)NCc2cc(C(F)(F)F)cc(C(F)(F)F)c2)CC[C@@H](N2CCC(c3ccncn3)CC2)C1,1,train
CC(C)(O)[C@]1(C(=O)NCc2cc(C(F)(F)F)cc(C(F)(F)F)c2)CC[C@@H](N2CCC(c3cc(Cl)ncn3)CC2)C1,1,val
CC(C)(O)[C@]1(C(=O)NCc2cc(C(F)(F)F)cc(C(F)(F)F)c2)CC[C@@H](N2CCC(c3cncnc3)CC2)C1,1,val
CC(C)[C@]1(C(=O)NCc2cc(C(F)(F)F)cc(C(F)(F)F)c2)CC[C@@H](N2CCC(c3cncnc3)CC2)C1,1,train
CC(C)(O)[C@]1(C(=O)NCc2cc(C(F)(F)F)cc(C(F)(F)F)c2)CC[C@@H](N2CCC(c3cccc(C(=O)O)c3)CC2)C1,0,train
CC(C)[C@]1(C(=O)NCc2cc(C(F)(F)F)cc(C(F)(F)F)c2)CC[C@@H](N2CCC(c3cccc(O)c3)CC2)C1,1,train
COc1cccc(C2CCN([C@@H]3CC[C@@](C(=O)NCc4cc(C(F)(F)F)cc(C(F)(F)F)c4)(C(C)C)C3)CC2)c1,1,train
CC(C)[C@]1(C(=O)NCc2cc(C(F)(F)F)cc(C(F)(F)F)c2)CC[C@@H](N2CCC(c3cccc(F)c3)CC2)C1,1,train
CC(C)(O)[C@]1(C(=O)NCc2cc(C(F)(F)F)cc(C(F)(F)F)c2)CC[C@@H](N2CCC(c3ccc(F)cc3)CC2)C1,1,train
CC(C)[C@]1(C(=O)NCc2cc(C(F)(F)F)cc(C(F)(F)F)c2)CC[C@@H](N2CCC(c3cccnc3)CC2)C1,1,train
Cc1nc[n+]([O-])c(C)c1C(=O)N1CCC(C)(N2CCC(N(c3ccccc3)c3ccccc3)CC2)CC1,1,train
Cc1nc(CN(c2ccccc2)C2CCN(C3(C)CCN(C(=O)c4c(C)cc[n+]([O-])c4C)CC3)CC2)cs1,0,train
CC1(N2CCC(N(c3ccccc3)c3cccnc3)CC2)CCN(C(=O)c2c(Cl)c[n+]([O-])cc2Cl)CC1,1,train
CC1(N2CCC(N(c3ccccc3)c3cccnc3)CC2)CCN(C(=O)c2c(Cl)cncc2Cl)CC1,1,train
Cc1cccnc1C(=O)N1CCC(C)(N2CCC(N(c3ccccc3)c3cccnc3)CC2)CC1,1,train
Cc1cc[n+]([O-])c(C)c1C(=O)N1CCC(C)(N2CCC(N(Cc3cccc(C#N)c3)c3ccccc3)CC2)CC1,1,train
Cc1cccc(C)c1C(=O)N1CCC(C)(N2CCC(N(Cc3ccccc3)c3ccccc3)CC2)CC1,1,train
Cc1cccc(C)c1C(=O)N1CCC(C)(N2CCC(N(c3ccccc3)c3ccccc3)CC2)CC1,1,train
Cc1cc[n+]([O-])c(C)c1C(=O)N1CCC(C)(N2CCC(N(Cc3ccccc3)c3ccccc3)CC2)CC1,1,train
Cc1ccnc(C)c1C(=O)N1CCC(C)(N2CCC(N(c3ccccc3)c3ccccc3)CC2)CC1,1,train
CC(Oc1cccc2ncnc(Nc3ccc4c(cnn4Cc4ccccn4)c3)c12)C(=O)N(C)C,0,train
Cc1cc(C)n(-c2cc(NC(=O)COc3ccccc3CCN3CCOCC3)nc(-c3ccc(C)o3)n2)n1,1,test
Cc1cc(C)n(-c2cc(NC(=O)COc3cccc(CN(C)C)c3)nc(-c3ccc(C)o3)n2)n1,1,train
CN1CCC(Oc2cccc3ncnc(Nc4ccc(OCc5ccccn5)c(Cl)c4)c23)CC1,1,train
Cc1ccc(Oc2ccc(Nc3ncnc4cccc(OC(C)C(=O)N(C)C)c34)cc2C)cn1,1,val
Cc1ccc(Oc2ccc(Nc3ncnc4cccc(OC(C)C(=O)N(C)CCO)c34)cc2C)cn1,0,val
CNC(=O)C(C)Oc1cccc2ncnc(Nc3ccc(OCc4ccccn4)c(Cl)c3)c12,0,train
CC(Oc1cccc2ncnc(Nc3ccc(OCc4ccccn4)c(Cl)c3)c12)C(=O)N(C)C,1,train
CC(Oc1cccc2ncnc(Nc3ccc(OCc4ccccn4)c(Cl)c3)c12)C(=O)N1CCOCC1,1,train
CC(Oc1cccc2ncnc(Nc3ccc(OCc4ccccn4)c(Cl)c3)c12)C(=O)N(C)CCO,0,train
Cc1cc(-c2nc3c4c(ccc3o2)CCN(CCCSc2nnc(-c3ocnc3C)n2C)CC4)n(C)n1,1,test
Cc1ccc2c(-c3nnc(SCCCN4CCc5ccc6oc(-c7cc(C)nn7C)nc6c5CC4)n3C)cccc2n1,1,train
Cc1ccc2c(-c3nnc(SCCCN4CCc5c(Cl)cc6oc(C)nc6c5CC4)n3C)cccc2n1,1,train
Cc1nc(C)c(-c2nnc(SCCCN3CCc4ccc5oc(C(F)(F)F)nc5c4CC3)n2C)s1,1,train
Cn1c(SCCCN2CCc3ccc4oc(C(F)(F)F)nc4c3CC2)nnc1-c1ccccc1,1,train
Cc1ncccc1-c1nnc(SCCCN2CCc3ccc4oc(C(F)(F)F)nc4c3CC2)n1C,1,train
Cc1ccc(-c2nnc(SCCCN3CCc4ccc5oc(C(F)(F)F)nc5c4CC3)n2C)cn1,1,train
Cc1cnc(-c2nnc(SCCCN3CCc4ccc5oc(C(F)(F)F)nc5c4CC3)n2C)cn1,1,train
Cc1ncoc1-c1nnc(SCCCN2CCc3ccc4oc(C(F)(F)C(F)(F)F)nc4c3CC2)n1C,1,train
Cc1ccc2c(-c3nnc(SCCCN4CCc5ccc6oc(C(F)(F)C(F)(F)F)nc6c5CC4)n3C)cccc2n1,1,train
Cc1ncoc1-c1nnc(SCCCN2CCc3ccc4oc(C(C)(F)F)nc4c3CC2)n1C,1,train
Cc1ncoc1-c1nnc(SCCCN2CCc3ccc4oc(C(F)(F)F)nc4c3CC2)n1C,1,train
Cc1ccc2c(-c3nnc(SCCCN4CCc5ccc6oc(C(F)(F)F)nc6c5CC4)n3C)cccc2n1,1,train
CCc1nc2c3c(ccc2o1)CCN(CCCSc1nnc(-c2ocnc2C)n1C)CC3,1,train
CCc1nc2c3c(ccc2o1)CCN(CCCSc1nnc(-c2cccc4nc(C)ccc24)n1C)CC3,1,train
Cc1nc2c3c(ccc2o1)CCN(CCCSc1nnc(-c2ocnc2C)n1C)CC3,0,train
Cc1ccc2c(-c3nnc(SCCCN4CCc5ccc6oc(C)nc6c5CC4)n3C)cccc2n1,1,train
Cc1ncoc1-c1nnc(SCCCN2CCc3nc4ccc(C(F)(F)F)cn4c3CC2)n1C,1,val
Cc1ccc2c(-c3nnc(SCCCN4CCc5nc6ccc(C(F)(F)F)cn6c5CC4)n3C)cccc2n1,1,train
Cc1ncoc1-c1nnc(SCCCN2CCc3nc4cc(C(F)(F)F)ccn4c3CC2)n1C,1,val
Cc1ccc2c(-c3nnc(SCCCN4CCc5nc6cc(C(F)(F)F)ccn6c5CC4)n3C)cccc2n1,1,train
Cc1ccc2c(-c3nnc(SCCCN4CCc5nc6ccccn6c5CC4)n3C)cccc2n1,1,train
Cc1ccc2c(-c3nnc(SCCCN4CCc5nc6ccc(Cl)cn6c5CC4)n3C)cccc2n1,1,train
Cc1ccc2nc3c(n2c1)CCN(CCCSc1nnc(-c2cccc4nc(C)ccc24)n1C)CC3,1,train
Cc1ccn2c3c(nc2c1)CCN(CCCSc1nnc(-c2cccc4nc(C)ccc24)n1C)CC3,1,train
CCc1nc2ccc3c(c2s1)CCN(CCCSc1nnc(-c2ocnc2C)n1C)CC3,1,test
CCc1nc2ccc3c(c2s1)CCN(CCCSc1nnc(-c2cccc4nc(C)ccc24)n1C)CC3,1,train
Cc1nc2ccc3c(c2s1)CCN(CCCSc1nnc(-c2ocnc2C)n1C)CC3,0,train
Cc1ccc2c(-c3nnc(SCCCN4CCc5ccc6nc(C)sc6c5CC4)n3C)cccc2n1,1,train
Cc1ncoc1-c1nnc(SCCCN2CCc3ccc4nc(C(C)(F)F)oc4c3CC2)n1C,1,train
Cc1ccc2c(-c3nnc(SCCCN4CCc5ccc6nc(C(C)(F)F)oc6c5CC4)n3C)cccc2n1,1,train
Cc1ncoc1-c1nnc(SCCCN2CCc3ccc4nc(C(F)(F)F)oc4c3CC2)n1C,1,train
Cc1ccc2c(-c3nnc(SCCCN4CCc5ccc6nc(C(F)(F)F)oc6c5CC4)n3C)cccc2n1,1,train
CN(C)S(=O)(=O)N(C)[C@@H]1CCCn2c1nc(C(=O)NCc1ccc(F)cc1)c(O)c2=O,0,test
CNCc1cc(NS(C)(=O)=O)ccc1Oc1ccc(Cl)cc1C,1,test
CNCc1cc(N2CCCS2(=O)=O)ccc1Oc1ccc(Cl)cc1C,1,train
CNCc1cc(C(=O)N(C)C)ccc1Oc1ccc(Cl)cc1C,1,train
CNCc1cc(C(N)=O)ccc1Oc1ccc(Cl)cc1C,1,train
CNCc1cc(N2CCCS2(=O)=O)ccc1Oc1ccc(Cl)cc1Cl,1,train
CNCc1cc(C(=O)NC)ccc1Oc1ccc(Cl)cc1Cl,1,train
CNCc1cc(C#N)ccc1Oc1ccc(Cl)cc1Cl,1,val
CNCc1ccccc1Oc1ccc(Cl)cc1F,1,val
CNCc1ccccc1Oc1ccc(Cl)cc1OC,1,val
Cc1ccc2c(-c3nnc(SCCCN4CCc5cc6c(cc5CC4)OCC(=O)N6)n3C)cccc2n1,1,train
Cc1ccc2c(-c3nnc(SCCCN4CCc5cc6c(cc5CC4)OCCN6)n3C)cccc2n1,1,train
CC(=O)N1CCOc2cc3c(cc21)CCN(CCCSc1nnc(-c2cccc4nc(C)ccc24)n1C)CC3,1,train
Cc1ccc2c(-c3nnc(SCCCN4CCc5cc6c(cc5CC4)N(S(C)(=O)=O)CCO6)n3C)cccc2n1,1,train
Cc1ncoc1-c1nnc(SCCCN2CCc3cc4c(cc3CC2)N(C)C(=O)CO4)n1C,0,train
Cc1ccc2c(-c3nnc(SCCCN4CCc5cc6c(cc5CC4)N(C)C(=O)CO6)n3C)cccc2n1,1,train
Cc1ncoc1-c1nnc(SCCCN2CCc3cc4c(cc3CC2)OCC(=O)N4)n1C,1,train
Cc1noc2cc3c(cc12)CCN(CCCSc1nnc(-c2ccc(C(F)(F)F)cc2)n1C)CC3,1,train
CCc1noc2cc3c(cc12)CCN(CCCSc1nnc(-c2cccc4nc(C)ccc24)n1C)CC3,1,train
Cc1ncoc1-c1nnc(SCCCN2CCc3cc4onc(C)c4cc3CC2)n1C,1,train
Cc1ccc2c(-c3nnc(SCCCN4CCc5cc6onc(C)c6cc5CC4)n3C)cccc2n1,1,train
Cc1cc(-c2nc3cc4c(cc3o2)CCN(CCCSc2nnc(-c3ocnc3C)n2C)CC4)n(C)n1,1,train
Cc1ccc2c(-c3nnc(SCCCN4CCc5cc6nc(-c7cc(C)nn7C)oc6cc5CC4)n3C)cccc2n1,1,train
Cc1ncoc1-c1nnc(SCCCN2CCc3cc4nc(C(F)(F)C(F)(F)F)oc4cc3CC2)n1C,1,train
Cc1ccc2c(-c3nnc(SCCCN4CCc5cc6nc(C(F)(F)C(F)(F)F)oc6cc5CC4)n3C)cccc2n1,1,train
Cc1ccc2c(-c3nnc(SCCCN4CCc5cc6nc(N(C)C)oc6cc5CC4)n3C)cccc2n1,0,train
Cc1ccc2c(-c3nnc(SCCCN4CCc5cc6nc(N7CCCCC7)oc6cc5CC4)n3C)cccc2n1,1,train
Cc1ncoc1-c1nnc(SCCCN2CCc3cc4nc(CC5CC5)oc4cc3CC2)n1C,1,train
Cc1ccc2c(-c3nnc(SCCCN4CCc5cc6nc(CC7CC7)oc6cc5CC4)n3C)cccc2n1,1,train
Cc1ccc2c(-c3nnc(SCCCN4CCc5cc6nc(C(C)(F)F)oc6cc5CC4)n3C)cccc2n1,1,train
Cc1ccc2c(-c3nnc(SCCCN4CCc5cc6nc(CC(F)(F)F)oc6cc5CC4)n3C)cccc2n1,1,train
Cc1ccc2c(-c3nnc(SCCCN4CCc5cc6nc(C(F)(F)F)oc6cc5CC4)n3C)cccc2n1,1,train
CCc1nc2cc3c(cc2o1)CCN(CCCSc1nnc(-c2ccc(F)c(F)c2)n1C)CC3,1,train
CCc1nc2cc3c(cc2o1)CCN(CCCSc1nnc(-c2ccc(C(F)(F)F)cc2)n1C)CC3,1,train
CCc1nc2cc3c(cc2o1)CCN(CCCSc1nnc(-c2cccnc2)n1C)CC3,0,train
Cc1nc2cc3c(cc2o1)CCN(CCCSc1nnc(-c2ccc(F)c(F)c2)n1C)CC3,1,train
Cc1nc2cc3c(cc2o1)CCN(CCCSc1nnc(-c2ccc(C(F)(F)F)cc2)n1C)CC3,1,train
Cc1nc2cc3c(cc2o1)CCN(CCCSc1nnc(-c2cccnc2)n1C)CC3,0,train
Cc1ccc2c(-c3nnc(SCCCN4CCc5cc6nc(C(C)(C)C)oc6cc5CC4)n3C)cccc2n1,1,train
Cc1ccc2c(-c3nnc(SCCCN4CCc5cc6nc(C7CC7)oc6cc5CC4)n3C)cccc2n1,1,train
Cc1ncoc1-c1nnc(SCCCN2CCc3cc4nc(C(C)C)oc4cc3CC2)n1C,1,train
Cc1ccc2c(-c3nnc(SCCCN4CCc5cc6nc(C(C)C)oc6cc5CC4)n3C)cccc2n1,1,train
CCCc1nc2cc3c(cc2o1)CCN(CCCSc1nnc(-c2cccc4nc(C)ccc24)n1C)CC3,1,train
CCc1nc2cc3c(cc2o1)CCN(CCCSc1nnc(-c2ocnc2C)n1C)CC3,1,train
CCc1nc2cc3c(cc2o1)CCN(CCCSc1nnc(-c2cccc4nc(C)ccc24)n1C)CC3,1,train
Cc1ccc2c(-c3nnc(SCCCN4CCc5cc6ncoc6cc5CC4)n3C)cccc2n1,1,train
Cc1ncoc1-c1nnc(SCCCN2CCc3cc4ncoc4cc3CC2)n1C,1,train
Cc1nc2cc3c(cc2o1)CCN(CCCSc1nnc(-c2ocnc2C)n1C)CC3,0,train
Cc1ccc2c(-c3nnc(SCCC(C)N4CCc5cc6nc(C(F)(F)F)oc6c(Br)c5CC4)n3C)cccc2n1,1,train
CCc1nc2cc3c(c(Br)c2o1)CCN(C(C)CCSc1nnc(-c2cccc4nc(C)ccc24)n1C)CC3,1,train
Cc1ccc2c(-c3nnc(SCCC(C)N4CCc5cc6nc(C)oc6c(Br)c5CC4)n3C)cccc2n1,1,train
Cc1ccc2c(-c3nnc(SCCC(C)N4CCc5cc6nc(C(F)(F)F)oc6c(C)c5CC4)n3C)cccc2n1,1,train
CCc1nc2cc3c(c(C)c2o1)CCN(C(C)CCSc1nnc(-c2cccc4nc(C)ccc24)n1C)CC3,1,train
Cc1ccc2c(-c3nnc(SCCC(C)N4CCc5cc6nc(C)oc6c(C)c5CC4)n3C)cccc2n1,0,train
Cc1ccc2c(-c3nnc(SCCN4CCc5cc6nc(C(F)(F)F)oc6c(C)c5CC4)n3C)cccc2n1,1,train
CCc1nc2cc3c(c(C)c2o1)CCN(CCSc1nnc(-c2cccc4nc(C)ccc24)n1C)CC3,1,train
Cc1ccc2c(-c3nnc(SCCN4CCc5cc6nc(C)oc6c(C)c5CC4)n3C)cccc2n1,0,train
Cc1ccc2c(-c3nnc(SCCN4CCc5cc6nc(C(F)(F)F)oc6c(Br)c5CC4)n3C)cccc2n1,1,train
CCc1nc2cc3c(c(Br)c2o1)CCN(CCSc1nnc(-c2cccc4nc(C)ccc24)n1C)CC3,1,train
Cc1ccc2c(-c3nnc(SCCN4CCc5cc6nc(C)oc6c(Br)c5CC4)n3C)cccc2n1,1,train
Cc1ccc2c(-c3nnc(SCCN4CCc5cc6nc(C)oc6cc5CC4)n3C)cccc2n1,0,train
Cc1ccc2c(-c3nnc(SCCCCN4CCc5cc6nc(C(F)(F)F)oc6c(C)c5CC4)n3C)cccc2n1,1,train
CCc1nc2cc3c(c(C)c2o1)CCN(CCCCSc1nnc(-c2cccc4nc(C)ccc24)n1C)CC3,1,train
Cc1ccc2c(-c3nnc(SCCCCN4CCc5cc6nc(C)oc6c(C)c5CC4)n3C)cccc2n1,1,train
Cc1ccc2c(-c3nnc(SCCCCN4CCc5cc6nc(C(F)(F)F)oc6c(Br)c5CC4)n3C)cccc2n1,1,train
CCc1nc2cc3c(c(Br)c2o1)CCN(CCCCSc1nnc(-c2cccc4nc(C)ccc24)n1C)CC3,1,train
Cc1ccc2c(-c3nnc(SCCCCN4CCc5cc6nc(C)oc6c(Br)c5CC4)n3C)cccc2n1,1,train
Cc1nc2cc3c(cc2o1)CCN(CCCCSc1nnc(-c2ocnc2C)n1C)CC3,0,train
Cc1ccc2c(-c3nnc(SCCCN4CCc5cc6nc(C(C)(C)C)oc6c(C)c5CC4)n3C)cccc2n1,1,train
CCc1nc2cc3c(c(C)c2o1)CCN(CCCSc1nnc(-c2cccc4nc(C)ccc24)n1C)CC3,1,train
Cc1ccc2c(-c3nnc(SCCCN4CCc5cc6nc(C)oc6c(C)c5CC4)n3C)cccc2n1,1,train
Cc1ccc2c(-c3nnc(SCCCN4CCc5cc6nc(C(C)(C)C)oc6c(Br)c5CC4)n3C)cccc2n1,1,train
CCc1nc2cc3c(c(Br)c2o1)CCN(CCCSc1nnc(-c2cccc4nc(C)ccc24)n1C)CC3,1,train
Cc1ccc2c(-c3nnc(SCCCN4CCc5cc6nc(C)oc6c(Br)c5CC4)n3C)cccc2n1,1,train
CCc1nc2cc3c(cc2s1)CCN(CCCSc1nnc(-c2ocnc2C)n1C)CC3,1,train
CCc1nc2cc3c(cc2s1)CCN(CCCSc1nnc(-c2cccc4nc(C)ccc24)n1C)CC3,1,train
Cc1nc2cc3c(cc2s1)CCN(CCCSc1nnc(-c2ocnc2C)n1C)CC3,1,train
Cc1ccc2c(-c3nnc(SCCCN4CCc5cc6nc(C)sc6cc5CC4)n3C)cccc2n1,1,train
CCc1nn(C)c2cc3c(cc12)CCN(CCCSc1nnc(-c2cccc4nc(C)ccc24)n1C)CC3,1,train
Cc1ccc2c(-c3nnc(SCCC(C)N4CCc5cc6c(cc5CC4)C(=O)N(C(C)C)C6)n3C)cccc2n1,1,val
Cc1ccc2c(-c3nnc(SCCC(C)N4CCc5cc6c(cc5CC4)C(=O)N(C)C6)n3C)cccc2n1,0,train
Cc1ccc2c(-c3nnc(SCCCCN4CCc5cc6c(cc5CC4)C(=O)N(C(C)C)C6)n3C)cccc2n1,1,train
Cc1ccc2c(-c3nnc(SCCCCN4CCc5cc6c(cc5CC4)C(=O)N(C)C6)n3C)cccc2n1,0,train
Cc1ccc2c(-c3nnc(SCCCN4CCc5cc6c(cc5CC4)C(=O)N(C(C)C)C6)n3C)cccc2n1,1,train
Cc1cc2c(-c3nnc(SCCCN4CCc5ccc(-c6cc(C)nn6C)cc5CC4)n3C)cccc2cn1,1,train
O=C(c1ccc(O)cc1OC[C@@H](O)CN1CCC2(CC1)Cc1cc(Cl)ccc1O2)N1C[C@H](O)CO1,1,train
COc1ccccc1Oc1cccc(CN2CCC3(CC2)CCN(C(=O)c2cccc[n+]2[O-])CC3)c1,0,train
COc1ccccc1Oc1cccc(CN2CCC3(CC2)CCN(C(=O)c2cc[n+]([O-])cc2)CC3)c1,1,train
O=C(c1cc[n+]([O-])cc1)N1CCC2(CCN(Cc3cccc(Oc4ccccc4)c3)CC2)CC1,0,train
O=C(c1ccncn1)N1CCC2(CCN(Cc3cccc(Oc4ccccc4)c3)CC2)CC1,1,test
O=C(c1ccncc1)N1CCC2(CCN(Cc3cccc(Oc4ccccc4)c3)CC2)CC1,1,train
COc1ccccc1Oc1cccc(CN2CCC3(CC2)CCN(C(=O)c2ccc(Cl)cc2)CC3)c1,1,train
O=C(c1ccc(Cl)cc1)N1CCC2(CCN(Cc3cccc(Oc4ccccc4)c3)CC2)CC1,1,train
COc1ccccc1Oc1ccccc1CN1CCC2(CC1)CCN(C(=O)c1cccc[n+]1[O-])CC2,1,train
COc1ccccc1Oc1ccccc1CN1CCC2(CC1)CCN(C(=O)c1cc[n+]([O-])cc1)CC2,1,train
COc1ccccc1Oc1ccccc1CN1CCC2(CC1)CCN(C(=O)c1ccncc1)CC2,1,train
COc1ccccc1Oc1ccccc1CN1CCC2(CC1)CCN(C(=O)c1ccccn1)CC2,1,train
O=C(c1ccncc1)N1CCC2(CCN(Cc3ccccc3Oc3ccccc3)CC2)CC1,1,train
COc1ccccc1Oc1ccccc1CN1CCC2(CC1)CCN(C(=O)c1ccc(Cl)cc1)CC2,1,train
O=C(c1ccc(Cl)cc1)N1CCC2(CCN(Cc3ccccc3Oc3ccccc3)CC2)CC1,1,train
Cc1oc(-c2ccc(Cl)cc2)nc1CCOc1cccc(CC2C(=O)N(c3ccc(C(C)(C)C)cc3)C2C(=O)O)c1,1,train
COc1ccc(-c2nc(CCOc3cccc(CC4C(=O)N(c5ccc(C(C)(C)C)cc5)C4C(=O)O)c3)c(C)o2)cc1,1,train
Cc1oc(-c2cccc(Cl)c2)nc1CCOc1cccc(CC2C(=O)N(c3ccc(C(C)(C)C)cc3)C2C(=O)O)c1,1,train
COc1cccc(-c2nc(CCOc3cccc(CC4C(=O)N(c5ccc(C(C)(C)C)cc5)C4C(=O)O)c3)c(C)o2)c1,1,train
Cc1oc(-c2ccccc2)nc1CCOc1ccc(CC2C(=O)N(c3ccc(C(C)(C)C)cc3)C2C(=O)O)cc1,0,train
Cc1oc(-c2ccccc2)nc1CCOc1cccc(CC2C(=O)N(c3ccc(C(C)(C)C)cc3)C2C(=O)O)c1,1,train
COc1ccc(N2C(=O)C(Cc3ccc(OCCc4nc(-c5ccccc5)oc4C)cc3)C2C(=O)O)cc1,0,train
CN(C)C(=O)C(N)c1ccc(C(=O)Nc2cc(-c3cccs3)ccc2N)cc1,1,val
CCOC(=O)C(N)c1ccc(C(=O)Nc2cc(-c3cccs3)ccc2N)cc1,1,val
Cc1cc(C)n(-c2cc(NC(=O)CN3CCN(C)CC3)nc(-c3ccc(C)o3)n2)n1,1,train
Cc1cc(C)n(-c2cc(NC(=O)CCN3CC[C@H](N(C)C)C3)nc(-c3ccc(C)o3)n2)n1,1,train
Cc1cc(C)n(-c2cc(NC(=O)CCN(C)C)nc(-c3ccc(C)o3)n2)n1,1,train
Cc1cc(C)n(-c2cc(NC(=O)CN3CC[C@@H](CN(C)C)C3)nc(-c3ccc(C)o3)n2)n1,1,train
Cc1cc(C)n(-c2cc(NC(=O)CN3CC[C@H](CN(C)C)C3)nc(-c3ccc(C)o3)n2)n1,1,train
CCN[C@H]1CCN(CC(=O)Nc2cc(-n3nc(C)cc3C)nc(-c3ccc(C)o3)n2)C1,1,train
Cc1cc(C)n(-c2cc(NC(=O)CN3CC[C@H](N(C)C)C3)nc(-c3ccc(C)o3)n2)n1,1,train
Cc1cc(C)n(-c2cc(NC(=O)CC3CCN(C)CC3)nc(-c3ccc(C)o3)n2)n1,1,train
Cc1cc(C)n(-c2cc(NC(=O)CN3CCC(CN(C)C)CC3)nc(-c3ccc(C)o3)n2)n1,1,train
Cc1cc(C)n(-c2cc(NC(=O)CN3CCCN(C)CC3)nc(-c3ccc(C)o3)n2)n1,1,train
CNCc1cnc(C)cc1Oc1ccccc1Oc1ccccc1,1,val
CC(c1nc(-c2ccc(S(C)(=O)=O)cc2Cl)no1)C(N)C(=O)N1CCCC1,0,train
CS(=O)(=O)c1ccc(-c2noc(C(CC3CC3)[C@H](N)C(F)=C3CCCC3)n2)c(Cl)c1,1,train
CS(=O)(=O)c1ccc(-c2noc(C(CCO)[C@H](N)C(F)=C3CCCC3)n2)c(Cl)c1,0,train
CC(c1nc(-c2ccc(S(C)(=O)=O)cc2Cl)no1)[C@H](N)C(F)=C1CCCC1,0,train
COC1OC2(CCN(Cc3ccccc3)CC2)c2cnn(-c3ccccc3)c21,1,val
CCCCN1CCC2(CC1)OC(OC)c1c2cnn1-c1ccccc1,1,val
CC(C)N1CCN(Cc2cnc(-c3ccc(C(=O)Nc4ccccc4N)cc3)c(Cl)c2)CC1,1,train
CC(C)N1CCN(Cc2cnc(-c3ccc(C(=O)Nc4ccccc4N)cc3)c(C#N)c2)CC1,0,train
CCN1CCN(Cc2cnc(-c3ccc(C(=O)Nc4ccccc4N)cc3)c(Cl)c2)CC1,1,train
Nc1ccccc1NC(=O)c1ccc(-c2ncc(CN3CCC3)cc2Cl)cc1,0,train
COc1cc(Cl)ccc1O[C@@H](c1ccccc1)[C@@H]1CNCCO1,1,test
Cc1cc2cc(Nc3ncnn4cc(-c5nnc(C)o5)c(C(C)C)c34)cnc2[nH]1,1,test
O=c1[nH]ccc2nc(-c3ccc(CN4CCC(c5n[nH]c(-c6ccccn6)n5)CC4)cc3)c(-c3ccccc3)cc12,1,train
COc1ccc(Cl)cc1C(=O)NCCc1ccc(S(=O)(=O)NC(=O)NC2CCCCC2)cc1,0,test
CN(C)c1cn(-c2ccc(F)cc2)c2ccc(Cl)cc12,1,train
CC(C)OC(=O)c1ccc(NC(=O)NC(Cc2ccc(O)cc2)C(=O)N[C@H]2CCC[N+](C)(Cc3cccc(O)c3)C2)cc1,1,test
O=C(COc1cccc(Cl)c1)NC1CCN(Cc2ccn(-c3ccc(C(F)(F)F)cc3)c2)CC1,1,train
O=C(COc1cccc(Cl)c1)NC1CCN(Cc2ccn(-c3ccc(OC(F)(F)F)cc3)c2)CC1,1,train
COc1cccc2cc3n(c12)CCN(CCCCN1CCn2c(cc4ccccc42)C1=O)C3,1,test
Clc1cccc(N2CCN(CCCCCOc3cc4ccccc4cn3)CC2)c1Cl,1,train
Clc1cccc(N2CCN(CCCCOc3cc4ccccc4cn3)CC2)c1Cl,1,train
Cc1cccc(N2CCN(CCCCNC(=O)c3cc4ccccc4o3)CC2)c1,1,val
O=C1c2cc3ccccc3n2CCN1CCCCN1CCN(c2cccc(Cl)c2Cl)CC1,1,test
N#Cc1cccc(N2CCN(CCCCNC(=O)c3cc4ccccc4o3)CC2)c1,1,val
O=C(NCCCCN1CCN(c2cccc(Cl)c2Cl)CC1)c1cc2ccccc2cn1,1,train
O=C(NCCCCN1CCN(c2cccc(Cl)c2)CC1)c1cc2ccccc2cn1,1,train
COc1cccc2cc3n(c12)CCN(CCCCNC(=O)C1=Cc2ccccc2CN1)C3,1,test
Clc1ccc(-n2c(-c3ccc(Cl)cc3Cl)nc3c(NN4CCCCC4)ncnc32)cc1,1,train
CN1CCN(c2ncnc3c2nc(-c2ccc(Cl)cc2Cl)n3-c2ccc(Cl)cc2)CC1,1,train
CN1CCN(c2ncnc3c2nc(-c2ccccc2Cl)n3-c2ccc(Cl)cc2)CC1,1,train
Fc1ccc2c(c1)nc(-c1ccccn1)n2-c1ccc(OCCCN2CCCCC2)cc1,1,train
Fc1ccc2c(c1)nc(-c1ccccn1)n2-c1ccc(OCCCN2CCOCC2)cc1,1,train
CC(C)[C@@H]1CCN(CCCOc2ccc(-n3c(-c4ccccn4)nc4cc(F)ccc43)cc2)C1,1,train
Fc1ccc2c(c1)nc(-c1ccccn1)n2-c1ccc(OCCCN2CCSC2)cc1,1,train
Fc1ccc2c(c1)nc(-c1ccccn1)n2-c1ccc(OCCCN2CCc3ccccc3C2)cc1,1,train
OC1CCN(CCCOc2ccc(-n3c(-c4ccccn4)nc4cc(F)ccc43)cc2)CC1,1,train
COC(=O)C1CCN(CCCOc2ccc(-n3c(-c4ccccn4)nc4cc(F)ccc43)cc2)CC1,1,train
CS(=O)(=O)c1ccc(OCC2CC2)c(C(=O)N2CCN(c3ccc(C#N)cc3F)CC2)c1,1,train
CCCCNc1nccc2[nH]c3ccccc3c12,1,test
CN1C(=O)C(CN2CCCCC2)C[C@H]1C#Cc1ccccc1,1,test
Nc1ccnc(N2CCC(C(=O)Nc3ccc4ccccc4n3)(c3ccccc3)CC2)c1,1,test
Nc1ccnc(N2CCC3(CC2)OC(c2ccccc2)c2ccccc23)c1,1,test
Nc1ccnc(N2CCC(C(=O)N3CCc4ccccc4C3)(c3ccccc3)CC2)c1,1,val
COc1ccc(C(=O)NC2(c3ccccc3)CCN(c3cc(N)ccn3)CC2)c(OC)c1,1,train
CCOC(=O)N1CCN(C(=O)C2(c3ccccc3)CCN(c3cc(N)ccn3)CC2)CC1,1,val
COc1ccc(CNC(=O)C2(c3ccccc3)CCN(c3cc(N)ccn3)CC2)cc1,1,val
COc1ccc(C(=O)NC2(c3ccccc3)CCN(c3cc(N)ccn3)CC2)cc1Cl,1,train
Nc1ccnc(N2CCC(n3c(=O)n(Cc4ccccc4)c4cccnc43)CC2)c1,1,train
Nc1ccnc(N2CCC(NC(=O)c3ccccn3)(c3ccccc3)CC2)c1,1,train
Nc1ccnc(N2CCC(n3c(=O)n(CC4CC4)c4cccnc43)CC2)c1,1,train
COc1ccc(-n2c(=O)n(C3CCN(c4cc(N)ccn4)CC3)c3ncccc32)cc1,1,train
Nc1ccnc(N2CCC(n3c(=O)n(-c4ccccc4)c4cccnc43)CC2)c1,1,train
COc1cccc(C2(C)CN(c3cc(N)ccn3)C2)c1,1,test
CN(C)C(=O)C1CC2(CCN(c3cc(N)ccn3)CC2)c2ccccc21,1,test
COc1ccc(C(=O)N(c2cc(C)ccn2)C2CCN(c3cc(N)ccn3)CC2)cc1,1,train
COc1cccc(C(=O)N(c2ccccn2)C2CCN(c3cc(N)ccn3)CC2)c1,1,train
O=S(=O)(c1ccc2c(c1)CCNCC2)N1CC(Oc2ccc(Cl)cc2)C1,1,train
O=S(=O)(c1ccc2c(c1)CCNCC2)N1CCC(Oc2ccccc2Cl)CC1,1,train
CN(CC1COc2ccccc21)S(=O)(=O)c1ccc2c(c1)CCNCC2,1,test
O=S(=O)(c1ccc2c(c1)CCNCC2)N1CC(Oc2ccccc2Cl)C1,1,train
O=S(=O)(c1ccc2c(c1)CCNCC2)N1CC[C@@H](Oc2ccccc2Cl)C1,1,train
O=S(=O)(c1ccc2c(c1)CCNCC2)N1CC(Oc2cccc(Cl)c2)C1,1,train
O=S(=O)(c1ccc2c(c1)CCNCC2)N1CC[C@H](Oc2ccccc2Cl)C1,1,train
C[C@@H]1CN(CC2(C(N)=O)CCC2)CCN1S(=O)(=O)c1ccc(C(C)(O)C(F)(F)F)cc1,0,train
C[C@@H]1CN(CC2(c3ccc(C(N)=O)cc3)CC2)CCN1S(=O)(=O)c1ccc(C(C)(O)C(F)(F)F)cc1,1,train
C[C@@H]1CN(CC2(c3ccncc3)CC2)CCN1S(=O)(=O)c1ccc(C(C)(O)C(F)(F)F)cc1,1,train
Cc1nnc(C(C)C)n1C1CCN(C(C)C[C@H](NC(=O)C2CC(F)(F)C2)c2ccccc2)CC1,1,train
Cc1nnc(C(C)C)n1C1CCN(C(C)C[C@H](NC(=O)C2CCC(F)(F)CC2)c2ccccc2)CC1,1,train
N#Cc1ccc2cc1Oc1ccc3c(c1)[C@@H](CC3)N1CCC(NCc3cncn3C2)C1=O,1,train
CC(=O)Nc1cccc(N2CCN(CCCCNS(=O)(=O)CC3CCCCC3)CC2)c1,1,val
CC(=O)Nc1cccc(N2CCN(CCCCNS(=O)(=O)c3ccc(C)cc3)CC2)c1,1,val
COc1ccccc1N1CCN(CCCCNS(=O)(=O)c2ccc(C)cc2)CC1,1,test
N#Cc1ccc(Cn2cncc2CN[C@H]2CCN(C(=O)c3cccc(Cl)c3)C2)cc1,1,test
N#Cc1ccc2cc1Oc1ccc3c(c1)[C@@H](CCO3)N1CCC(NCc3cncn3C2)C1=O,1,train
N#Cc1ccc2cc1Oc1ccc3c(c1)[C@@H](CCC3)N1CCC(NCc3cncn3C2)C1=O,1,train
Cc1nc2n(c(=O)c1CCN1CCC(c3noc4cc(F)ccc34)CC1)CCCC2O,1,train
N#Cc1ccc2cc1Oc1cccc(c1)CN1CCC(NCc3cncn3C2)C1=O,1,train
N#Cc1ccc2cc1Oc1cc(Cl)cc(c1)CN1CCC(NCc3cncn3C2)C1=O,1,train
N#Cc1ccc2cc1Oc1cccc(c1)C(c1ccccc1)N1CCC(NCc3cncn3C2)C1=O,1,train
N#Cc1ccc2cc1Oc1cccc(c1)C(c1cccc(Cl)c1)N1CCC(NCc3cncn3C2)C1=O,1,train
CC1c2ccc(C#N)c(c2)Oc2cccc(c2)CN2CCC(NCc3cncn31)C2=O,1,test
N#Cc1ccc2cc1Oc1ccc(Br)c(c1)CN1CCC(NCc3cncn3C2)C1=O,1,train
N#Cc1ccc2cc1Oc1cccc(c1)-c1ccccc1N1CCC(NCc3cncn3C2)C1=O,1,train
N#Cc1ccc2cc1Oc1ccc3cccc(c3c1)N1CCC(NCc3cncn3C2)C1=O,1,train
CN1Cc2cncn2Cc2ccc(C#N)c(c2)Oc2ccc3cccc(c3c2)N2CCC1C2=O,1,train
N#Cc1ccc2cc1Oc1ccc3cccc(c3c1)N1CCC(NC(=O)Cc3cncn3C2)C1=O,1,train
N#Cc1ccc2cc1Oc1ccc3cccc(c3c1)N1CCC(NCCc3cncn3C2)C1=O,1,train
CN1CCc2cncn2Cc2ccc(C#N)c(c2)Oc2ccc3cccc(c3c2)N2CCC1C2=O,1,train
N#Cc1ccc2cc1Oc1ccc3c(c1)[C@H](CC3)N1CCC(NCc3cncn3C2)C1=O,1,train
CN1Cc2cncn2Cc2ccc(C#N)c(c2)Oc2ccc3c(c2)[C@@H](CC3)N2CCC1C2=O,1,val
N#Cc1ccc(Cn2cncc2CNC2CCN(Cc3ccccc3)C2=O)cc1,1,train
N#Cc1ccc(Cn2cncc2CNC2CCN(Cc3cccc(Cl)c3)C2=O)cc1,1,train
N#Cc1ccc(Cn2cncc2CNC2CCN(c3ccncc3)C2=O)cc1,1,train
N#Cc1ccc(Cn2cncc2CNC2CCN(c3cccc4ncccc34)C2=O)cc1,1,train
N#Cc1ccc(Cn2cncc2CNC2CCN(C(=O)c3cccc(Cl)c3)C2=O)cc1,1,train
Cc1ncccc1C(=O)N1CCC(NCc2cncn2Cc2ccc(C#N)cc2)C1=O,1,train
N#Cc1ccc(Cn2cncc2CNC2CCN(C(=O)c3cccnc3N)C2=O)cc1,0,train
COc1ncccc1C(=O)N1CCC(NCc2cncn2Cc2ccc(C#N)cc2)C1=O,0,train
CSc1ncccc1C(=O)N1CCC(NCc2cncn2Cc2ccc(C#N)cc2)C1=O,1,train
CCSc1ncccc1C(=O)N1CCC(NCc2cncn2Cc2ccc(C#N)cc2)C1=O,0,train
N#Cc1ccc(Cn2cncc2CNC2CCN(C(=O)c3cncc(Br)c3)C2=O)cc1,1,train
CCCCN(Cc1cncn1Cc1ccc(C#N)cc1)C1CCN(Cc2ccccc2)C1=O,1,train
N#Cc1ccc(Cn2cncc2CN(Cc2cccnc2)C2CCN(Cc3ccccc3)C2=O)cc1,1,train
N#Cc1ccc(Cn2cncc2CN(CCCc2ccccc2)C2CCN(Cc3ccccc3)C2=O)cc1,1,train
N#Cc1ccc(Cn2cncc2CN(CCCN)C2CCN(Cc3ccccc3)C2=O)cc1,1,train
N#Cc1ccc(Cn2cncc2CN(CCN2CCOCC2)C2CCN(Cc3ccccc3)C2=O)cc1,1,train
N#Cc1ccc(Cn2cncc2CN(CCN2CCNCC2)C2CCN(Cc3ccccc3)C2=O)cc1,1,train
c1ccc(-c2[nH]c3ccccc3c2C2CC3CCC(C2)N3)cc1,1,val
F[C@@H]1CCNC[C@H]1c1c(-c2ccccc2)[nH]c2ccccc12,1,train
Fc1ccc2[nH]c(-c3ccccc3)c([C@@H]3CNCC[C@H]3F)c2c1,1,train
F[C@@H]1CCNC[C@H]1c1c(-c2ccccc2)[nH]c2ccc(Cl)cc12,1,train
CC(C)(C)OC(=O)NCCCN(Cc1cncn1Cc1ccc(C#N)cc1)C1CCN(Cc2ccccc2)C1=O,1,train
O=C(OC1CC2CC3CC(C1)N2CC3O)c1c[nH]c2ccccc12,1,train
CS(=O)(=O)N1CCN(Cc2cc3nc(-c4cccc5[nH]ncc45)nc(N4CCOCC4)c3s2)CC1,0,test
C1=C(c2ccccc2)c2ccccc2OC12CCNCC2,1,train
CCN(CC)C(=O)c1ccc(C2=CC3(CCNCC3)Oc3cccc(O)c32)cc1,0,train
CCN(CC)C(=O)c1ccc(C2=CC3(CCNCC3)Oc3ccc(O)cc32)cc1,0,train
CCN(CC)C(=O)c1ccc(C2=CC3(CCNCC3)Oc3cc(O)ccc32)cc1,0,train
CCN(CC)C(=O)c1ccc(C2=CC3(CCNCC3)Oc3c(O)cccc32)cc1,0,train
CCN1CCC2(C=C(c3ccc(C(=O)N(CC)CC)cc3)c3ccccc3O2)CC1,1,train
CCN(CC)C(=O)c1ccc(C2=CC3(CCN(C)CC3)Oc3ccccc32)cc1,1,train
CCN(CC)C(=O)c1ccc(C2=CC3(CCN(C(C)=O)CC3)Oc3ccccc32)cc1,0,train
CCN(CC)C(=O)c1ccccc1C1=CC2(CCNCC2)Oc2ccccc21,1,train
CCN(CC)C(=O)c1cccc(C2=CC3(CCNCC3)Oc3ccccc32)c1,1,train
CCN(CC)C(=O)c1ccc(C2=CC3(CCNCC3)Oc3ccccc32)cc1,1,train
COC(=O)c1ccc(C2=CC3(CCNCC3)Oc3ccccc32)cc1,1,train
Oc1ccc(C2=CC3(CCNCC3)Oc3ccccc32)cc1,1,train
COc1ccc(C2=CC3(CCNCC3)Oc3ccccc32)cc1,1,train
FC(F)(F)c1ccc(C2=CC3(CCNCC3)Oc3ccccc32)cc1,1,test
Cc1ccc(C2=CC3(CCNCC3)Oc3ccccc32)cc1,1,train
C[C@H]1CN(Cc2cccc(-c3cc(CNC(=O)c4cccc(CC5CCNCC5)c4)ccc3F)c2)CCN1,1,test
CS(=O)(=O)Nc1ccc(OC[C@@H](O)CNCCc2ccc(Cl)c(Cl)c2)cc1,1,train
CS(=O)(=O)Nc1ccc(OC[C@@H](O)CN(CCc2ccc(Cl)c(Cl)c2)Cc2ccc(F)c(F)c2F)cc1,1,val
CS(=O)(=O)Nc1ccc(OC[C@@H](O)CN(CCc2ccc(Cl)c(Cl)c2)Cc2ccccc2F)cc1,1,val
CS(=O)(=O)Nc1ccc(OC[C@@H](O)CN(CCc2ccc(Cl)c(Cl)c2)Cc2cccc(O)c2)cc1,1,train
CS(=O)(=O)Nc1ccc(OC[C@@H](O)CN(CCc2ccc(Cl)c(Cl)c2)Cc2ccccc2O)cc1,1,train
CS(=O)(=O)Nc1ccc(OC[C@@H](O)CN(CCc2ccc(Cl)c(Cl)c2)Cc2ccccc2)cc1,1,train
CC(C)CN(CCc1ccc(Cl)c(Cl)c1)C[C@H](O)COc1ccc(NS(C)(=O)=O)cc1,1,train
CCCCN(CCc1ccc(Cl)c(Cl)c1)C[C@H](O)COc1ccc(NS(C)(=O)=O)cc1,1,train
CCCN(CCc1ccc(Cl)c(Cl)c1)C[C@H](O)COc1ccc(NS(C)(=O)=O)cc1,1,train
CCN(CCc1ccc(Cl)c(Cl)c1)C[C@H](O)COc1ccc(NS(C)(=O)=O)cc1,1,train
CN(CCc1ccc(Cl)c(Cl)c1)C[C@H](O)COc1ccc(NS(C)(=O)=O)cc1,1,train
Cc1ccc(CCNC[C@H](O)COc2ccc(NS(C)(=O)=O)cc2)cc1C,1,train
CS(=O)(=O)Nc1ccc(OC[C@@H](O)CNCCc2ccc(F)c(F)c2)cc1,1,train
CS(=O)(=O)Nc1ccc(OC[C@@H](O)CNCCc2ccc(Cl)c(F)c2)cc1,1,train
CS(=O)(=O)Nc1ccc(OC[C@@H](O)CNCCc2ccc(Cl)cc2)cc1,1,train
CNc1noc2c(-c3ccc4c(N5CCOC[C@@H]5C)nncc4c3)c(C)ccc12,0,test
CC(C)(C)CCN1CC[C@@H](CNC(=O)c2cc(Cl)cc(Cl)c2)[C@H](F)C1,1,train
CC(C)(C)CCN1CC[C@H](CNC(=O)c2cc(Cl)cc(Cl)c2)[C@H](F)C1,1,train
CC(C)(C)OCCN1CCC(CNC(=O)c2cc(Cl)cc(Cl)c2)CC1,1,train
CC(C)(C)C(F)CN1CCC(CNC(=O)c2cc(Cl)cc(Cl)c2)CC1,1,train
CC(C)(C)C(O)CN1CCC(CNC(=O)c2cc(Cl)cc(Cl)c2)CC1,1,train
CC(C)(C)C(=O)CN1CCC(CNC(=O)c2cc(Cl)cc(Cl)c2)CC1,1,train
CC(C)(C)CCN1CCC(CNC(=O)Cc2ccc(C(C)(C)C)cc2)CC1,1,test
CC(C)(C)CCN1CCC(CNC(=O)C2(c3ccc(F)cc3)CCCCC2)CC1,1,test
CC(C)(C)CCN1CCC(CNC(=O)c2cccc(Cl)c2)CC1,1,train
CC(C)(C)CCN1CCC(CNC(=O)c2ccc(Cl)c(Cl)c2)CC1,1,train
CC(C)(C)CCN1CCC(CNC(=O)c2cc(C(F)(F)F)cc(C(F)(F)F)c2)CC1,1,train
CCC(C)C(C)CN1CCC(CNC(=O)c2cc(Cl)cc(Cl)c2)CC1,1,train
CC(CC(C)(C)C)N1CCC(CNC(=O)c2cc(Cl)cc(Cl)c2)CC1,1,train
O=C(NCC1CCN(Cc2ccc(Br)nc2)CC1)c1cc(Cl)cc(Cl)c1,1,val
O=C(NCC1CCN(Cc2cccc(C(F)(F)F)c2)CC1)c1cc(Cl)cc(Cl)c1,1,test
CC(C)(C)CCN1CCC(CNC(=O)c2cc(Cl)cc(Cl)c2)CC1,1,train
CC(C)(C)CCN1CCC(CNC(=O)Nc2cccc(Cl)c2)(c2ccccc2)CC1,1,test
Cc1ccc(CN2CCC(CNC(=O)c3cc(Cl)cc(Cl)c3)CC2)cc1,1,train
CC1(C)C[C@@H](CN2CCC(F)(CNC(=O)c3cc(Cl)cc(Cl)c3)CC2)CCO1,1,val
Cc1c(C(=O)c2ccc(Cl)cc2)c2ccc(OC(F)(F)F)cc2n1Cc1cccc(OC(C)C(=O)O)c1,1,test
C[C@H]1CN(Cc2ccc(CC(=O)N3CCC(Nc4cccc(F)c4)CC3)cc2)CCN1,0,test
CCN(CC)Cc1cc(Nc2ccnc3cc(Cl)ccc23)ccc1O,1,train
CCN(CC)Cc1ccc(Nc2ccnc3cc(Cl)ccc23)cc1O,1,train
CC(C)(C)NCc1ccc(Nc2ccnc3cc(Cl)ccc23)cc1O,1,train
CCNCc1cc(Nc2ccnc3cc(Cl)ccc23)ccc1O,1,train
COc1cncc(-c2cc(NC(C)=O)nc(-n3nc(C)cc3C)n2)c1,0,test
CC(=O)Nc1cc(-c2cccc(N3CCN(C)CC3)n2)nc(-n2nc(C)cc2C)n1,1,test
CNCCC(c1ccccc1)c1c[nH]c2ccccc12,1,test
CCCCC1(c2ccc3[nH]ccc3c2)CCNC1,1,train
N#Cc1cc2cc(C3(Cc4ccccc4)CCNC3)ccc2[nH]1,1,train
Cn1ccc2cc(C3(Cc4ccccc4)CCNC3)ccc21,1,test
Fc1ccc(CC2(c3ccc4[nH]ccc4c3)CCNC2)cc1,1,train
c1ccc(CC2(c3ccc4sccc4c3)CCNC2)cc1,0,train
c1ccc(CC2(c3ccc4[nH]ccc4c3)CCNC2)cc1,1,train
Clc1ccc([C@]23CNC[C@H]2C3)cc1Cl,1,train
Nc1ccccc1NC(=O)c1ccc(N2CCC3(CC2)C(=O)NCN3c2ccccc2)nc1,0,train
Nc1ccccc1NC(=O)c1ccc(N2CCC3(CCN(S(=O)(=O)c4ccccc4)C3)C2)nc1,0,test
Nc1ccccc1NC(=O)c1ccc(N2CCC3(CC2)CNc2ccccc23)nc1,0,train
Nc1ccccc1NC(=O)c1ccc(N2CCC3(CC2)CNCc2ccccc23)nc1,1,train
Nc1ccccc1NC(=O)c1ccc(N2CCC3(CCNC3)CC2)nc1,0,train
Nc1ccc(-c2cccs2)cc1NC(=O)c1ccc(N2CCC3(CCNC3)CC2)nc1,1,train
Nc1ccc(-c2ccsc2)cc1NC(=O)c1ccc(N2CCC3(CCNC3)CC2)nc1,1,train
Cn1cc(-c2ccc(N)c(NC(=O)c3ccc(N4CCC5(CCNC5)CC4)nc3)c2)cn1,0,train
Cn1cnc(-c2ccc(N)c(NC(=O)c3ccc(N4CCC5(CCNC5)CC4)nc3)c2)c1,1,train
CC(=O)N1CCC2(CCN(c3ccc(C(=O)Nc4cc(-c5cccs5)ccc4N)cn3)CC2)C1,1,train
CCNC(=O)N1CCC2(CCN(c3ccc(C(=O)Nc4cc(-c5cccs5)ccc4N)cn3)CC2)C1,1,train
CS(=O)(=O)N1CCC2(CCN(c3ccc(C(=O)Nc4cc(-c5cccs5)ccc4N)cn3)CC2)C1,1,train
Nc1ccc(-c2cccs2)cc1NC(=O)c1ccc(N2CCC3(CC2)CCN(c2ncccn2)C3)nc1,1,train
Nc1ccc(-c2cccs2)cc1NC(=O)c1ccc(N2CCC3(CCN(CC(F)(F)F)C3)CC2)nc1,1,train
Nc1ccc(-c2cccs2)cc1NC(=O)c1ccc(N2CCC3(CCN(CCO)C3)CC2)nc1,1,train
Nc1ccc(-c2cccs2)cc1NC(=O)c1ccc(N2CCC3(CCN(CC(=O)O)C3)CC2)nc1,1,train
NC(=O)CN1CCC2(CCN(c3ccc(C(=O)Nc4cc(-c5cccs5)ccc4N)cn3)CC2)C1,1,train
CC(=O)N1CCC2(CCN(c3ccc(C(=O)Nc4cc(-c5cccs5)ccc4N)cn3)C2)C1,1,train
CC(=O)N1CC2(CCN(c3ccc(C(=O)Nc4cc(-c5cccs5)ccc4N)cn3)CC2)C1,1,train
CC(=O)N1CCC2(CCCN(c3ccc(C(=O)Nc4cc(-c5cccs5)ccc4N)cn3)C2)C1,1,train
CC(=O)N1CCCC12CCN(c1ccc(C(=O)Nc3cc(-c4cccs4)ccc3N)cn1)CC2,0,train
Nc1ccc(-c2cccs2)cc1NC(=O)c1ccc(N2CCC3(CC2)CNc2ccccc23)nc1,0,train
Nc1ccc(-c2cccs2)cc1NC(=O)c1ccc(N2CCC3(CCCC3O)CC2)nc1,1,train
Nc1ccc(-c2cccs2)cc1NC(=O)c1ccc(N2CCC3(CCNC3=O)CC2)nc1,1,train
Nc1ccc(-c2cccs2)cc1NC(=O)c1ccc(N2CCC3(CC2)CNC3=O)nc1,0,train
Nc1ccc(-c2cccs2)cc1NC(=O)c1ccc(N2CCC3(CC2)CNC(=O)C3)nc1,1,train
Nc1ccc(-c2cccs2)cc1NC(=O)c1ccc(N2CCC3(CC2)NC(=O)NC3=O)nc1,1,train
Nc1ccc(-c2cccs2)cc1NC(=O)c1ccc(N2CCC3(CC2)NCNC3=O)nc1,1,train
Nc1ccc(-c2cccs2)cc1NC(=O)c1ccc(N2CCC3(CC2)C(=O)NCN3c2ccccc2)nc1,1,train
Nc1ccc(-c2cccs2)cc1NC(=O)c1ccc(N2CCC3(CC2)CNC(=O)N3)nc1,0,train
Nc1ccc(-c2ccccc2)cc1NC(=O)c1ccc(N2CCC3(CCNC3)CC2)nc1,1,train
Cc1ncc(C)c(C(=O)N2CCC([C@H](N)Cc3cc(F)c(F)cc3F)CC2)n1,0,train
Cc1nccnc1C(=O)N1CCC([C@H](N)Cc2cc(F)c(F)cc2F)CC1,0,train
N[C@H](Cc1cc(F)c(F)cc1F)C1CCN(C(=O)c2cnc3ncccn23)CC1,0,test
Cc1cc2ncc(C(=O)N3CCC([C@H](N)Cc4cc(F)c(F)cc4F)CC3)c(C)n2n1,0,train
Cc1ccc2c(N3CCN(CCc4ccc5c(c4)NC(=O)CO5)CC3)cccc2n1,1,train
Cc1ccc2c(N3CCN(CCc4ccc5c(c4)N(C)C(=O)CO5)CC3)cccc2n1,1,train
Cc1ccc2c(N3CCN(CCc4cccc5c4OCC(=O)N5)CC3)cccc2n1,1,train
Cc1ccc2c(N3CCN(CCc4cccc5c4OCC(=O)N5C)CC3)cccc2n1,1,train
Cc1ccc2c(N3CCN(CCc4ccc5c(c4)OCC(=O)N5)CC3)cccc2n1,1,train
Cc1ccc2c(N3CCN(CCc4ccc5c(c4)OCC(=O)N5C)CC3)cccc2n1,1,train
CCN1C(=O)COc2c(CCN3CCN(c4cccc5nc(C)ccc45)CC3)cccc21,1,train
Cc1ccc2c(N3CCN(CCc4cccc5c4OCC(=O)N5C(C)C)CC3)cccc2n1,1,train
Cc1ccc2c(N3CCN(CCc4cccc5c4OCC(=O)N5C4CC4)CC3)cccc2n1,1,train
Cc1ccc2c(N3CCN(CCc4cccc5c4OCC(=O)N5CC4CC4)CC3)cccc2n1,1,train
Cc1ccc2c(N3CCN(CCc4cccc5c4OCC(=O)N5CC(F)F)CC3)cccc2n1,1,train
Cc1ccc2c(N3CCN(CCc4cccc5c4OCC(=O)N5C)[C@H](C)C3)cccc2n1,1,train
Cc1ccc2c(N3CCN(CCc4cccc5c4OCC(=O)N5C)[C@@H](C)C3)cccc2n1,0,train
Cc1ccc2c(N3CCN(CCc4cccc5c4OCC(=O)N5C)CC3)cc(F)cc2n1,1,train
Cc1ccc2c(N3CCN(CCc4cccc5c4OCC(=O)N5C)[C@H](C)C3)cc(F)cc2n1,1,train
Cc1ccc2c(N3CCN(CCCc4cccc5c4OCC(=O)N5C)CC3)cccc2n1,1,train
Cc1ccc2c(N3CCN(CCCc4cccc5c4OCC(=O)N5C)[C@H](C)C3)cccc2n1,1,train
Cc1ccc2c(N3CCN(CCCc4cccc5c4OCC(=O)N5C)CC3)cc(F)cc2n1,1,train
Cc1ccc2c(N3CCN(CCCc4cccc5c4OCC(=O)N5C)[C@H](C)C3)cc(F)cc2n1,1,val
Cc1ccc2c(N3CCN(CCCc4cccc5c4OCC(=O)N5)CC3)cccc2n1,1,train
COc1cc(-n2cnc3cc(-c4ccc(Cl)cc4)sc3c2=O)ccc1OCCN1CCCC1,1,val
COc1cc(-n2ccnc(NCCc3ccccc3)c2=O)ccc1OCCN1CCCC1,1,val
COc1cc(-n2ccnc(CCCc3ccccc3)c2=O)ccc1OCCN1CCCC1,1,val
c1ccc2cc(CO[C@H]3CCNC3)ccc2c1,0,train
c1ccc2cc(CO[C@@H]3CCNC3)ccc2c1,0,train
N#Cc1ccc2cc(CO[C@H]3CCNC3)ccc2c1,1,train
Fc1ccc2cc(CO[C@@H]3CCNC3)ccc2c1,0,train
CCCCN(C1CCNCC1)S(=O)(=O)c1ccc2ccccc2c1,1,train
CCCCN([C@H]1CCNC1)S(=O)(=O)c1ccc2ccccc2c1,1,train
c1ccc2cc(OCC3CCNCC3)ccc2c1,1,val
N#Cc1ccc2ccc(OCC3CCNCC3)cc2c1,1,val
Fc1ccc2cc(CCN3CCNCC3)ccc2c1,1,val
Cc1c(CCN2CCNCC2)ccc2cc(F)ccc12,0,val
Cc1n[nH]c(-c2cc(C(F)(F)F)cc(S(=O)(=O)N3CCN(C(=O)C4C[C@H]4c4ccc(C(F)(F)F)cc4)CC3)c2)n1,1,train
O=C(C1C[C@H]1c1ccc(C(F)(F)F)cc1)N1CCN(S(=O)(=O)c2cc(-c3c[nH]nn3)cc(C(F)(F)F)c2)CC1,1,train
O=C(C1C[C@H]1c1ccc(C(F)(F)F)cc1)N1CCN(S(=O)(=O)c2cc(-c3nc(O)cs3)cc(C(F)(F)F)c2)CC1,1,train
O=C(C1C[C@H]1c1ccc(C(F)(F)F)cc1)N1CCN(S(=O)(=O)c2cc(-c3cn[nH]c3)cc(C(F)(F)F)c2)CC1,1,train
O=C(C1C[C@H]1c1ccc(C(F)(F)F)cc1)N1CCN(S(=O)(=O)c2cc(-c3cc[nH]n3)cc(C(F)(F)F)c2)CC1,1,train
O=C(C1C[C@H]1c1ccc(C(F)(F)F)cc1)N1CCN(S(=O)(=O)c2cc(-c3ncon3)cc(C(F)(F)F)c2)CC1,1,train
O=C(C1C[C@H]1c1ccc(C(F)(F)F)cc1)N1CCN(S(=O)(=O)c2cc(C(O)C(F)(F)F)cc(C(F)(F)F)c2)CC1,1,train
O=C(C1C[C@H]1c1ccc(C(F)(F)F)cc1)N1CCN(S(=O)(=O)c2cc(C(F)(F)F)cc(C(F)(F)CO)c2)CC1,1,train
CC(C)(O)c1cc(C(F)(F)F)cc(S(=O)(=O)N2CCN(C(=O)C3C[C@H]3c3ccc(C(F)(F)F)cc3)CC2)c1,1,train
O=C(C1C[C@H]1c1ccc(C(F)(F)F)cc1)N1CCN(S(=O)(=O)c2cc(CCO)cc(C(F)(F)F)c2)CC1,1,train
Cc1[nH]ncc1-c1cc(C(F)(F)F)cc(S(=O)(=O)N2CCN(C(=O)C3C[C@H]3c3ccc(C(F)(F)F)cc3)CC2)c1,1,train
O=C(C1C[C@H]1c1ccc(C(F)(F)F)cc1)N1CCN(S(=O)(=O)c2cc(-c3nc[nH]n3)cc(C(F)(F)F)c2)CC1,1,train
Cc1nn(-c2c(Cl)cccc2NS(C)(=O)=O)cc1CN1CCC2(CC1)OCc1ccccc12,0,train
Cc1cccnc1-n1cc(CN2CCC3(CC2)OCc2ccccc23)c(C)n1,0,train
Cc1nn(-c2ncccc2Cl)cc1CN1CCC2(CC1)OCc1ccccc12,1,train
Cc1nn(-c2ccccc2)cc1CN1CCC2(CC1)OCc1ccccc12,1,train
O=C1NCCc2nc(-c3ccc(CN4CCC(c5n[nH]c(-c6ccccn6)n5)CC4)cc3)c(-c3ccccc3)cc21,1,train
CN1CCN(c2ccc3nc(-c4ccc(CN5CCC(c6n[nH]c(-c7ccccn7)n6)CC5)cc4)c(-c4ccccc4)nc3n2)CC1,1,train
CN1CCN(c2ccc3nc(-c4ccccc4)c(-c4ccc(CN5CCC(c6n[nH]c(-c7ccc(N)nc7)n6)CC5)cc4)nc3n2)CC1,1,train
CN1CCN(c2ccc3nc(-c4ccccc4)c(-c4ccc(CN5CCC(c6n[nH]c(-c7ncccn7)n6)CC5)cc4)nc3n2)CC1,1,train
CN(C)CCN1CCN(c2ccc3nc(-c4ccccc4)c(-c4ccc(CN5CCC(c6n[nH]c(-c7ccccn7)n6)CC5)cc4)nc3n2)CC1,1,train
CN1CCN(c2ccc3nc(-c4ccccc4)c(-c4ccc(CN5CCC(c6n[nH]c(-c7ccccn7)n6)CC5)cc4)nc3n2)CC1,1,train
CN(C)CCN1CCN(c2ncc3cc(-c4ccccc4)c(-c4ccc(CN5CCC(c6n[nH]c(-c7cc[n+]([O-])cc7)n6)CC5)cc4)nc3n2)CC1,1,train
CN1CCN(c2ncc3cc(-c4ccccc4)c(-c4ccc(CN5CCC(c6n[nH]c(-c7cc[n+]([O-])cc7)n6)CC5)cc4)nc3n2)CC1,1,train
CN(C)CCN1CCN(c2ncc3cc(-c4ccccc4)c(-c4ccc(CN5CCC(c6n[nH]c(-c7ccc(=O)[nH]c7)n6)CC5)cc4)nc3n2)CC1,1,train
O=c1ccc(-c2n[nH]c(C3CCN(Cc4ccc(-c5nc6nc(N7CCN(CCO)CC7)ncc6cc5-c5ccccc5)cc4)CC3)n2)c[nH]1,1,val
CN(C)CCN1CCN(c2ncc3cc(-c4ccccc4)c(-c4ccc(CN5CCC(c6n[nH]c(-c7ccc(N)nc7)n6)CC5)cc4)nc3n2)CC1,1,train
Nc1ccc(-c2n[nH]c(C3CCN(Cc4ccc(-c5nc6nc(N7CCN(CCO)CC7)ncc6cc5-c5ccccc5)cc4)CC3)n2)cn1,1,val
CN1CCN(c2ncc3cc(-c4ccccc4)c(-c4ccc(CN5CCC(c6n[nH]c(-c7ccc(N)nc7)n6)CC5)cc4)nc3n2)CC1,1,train
CN(C)CCN1CCN(c2ncc3cc(-c4ccccc4)c(-c4ccc(CN5CCC(c6n[nH]c(-c7ncccn7)n6)CC5)cc4)nc3n2)CC1,1,train
COc1ccc(-c2n[nH]c(C3CCN(Cc4ccc(-c5nc6cc[nH]c(=O)c6cc5-c5ccccc5)cc4)CC3)n2)cn1,1,train
O=c1[nH]ccc2nc(-c3ccc(CN4CCC(c5n[nH]c(-c6cnccn6)n5)CC4)cc3)c(-c3ccccc3)cc12,1,train
Nc1ccc(-c2n[nH]c(C3CCN(Cc4ccc(-c5nc6cc[nH]c(=O)c6cc5-c5ccccc5)cc4)CC3)n2)cn1,1,train
CN(C)CCN1CCN(c2ncc3cc(-c4ccccc4)c(-c4ccc(CN5CCC(c6n[nH]c(-c7ccccn7)n6)CC5)cc4)nc3n2)CC1,1,train
O=C(Nc1ccc(S(=O)(=O)Nc2ccccc2C(=O)c2ccccc2)cc1)OCC1CCCO1,1,test
O=C(NCCCN1CCCCC1)Nc1ccc(S(=O)(=O)Nc2ccccc2C(=O)c2ccccc2)cc1,1,test
CN(C(=O)N1CC(c2cc(F)ccc2F)=C[C@@]1(CO)c1ccccc1)C1CCNCC1,0,train
CN1CC[C@H](N(C)C(=O)N2CC(c3cc(F)ccc3F)=C[C@@]2(CO)c2ccccc2)[C@@H](F)C1,0,train
CN1CC[C@H](N(C)C(=O)N2CC(c3cc(F)ccc3F)=C[C@@]2(CO)c2ccccc2)[C@H](F)C1,0,train
CN(C(=O)N1CC(c2cc(F)ccc2F)=C[C@@]1(CO)c1ccccc1)C1CCN(C2CC2)CC1,0,train
CN(C(=O)N1CC(c2cc(F)ccc2F)=C[C@@]1(CO)c1ccccc1)C1CCN(CCF)CC1,0,train
CN1CCC(N(C)C(=O)N2CC(c3cc(F)ccc3F)=C[C@@]2(CO)c2ccccc2)CC1,0,train
CN1CCC(N(C)C(=O)N2CC(c3cc(F)ccc3F)=C[C@H]2c2ccccc2)CC1,1,train
CN(C)C(=O)N1CC(c2cc(F)ccc2F)=C[C@@]1(CC[C@@H](N)C(F)F)c1ccccc1,0,test
Cc1ccccc1C1CCN(C[C@H]2CCc3cccnc3[C@@H](O)C2)CC1,1,train
Cc1ccccc1C1CCN(C[C@@H]2CCc3cccnc3[C@@H](O)C2)CC1,1,train
Cc1ccccc1C1CCN(C[C@@H]2CCc3c(C)cccc3[C@@H](O)C2)CC1,1,train
O[C@H]1C[C@H](CN2CC[C@H](c3ccc(F)cc3Cl)[C@@H](O)C2)CCc2cccnc21,0,train
Cc1cc(F)ccc1[C@@H]1CCN(C[C@@H]2CCc3cccnc3[C@@H](O)C2)C[C@H]1O,0,train
Cc1ccccc1[C@@H]1CCN(C[C@@H]2CCc3cccnc3[C@@H](O)C2)C[C@H]1O,0,train
Cc1ccccc1[C@@H]1CCN(C[C@@H]2CCc3cccnc3[C@@H](O)C2)C[C@H]1CO,0,train
Cc1ccccc1[C@@H]1CCN(C[C@@H]2CCc3cccnc3[C@@H](O)C2)C[C@H]1C,1,train
CC1(c2ccccc2)CCN(C[C@@H]2CCc3cccnc3[C@@H](O)C2)CC1,0,train
O[C@H]1C[C@H](CN2CCC(c3ccccc3)CC2)CCc2cccnc21,0,train
Cc1ccccc1N1CCN(C[C@@H]2CCc3cccnc3[C@@H](O)C2)CC1,1,train
O[C@H]1C[C@H](CN2CCC(c3ccccc3Cl)CC2)CCc2cccnc21,1,train
O[C@H]1C[C@H](CN2CCC(c3c(Cl)cccc3Cl)CC2)CCc2cccnc21,1,train
Cc1noc(/C(=C/c2cccc(-c3cc(C(C)(C)S(C)(=O)=O)cc4cccnc34)c2)c2ccc(S(C)(=O)=O)cc2)n1,0,test
O=C(Nc1c(Cl)cncc1Cl)c1cn(-c2ccc(Cl)cc2)c2ncccc2c1=O,1,test
Cc1noc(/C(=C/c2cccc(-n3cc(C(=O)Nc4c(Cl)cncc4Cl)c(=O)c4cccnc43)c2)c2ccc(S(C)(=O)=O)cc2)n1,1,test
CC(C)NC(=O)c1cn(-c2ccccc2)c2ncccc2c1=O,0,train
CC(C)NC(=O)c1cn(-c2cccc(Br)c2)c2ncccc2c1=O,0,train
CC(C)CNC(=O)c1cn(-c2cccc(Br)c2)c2ncccc2c1=O,0,test
CC(=O)c1cccc(-c2cccc(-n3cc(C(=O)NC(C)C)c(=O)c4cccnc43)c2)c1,1,train
CC(=O)c1cccc(-c2cccc(-n3cc(C(=O)Nc4nccc(Cl)c4Cl)c(=O)c4cccnc43)c2)c1,1,test
CCOc1cccc(-c2cccc(-n3cc(C(=O)NC(C)C)c(=O)c4cccnc43)c2)c1,1,train
CSc1ccc(-c2cccc(-n3cc(C(=O)NC(C)C)c(=O)c4cccnc43)c2)cc1,1,train
CC(=O)c1ccc(-c2cccc(-n3cc(C(=O)NC(C)C)c(=O)c4cccnc43)c2)cc1,1,train
CC(C)NC(=O)c1cn(-c2cccc(-c3ccc(S(C)(=O)=O)cc3)c2)c2ncccc2c1=O,0,train
O=C(NC1CC1)c1cn(-c2cccc(-c3ccncc3)c2)c2ncccc2c1=O,0,train
CS(=O)(=O)c1ccc(-c2cccc(-n3cc(C(=O)NC4CC4)c(=O)c4cccnc43)c2)cn1,0,train
CC(C)(O)c1ccc(-c2cccc(-n3cc(C(=O)NC4CC4)c(=O)c4cccnc43)c2)cn1,0,train
CC(C)(O)c1ccc(-c2cccc(-n3cc(C(=O)NC4CC4)c(=O)c4cccnc43)c2)c[n+]1[O-],0,train
O=C(NC1CC1)c1cn(-c2cccc(C#Cc3cccnc3)c2)c2ncccc2c1=O,0,train
O=C(NC1CC1)c1cn(-c2cccc(C#Cc3ccc[n+]([O-])c3)c2)c2ncccc2c1=O,0,train
CC(C)(O)c1ccc(C#Cc2cccc(-n3cc(C(=O)NC4CC4)c(=O)c4cccnc43)c2)c[n+]1[O-],0,val
O=C(NC1CC1)c1cn(-c2cccc(-c3cccnc3)c2)c2ncccc2c1=O,0,train
Cc1nc2ccccc2c(=O)n1-c1ccc(OC2CCCN(C3CCC3)CC2)cc1,1,train
Cc1nc2ccccc2c(=O)n1-c1ccc(OC2CCCN(C3CCCC3)CC2)cc1,1,train
Cc1nc2ccccc2c(=O)n1-c1ccc(OC2CCC(N3CCCC3)C2)cc1,1,test
Cc1nc2ccccc2c(=O)n1-c1ccc(O[C@H]2CC[C@@H](N3CCCC3)CC2)cc1,1,train
Cc1nc2ccc(Cl)cc2c(=O)n1-c1ccc(OC2CCN(C3CCC3)CC2)cc1,1,train
Cc1nc2cc(Cl)ccc2c(=O)n1-c1ccc(OC2CCN(C3CCC3)CC2)cc1,1,train
Cc1nc2c(Cl)cccc2c(=O)n1-c1ccc(OC2CCN(C3CCC3)CC2)cc1,1,train
CNC(=O)c1c(NCCC2CCCC2)nc(C#N)nc1OCC1CCN(C)CC1,1,train
CNC(=O)c1c(NCC2CCC3(CCC3)CC2)nc(C#N)nc1OCC1CCN(C(C)C)CC1,1,train
CNC(=O)c1c(NCC2CCC3(CCC3)CC2)nc(C#N)nc1OCC1CCN(CCO)CC1,1,train
CNC(=O)c1c(NCC2CCC3(CCCC3)CC2)nc(C#N)nc1OCC1CCN(C)CC1,1,train
CNC(=O)c1c(NCC2CCC3(CC2)OCCO3)nc(C#N)nc1OCC1CCN(C)CC1,1,train
CNC(=O)c1c(NCC2CCC3(CCC3)CC2)nc(C#N)nc1OCCC1CCN(C)CC1,1,train
CNC(=O)c1c(NCC2CCC3(CCC3)CC2)nc(C#N)nc1OCC1CCN(C)CC1,1,train
CNC(=O)c1c(NCC2CCC3(CCC3)CC2)nc(C#N)nc1OC1CC(C)(C)NC(C)(C)C1,1,train
CNC(=O)c1c(NCC2CCC3(CCC3)CC2)nc(C#N)nc1OCC1CCNCC1,1,train
Cc1cc(C(=O)N2CCN(C(=O)C3CCCO3)CC2)ccc1OCc1cccc(Cl)c1,1,test
CN1CCN(C(=O)c2ccc(OCc3cccc(Cl)c3)c(Cl)c2)CC1=O,1,val
ClCc1nnc2c3cc(-c4ccccc4)c(-c4ccc(CN5CCC(c6n[nH]c(-c7ccccn7)n6)CC5)cc4)nc3ccn12,1,train
Cc1nnc2c3cc(-c4ccccc4)c(-c4ccc(CN5CCC(c6n[nH]c(-c7ccccn7)n6)CC5)cc4)nc3ccn12,1,train
O=c1[nH]nc2c3cc(-c4ccccc4)c(-c4ccc(CN5CCC(c6n[nH]c(-c7ccccn7)n6)CC5)cc4)nc3ccn12,1,train
Nc1nnc2c3cc(-c4ccccc4)c(-c4ccc(CN5CCC(c6n[nH]c(-c7ccccn7)n6)CC5)cc4)nc3ccn12,1,train
N#Cc1ccnc(C2=NC(c3ccc(F)cc3)(c3ccc(F)cc3)CN2)c1,1,test
Fc1ccc(C2(c3ccc(F)cc3)CN=C(c3cnccn3)N2)cc1,1,test
C[C@@H]1N=C(c2cc(C#N)ccn2)NC1(c1ccc(F)cc1)c1ccc(F)cc1,1,train
CC[C@@H]1N=C(c2cc(C#N)ccn2)NC1(c1ccc(F)cc1)c1ccc(F)cc1,1,train
CCC[C@@H]1N=C(c2cc(C#N)ccn2)NC1(c1ccc(F)cc1)c1ccc(F)cc1,1,train
N#Cc1ccnc(C2=NC(c3ccc(F)cc3)(c3ccc(F)cc3)[C@H](CO)N2)c1,1,val
COc1ccc([C@]2(c3ccc(F)cc3)N=C(c3cc(C#N)ccn3)N[C@H]2C)cn1,1,test
C[C@@H]1N=C(c2cccc(C#N)c2)N[C@@]1(c1ccc(F)cc1)c1ccc(F)nc1,1,train
C[C@@H]1N=C(c2cccc(C#N)n2)N[C@@]1(c1ccc(F)cc1)c1ccc(F)nc1,1,val
COc1ccnc(C2=N[C@@H](C)[C@](c3ccc(F)cc3)(c3ccc(F)nc3)N2)c1,1,test
C[C@@H]1N=C(c2cc(Cl)ccn2)N[C@@]1(c1ccc(F)cc1)c1ccc(F)nc1,1,train
CC(C)CNc1nc(C#N)nc(N2CCNCC2)c1N,0,test
CC(C)(C)CNc1nc(C#N)nc(N2CCOCC2)c1N,0,test
O=C(C1C[C@H](N2CCN(c3ncccn3)CC2)CN1)N1C[C@@H](F)[C@@H](F)C1,0,test
COc1ccc(NC(=O)c2ccc(C(=N)N(C)C)cc2)c(C(=O)Nc2ccc(Cl)cn2)c1,1,train
CN(C)C(=N)c1ccc(C(=O)Nc2ccc(Cl)cc2C(=O)Nc2ccc(Cl)cn2)c(F)c1,1,train
COc1ccc(NC(=O)c2ccc(C(=N)N(C)C)cc2F)c(C(=O)Nc2ccc(Cl)cn2)c1,1,train
CN1CCC(Nc2nccc(-c3c[nH]nc3-c3ccc(Cl)cc3)n2)CC1,1,test
Cc1nc2ccccc2c(=O)n1-c1ccc(OCCCN2CCCCC2)cc1,1,train
Cc1nc2ccccc2c(=O)n1-c1ccc(OCCCN2CCC[C@H](C)C2)cc1,1,train
Cc1nc2ccccc2c(=O)n1-c1ccc(OCCCN2CCC(C)C2)cc1,1,train
Cc1nc2ccccc2c(=O)n1-c1ccc(OCCCN2CCC[C@@H]2C)cc1,1,train
Cc1nc2ccccc2c(=O)n1-c1ccc(OCCCN2CCCCCC2)cc1,1,train
O=c1c2ccccc2ncn1-c1ccc(OCCCN2CCCC2)cc1,1,train
Cc1nc2c(C(F)(F)F)cccc2c(=O)n1-c1ccc(OCCCN2CCCC2)cc1,1,train
Cc1nc2cc(C(F)(F)F)ccc2c(=O)n1-c1ccc(OCCCN2CCCC2)cc1,1,train
Cc1nc2cccc(Cl)c2c(=O)n1-c1ccc(OCCCN2CCCC2)cc1,1,train
Cc1nc2cc(F)ccc2c(=O)n1-c1ccc(OCCCN2CCCC2)cc1,1,train
Cc1nc2ccc(F)cc2c(=O)n1-c1ccc(OCCCN2CCCC2)cc1,1,train
Cc1cccc2c(=O)n(-c3ccc(OCCCN4CCCC4)cc3)c(C)nc12,1,train
Cc1ccc2c(=O)n(-c3ccc(OCCCN4CCCC4)cc3)c(C)nc2c1,1,train
Cc1cccc2nc(C)n(-c3ccc(OCCCN4CCCC4)cc3)c(=O)c12,1,train
O=c1c2ccccc2nc(-c2ccccc2)n1-c1ccc(OCCCN2CCCC2)cc1,1,train
CC(C)c1nc2ccccc2c(=O)n1-c1ccc(OCCCN2CCCC2)cc1,1,train
CCCc1nc2ccccc2c(=O)n1-c1ccc(OCCCN2CCCC2)cc1,1,train
CCc1nc2ccccc2c(=O)n1-c1ccc(OCCCN2CCCC2)cc1,1,train
Cc1ncc(-c2ccnc(Nc3ccc(N4CCN(S(C)(=O)=O)CC4)cc3)n2)n1C(C)C,1,train
Cc1ncc(-c2nc(Nc3ccc(N4CCOCC4)cc3)ncc2F)n1C(C)C,0,train
Cc1ncc(-c2nc(Nc3ccc(N4CCN(C(=O)CO)CC4)cc3)ncc2F)n1C(C)C,0,train
COCCS(=O)(=O)N1CCN(c2ccc(Nc3nccc(-c4cnc(C)n4C(C)C)n3)cc2)CC1,1,val
Cc1ncc(-c2ccnc(Nc3ccc(N4CCN(S(=O)(=O)CCN(C)C)CC4)cc3)n2)n1C(C)C,0,val
CC(C)C(=O)N(Cc1ccccc1-c1ccccc1)[C@H]1CCNC1,1,val
CCOC(=O)N(Cc1ccccc1-c1ccccc1)[C@H]1CCNC1,1,val
COC(=O)C(CCCN(C)CCCc1nc2ccccc2[nH]1)(c1ccc(Br)cc1)C(C)C,1,train
CC(C)C(=O)N(Cc1cccc(Cl)c1Cl)[C@H]1CCNC1,0,train
CC(C)C(=O)N(Cc1ccc(Cl)cc1Cl)[C@H]1CCNC1,0,test
Fc1ccc(-c2noc(C3CCN(c4cnc5ccc(Cl)cc5c4)CC3)n2)c(Cl)c1,1,test
c1ccc2sc(Oc3ccc(CCN4CCCCC4)cc3)nc2c1,1,train
CC(=O)OCC(=O)NC1CCN(Cc2ccc(Oc3nc4ccccc4s3)cc2)CC1,0,train
CC(=O)NC1CCN(Cc2ccc(Oc3nc4ccccc4s3)cc2)CC1,0,train
O=C1OCCN1C1CCN(Cc2ccc(Oc3nc4ccccc4s3)cc2)CC1,0,train
O=C1CCCN1C1CCN(Cc2ccc(Oc3nc4ccccc4s3)cc2)CC1,0,train
CC(=O)OCC(=O)NC1CCN(CCc2ccc(Oc3nc4ccccc4s3)cc2)CC1,1,test
CC(=O)NC1CCN(CCc2ccc(Oc3nc4ccccc4s3)cc2)CC1,1,train
O=C1OCCN1C1CCN(CCc2ccc(Oc3nc4ccccc4s3)cc2)CC1,1,train
O=C1CCCN1C1CCN(CCc2ccc(Oc3nc4ccccc4s3)cc2)CC1,1,train
OC1CCN(CCc2ccc(Oc3nc4ccccc4s3)cc2)CC1,1,train
c1ccc2oc(Oc3ccc(OCCN4CCCCC4)cc3)nc2c1,1,test
O=C1CCCCN1C1CCN(CCOc2ccc(Oc3nc4ccccc4s3)cc2)CC1,1,train
O=C1OCCN1C1CCN(CCOc2ccc(Oc3nc4ccccc4s3)cc2)CC1,1,test
C1=C(CSC(=NC2CCCCC2)NC2CCCCC2)N2CCN=C2S1,1,train
CC1(C)CN2C(CSC(=NC3CCCCC3)NC3CCCCC3)=CSC2=N1,0,train
Cc1ncc(-c2ccnc(Nc3ccc(S(C)(=O)=O)cc3)n2)n1C(C)C,1,train
Cc1ncc(-c2ccnc(Nc3ccc(C(N)=O)cc3)n2)n1C(C)C,0,train
Cc1ncc(-c2ccnc(Nc3ccc(C(=O)N(C)C)cc3)n2)n1C(C)C,0,train
Cc1ncc(-c2ccnc(Nc3ccc(C(=O)NC4CC4)cc3)n2)n1C(C)C,1,train
Cc1ncc(-c2nc(Nc3ccc(C(N)=O)cc3)ncc2F)n1C(C)C,0,train
CNC(=O)c1ccc(Nc2ncc(F)c(-c3cnc(C)n3C(C)C)n2)cc1,0,train
Cc1ncc(-c2nc(Nc3ccc(C(=O)N(C)C)cc3)ncc2F)n1C(C)C,0,train
Cc1ncc(-c2ccnc(Nc3ccc(C(N)=O)c(F)c3)n2)n1C(C)C,1,train
CNC(=O)c1ccc(Nc2nccc(-c3cnc(C)n3C(C)C)n2)cc1F,0,train
Cc1ncc(-c2ccnc(Nc3ccc(C(=O)N(C)C)c(F)c3)n2)n1C(C)C,1,train
Cc1ncc(-c2nc(Nc3ccc(C(N)=O)c(F)c3)ncc2F)n1C(C)C,0,train
CNC(=O)c1ccc(Nc2ncc(F)c(-c3cnc(C)n3C(C)C)n2)cc1F,0,train
Cc1ncc(-c2nc(Nc3ccc(C(=O)N(C)C)c(F)c3)ncc2F)n1C(C)C,1,train
CN(C)Cc1ccccc1Oc1ccc(Cl)c(Cl)c1,1,train
CNCc1cc(F)ccc1Oc1ccc(Cl)c(Cl)c1,1,train
CNCc1ccccc1Oc1ccc(Cl)c(Cl)c1,1,train
CSc1ccc(Oc2ccccc2CN(C)C)cc1,1,test
CC(c1ccccc1Oc1ccc(Cl)c(Cl)c1)N(C)C,1,train
CN(C)Cc1ccc(C(F)(F)F)cc1Oc1ccc(Cl)c(Cl)c1,1,val
CNCc1cc(F)ccc1Oc1ccc(C)c(C)c1,0,train
CNCc1ccc(C(F)(F)F)cc1Oc1ccc(Cl)c(Cl)c1,1,val
CNCc1ccc(Cl)cc1Oc1ccc(Cl)c(Cl)c1,1,train
CNC(C)c1cc(F)ccc1Oc1ccc(Cl)c(Cl)c1,1,train
CNCc1ccc(F)cc1Oc1ccc(Cl)c(Cl)c1,1,train
CNC(C)c1ccccc1Oc1ccc(Cl)c(Cl)c1,1,train
CNCc1cc(F)ccc1Oc1ccc(Cl)cc1,1,train
CNC(C)c1cc(F)ccc1Oc1ccc(Cl)cc1,1,test
Cc1ccc(Oc2ccc(Cl)c(Cl)c2)c(CN(C)C)c1,1,train
CNCc1ccc(Br)cc1Oc1ccc(Cl)c(Cl)c1,1,train
CNCc1cc(Br)ccc1Oc1ccc(Cl)c(Cl)c1,1,train
CNCc1cc(OC)c(OC)cc1Oc1ccc(Cl)c(Cl)c1,0,train
COc1ccc(CN(C)C)c(Oc2ccc(Cl)c(Cl)c2)c1,1,train
CNCc1cc(C#N)ccc1Oc1ccc(Cl)c(Cl)c1,1,train
CNCc1cc(S(=O)(=O)NC)ccc1Oc1ccc(Cl)c(Cl)c1,1,train
CNCc1cc(C)c(C)cc1Oc1ccc(Cl)c(Cl)c1,1,train
CNCc1ccc(C#N)cc1Oc1ccc(Cl)c(Cl)c1,1,train
CNCc1cc(C(N)=O)ccc1Oc1ccc(Cl)c(Cl)c1,1,train
CNCc1cc(C(F)(F)F)ccc1Oc1ccc(Cl)c(Cl)c1,1,train
CNCc1cc(F)c(Cl)cc1Oc1ccc(Cl)c(Cl)c1,1,train
CNCc1ccc(OC)cc1Oc1ccc(Cl)c(Cl)c1,1,train
CNCc1cc(F)ccc1Oc1ccc(Cl)c(F)c1,1,train
CNCc1cc(F)ccc1Oc1ccc(F)c(Cl)c1,1,train
CNC(C)c1cc(C(F)(F)F)ccc1Oc1ccc(Cl)c(Cl)c1,1,train
CNC(C)c1cc(C)ccc1Oc1ccc(Cl)c(Cl)c1,1,train
CNC(C)c1ccc(OC)cc1Oc1ccc(Cl)c(Cl)c1,1,train
CNCc1cc(F)c(OC)cc1Oc1ccc(Cl)c(Cl)c1,1,train
CNCc1ccc(C(F)(F)F)cc1Oc1ccc(Cl)cc1,1,train
CNCc1cc(C(F)(F)F)ccc1Oc1ccc(C)cc1,0,test
CNCc1ccc(Cl)cc1Oc1ccc(C)c(C)c1,1,train
CNCc1ccc(Cl)cc1Oc1ccc(C)cc1,1,train
CCc1cc(Oc2ccc(F)cc2CNC)ccc1Cl,1,train
CCc1cc(Oc2cc(Cl)ccc2CNC)ccc1Cl,1,train
CNCc1ccc(Cl)cc1Oc1ccc(Cl)cc1,1,train
CNC(C)c1ccc(Cl)cc1Oc1ccc(C)cc1,1,val
CNC(C)c1ccc(Cl)cc1Oc1ccc(C)c(C)c1,1,val
CNCc1cc(Cl)ccc1Oc1ccc(C)c(C)c1,1,train
CNCc1cc(Cl)ccc1Oc1ccc(Cl)c(Cl)c1,1,train
CNCc1cc(Cl)ccc1Oc1ccc(Cl)cc1,1,train
CNCc1ccc(Cl)cc1Oc1ccc(C)c(Cl)c1,1,train
CNCc1ccc(Cl)cc1Oc1ccc(Cl)c(C)c1,1,train
CNCc1ccc(Cl)cc1Oc1cccc(Cl)c1,1,train
CNCc1ccc(Cl)cc1Oc1ccc(F)c(C)c1,1,train
CNCc1ccc(Cl)cc1Oc1ccc(F)c(Cl)c1,1,train
CNCc1ccc(Cl)cc1Oc1ccc(F)c(C(F)(F)F)c1,1,train
CNCc1ccc(Cl)cc1Oc1ccc(Cl)c(F)c1,1,train
Cn1c(-c2ccc(OC3CCN(C4CCC4)CC3)cc2)nc2c(F)cccc2c1=O,1,train
Cn1c(-c2ccc(OC3CCN(C4CCC4)CC3)cc2)nc2c(C(F)(F)F)cccc2c1=O,1,train
Cn1c(-c2ccc(OC3CCN(C4CCC4)CC3)cc2)nc2c(Cl)cccc2c1=O,1,train
Cc1cccc2c(=O)n(C)c(-c3ccc(OC4CCN(C5CCC5)CC4)cc3)nc12,1,train
COc1ccc2c(=O)n(C)c(-c3ccc(OC4CCN(C5CCC5)CC4)cc3)nc2c1,1,train
COc1ccc2nc(-c3ccc(OC4CCN(C5CCC5)CC4)cc3)n(C)c(=O)c2c1,1,train
Cn1c(-c2ccc(OC3CCN(C4CCCC4)CC3)cc2)nc2ccccc2c1=O,1,train
Cn1c(-c2ccc(OC3CCN(C4CCC4)CC3)cc2)nc2ccccc2c1=O,1,train
Cn1c(-c2ccc(OCCCN3CCCC3)cc2)nc2ccccc2c1=O,1,train
O=c1c2ccccc2nc(-c2ccc(OCCCN3CCCCC3)cc2)n1-c1ccccc1,1,train
O=c1c2ccccc2nc(-c2ccc(OCCCN3CCCCC3)cc2)n1Cc1ccccc1,1,train
CC(C)n1c(-c2ccc(OCCCN3CCCCC3)cc2)nc2ccccc2c1=O,1,train
CCCn1c(-c2ccc(OCCCN3CCCCC3)cc2)nc2ccccc2c1=O,1,train
CCn1c(-c2ccc(OCCCN3CCCCC3)cc2)nc2ccccc2c1=O,1,train
Cn1c(-c2ccc(OCCCN3CCCCC3)cc2)nc2ccccc2c1=O,1,train
CN1CC(C)(NC(=O)Nc2cccc(-c3nnnn3C)c2)C(CN2CCC[C@@H](Cc3ccc(F)cc3)C2)OC1=O,0,test
Nc1ccc(-c2cccs2)cc1N,1,val
Nc1ccc(-c2ccsc2)cc1N,1,val
Nc1ccc(-c2cccs2)cc1NC(=O)c1ccc(CN2CCC3(CCCN3)CC2)cc1,1,train
Nc1ccc(-c2ccsc2)cc1NC(=O)c1ccc(CN2CCC3(CCCN3)CC2)cc1,1,train
Nc1ccc(-c2ccccc2F)cc1NC(=O)c1ccc(CN2CCC3(CCCN3)CC2)cc1,1,train
Nc1ccc(-c2cccc(F)c2)cc1NC(=O)c1ccc(CN2CCC3(CCCN3)CC2)cc1,1,train
Nc1ccc(-c2ccc(F)cc2)cc1NC(=O)c1ccc(CN2CCC3(CCNC3)CC2)cc1,1,train
Nc1ccc(-c2cccs2)cc1NC(=O)c1ccc(C(=O)N2CCC3(CCCN3)CC2)cc1,0,val
Nc1ccc(-c2ccccc2)cc1NC(=O)c1ccc(C(=O)N2CCC3(CCCN3)CC2)cc1,0,train
Cc1cccc(C)c1C(=O)N1CCC(N2CC[C@@H](N(Cc3ccccc3)C(=O)C3CC3)C2)CC1,1,val
Cc1cccc(C)c1C(=O)N1CCC(N2CCC(N(Cc3ccccc3)C(=O)C3CCC3)CC2)CC1,1,val
CN(C)C(=O)C(c1ccc(C2=CN3N=CNC3C=C2)cc1)C(N)C(=O)N1CC[C@H](F)C1,0,train
CC(C)C(Oc1ccc(CNC(=O)C2CCCN2C(=O)C[C@H](N)Cc2cc(F)ccc2F)cc1)C(=O)O,0,train
CCOc1cc(N)c(Cl)cc1C(=O)NCC1CN(Cc2ccc(F)cc2)CCO1,1,val
CC(C[C@H](NC(=O)C1CCC1)c1ccccc1)N1CCC(n2cc(-c3ccccc3)[nH]c2=O)CC1,1,train
CC(C[C@H](NC(=O)C1CCC1)c1ccccc1)N1CCC(c2[nH]ncc2-c2ccncc2)CC1,1,val
CCN(C(=O)Cc1ccc(OC)cc1)[C@H]1C[C@H]2CC[C@@H](C1)N2CC[C@H](NC(=O)C1CCC1)c1ccccc1,1,test
Cc1nnc(C)n1C1CCN(C(C)C[C@H](NC(=O)C2CCC2)c2ccccc2)CC1,1,train
CC(C)c1noc(C2CCN(C(C)C[C@H](NC(=O)C3CCC3)c3ccccc3)CC2)n1,1,train
CC(C[C@H](NC(=O)C1CCC1)c1ccccc1)N1CCC(c2nnc(CN(C)C)o2)CC1,1,train
Cc1nnc(C(C)C)n1C1CCN(C(C)C[C@H](NC(=O)C2CCC2)c2ccccc2)CC1,1,train
CS(=O)(=O)Nc1ccc2c(c1)[C@H](O)CC1(CCN([C@@H]3CCc4cc(C#N)ccc4C3)CC1)O2,1,train
Cc1cccc(C)c1NC(=O)CC12CCCN1CCC2,0,val
CN1CCN(C2=Nc3ccccc3Nc3sc(CO)cc32)CC1,0,val
Cc1c(CNC(C)C)nn(-c2ccc(Cl)cc2Cl)c1-c1ccc(Cl)cc1,1,test
Cc1c(CNC2CCCC2)nn(-c2ccc(Cl)cc2Cl)c1-c1ccc(Cl)cc1,1,val
Cc1c(CNC2CCCC2)nn(-c2ccc(Cl)cc2Cl)c1-c1cccnc1,1,val
Cc1c(CNC2CCCC2)nn(-c2ncccc2Cl)c1-c1cccnc1,0,train
Cc1c(CNC2CCCC2)nn(-c2ncccc2Cl)c1-c1ccc(Cl)nc1,1,train
Cc1ccc(-c2c(C)c(CNC3CCCC3)nn2-c2ncccc2Cl)cn1,0,train
Cc1cncc(-c2c(C)c(CNC3CCCC3)nn2-c2ncccc2Cl)c1,1,train
Cc1ccc(-c2c(C)c(CNC3CCCC3)nn2-c2ncc(Cl)cc2Cl)cn1,1,train
Cc1ccc(-c2c(C)c(CNC3CCCC3F)nn2-c2ncccc2Cl)cn1,0,train
Cc1ccc(-c2c(C)c(CN[C@H]3CC[C@@H](F)C3)nn2-c2ncccc2Cl)cn1,0,train
Cc1ccc(-c2c(C)c(CNC3CCC(F)(F)C3)nn2-c2ncccc2Cl)cn1,0,train
Cc1ncc(-c2c(C)c(CNC3CCCC3)nn2-c2ncccc2Cl)cc1F,0,train
Cc1ncc(-c2c(C)c(CN[C@H]3CC[C@@H](F)C3)nn2-c2ncccc2Cl)cc1F,0,train
COc1ccc(CC(C)(C)NCC(O)COc2ccccc2C#N)cc1,1,train
COc1ccc(CC(C)(C)NCC(O)COc2cccc(Cl)c2C#N)cc1,1,train
COc1ccc(CC(C)(C)NC[C@H](O)COc2cccc3[nH]c(=O)[nH]c23)cc1,1,train
CCN1CCN(c2cc3[nH]c(C(=O)[C@]4(C)CC[C@@H](NC(=O)OC)CC4)nc3cc2Cl)CC1,1,train
CCN1CCN(c2cc3[nH]c(C(=O)[C@]4(C)CC[C@@H](NC(=O)OC)CC4)nc3cc2C)CC1,1,train
CCN1CCN(c2cc3[nH]c(C(=O)C4(C)CCC(=O)CC4)nc3cc2Cl)CC1,1,train
CCN1CCN(c2cc3[nH]c(C(=O)[C@]4(C)CC[C@@](C)(O)CC4)nc3cc2Cl)CC1,0,train
CCN1CCN(c2cc3[nH]c(C(=O)[C@]4(C)CC[C@](C)(O)CC4)nc3cc2Cl)CC1,1,train
CCN1CCN(c2cc3[nH]c(C(=O)[C@]4(CC)CC[C@@](C)(O)CC4)nc3cc2Cl)CC1,0,train
C[C@@H]1CN(CCO)CCN1c1cc2[nH]c(SC(C)(C)C)nc2cc1Cl,1,val
CCN1CCN(c2cc3[nH]c(SC(C)(C)C)nc3cc2Cl)[C@H](C)C1,1,val
CCOC(=O)N1CCC(C)(Sc2nc3cc(Cl)c(N4CCN(CC)CC4)cc3[nH]2)CC1,1,train
CCN1CCN(c2cc3[nH]c(S[C@]4(C)CC[C@H](NC(=O)OC)CC4)nc3cc2Cl)CC1,1,train
CCN1CCN(c2cc3[nH]c(S[C@]4(C)CC[C@@H](NC(=O)OC)CC4)nc3cc2Cl)CC1,1,train
CCN1CCN(c2cc3[nH]c(SC4(C)CCC(NC(=O)OC)C4)nc3cc2Cl)CC1,1,train
CCN1CCN(c2cc3[nH]c(S[C@]4(C)CC[C@@H](c5nnn(C)n5)CC4)nc3cc2Cl)CC1,1,train
CCN1CCN(c2cc3[nH]c(S[C@]4(C)CC[C@@H](c5nnnn5C)CC4)nc3cc2Cl)CC1,1,train
CCN1CCN(c2cc3[nH]c(S[C@]4(C)CC[C@@H](c5nc(C)no5)CC4)nc3cc2Cl)CC1,1,train
CCN1CCN(c2cc3[nH]c(S[C@]4(C)CC[C@@H](c5nnco5)CC4)nc3cc2Cl)CC1,1,train
O=c1n(C[C@@H](O)CO)c2ccccc2n1C1CCN(C[C@H]2[C@H]3CC[C@H](C3)C23CC3)CC1,0,test
CCN1C[C@@H]2[C@H](C1)[C@H]2CN(Cc1cccc(OC(F)(F)F)c1)C(=O)c1cn(C)cn1,1,train
Cn1cnc(C(=O)N(Cc2cccc(OC(F)(F)F)c2)C[C@H]2[C@@H]3CN(CC4CC4)C[C@@H]32)c1,1,train
CN1C[C@@H]2[C@H](C1)[C@H]2CN(Cc1cccc(OC(F)(F)F)c1)C(=O)c1cn(C)cn1,1,train
Cn1cnc(C(=O)N(Cc2cccc(OC(F)(F)F)c2)C[C@H]2[C@@H]3CN(CC4CCCC4)C[C@@H]32)c1,1,train
CN1C[C@@H]2[C@H](C1)[C@H]2CN(Cc1ccc(F)c(Cl)c1)C(=O)c1cn(C)cn1,1,val
Cn1cnc(C(=O)N(Cc2ccc(F)c(Cl)c2)C[C@H]2[C@@H]3CNC[C@@H]32)c1,0,val
Cn1cnc(C(=O)N(Cc2cccc(Cl)c2)[C@H]2CC[C@@H](N)CC2)c1,1,test
CN1C[C@H]2CCN(c3ccc(-c4ccc(C#N)cc4)cc3)[C@H]2C1,1,test
Clc1cccc(OC(c2cccnc2)C2CCNCC2)c1Cl,1,train
Clc1cccc(OC(c2cccnc2)[C@@H]2CCCNC2)c1Cl,1,train
Clc1cccc(OC(c2ccccn2)[C@H]2CCNC2)c1Cl,1,test
Clc1cccc(OC(c2ccccc2)C2CCNCC2)c1Cl,1,train
O=C(NC1CC1c1ccccc1)N1CCC(c2nnco2)CC1,0,test
O=C(NC1CC1c1ccccc1)N1CCC(c2nc3ccccc3o2)CC1,1,train
O=C(NC1CC1c1ccccc1)N1CCC(c2nc(-c3ccccc3C(F)(F)F)no2)CC1,1,train
CS(=O)(=O)c1ccc(-c2noc(C3CCN(C(=O)NC4CC4c4ccccc4)CC3)n2)cc1,1,train
O=C(NC1CC1c1ccccc1)N1CCC(c2nc(-c3cccnc3)no2)CC1,1,train
O=C(NC1CC1c1ccccc1)N1CCC(c2nc(-c3ccncc3)no2)CC1,1,train
O=C(NC1CC1c1ccccc1)N1CCC(c2nc(-c3cnccn3)no2)CC1,0,train
O=C(NC1CC1c1ccccc1)N1CCC(c2nc(-c3nccc4ccccc34)no2)CC1,1,train
O=C(NC1CC1c1ccccc1)N1CCC(c2nc(-c3ccc4ccccc4n3)no2)CC1,1,train
O=C(Nc1ccc(C(F)(F)F)cc1)N1CCC(c2nc(-c3ccccn3)no2)CC1,1,train
O=C(NC1CCc2ccccc2CC1)N1CCC(c2nc(-c3ccccn3)no2)CC1,0,train
O=C(NC1CCc2ccccc2C1)N1CCC(c2nc(-c3ccccn3)no2)CC1,1,train
O=C(CN1CCN(Cc2ccn(-c3ccc(C(F)(F)F)cn3)c2)CC1)NC(c1ccc(F)cc1)c1ccc(F)cc1,1,test
O=C(CC1CCN(Cc2ccn(-c3ccc(C(F)(F)F)cn3)c2)CC1)NC(c1ccc(F)cc1)c1ccc(F)cc1,1,train
O=C(NCc1ccc(Cl)cc1Cl)C1CCN(Cc2ccn(-c3ccc(C(F)(F)F)cn3)c2)CC1,1,train
O=C(CC1CCN(Cc2ccn(-c3ccc(C(F)(F)F)cc3)c2)CC1)N(CCCO)Cc1ccc(F)cc1,1,val
COCC(O)CN(Cc1ccc(F)cc1)C(=O)CC1CCN(Cc2ccc(-c3ccc(Cl)cc3)o2)CC1,1,test
O=C(CC1CCN(Cc2ccc(-c3ccc(Cl)cc3)o2)CC1)NCC(O)C(F)(F)F,1,test
O=C(CC1CCN(Cc2ccc(-c3ccc(Cl)cc3)o2)CC1)N1CCCC(CO)C1,1,test
O=C(NCC1(O)CCCCC1)C1CCN(Cc2ccn(-c3ccc(C(F)(F)F)cc3)c2)CC1,0,train
O=C(NCc1ccc(O)cc1Cl)C1CCN(Cc2ccn(-c3ccc(C(F)(F)F)cc3)c2)CC1,1,train
O=C(NCc1ccc(Cl)cc1O)C1CCN(Cc2ccn(-c3ccc(C(F)(F)F)cc3)c2)CC1,1,train
O=C(NCc1c(O)cc(Cl)cc1Cl)C1CCN(Cc2ccn(-c3ccc(C(F)(F)F)cc3)c2)CC1,1,train
O=C(NCCc1ccccn1)C1CCN(Cc2ccn(-c3ccc(C(F)(F)F)cc3)c2)CC1,1,val
Cn1cccc1CNC(=O)CC1CCN(Cc2ccn(-c3ccc(C(F)(F)F)cc3)c2)CC1,1,val
CN(CCC(=O)N1CCCC1)C(=O)CC1CCN(Cc2ccn(-c3ccc(C(F)(F)F)cc3)c2)CC1,0,train
CCN(CC)C(=O)C1CCCN(C(=O)CC2CCN(Cc3ccn(-c4ccc(C(F)(F)F)cc4)c3)CC2)C1,0,train
O=C(CC1CCN(Cc2ccn(-c3ccc(C(F)(F)F)cc3)c2)CC1)N1CCCC(C(=O)N2CCCC2)C1,0,train
O=C(C1CCCCN1C(=O)CC1CCN(Cc2ccn(-c3ccc(C(F)(F)F)cc3)c2)CC1)N1CCCC1,1,train
O=C(CC1CCN(Cc2ccn(-c3ccc(C(F)(F)F)cc3)c2)CC1)N1CCN(C(=O)N2CCCC2)CC1,0,train
O=C(CC1CCN(Cc2ccn(-c3ccc(C(F)(F)F)cc3)c2)CC1)NC(c1ccccc1)c1c[nH]cn1,0,train
Cc1nccn1CC(NC(=O)CC1CCN(Cc2ccn(-c3ccc(C(F)(F)F)cc3)c2)CC1)c1ccccc1,0,val
O=C(CC1CCN(Cc2ccn(-c3ccc(C(F)(F)F)cc3)c2)CC1)NC(c1ccccc1)c1ccccn1,1,train
O=C(CC1CCN(Cc2ccn(-c3ccc(C(F)(F)F)cc3)c2)CC1)NC(c1ccncc1)c1ccc(Cl)cc1,1,train
O=C(CC1CCN(Cc2ccn(-c3ccc(C(F)(F)F)cc3)c2)CC1)NC(c1ccc(F)cc1)c1cccnc1,1,val
COc1ccc(C(NC(=O)CC2CCN(Cc3ccn(-c4ccc(C(F)(F)F)cc4)c3)CC2)c2ccc(F)cc2)cn1,1,train
CCCCC(NC(=O)CC1CCN(Cc2ccn(-c3ccc(C(F)(F)F)cc3)c2)CC1)c1ccc(OC)nc1,1,train
O=C(NC1CCN(Cc2ccn(-c3ccc(C(F)(F)F)cc3)c2)CC1)NC(c1ccccc1)c1ccccc1,1,train
O=C(NCc1ccc(Cl)cc1Cl)N1CCN(Cc2ccn(-c3ccc(C(F)(F)F)cc3)c2)CC1,1,train
C[C@@H]1Sc2ccccc2O[C@@H]1c1ccc(OCCCN2CCCC2)cc1,1,train
CC[C@@H]1Sc2ccccc2O[C@@H]1c1ccc(OCCCN2CCCC2)cc1,1,train
c1ccc([C@@H]2Sc3ccccc3O[C@@H]2c2ccc(OCCCN3CCCC3)cc2)cc1,1,train
C[C@H]1Sc2ccccc2O[C@@H]1c1ccc(OCCCN2CCCC2)cc1,1,train
CC1=C(c2ccc(OCCCN3CCCC3)cc2)Oc2ccccc2S1,1,val
C[C@H]1[C@@H](c2ccc(OCCCN3CCCC3)cc2)Oc2ccccc2S1(=O)=O,1,train
C[C@@H]1[C@@H](c2ccc(OCCCN3CCCC3)cc2)Oc2ccccc2S1(=O)=O,1,train
CC1=C(c2ccc(OCCCN3CCCC3)cc2)Oc2ccccc2S1(=O)=O,1,val
COc1cccc2c1S(=O)(=O)C(C)C(c1ccc(OCCCN3CCCC3)cc1)O2,1,train
COc1ccc2c(c1)S(=O)(=O)C(C)C(c1ccc(OCCCN3CCCC3)cc1)O2,1,train
COc1ccc2c(c1)OC(c1ccc(OCCCN3CCCC3)cc1)C(C)S2(=O)=O,1,train
COc1cccc2c1OC(c1ccc(OCCCN3CCCC3)cc1)C(C)S2(=O)=O,1,train
COc1cccc2c1OC(c1ccc(OCCCN3CCCCC3)cc1)C(C)S2(=O)=O,1,train
COc1cccc2c1OC(c1ccc(OCCCN3CCC[C@H]3C)cc1)C(C)S2(=O)=O,1,val
COc1cccc2c1OC(c1ccc(OCCCN3CCC[C@@H]3C)cc1)C(C)S2(=O)=O,1,val
COc1cccc2c1OC(c1ccc(OCCCN3CCC[C@H](C)C3)cc1)C(C)S2(=O)=O,1,train
COc1cccc2c1OC(c1ccc(OC3CCN(C4CCC4)CC3)cc1)C(C)S2(=O)=O,0,val
COc1cccc2c1O[C@@H](c1ccc(OCCCN3CCCC3)cc1)[C@H](C)S2(=O)=O,1,train
COc1cccc2c1O[C@H](c1ccc(OCCCN3CCCC3)cc1)[C@@H](C)S2(=O)=O,1,train
CC1C(c2ccc(OCCCN3CCCC3)cc2)Oc2ccccc2S1(=O)=O,1,train
O=C1N(CCN2Cc3ccccc3C2)CCN1c1cccc(Cl)c1,1,train
O=C1N(CCN2Cc3ccccc3C2)CCN1c1cccc(C(F)(F)F)c1,1,train
CC(C)c1cccc(N2CCN(CCN3Cc4ccccc4C3)C2=O)c1,1,train
O=C1N(CCN2Cc3ccccc3C2)CCN1c1cc(Cl)cc(Cl)c1,1,train
N#Cc1cc(N2CCN(CCN3Cc4ccccc4C3)C2=O)ccc1F,1,train
O=C1N(CCN2Cc3ccccc3C2)CCN1c1ccc(Cl)c(Cl)c1,1,train
O=C1N(CCN2Cc3ccccc3C2)CCN1c1cccc(OC(F)(F)F)c1,1,train
O=C1N(CCN2Cc3ccccc3C2)CCN1c1ccc(F)c(Cl)c1,1,train
CC(C)Oc1cccc(N2CCN(CCN3Cc4ccccc4C3)C2=O)c1,1,train
N#Cc1cccc(N2CCN(CCN3Cc4ccccc4C3)C2=O)c1,1,train
O=C1N(CCN2Cc3ccccc3C2)CCN1c1cc(F)cc(Cl)c1,1,train
O=C1N(CCN2Cc3ccccc3C2)CCN1c1cc(Cl)ccc1F,0,train
CC(C)(C)c1ccc(N2CCN(CCN3Cc4ccccc4C3)C2=O)cc1,1,train
O=C1N(CCN2Cc3ccccc3C2)CCN1c1ccc2sccc2c1,1,train
Cc1nc2cc(N3CCN(CCN4Cc5ccccc5C4)C3=O)ccc2s1,1,test
Cc1ccc(N2CCN(CCN3Cc4ccccc4C3)C2=O)s1,0,val
O=C1N(CCN2Cc3ccccc3C2)CCN1c1csc2ccccc12,1,test
O=C1N(CCN2Cc3ccccc3C2)CCN1c1ccc2occc2c1,1,train
CC(=O)n1ccc2cc(N3CCN(CCN4Cc5ccccc5C4)C3=O)ccc21,1,val
Cc1ccc(N2CCN(CCN3Cc4ccccc4C3)C2=O)cn1,0,test
O=C1N(CCN2Cc3ccccc3C2)CCN1Cc1ccccc1,0,train
O=C1N(CCN2Cc3ccccc3C2)CCN1Cc1cccc(Cl)c1,1,train
O=C1N(CCN2Cc3ccccc3C2)CCN1Cc1cccc(C(F)(F)F)c1,1,train
O=C1N(CCN2Cc3ccccc3C2)CCN1Cc1ccc(Cl)c(Cl)c1,1,train
O=C1N(CCN2Cc3ccccc3C2)CCN1Cc1cc(Cl)ccc1Cl,1,train
O=C1N(CCN2Cc3ccccc3C2)CCN1Cc1ccc(Cl)cc1,1,train
O=C1N(CCN2Cc3ccccc3C2)CCN1Cc1ccccc1Cl,1,train
CC(c1cccc(C(F)(F)F)c1)N1CCN(CCN2Cc3ccccc3C2)C1=O,1,test
CC1CCCN(CCN2CCN(c3cccc(Cl)c3)C2=O)C1,1,train
CC1CCCCN1CCN1CCN(c2cccc(Cl)c2)C1=O,1,val
CC1CCN(CCN2CCN(c3cccc(Cl)c3)C2=O)CC1,1,train
O=C1N(CCN2CCC(C(F)(F)F)CC2)CCN1c1cccc(O)c1,0,train
O=C1N(CCN2CCC(C(F)(F)F)CC2)CCN1c1cccc(I)c1,1,train
O=C1N(CCN2CCC(C(F)(F)F)CC2)CCN1c1cccc(Cl)c1,1,train
N#Cc1cccc(N2CCN(CCN3CCC(C(F)(F)F)CC3)C2=O)c1,1,train
O=C1N(CCN2CCC(C(F)(F)F)CC2)CCN1c1cccc(OC(F)(F)F)c1,1,train
N#Cc1cc(N2CCN(CCN3CCC(C(F)(F)F)CC3)C2=O)ccc1F,1,train
COc1cccc(N2CCN(CCN3CCC(C(F)(F)F)CC3)C2=O)c1,0,train
O=C1N(CCN2CCC(C(F)(F)F)CC2)CCN1c1cccc(Cl)c1F,0,val
CC(C)N1CCN(CCN2CCN(c3cccc(C#N)c3)C2=O)CC1,0,train
CC(C)N1CCN(CCN2CCN(c3cccc(OC(F)(F)F)c3)C2=O)CC1,1,train
CC(C)N1CCN(CCN2CCN(c3ccc(F)c(C#N)c3)C2=O)CC1,0,train
CC(C)N1CCN(CCN2CCN(c3cccc(Cl)c3F)C2=O)CC1,0,val
COc1cccc(N2CCN(CCN3CCN(C(C)C)CC3)C2=O)c1,0,train
CC(C)N1CCN(CCN2CCN(c3cccc(Cl)c3)C2=O)CC1,1,train
CN1CCN(CCN2CCN(c3cccc(Cl)c3)C2=O)CC1,1,train
C[C@@H](N[C@@H]1CCCc2c1[nH]c1ccc(Br)cc21)c1ccccc1,1,test
COc1cccnc1C(=O)N1CCN(c2ccc(NC(=O)C(C)(C)c3ccccc3)cc2Cl)CC1,0,test
CCNc1cc(N2CCOCC2)cc(CCc2nc(C)c(CC)o2)n1,1,train
CCc1oc(CCc2cc(N3CCOCC3)cc(NC)n2)nc1C,1,train
CCCNc1cc(N2CCOCC2)cc(CCc2nc(C)c(CC)o2)n1,1,train
CCc1oc(CCc2cc(N3CCOCC3)cc(NC(C)C)n2)nc1C,1,train
CCc1oc(CCc2cc(N3CCOCC3)cc(NCCOC)n2)nc1C,1,train
CCc1oc(CCc2cc(N3CCOCC3)cc(NCC#N)n2)nc1C,1,train
CCc1oc(CCc2cc(N3CCOCC3)cc(NCCC#N)n2)nc1C,1,train
CCOC(=O)CNc1cc(N2CCOCC2)cc(CCc2nc(C)c(CC)o2)n1,1,train
CCc1oc(CCc2cc(N3CCOCC3)cc(NC(C)=O)n2)nc1C,1,train
CCc1oc(CCc2cc(N3CCOCC3)cc(NCC(F)(F)F)n2)nc1C,1,train
CCc1oc(SCc2cc(N3CCOCC3)cc(NCC#N)n2)nc1C,1,train
CCc1sc(CCc2cc(N3CCOCC3)cc(NC(C)c3cc(Cl)cc(NC(=O)OC(C)C)c3)n2)nc1C,1,test
CCNC(=O)c1ccc(C2=CC3(CCNCC3)Oc3ccccc32)cc1,0,train
NC(=O)c1ccc(C2=CC3(CCNCC3)Oc3ccccc32)cc1,0,train
CC(C)CNC(=O)c1ccc(C2=CC3(CCNCC3)Oc3ccccc32)cc1,1,train
CC(C)N(C(=O)c1ccc(C2=CC3(CCNCC3)Oc3ccccc32)cc1)C(C)C,1,train
CN(C)C(=O)c1ccc(C2=CC3(CCNCC3)Oc3ccccc32)cc1,0,train
O=C(c1ccc(C2=CC3(CCNCC3)Oc3ccccc32)cc1)N1CCCC1,0,train
O=C(c1ccc(C2=CC3(CCNCC3)Oc3ccccc32)cc1)N1CCCCC1,1,train
O=C(c1ccc(C2=CC3(CCNCC3)Oc3ccccc32)cc1)N1CCOCC1,0,train
O=C(c1ccc(C2=CC3(CCNCC3)Oc3ccccc32)cc1)N1Cc2ccccc2C1,1,train
CN(Cc1ccccc1)C(=O)c1ccc(C2=CC3(CCNCC3)Oc3ccccc32)cc1,1,train
CCN1CCc2cc(C3=CC4(CCNCC4)Oc4ccccc43)ccc2C1=O,0,test
CCN(CC)C(=O)c1ccc(C2=CC3(CCCNCC3)Oc3ccccc32)cc1,0,train
CCN(CC)C(=O)c1ccc(C2=CC3(CCNC3)Oc3ccccc32)cc1,1,train
CCN(CC)C(=O)c1ccc(C2=CC3(CCCNC3)Oc3ccccc32)cc1,0,train
CCN(CC)C(=O)c1ccc(C2CC3(CCNCC3)Oc3ccccc32)cc1,1,test
CCN(CC)C(=O)c1ccc(C2=CC3(CCNCC3)Oc3ccccc32)s1,1,train
CCN(CC)C(=O)c1ccc(C2=CC3(CCNCC3)Oc3ccccc32)o1,1,train
CCN(CC)C(=O)c1cc(C2=CC3(CCNCC3)Oc3ccccc32)cs1,1,train
CCN(CC)C(=O)c1ccc(C2=CC3(CCNCC3)Oc3ccccc32)cn1,0,train
CCN(CC)C(=O)c1ccc(C2=CC3(CCNCC3)Oc3ccccc32)nc1,0,train
CCN(CC)C(=O)c1ccc(C2=CC3(CCNCC3)Oc3ccccc32)cc1C,1,train
CCN(CC)C(=O)c1ccc(C2=CC3(CCNCC3)Oc3ccccc32)cc1F,1,train
CCN(CC)C(=O)c1ccc(C2=CC3(CCNCC3)Oc3ccccc32)cc1O,0,train
CCN(CC)C(=O)c1ccc(C2=CC3(CCNCC3)Oc3ccccc32)c(C)c1,1,train
CCN(CC)C(=O)c1ccc(C2=CC3(CCNCC3)Oc3ccccc32)c(F)c1,1,train
CCN(CC)C(=O)c1ccc(C2=CC3(CCNCC3)Oc3ccccc32)c(O)c1,0,train
CC(C1=C(CCN(C)C)Cc2ccccc21)c1ccccn1,1,train
CN(C)CCC1=C(Cc2cnccn2)c2ccccc2C1,1,train
CC(C1=C(CCN(C)C)Cc2ccccc21)c1cnccn1,1,train
CC(c1ccccn1)c1c(CCN(C)C)sc2ccccc12,1,train
CC(c1ccccn1)c1c(CCN(C)C)oc2ccccc12,1,val
C[C@@H](N[C@@H]1CCC(C(=O)N2CCC(C(=O)N3CCCC3)(c3ccccc3)CC2)C(C)(C)C1)c1ccc(Cl)cc1,1,train
COc1ccc(CN[C@@H]2CCC(C(=O)N3CCC(C(=O)N4CCCC4)(c4ccccc4)CC3)C(C)(C)C2)cc1,1,train
COc1ccc([C@H](C)N[C@@H]2CCC(C(=O)N3CCC(C(=O)N4CCCC4)(c4ccccc4)CC3)C(C)(C)C2)cc1,1,train
COc1ccc([C@@H](C)N[C@@H]2CCC(C(=O)N3CCC(C(=O)N4CCCCC4)(c4ccccc4)CC3)C(C)(C)C2)cc1,1,train
COc1ccc([C@@H](C)N[C@@H]2CCC(C(=O)N3CCC(c4ccccc4)(N4CCCCC4)CC3)C(C)(C)C2)cc1,1,train
COc1ccc([C@@H](C)N[C@@H]2CCC(C(=O)N3CCC(c4ccccc4)(c4ccc(Cl)nc4)CC3)C(C)(C)C2)cc1,1,train
COc1ccc([C@@H](C)N[C@@H]2CCC(C(=O)N3CCC(c4ccccc4)(c4ccc(OC)nc4)CC3)C(C)(C)C2)cc1,1,train
COc1ccc([C@@H](C)N[C@@H]2CCC(C(=O)N3CCC(c4ccccc4)(c4cccnc4)CC3)C(C)(C)C2)cc1,1,train
COc1ccc([C@@H](C)N[C@@H]2CCC(C(=O)N3CCC(c4ccccc4)(c4ccccc4)CC3)C(C)(C)C2)cc1,1,train
Cc1ccc(-n2c(-c3ncccc3Cl)nc(CNC3CCCC3)c2C)cn1,0,train
Cc1ccc(-n2c(-c3ncccc3Cl)nc(CN[C@H]3CC[C@@H](F)C3)c2C)cn1,0,train
CCc1c(CN[C@H]2CC[C@@H](F)C2)nc(-c2ncccc2Cl)n1-c1ccc(C)nc1,0,train
Cc1ccc(-n2c(-c3ncccc3Cl)nc(CNC3CCCC3)c2C(C)C)cn1,1,train
Cc1ccc(-n2c(-c3ncccc3Cl)nc(CN[C@H]3CC[C@@H](F)C3)c2C(C)C)cn1,0,train
Cc1nc(CN[C@H]2CC[C@@H](F)C2)c(C(C)C)n1-c1cc(F)cc(F)c1,0,val
Cc1nc(CNC2CCCC2)n(C(C)C)c1-c1ccc(Cl)cc1,1,test
COCCc1nc(CN[C@H]2CC[C@@H](F)C2)n(C(C)C)c1-c1ccc(Cl)cc1,0,test
C[C@@H]1C[C@H]2[C@@H]3CC[C@H]4N(C)C(=O)C=C[C@]4(C)[C@H]3CC[C@]2(C)[C@H]1O,0,train
COC[C@@H]1C[C@H]2[C@@H]3CC[C@H]4N(C)C(=O)C=C[C@]4(C)[C@H]3CC[C@]2(C)[C@H]1O,0,val
CN1C(=O)C=C[C@]2(C)[C@H]3CC[C@]4(C)[C@@H](O)[C@H](Cc5cccc(F)c5)C[C@H]4[C@@H]3CC[C@@H]12,1,val
CN1C(=O)C=C[C@]2(C)[C@H]3CC[C@]4(C)[C@@H](O)/C(=C/c5cccc(F)c5)C[C@H]4[C@@H]3CC[C@@H]12,1,train
CN1C(=O)C=C[C@]2(C)[C@H]3CC[C@]4(C)[C@@H](O)/C(=C/c5cc(F)cc(F)c5)C[C@H]4[C@@H]3CC[C@@H]12,1,train
CN1C(=O)C=C[C@]2(C)[C@H]3CC[C@]4(C)[C@@H](O)/C(=C/c5ccccc5)C[C@H]4[C@@H]3CC[C@@H]12,1,train
C/C=C1\C[C@H]2[C@@H]3CC[C@H]4N(C)C(=O)C=C[C@]4(C)[C@H]3CC[C@]2(C)[C@H]1O,1,train
CN1C(=O)C=C[C@]2(C)[C@H]3CC[C@]4(C)[C@@H](O)/C(=C/c5ccncc5)C[C@H]4[C@@H]3CC[C@@H]12,1,train
CN1C(=O)C=C[C@]2(C)[C@H]3CC[C@]4(C)[C@@H](O)/C(=C/c5cccnc5)C[C@H]4[C@@H]3CC[C@@H]12,1,train
CN1C(=O)C=C[C@]2(C)[C@H]3CC[C@]4(C)[C@@H](O)/C(=C/c5cncnc5)C[C@H]4[C@@H]3CC[C@@H]12,1,train
CN1C(=O)C=C[C@]2(C)[C@H]3CC[C@]4(C)[C@@H](O)/C(=C/c5cnc(C6CC6)nc5)C[C@H]4[C@@H]3CC[C@@H]12,1,train
COc1ncc(/C=C2\C[C@H]3[C@@H]4CC[C@H]5N(C)C(=O)C=C[C@]5(C)[C@H]4CC[C@]3(C)[C@H]2O)cn1,1,train
Cc1ncc(/C=C2\C[C@H]3[C@@H]4CC[C@H]5N(C)C(=O)C=C[C@]5(C)[C@H]4CC[C@]3(C)[C@H]2O)cn1,0,train
CNc1ncc(C=C2C[C@H]3[C@@H]4CC[C@H]5N(C)C(=O)C=C[C@]5(C)[C@H]4CC[C@]3(C)[C@H]2O)cn1,0,train
N[C@H]1Cn2c(nc3ccc(F)cc32)C[C@@H]1c1cc(F)c(F)cc1F,0,train
N[C@H]1Cn2c(nc3cc(C(F)(F)F)ccc32)C[C@@H]1c1cc(F)c(F)cc1F,1,train
CS(=O)(=O)c1ccc2c(c1)nc1n2C[C@H](N)[C@@H](c2cc(F)c(F)cc2F)C1,0,train
CS(=O)(=O)Nc1ccc2c(c1)nc1n2C[C@H](N)[C@@H](c2cc(F)c(F)cc2F)C1,1,train
N[C@H]1Cn2c(nc3cnc(C(F)(F)F)cc32)C[C@@H]1c1cc(F)c(F)cc1F,0,train
N[C@H]1Cn2c(nc3cnccc32)C[C@@H]1c1cc(F)c(F)cc1F,0,train
N[C@H]1Cn2c(nc3cnc(F)cc32)C[C@@H]1c1cc(F)c(F)cc1F,0,train
N[C@H]1Cn2c(nc3ncccc32)C[C@@H]1c1cc(F)c(F)cc1F,0,train
CCN(CC)CCN1CCN(c2cccc(Cl)c2)C1=O,1,test
COC[C@@H]1CCCN1N1CCN(c2cccc(Cl)c2)C1=O,1,test
CC1(C)C[C@@H]2C[C@@](C)(CN2CCN2CCN(c3cccc(Cl)c3)C2=O)C1,1,val
O=C1N(CCN2C[C@H]3CC[C@@H]2C3)CCN1c1cccc(Cl)c1,0,val
COCC1[C@@H]2CC[C@H]1CN(CCN1CCN(c3cccc(Cl)c3)C1=O)C2,1,test
C[C@@]12CC(c3ccccc3)C[C@@H](C1)N(CCN1CCN(c3cccc(Cl)c3)C1=O)C2,1,val
O=C1N(CCN2C[C@H]3CC[C@H](CC3)C2)CCN1c1cccc(Cl)c1,1,train
CC1(C)[C@H]2CC[C@]1(C)CN(CCN1CCN(c3cccc(Cl)c3)C1=O)C2,1,val
O=C1N(CCN2C[C@@H]3CC[C@H]2Cc2ccccc2C3)CCN1c1cccc(Cl)c1,1,test
O=C1N(CCN2[C@@H]3CCC[C@H]2CC3)CCN1c1cccc(Cl)c1,1,train
COc1cccc(C2CCCN(CCN3CCN(c4cccc(Cl)c4)C3=O)C2)c1,1,test
O=C1N(CCN2CCCC(OCc3ccccc3)C2)CCN1c1cccc(Cl)c1,1,val
O=C1N(CCN2CCC(c3ccc(Cl)cc3)CC2)CCN1c1cccc(Cl)c1,1,train
COc1cccc(CCN(C)CCN2CCN(c3cccc(Cl)c3)C2=O)c1,1,val
COc1ccc(CCN(C)CCN2CCN(c3cccc(Cl)c3)C2=O)cc1OC,1,val
O=C1N(CCN2CCC(c3nnc(-c4ccccc4)o3)CC2)CCN1c1cccc(Cl)c1,1,val
CN(CCN1CCN(c2cccc(Cl)c2)C1=O)Cc1cc2ccccc2s1,1,val
Cc1cc(CN(C)CCN2CCN(c3cccc(Cl)c3)C2=O)on1,0,val
O=C1N(CCN2CCCc3sccc3C2)CCN1c1cccc(Cl)c1,1,train
CC1(C)[C@@H]2CC[C@]13CCN(CCN1CCN(c4cccc(Cl)c4)C1=O)C3C2,1,val
CN(CCN1CCN(c2cccc(Cl)c2)C1=O)C[C@]12CC[C@H](CC1)C2(C)C,1,train
CN(CCN1CCN(c2cccc(C(F)(F)F)c2)C1=O)C[C@]12CC[C@H](CC1)C2(C)C,1,train
Cc1ccc(N2CCN(CCN(C)C[C@]34CC[C@H](CC3)C4(C)C)C2=O)cc1,1,train
COc1cccc(N2CCN(CCN(C)C[C@]34CC[C@H](CC3)C4(C)C)C2=O)c1,1,train
Cc1cccc(N2CCN(CCN(C)C[C@]34CC[C@H](CC3)C4(C)C)C2=O)c1,1,train
CN(CCN1CCN(c2ccccc2)C1=O)C[C@]12CC[C@H](CC1)C2(C)C,1,train
CN(CCN1CCN(c2ccc(F)cc2)C1=O)C[C@]12CC[C@H](CC1)C2(C)C,1,train
CN(CCN1CCN(c2ccc3c(c2)OCO3)C1=O)C[C@]12CC[C@H](CC1)C2(C)C,1,train
Cc1c(CN[C@H]2CC[C@@H](F)C2)nn(CCC#N)c1-c1cc(F)cc(F)c1,1,val
CC(C)CN(C(=O)c1ccccc1-c1ccccc1)[C@H]1CCNC1,1,train
CCSc1ccccc1C(=O)N(CC1CCC1)[C@H]1CCNC1,1,train
O=C(c1ccccc1C1CCCC1)N(CC1CCC1)[C@H]1CCNC1,1,train
O=C(c1ccccc1Oc1ccccc1)N(CC1CCC1)[C@H]1CCNC1,1,train
CSc1ccccc1C(=O)N(C1CCCCC1)[C@H]1CCNC1,1,test
CC(C)c1ccccc1C(=O)N(CC1CCCC1)[C@H]1CCNC1,1,train
CN(C(=O)c1ccccc1Oc1ccccc1)[C@H]1CCNC1,1,train
CCN(C(=O)c1ccccc1Oc1ccccc1)[C@H]1CCNC1,1,train
O=C(c1ccccc1Oc1ccccc1)N(C1CCC1)[C@H]1CCNC1,1,train
CC(C)CN(C(=O)c1ccccc1Oc1ccccc1)[C@H]1CCNC1,1,train
O=C(c1ccccc1Oc1ccccc1)N(c1ccccc1)[C@H]1CCNC1,1,train
COc1ccc([C@H](N[C@@H]2CCC(C(=O)N3CCC(C(=O)N4CCCC4)(c4ccccc4)CC3)C(C)(C)C2)C(F)(F)F)cc1,1,train
O=C(NCc1cccc(F)c1)NC1CCN(Cc2ccn(-c3ccc(C(F)(F)F)cc3)c2)CC1,1,train
O=C(NC1CCN(Cc2ccn(-c3ccc(C(F)(F)F)cc3)c2)CC1)N1CCn2cccc2C1c1ccccc1,1,train
O=C(NC1CCN(Cc2ccn(-c3ccc(C(F)(F)F)cc3)c2)CC1)N1CCCC1Cc1cccnc1,1,train
O=C(NC1CCN(Cc2ccn(-c3ccc(C(F)(F)F)cc3)c2)CC1)N1CCCC1c1ccc(F)cc1,1,train
COc1ccc(OC2CN(C(=O)NC3CCN(Cc4ccn(-c5ccc(C(F)(F)F)cc5)c4)CC3)C2)cc1,1,train
CN(CC1(O)CCCCC1)C(=O)NC1CCN(Cc2ccn(-c3ccc(C(F)(F)F)cc3)c2)CC1,1,test
Cc1cc(C)n(CC(NC(=O)NC2CCN(Cc3ccn(-c4ccc(C(F)(F)F)cc4)c3)CC2)c2ccccc2)n1,1,train
O=C(NC1CCN(Cc2ccn(-c3ccc(C(F)(F)F)cc3)c2)CC1)N1CC(N2CCCOCC2)C1,1,train
O=C(NC1CCN(Cc2ccn(-c3ccc(C(F)(F)F)cc3)c2)CC1)N1CCCC1c1cccnc1,1,train
O=C(NC1CCN(Cc2ccn(-c3ccc(C(F)(F)F)cc3)c2)CC1)N1CCCCC1CCO,1,train
O=C(Nc1ccc(Cl)cc1CO)NC1CCN(Cc2ccn(-c3ccc(C(F)(F)F)cc3)c2)CC1,1,train
O=C(NC1CCN(Cc2ccn(-c3ccc(C(F)(F)F)cc3)c2)CC1)N1CC(N2CCC(C(F)(F)F)CC2)C1,1,train
O=C(NC[C@H]1CCCC[C@H]1O)NC1CCN(Cc2ccn(-c3ccc(C(F)(F)F)cc3)c2)CC1,1,train
O=C(NC1CCN(Cc2ccn(-c3ccc(C(F)(F)F)cc3)c2)CC1)NC(Cn1cccn1)c1ccccc1,1,train
O=C(NC1CCN(Cc2ccn(-c3ccc(C(F)(F)F)cc3)c2)CC1)N1CCC(c2ccccc2O)CC1,1,train
CN1CCN(C(=O)NC2CCN(Cc3ccn(-c4ccc(C(F)(F)F)cc4)c3)CC2)C(c2ccccc2)C1,1,train
O=C(NC1CCN(Cc2ccn(-c3ccc(C(F)(F)F)cc3)c2)CC1)N1CCCC(CO)C1,1,train
O=C(NC1CCN(Cc2ccn(-c3ccc(C(F)(F)F)cc3)c2)CC1)NC(Cc1cnccn1)c1ccccc1,1,train
O=C(NC1CCN(Cc2ccn(-c3ccc(C(F)(F)F)cc3)c2)CC1)NC(CN1CCOCC1)c1ccccc1,1,train
O=C(NC[C@@H]1CCCC[C@H]1O)NC1CCN(Cc2ccn(-c3ccc(C(F)(F)F)cc3)c2)CC1,1,train
O=C(NC1CCN(Cc2ccn(-c3ccc(C(F)(F)F)cc3)c2)CC1)N1CCC(O)(Cc2ccccc2)CC1,1,train
O=C(NC1CCN(Cc2ccn(-c3ccc(C(F)(F)F)cc3)c2)CC1)N1CCCC(C(=O)N2CCCC2)C1,0,train
O=C(NC1CCN(Cc2ccn(-c3ccc(C(F)(F)F)cc3)c2)CC1)NC(c1ccccc1)c1ncc[nH]1,0,train
O=C(NCc1nc2ccccc2[nH]1)NC1CCN(Cc2ccn(-c3ccc(C(F)(F)F)cc3)c2)CC1,0,train
O=C(NC1CCN(Cc2ccn(-c3ccc(C(F)(F)F)cc3)c2)CC1)c1c[nH]c(=O)c(Cl)c1,0,test
CC(C)C(Cn1ccnc1)NC(=O)NC1CCN(Cc2ccn(-c3ccc(C(F)(F)F)cc3)c2)CC1,0,train
O=C(NC1CCN(Cc2ccn(-c3ccc(C(F)(F)F)cc3)c2)CC1)N[C@H](CO)c1ccccc1,0,train
O=C(NC1CCN(Cc2ccn(-c3ccc(C(F)(F)F)cc3)c2)CC1)N[C@@H](CO)c1ccccc1,0,train
Cc1cnn(C2CCN(c3nc4ccccc4n3Cc3ccc(F)cc3)CC2)c1,1,train
Fc1ccc(Cn2c(N3CCC(n4cccn4)CC3)nc3ccccc32)cc1,1,train
Fc1ccc(Cn2c(N3CCC(n4ccnc4)CC3)nc3ccccc32)cc1,1,train
Fc1ccc(Cn2c(N3CCC(n4cccc4)CC3)nc3ccccc32)cc1,1,train
CN(C)CCN(C)C1CCN(c2nc3ccccc3n2Cc2ccc(F)cc2)CC1,1,train
COc1ccc(Cn2c(N3CCC(NCC4CCOCC4)CC3)nc3ccccc32)cc1,1,val
Fc1ccc(Cn2c(N3CCC(NCC4CCOCC4)CC3)nc3ccccc32)cc1,1,train
CN(CCO)C1CCN(c2nc3ccccc3n2Cc2ccc(F)cc2)CC1,1,train
COCCN(C)C1CCN(c2nc3ccccc3n2Cc2ccc(F)cc2)CC1,1,train
COc1ccc(Cn2c(N3CCC(N(C)CC4CCOCC4)CC3)nc3ccccc32)cc1,1,val
CN(CC1CCOCC1)C1CCN(c2nc3ccccc3n2Cc2ccc(F)cc2)CC1,1,train
COc1ccc(Cn2c(N3CCC(N(C)C)CC3)nc3ccccc32)cc1,1,train
Cc1ccc(Cn2c(N3CCC(N(C)C)CC3)nc3ccccc32)cc1,1,train
CN(C)C1CCN(c2nc3ccccc3n2Cc2ccc(F)cc2)CC1,1,train
CN1CC[C@@H](N(Cc2ccccc2C(F)(F)F)c2ccc(C#N)c(Cl)c2)C1,1,val
CCN1C[C@@H](N(Cc2cc(F)ccc2Cl)c2ccc(C#N)c(Cl)c2)CC1=O,1,train
CN1C[C@@H](N(Cc2ccccc2F)c2ccc(C#N)c(Cl)c2)CC1=O,1,train
CC[C@H]1OC(=O)C(C)C(=O)C(C)[C@@H](O[C@@H]2O[C@H](C)C[C@H](N(C)C)[C@H]2O)[C@](C)(OC)CC(C)C(=O)C(C)[C@H]2N(CCCCn3cnc(-c4cccnc4)c3)C(=O)O[C@]12C,0,val
CC[C@H]1OC(=O)C(C)C(=O)C(C)[C@@H](O[C@@H]2O[C@H](C)C[C@H](N(C)C)[C@H]2O)[C@](C)(O)CC(C)C(=O)C(C)[C@H]2N(C3CN(Cc4ccnc5ncccc45)C3)C(=O)O[C@]12C,0,train
CC[C@H]1OC(=O)C(C)C(=O)C(C)[C@@H](O[C@@H]2O[C@H](C)C[C@H](N(C)C)[C@H]2O)[C@](C)(O)CC(C)C(=O)C(C)[C@H]2N(C3CN([C@H](C)c4ccnc5ncccc45)C3)C(=O)O[C@]12C,0,train
CC[C@H]1OC(=O)C(C)C(=O)C(C)[C@@H](O[C@@H]2O[C@H](C)C[C@H](N(C)C)[C@H]2O)[C@](C)(O)CC(C)C(=O)C(C)[C@H]2N(C3CN(Cc4c(O)cnc5cccnc45)C3)C(=O)O[C@]12C,0,train
Cc1c(NC(=O)OC[C@@H]2COCCN2)cn2ncnc(Nc3ccc4c(cnn4Cc4cccc(F)c4)c3)c12,1,test
CC[C@H]1OC(=O)C(C)[C@@H](O[C@H]2C[C@@](C)(OC)[C@@H](O)[C@H](C)O2)[C@H](C)[C@@H](O[C@@H]2O[C@H](C)C[C@H](N(C)C(C)C)[C@H]2O)[C@](C)(O)C[C@@H](C)[C@H](OCC(=O)NC)[C@H](C)[C@@H](O)[C@]1(C)O,1,train
CC[C@H]1OC(=O)C(C)[C@@H](O[C@H]2C[C@@](C)(OC)[C@@H](O)[C@H](C)O2)[C@H](C)[C@@H](O[C@@H]2O[C@H](C)C[C@H](N(C)C(C)C)[C@H]2O)[C@](C)(O)C[C@@H](C)[C@H](O)[C@H](C)[C@@H](O)[C@]1(C)O,1,train
CCOC(=O)CCc1ccc(OC[C@H](O)CNC(C)(C)Cc2ccc3ccccc3c2)c(C#N)c1,1,train
CC(C)(Cc1ccc2ccccc2c1)NC[C@@H](O)COc1ccccc1C#N,1,train
CC(C)(Cc1ccc2ccccc2c1)NC[C@@H](O)COc1ccc(CCC(=O)O)cc1C#N,1,train
CC(C)(Cc1ccc2ccccc2c1)NC[C@@H](O)COc1ccc(CCC(=O)O)cc1,1,train
CC(C)COc1ccccc1CN1CCC2(CC1)CCN(C(=O)c1ccncn1)CC2,1,test
CC(C)COc1ccccc1CN1CCC2(CC1)CCN(C(=O)c1ccncc1)CC2,1,train
C=C(C)COc1ccccc1CN1CCC2(CC1)CCN(C(=O)c1ccncc1)CC2,1,train
O=C(c1ccncc1)N1CCC2(CCN(Cc3ccccc3OC(F)(F)C(F)F)CC2)CC1,1,train
COc1ccccc1Oc1ccccc1CN1CCC2(CC1)CCN(C(=O)c1ccncn1)CC2,1,train
COc1ccccc1Oc1cccc(CN2CCC3(CC2)CCN(C(=O)c2ccncn2)CC3)c1,1,train
O=C(c1ccncn1)N1CCC2(CCN(Cc3ccccc3Oc3ccccc3)CC2)CC1,1,train
COc1ccccc1Oc1ccccc1CN1CCC2(CC1)CCN(C(=O)c1ccc[nH]c1=O)CC2,1,train
CC1(C)CCc2cc(CN3CCC4(CC3)CCN(C(=O)c3ccncn3)CC4)ccc2O1,0,test
CC1(C)CCc2cc(CN3CCC4(CC3)CCN(C(=O)c3ccc(N)cn3)CC4)ccc2O1,0,train
CC1Cc2cccc(CN3CCC4(CC3)CCN(C(=O)c3ccncc3)CC4)c2O1,1,val
CC1(C)C=Cc2cccc(CN3CCC4(CC3)CCN(C(=O)c3ccnc(N)c3)CC4)c2O1,0,val
CC1(C)Cc2cccc(CN3CCC4(CC3)CCN(C(=O)c3ccc(N)cn3)CC4)c2O1,0,train
CC1(C)Oc2cccc(CN3CCC4(CC3)CCN(C(=O)c3ccnc(N)c3)CC4)c2O1,1,val
CC1(C)Cc2cccc(CN3CCC4(CC3)CCN(C(=O)c3ncccc3N)CC4)c2O1,1,test
CC1(C)Cc2c(CN3CCC4(CC3)CCN(C(=O)c3ccnc(N)c3)CC4)cccc2O1,0,train
CC1(C)Cc2c(CN3CCC4(CC3)CCN(C(=O)c3ccc(N)cn3)CC4)cccc2O1,0,train
CC1(C)Cc2c(CN3CCC4(CC3)CCN(C(=O)c3ccncc3)CC4)cccc2O1,1,train
CC(C)(C)C1(C)Cc2c(CN3CCC4(CC3)CCN(C(=O)c3ccc(N)cn3)CC4)cccc2O1,0,train
CCCC1(CC)Cc2c(CN3CCC4(CC3)CCN(C(=O)c3ccc(N)cn3)CC4)cccc2O1,1,train
CC1(C)Oc2c(CN3CCC4(CC3)CCN(C(=O)c3ccc(N)cn3)CC4)cccc2C1(F)F,0,train
COc1ccc(CCN2C(=O)N(NS(C)(=O)=O)CC2c2ccc(C)c(C)c2)cc1,0,train
COc1ccc(CCN2C(=O)N(NS(C)(=O)=O)CC2c2ccc(C)cc2)cc1,0,train
COc1ccc(CCN2C(=O)N(NS(C)(=O)=O)CC2c2ccc(C3CC3)cc2)cc1,1,train
COc1ccc(CCN2C(=O)N(NS(C)(=O)=O)CC2c2ccc(Cl)cc2)cc1,1,train
COc1ccc(CCN2C(=O)N(NS(C)(=O)=O)CC2c2ccc(C(F)(F)F)cc2)cc1,1,train
COc1ccc(CCN2C(=O)N(NS(C)(=O)=O)C[C@@H]2c2ccc(OC)cc2)cc1,0,train
COc1ccc(CCN2C(=O)N(NS(C)(=O)=O)C[C@H]2c2ccc(OC)cc2)cc1,0,train
COc1ccc(CCN2C(=O)N(NS(C)(=O)=O)CC2c2ccc(OC(C)C)cc2)cc1,0,train
COCCOc1ccc(C2CN(NS(C)(=O)=O)C(=O)N2CCc2ccc(OC)cc2)cc1,0,train
COc1ccc(CCCN2C(=O)N(NS(C)(=O)=O)C[C@@H]2c2ccc(OC)cc2)cc1,0,train
COc1ccc(CCCN2C(=O)N(NS(C)(=O)=O)C[C@H]2c2ccc(OC)cc2)cc1,0,train
CCOc1ccc(CCN2C(=O)N(NS(C)(=O)=O)C[C@@H]2c2ccc(OC)cc2)cc1,0,train
COc1ccc([C@H]2CN(NS(C)(=O)=O)C(=O)N2CCc2ccc(OC(F)(F)F)cc2)cc1,1,train
COc1ccc(CCN2C(=O)N(NS(=O)(=O)Cc3ccccc3)C[C@@H]2c2ccc(OC)cc2)cc1,1,train
COc1ccc(CCN2C(=O)N(NS(=O)(=O)CC#N)C[C@@H]2c2ccc(OC)cc2)cc1,0,train
COc1ccc(CCN2C(=O)N(NS(=O)(=O)CF)C[C@@H]2c2ccc(OC)cc2)cc1,0,train
O=C(c1ccncc1)N1CCC2(CCN(Cc3cccc4c3OCC4)CC2)CC1,1,val
Cc1ccc(CCCCN2CCC(C(O)(c3ccccc3)c3ccccc3)CC2)cc1,1,val
O=C(O)c1ccc(CCCCN2CCC(C(O)(c3ccccc3)c3ccccc3)CC2)cc1,0,val
C[C@@H]1CNCCN1c1ccc(=O)n(CCOc2ccccc2C(F)(F)F)n1,1,test
CCCNCc1ccc(CCn2ccc(OCc3ccc(F)cc3)cc2=O)nc1,1,train
CCCNCc1ccc(CCn2ccc(OCc3ccc(F)cc3)cc2=O)cc1,1,train
CN(CCN1CCN(C2COOC2)C1=O)C[C@]12CC[C@H](CC1)C2(C)C,1,train
CCCN(C(=O)c1ccc2ccccc2c1)C1CCNCC1,0,train
CC(C)CN(C(=O)c1ccc2ccccc2c1)[C@@H]1CCNC1,1,train
Fc1cc2c(cn1)C1(CCN(Cc3ccc(Oc4ccc(F)c(F)c4)cc3)CC1)OC2,1,train
Fc1cc2c(cn1)C1(CCN(Cc3ccc(Nc4ccc(F)c(F)c4)cc3)CC1)OC2,1,train
CN(c1ccc(CN2CCC3(CC2)OCc2cc(F)ncc23)cc1)c1ccc(F)c(F)c1,1,train
OC(c1ccc(CN2CCC3(CC2)OCc2cc(F)ncc23)cc1)c1ccc(F)c(F)c1,1,train
CC(O)(c1ccc(CN2CCC3(CC2)OCc2cc(F)ncc23)cc1)c1ccc(F)c(F)c1,1,train
O=C(c1ccc(CN2CCC3(CC2)OCc2cc(F)ncc23)cc1)c1ccc(F)c(F)c1,1,train
ON=C(c1ccc(CN2CCC3(CC2)OCc2cc(F)ncc23)cc1)c1ccc(F)c(F)c1,1,train
CO/N=C(/c1ccc(CN2CCC3(CC2)OCc2cc(F)ncc23)cc1)c1ccc(F)c(F)c1,1,train
CCO/N=C(/c1ccc(CN2CCC3(CC2)OCc2cc(F)ncc23)cc1)c1ccc(F)c(F)c1,1,train
CCO/N=C(/c1ccc(F)c(F)c1)c1ccc(CN2CCC3(CC2)OCc2cc(F)ncc23)cn1,1,train
CCO/N=C(/c1ccc(F)c(F)c1)c1ccc(CN2CCC3(CC2)OCc2cn(C)c(=O)cc23)cn1,1,train
CS(=O)(=O)N(Cc1ccc2ccccc2c1)[C@@H]1CCNC1,1,train
Cc1c(CN([C@@H]2CCNC2)S(C)(=O)=O)ccc2cc(F)ccc12,1,test
CS(=O)(=O)N(Cc1ccc2ccccc2c1)C1CCNCC1,1,test
CS(=O)(=O)N(Cc1ccc2ccccc2c1)[C@H]1CCNC1,0,train
CCC(=O)N(Cc1ccc2ccccc2c1)C1CCNCC1,0,train
CC(=O)N(Cc1ccc2ccccc2c1)[C@@H]1CCNC1,1,train
COc1cnc2c(NCc3nnc4ccc(-c5cc(F)cc(F)c5)nn34)ccnc2c1,1,val
COc1cnc2c(NCc3nnc4ccc(-c5cc(C)ns5)nn34)ccnc2c1,1,val
CCc1n[nH]c(CC)c1Oc1cc(C#N)cc(C#N)c1,1,train
CCc1n[nH]c(CC)c1Oc1cc(Cl)cc(C#N)c1,0,train
CCc1n[nH]c(CC)c1Oc1cc(C)cc(C#N)c1,0,train
N#Cc1cccc2c1C(=O)Nc1ncc(-c3ccccc3)cc1C2,1,test
CS(=O)(=O)Nc1ccc(OCCNCCNc2ccc(Cl)c(Cl)c2)cc1,1,train
CS(=O)(=O)Nc1ccc(CCC(=O)NCCNc2ccc(Cl)c(Cl)c2)cc1,1,train
CS(=O)(=O)Nc1ccc(CCCNCCNc2ccc(Cl)c(Cl)c2)cc1,1,train
CS(=O)(=O)Nc1ccc(CCC(=O)NC/C=C/c2ccc(Cl)c(Cl)c2)cc1,1,val
Cc1occc1-c1nc(N)c(OC[C@@H](N)Cc2c[nH]c3ccccc23)cc1-c1cnc2[nH]nc(C)c2n1,0,val
Cc1ccc(F)cc1CO[C@H]1CCc2ccc(N3CCNC[C@H]3C)nc21,1,test
Cc1cc(Nc2ccccc2)nc(NCc2ccccn2)n1,0,val
Cc1cc(Nc2ccccc2)nc(NCc2ccc3c(c2)OCO3)n1,1,test
FC(F)(F)c1cc(Nc2ccccc2)nc(NCc2ccccn2)n1,0,val
CN1CC[C@H](N(Cc2ccccc2C(F)(F)F)c2ccc(C#N)c(Cl)c2)C1,1,val
Cc1ccccc1CN(c1ccc(C#N)c(Cl)c1)[C@H]1CCN(S(C)(=O)=O)C1,1,test
CC(O)C(=O)N1CC[C@H](N(Cc2cc(Cl)ccc2Cl)c2ccc(C#N)c(Cl)c2)C1,1,test
Brc1cnc2nc(N3CCN4CCC3CC4)oc2c1,1,train
Clc1cnc2nc(N3CCN4CCC3CC4)oc2c1,1,train
Fc1cnc2nc(N3CCN4CCC3CC4)oc2c1,1,train
Cc1ccc2oc(N3CCN4CCC3CC4)nc2n1,0,train
Clc1cnc2oc(N3CCN4CCC3CC4)nc2c1,1,train
Cc1nc2nc(N3CCN4CCC3CC4)oc2cc1Cl,0,train
CCc1ccc2oc(N3CCN4CCC3CC4)nc2n1,0,train
Fc1ccccc1-c1ccc2oc(N3CCN4CCC3CC4)nc2n1,1,train
CN1C[C@H]2C[C@@H](N(Cc3ccc(F)c(C(F)(F)F)c3)C(=O)c3cn(C)cn3)C[C@H]2C1,1,train
CCN1C[C@H]2C[C@@H](N(Cc3ccc(F)c(C(F)(F)F)c3)C(=O)c3cn(C)cn3)C[C@H]2C1,1,val
Cn1cnc(C(=O)N(Cc2cccc(OC(F)(F)F)c2)[C@H]2C[C@H]3CNC[C@H]3C2)c1,1,train
Cn1cnc(C(=O)N(Cc2ccc(F)c(C(F)(F)F)c2)[C@H]2C[C@H]3CNC[C@H]3C2)c1,1,val
Cn1cnc(C(=O)N(Cc2cccc(OC(F)(F)F)c2)[C@@H]2C[C@@H]3CN(CC(C)(C)O)C[C@@H]3C2)c1,1,train
Cn1cnc(C(=O)N(Cc2cccc(OC(F)(F)F)c2)[C@@H]2C[C@@H]3CN(CC(O)c4ccccc4)C[C@@H]3C2)c1,1,train
Cn1cnc(C(=O)N(Cc2cccc(OC(F)(F)F)c2)[C@@H]2C[C@@H]3CN(CCC(F)(F)F)C[C@@H]3C2)c1,1,train
CCN1C[C@H]2C[C@@H](N(Cc3cccc(OC(F)(F)F)c3)C(=O)c3cn(C)cn3)C[C@H]2C1,1,train
CN1C[C@H]2C[C@@H](N(Cc3ccc(F)c(OC4CCCC4)c3)C(=O)c3cn(C)cn3)C[C@H]2C1,1,train
CN1C[C@H]2C[C@@H](N(Cc3cccc(OC(F)(F)F)c3)C(=O)c3cn(C)cn3)C[C@H]2C1,1,train
O=C(c1cc(Cc2c[nH]c(=O)c3cc(Cl)c(Cl)n23)ccc1F)N1CCC2(CCCN2)CC1,0,train
CNC(C)(C)C(=O)N1CCN(C(=O)c2cc(Cc3c[nH]c(=O)c4cc(Cl)c(Cl)n34)ccc2F)CC1,0,train
O=C(c1cc(Cc2c[nH]c(=O)c3cc(Cl)c(Cl)n23)ccc1F)N1CCC(N2CCCC2)CC1,1,train
COc1cc2c(c(N3CCN(C)CC3)c1)OC(C(=O)Nc1ccc(N3CCOCC3)cc1)CC2,0,val
COC1(c2ccc(NC(=O)c3cc(=O)c4cc(F)cc(-c5c(C)nn(C)c5C)c4o3)cn2)CCOCC1,0,test
CC(C)OC(=O)C1=CN(C(=O)c2ccc(OCCCN3CCOCC3)cc2)CC(C)(C)c2c1[nH]c1ccccc21,1,test
CCCOCCn1c(=O)c(N2CCN([C@@H](C)[C@@H](C)O)CC2)nc2cnc(-c3ccc(OC)nc3)cc21,1,train
CCCOCCn1c(=O)c(N2CCN(C[C@@H](C)O)CC2)nc2cnc(-c3ccc(OC)nc3)cc21,1,train
CCCOCCn1c(=O)c(N2CCN(CCO)CC2)nc2cnc(-c3ccc(OC)nc3)cc21,1,train
CCCOCCn1c(=O)c(N2CCN(CC)CC2)nc2cnc(-c3ccc(OC)nc3)cc21,1,train
CCCOCCn1c(=O)c(N2CCNCC2)nc2cnc(-c3ccc(OC)nc3)cc21,1,train
CCCOCCn1c(=O)c(NCCNCCO)nc2cnc(-c3ccc(OC)nc3)cc21,1,train
CCOC[C@H]1[C@@H]2CNC[C@@]21c1ccc(Cl)c(Cl)c1,1,test
O=C1N(CC2CCCCN2)CCN1c1cccc(Cl)c1,1,val
c1ccc(N2CCN(CC3CCCCN3)C2)cc1,0,test
N#Cc1nc(CCCN2CCCCC2)cc(-c2cccc(C(F)(F)F)c2)n1,1,train
CCC(CC)NCCCc1cc(-c2cccc(C(F)(F)F)c2)nc(C#N)n1,1,train
CC(C)(C)NCCCc1cc(-c2cccc(C(F)(F)F)c2)nc(C#N)n1,1,train
Cc1ccc(C23CC2CN(CCCSc2nnc(-c4ocnc4C)n2C)C3)c(F)c1,1,train
Cc1ncoc1-c1nnc(SCCCN2CC3CC3(c3cc(C(F)(F)F)ccc3F)C2)n1C,1,train
Cc1ncoc1-c1nnc(SCCCN2CC3CC3(c3cccc(C(F)(F)F)c3)C2)n1C,1,train
COc1cccc(C23CC2CN(CCCSc2nnc(-c4ocnc4C)n2C)C3)c1,1,train
Cc1ncoc1-c1nnc(SCCCN2CC3CC3(c3ccccc3C(F)(F)F)C2)n1C,1,train
Cc1ccc2c(-c3nnc(SCCCN4CC5CC5(c5ccccc5)C4)n3C)cccc2n1,1,train
Cc1ncccc1-c1nnc(SCCCN2C[C@@H]3C[C@]3(c3ccc(C(F)(F)F)cc3)C2)n1C,1,train
Cn1c(SCCCN2C[C@@H]3C[C@]3(c3ccc(C(F)(F)F)cc3)C2)nnc1-c1ccnnc1,1,train
Cc1ncoc1-c1nnc(SCCCN2CC3CC3(c3cccc(C(F)(F)F)c3F)C2)n1C,1,train
COc1ccc(C23CC2CN(CCCSc2nnc(-c4ocnc4C)n2C)C3)cc1Cl,1,train
Cn1c(SCCCN2C[C@@H]3C[C@]3(c3ccc(C(F)(F)F)cc3)C2)nnc1-c1cncnc1,1,train
COc1ccc(C23CC2CN(CCCSc2nnc(-c4cccc5nc(C)ccc45)n2C)C3)cc1,1,train
COc1ccc(C23CC2CN(CCCSc2nnc(-c4ocnc4C)n2C)C3)cc1,1,train
Cc1ncoc1-c1nnc(SCCCN2CC3CC3(c3ccc(F)c(C(F)(F)F)c3)C2)n1C,1,train
Cc1ccc2c(-c3nnc(SCCCN4CC5CC5(c5ccc(Cl)cc5)C4)n3C)cccc2n1,1,train
Cc1nc(C)c(-c2nnc(SCCCN3C[C@@H]4C[C@]4(c4ccc(C(F)(F)F)cc4)C3)n2C)s1,1,train
Cc1ncoc1-c1nnc(SCCCN2CC3CC3(c3ccc(F)cc3)C2)n1C,1,train
Cc1ncoc1-c1nnc(SCCCN2CC3CC3(c3cccc(F)c3)C2)n1C,1,train
Cc1ncoc1-c1nnc(SCCCN2CC3CC3(c3cc(F)cc(C(F)(F)F)c3)C2)n1C,1,train
Cc1ccc2c(-c3nnc(SCCCN4CC5CC5(c5ccc(Cl)c(Cl)c5)C4)n3C)cccc2n1,1,train
Cc1ncoc1-c1nnc(SCCCN2CC3CC3(c3ccccc3)C2)n1C,1,train
Cc1ncoc1-c1nnc(SCCCN2CC3CC3(c3cccc(Cl)c3)C2)n1C,1,train
COc1ccc(C23CC2CN(CCCSc2nnc(-c4ocnc4C)n2C)C3)cc1C(F)(F)F,1,train
Cc1ncoc1-c1nnc(SCCCN2CC3CC3(c3ccc(C(F)(F)F)cc3)C2)n1C,1,train
Cc1ncoc1-c1nnc(SCCCN2C[C@@H]3C[C@]3(c3ccc(C(C)(C)C)cc3)C2)n1C,1,train
Cc1ncoc1-c1nnc(SCCCN2CC3CC3(c3ccc(Cl)c(Cl)c3)C2)n1C,1,train
Cc1ncoc1-c1nnc(SCCCN2CC3CC3(c3ccc(C(F)(F)F)cc3F)C2)n1C,1,train
Cc1ncoc1-c1nnc(SCCCN2CC3CC3(c3ccc(Cl)cc3F)C2)n1C,1,train
Cc1ncoc1-c1nnc(SCCCN2CC3CC3(c3cccc(OC(F)(F)F)c3)C2)n1C,1,train
Cc1ccc(-c2nnc(SCCCN3C[C@@H]4C[C@]4(c4ccc(C(F)(F)F)cc4)C3)n2C)cn1,1,train
Cc1cnc(-c2nnc(SCCCN3C[C@@H]4C[C@]4(c4ccc(C(F)(F)F)cc4)C3)n2C)cn1,1,train
Cc1ncoc1-c1nnc(SCCCN2C[C@@H]3C[C@]3(c3ccc(C(F)(F)F)cc3)C2)n1C,1,train
Cc1ncoc1-c1nnc(SCCCN2CC3CC3(c3ccc(Br)cc3)C2)n1C,1,train
Cc1ncoc1-c1nnc(SCCCN2CC3CC3(c3ccc(Cl)cc3)C2)n1C,1,train
Cc1ccc2c(-c3nnc(SCCCN4CC5CC5(c5ccc(C#N)cc5)C4)n3C)cccc2n1,1,train
Cn1c(SCCCN2C[C@@H]3C[C@]3(c3ccc(C(F)(F)F)cc3)C2)nnc1-c1ccccc1,1,train
Cc1ncoc1-c1nnc(SCCCN2C[C@H]3C[C@@]3(c3ccc(C(F)(F)F)cc3)C2)n1C,1,train
Cc1ncoc1-c1nnc(SCCCN2CC3CC3(c3ccc(C(C)(C)C)cc3)C2)n1C,1,train
Cc1ncoc1-c1nnc(SCCCN2CC3CC3(c3ccc(C(F)(F)F)c(F)c3)C2)n1C,1,train
Cc1ccc2c(-c3nnc(SCCCN4C[C@H]5C[C@@]5(c5ccc(Br)cc5)C4)n3C)cccc2n1,1,train
Cc1ccc2c(-c3nnc(SCCCN4C[C@@H]5C[C@]5(c5ccc(C(F)(F)F)cc5)C4)n3C)cccc2n1,1,train
Cc1ncoc1-c1nnc(SCCCN2C[C@H]3C[C@@]3(c3ccc(C(C)(C)C)cc3)C2)n1C,1,train
Cc1cc(C(F)(F)F)ccc1C12CC1CN(CCCSc1nnc(-c3ocnc3C)n1C)C2,1,train
Cc1ncoc1-c1nnc(SCCCN2CC3CC3(c3ccc(OC(F)(F)F)cc3)C2)n1C,1,train
Cc1ccc2c(-c3nnc(SCCCN4CC5CC5(c5ccc(C(C)(C)C)cc5)C4)n3C)cccc2n1,1,train
Cc1ccc2c(-c3nnc(SCCCN4C[C@@H]5C[C@]5(c5ccc(Br)cc5)C4)n3C)cccc2n1,1,train
Cc1ccoc1-c1nnc(SCCCN2C[C@@H]3C[C@]3(c3ccc(C(F)(F)F)cc3)C2)n1C,1,train
Cc1ccc2c(-c3nnc(SCCCN4CC5CC5(c5ccc(C(F)(F)F)cc5)C4)n3C)cccc2n1,1,train
Cc1ccc2c(-c3nnc(SCCCN4CC5CC5(c5ccc(Br)cc5)C4)n3C)cccc2n1,1,train
Cc1cnc(Nc2cc(N3CCN(C)CC3)nc(N[C@@H](C)c3ccc(F)cn3)n2)s1,0,val
Cc1cnc(Nc2cc(N3CCOCC3)nc(N[C@@H](C)c3ccc(F)cn3)n2)s1,0,val
CCOc1cc(CN2CCC(Nc3nc4cc(S(N)(=O)=O)ccc4o3)CC2)ccc1OC,1,train
CCOc1cc(CN2CCC(Nc3nc4cc(S(=O)(=O)CC)ccc4o3)CC2)ccc1OC,1,train
CCOc1cc(CN2CCC(Nc3nc4cc(C(N)=O)ccc4o3)CC2)cc(OCC)c1F,1,train
CCCCc1ccc(S(=O)(=O)Nc2ccc3c(c2)CCN(Cc2cc[nH]n2)CC3)cc1,1,val
CNC(=O)Cn1c(=O)n(C2CCN([C@H]3CC[C@@H](C(C)C)CC3)CC2)c2ccccc21,1,val
CNC(=O)Cn1c(=O)n(C2CCN(CCC(Oc3cc(OC)ccc3C)C(C)C)CC2)c2ccccc21,1,test
CC(C)CN(C(=O)c1cccc(Cl)c1Cl)[C@H]1CCNC1,0,train
O=C(c1cccc(Cl)c1Cl)N(CCC1CC1)[C@H]1CCNC1,1,train
CC(C)(C)CN(C(=O)c1cccc(Cl)c1Cl)[C@H]1CCNC1,0,train
O=C(c1cccc(Cl)c1Cl)N(C1CCCC1)[C@H]1CCNC1,0,train
CCC(CC)N(C(=O)c1cccc(Cl)c1Cl)[C@H]1CCNC1,1,train
O=C(c1cccc(Cl)c1Cl)N(c1ccccc1)[C@H]1CCNC1,1,train
CC(C)CN(C(=O)c1cc(Cl)ccc1Cl)[C@H]1CCNC1,0,train
CC(C)CN(C(=O)c1ccc(Cl)c(Cl)c1)[C@H]1CCNC1,0,train
CC(C)CN(C(=O)c1cccc(C(F)(F)F)c1Cl)[C@H]1CCNC1,1,train
Cc1c(Cl)cccc1C(=O)N(CC(C)C)[C@H]1CCNC1,0,train
CC(C)CN(C(=O)c1ccccc1C(C)C)[C@H]1CCNC1,0,train
CCCC[C@H]1CN(CC2CCOCC2)C(=O)OC12CCN(C1(C)CCN(C(=O)c3c(C)ncnc3C)CC1)CC2,0,val
CC(C)N(C)[C@@H]1CC[C@H](N2CCC(NC(=O)c3cc(F)cc(C(F)(F)F)c3)C2=O)[C@H](CS(=O)(=O)c2ccccc2)C1,0,train
CC(C)N(C)[C@@H]1CC[C@H](N2CCC(NC(=O)c3cc(C(F)(F)F)cc(C(F)(F)F)c3)C2=O)[C@H](CS(=O)(=O)c2ccccc2)C1,1,train
Cc1ccc(S(=O)(=O)C[C@@H]2C[C@H](N(C)C(C)C)CC[C@@H]2N2CCC(NC(=O)c3cccc(C(F)(F)F)c3)C2=O)cc1,1,train
CC(C)N(C)[C@@H]1CC[C@H](N2CCC(NC(=O)c3cccc(C(F)(F)F)c3)C2=O)[C@H](CS(=O)(=O)c2ccccc2)C1,0,train
CC(C)(O)C(=O)c1oc2nc(-c3ccccc3Cl)c(-c3ccc(Cl)cc3)cc2c1NC(=O)CO,1,test
CC(=O)N1CCC(c2[nH]nc(-c3ccc(F)cc3)c2-c2ccncc2)CC1,1,test
CC(C)C(N1CCOCC1)C(O)(c1cccnc1)c1cccnc1,0,train
OC(c1cccnc1)(c1cccnc1)C(Cc1ccccc1)N1CCOCC1,0,train
CCCCC(N1CCOCC1)C(O)(c1cccnc1)c1cccnc1,0,val
CCCCCCC(N1CCOCC1)C(O)(c1cccnc1)c1cccnc1,0,val
OC(c1cccnc1)(c1cccnc1)C(c1ccccc1)N1CCC1,0,train
COCCN(C)C(c1ccccc1)C(O)(c1cccnc1)c1cccnc1,1,test
OC(c1cccnc1)(c1cccnc1)C(c1ccccc1)N1CCCOCC1,1,train
OC(c1cccnc1)(c1cccnc1)C(c1ccccc1)N1CCNCC1,1,train
OC(c1cccnc1)(c1cccnc1)C(c1ccccc1)N1CCCCC1,0,train
OC(c1cccnc1)(c1cccnc1)C(c1ccccc1)N1CCCC1,0,train
COc1nccnc1CC1=C(CCN(C)C)Cc2ccccc21,1,test
COc1nccnc1C(C)C1=C(CCN(C)C)Cc2ccccc21,1,train
CC(C1=C(CCN(C)C)Cc2ccccc21)c1nccs1,1,train
Cc1csc(C(C)C2=C(CCN(C)C)Cc3ccccc32)n1,1,train
Cc1ccc2c(c1)CC(CCN(C)C)=C2Cc1cnccn1,1,train
COc1ccc2c(c1)CC(CCN(C)C)=C2Cc1cnccn1,1,train
CN(C)CCC1=C(Cc2cnccn2)c2ccc(Cl)cc2C1,1,train
CN(C)CCC1=C(Cc2cnccn2)c2ccc(F)cc2C1,1,train
COc1nccnc1CC1=C(CCN(C)C)Cc2cc(Cl)ccc21,1,train
CN(C)CCC1=C(Cc2cccnn2)c2ccc(F)cc2C1,1,val
CN(C)CCC1=C(Cc2cccnn2)c2ccc(Cl)cc2C1,1,train
Cc1ccc2c(c1)CC(CCN(C)C)=C2C(C)c1cnccn1,1,test
COc1ccc2c(c1)CC(CCN(C)C)=C2C(C)c1cnccn1,1,train
COc1nccnc1C(C)C1=C(CCN(C)C)Cc2cc(C)ccc21,1,train
COc1ccc2c(c1)CC(CCN(C)C)=C2C(C)c1nccnc1OC,1,train
COc1nccnc1C(C)C1=C(CCN(C)C)Cc2cc(F)ccc21,1,train
Cc1ccc2c(c1)CC(CCN(C)C)=C2C(C)c1nccs1,1,train
COc1ccc2c(c1)CC(CCN(C)C)=C2C(C)c1nccs1,0,train
CC(C1=C(CCN(C)C)Cc2cc(F)ccc21)c1nccs1,1,train
CSc1nn2c3c(c(C)nc2c1S(=O)(=O)c1ccccc1)CCCC3,1,val
C[C@@H]1CN(C(=O)C2CN(c3cccnc3)C[C@@H]2c2ccc(F)cc2F)C[C@H](C)[C@@]1(O)c1ccccc1,1,test
C[C@@H]1CN(C(=O)C2CN(c3ccccn3)C[C@@H]2c2ccc(F)cc2F)C[C@H](C)[C@@]1(O)c1ccccc1,1,train
C[C@@H]1CN(C(=O)C2CN(C3CCC3)C[C@@H]2c2ccc(F)cc2F)C[C@H](C)[C@@]1(O)c1ccccc1,1,train
C[C@@H]1CN(C(=O)C2CNC[C@H]2c2ccc(F)cc2F)C[C@H](C)[C@@]1(O)c1ccccc1,1,train
C[C@@H]1CN(C(=O)C2CN(C(C)(C)C)C[C@H]2c2ccc(F)cc2F)C[C@H](C)[C@@]1(O)c1ccccn1,1,train
C[C@@H]1CN(C(=O)C2CN(C(C)(C)C)C[C@H]2c2ccc(F)cc2F)C[C@H](C)[C@@]1(O)c1c(F)cccc1F,1,train
C[C@@H]1CN(C(=O)C2CN(C(C)(C)C)C[C@H]2c2ccc(F)cc2F)C[C@H](C)[C@@]1(O)c1ccc(F)cc1,1,train
CC(c1ccccn1)c1c(CCN2CCCC2)sc2ccccc12,1,train
CC(c1ccccn1)c1c(CCN2CCC2)sc2ccccc12,1,train
CC(c1ccncc1)c1c(CCN(C)C)sc2ccccc12,1,train
CNCCc1sc2ccccc2c1C(C)c1ccccn1,1,train
C[C@H](c1cccnc1)c1c(CCN(C)C)sc2ccccc12,1,train
CC(c1ccc(F)cn1)c1c(CCN(C)C)sc2ccccc12,1,train
Cc1cccnc1C(C)c1c(CCN(C)C)sc2ccccc12,1,train
COc1cccnc1C(C)c1c(CCN(C)C)sc2ccccc12,1,train
CC(c1ncccc1F)c1c(CCN(C)C)sc2ccccc12,1,train
COc1ncccc1[C@@H](C)c1c(CCN(C)C)sc2ccccc12,1,train
C[C@H](c1cccnc1F)c1c(CCN(C)C)sc2ccccc12,1,train
C[C@H](c1cccnc1Cl)c1c(CCN(C)C)sc2ccccc12,1,train
C[C@@H](c1cscn1)c1c(CCN(C)C)sc2ccccc12,1,train
C[C@H](c1c(CCN(C)C)sc2ccccc12)n1cccn1,1,test
O=C(NCc1cc(Cl)cc(Cl)c1)N(c1ccc(Br)cc1)C1CCN(C2CCCC2)CC1,1,train
O=C(NCc1ccccc1)N(c1ccc(Br)cc1)C1CCN(C2CCCC2)CC1,1,train
O=C(Nc1ccccc1)N(c1ccc(Br)cc1)C1CCN(C2CCCC2)CC1,1,train
O=C(NCc1ccc(F)cc1)N(c1ccc(Br)cc1)C1CCN(C2CCCC2)CC1,1,train
CCN1CCC(N(C(=O)NCc2ccc(F)cc2)c2ccc(Cl)cc2)CC1,1,train
CCN1CCC(N(C(=O)NCc2ccc(F)cc2)c2ccc(Cl)cn2)CC1,1,test
O=C(NCc1ccc(F)cc1)N(c1ccc(Cl)cc1)C1CCN(CCO)CC1,0,train
O=C(NCc1ccc(F)cc1)N(c1ccc(Br)cc1)C1CCN(CCO)CC1,1,train
O=C(NCc1ccc(F)cc1)N(c1ccc(Cl)cc1)C1CCN(Cc2ccncc2)CC1,1,train
Nc1cc(CN2CCC(N(C(=O)NCc3ccc(F)cc3)c3ccc(Cl)cc3)CC2)ccn1,1,train
O=C(NCc1ccc(F)cc1)N(c1ccc(Cl)cc1)C1CCN(Cc2ccnnc2)CC1,0,train
O=C(NCc1ccccc1)N(c1ccc(Br)cc1)C1CCN(Cc2ccncc2)CC1,1,train
O=C(NCc1ccccc1)N(c1ccc(Br)cc1)C1CCN(Cc2ccnnc2)CC1,0,train
Cc1ccc(C(=O)NC2CC2)cc1-c1cc2cnn(-c3c(F)cccc3F)c2n(C)c1=O,0,test
Cc1ccc(OC(=O)N(CC(=O)O)Cc2cccc(OCc3nc(-c4ccc(Cl)cc4)oc3C)c2)cc1,0,train
Cc1ccc(OC(=O)N(CC(=O)O)Cc2cccc(OCc3oc(-c4ccc(Cl)cc4)nc3C)c2)cc1,0,train
Cc1ccc(OC(=O)N(CC(=O)O)Cc2cccc(OCc3nc(-c4ccc(Cl)cc4)sc3C)c2)cc1,1,train
Cc1ccc(OC(=O)N(CC(=O)O)Cc2cccc(OCc3nc(-c4cccc(Cl)c4)oc3C)c2)cc1,1,train
Cc1ccc(OC(=O)N(CC(=O)O)Cc2cccc(OCc3nc(-c4ccc(F)cc4)oc3C)c2)cc1,0,train
Cc1ccc(OC(=O)N(CC(=O)O)Cc2cccc(OCc3nc(-c4ccc(C#N)cc4)oc3C)c2)cc1,0,train
COc1ccc(-c2nc(COc3cccc(CN(CC(=O)O)C(=O)Oc4ccc(C)cc4)c3)c(C)o2)cc1,1,train
Cc1ccc(OC(=O)N(CC(=O)O)Cc2cccc(OCc3nc(-c4ccc(C)cc4)oc3C)c2)cc1,0,train
Cc1ccc(OC(=O)N(CC(=O)O)Cc2cccc(OCc3nc(-c4ccc(C(F)(F)F)cc4)oc3C)c2)cc1,0,train
OCCN(CCc1c[nH]c2ccccc12)Cc1ccc(/C=C/C(O)=NO)cc1,0,train
Cc1[nH]c2ccccc2c1C1CCCN(Cc2ccc(/C=C/C(O)=NO)cc2)C1,0,train
Cc1[nH]c2ccccc2c1C1CCN(Cc2ccc(/C=C/C(O)=NO)cc2)C1,0,train
Cc1[nH]c2ccccc2c1CC1CCCCN1Cc1ccc(/C=C/C(O)=NO)cc1,1,test
Cc1[nH]c2ccccc2c1CCN1CCCC1c1ccc(/C=C/C(O)=NO)cc1,0,train
Cc1[nH]c2ccccc2c1CCN1Cc2ccc(/C=C/C(O)=NO)cc2C1,1,train
Cc1[nH]c2ccccc2c1CCN1CCc2cc(/C=C/C(O)=NO)ccc2C1,0,train
Cc1[nH]c2ccccc2c1CCN1CCc2ccc(/C=C/C(O)=NO)cc2C1,1,train
Cc1[nH]c2ccccc2c1CCN1CCc2ccc(/C=C/C(O)=NO)cc2CC1,1,train
ON=C(O)/C=C/c1ccc(CN2CCCC(c3c[nH]c4ccccc34)C2)cc1,0,train
ON=C(O)/C=C/c1ccc(CN2CCCC(c3c(-c4ccccc4)[nH]c4ccccc34)C2)cc1,0,train
CC(C)(C)c1[nH]c2ccccc2c1C1CCCN(Cc2ccc(/C=C/C(O)=NO)cc2)C1,0,train
ON=C(O)/C=C/c1ccc(CN2CCCC(c3c[nH]c4ccccc34)C2)c(F)c1,0,test
ON=C(O)/C=C/c1ccc(CN2CCCC(c3c(-c4ccccc4)[nH]c4ccccc34)C2)c(F)c1,0,train
CC(C)(C)c1[nH]c2ccccc2c1C1CCCN(Cc2ccc(/C=C/C(O)=NO)cc2F)C1,0,train
CC(C)(C)c1[nH]c2ccccc2c1C1CCCN(Cc2ccc(/C=C/C(O)=NO)cc2Cl)C1,1,train
O=C(CNC(=O)c1cccc(C(F)(F)F)c1)N[C@@H]1CCN(CCC2CCN(C(=O)c3cc(F)ccc3F)CC2)C1,1,test
CCOCCn1c([C@@H]2CCCN(C3CCOCC3)C2)nc2ccccc21,1,val
CN1CCC[C@@H](c2nc3ccccc3n2Cc2ccc(F)cc2)C1,1,train
CN1CCC[C@@H](c2nc3ccccc3n2Cc2ccccn2)C1,0,train
CN1CCC[C@H](c2nc3ccccc3n2Cc2ccc(F)cc2)C1,1,train
Cc1csc(Cn2c(C3CCCN(C4CCCCC4)C3)nc3ccccc32)n1,1,train
COc1ccc(Cn2c(C3CCCN(C4CCCCC4)C3)nc3ccccc32)cc1,1,train
COc1ccc(Cn2c(C3CCCN(C(C)C)C3)nc3ccccc32)cc1,1,train
Fc1ccc(Cn2c(C3CCCN(C4CCCCC4)C3)nc3ccccc32)cc1,1,train
CC(C)N1CCCC(c2nc3ccccc3n2Cc2ccc(F)cc2)C1,1,train
CN1CCCC(c2nc3ccccc3n2CC2CCCO2)C1,1,train
CCOCCn1c(C2CCCN(C)C2)nc2ccccc21,1,train
CN1CCCC(c2nc3ccccc3n2CCOc2ccccc2)C1,1,train
CCOCCn1c(N2CC[C@H](N(C)C)C2)nc2ccccc21,1,test
COc1ccc(Cn2c(N3CC[C@@H](N(C)C)C3)nc3ccccc32)cc1,1,train
O=C1NCc2c(-c3ccc(F)cc3F)cc(N3CCNCC3)cc2N1c1c(Cl)cccc1Cl,1,test
Nc1cc2c(ccc(=O)n2-c2c(F)cccc2F)c(-c2ccc(F)cc2F)n1,1,test
CCOCCn1nc(C)c2nc(NC3CCNCC3)nc(Nc3cc(C)ccn3)c21,1,test
CCOCCn1nc(CC)c2nc(N3CCC(C(=O)O)CC3)nc(Nc3cc(C)ccn3)c21,1,test
O=C(C1C[C@H](Oc2cccc(F)c2)CN1)N1CCCN(C2CCC2)CC1,1,train
O=C(C1C[C@H](Oc2ccc(F)cc2)CN1)N1CCCN(C2CCC2)CC1,1,train
CC(=O)N1C[C@@H](Oc2cccc(F)c2)CC1C(=O)N1CCCN(C2CCC2)CC1,1,train
O=C(C1C[C@H](Oc2ccc(Cl)cc2)CN1)N1CCCN(C2CCC2)CC1,1,train
O=C(C1C[C@H](Oc2cccc(Cl)c2)CN1)N1CCCN(C2CCC2)CC1,1,train
O=C(C1C[C@H](Oc2ccc(F)cc2)CN1)N1CCCN(C2CCCC2)CC1,1,train
N#Cc1ccc(O[C@@H]2CNC(C(=O)N3CCCN(C4CCCC4)CC3)C2)cc1,1,train
O=C(CN1CCCN(Cc2nc3ccccc3[nH]2)CC1)Nc1ccc(C(F)(F)F)cc1,1,val
O=C(CNc1ccccc1C(F)(F)F)N1CCCN(Cc2nc3ccccc3[nH]2)CC1,1,val
Cc1cccc(Nc2nc(N3CCNCC3)nc3c(C)nn(CCOCC(F)(F)F)c23)n1,1,train
CCc1nn(CCOCC(F)(F)F)c2c(Nc3ccncn3)nc(N3CCNCC3)nc12,1,train
Cc1nn(CCOCC(F)(F)F)c2c(Nc3ccncn3)nc(N3CCN[C@H](C)C3)nc12,1,train
CCc1nn(CCOCC(F)(F)F)c2c(Nc3ccncn3)nc(N3CCN[C@H](C)C3)nc12,1,train
CC(O)C(=O)NC1CC(C)(C)Oc2nc(-c3ccc(Cl)cc3Cl)c(-c3ccc(Cl)cc3)cc21,1,train
CC1(C)CC(NC(=O)C(C)(C)O)c2cc(-c3ccc(Cl)cc3)c(-c3ccc(Cl)cc3Cl)nc2O1,1,train
CC1(C)CC(NC(=O)C2(O)CC2)c2cc(-c3ccc(Cl)cc3)c(-c3ccc(Cl)cc3Cl)nc2O1,1,train
Cc1cc(Cl)ccc1-c1nc2c(cc1-c1ccc(Cl)cc1)C(NC(=O)C(O)C(F)(F)F)CC(C)(C)O2,1,train
CC1(C)CC(NC(=O)C(C)(O)C(F)(F)F)c2cc(-c3ccc(Cl)cc3)c(-c3ccc(Cl)cc3Cl)nc2O1,1,train
CC1(C)CC(NC(=O)CC(O)C(F)(F)F)c2cc(-c3ccc(Cl)cc3)c(-c3ccc(Cl)cc3Cl)nc2O1,1,train
CC1(C)CC(NC(=O)C(F)(F)CO)c2cc(-c3ccc(Cl)cc3)c(-c3ccc(Cl)cc3Cl)nc2O1,1,train
CCc1cc(C(=O)N[C@@H]2CC(C)(C)Oc3nc(-c4ccc(Cl)cc4Cl)c(-c4ccc(Cl)cc4)cc32)[nH]n1,1,train
Cc1c[nH]nc1C(=O)N[C@@H]1CC(C)(C)Oc2nc(-c3ccc(Cl)cc3Cl)c(-c3ccc(Cl)cc3)cc21,1,train
Cc1[nH]nc(C(=O)N[C@@H]2CC(C)(C)Oc3nc(-c4ccc(Cl)cc4Cl)c(-c4ccc(Cl)cc4)cc32)c1C,1,train
CC1(C)C[C@@H](NC(=O)c2cn[nH]c2)c2cc(-c3ccc(Cl)cc3)c(-c3ccc(Cl)cc3Cl)nc2O1,1,train
Cc1[nH]ncc1C(=O)N[C@@H]1CC(C)(C)Oc2nc(-c3ccc(Cl)cc3Cl)c(-c3ccc(Cl)cc3)cc21,1,train
Cc1n[nH]c(C)c1C(=O)N[C@@H]1CC(C)(C)Oc2nc(-c3ccc(Cl)cc3Cl)c(-c3ccc(Cl)cc3)cc21,1,train
Cc1n[nH]c(C(=O)N[C@@H]2CC(C)(C)Oc3nc(-c4ccc(Cl)cc4Cl)c(-c4ccc(Cl)cc4)cc32)n1,1,train
CC1(C)C[C@@H](NC(=O)c2[nH]nc3ccccc23)c2cc(-c3ccc(Cl)cc3)c(-c3ccc(Cl)cc3Cl)nc2O1,1,train
CC1(C)C[C@@H](NC(=O)c2ccc3[nH]ncc3c2)c2cc(-c3ccc(Cl)cc3)c(-c3ccc(Cl)cc3Cl)nc2O1,1,train
CC(=O)N[C@@H]1CC(C)(C)Oc2nc(-c3ccc(Cl)cc3Cl)c(-c3ccc(Cl)cc3)cc21,1,train
CC(=O)N[C@H]1CC(C)(C)Oc2nc(-c3ccc(Cl)cc3Cl)c(-c3ccc(Cl)cc3)cc21,1,train
Cc1cc(C(=O)N[C@@H]2CC(C)(C)Oc3nc(-c4ccc(Cl)cc4Cl)c(-c4ccc(Cl)cc4)cc32)[nH]n1,1,train
Cc1cc(CN2CCN(c3c(Br)cnc4[nH]c(N5CCN(C)CC5)nc34)CC2)no1,1,val
Cc1cc(CN2CCN(c3c(Cl)cnc4[nH]c(N5CCN(C)CC5)nc34)CC2)no1,1,train
CCOC(=O)c1cc(-c2ccc3cc(CCN4CCC[C@H]4C)ccc3n2)on1,1,val
C[C@@H]1CCCN1CCc1ccc2nc(-c3cc[nH]n3)ccc2c1,1,train
C[C@@H]1CCCN1CCc1ccc2nc(-c3cn[nH]c3)ccc2c1,1,train
Cc1[nH]ncc1-c1ccc2cc(CCN3CCC[C@H]3C)ccc2n1,1,train
Cc1c(-c2ccc3cc(CCN4CCC[C@H]4C)ccc3n2)cnn1C,1,train
Cc1nn(C)cc1-c1ccc2cc(CCN3CCC[C@H]3C)ccc2n1,1,train
Cc1n[nH]c(C)c1-c1ccc2cc(CCN3CCC[C@H]3C)ccc2n1,1,train
C[C@@H]1CCCN1CCc1ccc2nc(-c3ccoc3)ccc2c1,1,train
C[C@@H]1CCCN1CCc1ccc2nc(-c3ccsc3)ccc2c1,1,train
C[C@@H]1CCCN1CCc1ccc2nc(-c3cccs3)ccc2c1,1,train
C[C@@H]1CCCN1CCc1ccc2nc(-c3cncnc3)ccc2c1,1,train
COc1ncc(-c2ccc3cc(CCN4CCC[C@H]4C)ccc3n2)cn1,1,train
Cc1nc(N2CCCC2)ncc1-c1ccc2cc(CCN3CCC[C@H]3C)ccc2n1,1,train
Cc1cc(-c2ccc3cc(CCN4CCC[C@H]4C)ccc3n2)nc(-c2ccccc2)n1,1,train
CC1CCN(c2ccc3cc(CCN4CCC[C@H]4C)ccc3n2)CC1,1,train
C[C@@H]1CCCN1CCc1ccc2nc(-c3ccc(N4CCCCC4)cc3)ccc2c1,1,train
C[C@@H]1CCCN1CCc1ccc2nc(-c3ccc(-n4ccc(=O)cc4)cc3)ccc2c1,1,train
C[C@@H]1CCCN1CCc1ccc2nc(-c3cnc(-c4ccccc4)s3)ccc2c1,1,train
Cc1nc(-c2cccs2)sc1-c1ccc2cc(CCN3CCC[C@H]3C)ccc2n1,1,train
Cc1nc(-c2cnccn2)sc1-c1ccc2cc(CCN3CCC[C@H]3C)ccc2n1,1,train
Cc1nc(N2CCOCC2)sc1-c1ccc2cc(CCN3CCC[C@H]3C)ccc2n1,1,train
Cc1nc(-c2ccccn2)sc1-c1ccc2cc(CCN3CCC[C@H]3C)ccc2n1,1,train
Cc1nc(-c2cccnc2)sc1-c1ccc2cc(CCN3CCC[C@H]3C)ccc2n1,1,train
Cc1c(-c2ccc3cc(CCN4CCC[C@H]4C)ccc3n2)nnn1-c1ccc(F)cc1F,1,test
Cc1c(-c2ccc(Cl)cc2)noc1-c1ccc2cc(CCN3CCC[C@H]3C)ccc2n1,1,train
Cc1onc(-c2ccc(Cl)cc2)c1-c1ccc2cc(CCN3CCC[C@H]3C)ccc2n1,1,train
C[C@@H]1CCCN1CCc1ccc2nc(-c3c(-c4ccccc4)nn(C)c3Cl)ccc2c1,1,train
Cc1onc(-c2ccccc2)c1-c1ccc2cc(CCN3CCC[C@H]3C)ccc2n1,1,train
C[C@@H]1CCCN1CCc1ccc2nc(-c3nc4ccccc4s3)ccc2c1,1,train
Cc1c(-c2ccc3cc(CCN4CCC[C@H]4C)ccc3n2)sc2nc3ccccc3n12,1,train
Cc1c(-c2ccc3cc(CCN4CCC[C@H]4C)ccc3n2)sc2ncnn12,1,train
C[C@@H]1CCCN1CCc1ccc2nc(-c3cn4c(n3)SCC4)ccc2c1,1,train
Cc1nc2ccccn2c1-c1ccc2cc(CCN3CCC[C@H]3C)ccc2n1,1,train
C[C@@H]1CCCN1CCc1ccc2nc(-c3ccc4nccnc4c3)ccc2c1,1,train
Cc1nc2ncccc2cc1-c1ccc2cc(CCN3CCC[C@H]3C)ccc2n1,1,train
C[C@@H]1CCCN1CCc1ccc2nc(-c3ccc4c(c3)COCO4)ccc2c1,1,test
C[C@@H]1CCCN1CCc1ccc2nc(-c3ccc(C#N)s3)ccc2c1,1,train
CCOC(=N)c1ccc(-c2ccc3cc(CCN4CCC[C@H]4C)ccc3n2)s1,1,val
C[C@@H]1CCCN1CCc1ccc2nc(-c3ccccn3)ccc2c1,1,train
Cc1nc(-c2ccncc2)sc1-c1ccc2cc(CCN3CCC[C@H]3C)ccc2n1,1,train
Cc1nc(-c2nc(-c3ccc4cc(CCN5CCC[C@H]5C)ccc4n3)cs2)cs1,1,train
Cc1cc(-c2nc(-c3ccc4cc(CCN5CCC[C@H]5C)ccc4n3)cs2)no1,1,train
C[C@@H]1CCCN1CCc1ccc2nc(-c3cnc4c(c3)OCO4)ccc2c1,1,train
Cc1cc2ncc(-c3ccc4cc(CCN5CCC[C@H]5C)ccc4n3)c(C)n2n1,1,train
C[C@@H]1CCCN1CCc1ccc2nc(-c3ccn4ncnc4n3)ccc2c1,1,train
CNC[C@@H](O)CCN1c2ccccc2N(c2ccccc2)S1(=O)=O,1,train
CNC[C@@H](O)CCN1c2ccccc2N(c2c(F)cccc2F)S1(=O)=O,0,train
CNC[C@@H](O)CCN1c2ccccc2N(c2cc(F)ccc2F)S1(=O)=O,0,train
O=S(=O)(c1ccccc1)c1ccc(/C=C/c2ccc(F)cc2F)cc1,1,val
NC(=O)c1ccc(S(=O)(=O)c2ccc(/C=C/c3ccc(F)cc3F)cc2)cc1,1,val
CC(O)c1ccccc1S(=O)(=O)c1ccc(/C=C/c2ccc(F)cc2)cc1,1,val
C[C@H](O)c1ccccc1S(=O)(=O)c1ccc(/C=C/c2ccc(F)cc2)cc1,1,val
O=C(NCCCCN1CCCCC1)Nc1ccc(-c2ccc(F)cc2)nc1,1,test
COc1ccccc1CC(c1ccccc1)N1CCNCC1,0,train
CCCOc1ccccc1CC(c1ccccc1)N1CCNCC1,1,train
CC(C)Oc1ccccc1CC(c1ccccc1)N1CCNCC1,1,train
c1ccc(C(Cc2ccccc2OC2CC2)N2CCNCC2)cc1,1,train
c1ccc(C(Cc2ccccc2OCC2CC2)N2CCNCC2)cc1,1,val
c1ccc(C(Cc2cccc3c2OCC3)N2CCNCC2)cc1,0,test
FC(F)Oc1ccccc1CC(c1ccccc1)N1CCNCC1,0,train
FC(F)(F)Oc1ccccc1CC(c1ccccc1)N1CCNCC1,0,train
COc1c(F)cccc1CC(c1ccccc1)N1CCNCC1,0,train
COc1cccc(F)c1CC(c1ccccc1)N1CCNCC1,1,train
Fc1cccc(OC(F)F)c1CC(c1ccccc1)N1CCNCC1,0,train
COc1ccccc1CC(c1ccccc1F)N1CCNCC1,0,train
COc1ccccc1CC(c1ccc(F)cc1)N1CCNCC1,0,train
Fc1ccccc1C(Cc1ccccc1OC(F)F)N1CCNCC1,1,train
Fc1cccc(C(Cc2ccccc2OC(F)F)N2CCNCC2)c1,1,train
Fc1ccc(C(Cc2ccccc2OC(F)F)N2CCNCC2)cc1,1,train
Fc1ccccc1C(Cc1ccccc1OC(F)(F)F)N1CCNCC1,1,train
Fc1cccc(C(Cc2ccccc2OC(F)(F)F)N2CCNCC2)c1,1,test
Fc1ccc(C(Cc2ccccc2OC(F)(F)F)N2CCNCC2)cc1,1,train
COc1ccc(S(=O)(=O)N2CC(C(=O)N3CCCNCC3)c3ccccc32)c2ccccc12,1,test
CN1C[C@@H]2C[C@H]1CN2c1ccc(-c2ccc3occc3c2)nn1,1,train
CN1C[C@@H]2C[C@H]1CN2c1ccc(-c2ccc3sccc3c2)nn1,1,train
CN1C[C@@H]2C[C@H]1CN2c1ccc(-c2ccc3[nH]ccc3c2)nn1,1,train
CN1C[C@@H]2C[C@H]1CN2c1ccc(-c2ccc3[nH]c(C(F)(F)F)cc3c2)nn1,1,train
CN1C[C@@H]2C[C@H]1CN2c1ccc(-c2ccc3cc[nH]c3c2)nn1,1,train
Cc1cc2cc(-c3ccc(N4C[C@@H]5C[C@H]4CN5C)nn3)ccc2[nH]1,1,train
CN1C[C@@H]2C[C@H]1CN2c1cnc(-c2ccccc2)cn1,1,train
CN1C[C@@H]2C[C@H]1CN2c1cnc(-c2ccc3occc3c2)cn1,1,train
CN1C[C@@H]2C[C@H]1CN2c1cnc(-c2ccc3sccc3c2)cn1,1,train
CN1C[C@@H]2C[C@H]1CN2c1cnc(-c2ccc3[nH]ccc3c2)cn1,1,train
CN1C[C@@H]2C[C@H]1CN2c1cnc(-c2ccc3[nH]c(C(F)(F)F)cc3c2)cn1,1,train
CN1C[C@@H]2C[C@H]1CN2c1cnc(-c2ccc3cc[nH]c3c2)cn1,1,train
CN1C[C@@H]2C[C@H]1CN2c1ncc(-c2ccccc2)cn1,1,test
CN1C[C@@H]2C[C@H]1CN2c1ncc(-c2ccc3occc3c2)cn1,1,train
CN1C[C@@H]2C[C@H]1CN2c1ncc(-c2ccc3sccc3c2)cn1,1,train
CN1C[C@@H]2C[C@H]1CN2c1ncc(-c2ccc3[nH]ccc3c2)cn1,1,train
CN1C[C@@H]2C[C@H]1CN2c1ncc(-c2ccc3[nH]c(C(F)(F)F)cc3c2)cn1,1,train
CN1C[C@@H]2C[C@H]1CN2c1ncc(-c2cccc3[nH]ccc23)cn1,1,test
CN1C[C@@H]2C[C@H]1CN2c1ccc(-c2ccccc2)cn1,1,train
CN1C[C@@H]2C[C@H]1CN2c1ccc(-c2ccc3occc3c2)cn1,1,train
CN1C[C@@H]2C[C@H]1CN2c1ccc(-c2ccc3sccc3c2)cn1,1,train
CN1C[C@@H]2C[C@H]1CN2c1ccc(-c2ccc3[nH]ncc3c2)cn1,1,train
CN1C[C@@H]2C[C@H]1CN2c1ccc(-c2ccc3[nH]ccc3c2)cn1,1,train
CN1C[C@@H]2C[C@H]1CN2c1ccc(-c2ccc3[nH]c(C(F)(F)F)cc3c2)cn1,1,train
CN1C[C@@H]2C[C@H]1CN2c1ccc(-c2cccc3[nH]ccc23)cn1,1,train
CN1C[C@@H]2C[C@H]1CN2c1ccc(-c2ccc3cc[nH]c3c2)cn1,1,train
CC1(C)CC(NC(=O)CCO)c2cc(-c3ccc(Cl)cc3)c(-c3ccc(Cl)cc3Cl)nc2O1,1,train
CN1c2nc(-c3ccc(Cl)cc3Cl)c(-c3ccc(Cl)cc3)cc2C(C(=O)NCO)CC1(C)C,1,test
Cn1nccc1-c1cc(NC(=O)c2ccc(F)cc2F)ccc1OCCN1CCOCC1,1,train
Cn1nccc1-c1cc(NC(=O)c2cccc(C(F)(F)F)c2)ccc1OCCN1CCOCC1,1,train
COc1cccc(C(=O)Nc2ccc(OCCN3CCOCC3)c(-c3ccnn3C)c2)c1,0,train
CC(=O)N1CCN(CCOc2ccc(NC(=O)c3cccc(F)c3)cc2-c2ccnn2C)CC1,1,train
C[C@@H]1CCCN1CCc1cc2cc(-c3ccc(C#N)cc3)ccc2o1,1,val
C[C@@H]1CCCN1CCc1ccc2nc(-c3ccc(C#N)cc3)ccc2c1,1,train
C[C@@H]1CCCN1CCc1ccc2ncccc2c1,1,train
Cc1ccc2cc(CCN3CCC[C@H]3C)ccc2n1,0,train
C[C@@H]1CCCN1CCc1ccc2nc(C3CC3)ccc2c1,0,train
C[C@@H]1CCCN1CCc1ccc2nc(C(C)(C)C)ccc2c1,1,train
C[C@@H]1CCCN1CCc1ccc2nc(-c3nccs3)ccc2c1,1,train
C[C@@H]1CCCN1CCc1ccc2nc(C3=NCCS3)ccc2c1,1,train
Cc1nc(C)c(-c2ccc3cc(CCN4CCC[C@H]4C)ccc3n2)s1,1,train
C[C@@H]1CCCN1CCc1ccc2nc(-c3cccnc3)ccc2c1,1,train
C[C@@H]1CCCN1CCc1ccc2nc(-c3ccncc3)ccc2c1,1,train
C[C@@H]1CCCN1CCc1ccc2nc(-c3ccc(Cl)nc3)ccc2c1,1,train
Cc1ccc(-c2ccc3cc(CCN4CCC[C@H]4C)ccc3n2)cn1,1,train
Cc1ccc(-c2ccc3cc(CCN4CCC[C@H]4C)ccc3n2)c(C)n1,1,train
Cc1nc(C)c(-c2ccc3cc(CCN4CCC[C@H]4C)ccc3n2)cc1C#N,1,train
Cc1nc(C)c(-c2ccc3cc(CCN4CCC[C@H]4C)ccc3n2)cc1C(N)=O,1,val
C[C@@H]1CCCN1CCc1ccc2nc(-c3c(C(F)(F)F)[nH]ccc3=O)ccc2c1,1,val
C[C@@H]1CCCN1CCc1ccc2nc(-c3cnccn3)ccc2c1,1,train
C[C@@H]1CCCN1CCc1ccc2nc(-c3csc(-c4cc(Cl)nc(Cl)c4)n3)ccc2c1,1,train
C[C@@H]1CCCN1CCc1ccc2nc(-c3csc(-c4ccccc4)n3)ccc2c1,1,train
C[C@@H]1CCCN1CCc1ccc2nc(-c3csc(-c4ccc(OCC(F)(F)F)nc4)n3)ccc2c1,1,test
Cc1ccc(-c2ccc(-c3ccc4cc(CCN5CCC[C@H]5C)ccc4n3)s2)s1,1,train
Cc1c(-c2ccc3cc(CCN4CCC[C@H]4C)ccc3n2)cnn1-c1ccc(Cl)c(Cl)c1,1,train
Cc1c(-c2ccc3cc(CCN4CCC[C@H]4C)ccc3n2)cnn1-c1ccccn1,1,train
Cc1cc(C(F)(F)F)cc(-n2ncc(-c3ccc4cc(CCN5CCC[C@H]5C)ccc4n3)c2C)n1,1,train
CCOc1ccc(-n2ncc(-c3ccc4cc(CCN5CCC[C@H]5C)ccc4n3)c2C)nn1,1,train
Cc1c(-c2ccc3cc(CCN4CCC[C@H]4C)ccc3n2)cnn1-c1ccc(N(C)C)nn1,1,train
Cc1nc(C)c(-c2ccc3cc(CCN4CCC[C@H]4C)ccc3n2)o1,1,train
C[C@@H]1CCCN1CCc1ccc2nc(-c3cc(Br)no3)ccc2c1,1,train
CCOC(=O)c1c(C)noc1-c1ccc2cc(CCN3CCC[C@H]3C)ccc2n1,1,train
O=C(O)c1ccccc1Oc1ccc(Cl)cc1NS(=O)(=O)c1ccc(Cl)c(Cl)c1,1,test
Nc1ncc(-c2cnn(C3CCNCC3)c2)cc1-c1nc2ccccc2o1,1,test
O=C(c1ccc(Oc2ccc(F)cc2)cn1)N1CCCN(C2CCC2)CC1,1,test
O=C(c1ccc(Oc2cccc(F)c2)nc1)N1CCCN(C2CCC2)CC1,1,train
N#Cc1cccc(Oc2ccc(C(=O)N3CCCN(C4CCC4)CC3)cn2)c1,1,train
O=C(c1ccc(Oc2cccc(Cl)c2)nc1)N1CCCN(C2CCC2)CC1,1,train
O=C(c1ccc(Oc2ccc(Cl)cc2)nc1)N1CCCN(C2CCC2)CC1,1,train
c1ccc(N2CCN(CCCCCCN3CCN(c4ccccc4)CC3)CC2)cc1,1,train
Cc1cccc(N2CCN(CCCCCCN3CCN(c4cccc(C)c4)CC3)CC2)c1,1,train
COc1cccc(N2CCN(CCCCCCN3CCN(c4cccc(OC)c4)CC3)CC2)c1,1,train
Clc1cccc(N2CCN(CCCCCCN3CCN(c4cccc(Cl)c4)CC3)CC2)c1,1,train
c1ccc(N2CCN(CCCCCCN3CCN(c4ccccn4)CC3)CC2)cc1,0,val
Cc1cccc(N2CCN(CCCCCCN3CCN(c4ccccc4)CC3)CC2)n1,1,train
Cc1cccc(N2CCN(CCCCCCN3CCN(c4ccccc4)CC3)CC2)c1,1,train
c1ccc(N2CCN(CCCCCCN3CCN(c4ccnc5ccccc45)CC3)CC2)cc1,1,test
Cc1cccc(N2CCN(CCCCCCN3CCN(c4ccccn4)CC3)CC2)c1,1,train
Cc1cccc(N2CCN(CCCCCCN3CCN(c4cccc(C)n4)CC3)CC2)c1,1,train
Cc1cccc(N2CCN(CCCCCCN3CCN(c4ccnc5ccccc45)CC3)CC2)c1,1,train
COc1cccc(N2CCN(CCCCCCN3CCN(c4cccc(Cl)c4)CC3)CC2)c1,1,test
CC(C)COc1ccc(S(C)(=O)=O)cc1C(=O)N1CCN(c2ccc(C#N)cc2F)CC1,1,train
CC(C)Oc1ccc(S(C)(=O)=O)cc1C(=O)N1CCN(c2ccc(C#N)cc2F)CC1,1,train
CS(=O)(=O)c1ccc(OCC(F)(F)F)c(C(=O)N2CCN(c3ccc(C#N)cc3F)CC2)c1,1,train
CC(Oc1ccc(S(C)(=O)=O)cc1C(=O)N1CCN(c2ccc(C#N)cc2F)CC1)C(F)(F)F,1,train
CC(Oc1ccc(S(C)(=O)=O)cc1C(=O)N1CCN(c2ccc(C#N)cc2)CC1)C(F)(F)F,1,train
CC(Oc1ccc(S(C)(=O)=O)cc1C(=O)N1CCN(c2ccc(C(F)(F)F)cc2)CC1)C(F)(F)F,1,train
CC(Oc1ccc(S(C)(=O)=O)cc1C(=O)N1CCN(c2ccc(C(F)(F)F)cc2F)CC1)C(F)(F)F,1,train
CC(Oc1ccc(S(C)(=O)=O)cc1C(=O)N1CCN(c2ccc(C(F)(F)F)cn2)CC1)C(F)(F)F,0,train
CC(Oc1ccc(S(C)(=O)=O)cc1C(=O)N1CCN(c2ncc(C(F)(F)F)cc2F)CC1)C(F)(F)F,0,train
CC(Oc1ccc(S(C)(=O)=O)cc1C(=O)N1CCN(c2ncc(C(F)(F)F)cc2Cl)CC1)C(F)(F)F,1,train
C[C@H](Oc1ccc(S(C)(=O)=O)cc1C(=O)N1CCN(c2ncc(C(F)(F)F)cc2F)CC1)C(C)(C)C,0,train
C[C@@H](Oc1ccc(S(C)(=O)=O)cc1C(=O)N1CCN(c2ncc(C(F)(F)F)cc2F)CC1)C(C)(C)C,0,train
Cc1ncoc1-c1nnc(SCCCN2CC3CC3(c3ccc(S(F)(F)(F)(F)F)cc3)C2)n1C,1,train
Cc1ncoc1-c1nnc(SCCCN2CC3CC3(c3cccc(S(F)(F)(F)(F)F)c3)C2)n1C,1,train
O=C(C1CCOC1)N1C[C@@H]2[C@H](CNc3nc(-c4ccccn4)cs3)[C@@H]2C1,1,test
c1cncc(-c2ccccc2O[C@H]2C[C@@H]3CNC[C@H]2C3)c1,1,train
Oc1cncc(-c2ccccc2O[C@H]2C[C@@H]3CNC[C@H]2C3)c1,1,train
Fc1ccncc1-c1ccccc1O[C@H]1C[C@@H]2CNC[C@H]1C2,1,train
Cc1c(C(=O)NCCCN2CCN(c3cccc(Cl)c3Cl)CC2)cc(-c2ccccc2)n1C,1,train
CCCn1c(-c2ccccc2)cc(C(=O)NCCCN2CCN(c3cccc(Cl)c3Cl)CC2)c1C,1,train
CCCn1c(-c2ccccc2)cc(C(=O)N(C)CCCN2CCN(c3cccc(C)c3C)CC2)c1C,1,val
Cc1c(C(=O)N(C)CCCN2CCN(c3cccc(Cl)c3Cl)CC2)cc(-c2ccccc2)n1C,1,train
Cc1[nH]c(-c2ccccc2)cc1C(=O)NCCCN1CCN(c2cccc(Cl)c2Cl)CC1,1,train
Cc1[nH]c(-c2ccccn2)cc1C(=O)NCCCN1CCN(c2cccc(Cl)c2Cl)CC1,1,test
Cc1c(C(=O)NCCCN2CCN(c3cccc(Cl)c3Cl)CC2)cc(-c2ccccn2)n1C,1,train
CCCn1c(-c2ccccn2)cc(C(=O)NCCCN2CCN(c3cccc(Cl)c3Cl)CC2)c1C,1,train
Cc1c(C(=O)NCCCN2CCN(c3cccc(Cl)c3Cl)CC2)cc(-c2cccnc2)n1C,1,train
Cc1cccc(N2CCN(CCNC(=O)c3cc(C(C)(C)C)n(C)c3C)CC2)c1C,0,test
Cc1c(C(=O)NCCN2CCN(c3cccc(Cl)c3Cl)CC2)cc(C(C)(C)C)n1C,1,train
N#Cc1ccc(N2N=C(c3ccc4[nH]c(=O)oc4c3)C[C@@H]2c2ccc(F)cc2)cc1,1,test
CN(C)CCN(C)C(=O)c1ccc(C2=NN(c3ccc(C#N)cc3)C(c3ccc(F)cc3)C2)cc1,1,test
NC(=O)c1cnc(-c2cnc3c(Nc4ccc(C(F)(F)F)cn4)ccnc3n2)c(C(F)(F)F)c1,1,test
Cn1cc(Br)c(C(=O)N2CCN(CC(=O)c3ccc(F)cc3)CC2)n1,0,val
Cn1cc(Cl)c(C(=O)N2CCN(CC(=O)c3ccc(F)cc3)CC2)n1,0,val
CC(C)c1ccc(S(=O)(=O)Nc2ccc([C@@]34C[C@@H]3CN(C)C4)cc2)cc1,1,train
CCN1C[C@H]2C[C@@]2(c2ccc(NS(=O)(=O)c3ccc(C(C)C)cc3)cc2)C1,1,train
C=CCN1C[C@H]2C[C@@]2(c2ccc(NS(=O)(=O)c3ccc(C(C)C)cc3)cc2)C1,1,test
COc1cc([C@]23CNC[C@H]2C3)ccc1NS(=O)(=O)c1ccc(C(C)C)cc1,1,train
O=S(=O)(Nc1ccc([C@]23CNC[C@H]2C3)cc1)c1ccc(C(F)(F)F)cc1,1,train
O=S(=O)(Nc1ccc([C@]23CNC[C@H]2C3)cc1)c1ccc(OC(F)(F)F)cc1,1,train
CC(C)c1ccc(S(=O)(=O)Cc2ccc([C@]34CNC[C@H]3C4)cc2)cc1,1,train
CC(C)c1ccc(CS(=O)(=O)c2ccc([C@]34CNC[C@H]3C4)cc2)cc1,1,train
CCCCc1ccc(S(=O)(=O)Nc2ccc([C@]34CNC[C@H]3C4)cc2)cc1,1,train
CCC(C)(C)c1ccc(S(=O)(=O)Nc2ccc([C@]34CNC[C@H]3C4)cc2)cc1,1,train
CC(C)c1ccc(S(=O)(=O)Nc2ccc(C34CNCC3C4)cc2)cc1,1,train
Cc1ccc(CN2[C@@H]3CC[C@H]2C[C@@H](Oc2cccc(C(N)=O)c2)C3)s1,1,train
NC(=O)c1cccc(O[C@H]2C[C@H]3CC[C@@H](C2)N3CC2CCCCC2)c1,1,train
NC(=O)c1cccc(O[C@H]2C[C@H]3CC[C@@H](C2)N3Cc2ccccc2)c1,1,train
NC(=O)c1cccc(O[C@@H]2C[C@H]3CC[C@@H](C2)N3Cc2ccccc2)c1,1,train
NC(=O)c1cccc(C[C@H]2C[C@H]3CC[C@@H](C2)N3Cc2ccccc2)c1,1,train
NC(=O)c1cccc(C[C@@H]2C[C@H]3CC[C@@H](C2)N3Cc2ccccc2)c1,1,train
NC(=O)c1cccc(S[C@H]2C[C@H]3CC[C@@H](C2)N3Cc2ccccc2)c1,1,train
NC(=O)c1cccc([S+]([O-])[C@H]2C[C@H]3CC[C@@H](C2)N3Cc2ccccc2)c1,0,train
NC(=O)c1cccc(N[C@H]2C[C@H]3CC[C@@H](C2)N3Cc2ccccc2)c1,1,train
NC(=O)c1ccnc(O[C@H]2C[C@H]3CC[C@@H](C2)N3Cc2ccccc2)c1,1,train
NC(=O)c1cc(O[C@H]2C[C@H]3CC[C@@H](C2)N3Cc2ccccc2)ccn1,1,train
NC(=O)c1cncc(O[C@H]2C[C@H]3CC[C@@H](C2)N3Cc2ccccc2)c1,1,train
NC(=O)c1cccc(O[C@H]2C[C@H]3CC[C@@H](C2)N3Cc2ccccc2)n1,1,train
NC(=O)c1cncc(O[C@H]2C[C@H]3CC[C@@H](C2)N3Cc2ccccc2)n1,0,test
NC(=O)c1cc(F)cc(O[C@H]2C[C@H]3CC[C@@H](C2)N3Cc2ccccc2)c1,1,train
Cc1cc(O[C@H]2C[C@H]3CC[C@@H](C2)N3Cc2ccccc2)cc(C(N)=O)c1,1,train
Cc1c(O[C@H]2C[C@H]3CC[C@@H](C2)N3Cc2ccccc2)cccc1C(N)=O,1,train
NC(=O)c1ccccc1O[C@H]1C[C@H]2CC[C@@H](C1)N2Cc1ccccc1,1,train
NC(=O)c1ccc(O[C@H]2C[C@H]3CC[C@@H](C2)N3Cc2ccccc2)cc1,1,train
Cc1cc(C(N)=O)ccc1O[C@H]1C[C@H]2CC[C@@H](C1)N2Cc1ccccc1,1,train
NC(=O)c1ccc(O[C@H]2C[C@H]3CC[C@@H](C2)N3Cc2ccccc2)c(F)c1,1,train
NC(=O)c1ccc(O[C@H]2C[C@H]3CC[C@@H](C2)N3Cc2ccccc2)nc1,1,train
Oc1cccc(O[C@H]2C[C@H]3CC[C@@H](C2)N3Cc2ccccc2)c1,1,train
CCCC1(C(=O)c2cc(F)c3[nH]ccc3c2)CCCN1,1,test
CCCC1(C(=O)c2ccc(Cl)c(Cl)c2)CCCN1,1,test
CC(C)c1ccc(S(=O)(=O)Nc2ccc([C@]34CNC[C@H]3C4)cc2)cc1,1,train
CC(C)N1CC(C(=O)Nc2ccc(Cl)cn2)C(C(=O)Nc2ccc(-n3ccccc3=O)cc2F)C1,0,test
CN(C(=O)CC[C@@H](C1CCCCC1)N1Cc2cc(Oc3ccccc3)ccc2N=C1N)C1CCCCC1,1,test
CC[C@@H](CC(=O)NCC1CCCCC1)n1c(N)nc2cc(Cl)ccc21,1,val
Cc1c(C(=O)NN2CCCCC2)nn(-c2ccc(Cl)cc2Cl)c1-c1ccc(Cl)cc1,1,test
C[C@H](NC(=O)C(C)(C)Oc1ccc(C(F)(F)F)cn1)[C@@H](Cc1ccc(Cl)cc1)c1cccc(C#N)c1,0,test
CC(C)(C)c1nnc(-c2nn(-c3ccccc3Cl)c(-c3ccc(Br)cc3)c2Cn2cncn2)s1,0,val
Cc1ccc2c(N3CCN(CCc4cccc5c4OCc4nccn4-5)CC3)cccc2n1,1,train
Cc1cn2c(n1)COc1c(CCN3CCN(c4cccc5nc(C)ccc45)CC3)cccc1-2,1,train
Cc1ccc2c(N3CCN(CCc4cccc5c4OCc4nc(C)c(C)n4-5)CC3)cccc2n1,1,train
Cc1ccc2c(N3CCN(CCc4cccc5c4OCc4nc(C(F)(F)F)cn4-5)CC3)cccc2n1,1,train
Cc1ccc2c(N3CCN(CCc4cccc5c4OCc4cncn4-5)CC3)cccc2n1,1,train
Cc1ccc2c(N3CCN(CCc4cccc5c4OCc4nnc(C)n4-5)CC3)cccc2n1,0,train
Cc1ccc2c(N3CCN(CCc4cccc5c4OCc4c(C)nnn4-5)CC3)cccc2n1,1,train
Cc1ccc2c(N3CCN(CCc4cccc5c4OCc4nnnn4-5)CC3)cccc2n1,1,train
CCOC(=O)c1ncn2c1COc1c(CCN3CCN(c4cccc5nc(C)ccc45)CC3)cccc1-2,1,train
CC(=O)c1ncn2c1COc1c(CCN3CCN(c4cccc5nc(C)ccc45)CC3)cccc1-2,1,train
CO/N=C(\C)c1ncn2c1COc1c(CCN3CCN(c4cccc5nc(C)ccc45)CC3)cccc1-2,1,train
Cc1ccc2c(N3CCN(CCc4cccc5c4OCc4c(C(=O)N(C)C)ncn4-5)CC3)cccc2n1,1,train
Cc1ccc2c(N3CCN(CCc4cccc5c4OCc4c(C#N)ncn4-5)CC3)cccc2n1,1,train
Cc1ccc2c(N3CCN(CCc4cccc5c4OCc4c(C(N)=O)ncn4-5)CC3)cccc2n1,0,train
Cc1ccc2c(N3CCN(CCc4cccc5c4OCc4c(C(=O)NC(C)C)ncn4-5)CC3)cccc2n1,1,train
Cc1ccc2c(N3CCN(CCc4cccc5c4OCc4c(C(=O)NC6CC6)ncn4-5)CC3)cccc2n1,1,train
Cc1ccc2c(N3CCN(CCc4cccc5c4OCc4c(C(=O)NC6CCC6)ncn4-5)CC3)cccc2n1,1,train
Cc1ccc2c(N3CCN(CCc4cccc5c4OCc4c(C(=O)NC6CCCC6)ncn4-5)CC3)cccc2n1,1,train
Cc1ccc2c(N3CCN(CCc4cccc5c4OCc4c(C(=O)NCC6CC6)ncn4-5)CC3)cccc2n1,1,train
Cc1ccc2c(N3CCN(CCc4cccc5c4OCc4c(C(=O)N6CCC6)ncn4-5)CC3)cccc2n1,1,train
Cc1ccc2c(N3CCN(CCc4cccc5c4OCc4c(C(=O)N6CCCC6)ncn4-5)CC3)cccc2n1,1,train
Cc1ccc2c(N3CCN(CCc4cccc5c4OCc4c(C(=O)N6CCCCC6)ncn4-5)CC3)cccc2n1,1,train
Cc1ccc2c(N3CCN(CCc4cccc5c4OCc4c(C(=O)N6CCOCC6)ncn4-5)CC3)cccc2n1,1,train
CNC(=O)c1ncn2c1COc1c(CCN3CCN(c4cccc5nc(C)ccc45)CC3)cccc1-2,1,train
C[C@H]1Cc2c([nH]c3cc(Cl)c(F)cc23)[C@@]2(N1)C(=O)Nc1ccc(Cl)cc12,0,test
NC(=O)c1cccc(O[C@@H]2C[C@H]3CC[C@@H](C2)N3Cc2cccs2)c1,1,train
Cc1ccc(CN2[C@@H]3CC[C@H]2C[C@H](Oc2cccc(C(N)=O)c2)C3)s1,1,train
Cc1ccc(CN2[C@@H]3CC[C@H]2C[C@H](Oc2cccc(C(N)=O)c2)C3)o1,1,train
NC(=O)c1cccc(O[C@@H]2C[C@H]3CC[C@@H](C2)N3CCc2ccccc2)c1,1,train
NC(=O)c1cccc(O[C@@H]2C[C@H]3CC[C@@H](C2)N3CCCc2ccccc2)c1,1,train
Cc1ccc(CN2[C@@H]3CC[C@H]2C[C@H](Oc2cccc(C(N)=O)c2)C3)cc1,1,train
Cc1cccc(CN2[C@@H]3CC[C@H]2C[C@H](Oc2cccc(C(N)=O)c2)C3)c1,1,train
Cc1ccccc1CN1[C@@H]2CC[C@H]1C[C@H](Oc1cccc(C(N)=O)c1)C2,1,train
NC(=O)c1cccc(O[C@@H]2C[C@H]3CC[C@@H](C2)N3Cc2ccncc2)c1,1,train
NC(=O)c1cccc(O[C@@H]2C[C@H]3CC[C@@H](C2)N3Cc2cccnc2)c1,1,train
NC(=O)c1cccc(O[C@@H]2C[C@H]3CC[C@@H](C2)N3Cc2ccccn2)c1,1,train
NC(=O)c1cccc(O[C@@H]2C[C@H]3CC[C@@H](C2)N3CC2CC2)c1,1,train
NC(=O)c1cccc(O[C@@H]2C[C@H]3CC[C@@H](C2)N3CC2CCCCC2)c1,1,train
NC(=O)c1cccc(O[C@@H]2C[C@H]3CC[C@@H](C2)N3Cc2ccc3c(c2)OCO3)c1,1,train
CS(=O)(=O)Cc1ccc(CN2[C@@H]3CC[C@H]2C[C@H](Oc2cccc(C(N)=O)c2)C3)cc1,1,train
NC(=O)c1cccc(O[C@@H]2C[C@H]3CC[C@@H](C2)N3CC(=O)Nc2ccccc2)c1,1,train
CC(c1ccccc1)N1[C@@H]2CC[C@H]1C[C@H](Oc1cccc(C(N)=O)c1)C2,1,train
Cc1ccc(C(C)N2[C@@H]3CC[C@H]2C[C@H](Oc2cccc(C(N)=O)c2)C3)s1,1,train
Cc1ccccc1C(C)N1[C@@H]2CC[C@H]1C[C@H](Oc1cccc(C(N)=O)c1)C2,1,train
NC(=O)c1cccc(O[C@@H]2C[C@H]3CC[C@@H](C2)N3C2CCCc3ccccc32)c1,1,test
NC(=O)c1cccc(O[C@@H]2C[C@H]3CC[C@@H](C2)N3C2CCCCC2)c1,1,train
CC(C)(c1ccccc1)N1[C@@H]2CC[C@H]1C[C@H](Oc1cccc(C(N)=O)c1)C2,1,train
NC(=O)c1cccc(O[C@@H]2C[C@H]3CC[C@@H](C2)N3C2(c3ccccc3)CC2)c1,1,train
CC(c1ccncc1)N1[C@@H]2CC[C@H]1C[C@H](Oc1cccc(C(N)=O)c1)C2,1,train
C[C@H](c1ccccc1)N1[C@@H]2CC[C@H]1C[C@H](Oc1cccc(C(N)=O)c1)C2,1,train
C[C@@H](c1ccccc1)N1[C@@H]2CC[C@H]1C[C@H](Oc1cccc(C(N)=O)c1)C2,1,train
COc1cccc([C@@H](C)N2[C@@H]3CC[C@H]2C[C@H](Oc2cccc(C(N)=O)c2)C3)c1,1,train
Cc1ccc([C@@H](C)N2[C@@H]3CC[C@H]2C[C@H](Oc2cccc(C(N)=O)c2)C3)cn1,1,train
C[C@H](c1ccnc(Cl)c1)N1[C@@H]2CC[C@H]1C[C@H](Oc1cccc(C(N)=O)c1)C2,1,train
C[C@H](c1ccc(Cl)nc1)N1[C@@H]2CC[C@H]1C[C@H](Oc1cccc(C(N)=O)c1)C2,1,train
Cc1ccc([C@@H](C)N2[C@@H]3CC[C@H]2C[C@H](Oc2cccc(C(N)=O)c2)C3)s1,1,train
O=C1NCc2ccc(OCCCN3CCN(c4cccc5cc(F)ccc45)CC3)cc21,1,train
c1ccc2c(N3CCN(CCCOc4ccc5c(c4)CNC5)CC3)cccc2c1,1,val
O=C1NCc2ccc(OCCCN3CCN(c4cccc5cc(F)c(F)cc45)CC3)cc21,1,train
Fc1ccc2cccc(N3CCN(CCCOc4ccc5c(c4)CNC5)CC3)c2c1,1,train
O=C1NCc2ccc(OCCCCN3CCN(c4cccc5cc(F)ccc45)CC3)cc21,1,train
O=C1NCc2ccc(OCCCN3CCN(c4cccc5cccc(F)c45)CC3)cc21,1,train
c1ccc2c(N3CCN(CCCCOc4ccc5c(c4)CNC5)CC3)cccc2c1,1,val
Fc1ccc2cccc(N3CCN(CCCCOc4ccc5c(c4)CNC5)CC3)c2c1,1,train
O=C1NCc2ccc(OCCCCN3CCN(c4cccc5ccccc45)CC3)cc21,1,train
O=C1NCc2ccc(OCCCCN3CCN(c4cccc5cc(F)c(F)cc45)CC3)cc21,1,train
O=C1NCc2ccc(OCCCCN3CCN(c4cccc5cccc(F)c45)CC3)cc21,1,train
O=C1NCc2ccc(OCCCN3CCN(c4cccc5ccccc45)CC3)cc21,1,train
O=C1NCc2ccc(OCCCN3CCN(c4cccc5ccc(F)cc45)CC3)cc21,1,train
Cc1ncoc1-c1nnc(SCCCN2CCC3CC3(c3ccccc3)C2)n1C,1,train
Cc1ncoc1-c1nnc(SCCCN2CCC3(c4ccccc4)CC3C2)n1C,1,train
Cc1ncoc1-c1nnc(SCCCN2CCC3CC3(c3ccc(C(F)(F)F)cc3)C2)n1C,1,train
Cc1ncoc1-c1nnc(SCCCN2CCC3(c4ccc(C(F)(F)F)cc4)CC3C2)n1C,1,train
Cc1ncoc1-c1nnc(SCCCN2CCC3CC3(c3cccc(C(F)(F)F)c3)C2)n1C,1,train
Cc1ncoc1-c1nnc(SCCCN2CCC3(c4cccc(C(F)(F)F)c4)CC3C2)n1C,1,train
Cc1ncoc1-c1nnc(SCCCN2CCC3CC3(c3ccc(C(F)(F)F)cc3)CC2)n1C,1,train
Cc1nc(C)c(-c2nnc(SCCCN3CCC4CC4(c4ccc(C(F)(F)F)cc4)CC3)n2C)o1,1,train
Cc1nc(C)c(-c2nnc(SCCCN3CCC4CC4(c4ccc(C(F)(F)F)cc4)CC3)n2C)s1,1,train
Cn1c(SCCCN2CCC3CC3(c3ccc(C(F)(F)F)cc3)CC2)nnc1-c1ccnnc1,1,train
Cc1ncoc1-c1nnc(SCCCN[C@@H]2CC[C@]3(c4ccc(C(F)(F)F)cc4)CC23)n1C,1,train
Cc1ncoc1-c1nnc(SCCCN[C@H]2CC[C@]3(c4ccc(C(F)(F)F)cc4)CC23)n1C,1,train
Cc1ncoc1-c1nnc(SCCCN[C@@H]2CC[C@]3(c4ccc(C(F)(F)F)cc4F)CC23)n1C,1,train
Cc1ncoc1-c1nnc(SCCCN[C@@H]2CC3C[C@]3(c3ccc(C(F)(F)F)cc3F)C2)n1C,1,train
Cc1ncoc1-c1nnc(SCCCN2CCC3(CCCc4cc(Br)ccc43)C2)n1C,1,train
Cc1ncoc1-c1nnc(SCCCN2CCC3(CCCc4ccc(Br)cc43)C2)n1C,1,train
COc1ccc2c(c1)CCCC21CCN(CCCSc2nnc(-c3ocnc3C)n2C)C1,1,train
COc1cccc2c1CCCC21CCN(CCCSc2nnc(-c3ocnc3C)n2C)C1,1,train
COc1ccc2c(c1)C1(CCC2)CCN(CCCSc2nnc(-c3ocnc3C)n2C)C1,1,train
Cc1ncoc1-c1nnc(SCCCN2CCC3(CCOc4ccccc43)C2)n1C,1,train
Cc1ncoc1-c1nnc(SCCCN2CCC3(CCc4cc(Br)ccc43)C2)n1C,1,train
Cc1ncoc1-c1nnc(SCCCN2CCC3(CCc4c(Br)cccc43)C2)n1C,1,train
Cc1ncoc1-c1nnc(SCCCN2CCC3(CCc4ccc(Br)cc43)C2)n1C,1,train
Cc1nc(C)c(-c2nnc(SCCCN3CCC4(CCc5ccc(Cl)cc54)C3)n2C)s1,1,train
Cc1nc(C)c(-c2nnc(SCCCN3CCC4(CCc5cc(Cl)ccc54)C3)n2C)s1,1,train
Cc1ncoc1-c1nnc(SCCCN2CCC3(CCc4cc(F)ccc43)C2)n1C,1,train
Cc1nc(C)c(-c2nnc(SCCCN3CCC4(CCc5ccc(F)cc54)C3)n2C)s1,1,train
Cc1ncoc1-c1nnc(SCCCN2[C@@H]3CC[C@H]2C[C@@H](c2ccc(C(C)(C)C)cc2)C3)n1C,1,train
Cc1ncoc1-c1nnc(SCCCN2[C@@H]3CC[C@H]2C[C@@H](c2ccc(C(F)(F)F)cc2)C3)n1C,1,train
Cc1ncoc1-c1nnc(SCCCN2[C@@H]3CC[C@H]2C[C@@H](c2cccc(C(F)(F)F)c2)C3)n1C,1,train
Cc1ncoc1-c1nnc(SCCCN2[C@@H]3CC[C@H]2C[C@@H](c2ccc(C(F)(F)F)cc2F)C3)n1C,1,train
Cc1ncoc1-c1nnc(SCCCNC2CC3CC3(c3ccccc3)C2)n1C,1,test
N#Cc1nc(CCCN2CCCCC2)cc(C2CCCCCC2)n1,1,test
CCCc1cc(-c2cc(C(=O)N(C)CCN(C)C)cc(C(F)(F)F)c2)nc(C#N)n1,1,train
CCCc1cc(-c2cc(C(=O)N(CCN(C)C)Cc3ccccc3)cc(C(F)(F)F)c2)nc(C#N)n1,1,train
CCCc1cc(-c2cc(C(=O)N(C)Cc3ccccc3)cc(C(F)(F)F)c2)nc(C#N)n1,1,train
N#Cc1nc(CCCO)cc(-c2cccc(C(F)(F)F)c2)n1,0,train
CCC(CC)NC(=O)CCc1cc(-c2cccc(C(F)(F)F)c2)nc(C#N)n1,1,train
CNCCCc1cc(-c2cccc(C(F)(F)F)c2)nc(C#N)n1,1,train
N#Cc1nc(CCCNCC(F)(F)F)cc(-c2cccc(C(F)(F)F)c2)n1,1,train
CN1CCN(CCCc2cc(-c3cccc(C(F)(F)F)c3)nc(C#N)n2)CC1,1,train
N#Cc1nc(CCCN2CCOCC2)cc(-c2cccc(C(F)(F)F)c2)n1,1,train
COCCNCCCc1cc(-c2cccc(C(F)(F)F)c2)nc(C#N)n1,1,train
N#Cc1nc(CCCN2CCC(O)CC2)cc(-c2cccc(C(F)(F)F)c2)n1,1,train
N#Cc1nc(CCCNc2ccccn2)cc(-c2cccc(C(F)(F)F)c2)n1,1,train
N#Cc1nc(CCCNCC(N)=O)cc(-c2cccc(C(F)(F)F)c2)n1,1,train
CC(C)(NCCCc1cc(-c2cccc(C(F)(F)F)c2)nc(C#N)n1)C(N)=O,1,train
N#Cc1nc(CCCNC2(C(N)=O)CC2)cc(-c2cccc(C(F)(F)F)c2)n1,1,train
N#Cc1nc(CCCNC2(C(N)=O)CCC2)cc(-c2cccc(C(F)(F)F)c2)n1,1,train
N=C(c1ccc(C(=O)Nc2ccc(Cl)cc2C(=O)Nc2ccc(Cl)cn2)cc1)N1CCCCC1,1,train
Cc1nc2ccccc2n1C1C[C@H]2CC[C@@H](C1)N2CC[C@H](NC(=O)C1CCSCC1)c1cccc(F)c1,1,train
O=C(NCc1cccnc1OCC(F)(F)F)c1cncc(-c2ccc(Cl)cc2)c1,0,val
Cc1cc(C)cc(NC(=O)c2cncc(-c3ccc(C#N)cc3)c2)c1,0,val
Cc1ncnc(C)c1C(=O)N1C[C@H]2CN(CCC(c3cccc(F)c3)C3CCN(S(C)(=O)=O)CC3)C[C@H]2C1,0,test
CSc1nn(-c2ccccc2)c2cc(NC(=O)C3CCNCC3)ccc12,1,test
CN1[C@@H]2CCC[C@H]1C[C@H](NC(=O)c1cccc3oc(N4CCOCC4)nc13)C2,1,train
O=C(N[C@@H]1CN2CCC1CC2)c1cccc2oc(N3CCOCC3)nc12,1,train
C[C@H]1CNC[C@H](C)N1c1nc2c(C(=O)N[C@@H]3C[C@H]4CCC[C@@H](C3)N4C)cccc2o1,1,train
COc1ccccc1-c1nc2c(C(=O)N[C@@H]3CN4CCC3CC4)cccc2o1,1,val
COc1ccccc1-c1nc2c(C(=O)N[C@@H]3C[C@H]4CCC[C@@H](C3)N4C)cccc2o1,1,train
O=C(N[C@@H]1CN2CCC1CC2)c1cccc2oc(C3CC3)nc12,1,val
CN1[C@@H]2CCC[C@H]1C[C@H](NC(=O)c1cccc3oc(C4CC4)nc13)C2,1,train
Nc1nc2c(C(=O)N[C@@H]3CN4CCC3CC4)cc(Cl)cc2o1,1,val
Cc1nc(C(=O)NCCCN2CCN(c3cccc(C)c3C)CC2)cc(C(C)(C)C)n1,1,val
Cc1nc(C(=O)NCCCN2CCN(c3cccc(Cl)c3Cl)CC2)cc(C(C)C)n1,1,train
ON=C(O)c1cnc(N2C[C@H]3CN(Cc4ccc5ccccc5c4)C[C@H]3C2)nc1,1,val
O=C(O)CCNC1CC[C@]2(Cc3ccccc3Cc3ccccc32)C1,0,val
CCO[C@H]1CN([C@H]2CC[C@@](O)(c3ccccc3)CC2)C[C@@H]1NC(=O)CNC(=O)c1cccc(C(F)(F)F)c1,0,train
CCO[C@H]1CN([C@H]2CC[C@@](O)(c3ccc(C)cc3)CC2)C[C@@H]1NC(=O)CNC(=O)c1cccc(C(F)(F)F)c1,0,train
CCO[C@H]1CN([C@H]2CC[C@@](O)(c3ccc4c(c3)OCO4)CC2)C[C@@H]1NC(=O)CNC(=O)c1cccc(C(F)(F)F)c1,0,val
N#Cc1ccc(CNC(=O)N(c2cccc(F)c2)C2CCN(CCC3(c4cccc(F)c4)CCN(C(=O)c4c(F)cccc4F)CC3)CC2)cc1,1,train
N#Cc1ccc(CNC(=O)N(c2cccc(F)c2)C2CCN(CCC3(c4cccc(F)c4)CCN(C(=O)c4c(Cl)cccc4Cl)CC3)CC2)cc1,1,train
N#Cc1ccc(CNC(=O)N(c2cccc(F)c2)C2CCN(CCC3(c4cccc(F)c4)CCN(C(=O)c4ccc(F)cc4O)CC3)CC2)cc1,1,train
N#Cc1ccc(CNC(=O)N(c2cccc(F)c2)C2CCN(CCC3(c4cccc(F)c4)CCN(C(=O)c4ccc(C#N)cc4)CC3)CC2)cc1,1,train
N#Cc1ccc(CNC(=O)N(c2cccc(F)c2)C2CCN(CCC3(c4cccc(F)c4)CCN(C(=O)c4cccc(C(N)=O)c4)CC3)CC2)cc1,0,train
CC(C)(O)C(=O)N1CCC(CCN2CCC(N(C(=O)NCc3ccc(C#N)cc3)c3cccc(F)c3)CC2)(c2cccc(F)c2)CC1,1,train
Cc1ncccc1N1C[C@]2(CC[C@@H](c3nc4cc(OC(F)(F)F)ccc4[nH]3)CC2)OC1=O,0,train
O=C1O[C@]2(CC[C@H](c3nc4cc(OC(F)(F)F)ccc4[nH]3)CC2)CN1c1cccnc1F,0,train
N#Cc1ccc2[nH]c([C@H]3CC[C@]4(CC3)CN(c3ccccn3)C(=O)O4)nc2c1,0,train
N#Cc1ccc2[nH]c([C@H]3CC[C@]4(CC3)CN(c3ccccc3)C(=O)O4)nc2c1,1,train
O=C1O[C@]2(CC[C@H](c3nc4cc(OC(F)(F)F)ccc4[nH]3)CC2)CN1c1cccnc1,1,train
O=C1O[C@]2(CC[C@H](c3nc4cc(OC(F)(F)F)ccc4[nH]3)CC2)CN1c1ccccc1F,1,train
O=C1O[C@]2(CC[C@H](c3nc4cc(OC(F)(F)F)ccc4[nH]3)CC2)CN1c1cccc(F)n1,1,train
O=C1O[C@]2(CC[C@H](c3nc4cc(C(F)(F)F)ccc4[nH]3)CC2)CN1c1ccccc1,1,train
O=C1O[C@]2(CC[C@H](c3nc4cc(C(F)(F)F)ccc4[nH]3)CC2)CN1c1ccccn1,1,train
O=C1O[C@]2(CC[C@H](c3nc4cc(OC(F)(F)F)ccc4[nH]3)CC2)CN1c1ccccc1,1,train
O=C1O[C@]2(CC[C@H](c3nc4cc(OC(F)(F)F)ccc4[nH]3)CC2)CN1c1ccccn1,1,train
O=C1OC2(CCN(c3nc4cc(C(F)(F)F)ccc4[nH]3)CC2)CN1c1ccccc1,1,val
Cc1cccc(N2C[C@]3(CC[C@@H](c4nc5cc(OC(F)(F)F)ccc5[nH]4)CC3)OC2=O)n1,1,train
N#Cc1ccc2[nH]c([C@H]3CC[C@]4(CC3)CN(c3ccc(F)cc3)C(=O)O4)nc2c1,1,train
O=C1OC2(CCN(c3nc4ccccc4[nH]3)CC2)CN1c1ccccc1,1,val
O=C1O[C@]2(CC[C@H](c3nc4cc(OC(F)(F)F)ccc4[nH]3)CC2)CN1c1ccc(F)cc1,1,train
Cc1ccc2c(N3CCN(CCc4cccc5c4CCC(=O)N5)CC3)cccc2n1,1,train
Cc1ccc2c(N3CCN(CCc4cccc5c4CCC(=O)N5C)CC3)cccc2n1,1,train
Cc1ccc2c(N3CCN(CCc4c(C)ccc5c4CCC(=O)N5)CC3)cccc2n1,1,train
Cc1ccc2c(N3CCN(CCc4c(C)ccc5c4CCC(=O)N5C)CC3)cccc2n1,1,train
Cc1ccc2c(N3CCN(CCc4cccc5c4ccc(=O)n5C)CC3)cccc2n1,1,train
Cc1ccc2c(N3CCN(CCc4c(C)ccc5[nH]c(=O)ccc45)CC3)cccc2n1,0,train
Cc1ccc2c(N3CCN(CCc4c(C)ccc5c4ccc(=O)n5C)CC3)cccc2n1,1,train
Cc1ccc2c(N3CCN(CCc4c(F)ccc5c4ccc(=O)n5C)CC3)cccc2n1,0,train
Cc1ccc2c(N3CCN(CCc4c(Cl)ccc5c4ccc(=O)n5C)CC3)cccc2n1,1,train
Cc1ccc2c(N3CCN(CCc4c(C)ccc5c4ccc(=O)n5C)CC3)cc(F)cc2n1,1,train
Cc1ccc2c(N3CCN(CCc4c(C)ccc5c4ccc(=O)n5C)[C@H](C)C3)cccc2n1,1,train
Cc1ccc2c(N3CCN(CCc4cccc5c4ccc(=O)n5C)[C@H](C)C3)cc(F)cc2n1,1,train
Cc1ccc2c(N3CCN(CCc4cccc5c4ccc(=O)n5C)[C@@H](C)C3)cccc2n1,1,train
Cc1ccc2c(N3CCN(CCc4c(C)ccc5c4ccc(=O)n5C)[C@@H](C)C3)cccc2n1,1,train
Cc1ccc2c(N3CCN(CCc4cccc5c4ccc(=O)n5C)[C@@H](C)C3)cc(F)cc2n1,1,train
Cc1ccc2c(N3CCN(CCc4c(C)ccc5c4ccc(=O)n5C)[C@@H](C)C3)cc(F)cc2n1,1,train
Cc1ccc2c(N3CCN(CCc4cccc5c4ccc(=O)n5C)C(C)(C)C3)cccc2n1,1,train
Cc1ccc2c(C3CCN(CCc4c(C)ccc5c4ccc(=O)n5C)CC3)cccc2n1,1,train
CCC(O)(c1cn(Cc2ccc3c(-c4ccccc4)c(C(=O)OC)sc3c2)nn1)C(F)(F)F,1,train
CCC(O)(c1cn(Cc2ccc3c(-c4ccccc4)c(CO)sc3c2)nn1)C(F)(F)F,0,train
CCC(O)(c1cn(Cc2ccc3c(-c4ccccc4)c(C(C)(C)O)sc3c2)nn1)C(F)(F)F,1,train
CCC(O)(c1cn(Cc2ccc3c(-c4ccccc4)c(C(C)O)sc3c2)nn1)C(F)(F)F,1,train
CCC(O)(c1cn(Cc2ccc3c(-c4ccccc4)c(C(C)=O)sc3c2)nn1)C(F)(F)F,1,train
CCC(O)(c1cn(Cc2ccc3c(-c4ccccc4)c(C(N)=O)sc3c2)nn1)C(F)(F)F,0,train
CC[C@](O)(c1cn(Cc2ccc3c(-c4ccccc4)c(C(N)=O)sc3c2)nn1)C(F)(F)F,0,train
CC[C@](O)(c1cn(Cc2ccc3c(-c4cccc(F)c4)c(C(N)=O)sc3c2)nn1)C(F)(F)F,0,train
CC[C@](O)(c1cn(Cc2ccc3c(-c4ccc(F)cc4)c(C(N)=O)sc3c2)nn1)C(F)(F)F,0,train
CC[C@@](O)(c1cn(Cc2ccc3c(-c4ccc(F)cc4)c(C(N)=O)sc3c2)nn1)C(F)(F)F,0,train
CC(C)[C@@H](Nc1nc2cc[nH]c(=O)c2c2cc(F)ccc12)C(F)(F)F,1,val
CC(C)[C@@H](Nc1nc2cc[nH]c(=O)c2c2cnccc12)C(F)(F)F,1,val
CC(C)S(=O)(=O)N[C@H]1CN(C)C[C@@H]1c1ccc(-c2cccc(NS(C)(=O)=O)c2)cc1,0,train
CCN1C[C@H](NS(=O)(=O)C(C)C)[C@@H](c2ccc(-c3cccc(NS(C)(=O)=O)c3)cc2)C1,1,train
CC(C)N1C[C@H](NS(=O)(=O)C(C)C)[C@@H](c2ccc(-c3cccc(NS(C)(=O)=O)c3)cc2)C1,1,train
CC(C)S(=O)(=O)N[C@H]1CN(c2ccccc2)C[C@@H]1c1ccc(-c2cccc(NS(C)(=O)=O)c2)cc1,1,train
CC(C)S(=O)(=O)N[C@H]1CN(C)C[C@@H]1c1ccc(-c2ccc(C#N)cc2)cc1,1,train
CCN1C[C@H](NS(=O)(=O)C(C)C)[C@@H](c2ccc(-c3ccc(C#N)cc3)cc2)C1,1,train
CC(C)S(=O)(=O)N[C@H]1CN(c2ccccc2)C[C@@H]1c1ccc(-c2ccc(C#N)cc2)cc1,1,train
CC(=O)Nc1cccc(-c2ccc([C@H]3CN(C)C[C@@H]3NS(=O)(=O)C(C)C)cc2)c1,0,train
CC(=O)c1cccc(-c2ccc([C@H]3CN(C)C[C@@H]3NS(=O)(=O)C(C)C)cc2)c1,1,train
CC(C)S(=O)(=O)N[C@H]1CN(C)C[C@@H]1c1ccc(-c2cccc(C(F)(F)F)c2)cc1,1,train
CC(C)S(=O)(=O)N[C@H]1CN(C)C[C@@H]1c1ccc(-c2cccnc2)cc1,0,train
CC(C)S(=O)(=O)N[C@H]1CN(C)C[C@@H]1c1ccc(-c2cccnc2F)cc1,1,test
CC(C)S(=O)(=O)N[C@H]1CN(C)C[C@@H]1c1ccc(-c2ccc(F)nc2)cc1,1,train
CC(C)S(=O)(=O)N[C@H]1CN(c2ccccc2)C[C@@H]1c1ccc(-c2ccc(F)nc2)cc1,1,train
CC(C)S(=O)(=O)N[C@H]1CN(C)C[C@@H]1c1ccc(-c2ccsc2)cc1,1,train
CC(C)S(=O)(=O)N[C@@H]1COC[C@@H]1c1ccc(-c2ccc(C#N)cc2)cc1,0,train
CC(C)S(=O)(=O)N[C@@H]1COC[C@@H]1c1ccc(-c2ccc(F)nc2)cc1,0,test
CN(C)CCn1ncc2cc(-n3ccc(OCc4ccccc4)cc3=O)ccc21,1,train
O=c1cc(OCc2ccccc2)ccn1-c1ccc2c(cnn2CCN2CCCC2)c1,1,train
CN(C)CCCn1ncc2cc(-n3ccc(OCc4ccccc4)cc3=O)ccc21,1,train
CN(C)CC(O)Cn1ncc2cc(-n3ccc(OCc4ccccc4)cc3=O)ccc21,0,train
O=c1cc(OCc2ccccc2)ccn1-c1ccc2c(cnn2CCN2CC[C@H](O)C2)c1,1,train
CO[C@H]1CCN(CCn2ncc3cc(-n4ccc(OCc5ccccc5)cc4=O)ccc32)C1,1,train
O=c1cc(OCc2ccccc2)ccn1-c1ccc2c(cnn2C[C@@H]2CCCN2)c1,1,train
O=c1cc(OCc2ccccc2)ccn1-c1ccc2c(cnn2CCN2CCC[C@@H]2CO)c1,1,train
COC[C@H]1CCCN1CCn1ncc2cc(-n3ccc(OCc4ccccc4)cc3=O)ccc21,1,train
O=c1cc(OCc2ccccc2)ccn1-c1ccc2c(cnn2CC2=NCCN2)c1,1,train
CN1CCN=C1Cn1ncc2cc(-n3ccc(OCc4ccccc4)cc3=O)ccc21,1,train
O=c1cc(OCc2ccccc2)ccn1-c1ccc2c(cnn2CCN2CC3CC2CO3)c1,0,train
O=c1cc(OCc2ccccc2)ccn1-c1ccc2c(cnn2CCN2CCNCC2)c1,0,train
Cc1ccc2c(N3CCN(CCc4cccc(NC(=O)c5ccccc5)c4)CC3)cccc2n1,1,train
Cc1ccc2c(N3CCN(CCc4cccc(NC(=O)Nc5ccccc5)c4)CC3)cccc2n1,1,train
Cc1ccc2c(N3CCN(CCc4cccc(NC(=O)c5csc(C)n5)c4)CC3)cccc2n1,1,train
Cc1ccc2c(N3CCN(CCc4cccc(NS(C)(=O)=O)c4)CC3)cccc2n1,1,train
CCNC(=O)Nc1cccc(CCN2CCN(c3cccc4nc(C)ccc34)CC2)c1,1,train
Cc1ccc2c(N3CCN(CCc4cccc(N5CCOC5=O)c4)CC3)cccc2n1,1,train
CC(=O)Nc1cccc(CCN2CCN(c3cccc4nc(C)ccc34)CC2)c1,1,train
Cc1ccc2c(N3CCN(CCc4cccc(N5CCNC5=O)c4)CC3)cccc2n1,0,train
COc1cc(/C=C/c2nc3ccccc3[nH]2)ccc1-n1cnc(C)c1,1,train
COc1cc(/C=C/c2nc(=O)c3ccc(C(F)(F)F)cc3[nH]2)ccc1-n1cnc(C)c1,1,test
COc1cc(/C=C/c2nc(=O)c3c4c(sc3[nH]2)CCC4)ccc1-n1cnc(C)c1,1,train
COc1cc(/C=C/c2nc(N)c3ccccc3n2)ccc1-n1cnc(C)c1,1,train
COc1cc(/C=C/c2nc3ccccc3c(=O)n2-c2ccccc2)ccc1-n1cnc(C)c1,1,train
COc1cc(/C=C/c2nc3ccccc3c(=O)n2C)ccc1-n1cnc(C)c1,1,train
COc1cc(/C=C/c2nc(N)nc(Nc3ccccc3)n2)ccc1-n1cnc(C)c1,1,train
CCOC(=O)c1sc2nc(/C=C/c3ccc(-n4cnc(C)c4)c(OC)c3)nc(N)c2c1C,1,train
COc1cc(/C=C/c2nc(N)c3c(n2)oc2ccccc23)ccc1-n1cnc(C)c1,1,train
COc1cc(/C=C/c2nc(NCc3ccccc3)c3c4c(sc3n2)CCC4)ccc1-n1cnc(C)c1,1,train
COc1cc(/C=C/c2nc(N)c3c4c(sc3n2)CCCCC4)ccc1-n1cnc(C)c1,1,train
Nc1nccc2cc(CNCCc3ccccc3)ccc12,1,test
Nc1nccc2cc(O[C@H]3CCCN(Cc4ccccc4)C3)ccc12,1,test
Nc1nccc2cc(O[C@H]3CCCNC3)ccc12,0,val
O=S(=O)(c1cccc2cnccc12)N1CCCNCC1,0,val
C[C@@H](N)C1CCC(C(=O)Nc2ccncc2)CC1,0,test
O=c1[nH]ccc2c(S(=O)(=O)N3CCCNCC3)cccc12,1,test
O=c1cc(OCc2ccccc2F)ccn1-c1ccc(OCCN2CCCC2)cc1,1,train
O=c1cc(OCc2cccc(F)c2)ccn1-c1ccc(OCCN2CCCC2)cc1,1,train
O=c1cc(OCc2ccc(F)cc2)ccn1-c1ccc(OCCN2CCCC2)cc1,1,train
O=c1cc(OCc2cccc(Cl)c2)ccn1-c1ccc(OCCN2CCCC2)cc1,1,train
O=c1cc(OCc2ccc(Cl)cc2)ccn1-c1ccc(OCCN2CCCC2)cc1,1,train
COc1ccc(COc2ccn(-c3ccc(OCCN4CCCC4)cc3)c(=O)c2)cc1,1,train
O=c1cc(OCc2ccc(C(F)(F)F)cc2)ccn1-c1ccc(OCCN2CCCC2)cc1,1,train
O=c1cc(OCc2ccc3ccccc3c2)ccn1-c1ccc(OCCN2CCCC2)cc1,1,train
O=c1cc(OCc2ccccc2)ccn1-c1ccc(OCCN2CCCCC2)cc1,1,train
O=c1cc(OCc2ccccc2)ccn1-c1ccc(OCCN2CCCC2)cc1,1,train
CCN(CC)CCOc1ccc(-n2ccc(OCc3ccccc3)cc2=O)cc1,1,train
CC(C)N(CCOc1ccc(-n2ccc(OCc3ccccc3)cc2=O)cc1)C(C)C,1,train
CN(CCOc1ccc(-n2ccc(OCc3ccccc3)cc2=O)cc1)Cc1ccccc1,1,train
CN1CCCCC1COc1ccc(-n2ccc(OCc3ccccc3)cc2=O)cc1,1,train
CN1CCCC1COc1ccc(-n2ccc(OCc3ccccc3)cc2=O)cc1,1,train
CCN(CC)CCNc1ccc(-n2ccc(OCc3ccccc3)cc2=O)cc1,1,val
CCN(CC)CCN(C)c1ccc(-n2ccc(OCc3ccccc3)cc2=O)cc1,1,val
COc1cc2c(cc1Nc1ncc(Cl)c(Nc3ccc(N4CCOCC4)cc3OC)n1)CCN(CC(=O)N(C)C)CC2,1,test
COC(=O)c1coc(CN2CCN(C(=O)CC(c3ccc(F)cc3)c3ccc(Br)cc3)CC2)n1,1,train
COC(=O)c1coc(CN2CCN(C(=O)CC(c3ccc(F)cc3)c3ccc(C(F)(F)F)cc3)CC2)n1,1,train
Cc1ccc2nc(CN3CCN(C(=O)CC(c4ccccc4)c4ccc(F)cc4)CC3)oc2c1,1,val
COc1ccc(C(CC(=O)N2CCN(Cc3nc4ccc(C)cc4o3)CC2)c2ccccc2)cc1,1,val
O=C(O)CCNC(=O)c1ccc(Cn2nc(-c3cc(Cl)cc(Cl)c3)cc2-c2ccc(OC(F)(F)F)cc2)cc1,1,test
CN[C@@H]1Cc2ccccc2[C@@H](c2ccc(Cl)c(Cl)c2)C1,1,train
CN[C@@H]1Cc2ccccc2[C@H](c2ccc(Cl)c(Cl)c2)C1,1,train
CN[C@H]1Cc2ccccc2[C@@H](c2ccc(Cl)c(Cl)c2)C1,1,train
CNC[C@H]1Cc2ccccc2[C@H](c2ccc(Cl)c(Cl)c2)C1,1,train
CNC[C@@H]1Cc2ccccc2[C@H](c2ccc(Cl)c(Cl)c2)C1,1,train
NCC[C@@H]1Cc2ccccc2[C@H](c2ccc(Cl)c(Cl)c2)C1,0,train
NCC[C@H]1Cc2ccccc2[C@@H](c2ccc(Cl)c(Cl)c2)C1,1,train
N[C@@H]1CCN(c2ccc(Cl)c(Cl)c2)c2ccccc21,1,train
CNC1CCN(c2ccc(Cl)c(Cl)c2)c2ccccc21,1,train
CN[C@@H]1CCN(c2ccc(Cl)c(Cl)c2)c2ccccc21,1,train
CN(C)[C@@H]1CCN(c2ccc(Cl)c(Cl)c2)c2ccccc21,1,train
CN([C@@H]1CCc2c(CC(=O)O)c3ccc(F)cc3n2C1)S(=O)(=O)c1ccc(F)cc1,0,test
c1ccc(-c2cccc(O[C@@H]3C[C@H]4CC[C@@H](C3)N4)n2)cc1,1,train
N#Cc1cc(O[C@@H]2C[C@H]3CC[C@@H](C2)N3)nc(-c2ccccc2)c1,1,train
N#Cc1ccccc1-c1cccc(O[C@@H]2C[C@H]3CC[C@@H](C2)N3)n1,1,train
N#Cc1cc(O[C@@H]2C[C@H]3CC[C@@H](C2)N3)cc(-c2ncccc2C#N)c1,1,train
N#Cc1cc(O[C@@H]2C[C@H]3CC[C@@H](C2)N3)cc(-c2ccccn2)c1,1,train
FC(F)(F)c1ccccc1-c1cc(C(F)(F)F)c2[nH]c(C3=NOC4(CCCCC4)C3)nc2c1,0,val
O=C(O)C1CN(Cc2ccc(-c3cc4cc(Cc5ccccc5)ccc4o3)c(F)c2)C1,0,test
CC(=O)N[C@@H](CCN1[C@@H]2CC[C@H]1C[C@@H](n1c(C)nc3c1CCN(C(=O)C(C)(C)C)C3)C2)c1cccc(F)c1,1,train
CC(=O)N[C@@H](CCN1[C@@H]2CC[C@H]1C[C@@H](n1c(C)nc3c1CCN(C(=O)C(C)C)C3)C2)c1cccc(F)c1,0,train
CCCC(=O)N1CCc2c(nc(C)n2[C@H]2C[C@H]3CC[C@@H](C2)N3CC[C@H](NC(C)=O)c2cccc(F)c2)C1,1,train
CCC(=O)N1CCc2c(nc(C)n2[C@H]2C[C@H]3CC[C@@H](C2)N3CC[C@H](NC(C)=O)c2cccc(F)c2)C1,1,train
CC(=O)N[C@@H](CCN1[C@@H]2CC[C@H]1C[C@@H](n1c(C)nc3c1CCN(C(C)=O)C3)C2)c1cccc(F)c1,1,train
COC(=O)N1CCc2c(nc(C)n2[C@H]2C[C@H]3CC[C@@H](C2)N3CC[C@H](NC(C)=O)c2cccc(F)c2)C1,1,train
CC(=O)N[C@@H](CCN1[C@@H]2CC[C@H]1C[C@@H](n1c(C)nc3c1CCN(c1ccncn1)C3)C2)c1cccc(F)c1,1,train
CC(=O)N[C@@H](CCN1[C@@H]2CC[C@H]1C[C@@H](n1c(C)nc3c1CCN(c1cnccn1)C3)C2)c1cccc(F)c1,1,train
CC(=O)N[C@@H](CCN1[C@@H]2CC[C@H]1C[C@@H](n1c(C)nc3ccccc31)C2)c1ccccc1,1,train
Cc1nc(C(C)C)n([C@H]2C[C@H]3CC[C@@H](C2)N3CC[C@H](NC(=O)C2CCC(F)(F)CC2)c2ccccc2)n1,1,train
OCC1(N2CCC(n3c(N4CC5CNCC5C4)nc4ccccc43)CC2)CCCCCCC1,1,test
O=C(NC1CCCCC1)C(C1CCCCC1)n1c(-c2ccc(Cl)cc2)nc2cc(F)c(Cl)cc21,1,train
O=C(NC1CCCCC1)C(C1CCCCC1)n1c(-c2ccc(Cl)cc2)nc2cc(F)c(F)cc21,1,train
O=C(N[C@H]1CC[C@H](O)CC1)C(C1CCCCC1)n1c(-c2ccc(Cl)cc2)nc2cc(F)c(F)cc21,1,train
O=C(O)C1CCC(NC(=O)C(C2CCCCC2)n2c(-c3ccc(Cl)cc3)nc3cc(F)c(F)cc32)CC1,1,train
O=C(O)c1ccc(NC(=O)C(C2CCCCC2)n2c(-c3ccc(Cl)cc3)nc3cc(F)c(F)cc32)c(Cl)c1,1,train
Cc1cc(C(=O)O)ccc1NC(=O)C(C1CCCCC1)n1c(-c2ccc(Cl)cc2)nc2cc(F)c(F)cc21,1,train
CCC(C)(C)Cc1c[nH]c(CCc2ccc(-c3ccccn3)cc2)n1,1,test
CC(C)(C)Cc1c[nH]c(C(C)(O)Cc2ccc(-c3ccc(F)cn3)cc2)n1,1,val
CC(C)(C)Cc1c[nH]c(CC(C)(O)c2ccc(-c3ccc(F)cn3)cc2)n1,1,val
CCCC1NC(C)C2C(=O)N=C(c3cc(S(=O)(=O)N4CCN(CC)CC4)ccc3OCC)NN12,0,test
CC(C)Oc1cc(C(c2ccc(C(C)(C)O)nc2)c2ccc(=O)[nH]c2)ccc1OC(F)F,0,test
CC1N=CN=C1CN1CCc2c(c3ccccc3n2C)C1=O,1,test
COCC(=O)OC1(CCN(C)CCCc2nc3ccccc3[nH]2)CCc2cc(F)ccc2C1C(C)C,1,val
O=C(c1ccc(F)cc1)N1CCN(CCn2c(=O)[nH]c3ccccc3c2=O)CC1,1,test
CC(=O)NC(=O)C1CCC(C2N=CC(c3cccc(Br)c3)=N2)CC1,1,test
O=C(OC1CC2CC3CC(C1)N2CC3=O)c1c[nH]c2ccccc12,0,train
CCC1OC(=O)C(C)C(OC2CC(C)(OC)C(O)C(C)O2)C(C)C(OC2OC(C)CC(N(C)C)C2O)C(C)(O)CC(C)C(=O)C(C)C(O)C1(C)O,0,train
CCC1OC(=O)C(C)C(OC2CC(C)(OC)C(O)C(C)O2)C(C)C(OC2OC(C)CC(N(C)C)C2O)C(C)(O)CC(C)/C(=N/OCOCCOC)C(C)C(O)C1(C)O,0,train
OCCOCCN1CCN(C2=Nc3ccccc3Sc3ccccc32)CC1,1,test
CC(C)c1cn(-c2ccc(F)cc2)c2ccc(Cl)cc12,1,train
CC(C)(C)c1ccc2c(ccn2-c2ccc(F)cc2)c1,1,test
CC(=O)c1cn(-c2ccc(F)cc2)c2ccc(Cl)cc12,1,train
CC/N=C(\c1ccc(OC)c(OC)c1)N1CCCc2cc(C3=NNC(=O)SC3C)ccc21,1,val
COC(=O)C1=CCC2CCC1N2C,1,test
CCN(CC)CCOc1ccc(/C(=C(\Cl)c2ccccc2)c2ccccc2)cc1,1,test
O=C(NCCO)C1CCC(c2nc(-c3cccc(C(F)(F)F)c3)c[nH]2)CC1,1,val
COc1ccc(C2CCN(CCN3CCOc4ccccc43)CC2)cc1OC,1,train
c1ccc(-c2[nH]c3ccccc3c2C2CC3CCC(C2)N3c2ccccc2)cc1,1,val
CCC(=O)O[C@@](Cc1ccccc1)(c1ccccc1)[C@@H](C)CN(C)C,1,test
Cc1ccc(C23CNCC2C3)cc1,0,val
Cc1cn2c(N)c(Cl)cc(C(=O)NCC3CCN(CC(C)C)CC3)c2n1,1,test
COc1cc2c(cc1OC)C(=O)C(CC1CCN(Cc3ccccc3)CC1)C2,1,test
CN(C)CC/C=C1/c2ccccc2COc2ccccc21,1,test
O=C(OC1Cc2c(O)cc(O)cc2OC1c1cc(O)c(O)c(O)c1)c1cc(O)c(O)c(O)c1,1,test
COC(=O)C1=C(C)N=C(C)C(C(=O)OC(C)C)C1c1cccc2nonc12,0,val
Cc1cccc(C)c1OCC(C)N,1,val
NCCC(Oc1ccc(C(F)(F)F)cc1)c1ccccc1,1,val
Cc1ccccc1C(OCCN(C)C)c1ccccc1,1,val
CCCN1C[C@H](CSC)C[C@@H]2c3cccc4[nH]cc(c34)C[C@H]21,1,test
CCC1OC(=O)C(C)C(OC2CC(C)(OC)C(O)C(C)O2)C(C)C(OC2OC(C)CC(N(C)C)C2O)C(C)(OC)CC(C)C(=O)C(C)C(O)C1(C)O,0,train
CN1CC(=O)N2C(Cc3c([nH]c4ccccc34)C2c2ccc3c(c2)OCO3)C1=O,0,test
COC(=O)C1C(OC(=O)c2ccccc2)CC2CCC1N2C,1,train
CCOC(=O)C1C(OC(=O)c2ccccc2)CC2CCC1N2C,1,train
CCC1=C(C)CC(C(=O)NCCc2ccc(S(=O)(=O)NC(=O)NC3CCC(C)CC3)cc2)C1=O,0,test
CC(C(O)c1ccc(O)cc1)N1CCC(Cc2ccccc2)CC1,1,test
Cc1cccc(C)c1OCC(=O)N[C@@H](Cc1ccccc1)[C@@H](O)C[C@H](Cc1ccccc1)NC(=O)C(C(C)C)N1CCCNC1=O,1,test
CC(C[C@@H](CS(=O)(=O)N1CCC(OCc2ccc(Cl)cc2Cl)CC1)N(O)C=O)c1ncc(F)cn1,1,val
CC(C[C@@](C)(CS(=O)(=O)N1CCC(OCc2ccc(Cl)cc2Cl)CC1)N(O)C=O)c1ncc(F)cn1,1,val
CC(C[C@@](C)(CS(=O)(=O)N1CCN(c2ccc(F)cc2)CC1)N(O)C=O)c1ncc(F)cn1,0,val
CC(C[C@@H](CS(=O)(=O)N1CCN(c2ccc(F)cc2)CC1)N(O)C=O)c1ncc(F)cn1,0,val
CNC(C)C1(c2ccc(Cl)c(Cl)c2)CCCCC1,0,train
CC(N(C)C)C1(c2ccc(Cl)c(Cl)c2)CCCCC1,0,train
CC(N(C)C)C1(c2ccc3ccccc3c2)CCCCC1,1,train
Cc1c(C(=O)Nc2ccn(C)n2)ncn1Cc1cccc(C(F)(F)F)c1,0,test
CO[C@@H]1COCC[C@@H]1N[C@@H]1CC[C@@](C(=O)N2CCN(c3cc(C(F)(F)F)ccn3)CC2)(C(C)C)C1,1,train
Nc1nc(CC(=O)Nc2ccc(C[C@@H]3CC[C@H]([C@H](O)c4ccccc4)N3)cc2)cs1,0,train
CN(CC(N)=O)Cc1nc(-c2cn(CC3CCOCC3)c3c(Cl)cccc23)no1,0,train
CCO[C@@H]1Cc2cc(C(F)(F)F)ccc2[C@H]1N1CCN(C2(C)CCN(C(=O)c3c(C)ncnc3C)CC2)C[C@@H]1C,1,test
N#Cc1ccc(C(=O)N2CCC3(CC2)N=C(N)c2c(F)ccc(F)c2N3)cn1,1,test
CNCC[C@@H](Oc1cc(Cl)ccc1C#N)c1ccccc1,1,val
CCc1cccc2c(-c3nc(CN4CCCC4)cs3)cn(CC3CCOCC3)c12,1,train
CCc1cccc2c(-c3nc(CN(CC)CC)cs3)cn(CC3CCOCC3)c12,1,train
Fc1cccc2c(-c3nc(CN4CCCC4)cs3)cn(CC3CCOCC3)c12,1,train
CCN(CC)Cc1csc(-c2cn(CC3CCOCC3)c3c(F)cccc23)n1,1,train
Clc1cccc2c(-c3nc(CN4CCCC4)cs3)cn(CC3CCOCC3)c12,1,train
CCN(CC)Cc1csc(-c2cn(CC3CCOCC3)c3c(Cl)cccc23)n1,1,train
COCCN(C)Cc1csc(-c2cn(CC3CCCCC3)c3c(Cl)cccc23)n1,1,train
COCCN(C)Cc1csc(-c2cn(CC3CCOCC3)c3c(Cl)cccc23)n1,1,train
CN(CCO)Cc1csc(-c2cn(CC3CCOCC3)c3c(Cl)cccc23)n1,1,train
CCN(CCO)Cc1csc(-c2cn(CC3CCOCC3)c3c(Cl)cccc23)n1,1,train
CC(C)N(CCO)Cc1csc(-c2cn(CC3CCOCC3)c3c(Cl)cccc23)n1,1,train
OC1CCN(Cc2csc(-c3cn(CC4CCOCC4)c4c(Cl)cccc34)n2)CC1,1,train
COC1CCN(Cc2csc(-c3cn(CC4CCOCC4)c4c(Cl)cccc34)n2)CC1,1,train
Clc1cccc2c(-c3nc(CN4CCOCC4)cs3)cn(CC3CCOCC3)c12,1,train
OCCN(CCO)Cc1csc(-c2cn(CC3CCOCC3)c3c(Cl)cccc23)n1,1,train
CCc1sc(-c2cn(CC3CCOCC3)c3c(Cl)cccc23)nc1CN(C)CCO,1,train
CCc1sc(-c2cn(CC3CCOCC3)c3c(Cl)cccc23)nc1CN(CC)CCO,1,train
CCc1sc(-c2cn(CC3CCOCC3)c3c(Cl)cccc23)nc1CN(CCO)C(C)C,1,train
CC(C)N(CCO)Cc1nc(-c2cn(CC3CCOCC3)c3c(Cl)cccc23)sc1Cl,1,train
COc1ccc([C@H]2CN(CCc3ccc(OC)c(OC)c3)C[C@@H]2CNC(=O)c2cccc(Cl)c2)cc1,1,train
COc1ccc([C@H]2CN(Cc3ccc(OC)c(OC)c3)C[C@@H]2CNC(=O)c2cccc(Cl)c2)cc1,1,train
COc1ccc([C@H]2CN(CCCc3ccc(OC)c(OC)c3)C[C@@H]2CNC(=O)c2cccc(Cl)c2)cc1,1,train
COc1ccc([C@H]2CN(CCc3cccc(OC)c3)C[C@@H]2CNC(=O)c2cccc(Cl)c2)cc1,1,train
COc1ccc(CCN2C[C@H](CNC(=O)c3cccc(Cl)c3)[C@@H](c3ccc(OC)cc3)C2)cc1,1,train
COc1ccc([C@H]2CN(CCC3CCOCC3)C[C@@H]2CNC(=O)c2cccc(Cl)c2)cc1,1,train
COc1ccc([C@H]2CN(CCCC3CCOCC3)C[C@@H]2CNC(=O)c2cccc(Cl)c2)cc1,1,train
COc1ccc([C@H]2CN(CCCC3CCNCC3)C[C@@H]2CNC(=O)c2cccc(Cl)c2)cc1,0,train
COc1ccc([C@H]2CN(CCc3ccc(OC)c(OC)c3)C[C@@H]2CC(=O)Nc2cccc(Cl)c2)cc1,1,train
COc1ccc([C@H]2CN(CCc3ccc(OC)c(OC)c3)C[C@@H]2CC(=O)N(C)c2cccc(Cl)c2)cc1,1,train
COc1ccc([C@H]2CN(CCc3ccc(OC)c(OC)c3)C[C@@H]2CC(=O)NCc2cccc(Cl)c2)cc1,1,train
COc1ccc([C@H]2CN(CCc3ccc(OC)c(OC)c3)C[C@@H]2CCNC(=O)c2cccc(Cl)c2)cc1,1,train
COc1ccc([C@H]2CN(CCc3ccc(OC)c(OC)c3)C[C@@H]2Cc2nc3cc(Cl)ccc3[nH]2)cc1,1,train
COc1ccc([C@H]2CN(CCc3ccc(OC)c(OC)c3)C[C@@H]2CCc2nc3cc(Cl)ccc3[nH]2)cc1,1,train
COc1ccc([C@H]2CN(CCc3ccc(OC)c(OC)c3)C[C@@H]2CCc2cc3ccc(Cl)cc3[nH]2)cc1,1,train
COc1ccc([C@H]2CN(CCCC3CCOCC3)C[C@@H]2CC(=O)Nc2cccc(Cl)c2)cc1,1,train
COc1ccc([C@H]2CN(CCC3CCOCC3)C[C@@H]2CC(=O)Nc2cccc(Cl)c2)cc1,1,train
COc1ccc([C@H]2CN(CCC3CCS(=O)(=O)CC3)C[C@@H]2CC(=O)Nc2cccc(Cl)c2)cc1,1,train
COc1ccc([C@H]2CN(CCC3(O)CCOCC3)C[C@@H]2CC(=O)Nc2cccc(Cl)c2)cc1,1,train
COc1ccc([C@H]2CN(CCCN(C)S(C)(=O)=O)C[C@@H]2CC(=O)Nc2cccc(Cl)c2)cc1,1,train
COc1ccc([C@H]2CN(CCCN(C)S(=O)(=O)c3ccccc3)C[C@@H]2CC(=O)Nc2cccc(Cl)c2)cc1,1,train
COc1ccc([C@H]2CN(CCCN3CCCC3=O)C[C@@H]2CC(=O)Nc2cccc(Cl)c2)cc1,1,train
CC(=O)Nc1cccc(C2CCN(CCCn3c(-c4ccc(Cl)cc4)nc4ccccc43)CC2)c1,1,test
COCCCc1cc(CN(C(=O)C2CNCC[C@@H]2c2ccc(OCCOc3c(Cl)cc(C)cc3Cl)cc2)C2CC2)cc(OCC2(CC#N)CC2)c1,1,train
COCCCc1cc(CN(C(=O)C2CNCC[C@@H]2c2ccc(OCCOc3c(Cl)cc(C)cc3Cl)cc2)C2CC2)cc(OCCOC)c1,1,train
COCCCc1cc(CN(C(=O)C2CNCC[C@@H]2c2ccc(OCCOc3c(Cl)cc(C)cc3Cl)cc2)C2CC2)cc(OCCN(C)C)c1,1,train
COCCCc1cc(CN(C(=O)C2CNCC[C@@H]2c2ccc(OCCOc3c(Cl)cc(C)cc3Cl)cc2)C2CC2)cc(OCCCNS(C)(=O)=O)c1,1,train
CCNC(=O)NCCCOc1cc(CCCOC)cc(CN(C(=O)C2CNCC[C@@H]2c2ccc(OCCOc3c(Cl)cc(C)cc3Cl)cc2)C2CC2)c1,1,train
COCCCc1cc(CN(C(=O)C2CNCC[C@@H]2c2ccc(OCCOc3c(Cl)cc(C)cc3Cl)cc2)C2CC2)cc(OCC(C)(C)O)c1,1,train
CCOC(=O)C1C[C@@H]1COc1cc(CCCOC)cc(CN(C(=O)C2CNCC[C@@H]2c2ccc(OCCOc3c(Cl)cc(C)cc3Cl)cc2)C2CC2)c1,1,train
COCCCc1cc(CN(C(=O)C2CNCC[C@@H]2c2ccc(OCCOc3c(Cl)cc(C)cc3Cl)cc2)C2CC2)cc(OC[C@H]2CC2C(=O)O)c1,1,train
COCCCc1cc(CN(C(=O)C2CNCC[C@@H]2c2ccc(OCCOc3c(Cl)cc(C)cc3Cl)cc2)C2CC2)cc(OC[C@H]2CC2C(=O)OCC(=O)N(C)C)c1,1,train
COCCCc1cc(CN(C(=O)C2CNCC[C@@H]2c2ccc(OCCOc3c(Cl)cc(C)cc3Cl)cc2)C2CC2)cc(OC[C@H]2CC2C(=O)OCOC(=O)C(C)(C)C)c1,1,val
COCCCc1cc(CN(C(=O)C2CN(C(=O)OCc3oc(=O)oc3C)CC[C@@H]2c2ccc(OCCOc3c(Cl)cc(C)cc3Cl)cc2)C2CC2)cc(OC[C@H]2CC2C(=O)O)c1,1,test
COCCCc1cc(CN(C(=O)C2CNCC[C@@H]2c2ccc(OCCOc3c(Cl)cc(C)cc3Cl)cc2)C2CC2)cc(OCC2(CC(=O)O)CC2)c1,1,train
COCCCc1cc(CN(C(=O)C2CNCC[C@@H]2c2ccc(OCCOc3c(Cl)cc(C)cc3Cl)cc2)C2CC2)cc(OCC(C)(C)C(=O)O)c1,1,train
COCCCc1cc(CN(C(=O)C2CNCC[C@@H]2c2ccc(OCCOc3c(Cl)cc(C)cc3Cl)cc2)C2CC2)cc(OCCC(C)(C)C(=O)O)c1,1,train
COCCCc1cc(CN(C(=O)C2CNCC[C@@H]2c2ccc(OCCOc3c(Cl)cc(C)cc3Cl)cc2)C2CC2)cc(OCCCC(C)(C)C(=O)O)c1,1,train
CCC(CC)(CCOc1cc(CCCOC)cc(CN(C(=O)C2CNCC[C@@H]2c2ccc(OCCOc3c(Cl)cc(C)cc3Cl)cc2)C2CC2)c1)C(=O)O,1,train
COCCCc1cc(CN(C(=O)C2CNCC[C@@H]2c2ccc(OCCOc3c(Cl)cc(C)cc3Cl)cc2)C2CC2)cc(OCCC2(C(=O)O)CCCC2)c1,1,train
COCCCc1cc(CN(C(=O)C2CNCC[C@@H]2c2ccc(OCCOc3c(Cl)cc(C)cc3Cl)cc2)C2CC2)cc(OCC[C@](C)(OC)C(=O)O)c1,1,train
COCCCc1cc(CN(C(=O)C2CNCC[C@@H]2c2ccc(OCCOc3c(Cl)cc(C)cc3Cl)cc2)C2CC2)cc(OC[C@H]2CC2C(=O)NS(C)(=O)=O)c1,1,train
COCCCc1cc(CN(C(=O)C2CNCC[C@@H]2c2ccc(OCCOc3c(Cl)cc(C)cc3Cl)cc2)C2CC2)cc(OCC2(Cc3nn[nH]n3)CC2)c1,1,val
CC(C)NCc1c(C(=O)N[C@@H]2CCC[C@H](O)C2)noc1-c1ccc(C(F)(F)F)cc1,1,train
O=C(N[C@@H]1CCC[C@H](O)C1)c1noc(-c2ccc(C(F)(F)F)cc2)c1CNCC1CC1,1,train
O=C(N[C@@H]1CCC[C@H](O)C1)c1noc(-c2ccc(C(F)(F)F)cc2)c1CNCC1CCC1,1,train
CN1CCCC(n2nc(Cc3ccc(Cl)cc3)c3ccccc3c2=O)CC1,1,train
O=c1c2ccccc2c(Cc2ccc(Cl)cc2)nn1C[C@H]1CCCN1CCCCc1ccc(OCCCN2CCCCCC2)cc1,1,val
O=C1Nc2ncccc2C2(CCN(C(=O)N[C@@H]3CC[C@@H](c4cccc(F)c4F)Cn4c(CC(F)(F)F)cnc43)CC2)O1,1,val
CC(C)c1cc(C#N)cc2nc(-c3ccc(C(=O)NC[C@H]4CC[C@@H](c5cccc(C(F)(F)F)c5)CC4)cc3)oc12,1,val
Cc1cccc([C@H]2CC[C@@H](CNC(=O)c3ccc(-c4nc5cc(C#N)cc(C(C)C)c5o4)cc3)CC2)c1,0,val
CC(C)c1cc(C#N)cc2nc(-c3ccc(C(=O)NCC4CN(c5ccc(-c6ccccc6C#N)cn5)C(=O)O4)cc3)oc12,1,train
Cc1ccc(-c2ccc(N3CC(CNC(=O)c4ccc(-c5nc6cc(C#N)cc(C(C)C)c6o5)cc4)OC3=O)nc2)s1,0,train
CC(C)c1cc(C#N)cc2nc(-c3ccc(C(=O)NC[C@H]4CN(c5ccc(-c6ccccc6OC(F)(F)F)cn5)C(=O)O4)cc3)oc12,1,train
CC(C)Oc1ccc(F)cc1-c1ccc(N2CCC(CNC(=O)c3ccc(-c4nc5cc(C#N)cc(C(C)C)c5o4)cc3)CC2)nc1,1,train
Cc1cccc(Nc2ccc(-c3ccc(N4CCNCC4)nc3)cc2)n1,1,test
Cc1cc(N2CCC(C3CCN(c4ncc(Cl)cn4)CC3)CC2)nc(C#N)n1,1,train
Cc1cnc(N2CCC(C3CCN(c4cc(C#N)nc(C)n4)CC3)CC2)nc1,1,test
Cc1cnc(N2CCC(C3CCN(c4cc(C#N)nc(C)n4)CC3)CC2)cn1,1,train
Cc1cnc(N2CCC(C3CCN(c4cc(C)nc(C#N)n4)CC3)CC2)cn1,0,train
O=C(NC1CC1)c1ccc(OCC2CC2C2CCN(c3ncc(Cl)cn3)CC2)cc1F,1,val
O=C(NC1CC1)c1ccc(OCCC2CC2C2CCN(c3ncc(Cl)cn3)CC2)cc1F,1,train
O=C(NC1CC1)c1ccc(OCC2CC2CC2CCN(c3ncc(Cl)cn3)CC2)cc1F,1,val
CS(=O)(=O)c1ccc(OCC[C@@H]2C[C@@H]2C2CCN(c3ncc(Cl)cn3)CC2)nc1,0,train
Clc1cnc(N2CCC([C@H]3C[C@H]3CCOc3ccc(-n4ccnn4)cc3)CC2)nc1,0,train
Clc1cnc(N2CCC([C@H]3C[C@H]3CCOc3ccc(-n4ccnn4)cn3)CC2)nc1,0,train
Cc1cnc(N2CCC([C@H]3C[C@H]3CCOc3nc(C)cc(C#N)n3)CC2)nc1,1,test
Cc1cc(-c2c(Cl)cc(Cl)cc2OCCCC(F)(F)F)nc(N)n1,0,val
CC(C)OC(=O)N1CCC(Oc2ncnc3c2cnn3-c2ccc(S(C)(=O)=O)cc2F)CC1,1,test
O=C(Cc1ccc(Cl)cc1)NC(Cc1ccc(Cl)cc1)C(=O)N[C@H]1C[C@H]2CC[C@@H](C1)N2,1,val
O=C(N[C@H]1C[C@H]2CC[C@@H](C1)N2)C(Cc1ccc(Cl)cc1)NC(=O)C1(c2ccc(Cl)cc2)CC1,1,val
CC(C)(C)OCC1C(=O)NCCN1C(=O)C[C@H](N)Cc1cc(F)c(F)cc1F,0,test
CCN1C(=O)c2nc(Cc3ccccc3)n(Cc3ccccc3)c2N2CC3(CCc4ccccc43)N=C12,1,test
CC[C@H]1OC(=O)C(C)[C@@H](O[C@H]2C[C@@](C)(OC)C[C@H](C)O2)[C@H](C)[C@@H](O[C@@H]2O[C@H](C)C[C@H](N(C)C(C)C)[C@H]2O)[C@](C)(O)C[C@@H](C)[C@H](OCC(=O)NC)[C@H](C)[C@@H](O)[C@]1(C)O,0,train
CC#CC(CC(=O)O)c1ccc(Oc2ccc(C(F)(F)F)cc2OC(F)F)cc1F,0,val
CC#C[C@@H](c1ccc(Oc2ccc(C(F)(F)F)cc2OC(F)F)cc1)c1oc(=O)[nH]c1O,1,val
Cc1c2c(n3c1CCCN[C@H](C)CNc1cc-3ccc1C(N)=O)CC(C)(C)CC2=O,1,train
COc1cc(F)ccc1-c1cncc(CNC2CCCC2)c1,1,train
COc1cc(F)ccc1-c1cccc(CNC2CCCC2)c1,1,train
COc1cc(F)ccc1-c1cncc(CNC2CCCC2)n1,0,train
COc1cc(F)ccc1-c1cccc(CNC2CCCC2)n1,1,train
COc1cc(F)ccc1-c1cc(CNC2CCCC2)ccn1,1,train
COc1cc(F)ccc1-c1cncc(CNC2CCCCC2)c1,1,train
COc1cc(F)ccc1-c1cncc(CNC(C)C)c1,1,train
COc1cc(F)ccc1-c1cncc(C2CCCN2)c1,1,test
COc1cc(F)ccc1-c1cncc(NCc2ccccc2)c1,1,test
COc1cc(F)ccc1-c1cncc(NC2CCCOC2)c1,1,test
COc1cc(F)ccc1-c1cncc(CNC(=O)c2cnccn2)c1,1,train
COc1cc(F)ccc1-c1cncc(CNC(=O)c2ccccn2)c1,0,train
COc1cc(F)ccc1-c1cncc(CNC(=O)c2ccccc2)c1,0,train
COc1cc(F)ccc1-c1cncc(CNC(=O)C2CCC2)c1,0,train
COc1cc(F)ccc1-c1cncc(CNCC2CC2)n1,1,test
Cc1c2c(n3c1CCCN1CCC[C@@H]1CNc1cc-3ccc1C(N)=O)CC(C)(C)CC2=O,1,train
Cc1c2c(n3c1CCCN1CCCC[C@@H]1CNc1cc-3ccc1C(N)=O)CC(C)(C)CC2=O,1,train
Cc1c2c(n3c1CCCN1CCOC[C@@H]1CNc1cc-3ccc1C(N)=O)CC(C)(C)CC2=O,0,train
CC(=O)N1CCN2CCCc3c(C)c4c(n3-c3ccc(C(N)=O)c(c3)NC[C@H]2C1)CC(C)(C)CC4=O,0,train
Cc1c2c(n3c1CCCN1CC[C@H](CNc4cc-3ccc4C(N)=O)C1)CC(C)(C)CC2=O,1,train
Cc1c2c(n3c1CCCN1C[C@@H](F)C[C@@H]1CNc1cc-3ccc1C(N)=O)CC(C)(C)CC2=O,0,train
Cc1c2c(n3c1CCCN1CCCC[C@@H]1[C@H](C)Nc1cc-3ccc1C(N)=O)CC(C)(C)CC2=O,1,train
Cc1c2c(n3c1CCCN1CCC[C@@H](C1)Nc1cc-3ccc1C(N)=O)CC(C)(C)CC2=O,1,train
CO[C@@H]1COCC[C@@H]1N[C@@H]1CC[C@@](C(=O)N2CCN(c3cncc(C(F)(F)F)c3)CC2)(C(C)C)C1,1,train
CO[C@@H]1COCC[C@@H]1N[C@@H]1CC[C@@](C(=O)N2CCN(c3cccc(C(F)(F)F)n3)CC2)(C(C)C)C1,1,train
CO[C@@H]1COCC[C@@H]1N[C@@H]1CC[C@@](C(=O)N2CCN(c3nccc(C(F)(F)F)n3)CC2)(C(C)C)C1,1,train
CO[C@@H]1COCC[C@@H]1N[C@@H]1CC[C@@](C(=O)N2CCN(c3cncc(C(F)(F)F)n3)CC2)(C(C)C)C1,1,train
CO[C@@H]1COCC[C@@H]1N[C@@H]1CC[C@@](C(=O)N2CCN(c3ccnc(C(F)(F)F)n3)CC2)(C(C)C)C1,0,train
CO[C@@H]1COCC[C@@H]1N[C@@H]1CC[C@@](C(=O)N2CCN(c3cc(C(F)(F)F)ncn3)CC2)(C(C)C)C1,0,train
CO[C@@H]1COCC[C@@H]1N[C@@H]1CC[C@@](C(=O)N2CCN(c3nncc(C(F)(F)F)n3)CC2)(C(C)C)C1,1,train
CO[C@@H]1COCC[C@@H]1N[C@@H]1CC[C@@](C(=O)N2CCN(c3cc(C(F)(F)F)cnn3)CC2)(C(C)C)C1,0,train
CCO[C@H]1COCC[C@H]1N[C@@H]1CC[C@@](C(=O)N2CCN(c3cc(C(F)(F)F)ccn3)CC2)(C(C)C)C1,1,train
CCO[C@@H]1COCC[C@@H]1N[C@@H]1CC[C@@](C(=O)N2CCN(c3cc(C(F)(F)F)ccn3)CC2)(C(C)C)C1,1,train
CCC1COCC[C@@H]1N[C@@H]1CC[C@@](C(=O)N2CCN(c3cc(C(F)(F)F)ccn3)CC2)(C(C)C)C1,1,train
CC(C)[C@]1(C(=O)N2CCN(c3cc(C(F)(F)F)ccn3)CC2)CC[C@@H](N[C@H]2CCOC[C@H]2O)C1,1,train
CC(C)[C@]1(C(=O)N2CCN(c3cc(C(F)(F)F)ccn3)CC2)CC[C@@H](NC2C3CCCC2COC3)C1,1,train
CO[C@@H]1COCC[C@@H]1N(C)[C@@H]1CC[C@@](C(=O)N2CCN(c3cc(C(F)(F)F)ccn3)CC2)(C(C)C)C1,0,train
CC(C)[C@]1(C(=O)N2CCN(c3cc(C(F)(F)F)ccn3)CC2)CC[C@@H](N2CCC3COCCC32)C1,1,train
CO[C@@H]1COCC[C@@H]1N(C)[C@@H]1CC[C@@](C(=O)N2CCN(c3cc(C(F)(F)F)cnn3)CC2)(C(C)C)C1,0,test
Cc1noc(C)c1CCC1CCN(S(=O)(=O)C[C@](C)(CC(C)c2ncc(F)cn2)N(O)C=O)CC1,0,test
Cc1nc2ccccc2n1[C@H]1C[C@H]2CC[C@@H](C1)N2CCC1(c2ccccc2)CCN(C(=O)c2ccccc2)CC1,1,train
Cc1nc2ccccc2n1[C@H]1C[C@H]2CC[C@@H](C1)N2CCC1(c2ccccc2)CCN(C(=O)C(C)(C)C)CC1,1,train
Cc1nc2ccccc2n1C1CC2CCC(C1)N2CCC1(c2cccc(F)c2)CCN(C(=O)C(C)(C)C)CC1,1,train
Cc1nc2ccccc2n1C1CC2CCC(C1)N2CCC1(c2cccc(F)c2)CCN(C(=O)C(C)(C)C(=O)O)CC1,0,train
Cc1nc2ccccc2n1C1CC2CCC(C1)N2CCC1(c2cccc(F)c2)CCN(C(=O)C2(C(=O)O)CCC2)CC1,0,train
Cc1nc2ccccc2n1C1CC2CCC(C1)N2CCC1(c2ccccc2)CCN(C(=O)c2cccc(C(=O)O)c2)CC1,0,train
Cc1nc2ccccc2n1C1CC2CCC(C1)N2CCC1(c2ccccc2)CCN(C(=O)C(C)(C)c2nn[nH]n2)CC1,0,train
Cc1nc2ccccc2n1C1CC2CCC(C1)N2CCC1(c2ccccc2)CCN(C(=O)C(C)(C)C(=O)NS(C)(=O)=O)CC1,0,train
Cc1nc2ccccc2n1C1CC2CCC(C1)N2CCC1(c2ccccc2)CCN(C(=O)c2cccc(-c3nn[nH]n3)c2)CC1,0,test
Cc1nc2ccccc2n1C1CC2CCC(C1)N2CCC1(c2ccccc2)CCN(C(=O)c2cccc(C(O)=NO)c2)CC1,0,train
Cc1nc2ccccc2n1C1CC2CCC(C1)N2CCC1(c2ccccc2)CCN(C(=O)C(C)(C)CO)CC1,1,train
COC(=O)c1cccc(C(=O)N2CCC(CCN3C4CCC3CC(n3c(C)nc5ccccc53)C4)(c3ccccc3)CC2)c1,1,train
Cc1nc2ccccc2n1C1CC2CCC(C1)N2CCC1(c2ccccc2)CCN(C(=O)c2cccc(C(N)=O)c2)CC1,0,train
Cc1nc2ccccc2n1C1CC2CCC(C1)N2CCC1(c2ccccc2)CCN(C(=O)c2cccc(S(N)(=O)=O)c2)CC1,0,train
Cc1nc2ccccc2n1C1CC2CCC(C1)N2CCC1(c2ccccc2)CCN(C(=O)c2ccc(S(N)(=O)=O)cc2)CC1,0,train
CNS(=O)(=O)c1cccc(C(=O)N2CCC(CCN3C4CCC3CC(n3c(C)nc5ccccc53)C4)(c3ccccc3)CC2)c1,0,train
Cc1nc2ccccc2n1C1CC2CCC(C1)N2CCC1(c2ccccc2)CCN(C(=O)c2cccc(S(=O)(=O)N(C)C)c2)CC1,1,train
Cc1nc2ccccc2n1C1CC2CCC(C1)N2CCC1(c2cccc(F)c2)CCN(C(=O)c2cc(S(N)(=O)=O)ccc2F)CC1,0,train
Cc1nc2ccccc2n1C1CC2CCC(C1)N2CCC1(c2cccc(F)c2)CCN(C(=O)c2c(Cl)ccc(S(N)(=O)=O)c2Cl)CC1,0,train
Cc1nc2ccccc2n1C1CC2CCC(C1)N2CCC1(c2cccc(F)c2)CCN(C(=O)c2cc(S(=O)(=O)NC3CCCC3)c(F)cc2Cl)CC1,0,train
CCNS(=O)(=O)c1cc(C(=O)N2CCC(CCN3C4CCC3CC(n3c(C)nc5ccccc53)C4)(c3cccc(F)c3)CC2)c(Cl)cc1F,0,train
Cc1nc2ccccc2n1C1CC2CCC(C1)N2CCC1(c2cccc(F)c2)CCN(C(=O)c2cc(S(=O)(=O)NC(C)C)c(F)cc2Cl)CC1,0,train
Cc1nc2ccccc2n1C1CC2CCC(C1)N2CCC1(c2cccc(F)c2)CCN(C(=O)c2cc(S(=O)(=O)NC3CC3)c(F)cc2Cl)CC1,0,train
Cc1nc2ccccc2n1C1CC2CCC(C1)N2CCC1(c2cccc(F)c2)CCN(C(=O)c2cc(S(=O)(=O)NCC(F)(F)F)c(F)cc2Cl)CC1,1,train
CCCNS(=O)(=O)c1cc(C(=O)N2CCC(CCN3C4CCC3CC(n3c(C)nc5ccccc53)C4)(c3cccc(F)c3)CC2)c(Cl)cc1F,1,train
CNS(=O)(=O)c1cc(C(=O)N2CCC(CCN3C4CCC3CC(n3c(C)nc5ccccc53)C4)(c3cccc(F)c3)CC2)c(Cl)cc1F,0,train
Cc1nc2ccccc2n1C1CC2CCC(C1)N2CCC1(c2cccc(F)c2)CCN(C(=O)c2ccc(NS(C)(=O)=O)cc2Cl)CC1,1,train
Cc1nc2ccccc2n1C1CC2CCC(C1)N2CCC1(c2cccc(F)c2)CCN(C(=O)c2cc(NS(C)(=O)=O)c(F)cc2Cl)CC1,0,train
Cc1nc2ccccc2n1C1CC2CCC(C1)N2CCC1(c2cccc(F)c2)CCN(C(=O)c2cc(NS(C)(=O)=O)c(F)cc2F)CC1,0,train
Cc1nc2ccccc2n1C1CC2CCC(C1)N2CCC1(c2cccc(F)c2)CCN(C(=O)c2c(F)ccc(NS(C)(=O)=O)c2F)CC1,0,train
Cc1nc2ccccc2n1C1CC2CCC(C1)N2CCC1(c2cccc(F)c2)CCN(C(=O)c2cc(NS(=O)(=O)C(C)C)c(F)cc2F)CC1,1,train
CN(C)[C@@H]1CCC[C@H]1Nc1nc(Nc2ccc(S(C)(=O)=O)cc2)ncc1C(F)(F)F,1,val
CN=[S+](C)([O-])c1ccc(Nc2ncc(C(F)(F)F)c(N[C@@H]3CCC[C@H]3N(C)C)n2)cc1,0,val
COCCCc1cc(CN(C(=O)C2CNCC[C@@H]2c2ccccc2)C2CC2)cc(OCCOC)c1,1,train
COCCCc1cc(CN(C(=O)C2CNCC[C@@H]2c2cc(=O)n(C)c3ccccc23)C2CC2)cc(OCCOC)c1,0,train
COCCCc1cc(CN(C(=O)C2CNCC[C@@H]2c2cc(=O)n(C)c3cc(Cl)ccc23)C2CC2)cc(OCCOC)c1,1,train
Cn1ccc([C@H]2CCNCC2C(=O)N(Cc2cccc(Cl)c2Cl)C2CC2)cc1=O,0,train
COCCCc1cc(Cl)c(Cl)c(CN(C(=O)C2CNCC[C@@H]2c2ccn(C)c(=O)c2)C2CC2)c1,1,train
COCCCc1ccc(Cl)c(CN(C(=O)C2CNCC[C@@H]2c2ccn(C)c(=O)c2)C2CC2)c1,0,train
COCCCc1cc(Cl)cc(CN(C(=O)C2CNCC[C@@H]2c2ccn(C)c(=O)c2)C2CC2)c1,1,train
COCCc1cc(Cl)c(Cl)c(CN(C(=O)C2CNCC[C@@H]2c2ccn(C)c(=O)c2)C2CC2)c1,0,train
Cn1ccc([C@H]2CCNCC2C(=O)N(Cc2cc(CCCC#N)cc(Cl)c2Cl)C2CC2)cc1=O,1,train
Cn1ccc([C@H]2CCNCC2C(=O)N(Cc2cc(CCC#N)cc(Cl)c2Cl)C2CC2)cc1=O,0,train
COC(=O)NCCc1cc(Cl)c(Cl)c(CN(C(=O)C2CNCC[C@@H]2c2ccn(C)c(=O)c2)C2CC2)c1,0,train
COCCNc1cc(Cl)c(Cl)c(CN(C(=O)C2CNCC[C@@H]2c2ccn(C)c(=O)c2)C2CC2)c1,0,train
COCCCc1cc(Br)cc(CN(C(=O)C2CNCC[C@@H]2c2ccn(C)c(=O)c2)C2CC2)c1,1,train
COCCCc1cc(CN(C(=O)C2CNCC[C@@H]2c2ccn(C)c(=O)c2)C2CC2)cc(Br)c1C,0,train
COCCCc1cc(CN(C(=O)C2CNCC[C@@H]2c2ccn(C)c(=O)c2)C2CC2)cc(-c2ccccc2)c1,1,train
COCCCc1cc(CN(C(=O)C2CNCC[C@@H]2c2ccn(C)c(=O)c2)C2CC2)c2ccccc2c1,0,train
COCCCc1cc(CN(C(=O)C2CNCC[C@@H]2c2ccn(C)c(=O)c2)C2CC2)c2ncccc2c1,0,train
COCCCn1cc(CN(C(=O)C2CNCC[C@@H]2c2ccn(C)c(=O)c2)C2CC2)c2c(Cl)cccc21,0,train
COCCCn1cc(CN(C(=O)C2CNCC[C@@H]2c2ccn(C)c(=O)c2)C2CC2)c2c(Br)cccc21,0,train
Cn1ccc([C@H]2CCNCC2C(=O)N(Cc2cn(Cc3ccccc3)c3cccc(F)c23)C2CC2)cc1=O,1,train
Cn1ccc([C@H]2CCNCC2C(=O)N(Cc2cn(Cc3cccc(F)c3)c3cccc(F)c23)C2CC2)cc1=O,1,train
Cn1ccc([C@H]2CCNCC2C(=O)N(Cc2cn(Cc3ccc(F)cc3)c3cccc(F)c23)C2CC2)cc1=O,1,train
Cn1ccc([C@H]2CCNCC2C(=O)N(Cc2cn(Cc3cccnc3)c3cccc(F)c23)C2CC2)cc1=O,0,train
Cn1ccc([C@H]2CCNCC2C(=O)N(Cc2cn(Cc3ccncc3)c3cccc(F)c23)C2CC2)cc1=O,0,train
Cc1nnc(N2CC[C@@H](F)C2)c2nn(-c3ccc(OCC(F)(F)F)cc3)c(C)c12,1,test
COC1CN(c2nnc(C)c3c(C)n(-c4ccc(Cl)cc4OC(F)(F)F)nc23)C1,1,test
CCOc1ccc(-n2nc3c(N4CC(OC)C4)nnc(C)c3c2C)c(F)c1,1,test
CN(Cc1cnccn1)S(=O)(=O)Nc1ccc2ccc3ncc(-c4cnn(C)c4)cc3c(=O)c2c1,1,train
Cn1cc(-c2cnc3ccc4ccc(NS(N)(=O)=O)cc4c(=O)c3c2)cn1,1,train
Cn1cc(-c2cnc3ccc4ccc(NS(C)(=O)=O)cc4c(=O)c3c2)cn1,0,train
CS(=O)(=O)Nc1ccc2ccc3ncc(-c4ccccc4)cc3c(=O)c2c1,1,train
NCC(=O)N1CCn2c(nc(-c3ccccc3)c2Nc2ccc3c(c2)OCO3)C1,0,val
CC(C)(N)C(=O)N1CCn2c(nc(-c3ccc(F)cc3)c2Nc2ccc(F)cc2)C1,1,train
CC(C)(N)C(=O)N1CCn2c(nc(-c3cccc(F)c3)c2Nc2ccc(F)cc2)C1,1,train
Cc1ccc(Nc2c(-c3ccc(F)cc3)nc3n2CCN(C(=O)CN)C3)cc1,0,train
Cc1ccc(Nc2c(-c3ccc(F)cc3)nc3n2CCN(C(=O)C(C)(C)N)C3)cc1,1,train
CC(C)(N)C(=O)N1CCn2c(nc(-c3ccc(F)cc3)c2Nc2ccc(Cl)cc2)C1,1,train
CC(C)(N)C(=O)N1CCn2c(nc(-c3ccc(F)cc3)c2Nc2ccc(F)c(F)c2)C1,1,train
NCC(=O)N1CCn2c(nc(-c3ccc(F)cc3)c2Nc2ccc(Cl)c(F)c2)C1,0,val
CC(C)(N)C(=O)N1CCn2c(nc(-c3ccc(F)cc3)c2Nc2ccc(Cl)c(F)c2)C1,1,train
CCS(=O)(=O)c1ccc2c(c1)nc(C(C)(C)C)n2CC1CC1,1,test
N#Cc1ccc(N2CCN(Cc3cc(C(=O)O)c(=O)n4ccccc34)CC2)cc1,1,train
COc1cc(C2CCN(C(C)=O)CC2)ccc1Nc1ncc(Cl)c(-c2cnc3ccccn23)n1,0,train
COc1cc(C2CCNCC2)ccc1Nc1ncc(Cl)c(-c2cnc3ccccn23)n1,1,train
COc1cc(N2CCCN(C(C)=O)CC2)ccc1Nc1ncc(Cl)c(-c2cnc3ccccn23)n1,0,train
COc1cc(OC2CCN(C(C)=O)CC2)ccc1Nc1ncc(Cl)c(-c2cnc3ccccn23)n1,1,train
COc1cc(OC2CCNCC2)ccc1Nc1ncc(Cl)c(-c2cnc3ccccn23)n1,1,train
COc1cc(OC2CNC2)ccc1Nc1ncc(Cl)c(-c2cnc3ccccn23)n1,1,train
COc1cc(N2CCOCC2)ccc1Nc1ncc(Cl)c(-c2cnc3ccccn23)n1,1,train
COc1cc(CN2CCOCC2)ccc1Nc1ncc(Cl)c(-c2cnc3ccccn23)n1,1,train
COc1cc(C(=O)N2CCOCC2)ccc1Nc1ncc(Cl)c(-c2cnc3ccccn23)n1,1,train
COc1cc(CC(=O)N2CCOCC2)ccc1Nc1ncc(Cl)c(-c2cnc3ccccn23)n1,1,train
COc1cc(N2CC3CNCC(C2)O3)ccc1Nc1ncc(Cl)c(-c2cnc3ccccn23)n1,1,train
COc1cc(N2CC3CN(CCO)CC(C2)O3)ccc1Nc1ncc(Cl)c(-c2cnc3ccccn23)n1,1,train
COc1cc(N2CC3COCC(C2)N3)ccc1Nc1ncc(Cl)c(-c2cnc3ccccn23)n1,1,train
COc1cc(N2CCNCC2)ccc1Nc1ncc(Cl)c(-c2cnc3ccccn23)n1,1,train
COc1cc(N2CCN(CCO)CC2)ccc1Nc1ncc(Cl)c(-c2cnc3ccccn23)n1,1,train
COc1cc(N2CCN(CC(=O)N(C)C)CC2)ccc1Nc1ncc(Cl)c(-c2cnc3ccccn23)n1,0,train
COc1cc(N2CCN(CCS(C)(=O)=O)CC2)ccc1Nc1ncc(Cl)c(-c2cnc3ccccn23)n1,1,train
COc1cc(N2CCN(C(=O)N(C)C)CC2)ccc1Nc1ncc(Cl)c(-c2cnc3ccccn23)n1,0,train
COc1cc(N2CCN(C(=O)CO)CC2)ccc1Nc1ncc(Cl)c(-c2cnc3ccccn23)n1,0,train
COc1cc(N2CCN(C(=O)C(C)O)CC2)ccc1Nc1ncc(Cl)c(-c2cnc3ccccn23)n1,1,train
COc1cc(N2CCN(C(=O)CN)CC2)ccc1Nc1ncc(Cl)c(-c2cnc3ccccn23)n1,0,train
CNCC(=O)N1CCN(c2ccc(Nc3ncc(Cl)c(-c4cnc5ccccn45)n3)c(OC)c2)CC1,1,train
COc1cc(N2CCN(C(=O)C(C)N)CC2)ccc1Nc1ncc(Cl)c(-c2cnc3ccccn23)n1,1,train
COc1ccc(N2CCN(C(C)=O)CC2)cc1Nc1ncc(Cl)c(-c2cnc3ccccn23)n1,1,train
COc1ccc(N2CCNCC2)cc1Nc1ncc(Cl)c(-c2cnc3ccccn23)n1,1,train
COc1ccc(N2CCOCC2)cc1Nc1ncc(Cl)c(-c2cnc3ccccn23)n1,1,train
COc1ccc(C(=O)N2CCOCC2)cc1Nc1ncc(Cl)c(-c2cnc3ccccn23)n1,1,train
ON=C(O)/C=C/c1ccc2c(c1)CN(Cc1ccccc1)C2,0,test
ON=C(O)/C=C/c1ccc2c(c1)CN(CCC1CCCCC1)C2,0,test
ON=C(O)/C=C/c1ccc2c(c1)CN(CCc1cnn3ccccc13)C2,1,test
CN1C[C@H]2CCCC[C@@]2(c2ccc(Cl)c(Cl)c2)C1,1,train
CN1C[C@@H]2CCCC[C@]2(c2ccc(Cl)c(Cl)c2)C1,1,train
Clc1ccc([C@]23CCCC[C@H]2CNC3)cc1Cl,1,train
Clc1ccc([C@@]23CCCC[C@@H]2CNC3)cc1Cl,1,train
CCN1C[C@H]2CCCC[C@@]2(c2ccc(Cl)c(Cl)c2)C1,1,train
CCN1C[C@@H]2CCCC[C@]2(c2ccc(Cl)c(Cl)c2)C1,1,train
CN1C[C@@H]2CCC[C@]2(c2ccc(Cl)c(Cl)c2)C1,1,train
CN1C[C@H]2CCC[C@@]2(c2ccc(Cl)c(Cl)c2)C1,1,train
Clc1ccc([C@]23CCC[C@H]2CNC3)cc1Cl,1,train
Clc1ccc([C@@]23CCC[C@@H]2CNC3)cc1Cl,1,train
CCc1c(C(=O)NC(C)(C)c2nnnn2C)nn(-c2ccc(Cl)cc2Cl)c1-c1ccc(Br)cc1,0,test
CC(=O)Nc1cccc(Nc2ncnc(N3CCC(Oc4ccc(OC(F)(F)F)cc4)CC3)n2)c1C,1,train
CC(=O)Nc1cccc(Nc2ncnc(N3CCC(Oc4ccc(C(F)(F)F)cc4)CC3)n2)c1C,1,train
CC(=O)Nc1cccc(Nc2ncnc(N3CCc4ccccc4C3)n2)c1,1,test
CC(=O)Nc1cccc(Nc2ncnc(N3CCC(OCc4ccc(C)cc4)CC3)n2)c1C,1,train
CC(=O)Nc1cccc(Nc2ncnc(N3CCC(OCc4ccc(C(C)C)cc4)CC3)n2)c1C,1,train
C[C@@H]1CCCN1CCCOc1ccc(-c2ccc(=O)n(C)n2)cc1,0,train
C[C@@H]1CCCN1CCCOc1ccc(-c2cn[nH]c(=O)c2)cc1,1,train
C[C@@H]1CCCN1CCCOc1ccc(-c2ccc(=O)[nH]n2)cc1,0,train
CN(C)CCC1CCN(c2cc(C(=O)NC[C@H]3CC[C@H](CNC(=O)OCC(C)(C)C)CC3)c3ccccc3n2)CC1,0,test
CC(C)CNc1nc(N2CCN(CC3CCCOC3)CC2)ncc1C(=O)NCc1ccccc1,1,test
COc1cc(-c2cn(Cc3ccccc3F)nn2)ccc1-n1cnc(C)c1,1,train
COc1cc(-c2cn(Cc3cccc(F)c3)nn2)ccc1-n1cnc(C)c1,1,train
COc1cc(-c2cn(Cc3ccc(F)cc3)nn2)ccc1-n1cnc(C)c1,1,train
COc1cc(-c2cn(Cc3cccc(C(F)(F)F)c3)nn2)ccc1-n1cnc(C)c1,1,train
COc1cc(-c2cn(Cc3cccc(OC(F)(F)F)c3)nn2)ccc1-n1cnc(C)c1,1,train
COc1cc(-c2cn(Cc3cc(C(C)(C)C)cc(C(C)(C)C)c3)nn2)ccc1-n1cnc(C)c1,1,train
COc1cc(-c2cn(Cc3cc(Br)cc(Br)c3)nn2)ccc1-n1cnc(C)c1,1,train
COc1cc(-c2cn(Cc3cc(C(F)(F)F)cc(C(F)(F)F)c3)nn2)ccc1-n1cnc(C)c1,1,train
COc1cc(-c2cn(Cc3ccc(C(C)(C)C)cc3)nn2)ccc1-n1cnc(C)c1,1,train
COc1cc(-c2cn(Cc3cccc4cccnc34)nn2)ccc1-n1cnc(C)c1,1,train
COc1cc(-c2cn(Cc3ccc(-c4noc(C)n4)cc3)nn2)ccc1-n1cnc(C)c1,1,train
COc1cc(-c2cn(Cc3csc4ccccc34)nn2)ccc1-n1cnc(C)c1,1,train
ON=C(O)/C=C/c1ccc(CNCCc2c[nH]c3ccccc23)cc1,0,train
CCN(CCc1c[nH]c2ccccc12)Cc1ccc(/C=C/C(O)=NO)cc1,1,train
Cc1[nH]c2ccccc2c1CCN(CCF)Cc1ccc(/C=C/C(O)=NO)cc1,1,test
CCCN(CCc1c[nH]c2ccccc12)Cc1ccc(/C=C/C(O)=NO)cc1,1,train
ON=C(O)/C=C/c1ccc(CNCCc2c(-c3ccccc3)[nH]c3ccccc23)cc1,1,train
ON=C(O)/C=C/c1ccc(CNCCc2c(-c3ccccn3)[nH]c3ccccc23)cc1,1,train
COc1ccncc1-c1[nH]c2ccccc2c1CCNCc1ccc(/C=C/C(O)=NO)cc1,1,train
ON=C(O)/C=C/c1ccc(CNCCc2c(-c3cccs3)[nH]c3ccccc23)cc1,1,train
Cc1noc(C)c1-c1[nH]c2ccccc2c1CCNCc1ccc(/C=C/C(O)=NO)cc1,0,train
CC(C)(C)c1[nH]c2ccccc2c1CCNCc1ccc(/C=C/C(O)=NO)cc1,1,train
CC(C)N(CCc1c[nH]c2ccccc12)Cc1ccc(/C=C/C(O)=NO)cc1,1,train
ON=C(O)/C=C/c1ccc(CNCCc2c(-c3ccccc3)nn3ccccc23)cc1,0,train
Cc1nn2ccccc2c1CCN(Cc1ccc(/C=C/C(O)=NO)cc1)C(C)C,0,train
CCc1nn2ccccc2c1CCN(Cc1ccc(/C=C/C(O)=NO)cc1)C(C)C,1,train
CC(C)N(CCc1c(-c2ccccc2)nn2ccccc12)Cc1ccc(/C=C/C(O)=NO)cc1,1,train
Cn1c(=O)c2c(cc(N3CCC[C@@](C)(N)C3)n2Cc2cc(F)ccc2C#N)n(C)c1=O,0,test
Cc1nc(C(=O)NCCCN2CCN(c3cccc(Cl)c3Cl)CC2)c(C)n1-c1ccccc1,1,train
Cc1c(Cl)cccc1N1CCN(CCCNC(=O)c2nc(-c3ccccc3)n(-c3ccccc3)c2C)CC1,1,val
Cc1c(Cl)cccc1N1CCN(CCCNC(=O)c2nc(-c3ccccc3)n(-c3ccccc3)c2Cn2cncn2)CC1,1,val
Cc1cccc(N2CCN(CCCNC(=O)c3nc(C)n(-c4ccc5c(c4)OCCO5)c3C)CC2)c1C,1,test
O=C(NCC1(N2CCOCC2)CCCCC1)N1CCC(c2nc(-c3ccc4ccccc4n3)no2)CC1,1,train
O=C(NCC1(N2CCCCC2)CCCC1)N1CCC(c2nc(-c3ccc4ccccc4n3)no2)CC1,1,train
O=C(NCC1(N2CCCC2)CCCC1)N1CCC(c2nc(-c3ccc4ccccc4n3)no2)CC1,1,train
CCN(CC)C1(CNC(=O)N2CCC(c3nc(-c4ccc5ccccc5n4)no3)CC2)CCCC1,1,train
O=C(NCC1(N2CCOCC2)CCCC1)N1CCC(c2nc(-c3ccc4ccccc4n3)no2)CC1,1,train
CC(C)N1CCCC1CNC(=O)N1CCC(c2nc(-c3ccc4ccccc4n3)no2)CC1,0,train
CCNC1(CNC(=O)N2CCC(c3nc(-c4ccc5ccccc5n4)no3)CC2)CCCC1,0,train
CC(C)(CNC(=O)N1CCC(c2nc(-c3ccc4ccccc4n3)no2)CC1)N1CCOCC1,0,train
CN(C)C1(CNC(=O)N2CCC(c3nc(-c4ccc5ccccc5n4)no3)CC2)CCCC1,0,train
c1ccc(-c2ccc(OCCCN3CCCCC3)cc2)cc1,1,train
CC(C)N1CCN(C(=O)N2CC=C(c3ccccc3)CC2)CC1,0,val
CC(C)N1CCN(C(=O)N2CCC(c3ccccc3)CC2)CC1,0,train
CC(C)N1CCN(C(=O)N2CCC(C(C)(C)C)CC2)CC1,0,test
CC(C)N1CCN(C(=O)N2CCC(Cc3ccccc3)CC2)CC1,0,train
O=C(N1CCN(C2CCCC2)CC1)N1Cc2ccccc2C1,0,val
O=C(N1CCN(C2CC2)CC1)N1Cc2ccccc2C1,0,val
CC(C)N1CCN(C(=O)N2Cc3ccccc3C2)CC1,0,train
O=C(N1Cc2ccccc2C1)N1CCC[C@H]1CN1CCCC1,0,val
C=C(N(C)Cc1ccc(-c2ccccc2)cc1)N1CCN(C(C)C)CC1,1,val
CN(Cc1ccc(-c2ccccc2)cc1)C(=O)N1CCC[C@H]1CN1CCCC1,1,test
O=C(NCc1ccc(C(F)(F)F)cc1)N1CCC[C@H]1CN1CCCC1,0,train
O=C(/C=C/c1ccc(C(F)(F)F)cc1)N1CCC[C@H]1CN1CCCC1,1,train
COc1nccc2c(=O)n(C)c(-c3ccc(OC4CCN(C5CCC5)CC4)cc3)nc12,1,train
COc1cccc2c(=O)n(C)c(-c3ccc(OC4CCN(C5CCC5)CC4)cc3)nc12,1,train
COc1cccc2nc(-c3ccc(OC4CCN(C5CCC5)CC4)cc3)n(C)c(=O)c12,1,train
Cc1nc2cccc(C(F)(F)F)c2c(=O)n1-c1ccc(OCCCN2CCCC2)cc1,1,train
Cc1nc2c(F)cccc2c(=O)n1-c1ccc(OCCCN2CCCC2)cc1,1,train
Cc1nc2cccc(F)c2c(=O)n1-c1ccc(OCCCN2CCCC2)cc1,1,train
COc1cccc2nc(C)n(-c3ccc(OCCCN4CCCC4)cc3)c(=O)c12,1,train
COc1ccc2nc(C)n(-c3ccc(OCCCN4CCCC4)cc3)c(=O)c2c1,1,train
COc1ccc2c(=O)n(-c3ccc(OCCCN4CCCC4)cc3)c(C)nc2c1,1,train
COc1cccc2c(=O)n(-c3ccc(OCCCN4CCCC4)cc3)c(C)nc12,1,train
Cc1ccc2nc(C)n(-c3ccc(OCCCN4CCCC4)cc3)c(=O)c2c1,1,train
Cc1nc2ccccc2c(=O)n1-c1ccc(OCCCN2CCCC2)cc1,1,train
C[C@H]1[C@H](c2ccc(OCCCN3CCCC3)cc2)Oc2ccccc2S1(=O)=O,1,train
c1ncc(-c2cc3sc(N4CCC(N5CCCCC5)CC4)nc3cn2)cn1,1,train
CC(=O)Nc1ccc(-c2cc3sc(N4CCC(N5CCCCC5)CC4)nc3cn2)cn1,1,train
Cc1ccc(-c2cc3sc(N4CCC(N5CCCCC5)CC4)nc3cn2)cn1,1,train
COc1ccc(-c2cc3sc(N4CCC(N5CCCCC5)CC4)nc3cn2)cn1,1,train
N#Cc1cncc(-c2cc3sc(N4CCC(N5CCCCC5)CC4)nc3cn2)c1,1,train
Fc1ncccc1-c1cc2sc(N3CCC(N4CCCCC4)CC3)nc2cn1,1,train
Fc1cc(-c2cc3sc(N4CCC(N5CCCCC5)CC4)nc3cn2)ccn1,1,train
COc1cc(-c2cc3sc(N4CCC(N5CCCCC5)CC4)nc3cn2)ccn1,1,train
COc1cc(-c2cnc3nc(N4CCC(N5CCCCC5)CC4)sc3c2)ccn1,1,train
Fc1cc(-c2cnc3nc(N4CCC(N5CCCCC5)CC4)sc3c2)ccn1,1,train
Fc1ccc(-c2cc3sc(N4CCC(N5CCCCC5)CC4)nc3cn2)cn1,1,train
Nc1cnc(-c2cnc3nc(N4CCC(N5CCCCC5)CC4)sc3c2)cn1,0,train
c1ncc(-c2cnc3nc(N4CCC(N5CCCCC5)CC4)sc3c2)cn1,0,train
CC(=O)Nc1ccc(-c2cnc3nc(N4CCC(N5CCCCC5)CC4)sc3c2)cn1,0,train
Nc1ccc(-c2cnc3nc(N4CCC(N5CCCCC5)CC4)sc3c2)cn1,0,train
Cc1ccc(-c2cnc3nc(N4CCC(N5CCCCC5)CC4)sc3c2)cn1,1,train
COc1ccc(-c2cnc3nc(N4CCC(N5CCCCC5)CC4)sc3c2)cn1,1,train
N#Cc1cncc(-c2cnc3nc(N4CCC(N5CCCCC5)CC4)sc3c2)c1,1,train
Fc1ncccc1-c1cnc2nc(N3CCC(N4CCCCC4)CC3)sc2c1,1,train
Fc1ccc(-c2cnc3nc(N4CCC(N5CCCCC5)CC4)sc3c2)cn1,1,train
N#Cc1cc(-c2cnc3nc(N4CCC(N5CCCCC5)CC4)sc3c2)ccc1F,1,train
N#Cc1ccc(-c2cnc3nc(N4CCC(N5CCCCC5)CC4)sc3c2)cc1,1,train
Clc1cc2sc(N3CCC(N4CCCCC4)CC3)nc2cn1,1,train
COCC1CCCN1S(=O)(=O)c1ccc(-c2ccc(CCN3CCC[C@H]3C)cc2)cc1,1,train
C[C@@H]1CCCN1CCc1ccc(-c2ccc(S(=O)(=O)N3CCC(O)C3)cc2)cc1,1,train
COC1CCN(S(=O)(=O)c2ccc(-c3ccc(CCN4CCC[C@H]4C)cc3)cc2)CC1,1,train
C[C@@H]1CCCN1CCc1ccc(-c2ccc(S(=O)(=O)N3CCS(=O)(=O)CC3)cc2)cc1,1,train
CC1COCC(C)N1S(=O)(=O)c1ccc(-c2ccc(CCN3CCC[C@H]3C)cc2)cc1,1,train
C[C@@H]1CCCN1CCc1ccc(-c2ccc(S(=O)(=O)N3CCOCC3)cc2)cc1,1,train
C[C@@H]1CCCN1CCc1ccc(-c2ccc(S(=O)(=O)NCc3ccncc3)cc2)cc1,1,train
C[C@@H]1CCCN1CCc1ccc(-c2ccc(S(=O)(=O)NCc3ccccc3)cc2)cc1,1,train
C[C@@H]1CCCN1CCc1ccc(-c2ccc(S(=O)(=O)Nc3ccccc3)cc2)cc1,1,train
C[C@@H]1CCCN1CCc1ccc(-c2ccc(S(=O)(=O)NC3CCOCC3)cc2)cc1,0,train
C[C@@H]1CCCN1CCc1ccc(-c2ccc(S(=O)(=O)NC3CCC3)cc2)cc1,1,train
C[C@@H]1CCCN1CCc1ccc(-c2ccc(S(=O)(=O)NCC3CC3)cc2)cc1,1,train
COCCNS(=O)(=O)c1ccc(-c2ccc(CCN3CCC[C@H]3C)cc2)cc1,1,train
CCC(CO)NS(=O)(=O)c1ccc(-c2ccc(CCN3CCC[C@H]3C)cc2)cc1,1,train
C[C@@H]1CCCN1CCc1ccc(-c2ccc(S(N)(=O)=O)cc2)cc1,1,train
C[C@@H]1CCCN1CCc1ccc(-c2ccc(S(=O)(=O)N3CCCCC3)cc2)cc1,1,train
CCCNS(=O)(=O)c1ccc(-c2ccc(CCN3CCC[C@H]3C)cc2)cc1,1,train
CCNS(=O)(=O)c1ccc(-c2ccc(CCN3CCC[C@H]3C)cc2)cc1,1,train
COC(=O)N1CC(Oc2ccc(F)cc2)CC1C(=O)N1CCCN(C2CCC2)CC1,1,test
COC(=O)N1CC(Oc2cccc(F)c2)CC1C(=O)N1CCCN(C2CCC2)CC1,1,train
O=C(C1CC(Oc2ccc(F)cc2)CN1)N1CCCN(C2CCCC2)CC1,1,train
N#Cc1ccc(OC2CNC(C(=O)N3CCCN(C4CCCC4)CC3)C2)cc1,1,train
N#Cc1ccc(OC2CNC(C(=O)N3CCCN(C4CCC4)CC3)C2)cc1,1,train
O=C(C1CC(Oc2ccc(Cl)cc2)CN1)N1CCCN(C2CCC2)CC1,1,train
O=C(C1CC(Oc2ccc(F)cc2)CN1)N1CCCN(C2CCC2)CC1,1,train
O=C(C1CC(Oc2cccc(Cl)c2)CN1)N1CCCN(C2CCC2)CC1,1,train
O=C(C1CC(Oc2cccc(F)c2)CN1)N1CCCN(C2CCC2)CC1,1,train
CC1CCCN1CCc1ccc2nc(-c3cccs3)ccc2c1,1,train
CC1CCCN1CCc1ccc2nc(-c3ccsc3)ccc2c1,1,train
CC1CCCN1CCc1ccc2nc(-c3ccoc3)ccc2c1,1,train
COC(=O)c1cc(-c2ccc3cc(CCN4CCC[C@H]4C)ccc3n2)on1,0,val
COC(=O)c1c(C)noc1-c1ccc2cc(CCN3CCC[C@H]3C)ccc2n1,1,train
Cc1nc(C)c(-c2ccc3cc(CCN4CCCC4C)ccc3n2)cc1C(N)=O,0,val
Cc1nc(C)c(-c2ccc3cc(CCN4CCCC4C)ccc3n2)cc1C#N,1,train
CN(C)C1CCC(c2ccc(OCCCN3CCCCC3)cc2)CC1,1,train
CCOC(=O)c1ccc(-c2ccc(OCCCN3CCCCC3)cc2)cc1,1,train
O=C(c1ccccc1-c1ccc(OCCCN2CCCCC2)cc1)N1CCCCC1,1,train
COc1ccccc1-c1ccc(OCCCN2CCCCC2)cc1,1,train
c1cc(-c2ccc3c(c2)OCO3)ccc1OCCCN1CCCCC1,1,train
c1cc(C2CCOCC2)ccc1OCCCN1CCCCC1,1,train
c1cc(C2CCCCO2)ccc1OCCCN1CCCCC1,1,train
c1cc(N2CCCCC2)ccc1OCCCN1CCCCC1,1,train
c1cc(C2CCCCC2)ccc1OCCCN1CCCCC1,1,train
C1=C(c2ccc(OCCCN3CCCCC3)cc2)CCC1,1,train
c1cc(C2=NCCO2)ccc1OCCCN1CCCCC1,1,val
c1ncc(-c2ccc(OCCCN3CCCCC3)cc2)o1,1,test
Cn1nccc1-c1ccc(OCCCN2CCCCC2)cc1,1,train
c1c[nH]c(-c2ccc(OCCCN3CCCCC3)cc2)n1,1,train
c1cc(C2CCCO2)ccc1OCCCN1CCCCC1,1,train
c1coc(-c2ccc(OCCCN3CCCCC3)cc2)c1,1,train
c1csc(-c2ccc(OCCCN3CCCCC3)cc2)c1,1,train
COc1cc(N2CCN(C[C@H](C)O)CC2)ccc1Nc1ncc2ccc(-c3ccccc3N(C)S(C)(=O)=O)n2n1,1,test
O=C1COc2ccc(CNC3CCN(CCN4C(=O)COc5ccc(-c6ccco6)cc54)CC3)nc2N1,1,train
O=C1COc2ccc(CNC3CCN(CCN4C(=O)COc5ccc(OC(F)(F)F)cc54)CC3)nc2N1,1,train
O=C1COc2ccc(CNC3CCN(CCN4C(=O)COc5ccc(Br)cc54)CC3)nc2N1,1,train
O=C1COc2ccc(CNC3CCN(CCN4C(=O)COc5ccc(Cl)cc54)CC3)nc2N1,1,train
O=C1COc2ccc(CNC3CCN(CCN4C(=O)COc5ccc(F)cc54)CC3)nc2N1,1,train
COc1ccc2c(c1)N(CCN1CCC(NCc3ccc4c(n3)NC(=O)CO4)CC1)C(=O)CO2,0,train
COC(=O)c1ccc2c(c1)N(CCN1CCC(NCc3ccc4c(n3)NC(=O)CO4)CC1)C(=O)CO2,0,train
O=C1COc2ccc(CNC3CCN(CCN4C(=O)COc5ccc([N+](=O)[O-])cc54)CC3)nc2N1,0,train
CC(=O)c1ccc2c(c1)N(CCN1CCC(NCc3ccc4c(n3)NC(=O)CO4)CC1)C(=O)CO2,0,train
CS(=O)(=O)c1ccc2c(c1)N(CCN1CCC(NCc3ccc4c(n3)NC(=O)CO4)CC1)C(=O)CO2,0,train
c1ccc(Nc2nc(-c3cn[nH]c3)cs2)nc1,0,test
c1ccc(Nc2nc3c(s2)CCc2[nH]ncc2-3)nc1,0,train
c1ccc(Nc2nc3c(s2)CCCc2[nH]ncc2-3)nc1,0,train
c1cnc(Nc2nc3c(s2)CCCc2[nH]ncc2-3)nc1,0,train
N[C@]1(c2ccccc2)CC[C@H](N2CC(NC(=O)CNC(=O)c3cccc(C(F)(F)F)c3)C2)CC1,1,train
O=C(CNC(=O)c1cccc(C(F)(F)F)c1)NC1CN([C@H]2CC[C@](F)(c3ccccc3)CC2)C1,1,train
Cc1cccc(C)c1[C@]1(O)CC[C@@H](N2CC(NC(=O)CNC(=O)c3cccc(C(F)(F)F)c3)C2)CC1,1,train
O=C(CNC(=O)c1cccc(C(F)(F)F)c1)NC1CN([C@H]2CC[C@](O)(c3ccc4c(c3)OCC4)CC2)C1,0,train
O=C(CNC(=O)c1cccc(C(F)(F)F)c1)NC1CN([C@H]2CC[C@](O)(c3ccc4c(c3)OCO4)CC2)C1,0,train
COc1ccc([C@]2(O)CC[C@@H](N3CC(NC(=O)CNC(=O)c4cccc(C(F)(F)F)c4)C3)CC2)cc1,1,train
CN(C)c1cccc([C@]2(O)CC[C@@H](N3CC(NC(=O)CNC(=O)c4cccc(C(F)(F)F)c4)C3)CC2)c1,0,train
N#Cc1cccc([C@]2(O)CC[C@@H](N3CC(NC(=O)CNC(=O)c4cccc(C(F)(F)F)c4)C3)CC2)c1,1,train
O=C(CNC(=O)c1cccc(C(F)(F)F)c1)NC1CN([C@H]2CC[C@](O)(c3ccc(F)cc3)CC2)C1,1,train
O=C(CNC(=O)c1cccc(C(F)(F)F)c1)NC1CN([C@H]2CC[C@](O)(c3ccccc3)CC2)C1,1,train
O=C(CNC(=O)c1cccc(C(F)(F)F)c1)NC1CN([C@H]2CC[C@](O)(c3cccnc3)CC2)C1,0,train
Nc1ccc([C@H]2CC[C@H](N3CC(NC(=O)CNC(=O)c4cccc(C(F)(F)F)c4)C3)CC2)nc1,0,train
Nc1cccnc1[C@H]1CC[C@H](N2CC(NC(=O)CNC(=O)c3cccc(C(F)(F)F)c3)C2)CC1,0,train
O=C(CNC(=O)c1cccc(C(F)(F)F)c1)NC1CN([C@H]2CC[C@H](c3ccncc3O)CC2)C1,0,train
O=C(CNC(=O)c1cccc(C(F)(F)F)c1)NC1CN([C@H]2CC[C@H](c3ccc(O)cn3)CC2)C1,1,train
CN(C)c1ncc([C@H]2CC[C@H](N3CC(NC(=O)CNC(=O)c4cccc(C(F)(F)F)c4)C3)CC2)cn1,1,train
O=C(CNC(=O)c1cccc(C(F)(F)F)c1)NC1CN([C@H]2CC[C@H](c3cnccn3)CC2)C1,0,train
COc1cc([C@H]2CC[C@H](N3CC(NC(=O)CNC(=O)c4cccc(C(F)(F)F)c4)C3)CC2)ccn1,1,train
COc1cnccc1[C@H]1CC[C@H](N2CC(NC(=O)CNC(=O)c3cccc(C(F)(F)F)c3)C2)CC1,1,train
COc1ccc([C@H]2CC[C@H](N3CC(NC(=O)CNC(=O)c4cccc(C(F)(F)F)c4)C3)CC2)cn1,1,train
O=C(CNC(=O)c1cccc(C(F)(F)F)c1)NC1CN([C@H]2CC[C@H](c3cccnc3)CC2)C1,1,train
O=C(CNC(=O)c1cccc(C(F)(F)F)c1)NC1CN([C@H]2CC[C@H](c3ccc4[nH]cnc4c3)CC2)C1,1,train
O=C(CNC(=O)c1cccc(C(F)(F)F)c1)NC1CN([C@H]2CC[C@H](c3ccc(N4CCCC4)cc3)CC2)C1,1,train
O=C(CNC(=O)c1cccc(C(F)(F)F)c1)NC1CN(C2CCC(c3ccc(C(=O)O)cc3)CC2)C1,0,train
COC(=O)c1ccc(C2CCC(N3CC(NC(=O)CNC(=O)c4cccc(C(F)(F)F)c4)C3)CC2)cc1,1,train
O=C(CNC(=O)c1cccc(C(F)(F)F)c1)NC1CN([C@H]2CC[C@H](c3ccc(O)cc3)CC2)C1,1,train
COc1ccc([C@H]2CC[C@H](N3CC(NC(=O)CNC(=O)c4cccc(C(F)(F)F)c4)C3)CC2)cc1,1,train
O=C(CNC(=O)c1ccc(C(F)(F)F)cc1)NC1CN([C@H]2CC[C@H](c3ccc4c(c3)OCO4)CC2)C1,1,train
O=C(CNC(=O)c1ccccc1)NC1CN([C@H]2CC[C@H](c3ccc4c(c3)OCO4)CC2)C1,1,train
O=C(CNC(=O)c1cccc(C(F)(F)F)c1)NC1CN([C@H]2CC[C@H](c3ccccc3)CC2)C1,1,train
O=C(CNC(=O)c1cccc(C(F)(F)F)c1)NC1CN([C@H]2CC[C@@H](c3ccc4c(c3)OCO4)CC2)C1,1,train
O=C(CNC(=O)c1cccc(C(F)(F)F)c1)NC1CN(C2CCC(c3c[nH]c4ccccc34)CC2)C1,1,train
CN1CC(c2c[nH]c3cc(-n4ccc(OCc5ccccc5)cc4=O)ccc23)C1,0,test
CN1Cc2cc(Cl)ccc2-n2c(nnc2C2CCN(c3ccccn3)CC2)C1,0,train
COC(=O)N1Cc2cc(Cl)ccc2-n2c(nnc2C2CCN(c3ccccn3)CC2)C1,0,train
CC(=O)N1Cc2cc(Cl)ccc2-n2c(nnc2C2CCN(c3ccccn3)CC2)C1,0,train
CS(=O)(=O)N1Cc2cc(Cl)ccc2-n2c(nnc2C2CCN(c3ccccn3)CC2)C1,0,train
O=C(CNc1noc2ccc(C(F)(F)F)cc12)NC1CN([C@H]2CC[C@@H](c3nccs3)CC2)C1,1,val
O=C(CNc1noc2ccc(C(F)(F)F)cc12)NC1CN([C@H]2CC[C@@H](c3cncs3)CC2)C1,1,test
COc1ccc([C@H]2CC[C@@H](N3CC(NC(=O)CNc4noc5ccc(C(F)(F)F)cc45)C3)CC2)cn1,1,train
CC(C)c1ncc([C@H]2CC[C@@H](N3CC(NC(=O)CNc4nn(C)c5ccc(C(F)(F)F)cc45)C3)CC2)s1,0,train
CCc1ncc([C@H]2CC[C@@H](N3CC(NC(=O)CNc4nn(C)c5ccc(C(F)(F)F)cc45)C3)CC2)s1,0,train
Cc1ncc([C@H]2CC[C@@H](N3CC(NC(=O)CNc4nn(C)c5ccc(C(F)(F)F)cc45)C3)CC2)s1,0,train
NC(=O)n1nc(NCC(=O)NC2CN([C@H]3CC[C@@H](c4nccs4)CC3)C2)c2cc(C(F)(F)F)ccc21,0,val
Cn1nc(NCC(=O)NC2CN([C@H]3CC[C@@H](c4nccs4)CC3)C2)c2cc(C(F)(F)F)ccc21,0,train
Cn1nc(NCC(=O)NC2CN([C@H]3CC[C@@H](c4cncs4)CC3)C2)c2cc(C(F)(F)F)ccc21,0,train
Cc1ccc([C@H]2CC[C@@H](N3CC(NC(=O)CNc4nn(C)c5ccc(C(F)(F)F)cc45)C3)CC2)cn1,0,train
COc1ccc([C@H]2CC[C@@H](N3CC(NC(=O)CNc4nn(C)c5ccc(C(F)(F)F)cc45)C3)CC2)cn1,0,train
Cn1nc(NCC(=O)NC2CN([C@H]3CC[C@@H](c4cccnc4)CC3)C2)c2cc(C(F)(F)F)ccc21,0,train
Cc1ccc([C@H]2CC[C@@H](N3CC(NC(=O)CNc4[nH]nc5ccc(C(F)(F)F)cc45)C3)CC2)cn1,0,train
COc1ccc([C@]2(O)CC[C@H](N3CC(NC(=O)CNc4[nH]nc5ccc(C(F)(F)F)cc45)C3)CC2)cn1,0,train
O=C(CNc1[nH]nc2ccc(C(F)(F)F)cc12)NC1CN([C@H]2CC[C@@H](c3cccnc3)CC2)C1,0,train
CN(C)c1cccc([C@H]2CC[C@@H](N3CC(NC(=O)CNc4nn(C)c5ccc(C(F)(F)F)cc45)C3)CC2)c1,0,train
Cn1nc(NCC(=O)NC2CN([C@H]3CC[C@@H](c4ccccc4)CC3)C2)c2cc(C(F)(F)F)ccc21,1,train
CCOC(=O)C1CCC(N2CC(NC(=O)CNc3nn(C4CCCC4)c4ccc(C(F)(F)F)cc34)C2)CC1,1,train
CCOC(=O)C1CCC(N2CC(NC(=O)CN=C3NC(Cc4ccccc4)c4ccc(C(F)(F)F)cc43)C2)CC1,1,val
CCOC(=O)C1CCC(N2CC(NC(=O)CNc3nn(S(C)(=O)=O)c4ccc(C(F)(F)F)cc34)C2)CC1,0,train
CCOC(=O)C1CCC(N2CC(NC(=O)CNc3nn(C(N)=O)c4ccc(C(F)(F)F)cc34)C2)CC1,0,train
CCOC(=O)C1CCC(N2CC(NC(=O)CNc3nn(CC(F)(F)F)c4ccc(C(F)(F)F)cc34)C2)CC1,1,train
C=CCn1nc(NCC(=O)NC2CN(C3CCC(C(=O)OCC)CC3)C2)c2cc(C(F)(F)F)ccc21,1,train
CCOC(=O)C1CCC(N2CC(NC(=O)CNc3nn(CC)c4ccc(C(F)(F)F)cc34)C2)CC1,1,train
CCOC(=O)C1CCC(N2CC(NC(=O)CNc3noc4ccc(C(F)(F)F)cc34)C2)CC1,1,train
CCOC(=O)C1CCC(N2CC(NC(=O)CNc3[nH]nc4ccc(C(F)(F)F)cc34)C2)CC1,1,train
NC(=O)n1nc(NCC(=O)NC2CN([C@H]3CC[C@@H](c4ccc5c(c4)OCO5)CC3)C2)c2cc(C(F)(F)F)ccc21,0,train
CC(C)(C)NC(=O)n1nc(NCC(=O)NC2CN([C@H]3CC[C@@H](c4ccc5c(c4)OCO5)CC3)C2)c2cc(C(F)(F)F)ccc21,1,train
O=C(CNc1nn(CCO)c2ccc(C(F)(F)F)cc12)NC1CN([C@H]2CC[C@@H](c3ccc4c(c3)OCO4)CC2)C1,1,train
O=C(CNc1noc2ccc(C(F)(F)F)cc12)NC1CN([C@H]2CC[C@@H](c3ccc4c(c3)OCO4)CC2)C1,1,train
CS(=O)(=O)N[C@H]1CC[C@@H](N2CC(NC(=O)CNc3[nH]nc4ccc(C(F)(F)F)cc34)C2)CC1,0,train
C=CCO[C@H]1CC[C@@H](N2CC(NC(=O)CNc3[nH]nc4ccc(C(F)(F)F)cc34)C2)CC1,1,train
CCO[C@H]1CC[C@@H](N2CC(NC(=O)CNc3[nH]nc4ccc(C(F)(F)F)cc34)C2)CC1,1,train
O=C(CNc1[nH]nc2ccc(C(F)(F)F)cc12)NC1CN([C@H]2CC[C@@H](O)CC2)C1,0,train
C=CCOC[C@H]1CC[C@@H](N2CC(NC(=O)CNc3nn(C)c4ccc(C(F)(F)F)cc34)C2)CC1,1,train
CCOC[C@H]1CC[C@@H](N2CC(NC(=O)CNc3nn(C)c4ccc(C(F)(F)F)cc34)C2)CC1,1,train
Cn1nc(NCC(=O)NC2CN([C@H]3CC[C@@H](CO)CC3)C2)c2cc(C(F)(F)F)ccc21,0,train
Cn1nc(NCC(=O)NC2CN(C3CCC(C(N)=O)CC3)C2)c2cc(C(F)(F)F)ccc21,0,train
Cn1nc(NCC(=O)NC2CN(C3CCC(C(=O)O)CC3)C2)c2cc(C(F)(F)F)ccc21,0,train
CCOC(=O)C1CCC(N2CC(NC(=O)CNc3nn(C)c4ccc(C(F)(F)F)cc34)C2)CC1,1,train
Cn1nc(NCC(=O)NC2CN([C@H]3CC[C@@H](C4CCCCC4)CC3)C2)c2cc(C(F)(F)F)ccc21,1,train
Cn1nc(NCC(=O)NC2CN([C@H]3CC[C@@H](C#N)CC3)C2)c2cc(C(F)(F)F)ccc21,0,train
CC(C)[C@H]1CC[C@@H](N2CC(NC(=O)CNc3[nH]nc4ccc(C(F)(F)F)cc34)C2)CC1,1,train
O=C(CNc1[nH]nc2ccc(C(F)(F)F)cc12)NC1CN([C@H]2CC[C@@H](n3ccccc3=O)CC2)C1,0,train
Cn1nc(NCC(=O)NC2CN([C@H]3CC[C@@H](c4ccc5c(c4)OCO5)CC3)C2)c2cc(C(F)(F)F)ccc21,1,train
COc1ccc([C@H]2CC[C@@H](N3CC(NC(=O)CNc4[nH]nc5ccc(C(F)(F)F)cc45)C3)CC2)cn1,1,train
NC(=O)Cc1ccc([C@H]2CC[C@@H](N3CC(NC(=O)CNc4[nH]nc5ccc(C(F)(F)F)cc45)C3)CC2)cc1,1,train
O=C(CNc1[nH]nc2ccc(C(F)(F)F)cc12)NC1CN([C@H]2CC[C@@H](c3ccc4c(c3)OCO4)CC2)C1,1,train
O=C(CNc1[nH]nc2ccc(C(F)(F)F)cc12)NC1CN([C@H]2CC[C@@H](c3ccccc3)CC2)C1,1,train
CCN=C(NS(=O)(=O)c1cccc(Cl)c1)N1CC2(C=N1)CCNCC2,1,test
CC(C)Oc1ncc(-c2nc(-c3ccc4c(c3)CCNCC4)no2)cc1C#N,1,test
CC(C)Oc1ccc(-c2nc(-c3cccc4c3OCCN(C(CO)CO)C4)no2)cc1C#N,1,train
Cc1c(-c2noc(-c3ccc(OC(C)C)c(C#N)c3)n2)cnc2c1CCN(C(CO)CO)C2,0,train
Cc1c(-c2noc(-c3ccc(OC(C)C)c(C#N)c3)n2)ccc2c1CCN(C(CO)CO)C2,0,train
CC(C)Oc1ccc(-c2nc(-c3ccc4c(c3)CCN(C(CO)CO)CC4)no2)cc1C#N,0,train
CC(C)Oc1ccc(-c2nc(-c3ccc4c(c3)CCN(C(CO)CO)C4)no2)cc1C#N,0,train
Cc1cccc(Nc2nc(NCCN)ncc2C(N)=O)c1,1,train
Cc1cccc(Nc2nc(N[C@@H]3CCCNC3)ncc2C(N)=O)c1,1,train
Cc1cccc(Nc2nc(N[C@H]3CCCNC3)ncc2C(N)=O)c1,1,train
Cc1cccc(Nc2nc(N[C@@H]3CCNC3)ncc2C(N)=O)c1,1,train
Cc1cccc(Nc2nc(N[C@H]3CCNC3)ncc2C(N)=O)c1,1,train
Cc1cccc(Nc2nc(NC3CNC3)ncc2C(N)=O)c1,1,train
Cc1cccc(Nc2nc(NCC3CCCCN3)ncc2C(N)=O)c1,1,train
Cc1cccc(Nc2nc(NC[C@@H]3CCCN3)ncc2C(N)=O)c1,1,train
Cc1cccc(Nc2nc(NC[C@H]3CCCN3)ncc2C(N)=O)c1,1,train
NC(=O)c1cnc(N2CCC[C@H](N)C2)nc1Nc1cccc(C(F)(F)F)c1,1,train
Cc1cccc(Nc2nc(N[C@@H]3CCCC[C@@H]3N)ncc2C(N)=O)c1,1,train
Cc1cccc(Nc2nc(N[C@H]3CCCC[C@H]3N)ncc2C(N)=O)c1,1,train
Cc1cccc(Nc2nc(N[C@@H]3CCOC[C@@H]3N)ncc2C(N)=O)c1,1,train
Cc1cccc(Nc2nc(N[C@@H]3COCC[C@@H]3N)ncc2C(N)=O)c1,1,train
Cc1cccc(Nc2nc(N[C@@H]3COC[C@@H]3N)ncc2C(N)=O)c1,1,train
Cc1cccc(Nc2nc(N[C@@H]3CCC(F)(F)C[C@@H]3N)ncc2C(N)=O)c1,1,train
Cc1cccc(Nc2nc(N[C@@H]3CC(F)(F)CC[C@@H]3N)ncc2C(N)=O)c1,1,train
Cc1ccc(Nc2nc(N[C@@H]3CCCC[C@@H]3N)ncc2C(N)=O)cc1,0,train
Cc1ccc(Nc2nc(N[C@@H]3CCOC[C@@H]3N)ncc2C(N)=O)cc1,0,train
COc1cc(OC)cc(C(=O)NCC2(C#N)CCN(Cc3ccccc3OC)CC2)c1,1,train
COc1cccc(CN2CCC(C#N)(CNC(=O)c3cc(OC)cc(OC)c3)CC2)c1,1,train
COc1ccc(CN2CCC(C#N)(CNC(=O)c3cc(OC)cc(OC)c3)CC2)cc1,1,train
COc1cc(OC)cc(C(=O)NCC2(C#N)CCN(Cc3ccccc3C(F)(F)F)CC2)c1,1,val
COc1cc(OC)cc(C(=O)NCC2(C#N)CCN(CC3=Cc4ccccc4OC3(C)C)CC2)c1,1,train
COc1cc(OC)cc(C(=O)NCC2(C#N)CCN(CCc3ccccc3)CC2)c1,1,train
N#CC1(CNC(=O)c2cc(Cl)cc(Cl)c2)CCN(CCc2ccccc2)CC1,1,test
COC(=O)C1(CNC(=O)c2cc(OC)cc(OC)c2)CCN(Cc2ccccc2OC)CC1,1,train
COC(=O)C1(CNC(=O)c2cc(OC)cc(OC)c2)CCN(Cc2cccc(OC)c2)CC1,1,train
COC(=O)C1(CNC(=O)c2cc(OC)cc(OC)c2)CCN(Cc2ccc(OC)cc2)CC1,1,train
COC(=O)C1(CNC(=O)c2cc(OC)cc(OC)c2)CCN(Cc2ccccc2C(F)(F)F)CC1,1,val
COC(=O)C1(CNC(=O)c2cc(OC)cc(OC)c2)CCN(Cc2cccc(C(F)(F)F)c2)CC1,1,train
COC(=O)C1(CNC(=O)c2cc(OC)cc(OC)c2)CCN(Cc2ccc(C(F)(F)F)cc2)CC1,1,train
COC(=O)C1(CNC(=O)c2cc(OC)cc(OC)c2)CCN(CC2=Cc3ccccc3OC2(C)C)CC1,1,train
COC(=O)C1(CNC(=O)c2cc(Cl)cc(Cl)c2)CCN(Cc2ccccc2OC)CC1,1,train
COC(=O)C1(CNC(=O)c2cc(Cl)cc(Cl)c2)CCN(Cc2cccc(OC)c2)CC1,1,train
COC(=O)C1(CNC(=O)c2cc(Cl)cc(Cl)c2)CCN(Cc2ccc(OC)cc2)CC1,1,train
COC(=O)C1(CNC(=O)c2cc(Cl)cc(Cl)c2)CCN(Cc2ccccc2C(F)(F)F)CC1,1,train
COC(=O)C1(CNC(=O)c2cc(Cl)cc(Cl)c2)CCN(Cc2cccc(C(F)(F)F)c2)CC1,1,train
COC(=O)C1(CNC(=O)c2cc(Cl)cc(Cl)c2)CCN(Cc2ccc(C(F)(F)F)cc2)CC1,1,train
COC(=O)C1(CNC(=O)c2cc(Cl)cc(Cl)c2)CCN(CC2=Cc3ccccc3OC2(C)C)CC1,0,train
COc1ccccc1CN1CCC(C#N)(CNC(=O)c2cc(CC(C)C)n(-c3ccccc3)n2)CC1,1,train
COc1cccc(CN2CCC(C#N)(CNC(=O)c3cc(CC(C)C)n(-c4ccccc4)n3)CC2)c1,1,train
CC(C)Cn1c(O)cn(Cc2ccc(-c3cccc(CN4CCCCC4)n3)cc2)c1=O,1,val
COc1ccc(CN2CCC(C#N)(CNC(=O)c3cc(CC(C)C)n(-c4ccccc4)n3)CC2)cc1,1,train
CC(C)Cc1cc(C(=O)NCC2(C#N)CCN(Cc3ccccc3C(F)(F)F)CC2)nn1-c1ccccc1,1,train
CC(C)Cc1cc(C(=O)NCC2(C#N)CCN(CC3=Cc4ccccc4OC3(C)C)CC2)nn1-c1ccccc1,1,train
CC(C)Cc1cc(C(=O)NCC2(C#N)CCN(CCc3ccccc3)CC2)nn1-c1ccccc1,1,train
COc1cc(OC)cc(C(=O)NCC2(C(=O)O)CCN(Cc3ccc(C(F)(F)F)cc3)CC2)c1,0,train
Cc1nc2ccccc2n1-c1ccc(C(=O)N(C)[C@@H]2CCN(C(C)C)C2)cc1,0,train
Cc1nc2ccccc2n1-c1ccc(C(=O)N(C)[C@@H]2CCN(C3CCCC3)C2)cc1,1,train
Cc1nc2ccccc2n1-c1ccc(C(=O)N(C)[C@@H]2CCN(C3CCCCC3)C2)cc1,1,train
CN(C(=O)c1ccc(-n2cccn2)cc1)[C@@H]1CCN(C2CCC2)C1,0,test
NC(=O)c1cnc(N[C@H](C2CC2)C(F)(F)F)c2c1[nH]c1cc(-c3cnc(N)nc3)ccc12,0,train
NC(=O)c1cnc(N[C@H](C2CC2)C(F)(F)F)c2c1[nH]c1cc(-c3ccc(N)nc3)ccc12,1,train
NC(=O)c1cnc(N[C@H](C2CC2)C(F)(F)F)c2c1[nH]c1cc(-c3cn[nH]c3)ccc12,1,train
NC(=O)c1cnc(NC(C2CC2)C2CC2)c2c1[nH]c1cc(-c3cnc(N)nc3)ccc12,1,train
NC(=O)c1cnc(NC(C2CC2)C2CC2)c2c1[nH]c1cc(-c3cnc(N)cn3)ccc12,1,train
NC(=O)c1cnc(NC(C2CC2)C2CC2)c2c1[nH]c1cc(-c3cn[nH]c3)ccc12,1,train
Cn1cc(-c2ccc3c(c2)[nH]c2c(C(N)=O)cnc(N[C@H](C4CC4)C(F)(F)F)c23)cn1,1,train
Cn1cc(-c2ccc3c(c2)[nH]c2c(C(N)=O)cnc(NC(C4CC4)C4CC4)c23)cn1,1,train
C[C@H](Nc1ccc(C(N)=O)c2[nH]c3cc(-c4cnn(C)c4)ccc3c12)C(C)(C)C,0,val
Cn1cc(-c2ccc3c(c2)[nH]c2c(C(N)=O)ccc(NC4CCCCC4)c23)cn1,1,val
CC(C)(C)CC(C)(C)c1ccc(OCCOCC[N+](C)(C)Cc2ccccc2)cc1,1,test
Cc1c(-c2ccccc2)oc2c(C(=O)OCCN3CCCCC3)cccc2c1=O,0,val
Fc1ccc(C(c2ccc(F)cc2)N2CCN(C/C=C/c3ccccc3)CC2)cc1,1,test
OCCN1CCN(CCCN2c3ccccc3Sc3ccc(C(F)(F)F)cc32)CC1,1,train
CN1CCC[C@@H]1CCO[C@](C)(c1ccccc1)c1ccc(Cl)cc1,1,val
CCN(CC)CCOC(=O)C1(C2CCCCC2)CCCCC1,0,val
CN1CCC(=C2c3ccccc3C=Cc3ccccc32)CC1,0,val
Fc1ccc([C@@H]2CCNC[C@H]2COc2ccc3c(c2)OCO3)cc1,1,test
OCCN1CCN(CCCN2c3ccccc3Sc3ccc(Cl)cc32)CC1,1,train
Cc1ccc(N(CC2=NCCN2)c2cccc(O)c2)cc1,0,test
CN1CCN(CCCN2c3ccccc3Sc3ccc(Cl)cc32)CC1,1,train
O=C1C=CC(=O)c2c1c(O)c1c(NCCNCCO)ccc(NCCNCCO)c1c2O,1,test
CCN(CC)CCOCCC1=CCC2CC1C2(C)C,1,val
CN[C@H]1CC[C@@H](c2ccc(Cl)c(Cl)c2)c2ccccc21,1,test
Cc1nc2c(c(-c3ccc(Cl)cc3Cl)c1CN)CN(CC(=O)NCc1cccnc1)C2=O,0,test
Cc1nc2cn(Cc3ccccc3)cc2c(-c2ccc(Cl)cc2Cl)c1CN,0,test
COCCCc1cc(CN(C(=O)C2CNCCC2(O)c2ccc(F)c(F)c2)C2CC2)cc(OCCOC)c1,1,train
O=C(C1CNCC[C@]1(O)c1ccc(F)c(F)c1)N(Cc1cccc(Cl)c1Cl)C1CC1,1,train
COCCCc1ccc(Cl)c(CN(C(=O)C2CNCC[C@]2(O)c2ccc(F)c(F)c2)C2CC2)c1,1,train
COCCc1ccc(Cl)c(CN(C(=O)C2CNCC[C@]2(O)c2ccc(F)c(F)c2)C2CC2)c1,1,train
O=C(C1CNCC[C@]1(O)c1ccc(F)c(F)c1)N(Cc1c[nH]c2cccc(F)c12)C1CC1,1,train
O=C(C1CNCC[C@]1(O)c1ccc(F)c(F)c1)N(Cc1c[nH]c2cccc(Cl)c12)C1CC1,1,val
O=C(C1CNCC[C@]1(O)c1ccc(F)c(F)c1)N(Cc1c[nH]c2cccc(Br)c12)C1CC1,1,val
COCCCn1cc(CN(C(=O)C2CNCC[C@]2(O)c2ccc(F)c(F)c2)C2CC2)c2c(F)cccc21,1,train
COCCCc1ccc(F)c2c(CN(C(=O)C3CNCC[C@]3(O)c3ccc(F)c(F)c3)C3CC3)c[nH]c12,1,train
COCCCc1ccc(F)c2c(CN(C(=O)C3CNCC[C@]3(O)c3ccc(F)c(F)c3)C3CC3)cn(CCCOC)c12,1,train
COCCCn1cc(CN(C(=O)C2CNCC[C@]2(O)c2ccc(F)c(F)c2)C2CC2)c2c(F)ccc(CCC#N)c21,1,train
COCCCn1cc(CN(C(=O)C2CNCC[C@]2(O)c2ccc(F)c(F)c2)C2CC2)c2c(F)ccc(CS(C)(=O)=O)c21,1,train
COCCCn1cc(CN(C(=O)C2CNCC[C@]2(O)c2ccc(F)c(F)c2)C2CC2)c2c(F)ccc(CN3CCOCC3)c21,1,train
COCCCn1cc(CN(C(=O)C2CNCC[C@]2(O)c2ccc(F)c(F)c2)C2CC2)c2c(F)ccc(Cn3ccnc3)c21,1,train
CONC(=O)Cn1cc(CN(C(=O)C2CNCC[C@]2(O)c2ccc(F)c(F)c2)C2CC2)c2c(F)cccc21,1,train
CON(C)C(=O)Cn1cc(CN(C(=O)C2CNCC[C@]2(O)c2ccc(F)c(F)c2)C2CC2)c2c(F)cccc21,1,train
O=C(C1CNCC[C@]1(O)c1ccc(F)c(F)c1)N(Cc1cn(Cc2ncco2)c2cccc(F)c12)C1CC1,1,train
O=C(C1CNCC[C@]1(O)c1ccc(F)c(F)c1)N(Cc1cn(Cc2ccon2)c2cccc(F)c12)C1CC1,1,train
Cc1cc(Cn2cc(CN(C(=O)C3CNCC[C@]3(O)c3ccc(F)c(F)c3)C3CC3)c3c(F)cccc32)no1,1,train
Cc1noc(Cn2cc(CN(C(=O)C3CNCC[C@]3(O)c3ccc(F)c(F)c3)C3CC3)c3c(F)cccc32)n1,1,train
O=C(C1CNCC[C@]1(O)c1ccc(F)c(F)c1)N(Cc1cn(Cc2cnoc2)c2cccc(F)c12)C1CC1,1,train
Cc1noc(C)c1Cn1cc(CN(C(=O)C2CNCC[C@]2(O)c2ccc(F)c(F)c2)C2CC2)c2c(F)cccc21,1,train
Cn1ncnc1Cn1cc(CN(C(=O)C2CNCC[C@]2(O)c2ccc(F)c(F)c2)C2CC2)c2c(F)cccc21,1,train
O=C(C1CNCC[C@]1(O)c1ccc(F)c(F)c1)N(Cc1cn(Cc2ccccc2)c2cccc(F)c12)C1CC1,1,train
O=C(C1CNCC[C@]1(O)c1ccc(F)c(F)c1)N(Cc1cn(Cc2ccccc2OC(F)F)c2cccc(F)c12)C1CC1,1,train
O=C(C1CNCC[C@]1(O)c1ccc(F)c(F)c1)N(Cc1cn(Cc2cccc(OC(F)F)c2)c2cccc(F)c12)C1CC1,1,train
O=C(C1CNCC[C@]1(O)c1ccc(F)c(F)c1)N(Cc1cn(Cc2ccc(OC(F)F)cc2)c2cccc(F)c12)C1CC1,1,train
O=C(C1CNCC[C@]1(O)c1ccc(F)c(F)c1)N(Cc1cn(Cc2cccc(F)c2)c2cccc(F)c12)C1CC1,1,train
O=C(C1CNCC[C@]1(O)c1ccc(F)c(F)c1)N(Cc1cn(Cc2ccc(F)c(F)c2)c2cccc(F)c12)C1CC1,1,train
O=C(C1CNCC[C@]1(O)c1ccc(F)c(F)c1)N(Cc1cn(Cc2cccnc2)c2cccc(F)c12)C1CC1,1,train
O=C(C1CNCC[C@]1(O)c1ccc(F)c(F)c1)N(Cc1cn(Cc2ccncc2)c2cccc(F)c12)C1CC1,1,train
Cc1ccc(Cn2cc(CN(C(=O)C3CNCC[C@]3(O)c3ccc(F)c(F)c3)C3CC3)c3c(F)cccc32)cn1,1,train
Cc1cc(Cn2cc(CN(C(=O)C3CNCC[C@]3(O)c3ccc(F)c(F)c3)C3CC3)c3c(F)cccc32)ccn1,1,train
O=C(C1CNCC[C@]1(OCC(O)CO)c1ccc(F)c(F)c1)N(Cc1cn(Cc2cccc(F)c2)c2cccc(F)c12)C1CC1,1,test
O=C(CCc1ccccc1)c1ccccc1OCC(O)CN1CCC(c2ccccc2)CC1,1,train
Cc1ccc(N2CCN(CC(O)COc3ccccc3C(=O)CCc3ccccc3)CC2)cc1,1,train
O=C(CCc1ccccc1)c1ccccc1OCC(O)CN1CCN(C(c2ccccc2)c2ccccc2)CC1,1,train
O=C(CCc1ccccc1)c1cc(F)ccc1OCC(O)CN1CCN(C(c2ccccc2)c2ccccc2)CC1,1,train
CC(C)(C)c1cc(C(=O)Nc2nc(CN)cs2)n(Cc2ccccc2)n1,1,test
COc1ccc2ccc(=O)n(CCN3CCC(NCc4cc5c(cn4)OCCO5)CC3)c2n1,0,train
COc1ncc2ncc(=O)n(CCN3CCC(NCc4cc5c(cn4)OCCO5)CC3)c2n1,0,train
COc1ccc2ncc(=O)n(CCN3CCC(NCc4cc5c(cn4)OCCO5)CC3)c2n1,0,train
COc1ccc2ncc(=O)n(CCN3CCC(NCc4cc5c(cn4)OCCO5)CC3)c2c1,0,train
COc1ccc2c(C)cc(=O)n(CCN3CCC(NCc4cc5c(cn4)OCCO5)CC3)c2c1,0,train
COc1ccc2ccc(=O)n(CCN3CCC(NCc4cc5c(cn4)OCCO5)CC3)c2c1,0,train
COc1ccc2c(c1)N(CCN1CCC(NCc3ccc4c(n3)NC(=O)CO4)CC1)C(=O)OC2,0,train
COc1ccc2c(c1)N(CCN1CCC(NCc3ccc4c(n3)NC(=O)CO4)CC1)C(=O)CC2,0,train
COc1ccc2c(c1)N(CCN1CCC(NCc3cc4c(cn3)OCCO4)CC1)C(=O)CS2,1,train
N#Cc1ccc2c(c1)N(CCN1CCC(NCc3ccc4c(n3)NC(=O)CO4)CC1)C(=O)CO2,0,train
O=C1COc2ccccc2N1CCN1CCC(NCc2cc3c(cn2)OCCO3)CC1,0,test
COc1ccc2c(c1)N(CCN1CCC(NCc3cc4c(cn3)OCCO4)CC1)C(=O)CO2,0,train
COc1ccc2ncc(F)c(CCN3CCC(NCc4ccc5c(n4)NC(=O)CO5)CC3)c2n1,1,train
COc1ccc2ncc(F)c(CCN3CCC(NCc4cc5c(cn4)OCCO5)CC3)c2n1,1,train
O=C(NCCN1CCCCC1)c1ccc(Oc2ncc(Cl)cc2NS(=O)(=O)c2ccc(Cl)c(C(F)(F)F)c2)cc1,1,val
COc1cc(C(=O)NCCN2CCCC2)ccc1Oc1ccc(Cl)cc1NS(=O)(=O)c1ccc(Cl)c(C(F)(F)F)c1,0,val
COCCCc1cc(CN(C(=O)C2CNCC[C@]2(O)c2ccc(F)c(F)c2)C2CC2)cc(OCCOC)c1,1,train
COCCCc1cc(CN(C(=O)C2CNCC[C@]2(O)c2ccccc2)C2CC2)cc(OCCOC)c1,1,train
COCCCc1cc(CN(C(=O)C2CNCC[C@@]23OCc2ccccc23)C2CC2)cc(OCCOC)c1,0,train
COCCCc1cc(CN(C(=O)C2CNCC[C@@]23OC(=O)c2ccccc23)C2CC2)cc(OCCOC)c1,0,train
COCCCc1cc(CN(C(=O)C2CNCC[C@@]23OCCc2ccccc23)C2CC2)cc(OCCOC)c1,0,train
COCCCc1cc(CN(C(=O)C2CNCC[C@@]23OC=Cc2ccccc23)C2CC2)cc(OCCOC)c1,1,train
COCCCc1cc(CN(C(=O)C2CNCC[C@@]23OC(=O)Cc2ccccc23)C2CC2)cc(OCCOC)c1,0,train
COCCCc1cc(CN(C(=O)C2CNCC[C@@]23OCc2cc(F)c(F)cc23)C2CC2)cc(OCCOC)c1,0,train
O=C(C1CNCC[C@@]12OCc1cc(F)c(F)cc12)N(Cc1ccccc1Cl)C1CC1,0,train
O=C(C1CNCC[C@@]12OCc1cc(F)c(F)cc12)N(Cc1cccc(Cl)c1Cl)C1CC1,0,train
O=C(C1CNCC[C@@]12OCc1cc(F)c(F)cc12)N(Cc1ccc(Cl)cc1Cl)C1CC1,1,train
O=C(C1CNCC[C@@]12OCc1cc(F)c(F)cc12)N(Cc1cc(Cl)ccc1Cl)C1CC1,1,train
Cc1cccc(CN(C(=O)C2CNCC[C@@]23OCc2cc(F)c(F)cc23)C2CC2)c1C,0,train
Cc1c(CN(C(=O)C2CNCC[C@@]23OCc2cc(F)c(F)cc23)C2CC2)cccc1C(F)(F)F,1,train
O=C(C1CNCC[C@@]12OCc1cc(F)c(F)cc12)N(Cc1cccc(C(F)(F)F)c1Cl)C1CC1,0,train
COCCCc1cc(C)c(C)c(CN(C(=O)C2CNCC[C@@]23OCc2cc(F)c(F)cc23)C2CC2)c1,1,train
O=C(C1CNCC[C@@]12OCc1cc(F)c(F)cc12)N(Cc1cccc2ccccc12)C1CC1,1,train
COCCCc1cc(CN(C(=O)C2CNCC[C@@]23OCc2cc(F)c(F)cc23)C2CC2)c2ccccc2c1,0,train
COCCCc1cccc2cccc(CN(C(=O)C3CNCC[C@@]34OCc3cc(F)c(F)cc34)C3CC3)c12,1,train
O=C(C1CNCC[C@@]12OCc1cc(F)c(F)cc12)N(Cc1ccnc2ccccc12)C1CC1,0,train
O=C(C1CNCC[C@@]12OCc1cc(F)c(F)cc12)N(Cc1cccc2cccnc12)C1CC1,0,train
O=C1O[C@@]2(CCNCC2C(=O)N(Cc2cccc(C(F)(F)F)c2Cl)C2CC2)c2cc(F)c(F)cc21,0,val
COCCCc1cc(CCCN2CCOCC2)c(Cl)c(CN(C(=O)C2CNCC[C@@]23OCc2cc(F)c(F)cc23)C2CC2)c1,0,train
CCN(CC)CCCc1cc(CCCOC)cc(CN(C(=O)C2CNCC[C@@]23OCc2cc(F)c(F)cc23)C2CC2)c1Cl,0,train
COCCCc1cc(CCCCNS(C)(=O)=O)c(Cl)c(CN(C(=O)C2CNCC[C@@]23OCc2cc(F)c(F)cc23)C2CC2)c1,1,train
COCCCc1cc(CCCNS(C)(=O)=O)c(Cl)c(CN(C(=O)C2CNCC[C@@]23OCc2cc(F)c(F)cc23)C2CC2)c1,0,train
COCCCc1cc(CCCN2CCS(=O)(=O)CC2)c(Cl)c(CN(C(=O)C2CNCC[C@@]23OCc2cc(F)c(F)cc23)C2CC2)c1,1,train
COCCCc1cc(CCC(=O)N2CCOCC2)c(Cl)c(CN(C(=O)C2CNCC[C@@]23OCc2cc(F)c(F)cc23)C2CC2)c1,0,train
CCCCCC(Cc1ccc(C(=O)NCCC(=O)O)cc1)C(=O)c1cc2cc(Cl)ccc2n1-c1cccc(C(F)(F)F)c1,1,test
COc1ccc2nccc(NC(=O)C3CCC(NCc4ccc5c(c4)OCCO5)CC3)c2c1,0,train
COc1ccc2nccc(NC(=O)[C@]3(O)CC[C@@H](NCc4cc5c(cn4)OCCO5)CC3)c2n1,0,train
COc1ccc2nccc(NC(=O)[C@]3(O)CC[C@@H](NCc4ccc5c(c4)OCCO5)CC3)c2n1,0,train
COc1ccc2nccc(NC(=O)[C@]3(O)CC[C@@H](NCc4cnc5c(c4)OCCO5)CC3)c2n1,0,train
COc1ccc2nccc(NC(=O)C3CCC(NCc4cc5c(cn4)OCCO5)CC3)c2n1,0,train
Cc1ccc2cccc(NC(=O)[C@]3(O)CC[C@@H](NCc4cc5c(cn4)OCCO5)CC3)c2n1,1,test
COc1ccc(N(Cc2cnccc2C)C2CCN([C@H](C)CCNC(=O)c3c(C)cc(Cl)nc3C)CC2)cc1,1,test
COc1ccc2nccc([C@@H](O)CN3CCC(NCc4cc5c(cn4)OCCO5)CC3)c2n1,1,train
COc1ccc2ncc(F)c(CCN3CCC(NCc4cc5c(cn4)OCCO5)CC3)c2c1,1,train
COc1ccc2ncc(Cl)c(CCN3CCC(NCc4cc5c(cn4)OCCO5)CC3)c2n1,1,train
COc1ccc2ncc(F)c([C@@H](O)CN3CCC(NCc4cc5c(cn4)OCCO5)CC3)c2n1,1,train
COc1ccc2ncc(F)c(CCN3CC[C@H](NCc4cc5c(cn4)OCCO5)[C@H](O)C3)c2n1,1,train
COc1ccc2ncc(C#N)c(CCN3CCC(NCc4cc5c(cn4)OCS5)CC3)c2c1,1,test
COc1ccc2nccc([C@@H](O)CN3CCC(NCc4ccc5c(c4)OCCO5)CC3)c2c1,0,train
COc1ccc2ncc(C#N)c(CCN3CCC(NCc4cc5c(cn4)OCCO5)CC3)c2n1,1,train
COc1ccc2ncc(F)c([C@H](O)CN3CCC(NCc4cc5c(cn4)OCCO5)CC3)c2n1,0,train
COc1ccc2ncc(F)c(CCN3CC[C@@H](NCc4cc5c(cn4)OCCO5)[C@@H](O)C3)c2n1,1,train
COc1ccc2ncc(F)c(CCN3CC[C@@H](NCc4cc5c(cn4)OCCO5)[C@H](O)C3)c2n1,0,train
O=S1(=O)CCC(Oc2ccc3c(c2)CCC2(CCN(C4CCC4)CC2)O3)CC1,1,val
CN(C)C(=O)CN1CCCC(c2nc3ccccc3n2Cc2ccc(F)cc2)C1,1,train
CN(C)C(=O)CN1CCCC(c2nc3ccccc3n2CCOc2ccccc2)C1,1,test
Cc1ccc(Cn2c([C@H]3CNCCO3)nc3ccccc32)cc1,1,val
Fc1ccc(Cn2c([C@H]3CNCCO3)nc3ccccc32)cc1,1,train
Cc1ccc(Cn2c(C3CNCCO3)nc3ccccc32)cc1C,1,val
Cc1ccc(Cn2c(C3CNCCS3)nc3ccccc32)cc1,1,train
Fc1ccc(Cn2c([C@H]3CNCCS3)nc3ccccc32)cc1,1,train
COc1ccc(Cn2c([C@H]3CNCCS3)nc3ccccc32)cc1,1,train
O=S(=O)(c1cccc(F)c1)c1ccc2c3c(oc2c1)C1(CCCOC1)NCC3,0,train
CC1(C)NCCc2c1oc1cc(S(=O)(=O)c3cccc(F)c3)ccc21,1,train
O=S(=O)(c1cccc(F)c1)c1ccc2c3c(oc2c1)CNCC3,1,train
CC(=O)N[C@@H]1CC2(CCN(Cc3ccc4c(c3)c3ccccc3n4C(N)=O)CC2)c2ccccc21,1,test
COCCS(=O)(=O)c1ccc(-c2ccc(CCN3CCC[C@H]3C)cc2)cc1,1,train
C[C@@H]1CCCN1CCc1ccc(-c2ccc(S(=O)(=O)CCO)cc2)cc1,1,train
COCCCS(=O)(=O)c1ccc(-c2ccc(CCN3CCC[C@H]3C)cc2)cc1,0,train
C[C@@H]1CCCN1CCc1ccc(-c2ccc(S(=O)(=O)CC3CCOCC3)cc2)cc1,1,train
CC(=O)Nc1cccc(C2CCN(CCCn3nc(-c4ccc(F)c(F)c4)c4ccccc4c3=O)CC2)c1,0,test
C[C@@H]1CCCN1CCCOc1ccc(C2=NNC(=O)C(C)(C)C2)cc1,0,val
CN(CCO)C(=O)c1ccc([C@H](c2cccc(NC(=O)C3CC3)c2)N2CCN(Cc3ccc(F)cc3)CC2)cc1,0,train
CCN(CC)C(=O)c1ccc([C@H](c2cccc(NC(=O)C3CC3)c2)N2CCN(Cc3ccc(F)cc3)CC2)cc1,0,train
O=C(Nc1cccc([C@@H](c2ccc(C(=O)N3CCC3)cc2)N2CCN(Cc3ccc(F)cc3)CC2)c1)C1CC1,1,test
CCN(CC)C(=O)c1ccc([C@H](c2cccc(NC(=O)C3CC3)c2)N2CCN(Cc3ccccn3)CC2)cc1,0,train
CCN(C)C(=O)c1ccc([C@H](c2cccc(NC(=O)C3CC3)c2)N2CCN(Cc3nc(C)cs3)CC2)cc1,0,train
CCN(C)C(=O)c1ccc([C@H](c2cccc(NC(=O)C3CC3)c2)N2CCN(CCCOC)CC2)cc1,0,train
CCN(C)C(=O)c1ccc([C@H](c2cccc(NC(=O)C3CCC3)c2)N2CCN(Cc3cccnc3)CC2)cc1,0,train
CCN(CC)C(=O)c1ccc([C@H](c2cccc(NC(=O)OC)c2)N2CCN(Cc3cncs3)CC2)cc1,0,train
CCN(CC)C(=O)c1ccc([C@H](c2cccc(NC(=O)OC)c2)N2CCN(Cc3cccnc3)CC2)cc1,0,train
CCOC(=O)Nc1ccccc1[C@@H](c1ccc(C(=O)N(CC)CC)cc1)N1CCN(Cc2cscn2)CC1,1,train
CCOC(=O)Nc1cccc([C@@H](c2ccc(C(=O)N(CC)CC)cc2)N2CCN(Cc3cscn3)CC2)c1,1,train
CCOC(=O)Nc1ccc([C@@H](c2ccc(C(=O)N(CC)CC)cc2)N2CCN(Cc3cscn3)CC2)cc1,1,train
CCOC(=O)Nc1ccccc1[C@@H](c1ccc(C(=O)N(CC)CC)cc1)N1CCN(Cc2ccccn2)CC1,1,val
CCN(C)C(=O)c1ccc([C@H](c2cccc(NC(=O)OC)c2)N2CCN(Cc3cscn3)CC2)cc1,0,train
CCOC(=O)Nc1cccc([C@@H](c2ccc(C(=O)N3CCC3)cc2)N2CCN(Cc3cccnc3)CC2)c1,0,train
CCN(C)C(=O)c1ccc([C@H](c2cccnc2)N2CCN(Cc3cscn3)CC2)cc1,0,val
CCN(C)C(=O)c1ccc([C@H](c2cccnc2)N2CCN(Cc3ccccn3)CC2)cc1,0,val
Cc1n[nH]c(=O)cc1-c1ccc(OC2CCN(C3CCC3)CC2)cc1,1,train
O=c1cc(-c2ccc(OC3CCN(C4CCC4)CC3)cc2)cn[nH]1,1,train
CCN(CC)C(=O)c1ccc(C(=C2CCN(Cc3ccc(F)cc3)CC2)c2ccccn2)cc1,1,train
CCN(CC)C(=O)c1ccc(C(=C2CCN(Cc3ccc(F)cc3)CC2)c2cccnc2)cc1,1,train
CCN(C)C(=O)c1ccc(C(=C2CCN(Cc3ccc(F)cc3)CC2)c2ccccc2NC(C)=O)cc1,0,test
CCN(CC)C(=O)c1ccc(C(=C2CCN(Cc3ccc(F)cc3)CC2)c2cccc(NC(C)=O)c2)cc1,1,train
CCN(CC)C(=O)c1ccc(C(=C2CCN(Cc3ccc(F)cc3)CC2)c2ccc(NC(C)=O)cc2)cc1,1,train
CCN(CC)C(=O)c1ccc(C(=C2CCN(Cc3ccc(F)cc3)CC2)c2ccccc2NC(=O)OC)cc1,1,train
CCN(CC)C(=O)c1ccc(C(=C2CCN(Cc3ccc(F)cc3)CC2)c2cccc(NC(=O)OC)c2)cc1,1,train
CCN(CC)C(=O)c1ccc(C(=C2CCN(Cc3ccc(F)cc3)CC2)c2ccc(NC(=O)OC)cc2)cc1,1,train
CCN(CC)C(=O)c1ccc(C(=C2CCNCC2)c2cccc(F)c2)cc1,1,test
CCN(CC)C(=O)c1ccc(C(=C2CCNCC2)c2ccccn2)cc1,0,train
CCN(CC)C(=O)c1ccc(C(=C2CCN(Cc3cscn3)CC2)c2ccccn2)cc1,0,train
CN(C)C(=O)c1ccc(C(=C2CCN(Cc3cscn3)CC2)c2ccccn2)cc1,0,test
C[N+](C)(CCCCNC(=O)Cc1ccc(OCc2ccccc2)cc1)CCNC(=O)c1nc(Cl)c(N)nc1N,1,test
O=c1ccc(-c2ccc(OC3CCN(C4CCC4)CC3)cc2)n[nH]1,1,train
O=c1ccc(-c2ccc(OC3CCN(C4CCC4)CC3)nc2)n[nH]1,1,train
C[C@H]1CC(=O)NN=C1c1ccc(OC2CCN(C3CCC3)CC2)cc1,0,train
CC1(C)CC(c2ccc(OC3CCN(C4CCC4)CC3)cc2)=NNC1=O,0,val
COc1cc(/C=C2\CCCN3C2=NO[C@]3(CO)c2ccc(F)cc2)ccc1-n1cnc(C)c1,1,val
COc1cc(/C=C2\CCCN3C2=NOC3(C)c2ccc(F)cc2)ccc1-n1cnc(C)c1,1,val
COc1cc(/C=C2\CCCN([C@@H](C)c3ccc(F)cc3)C2=O)ccc1-n1cnc(C)c1,1,test
COc1cc(/C=C2\CCCN3C2=NOC[C@@H]3c2cc(F)c(F)c(F)c2)ccc1-n1cnc(C)c1,1,train
COc1c(Nc2ccc(S(C)(=O)=O)nc2C)ncnc1OC1CCN(C(=O)OC(C)C)CC1,0,val
CCCOc1sc(C(=O)N2CCC(c3cccc(CN)c3)CC2)c(C)c1Br,1,val
Cc1nn(C)c(C)c1NS(=O)(=O)c1c(Cl)cc(-c2ccnc(N3CCNCC3)c2)cc1Cl,0,test
CCN(C(=O)Cc1ccc(S(C)(=O)=O)cc1)C1CCN(CC[C@H](c2ccc(S(C)(=O)=O)cc2)c2cc(F)cc(F)c2)CC1,1,train
CCN(C(=O)Cc1ccc(S(C)(=O)=O)cc1)C1CCN(CC[C@@H](c2ccccc2)C2CCN(S(C)(=O)=O)CC2)CC1,0,train
CCN(C(=O)Cc1ccc(S(C)(=O)=O)cc1)C1CCN(CC[C@@H](c2ccccc2)C2CCN(S(=O)(=O)C(F)(F)F)CC2)CC1,1,train
CCN(C(=O)Cc1ccc(S(C)(=O)=O)cc1)C1CCN(CC[C@@H](c2ccccc2)N2CCN(S(=O)(=O)C(F)(F)F)CC2)CC1,1,train
CCN(C(=O)Cc1ccc(S(C)(=O)=O)cc1)C1CCN(CC[C@@H](c2ccccc2)N2CCN(S(=O)(=O)CC(F)(F)F)CC2)CC1,1,train
CCN(C(=O)Cc1ccc(S(C)(=O)=O)cc1)C1CCN(CCC(c2ccccc2)N2CCN(c3ccccc3)CC2)CC1,0,train
CCN(C(=O)Cc1ccc(S(C)(=O)=O)cc1)C1CCN(CCC(c2ccccc2)N2CCN(c3cccc(F)c3)CC2)CC1,1,train
CCN(C(=O)Cc1ccc(S(C)(=O)=O)cc1)C1CCN(CCC(c2ccccc2)N2CCN(S(C)(=O)=O)CC2)CC1,0,train
CCN(C(=O)Cc1ccc(S(C)(=O)=O)cc1)C1CCN(CC[C@@H](c2cccc(OC)c2)C2CCN(S(C)(=O)=O)CC2)CC1,0,train
CCN(C(=O)Cc1ccc(S(C)(=O)=O)cc1)C1CCN(CC[C@@H](c2cccc(F)c2)C2CCN(S(C)(=O)=O)CC2)CC1,0,train
CCN(C(=O)Cc1ccc(S(C)(=O)=O)cc1)C1CCN(CC[C@@H](c2cc(F)cc(F)c2)C2CCN(S(C)(=O)=O)CC2)CC1,0,train
Cc1ccc([C@]2(O)CC[C@H](N3CC[C@@H](NC(=O)CNC(=O)c4cccc(C(F)(F)F)c4)C3)CC2)cc1,0,train
COc1ccc([C@]2(O)CC[C@H](N3CC[C@@H](NC(=O)CNC(=O)c4cccc(C(F)(F)F)c4)C3)CC2)cn1,0,train
CC#CCn1c(N2CCCNCC2)c(C#N)c2c1c(=O)n(Cc1nccc3ccccc13)c(=O)n2C,1,train
COc1cccc(C(=O)Cn2c(=O)c3c(c(C#N)c(N4CCC[C@H](N)C4)n3Cc3ccccc3)n(C)c2=O)c1,1,train
Cn1c(=O)n(Cc2nccc3ccccc23)c(=O)c2c1c(C#N)c(N1CCC[C@H](N)C1)n2Cc1ccccc1,1,train
COc1cccc(C(=O)Cn2c(=O)c3c(c(C#N)c(N4CCC[C@H](N)C4)n3CC=C(C)C)n(C)c2=O)c1,1,train
Cn1c(=O)c2c(c(C#N)c(N3CCC[C@H](N)C3)n2Cc2ccccc2)n(C)c1=O,1,train
CC(C)=CCn1c(N2CCC[C@H](N)C2)c(C#N)c2c1c(=O)n(Cc1nccc3ccccc13)c(=O)n2C,1,train
CC(C)=CCn1c(N2CCC[C@H](N)C2)c(C#N)c2c1c(=O)n(Cc1cnc3ccccc3n1)c(=O)n2C,1,train
CC(C)=CCn1c(N2CCC[C@H](N)C2)c(C#N)c2c1c(=O)n(Cc1nc(C)c3ccccc3n1)c(=O)n2C,1,train
CC(C)=CCn1c(N2CCC[C@H](N)C2)c(C#N)c2c1c(=O)n(Cc1ncccc1C#N)c(=O)n2C,0,train
CC#CCn1c(N2CCC[C@H](N)C2)c(C#N)c2c1c(=O)n(Cc1nccc3ccccc13)c(=O)n2C,0,test
CC#CCn1c(N2CCC[C@H](N)C2)c(C#N)c2c1c(=O)n(CC(=O)c1cccc(OC)c1)c(=O)n2C,1,train
CC#CCn1c(N2CCC[C@@H](N)C2)c(C#N)c2c1c(=O)n(Cc1nc(C)c3ccccc3n1)c(=O)n2C,0,train
COc1cccc(C(=O)Cn2c(=O)c3c(c(C#N)c(N4CCCNCC4)n3CC=C(C)C)n(C)c2=O)c1,1,train
CC(C)=CCn1c(N2CCCNCC2)c(C#N)c2c1c(=O)n(Cc1nccc3ccccc13)c(=O)n2C,1,train
CC(C)=CCn1c(N2CCCNCC2)c(C#N)c2c1c(=O)n(Cc1cn3ccccc3n1)c(=O)n2C,1,train
CC(C)=CCn1c(N2CCCNCC2)c(C#N)c2c1c(=O)n(Cc1nc(C)c3ccccc3n1)c(=O)n2C,1,train
CC(C)=CCn1c(N2CCCNCC2)c(C#N)c2c1c(=O)n(Cc1ncc3ccccc3c1C#N)c(=O)n2C,1,train
CC(C)=CCn1c(N2CCCNCC2)c(C#N)c2c1c(=O)n(Cc1c(C#N)cnc3ccccc13)c(=O)n2C,1,train
CC#CCn1c(N2CCCNCC2)c(C#N)c2c1c(=O)n(Cc1nc(C)c3ccccc3n1)c(=O)n2C,0,val
CC#CCn1c(N2CCCNCC2)c(C#N)c2c1c(=O)n(Cc1c(C#N)cnc3ccccc13)c(=O)n2C,1,val
CC#CCn1c(N2CCCNCC2)c(C#N)c2c1c(=O)n(Cc1ncc3ccccc3c1C#N)c(=O)n2C,0,train
CCN(C(=O)Cc1ccc(S(C)(=O)=O)cc1)C1CCN(CC[C@@H](c2cc(F)cc(Cl)c2)C2CCN(S(C)(=O)=O)CC2)CC1,0,train
CCN(C(=O)Cc1ccc(S(C)(=O)=O)cc1)C1CCN(CC[C@@H](c2cc(C)cc(C)c2)C2CCN(S(C)(=O)=O)CC2)CC1,1,train
CCN(C(=O)Cc1ccc(S(C)(=O)=O)cc1)C1CCN(CC[C@@H](c2cccc(Cl)c2)C2CCN(S(C)(=O)=O)CC2)CC1,1,train
CCN(C(=O)Cc1ccc(S(C)(=O)=O)cc1)C1CCN(CC[C@@H](c2cccc(C(F)(F)F)c2)C2CCN(S(C)(=O)=O)CC2)CC1,1,train
CCN(C(=O)Cc1ccc(S(C)(=O)=O)cc1)C1CCN(CC[C@@H](c2cc(Cl)cc(Cl)c2)C2CCN(S(C)(=O)=O)CC2)CC1,1,train
FC(F)(F)Oc1cccc(-n2nnc3ccc(NCC4CCNCC4)nc32)c1,1,train
CN1CCC(CNc2ccc3ncc(-c4cccc(OC(F)(F)F)c4)n3n2)CC1,1,train
COc1cc(NCC2CCNCC2)nc2c1nnn2-c1cccc(OC(F)(F)F)c1,1,train
COc1cc(NCC2CCNCC2)nc2c1nnn2-c1cccc(N(C)C)c1,0,train
FC(F)(F)Oc1cccc(-n2nnc3cc(Cl)c(NCC4CCNCC4)nc32)c1,1,train
CC(C)=CCn1c(N2CCC[C@H](N)C2)c(C#N)c2ncn(Cc3ccnc4ccccc34)c(=O)c21,1,val
O=C(N1CCCCC1)N1CC(O[C@@H](c2ccc(Cl)cc2)c2cccnc2Cl)C1,0,test
O=S1(=O)c2ccccc2-c2ccc(N3CCN4CCC3CC4)cc21,1,test
CN1CC2CN(c3ccc4oc5ccccc5c(=O)c4c3)CC2C1,1,val
CCCS(=O)(=O)n1c2c(c3cc(C(=O)N4CCC(C)CC4)ccc31)CN(C1CCOCC1)CC2,1,train
CCS(=O)(=O)n1c2c(c3cc(C(=O)N4CCC(C)CC4)ccc31)CN(C1CCOCC1)CC2,1,train
CCCS(=O)(=O)n1c2c(c3cc(C(=O)N4CCC(C)CC4)ccc31)CN(C1CCOC1)CC2,0,train
CCS(=O)(=O)n1c2c(c3cc(C(=O)N4CCC(C)CC4)ccc31)CN(C1CCOC1)CC2,0,train
CC1CCN(C(=O)c2ccc3c(c2)c2c(n3C)CCN(C3CCOCC3)C2)CC1,1,train
Cn1c2c(c3cc(C(=O)N4CCCCC4)ccc31)CN(C1CCOCC1)CC2,0,train
COc1cc(OC(C)C)cc(S(=O)(=O)c2ccc3c(c2)O[C@H]2CNCC[C@@H]32)c1,1,val
CS(=O)(=O)N1CCN(Cc2cn3cc(-c4cccc5[nH]ncc45)nc(N4CCOCC4)c3n2)CC1,0,test
CC(=O)NCCc1ccccc1-c1ccc([C@H]2CNCC[C@@H]2c2ccc(F)c(F)c2)c(Cl)c1,1,train
CC(=O)NCCc1ccccc1-c1ccc([C@H]2CNCC[C@@H]2c2cccnc2)c(Cl)c1,1,train
CC(=O)NCCc1ccccc1-c1ccc([C@H]2CNCC[C@@H]2c2ccn(C)c(=O)c2)c(Cl)c1,1,train
CCC(=O)NCCc1ccccc1-c1ccc([C@H]2CNCC[C@@H]2c2ccn(C)c(=O)c2)c(Cl)c1,1,train
COC(=O)NCCc1ccccc1-c1ccc([C@H]2CNCC[C@@H]2c2ccn(C)c(=O)c2)c(Cl)c1,0,train
CCOC(=O)NCCc1ccccc1-c1ccc([C@H]2CNCC[C@@H]2c2ccn(C)c(=O)c2)c(Cl)c1,1,train
CC(=O)NCCc1ccccc1-c1ccc([C@H]2CNCC[C@]2(O)c2ccc(F)c(F)c2)c(C)c1,1,train
CC(=O)NCCc1ccccc1-c1ccc([C@H]2CNCC[C@@]23OC(=O)c2cc(F)c(F)cc23)c(C)c1,0,val
CC(=O)NCCc1ccccc1-c1ccc([C@H]2CNCC[C@@]23OCc2cc(F)c(F)cc23)c(C)c1,1,val
COCC(F)(F)COCc1ccc([C@@]2(O)CCNC[C@@H]2c2ccc(-c3ccccc3CCNC(C)=O)cc2C)cc1,1,test
COC[C@H](C)COCc1ccc([C@@]2(O)CCNC[C@@H]2c2ccc(-c3ccccc3CCNC(C)=O)cc2C)cc1,1,train
CC(=O)NCCc1ccccc1-c1ccc([C@@H](CN)Cc2ccc(OCCOc3c(Cl)cc(C)cc3Cl)cc2)c(C)c1,1,val
O=C(c1cccn2ccnc12)N1CCN(CCc2ccc(F)cc2F)CC1,1,test
CN[C@H]1CC[C@@H](N2CCc3ccc(N=C(N)c4cccs4)cc32)CC1,0,test
CN1CCC[C@H]1CCN1CCCc2cc(N=C(N)c3cccs3)ccc21,1,test
Cc1nc2ccc(Oc3ccc(F)cc3)cc2c(=O)n1C[C@H]1CCCN(C(C)C)C1,1,train
Cc1nc2ncc(Oc3ccc(F)cc3)cc2c(=O)n1C[C@H]1CCCN(C(C)C)C1,1,train
Cc1nc2ccc(Oc3ccc(F)cc3)nc2c(=O)n1C[C@H]1CCCN(C(C)C)C1,1,train
Cc1nc2ccc(Oc3ccc(Cl)cc3F)nc2c(=O)n1C[C@H]1CCCN(C(C)C)C1,1,train
COc1ccc2cccc(Oc3ccc4nc(C)n(C[C@H]5CCCN(C(C)C)C5)c(=O)c4n3)c2n1,0,train
Cc1nc2cnc(Oc3ccc(F)cc3)cc2c(=O)n1C[C@H]1CCCN(C(C)C)C1,1,train
Cc1nc2cnc(Oc3ccc(Cl)cc3F)cc2c(=O)n1C[C@H]1CCCN(C(C)C)C1,1,train
Cc1nc2cnc(Oc3ccc4ncsc4c3)cc2c(=O)n1C[C@H]1CCCN(C(C)C)C1,1,train
Cc1nc2cnc(Oc3ccc(F)c4cccnc34)cc2c(=O)n1C[C@H]1CCCN(C(C)C)C1,1,train
Cc1nc2ncc(Oc3ccc(F)cc3)nc2c(=O)n1C[C@H]1CCCN(C(C)C)C1,0,train
Cc1nc2cnc(Oc3cccc4cccnc34)cc2c(=O)n1C[C@H]1CCCN(C(C)C)C1,0,train
Cc1nc2ncc(Oc3ccc(Cl)cc3F)nc2c(=O)n1C[C@H]1CCCN(C(C)C)C1,0,train
Cc1nc2ncc(Oc3ccc(F)c4cccnc34)nc2c(=O)n1C[C@H]1CCCN(C(C)C)C1,0,test
Cc1nc2ccc(Oc3ccc(F)c4cccnc34)nc2c(=O)n1C[C@H]1CCCN(C(C)C)C1,1,train
Cc1nc2ncc(Oc3ccc(Br)cc3F)cc2c(=O)n1C[C@H]1CCCN(C(C)C)C1,1,train
Cc1nc2ccc(Oc3ccc4c(c3)OCO4)nc2c(=O)n1C[C@H]1CCCN(C(C)C)C1,0,train
Nc1ncnc(Nc2ccc(Oc3ccc(Cl)cc3)cc2)n1,1,train
Nc1ccnc(Nc2ccc(Oc3ccc(Cl)cc3)cc2)n1,1,train
Nc1nccc(Nc2ccc(Oc3ccc(Cl)cc3)cc2)n1,1,train
Nc1cncc(Nc2ccc(Oc3ccc(Cl)cc3)cc2)c1,1,test
Nc1ccnc(Nc2ccc(Oc3ccc(Cl)cc3)cc2)c1,1,test
Nc1cncc(Nc2ccc(Oc3ccc(Cl)cc3)cc2)n1,1,train
CN(c1ccc(Cl)cc1)c1ccc(Nc2nccc(N)n2)cc1,1,train
Nc1ccnc(Nc2ccc(Oc3ccccc3Cl)cc2)n1,1,train
Nc1ccnc(Nc2ccc(Oc3ccc(F)cc3)cc2)n1,1,train
Cc1ccc(Oc2ccc(Nc3nccc(N)n3)cc2)cc1,1,train
Nc1ccnc(Nc2ccc(Oc3ccc(C4CC4)cc3)cc2)n1,1,train
N#Cc1ccc(Oc2ccc(Nc3nccc(N)n3)cc2)cc1,1,train
Nc1ccnc(Nc2ccc(Oc3ccc(C(F)(F)F)cc3)cc2)n1,1,train
Nc1ccnc(Nc2ccc(Oc3ccc(OC(F)(F)F)cc3)cc2)n1,1,train
Nc1cncc(Nc2ccc(Oc3ccc(F)cc3)cc2)n1,1,train
Cc1ccc(Oc2ccc(Nc3cncc(N)n3)cc2)cc1,1,train
Nc1cncc(Nc2ccc(Oc3ccc(C(F)(F)F)cc3)cc2)n1,1,train
Nc1cncc(Nc2ccc(Oc3ccc(OC(F)(F)F)cc3)cc2)n1,1,train
Cc1c(C)n(Cc2ccccc2)c2ncnc(OC3CCN(Cc4cscn4)CC3)c12,1,train
Cc1cn(Cc2ccccc2)c2ncnc(OC3CCN(Cc4cscn4)CC3)c12,1,train
Fc1cn(Cc2ccccc2)c2ncnc(OC3CCN(Cc4cscn4)CC3)c12,1,train
Clc1cn(Cc2ccccc2)c2ncnc(OC3CCN(Cc4cscn4)CC3)c12,1,train
FC(F)(F)c1nc(OC2CCN(Cc3cscn3)CC2)c2ccn(Cc3ccccc3)c2n1,1,train
Fc1ccccc1Cn1ccc2c(OC3CCN(Cc4cscn4)CC3)ncnc21,1,train
Fc1cccc(Cn2ccc3c(OC4CCN(Cc5cscn5)CC4)ncnc32)c1,1,train
Clc1cccc(Cn2ccc3c(OC4CCN(Cc5cscn5)CC4)ncnc32)c1,1,train
Cc1ccccc1Cn1ccc2c(OC3CCN(Cc4cscn4)CC3)ncnc21,1,train
Cc1cccc(Cn2ccc3c(OC4CCN(Cc5cscn5)CC4)ncnc32)c1,1,train
Cc1ccc(Cn2ccc3c(OC4CCN(Cc5cscn5)CC4)ncnc32)cc1,1,train
FC(F)(F)c1ccccc1Cn1ccc2c(OC3CCN(Cc4cscn4)CC3)ncnc21,1,train
FC(F)(F)c1cccc(Cn2ccc3c(OC4CCN(Cc5cscn5)CC4)ncnc32)c1,1,train
Fc1cccc(Cn2ccc3c(OC4CCN(Cc5cscn5)CC4)ncnc32)c1F,1,train
Fc1c(Cl)cccc1Cn1ccc2c(OC3CCN(Cc4cscn4)CC3)ncnc21,1,train
Fc1c(Cn2ccc3c(OC4CCN(Cc5cscn5)CC4)ncnc32)cccc1C(F)(F)F,1,train
Fc1cccc(F)c1Cn1ccc2c(OC3CCN(Cc4cscn4)CC3)ncnc21,1,train
c1ccc(CN2CCC(Oc3ncnc4c3ccn4Cc3ccccc3)CC2)cc1,1,train
Cc1cccc(CN2CCC(Oc3ncnc4c3ccn4Cc3ccccc3)CC2)n1,1,train
Cc1ccc(CN2CCC(Oc3ncnc4c3ccn4Cc3ccccc3)CC2)nc1,1,train
Cc1ccnc(CN2CCC(Oc3ncnc4c3ccn4Cc3ccccc3)CC2)c1,1,train
Cc1cccnc1CN1CCC(Oc2ncnc3c2ccn3Cc2ccccc2)CC1,1,train
Fc1cccc(CN2CCC(Oc3ncnc4c3ccn4Cc3ccccc3)CC2)n1,1,train
Fc1ccc(CN2CCC(Oc3ncnc4c3ccn4Cc3ccccc3)CC2)nc1,1,train
Fc1ccccc1Cn1ccc2c(OC3CCN(Cc4ccccn4)CC3)ncnc21,1,train
Fc1cccc(Cn2ccc3c(OC4CCN(Cc5ccccn5)CC4)ncnc32)c1F,1,train
Fc1c(Cl)cccc1Cn1ccc2c(OC3CCN(Cc4ccccn4)CC3)ncnc21,1,train
Fc1c(Cn2ccc3c(OC4CCN(Cc5ccccn5)CC4)ncnc32)cccc1C(F)(F)F,1,train
c1ccc(Cn2ccc3c(OC4CCN(Cc5cscn5)CC4)ncnc32)cc1,1,train
Cc1nc2c(OC(F)F)cccc2n1-c1ccc(C(=O)NC2CC2)s1,0,train
Cc1nc2c(C#N)cccc2n1-c1ccc(C(=O)NC2CC2)s1,0,train
CCC(NCCCCC(Cc1cc(C)c(F)c(C)c1)C(O)=NO)c1ccc(F)cc1,0,train
CCC(NCCCCC(C[C@@H](OC)c1ccc(F)cc1)C(O)=NO)c1ccc(F)cc1,1,val
Cc1cc(CC(CCCCNCc2ccc(F)cc2)C(O)=NO)cc(C)c1F,1,train
CCC(NCCCCC(Oc1cc(C)c(F)c(C)c1)C(O)=NO)c1ccc(F)cc1,1,val
CO[C@H](CC(CCCCNCc1ccc(F)cc1)C(O)=NO)c1ccc(F)cc1,1,train
Cc1cc(NC(CCCCNCc2ccc(F)cc2)C(O)=NO)cc(C)c1F,1,train
CCC(NCCCCC(Nc1cc(C)c(F)c(C)c1)C(O)=NO)c1ccc(F)cc1,1,val
Cc1cc(OC(CCCCNCc2ccc(F)cc2)C(O)=NO)cc(C)c1F,1,train
CN(C(=O)Cc1ccc(S(C)(=O)=O)cc1)[C@@H]1CCN(Cc2nc3cc(F)ccc3s2)C[C@@H]1F,1,train
CN(C(=O)Cc1ccc(S(C)(=O)=O)cc1)[C@@H]1CCN(Cc2nc3ccccc3s2)C[C@@H]1F,0,train
CN(C(=O)Cc1ccc(S(C)(=O)=O)cc1)[C@@H]1CCN(Cc2ccc(C(F)(F)F)cc2)C[C@@H]1F,1,train
CN(C(=O)Cc1ccc(-n2cnnn2)cc1)[C@@H]1CCN(Cc2nc3cc(F)ccc3s2)C[C@@H]1F,1,val
CN(C(=O)Cc1ccc(-n2cnnn2)cc1)[C@@H]1CCN(Cc2ccc(C(F)(F)F)nc2)C[C@@H]1F,0,train
CN(C(=O)Cc1ccc(-n2cnnn2)cc1)[C@@H]1CCN(Cc2ccc(C(F)(F)F)cn2)C[C@@H]1F,1,train
CO[C@H]1CN(Cc2ccc(C(F)(F)F)cc2)CC[C@H]1N(C)C(=O)Cc1ccc(-n2cnnn2)cc1,1,train
CO[C@@H]1CN(Cc2ccc(C(F)(F)F)cc2)CC[C@@H]1N(C)C(=O)Cc1ccc(-n2cnnn2)cc1,1,train
CN(C(=O)Cc1ccc(-n2cnnn2)cc1)[C@@H]1CCN(Cc2ccc(C(F)(F)F)cc2)C[C@@H]1F,1,train
CN(C(=O)Cc1ccc(-n2cnnn2)cc1)[C@H]1CCN(Cc2ccc(C(F)(F)F)cc2)C[C@H]1F,1,train
CN(C(=O)Cc1ccc(-n2cnnn2)cc1)C1CCN(Cc2nc3c(s2)CCCC3)CC1,1,train
CN(C(=O)Cc1ccc(-n2cnnn2)cc1)C1CCN(Cc2nc3cc(F)ccc3s2)CC1,1,train
Cc1nc(-c2ccc(CN3CCC(N(C)C(=O)Cc4ccc(-n5cnnn5)cc4)CC3)cc2)no1,1,train
CN(C(=O)Cc1ccc(-n2cnnn2)cc1)C1CCN(Cc2ccc(C(F)(F)F)c(F)c2)CC1,1,train
CN(C(=O)Cc1ccc(-n2cnnn2)cc1)C1CCN(Cc2ccc(C(F)(F)F)nc2)CC1,0,train
CN(C(=O)Cc1ccc(-n2cnnn2)cc1)C1CCN(Cc2ccc(C(F)(F)F)cn2)CC1,1,train
CN(C(=O)Cc1ccccc1)C1CCN(Cc2ccc(C(F)(F)F)cc2)CC1,1,train
CN(C(=O)Cc1ccc(-n2cnnn2)cc1)C1CCN(Cc2ccc(C(F)(F)F)cc2)CC1,1,train
CC(=O)Nc1ccc(CC(=O)N(C)C2CCN(Cc3ccc(C(F)(F)F)cc3)CC2)cc1,1,train
CNC(=O)c1ccc(CC(=O)N(C)C2CCN(Cc3ccc(C(F)(F)F)cc3)CC2)cc1,1,train
CN(C(=O)Cc1ccc(S(C)(=O)=O)c(F)c1)C1CCN(Cc2ccc(C(F)(F)F)cc2)CC1,1,test
CN(C(=O)Cc1ccc(S(C)(=O)=O)cc1F)C1CCN(Cc2ccc(C(F)(F)F)cc2)CC1,1,train
CN(C(=O)Cc1ccc(S(C)(=O)=O)cc1)C1CCN(Cc2ccc(C(F)(F)F)cc2)CC1,1,train
CCN(C(=O)Cc1ccc(S(C)(=O)=O)cc1)C1CCN(Cc2ccc(C(F)(F)F)cc2)CC1,1,train
CC(C)Cn1c2ccc(Nc3ncccn3)cc2c2c3c(c4c(c21)CCc1nn(C)cc1-4)C(=O)NC3,0,test
N[C@H]1CN(c2ccc(-n3ccc(OCc4ccccc4)cc3=O)cn2)C[C@@H]1c1cc(F)ccc1F,1,val
N[C@H]1CN(c2ccc(-n3ccc(OCc4ccccc4)cc3=O)cn2)C[C@@H]1c1cc(F)c(F)cc1F,1,val
NC(=O)CN1CCN(Cc2nc(-c3cn(CC4CCOCC4)c4c(Cl)cccc34)no2)CC1,0,train
Cc1nc(N2CCC(N3CCCC3)CC2)nc2ccc(NC(=O)COc3ccc(Cl)cc3)cc12,1,val
Cc1nc(N2CCC(N3CCCC3=O)CC2)nc2ccc(NC(=O)COc3ccc(OC(F)(F)F)cc3)cc12,1,val
COc1cc(-c2cn(CC(=O)N(c3ccccc3)c3ccccc3)nn2)ccc1-n1cnc(C)c1,1,train
COc1cc(-c2cn(CC(=O)N(c3ccccc3)C3CCCCC3)nn2)ccc1-n1cnc(C)c1,1,train
COc1cc(-c2cn(CC(=O)NC3C4CC5CC(C4)CC3C5)nn2)ccc1-n1cnc(C)c1,1,test
COc1cc(-c2cn(CC(=O)N(Cc3ccc(F)cc3)C3C4CC5CC(C4)CC3C5)nn2)ccc1-n1cnc(C)c1,1,train
COc1cc(-c2cn(CC(=O)N(Cc3ccccc3)Cc3ccccc3)nn2)ccc1-n1cnc(C)c1,1,train
COc1cc(-c2cn(CC(=O)N(Cc3ccccc3)[C@H](C)c3ccccc3)nn2)ccc1-n1cnc(C)c1,1,train
COc1cc(-c2cn(CC(=O)N([C@H](C)c3ccccc3)[C@H](C)c3ccccc3)nn2)ccc1-n1cnc(C)c1,1,train
COc1cc(-c2cn(CC(=O)N(C3CCCCC3)C3CCCCC3)nn2)ccc1-n1cnc(C)c1,1,train
COc1cc(-c2cn(CC(=O)N3CCC(c4nc5ccccc5o4)CC3)nn2)ccc1-n1cnc(C)c1,0,test
COc1cc(-c2cn(CC(=O)N(Cc3ccccc3)CC(F)(F)F)nn2)ccc1-n1cnc(C)c1,1,train
COc1cc(-c2cn(CC(=O)N(CC(F)(F)F)c3ccc4c(c3)CCC4)nn2)ccc1-n1cnc(C)c1,1,train
COc1cc(-c2cn(CC(=O)N(CC(F)(F)F)c3ccc4c(c3)OC(F)(F)O4)nn2)ccc1-n1cnc(C)c1,1,train
COc1cc(-c2cn(CC(=O)N(CC(F)(F)F)c3ccc4ccccc4c3)nn2)ccc1-n1cnc(C)c1,1,train
COc1cc(-c2cn(CC(=O)N(CC(F)(F)F)c3cccc4ccccc34)nn2)ccc1-n1cnc(C)c1,1,train
COc1cc(-c2cn(C3CCCCNC3=O)nn2)ccc1-n1cnc(C)c1,0,train
COc1cc(-c2cn(C3C(=O)NC4CCC3C4)nn2)ccc1-n1cnc(C)c1,1,train
COc1cc(-c2cn(C3CC(C)(C)CCNC3=O)nn2)ccc1-n1cnc(C)c1,0,train
COc1cc(-c2cn(C3CC[C@H]4CCCC[C@@H]4NC3=O)nn2)ccc1-n1cnc(C)c1,0,train
COc1cc(-c2cn(C3CC([Si](C)(C)C)CCNC3=O)nn2)ccc1-n1cnc(C)c1,1,train
COc1cc(-c2cn(C3CCCC(C(C)(C)C)NC3=O)nn2)ccc1-n1cnc(C)c1,0,train
COc1cc(-c2cn(C3CC(C4CCCCC4)CCNC3=O)nn2)ccc1-n1cnc(C)c1,1,train
COc1cc(-c2cn(C3C[C@@H](C(C)(C)C)CCN(CC45CC6CC(CC(C6)C4)C5)C3=O)nn2)ccc1-n1cnc(C)c1,1,test
COc1cc(-c2cn(C3C[C@@H](C(C)(C)C)CCN(CC(C)(C)C)C3=O)nn2)ccc1-n1cnc(C)c1,1,train
COc1cc(-c2cn(C3CC[C@H](c4ccccc4)CN(Cc4ccccc4)C3=O)nn2)ccc1-n1cnc(C)c1,1,train
COc1cc(-c2cn(C3C[C@@H](C(F)(F)F)CCN(Cc4ccccc4)C3=O)nn2)ccc1-n1cnc(C)c1,1,train
COc1cc(-c2cn(C3C[C@@H]([Si](C)(C)C)CCN(Cc4ccccc4)C3=O)nn2)ccc1-n1cnc(C)c1,0,train
COc1cc(-c2cn(C3C[C@@H](C(F)(F)F)CCN(CC(F)(F)F)C3=O)nn2)ccc1-n1cnc(C)c1,0,train
COc1cc(-c2cn(C3C[C@@H](C(F)(F)F)CN(CC(F)(F)F)C3=O)nn2)ccc1-n1cnc(C)c1,0,train
COc1cc(-c2cn(C3CCCCN(CC(F)(F)F)C3=O)nn2)ccc1-n1cnc(C)c1,0,train
COc1cc(-c2cn(C3C[C@@H](c4ccccc4)CCN(CC(F)(F)F)C3=O)nn2)ccc1-n1cnc(C)c1,1,train
COc1cc(-c2cn(C3C[C@@H](C(C)(C)C)CCN(CC(F)(F)F)C3=O)nn2)ccc1-n1cnc(C)c1,1,train
Cc1nc(N2CCC(O)CC2)nc2ccc(NC(=O)/C=C/c3ccc(OC(F)(F)F)cc3)cc12,1,train
Cc1nc(N2CCC(O)(C3CC3)CC2)nc2ccc(NC(=O)/C=C/c3ccc(Cl)cc3)cc12,1,train
Cc1nc(N2CCC(O)(C3CC3)CC2)nc2ccc(NC(=O)/C=C/c3ccc(C(F)F)cc3)cc12,1,train
COCC(=O)NC1CCN(c2nc(C)c3cc(NC(=O)/C=C/c4ccc(Cl)cc4)ccc3n2)CC1,1,train
O[C@]1(c2ccc(F)c(F)c2)CCNC[C@@H]1c1cc(-c2ccc(F)cc2Br)no1,1,val
O[C@]1(c2ccc(F)c(F)c2)CCNC[C@@H]1c1cc(-c2c(Cl)cccc2Cl)no1,1,train
O[C@]1(c2ccc(F)c(F)c2)CCNC[C@@H]1c1cc(-c2ccc(F)cc2Cl)no1,1,val
O[C@]1(c2ccc(F)c(F)c2)CCNC[C@@H]1c1onc(-c2ccccc2Cl)c1Br,1,train
Cc1cccc(-c2noc([C@H]3CNCC[C@]3(O)c3ccc(F)c(F)c3)c2Br)c1C,1,train
O[C@]1(c2ccc(F)c(F)c2)CCNC[C@@H]1c1onc(-c2c(Cl)cccc2Cl)c1Br,1,train
O[C@]1(c2ccc(F)c(F)c2)CCNC[C@@H]1c1onc(-c2cccc3ccccc23)c1Br,1,train
CC(=O)NCCc1ccccc1-c1noc([C@H]2CNCC[C@]2(O)c2ccc(F)c(F)c2)c1Br,0,train
CC(=O)NCCc1ccccc1-c1onc([C@H]2CNCC[C@]2(O)c2ccc(F)c(F)c2)c1Br,0,train
O[C@]1(c2ccc(F)c(F)c2)CCNC[C@@H]1c1cc(-c2c(Cl)cccc2Cl)on1,1,train
CC(=O)NCCc1cc(F)ccc1-c1onc([C@H]2CNCC[C@]2(O)c2ccc(F)c(F)c2)c1Br,0,train
CC(=O)NCCc1ccccc1-c1cc([C@H]2CNCC[C@]2(O)c2ccc(F)c(F)c2)no1,1,train
CC(=O)NCCc1ccccc1-c1onc([C@H]2CNCC[C@]2(O)c2ccc(F)c(F)c2)c1Cl,0,train
CC(=O)NCCc1ccccc1-c1onc([C@H]2CNCC[C@]2(O)c2ccc(F)c(F)c2)c1C(C)=O,0,train
CC(=O)NCCc1ccccc1-c1onc([C@H]2CNCC[C@]2(O)c2ccc(F)c(F)c2)c1C(C)O,0,train
CC(=O)NCCc1ccccc1-c1onc([C@H]2CNCC[C@@H]2c2ccc(F)c(F)c2)c1Br,0,train
CO[C@]1(c2ccc(F)c(F)c2)CCNC[C@@H]1c1noc(-c2ccccc2CCNC(C)=O)c1Br,0,train
CC(=O)NCCc1ccccc1-c1onc([C@H]2CNCC[C@]2(C(N)=O)c2ccc(F)c(F)c2)c1Br,0,train
COC[C@H](C)COCc1ccc([C@@]2(O)CCNC[C@@H]2c2noc(-c3ccccc3CCNC(C)=O)c2Br)cc1,0,train
CC(=O)N1CCC(C(=O)N(CCCN2CCN(Cc3ccc(F)cc3)CC2)c2ccc(C)c(Cl)c2)CC1,1,test
Nc1ncc(-c2cnn(CCO)c2)c2scc(-c3ccc(NC(=O)Nc4cccc(F)c4)cc3)c12,1,test
c1ccc(-n2cc(-c3ccnc4ccccc34)cn2)cc1,1,val
COc1ccc2c(-c3cnn(-c4ccccc4)c3)ccnc2c1,1,val
CCOc1cc2nccc(Oc3cnc(CC(=O)Nc4[nH]nc(CC)c4C)c(OC)c3)c2cc1OC,0,test
CCN(CC)CCCNc1nnc(-c2ccc(NC(=O)c3ccccc3F)cc2)o1,0,train
O=C(Nc1ccc(-c2nnc(NCCCN3CCCC3)o2)cc1)c1ccccc1F,1,train
O=C(Nc1ccc(-c2nnc(NCCCN3CCCCC3)o2)cc1)c1ccccc1F,1,train
O=C(Nc1ccc(-c2nnc(NCCCN3CCCCCC3)o2)cc1)c1ccccc1F,1,train
O=C(Nc1ccc(-c2nnc(NCCCN3CCOCC3)o2)cc1)c1ccccc1F,0,train
O=C(Nc1ccc(-c2nnc(NCCCN3CCCCC3)o2)cc1)c1ccccc1,0,train
O=C(Nc1ccc(-c2nnc(NCCCN3CCCCC3)o2)cc1)c1ccccc1Cl,0,train
Cc1ccccc1C(=O)Nc1ccc(-c2nnc(NCCCN3CCCCC3)o2)cc1,1,train
O=C(Nc1ccc(-c2nnc(NCCCN3CCCCC3)o2)cc1)c1cccc(F)c1,1,train
O=C(Nc1ccc(-c2nnc(NCCCN3CCCCC3)o2)cc1)c1ccc(F)cc1,1,train
O=C(Nc1ccc(-c2nnc(NCCCN3CCCCC3)o2)cc1)c1c(F)cccc1F,1,train
O=C(Nc1ccc(-c2nnc(NCCCN3CCCCC3)o2)cc1)C1CCCC1,0,train
O=C(Nc1ccc(-c2nnc(NCCCN3CCCCC3)o2)cc1)C1CCCCC1,0,train
O=C(Nc1ccc(-c2nnc(NCCCN3CCCCC3)o2)cc1)C1CCCCCC1,0,train
O=C(Nc1ccc(-c2nnc(NCCCN3CCCCC3)o2)cc1F)c1ccccc1F,1,train
CCc1cc(-c2nnc(NCCCN3CCCCC3)o2)ccc1NC(=O)c1ccccc1F,0,train
Cc1cc(-c2nnc(NCCCN3CCCCC3)o2)ccc1NC(=O)c1ccccc1F,0,train
O=C(Nc1ccc(-c2nnc(NCCCN3CCCCC3)o2)c(Cl)c1)c1ccccc1F,1,train
Cc1cc(NC(=O)c2ccccc2F)ccc1-c1nnc(NCCCN2CCCCC2)o1,1,train
COc1cc(NC(=O)c2ccccc2F)ccc1-c1nnc(NCCCN2CCCCC2)o1,1,train
COc1cc(NC(=O)c2ccccc2F)ccc1-c1nnc(NCCCN2CCOCC2)o1,0,train
CCOc1cc(NC(=O)c2ccccc2F)ccc1-c1nnc(NCCCN2CCCCC2)o1,0,train
O=C(Nc1ccc(-c2nnc(NCCCN3CCCCC3)o2)c(F)c1)c1ccccc1F,1,train
O=C(Nc1ccc(-c2nnc(NCCCN3CCCCC3)o2)c(C(F)(F)F)c1)c1ccccc1F,1,train
CCc1cc(NC(=O)c2ccccc2F)ccc1-c1nnc(NCCCN2CCCCC2)o1,1,train
O=C(Nc1ccc(-c2nnc(NCCCN3CCCOCC3)o2)cc1)c1ccccc1F,0,train
C[C@@H]1CC[C@@H](C)N1CCCNc1nnc(-c2ccc(NC(=O)c3ccccc3F)cc2)o1,1,train
CN1CCN(CCCNc2nnc(-c3ccc(NC(=O)c4ccccc4F)cc3)o2)CC1,0,train
O=C(Nc1ccc(-c2nnc(NCCCN3CCC(F)CC3)o2)cc1)c1ccccc1F,1,train
O=C(Nc1ccc(-c2nnc(NCCCN3C[C@@H]4CC[C@H]3C4)o2)cc1)c1ccccc1F,1,train
O=C(Nc1ccc(-c2nnc(NCCCN3CCN4CCC3CC4)o2)cc1)c1ccccc1F,0,train
O=C(Nc1ccc(-c2nnc(NCCCCN3CCOCC3)o2)cc1)c1ccccc1F,0,train
O=C(Nc1ccc(-c2nnc(NCCCCN3CCCOCC3)o2)cc1)c1ccccc1F,0,train
O=C(Nc1ccc(-c2nnc(NCCCCN3CCCC3)o2)cc1)c1ccccc1F,0,train
CCN(CC)CCCCNc1nnc(-c2ccc(NC(=O)c3ccccc3F)cc2)o1,0,train
O=C(Nc1ccc(-c2nnc(NCCCCN3CCCCC3)o2)cc1)c1ccccc1F,0,train
O=C(Nc1ccc(-c2nnc(NCCCCN3CCCCC3)o2)cc1)c1ccccc1,0,train
O=C(Nc1ccc(-c2nnc(NCCCCN3CCCCC3)o2)cc1)C1CCCCC1,0,train
COc1cc(NC(=O)c2ccccc2F)ccc1-c1nnc(NCCCCN2CCCCC2)o1,0,train
O=C(Nc1ccc(-c2nnc(NCCCCN3CCCCC3)o2)c(Cl)c1)c1ccccc1F,1,train
O=C(Nc1ccc(-c2nnc(NCCCCN3CCOCC3)o2)c(F)c1)c1ccccc1F,0,train
O=C(Nc1ccc(-c2nnc(NCCCCN3CCOCC3)o2)c(F)c1)c1ccccc1,0,val
O=C(Nc1ccc(-c2nnc(NCCCCN3CCC(F)CC3)o2)cc1)c1ccccc1F,0,train
NS(=O)(=O)c1ccc(OCCN2CCCCC2)cc1,0,train
CCOC(=O)C1CCN(CCOc2ccc(S(N)(=O)=O)cc2)CC1,0,train
NS(=O)(=O)c1ccc(OCCCN2CCCCC2)cc1,0,train
CCOC(=O)C1CCN(CCCOc2ccc(S(N)(=O)=O)cc2)CC1,0,train
NS(=O)(=O)c1ccc(OCCCCN2CCCCC2)cc1,0,train
CCOC(=O)C1CCN(CCCCOc2ccc(S(N)(=O)=O)cc2)CC1,0,train
CC(C)NC(=O)NS(=O)(=O)c1ccc(OCCN2CCCCC2)cc1,0,train
O=C(Nc1ccccc1)NS(=O)(=O)c1ccc(OCCN2CCCCC2)cc1,0,train
CCOC(=O)C1CCN(CCCOc2ccc(S(=O)(=O)NC(=O)Nc3ccccc3)cc2)CC1,0,train
O=C(Nc1ccc(C(F)(F)F)cc1)NS(=O)(=O)c1ccc(OCCCCN2CCCC2)cc1,0,train
Cc1cccc(C(CCCN)(c2ccccc2)c2ccccc2)c1,1,test
Cc1ccc(C(=O)N(CCCN)[C@@H](c2nc3cc(Cl)ccc3c(=O)n2Cc2ccccc2)C(C)C)cc1,1,test
C[C@H]1c2c([nH]c3ccc(C(F)(F)F)cc23)C[C@H]2CCN(CCCC3CCOCC3)C[C@@H]21,1,val
C[C@H]1c2c([nH]c3ccc(C(F)(F)F)cc23)C[C@H]2CCN(CCCC3(C(=O)O)CCOCC3)C[C@@H]21,1,val
O=C(NCC(=O)N1CC[C@H](N[C@H]2CC[C@@](O)(c3ccc(-c4ncccn4)cn3)CC2)C1)c1cccc(C(F)(F)F)c1,0,train
O=C(C1CCN(c2nccc(C(F)(F)F)n2)CC1)N1CC[C@H](N[C@H]2CC[C@@](O)(c3ccc(-c4ncccn4)cn3)CC2)C1,0,val
O=C(C1CCN(c2cc(C(F)(F)F)ccn2)CC1)N1CC[C@H](N[C@H]2CC[C@@](O)(c3ccc(-c4ncccn4)cn3)CC2)C1,0,train
O=C(C1CCN(c2cccc(C(F)(F)F)n2)CC1)N1CC[C@H](N[C@H]2CC[C@@](O)(c3ccc(-c4ncccn4)cn3)CC2)C1,1,train
O=C(C1CCN(c2cccc(C(F)(F)F)c2)CC1)N1CC[C@H](N[C@H]2CC[C@@](O)(c3ccc(-c4ncccn4)cn3)CC2)C1,1,train
O=C(NCC(=O)N1CC[C@H](N[C@H]2CC[C@@](O)(c3ccc(-c4ccncc4)cn3)CC2)C1)c1cccc(C(F)(F)F)c1,0,train
O=C(NCC(=O)N1CC[C@H](N[C@H]2CC[C@@](O)(c3ccc(-c4cccnc4)cn3)CC2)C1)c1cccc(C(F)(F)F)c1,0,train
Cc1ccc([C@]2(O)CC[C@H](N[C@H]3CCN(C(=O)CNC(=O)c4cccc(C(F)(F)F)c4)C3)CC2)nc1,0,train
CNC(=O)c1ccc(-c2ccc3c(c2)CCN(CCN2CCCC2)C3=O)cc1,0,train
CCNC(=O)c1ccc(-c2ccc3c(c2)CCN(CCN2CCCC2)C3=O)cc1,0,train
CC(C)NC(=O)c1ccc(-c2ccc3c(c2)CCN(CCN2CCCC2)C3=O)cc1,1,train
O=C(NC1CC1)c1ccc(-c2ccc3c(c2)CCN(CCN2CCCC2)C3=O)cc1,0,train
O=C(NC1CCC1)c1ccc(-c2ccc3c(c2)CCN(CCN2CCCC2)C3=O)cc1,1,train
O=C(NC1CCCC1)c1ccc(-c2ccc3c(c2)CCN(CCN2CCCC2)C3=O)cc1,1,train
CN(C)C(=O)c1ccc(-c2ccc3c(c2)CCN(CCN2CCCC2)C3=O)cc1,0,train
O=C(c1ccc(-c2ccc3c(c2)CCN(CCN2CCCC2)C3=O)cc1)N1CCCC1,1,train
C[C@@H]1CCCN1C(=O)c1ccc(-c2ccc3c(c2)CCN(CCN2CCCC2)C3=O)cc1,0,train
C[C@H]1CCCN1C(=O)c1ccc(-c2ccc3c(c2)CCN(CCN2CCCC2)C3=O)cc1,0,train
O=C(c1ccc(-c2ccc3c(c2)CCN(CCN2CCCC2)C3=O)c(F)c1)N1CCCC1,0,train
O=C(c1ccc(-c2ccc3c(c2)CCN(CCN2CCCC2)C3=O)cc1F)N1CCCC1,1,train
O=C(c1ccc(-c2ccc3c(c2)CCN(CCN2CCCC2)C3=O)cc1Cl)N1CCCC1,1,train
CNC(=O)c1ccc(-c2ccc3c(c2)CCN(CCN2CCCC2)C3=O)c(F)c1,1,train
CN(C)C(=O)c1ccc(-c2ccc3c(c2)CCN(CCN2CCCC2)C3=O)c(F)c1,0,train
CNC(=O)c1ccc(-c2ccc3c(c2)CCN(CCN2CCC[C@H]2C)C3=O)cc1,0,train
CCNC(=O)c1ccc(-c2ccc3c(c2)CCN(CCN2CCC[C@H]2C)C3=O)cc1,1,train
C[C@@H]1CCCN1CCN1CCc2cc(-c3ccc(C(=O)N4CCCC4)cc3)ccc2C1=O,1,train
C[C@@H]1CCCN1CCN1CCc2cc(-c3ccc(F)cc3)ccc2C1=O,1,train
C[C@@H]1CCCN1CCN1CCc2cc(-c3ccc(C#N)cc3)ccc2C1=O,1,train
O=C1CC2CCc3cc(OC4CCN(C5CCC5)CC4)ccc3C2=NN1,0,val
COc1cc(CN2CCN(CCCCCC(c3ccc(F)cc3)c3ccc(F)cc3)CC2)cc(OC)c1OC,1,train
CC(C)(C)c1cc(CN2CCN(CCCCCC(c3ccc(F)cc3)c3ccc(F)cc3)CC2)cc(C(C)(C)C)c1O,1,val
CC(C)(C)c1cc(C(=O)N2CCN(CCCCCC(c3ccc(F)cc3)c3ccc(F)cc3)CC2)cc(C(C)(C)C)c1O,1,train
COc1c(C(C)(C)C)cc(CN2CCN(CCCCCC(c3ccc(F)cc3)c3ccc(F)cc3)CC2)cc1C(C)(C)C,1,train
COc1c(C(C)(C)C)cc(C(=O)N2CCN(CCCCCC(c3ccc(F)cc3)c3ccc(F)cc3)CC2)cc1C(C)(C)C,1,train
COc1c(C(C)(C)C)cc(CN2CCN(C(=O)CCCCC(c3ccc(F)cc3)c3ccc(F)cc3)CC2)cc1C(C)(C)C,1,train
COc1c(C(C)(C)C)cc(C(=O)N2CCN(C(=O)CCCCC(c3ccc(F)cc3)c3ccc(F)cc3)CC2)cc1C(C)(C)C,1,train
CC(C)(C)c1cc(CN2CCN(CCCCCC(c3ccc(F)cc3)c3ccc(F)cc3)CC2)cc(C(C)(C)C)c1,1,val
COc1c(C(C)(C)C)cc(C(=O)N2CCN(C(=O)CCCCC(c3ccc(F)cc3)c3ccc(F)cc3)[C@@H](C)C2)cc1C(C)(C)C,1,train
COc1c(C(C)(C)C)cc(C(=O)N2CCN(C(=O)CCCCC(c3ccc(F)cc3)c3ccc(F)cc3)C[C@@H]2C)cc1C(C)(C)C,1,train
CC(C)(C)c1ccc(C(=O)NCC2CCN(C(=O)CCCCC(c3ccc(F)cc3)c3ccc(F)cc3)C2)cc1,1,train
CC(C)(C)c1cc(C(=O)NCC2CCN(C(=O)CCCCC(c3ccc(F)cc3)c3ccc(F)cc3)C2)cc(C(C)(C)C)c1,1,train
COc1c(C(C)(C)C)cc(C(=O)NCC2CCN(C(=O)CCCCC(c3ccc(F)cc3)c3ccc(F)cc3)C2)cc1C(C)(C)C,1,train
O=C(NCC1CCN(C(=O)CCCCC(c2ccc(F)cc2)c2ccc(F)cc2)C1)c1cc(C(F)(F)F)cc(C(F)(F)F)c1,1,train
COc1c(C(C)(C)C)cc(C(=O)NCC2CCN(CCCCCC(c3ccc(F)cc3)c3ccc(F)cc3)C2)cc1C(C)(C)C,1,train
COc1cc(C(=O)NCC2CCN(CCCCCC(c3ccc(F)cc3)c3ccc(F)cc3)C2)cc(OC)c1OC,1,train
O=C(NCC1CCN(CCCCCC(c2ccc(F)cc2)c2ccc(F)cc2)C1)c1cc(C(F)(F)F)cc(C(F)(F)F)c1,1,val
COc1cc(CNCC2CCN(CCCCCC(c3ccc(F)cc3)c3ccc(F)cc3)C2)cc(OC)c1OC,1,train
CC(C)(C)c1cc(CNCC2CCN(CCCCCC(c3ccc(F)cc3)c3ccc(F)cc3)C2)cc(C(C)(C)C)c1O,1,train
CC(C)(C)c1cc(CNCC2CCN(CCCCCC(c3ccc(F)cc3)c3ccc(F)cc3)C2)cc(C(C)(C)C)c1,1,val
CC(C)(C)c1cc(C(=O)NC[C@H]2CCN(C(=O)CCCCC(c3ccc(F)cc3)c3ccc(F)cc3)C2)cc(C(C)(C)C)c1,1,train
CC(C)(C)c1cc(C(=O)NC[C@@H]2CCN(C(=O)CCCCC(c3ccc(F)cc3)c3ccc(F)cc3)C2)cc(C(C)(C)C)c1,1,train
COc1c(C(C)(C)C)cc(C(=O)NC[C@H]2CCN(C(=O)CCCCC(c3ccc(F)cc3)c3ccc(F)cc3)C2)cc1C(C)(C)C,1,train
COc1c(C(C)(C)C)cc(C(=O)NC[C@@H]2CCN(C(=O)CCCCC(c3ccc(F)cc3)c3ccc(F)cc3)C2)cc1C(C)(C)C,1,train
O=C(NC[C@H]1CCN(C(=O)CCCCC(c2ccc(F)cc2)c2ccc(F)cc2)C1)c1cc(C(F)(F)F)cc(C(F)(F)F)c1,1,train
O=C(NC[C@@H]1CCN(C(=O)CCCCC(c2ccc(F)cc2)c2ccc(F)cc2)C1)c1cc(C(F)(F)F)cc(C(F)(F)F)c1,1,train
COc1cc(C(=O)N2CCC(CNC(=O)CCCCC(c3ccc(F)cc3)c3ccc(F)cc3)C2)cc(OC)c1OC,1,train
COc1c(C(C)(C)C)cc(C(=O)N2CCC(CNC(=O)CCCCC(c3ccc(F)cc3)c3ccc(F)cc3)C2)cc1C(C)(C)C,1,train
COc1cc(CN2CCC(CNCCCCCC(c3ccc(F)cc3)c3ccc(F)cc3)C2)cc(OC)c1OC,1,train
CC(C)(C)c1cc(CN2CCC(CNCCCCCC(c3ccc(F)cc3)c3ccc(F)cc3)C2)cc(C(C)(C)C)c1O,1,train
COc1c(C(C)(C)C)cc(CN2CCC(CNCCCCCC(c3ccc(F)cc3)c3ccc(F)cc3)C2)cc1C(C)(C)C,1,train
CN1CCN(C)C(C(=O)N2CCN(C(=O)Nc3ccc(Cl)c(Cl)c3)CC2)C1,0,val
CN1CCNC(C(=O)N2CCN(C(=O)Nc3ccc(Cl)c(Cl)c3)CC2)C1,0,train
CC(C)N1CCNC(C(=O)N2CCN(C(=O)Nc3ccc(Cl)c(Cl)c3)CC2)C1,0,train
O=C(Nc1ccc(Cl)c(Cl)c1)N1CCN(C(=O)C2CN(C3CC3)CCN2)CC1,0,train
CCN1CCNC(C(=O)N2CCN(C(=O)Nc3ccc(Cl)c(Cl)c3)CC2)C1,1,train
CCN1CCOC(C(=O)N2CCN(C(=O)Nc3ccc(Cl)c(Cl)c3)CC2)C1,1,train
CCN1CCCC(C(=O)N2CCN(C(=O)Nc3ccc(Cl)c(Cl)c3)CC2)C1,1,train
CC(C)N1CCN[C@@H](CN2CCN(C(=O)Nc3ccc(Cl)c(Cl)c3)CC2)C1,1,val
CCN1CCNC(CN2CCN(C(=O)Nc3ccc(Cl)c(Cl)c3)CC2)C1,1,train
CC(C)N1CCO[C@@H](CN2CCN(C(=O)Nc3ccc(Cl)c(Cl)c3)CC2)C1,1,val
O=C(Nc1ccc(Cl)c(Cl)c1)N1CCN(C[C@H]2CN(C3CC3)CCO2)CC1,0,train
CCN1CCO[C@@H](CN2CCN(C(=O)Nc3ccc(Cl)c(Cl)c3)CC2)C1,1,train
O=C(Nc1ccc(C(F)(F)F)cc1)N1CCN(C[C@@H]2CCCN(C3CC3)C2)CC1,1,train
O=C(Nc1cccc(C(F)(F)F)c1)N1CCN(C[C@@H]2CCCN(C3CC3)C2)CC1,0,train
O=C(Nc1ccc(Br)cc1)N1CCN(C[C@@H]2CCCN(C3CC3)C2)CC1,1,train
O=C(Nc1cccc(Cl)c1)N1CCN(C[C@@H]2CCCN(C3CC3)C2)CC1,0,train
O=C(Nc1ccc(Cl)cc1)N1CCN(C[C@@H]2CCCN(C3CC3)C2)CC1,0,train
Cc1ccc(NC(=O)N2CCN(C[C@@H]3CCCN(C4CC4)C3)CC2)cc1Cl,1,train
O=C(Nc1ccc(Cl)c(C(F)(F)F)c1)N1CCN(C[C@@H]2CCCN(C3CC3)C2)CC1,1,train
O=C(Nc1ccc(C(F)(F)F)c(Cl)c1)N1CCN(C[C@@H]2CCCN(C3CC3)C2)CC1,1,train
O=C(Nc1ccc(F)c(Cl)c1)N1CCN(C[C@@H]2CCCN(C3CC3)C2)CC1,0,train
CC(C)N1CCC[C@@H](CN2CCN(C(=O)Nc3ccc(Cl)c(Cl)c3)CC2)C1,1,train
O=C(Nc1ccc(Cl)c(Cl)c1)N1CCN(C[C@@H]2CCCN(C3CC3)C2)CC1,1,train
O=C(Nc1ccc(Cl)c(Cl)c1)N1CCN(C[C@@H]2CCCN(CCCc3ccccc3)C2)CC1,1,train
O=C(Nc1ccc(Cl)c(Cl)c1)N1CCN(C[C@@H]2CCCN(CC3CC3)C2)CC1,1,train
O=C(Nc1ccc(Cl)c(Cl)c1)N1CCN(C[C@@H]2CCCN(Cc3ccccc3)C2)CC1,1,train
CCN1CCC[C@@H](CN2CCN(C(=O)Nc3ccc(Cl)c(Cl)c3)CC2)C1,1,train
CCN1CCCC(CN2CCN(C(=O)Nc3ccc(Cl)c(Cl)c3)CC2)C1,1,train
O=C(Nc1ccc(Cl)c(Cl)c1)N1CCN(CC2CCCNC2)CC1,1,train
CN1CCCC(CN2CCN(C(=O)Nc3ccc(Cl)c(Cl)c3)CC2)C1,1,train
CN[C@H]1CC[C@@H](c2c[nH]c3ccc(N=C(N)c4cccs4)cc32)CC1,0,train
CCN[C@H]1CC[C@@H](c2c[nH]c3ccc(N=C(N)c4cccs4)cc32)CC1,0,train
CNC1CCCC(c2c[nH]c3ccc(N=C(N)c4cccs4)cc23)C1,0,train
CCN[C@H]1CCC[C@@H](c2c[nH]c3ccc(N=C(N)c4cccs4)cc23)C1,0,train
C1=C/COCc2cc(ccc2OCCN2CCCC2)Nc2nccc(n2)-c2ccnc(c2)OCC/1,1,train
C1=C/COCc2cc(ccc2OCCN2CCCC2)Nc2nccc(n2)-c2ccc(s2)COC/1,1,train
CN1C[C@@H]2CN(c3ccc(-c4ccc5[nH]ccc5c4)nc3)C[C@@H]21,1,test
O=C(O)c1cc(CN2CCN(c3ccc(Br)cc3)CC2)c2ccccn2c1=O,1,val
O=C(O)c1cc(CN2CCN(c3ccc(C(F)(F)F)cc3)CC2)c2ccccn2c1=O,1,val
COc1ccc(-c2cc(-c3ccc(S(C)(=O)=O)cc3)cnc2N)cn1,1,train
CS(=O)(=O)c1ccc(-c2cnc(N)c(-c3ccc(C(F)(F)F)nc3)c2)cc1,1,train
CC(C)(C)Oc1cccc2nc(N)nc(N)c12,0,test
Cc1cccnc1CN1CCC2(CC1)C(=O)N(c1ccc(-c3ccccc3)cc1)C(=O)N2c1cc(=O)[nH]cn1,1,train
COc1cc(N2C(=O)N(c3ccc(-c4ccc(C(=O)O)cc4)cc3)C(=O)C23CCN(Cc2ncccc2C)CC3)ncn1,1,train
COc1cc(N2C(=O)N(c3ccc(-c4cccc(C(=O)O)c4)cc3)C(=O)C23CCN(Cc2ncccc2C)CC3)ncn1,1,train
COc1cc(N2C(=O)N(c3ccc(-c4ccccc4C(=O)O)cc3)C(=O)C23CCN(Cc2ncccc2C)CC3)ncn1,1,train
COc1cc(N2C(=O)N(c3ccc(-c4ccc(C(=O)O)c(Cl)c4)cc3)C(=O)C23CCN(Cc2ncccc2C)CC3)ncn1,1,train
COc1cc(N2C(=O)N(c3ccc(-c4ccc(C(=O)O)cc4F)cc3)C(=O)C23CCN(Cc2ncccc2C)CC3)ncn1,0,train
COc1cc(N2C(=O)N(c3ccc(-c4ccc(C(=O)O)cc4C)cc3)C(=O)C23CCN(Cc2ncccc2C)CC3)ncn1,0,train
COc1cc(N2C(=O)N(c3ccc(-c4ccc(C(=O)O)c(C)c4)cc3)C(=O)C23CCN(Cc2ncccc2C)CC3)ncn1,0,train
Cc1cccnc1CN1CCC2(CC1)C(=O)N(c1ccc(C3CCCCC3)cc1)C(=O)N2c1cc(=O)[nH]cn1,1,train
Cc1cccnc1CN1CCC2(CC1)C(=O)N(c1ccc(N3CCC3=O)cc1)C(=O)N2c1cc(=O)[nH]cn1,0,train
COCc1nc(-c2ccc(N3C(=O)N(c4cc(=O)[nH]cn4)C4(CCN(Cc5ncccc5C)CC4)C3=O)cc2)no1,1,train
Cc1cccnc1CN1CCC2(CC1)C(=O)N(c1ccc(-n3cccn3)cc1)C(=O)N2c1cc(=O)[nH]cn1,1,train
Cc1cccnc1CN1CCC2(CC1)C(=O)N(c1ccc(-c3ccno3)cc1)C(=O)N2c1cc(=O)[nH]cn1,0,train
Cc1nc(C)c(-c2ccc(N3C(=O)N(c4cc(=O)[nH]cn4)C4(CCN(Cc5ncccc5C)CC4)C3=O)cc2)s1,1,train
COc1cc(N2C(=O)N(c3ccc(-c4ccc(C(=O)O)s4)cc3)C(=O)C23CCN(Cc2ncccc2C)CC3)ncn1,0,train
COc1cc(N2C(=O)N(c3ccc(-c4csc(C(=O)O)c4)cc3)C(=O)C23CCN(Cc2ncccc2C)CC3)ncn1,1,train
COc1cc(N2C(=O)N(c3ccc(-c4ccc(-c5cc[nH]n5)cc4)cc3)C(=O)C23CCN(Cc2ncccc2C)CC3)ncn1,1,train
Cc1cccnc1CN1CCC2(CC1)C(=O)N(c1ccc(-c3ccc(-c4cc[nH]n4)cc3)cc1)C(=O)N2c1cc(=O)[nH]cn1,1,train
Cc1cccnc1CN1CCC2(CC1)C(=O)N(c1ccc(-c3ccc(N4CCOCC4)cc3)cc1)C(=O)N2c1cc(=O)[nH]cn1,0,train
COc1cc(N2C(=O)N(c3ccc(-c4ccc(-c5cc(=O)[nH][nH]5)cc4)cc3)C(=O)C23CCN(Cc2ncccc2C)CC3)ncn1,0,train
COc1cc(N2C(=O)N(c3ccc(-c4ccc5c[nH]nc5c4)cc3)C(=O)C23CCN(Cc2ncccc2C)CC3)ncn1,1,train
COc1cc(N2C(=O)N(c3ccc(-c4ccc5[nH]ncc5c4)cc3)C(=O)C23CCN(Cc2ncccc2C)CC3)ncn1,1,train
COc1cc(N2C(=O)N(c3ccc(-c4ccc5[nH]cnc5c4)cc3)C(=O)C23CCN(Cc2ncccc2C)CC3)ncn1,0,train
Cc1cccnc1CN1CCC2(CC1)C(=O)N(c1ccc(-c3ccc4scnc4c3)cc1)C(=O)N2c1cc(=O)[nH]cn1,1,train
COc1cc(N2C(=O)N(c3ccc(-c4ccc(C#N)cc4)cc3)C(=O)C23CCN(Cc2ncccc2C)CC3)ncn1,1,train
COc1cc(N2C(=O)N(c3ccc(-c4ccc(C(N)=O)cc4)cc3)C(=O)C23CCN(Cc2ncccc2C)CC3)ncn1,1,train
CNC(=O)c1ccc(-c2ccc(N3C(=O)N(c4cc(OC)ncn4)C4(CCN(Cc5ncccc5C)CC4)C3=O)cc2)cc1,1,train
COc1cc(N2C(=O)N(c3ccc(-c4ccc(C(=O)N(C)C)cc4)cc3)C(=O)C23CCN(Cc2ncccc2C)CC3)ncn1,1,train
COc1cc(N2C(=O)N(c3ccc(-c4ccc(C(=O)O)cc4)nc3)C(=O)C23CCN(Cc2ncccc2C)CC3)ncn1,0,train
COc1cc(N2C(=O)N(c3ccc(-c4ccc(C(=O)O)cc4C)nc3)C(=O)C23CCN(Cc2ncccc2C)CC3)ncn1,1,train
Cc1cc(C(=O)O)ccc1-c1ccc(N2C(=O)N(c3cc(=O)[nH]cn3)C3(CCN(Cc4ncccc4C)CC3)C2=O)cn1,0,train
Cc1cc(N2C(=O)N(c3ccc(-c4ccc(C(=O)O)cc4C)cc3)C(=O)C23CCN(Cc2ncccc2C)CC3)ncn1,0,train
Cc1cc(C(=O)O)ccc1-c1ccc(N2C(=O)N(c3cc(C(F)(F)F)ncn3)C3(CCN(Cc4ncccc4C)CC3)C2=O)cc1,0,train
Cc1nccc(N2C(=O)N(c3ccc(-c4ccc(C(=O)O)cc4C)cc3)C(=O)C23CCN(Cc2ncccc2C)CC3)n1,0,train
COc1nccnc1N1C(=O)N(c2ccc(-c3ccc(C(=O)O)cc3C)cc2)C(=O)C12CCN(Cc1ncccc1C)CC2,1,train
Cc1cc(C(=O)O)ccc1-c1ccc(N2C(=O)N(c3nccnc3C)C3(CCN(Cc4ncccc4C)CC3)C2=O)cc1,1,train
Cc1cccnc1CN1CCC2(CC1)C(=O)N(c1ccc(-c3ccc(C(=O)O)cc3)cc1)C(=O)N2c1ncccn1,0,train
Cc1cc(C(=O)O)ccc1-c1ccc(N2C(=O)N(c3ncccn3)C3(CCN(Cc4ncccc4C)CC3)C2=O)cc1,0,train
Cc1cccnc1CN1CCC2(CC1)C(=O)N(c1ccc(-c3ccc(C(=O)O)cc3)cc1)C(=O)N2c1cnccn1,0,train
Cc1cc(C(=O)O)ccc1-c1ccc(N2C(=O)N(c3cnccn3)C3(CCN(Cc4ncccc4C)CC3)C2=O)cc1,1,train
Cc1cc(C(=O)O)ccc1-c1ccc(N2C(=O)N(c3cnccn3)C3(CCN(Cc4ncccc4C)CC3)C2=O)cn1,1,train
Cc1cccnc1CN1CCC2(CC1)C(=O)N(c1ccc(-c3ccc(C(=O)O)cc3)cc1)C(=O)N2c1ccncn1,0,train
Cc1cc(C(=O)O)ccc1-c1ccc(N2C(=O)N(c3ccncn3)C3(CCN(Cc4ncccc4C)CC3)C2=O)cc1,0,train
CC(C)COc1cccc(/C=C2\SC(=O)NC2=O)c1N1CCC[C@@H](N)C1,0,test
c1ccc(CCNCCC(c2ccccc2)c2ccccc2)cc1,1,val
c1ccc(CCCNCCC(c2ccccc2)c2ccccc2)cc1,1,val
c1ccc(CCNCCN(c2ccccc2)c2ccccc2)cc1,1,train
c1ccc(CCCNCCN(c2ccccc2)c2ccccc2)cc1,1,train
Fc1ccc(N(CCNCCc2ccccc2)c2ccc(F)cc2)cc1,1,train
Fc1ccc(N(CCNCCCc2ccccc2)c2ccc(F)cc2)cc1,1,train
O=C(Cc1ccccc1)NCCN(c1ccccc1)c1ccccc1,1,test
O=C(CCc1ccccc1)NCCN(c1ccc(F)cc1)c1ccc(F)cc1,1,train
O=C1COc2ccccc2N1CCCN1CCC(n2c(=O)[nH]c3cc(F)ccc32)CC1,1,train
O=c1[nH]c2ccccc2n1C1CCN(CCOc2ccccc2)CC1,1,train
O=C1CCc2cc(F)ccc2N1CCCN1CCC(n2c(=O)[nH]c3ccccc32)CC1,1,train
O=C1COc2ccccc2N1CCCN1CCC(n2c(=O)[nH]c3c(F)cccc32)CC1,1,train
O=C1CCc2ccccc2N1CCCN1CCC(c2ccc3[nH]ccc3c2)CC1,1,test
O=C1COc2ccccc2N1CCCN1CCC(n2c(=O)[nH]c3ccc(F)cc32)CC1,1,train
O=C1CCc2c(F)cccc2N1CCCN1CCC(n2c(=O)[nH]c3ccccc32)CC1,1,train
O=C1CCc2ccc(F)cc2N1CCCN1CCC(n2c(=O)[nH]c3ccccc32)CC1,1,train
O=C1CCc2cccnc2N1CCCN1CCC(n2c(=O)[nH]c3ccccc32)CC1,1,val
O=C1COc2ccccc2N1CCCN1CCC(n2c(=O)[nH]c3cccc(F)c32)CC1,1,train
O=C1COc2ccccc2N1CCCN1CCC(n2c(=O)[nH]c3ccccc32)CC1,1,train
O=C1CCc2ccccc2N1CCCN1CCC(n2c(=O)[nH]c3ccccc32)CC1,1,train
O=C1CCc2cccc(F)c2N1CCCN1CCC(n2c(=O)[nH]c3ccccc32)CC1,1,val
O=C1CCc2ccccc2N1OCCN1CCC(n2c(=O)[nH]c3ccccc32)CC1,1,test
O=C1COc2ccccc2N1CCCN1CCC(n2c(=O)[nH]c3cccnc32)CC1,0,train
O=C(Cc1ccccc1)NC1CCN(CCCN2C(=O)COc3ccccc32)CC1,0,test
O=C1COc2ccccc2N1CCCN1CCC(n2c(=O)[nH]c3ncccc32)CC1,0,train
O=C1COc2ccccc2N1CCCN1CCC(n2c(=O)[nH]c3cnccc32)CC1,0,train
CC(C)(N)C(=O)N1CCn2c(nc(-c3ccc(F)cc3)c2Nc2ccc(F)cc2)C1(C)C,0,train
CC1(C)c2nc(-c3ccc(F)cc3)c(Nc3ccc(F)cc3)n2CCN1C(=O)CN,0,val
CC(C)[C@@H]1c2nc(-c3ccc(F)cc3)c(Nc3ccc(F)c(Cl)c3)n2CCN1C(=O)CN,0,test
CC(=O)Nc1ccc2ccn(-c3cc(NC4CC4)n4ncc(C#N)c4n3)c2c1,1,val
O=C1CC(c2nc(-c3cccc(Cl)c3)no2)CN1c1ccc(F)cc1,1,train
Cc1cccc(-c2noc(C3CC(=O)N(c4ccc(F)cc4)C3)n2)c1,1,train
CCCCOc1ccc(C(=O)N[C@@H]2COc3cccc(N4CCN(C)CC4)c3C2)cc1,1,train
CN1CCN(c2cccc3c2C[C@H](NC(=O)c2ccc(OC(F)(F)F)cc2)CO3)CC1,1,train
CN1CCN(c2cccc3c2C[C@H](NC(=O)c2ccc(OCC(F)(F)F)nc2)CO3)CC1,1,train
CN1CCN(c2cccc3c2C[C@H](NC(=O)c2ccc(OCCC(F)(F)F)nc2)CO3)CC1,0,train
Cc1nn(-c2ccccc2)nc1C(=O)N[C@@H]1COc2cccc(N3CCN(C)CC3)c2C1,1,train
Cc1ccc(-n2nc(C)c(C(=O)N[C@@H]3COc4cccc(N5CCN(C)CC5)c4C3)n2)c(C)c1,1,train
O=C(N[C@@H]1COc2cccc(-c3ccncc3)c2C1)c1ccc(OC(F)(F)F)cc1,1,train
O=C(N[C@@H]1COc2cccc(-c3cccnc3)c2C1)c1ccc(OCC(F)(F)F)nc1,0,train
O=C(N[C@@H]1COc2cccc(-c3ccncc3)c2C1)c1ccc(OCC(F)(F)F)nc1,1,train
COc1ncc(-c2cccc3c2C[C@H](NC(=O)c2ccc(OCC(F)(F)F)nc2)CO3)cc1F,0,train
O=C(N[C@@H]1COc2cccc(-c3ccc(CO)nc3)c2C1)c1ccc(OCC(F)(F)F)nc1,1,train
O=C(N[C@@H]1COc2cccc(-c3ccnc(CO)c3)c2C1)c1ccc(OCC(F)(F)F)nc1,0,train
O=C(N[C@@H]1COc2cccc(-c3ccc(CO)nc3)c2C1)c1ccc(OCCOCC(F)(F)F)nc1,0,train
Cc1nn(-c2ccccc2)nc1C(=O)N[C@@H]1COc2cccc(-c3ccncc3)c2C1,1,train
O=C(N[C@@H]1COc2cccc(-c3cncnc3)c2C1)c1ccc(OCCC(F)(F)F)nc1,1,train
COc1ncc(-c2cccc3c2C[C@H](NC(=O)c2ccc(OCC(F)(F)F)nc2)CO3)cn1,1,train
COc1ncc(-c2cccc3c2C[C@H](NC(=O)c2ccc(OCCC(F)(F)F)nc2)CO3)cn1,0,train
COc1ncc(-c2cccc3c2C[C@H](NC(=O)c2ccc(COCC(F)(F)F)nc2)CO3)cn1,0,train
Cc1ncc(-c2cccc3c2C[C@H](NC(=O)c2ccc(OCC(F)(F)F)nc2)CO3)cn1,1,train
COc1cnc(-c2cccc3c2C[C@H](NC(=O)c2ccc(COCC(F)(F)F)nc2)CO3)cn1,0,train
CCCCC1(CCCC)N[C@@H](c2nc(-c3ccccc3)c[nH]2)Cc2c1[nH]c1ccccc21,1,val
c1ccc(-c2c[nH]c([C@H]3Cc4c([nH]c5ccccc45)C(C4CCCCC4)N3)n2)cc1,1,train
CCOCC1(COCC)N[C@@H](c2nc(-c3ccccc3)c[nH]2)Cc2c1[nH]c1ccccc21,1,val
c1ccc(-c2c[nH]c([C@H]3Cc4c([nH]c5ccccc45)[C@@H](C4CCOCC4)N3)n2)cc1,1,train
c1ccc(-c2c[nH]c([C@H]3Cc4c([nH]c5ccccc45)[C@H](C4CCOCC4)N3)n2)cc1,1,train
c1ccc(-c2c[nH]c([C@H]3Cc4c([nH]c5ccccc45)C(C4CCOC4)N3)n2)cc1,1,train
c1ccc(-c2c[nH]c([C@H]3Cc4c([nH]c5ccccc45)C(C4CCSCC4)N3)n2)cc1,1,train
[O-][S+]1CCC(C2N[C@@H](c3nc(-c4ccccc4)c[nH]3)Cc3c2[nH]c2ccccc32)CC1,1,train
O=S1(=O)CCC(C2N[C@@H](c3nc(-c4ccccc4)c[nH]3)Cc3c2[nH]c2ccccc32)CC1,1,train
c1ccc(-c2c[nH]c([C@H]3Cc4c([nH]c5ccccc45)C(C4CCNCC4)N3)n2)cc1,1,train
CC(=O)N1CCC(C2N[C@@H](c3nc(-c4ccccc4)c[nH]3)Cc3c2[nH]c2ccccc32)CC1,1,train
CS(=O)(=O)N1CCC(C2N[C@@H](c3nc(-c4ccccc4)c[nH]3)Cc3c2[nH]c2ccccc32)CC1,1,train
COC(=O)N1CCC(C2N[C@@H](c3nc(-c4ccccc4)c[nH]3)Cc3c2[nH]c2ccccc32)CC1,1,val
CNC(=O)N1CCC(C2N[C@@H](c3nc(-c4ccccc4)c[nH]3)Cc3c2[nH]c2ccccc32)CC1,1,val
c1ccc(CN2CCN(Cc3nc(-c4ccccc4)no3)CC2)cc1,0,test
c1ccc(CN2CCN(Cc3nnc(-c4ccccc4)o3)CC2)cc1,0,train
CN(Cc1nc(=O)c2ccccc2[nH]1)Cc1nc(-c2ccccc2)no1,0,test
c1ccc(-c2noc(CN3CCN(Cc4nc5ccccc5s4)CC3)n2)cc1,0,train
c1ccc(-c2nnc(CN3CCN(Cc4nc5ccccc5s4)CC3)o2)cc1,0,train
C[C@@H](Oc1nnc(-c2ccncc2)n1C)c1noc(-c2cccc(Cl)c2)n1,0,train
C[C@@H](Oc1nnc(-c2ccncc2)n1C)c1nnc(-c2cccc(Cl)c2)o1,0,train
c1cncc(-c2ccc(-c3noc(C4CN5CCC4CC5)n3)o2)c1,1,val
c1cncc(-c2ccc(-c3nnc(C4CN5CCC4CC5)o3)o2)c1,0,val
CCOC(=O)N1CCN(Cc2noc(-c3cc(Cl)ccc3F)n2)CC1,0,test
CCOC(=O)N1CCN(Cc2nc(-c3cccc(Cl)c3)no2)CC1,0,val
N#CC1(NC(=O)C2CCCCC2C(=O)N2CCN(c3ccc(F)cc3)CC2)CC1,0,train
N#CC1(NC(=O)C2CCCCC2C(=O)N2CCN(c3nc4ccccc4s3)CC2)CC1,1,train
CC(C)(C)c1csc(N2CCN(C(=O)C3CCCCC3C(=O)NC3(C#N)CC3)CC2)n1,1,train
N#CC1(NC(=O)C2CCCCC2C(=O)N2CCN(c3nc(C(F)(F)F)cs3)CC2)CC1,0,train
Cc1sc(N2CCN(C(=O)C3CCCCC3C(=O)NC3(C#N)CC3)CC2)nc1C(F)(F)F,0,train
N#CC1(NC(=O)C2CCCCC2C(=O)N2CCN(c3nc(C(F)(F)F)c(Cl)s3)CC2)CC1,0,train
N#CC1(NC(=O)C2CCCCC2C(=O)N2CCN(c3nc(-c4ccccc4)cs3)CC2)CC1,0,train
NC(=O)Nc1cc(-c2cccc(F)c2)sc1C(=O)N[C@H]1CCCNC1,0,test
C=CCc1ccccc1OC(C)C1=NCCN1,0,val
CC(Oc1ccccc1CC1CC1)C1=NCCN1,1,val
COc1ccc(-c2cc(NC(=O)CCCCN3CCCN(C(C)=O)CC3)[nH]n2)cc1,0,train
CC(C)c1nc(N2CCN(c3ncc(OCc4ccncc4C#N)cn3)[C@H](C)C2)no1,1,train
CCN1CCC(Nc2ccc3c(c2)=C(C(c2ccc(Cl)cc2)c2ncc[nH]2)C(=O)N=3)CC1,1,test
O=S(=O)(c1cccc(F)c1)C1(F)CCN(CCc2ccc(F)cc2F)CC1,1,train
CCCCN1CCC[C@@H]1Cn1nc(Cc2ccc(Cl)cc2)c2cnccc2c1=O,1,train
COCCN1CCC[C@@H]1Cn1nc(Cc2ccc(Cl)cc2)c2cnccc2c1=O,1,train
CN1CCC[C@@H]1Cn1nc(Cc2ccc(Cl)cc2)c2cccnc2c1=O,1,train
CCCCN1CCC[C@@H]1Cn1nc(Cc2ccc(Cl)cc2)c2cccnc2c1=O,1,train
COCCN1CCC[C@@H]1Cn1nc(Cc2ccc(Cl)cc2)c2cccnc2c1=O,1,train
CN1CCC[C@@H]1Cn1nc(Cc2ccc(Cl)cc2)c2ncccc2c1=O,1,train
CCCCN1CCC[C@@H]1Cn1nc(Cc2ccc(Cl)cc2)c2ncccc2c1=O,1,train
COCCN1CCC[C@@H]1Cn1nc(Cc2ccc(Cl)cc2)c2ncccc2c1=O,1,train
CN1CCC[C@@H]1Cn1nc(Cc2ccc(Cl)cc2)c2nccnc2c1=O,1,train
O=c1c2ccncc2c(Cc2ccc(Cl)cc2)nn1C[C@H]1CCCN1CCCCc1ccc(OCCCN2CCCCCC2)cc1,1,val
CN1CCC[C@@H]1Cn1nc(Cc2ccc(Cl)cc2)c2ccccc2c1=O,1,train
CCCCN1CCC[C@@H]1Cn1nc(Cc2ccc(Cl)cc2)c2ccccc2c1=O,1,train
COCCN1CCC[C@@H]1Cn1nc(Cc2ccc(Cl)cc2)c2ccccc2c1=O,1,train
CN1CCC[C@@H]1Cn1nc(Cc2ccc(Cl)cc2)c2ccncc2c1=O,1,train
CN1CCC[C@@H]1Cn1nc(Cc2ccc(Cl)cc2)c2cnccc2c1=O,1,train
Cc1cc2c(cc1F)[nH]c(=O)n2C1CCN(C2CCOCC2)CC1,0,train
Cc1ccc2[nH]c(=O)n(C3CCN(C4CCOCC4)CC3)c2c1,0,train
O=c1[nH]c2ccccc2n1C1CCN(CCCOc2ccc(F)cc2)CC1,1,train
O=[N+]([O-])c1ccc(CCN2CCNCC2)cc1,1,train
O=[N+]([O-])c1ccc(CCN2CCN(CCc3ccc([N+](=O)[O-])cc3)CC2)cc1,1,train
N#Cc1ccc(CCN2CCN(CCc3ccc([N+](=O)[O-])cc3)CC2)cc1,1,train
N#Cc1cccc(CCN2CCN(CCc3ccc([N+](=O)[O-])cc3)CC2)c1,1,train
O=[N+]([O-])c1ccc(CCN2CCN(CCc3ccc4nonc4c3)CC2)cc1,1,train
O=[N+]([O-])c1ccc(CCN2CCN(CCc3ccc(-c4ncco4)cc3)CC2)cc1,1,train
O=C1OCc2c1cccc2-c1ccc(CCN2CCN(CCc3ccc([N+](=O)[O-])cc3)CC2)cc1,1,train
CCOC(=O)c1ccc(CCN2CCN(CCc3ccc([N+](=O)[O-])cc3)CC2)cc1,1,train
O=[N+]([O-])c1ccc(CCN2CCN(CCc3ccc(F)cc3)CC2)cc1,1,train
COc1ccc(CCN2CCN(CCc3ccc([N+](=O)[O-])cc3)CC2)cc1,1,train
CS(=O)(=O)c1ccc(CCN2CCN(CCc3ccc([N+](=O)[O-])cc3)CC2)cc1,1,train
CC(CN1CCN(CCc2ccc([N+](=O)[O-])cc2)CC1)c1ccc([N+](=O)[O-])cc1,1,train
CC(Cc1ccc([N+](=O)[O-])cc1)N1CCN(CCc2ccc([N+](=O)[O-])cc2)CC1,1,train
CC1CN(CCc2ccc([N+](=O)[O-])cc2)CCN1CCc1ccc([N+](=O)[O-])cc1,1,train
N#Cc1ccc(CCN2CCN(CCc3ccc(C#N)cc3)CC2)cc1,1,val
c1cc2nonc2cc1CCN1CCN(CCc2ccc3nonc3c2)CC1,1,val
O=C1OCc2cc(CCN3CCN(CCc4ccc5c(c4)COC5=O)CC3)ccc21,1,train
N#Cc1ccc(CCN2CCN(CCc3ccc4c(c3)COC4=O)CC2)cc1,1,train
O=C1OCc2cc(CCN3CCN(CCc4ccc5nonc5c4)CC3)ccc21,1,val
N#Cc1ccc(CCN2CCN(CCc3ccc4nonc4c3)CC2)cc1,1,val
N#Cc1ccc(CCN2CCN(CCc3ccc4c(c3)COC4=O)CC2)cc1F,1,train
N#Cc1ccc(CCN2CCN(CCc3ccc4c(c3)COC4=O)CC2)cc1Cl,1,train
N#Cc1ccc(CCN2CCN(CCc3ccc4c(c3)COC4=O)CC2)cc1Br,1,train
COc1cc(CCN2CCN(CCc3ccc4c(c3)COC4=O)CC2)ccc1C#N,1,train
CCOc1cc(CCN2CCN(CCc3ccc4c(c3)COC4=O)CC2)ccc1C#N,1,train
N#Cc1ccc(CCN2CCN(CCc3ccc4c(c3)COC4=O)CC2)cc1OC(F)(F)F,1,train
N#Cc1ccc(CCN2CCN(CCc3ccc4c(c3)COC4=O)CC2)cc1OC1CC1,1,train
CSc1cc(CCN2CCN(CCc3ccc4c(c3)COC4=O)CC2)ccc1C#N,1,train
CNc1cc(CCN2CCN(CCc3ccc4c(c3)COC4=O)CC2)ccc1C#N,1,train
CS(=O)(=O)c1cc(CCN2CCN(CCc3ccc4c(c3)COC4=O)CC2)ccc1C#N,1,train
Cc1cc(C#N)ccc1-c1ccnc(NCc2[nH]nc3ncccc23)c1,1,train
Cc1cc(C#N)ccc1-c1ccnc(NCc2[nH]nc3nc(F)ccc23)c1,1,train
Cc1cc(C#N)ccc1-c1ccnc(NCc2[nH]nc3nc(N)ccc23)c1,1,train
Cc1cc(C#N)ccc1-c1ccnc(NCc2[nH]nc(-c3ccccc3)c2Cl)c1,0,train
Cc1cc(C#N)ccc1-c1ccnc(NCc2cc(-c3ccccn3)[nH]n2)c1,1,train
COCc1ccc2c3nc(N4CCC[C@@H](N)C4)n(Cc4ccccc4Cl)c3c(=O)n(C)c2c1,1,val
Cn1c(=O)c2c(nc(N3CCC[C@@H](N)C3)n2Cc2ccccc2Cl)c2ccc(C#N)cc21,1,val
COc1ncc(-c2ccccc2CCNC(=O)c2ccc(OCCC(F)(F)F)nc2)cn1,1,train
COc1cnc(-c2ccccc2CCNC(=O)c2ccc(OCCC(F)(F)F)nc2)cn1,0,train
O=C(NCCc1ccccc1-c1cnc(OC(F)F)cn1)c1ccc(OCCC(F)(F)F)nc1,1,train
O=C(NCCc1ccccc1-c1cccnc1)c1ccc(OCCC(F)(F)F)nc1,1,train
Cc1ncc(-c2ccccc2CCNC(=O)c2ccc(OCCC(F)(F)F)nc2)cn1,0,train
Cc1ncc(-c2ccccc2CCNC(=O)c2ccc(OCCOCC(F)(F)F)nc2)cn1,0,train
Cc1ncc(-c2ccccc2CCNC(=O)c2ccc(C(=O)NCCCC(F)(F)F)nc2)cn1,0,train
COc1ncc(-c2cccc(C)c2CCNC(=O)c2ccc(OCCC(F)(F)F)nc2)cn1,1,train
COc1ncc(-c2cccc(F)c2CCNC(=O)c2ccc(OCCC(F)(F)F)nc2)cn1,1,train
COc1ncc(-c2cccc(Cl)c2CCNC(=O)c2ccc(OCCC(F)(F)F)nc2)cn1,1,train
COc1ccc(CCNC(=O)c2ccc(OCCC(F)(F)F)nc2)c(-c2cnc(OC)nc2)c1,1,train
COc1ncc(-c2cccc(OC(F)F)c2CCNC(=O)c2ccc(OCCC(F)(F)F)nc2)cn1,1,test
COc1ncc(-c2c(C)ccc(F)c2CCNC(=O)c2ccc(OCC(F)(F)F)nc2)cn1,0,test
COc1cnc(-c2c(C)ccc(F)c2CCNC(=O)c2ccc(COCC(F)(F)F)nc2)cn1,0,train
COc1cnc(-c2c(F)ccc(F)c2CCNC(=O)c2ccc(COCC(F)(F)F)nc2)cn1,0,train
COc1ncc(-c2ccccc2C(F)(F)CNC(=O)c2ccc(COCC(F)(F)F)nc2)cn1,0,test
COc1cnc(-c2ccccc2C(F)(F)CNC(=O)c2ccc(COCC(F)(F)F)nc2)cn1,0,train
COc1cnc(-c2cccc(F)c2C(F)(F)CNC(=O)c2ccc(COCC(F)(F)F)nc2)cn1,0,train
CC(C)Oc1cc(Nc2nc(N[C@@H](C)c3ccc(F)cn3)ncc2Cl)[nH]n1,1,test
CC(C)Oc1cc(-n2cnc3ccc(N[C@@H](CO)c4ccc(F)cn4)nc32)[nH]n1,0,test
CCOc1cc(Nc2nc3c(cc2F)ncn3[C@@H](CO)c2ccc(F)cn2)[nH]n1,0,test
c1cc(-c2cnc3c(c2)C[C@@]2(CN4CCC2CC4)O3)co1,1,test
c1ccc([C@@H]([C@H](c2ccccc2)N2CCCCC2)N2CCCCC2)cc1,0,train
c1ccc([C@H]([C@@H](c2ccccc2)N2CCCCC2)N2CCCCC2)cc1,0,train
c1ccc([C@@H]([C@H](c2ccccc2)N2CCCC2)N2CCCC2)cc1,0,train
c1ccc([C@H]([C@@H](c2ccccc2)N2CCCC2)N2CCCC2)cc1,0,train
CNC(=O)c1nc(-c2ccc(Cl)c(S(=O)(=O)Nc3cccc(F)c3F)c2)cnc1N,0,test
COc1ccc2nccc([C@@H](O)CC[C@@H]3CCN(CCSc4cccs4)CC3C(=O)O)c2c1,0,test
N#Cc1c[nH]c(C(=O)Nc2ccc(C3CCN(Cc4ccccn4)CC3)cc2C2=CCCCC2)n1,1,val
CCN(CC)CCOc1cc(-c2nc(SCC(=O)NC)nc3[nH]cc(C#N)c23)c(Cl)cc1Cl,1,train
CCN(CC)CCSc1nc(-c2cc(OC)c(C#N)cc2Cl)c2c(C#N)c[nH]c2n1,1,train
CCN(CC)CCSc1nc(-c2cc(OC)c(Cl)cc2Cl)c2c(C#N)c[nH]c2n1,1,train
CCN(CC)CCOc1cc(-c2nc(SC)nc3[nH]cc(C#N)c23)c(Cl)cc1Cl,1,train
CSc1nc(-c2cc(OCCN3CCCC3)c(Cl)cc2Cl)c2c(C#N)c[nH]c2n1,1,train
Cc1cc(Cl)ccc1OC1CCN(CC2CCN([C@@](C)(Cc3ccc(F)cc3)C(=O)O)CC2)CC1,0,test
Cc1c(OC2CCN(CC3CCN(C(Cc4ccc(F)cc4)C(=O)O)CC3)CC2)ccc(C#N)c1Cl,0,test
O=C(O)C(Cc1cccc(C(F)(F)F)c1)N1CCC(CN2CCC(Oc3ccc(Cl)c(Cl)c3)CC2)CC1,1,train
COc1ccc(CC(C(=O)O)N2CCC(CN3CCC(Oc4ccc(Cl)c(Cl)c4)CC3)CC2)cc1,1,train
COc1ccccc1CC(C(=O)O)N1CCC(CN2CCC(Oc3ccc(Cl)c(Cl)c3)CC2)CC1,1,train
Cc1ccc(CC(C(=O)O)N2CCC(CN3CCC(Oc4ccc(Cl)c(Cl)c4)CC3)CC2)cc1,1,train
Cc1cccc(CC(C(=O)O)N2CCC(CN3CCC(Oc4ccc(Cl)c(Cl)c4)CC3)CC2)c1,1,train
N#Cc1ccc(CC(C(=O)O)N2CCC(CN3CCC(Oc4ccc(Cl)c(Cl)c4)CC3)CC2)cc1,1,train
N#Cc1cccc(CC(C(=O)O)N2CCC(CN3CCC(Oc4ccc(Cl)c(Cl)c4)CC3)CC2)c1,0,train
N#Cc1ccccc1CC(C(=O)O)N1CCC(CN2CCC(Oc3ccc(Cl)c(Cl)c3)CC2)CC1,0,train
O=C(O)C(Cc1ccc(Cl)cc1)N1CCC(CN2CCC(Oc3ccc(Cl)c(Cl)c3)CC2)CC1,1,train
O=C(O)C(Cc1ccccc1)N1CCC(CN2CCC(Oc3ccc(Cl)c(Cl)c3)CC2)CC1,1,train
O=C(O)c1cccnc1N1CCC(CN2CCC(Oc3ccc(Cl)c(Cl)c3)CC2)CC1,0,train
O=C(O)c1ccc(CN2CCC(CN3CCC(Oc4ccc(Cl)c(Cl)c4)CC3)CC2)cc1,0,train
O=C(O)c1cccc(CN2CCC(CN3CCC(Oc4ccc(Cl)c(Cl)c4)CC3)CC2)c1,0,train
O=C(O)c1ccccc1CN1CCC(CN2CCC(Oc3ccc(Cl)c(Cl)c3)CC2)CC1,0,train
O=C(O)COc1ccc(N2CCC(CN3CCC(Oc4ccc(Cl)c(Cl)c4)CC3)CC2)cc1,1,train
O=C(O)COc1cccc(N2CCC(CN3CCC(Oc4ccc(Cl)c(Cl)c4)CC3)CC2)c1,1,train
O=C(O)COc1ccccc1N1CCC(CN2CCC(Oc3ccc(Cl)c(Cl)c3)CC2)CC1,0,train
O=C(O)Cc1ccc(N2CCC(CN3CCC(Oc4ccc(Cl)c(Cl)c4)CC3)CC2)cc1,0,train
O=C(O)Cc1cccc(N2CCC(CN3CCC(Oc4ccc(Cl)c(Cl)c4)CC3)CC2)c1,0,train
O=C(O)Cc1ccccc1N1CCC(CN2CCC(Oc3ccc(Cl)c(Cl)c3)CC2)CC1,0,train
O=C(O)c1ccc(N2CCC(CN3CCC(Oc4ccc(Cl)c(Cl)c4)CC3)CC2)cc1,0,train
O=C(O)c1cccc(N2CCC(CN3CCC(Oc4ccc(Cl)c(Cl)c4)CC3)CC2)c1,0,train
O=C(O)c1ccccc1N1CCC(CN2CCC(Oc3ccc(Cl)c(Cl)c3)CC2)CC1,1,train
O=C(O)C(c1ccccc1)N1CCC(CN2CCC(Oc3ccc(Cl)c(Cl)c3)CC2)CC1,0,train
O=C(O)C(c1ccccc1)N1CCCC(CN2CCC(Oc3ccc(Cl)c(Cl)c3)CC2)C1,0,train
Cc1ccc(S(=O)(=O)NC(=O)N2CCC(N3CCC(Oc4ccc(Cl)c(Cl)c4)CC3)CC2)cc1,0,train
O=C(O)C(c1ccccc1)N1CCC(N2CCC(Oc3ccc(Cl)c(Cl)c3)CC2)CC1,1,train
COc1ccc2cc(-c3cc(-c4cc(Cl)ccc4Cl)nn3[C@@H](C)c3ccc(C(=O)NCCC(=O)O)cc3)ccc2c1,1,test
O=C(NCc1cccc(OC(F)(F)F)c1)c1c2ccccc2c(O)n1CCc1ncc(F)cn1,0,train
O=C(NCc1ccc(OC(F)(F)F)cc1)c1c2cccc(F)c2c(O)n1CCc1ccccn1,1,train
COc1cccc2c(O)n(CCc3ccccn3)c(C(=O)NCc3ccc(OC(F)(F)F)cc3)c12,1,train
Cc1cccc2c(O)n(CCc3ccccn3)c(C(=O)NCc3ccc(OC(F)(F)F)cc3)c12,1,train
O=C(NCc1ccc(OC(F)(F)F)cc1)c1c2c(F)cccc2c(O)n1CCc1ccccn1,1,train
CC1(C(=O)NCc2ccc(OC(F)(F)F)cc2)c2ccccc2C(=O)N1CCc1ccccn1,0,test
O=C(NCc1ccc(OC(F)(F)F)cc1)c1c2ccccc2c(O)n1CCc1ncc(F)cn1,1,train
O=C(NCc1ccc(OC(F)(F)F)cc1)c1c2ccccc2c(O)n1CCc1cnccn1,1,train
O=C(NCc1ccc(OC(F)(F)F)cc1)c1c2ccccc2c(O)n1CCc1ncccn1,0,train
O=C(NCc1ccc(OC(F)(F)F)cc1)c1c2ccccc2c(O)n1CC(F)(F)c1ccccn1,1,train
CC(C)(Cc1ccccn1)n1c(O)c2ccccc2c1C(=O)NCc1ccc(OC(F)(F)F)cc1,1,train
CC(Cc1ccccn1)n1c(O)c2ccccc2c1C(=O)NCc1ccc(OC(F)(F)F)cc1,1,train
O=C(NCc1ccc(OC(F)(F)F)cc1)c1c2ccccc2c(O)n1Cc1ccc(C(F)(F)F)cn1,1,train
O=C(NCc1ccc(OC(F)(F)F)cc1)c1c2ccccc2c(O)n1CCOc1ccccn1,1,train
Cc1cccc(CCn2c(O)c3ccccc3c2C(=O)NCc2ccc(OC(F)(F)F)cc2)n1,1,train
O=C(NCc1ccc(OC(F)(F)F)cc1)c1c2ccccc2c(O)n1CCc1ccc(F)cn1,1,train
O=C(NCc1ccc(OC(F)(F)F)cc1)c1c2ccccc2c(O)n1CCc1ccncc1,1,train
O=C(NCc1ccc(OC(F)(F)F)cc1)c1c2ccccc2c(O)n1CCc1cccnc1,1,train
N#CCCn1c(O)c2ccccc2c1C(=O)NCc1ccc(OC(F)(F)F)cc1,0,train
CC(CC#N)n1c(O)c2ccccc2c1C(=O)NCc1ccc(OC(F)(F)F)cc1,0,train
O=C(NCc1ccc(OC(F)(F)F)cc1)c1c2ccccc2c(O)n1C1CC(F)(F)C1,0,train
CC(C)(C)OC(=O)N1CC(n2c(O)c3ccccc3c2C(=O)NCc2ccc(OC(F)(F)F)cc2)C1,0,train
CC(C)(C)OC(=O)N1CCC(n2c(O)c3ccccc3c2C(=O)NCc2ccc(OC(F)(F)F)cc2)CC1,0,train
O=C(NCc1ccc(OC(F)(F)F)cc1)c1c2ccccc2c(O)n1C1CCC(F)(F)CC1,0,train
O=C(NCc1ccc(OC(F)(F)F)cc1)c1c2ccccc2c(O)n1C[C@@H]1CCCO1,0,test
O=C(NCc1ccc(OC(F)(F)F)cc1)c1c2ccccc2c(O)n1CCC1CCOCC1,0,train
O=C(NCc1ccc(OCCC(F)(F)F)nc1)c1c2ccccc2c(O)n1CCc1ccccn1,0,train
O=C(NCc1ccc(OCC(F)(F)F)nc1)c1c2ccccc2c(O)n1CCc1ccccn1,0,train
CC(NC(=O)c1c2ccccc2c(O)n1CCc1ccccn1)c1ccc(OCC(F)(F)F)cc1,1,val
O=C(NCc1ccc(OCC(F)(F)F)cc1)c1c2ccccc2c(O)n1CCc1ccccn1,1,train
O=C(NCc1ccc(CC(F)(F)F)cc1)c1c2ccccc2c(O)n1CCc1ccccn1,0,train
O=C(NCc1cccc(OC(F)(F)F)c1)c1c2ccccc2c(O)n1CCc1ccccn1,0,train
O=C(NCc1ccc(OC(F)(F)F)cc1)c1c2ccccc2c(O)n1CCc1ccccn1,1,train
O=C(NCc1ccc(C(F)(F)F)cc1)c1c2ccccc2c(O)n1CCc1ccccn1,1,train
O=C(NCc1ccc(Br)cc1)c1c2ccccc2c(O)n1CCc1ccccn1,1,train
N#Cc1ccc(-c2noc(-c3cc(F)cc(C#N)c3)n2)nc1,1,test
N#Cc1ccc2ccc(=O)n(CCN3CC[C@H](NCc4cc5c(cn4)OCCO5)[C@@H](F)C3)c2c1,0,val
N#Cc1ccc2ccc(=O)n(CCN3CCC(NCc4cc5c(cn4)OCCO5)CC3)c2c1,0,train
COc1ccc2ncc(=O)n(CCN3CC[C@@H](NCc4ccc5c(n4)NC(=O)CO5)[C@H](OC)C3)c2c1,0,train
COc1ccc2ncc(=O)n(CCN3CC[C@H](NCc4cc5c(cn4)OCCO5)[C@@H](OC)C3)c2c1,0,train
COc1ccc2ncc(=O)n(CCN3CC[C@@H](NCc4ccc5c(n4)NC(=O)CO5)[C@@H](OC)C3)c2c1,0,train
COc1ccc2ncc(=O)n(CCN3CC[C@@H](NCc4cc5c(cn4)OCCO5)[C@@H](OC)C3)c2c1,0,train
COc1ccc2ncc(=O)n(CCN3CC[C@@H](NCc4cc5c(cn4)OCCO5)[C@@H](O)C3)c2c1,0,train
COc1ccc2ncc(=O)n(CCN3CC[C@H](NCc4ccc5c(n4)NC(=O)CO5)[C@@H](F)C3)c2c1,0,train
COc1ccc2ncc(=O)n(CCN3CC[C@H](NCc4cc5c(cn4)OCCO5)[C@@H](F)C3)c2c1,0,train
COc1ccc2ncc(=O)n(CCN3CC[C@@H](NCc4ccc5c(n4)NC(=O)CO5)[C@@H](F)C3)c2c1,0,train
COc1ccc2ncc(=O)n(CCN3CC[C@H](NCc4ccc5c(n4)NC(=O)CO5)[C@H](F)C3)c2c1,0,train
COc1ccc2ncc(=O)n(CCN3CCC(NCc4ccc5c(n4)NC(=O)CO5)CC3)c2c1,0,train
CS(=O)(=O)c1ccc(C(CC2CCCC2)C(=O)Nc2nccs2)cc1F,0,val
CS(=O)(=O)c1ccc(C(CC2CCCC2)C(=O)Nc2cnccn2)cc1Cl,1,train
CONC(=O)N(Cc1ccsc1)C1CCN([C@H](C)CCNC(=O)c2c(C)cc(C#N)nc2Cl)CC1,0,train
CONC(=O)N(Cc1ccsc1)C1CCN([C@H](C)CCNC(=O)c2c(C)cc(C(=O)NC(C)C)nc2C)CC1,0,train
CONC(=O)N(Cc1ccsc1)C1CCN([C@H](C)CCNC(=O)c2c(C)cc(Cl)nc2Cl)CC1,1,train
CONC(=O)N(Cc1ccsc1)C1CCN([C@H](C)CCNC(=O)c2c(C)cc(Cl)nc2C)CC1,1,train
Cc1cc(Cl)nc(C)c1C(=O)NCC[C@@H](C)N1CCC(N(Cc2ccsc2)C(=O)CC#N)CC1,0,train
COCC(=O)N(Cc1ccsc1)C1CCN([C@H](C)CCNC(=O)c2c(C)cc(Cl)nc2C)CC1,1,train
CNC(=O)N(Cc1ccsc1)C1CCN([C@H](C)CCNC(=O)c2c(C)cc(Cl)nc2C)CC1,1,train
CCN(CCO)C(=O)c1cc2cccnn2c1-c1cccc(C(F)(F)F)c1,0,test
N#Cc1cccc(-c2c(C(=O)N3CCCCC3CO)cc3ccccn23)c1,0,test
Cc1ccc(S(=O)(=O)N(C)C(=O)N2CCC(N3CCC(Oc4ccc(Cl)c(Cl)c4)CC3)CC2)cc1,1,test
Cc1c(Cl)ccc(OC2CCN(C3CCN(S(=O)(=O)NC(=O)c4ccccc4)CC3)CC2)c1Cl,1,test
O=C(NS(=O)(=O)N1CCC(N2CCC(Oc3ccc(Cl)c(Cl)c3)CC2)CC1)c1ccccc1,1,train
O=C(NS(=O)(=O)c1ccc(Cl)cc1)N1CCC(N2CCC(Oc3ccc(Cl)c(Cl)c3)CC2)CC1,0,train
O=C(NS(=O)(=O)c1ccccc1)N1CCC(N2CCC(Oc3ccc(Cl)c(Cl)c3)CC2)CC1,1,train
Fc1cc(C(Oc2ccccc2)C2CNC2)ccc1Cl,1,train
Clc1ccc(OC(c2ccc3ccccc3c2)C2CNC2)cc1Cl,1,train
c1ccc(OC(c2ccc3ccccc3c2)C2CNC2)cc1,1,train
CCCOC(c1ccc2ccccc2c1)C1CNC1,1,train
CCCOC(c1ccc(Cl)c(Cl)c1)C1CNC1,1,test
CNc1nn2cc3c(nc2c1S(=O)(=O)c1ccccc1)CCN(C)C3,1,val
CNc1nn2c3c(cnc2c1S(=O)(=O)c1ccccc1)CN(C)CC3,0,val
Cc1cc(OCCN2C[C@@H](C)O[C@@H](C)C2)nn1-c1ccc2ccccc2c1,1,test
CC(=O)C1CCN(CCOc2ccn(-c3ccc(Cl)c(Cl)c3)n2)CC1,1,test
CCOC(=O)N1CCN(CCOc2cc(C)n(-c3ccc(Cl)c(Cl)c3)n2)CC1,1,train
Cc1cc(OCCN2CCN(C)CC2)nn1-c1ccc(Cl)c(Cl)c1,1,train
Cc1cc(OCCN2CCOCC2)nn1-c1ccc(Cl)c(Cl)c1,1,train
CC(C)(C)C(=O)N1CCC(c2ccc(C(=O)N=C(N)N)cc2C(F)(F)F)CC1,0,val
CC(=O)N1CCC(c2cc(C)c(C(=O)N=C(N)N)cc2C(F)(F)F)CC1,1,test
N#Cc1ccc(C(=O)N2CCC(c3ccc(C(=O)N=C(N)N)cc3C(F)(F)F)CC2)cc1,1,val
C=CC(=O)N1CCC[C@@H](n2nc(-c3cccc(C(=O)NCc4ccc(C(C)(C)C)cc4)c3)c3c(N)ncnc32)C1,1,train
C=CC(=O)N1CCC[C@@H](n2nc(-c3cccc(C(=O)Nc4ccc(C(C)C)c(C)c4)c3)c3c(N)ncnc32)C1,1,train
C=CC(=O)N1CCC[C@@H](n2nc(-c3cccc(C(=O)Nc4ccc(C(C)C)cc4)c3)c3c(N)ncnc32)C1,1,train
CCCN1CNc2cc(Nc3ccnc4cc(Cl)ccc34)ccc2C1,1,test
CN1CC(C(=O)Nc2ccc(Cl)cc2)[C@H](c2ccc(/C=C/C(=O)Nc3ccccc3N)cc2)C1,1,train
CN1CC(C(=O)Nc2ccc(Cl)cc2)[C@@H](c2ccc(/C=C/C(=O)Nc3ccccc3N)cc2F)C1,1,train
Nc1ccccc1NC(=O)/C=C/c1ccc([C@H]2CN(CCO)CC2C(=O)Nc2ccc(Cl)cc2)cc1,0,train
CN1CC(C(=O)Nc2ccc(Cl)cc2)[C@@H](c2ccc(/C=C/C(=O)Nc3ccccc3N)cc2)C1,1,train
COC(C)C(=O)N[C@@H](Cc1ccc2c(c1)OCO2)[C@H](O)CN[C@H]1CC2(CCC2)Oc2ncc(CC(C)(C)C)cc21,0,test
COc1ccc(S(=O)(=O)n2cc(C)c3cc(Cl)ccc32)cc1NC1CCN(C)CC1,1,train
COc1ccc(S(=O)(=O)n2cc(C)c3cc(F)ccc32)cc1NC1CCN(C)CC1,1,train
CCn1cc([C@]2(c3cccc(NC(=O)c4ccc(Cl)cn4)c3)N=C(N)c3c(F)cccc32)cc(C)c1=O,1,train
CCn1cc([C@]2(c3cccc(C#CC4CC4)c3)N=C(N)c3c(F)cccc32)cc(C)c1=O,1,train
CC#Cc1cncc(-c2cccc([C@@]3(c4cc(C)c(=O)n(CC)c4)N=C(N)c4c(F)cc(F)cc43)c2)c1,1,train
CC#Cc1cncc(-c2cccc([C@@]3(c4cc(C)c(=O)n(CC)c4)N=C(N)c4c(F)cccc43)c2)c1,1,train
CCn1cc(C2(c3cccc(-c4cncc(F)c4)c3)N=C(N)c3c(F)cccc32)cc(C)c1=O,1,train
CCn1cc(C2(c3cccc(-c4cncnc4)c3)N=C(N)c3c(F)cccc32)cc(C)c1=O,0,train
COc1c(C)cc(C2(c3cccc(-c4cncnc4)c3)N=C(N)c3c(F)cccc32)cc1C#N,1,train
COc1c(C)cc(C2(c3cccc(-c4cncnc4)c3)N=C(N)c3c(F)cccc32)nc1C,1,train
COc1ccc(C2(c3cccc(-c4cncnc4)c3)N=C(N)c3c(F)cccc32)cc1,1,train
CC#Cc1cncc(-c2cccc(C3(c4ccnc(C(F)F)c4)N=C(N)c4c(F)cccc43)c2)c1,1,val
N=C1N[C@@](c2cccc(-c3cncnc3)c2)(c2ccnc(C(F)F)c2)c2cc(F)cc(F)c21,0,train
N=C1N[C@@](c2cccc(-c3cncnc3)c2)(c2ccnc(C(F)F)c2)c2cccc(F)c21,1,train
N=C1NC(c2cccc(-c3cncnc3)c2)(c2ccnc(C(F)F)c2)c2cccc(F)c21,1,train
COc1cc(C2(c3cccc(-c4cncnc4)c3)N=C(N)c3c(F)cccc32)ccn1,1,train
N=C1NC(c2cccc(-c3cncnc3)c2)(c2ccnc(C3CC3)c2)c2cccc(F)c21,1,train
Cc1cc(C2(c3cccc(-c4cncnc4)c3)N=C(N)c3c(F)cccc32)cc(C)n1,1,train
N=C1N[C@](c2ccnc(C(F)(F)F)c2)(c2ccc(F)c(-c3cncnc3)c2)c2cccc(F)c21,1,train
N=C1NC(c2ccnc(C(F)(F)F)c2)(c2ccc(F)c(-c3cncnc3)c2)c2cccc(F)c21,0,train
N#Cc1cncc(-c2cccc(C3(c4ccnc(C(F)(F)F)c4)N=C(N)c4c(F)cccc43)c2)c1,1,val
N=C1NC(c2cccc(-c3cncnc3)c2)(c2ccnc(C(F)(F)F)c2)c2cccc(F)c21,0,train
N=C1NC(c2ccncc2)(c2cccc(-c3cncc(F)c3)c2)c2cccc(F)c21,1,train
N=C1N[C@](c2ccncc2)(c2cccc(-c3cncnc3)c2)c2cccc(F)c21,1,train
N=C1NC(c2ccncc2)(c2cccc(-c3cncnc3)c2)c2cccc(F)c21,1,train
N=C1NC(c2cccc(-c3cncnc3)c2)(c2ccnc(C(F)(F)F)c2)c2ccccc21,1,test
N=C1NC(c2ccncc2)(c2cccc(-c3cncnc3)c2)c2ccccc21,0,train
COc1cc(Nc2cccc3c2nc(-c2ccc(F)cc2)n3C)ccc1-n1cnc(C)c1,1,train
Cc1cn(-c2ccc(Nc3cccc4c3nc(-c3ccc(F)cc3)n4C)nc2)cn1,1,train
COc1cc(Nc2cccc3c2nc(-c2ccc(F)cc2)n3C)cnc1-n1cnc(C)c1,1,train
COc1nc(Nc2cccc3c2nc(-c2ccc(F)cc2)n3C)ccc1-n1cnc(C)c1,1,train
CC(C)C(NC(=O)c1ccccc1)C(=O)N1CCC(c2ccc(Cl)cc2)CC1,1,test
CC(=O)c1cccc(NC(=O)N[C@@H]2CCCC[C@H]2CN2CCC[C@@H](Cc3ccc(F)cc3)C2)c1,1,val
CC#Cc1cncc(-c2cc(C3(C4CC4)N=C(C)C(=N)N3)ccc2O)c1,0,train
CC#Cc1cncc(-c2cccc(C3(C4CC4)N=C(C)C(=N)N3)c2)c1,0,train
COc1cccc(-c2cccc(C3(C4CCOCC4)N=C(C)C(=N)N3)c2)c1,0,val
CC1=NC(c2cccc(-c3cccnc3)c2)(C2CCCCC2)N=C1N,0,val
CC1=NC(c2cccc(-c3cncc(Cl)c3)c2)(C2CC2)N=C1N,0,val
CC#Cc1cncc(-c2cccc(C3(c4cc(C)c(OC)c(C)c4)N=C(C)C(=N)N3)c2)c1,0,train
COc1ccc(C2(c3cccc(-c4cccnc4)c3)N=C(C)C(=N)N2)cc1,0,train
COc1ccc(C2(c3cccc(-c4cncnc4)c3)N=C(C(C)C)C(=N)N2)cc1,0,train
COc1cccc(-c2cccc(C3(C)N=C(C)C(=N)N3)c2)c1,0,val
O=C(CCCN1CCCCC1)Nc1cc(-c2cncc(F)c2)[nH]n1,0,train
COc1ccc(-c2cc(NC(=O)CCCN3CCCCC3)[nH]n2)cc1,1,train
COc1cccc(-c2cc(NC(=O)CCCN3CCCCC3)[nH]n2)c1,1,train
O=C(CCCN1CCCCC1)Nc1cc(-c2cccc(F)c2)[nH]n1,1,train
C[C@H](c1nc(=O)c2cnn(C3CCCC3)c2[nH]1)N1CC(c2ncccn2)C1,0,test
O=C(N[C@@H]1C2CCN(CC2)[C@H]1Cc1cccnc1)c1cc2ccccc2o1,0,test
CC(=O)Nc1ccc(CCN2CCC(COc3nc4ccccc4c4cn(C)cc34)CC2)cc1,1,train
COCc1ccc(CCN2CCC(COc3nc4ccccc4c4cn(C)cc34)CC2)cc1,1,train
Cn1cc2c(OCC3CCN(CCc4ccc(CO)cc4)CC3)nc3ccccc3c2c1,1,train
Cn1cc2c(OCC3CCN(CCc4ccc(C(=O)O)cc4)CC3)nc3ccccc3c2c1,1,train
Cn1cc2c(OCC3CCN(CCc4ccc(N)cc4)CC3)nc3ccccc3c2c1,1,train
Cn1cc2c(OCC3CCN(CCN4CCOCC4)CC3)nc3ccccc3c2c1,1,train
CC(C)n1nc(C(=O)NCC2CCN(CCc3ccc(N)cc3)CC2)c2ccccc21,0,train
CC(C)n1nc(C(=O)NCC2CCN(CCNS(C)(=O)=O)CC2)c2ccccc21,1,train
COc1ccc(-c2cc(-c3ccc(C(=O)N4CCN(C)CC4)cc3)cnc2N)cn1,0,train
Nc1ncc(-c2ccc(C(=O)N3CCOCC3)cc2)cc1-c1ccc(C(F)(F)F)nc1,0,train
Nc1ncc(-c2ccc(C(=O)N3CCNCC3)cc2)cc1-c1ccc(C(F)(F)F)nc1,0,train
CN1CCN(C(=O)c2ccc(-c3cnc(N)c(-c4ccc(C(F)(F)F)cc4)c3)cc2)CC1,0,train
COc1ccc(-c2cc(-c3ccc(S(=O)(=O)N4CCN(C)CC4)cc3)cnc2N)cn1,0,train
COc1ccc(-c2cc(-c3ccc(S(=O)(=O)N(C)C)cc3)cnc2N)cn1,1,train
CN1CCN(C(=O)c2ccc(-c3cnc(N)c(-c4ccc(C(F)(F)F)nc4)c3)cc2)CC1,1,train
Nc1ncc(-c2ccc(C(=O)N3CCNCC3)cc2)cc1-c1ccc(C(F)(F)F)cc1,1,train
Nc1ncc(-c2ccc(C(=O)N3CCOCC3)cc2)cc1-c1ccc(C(F)(F)F)cc1,1,train
COc1ccc(-c2cc(-c3ccc(S(=O)(=O)NC4CC4)cc3)cnc2N)cn1,1,train
CC(C)n1nc(C(=O)NCC2CCN(CCN3CCOCC3)CC2)c2ccccc21,0,train
CN(C)CCCCc1ccc(C2(C)COC2)cc1,0,val
CN(C)CCCCc1ccc(C(C)(C)C)cc1,1,val
N=C(Nc1ccc2c(c1)CCN2C1CCNCC1)c1cccs1,0,test
Cc1nc(C2(c3noc(C)n3)N[C@@H](c3nc(-c4ccc(F)cc4)c[nH]3)Cc3c2[nH]c2ccccc32)no1,1,val
Cn1cc(C2(c3cnn(C)c3)N[C@@H](c3nc(-c4ccc(F)cc4)c[nH]3)Cc3c2[nH]c2ccccc32)cn1,1,train
Cc1nc([C@]2(c3cnn(C)c3)N[C@H](c3nc(-c4ccc(F)cc4)c[nH]3)Cc3c2[nH]c2ccccc32)no1,1,train
Cc1nc([C@@]2(c3cnn(C)c3)N[C@H](c3nc(-c4ccc(F)cc4)c[nH]3)Cc3c2[nH]c2ccccc32)no1,1,train
Cc1nc([C@@]2(c3cnn(C)c3)N[C@@H](c3nc(-c4ccc(F)cc4)c[nH]3)Cc3c2[nH]c2ccccc32)no1,1,train
Cc1nc([C@]2(c3cnn(C)c3)N[C@@H](c3nc(-c4ccc(F)cc4)c[nH]3)Cc3c2[nH]c2ccccc32)no1,1,train
Fc1ccc(-c2c[nH]c([C@H]3Cc4c([nH]c5ccccc45)C(c4ccccc4)(c4ccccc4)N3)n2)cc1,1,train
Cc1nc([C@@H]2N[C@@H](c3nc(-c4ccc(F)cc4)c[nH]3)Cc3c2[nH]c2ccccc32)no1,1,train
Cc1nc([C@H]2N[C@@H](c3nc(-c4ccc(F)cc4)c[nH]3)Cc3c2[nH]c2ccccc32)no1,1,train
Cn1cc([C@@H]2N[C@@H](c3nc(-c4ccc(F)cc4)c[nH]3)Cc3c2[nH]c2ccccc32)cn1,1,train
Cn1cc([C@H]2N[C@@H](c3nc(-c4ccc(F)cc4)c[nH]3)Cc3c2[nH]c2ccccc32)cn1,1,train
Fc1ccc(-c2c[nH]c([C@H]3Cc4c([nH]c5ccccc45)[C@@H](C4CCOCC4)N3)n2)cc1,1,train
Cc1nn(C)cc1-c1nc2c(N3CCN(Cc4ncon4)CC3)c(Cl)cnc2[nH]1,0,train
Cc1nc(CN2CCN(c3c(Cl)cnc4[nH]c(-c5cn(C)nc5C)nc34)CC2)no1,1,train
Cc1cc(CN2CCN(c3c(Cl)cnc4[nH]c(-c5cccc(N6CCN(C)CC6)c5)nc34)CC2)no1,1,train
Cc1cc(CN2CCN(c3c(Cl)cnc4[nH]c(-c5cn(C)nc5C)nc34)CC2)no1,1,train
Cc1cc(CN2CCN(c3c(Br)cnc4[nH]c(-c5ccc(N6CCN(C)CC6)cc5)nc34)CC2)no1,1,val
Cc1cc(CN2CCN(c3c(Cl)cnc4[nH]c(-c5cn(C)nc5C5CC5)nc34)CC2)no1,1,train
Cc1cc(CN2CCN(c3c(Cl)cnc4[nH]c(-c5ccc(N6CCN(C)CC6)cc5)nc34)CC2)no1,1,train
CSc1ncc([C@]2(O)CC[C@H](N3CC(NC(=O)CNC(=O)c4cccc(C(F)(F)F)c4)C3)CC2)s1,1,train
CC(C)Oc1ncc([C@]2(O)CC[C@H](N3CC(NC(=O)CNC(=O)c4cccc(C(F)(F)F)c4)C3)CC2)s1,0,train
O=C(CNC(=O)c1cccc(C(F)(F)F)c1)NC1CN([C@H]2CC[C@@](O)(c3nc4ccccc4s3)CC2)C1,1,train
Cc1cnc([C@]2(O)CC[C@H](N3CC(NC(=O)CNC(=O)c4cccc(C(F)(F)F)c4)C3)CC2)s1,0,train
O=C(CNC(=O)c1cccc(C(F)(F)F)c1)NC1CN([C@H]2CC[C@@](O)(c3ccns3)CC2)C1,0,train
O=C(CNC(=O)c1cccc(C(F)(F)F)c1)NC1CN([C@H]2CC[C@@](O)(c3nccs3)CC2)C1,0,train
O=C(CNC(=O)c1cccc(C(F)(F)F)c1)NC1CN([C@H]2CC[C@@](O)(c3cccs3)CC2)C1,0,train
Cn1ccnc1[C@]1(O)CC[C@H](N2CC(NC(=O)CNC(=O)c3cccc(C(F)(F)F)c3)C2)CC1,0,train
O=C(CNC(=O)c1cccc(C(F)(F)F)c1)NC1CN([C@H]2CC[C@@](O)(c3ccc(OC4CCC4)nc3)CC2)C1,1,train
CC(C)(C)Oc1ccc([C@]2(O)CC[C@H](N3CC(NC(=O)CNC(=O)c4cccc(C(F)(F)F)c4)C3)CC2)cn1,1,train
CC(C)Oc1ccc([C@]2(O)CC[C@H](N3CC(NC(=O)CNC(=O)c4cccc(C(F)(F)F)c4)C3)CC2)cn1,0,train
O=C(CNC(=O)c1cccc(C(F)(F)F)c1)NC1CN([C@H]2CC[C@@](O)(c3ccc(OCC(F)(F)F)nc3)CC2)C1,1,train
CCOc1ccc([C@]2(O)CC[C@H](N3CC(NC(=O)CNC(=O)c4cccc(C(F)(F)F)c4)C3)CC2)cn1,0,train
COc1ccc([C@]2(O)CC[C@H](N3CC(NC(=O)CNC(=O)c4cccc(C(F)(F)F)c4)C3)CC2)nc1,0,train
COc1cccc([C@]2(O)CC[C@H](N3CC(NC(=O)CNC(=O)c4cccc(C(F)(F)F)c4)C3)CC2)n1,0,train
COc1ncc([C@]2(O)CC[C@H](N3CC(NC(=O)CNC(=O)c4cccc(C(F)(F)F)c4)C3)CC2)cc1C,0,train
CN(C)c1ccc([C@]2(O)CC[C@H](N3CC(NC(=O)CNC(=O)c4cccc(C(F)(F)F)c4)C3)CC2)cn1,0,train
COc1ccc([C@]2(O)CC[C@H](N3CC(NC(=O)CNC(=O)c4cccc(C(F)(F)F)c4)C3)CC2)cn1,0,train
Cc1ccc([C@]2(O)CC[C@H](N3CC(NC(=O)CNC(=O)c4cccc(C(F)(F)F)c4)C3)CC2)cn1,0,train
N#Cc1ccc([C@]2(O)CC[C@H](N3CC(NC(=O)CNC(=O)c4cccc(C(F)(F)F)c4)C3)CC2)cn1,0,train
O=C(CNC(=O)c1cccc(C(F)(F)F)c1)NC1CN([C@H]2CC[C@@](O)(c3ccc(F)nc3)CC2)C1,1,train
O=C(CNC(=O)c1cccc(C(F)(F)F)c1)NC1CN([C@H]2CC[C@@](O)(c3cncnc3)CC2)C1,0,train
N#CC1(c2ccccn2)CCN(Cc2cc(C(=O)N[C@H]3CCCC[C@@H]3O)c(=O)n3ccccc23)CC1,0,train
O=C(N[C@H]1CCCC[C@@H]1O)c1cc(CN2CCN(c3cc4scnc4cn3)CC2)c2ccccn2c1=O,0,train
Cc1ccc(N2CCN(Cc3cc(C(=O)N[C@H]4CCCC[C@@H]4O)c(=O)n4ccccc34)CC2)nc1,0,train
N#CC1(c2ccccc2)CCN(Cc2cc(C(=O)N[C@H]3CCCC[C@@H]3O)c(=O)n3ccccc23)CC1,1,train
O=C(N[C@H]1CCCC[C@@H]1O)c1cc(CN2CCN(c3cc4ccccc4cn3)CC2)c2ccccn2c1=O,1,train
N#Cc1ccc(N2CCN(Cc3cc(C(=O)N[C@H]4CCCC[C@@H]4O)c(=O)n4ccccc34)CC2)cc1,1,train
CSc1cc(Nc2cnc(C#N)c(O[C@H](C)CN(C)C)n2)ncc1-c1cnn(C)c1,1,train
COc1cc(Nc2cnc(C#N)c(O[C@@H]3CCN(C)C3)n2)ncc1-c1cnn(C)c1,0,test
COc1cc(Nc2cnc(C#N)c(O[C@H](C)CN(C)C)n2)ncc1-c1cnn(C)c1,1,train
CNc1cc(Nc2cnc(C#N)c(O[C@H]3CCN(C)C3)n2)ncc1-c1cnn(C)c1,0,train
CNc1cc(Nc2cnc(C#N)c(O[C@@H]3CCN(C)C3)n2)ncc1-c1cnn(C)c1,0,train
CNc1cc(Nc2cnc(C#N)c(O[C@H](C)CN(C)C)n2)ncc1-c1cnn(C)c1,0,train
C#Cc1cnc(Nc2cnc(C#N)c(O[C@H](C)CN(C)C)n2)cc1NC,1,train
CNc1cc(Nc2cnc(C#N)c(O[C@H](C)CN(C)C)n2)ncc1C1CC1,1,train
CNc1cc(Nc2cnc(C#N)c(O[C@H](C)CN(C)C)n2)ncc1C(F)(F)F,1,train
CNc1cc(Nc2cnc(C#N)c(O[C@H](C)CN(C)C)n2)ncc1Cl,1,train
COC(=O)c1cnc(Nc2cnc(C#N)c(O[C@@H]3CCNC3)n2)cc1N(C)C,0,val
CNc1cc(Nc2cnc(C#N)c(O[C@@H]3CCNC3)n2)ncc1C(=O)OC,0,val
CNc1cc(Nc2cnc(C#N)c(O[C@H](C)CN(C)C)n2)ncc1C(=O)OC,1,train
C[C@H](CN(C)C)Oc1nc(Nc2cc3cccc(Cl)c3cn2)cnc1C#N,1,test
Cc1nc2ccccc2n1[C@@H]1C[C@H]2COC[C@@H](C1)N2CC[C@H](NC(=O)C1CCC1)c1ccccc1,1,train
CC(=O)NC1CC2CCC(C1)N2CCc1ccc(Oc2nc3ncccc3s2)cc1,1,val
O=C1CCCN1C1CCN(CCc2ccc(Oc3nc4ncccc4s3)cc2)CC1,1,train
O=C1CCCN1C1CCN(CCOc2ccc(Oc3nc4ncccc4s3)cc2)CC1,1,train
Cc1ccnc2nc(Oc3ccc(CN4CCCCC4)cc3)sc12,1,test
NC(=O)C1CCN(Cc2ccc(Oc3nc4ncccc4s3)cc2)CC1,1,train
NC(=O)C1CCN(Cc2ccc(Oc3nc4ccccc4s3)cc2)CC1,1,train
O=C(CO)NC1CCN(Cc2ccc(Oc3nc4ccccc4s3)cc2)CC1,1,train
COCCC(Oc1ncnc2c1cnn2-c1ccccc1C(F)(F)F)C(=O)Nc1ccc(C)cn1,0,test
COCCC(Oc1ncnc2c1cnn2-c1ccccc1Cl)C(=O)Nc1ccc(C)cn1,0,train
Cc1cc(Cl)ccc1OC1CCN(C[C@H](O)CNC(=O)c2c[nH]c(=O)cc2C(F)(F)F)CC1,1,train
O=C(NC[C@@H](O)CN1CCC(Oc2ccc(Cl)c(Cl)c2)CC1)c1c[nH]c(=O)cc1C(F)(F)F,1,train
Cc1cc(Cl)ccc1OC1CCN(C[C@H](O)CNC(=O)c2c[nH]nc2C(F)(F)F)CC1,1,train
O=C(NC[C@@H](O)CN1CCC(Oc2ccc(Cl)c(Cl)c2)CC1)c1c[nH]nc1C(F)(F)F,1,train
Cn1cc(C(=O)NC[C@@H](O)CN2CCC(Oc3ccc(Cl)c(Cl)c3)CC2)c(C(F)(F)F)cc1=O,0,train
Cc1c(Cl)ccc(OC2CCN(C[C@H](O)CNC(=O)c3c[nH]c(=O)cc3C(F)(F)F)CC2)c1Cl,1,val
O=C(NC[C@@H](O)CN1CCC(Oc2ccc(Cl)c(Cl)c2)CC1)c1c[nH]nc1C1CC1,1,train
Cc1c(Cl)ccc(OC2CCN(C[C@H](O)CNC(=O)c3c[nH]nc3C(F)(F)F)CC2)c1Cl,1,val
O=C(NC[C@@H](O)CN1CCC(Oc2ccc(Cl)c(Cl)c2)CC1)c1c[nH]c(=O)c2c(F)cccc12,1,train
CC1(O)CN(S(=O)(=O)c2ccc3c(C(=O)NC[C@@H](O)CN4CCC(Oc5ccc(Cl)c(Cl)c5)CC4)c[nH]c(=O)c3c2)C1,1,train
O=C(NC[C@@H](O)CN1CCC(Oc2ccc(Cl)c(Cl)c2)CC1)c1c[nH]c(=O)c2cc(S(=O)(=O)N3CCC3)ccc12,1,train
CN(C)S(=O)(=O)c1ccc2c(C(=O)NC[C@@H](O)CN3CCC(Oc4ccc(Cl)c(Cl)c4)CC3)c[nH]c(=O)c2c1,1,train
O=C(NC[C@@H](O)CN1CCC(Oc2ccc(Cl)c(Cl)c2)CC1)c1c[nH]c(=O)c2cc(S(=O)(=O)NC3CC3)ccc12,1,train
CNS(=O)(=O)c1ccc2c(C(=O)NC[C@@H](O)CN3CCC(Oc4ccc(Cl)c(Cl)c4)CC3)c[nH]c(=O)c2c1,1,train
O=C(NC[C@@H](O)CN1CCC(Oc2ccc(Cl)c(Cl)c2)CC1)c1c[nH]c(=O)c2cc(S(=O)(=O)NCCO)ccc12,1,train
O=C(NC[C@@H](O)CN1CCC(Oc2ccc(Cl)c(Cl)c2)CC1)c1c[nH]c(=O)c2ccc(F)cc12,1,train
Cc1cc(Cl)ccc1OC1CCN(C[C@H](O)CNC(=O)c2c[nH]c(=O)c3cc(S(C)(=O)=O)ccc23)CC1,1,train
CS(=O)(=O)c1ccc2c(C(=O)NC[C@@H](O)CN3CCC(Oc4ccc(Cl)c(Cl)c4)CC3)c[nH]c(=O)c2c1,1,train
O=C(NC[C@@H](O)CN1CCC(Oc2ccc(Cl)c(Cl)c2)CC1)c1c[nH]c(=O)c2ccccc12,1,train
O=C(NC[C@@H](O)CN1CCC(Oc2ccc(Cl)c(Cl)c2)CC1)c1[nH]nc2ccccc12,1,train
COc1cc(C(=O)NC[C@@H](O)CN2CCC(Oc3ccc(Cl)c(Cl)c3)CC2)ccc1N,1,test
O=C(NC[C@@H](O)CN1CCC(Oc2ccc(Cl)c(Cl)c2)CC1)c1n[nH]c(=O)c2ccccc12,1,train
O=C(NC[C@@H](O)CN1CCC(Oc2ccc(Cl)c(Cl)c2)CC1)n1c(=O)[nH]c2ccccc21,1,train
CN(C[C@@H](O)CN1CCC(Oc2ccc(Cl)c(Cl)c2)CC1)C(=O)c1c[nH]c(=O)c2ccccc12,1,train
O=C(NC[C@@H](O)CN1CCC(Oc2ccc(Cl)c(Cl)c2)CC1)c1c[nH]c2ccccc12,1,train
O=C(NC[C@@H](O)CN1CCC(Oc2ccc(Cl)c(Cl)c2)CC1)c1cnnc2ccccc12,1,train
O=C(CNc1nccc2ccc(C(F)(F)F)cc12)NC1CN([C@H]2CC[C@@](O)(c3cncs3)CC2)C1,0,train
O=C(CNc1ccnc2ccc(C(F)(F)F)cc12)NC1CN([C@H]2CC[C@@](O)(c3cncs3)CC2)C1,0,train
N#Cc1cc(NCC(=O)NC2CN([C@H]3CC[C@@](O)(c4cncs4)CC3)C2)c2cc(C(F)(F)F)ccc2n1,0,val
O=C(CNc1cc(C(F)(F)F)nc2ccc(C(F)(F)F)cc12)NC1CN([C@H]2CC[C@@](O)(c3cncs3)CC2)C1,0,val
O=C(CNc1nc(C(F)(F)F)nc2ccc(C(F)(F)F)cc12)NC1CN([C@H]2CC[C@@](O)(c3cncs3)CC2)C1,0,train
Cc1nc(NCC(=O)NC2CN([C@H]3CC[C@@](O)(c4cncs4)CC3)C2)c2cc(C(F)(F)F)ccc2n1,0,train
N#Cc1ccccc1[C@H]1CC[C@@H](N2CC(NC(=O)CNc3ncnc4ccc(C(F)(F)F)cc34)C2)CC1,1,train
O=C(CNc1ncnc2ccc(C(F)(F)F)cc12)NC1CN([C@H]2CC[C@@H](c3ccccc3O)CC2)C1,1,train
O=C(CNc1ncnc2ccc(C(F)(F)F)cc12)NC1CN([C@H]2CC[C@@H](c3ccccn3)CC2)C1,1,train
Nc1cccnc1[C@H]1CC[C@@H](N2CC(NC(=O)CNc3ncnc4ccc(C(F)(F)F)cc34)C2)CC1,1,train
O=C(CNc1ncnc2ccc(C(F)(F)F)cc12)NC1CN([C@H]2CC[C@@H](c3ccc(O)cn3)CC2)C1,0,train
O=C(CNc1ncnc2ccc(C(F)(F)F)cc12)NC1CN([C@H]2CC[C@@H](c3cccnc3)CC2)C1,0,train
COc1cnccc1[C@H]1CC[C@@H](N2CC(NC(=O)CNc3ncnc4ccc(C(F)(F)F)cc34)C2)CC1,0,train
Nc1cnccc1[C@H]1CC[C@@H](N2CC(NC(=O)CNc3ncnc4ccc(C(F)(F)F)cc34)C2)CC1,0,train
COc1cccc([C@]2(O)CC[C@H](N3CC(NC(=O)CNc4ncnc5ccc(C(F)(F)F)cc45)C3)CC2)n1,0,train
COc1ccc([C@]2(O)CC[C@H](N3CC(NC(=O)CNc4ncnc5ccc(C(F)(F)F)cc45)C3)CC2)cn1,0,train
CC(C)c1ncc([C@]2(O)CC[C@H](N3CC(NC(=O)CNc4ncnc5ccc(C(F)(F)F)cc45)C3)CC2)s1,0,train
O=C(CNc1ncnc2ccc(C(F)(F)F)cc12)NC1CN([C@H]2CC[C@@](O)(c3ccns3)CC2)C1,0,train
O=C(CNc1ncnc2ccc(C(F)(F)F)cc12)NC1CN([C@H]2CC[C@@](O)(c3ccccc3)CC2)C1,0,train
O=C(CNc1ncnc2ccc(C(F)(F)F)cc12)NC1CN([C@H]2CC[C@@H](c3ccccc3)CC2)C1,1,train
C[S+]([O-])Cc1ccc(C(=O)Nc2nccnc2C(=O)NCC2CCC2)c2ccccc12,0,val
COc1ccc(NC(=O)c2ccc(Cn3ccnn3)c3ccccc23)c(C(=O)NCC2CCOCC2)n1,0,test
COc1ccc(Cl)cc1-c1ccnc(Nc2ccc(N3CCOCC3)c(OC)c2)c1,0,train
COc1ccc(C#N)cc1-c1ccnc(Nc2ccc(N3CCOCC3)c(OC)c2)c1,1,train
COc1cc(Nc2cc(-c3cccc(C#N)c3)ccn2)ccc1N1CCOCC1,1,train
COc1cc(Nc2cc(-c3cccc(C#N)c3)ccn2)ccc1N1CCN(C)CC1,1,train
COC1COCCC1N[C@@H]1C[C@H]2CCC[C@@]2(C(=O)N2CCc3ccc(OC(F)(F)F)cc3C2)C1,1,train
COC1COCCC1N[C@@H]1C[C@H]2CCC[C@@]2(C(=O)N2CCc3ccc(C#N)cc3C2)C1,0,train
COC1COCCC1N[C@@H]1C[C@H]2CCC[C@@]2(C(=O)N2CCc3ccc(C(F)(F)F)cc3C2)C1,0,train
COC1COCCC1N[C@@H]1C[C@H]2CCC[C@@]2(C(=O)N2CCc3ccc(Br)cc3C2)C1,0,train
COC1COCCC1N[C@@H]1C[C@H]2CCC[C@@]2(C(=O)N2CCc3ccc(Cl)cc3C2)C1,0,train
COC1COCCC1N[C@@H]1C[C@H]2CCC[C@@]2(C(=O)N2CCc3ccc(F)cc3C2)C1,0,train
COC1COCCC1N[C@@H]1C[C@H]2CCC[C@@]2(C(=O)N2CCc3ncc(OC(C)C)cc3C2)C1,0,train
COc1cnc2c(c1)CN(C(=O)[C@@]13CCC[C@@H]1C[C@@H](NC1CCOCC1OC)C3)CC2,0,train
COC1COCCC1N[C@@H]1C[C@H]2CCC[C@@]2(C(=O)N2CCc3ncc(Br)cc3C2)C1,0,train
COC1COCCC1N[C@@H]1C[C@H]2CCC[C@@]2(C(=O)N2CCc3ncc(Cl)cc3C2)C1,0,train
COC1COCCC1N[C@@H]1C[C@H]2CCCC[C@@]2(C(=O)N2CCc3ncc(C(F)(F)F)cc3C2)C1,0,train
O=C(N1CCc2ncc(C(F)(F)F)cc2C1)[C@@]12CCCC[C@@H]1C[C@@H](NC1CCOCC1)C2,0,train
O=C(N1CCc2ncc(C(F)(F)F)cc2C1)[C@@]12CCC[C@@H]1C[C@@H](NCC1CCOCC1)C2,0,train
O=C(N1CCc2ncc(C(F)(F)F)cc2C1)[C@@]12CCC[C@@H]1C[C@@H](NC1CCOCC1)C2,0,train
O=C(N1CCc2ncc(C(F)(F)F)cc2C1)[C@@]12CCC[C@@H]1C[C@@H](NC1CCSCC1)C2,0,train
O=C(N1CCc2ncc(C(F)(F)F)cc2C1)[C@@]12CCC[C@@H]1C[C@@H](NC1CCCCCC1)C2,0,train
O=C(N1CCc2ncc(C(F)(F)F)cc2C1)[C@@]12CCC[C@@H]1C[C@@H](NC1CCCCC1)C2,0,train
O=C(N1CCc2ncc(C(F)(F)F)cc2C1)[C@@]12CCC[C@@H]1C[C@@H](NC1CCCC1)C2,0,train
Cc1ccc(OCCCc2cccc(CCCOc3ccc(C)cc3)[n+]2C)cc1,1,train
Cc1ccc(C#CCOCc2cccc(COCC#Cc3ccc(C)cc3)[n+]2C)cc1,1,val
Cc1ccc(CCCOCc2cccc(COCCCc3ccc(C)cc3)[n+]2C)cc1,1,train
Cc1ccc(OCCCc2cc(N)cc(CCCOc3ccc(C)cc3)n2)cc1,1,val
C[n+]1c(CCc2ccccc2)cccc1CCc1ccccc1,1,val
c1ccc(CCc2cccc(CCc3ccccc3)n2)cc1,1,val
C[n+]1c(COc2ccccc2)cccc1COc1ccccc1,1,test
c1ccc(OCc2cccc(COc3ccccc3)n2)cc1,1,test
C[n+]1c(CCCOc2ccccc2Cl)cccc1CCCOc1ccccc1Cl,1,test
C[n+]1c(CCCOc2cccc(Cl)c2)cccc1CCCOc1cccc(Cl)c1,1,train
C[n+]1c(CCCOc2ccc(Cl)cc2)cccc1CCCOc1ccc(Cl)cc1,1,train
COc1ccc(OCCCc2cccc(CCCOc3ccc(OC)cc3)[n+]2C)cc1,1,train
C[n+]1c(CCCOc2ccccc2)cccc1CCCOc1ccccc1,1,train
C[n+]1c(C#CCOc2ccc(Cl)cc2)cccc1C#CCOc1ccc(Cl)cc1,0,train
C[n+]1c(C#CCOc2ccccc2)cccc1C#CCOc1ccccc1,0,train
C[n+]1c(C#Cc2ccccc2Cl)cccc1C#Cc1ccccc1Cl,1,test
C[n+]1c(C#Cc2cccc(Cl)c2)cccc1C#Cc1cccc(Cl)c1,1,train
C[n+]1c(C#Cc2ccc(Cl)cc2)cccc1C#Cc1ccc(Cl)cc1,1,train
COc1ccc(C#Cc2cccc(C#Cc3ccc(OC)cc3)[n+]2C)cc1,1,train
C[n+]1c(C#Cc2ccc(-c3ccccc3)cc2)cccc1C#Cc1ccc(-c2ccccc2)cc1,1,train
C[n+]1c(C#CC2CCCCC2)cccc1C#CC1CCCCC1,1,test
C[n+]1c(C#Cc2ccccc2)cccc1C#Cc1ccccc1,1,train
Cc1ccc(OCC#Cc2cccc(CCCOc3ccc(C)cc3)[n+]2C)cc1,1,train
CCCCCCCCc1cccc(CCCCCCCC)[n+]1C,1,test
CCCCCCC#Cc1cccc(C#CCCCCCC)[n+]1C,1,val
Cc1ccc(CCOCCCc2cccc(CCCOCCc3ccc(C)cc3)[n+]2C)cc1,1,train
Cc1ccc(CCc2cccc(CCc3ccc(C)cc3)[n+]2C)cc1,1,train
Cc1ccc(CCOCC#Cc2cccc(C#CCOCCc3ccc(C)cc3)[n+]2C)cc1,0,test
Cc1ccc(C#Cc2cccc(C#Cc3ccc(C)cc3)[n+]2C)cc1,1,train
Cc1ccc(CCOCc2cccc(COCCc3ccc(C)cc3)[n+]2C)cc1,1,train
Cc1ccc(COCc2cccc(COCc3ccc(C)cc3)[n+]2C)cc1,1,train
Cc1ccc(OCc2cccc(COc3ccc(C)cc3)[n+]2C)cc1,1,train
Cc1ccc(Cc2cc[n+](C)c(COc3ccc(C)cc3)c2)cc1,1,val
Clc1ccc(OCCCc2cccc(CCCOc3ccc(Cl)cc3)n2)cc1,1,test
Cc1ccc(CCN(C)CCOc2ccc(C)cc2)cc1,1,val
COCCCOc1cc(C(=O)N(C[C@@H]2CNC[C@H]2Cc2ccccc2)C(C)C)ccc1OC,0,val
COc1cc(N2CCN(C(=O)Cn3nc(C(F)(F)F)c(Cl)c3C)CC2)ccc1Cl,0,test
N#Cc1ccc(-c2ccc3c(c2)OC[C@H]2[C@H](CO)OC(=O)N32)cn1,0,val
CC(=O)NC[C@@H]1OC(=O)N2c3ccc(-c4ccc(C#N)nc4)cc3OC[C@@H]12,1,val
COCCN1CC=CC[C@H](c2ccc(Cl)c(Cl)c2)C1,1,train
OCCN1CC=CC[C@H](c2ccc(Cl)c(Cl)c2)C1,1,train
Clc1ccc(C2CCCCNC2)cc1Cl,1,test
CN1CCCCC(c2ccc(Cl)c(Cl)c2)C1,1,test
C1=CCC(c2cc3ccccc3o2)CNC1,0,test
CN1CC=CCC(c2cc3ccccc3o2)C1,0,test
Fc1ccc(C2CC=CCNC2)cc1Cl,0,train
Cc1cc(C2CC=CCNC2)ccc1Cl,0,train
Cc1cc(C2CC=CCN(C)C2)ccc1Cl,0,train
C1=CCC(c2ccc3ccccc3c2)CNC1,0,train
Clc1ccc([C@@H]2CC=CCNC2)cc1Cl,0,train
Clc1ccc([C@H]2CC=CCNC2)cc1Cl,0,train
Clc1ccc(C2CC=CCNC2)cc1Cl,0,train
CN1CC=CC[C@H](c2ccc(Cl)c(Cl)c2)C1,1,train
CN1CC=CCC(c2ccc(Cl)c(Cl)c2)C1,1,train
Nc1nc2cc3c(cc2s1)CCN(Cc1cscn1)CC3,0,train
Nc1nc2cc3c(cc2s1)CCN(Cc1cccnc1)CC3,0,train
Nc1nc2cc3c(cc2s1)CCN(Cc1ccccn1)CC3,0,train
CN(C)C(=O)c1ccc(CN2CCc3cc4nc(N)sc4cc3CC2)cc1,0,train
COc1cccc(CN2CCc3cc4nc(N)sc4cc3CC2)c1,1,train
COc1ccc(CN2CCc3cc4nc(N)sc4cc3CC2)cc1,1,train
Nc1nc2cc3c(cc2s1)CCN(Cc1cccc(F)c1)CC3,1,train
Nc1nc2cc3c(cc2s1)CCN(Cc1ccc(F)cc1)CC3,1,train
Nc1nc2cc3c(cc2s1)CCN(Cc1ccccc1)CC3,1,train
Nc1nc2cc3c(cc2s1)CCN(C1CC1)CC3,0,val
CCN1CCc2cc3nc(N)sc3cc2CC1,0,train
CC(C#N)=C1CCN(c2ccc(N3C[C@H](Cn4cc(F)nn4)OC3=O)cc2F)CC1,0,train
N#CC=C1CCN(c2ccc(N3C[C@H](Cn4cc(F)nn4)OC3=O)cc2F)CC1,1,train
N#CC=C1CCN(c2ccc(N3C[C@H](Cn4ccnn4)OC3=O)cc2F)CC1,0,train
COc1ccc(C(CCCN)(c2ccccc2)c2ccccc2)cc1,1,val
Cc1ccc(C(=O)N(CCCN)[C@@H](c2oc3cc(Cl)ccc3c(=O)c2Cc2ccccc2)C(C)C)cc1,1,test
C[C@@H]1COCCN1c1cc(C2(S(C)(=O)=O)CC2)nc(-c2cccc3[nH]ccc23)n1,0,val
COCCC(NC(=O)C1(N)CCN(c2ncnc3[nH]ccc23)CC1)c1ccc(Cl)cc1,1,train
NC1(C(=O)NC(CCCO)c2ccc(Cl)cc2)CCN(c2ncnc3[nH]ccc23)CC1,0,train
CS(=O)(=O)NCCC(NC(=O)C1(N)CCN(c2ncnc3[nH]ccc23)CC1)c1ccc(Cl)cc1,0,train
NC1(C(=O)N[C@@H](CCN2CCCCC2)c2ccc(Cl)cc2)CCN(c2ncnc3[nH]ccc23)CC1,0,train
NC1(C(=O)N[C@@H](CCN2CCCC2)c2ccc(Cl)cc2)CCN(c2ncnc3[nH]ccc23)CC1,0,train
NC1(C(=O)NC(CCCN2CCOCC2)c2ccc(Cl)cc2)CCN(c2ncnc3[nH]ccc23)CC1,0,train
CC(NC(=O)C1(N)CCN(c2ncnc3[nH]ccc23)CC1)c1ccc(F)cc1,0,train
NC1(C(=O)NC(Cc2ccccc2)c2ccc(Cl)cc2)CCN(c2ncnc3[nH]ccc23)CC1,1,train
NC1(C(=O)NC(c2ccccc2)c2ccc(Cl)cc2)CCN(c2ncnc3[nH]ccc23)CC1,1,train
NC1(C(=O)NC(c2ccc(Cl)cc2)C2CC2)CCN(c2ncnc3[nH]ccc23)CC1,1,train
CCC(NC(=O)C1(N)CCN(c2ncnc3[nH]ccc23)CC1)c1ccc(Cl)cc1,1,train
C[C@H](NC(=O)C1(N)CCN(c2ncnc3[nH]ccc23)CC1)c1ccc(Cl)cc1,1,train
C[C@@H](NC(=O)C1(N)CCN(c2ncnc3[nH]ccc23)CC1)c1ccc(Cl)cc1,1,train
CC(NC(=O)C1(N)CCN(c2ncnc3[nH]ccc23)CC1)c1ccc(Cl)cc1,1,train
NC1(C(=O)NCc2ccc(Cl)cc2)CCN(c2ncnc3[nH]ccc23)CC1,1,train
CN1CCC(COCc2cc(C(F)(F)F)cc(C3CC3)n2)(c2cccc(F)c2)CC1,1,train
CN1CCC(COCc2cc(C(F)(F)F)cc(C3CC3)n2)(c2cccc(Cl)c2)CC1,1,train
CN1CCC(COCc2cc(C(F)(F)F)cc(C3CC3)n2)(c2ccc(Cl)cc2)CC1,1,train
CN1CCC(COCc2cc(C#N)cc(C3CC3)n2)(c2ccc(F)cc2)CC1,0,train
CN1CCC(COCc2cc(C3CC3)cc(C3CC3)n2)(c2ccc(F)cc2)CC1,0,train
CN1CCC(COCc2cc(C(F)(F)F)cc(C3CCCC3)n2)(c2ccc(F)cc2)CC1,0,train
CN1CCC(COCc2cc(C(F)(F)F)cc(C3(F)CC3)n2)(c2ccccc2)CC1,0,train
CN1CCC(COCc2cc(C(F)(F)F)cc(C3(F)CC3)n2)(c2ccc(F)cc2)CC1,1,train
CN1CCC(COCc2cc(C(F)(F)F)cc(C3CC3(C)C)n2)(c2ccc(F)cc2)CC1,1,train
CC1CC1c1cc(C(F)(F)F)cc(COCC2(c3ccc(F)cc3)CCN(C)CC2)n1,0,train
FC(F)(F)c1cc(COCC2(c3ccccc3)CCNCC2)nc(C2CC2)c1,1,train
CN1CCC(COCc2cc(C(F)(F)F)cc(C3CC3)n2)(c2ccccc2)CC1,1,train
CN1CCC(COCc2cc(C(F)(F)F)cc(C3CC3)n2)(c2ccc(F)cc2)CC1,0,train
CC(C)=Cc1cc(C(F)(F)F)cc(COCC2(c3ccc(F)cc3)CCN(C)CC2)n1,0,train
C/C=C/c1cc(C(F)(F)F)cc(COCC2(c3ccc(F)cc3)CCN(C)CC2)n1,0,train
CC(C)Cc1cc(C(F)(F)F)cc(COCC2(c3ccc(F)cc3)CCN(C)CC2)n1,0,train
CC(C)c1cc(C(F)(F)F)cc(COCC2(c3ccc(F)cc3)CCN(C)CC2)n1,0,train
COc1cc(C(F)(F)F)cc(COCC2(c3ccc(F)cc3)CCN(C)CC2)n1,1,train
CN1CCC(COCc2cc(C(F)(F)F)cc(C#N)n2)(c2ccccc2)CC1,0,train
CN1CCC(COCc2cc(C(F)(F)F)ccn2)(c2ccc(F)cc2)CC1,0,train
CN1CCC(COCc2cc(C(F)(F)F)cc(N3CCC(C#N)CC3)n2)(c2ccc(F)cc2)CC1,1,train
CN1CCN(c2cc(C(F)(F)F)cc(COCC3(c4ccccc4)CCNCC3)n2)CC1,0,train
CN1CCC(COCc2cc(C(F)(F)F)cc(N3CCC(C#N)C3)n2)(c2ccc(F)cc2)CC1,1,train
CN1CCC(COCc2cc(C(F)(F)F)cc(N3CC=CC3)n2)(c2ccc(F)cc2)CC1,1,train
CN1CCC(COCc2cc(C(F)(F)F)cc(N3CCC4CC43)n2)(c2ccc(F)cc2)CC1,0,train
CN1CCC(COCc2cc(C(F)(F)F)cc(N3CCCC3)n2)(c2ccccc2)CC1,1,train
FC(F)(F)c1cc(COCC2(c3ccccc3)CCNCC2)nc(N2CCCC2)c1,1,train
CC(C)CN(CC(C)C)c1cc(C(F)(F)F)cc(COCC2(c3ccc(F)cc3)CCN(C)CC2)n1,1,train
CCN(C)c1cc(C(F)(F)F)cc(COCC2(c3ccc(F)cc3)CCN(C)CC2)n1,1,train
CCC(CC)Nc1cc(C(F)(F)F)cc(COCC2(c3ccc(F)cc3)CCN(C)CC2)n1,1,train
CCNc1cc(C(F)(F)F)cc(COCC2(c3ccc(F)cc3)CCN(C)CC2)n1,0,train
CCN(CC)c1cc(C(F)(F)F)cc(COCC2(c3ccc(F)cc3)CCN(C)CC2)n1,0,train
CN(C)c1cc(C(F)(F)F)cc(COCC2(c3ccc(F)cc3)CCNCC2)n1,1,val
CN1CCC(COCc2cc(Cl)cc(C(F)(F)F)n2)(c2ccccc2)CC1,0,train
FC(F)(F)c1cc(Cl)cc(COCC2(c3ccccc3)CCNCC2)n1,0,train
Clc1cc(COCC2(c3ccccc3)CCNCC2)cc(Cl)n1,0,val
CN1CCC(COCc2cncc(Br)c2)(c2ccccc2)CC1,0,train
Brc1cncc(COCC2(c3ccccc3)CCNCC2)c1,0,train
CN1CCC(COCc2cc(C(F)(F)F)cc(Cl)n2)(c2ccccc2F)CC1,0,train
CN1CCC(COCc2cc(C(F)(F)F)cc(Cl)n2)(c2ccc(F)cc2)CC1,1,train
Fc1ccc(C2(COCc3cc(C(F)(F)F)cc(Cl)n3)CCNCC2)cc1,0,train
CN1CCC(COCc2cc(C(F)(F)F)cc(Cl)n2)(c2ccc(Cl)cc2)CC1,0,train
CN1CCC(COCc2cc(C(F)(F)F)cc(Cl)n2)(c2ccccc2)CC1,0,train
FC(F)(F)c1cc(Cl)nc(COCC2(c3ccccc3)CCNCC2)c1,0,train
FC(F)(F)c1cc(Cl)cc(COCC2(c3ccccc3)CCNCC2)c1,1,val
CCNc1nc2c(c(C(N)=O)n1)CN(C(=O)CCc1ccc(OC(F)(F)F)cc1)CC2,1,test
CCNC(=O)Nc1ccc(-c2nc3c(c(N4CCOC[C@@H]4C)n2)CCN(C(C)C)C3)cc1,1,train
CCOC(=O)N1[C@@H]2CC[C@H]1C[C@H](CN1CC[C@H](n3c(O)cc4ccccc43)C1)C2,1,train
CCOC(=O)N1CCC(O)(CN2CC[C@H](n3c(O)cc4ccccc43)C2)CC1,1,train
CCOC(=O)N1CCC(C)(CN2CC[C@H](n3c(O)cc4ccccc43)C2)CC1,1,train
CCOC(=O)N1CCC(CN2CC[C@H](n3c(O)cc4ccccc43)C2)CC1,1,train
COc1cc(N2Cc3ccc(Sc4ccc(F)cc4)nc3C2=O)ccc1OCCN1CCCC1,0,val
CS(=O)(=O)c1ccc(C(CC2CCCC2)C(=O)Nc2cnc([C@H](O)CO)cn2)cc1Cl,0,train
CNC(=O)c1cccc(-c2ccc3c(N4CCOC[C@@H]4C)nc(N4CCOC[C@@H]4C)nc3n2)c1,0,val
COc1ccc(-c2ccc3c(N4CCOC[C@@H]4C)nc(N4CCOC[C@@H]4C)nc3n2)cc1CO,0,train
COc1ccc(-c2ccc3c(N4CCOCC4)nc(N4C[C@@H](C)O[C@@H](C)C4)nc3n2)cc1CNCCO,0,train
CNC(=O)c1cc(-c2ccc3c(N4CCOC[C@@H]4C)nc(N4CCOC[C@@H]4C)nc3n2)ccc1OC(F)F,0,val
CNCc1cccc(-c2ccc3c(N4CCOCC4)nc(N4C[C@@H](C)O[C@@H](C)C4)nc3n2)c1,0,train
COCC(C)Nc1nc(N2CCOC[C@@H]2C)c2ccc(-c3ccc(OC)c(CO)c3)nc2n1,0,test
C[C@@H]1CN(c2nc(N3CCOC[C@@H]3C)c3ncc(-c4ccccc4)nc3n2)C[C@H](C)O1,0,val
C[C@@H]1CN(c2nc(N3CCOCC3)c3ccc(-c4cccc(CNCCO)c4)nc3n2)C[C@H](C)O1,0,train
COc1ccc(-c2ccc3c(N4CCOCC4)nc(N4C[C@@H](C)O[C@@H](C)C4)nc3n2)cc1CO,1,train
COc1ccc(-c2ccc3c(N4CCOC[C@@H]4C)nc(N4CC[C@@H](O)C4)nc3n2)cc1CO,1,train
C[C@@H]1CN(c2nc(N3CCOC[C@@H]3C)c3ccc(-c4ccccc4)nc3n2)C[C@H](C)O1,1,val
CC(C)(C)NC(=O)NCCN1CCCC(NC(=O)c2cc(Cl)cc(Cl)c2)C1,1,train
CC(C)(C)NC(=O)NCCN1CCC(NC(=O)c2cc(Cl)cc(Cl)c2)C1,1,train
CC(C)(C)NC(=O)NCCN1CC(NC(=O)c2cc(Cl)cc(Cl)c2)C1,0,train
CC(C)(C)NC(=O)NCCN1CCC(CNC(=O)c2cc(Cl)cc(Cl)c2)C1,1,train
CC(C)(C)NC(=O)NCCN1CCCC(CNC(=O)c2cc(Cl)cc(Cl)c2)C1,1,train
CC(C)(C)NC(=O)NCCN1CCC(CNC(=O)c2cc(Cl)cc(Cl)c2)CC1,0,train
CC(C)(C)NC(=O)NCCN1CCN(CC(=O)Nc2cc(Cl)cc(Cl)c2)CC1,1,test
O[C@H](COc1ccc(C(F)(F)F)cc1)CN1CCN(Cc2c(F)cccc2Cl)CC1,0,train
COc1cccc(N2CCN(C[C@H](O)COc3ccc(C(F)(F)F)cc3)CC2)c1,1,val
O[C@H](COc1ccc(F)cc1)CN1CCN(Cc2ccc(Cl)c(Cl)c2)CC1,1,train
O[C@H](COc1ccc(F)cc1)CN1CCN(Cc2ccc(Cl)cc2)CC1,1,train
O[C@H](COc1ccc(Cl)cc1)CN1CCN(Cc2c(F)cccc2Cl)CC1,1,val
O[C@H](COc1ccc(Cl)cc1)CN1CCN(Cc2ccc(Cl)cc2)CC1,1,train
O[C@@H](COc1ccc(C(F)(F)F)cc1)CN1CCN(Cc2ccc(Cl)c(Cl)c2)CC1,1,train
COc1ccccc1N1CCN(C[C@@H](O)COc2ccc(C(F)(F)F)cc2)CC1,1,val
O[C@@H](COc1ccc(F)cc1)CN1CCN(Cc2ccc(Cl)c(Cl)c2)CC1,1,train
Cc1cn([C@H]2CCCN(S(=O)(=O)c3ccc(O)c(Oc4cccc(Cl)c4)c3)C2)c(=O)[nH]c1=O,0,test
Brc1cccc2nc(C#Cc3ccccn3)ccc12,0,val
C(#Cc1ccc2ccccc2n1)c1ccccn1,0,val
COc1cccc2nc(C#Cc3cccnc3)ccc12,0,val
COc1cccc2nc(C#Cc3ccccc3)ccc12,0,val
CC(C)(C)NC(=O)c1c[nH]c2ncc(-c3ncn4c3CCCC4)nc12,1,test
CC(C)(C)NC(=O)c1c[nH]c2ncc(-c3nn(CCC(O)CO)c4ccc(OC(F)F)cc34)nc12,1,train
CC(C)(C)NC(=O)c1c[nH]c2ncc(-c3nn(CCCS(C)(=O)=O)c4ccc(OC(F)F)cc34)nc12,1,train
CN(C)CCCn1nc(-c2cnc3[nH]cc(C(=O)NC(C)(C)CO)c3n2)c2cc(OC(F)F)ccc21,1,train
CC(C)(C)NC(=O)c1c[nH]c2ncc(-c3nn(CCCN4CCOCC4)c4ccc(OC(F)F)cc34)nc12,1,train
CC(C)(C)NC(=O)c1c[nH]c2ncc(-c3nn(CCCN4CC(C#N)C4)c4ccc(OC(F)F)cc34)nc12,1,train
CN1CC(Cn2nc(-c3cnc4[nH]cc(C(=O)NC(C)(C)C)c4n3)c3cc(OC(F)F)ccc32)C1,1,train
NC(=O)c1cnc(N[C@@H]2CCCC[C@@H]2N)nc1Nc1cccc(-n2nccn2)c1,1,train
CC(=O)N1CCN(CCOc2ccc(C3CCN(c4ccc5nnc(C(F)(F)F)n5n4)CC3)cc2)CC1,0,val
Cn1nccc1CCOc1ccc(C2CCN(c3ccc4nnc(C(F)(F)F)n4n3)CC2)cc1,0,val
Fc1ccc(CN2CCN(C3=Nn4c(nnc4C(F)(F)F)CC3)CC2)cc1,0,test
OC1(c2cccnc2)CCN(c2ccc3nnc(C(F)(F)F)n3n2)CC1,0,test
OC1(c2ccc(F)cc2)CCN(c2ccc3nnc(C(F)(F)F)n3n2)CC1,0,train
Fc1ccc(CN2CCN(c3ccc4nnc(C(F)(F)F)n4n3)CC2)cc1,0,train
N#Cc1ccc(CN2CCN(c3ccc4nnc(C(F)(F)F)n4n3)CC2)cc1,1,train
C[C@@H]1C[C@H]2[C@@H]3CC=C4CC(=O)C=C[C@]4(C)C3=CC[C@]2(C)[C@@]1(O)C(=O)CO,0,test
CNC1CN(c2nc(N)nc3cc(C(C)C)cnc23)C1,0,test
CCc1cnc2c(N3CC[C@@H](NC)C3)nc(N)nc2c1,0,val
CCc1cnc2c(N3CC(NC)C3)nc(N)nc2c1,0,train
CCc1cnc2c(N3CCN(C)CC3)nc(N)nc2c1,0,val
CN[C@@H]1CCN(c2cc(NCC3CC3)nc(N)n2)C1,1,test
CCc1ccc2c(N3CC[C@@H](NC)C3)nc(N)nc2c1,1,train
CCc1ccc2c(N3CC(NC)C3)nc(N)nc2c1,1,train
CCc1ccc2c(N3CCNCC3)nc(N)nc2c1,1,train
CNC1CN(c2nc(N)nc3cc(C4CC4)ccc23)C1,1,train
Nc1nc(N2CCNCC2)c2ccc(C3CC3)cc2n1,1,val
CNC1CN(c2nc(N)nc3cc(C4CCCC4)ccc23)C1,1,train
Nc1nc(N2CCNCC2)c2ccc(C3CCCC3)cc2n1,1,val
Nc1nc(N2CCNCC2)c2ccc(-c3ccco3)cc2n1,1,test
O[C@H]1CC[C@H](c2ccc(OCCCN3CCCCC3)cc2)CC1,1,train
N#Cc1cnccc1COc1cnc(N2CC3CCC(C2)N3C(=O)OCC(F)(F)F)nc1,0,test
C[C@@H]1CN(C(=O)OCC(F)(F)F)CCN1c1ncc(OCc2ccncc2C#N)cn1,0,train
N#Cc1cnccc1COc1cnc(N2CCN(C(=O)OCC(F)(F)F)CC2)nc1,1,train
CC(C)CN1CCC(COc2ccc(NC(=O)Nc3cccnc3Oc3ccccc3C(C)(C)C)c(F)c2)CC1,1,test
CN(C)Cc1ccccc1-c1ccc(NC(=O)Nc2cccnc2Oc2ccccc2C(C)(C)C)c(F)c1,1,val
COc1ccc2nccc([C@@H](O)CC[C@@H]3CCN(C4CC(c5cc(F)cc(F)c5F)C4)CC3C(=O)O)c2c1,0,train
COc1ccc2nccc([C@@H](O)CC[C@@H]3CCN(C4CC(c5cc(F)cc(F)c5)C4)CC3C(=O)O)c2c1,1,train
COc1ccc2nccc([C@@H](O)CC[C@@H]3CCN(C4CC(c5cc(F)ccc5F)C4)CC3C(=O)O)c2c1,1,train
COc1ccc2nccc([C@@H](O)CC[C@@H]3CCN(C4CC(c5c(F)cccc5F)C4)CC3C(=O)O)c2c1,0,train
COc1ccc2nccc([C@@H](O)CC[C@@H]3CCN(C4CC(c5cccc(F)c5)C4)CC3C(=O)O)c2c1,0,train
COc1ccc2nccc([C@@H](O)CC[C@@H]3CCN(C4CC(c5ccccc5F)C4)CC3C(=O)O)c2c1,0,train
COc1ccc2nccc([C@@H](O)CC[C@@H]3CCN(C4CC(c5ccccc5)C4)CC3C(=O)O)c2c1,0,train
COc1ccc2ncc(F)c([C@@H](O)CC[C@@H]3CCN(CCSc4cccs4)CC3C(=O)O)c2c1,0,train
COc1ccc(C2(c3cccc(-c4cncnc4)c3)CCC(=N)N2)cc1,0,test
COc1cccc(-c2cccc(C3(c4ccncc4)N=C(N)CS3)c2)c1,0,train
COc1cccc(-c2cccc(C3(C)N=C(N)CCS3)c2)c1,0,train
COc1ccc(C2(c3cccc(-c4cccnc4)c3)N=C(N)CS2)cc1,1,val
COc1cccc(-c2cccc(C3(C)N=C(N)CS3)c2)c1,1,train
COc1cccc(-c2cccc(C3(C)CSCC(=N)N3)c2)c1,1,train
CC1(c2cccc(-c3cncnc3)c2)N=C(N)c2c(F)cccc2O1,1,train
COc1ccc(C2(c3cccc(-c4cncnc4)c3)N=C(N)n3nc(C)cc32)cc1,1,test
COc1cccc(-c2cccc(C3(C)COCC(=N)N3)c2)c1,1,train
COc1cccc(-c2cccc(C3(C)CCSC(=N)N3)c2)c1,1,train
CC1(c2cccc(-c3cccc(Cl)c3)c2)N=C(N)CCO1,1,test
CC1(c2cccc(-c3cncnc3)c2)N=C(N)c2ccccc2S1,1,test
CC1(c2cccc(-c3cncnc3)c2)N=C(N)c2ccccc2O1,1,train
COc1ccc(C2(c3cccc(-c4cccnc4)c3)CC(OC)C(=N)N2)cc1,1,test
CC1(c2cccc(-c3cccnc3)c2)N=C(N)c2ccccc2O1,1,train
CCC1(c2cccc(-c3cncnc3)c2)N=C(N)c2ccccc2O1,1,train
COc1ccc(C2(c3cccc(-c4cncnc4)c3)N=C(N)c3nc(C)sc32)cc1,1,test
O=C(Nc1c[nH]c2ncc(-c3ccccc3F)cc12)c1cnn2ccc(NC[C@H]3CCNC[C@@H]3F)nc12,1,test
Cc1c(C)c2ccc(OCCCCN3CCC(c4noc5cc(F)ccc45)CC3)cc2oc1=O,1,train
Cc1cc(=O)oc2c(C)c(OCCCCN3CCC(c4noc5cc(F)ccc45)CC3)ccc12,1,train
Cc1cc(=O)oc2c(Cl)c(OCCCCN3CCC(c4noc5cc(F)ccc45)CC3)ccc12,1,train
O=c1cc(-c2ccccc2)c2ccc(OCCCCN3CCC(c4noc5cc(F)ccc45)CC3)cc2o1,1,train
COc1ccccc1N1CCN(CCCCOc2ccc3c(C)cc(=O)oc3c2)CC1,1,test
Cc1cc(=O)oc2cc(OCCCCN3CCC(c4noc5cc(F)ccc45)CC3)ccc12,1,train
CN(C)C(=O)C1C[C@@H]1c1ccc(-c2ncn(C)c2Sc2ccc(Cl)cn2)cc1,0,test
C[C@@H](O)c1nc2cnc3[nH]ccc3c2n1[C@H]1CC[C@H](CCC#N)CC1,0,test
COc1cccc(COC(=O)c2c(-c3ccc(OC)c(OC)c3)csc2N)c1,1,test
Cc1cc(N2CCC(N3CCCC3C)C2)ccc1NC(=O)c1cc(F)ccc1C,1,train
Cc1cc(N2CCC(N3CCCC3C)C2)ccc1NC(=O)c1ccccc1F,1,train
O=C1CC2(CCN(Cc3ccc(F)cc3)CC2)Oc2ccc(/C=C/C(O)=NO)cc21,1,val
O=C1CC2(CCN(Cc3ccccc3)CC2)Oc2ccc(/C=C/C(O)=NO)cc21,1,val
O=C(c1ccc(O)cc1OC[C@@H](O)CN1CCC2(CC1)Cc1cc(Cl)ccc1O2)N1CC[C@H](O)C1,0,train
O=C(c1cc(Cl)c(O)cc1OC[C@@H](O)CN1CCC2(CC1)Cc1cc(Cl)ccc1O2)N1CC[C@H](O)C1,1,val
O=C(c1ccc(O)cc1OC[C@@H](O)CN1CCC2(CC1)Cc1cc(Cl)ccc1O2)N1CCC(O)CC1,1,train
CC(=O)NCCNC(=O)c1ccc(O)cc1OC[C@@H](O)CN1CCC2(CC1)Cc1cc(Cl)ccc1O2,1,train
O=C(c1ccc(F)cc1OC[C@@H](O)CN1CCC2(CC1)Cc1cc(Cl)ccc1O2)N1CC[C@H](O)C1,1,val
O=C(NC1CC1)c1ccc(O)cc1OC[C@@H](O)CN1CCC2(CC1)Cc1cc(Cl)ccc1O2,1,train
O=C(NC1CC1)c1ccc(F)cc1OC[C@@H](O)CN1CCC2(CC1)Cc1cc(Cl)ccc1O2,1,train
CC(C)(C(=O)O)c1ccc(CN2CCC(COC(=O)c3c4n(c5ccccc35)CCCO4)CC2)cc1,0,train
Cc1cc(N2CC[C@H](N3CCC[C@@H]3C)C2)ccc1NC(=O)c1cc(F)ccc1C,1,train
Cc1cc(N2CC[C@@H](N3CCC[C@@H]3C)C2)ccc1NC(=O)c1cc(F)ccc1C,1,train
Cc1cc(Nc2ncc(Cl)c(Nc3ccccc3S(=O)(=O)C(C)C)n2)c(OC(C)C)cc1C1CCNCC1,0,train
Cc1cc(Nc2ncc(Cl)c(Nc3ccccc3S(=O)(=O)C(C)C)n2)c(OC(C)C)cc1C1CCN(C(=O)CN(C)C)CC1,0,train
Cc1cc(Nc2ncc(C)c(Nc3ccccc3S(=O)(=O)C(C)C)n2)c(OC(C)C)cc1C1CCN(C)CC1,1,train
CC(C)Oc1cc(C2CCNCC2)ccc1Nc1ncc(Cl)c(Nc2ccccc2S(=O)(=O)C(C)C)n1,1,train
Cc1cc(Nc2ncc(Cl)c(Nc3ccccc3S(=O)(=O)C(C)C)n2)c(OC(C)C)cc1C1CCN(C)CC1,1,train
Cc1cc(Nc2ncc(Cl)c(Nc3ccccc3S(=O)(=O)C(C)C)n2)c(OC2CCC2)cc1C1CCNCC1,1,train
Cc1cc(Nc2ncc(Cl)c(Nc3ccccc3S(=O)(=O)C(C)C)n2)c(OC(C)C)cc1C1CCN(CCO)CC1,1,train
CC(C)Oc1nc(C2CCNCC2)ncc1Nc1ncc(Cl)c(Nc2ccccc2S(=O)(=O)C(C)C)n1,1,train
Cc1nc2cc(F)ccc2n1[C@H]1CC[C@@H](NC[C@H]2Cc3ccc(C#N)cc3C2)CC1,1,train
CC(C)(O)c1nc2cc(Cl)ccc2n1[C@H]1CC[C@@H](NC[C@H]2Cc3ccc(C#N)cc3C2)CC1,1,train
CC(C)(O)c1nc2cc(Cl)ccc2n1[C@H]1CC[C@@H](NCC2Cc3ccc(Cl)cc3C2)CC1,1,train
O=c1ncn(Cc2c(F)cc(F)cc2F)c2ccc(Oc3ccccc3)cc12,1,val
Cc1ccc(Cn2cnc(=O)c3cc(Oc4ncccc4C(F)(F)F)ccc32)c(F)c1,0,train
Cc1ccc(Cn2cnc(=O)c3cc(Oc4ncccc4C(F)(F)F)ccc32)cc1,0,train
C[C@]1(CS(=O)(=O)N2CCN(c3ncc(OCc4ccc(C(F)(F)F)o4)cn3)CC2)NC(=O)NC1=O,0,test
C[C@]1(CS(=O)(=O)N2CCC(Oc3ccc(OC(F)(F)C(F)F)cc3)CC2)NC(=O)NC1=O,0,test
COCCN1CCN(c2cc3c(Nc4ccc(C)cc4F)c(C(N)=O)nnc3cc2OC)CC1,0,train
CCOc1cc2ncc(C(N)=O)c(Nc3ccc(F)cc3F)c2cc1N1CCN(C)CC1,0,train
COc1cc2nnc(C(N)=O)c(Nc3ccc(C)cc3F)c2cc1N1CCC(N(C)C)CC1,0,train
COc1cc2nnc(C(N)=O)c(Nc3ccc(C)cc3F)c2cc1N1C[C@@H](C)N[C@@H](C)C1,0,train
COc1cc2nnc(C(N)=O)c(Nc3ccc(C)cc3F)c2cc1N1CCN(C(C)C)CC1,0,train
CCOc1cc2ncc(C(N)=O)c(Nc3ccc(F)cc3F)c2cc1N1CCC(O)CC1,0,train
COc1cc2nnc(C(N)=O)c(Nc3ccc(C)cc3F)c2cc1N1CCS(=O)(=O)CC1,0,train
CCOc1cc2ncc(C(N)=O)c(Nc3ccc(C)cc3F)c2cc1N1CCN(C)CC1,0,train
COc1cc2nnc(C(N)=O)c(Nc3ccc(C)cc3F)c2cc1C1CCN(CCO)CC1,0,train
COc1cc2nnc(C(N)=O)c(Nc3ccc(C)cc3F)c2cc1N1CCCN(CCO)CC1,0,train
COc1cc2nnc(C(N)=O)c(Nc3ccc(C)cc3F)c2cc1C1CCN(C(C)C)CC1,0,train
CCOc1cc2ncc(C(N)=O)c(Nc3ccc(F)cc3F)c2cc1C1CCN(C)CC1,0,train
COCCOc1cc2ncc(C(N)=O)c(Nc3ccc(C)cc3F)c2cc1N1CCOCC1,1,train
CCOc1cc2ncc(C(N)=O)c(Nc3cccc(Cl)c3Cl)c2cc1N1CCN(C)CC1,1,train
COc1cc2nnc(C(N)=O)c(Nc3ccc(C)cc3F)c2cc1N1CCCN(C)CC1,1,train
CCOc1cc2ncc(C(N)=O)c(Nc3ccc(F)cc3F)c2cc1N1CCCN(C)CC1,1,train
CCOc1cc2ncc(C(N)=O)c(Nc3cccc(Cl)c3Cl)c2cc1C1CCN(C)CC1,1,test
CCCN1C(=O)CC2(CCN(CC3CCN(C(=O)OCC)CC3)CC2)c2cccnc21,1,train
CCOC(=O)N1CCC(CN2CCC3(CC2)CC(=O)N(CC)c2ncccc23)CC1,1,train
CCOC(=O)N1CCC(CN2CCC3(CC2)CC(=O)N(C)c2ncccc23)CC1,1,train
CCOC(=O)N1CCC(CN2CCC3(CC2)CC(=O)Nc2ncccc23)CC1,1,train
CCOC(=O)N1CCC(CN2CCC3(CC2)OC(=O)Nc2ncccc23)CC1,1,test
CCOC(=O)N1CCC(CN2CCC3(CC2)OC(=O)N(C)c2ncccc23)CC1,1,train
CC(=O)Nc1cc(Nc2cc(NC3CCC3)n3ncc(C#N)c3n2)c(F)cc1C,0,train
CC(=O)Nc1cc(Nc2cc(NC3CCC3)n3ncc(C#N)c3n2)ccc1C,0,train
CC(=O)Nc1cc(Nc2cc(NC3CC3)n3ncc(C#N)c3n2)ncc1C,0,train
CC(=O)Nc1cc(Nc2cc(NC3CC3)n3ncc(C#N)c3n2)c(F)cc1C,0,train
CC(=O)Nc1cc(Nc2cc(NC3CC3)n3ncc(C#N)c3n2)ccc1C1CC1,0,train
CC(=O)Nc1cc(Nc2cc(NC3CC3)n3ncc(C#N)c3n2)ccc1C,0,train
O=C(N[C@@H]1CC[C@H]2CN(Cc3cccc(C(F)(F)F)c3)C[C@H]21)C(C1CCCCC1)C1CCCCC1,1,val
O=C(N[C@H]1CC[C@H]2CN(Cc3cccc(C(F)(F)F)c3)C[C@H]21)C(C1CCCCC1)C1CCCCC1,1,val
COc1cc(-c2nc3n(n2)CCC[C@@H]3c2ccc(F)cc2C)ccc1-n1cnc(C)c1,1,val
COc1cc(-c2nc3n(n2)CCC[C@H]3c2ccc(F)cc2C)ccc1-n1cnc(C)c1,1,val
Cn1cc(-c2ccnc(C3COCCN3)c2)c(-c2ccc(F)cc2)n1,1,test
CNCc1cc(-c2cn(C)nc2-c2ccc(F)cc2)ccn1,1,val
Nc1nccc(-c2c(-c3ccc(F)cc3)ncn2C2CCCCC2)n1,0,test
Cn1cc(-c2ccnc3c2OCCNC3)c(-c2ccc(F)cc2)n1,0,val
O=c1cc(N2CCOCC2)oc2c(-c3cccc4c3sc3ccccc34)cccc12,0,test
CC#CCn1c(N2CCC[C@@H](N)C2)cc(=O)n(Cc2ccc3ccc(Cl)cc3n2)c1=O,0,test
COc1ccc(NC(=O)/C=C/CN(C)C)cc1Nc1ncc(Cl)c(-c2cnn3ccccc23)n1,1,train
O=c1ccc2ncc(F)c3c2n1C[C@H]3CN1CCC(NCc2cc3c(cn2)OCCO3)CC1,0,train
O=c1ccc2ncc(F)c3c2n1C[C@@]3(F)CN1CCC(NCc2cc3c(cn2)OCCO3)CC1,0,train
CCc1nc2c(Cc3ccc(C(O)=NO)cc3)cccc2c(=O)n1CCc1ccccc1,1,test
N[C@H]1C[C@@H](N2Cc3cnc(C(F)(F)F)nc3C2)CO[C@@H]1c1cc(F)c(F)cc1F,0,val
N[C@H]1C[C@@H](N2Cc3cnc(C(F)(F)F)nc3C2)CC[C@@H]1c1cc(F)c(F)cc1F,1,val
CC1(C)c2nc(-c3ccc(F)cc3)c(Nc3ccc(Cl)cc3)n2CCN1C(=O)CN,1,val
CN1CCN(Cc2ccc(-c3cnc4[nH]cc(-c5ccc6[nH]ccc6c5)c4c3)cc2)CC1,0,test
Cc1nc(Oc2ccc(C(N)=O)cc2)ccc1CN1CCC(N2C(=O)N(C3CCOCC3)C[C@H]2c2ccccc2)CC1,0,train
Cc1nc(Oc2ccc(C(=O)O)cc2)ccc1CN1CCC(N2C(=O)N(C3CCOCC3)C[C@H]2c2cccc(Cl)c2)CC1,1,train
CNC(C)C(=O)NC1C(=O)N(Cc2c(C)ccc3ccccc23)c2ccc(C#N)cc2N(C(C)=O)[C@H]1C,0,test
Cc1ccc(S(=O)(=O)N/N=C/c2cn(CC(=O)Nc3ccc(F)cc3F)c3ccccc23)cc1,0,train
Cc1ccc(S(=O)(=O)N/N=C/c2cn(CC(=O)Nc3ccccc3Cl)c3ccccc23)cc1,0,train
Cc1ccc(S(=O)(=O)N/N=C/c2cn(CC(=O)Nc3ccccc3)c3ccccc23)cc1,0,train
COc1ccc(S(=O)(=O)NCCc2cn(CC(=O)Nc3ccc(Cl)cc3)c3ccccc23)cc1,0,val
COc1ccc(NC(=O)Cn2cc(CCNS(=O)(=O)c3ccc(OC)cc3)c3ccccc32)cc1,0,val
CCCCOc1ccc(S(=O)(=O)NCCc2c[nH]c3ccccc23)cc1,1,test
COC(=O)C(Cc1c[nH]c2ccccc12)NS(=O)(=O)c1ccc(Br)cc1,1,val
COC(=O)C(Cc1c[nH]c2ccccc12)NS(=O)(=O)c1ccc(OC2CCCC2)cc1,1,val
O=C1OCc2c1ccc(CCN1CCN(C(=O)Cc3ccc(-n4cnnn4)cc3)CC1)c2F,0,train
Cc1c(CCN2CCN(C(=O)Cc3ccc(-n4cnnn4)cc3)CC2)ccc2c1COC2=O,0,train
O=C1OCCc2cc(CCN3CCN(C(=O)Cc4ccc(-n5cnnn5)cc4)CC3)ccc21,0,train
O=C1OCc2cc(CCN3CCN(C(=O)Cc4ccc(-n5cnnn5)cc4)CC3)ccc21,1,train
O=C1OCc2cc(CCN3CCN(C(=O)Cc4ccc(-n5cnnn5)cc4)CC3)cc(Cl)c21,1,train
O=C1OCc2cc(CCN3CCN(C(=O)Cc4ccc(-n5cnnn5)cc4)CC3)cc(F)c21,0,train
Cc1cc(CCN2CCN(C(=O)Cc3ccc(-n4cnnn4)cc3)CC2)cc2c1C(=O)OC2,1,train
COc1cc2c(cc1CCN1CCN(C(=O)Cc3ccc(-n4cnnn4)cc3)CC1)COC2=O,1,train
O=C1OCc2cc(CCN3CCN(C(=O)Cc4ccc(-n5cnnn5)cc4)CC3)c(F)cc21,0,train
Cc1cc2c(cc1CCN1CCN(C(=O)Cc3ccc(-n4cnnn4)cc3)CC1)COC2=O,0,train
COc1c(CCN2CCN(C(=O)Cc3ccc(-n4cnnn4)cc3)CC2)ccc2c1COC2=O,0,train
O=C1OCc2c1ccc(CCN1CCN(C(=O)Cc3ccc(-n4cnnn4)cc3)CC1)c2Cl,0,train
O=C1OCc2c1ccc(CCN1CCN(C(=O)Cc3ccc(-n4cnnn4)cc3)CC1)c2C1CC1,0,train
CCc1c(CCN2CCN(C(=O)Cc3ccc(-n4cnnn4)cc3)CC2)ccc2c1COC2=O,0,train
O=C1OCc2cc(CCN3CCN(C(=O)Cc4ccc(-n5cnnn5)cc4C(F)(F)F)CC3)ccc21,1,train
O=C1OCc2cc(CCN3CCN(C(=O)Cc4ccc(-n5cnnn5)cc4C4CC4)CC3)ccc21,1,train
Cc1cc(-n2cnnn2)ccc1CC(=O)N1CCN(CCc2ccc3c(c2)COC3=O)CC1,1,train
O=C1OCc2cc(CCN3CCN(C(=O)Cc4ccc(-n5cnnn5)c(C(F)(F)F)c4)CC3)ccc21,1,train
N#Cc1cc(CC(=O)N2CCN(CCc3ccc4c(c3)COC4=O)CC2)ccc1-n1cnnn1,1,train
COc1cc(CC(=O)N2CCN(CCc3ccc4c(c3)COC4=O)CC2)ccc1-n1cnnn1,1,train
O=C1OCc2cc(CCN3CCN(C(=O)Cc4ccc(-n5cnnn5)c(F)c4)CC3)ccc21,0,train
O=C1CCc2cc(CCN3CCN(C(=O)Cc4ccc(-n5cnnn5)cc4)CC3)ccc21,1,train
O=C(Cc1ccc(-n2cnnn2)cc1)N1CCN(CCc2ccc3c(c2)COC3)CC1,1,train
O=C1OCc2ccc(CCN3CCN(C(=O)Cc4ccc(-n5cnnn5)cc4)CC3)cc21,0,train
O=C(Cc1ccc(-n2cnnn2)cc1)N1CCN(CCc2ccc3nonc3c2)CC1,1,train
N#Cc1cccc(CCN2CCN(C(=O)Cc3ccc(-n4cnnn4)cc3)CC2)c1,1,train
N#Cc1ccc(CCN2CCN(C(=O)Cc3ccc(-n4cnnn4)cc3)CC2)cc1,1,train
O=C(Cc1ccc(-n2cnnn2)cc1)N1CCN(CCc2ccc([N+](=O)[O-])cc2)CC1,1,train
O=C1OCc2cc(CC(=O)N3CCN(CCc4ccc([N+](=O)[O-])cc4)CC3)ccc21,1,train
O=C(Cc1ccc([N+](=O)[O-])cc1)N1CCN(CCc2ccc([N+](=O)[O-])cc2)CC1,1,train
O=[N+]([O-])c1ccc(CCN2CCN(CCc3ccc(-n4cnnn4)cc3)CC2)cc1,1,train
Cc1cc(N2CC[C@H](N3CCC[C@@H]3C)C2)ccc1NC(=O)C1CCOCC1,0,train
O=C(O)c1ccccc1-c1ccc(CN2CCC(COC(=O)c3c4n(c5ccccc35)CCCO4)CC2)cc1,0,train
COC(=O)c1ccccc1-c1ccc(CN2CCC(COC(=O)c3c4n(c5ccccc35)CCCO4)CC2)cc1,1,train
O=C(OCC1CCN(Cc2ccc(-c3ccccc3-c3nn[nH]n3)cc2)CC1)c1c2n(c3ccccc13)CCCO2,0,train
COc1ccsc1CNCC[C@@]1(c2ccccn2)CCOC2(CCCC2)C1,1,val
c1ccc([C@]2(CCNCc3cccs3)CCOC3(CCCC3)C2)nc1,1,val
Cc1cc(N2CC[C@H](N3CCC[C@@H]3C)C2)ccc1NC(=O)c1c(C)noc1C,0,train
CCN(CC)CC(=O)N[C@@H]1CCC(C(=O)NC(c2ccc(F)cc2)c2ccc(F)cc2)[C@H](c2ccc(Br)cc2)C1,1,test
O=C(NC(c1ccc(Cl)cc1)c1ncccn1)C1CC[C@@H](N2CCOCC2)C[C@H]1c1ccc(Br)cc1,1,train
O=C(NC(c1ccc(Cl)cc1)c1cnccn1)C1CC[C@@H](N2CCOCC2)C[C@H]1c1ccc(Br)cc1,1,train
O=C(NC(c1ccc(Cl)cc1)c1ccc(F)cn1)C1CC[C@@H](N2CCOCC2)C[C@H]1c1ccc(Br)cc1,1,train
O=C(NC(c1ccc(Cl)cc1)c1ccnc(F)c1)C1CC[C@@H](N2CCOCC2)C[C@H]1c1ccc(Br)cc1,1,train
O=C(NC(c1ccc(Cl)cc1)c1ccncc1Cl)C1CC[C@@H](N2CCOCC2)C[C@H]1c1ccc(Br)cc1,1,train
Cc1cc(C(NC(=O)C2CC[C@@H](N3CCOCC3)C[C@H]2c2ccc(Br)cc2)c2ccc(Cl)cc2)ccn1,1,train
O=C(NC(c1ccncc1)c1ccc(Cl)cc1)C1CC[C@@H](N2CCOCC2)C[C@H]1c1ccc(Br)cc1,1,train
O=C(NC(c1ccncc1)c1ccc(F)cc1)C1CC[C@@H](N2CCOCC2)C[C@H]1c1ccc(Br)cc1,1,train
O=C(NC(c1ccc(F)cc1)c1ccc(F)cc1)C1CC[C@@H](N2CCOCC2)C[C@H]1c1ccc(Br)cc1,1,train
O=C(NC(c1ccc(Cl)cc1)c1ccc(Cl)cc1)C1CC[C@@H](N2CCOCC2)C[C@H]1c1ccc(Br)cc1,1,train
C[C@H](NC(=O)C1CC[C@@H](N2CCOCC2)C[C@H]1c1ccc(Br)cc1)c1ccc(F)cc1,1,train
O=C(C1CC[C@@H](N2CCOCC2)C[C@H]1c1ccc(Br)cc1)N1CC(c2ccccc2)(c2ccccc2)C1,1,train
O=C(NC(c1ccccc1)c1ccccc1)C1CC[C@@H](N2CCOCC2)C[C@H]1c1ccc(Br)cc1,1,train
O=C(NC(c1ccccc1)c1ccccc1)C1CC[C@@H](N2CCOCC2)C[C@H]1c1ccccc1,1,train
Cc1ccccc1[C@H]1C[C@@H](NCc2ccc(Cl)cc2)CCC1C(=O)N1CC(c2ccccc2)(c2ccccc2)C1,1,test
CN1Cc2cccc(Oc3ncccc3NC(=O)Nc3ccc(OC(F)(F)F)cc3)c2C1C(C)(C)C,1,val
CC(C)CN1CCC(c2ccccc2Oc2ncccc2NC(=O)Nc2ccc(OC(F)(F)F)cc2)CC1,1,train
CC(C)(C)CN1CCC(c2ccccc2Oc2ncccc2NC(=O)Nc2ccc(OC(F)(F)F)cc2)CC1,1,train
CCCCCCCN(CC)C/C=C/Cc1ccc(Cl)cc1,1,train
CCCCCCCN(CC)CC#CCOC(c1ccccc1)c1ccccc1,1,val
CCCCCCCN(CC)CCCCc1ccc(Cl)cc1,1,train
CCCCCCCN(CC)CC#CCc1ccc(Cl)cc1,1,train
CCCCCCCN(CC)CC#CCCc1ccc(Cl)cc1,1,train
CCCCN(CC)CC#CC#Cc1ccc(Cl)cc1,1,train
CCCCCCCN(CC)CC#CCOc1ccc(Cl)cc1,1,train
CCCCN(CC)CC#CCOC(c1ccccc1)c1ccccc1,1,val
CCCCCCCN(CC)CC#CCOCc1ccc(Cl)cc1,1,train
CCCCN(CC)CC#CCOCc1ccc(Cl)cc1,1,train
CCCCCCCN1CCC(C(=O)c2ccccc2)CC1,1,test
CCCCCCCN1CCC(Cc2ccccc2)CC1,1,val
CCCCCCCN(CC)CCCCCc1ccc(Cl)cc1,1,train
CCCCN(CC)CCCCCc1ccc(Cl)cc1,1,test
CCCCCCCN(CC)CCCCc1ccccc1,1,train
CCCCCCC[N+](CC)(CC)C/C=C/Cc1ccc(Cl)cc1,1,test
CCCCCCCN(CC)C/C=C\Cc1ccccc1,1,train
CCCCCCCN(CC)C/C=C/CCc1ccc(Cl)cc1,1,train
CCCCN(CC)C/C=C/CCc1ccc(Cl)cc1,1,train
CCCCCCCN(CC)C/C=C/Cc1ccccc1,1,train
CCCCN(CC)C/C=C/Cc1ccc(Cl)cc1,1,train
CCCCCCCN(CC)C/C=C/c1ccc(Cl)cc1,1,train
CCCCN(CC)C/C=C/c1ccc(Cl)cc1,1,test
CCCCN(CC)CC#CCOc1ccc(Cl)cc1,0,train
CCCCCCCN(CC)CC#CCCc1ccc(C)cc1,1,train
CCCCN(CC)CC#CCCc1ccc(C)cc1,1,train
CCCCN(CC)CC#CCCc1ccc(Cl)cc1,1,train
CCCCCCCN(CC)CC#CCCc1ccccc1,1,train
CCCCCCCN(CC)CC#CC(c1ccccc1)c1ccccc1,1,train
CCCCCCCN(CC)CC#CCc1ccc(C)cc1,1,train
CCCCN(CC)CC#CCc1ccc(C)cc1,1,train
CCCCN(CC)CC#CCc1ccc(Cl)cc1,1,train
CCCCCCCN(CC)CC#CCc1ccccc1,1,train
CCCCN(CC)CC#CCc1ccccc1,1,train
CCCCCCC[N+](CC)(CC)CC#Cc1ccc(Cl)cc1,1,test
CCCCCCCN(CC)CC#Cc1ccc(Cl)cc1,1,train
O[C@@H](c1cc(C(F)(F)F)nc2c(C(F)(F)F)cccc12)[C@H]1CCCCN1,1,val
NC(=O)Nc1ccc(F)cc1OC[C@@H](O)CN1CCC2(CC1)Cc1cc(Cl)ccc1O2,1,train
NC(=O)Nc1ccccc1OC[C@@H](O)CN1CCC2(CC1)Cc1cc(Cl)ccc1O2,1,train
O=C(Nc1ccc(O)cc1OC[C@@H](O)CN1CCC2(CC1)Cc1cc(F)ccc1O2)NC1CC1,1,train
O=C(Nc1ccc(O)cc1OC[C@@H](O)CN1CCC2(CC1)Cc1cc(Cl)ccc1O2)NC1CC1,1,train
COc1ccc(NC(=O)NC2CC2)c(OC[C@@H](O)CN2CCC3(CC2)Cc2cc(Cl)ccc2O3)c1,1,train
O=C(Nc1cc(Cl)c(O)cc1OC[C@@H](O)CN1CCC2(CC1)Cc1cc(Cl)ccc1O2)NC1CC1,1,train
CNC(=O)Nc1ccc(O)cc1OC[C@@H](O)CN1CCC2(CC1)Cc1cc(Cl)ccc1O2,1,train
CNC(=O)Nc1ccc(O)cc1OC[C@@H](O)CN1CCC2(CC1)Cc1cc(F)ccc1O2,0,train
N[C@H](COc1cccc2ccc(=O)[nH]c12)CN1CCC2(CC1)Cc1cc(F)ccc1O2,1,test
N[C@H](COc1cccc2c1NC(=O)CO2)CN1CCC2(CC1)Cc1cc(F)ccc1O2,1,train
O=c1ccc2cccc(OC[C@@H](O)CN3CCC4(CC3)Cc3cc(Cl)ccc3O4)c2[nH]1,1,train
O=C1CCc2cccc(OC[C@@H](O)CN3CCC4(CC3)Cc3cc(Cl)ccc3O4)c2N1,1,train
O=C1COc2cccc(OC[C@@H](O)CN3CCC4(CC3)Cc3cc(Cl)ccc3O4)c2N1,1,train
CC1(C)OC(=O)N([C@H]2CC[C@H](c3cnc(N)c(-c4ncccn4)c3)CC2)[C@H]1c1ccccc1,0,test
COc1ccc(CNC(=O)c2cc(-c3cc(Cl)cc(Cl)c3)cnc2-c2cccnc2)cc1OC,1,test
COCCOc1ccn2c(-c3ccc4cccc(O[C@@H]5CCNC[C@H]5F)c4n3)cnc2c1,1,test
NC[C@]1(c2cccc(Cl)c2)CC[C@H](n2nc(-c3cccnc3)ccc2=O)CC1,1,test
NC[C@]1(c2cccc(Cl)c2)CC[C@H](N2CCc3c(nc(C(F)(F)F)nc3C3CC3)C2=O)CC1,1,val
COC1COCCC1N[C@@H]1C[C@H]2CN(C(=O)C#CC3CC3)C[C@@]2(C(=O)N2CCc3ncc(C(F)(F)F)cc3C2)C1,0,train
COC1COCCC1N[C@@H]1C[C@H]2CN(C(=O)/C=C/c3ccccc3)C[C@@]2(C(=O)N2CCc3ncc(C(F)(F)F)cc3C2)C1,0,train
COC1COCCC1N[C@@H]1C[C@H]2CN(c3ccccc3)C[C@@]2(C(=O)N2CCc3ncc(C(F)(F)F)cc3C2)C1,0,train
COC1COCCC1N[C@@H]1C[C@H]2CN(C3CC3)C[C@@]2(C(=O)N2CCc3ncc(C(F)(F)F)cc3C2)C1,0,train
CCN1C[C@@H]2C[C@@H](NC3CCOCC3OC)C[C@]2(C(=O)N2CCc3ncc(C(F)(F)F)cc3C2)C1,0,train
COC(=O)C(CCCN1CCC(c2ccccc2OC)CC1)(c1ccc(Br)cc1)C(C)C,1,train
COC(=O)C(CCCN1CC=C(c2ccccc2OC)CC1)(c1ccc(Br)cc1)C(C)C,1,train
COC(=O)C(CCC(=O)N1CCN(c2ccccc2OC)CC1)(c1ccc(Br)cc1)C(C)C,0,train
COC(=O)C(CCC(=O)N(C)CCCc1nc2ccccc2[nH]1)(c1ccc(Br)cc1)C(C)C,0,train
COc1ccccc1N1CCN(CCCC(C(=O)O)(c2ccc(Br)cc2)C(C)C)CC1,1,train
CC(C)C(CCCN(C)CCCc1nc2ccccc2[nH]1)(C(=O)O)c1ccc(Br)cc1,1,train
COC(=O)C(CCCN1CCN(c2ccccc2OC)CC1)(c1ccc(Br)cc1)C(C)C,1,train
Fc1ccccc1-c1nc2ccn(Cc3cc(-c4ccc(C(F)(F)F)cc4C(F)(F)F)no3)cc-2n1,1,val
Fc1ccccc1-c1nc2ccn(Cc3ccc(-c4ccc(C(F)(F)F)cc4C(F)(F)F)nn3)cc-2n1,1,val
O=C1NN=C(c2ccc(OC3CCN(C4CCC4)CC3)cc2)[C@@H]2CC12,1,train
O=C1NN=C(c2ccc(OC3CCN(C4CCC4)CC3)cc2)[C@H]2CC12,0,train
CCN(CC)C(C(=O)N1CCC[C@H]1c1nc(-c2ccc(-c3ccc(-c4c[nH]c([C@@H]5CCCN5C(=O)C(C)NC(=O)OC)n4)cc3)cc2)c[nH]1)c1ccccc1,1,val
COC(=O)NC(C(=O)N1CCC[C@H]1c1nc(-c2ccc(-c3ccc(-c4c[nH]c([C@@H]5CCCN5C(=O)C(NC(=O)OC)C(C)C)n4)cc3)cc2)c[nH]1)C(C)C,0,val
CNc1nc(NCCCN(C)C)c2sc(-c3ccc4nonc4c3)cc2n1,1,train
CNc1nc(NCCCN(C)C)c2sc(-c3ccc(N4CCOCC4)cc3)cc2n1,1,train
CNc1nc(NCCCN(C)C)c2sc(-c3ccc(OC)nc3)cc2n1,1,train
CNc1nc(NCCCN(C)C)c2sc(-c3ccc(OC(F)(F)F)cc3)cc2n1,1,train
CNc1nc(NCCCN(C)C)c2sc(-c3ccc(C(F)(F)F)cc3)cc2n1,1,train
CNc1nc(NCCCN(C)C)c2sc(-c3ccccc3)cc2n1,1,train
CCS(=O)(=O)c1ccc(-c2cnc(N)c(-c3ccc(C(F)(F)F)nc3)n2)cc1,1,train
Nc1ncc(-c2ccc(C(=O)N3CCOCC3)cc2)nc1-c1ccc(C(F)(F)F)nc1,0,train
CS(=O)(=O)c1ccc(-c2cnc(N)c(-c3ccc(C(F)(F)F)nc3)n2)cc1,1,train
Cc1nc2c(s1)CCC2C(=O)Nc1ccc(C[C@@H]2CC[C@H]([C@H](O)c3cccnc3)N2)cc1,0,train
Nc1nc2c(s1)CCC2C(=O)Nc1ccc(C[C@@H]2CC[C@H]([C@H](O)c3ccc(F)cc3)N2)cc1,1,train
O=C(Nc1ccc(C[C@@H]2CC[C@H]([C@H](O)c3cccnc3)N2)cc1)C1CCc2scnc21,1,train
Nc1nc2c(s1)CCC2C(=O)Nc1ccc(C[C@@H]2CC[C@H]([C@H](O)c3cccnc3)N2)cc1,0,train
Nc1nc2c(s1)CCC2C(=O)Nc1ccc(C[C@@H]2CC[C@H]([C@H](O)c3cccc(F)c3)N2)cc1,1,train
Nc1nc2c(s1)CCC2C(=O)Nc1ccc(C[C@@H]2CC[C@H]([C@H](O)c3cccc(Cl)c3)N2)cc1,1,train
Nc1nc2c(s1)CCC2C(=O)Nc1ccc(C[C@@H]2CC[C@H]([C@H](O)c3ccccc3)N2)cc1,0,train
CN1C(=O)CC[C@H]1CN(Cc1ccc(Cl)cc1)S(=O)(=O)c1cccc(C#N)c1,0,test
COc1ccc2c(c1)[C@@H]1C[C@]1(C(=O)N1[C@@H]3CC[C@H]1CN(C)C3)Cn1c-2c(C2CCCCC2)c2ccc(C(=O)NS(=O)(=O)N(C)C)cc21,0,train
O=C(C1CC12CCN(C1CCCCC1)CC2)N1CCN(C2CCCCC2)CC1,0,test
N#C[C@@H]1C[C@H](F)CN1C(=O)C(N)Cc1cc2c(cc1Br)OCO2,0,test
COC[C@H](C)Oc1cc(Oc2ccc(S(C)(=O)=O)cc2)cc(C(=O)Nc2nccs2)c1,1,val
COC[C@H](C)Oc1cc(Oc2ccc(S(C)(=O)=O)cc2)cc(C(=O)Nc2nc(C)ns2)c1,1,val
C[C@@H](CO)Oc1cc(Oc2ccc(C(=O)N3CCC3)cc2)cc(C(=O)Nc2ccn(C)n2)c1,0,train
C[C@@H]1CN(c2noc(C(F)(F)F)n2)CCN1c1ncc(OCc2ccncc2C#N)cn1,1,train
C[C@@H]1CN(c2nc(C(F)(F)F)no2)CCN1c1ncc(OCc2ccncc2C#N)cn1,1,train
CC(C)c1noc(N2CCN(c3ncc(OCc4ccncc4C#N)cn3)[C@H](C)C2)n1,0,train
C[C@@H]1CN(c2nnc(C(F)(F)F)o2)CCN1c1ncc(OCc2ccncc2C#N)cn1,0,train
NCC(=O)N1CCN(c2cnc3cc(C(F)(F)F)cc(NCc4cccc([N+](=O)[O-])c4)c3c2)CC1,0,train
CC(N)C(=O)N1CCN(c2cnc3cc(C(F)(F)F)cc(NCc4cccc([N+](=O)[O-])c4)c3c2)CC1,1,train
O=C(/C=C/[C@@H]1CCCN1)N1CCN(c2cnc3cc(C(F)(F)F)cc(NCc4cccc([N+](=O)[O-])c4)c3c2)CC1,0,train
CN(C)C/C=C/C(=O)N1CCN(c2cnc3cc(C(F)(F)F)cc(NCc4cccc([N+](=O)[O-])c4)c3c2)CC1,0,train
CCNC(=O)N1CCN(c2cnc3cc(C(F)(F)F)cc(NCc4cccc([N+](=O)[O-])c4)c3c2)CC1,1,train
CCCNC(=O)N1CCN(c2cnc3cc(C(F)(F)F)cc(NCc4cccc([N+](=O)[O-])c4)c3c2)CC1,1,train
O=C(N1CCOCC1)N1CCN(c2cnc3cc(C(F)(F)F)cc(NCc4cccc([N+](=O)[O-])c4)c3c2)CC1,1,train
CN1CCN(c2cnc3cc(C(F)(F)F)cc(NCc4cccc([N+](=O)[O-])c4)c3c2)CC1,1,train
CC(=O)N1CCN(c2cnc3cc(C(F)(F)F)cc(NCc4cccc([N+](=O)[O-])c4)c3c2)CC1,1,train
O=[N+]([O-])c1cccc(CNc2cc(C(F)(F)F)cc3ncc(N4CCN(CCO)CC4)cc23)c1,1,train
CN1CCN(c2cnc3cc(C(F)(F)F)cc(NCc4cccc(C#N)c4)c3c2)CC1,1,train
CC(=O)c1cccc(CNc2cc(C(F)(F)F)cc3ncc(N4CCN(C)CC4)cc23)c1,0,train
CCNC(=O)Nc1cccc(CNc2cc(C(F)(F)F)cc3ncc(N4CCN(C)CC4)cc23)c1,0,train
CN1CCN(c2cnc3cc(C(F)(F)F)cc(NCc4cccc5nonc45)c3c2)CC1,1,train
CN1CCN(c2cnc3cc(C(F)(F)F)cc(NCc4ccc5cccnc5c4)c3c2)CC1,0,train
[2H]C(Nc1cc(C(F)(F)F)cc2ncc(N3CCN(C)CC3)cc12)c1cccc([N+](=O)[O-])c1,1,train
[2H]C([2H])(O)CN1CCN(c2cnc3cc(C(F)(F)F)cc(NCc4cccc([N+](=O)[O-])c4)c3c2)CC1,1,train
[2H]C(Nc1cc(C(F)(F)F)cc2ncc(N3CCN(CC([2H])([2H])O)CC3)cc12)c1cccc([N+](=O)[O-])c1,1,train
CCn1ccc(NC(=O)c2cc(Oc3ccc(C(=O)N4CCC4)cc3)cc(O[C@@H](C)CO)c2)n1,0,train
CC(C)n1ccc(NC(=O)c2cc(Oc3ccc(C(=O)N4CCC4)cc3)cc(O[C@@H](C)CO)c2)n1,0,train
C[C@@H](CO)Oc1cc(Oc2ccc(C(=O)N3CCC3)cc2)cc(C(=O)Nc2nccs2)c1,1,train
Cc1nsc(NC(=O)c2cc(Oc3ccc(C(=O)N4CCC4)cc3)cc(O[C@@H](C)CO)c2)n1,0,train
Cc1cnc(NC(=O)c2cc(Oc3ccc(C(=O)N4CCC4)cc3)cc(O[C@@H](C)CO)c2)cn1,0,train
COC[C@H](C)Oc1cc(Oc2ccc(C(=O)N3CCC3)cc2)cc(C(=O)Nc2ccn(C)n2)c1,0,train
CC(C)Oc1cc(Oc2ccc(C(=O)N3CCC3)cc2)cc(C(=O)Nc2ccn(C)n2)c1,0,train
Cn1ccc(NC(=O)c2cc(Oc3ccc(C(=O)N4CCC4)cc3)cc(O[C@H]3CCOC3)c2)n1,0,train
Cn1ccc(NC(=O)c2cc(Oc3ccc(C(=O)N4CCC4)cc3)cc(OC(CF)CF)c2)n1,0,train
COC[C@H](C)Oc1cc(Oc2ccc(C(=O)N3CCC3)cc2)cc(C(=O)Nc2cnc(C)cn2)c1,0,train
COC[C@H](C)Oc1cc(Oc2ccc(C(=O)N3CCC3)nc2)cc(C(=O)Nc2cnc(C)cn2)c1,0,train
COC[C@H](C)Oc1cc(Oc2ncc(C(=O)N3CCC3)cc2Cl)cc(C(=O)Nc2cnc(C)cn2)c1,0,train
Cc1cnc(NC(=O)c2cc(Oc3ccc(S(C)(=O)=O)cc3)c3cc(C)oc3c2)cn1,0,train
Cc1cnc(NC(=O)c2cc(Oc3ccc(C#N)cc3)c3cc(C)oc3c2)cn1,1,train
Cc1cnc(NC(=O)c2cc(Oc3ccc(C(=O)N(C)C)cc3)c3cc(C)oc3c2)cn1,0,train
CC(=O)Nc1cccc(C2CCN(Cc3ccc(C(=O)c4nc5ccccc5n4-c4ccc(F)cc4)cc3)CC2)c1,1,train
CC(=O)Nc1cccc(C2CCN(Cc3ccc(C(=O)c4nc5ccccc5n4-c4ccc(Cl)cc4)cc3)CC2)c1,1,train
CC(=O)Nc1cccc(C2CCN(Cc3ccc(C(=O)c4nc5ccccc5n4C4CCOCC4)cc3)CC2)c1,1,train
CC(=O)Nc1cccc(C2CCN(Cc3ccc(C(=O)c4nc5ccccc5n4-c4ccc(F)cc4)cc3F)CC2)c1,1,train
CC(=O)Nc1cccc(C2CCN(Cc3ccc(C(=O)c4nc(C)c(C)n4-c4ccc(F)cc4)cc3)CC2)c1,1,train
N#Cc1ccc(OCC2(O)CN(S(=O)(=O)c3ccc(Cl)cc3Cl)C2)cc1F,1,train
CC[C@]1(c2cccc(NS(C)(=O)=O)c2)[C@@H]2CN(CC3Cc4ccccc4C3)C[C@@H]21,1,train
CC[C@]1(c2cccc(NS(C)(=O)=O)c2)[C@@H]2CN(CCCC3(O)CCCCC3)C[C@@H]21,1,train
CC[C@]1(c2cccc(C(N)=O)c2)[C@@H]2CN(CC3(O)Cc4ccccc4C3)C[C@@H]21,1,train
CC[C@]1(c2cccc(NS(C)(=O)=O)c2)[C@@H]2CN(CC3(O)Cc4ccccc4C3)C[C@@H]21,1,train
Cc1ccccc1-c1nc2ccc(-c3ccc(Cl)cc3)cc2c(=O)n1C[C@H]1CCCN(C(C)C)C1,1,val
Cc1ccccc1-c1nc2cc(-c3ccc(Cl)cc3)sc2c(=O)n1CC1CCCN(C(C)C)C1,1,val
Cc1ccccc1-c1nc2cn(-c3ccc(Cl)cc3)nc2c(=O)n1CC1CCCN(C(C)C)C1,1,train
COCCN1CCC[C@@H](Cn2c(-c3ccccc3C)nc3cc(-c4ccc(Cl)cc4)sc3c2=O)C1,1,train
COCCN1CCC[C@@H](Cn2c(-c3ccccc3C)nc3nc(-c4ccc(Cl)cc4)sc3c2=O)C1,1,train
COCCN1CCC[C@@H](Cn2c(-c3ccccc3C)nc3cn(-c4ccc(Cl)cc4)nc3c2=O)C1,1,train
COc1ccc(-n2cc3nc(-c4ccccc4C)n(CC4CCCN(C(C)C)C4)c(=O)c3n2)cc1,0,train
Cc1ccccc1-c1nc2cn(-c3cccc(Cl)c3)nc2c(=O)n1CC1CCCN(C(C)C)C1,1,train
COc1cccc(-n2cc3nc(-c4ccccc4C)n(CC4CCCN(C(C)C)C4)c(=O)c3n2)c1,0,train
Cc1ccccc1-c1nc2cn(-c3cccc(C#N)c3)nc2c(=O)n1CC1CCCN(C(C)C)C1,0,train
COCCN1CCCC(Cn2c(-c3cccnc3C)nc3cn(-c4ccc(C#N)cc4)nc3c2=O)C1,0,train
COc1cccc(-n2cc3nc(-c4cccnc4C)n(C[C@H]4CCCN(C(C)C)C4)c(=O)c3n2)c1,0,train
COCCN1CCC[C@H](Cn2c(-c3cccnc3C)nc3cn(-c4cccc(OC)c4)nc3c2=O)C1,0,train
COc1cccc(-n2cc3nc(C)n(C[C@H]4CCCN(C[C@H]5CCCO5)C4)c(=O)c3n2)c1,1,val
COc1cccc(-n2cc3nc(CC(C)C)n(C[C@H]4CCCN(C[C@H]5CCCO5)C4)c(=O)c3n2)c1,1,val
Cc1ncccc1-c1nc2cn(-c3ccccc3)nc2c(=O)n1C[C@H]1CCCN(C[C@H]2CCCO2)C1,0,train
COc1ccc(-n2cc3nc(-c4cccnc4C)n(C[C@H]4CCCN(C[C@H]5CCCO5)C4)c(=O)c3n2)cc1,1,train
CCOc1cccc(-n2cc3nc(-c4cccnc4C)n(C[C@H]4CCCN(C[C@H]5CCCO5)C4)c(=O)c3n2)c1,0,train
CCCOc1cccc(-n2cc3nc(-c4cccnc4C)n(C[C@H]4CCCN(C[C@H]5CCCO5)C4)c(=O)c3n2)c1,1,train
Cc1ncccc1-c1nc2cn(-c3cccc(OC(C)C)c3)nc2c(=O)n1C[C@H]1CCCN(C[C@H]2CCCO2)C1,1,train
Cc1ncccc1-c1nc2cn(-c3cccc(OC(F)F)c3)nc2c(=O)n1C[C@H]1CCCN(C[C@H]2CCCO2)C1,1,train
COc1cccc(-n2cc3nc(-c4cccnc4C)n(C[C@H]4CCCN(C[C@H]5CCCO5)C4)c(=O)c3n2)c1,0,train
COCCC(Oc1ncnc2c1cnn2-c1ncccc1Cl)C(=O)Nc1ccc(C)cn1,0,train
CC(C)OCC(Oc1ncnc2c1cnn2-c1ncccc1Cl)C(=O)Nc1ccc(F)cn1,0,train
CCOCC(Oc1ncnc2c1cnn2-c1ncccc1Cl)C(=O)Nc1ccc(C)cn1,0,train
CC(C)OCC(Oc1ncnc2c1cnn2-c1ncccc1Cl)C(=O)Nc1ccc(Cl)cn1,0,train
CCOCC(Oc1ncnc2c1cnn2-c1ncccc1Cl)C(=O)Nc1ccc(F)cn1,0,train
CC(C)OCC(Oc1ncnc2c1cnn2-c1ccccc1Cl)C(=O)Nc1ccccn1,0,train
COCC(Oc1ncnc2c1cnn2-c1ccccc1Cl)C(=O)Nc1ccc(C)cn1,0,train
CCOCC(Oc1ncnc2c1cnn2-c1ccccc1Cl)C(=O)Nc1cnc(C)cn1,0,train
CC(C)OCC(Oc1ncnc2c1cnn2-c1ncccc1Cl)C(=O)Nc1ccc(C#N)cn1,0,train
Cc1ccc(NC(=O)C(COC2CCC2)Oc2ncnc3c2cnn3-c2ncccc2Cl)nc1,0,train
Cc1cnc(NC(=O)C(COC2CCC2)Oc2ncnc3c2cnn3-c2ncccc2Cl)cn1,0,train
Cc1ccc(NC(=O)C(COC(C)C)Oc2ncnc3c2cnn3-c2ccccc2Cl)nc1,0,train
CC(C)OCC(Oc1ncnc2c1cnn2-c1ccccc1Cl)C(=O)Nc1ccc(F)cn1,0,train
CCOCC(Oc1ncnc2c1cnn2-c1ncccc1Cl)C(=O)Nc1ccc(C#N)cn1,0,train
CCOCC(Oc1ncnc2c1cnn2-c1ncccc1Cl)C(=O)Nc1cnc(C)cn1,0,train
Cc1cnc(NC(=O)C(COC2CCC2)Oc2ncnc3c2cnn3-c2ccccc2Cl)cn1,0,train
CC(C)OCC(Oc1ncnc2c1cnn2-c1ccccc1Cl)C(=O)Nc1ccc(C#N)cn1,0,train
CCOCC(Oc1ncnc2c1cnn2-c1ncccc1Cl)C(=O)Nc1ccc(Cl)cn1,1,train
CC(C)OCC(Oc1ncnc2c1cnn2-c1ccccc1Cl)C(=O)Nc1ccc(Cl)cn1,0,train
O=C(Nc1ccc(Cl)cn1)C(COCCO)Oc1ncnc2c1cnn2-c1ncccc1Cl,0,train
N#Cc1ccc(NC(=O)C(COCCO)Oc2ncnc3c2cnn3-c2ncccc2Cl)nc1,0,train
O=C(Nc1ccc(Cl)cn1)C(COCCO)Oc1ncnc2c1cnn2-c1ccccc1Cl,0,train
C[C@@H](CO)OCC(Oc1ncnc2c1cnn2-c1ncccc1Cl)C(=O)Nc1ccc(C#N)cn1,0,train
C[C@H](CO)OCC(Oc1ncnc2c1cnn2-c1ncccc1Cl)C(=O)Nc1ccc(C#N)cn1,0,train
O=C(Nc1ccc(Cl)cn1)C(CN1CC(O)C1)Oc1ncnc2c1cnn2-c1ncccc1Cl,0,train
O=C(Nc1ccc(Cl)cn1)C(CN1CC(O)C1)Oc1ncnc2c1cnn2-c1ccccc1Cl,1,train
N#Cc1ccc(NC(=O)C(CN2CC(O)C2)Oc2ncnc3c2cnn3-c2ccccc2Cl)nc1,1,train
O=C(Nc1ccc(F)cn1)C(CN1CC(O)C1)Oc1ncnc2c1cnn2-c1ccccc1Cl,0,train
O=C(Nc1ccc(F)cn1)C(COCCO)Oc1ncnc2c1cnn2-c1ccccc1Cl,0,train
N#Cc1ccc(NC(=O)C(CN2CC(O)C2)Oc2ncnc3c2cnn3-c2c(Cl)cccc2Cl)nc1,1,train
O=C(Nc1ccc(F)cn1)C(CN1CC(O)C1)Oc1ncnc2c1cnn2-c1c(Cl)cccc1Cl,0,train
COc1ccc(N2C(=O)C(C)(C)C2c2ccccc2OC)cc1,0,test
O=C(Nc1ccc(F)cn1)C(COCCO)Oc1ncnc2c1cnn2-c1c(Cl)cccc1Cl,0,train
N#Cc1ccc(NC(=O)C(CN2CC(O)C2)Oc2ncnc3c2cnn3-c2c(Cl)cccc2C#N)nc1,1,train
N#Cc1cccc(Cl)c1-n1ncc2c(OC(CN3CC(O)C3)C(=O)Nc3ccc(F)cn3)ncnc21,0,train
N#Cc1cccc(Cl)c1-n1ncc2c(OC(COCCO)C(=O)Nc3ccc(F)cn3)ncnc21,0,train
O=C(Nc1ccccn1)C(CN1CC(O)C1)Oc1ncnc2c1cnn2-c1c(F)cccc1Cl,0,train
O=C(Nc1ccc(F)cn1)C(CN1CC(O)C1)Oc1ncnc2c1cnn2-c1c(F)cccc1Cl,0,train
O=C(Nc1ccc(F)cn1)C(COCCO)Oc1ncnc2c1cnn2-c1c(F)cccc1Cl,0,train
Cc1cnc(NC(=O)C(CN2CC(O)C2)Oc2ncnc3c2cnn3-c2c(Cl)cccc2Cl)cn1,0,train
Cc1cccc(Nc2cc(N[C@@H]3CCCC[C@@H]3N)nnc2C(N)=O)n1,1,train
CCc1cccc(Nc2cc(N[C@@H]3CCCC[C@@H]3N)nnc2C(N)=O)n1,1,train
CCCc1cccc(Nc2cc(N[C@@H]3CCCC[C@@H]3N)nnc2C(N)=O)n1,1,train
NC(=O)c1nnc(N[C@@H]2CCCC[C@@H]2N)cc1Nc1cccc(C2CC2)n1,1,train
CC(C)c1cccc(Nc2cc(N[C@@H]3CCCC[C@@H]3N)nnc2C(N)=O)n1,1,train
Cc1nc(Nc2cc(N[C@@H]3CCCC[C@@H]3N)nnc2C(N)=O)ccc1F,0,train
Cc1ccc(Nc2cc(N[C@@H]3CCCC[C@@H]3N)nnc2C(N)=O)nc1C,0,train
Cc1nc(Nc2cc(N[C@@H]3CCCC[C@@H]3N)nnc2C(N)=O)ccc1Cl,1,train
NC(=O)c1nnc(N[C@@H]2CCCC[C@@H]2N)cc1Nc1ccc2c(n1)CCC2,1,train
COc1ccc(Nc2cc(N[C@@H]3CCCC[C@@H]3N)nnc2C(N)=O)nc1OC,1,train
CC(C)(C)c1cccc(Nc2cc(N[C@@H]3CCCC[C@@H]3N)nnc2C(N)=O)n1,1,train
CC(C)C[C@H](CN)Nc1cc(Nc2cccc(C(C)(C)C)n2)c(C(N)=O)nn1,1,test
Cc1ccc(Nc2cc(N[C@@H]3CCCC[C@@H]3N)nnc2C(N)=O)nc1C(C)C,1,train
CCCc1nc(Nc2cc(N[C@@H]3CCCC[C@@H]3N)nnc2C(N)=O)ccc1OC,1,train
COc1ccc(Nc2cc(N[C@@H]3CCCC[C@@H]3N)nnc2C(N)=O)nc1C(C)C,1,train
COc1ccc(Nc2cc(N[C@@H]3CCOC[C@@H]3N)nnc2C(N)=O)nc1C(C)C,0,train
Cc1ccc(Nc2cc(NCCN)nnc2C(N)=O)nc1C(C)C,1,val
COc1ccc(Nc2cc(NCCN)nnc2C(N)=O)nc1C(C)C,0,train
CCCc1nc(Nc2cc(NCCN)nnc2C(N)=O)ccc1OC,1,val
CC(C)c1nc(Nc2cc(N[C@@H]3CCOC[C@@H]3N)nnc2C(N)=O)ccc1F,1,train
CC(C)c1nc(Nc2cc(NCCN)nnc2C(N)=O)ccc1F,1,val
CC(C)(O)c1ccc(-c2cc(C(N)=O)c(Nc3cccc(CN4CCOCC4)n3)s2)cc1,1,val
CC(C)(O)COCc1cccc(Nc2sc(-c3c(F)cc(C(C)(C)O)cc3F)cc2C(N)=O)n1,0,test
NC(=O)c1cc(-c2ccccc2F)sc1Nc1cccc(CN2CCOCC2)n1,1,val
CCS(=O)(=O)C[C@@H]1C[C@H](N(C)C(C)C)CC[C@@H]1N1CCC(NC(=O)c2cccc(-c3ccccc3)c2)C1=O,0,train
CC(C)N(C)[C@@H]1CC[C@H](N2CCC(NC(=O)c3cccc(C(C)(C)C)c3)C2=O)[C@H](CS(=O)(=O)C(C)C)C1,0,train
Fc1nccc2c3cnc(Nc4ccc(N5CCNCC5)cn4)nc3n(C3CCCC3)c12,1,val
Clc1nccc2c3cnc(Nc4ccc(N5CCNCC5)cn4)nc3n(C3CCCC3)c12,1,val
C[C@@H](O)CN(C)C1CCN(c2ccc(Nc3ncc4c5ccncc5n([C@H]5CC[C@H](C)CC5)c4n3)nn2)CC1,1,val
O=C(N1CCc2ncc(C(F)(F)F)cc2C1)[C@@]12CCO[C@@H]1C[C@@H](NC1CCOCC1)C2,0,val
O=C(N1CCc2ncc(C(F)(F)F)cc2C1)[C@@]12CCO[C@@H]1C[C@@H](N1CCC(c3ccccc3)CC1)C2,1,val
O=C(O)c1cccc(C2CCN([C@@H]3C[C@H]4OCC[C@@]4(C(=O)N4COc5ccc(C(F)(F)F)cc5C4)C3)CC2)c1,0,val
CNC(=O)c1cccc(C2CCN([C@@H]3C[C@H]4OCC[C@@]4(C(=O)N4COc5ccc(C(F)(F)F)cc5C4)C3)CC2)c1,1,val
N[C@H]1CCCC[C@H]1Nc1cc2[nH]cnc(=O)c2c(Nc2cccc3c(Cl)c[nH]c23)n1,0,test
N[C@H]1COCC[C@H]1Nc1cc2cc[nH]c(=O)c2c(Nc2cccc3cc[nH]c23)n1,0,train
Cc1c[nH]c2c(Nc3nc(N[C@@H]4CCCC[C@@H]4N)cc4cc[nH]c(=O)c34)cccc12,1,train
CC(C)CNCc1ccc(-c2ccccc2S(=O)(=O)N2CCCC2)cc1,1,test
CC(c1nc(-c2ccc(C#N)cc2)cs1)[C@](O)(Cn1cncn1)c1ccc(F)cc1F,0,test
C[C@@H](n1cnc2cc(Cl)ccc2c1=O)[C@](O)(Cn1cncn1)c1ccc(F)cc1F,0,test
N#Cc1ccc(-c2ccc(C[C@@H](C#N)NC(=O)C3CCCCN3)cc2)cc1,1,train
CSc1cc(-c2ccc(C[C@@H](C#N)NC(=O)C3CCCCN3)cc2)ccc1C#N,1,train
N#Cc1ccc(-c2ccc(C[C@@H](C#N)NC(=O)C3(N)CCCCC3)cc2)cc1,1,val
N#Cc1ccc(-c2ccc(C[C@@H](C#N)NC(=O)C3(N)CCOCC3)cc2)cc1,0,val
Cc1cccc(-c2[nH]c(CNc3ccccc3F)nc2-c2ccc3ncnn3c2)n1,0,test
c1cncc(OC[C@H]2CNCCN2c2nc3ncccc3o2)c1,0,test
COc1ccc(NC(=O)N2CCNC[C@@H]2COc2cccnc2)cc1,0,test
C=c1c(NC(=O)CCN2CCN(C)CC2)c(C)[nH]c1=Cc1c(O)[nH]c2ccc(F)cc12,0,test
Cc1csc(-c2ccc(N)c(NC(=O)c3ccc(N4CCC5(CC4)CNC(=O)O5)nc3)c2)c1,1,val
Nc1ccc(-c2ccccc2)cc1NC(=O)c1ccc(N2CCC3(CC2)CNC(=O)O3)nc1,1,train
Nc1ccc(-c2ccc(F)cc2)cc1NC(=O)c1ccc(N2CCC3(CC2)CNC(=O)O3)nc1,1,val
CC(C)OC(=O)N1CCC(C)(CN2CCC3(CC2)CN(S(C)(=O)=O)c2ncccc23)CC1,1,test
CCOC(=O)N1CCC(CN2CCC3(CC2)CN(S(C)(=O)=O)c2ncccc23)CC1,1,train
CCOC(=O)N1CCC(C)(CN2CCC3(CC2)CN(S(C)(=O)=O)c2ncccc23)CC1,1,train
COC(=O)N1CCC(C)(CN2CCC3(CC2)CN(S(C)(=O)=O)c2ncccc23)CC1,0,train
Nc1nc2ccc(NCC(F)(F)F)nc2n1CC(O)c1ccc(Cl)cc1Cl,1,test
Nc1nc(C2CC2)cn1CC(O)c1ccc(Cl)cc1Cl,1,test
Nc1nc2ccccc2n1CC(O)c1ccc(Cl)cc1Cl,0,val
CN1CCN(c2ccc3nc(N)n(CC(O)c4ccc(C(F)(F)F)cc4Cl)c3n2)CC1,0,test
Nc1nc2ccc(OC3CCOC3)nc2n1CC(O)c1ccc(C(F)(F)F)cc1Cl,0,val
Nc1nccn1CC(O)c1cccc(Cl)c1Cl,0,val
Nc1nc(-c2ccc(F)cc2)cn1CC(O)c1ccc(C(F)(F)F)cc1Cl,0,test
Nc1nccn1CC(O)c1ccc(Cl)cc1F,0,val
CC1CN(CC(=O)N[C@H]2C3CC4CC2C[C@](C(N)=O)(C4)C3)S(=O)(=O)N(c2c(Cl)cc(Cl)cc2Cl)C1,0,val
COc1ccc(CC(=O)N2CCC3(CC2)CN([C@@H]2CCc4cc(-c5ncccn5)ccc42)C3)cc1,1,val
Cc1cc(-c2ccc3c(c2)CC[C@H]3N2CC3(CCN(C(=O)Cc4cn5cc(C)sc5n4)CC3)C2)ncn1,1,val
O=S(=O)(NCCCCN1CCC(c2noc3cc(F)ccc23)CC1)c1cc2ccccc2s1,1,test
CS(=O)(=O)c1ccc(-c2nn(-c3ccc(F)cc3)cc2Sc2ccc(Cl)cc2)cc1,1,test
CC(C)(O)c1cnc(-c2nn(-c3ccc(F)cc3)cc2Sc2ccc(Cl)cc2)cn1,1,test
CC(C)(O)c1ccc(-c2nc(-c3ccc(F)cc3)oc2Sc2ccc(Cl)cn2)cn1,1,train
Clc1ccc(Sc2c[nH]nc2-c2ccc3c(c2)OCCO3)cc1,1,test
CS(=O)(=O)c1ccc(-c2nc(-c3ccc(F)cc3)oc2Sc2ccc(Cl)cn2)cc1,1,train
Clc1ccc(Sc2cn(-c3cccnc3)nc2-c2ccc(-c3ncon3)cc2)cc1,1,test
CS(=O)(=O)c1ccc(-c2nc(-c3ccccc3)oc2Sc2ccc(Cl)cc2)cc1,0,train
Cc1cc(C(=O)N[C@H]2CC[C@@H](NC(=O)c3cc(F)cnc3Oc3cccc(-c4ccc(O)cc4CN4CCOCC4)c3)CC2)nn1C,0,train
Cc1csc(C(=O)N[C@H]2CC[C@@H](NC(=O)c3cc(F)cnc3Oc3cccc(-c4ccc(CN5C[C@@H](C)N[C@@H](C)C5)cc4CN4CCOCC4)c3)CC2)n1,0,train
Cc1ccc(O)c(C(=O)N[C@H]2CC[C@@H](NC(=O)c3cc(F)cnc3Oc3cccc(-c4ccc(CN5C[C@@H](C)N[C@@H](C)C5)cc4CN4CCOCC4)c3)CC2)c1,1,train
Cc1onc(C(=O)N2[C@@H]3CC[C@H]2C[C@@H](Nc2cc(=O)n(C)c4cc(F)c(F)cc24)C3)c1C,0,test
COc1ccc2ccc(=O)n(CCN3CCC(NCc4ccc5c(n4)NC(=O)CO5)CC3)c2n1,0,train
Cc1nc(CNC2CCN(CCn3c(=O)ccc4ccc(C#N)cc43)CC2)ccc1C#N,1,test
Cc1ncc(CNC2CCN(CCn3c(=O)ccc4ccc(C#N)cc43)CC2)cc1C#N,0,train
Cc1ncc(CNC2CCN(CCn3c(=O)ccc4ncc(F)cc43)CC2)cc1C#N,0,train
COc1cnc2ccc(=O)n(CCN3CCC(NCc4cnc(C)c(C#N)c4)CC3)c2c1,0,train
COc1ccc2c(ccc(=O)n2CCN2CCC(NCc3cnc(C)c(C#N)c3)CC2)n1,1,train
Cc1ncc(CNC2CCN(CCn3c(=O)ccc4c3ccc(=O)n4C)CC2)cc1C#N,0,train
COc1cc(C#N)c2ccc(=O)n(CCN3CCC(NCc4cnc(C)c(C#N)c4)CC3)c2c1,1,train
COc1cnc2ccc(=O)n(CCN3CCC(NC(=O)c4cnc(C)c(C#N)c4)CC3)c2c1,0,train
COc1cnc2ccc(=O)n(CCN3CCC(NCc4cnc(OC)c(C#N)c4)CC3)c2c1,0,train
COc1cnc2ccc(=O)n(CCN3CCC(NCc4cnc(C)c(C#N)n4)CC3)c2c1,0,train
COc1ccc2ncc(=O)n(CCN3CCC(NCc4cnc(C)c(C#N)c4)CC3)c2n1,0,train
COc1cnc2ccc(=O)n(CCN3CC[C@@H](NCc4cnc(C)c(C#N)c4)[C@@H](F)C3)c2c1,0,train
COc1ccc2ncc(F)c(CCC34CCC(NCc5ccc6c(n5)NC(=O)CO6)(CC3)CO4)c2n1,1,train
COc1ccc2ncc(F)c(C[C@H](O)C34CCC(NCc5ccc6c(n5)NC(=O)CO6)(CC3)CO4)c2n1,1,train
C[C@@H]1Cn2ncc(-c3ccc(S(C)(=O)=O)cc3)c2CN1c1ccnc2[nH]ccc12,1,test
C[C@@H]1Cn2ncc(C3CCN(S(C)(=O)=O)CC3)c2CN1c1cc(Cl)nc2[nH]ccc12,0,test
O=C(NCCN1CCC(O)(Cc2ccc(F)cc2)CC1)Nc1ccnc2ccsc12,1,test
COc1ccccc1CCNCC(=O)N1CCc2ccccc2C1C1CCCCC1,1,train
O=C(CNCCc1c(Cl)cccc1Cl)N1CCc2ccccc2C1C1CCCCC1,0,train
O=C(CNCC1CCCCC1)N1CCc2ccccc2C1C1CCCCC1,0,train
O=C(CNCC1(O)CCCCC1)N1CCc2ccccc2C1C1CCCCC1,0,train
O=C(CNCC1(O)CCCC1)N1CCc2ccccc2C1C1CCCCC1,0,train
O=C(CNCC1(O)CCCCCC1)N1CCc2ccccc2C1C1CCCCC1,0,train
O=C(CNCC1(O)CCCCC1)N1CCc2ccccc2[C@@H]1C1CCCCC1,0,train
O=C(CNCC1(O)CCCCC1)N1CCc2ccccc2[C@H]1C1CCCCC1,0,train
CN1CCC(CNc2ccn3ncc(-c4cccc(OC(F)(F)F)c4)c3n2)CC1,1,test
CC(C)(CC(O)(Cc1cc2cc(N3CCOCC3)ncc2[nH]1)C(F)(F)F)c1ccccc1S(C)(=O)=O,0,val
Cc1ccc(F)cc1C(C)(C)CC(O)(Cc1cc2cc(-c3ccccc3)ncc2[nH]1)C(F)(F)F,1,test
Fc1cc(C(CC2CNC2)Oc2ccccc2F)ccc1Cl,1,val
Fc1cccc(OC(CC2CNC2)c2ccc(Cl)c(F)c2)c1,1,val
CN(C)c1ccc(/C=C/c2c(F)cccc2F)cc1,0,val
CNc1ccc(C=Cc2c(F)cccc2F)cc1,0,val
CNc1ccc(C=Cc2c(F)cccc2Cl)cc1,0,val
CN(C)c1ccc(/C=C/c2c(F)cccc2F)nc1,0,val
CN(C)c1ccc(/C=C/c2c(F)cccc2Cl)nc1,0,train
CN(C)c1ccc(/C=C/c2c(F)cccc2F)cn1,0,train
CN(C)c1ccc(/C=C/c2c(F)cccc2Cl)cn1,0,train
CNc1ccc(C=Cc2c(F)cccc2Cl)cn1,0,train
CN(C)c1ncc(/C=C/c2c(F)cccc2F)cn1,0,test
Cn1cc([C@@]2(c3cncc(C(=O)O)c3)N[C@@H](c3nc(-c4ccc(F)cc4)c[nH]3)Cc3c2[nH]c2ccccc32)cn1,0,train
Cn1cc([C@@]2(c3cc(C(=O)O)ccn3)N[C@@H](c3nc(-c4ccc(F)cc4)c[nH]3)Cc3c2[nH]c2ccccc32)cn1,0,train
Cn1cc([C@@]2(c3cccc(C(=O)O)n3)N[C@@H](c3nc(-c4ccc(F)cc4)c[nH]3)Cc3c2[nH]c2ccccc32)cn1,1,train
CCOC(=O)c1ccc([C@@]2(c3cnn(C)c3)N[C@@H](c3nc(-c4ccc(F)cc4)c[nH]3)Cc3c2[nH]c2ccccc32)nc1,1,train
CCOC(=O)c1ccc([C@]2(c3cnn(C)c3)N[C@@H](c3nc(-c4ccc(F)cc4)c[nH]3)Cc3c2[nH]c2ccccc32)nc1,1,train
CCOC(=O)c1cncc([C@@]2(c3cnn(C)c3)N[C@@H](c3nc(-c4ccc(F)cc4)c[nH]3)Cc3c2[nH]c2ccccc32)c1,1,train
CCOC(=O)c1cncc([C@]2(c3cnn(C)c3)N[C@@H](c3nc(-c4ccc(F)cc4)c[nH]3)Cc3c2[nH]c2ccccc32)c1,1,train
CCOC(=O)c1ccnc([C@@]2(c3cnn(C)c3)N[C@@H](c3nc(-c4ccc(F)cc4)c[nH]3)Cc3c2[nH]c2ccccc32)c1,1,train
CCOC(=O)c1ccnc([C@]2(c3cnn(C)c3)N[C@@H](c3nc(-c4ccc(F)cc4)c[nH]3)Cc3c2[nH]c2ccccc32)c1,1,train
CCOC(=O)c1cccc([C@@]2(c3cnn(C)c3)N[C@@H](c3nc(-c4ccc(F)cc4)c[nH]3)Cc3c2[nH]c2ccccc32)n1,1,train
CCOC(=O)c1cccc([C@]2(c3cnn(C)c3)N[C@@H](c3nc(-c4ccc(F)cc4)c[nH]3)Cc3c2[nH]c2ccccc32)n1,1,train
C=c1c(C(=O)NCCN2CCCC2)c(C)[nH]c1=Cc1c(O)[nH]c2cc(NC(=O)NC(=O)c3ccc(OC)cc3F)ccc12,1,test
CN1Cc2cc(N3CCOCC3)ccc2[C@@H](c2ccc3sccc3c2)C1,1,val
CCOC[C@@H](CC(C)C)NC(=O)C1CNCC(C(=O)N(c2cc(OCCCOC)c(C(C)C)cc2F)C2CC2)C1,1,train
CCOC[C@@H](CC(C)C)NC(=O)C1CNCC(C(=O)N(c2ccc(C(C)C)c(OCCCOC)n2)C2CC2)C1,1,train
CCOC[C@@H](CC(C)C)NC(=O)C1CNCC(C(=O)N(c2ccc(C(C)C)cn2)C2CC2)C1,1,train
COc1cnc2ccc(=O)n(CCN3CCC(c4c[nH]c5ccc(C#N)cc45)CC3)c2c1,1,test
COc1cnc2ccc(=O)n(CCN3CCC(c4c[nH]c5cc(C(F)(F)F)ccc45)CC3)c2c1,1,train
COc1cnc2ccc(=O)n(CCN3CCC(c4c(O)[nH]c5ccc(Cl)cc45)CC3)c2c1,1,train
COc1cnc2ccc(=O)n(CCN3CCC(c4nc5cc(C(F)(F)F)ccc5[nH]4)CC3)c2c1,1,train
COc1cnc2ccc(=O)n(CCN3CCN(c4nc5cc(C(F)(F)F)ccc5[nH]4)CC3)c2c1,1,train
COc1cnc2ccc(=O)n(CCN3CCN(c4nc5ccccc5[nH]4)CC3)c2c1,1,train
O=c1ccc2ncc(F)cc2n1CCN1CCN(c2nc3cc(C(F)(F)F)ccc3[nH]2)CC1,1,train
COc1cnc2ccc(=O)n(CCN3CCC(c4nc5cc(Cl)ccc5[nH]4)CC3)c2c1,1,train
COc1cnc2ccc(=O)n(CCN3CCC(c4nc5cc(C#N)ccc5[nH]4)CC3)c2c1,1,train
COc1cnc2ccc(=O)n(CCN3CCC(c4nc5cc(Cl)c(F)cc5[nH]4)CC3)c2c1,1,train
COc1cnc2ccc(=O)n(CCN3CCC(c4nc5cc(C)c(Cl)cc5[nH]4)CC3)c2c1,1,train
Cc1cc2[nH]c(C3CCN(CCn4c(=O)ccc5ncc(F)cc54)CC3)nc2cc1Cl,1,train
COc1cnc2ncc(=O)n(CCN3CCC(c4nc5cc(C)c(Cl)cc5[nH]4)CC3)c2c1,1,train
COc1cnc2ccc(=O)n(CCN3CCC(c4nc5cc(C#N)c(C)cc5[nH]4)CC3)c2c1,1,train
N#Cc1ccc2[nH]c(C3CCN(CCn4c(=O)ccc5ncc(Oc6cccnc6)cc54)CC3)nc2c1,1,train
CCNC(=O)N1CC2(CCN(CC3CCN(C(=O)OCC)CC3)CC2)c2cccnc21,1,train
CCOC(=O)N1CCC(CN2CCC3(CC2)CN(C(=O)N(CC)CC)c2ncccc23)CC1,1,train
CCOC(=O)N1CCC(CN2CCC3(CC2)CN(C(=O)NC)c2ncccc23)CC1,1,train
CCOC(=O)N1CCC(CN2CCC3(CC2)CN(C(N)=O)c2ncccc23)CC1,1,train
Cc1cccc(C(=O)Nc2cccc(NC(=O)c3cccc(C)c3)c2)c1,0,test
CN1CCN(c2ccc3[nH]c(Nc4ccc(Br)cn4)nc3c2)CC1,1,train
Cc1ccc(Nc2nc3cc(N4CCN(C)CC4)ccc3[nH]2)nc1,0,train
CN1CCN(c2cc(Cl)c3[nH]c(Nc4ccc(Br)cn4)nc3c2)CC1,1,train
CN1CCC(c2ccc3[nH]c(Nc4ccc(C(F)(F)F)cn4)nc3c2)CC1,1,val
CN1CCN(Cc2ccc3[nH]c(Nc4ccc(C(F)(F)F)cn4)nc3c2)CC1,0,val
Cc1nc(Nc2nc3cc(N4CCN(C)CC4)ncc3[nH]2)cc(C2CC2)c1F,1,val
O=c1[nH]c(O)c(Cc2coc3ccc(Cl)cc3c2=O)s1,1,test
Cc1cc2c(cc1CN(C)C)CCN(C(=O)c1cc3cc(Cl)ccc3n1C)C2,0,train
CN(C)Cc1ccc2c(c1)CCN(C(=O)c1cc3cc(Br)ncc3n1C)C2,0,train
CN(C)Cc1ccc2c(c1)CCN(C(=O)c1cc3cc(Cl)ccc3n1C)C2,1,train
CC(C)COc1ccc2c(c1)[C@]1(COC(=N)N1)c1cc(-c3cncnc3)ccc1O2,1,train
CC(C)(C)COc1ccc2c(c1)[C@]1(COC(=N)N1)c1cc(-c3cncnc3)ccc1O2,1,train
CC(C)(C)C#Cc1ccc2c(c1)[C@]1(COC(=N)N1)c1cc(-c3cncnc3)ccc1O2,1,train
CC(C)(C)CCc1ccc2c(c1)[C@]1(COC(=N)N1)c1cc(-c3cncnc3)ccc1O2,1,train
CC(C)(O)C#Cc1ccc2c(c1)[C@]1(COC(=N)N1)c1cc(-c3cncnc3)ccc1O2,0,train
COC(C)(C)C#Cc1ccc2c(c1)[C@]1(COC(=N)N1)c1cc(-c3cncnc3)ccc1O2,1,train
N=C1N[C@]2(CO1)c1cc(C3=CCOCC3)ccc1Oc1ccc(-c3cncnc3)cc12,0,test
N=C1N[C@]2(CO1)c1cc(OCC3CCCCC3)ccc1Oc1ccc(-c3cncnc3)cc12,1,train
CC(C)(F)COc1ccc2c(c1)[C@]1(COC(=N)N1)c1cc(-c3cncnc3)ccc1O2,1,train
CC(C)(C#N)COc1ccc2c(c1)[C@]1(COC(=N)N1)c1cc(-c3cncnc3)ccc1O2,0,train
CC(C)(C)COc1ccc2c(c1)[C@]1(COC(=N)N1)c1cc(-c3ccccn3)ccc1O2,1,train
CC(C)(C)COc1ccc2c(c1)[C@]1(COC(=N)N1)c1cc(-c3ccncc3)ccc1O2,1,train
CC(C)(C)COc1ccc2c(c1)[C@]1(COC(=N)N1)c1cc(-c3cccnc3)ccc1O2,1,train
CC(C)(C)COc1ccc2c(c1)[C@]1(COC(=N)N1)c1cc(-c3ccc(F)nc3)ccc1O2,1,train
CC(C)(C)COc1ccc2c(c1)[C@]1(COC(=N)N1)c1cc(-c3cncc(C#N)c3)ccc1O2,1,train
CC(C)(C)COc1ccc2c(c1)[C@]1(COC(=N)N1)c1cc(-c3cncc(F)c3)ccc1O2,1,train
N=C1N[C@@]2(CO1)c1cc(-c3cccnc3F)ccc1Oc1c(F)cc(C3=CCOCC3)cc12,1,train
N=C1N[C@@]2(CO1)c1cc(-c3cccnc3F)ccc1Oc1c(F)cc(-c3ccccn3)cc12,1,train
C=CC(=O)Nc1cc(Nc2nccc(-c3cn(C)c4ccccc34)n2)c(OC)cc1N(C)CCN(C)C,1,train
C=CC(=O)Nc1cc(Nc2nccc(-c3c[nH]c4ccccc34)n2)c(OC)cc1N1CCN(C)CC1,1,train
C=CC(=O)Nc1cc(Nc2ncc(Cl)c(-c3cnn4ccccc34)n2)c(OC)cc1N1CCN(C)CC1,1,train
C=CC(=O)Nc1cc(Nc2ncc(Cl)c(-c3cnn4ccccc34)n2)c(OC)cc1N1CC[C@@H](N(C)C)C1,1,train
C=CC(=O)Nc1cc(Nc2ncc(Cl)c(-c3cnn4ccccc34)n2)c(OC)cc1N(C)CCN(C)C,1,train
C=CC(=O)Nc1cc(Nc2ncc(Cl)c(-c3cnn4ccccc34)n2)c(OC)cc1N1CC(N(C)C)C1,1,train
C=CC(=O)Nc1cc(Nc2ncc(C#N)c(-c3cn(C)c4ccccc34)n2)c(OC)cc1N(C)CCN(C)C,1,train
C=CC(=O)Nc1cc(Nc2ncc(Cl)c(-c3cn(C)c4ccccc34)n2)c(OC)cc1N(C)CCN(C)C,1,train
C=CC(=O)Nc1cc(Nc2ncc(Cl)c(-c3c[nH]c4ccccc34)n2)c(OC)cc1N(C)CCN(C)C,0,train
C[C@@H]1CN(c2nnc(C(F)(F)F)o2)CCN1c1ncc(OCc2ccc(OS(C)(=O)=O)cc2F)cn1,0,train
C[C@@H]1CN(c2nnc(C(F)(F)F)o2)CCN1c1ncc(OCc2ccc(-n3cnnn3)cc2F)cn1,1,test
C[C@@H]1CN(c2nnc(C(F)(F)F)o2)CCN1c1ncc(OCc2ccc(C#N)cc2F)cn1,0,train
C[C@@H]1CN(c2nnc(C(F)(F)F)o2)CCN1c1ncc(OCc2ccc(S(C)(=O)=O)cc2)cn1,1,train
C[C@@H]1CN(c2nnc(C(F)(F)F)o2)CCN1c1ncc(OCc2ccc(C#N)cc2C#N)cn1,1,train
C[C@@H]1CN(c2nnc(C(F)(F)F)o2)CCN1c1ncc(OCc2ccc(S(C)(=O)=O)cc2C#N)cn1,1,train
C[C@@H]1CN(c2nnc(C(F)(F)F)o2)CCN1c1ncc(OCc2ccc(S(C)(=O)=O)cc2F)cn1,1,train
C[C@@H]1CN(c2nc(C(F)(F)F)no2)CCN1c1ncc(OCc2ccc(S(C)(=O)=O)cc2F)cn1,1,train
C[C@@H]1CN(c2nc(C(F)(F)F)no2)CCN1c1ncc(OCc2ccc(C[S+](C)[O-])cc2F)cn1,0,train
C[C@@H]1CN(C(=O)OC2(C(F)(F)F)COC2)CCN1c1ncc(OCc2ccc(S(C)(=O)=O)cc2F)cn1,0,train
CC(C)c1noc(N2CCN(c3ncc(OCc4ccc(S(C)(=O)=O)cc4F)cn3)[C@H](C)C2)n1,1,train
C=CC(=O)Nc1cc(Nc2ncc(C)c(-c3cn(C)c4ccccc34)n2)c(OC)cc1N(C)CCN(C)C,0,train
C=CC(=O)Nc1cc(Nc2nccc(-c3c[nH]c4ccccc34)n2)c(OC)cc1N(C)CCN(C)C,0,train
O=C(NC[C@@H]1OC(=O)N2c3ccc(N4CCOCC4=O)cc3OC[C@@H]12)c1ccc(Cl)s1,0,test
O=C(NCCCCN1CCN(c2ccccc2)CC1)c1ccc2ncccc2c1,1,test
COc1ccc(-n2cnc3c(-c4ccccc4)csc3c2=O)cc1,0,val
COc1ccc(-n2cnc3c(-c4ccccc4C)csc3c2=O)cc1,1,val
C#CCNc1ccnc2sc3c(=O)n(-c4ccc(OC)cc4)cnc3c12,0,test
O=C(O)C1CCC(OC2CCN(c3ccc(-c4nc5cc(F)ccc5[nH]4)cn3)CC2)CC1,0,train
O=C(O)C1CCC(OC2CCN(c3ccc(-c4nc5cc(Cl)ccc5[nH]4)cn3)CC2)CC1,1,train
O=C(O)C1CCC(OC2CCN(c3ccc(-c4nc5cc(C(F)(F)F)ccc5[nH]4)cn3)CC2)CC1,1,train
OC(c1ccccc1)(c1ccccc1)C1CCN(Cc2ccc(-c3ccccc3)cc2)CC1,1,test
OC(c1ccccc1)(c1ccccc1)C1CCN(CCCOc2ccc(-c3ccccc3)cc2)CC1,1,train
N#C[C@@H]1C[C@H](F)CN1C(=O)C[C@H](N)Cc1cc(F)c(F)cc1F,0,val
N#C[C@@H]1C[C@@H]2CCC[C@@H]2N1C(=O)C[C@H](N)Cc1cc(F)c(F)cc1F,0,val
CC(C)(C)C#Cc1cnc2c(c1)[C@]1(COC(=N)N1)c1cc(-c3cccnc3F)ccc1O2,1,train
N#Cc1ccc(-c2cnc3c(c2)[C@]2(COC(=N)N2)c2cc(-c4cccnc4F)ccc2O3)cc1,1,train
Cc1ccc(-c2cnc3c(c2)[C@]2(COC(=N)N2)c2cc(-c4cccnc4F)ccc2O3)cc1,1,train
COC(C)(C)COc1cnc2c(c1)[C@]1(COC(=N)N1)c1cc(-c3cccnc3F)ccc1O2,1,train
CC(C)(C)COc1ccc2c(c1)[C@]1(COC(=N)N1)c1cc(-c3cncnc3)cnc1O2,1,train
CC(C)(C)COc1cnc2c(c1)[C@]1(COC(=N)N1)c1cc(-c3cccnc3F)ccc1O2,1,train
O=C(OCC1CCN(CC(O)CO)CC1)c1c2n(c3ccccc13)CCCO2,0,train
CC(C(=O)O)c1ccc(CN2CCC(COC(=O)c3c4n(c5ccccc35)CCCO4)CC2)cc1,0,train
Clc1ccc(CN(C2CC2)C2CNC2)cc1Cl,1,test
Clc1cccc(CN(CC2CNC2)c2ccccc2)c1Cl,1,test
CC(C)N(Cc1ccc(Cl)c(Cl)c1)CC1CNC1,1,test
CS(=O)(=O)c1ccc(-n2cc(Cl)c(OC3CCN(c4ncc(Cl)cn4)CC3)cc2=O)c(F)c1,1,val
O=C1NC(=O)/C(=C\c2ccccc2OCc2nnc(-c3ccccc3)o2)S1,0,val
O=C1NC(=O)/C(=C\c2ccccc2OCc2nnc(OCc3c(Cl)cccc3Cl)o2)S1,0,val
C[S+]([O-])c1ccc(-c2cnc3ccc(-c4cccc(S(C)(=O)=O)c4)nn23)cc1,1,train
C[S+]([O-])c1ccc(-c2cnc3ccc(-c4cccc([S+](C)[O-])c4)nn23)cc1,0,train
C[S+]([O-])c1ccc(-c2cnc3ccc(-c4cccc(S(=O)(=O)C5CC5)c4)nn23)cc1,1,train
CS(=O)(=O)c1ccc(-c2cnc3ccc(-c4cccc(S(=O)(=O)C5CC5)c4)nn23)cc1,1,train
C[S+]([O-])c1cccc(-c2ccc3ncc(-c4ccc(S(C)(=O)=O)cc4)n3n2)c1,1,train
Cc1nn(C)c(C)c1N(C(F)F)S(=O)(=O)c1c(Cl)cc(CCCC2CCN(C)CC2)cc1Cl,1,test
O=C(NOCCO)c1ccc2cncn2c1Nc1ccc(I)cc1F,1,train
O=C(NOCCO)c1ccn2cncc2c1Nc1ccc(I)cc1F,1,val
O=C(NOCCO)c1ncc2cncn2c1Nc1ccc(I)cc1F,1,train
C[C@H](O)CONC(=O)c1ncc2cncn2c1Nc1ccc(I)cc1F,1,train
C[C@H](CO)CONC(=O)c1ncc2cncn2c1Nc1ccc(I)cc1F,0,train
CC(C)[C@H](CC(=O)C1Cc2ccc(O)cc2CN1)CN1CC[C@@](C)(c2cccc(O)c2)[C@@H](C)C1,1,train
CC(C)[C@H](CC(=O)C1Cc2ccc(O)cc2CN1)CN1CC[C@@](C)(c2ccccc2)[C@@H](C)C1,1,train
CC(C)[C@H](CC(=O)C1Cc2ccc(O)cc2CN1)CN1CC[C@@](C)(c2cccc(F)c2)[C@@H](C)C1,1,train
Cc1nc(-c2ccccc2)nc(OCCCN2CCCCC2)c1Cl,1,train
Cc1nc(-c2ccccc2)nc(OCCCN2CCCC2)c1Cl,1,train
Cc1ccc(-c2nc(C)c(Cl)c(OCCCN3CCCCC3)n2)cc1,1,train
Cc1nc(-c2ccc(C(F)(F)F)cc2)nc(OCCCN2CCCCC2)c1Cl,1,train
Cc1nc(-c2ccc(F)cc2)nc(OCCCN2CCCCC2)c1Cl,1,train
Cc1nc(-c2ccc(F)c(F)c2)nc(OCCCN2CCCCC2)c1Cl,1,train
Cc1nc(-c2ccc(Cl)cc2)nc(OCCCN2CCCCC2)c1Cl,1,train
CC(C)n1ncc2c1C(=O)CC1(CCN(C(=O)c3cnc4cc[nH]c4c3)CC1)C2,0,train
CC(C)n1ncc2c1C(=O)CC1(CCN(C(=O)c3ccc4[nH]ncc4c3)CC1)C2,0,train
CC(C)(C)n1ncc2c1C(=O)CC1(CCN(C(=O)c3ccc4[nH]ncc4c3)CC1)C2,0,train
CC(C)(C)n1cc2c(n1)C(=O)CC1(CCN(C(=O)c3ccc4[nH]ncc4c3)CC1)O2,0,val
Fc1cccc(F)c1-c1ccc2[nH]nc(-c3cncc(O[C@H]4CNCCC45CC5)n3)c2c1,1,train
Fc1cccnc1-c1ccc2[nH]nc(-c3cncc(O[C@H]4CNCCC45CC5)n3)c2c1,1,train
Oc1ccc(-c2ccc3[nH]nc(-c4cncc(O[C@H]5CNCCC56CC6)n4)c3c2)c(F)c1,1,train
NC(=O)c1ccc(-c2ccc3[nH]nc(-c4cncc(O[C@H]5CNCCC56CC6)n4)c3c2)c(F)c1,1,train
CS(=O)(=O)c1ccc(-c2ccc3[nH]nc(-c4cncc(O[C@H]5CNCCC56CC6)n4)c3c2)c(F)c1,1,train
CS(=O)(=O)Nc1ccc(-c2ccc3[nH]nc(-c4cncc(O[C@H]5CNCCC56CC6)n4)c3c2)c(F)c1,1,train
COC(=O)NC(C(=O)N1C[C@@H](C)C[C@H]1c1nc(-c2ccc(-c3ccc(-c4cc5[nH]c([C@@H]6C[C@H](C)CN6C(=O)C(NC(=O)OC)C(C)C)nc5s4)s3)cc2)c[nH]1)C(C)C,0,test
N=C1N[C@@]2(CO1)c1cc(-c3cccnc3F)ccc1Oc1cnc(N3CC[C@@H](F)C3)cc12,1,test
COc1ccc(CC(=O)N2CCC3(CC2)CN([C@@H]2CCc4cc(-c5cc(C)ncn5)ccc42)C3)c(C(N)=O)c1,0,val
N=C1N[C@@]2(CO1)c1cc(-c3cccnc3F)ccc1Oc1c2cc(N2CCC(F)(F)CC2)nc1F,1,train
N=C1N[C@@]2(CO1)c1cc(-c3cccnc3F)ccc1Oc1c2cc(N2CCC(F)(F)C2)nc1F,1,train
COc1cc([C@H]2CCN(CCO)C[C@@H]2O)ccc1Nc1ncc2ccc(-c3ccccc3OC)n2n1,1,test
Cc1c(-c2ccc(F)cc2F)noc1-c1ccc2c(c1)CN(C(C)C)C2=O,1,test
CC(C)N1Cc2cc(-c3cc(-c4ccc(Cl)nc4)no3)ccc2C1=O,0,train
COc1ccc(-c2cc(-c3ccc4c(c3)CN(C(C)C)C4=O)on2)cn1,0,train
CC(C)[C@]1(C)CC(=O)N(Cc2cc(F)cc(C(=O)N[C@@H](C)c3ccccc3)c2)C(N)=N1,1,test
c1ccc(C2CC3(N4CCCC4)CNCC2C(c2ccccc2)C3)cc1,1,test
COCCCOc1cc(C(=O)N(C[C@@H]2CNC[C@H]2OC(=O)NCc2ccccc2)C(C)C)ccc1OC,0,val
O=C1COc2ccc(CNC34CCC(CC5Cn6c(=O)ccc7ncc(F)c5c76)(CC3)OC4)nc2N1,0,test
O=C1COc2ccc(CNC34CCC(CC5(F)Cn6c(=O)ccc7ncc(F)c5c76)(CC3)OC4)nc2N1,0,train
CO[C@@]1(CC23CCC(NCc4ccc5c(n4)NC(=O)CO5)(CC2)CO3)Cn2c(=O)ccc3ncc(F)c1c32,1,train
CO[C@]1(CC23CCC(NCc4ccc5c(n4)NC(=O)CO5)(CC2)CO3)Cn2c(=O)ccc3ncc(F)c1c32,0,train
O=C1COc2ccc(CNC34CCC(C[C@]5(O)Cn6c(=O)ccc7ncc(Cl)c5c76)(CC3)OC4)nc2N1,0,train
NC(=O)c1ccccc1OCCCN1CCN(c2cccc3c2ccn3S(=O)(=O)c2ccccc2)CC1,1,test
CNC(=O)[C@@]12C[C@@H]1[C@@H](n1cnc3c(NC)nc(C#Cc4ccc(F)c(F)c4)nc31)[C@H](O)[C@@H]2O,0,train
CNC(=O)[C@@]12C[C@@H]1[C@@H](n1cnc3c(NC)nc(C#Cc4cccs4)nc31)[C@H](O)[C@@H]2O,0,train
N#Cc1c(-c2ccccc2)cc(-c2ccccc2)nc1NC(=S)Nc1ccccc1,0,test
N#Cc1c(-c2ccccc2)cc(-c2ccccc2)nc1/N=c1\sc(-c2ccccc2)nn1-c1ccccc1,1,train
CC(=O)c1nn(-c2ccccc2)/c(=N/c2nc(-c3ccccc3)cc(-c3ccccc3)c2C#N)s1,0,train
CC(=O)c1nn(-c2ccc(C)cc2)/c(=N/c2nc(-c3ccccc3)cc(-c3ccccc3)c2C#N)s1,0,train
COc1ccc(-n2nc(C(C)=O)s/c2=N\c2nc(-c3ccccc3)cc(-c3ccccc3)c2C#N)cc1,0,train
CC(=O)c1nn(-c2ccc(Cl)cc2)/c(=N/c2nc(-c3ccccc3)cc(-c3ccccc3)c2C#N)s1,0,train
CCOC(=O)c1nn(-c2ccccc2)/c(=N/c2nc(-c3ccccc3)cc(-c3ccccc3)c2C#N)s1,0,train
CCOC(=O)c1nn(-c2ccc(C)cc2)/c(=N/c2nc(-c3ccccc3)cc(-c3ccccc3)c2C#N)s1,1,train
CCOC(=O)c1nn(-c2ccc(Cl)cc2)/c(=N/c2nc(-c3ccccc3)cc(-c3ccccc3)c2C#N)s1,1,train
N#Cc1c(-c2ccccc2)cc(-c2ccccc2)nc1/N=c1\sc(C(=O)Nc2ccccc2)nn1-c1ccccc1,1,train
N#Cc1c(-c2ccccc2)cc(-c2ccccc2)nc1/N=c1\scc(O)n1-c1ccccc1,0,train
N#Cc1c(-c2ccccc2)cc(-c2ccccc2)nc1/N=c1\scc(-c2ccccc2)n1-c1ccccc1,1,train
N#Cc1c(-c2ccccc2)cc(-c2ccccc2)nc1/N=C1\S/C(=C2\SC(c3ccccc3)=NN2c2ccccc2)C(=O)N1c1ccccc1,1,train
CC(=O)C1=NN(c2ccccc2)/C(=C2/S/C(=N\c3nc(-c4ccccc4)cc(-c4ccccc4)c3C#N)N(c3ccccc3)C2=O)S1,1,train
CCOC(=O)C1=NN(c2ccccc2)/C(=C2/S/C(=N\c3nc(-c4ccccc4)cc(-c4ccccc4)c3C#N)N(c3ccccc3)C2=O)S1,1,train
N#Cc1c(-c2ccccc2)cc(-c2ccccc2)nc1/N=C1\S/C(=C2\SC(C(=O)Nc3ccccc3)=NN2c2ccccc2)C(=O)N1c1ccccc1,1,train
CNC(=O)[C@@]12C[C@@H]1[C@@H](n1cnc3c(NC)nc(C#Cc4ccc(Cl)s4)nc31)[C@H](O)[C@@H]2O,0,train
CNC(=O)[C@@]12C[C@@H]1[C@@H](n1cnc3c(NCc4cccc(Cl)c4)nc(C#Cc4ccc(F)c(F)c4)nc31)[C@H](O)[C@@H]2O,0,train
Cc1nc(C#Cc2ccnc(Cl)c2)c(C)n1-c1ccc(F)cc1,1,train
Cc1nc(C#Cc2ccnc(Cl)c2)c(C)n1-c1ccc(OC(F)(F)F)cc1,1,train
CCOc1nc(NC(=O)C2(NC(=O)c3ccc4c(C5CCCC5)c(-c5ccc(F)cn5)n(C)c4c3)CCC2)ccc1C=CC(=O)O,1,val
CCOc1nc(NC(=O)C2(NC(=O)c3ccc4c(c3)c(C)c(-c3ccc(F)cn3)n4C3CCCCC3)CCC2)ccc1C=CC(=O)O,1,val
C[C@H](c1cc(C(=O)N(C)C)cc2c(=O)cc(N3CCOCC3)oc12)N(C)c1cc(F)cc(F)c1,0,test
O=c1cc(-c2ccnc(NC3CCOCC3)n2)ccn1[C@H](CO)c1ccc(Cl)c(F)c1,0,test
Clc1ccc(-n2cc(NCCN3CCCCC3)nn2)cc1Cl,1,train
Clc1ccc(-n2cc(NCCN3CCCCC3)nn2)c(Cl)c1,1,train
Clc1ccc(-n2cc(NCCN3CCCCC3)nn2)cc1,1,train
Fc1cccc(-n2cc(NCCN3CCCCC3)nn2)c1,1,train
Fc1ccc(-n2cc(NCCN3CCCCC3)nn2)cc1F,1,train
Clc1ccc(Cn2cc(NCCN3CCCCC3)nn2)cc1Cl,1,train
Clc1ccc(Cn2cc(NCCN3CCCCCC3)nn2)cc1Cl,1,train
C[C@@H]1CCC[C@H](C)N1CCNc1cn(Cc2ccc(F)cc2)nn1,1,test
COc1cccc2[nH]c(-c3nc(N[C@@H]4CCOC[C@@H]4N)cnc3C(N)=O)cc12,0,val
Cc1cc(Nc2cc(N[C@@H]3CCCC[C@@H]3N)cnc2C(N)=O)nc(-n2nccn2)n1,0,train
Cc1nc(Nc2cc(N[C@@H]3CCCC[C@@H]3N)cnc2C(N)=O)cc(OCC(C)(C)O)n1,0,train
Cc1cc(C(C)(C)O)cc(Nc2cc(N[C@@H]3CCCC[C@@H]3N)cnc2C(N)=O)n1,1,train
Cc1cc(CC(C)(C)O)cc(Nc2cc(N[C@@H]3CCCC[C@@H]3N)cnc2C(N)=O)n1,1,train
Cc1cc(Nc2cc(N[C@@H]3CCCC[C@@H]3N)cnc2C(N)=O)nc(C)c1-c1cnn(C)c1,1,train
COc1cc(C)nc(Nc2cc(N[C@@H]3CCCC[C@@H]3N)cnc2C(N)=O)c1,1,train
NC(=O)c1ncc(N[C@@H]2CCCC[C@@H]2N)cc1Nc1cccc(C(F)(F)F)n1,1,train
Cc1cc(C)nc(Nc2cc(NC[C@@H](N)CCS(C)(=O)=O)cnc2C(N)=O)c1,0,train
Cc1cc(C)nc(Nc2cc(N[C@@H]3CS(=O)(=O)CC[C@@H]3N)cnc2C(N)=O)c1,0,train
COC[C@H](N)CNc1cnc(C(N)=O)c(Nc2cc(C)cc(C)n2)c1,1,train
Cc1cc(C)nc(Nc2cc(NCC3(N)CC3)cnc2C(N)=O)c1,1,train
Cc1cc(C)nc(Nc2cc(NC[C@@H](N)CC(F)F)cnc2C(N)=O)c1,1,train
Cc1cc(C)nc(Nc2cc(N[C@@H]3CCCC[C@@H]3N)cnc2C(N)=O)c1,1,train
Cc1cc(C)nc(Nc2cc(NC[C@@H](N)C(F)(F)F)cnc2C(N)=O)c1,0,train
C[C@H](COc1ccc(C2=NNC(=O)C3CC23)cc1)CN1CCC[C@H]1C,1,test
NC(=O)c1nnc(N[C@@H]2CCCC[C@@H]2N)nc1Nc1cccc2[nH]ccc12,1,train
NC(=O)c1nnc(N[C@@H]2CCCC[C@@H]2N)nc1Nc1cccc2cc[nH]c12,0,train
NC(=O)c1nnc(N[C@@H]2CCCC[C@@H]2N)nc1Nc1cccc(-n2nccn2)c1,1,train
NC(=O)c1ncc(N[C@@H]2CCCC[C@@H]2N)nc1Nc1cccc2cc[nH]c12,1,train
NC(=O)c1ncc(N[C@@H]2CCCC[C@@H]2N)nc1Nc1cccc(-n2nccn2)c1,1,train
NC(=O)c1ccc(N[C@@H]2CCCC[C@@H]2N)nc1Nc1cccc(-n2nccn2)c1,1,train
NC[C@H]1C[C@@H]1c1cc(Cl)ccc1OCCF,1,train
C=C(F)COc1ccc(Cl)cc1[C@H]1C[C@@H]1CN,1,train
C=CCOc1ccc(Cl)cc1[C@H]1C[C@@H]1CN,1,train
COc1ccc(Oc2ccc(S(=O)(=O)C3(C(O)=NO)CCC4(CCNCC4)C3)cc2)cc1,0,train
O=S(=O)(c1ccc(Oc2ccc(OC(F)(F)F)cc2)cc1)C1(C(O)=NO)CCC2(CCNCC2)C1,0,train
O=S(=O)(c1ccc(OCc2ccc(OC(F)(F)F)cc2)cc1)C1(C(O)=NO)CCC2(CCNCC2)C1,0,train
COc1ccc(C(=O)Oc2ccc(S(=O)(=O)C3(C(O)=NO)CCC4(CCNCC4)C3)cc2)cc1,0,train
Cc1cccc(-c2nnc3n2CCN(C(=O)c2ccc(-c4cccs4)cc2)[C@@H]3C)n1,1,train
Cc1cncc(-c2nnc3n2CCN(C(=O)c2ccc(-c4cccs4)cc2)[C@@H]3C)n1,1,train
C[C@@H]1c2nnc(-c3csc(-c4ccc(F)cc4F)n3)n2CCN1C(=O)c1ccc(-c2cccs2)cc1,1,train
Cc1nc(-c2nnc3n2CCN(C(=O)c2ccc(-c4cccs4)cc2)[C@@H]3C)cs1,0,train
Cc1nc(-c2nnc3n2CCN(C(=O)c2ccc(-c4cccs4)cc2)C3)cs1,0,train
CC(C)c1nc(-c2nnc3n2CCN(C(=O)c2ccc(-c4cccs4)cc2)[C@@H]3C)co1,1,train
Cc1csc(-c2nnc3n2CCN(C(=O)c2ccc(-c4cccs4)cc2)[C@@H]3C)n1,0,train
Cc1noc(-c2nnc3n2CCN(C(=O)c2ccc(-c4cccs4)cc2)[C@@H]3C)n1,1,train
Cc1nsc(-c2nnc3n2CCN(C(=O)c2ccc(-c4cccs4)cc2)[C@@H]3C)n1,1,train
COc1ccc2ncc(Cl)c(CCC34CCC(NCc5ccc6c(n5)NC(=O)CO6)(CC3)CO4)c2n1,1,train
COc1ccc2nccc(CCC34CCC(NCc5ccc6c(n5)NC(=O)CO6)(CC3)CO4)c2n1,1,train
COc1ccc2ncc(C#N)c(CCC34CCC(NCc5ccc6c(n5)NC(=O)CO6)(CC3)CO4)c2n1,1,train
COc1ccc2ncc(C(F)(F)F)c(CCC34CCC(NCc5ccc6c(n5)NC(=O)CO6)(CC3)CO4)c2n1,1,train
COc1ccc2ncc(C(F)F)c(CCC34CCC(NCc5ccc6c(n5)NC(=O)CO6)(CC3)CO4)c2n1,1,train
COc1ccc2ncc(C)c(CCC34CCC(NCc5ccc6c(n5)NC(=O)CO6)(CC3)CO4)c2n1,1,train
COc1ccc2ncc(CO)c(CCC34CCC(NCc5ccc6c(n5)NC(=O)CO6)(CC3)CO4)c2n1,1,train
COc1ccc2ncc(S(C)(=O)=O)c(CCC34CCC(NCc5ccc6c(n5)NC(=O)CO6)(CC3)CO4)c2n1,1,train
COc1ccc2ncc(OC)c(CCC34CCC(NCc5ccc6c(n5)NC(=O)CO6)(CC3)CO4)c2n1,1,train
COc1ccc2ncc(O)c(CCC34CCC(NCc5ccc6c(n5)NC(=O)CO6)(CC3)CO4)c2n1,1,train
O=C1COc2ccc(CNC34CCC(CCc5c(F)cnc6ccc(=O)[nH]c56)(CC3)OC4)nc2N1,1,train
COC(=O)c1ccc2ncc(F)c(CCC34CCC(NCc5ccc6c(n5)NC(=O)CO6)(CC3)CO4)c2n1,1,train
N#Cc1ccc2ncc(F)c(CCC34CCC(NCc5ccc6c(n5)NC(=O)CO6)(CC3)CO4)c2n1,1,train
Nc1ccc2ncc(F)c(CCC34CCC(NCc5ccc6c(n5)NC(=O)CO6)(CC3)CO4)c2n1,1,train
CN(C)c1ccc2ncc(F)c(CCC34CCC(NCc5ccc6c(n5)NC(=O)CO6)(CC3)CO4)c2n1,1,train
O=C1COc2ccc(CNC34CCC(CCc5c(F)cnc6ccc(N7CCOCC7)nc56)(CC3)OC4)nc2N1,1,train
COc1cc2ncc(F)c(CCC34CCC(NCc5ccc6c(n5)NC(=O)CO6)(CC3)CO4)c2nc1OC,1,train
COc1nc2c(CCC34CCC(NCc5ccc6c(n5)NC(=O)CO6)(CC3)CO4)c(F)cnc2cc1F,1,train
COc1cc(C)c2ncc(F)c(CCC34CCC(NCc5ccc6c(n5)NC(=O)CO6)(CC3)CO4)c2n1,1,train
CCOc1cc(C)c2ncc(F)c(CCC34CCC(NCc5ccc6c(n5)NC(=O)CO6)(CC3)CO4)c2n1,1,train
COc1nc2c(CCC34CCC(NCc5ccc6c(n5)NC(=O)CO6)(CC3)CO4)c(F)cnc2cc1C(F)(F)F,1,train
Cc1cc(S(C)(=O)=O)nc2c(CCC34CCC(NCc5ccc6c(n5)NC(=O)CO6)(CC3)CO4)c(F)cnc12,1,train
O=C1COc2ccc(CNC34CCC(CCc5c(F)cnc6cc(C(F)(F)F)cnc56)(CC3)OC4)nc2N1,1,train
CN(C)c1cnc2c(CCC34CCC(NCc5ccc6c(n5)NC(=O)CO6)(CC3)CO4)c(F)cnc2c1,1,train
O=C1COc2ccc(CNC34CCC(CCc5c(F)cnc6cc(Cl)cnc56)(CC3)OC4)nc2N1,1,train
N#Cc1ccc2ncc(C#N)c(CCC34CCC(NCc5ccc6c(n5)NC(=O)CO6)(CC3)CO4)c2n1,1,train
COc1nc2c(CCC34CCC(NCc5ccc6c(n5)NC(=O)CO6)(CC3)CO4)ccnc2cc1Cl,1,train
COc1cc2nccc(CCC34CCC(NCc5ccc6c(n5)NC(=O)CO6)(CC3)CO4)c2nc1OC,1,train
COc1nc2c(CCC34CCC(NCc5ccc6c(n5)NC(=O)CO6)(CC3)CO4)ccnc2cc1F,1,train
COc1nc2c(CCC34CCC(NCc5ccc6c(n5)NC(=O)CO6)(CC3)CO4)ccnc2cc1C#N,1,train
COc1cc(C)c2nccc(CCC34CCC(NCc5ccc6c(n5)NC(=O)CO6)(CC3)CO4)c2n1,1,train
COc1cc(OC)c2nccc(CCC34CCC(NCc5ccc6c(n5)NC(=O)CO6)(CC3)CO4)c2n1,1,train
COc1cc(CCC23CCC(NCc4ccc5c(n4)NC(=O)CO5)(CC2)CO3)c2nc(OC)ccc2n1,1,train
Cc1nc2c(CCC34CCC(NCc5ccc6c(n5)NC(=O)CO6)(CC3)CO4)ccnc2cc1C#N,1,train
COc1cc2nccc(CCC34CCC(NCc5ccc6c(n5)NC(=O)CO6)(CC3)CO4)c2nc1C#N,1,train
COc1cc2nccc(CCC34CCC(NCc5ccc6c(n5)NC(=O)CO6)(CC3)CO4)c2nc1C(=O)O,1,train
Cc1cc(C#N)nc2c(CCC34CCC(NCc5ccc6c(n5)NC(=O)CO6)(CC3)CO4)ccnc12,1,train
Cc1cc(S(C)(=O)=O)nc2c(CCC34CCC(NCc5ccc6c(n5)NC(=O)CO6)(CC3)CO4)ccnc12,1,train
CN(C)c1nc2c(CCC34CCC(NCc5ccc6c(n5)NC(=O)CO6)(CC3)CO4)ccnc2cc1C(F)(F)F,1,train
CN(C)c1nc2c(CCC34CCC(NCc5ccc6c(n5)NC(=O)CO6)(CC3)CO4)ccnc2cc1F,1,train
O=C1COc2ccc(CNC34CCC(CCc5ccnc6ccc(C(F)(F)F)nc56)(CC3)OC4)nc2N1,1,train
O=C1COc2ccc(CNC34CCC(CCc5ccnc6cc(C(F)(F)F)cnc56)(CC3)OC4)nc2N1,1,train
COc1cnc2c(CCC34CCC(NCc5ccc6c(n5)NC(=O)CO6)(CC3)CO4)ccnc2c1,1,train
O=C1COc2ccc(CNC34CCC(CCc5ccnc6cc(Cl)cnc56)(CC3)OC4)nc2N1,1,train
O=C1COc2ccc(CNC34CCC(CCc5ccnc6cc(F)cnc56)(CC3)OC4)nc2N1,1,train
CCOC(=O)c1c(OC)cnc2c(CCC34CCC(NCc5ccc6c(n5)NC(=O)CO6)(CC3)CO4)ccnc12,1,train
COc1ccc2ncc(C#N)c(CC(O)C34CCC(NCc5ccc6c(n5)NC(=O)CO6)(CC3)CO4)c2n1,1,train
N=C1N[C@@]2(c3ccc(F)cc3F)CO[C@@H](c3ncco3)C[C@H]2CS1,0,train
Cc1coc([C@H]2C[C@H]3CSC(=N)N[C@@]3(c3ccc(F)cc3F)CO2)n1,1,train
Cc1cc([C@H]2C[C@H]3CSC(=N)N[C@@]3(c3ccc(F)cc3F)CO2)on1,1,train
Cn1cc([C@H]2C[C@H]3CSC(=N)N[C@@]3(c3ccc(F)cc3F)CO2)cn1,1,train
Cc1coc([C@H]2C[C@H]3[C@@H](C)SC(=N)N[C@@]3(c3ccc(F)cc3F)CO2)n1,1,val
Cc1cc([C@H]2C[C@H]3[C@@H](C)SC(=N)N[C@@]3(c3ccc(F)cc3F)CO2)on1,1,train
C[C@H]1SC(=N)N[C@@]2(c3ccc(F)cc3F)CO[C@@H](c3cnn(C)c3)C[C@@H]12,1,train
Cc1coc([C@H]2C[C@H]3[C@@H](CF)SC(=N)N[C@@]3(c3ccc(F)cc3F)CO2)n1,0,train
Cc1cc([C@H]2C[C@H]3[C@@H](CF)SC(=N)N[C@@]3(c3ccc(F)cc3F)CO2)on1,0,train
Cn1cc([C@H]2C[C@H]3[C@@H](CF)SC(=N)N[C@@]3(c3ccc(F)cc3F)CO2)cn1,0,train
O=C1COc2cc(Cl)c(CNC34CCC(C[C@]5(O)Cn6c(=O)ccc7ncc(F)c5c76)(CC3)OC4)nc2N1,0,train
O=C1COc2cnc(CNC34CCC(C[C@]5(O)Cn6c(=O)ccc7ncc(F)c5c76)(CC3)OC4)cc2N1,0,train
O=c1ccc2ncc(F)c3c2n1C[C@@]3(O)CC12CCC(NCc3cc4c(cn3)OCCO4)(CC1)CO2,1,train
O=c1ccc2ncc(F)c3c2n1C[C@@]3(O)CC12CCC(NC/C=C/c3c(F)cccc3F)(CC1)CO2,1,train
O=c1ccc2ncc(F)c3c2n1C[C@@]3(O)CC12CCC(NC/C=C/c3cc(F)ccc3F)(CC1)CO2,1,train
O=c1ccc2ncc(F)c3c2n1C[C@@]3(O)CC12CCC(NC/C=C/c3ccc(F)cc3)(CC1)CO2,1,train
O=c1ccc2ncc(F)c3c2n1C[C@@]3(O)CC12CCC(NC/C(F)=C\c3cc(F)ccc3F)(CC1)CO2,1,train
O=c1ccc2ncc(F)c3c2n1C[C@@]3(O)CC12CCC(NC/C(F)=C/c3cc(F)ccc3F)(CC1)CO2,1,train
O=c1ccc2ncc(F)c3c2n1C[C@@]3(O)CC12CCC(NC/C=C/c3ccccc3)(CC1)CO2,1,train
O=c1ccc2ncc(F)c3c2n1C[C@@]3(O)CC12CCC(NC/C=C/c3ccccn3)(CC1)CO2,1,train
O=c1ccc2ncc(F)c3c2n1C[C@@]3(O)CC12CCC(NCCCc3cc(F)ccc3F)(CC1)CO2,1,train
O=c1ccc2ncc(F)c3c2n1C[C@@]3(O)CC12CCC(NCOc3cc(F)ccc3F)(CC1)CO2,1,train
O=c1ccc2ncc(F)c3c2n1C[C@@]3(O)CC12CCC(NCc3cc(-c4cccs4)on3)(CC1)CO2,1,train
O=C1CSc2ccc(CNC34CCC(C[C@]5(O)Cn6c(=O)ccc7ncc(F)c5c76)(CC3)OC4)nc2N1,0,train
O=C1COc2cc(OC(=O)c3ccccc3)c(CNC34CCC(C[C@]5(O)Cn6c(=O)ccc7ncc(F)c5c76)(CC3)OC4)nc2N1,0,train
O=C1COc2cnc(CNC34CCC(C[C@]5(O)Cn6c(=O)ccc7ncc(F)c5c76)(CC3)OC4)nc2N1,0,train
O=C1COc2ccc(CNC34CCC(C[C@]5(O)Cn6c(=O)ccc7ncc(F)c5c76)(CC3)OC4)cc2N1,1,train
O=c1ccc2ncc(F)c3c2n1C[C@@]3(O)CC12CCC(NCc3ccc4c(c3)OCCO4)(CC1)CO2,0,train
O=c1ccc2ncc(F)c3c2n1C[C@@]3(O)CC12CCC(NCc3c(Cl)cc4c(c3Cl)OCCO4)(CC1)CO2,0,train
O=c1ccc2ncc(F)c3c2n1C[C@@]3(O)CC12CCC(NCc3cc4c(c(Cl)c3Cl)OCCO4)(CC1)CO2,0,train
CN1CCN(C)c2nc(CNC34CCC(C[C@]5(O)Cn6c(=O)ccc7ncc(F)c5c76)(CC3)OC4)ccc21,0,train
O=c1ccc2ncc(F)c3c2n1C[C@@]3(O)CC12CCC(NCc3ccc4c(c3)OC(F)(F)O4)(CC1)CO2,0,train
O=c1ccc2ncc(F)c3c2n1C[C@@]3(O)CC12CCC(NCc3cc4c(cn3)OCS4)(CC1)CO2,0,train
CCC[C@@H]1C[C@H](N(C)C(C)C)CC[C@@H]1NC(=O)CNC(=O)c1cccc(C(F)(F)F)c1,0,train
CCCC[C@@H]1C[C@H](N(C)C(C)C)CC[C@@H]1NC(=O)CNC(=O)c1cccc(C(F)(F)F)c1,1,train
CC(C)CC[C@@H]1C[C@H](N(C)C(C)C)CC[C@@H]1NC(=O)CNC(=O)c1cccc(C(F)(F)F)c1,1,train
CC(C)N(C)[C@@H]1CC[C@H](NC(=O)CNC(=O)c2cccc(C(F)(F)F)c2)[C@H](CCc2ccccc2)C1,1,train
CC(C)N(C)[C@@H]1CC[C@H](NC(=O)CNC(=O)c2cccc(C(F)(F)F)c2)[C@H](COc2ccccc2)C1,1,train
CCC[C@@H]1C[C@H](N(C)C(C)C)CC[C@@H]1N1CCC(NC(=O)c2cc(C(F)(F)F)ccc2NC(=O)NCC)C1=O,0,test
CCC[C@@H]1C[C@H](N(C)C(C)C)CC[C@@H]1N1CCC(Nc2ncnc3ccc(C(F)(F)F)cc23)C1=O,1,test
CNC(=O)c1ccc(-c2cc(F)c3ncc(Cc4ccc5ncccc5c4)n3c2)cc1F,0,test
Cn1cc([C@@]2(c3ccc(C(=O)O)cn3)N[C@@H](c3nc(-c4ccc(F)cc4)c[nH]3)Cc3c2[nH]c2ccccc32)cn1,0,train
Fc1ccc(-c2c[nH]c([C@H]3Cc4c([nH]c5ccccc45)CN3)n2)cc1,1,train
Fc1ccc(-c2c[nH]c([C@@H]3CCc4[nH]c5ccccc5c4C3)n2)cc1,1,train
c1ccc(-c2c[nH]c([C@H]3Cc4c([nH]c5ccccc45)C(C4CCCCC4)O3)n2)cc1,1,test
CC1(c2ccccc2)N[C@@H](c2nc(-c3ccc(F)cc3)c[nH]2)Cc2c1[nH]c1ccccc21,1,train
Fc1ccc(-c2c[nH]c([C@H]3Cc4c([nH]c5ccccc45)C(c4ccccc4)(C(F)(F)F)N3)n2)cc1,1,val
c1ccc(-c2c[nH]c([C@H]3Cc4c([nH]c5ccccc45)C(C4CCCCC4)N3)n2)nc1,1,train
c1cncc(-c2c[nH]c([C@H]3Cc4c([nH]c5ccccc45)C(C4CCCCC4)N3)n2)c1,1,train
c1ccc2c3c([nH]c2c1)C(C1CCCCC1)N[C@@H](c1nc(-c2ccncc2)c[nH]1)C3,1,train
c1ccc2c3c([nH]c2c1)C(C1CCCCC1)N[C@@H](c1nc(-c2cnccn2)c[nH]1)C3,1,test
Fc1ccc(-c2c[nH]c([C@H]3Cc4c([nH]c5ccccc45)C(C4CCCCC4)N3)n2)nc1,1,train
Cc1nc([C@]2(c3cnn(C)c3)N[C@@H](c3nc(-c4ccc(F)cn4)c[nH]3)Cc3c2[nH]c2ccccc32)no1,1,train
CCn1cc([C@@]2(c3nn(C)c(=O)o3)N[C@@H](c3nc(-c4ccc(F)cn4)c[nH]3)Cc3c2[nH]c2ccccc32)cn1,0,train
Cc1nc([C@]2(c3cn[nH]c3)N[C@@H](c3nc(-c4ccc(F)cn4)c[nH]3)Cc3c2[nH]c2ccccc32)no1,1,train
CCn1cc([C@@]2(c3noc(C)n3)N[C@@H](c3nc(-c4ccc(F)cn4)c[nH]3)Cc3c2[nH]c2ccccc32)cn1,1,train
CCc1nc([C@]2(c3cnn(C)c3)N[C@@H](c3nc(-c4ccc(F)cn4)c[nH]3)Cc3c2[nH]c2ccccc32)no1,1,train
Cc1nc([C@]2(c3cnn(CC4CC4)c3)N[C@@H](c3nc(-c4ccc(F)cn4)c[nH]3)Cc3c2[nH]c2ccccc32)no1,1,train
Cn1cc([C@@]2(c3nc(=O)o[nH]3)N[C@@H](c3nc(-c4ccc(F)cn4)c[nH]3)Cc3c2[nH]c2ccccc32)cn1,1,train
Cn1cc([C@@]2(c3noc(CN)n3)N[C@@H](c3nc(-c4ccc(F)cn4)c[nH]3)Cc3c2[nH]c2ccccc32)cn1,1,train
Cc1nnc([C@]2(c3cnn(C)c3)N[C@@H](c3nc(-c4ccc(F)cn4)c[nH]3)Cc3c2[nH]c2ccccc32)o1,1,train
CCc1nnc([C@]2(c3cnn(C)c3)N[C@@H](c3nc(-c4ccc(F)cn4)c[nH]3)Cc3c2[nH]c2ccccc32)o1,1,train
CCn1cc([C@@]2(c3nnc(C)o3)N[C@@H](c3nc(-c4ccc(F)cn4)c[nH]3)Cc3c2[nH]c2ccccc32)cn1,1,train
CCn1cc([C@@]2(c3n[nH]c(=O)o3)N[C@@H](c3nc(-c4ccc(F)cn4)c[nH]3)Cc3c2[nH]c2ccccc32)cn1,0,train
CCn1cc([C@@]2(c3n[nH]c(=S)o3)N[C@@H](c3nc(-c4ccc(F)cn4)c[nH]3)Cc3c2[nH]c2ccccc32)cn1,0,train
CCn1cc([C@@]2(c3nnc(SC)o3)N[C@@H](c3nc(-c4ccc(F)cn4)c[nH]3)Cc3c2[nH]c2ccccc32)cn1,1,train
Cn1cc([C@@]2(c3nnc(N)o3)N[C@@H](c3nc(-c4ccc(F)cn4)c[nH]3)Cc3c2[nH]c2ccccc32)cn1,0,train
CCn1cc([C@@]2(c3nnc(NC)o3)N[C@@H](c3nc(-c4ccc(F)cn4)c[nH]3)Cc3c2[nH]c2ccccc32)cn1,1,train
CCn1cc([C@@]2(c3nnc(N(C)C)o3)N[C@@H](c3nc(-c4ccc(F)cn4)c[nH]3)Cc3c2[nH]c2ccccc32)cn1,1,train
Cn1nc([C@]2(c3cn[nH]c3)N[C@@H](c3nc(-c4ccc(F)cn4)c[nH]3)Cc3c2[nH]c2ccccc32)oc1=O,0,train
Cn1cc([C@@]2(c3nn(C)c(=O)o3)N[C@@H](c3nc(-c4ccc(F)cn4)c[nH]3)Cc3c2[nH]c2ccccc32)cn1,0,train
CCn1nc([C@]2(c3cnn(C)c3)N[C@@H](c3nc(-c4ccc(F)cn4)c[nH]3)Cc3c2[nH]c2ccccc32)oc1=O,0,train
CC(C)n1nc([C@]2(c3cnn(C)c3)N[C@@H](c3nc(-c4ccc(F)cn4)c[nH]3)Cc3c2[nH]c2ccccc32)oc1=O,0,train
CCn1cc(C2(c3nn(C)c(=O)o3)N[C@@H](c3nc(-c4ccc(F)cn4)c[nH]3)Cc3c2[nH]c2ccccc32)cn1,0,train
CCn1cc(C2(c3nn(C)c(=O)o3)NC(c3nc(-c4ccc(F)cn4)c[nH]3)Cc3c2[nH]c2ccccc32)cn1,0,train
CCn1cc([C@@]2(c3nn(CC)c(=O)o3)N[C@@H](c3nc(-c4ccc(F)cn4)c[nH]3)Cc3c2[nH]c2ccccc32)cn1,1,train
CCn1cc([C@@]2(c3nn(C(C)C)c(=O)o3)N[C@@H](c3nc(-c4ccc(F)cn4)c[nH]3)Cc3c2[nH]c2ccccc32)cn1,1,train
CCn1cc([C@@]2(c3nn(CC4CC4)c(=O)o3)N[C@@H](c3nc(-c4ccc(F)cn4)c[nH]3)Cc3c2[nH]c2ccccc32)cn1,1,train
CCn1cc([C@@]2(c3nn(CCN(C)C)c(=O)o3)N[C@@H](c3nc(-c4ccc(F)cn4)c[nH]3)Cc3c2[nH]c2ccccc32)cn1,1,train
CCn1cc([C@@]2(c3nn(CC(=O)O)c(=O)o3)N[C@@H](c3nc(-c4ccc(F)cn4)c[nH]3)Cc3c2[nH]c2ccccc32)cn1,0,train
CCn1cc([C@@]2(c3nn(CC(N)=O)c(=O)o3)N[C@@H](c3nc(-c4ccc(F)cn4)c[nH]3)Cc3c2[nH]c2ccccc32)cn1,0,train
Cc1cn(-c2ccc3n(c2=O)CCN([C@@H](C)COc2ccc(F)cc2[C@@H](C)C(F)(F)F)C3=O)cn1,1,val
O=C(NCCCNc1nc2ccccc2[nH]1)c1ccnc(C(F)(F)F)c1,0,train
O=C(NCCCNc1nc2ccccc2[nH]1)c1cc(Cl)cc(Cl)c1,1,train
Cc1cc(C)nc(N2C[C@H]3CN(C(=O)c4cccc(F)c4-n4nccn4)C[C@H]3C2)n1,1,train
Cc1cc(C)nc(N2C[C@H]3CN(C(=O)c4c(C)cccc4-n4nccn4)C[C@H]3C2)n1,1,train
COc1ccc(-n2nccn2)c(C(=O)N2C[C@@H]3CN(c4nc(C)cc(C)n4)C[C@@H]3C2)c1,1,train
Cc1ncc(OC[C@@]2(c3ccccc3)CC2C(=O)Nc2ccc(F)cn2)c(C)n1,1,train
Cc1ncc(OC[C@@]2(c3ccccc3F)CC2C(=O)Nc2ccc(F)cn2)c(C)n1,1,train
Cc1ncc(OC[C@@]2(c3cccc(F)c3)CC2C(=O)Nc2ccc(F)cn2)c(C)n1,1,train
Cc1ncc(OC[C@@]2(c3ccc(F)cc3)CC2C(=O)Nc2ccc(F)cn2)c(C)n1,1,train
Cc1ncc(OC[C@@]2(c3cc(F)cc(F)c3)CC2C(=O)Nc2ccc(F)cn2)c(C)n1,1,train
Cc1ncc(OC[C@@]2(c3ccc(F)c(F)c3)CC2C(=O)Nc2ccc(F)cn2)c(C)n1,1,train
CO[C@H]1CC[C@H](N2C(=O)CNc3ncc(-c4ccc(C(C)(C)O)nc4)nc32)CC1,0,test
CNC(=O)c1ccc(-c2cc(Cl)cc(Cl)c2Cl)c(N)n1,0,val
O=C(NCC[C@@H](O)CN1CCN(c2cccc(Cl)c2Cl)CC1)c1cc2ccccc2[nH]1,1,val
C[C@H]1CN(c2ccc(C#N)cn2)CC[C@H]1Nc1c(C(N)=O)cnc2[nH]ccc12,0,val
N#Cc1ccc(N2CCC(Nc3c(C(N)=O)cnc4[nH]ccc34)CC2)nc1,0,val
COc1cccc(N2CCN(Cc3nc4c5cccc(OC)c5nc(N)n4n3)[C@H](C)C2)c1,0,train
COc1ccccc1N1CCN(Cc2nc3c4cccc(OC)c4nc(N)n3n2)[C@H](C)C1,0,train
COc1cccc2c1nc(N)n1nc(CN3CCN(c4ccncc4)C[C@H]3C)nc21,1,train
COc1cccc2c1nc(N)n1nc(CN3CCN(c4cccnc4)C[C@H]3C)nc21,0,train
COc1cccc2c1nc(N)n1nc(CN3CCN(c4ccccn4)C[C@H]3C)nc21,0,train
COc1cccc2c1nc(N)n1nc(CN3CCN(c4ccccc4)C[C@H]3C)nc21,0,train
COc1cccc2c1nc(N)n1nc(CN3CCN(c4ccc(F)cn4)C[C@H]3C)nc21,0,train
COc1cccc2c1nc(N)n1nc(CN3CCN(c4cccc(F)c4)C[C@H]3C)nc21,0,train
COc1cccc2c1nc(N)n1nc(CN3CCN(c4ccccc4F)C[C@H]3C)nc21,0,train
COc1cccc2c1nc(N)n1nc(CN3CCN(c4ccc(F)cc4)C[C@H]3C)nc21,1,train
COc1ccc(N2CCN(Cc3nc4c5cccc(OC)c5nc(N)n4n3)[C@H](C)C2)cc1,0,train
COc1cccc2c1nc(N)n1nc(CN3CCN(c4ncc(C)s4)C[C@H]3C)nc21,0,train
COc1cccc2c1nc(N)n1nc(CN3CCN(c4cnc(C)s4)C[C@H]3C)nc21,0,train
COc1cccc2c1nc(N)n1nc(CN3CCN(c4nsnc4Cl)C[C@H]3C)nc21,0,train
CCn1cc(N2CCN(Cc3nc4c5cccc(OC)c5nc(N)n4n3)[C@H](C)C2)cn1,0,train
COc1cc2c(cc1OC(C)C)[C@H](c1ccc(Cl)cc1)N(c1ccc(N(C)C[C@H]3CC[C@H](N4CCNC(=O)C4)CC3)cc1)C(=O)C2,0,val
CC[C@@H](C)Oc1cc2c(cc1OC)CC(=O)N(c1ccc(N(C)C[C@H]3CC[C@H](N(C)C)CC3)cc1)[C@H]2c1ccc(Cl)cc1,1,val
COc1ccc(COc2cnn(CC(=O)c3ccc(CN(C)C)cc3C)c(=O)c2)nc1,0,test
COc1ccc2ncc(F)c(CCC34CCC(NCc5nc6c(cc5Cl)OCC(=O)N6)(CC3)CO4)c2n1,1,train
COc1ccc2ncc(F)c(CCC34CCC(NCc5nc6c(cc5F)OCC(=O)N6)(CC3)CO4)c2n1,1,train
COc1ccc2ncc(F)c(CCC34CCC(NCc5nc6c(cc5C)OCC(=O)N6)(CC3)CO4)c2n1,1,train
COc1ccc2ncc(F)c(CCC34CCC(NCc5cc(C)c6c(n5)NC(=O)CO6)(CC3)CO4)c2n1,1,train
COc1ccc2ncc(F)c(CCC34CCC(NCc5nc6c(c(C)c5C)OCC(=O)N6)(CC3)CO4)c2n1,1,train
CCc1c(CNC23CCC(CCc4c(F)cnc5ccc(OC)nc45)(CC2)OC3)nc2c(c1C)OCC(=O)N2,1,train
COc1ccc2ncc(F)c(CCC34CCC(NCc5nc6c(c(C)c5C(C)C)OCC(=O)N6)(CC3)CO4)c2n1,1,train
CC=c1c(CNC23CCC(CCc4c(F)cnc5ccc(OC)nc45)(CC2)OC3)nc2c(c1C)OCC(=O)N=2,1,val
COc1ccc2ncc(F)c(CCC34CCC(NCc5nc6c(c(C)c5F)OCC(=O)N6)(CC3)CO4)c2n1,1,train
COc1ccc2ncc(F)c(CCC34CCC(NCc5ccc6c(n5)NC(=O)C(C)O6)(CC3)CO4)c2n1,1,train
COc1ccc2ncc(F)c(CCC34CCC(NCc5ccc6c(n5)NC(=O)C(C)(C)O6)(CC3)CO4)c2n1,1,train
CCOC(=O)C1(C)Oc2ccc(CNC34CCC(CCc5c(F)cnc6ccc(OC)nc56)(CC3)OC4)nc2NC1=O,1,train
COc1ccc2ncc(F)c(CCC34CCC(NCc5ccc6c(n5)N(C)C(=O)CO6)(CC3)CO4)c2n1,1,train
COc1ccc2ncc(F)c(CCC34CCC(N(C)Cc5ccc6c(n5)NC(=O)CO6)(CC3)CO4)c2n1,1,train
COC(=O)N(Cc1ccc2c(n1)NC(=O)CO2)C12CCC(CCc3c(F)cnc4ccc(OC)nc34)(CC1)OC2,1,train
COc1ccc2ncc(F)c(C[C@H](O)C3CCC(NCc4nc5c(cc4F)OCC(=O)N5)CO3)c2n1,1,train
Cc1cc(NCc2c(Cl)ccc(Cl)c2Cl)c2cccc(C(N)=O)c2n1,1,train
Cc1cc(NCc2c(F)cccc2C(F)(F)F)c2cccc(C(N)=O)c2n1,1,train
Cc1cc(NCc2c(C)cccc2C)c2cccc(C(N)=O)c2n1,1,train
CCOc1ccc2ncc(F)c(CCC34CCC(NCc5ccc6c(n5)NC(=O)CO6)(CC3)CO4)c2n1,1,train
CC(C)CCOc1ccc2ncc(F)c(CCC34CCC(NCc5ccc6c(n5)NC(=O)CO6)(CC3)CO4)c2n1,1,train
O=C1COc2ccc(CNC34CCC(CCc5c(F)cnc6ccc(OC7CCC7)nc56)(CC3)OC4)nc2N1,1,train
O=C1COc2ccc(CNC34CCC(CCc5c(F)cnc6ccc(OCC(F)(F)F)nc56)(CC3)OC4)nc2N1,1,train
O=C1COc2ccc(CNC34CCC(CCc5c(F)cnc6ccc(OC(F)F)nc56)(CC3)OC4)nc2N1,1,train
COCCOc1ccc2ncc(F)c(CCC34CCC(NCc5ccc6c(n5)NC(=O)CO6)(CC3)CO4)c2n1,0,train
O=C1COc2ccc(CNC34CCC(CCc5c(F)cnc6ccc(OCCO)nc56)(CC3)OC4)nc2N1,1,train
O=C1COc2ccc(CNC34CCC(CCc5c(F)cnc6ccc(OCCCO)nc56)(CC3)OC4)nc2N1,1,train
O=C1COc2ccc(CNC34CCC(CCc5c(F)cnc6ccc(OCCCCO)nc56)(CC3)OC4)nc2N1,1,train
O=C1COc2ccc(CNC34CCC(CCc5c(F)cnc6ccc(OCCCCCO)nc56)(CC3)OC4)nc2N1,1,train
CC(C)(O)CCOc1ccc2ncc(F)c(CCC34CCC(NCc5ccc6c(n5)NC(=O)CO6)(CC3)CO4)c2n1,1,train
O=C1COc2ccc(CNC34CCC(CCc5c(F)cnc6ccc(OCC7(CO)CC7)nc56)(CC3)OC4)nc2N1,1,train
O=C1COc2ccc(CNC34CCC(CCc5c(F)cnc6ccc(OCC(O)CO)nc56)(CC3)OC4)nc2N1,1,train
O=C1COc2ccc(CNC34CCC(CCc5c(F)cnc6ccc(OCC(CO)CO)nc56)(CC3)OC4)nc2N1,0,train
O=C1COc2ccc(CNC34CCC(CCc5c(F)cnc6ccc(OC[C@@H]7C[C@@H](O)[C@@H](O)C7)nc56)(CC3)OC4)nc2N1,1,train
O=C1COc2ccc(CNC34CCC(CCc5c(F)cnc6ccc(OC[C@H]7C[C@@H](O)[C@@H](O)C7)nc56)(CC3)OC4)nc2N1,1,train
O=C1COc2ccc(CNC34CCC(CCc5c(F)cnc6ccc(OCC7(O)COC7)nc56)(CC3)OC4)nc2N1,0,train
O=C1COc2ccc(CNC34CCC(CCc5c(F)cnc6ccc(OC7CC(O)CC(O)C7)nc56)(CC3)OC4)nc2N1,1,train
NCCOc1ccc2ncc(F)c(CCC34CCC(NCc5ccc6c(n5)NC(=O)CO6)(CC3)CO4)c2n1,0,train
NCCCOc1ccc2ncc(F)c(CCC34CCC(NCc5ccc6c(n5)NC(=O)CO6)(CC3)CO4)c2n1,1,train
NCCCCOc1ccc2ncc(F)c(CCC34CCC(NCc5ccc6c(n5)NC(=O)CO6)(CC3)CO4)c2n1,1,train
NCC1(COc2ccc3ncc(F)c(CCC45CCC(NCc6ccc7c(n6)NC(=O)CO7)(CC4)CO5)c3n2)CC1,1,train
NC1(COc2ccc3ncc(F)c(CCC45CCC(NCc6ccc7c(n6)NC(=O)CO7)(CC4)CO5)c3n2)CC1,1,train
NC1CC1COc1ccc2ncc(F)c(CCC34CCC(NCc5ccc6c(n5)NC(=O)CO6)(CC3)CO4)c2n1,1,train
NC1COCC1Oc1ccc2ncc(F)c(CCC34CCC(NCc5ccc6c(n5)NC(=O)CO6)(CC3)CO4)c2n1,1,train
N[C@H]1COC[C@@H]1Oc1ccc2ncc(F)c(CCC34CCC(NCc5ccc6c(n5)NC(=O)CO6)(CC3)CO4)c2n1,1,train
N[C@@H]1COC[C@H]1Oc1ccc2ncc(F)c(CCC34CCC(NCc5ccc6c(n5)NC(=O)CO6)(CC3)CO4)c2n1,0,train
N[C@@H]1CO[C@H]1COc1ccc2ncc(F)c(CCC34CCC(NCc5ccc6c(n5)NC(=O)CO6)(CC3)CO4)c2n1,0,train
N[C@H]1CO[C@@H]1COc1ccc2ncc(F)c(CCC34CCC(NCc5ccc6c(n5)NC(=O)CO6)(CC3)CO4)c2n1,0,train
N[C@@H]1CO[C@@H]1COc1ccc2ncc(F)c(CCC34CCC(NCc5ccc6c(n5)NC(=O)CO6)(CC3)CO4)c2n1,1,train
N[C@H]1CO[C@H]1COc1ccc2ncc(F)c(CCC34CCC(NCc5ccc6c(n5)NC(=O)CO6)(CC3)CO4)c2n1,0,train
NCC(O)COc1ccc2ncc(F)c(CCC34CCC(NCc5ccc6c(n5)NC(=O)CO6)(CC3)CO4)c2n1,1,train
NC1C(=O)NC1COc1ccc2ncc(F)c(CCC34CCC(NCc5ccc6c(n5)NC(=O)CO6)(CC3)CO4)c2n1,0,train
NC1C(=O)NCC1Oc1ccc2ncc(F)c(CCC34CCC(NCc5ccc6c(n5)NC(=O)CO6)(CC3)CO4)c2n1,0,train
N#CCCCOc1ccc2ncc(F)c(CCC34CCC(NCc5ccc6c(n5)NC(=O)CO6)(CC3)CO4)c2n1,1,train
N#CC1(COc2ccc3ncc(F)c(CCC45CCC(NCc6ccc7c(n6)NC(=O)CO7)(CC4)CO5)c3n2)CC1,1,train
CCOC(=O)COc1ccc2ncc(F)c(CCC34CCC(NCc5ccc6c(n5)NC(=O)CO6)(CC3)CO4)c2n1,1,train
CCOC(=O)CCCOc1ccc2ncc(F)c(CCC34CCC(NCc5ccc6c(n5)NC(=O)CO6)(CC3)CO4)c2n1,1,train
COC(=O)CCCCOc1ccc2ncc(F)c(CCC34CCC(NCc5ccc6c(n5)NC(=O)CO6)(CC3)CO4)c2n1,1,train
O=C(O)CCCCOc1ccc2ncc(F)c(CCC34CCC(NCc5ccc6c(n5)NC(=O)CO6)(CC3)CO4)c2n1,0,train
CCOC(=O)C(F)(F)CCOc1ccc2ncc(F)c(CCC34CCC(NCc5ccc6c(n5)NC(=O)CO6)(CC3)CO4)c2n1,0,train
COC(=O)C1C[C@@H]1COc1ccc2ncc(F)c(CCC34CCC(NCc5ccc6c(n5)NC(=O)CO6)(CC3)CO4)c2n1,1,train
O=C1COc2ccc(CNC34CCC(CCc5c(F)cnc6ccc(OC[C@H]7CC7C(=O)O)nc56)(CC3)OC4)nc2N1,0,train
COC(=O)C1(COc2ccc3ncc(F)c(CCC45CCC(NCc6ccc7c(n6)NC(=O)CO7)(CC4)CO5)c3n2)CC1,1,train
NC(=O)C(F)(F)CCOc1ccc2ncc(F)c(CCC34CCC(NCc5ccc6c(n5)NC(=O)CO6)(CC3)CO4)c2n1,1,train
O=C1COc2ccc(CNC34CCC(CCc5c(F)cnc6ccc(OCc7cc(=O)c(O)c[nH]7)nc56)(CC3)OC4)nc2N1,1,train
O=C1COc2ccc(CNC34CCC(CCc5c(F)cnc6ccc(OCCc7cc(=O)c(O)c[nH]7)nc56)(CC3)OC4)nc2N1,1,train
O=C1COc2ccc(CNC34CCC([C@@H](O)Cc5c(F)cnc6ccc(OCCO)nc56)(CC3)OC4)nc2N1,0,train
CC(C)c1noc(-c2nnc3n2CCN(C(=O)c2ccc(F)cc2)[C@@H]3C)n1,1,train
Cc1nsc(-c2nnc3n2CCN(C(=O)c2ccc(F)cc2)C3)n1,0,train
Cc1nsc(-c2nnc3n2CCN(C(=O)c2ccc(Cl)cc2)[C@@H]3C)n1,0,train
C[C@@H]1c2nnc(-c3nc(C(F)(F)F)ns3)n2CCN1C(=O)c1ccc(F)cc1,0,train
Cc1nsc(-c2nnc3n2CCN(C(=O)c2ccccc2)[C@@H]3C)n1,0,train
Cc1nsc(-c2nnc3n2CCN(C(=O)c2ccc(F)cc2)[C@@H]3CCO)n1,0,train
Cc1ncc(CNC2CCN(CCn3c(=O)ccc4ncc(Oc5ccc(S(N)(=O)=O)cc5)cc43)CC2)cc1Cl,0,train
O=C1COc2ccc(CNC3CCN(CCn4c(=O)ccc5ncc(Oc6cncc(F)c6)cc54)CC3)nc2N1,0,train
O=C1COc2ccc(CN[C@@H]3CCN(CCn4c(=O)ccc5ncc(Oc6cccnc6)cc54)C[C@@H]3F)nc2N1,0,train
CN(C)C[C@@H]1CCN(C(=O)Nc2nc3c(s2)-c2nc(C(C)(C)C)sc2CC3)C1C(N)=O,1,test
COc1cc(-c2cn(C3CCc4ccccc4NC3=O)nn2)ccc1-n1cnc(C)c1,0,train
COc1cc(-c2cn(C3CCc4ccccc4N(C)C3=O)nn2)ccc1-n1cnc(C)c1,1,train
COc1cc(-c2cn(C3CCc4ccccc4N(CCF)C3=O)nn2)ccc1-n1cnc(C)c1,1,train
COc1cc(-c2cn(C3CCc4ccccc4N(CC(F)F)C3=O)nn2)ccc1-n1cnc(C)c1,1,train
COc1cc(-c2cn(C3CCc4ccccc4N(CC(F)(F)F)C3=O)nn2)ccc1-n1cnc(C)c1,1,train
COc1cc(-c2cn(C3CCc4ccccc4N(CC4CC4)C3=O)nn2)ccc1-n1cnc(C)c1,1,train
COc1cc(-c2cn(C3CCc4ccccc4N(Cc4ccccc4)C3=O)nn2)ccc1-n1cnc(C)c1,1,train
COc1cc(-c2cn(C3CCc4ccccc4N(Cc4ccccn4)C3=O)nn2)ccc1-n1cnc(C)c1,1,train
COc1cc(-c2cn(C3CCc4ccccc4N(Cc4ccncc4)C3=O)nn2)ccc1-n1cnc(C)c1,1,train
COc1cc(-c2cn(C3CCc4ccccc4N(Cc4cccnc4)C3=O)nn2)ccc1-n1cnc(C)c1,1,train
COc1cc(-c2cn(C3CCc4ccccc4N(CC4(C)COC4)C3=O)nn2)ccc1-n1cnc(C)c1,0,train
COc1cc(-c2cn(C3C[C@H](C)c4ccccc4N(CC(F)(F)F)C3=O)nn2)ccc1-n1cnc(C)c1,1,train
COc1cc(-c2cn(C3CSc4ccccc4N(CC(F)(F)F)C3=O)nn2)ccc1-n1cnc(C)c1,1,train
COc1cc(-c2cn(C3(C)CCc4ccccc4N(CC(F)(F)F)C3=O)nn2)ccc1-n1cnc(C)c1,1,train
COc1cc(-c2cn(C3CCc4c(ccc5ccccc45)N(CC(F)(F)F)C3=O)nn2)ccc1-n1cnc(C)c1,1,train
COc1cc(-c2cn(C3CCc4cc(F)ccc4N(CC(F)(F)F)C3=O)nn2)ccc1-n1cnc(C)c1,1,train
COc1cc(-c2cn(C3CCc4c(F)cccc4N(CC(F)(F)F)C3=O)nn2)ccc1-n1cnc(C)c1,1,train
COc1cc(-c2cn(C3CCc4c(F)cc(F)cc4N(CC(F)(F)F)C3=O)nn2)ccc1-n1cnc(C)c1,1,train
COc1cc(-c2cn(C3CCc4c(ccc(Br)c4F)N(CC(F)(F)F)C3=O)nn2)ccc1-n1cnc(C)c1,1,train
COc1cc(-c2cn(C3CCc4cccnc4N(CC(F)(F)F)C3=O)nn2)ccc1-n1cnc(C)c1,1,train
COc1cc(-c2cn(C3CC[C@@H]4CCCC[C@H]4N(Cc4ccccc4)C3=O)nn2)ccc1-n1cnc(C)c1,1,train
Cc1cn(-c2ccc(-c3cn(C4CCc5c(F)cccc5N(CC(F)(F)F)C4=O)nn3)cc2)cn1,1,train
COc1cc(-n2cnc(C)c2)ccc1-c1cn(C2CCc3c(F)cccc3N(CC(F)(F)F)C2=O)nn1,1,train
Cc1cn(-c2ccc(-c3cn(C4CCc5c(F)cccc5N(CC(F)(F)F)C4=O)nn3)cc2OCC(F)(F)F)cn1,1,train
Cc1cn(-c2ccc(-c3cn(C4CCc5c(F)cccc5N(CC(F)(F)F)C4=O)nn3)c(F)c2)cn1,1,val
COc1c(-n2cnc(C)c2)ccc(-c2cn(C3CCc4c(F)cccc4N(CC(F)(F)F)C3=O)nn2)c1F,1,train
COc1c(-c2cn(C3CCc4c(F)cccc4N(CC(F)(F)F)C3=O)nn2)ccc(-n2cnc(C)c2)c1F,1,train
COc1cc(-c2cn(C3CCc4c(F)cccc4N(CC(F)(F)F)C3=O)nn2)ccc1-n1cnc(C)n1,0,train
COc1cc([C@H](O)CN2CCN(C[C@H](O)c3ccc4c(c3C)COC4=O)CC2)ncc1C#N,0,train
Cc1c([C@@H](O)CN2CCN(C[C@H](O)c3ccc(C#N)cn3)CC2)ccc2c1COC2=O,0,train
COc1cc(C(O)CN2CCN(CCc3ccc4c(c3C)COC4=O)CC2)ncc1C#N,1,train
COc1cc(C(O)CN2CCN(CCc3ccc4c(c3C)COC4=O)CC2)ccc1C#N,1,train
COc1cc(C(C)(C)CN2CCN(CCc3ccc4c(c3C)COC4=O)CC2)ccc1C#N,1,train
COc1cc(C(C)CN2CCN(CCc3ccc4c(c3C)COC4=O)CC2)ccc1C#N,1,train
COc1cc(CC(C)N2CCN(CCc3ccc4c(c3C)COC4=O)CC2)ccc1C#N,1,train
CCOC(CN1CCN(CCc2ccc(C#N)c(OC)c2)CC1)c1ccc2c(c1C)COC2=O,1,train
COc1cc(CCN2CCN(CC(OC)c3ccc4c(c3C)COC4=O)CC2)ccc1C#N,1,train
COc1cc(CCN2CCN(CC(O)c3ccc4c(c3C)COC4=O)CC2)ccc1C#N,1,train
COc1cc(CCN2CCN(CC(F)c3ccc4c(c3C)COC4=O)CC2)ccc1C#N,1,train
COc1cc(CCN2CCN(CC(C)c3ccc4c(c3C)COC4=O)CC2)ccc1C#N,1,train
COc1cc(CCN2CCN(CCc3ccc4c(c3C)COC4=O)CC2)ccc1C#N,1,train
O=C1OCc2cc(CCN3CCN(CCc4ccc([N+](=O)[O-])cc4)CC3)ccc21,1,train
COc1cc([C@@H](O)CN2CCN(C[C@H](O)c3ccc4c(c3C)COC4=O)CC2)ncc1C#N,0,train
COc1cc(C(O)CN2CCN(C[C@H](O)c3ccc4c(c3C)COC4=O)CC2)ccc1C#N,1,train
Cc1nc(C(O)CN2CCN(C[C@H](O)c3ccc4c(c3C)COC4=O)CC2)ccc1C#N,0,train
Cc1c([C@@H](O)CN2CCN(CC(O)c3ncc(C#N)cc3Cl)CC2)ccc2c1COC2=O,1,train
Cc1c([C@@H](O)CN2CCN(CC(O)c3cc(C4CC4)c(C#N)cn3)CC2)ccc2c1COC2=O,0,train
COc1cc(C(O)CN2CCN(C[C@H](O)c3ccc4c(c3C)COC4=O)CC2)nc(C)c1C#N,1,train
CCOc1cc(C(O)CN2CCN(C[C@H](O)c3ccc4c(c3C)COC4=O)CC2)ncc1C#N,0,train
Cc1c([C@@H](O)CN2CCN(CC(O)c3cc(C(F)(F)F)c(C#N)cn3)CC2)ccc2c1COC2=O,1,train
[2H]C([2H])([2H])Oc1cc(C(O)CN2CCN(C[C@H](O)c3ccc4c(c3C)COC4=O)CC2)ncc1C#N,0,train
CC(C)[C@@H](CN1CC[C@@](C)(c2cccc(O)c2)[C@@H](C)C1)NC(=O)C1Cc2ccc(O)cc2CN1,1,train
CC(C)[C@@H](CN1CC[C@@](C)(c2ccccc2)[C@@H](C)C1)NC(=O)C1Cc2ccc(O)cc2CN1,1,train
CC(C)[C@@H](CN1CC[C@@](C)(c2cccc(F)c2)[C@@H](C)C1)NC(=O)C1Cc2ccc(O)cc2CN1,1,train
CC(C)[C@@H](CN1CCC(C)(c2cccc(F)c2)CC1)NC(=O)C1Cc2ccc(O)cc2CN1,1,train
CCC(C)[C@@H](CN1CCC(C)(c2cccc(F)c2)CC1)NC(=O)C1Cc2ccc(O)cc2CN1,1,train
CC(C)[C@@H](CN1CCC(c2cccc(O)c2)CC1)NC(=O)C1Cc2ccc(O)cc2CN1,1,train
CC(C)[C@@H](CN1CCC(c2ccccc2)CC1)NC(=O)C1Cc2ccc(O)cc2CN1,1,train
CC(C)[C@@H](CN1CCC(c2cccc(F)c2)CC1)NC(=O)C1Cc2ccc(O)cc2CN1,1,train
COc1cc(-n2cnn3cc(-c4ccc(Cl)cc4)cc3c2=O)ccc1OCCN1CCCC1,1,val
CNC1CCN(c2ccc(-n3cnn4cc(-c5ccc(Cl)cc5)cc4c3=O)cn2)C1,1,train
O=c1c2cc(-c3ccc(Cl)cc3)cn2ncn1-c1ccc(N2CC(O)C2)nc1,1,train
O=c1c2cc(-c3ccc(Cl)cc3)cn2ncn1-c1ccc(N2CCC(N3CC(O)C3)C2)nc1,1,train
CNc1nc(NCCN2CCNCC2)c2sc(-c3ccc(C(F)(F)F)cc3)cc2n1,1,train
Nc1nc(NC2CCNCC2)c2sc(-c3ccc(C(F)(F)F)cc3)cc2n1,1,train
Nc1nc(NC2CCNC2)c2sc(-c3ccc(C(F)(F)F)cc3)cc2n1,1,train
Nc1nc(NC2CCOCC2)c2sc(-c3ccc(C(F)(F)F)cc3)cc2n1,1,train
Nc1nc(N2CCC(N)CC2)c2sc(-c3ccc(C(F)(F)F)cc3)cc2n1,1,test
COCc1cnc(N2CCC([C@H]3C[C@H]3COCc3ccc(S(C)(=O)=O)cc3F)CC2)nc1,0,test
Cc1nn(-c2ccnc(Nc3ccc4c(c3)c(Cl)c(C)n4C)n2)cc1CN1CC(O)C1,0,train
Cc1nn(-c2ccnc(Nc3ccc4c(c3)c(C)c(C)n4C)n2)cc1CN1CC(O)C1,0,train
COc1cc2ncnc(Nc3cccc(Cl)c3F)c2cc1CN1CCOCC1,0,test
Cc1ncn(-c2cc(Cl)c(C(=O)NC[C@@H](c3cccc(F)c3)c3ccc4[nH]c(C)nc4c3)c(Cl)c2)n1,0,train
COc1cc2[nH]c(C(CNC(=O)c3c(Cl)cc(-n4cnc(C)n4)cc3Cl)c3cccc(F)c3)nc2cc1Cl,0,train
Cc1ncn(-c2cc(Cl)c(C(=O)NCC(c3cccc(F)c3)c3nc4c(C)cc(Cl)cc4[nH]3)c(Cl)c2)n1,1,train
Cc1ncn(-c2cc(Cl)c(C(=O)NCC(c3cccc(F)c3)c3nc4cc(Cl)ccc4[nH]3)c(Cl)c2)n1,1,train
NC1=NC(=O)C2CCCN2c2ccc(cc2)OCCCCCCNCC(=O)Nc2c(Cl)cc(cc2Cl)CN1,0,test
CS(=O)(=O)c1ccc(-c2cnc3ccc(-c4cccc(S(C)(=O)=O)c4)nn23)cc1,1,train
CS(=O)(=O)c1ccc(-c2cnc3ccc(-c4cccc(S(C)(=O)=O)c4)cn23)cc1,1,test
CS(=O)(=O)c1ccc(-c2cnn3ccc(-c4cccc(S(=O)(=O)C5CC5)c4)cc23)cc1,1,val
CS(=O)(=O)c1ccc(-c2cnn3ccc(-c4cccc(S(=O)(=O)C5CC5)c4)nc23)cc1,1,val
O=C(c1ccc(F)cc1F)C1CCN(CCCOc2ccc(-c3nc4ccccc4o3)cc2)CC1,1,test
Fc1ccc2c(C3CCN(CCCOc4ccc(-c5nc6ccccc6o5)cc4)CC3)noc2c1,1,train
Fc1ccc2c(C3CCN(CCCOc4ccc(Cc5nc6ccccc6o5)cc4)CC3)noc2c1,1,train
Fc1ccc2c(C3CCN(CCCOc4ccc(CCc5nc6ccccc6o5)cc4)CC3)noc2c1,1,train
CC(c1ccc(OCCCN2CCC(c3noc4cc(F)ccc34)CC2)cc1)c1nc2ccccc2o1,1,test
CS(=O)(=O)n1cc2c(n1)CN([C@H]1CO[C@H](c3cc(F)ccc3F)[C@@H](N)C1)C2,0,train
N[C@H]1C[C@@H](N2Cc3cn(S(=O)(=O)C4CC4)nc3C2)CO[C@@H]1c1cc(F)ccc1F,0,train
Cc1noc([C@H]2CC2C(=O)NCc2ccc(-c3cccc(OC(F)(F)F)c3)c3c2CN(C(=O)NC(C)(C)C)CC3)n1,1,test
CC(C)(C)n1nnc2c1CCC(n1cnc(-c3ccc(F)cc3)n1)C2,1,test
CCOC[C@]12Cc3cnn(-c4ccc(F)cc4)c3C=C1CCN(S(=O)(=O)c1ccc(C(F)(F)F)cc1)C2,1,train
O=C(c1ccccn1)[C@]12Cc3cnn(-c4ccc(F)cc4)c3C=C1CCN(S(=O)(=O)c1ccc(F)cc1)C2,1,train
O=C(c1ccccn1)[C@]12Cc3cnn(-c4ccc(F)cc4)c3C=C1CCN(S(=O)(=O)c1ccc(C(F)(F)F)cc1)C2,1,train
O=C(COc1ccc2ccccc2c1Br)Nc1cccnc1,1,val
O=S(=O)(c1ccc(C(F)(F)F)cc1)N1CCC(CN2CCC(c3noc4cc(F)ccc34)CC2)CC1,1,val
O=[N+]([O-])c1ccc(S(=O)(=O)N2CCC(CN3CCC(c4noc5cc(F)ccc45)CC3)CC2)cc1,1,val
COCCCN1C[C@@H]2[C@@H](CNC(=O)c3nc(C(C)C)n4ccccc34)[C@@H]2C1,1,val
CC1(C#N)CN(c2cc(COc3ccc(F)c(F)c3F)nc(-c3ccccn3)n2)C1,1,test
Fc1ccc(OCc2cc(OCC3(F)COC3)nc(-c3ccccn3)n2)c(F)c1F,1,test
O=C(c1ccc(Cl)c(C(F)(F)F)c1)N1CCN(c2cc(=O)[nH]c(=O)n2Cc2ccc(OS(=O)(=O)c3cccc4cnccc34)cc2)CC1,0,test
O=C(O)C1CN(Cc2ccc(OCc3ccc(Cl)c(Cl)c3)cc2)C1,0,val
CCOC(=O)C1CCN(C(=O)c2ccc(C[C@@H]3CC[C@H]([C@H](O)c4ccccc4)N3)cc2)CC1,1,train
O=C(c1ccc(C[C@@H]2CC[C@H]([C@H](O)c3ccccc3)N2)cc1)N1CCC2(CCOC2=O)CC1,0,val
CC1(C)CC2(CCN(C(=O)c3ccc(C[C@@H]4CC[C@H]([C@H](O)c5ccccc5)N4)cc3)CC2)C(=O)O1,0,val
CCOC(=O)C1[C@H]2CN(C(=O)c3ccc(C[C@@H]4CC[C@H]([C@H](O)c5ccccc5)N4)cc3)C[C@@H]12,1,train
O=C(c1ccc(C[C@@H]2CC[C@H]([C@H](O)c3ccccc3)N2)cc1)N1C[C@@H]2[C@H](C1)[C@H]2c1nnco1,0,train
CCc1nnc([C@H]2[C@@H]3CN(C(=O)c4ccc(C[C@@H]5CC[C@H]([C@H](O)c6ccccc6)N5)cc4)C[C@@H]32)o1,0,train
Cn1nnc([C@H]2[C@@H]3CN(C(=O)c4ccc(C[C@@H]5CC[C@H]([C@H](O)c6ccccc6)N5)cc4)C[C@@H]32)n1,0,train
C[C@@H]1C[C@H](N)C[C@H](c2ccncc2NC(=O)c2ccc(F)c(-c3c(F)cccc3F)n2)C1,0,test
CNCc1cc(Oc2ccc3c(ccn3C(=O)Nc3ccc(F)c(C(F)(F)F)c3)c2)ncn1,1,test
O=C(Nc1cccc(C(F)(F)F)c1)n1ccc2cc(Oc3ncnc4c3CCNC4)ccc21,1,val
C[C@H]1Cc2c(ncnc2Oc2ccc3c(ccn3C(=O)Nc3cccc(C(F)(F)F)c3)c2)CN1,0,train
O=C(Nc1cccc(C(F)(F)F)c1)n1ccc2cc(Oc3ncnc4c3CNC4)ccc21,0,val
C[C@H]1Cc2c(ncnc2Oc2ccc3c(ccn3C(=O)Nc3cc(C4(C)CC4)[nH]n3)c2)CN1,0,train
CC(C)(C)c1cc(NC(=O)n2ccc3cc(Oc4ncnc5c4CCNC5)ccc32)no1,1,train
C[C@H]1Cc2c(ncnc2Oc2ccc3c(ccn3C(=O)Nc3cc(C(C)(C)C)on3)c2)CN1,0,train
CC(C)(C)c1cc(NC(=O)n2ccc3cc(Oc4ncnc5c4CNC5)ccc32)no1,0,train
Nc1ccc(-c2cnc(N)c(-c3ccc(Cl)cc3)c2)cn1,1,val
COc1ccc2ncc(F)c(CC(N)C34CCC(NCc5ccc6c(n5)NC(=O)CO6)(CC3)CO4)c2n1,0,train
COc1ccc2ncc(F)c(C(=O)CC34CCC(NCc5ccc6c(n5)NC(=O)CO6)(CC3)CO4)c2n1,1,train
COc1ccc2ncc(F)c(CC(=O)C34CCC(NCc5ccc6c(n5)NC(=O)CO6)(CC3)CO4)c2n1,1,train
COc1ccc2ncc(F)c(C[C@H](OC)C34CCC(NCc5ccc6c(n5)NC(=O)CO6)(CC3)CO4)c2n1,1,train
COc1ccc2ncc(F)c(CC(OCCO)C34CCC(NCc5ccc6c(n5)NC(=O)CO6)(CC3)CO4)c2n1,1,train
COc1ccc2ncc(F)c(CC(OCC(=O)O)C34CCC(NCc5ccc6c(n5)NC(=O)CO6)(CC3)CO4)c2n1,1,train
COc1ccc2ncc(F)c(CC(F)C34CCC(NCc5ccc6c(n5)NC(=O)CO6)(CC3)CO4)c2n1,1,train
COc1ccc2ncc(F)c(CC(NOC(C)=O)C34CCC(NCc5ccc6c(n5)NC(=O)CO6)(CC3)CO4)c2n1,0,train
COc1ccc2ncc(F)c(CC(NS(C)(=O)=O)C34CCC(NCc5ccc6c(n5)NC(=O)CO6)(CC3)CO4)c2n1,1,train
COc1ccc2ncc(F)c(CC(=NO)C34CCC(NCc5ccc6c(n5)NC(=O)CO6)(CC3)CO4)c2n1,1,train
CO/N=C(/Cc1c(F)cnc2ccc(OC)nc12)C12CCC(NCc3ccc4c(n3)NC(=O)CO4)(CC1)CO2,1,train
COc1ccc2ncc(F)c(CC(C)(O)C34CCC(NCc5ccc6c(n5)NC(=O)CO6)(CC3)CO4)c2n1,1,train
COc1ccc2ncc(F)c(CC(O)(C(F)(F)F)C34CCC(NCc5ccc6c(n5)NC(=O)CO6)(CC3)CO4)c2n1,1,train
COc1ccc2ncc(F)c(C(O)CC34CCC(NCc5ccc6c(n5)NC(=O)CO6)(CC3)CO4)c2n1,1,train
COc1ccc2ncc(F)c(C(C)(O)CC34CCC(NCc5ccc6c(n5)NC(=O)CO6)(CC3)CO4)c2n1,1,train
COc1ccc2ncc(F)c(C(CO)CC34CCC(NCc5ccc6c(n5)NC(=O)CO6)(CC3)CO4)c2n1,0,train
CCOC(=O)C(CC12CCC(NCc3ccc4c(n3)NC(=O)CO4)(CC1)CO2)c1c(F)cnc2ccc(OC)nc12,1,train
COc1ccc2ncc(F)c(C(CC34CCC(NCc5ccc6c(n5)NC(=O)CO6)(CC3)CO4)C(=O)O)c2n1,1,train
COc1ccc2ncc(F)c([C@@H](O)[C@H](O)C34CCC(NCc5ccc6c(n5)NC(=O)CO6)(CC3)CO4)c2n1,0,train
COc1ccc2ncc(F)c([C@H](O)[C@@H](O)C34CCC(NCc5ccc6c(n5)NC(=O)CO6)(CC3)CO4)c2n1,0,train
COc1ccc2ncc(F)c([C@H]3OC(=O)O[C@@H]3C34CCC(NCc5ccc6c(n5)NC(=O)CO6)(CC3)CO4)c2n1,0,train
COc1ccc2ncc(F)c([C@@H]3OC(=O)O[C@H]3C34CCC(NCc5ccc6c(n5)NC(=O)CO6)(CC3)CO4)c2n1,1,train
COc1ccc2c(c1)[C@@H]1C[C@]1(C(=O)N1C3CCC1CN(C)C3)Cn1c-2c(C2CCCCC2)c2ccc(C(=O)NS(=O)(=O)C(C)C)cc21,0,train
COc1ccc2c(c1)[C@@H]1C[C@]1(C(=O)N1C3CCC1CN(C)C3)Cn1c-2c(C2CCCCC2)c2ccc(C(=O)NS(=O)(=O)CC(C)C)cc21,0,train
COc1ccc2c(c1)[C@@H]1C[C@]1(C(=O)N1C3CCC1CN(C)C3)Cn1c-2c(C2CCCCC2)c2ccc(C(=O)NS(=O)(=O)C3CCC3)cc21,0,train
COc1cc(N)c(Cl)cc1C(=O)N[C@H]1CCN(CCCn2cccc2)C[C@H]1OC,1,train
COc1cc(N)c(Cl)cc1C(=O)N[C@H]1CCN(CCCn2ccnc2)C[C@H]1OC,1,train
COc1cc(N)c(Cl)cc1C(=O)N[C@H]1CCN(CCCn2cncn2)C[C@H]1OC,1,train
COc1cc(N)c(Cl)cc1C(=O)N[C@H]1CCN(CCC(=O)N2CCC(Cc3ccccc3)CC2)C[C@H]1OC,1,train
COC(=O)N1CCC(CN2CC[C@H](NC(=O)c3cc(Cl)c(N)cc3OC)[C@H](OC)C2)CC1,1,train
COc1cc(N)c(Cl)cc1C(=O)N[C@H]1CCN(CC2CCN(C(=O)CC(C)C)CC2)C[C@H]1OC,1,train
CCOC(=O)N1CCC(CN2CC[C@H](NC(=O)c3cc(Cl)c(N)cc3OC)[C@H](OC)C2)CC1,1,train
CCC(=S)N1CCC(CN2CC[C@H](NC(=O)c3cc(Cl)c(N)cc3OC)[C@H](OC)C2)CC1,1,train
COc1cc(N)c(Cl)cc1C(=O)N[C@H]1CCN(CC2CCN(C(=S)C(C)C)CC2)C[C@H]1OC,1,train
COc1cc(N)c(Cl)cc1C(=O)N[C@H]1CCN(CC2CCN(C(=O)NC(C)C)CC2)C[C@H]1OC,1,train
Cc1[nH]c(NC(=O)c2cc(CNC(=O)C(C)C)cnc2C(F)F)nc1-c1ccc(C(F)(F)F)cc1,0,test
O=S(=O)(Nc1ccc(CCNC[C@H](O)c2cccnc2)cc1)c1ccc(-c2nc(-c3ccc(C(F)(F)F)cc3)cs2)cc1,1,test
O=C(Cn1cnc2ccccc2c1=O)Nc1ccc(C[C@@H]2CC[C@H]([C@H](O)c3ccccc3)N2)cc1,1,test
COc1ccccc1N1CCN(CCCCCC(=O)n2c3ccccc3c3ccccc32)CC1,1,val
Cc1ncoc1-c1nnc(SCCCN2CCOC(c3ccc(F)cc3)C2)n1C,1,train
Cc1ncoc1-c1nnc(SCCCN2CCOC(c3ccc(C(F)(F)F)cc3)C2)n1C,1,train
Cc1ncoc1-c1nnc(SCCCCN2CCOC(c3ccc(C(F)(F)F)cc3)C2)n1C,1,train
Cn1c(SCCCN2CCOC(c3ccc(C(F)(F)F)cc3)C2)nnc1-c1ccc(C(N)=O)nc1,1,train
Cn1c(SCCCN2CCOC(c3ccc(C(F)(F)F)cc3)C2)nnc1-c1ccc(C(N)=O)cc1,1,train
Cn1c(SCCCN2CCOC(c3ccc(C(F)(F)F)cc3)C2)nnc1-c1ccc(-c2ncco2)cc1,1,train
Cc1ccc(C2CN(CCCSc3nnc(-c4ccc(-c5noc(C)n5)cc4)n3C)CCO2)cc1,1,val
CN(C)Cc1cc(C(=O)N[C@@H]2CCc3ccc(Oc4ccnc5c4CCC(=O)N5)cc3C2)cc(C(F)(F)F)c1,1,train
CNCc1cc(C(=O)N[C@@H]2CCc3ccc(Oc4ccnc5c4CCC(=O)N5)cc3C2)cc(C(F)(F)F)c1,1,train
CCNCc1cc(C(=O)N[C@@H]2CCc3ccc(Oc4ccnc5c4CCC(=O)N5)cc3C2)cc(C(F)(F)F)c1,1,train
NCc1cc(C(=O)N[C@@H]2CCc3ccc(Oc4ccnc5c4CCC(=O)N5)cc3C2)cc(C(F)(F)F)c1,1,train
CC(C)(N)c1cc(C(=O)N[C@@H]2CCc3ccc(Oc4ccnc5c4CCC(=O)N5)cc3C2)cc(C(F)(F)F)c1,1,train
NC1(c2cc(C(=O)N[C@@H]3CCc4ccc(Oc5ccnc6c5CCC(=O)N6)cc4C3)cc(C(F)(F)F)c2)CCC1,1,train
N[C@H](CO)c1cc(C(=O)N[C@@H]2CCc3ccc(Oc4ccnc5c4CCC(=O)N5)cc3C2)cc(C(F)(F)F)c1,0,train
O=C1CCc2c(Oc3ccc4c(c3)C[C@H](NC(=O)c3cc(C(F)(F)F)cc(C5(O)CNC5)c3)CC4)ccnc2N1,1,train
O=C(O)CN(C1(c2ccc(-c3ccccc3OC(F)(F)F)cc2)CCC1)S(=O)(=O)c1ccc(OC(F)F)cc1,0,val
CC1(C)CCc2cc(S(=O)(=O)N(CC(=O)O)C3(c4cccc(-c5cc(Cl)cc(Cl)c5)c4)CCC3)ccc2O1,0,val
CC1(C)CCc2cc(S(=O)(=O)N(CC(=O)O)Cc3cccc(-c4ccccc4)c3)ccc2O1,0,test
O=C(O)CN(Cc1cccc(-c2ccccc2OC(F)(F)F)c1)S(=O)(=O)c1ccc(OC(F)F)cc1,0,test
C=CCOc1cc(F)c(F)cc1C1CC1CN,1,train
Cn1c(SCCCN2CC3CCN(c4ccc(C(F)(F)F)cc4)C3C2)nnc1-c1cc[nH]c(=O)c1,1,train
Cn1c(SCCCN2CC3CCN(c4ccc(C(F)(F)F)cc4)C3C2)nnc1-c1ccc(=O)[nH]c1,1,train
Cn1c(SCCCN2CC3CCN(c4ccc(C(F)(F)F)cc4)C3C2)nnc1-c1ccc(=O)n(C)c1,1,train
Cn1c(SCCCN2CC3CCN(c4ccc(F)cc4)C3C2)nnc1-c1cc[nH]c(=O)c1,1,train
Cn1c(SCCCN2CC3CCN(c4ccc(F)cc4)C3C2)nnc1-c1ccn(C)c(=O)c1,1,train
Cn1c(SCCCN2CC3CCN(c4c(F)cc(F)cc4F)C3C2)nnc1-c1ccn(C)c(=O)c1,1,test
Cn1c(SCCCN2CC3CCN(c4ccc(C(F)(F)F)cc4)C3C2)nnc1N1CCOCC1,1,train
Cn1c(SCCCN2CC3CCN(c4ccccc4)C3C2)nnc1C1CCOCC1,1,val
Cn1c(SCCCN2CC3CCN(c4ccc(F)cc4)C3C2)nnc1C1CCOCC1,1,train
Cn1c(SCCCN2CC3CCN(c4ccc(C(F)(F)F)cc4)C3C2)nnc1C1CCCC1,1,train
Cn1c(SCCCN2CC3CCN(c4ccc(C(F)(F)F)cc4)C3C2)nnc1C1CCCCC1,1,train
Cn1c(SCCCN2CC3CCN(c4ccc(F)cc4)C3C2)nnc1C1CCCCC1,1,train
Cc1ncoc1-c1nnc(SCCCN2CC3CN(c4ccc(C(F)(F)F)cc4)C3C2)n1C,1,train
Cn1c(SCCCN2CC3CCN(c4ccccc4C(F)(F)F)C3C2)nnc1-c1ccccn1,1,train
Cn1c(SCCCN2CC3CCN(c4ccccc4C(F)(F)F)C3C2)nnc1-c1ccncc1,1,val
Cn1c(SCCCN2CC3CCN(c4ccccc4C(F)(F)F)C3C2)nnc1-c1cccnc1,1,val
Cn1c(SCCCN2CC3CCN(c4ccc(C(F)(F)F)cc4)C3C2)nnc1-c1ccccn1,1,train
Cn1c(SCCCN2CC3CCN(c4ccc(C(F)(F)F)cc4)C3C2)nnc1-c1cccnc1,1,train
Cn1cc(-c2nnc(SCCCN3CC4CCN(c5ccc(C(F)(F)F)cc5)C4C3)n2C)cn1,1,train
Cn1c(SCCCN2CC3CCN(c4ccc(C(F)(F)F)cc4)C3C2)nnc1-c1cccnn1,1,train
Cn1c(SCCCN2CC3CCN(c4ccc(C(F)(F)F)cc4)C3C2)nnc1-c1ccncn1,1,train
Cn1c(SCCCN2CC3CCN(c4ccc(C(F)(F)F)cc4)C3C2)nnc1-c1cncnc1,1,train
Cn1c(SCCCN2CC3CCN(c4c(F)cc(F)cc4F)C3C2)nnc1-c1cnccn1,1,train
Cn1c(SCCCN2CC3CCN(c4c(F)cccc4F)C3C2)nnc1-c1cnccn1,1,train
Cn1c(SCCCN2CC3CCN(c4c(F)cccc4C(F)(F)F)C3C2)nnc1-c1cnccn1,1,train
Cn1c(SCCCN2CC3CCN(c4ccc(F)cc4C(F)(F)F)C3C2)nnc1-c1cnccn1,1,train
COc1cc(N2CCC3CN(CCCSc4nnc(-c5cnccn5)n4C)CC32)ccc1F,1,train
Cn1c(SCCCN2CC3CCN(c4ccc(F)cc4F)C3C2)nnc1-c1cnccn1,1,train
CC(C)Oc1ccccc1N1CCC2CN(CCCSc3nnc(-c4cnccn4)n3C)CC21,1,train
Cn1c(SCCCN2CC3CCN(c4ccccc4C#N)C3C2)nnc1-c1cnccn1,1,train
Cn1c(SCCCN2CC3CCN(c4cccc(C#N)c4)C3C2)nnc1-c1cnccn1,1,train
Cn1c(SCCCN2CC3CCN(c4ccc(C#N)cc4)C3C2)nnc1-c1cnccn1,1,train
Cn1c(SCCCN2CC3CCN(c4ccccc4OC(F)(F)F)C3C2)nnc1-c1cnccn1,1,train
Cn1c(SCCCN2CC3CCN(c4cccc(OC(F)(F)F)c4)C3C2)nnc1-c1cnccn1,1,train
COc1ccccc1N1CCC2CN(CCCSc3nnc(-c4cnccn4)n3C)CC21,1,train
COc1cccc(N2CCC3CN(CCCSc4nnc(-c5cnccn5)n4C)CC32)c1,1,train
COc1ccc(N2CCC3CN(CCCSc4nnc(-c5cnccn5)n4C)CC32)cc1,1,train
Cc1ccccc1N1CCC2CN(CCCSc3nnc(-c4cnccn4)n3C)CC21,1,train
Cc1cccc(N2CCC3CN(CCCSc4nnc(-c5cnccn5)n4C)CC32)c1,1,train
Cc1ccc(N2CCC3CN(CCCSc4nnc(-c5cnccn5)n4C)CC32)cc1,1,train
Cn1c(SCCCN2CC3CCN(c4ccccc4F)C3C2)nnc1-c1cnccn1,1,train
Cn1c(SCCCN2CC3CCN(c4cccc(F)c4)C3C2)nnc1-c1cnccn1,1,train
Cn1c(SCCCN2CC3CCN(c4ccc(F)cc4)C3C2)nnc1-c1cnccn1,1,train
Cn1c(SCCCN2CC3CCN(c4ccccc4C(F)(F)F)C3C2)nnc1-c1cnccn1,1,train
Cn1c(SCCCN2CC3CCN(c4ccc(C(F)(F)F)cc4)C3C2)nnc1-c1cnccn1,1,train
Cc1ncoc1-c1nnc(SCCCN2CC3CCN(c4ccccc4OC(F)(F)F)C3C2)n1C,1,train
Cc1ncoc1-c1nnc(SCCCN2CC3CCN(c4c(F)cccc4F)C3C2)n1C,1,train
Cc1ncoc1-c1nnc(SCCCN2CC3CCN(c4ccc(Cl)cc4Cl)C3C2)n1C,1,train
Cc1ncoc1-c1nnc(SCCCN2CC3CCN(c4cccc(C#N)c4)C3C2)n1C,1,train
Cc1ncoc1-c1nnc(SCCCN2CC3CCN(c4cccc(F)c4)C3C2)n1C,1,train
Cc1ncoc1-c1nnc(SCCCN2CC3CCN(c4ccc(F)cc4)C3C2)n1C,1,train
Cc1ncoc1-c1nnc(SCCCN2CC3CCN(c4ccc(C(F)(F)F)cc4F)C3C2)n1C,1,train
Cc1ncoc1-c1nnc(SCCCN2CC3CCN(c4ccc(C(F)(F)F)cc4)C3C2)n1C,1,train
Cc1ncoc1-c1nnc(SCCCN2CC3CCN(c4ccccc4)C3C2)n1C,1,train
COc1cccc(-c2c[nH]c([C@H]3Cc4c([nH]c5ccccc45)[C@](c4cnn(C)c4)(c4noc(C)n4)N3)n2)n1,1,train
Cc1nc([C@@]2(c3cnn(C)c3)N[C@@H](c3nc(-c4ccc(F)cn4)c[nH]3)Cc3c2[nH]c2ccccc32)no1,1,train
Cc1nc([C@@]2(c3cnn(C)c3)N[C@@H](c3nc(-c4ccccn4)c[nH]3)Cc3c2[nH]c2ccccc32)no1,1,train
Cc1nc([C@]2(c3cnn(C)c3)N[C@@H](c3nc(-c4ccccn4)c[nH]3)Cc3c2[nH]c2ccccc32)no1,1,train
Cc1nc([C@@]2(c3cnn(C)c3)N[C@@H](c3nc(-c4ccccc4)c[nH]3)Cc3c2[nH]c2ccccc32)no1,1,train
Cc1nc([C@]2(c3cnn(C)c3)N[C@@H](c3nc(-c4ccccc4)c[nH]3)Cc3c2[nH]c2ccccc32)no1,1,train
COc1cccc(-c2c[nH]c([C@H]3Cc4c([nH]c5ccccc45)[C@@H](C4CCOCC4)N3)n2)n1,1,train
Clc1ccc(-c2c[nH]c([C@H]3Cc4c([nH]c5ccccc45)[C@@H](C4CCOCC4)N3)n2)nc1,1,train
Fc1ccc(-c2c[nH]c([C@H]3Cc4c([nH]c5ccccc45)[C@@H](C4CCOCC4)N3)n2)nc1,1,train
c1ccc2c3c([nH]c2c1)[C@@H](C1CCOCC1)N[C@@H](c1nc(-c2cscn2)c[nH]1)C3,1,train
c1cncc(-c2c[nH]c([C@H]3Cc4c([nH]c5ccccc45)[C@@H](C4CCOCC4)N3)n2)c1,1,train
c1ccc2c3c([nH]c2c1)[C@@H](C1CCOCC1)N[C@@H](c1nc(-c2ccncc2)c[nH]1)C3,1,train
c1ccc(-c2c[nH]c([C@H]3Cc4c([nH]c5ccccc45)[C@@H](C4CCOCC4)N3)n2)nc1,1,train
c1ccc2c3c([nH]c2c1)[C@@H](C1CCOCC1)N[C@@H](c1nc(-c2csc4ccccc24)c[nH]1)C3,1,train
Clc1ccc(-c2c[nH]c([C@H]3Cc4c([nH]c5ccccc45)[C@@H](C4CCOCC4)N3)n2)s1,1,train
c1ccc2c3c([nH]c2c1)[C@@H](C1CCOCC1)N[C@@H](c1nc(-c2ccsc2)c[nH]1)C3,1,train
Fc1ccc(-c2c[nH]c([C@H]3Cc4c([nH]c5ccccc45)[C@@H](C4CCOCC4)N3)n2)c(F)c1,1,train
Fc1ccc(-c2c[nH]c([C@H]3Cc4c([nH]c5ccccc45)[C@@H](C4CCOCC4)N3)n2)cc1F,1,train
O=C(O)c1cccc(-c2c[nH]c([C@H]3Cc4c([nH]c5ccccc45)[C@@H](C4CCOCC4)N3)n2)c1,1,train
c1ccc(-c2ccc(-c3c[nH]c([C@H]4Cc5c([nH]c6ccccc56)[C@@H](C5CCOCC5)N4)n3)cc2)cc1,1,train
FC(F)(F)Oc1cccc(-c2c[nH]c([C@H]3Cc4c([nH]c5ccccc45)[C@@H](C4CCOCC4)N3)n2)c1,1,train
FC(F)(F)Oc1ccc(-c2c[nH]c([C@H]3Cc4c([nH]c5ccccc45)[C@@H](C4CCOCC4)N3)n2)cc1,1,train
COc1cccc(-c2c[nH]c([C@H]3Cc4c([nH]c5ccccc45)[C@@H](C4CCOCC4)N3)n2)c1,1,train
COc1ccc(-c2c[nH]c([C@H]3Cc4c([nH]c5ccccc45)[C@@H](C4CCOCC4)N3)n2)cc1,1,train
Oc1ccc(-c2c[nH]c([C@H]3Cc4c([nH]c5ccccc45)[C@@H](C4CCOCC4)N3)n2)cc1,1,train
FC(F)(F)c1ccc(-c2c[nH]c([C@H]3Cc4c([nH]c5ccccc45)[C@@H](C4CCOCC4)N3)n2)cc1,1,train
Cc1ccc(-c2c[nH]c([C@H]3Cc4c([nH]c5ccccc45)[C@@H](C4CCOCC4)N3)n2)cc1,1,train
Clc1ccc(-c2c[nH]c([C@H]3Cc4c([nH]c5ccccc45)[C@@H](C4CCOCC4)N3)n2)cc1,1,train
Fc1ccccc1-c1c[nH]c([C@H]2Cc3c([nH]c4ccccc34)[C@@H](C3CCOCC3)N2)n1,1,train
Fc1cccc(-c2c[nH]c([C@H]3Cc4c([nH]c5ccccc45)[C@@H](C4CCOCC4)N3)n2)c1,1,train
c1ccc2c3c([nH]c2c1)C(C1CCOCC1)NC(c1nc(C24CC5CC(CC(C5)C2)C4)c[nH]1)C3,1,train
CC(C)(C)c1c[nH]c(C2Cc3c([nH]c4ccccc34)C(C3CCOCC3)N2)n1,1,train
c1ccc2c3c([nH]c2c1)C(C1CCOCC1)NC(c1nc(C2CCCCC2)c[nH]1)C3,1,train
CC1(c2nc(-c3ccccc3)c[nH]2)Cc2c([nH]c3ccccc23)C(C2CCOCC2)N1,1,test
Cc1cc(C)n(Cc2ccc(C(=O)NCC3(c4nc(-c5ccccc5)cs4)CCOCC3)cc2)n1,0,test
CC(C)(C)NC(=O)c1c2ccccc2c(O)n1Cc1ccccc1-c1ccccc1,0,train
CCCCNC(=O)c1c2ccccc2c(O)n1CC(C)c1ccc(Cl)cc1,0,test
Cc1c(O)ccc2c(C(=O)NC(C)(C)C)n(Cc3ccccc3-c3ccccc3)c(O)c12,0,train
CC(C)(C)NC(=O)c1c2ccc(O)cc2c(O)n1Cc1ccccc1-c1ccccc1,0,train
CC(C)(C)NC(=O)c1c2ccc(NS(C)(=O)=O)cc2c(O)n1Cc1ccccc1-c1ccccc1,0,train
CC(C)(C)NC(=O)c1c2c(O)cccc2c(O)n1Cc1ccccc1-c1ccccc1,0,train
COc1ccc2c(C(=O)NC(C)(C)C)n(Cc3ccccc3-c3ccccc3)c(O)c2c1C,0,train
Cc1c(OC(F)F)ccc2c(C(=O)NC(C)(C)C)n(Cc3ccccc3-c3ccccc3)c(O)c12,0,train
Cc1c(OCF)ccc2c(C(=O)NC(C)(C)C)n(Cc3ccccc3-c3ccccc3)c(O)c12,0,train
COc1ccc2c(C(=O)NC(C)(C)C)n(Cc3ccccc3-c3ccccc3)c(O)c2c1,0,train
CC(C)(C)NC(=O)c1c2ccccc2c(O)n1Cc1ccccc1-c1ccc(F)cc1,0,train
Cc1c(O)ccc2c(C(=O)NC(C)(C)C)n(Cc3ccccc3-c3ccc(F)c(F)c3)c(O)c12,0,train
CCCC(=O)OC(C(=O)N1N=CCC1C(=O)NCc1cc(Cl)ccc1-n1cnnn1)c1ccc(F)cc1,0,train
CCCCC(=O)OC(C(=O)N1N=CCC1C(=O)NCc1cc(Cl)ccc1-n1cnnn1)c1ccc(F)cc1,0,train
O=C(OC(C(=O)N1N=CCC1C(=O)NCc1cc(Cl)ccc1-n1cnnn1)c1ccc(F)cc1)c1ccccc1,1,train
COc1cc2c(cc1Nc1ncc(Cl)c(Nc3ccccc3S(=O)(=O)C(C)C)n1)CC/C(=N\N1CCN(C)CC1)C2(C)C,0,train
COc1cc2c(cc1Nc1ncc(Cl)c(Nc3ccccc3S(=O)(=O)C(C)C)n1)CCC(N)C2(C)C,0,train
O=C(c1nnc(-c2ccc(Cl)cc2)o1)N1CCC(Oc2ccc(CN3CCCC3)cc2)CC1,1,train
O=C(c1nnc(-c2ccccc2)o1)N1CCC(Oc2ccc(CN3CCCC3)cc2)CC1,0,train
COc1ccc(-c2nnc(C(=O)N3CCC(Oc4ccc(CN5CCCC5)cc4)CC3)o2)cc1,0,train
O=C(c1nnc(-c2ccc(OC(F)F)cc2)o1)N1CCC(Oc2ccc(CN3CCCC3)cc2)CC1,1,train
O=C(c1nnc(-c2ccc(F)cc2)o1)N1CCC(Oc2ccc(CN3CCCC3)cc2)CC1,1,train
O=C(c1nnc(-c2ccccc2Cl)o1)N1CCC(Oc2ccc(CN3CCCC3)cc2)CC1,1,train
COc1ccc(-c2nnc(C(=O)N3CCC(Oc4ccc(CN5CCCC5)nc4)CC3)o2)cc1,0,train
COc1ccc(-c2nnc(C(=O)N3CCC(Oc4ccc(CN5CCN(C)CC5)cc4)CC3)o2)cc1,0,train
COc1ccc(-c2nnc(C(=O)N3CCC(Oc4ccc(CN5CCOCC5)cc4)CC3)o2)cc1,0,train
COc1ccc(-c2nnc(C(=O)N3CC(Oc4ccc(CN5CCOCC5)c(OC)c4)C3)o2)cc1,1,train
O=C(c1nnc(-c2ccccc2)o1)N1CCC(Oc2ccc(CN3CCC(O)C3)cc2)CC1,0,train
COc1ccc(-c2nnc(C(=O)N3CCC(Oc4ccc(CN5CCC(O)C5)cc4)CC3)o2)cc1,0,train
COc1ccc(-c2nnc(C(=O)N3CC(Oc4ccc(CN5CCC(C)(O)C5)cc4)C3)o2)cc1,0,train
COc1ccc(-c2nnc(C(=O)N3CC(Oc4ccc(CN5CC(OC)C5)cc4)C3)o2)cc1,1,train
COc1ccc(-c2nnc(C(=O)N3CCC(Oc4ccc(CN5CC(O)C(C)(C)C5)cc4)CC3)o2)cc1,1,train
COc1ccc(-c2nnc(C(=O)N3CC(Oc4ccc(CN(C)CC5(C)COC5)cc4)C3)o2)cc1,0,train
CN(Cc1ccc(OC2CN(C(=O)c3nnc(-c4ccccc4)o3)C2)cc1)CC1(C)COC1,0,test
COc1ccc(-c2nnc(C(=O)N3CC(Oc4ccc(CN5CCCOCC5)cc4)C3)o2)cc1,0,train
COc1ccc(-c2nnc(C(=O)N3CC(Oc4ccc(CN5CCCC56COC6)cc4)C3)o2)cc1,0,train
COc1ccc(-c2nnc(C(=O)N3CC(Oc4ccc(CN5CC6(CCOC6)C5)cc4)C3)o2)cc1,0,train
O=C(c1nnc(-c2ccccc2)o1)N1CC(Oc2ccc(CN3CC4(CCOC4)C3)cc2)C1,0,train
COc1ccc(-c2nnc(C(=O)N3CC(Oc4ccc(CN5CC6(CCCO6)C5)cc4)C3)o2)cc1,0,train
O=C(c1nnc(-c2ccccc2)o1)N1CC(Oc2ccc(CN3CC4(CCCO4)C3)cc2)C1,1,train
COc1ccc(-c2nnc(C(=O)N3CC(Oc4ccc(CN5CC6(COC6)C5)cc4)C3)o2)cc1,0,train
O=C(c1nnc(-c2ccccc2)o1)N1CC(Oc2ccc(CN3CC4(COC4)C3)cc2)C1,0,train
Cc1cc(CN(C)C)ccc1OC1CN(C(=O)c2nnc(-c3ccccc3)o2)C1,1,train
COc1ccc(-c2nnc(C(=O)N3CC(Oc4ccc(CN(C)C)c(C)c4)C3)o2)cc1,1,train
COc1ccc(-c2nnc(C(=O)N3CC(Oc4ccc(CN(C)C)c(F)c4)C3)o2)cc1,0,train
COc1ccc(-c2nnc(C(=O)N3CC(Oc4ccc(CN(C)C)cc4)C3)o2)cc1,0,train
COc1ccc(-c2nnc(C(=O)N3CC(Oc4ccc(CN5CCCC5)cc4)C3)o2)cc1,1,train
O=C(c1nc(-c2ccccc2)no1)N1CCC(Oc2ccc(CN3CCCC3)cc2)CC1,1,train
Cc1oc(-c2ccccc2)nc1C(=O)N1CCC(Oc2ccc(CN3CCCC3)cc2)CC1,1,train
Cn1nc(C(=O)N2CCC(Oc3ccc(CN4CCCC4)cc3)CC2)cc1-c1ccccc1,1,train
O=C(c1noc(-c2ccccc2)n1)N1CCC(Oc2ccc(CN3CCCC3)cc2)CC1,1,train
O=C(c1cc(-c2ccccc2)on1)N1CCC(Oc2ccc(CN3CCCC3)cc2)CC1,1,train
Nc1ncnc2c1c(-c1cccc(OCc3ccccc3)c1)cn2[C@H]1C[C@@H](CN2CCC2)C1,1,train
Nc1ncnc2c1c(-c1cccc(O)c1)cn2[C@H]1C[C@@H](CN2CCC2)C1,1,train
Nc1ncnc2c1c(-c1cccc(OC[C@@H]3CCCO3)c1)cn2[C@H]1C[C@@H](CN2CCC2)C1,1,train
Nc1ncnc2c1c(-c1cccc(OCC34CCC(CC3)O4)c1)cn2[C@H]1C[C@@H](CN2CCC2)C1,1,train
CC(=O)N1CCN([C@H]2C[C@@H](n3cc(-c4cccc(OCC56CCC(CC5)O6)c4)c4c(N)ncnc43)C2)CC1,0,train
C=CC(=O)Nc1cccc(Oc2nc(Nc3ccc(N4CCN(C)CC4)cc3)nc3[nH]ccc23)c1,1,test
Cc1cc(F)ccc1C1CCN(CC2Cc3ccccc3CN2)CC1,1,train
Cc1cc(F)ccc1C1CCN(CC2Cc3c(Cl)ccc(O)c3CN2)CC1,1,train
CN1C(=O)c2ccccc2CC1CN1CCC2(CCc3ccccc32)CC1,1,test
CC(=O)N1Cc2ccccc2CC1CN1CCC2(CCc3ccccc32)CC1,1,val
Oc1ccc(Cl)c2c1CNC(CN1CCC3(CCc4ccccc43)CC1)C2,1,train
Oc1ccc(Br)c2c1CNC(CN1CCC3(CCc4ccccc43)CC1)C2,1,train
Oc1cccc2c1CNC(CN1CCC3(CCc4ccccc43)CC1)C2,1,train
Oc1ccc2c(c1)CC(CN1CCC3(CCc4ccccc43)CC1)NC2,1,train
c1ccc2c(c1)CC(CN1CCC3(CCc4ccccc43)CC1)CO2,1,val
O=c1cnc2ccc(F)c3c2n1C[C@H]3CN1CCC(NCc2cc3c(nn2)OCCO3)CC1,0,train
O=C1OCc2cc(/C=C/C3CCN(C(=O)Cc4ccc(-n5cnnn5)cc4)CC3)ccc21,1,train
O=C1OCc2cc(CCC3C4CN(C(=O)Cc5ccc(-n6cnnn6)cc5)CC34)ccc21,1,train
O=C1OCc2cc(CCC3CCN(C(=O)Cc4ccc(-n5cnnn5)nc4)CC3)ccc21,1,train
O=C1OCc2cc(CCC3CCN(C(=O)Cc4ccc(-n5cnnn5)cn4)CC3)ccc21,1,train
O=C1OCc2cc(CCC3(F)CCN(C(=O)Cc4ccc(-n5cnnn5)cc4)CC3)ccc21,1,train
O=C1OCc2cc(CCC3(O)CCN(C(=O)Cc4ccc(-n5cnnn5)cc4)CC3)ccc21,1,train
Cc1c(CCC2CCN(C(=O)Cc3ccc(-n4cnnn4)cc3)CC2)ccc2c1COC2=O,1,train
O=C1OCc2cc(CCN3CCN(C(=O)Cc4ccc(-n5cnnn5)nc4)CC3)ccc21,1,train
O=C1OCc2cc(CCN3CCN(C(=O)Cc4ccc(-n5cnnn5)cn4)CC3)ccc21,0,train
O=C1OCc2nc(CCN3CCN(C(=O)Cc4ccc(-n5cnnn5)cc4)CC3)ccc21,0,train
O=C1OCc2cc(CCC3CCN(C(=O)Cc4ccc(-n5cnnn5)cc4)CC3)ccc21,1,train
Cc1c(CCN2CCN(C(=O)Cc3ccc(-n4cnnn4)cn3)CC2)ccc2c1COC2=O,0,train
Cc1c(CCN2CCN(C(=O)Cc3ccc(-n4cnnn4)nc3)CC2)ccc2c1COC2=O,0,train
Cc1c(CCN2CCN(C(=O)Cc3cnc(-n4cnnn4)cn3)CC2)ccc2c1COC2=O,0,train
Cc1cc(-n2cnnn2)cnc1CC(=O)N1CCN(CCc2ccc3c(c2C)COC3=O)CC1,0,train
Cc1cc(-n2cnnn2)ncc1CC(=O)N1CCN(CCc2ccc3c(c2C)COC3=O)CC1,1,train
Cc1nc(-n2cnnn2)ccc1CC(=O)N1CCN(CCc2ccc3c(c2C)COC3=O)CC1,1,train
Cc1cc(-n2cnnn2)ncc1C(C)C(=O)N1CCN(CCc2ccc3c(c2C)COC3=O)CC1,0,train
Cc1nc(-n2cnnn2)ccc1C(C)C(=O)N1CCN(CCc2ccc3c(c2C)COC3=O)CC1,1,train
Cc1c(CCN2CCN(C(=O)Cc3cncc(-n4cnnn4)c3)CC2)ccc2c1COC2=O,0,train
Cc1c(C(C)CN2CCN(C(=O)Cc3ccc(-n4cnnn4)nc3)CC2)ccc2c1COC2=O,0,train
Cc1c(C(F)CN2CCN(C(=O)Cc3ccc(-n4cnnn4)nc3)CC2)ccc2c1COC2=O,0,train
Cc1c(C(O)CN2CCN(C(=O)Cc3ccc(-n4cnnn4)nc3)CC2)ccc2c1COC2=O,0,train
COc1c(C(O)CN2CCN(C(=O)Cc3ccc(-n4cnnn4)nc3)CC2)ccc2c1COC2=O,0,train
CN(C)C(=O)c1cc(CN2CCOc3c(F)cccc32)c2oc(N3CCOCC3)cc(=O)c2c1,0,test
O=C(O)C1CN(Cc2ccc(-c3noc(-c4onc(-c5ccccc5)c4C(F)(F)F)n3)cc2)C1,0,train
COc1nc(N2CC3C(=O)N(C)C(N)=N[C@@]3(c3ccc(F)cc3F)C2)nc(C)c1F,1,val
CNC(=O)c1cc(Oc2ccc3nc(NC(=O)c4cc(C(F)(F)F)cc(C(F)(F)F)c4)sc3c2)ccn1,0,test
CC(C)CS(=O)(=O)n1ccc2c(-c3ccc(C(F)(F)F)cc3)cc(N3CCN(C)CC3)nc21,1,val
CC(C)CS(=O)(=O)n1ccc2c(-c3ccc(C(F)(F)F)cc3)cc(N3CCNCC3)nc21,1,val
O=C1N[C@H](c2cncc(C#Cc3ccccc3)c2)[C@@H](c2cc(F)ccc2F)O1,1,test
Cc1cc2ncc3c(n2n1)CN([C@H]1CC[C@H](c2cc(F)c(F)cc2F)[C@@H](N)C1)C3,1,val
Cc1cc2ncc3c(n2n1)CN([C@H]1CO[C@H](c2cc(F)c(F)cc2F)[C@@H](N)C1)C3,1,val
N[C@H]1C[C@@H](N2Cc3cnc4nnc(C5CC5)n4c3C2)CC[C@@H]1c1cc(F)c(F)cc1F,1,test
Cc1ccn2nc3c(c2n1)CN([C@H]1CO[C@H](c2cc(F)ccc2F)[C@@H](N)C1)C3,0,train
Cc1ccnc2c3c(nn12)CN([C@H]1CO[C@H](c2cc(F)ccc2F)[C@@H](N)C1)C3,0,train
N[C@H]1C[C@@H](N2Cc3nn4nccnc4c3C2)CO[C@@H]1c1cc(F)ccc1F,0,train
O=c1ccc(OCCCN2CCCCC2)nn1-c1ccc(Cl)cc1,1,test
O=c1ccc(OCCCN2CCCCC2)nn1-c1ccc(Cl)c(Cl)c1,1,train
O=c1ccc(OCCCN2CCCCC2)nn1-c1ccc(F)c(Cl)c1,1,train
O=c1ccc(OCCCN2CCCCC2)nn1-c1ccc(F)c(F)c1,1,train
CC1CCN(CCCOc2ccc(=O)n(-c3ccc(Cl)cc3)n2)CC1,1,train
CC1CCN(CCCOc2ccc(=O)n(-c3ccc(Cl)c(Cl)c3)n2)CC1,1,train
CC1CCN(CCCOc2ccc(=O)n(-c3ccc(F)c(Cl)c3)n2)CC1,1,train
CC1CCN(CCCOc2ccc(=O)n(-c3ccc(F)c(F)c3)n2)CC1,1,train
CNC(=O)c1cccc(OCCCCN2CCC(c3noc4cc(F)ccc34)CC2)c1,1,train
CNC(=O)c1cc(OCCCCN2CCC(c3noc4cc(F)ccc34)CC2)ccc1F,1,train
CC(=O)Nc1ccc2c3c(cccc13)C(=O)N(CCCCN1CCC(Nc3nc4ccccc4n3Cc3ccc(F)cc3)CC1)C2=O,1,test
O=[N+]([O-])c1ccc(NCCCCN2CCC(Nc3nc4ccccc4n3Cc3ccc(F)cc3)CC2)c2nonc12,1,test
CCN(CC)c1ccc2cc(C(=O)NCCCCN3CCC(Nc4nc5ccccc5n4Cc4ccc(F)cc4)CC3)c(=O)oc2c1,1,test
COc1cnc(C(=O)Nc2cc(F)c(F)c([C@]3(C)C[C@@H](c4c(C)noc4C)SC(=N)N3)c2)cn1,1,test
CC(=O)Nc1cc(Nc2cc(NC3CC3)n3ncc(C#N)c3n2)ccc1N(C)CCN(C)C,1,train
C[C@H]1Cc2c(ncnc2Oc2ccc3c(ccn3C(=O)Nc3cc(C4(C(F)(F)F)CC4)on3)c2)CN1,1,train
C[C@H]1Cc2c(ncnc2Oc2ccc3ccn(C(=O)Nc4cc(C5(C(F)(F)F)CC5)on4)c3c2)CN1,1,train
CC(C)(C)c1cc(NC(=O)n2ccc3ccc(Oc4ncnc5c4CNC5)cc32)no1,0,train
CC(C)(C)c1cc(NC(=O)n2ccc3nc(Oc4ncnc5c4CNC5)ccc32)no1,0,train
CC(C)(C)c1cc(NC(=O)c2cnc3cc(Oc4ncnc5c4CNC5)ccn23)no1,1,test
CC(C)(C)c1cc(NC(=O)n2ccc3cc(Oc4ncnc5c4CNC5)cnc32)no1,1,train
CC(C)(C)c1cc(NC(=O)n2ncc3cc(Oc4ncnc5c4CNC5)ccc32)no1,1,train
Cn1c(O)cn2c(=O)c3c(nc(N4CCC[C@@H](N)C4)n3Cc3cc(F)ccc3C#N)nc12,0,test
CN(C/C=C/c1ccc(C(F)(F)F)cc1)Cc1cccc2ccoc12,1,test
CC(C)Oc1cc([C@@](Cc2ccccc2)(NC[C@H](O)CC(F)(F)F)c2cc(F)cc(OC(F)(F)C(F)F)c2)ccc1F,0,train
CC(C)Oc1cc([C@@](Cc2ccccc2)(NC[C@@H](O)C(F)(F)F)c2cc(F)cc(OC(F)(F)C(F)F)c2)ccc1F,0,train
CC(C)Oc1cc([C@@](Cc2ccccc2)(NC[C@H](O)C(F)(F)F)c2cc(F)cc(OC(F)(F)C(F)F)c2)ccc1F,0,train
CC(C)Oc1cc([C@@](Cc2ccccc2)(NC[C@@H](O)CC(F)(F)F)c2cc(F)cc(OC(F)(F)C(F)F)c2)ccc1F,0,train
CC(=O)N1CCC(n2cc(Nc3ncc(Cl)c(-c4cnc5ccccn45)n3)cn2)CC1,1,train
COc1nn(C2CCN(C(C)=O)CC2)cc1Nc1ncc(Cl)c(-c2cnc3ccccn23)n1,1,train
CC(=O)N1CCC(n2cc(Nc3ncc(Cl)c(-c4cnc5ccccn45)n3)c(C)n2)CC1,1,train
Cc1nn(C2CCNCC2)cc1Nc1ncc(Cl)c(-c2cnc3ccccn23)n1,0,train
CC(=O)N1CCC(n2ncc(Nc3ncc(Cl)c(-c4cnc5ccccn45)n3)c2C)CC1,0,train
CC(=O)N1CCC(n2nc(C)c(Nc3ncc(Cl)c(-c4cnc5ccccn45)n3)c2C)CC1,0,train
COc1nn(C2CCN(C(C)=O)CC2)cc1Nc1ncc(Cl)c(-c2cnn3ccccc23)n1,1,train
CC(=O)N1CCC(n2cc(Nc3ncc(Cl)c(-c4cnn5ccccc45)n3)c(C)n2)CC1,1,train
Cc1nn(C2CCNCC2)c(C)c1Nc1ncc(Cl)c(-c2cnn3ccccc23)n1,0,train
CC(=O)N1CCC(n2nc(C)c(Nc3ncc(Cl)c(-c4cnn5ccccc45)n3)c2C)CC1,0,train
CCOc1nn(C2CCN(C(C)=O)CC2)cc1Nc1ncc(Cl)c(-c2cnn3ccccc23)n1,1,train
CCc1nn(C2CCN(C(C)=O)CC2)cc1Nc1ncc(Cl)c(-c2cnn3ccccc23)n1,1,train
CCc1c(Nc2ncc(Cl)c(-c3cnn4ccccc34)n2)cnn1C1CCN(C(C)=O)CC1,0,train
Cc1nn(C2CCN(CCO)CC2)c(C)c1Nc1ncc(Cl)c(-c2cnn3ccccc23)n1,1,train
CNC(=O)CN1CCC(n2nc(C)c(Nc3ncc(Cl)c(-c4cnn5ccccc45)n3)c2C)CC1,0,train
Cc1nn(C2CCN(CC(=O)N(C)C)CC2)c(C)c1Nc1ncc(Cl)c(-c2cnn3ccccc23)n1,1,train
Cc1nn(C2CCN(C(=O)CO)CC2)c(C)c1Nc1ncc(Cl)c(-c2cnn3ccccc23)n1,0,train
COCC(=O)N1CCC(n2nc(C)c(Nc3ncc(Cl)c(-c4cnn5ccccc45)n3)c2C)CC1,0,train
Cc1nn(C2CCN(C(=O)C(C)O)CC2)c(C)c1Nc1ncc(Cl)c(-c2cnn3ccccc23)n1,0,train
N#Cc1ccc(Oc2ccc(S(=O)(=O)Nc3ccc(F)cn3)cc2C#N)cc1Cl,0,test
CN1CCN(c2ccccc2CNC(=O)c2ccc(F)c(NC(=O)c3cnc4cc(-c5ccnn5C)ccn34)c2)CC1,1,test
Cc1ncoc1-c1nnc(SCCCN2CC[C@]3(C[C@H]3c3ccccc3)C2)n1C,1,train
Cc1ncoc1-c1nnc(SCCCN2CC[C@@]3(C[C@@H]3c3ccccc3)C2)n1C,1,train
Cc1ncoc1-c1nnc(SCCCN2CC[C@]3(C[C@@H]3c3ccccc3)C2)n1C,1,train
Cc1ncoc1-c1nnc(SCCCN2CC[C@@]3(C[C@H]3c3ccccc3)C2)n1C,1,train
Cc1ncoc1-c1nnc(SCCCN2CC[C@]3(C[C@H]3c3ccc(C(F)(F)F)cc3)C2)n1C,1,train
Cc1ncoc1-c1nnc(SCCCN2CC[C@@]3(C[C@@H]3c3ccc(C(F)(F)F)cc3)C2)n1C,1,train
Cc1ncoc1-c1nnc(SCCCN2CC[C@]3(C[C@@H]3c3ccc(C(F)(F)F)cc3)C2)n1C,1,train
Cc1ncoc1-c1nnc(SCCN2CC[C@]3(C[C@H]3c3ccc(C(F)(F)F)cc3)C2)n1C,1,train
Cc1ncoc1-c1nnc(SCCN2CC[C@@]3(C[C@@H]3c3ccc(C(F)(F)F)cc3)C2)n1C,1,train
Cc1ncoc1-c1nnc(SCCN2CC[C@]3(C[C@@H]3c3ccc(C(F)(F)F)cc3)C2)n1C,1,train
Cc1ncoc1-c1nnc(SCCCCN2CC[C@]3(C[C@@H]3c3ccc(C(F)(F)F)cc3)C2)n1C,1,train
Cc1ncoc1-c1nnc(SCCCN2CC[C@]3(C[C@H]3c3ccccc3C(F)(F)F)C2)n1C,1,train
Cc1ncoc1-c1nnc(SCCCN2CC[C@@]3(C[C@@H]3c3ccccc3C(F)(F)F)C2)n1C,1,train
Cc1ncoc1-c1nnc(SCCCN2CC[C@@]3(C[C@H]3c3ccc(F)cc3)C2)n1C,1,train
Cc1ncoc1-c1nnc(SCCCN2CC[C@@]3(C[C@H]3c3ccc(F)cc3F)C2)n1C,1,train
Cc1ncoc1-c1nnc(SCCCN2CC[C@]3(C[C@H]3c3ccc(C(F)(F)F)cc3F)C2)n1C,1,train
Cc1ncoc1-c1nnc(SCCCN2CC[C@@]3(C[C@@H]3c3ccc(C(F)(F)F)cc3F)C2)n1C,1,train
Cc1ncoc1-c1nnc(SCCCN2CC[C@]3(C[C@@H]3c3ccc(C(F)(F)F)cc3F)C2)n1C,1,train
Cc1ncoc1-c1nnc(SCCCN2CC[C@@]3(C[C@H]3c3ccc(C(F)(F)F)cc3F)C2)n1C,1,train
Cc1ncoc1-c1nnc(SCCCN2CC[C@]3(C[C@H]3c3ccc(F)cc3C(F)(F)F)C2)n1C,1,train
Cc1ncoc1-c1nnc(SCCCN2CC[C@@]3(C[C@H]3c3ccc(F)cc3C(F)(F)F)C2)n1C,1,train
Cc1ncoc1-c1nnc(SCCCN2CC[C@]3(C[C@@H]3c3cc(Cl)cc(Cl)c3)C2)n1C,1,train
Cc1ncsc1-c1nnc(SCCCN2CC[C@]3(C[C@@H]3c3ccc(C(F)(F)F)cc3)C2)n1C,1,train
Cn1c(SCCCN2CC[C@]3(C[C@@H]3c3ccc(C(F)(F)F)cc3)C2)nnc1-c1nccs1,1,train
Cn1c(SCCCN2CC[C@]3(C[C@H]3c3ccc(C(F)(F)F)cc3)C2)nnc1-c1csnn1,1,train
Cn1c(SCCCN2CC[C@]3(C[C@@H]3c3ccc(C(F)(F)F)cc3)C2)nnc1-c1ccoc1,1,train
Cn1cc(-c2nnc(SCCCN3CC[C@]4(C[C@@H]4c4ccc(C(F)(F)F)cc4)C3)n2C)cn1,1,train
Cn1nccc1-c1nnc(SCCCN2CC[C@]3(C[C@@H]3c3ccc(C(F)(F)F)cc3)C2)n1C,1,train
Cc1cc(-c2nnc(SCCCN3CC[C@]4(C[C@@H]4c4ccc(C(F)(F)F)cc4)C3)n2C)on1,1,train
Cn1c(SCCCN2CC[C@]3(C[C@@H]3c3ccc(C(F)(F)F)cc3)C2)nnc1-c1ccc(C(N)=O)cc1,1,train
Cn1c(SCCCN2CC[C@]3(C[C@@H]3c3ccc(C(F)(F)F)cc3)C2)nnc1-c1cccc(C(N)=O)c1,1,train
Cn1c(SCCCN2CC[C@]3(C[C@@H]3c3ccc(C(F)(F)F)cc3)C2)nnc1-c1ccc(S(N)(=O)=O)cc1,1,train
Cn1c(SCCCN2CC[C@]3(C[C@@H]3c3ccc(C(F)(F)F)cc3)C2)nnc1-c1ccc(CC(N)=O)cc1,1,train
Cn1c(SCCCN2CC[C@]3(C[C@@H]3c3ccc(C(F)(F)F)cc3)C2)nnc1-c1ccc(-c2ncco2)cc1,1,train
Cn1c(SCCCN2CC[C@]3(C[C@@H]3c3ccc(C(F)(F)F)cc3)C2)nnc1-c1cccc(-c2ncco2)c1,1,train
Cn1c(SCCCN2CC[C@]3(C[C@@H]3c3ccc(C(F)(F)F)cc3)C2)nnc1-c1cccnc1,1,train
Cn1c(SCCCN2CC[C@]3(C[C@@H]3c3ccc(C(F)(F)F)cc3)C2)nnc1-c1ccccn1,1,train
Cn1c(SCCCN2CC[C@]3(C[C@@H]3c3ccc(F)cc3F)C2)nnc1-c1cccnc1,1,train
Cn1c(SCCCN2CC[C@]3(C[C@H]3c3ccc(C(F)(F)F)cc3)C2)nnc1-c1ccncc1,1,train
Cn1c(SCCCN2CC[C@]3(C[C@@H]3c3ccc(C(F)(F)F)cc3)C2)nnc1-c1ccncc1,1,train
Cn1c(SCCCN2CC[C@]3(C[C@@H]3c3ccc(C(F)(F)F)cc3)C2)nnc1-c1cnccn1,1,train
Cn1c(SCCCN2CC[C@]3(C[C@@H]3c3ccc(C(F)(F)F)cc3)C2)nnc1-c1ccncn1,1,train
Cn1c(SCCCN2CC[C@]3(C[C@@H]3c3ccc(C(F)(F)F)cc3)C2)nnc1-c1ccnnc1,1,train
Cn1c(SCCCN2CC[C@]3(C[C@@H]3c3ccc(C(F)(F)F)cc3F)C2)nnc1-c1cccnc1,1,train
Cn1c(SCCCN2CC[C@]3(C[C@@H]3c3ccc(F)cc3)C2)nnc1-c1cccnc1,1,train
Cc1ncccc1-c1nnc(SCCCN2CC[C@]3(C[C@@H]3c3ccc(C(F)(F)F)cc3)C2)n1C,1,train
Cn1c(SCCCN2CC[C@]3(C[C@@H]3c3ccc(C(F)(F)F)cc3)C2)nnc1-c1cccnc1C(F)(F)F,1,train
COc1ncccc1-c1nnc(SCCCN2CC[C@]3(C[C@@H]3c3ccc(C(F)(F)F)cc3)C2)n1C,1,train
Cn1c(SCCCN2CC[C@]3(C[C@@H]3c3ccc(C(F)(F)F)cc3)C2)nnc1-c1ccc(C(N)=O)nc1,1,train
Cc1ccc(-c2nnc(SCCCN3CC[C@]4(C[C@@H]4c4ccc(C(F)(F)F)cc4)C3)n2C)c(C)n1,1,train
Cc1nc(C(N)=O)ccc1-c1nnc(SCCCN2CC[C@]3(C[C@@H]3c3ccc(C(F)(F)F)cc3)C2)n1C,1,train
Cc1nc(C(=O)O)ccc1-c1nnc(SCCCN2CC[C@]3(C[C@@H]3c3ccc(C(F)(F)F)cc3)C2)n1C,1,train
Cn1c(SCCCN2CC[C@]3(C[C@@H]3c3ccc(C(F)(F)F)cc3)C2)nnc1-c1ccc(=O)[nH]c1,1,train
Cn1c(SCCCN2CC[C@]3(C[C@@H]3c3ccc(C(F)(F)F)cc3)C2)nnc1-c1cc[nH]c(=O)c1,1,train
Cn1c(SCCCN2CC[C@]3(C[C@@H]3c3ccc(C(F)(F)F)cc3)C2)nnc1-c1ccn(C)c(=O)c1,1,train
Cn1c(SCCCN2CC[C@]3(C[C@@H]3c3ccc(C(F)(F)F)cc3)C2)nnc1C1CCN(C(N)=O)CC1,1,train
CC(=O)NC1CCC(c2nnc(SCCCN3CC[C@]4(C[C@@H]4c4ccc(C(F)(F)F)cc4)C3)n2C)CC1,1,test
Cn1c(SCCCN2CC[C@]3(C[C@@H]3c3ccc(C(F)(F)F)cc3)C2)nnc1C1CCOCC1,1,train
Cn1c(SCCCN2CC[C@]3(C[C@@H]3c3ccc(C(F)(F)F)cc3)C2)nnc1-c1ccc(=O)n(C)c1,1,train
Cn1c(SCCCN2CC[C@]3(C[C@@H]3c3ccc(C(F)(F)F)cc3)C2)nnc1C1CC2CCC(C1)O2,1,train
Cn1c(SCCCN2CC[C@]3(C[C@@H]3c3ccc(C(F)(F)F)cc3)C2)nnc1C1CCCCC1,1,train
COc1c(Nc2ncc(Cl)c(N[C@H]3C(C(N)=O)[C@@H]4C=C[C@H]3C4)n2)ccc2c1CCC[C@H](N1CCN(C)CC1)C2,1,train
COc1c(Nc2ncc(Cl)c(N[C@H]3C(C(N)=O)[C@@H]4C=C[C@H]3C4)n2)ccc2c1CCC[C@@H](N1CCN(C)CC1)C2,1,train
COc1c(Nc2ncc(Cl)c(Nc3ccccc3N3CCCS3(=O)=O)n2)ccc2c1CCCC(N1CCN(CCO)CC1)C2,1,train
COc1c(Nc2ncc(Cl)c(Nc3ccccc3S(=O)(=O)N(C)C)n2)ccc2c1CCCC(N1CCN(CCO)CC1)C2,1,train
COc1c(Nc2ncc(Cl)c(Nc3ccccc3-n3cccn3)n2)ccc2c1CCCC(N1CCN(CCO)CC1)C2,1,train
Cc1c(-c2c(F)cc(C(N)=O)c3[nH]c4c(c23)CC[C@H](C(C)(C)O)C4)cccc1-n1c(=O)c2cccc(F)c2n(C)c1=O,1,test
N#Cc1ccc(-c2ccc(C[C@@H](C#N)NC(=O)C3CCCC[C@@H]3N)cc2)cc1,1,train
N#Cc1ccc(-c2ccc(C[C@@H](C#N)NC(=O)C3CCCCC[C@@H]3N)cc2)cc1,1,train
N#Cc1ccc(-c2ccc(C[C@@H](C#N)NC(=O)C3CNCCCO3)cc2)cc1,0,train
Cn1c(=O)sc2ccc(-c3ccc(C[C@@H](C#N)NC(=O)C4CNCCCO4)cc3)cc21,0,val
CCn1c(=O)oc2ccc(-c3ccc(C[C@@H](C#N)NC(=O)C4CNCCCO4)cc3)cc21,0,val
COc1ccc2[nH]c3c(c2c1)CC1c2cc4c(cc2CCN1C3)OCO4,0,val
COc1ccc2[nH]c3c(c2c1)C[C@H]1c2cc4c(cc2CCN1C3)OCO4,0,val
Cc1nc2cc(-n3ncc(C(=O)c4cc5ccccc5[nH]4)c3N)ccc2[nH]1,1,train
Cc1nc2cc(-n3ncc(C(=O)c4cc5ccc(CN6CCC(F)(F)CC6)cc5[nH]4)c3N)ccc2[nH]1,1,train
Cc1ccc2cc(C(=O)c3cnn(-c4ccc5[nH]c(C)nc5c4)c3N)[nH]c2c1,1,train
COc1cnc(O[C@@H]2CC(C(=O)N[C@]3(C(=O)NS(=O)(=O)C4CC4)C[C@H]3C3CC3)N(C(=O)C(NC(=O)O[C@H](C)C(F)(F)F)C3CCCCC3)C2)c2cc(Cl)ccc12,0,test
CC(C(=O)Nc1ccc(Cl)c(-c2ccccn2)c1)[C@@H]1CC[C@@H](C)c2ccc(CN3CCOCC3)nc21,1,val
N[C@H]1CCCN(c2ccncc2Nc2ncc3ccc(-c4c(F)cccc4F)nn23)C1,1,train
N[C@H]1CCCN(c2ccncc2Nc2ncc3ccc(-c4ncccc4F)nn23)C1,1,train
C[C@@H]1C[C@H](N)CN(c2ccncc2Nc2ncc3ccc(-c4c(F)cccc4F)nn23)C1,1,train
C[C@@H]1CC[C@H](N)CN1c1ccncc1Nc1ncc2ccc(-c3c(F)cccc3F)nn12,0,train
N[C@@H]1CN(c2ccncc2Nc2ncc3ccc(-c4c(F)cccc4F)nn23)C[C@H](N)[C@H]1O,0,train
C[C@@H]1C[C@H](N)CN(c2ccncc2Nc2ncc3ccc(-c4ncccc4F)nn23)C1,1,train
N[C@@H]1CN(c2ccncc2Nc2ncc3ccc(-c4ncccc4F)nn23)C[C@H](N)[C@H]1O,0,train
CC1(C)c2cc(C3CCN(CC4CCOCC4)CC3)ccc2C(=O)c2c1[nH]c1cc(C#N)ccc21,1,test
Cn1ccc(Cn2cc(-c3ccc(Cl)c(C(F)(F)F)c3)cn2)n1,1,train
FC(F)c1cc(-c2cnn(Cc3cc[nH]n3)c2)ccc1Cl,1,train
CCc1[nH]ncc1Cn1cc(-c2ccc(Cl)c(OC(F)F)c2)cn1,1,train
FC(F)Oc1cc(-c2cnn(Cc3cn[nH]c3)c2)ccc1Cl,1,train
FC(F)Oc1cc(-c2cnn(Cc3cc[nH]n3)c2)ccc1Cl,1,train
Cn1cc(Cn2cc(-c3ccc(Cl)c(OC(F)F)c3)cn2)cn1,1,train
Cn1ccc(Cn2cc(-c3ccc(Cl)c(OC(F)F)c3)cn2)n1,1,train
Cc1cn(-c2ccc(-c3cn(CC(=O)Nc4cccc(Cl)c4Cl)nn3)cc2F)cn1,1,val
Cc1nccn1-c1ccc(-c2cn(CC(=O)Nc3cccc(Cl)c3Cl)nn2)cc1,1,val
Cc1nccn1-c1ccc(-c2cn(CC(=O)Nc3cccc(Cl)c3Cl)nn2)cn1,1,val
Cc1cc(-c2cc(OC(F)(F)F)ccc2Cl)cc(C)c1OCCCC(=O)O,0,val
Cc1c([C@H]2CN3CCN(C(=O)Cc4ccc(-n5cnnn5)nc4)C[C@@H]3CO2)ccc2c1COC2=O,0,train
Cc1c([C@@H]2CN3CCN(C(=O)Cc4ccc(-n5cnnn5)nc4)C[C@H]3CO2)ccc2c1COC2=O,0,train
Cc1c([C@H]2CN3CCN(C(=O)Cc4ccc(-n5cnnn5)nc4)C[C@H]3CO2)ccc2c1COC2=O,0,train
Cc1c([C@@H]2CN3CCN(C(=O)Cc4ccc(-n5cnnn5)nc4)C[C@@H]3CO2)ccc2c1COC2=O,0,train
Cc1c([C@@H]2CN3CCN(C(=O)Cc4ccc(-n5cnnn5)nc4)C[C@H]3CS2)ccc2c1COC2=O,1,train
Cc1c([C@H]2CN3CCN(C(=O)Cc4ccc(-n5cnnn5)nc4)C[C@@H]3CN2)ccc2c1COC2=O,0,train
O=C1OCCc2cc([C@@H]3CN4CCN(C(=O)Cc5ccc(-n6cnnn6)nc5)C[C@H]4CO3)ccc21,0,train
Cc1c([C@@H]2CN3CCN(C(=O)Cc4ccc(-n5cnnn5)nc4)C[C@H]3CO2)ccc(F)c1C#N,1,train
Cc1c([C@H]2CN3CCN(C(=O)Cc4ccc(-n5cnnn5)nc4)C[C@H]3CO2)ccc(F)c1C#N,0,train
Cc1c(C#N)cccc1[C@H]1CN2CCN(C(=O)Cc3ccc(-n4cnnn4)nc3)C[C@H]2CO1,0,train
Cc1c([C@H]2CN3CCN(C(=O)Cc4ccc(-n5cnnn5)nc4)C[C@H]3CO2)ccc2nonc12,1,train
Cc1c(C#N)cccc1[C@@H]1CN2CCN(C(=O)Cc3ccc(-n4cnnn4)nc3)C[C@@H]2CO1,0,train
O=C1OCCc2cc([C@H]3CN4CCN(C(=O)Cc5ccc(-n6cnnn6)nc5)C[C@@H]4CO3)ccc21,0,train
Cc1c([C@@H]2CN3CCN(C(=O)Cc4ccc(-n5cnnn5)cn4)C[C@H]3CO2)ccc(F)c1C#N,0,val
Cc1c([C@@H]2CN3CCN(C(=O)Cc4cnc(-n5cnnn5)nc4)C[C@H]3CO2)ccc(F)c1C#N,1,train
Cc1c([C@@H]2CN3CCN(C(=O)Cc4cnc(-n5cnnn5)cn4)C[C@H]3CO2)ccc(F)c1C#N,1,train
Cc1c([C@H]2CN3CCN(C(=O)Cc4ccc(-n5cnnn5)cn4)C[C@H]3CO2)ccc(F)c1C#N,0,val
Cc1c([C@H]2CN3CCN(C(=O)Cc4cnc(-n5cnnn5)nc4)C[C@H]3CO2)ccc(F)c1C#N,0,train
Cc1c([C@H]2CN3CCN(C(=O)Cc4ccc(-n5cnnn5)nn4)C[C@H]3CO2)ccc(F)c1C#N,0,train
Cc1c([C@H]2CN3CCN(C(=O)Cc4cnc(-n5cnnn5)cn4)C[C@H]3CO2)ccc(F)c1C#N,0,train
c1cnc2c(N3CCN(CCc4ccc(OCCCN5CCCCCC5)cc4)CC3)cccc2c1,1,train
c1cnc2c(N3CCN(CCCc4ccc(OCCCN5CCCCCC5)cc4)CC3)cccc2c1,1,train
c1cnc2c(N3CCN(CCCCc4ccc(OCCCN5CCCCCC5)cc4)CC3)cccc2c1,1,train
O=C(O)c1cnc2c(N3CCN(CCc4ccc(OCCCN5CCCCCC5)cc4)CC3)cccc2c1,0,train
O=C(O)c1cc(N2CCN(CCc3ccc(OCCCN4CCCCCC4)cc3)CC2)c2ncccc2c1,0,train
O=C(O)c1ccc2cccnc2c1N1CCN(CCc2ccc(OCCCN3CCCCCC3)cc2)CC1,0,train
O=C(O)CCc1ccc2cccc(N3CCN(CCc4ccc(OCCCN5CCCCCC5)cc4)CC3)c2n1,0,train
O=C(O)CCc1cnc2c(N3CCN(CCc4ccc(OCCCN5CCCCCC5)cc4)CC3)cccc2c1,0,train
CCc1cc(N2CCN(CCc3ccc(OCCCN4CCCCCC4)cc3)CC2)c2nc(CCC(=O)O)ccc2c1,0,train
CCCCc1cc(N2CCN(CCc3ccc(OCCCN4CCCCCC4)cc3)CC2)c2nc(CCC(=O)O)ccc2c1,1,train
O=C(O)CCc1ccc2cc(Cc3ccccc3)cc(N3CCN(CCc4ccc(OCCCN5CCCCCC5)cc4)CC3)c2n1,1,train
Brc1ccc2c(N=C3NC[C@@]4(CN5CCC4CC5)O3)ncnn12,1,val
C/C(=N\N=C(N)N)c1ccc2c(c1)Cc1cc(/C(C)=N/N=C(N)N)ccc1-2,1,test
N=C(N)N/N=C/c1ccc(-c2ccc(/C=N/Nc3ccccc3Cl)cc2)cc1,1,train
N=C(N)N/N=C/c1ccc(-c2ccc(/C=N/Nc3ccccc3Br)cc2)cc1,1,val
N=C(N)N/N=C/c1ccc(-c2ccc(/C=N/Nc3ccc(F)cc3)cc2)cc1,1,train
N=C(N)N/N=C/c1ccc(-c2ccc(/C=N/Nc3ccc(F)cc3F)cc2)cc1,1,train
CN(C)C(=O)N[C@H]1CC[C@H](CCN2CCN(c3cccc(Cl)c3Cl)CC2)CC1,0,val
O=C(N[C@H]1CC[C@H](CCN2CCN(c3nsc4ccccc34)CC2)CC1)c1ccco1,1,train
CC(C)Cc1cc(CNS(=O)(=O)c2ccc(Cc3ccccc3)cc2)nn1-c1ccccc1,1,train
CC(C)Cc1cc(CNS(=O)(=O)c2ccc(CCc3ccccc3)cc2)nn1-c1ccccc1,1,train
CC(C)Cc1cc(CNS(=O)(=O)c2cccc(F)c2)nn1-c1ccccc1,0,train
CC(C)Cc1cc(CNS(=O)(=O)c2ccccc2)nn1-c1ccccc1,0,train
FC(F)(F)c1c(OC[C@H]2C[C@@H]2c2ccc(Cl)cc2)ccn2c(CC3CC3)nnc12,1,val
COc1ccc(OC)c(Cc2nc3ccccc3n2CC(=O)Nc2cc(C(C)(C)C)cc(C(C)(C)C)c2)c1,1,test
CCN1CCCC1CNC(=O)c1ccc(Cn2c(Cc3c(Cl)cccc3Cl)nc3ccccc32)cc1,1,val
CN(C)CCCNC(=O)c1ccc(Cn2c(Cc3c(Cl)cccc3Cl)nc3ccccc32)cc1,1,val
COc1ccc2nc(N=C3NC[C@@]4(CN5CCC4CC5)O3)sc2c1,1,val
c1ccc2cc(N=C3NC[C@@]4(CN5CCC4CC5)O3)ncc2c1,1,val
COc1ccc(CCO[C@@H]2CCCC[C@H]2N2CC[C@@H](O)C2)cc1OC,1,test
COc1ccc(-c2cc(=O)c3c(O)cc(O)cc3o2)cc1,0,val
COc1ccc(C(=O)Oc2cc(O)cc3oc(-c4ccc(OC)cc4)cc(=O)c23)cc1,1,val
COc1ccc(-c2cc(=O)c3ccccc3o2)cc1,0,train
COc1ccc(-c2cc(=O)c3cc(Cl)ccc3o2)cc1,0,train
COc1ccc(-c2cc(=O)c3cc(C)ccc3o2)cc1,0,train
COc1ccc2c(c1)CNCCS2,1,test
COc1ccc2c(c1)CN(C(=O)N1CCN(Cc3ccc4c(c3)OCO4)CC1)CCS2,1,train
O=C(N1CCN(Cc2ccc3c(c2)OCO3)CC1)N1CCSc2ccccc2C1,1,train
COc1ccc2c(c1)CN(C(=O)CCN1CCC(Cc3ccccc3)CC1)CCS2,1,val
CC(C)S(=O)(=O)NCCN1CC2CN(C[C@H](O)COc3ccc(C#N)cc3)CC(C1)O2,1,test
N#Cc1ccc(OCCCN2CC3CN(CCNS(=O)(=O)c4ccc(F)cc4F)CC(C2)O3)cc1,1,test
COc1ccccc1OCC(O)CN1CCN(CC(=O)Nc2c(C)cccc2C)CC1,0,test
O=C1c2cc(-c3ccc(OC(F)(F)F)cc3)ccc2OCCN1Cc1ncccn1,1,val
Clc1ccc(Cn2c(/C=C/C3CCN(CC4CCCCC4)C3)nc3cc(Br)ccc32)cc1,1,test
Cc1cc2nc(/C=C/C3CCCN3C)n(Cc3ccc(Cl)cc3)c2cc1C,1,val
Cc1cc2nc(/C=C/C3CCNC3)n(Cc3ccc(Cl)cc3)c2cc1C,1,val
Cc1cc2nc(CC3CCNCC3)n(Cc3ccc(Cl)cc3)c2cc1C,1,train
Cc1cc2nc(CC3CC4CCC(C3)N4)n(Cc3ccc(Cl)cc3)c2cc1C,1,train
Cc1cc2nc(CC3CCNC(C)C3)n(Cc3ccc(Cl)cc3)c2cc1C,1,train
Cc1cc2nc(C(C)Cc3ccncc3)n(Cc3ccc(Cl)cc3)c2cc1C,1,test
Cc1cc2nc(CC3CCCNC3)n(Cc3ccc(Cl)cc3)c2cc1C,1,train
Cc1cc2nc(CCC3CCCN3C)n(Cc3ccc(Cl)cc3)c2cc1C,1,train
Cc1cc2ncn(Cc3ccc(Cl)cc3)c2cc1C,1,test
O=c1ccc(-c2nc3cc(Cl)c(Cl)cc3n2Cc2ccc(Cl)c(Cl)c2)c[nH]1,1,test
Cc1cc2nc(/C=C/c3ccccc3)n(Cc3ccc(Cl)cc3)c2cc1C,1,test
O=C1CCCN1Cc1nc2ccccc2n1Cc1ccc(Cl)cc1,1,test
Cc1cc2nc(CC3CCCC3)n(Cc3ccc(Cl)cc3)c2cc1C,1,train
COc1ccc2nc(CN3CCC[C@H]3CO)n(Cc3ccc(Cl)cc3)c2c1,1,test
Cc1ccc2nc(CN3CCCC3)n(Cc3ccc(Cl)cc3)c2c1,1,test
N=C1NC2(CO1)c1cc(Br)ccc1OC(Cc1ccccc1)C21COC1,1,val
N=C1NC2(CO1)c1cc(NC(=O)c3ccc(Cl)cn3)ccc1OCC21CC1,1,train
CC#Cc1cncc(-c2ccc3c(c2)C2(COC(=N)N2)C2(CC2)CO3)c1,1,train
N=C1NC2(CO1)c1cc(-c3cncc(C4CC4)c3)ccc1OCC21CC1,1,train
N=C1NC2(CO1)c1cc(-c3cncc(OCC(F)(F)F)c3)ccc1OCC21CC1,1,train
N=C1NC2(CO1)c1cc(-c3cncc(OCC(F)F)c3)ccc1OCC21CC1,1,train
N=C1NC2(CO1)c1cc(-c3cncc(OC(F)F)c3)ccc1OCC21CC1,1,train
N=C1NC2(CO1)c1cc(-c3cnc4[nH]ccc4c3)ccc1OCC21CC1,1,train
N=C1NC2(CO1)c1cc(-c3cnc4[nH]cc(Cl)c4c3)ccc1OCC21CC1,1,train
CCc1cncc(-c2ccc3c(c2)C2(COC(=N)N2)C2(CC2)CO3)c1,1,train
N=C1NC2(CO1)c1cc(-c3cncc(OCC(F)(F)C(F)F)c3)ccc1OCC21CC1,1,test
COc1ccnc(-c2ccc3c(c2)C2(COC(=N)N2)C2(COC2)C(C)(C)O3)c1,1,test
CC#Cc1cncc(-c2ccc3c(c2)C2(CSC(=N)N2)C2(COC2)CO3)c1,1,train
COc1cncc(-c2ccc3c(c2)C2(COC(=N)N2)C2(COC2)C2(CCC2)O3)c1,1,val
CC#Cc1cncc(-c2ccc3c(c2)C2(COC(=N)N2)C2(COC2)C(CC)O3)c1,1,train
CC#Cc1cncc(-c2ccc3c(c2)C2(COC(=N)N2)C2(COC2)C(CCC)O3)c1,1,train
N=C1NC2(CO1)c1cc(-c3cncnc3)ccc1OCC21CCC1,1,train
N=C1NC2(CO1)c1cc(-c3cc(Cl)cnc3F)ccc1OCC21CC1,1,test
COc1cncc(-c2ccc3c(c2)C2(COC(=N)N2)C2(CC2)CO3)c1,1,train
CCOc1cncc(-c2ccc3c(c2)C2(COC(=N)N2)C2(CC2)CO3)c1,1,train
N=C1NC2(CO1)c1cc(-c3cncc(Cl)c3)ccc1OCC21CC1,1,train
CC#Cc1cncc(-c2ccc3c(c2)C2(COC(=N)N2)C2(COC2)CO3)c1,1,train
CC#Cc1cncc(-c2cc3c(cc2F)OCC2(CC2)C32COC(=N)N2)c1,1,train
Cc1cc(Cl)cnc1C(=O)Nc1ccc2c(c1)C1(COC(=N)N1)C1(CC1)CO2,1,train
N#Cc1ccc(C(=O)Nc2ccc3c(c2)C2(COC(=N)N2)C2(CC2)CO3)nc1,1,test
N=C1NC2(c3cc(-c4cncnc4)ccc3OCC23CC3)c2cccc(F)c21,1,test
N=C1NC2(CO1)c1cc(-c3cncnc3)ccc1OC(Cc1ccccc1)C21COC1,1,val
CC#Cc1cncc(-c2ccc3c(c2)C2(COC(=N)N2)C2(COC2)C(CC2CC2)O3)c1,1,train
N=C1NC2(CO1)c1cc(-c3cncc4ccccc34)ccc1OC1(CCC1)C21COC1,1,val
CC1(C)Oc2ccc(NC(=O)c3ccc(Cl)cn3)cc2[C@@]2(COC(=N)N2)C12COC2,0,train
CC1(C)Oc2ccc(NC(=O)c3ccc(Cl)cn3)cc2[C@@]2(COC(=N)N2)C12CC2,1,train
COc1cnc(C(=O)Nc2ccc3c(c2)[C@@]2(COC(=N)N2)C2(CC2)C(C)(C)O3)cn1,0,train
CC1(C)Oc2ccc(NC(=O)c3cnc(C(F)F)cn3)cc2[C@@]2(COC(=N)N2)C12CC2,0,train
CC[C@@H](NC(=O)c1cc(C(=O)N2CCC[C@@H]2C)n2c1COCC2)c1ccc(Cl)c(Cl)c1,1,test
N=C1N[C@@]2(c3cc(NC(=O)c4ccc(OC(F)F)cn4)ccc3F)COCC[C@H]2CS1,1,train
C[C@H]1C[C@H]2CSC(=N)N[C@@]2(c2cc(NC(=O)c3ccc(C#N)cn3)cs2)CO1,1,train
C[C@H]1C[C@H]2CSC(=N)N[C@@]2(c2cc(NC(=O)c3ccc(Cl)cn3)ccc2F)CO1,1,train
Oc1ccc(OC[C@@H](O)CN2CCN(c3ccc(Cl)cc3)CC2)cc1,0,train
O=c1[nH]c2ccc(OC[C@@H](O)CN3CCN(c4ccc(Cl)cc4)CC3)cc2o1,1,train
CS(=O)(=O)Nc1ccc(OC[C@@H](O)CN2CCN(c3ccc(Cl)cc3)CC2)cc1,1,train
NC(=O)Nc1ccc(OC[C@@H](O)CN2CCN(c3ccc(Cl)cc3)CC2)cc1,0,train
O[C@H](COc1ccc2[nH]ncc2c1)CN1CCN(c2ccc(Cl)cc2)CC1,1,train
O=c1ccc2cc(OC[C@@H](O)CN3CCN(c4ccc(Cl)cc4)CC3)ccc2[nH]1,1,train
O=c1[nH]c2ccc(OC[C@@H](O)CN3CCN(c4ccc(Cl)cc4)CC3)cc2[nH]1,1,train
Oc1cc2cc(OC[C@@H](O)CN3CCN(c4ccc(Cl)cc4)CC3)ccc2[nH]1,1,train
O[C@H](COc1ccc2[nH]c(=S)[nH]c2c1)CN1CCN(c2ccc(Cl)cc2)CC1,1,train
O=C1CCc2cc(OC[C@@H](O)CN3CCN(c4ccc(Cl)cc4)CC3)ccc2N1,1,train
NCCCCN(Cc1nccc2c3ccccc3n(CC(=O)O)c12)[C@H]1CCCc2cccnc21,1,train
NCCCCN(Cc1nccc2c3ccccc3n(CCCN3CCNCC3)c12)[C@H]1CCCc2cccnc21,1,train
c1cnc2c(c1)CCCC2N(CCCN1CCNCC1)Cc1nccc2c3ccccc3n(CCN3CCOCC3)c12,1,train
OCCn1c2ccccc2c2ccnc(CN(CCCN3CCNCC3)C3CCCc4cccnc43)c21,1,train
NCCCCN(Cc1nccc2c3ccccc3n(CC(N)=O)c12)[C@H]1CCCc2cccnc21,1,train
C[C@H]1C[C@H]2CSC(=N)N[C@@]2(c2nc(NC(=O)c3ccc(OC(F)F)cn3)cs2)CO1,1,train
C[C@H]1C[C@H]2CSC(=N)N[C@@]2(c2nc(NC(=O)c3ccc(Cl)cn3)cs2)CO1,1,train
Cc1cc(OC(F)F)cnc1C(=O)Nc1csc([C@]23CO[C@@H](C)C[C@H]2CSC(=N)N3)n1,1,train
C[C@H]1C[C@H]2CSC(=N)N[C@@]2(c2nc(NC(=O)c3ccc(OC(F)F)cn3)ccc2F)CO1,1,train
O[C@H]1CC[C@H](Nc2ccc3ncc(-c4cccc(Cl)c4)n3n2)CC1,0,train
C[C@]1(O)CC[C@H](Nc2ccc3ncc(-c4cccc(C(F)(F)F)c4)n3n2)CC1,0,test
O[C@H]1CC[C@H](Nc2ccc3ncc(-c4cccc(C(F)(F)F)c4)n3n2)CC1,1,train
C[C@]1(O)CC[C@H](Nc2ccc3ncc(-c4cccc(OC(F)(F)F)c4)n3n2)CC1,0,train
O[C@H]1CC[C@H](Nc2ccc3ncc(-c4cccc(OC(F)(F)F)c4)n3n2)CC1,0,train
O=S1(=O)CCC(CNc2ccc3ncc(-c4cccc(OC(F)(F)F)c4)n3n2)CC1,1,train
Cc1nsc(-c2nnc3n2CCN(C(=O)c2ccc(Cl)c(Cl)c2)[C@@H]3C)n1,0,train
CCc1nsc(-c2nnc3n2CCN(C(=O)c2ccc(F)cc2)[C@@H]3C)n1,0,train
Cc1nsc(-c2nnc3n2CCN(C(=O)c2ccc(Cl)c(F)c2)[C@@H]3C)n1,0,train
Cc1nsc(-c2nnc3n2CCN(C(=O)c2ccc(F)cc2)[C@@H]3C)n1,0,train
Cc1nsc(-c2nnc3n2CCN(C(=O)c2ccc(F)c(Cl)c2)[C@@H]3C)n1,0,train
Cc1nsc(-c2nnc3n2CCN(C(=O)c2cc(F)c(F)c(F)c2)[C@@H]3C)n1,0,train
Cc1nsc(-c2nnc3n2CCN(C(=O)c2ccc(F)c(F)c2F)[C@@H]3C)n1,0,train
Cc1nsc(-c2nnc3n2CCN(C(=O)c2ccc(F)c(F)c2)[C@@H]3C)n1,0,train
Cc1nsc(-c2nnc3n2CCN(C(=O)c2cc(F)c(F)c(F)c2F)[C@@H]3C)n1,0,train
CCc1noc(-c2nnc3n2CCN(C(=O)c2ccc(F)cc2)[C@@H]3C)n1,0,train
Cc1nsc(-c2nnc3n2CCN(C(=O)c2cccc(F)c2)[C@@H]3C)n1,0,train
Cc1nsc(-c2nnc3n2CCN(C(=O)c2cccc(Cl)c2)[C@@H]3C)n1,0,train
Cc1nsc(-c2nnc3n2CCN(C(=O)c2cc(F)cc(F)c2)[C@@H]3C)n1,0,train
Cc1nsc(-c2nnc3n2CCN(C(=O)c2ccc(F)cc2F)[C@@H]3C)n1,0,train
Cc1nsc(-c2nnc3n2CCN(C(=O)c2ccc(C(F)(F)F)cc2)[C@@H]3C)n1,0,train
CC[C@@H]1c2nnc(-c3nc(C)ns3)n2CCN1C(=O)c1ccc(F)cc1,0,train
CCC[C@@H]1c2nnc(-c3nc(C)ns3)n2CCN1C(=O)c1ccc(F)cc1,0,train
COc1cccc(C(=O)N2CCn3c(-c4nc(C)ns4)nnc3[C@H]2C)c1,0,train
Cc1nsc(-c2nnc3n2CCN(C(=O)c2ccc(C#N)cc2)[C@@H]3C)n1,0,train
CCc1noc(-c2nnc3n2CCN(C(=O)c2ccc(-c4cccs4)cc2)[C@@H]3C)n1,0,train
Cn1cc(-c2nc3c(N4CCN(Cc5cccnc5)CC4)c(Br)cnc3[nH]2)cn1,1,val
Cc1nn(C)c(C)c1-c1nc2c(N3CCN(Cc4cccnc4)CC3)c(Br)cnc2[nH]1,0,val
Cc1cc(Cl)c2c(C(=O)OCC34CCN(CC3)CC4)c[nH]c2c1,1,test
Cc1nc(-c2nnc3n2CCN(C(=O)c2ccc(-c4cccs4)cc2)[C@@H]3C)sc1C,0,train
Cc1cccc(-c2nnc3n2CCN(C(=O)c2ccc(-c4ccccc4)cc2)[C@@H]3C)n1,0,train
C[C@@H]1c2nnc(-c3cccc(=O)[nH]3)n2CCN1C(=O)c1ccc(-c2cccs2)cc1,0,train
CC(C)(N)c1nc(-c2ccc(OC(F)(F)F)cc2)c[nH]1,1,train
NC1(Cc2nc(-c3ccc(OC(F)(F)F)cc3)c[nH]2)COC1,1,val
C[C@](N)(CF)c1nc(-c2ccc(OC(F)(F)F)cc2)c[nH]1,0,train
NC(CF)(CF)c1nc(-c2ccc(OC(F)(F)F)cc2)c[nH]1,0,train
COC[C@@](C)(N)c1nc(-c2ccc(OC(F)(F)F)cc2)c[nH]1,1,train
CC(C)(N)c1nc(-c2cccc(OC(F)(F)F)c2)c[nH]1,1,train
c1ccc(-c2cc(N=C3NC[C@@]4(CN5CCC4CC5)O3)ncn2)cc1,1,val
O=C(Cc1ccc(OCC[C@@H]2C[C@@H]2C2CCN(c3ncc(Cl)cn3)CC2)cc1)N1CCC1,1,train
O=C(Cc1ccc(OCC[C@@H]2C[C@@H]2C2CCN(c3ncc(Cl)cn3)CC2)nc1)N1CCC1,1,train
O=C(Cc1ccc(OCC[C@@H]2C[C@@H]2C2CCN(c3ncc(Cl)cn3)CC2)c(F)c1)N1CCC1,1,train
O=C(Cc1ccc(OCC[C@@H]2C[C@@H]2C2CCN(c3ncc(Cl)cn3)CC2)cc1F)N1CCC1,1,train
O=C(Cc1ccc(OCC[C@@H]2C[C@@H]2C2CCN(c3ncc(Cl)cn3)CC2)cc1F)N1CC(O)C1,1,train
O=C(Cc1ccc(OCC[C@@H]2C[C@@H]2C2CCN(c3ncc(Cl)cn3)CC2)cc1F)N1CCCCC1,1,train
CCc1cnc(N2CCC([C@H]3C[C@H]3CCOc3ccc(CC(=O)N4CCC4)c(F)c3)CC2)nc1,1,train
CC1(OC(=O)N2CCC([C@H]3C[C@H]3CCOc3ccc(CC(=O)N4CCC4)c(F)c3)CC2)CC1,1,train
CC(C)c1noc(N2CCC([C@H]3C[C@H]3CCOc3ccc(CC(=O)N4CCC4)c(F)c3)CC2)n1,1,train
COCc1cnc(N2CCC([C@H]3C[C@H]3CCOc3ccc(CC(=O)N4CCC4)c(F)c3)CC2)nc1,0,train
COCc1cnc(N2CCC([C@H]3C[C@H]3CCOc3cc(F)c(CC(=O)N4CCC4)c(F)c3)CC2)nc1,1,train
C[C@H](NC(=O)c1c(CN2CCC(N3CCCCC3)CC2)c(-c2cccc(C(F)(F)F)c2)nc2ccccc12)c1ccccc1,1,test
CCOc1cc(C(=O)Nc2cc(C(F)(F)F)ccn2)ccc1-c1nc(C23CCC(C(=O)O)(CC2)CC3)n2ccnc(N)c12,0,test
C[C@]1(C(=O)O)CC[C@@](C)(c2nc(-c3ccc(C(=O)Nc4cc(C(F)(F)F)ccn4)cc3)c3c(N)nccn23)C1,0,val
C[C@H]1CC[C@@H](c2nc(-c3ccc(C(=O)Nc4cc(C(F)(F)F)ccn4)cc3F)c3c(N)nccn23)CN1C(=O)C1CC1,1,train
O=C(c1ccc(C[C@@H]2CC[C@H]([C@H](O)c3ccccc3)N2)cc1)N1CCN(Cc2ncn(CC(F)F)n2)CC1,0,train
O=C(c1ccc(C[C@@H]2CC[C@H]([C@H](O)c3ccccc3)N2)cc1)N1CCN(Cc2nnn(CC3CC3)n2)CC1,0,train
O=C(c1ccc(C[C@@H]2CC[C@H]([C@H](O)c3ccccc3)N2)cc1)N1CCN(Cc2nnn(CC(F)(F)F)n2)CC1,0,train
Cc1c([C@@H](O)CN2CCC3(CC2)CCN(c2ccc(C#N)cn2)C3)ccc2c1COC2=O,1,train
Cc1c([C@@H](O)CN2CCC3(CC2)CC(=O)N(c2ccc(C#N)cn2)C3)ccc2c1COC2=O,1,train
Cc1c([C@@H](O)CN2CCC3(CC2)CN(c2ccc(C#N)cn2)C3)ccc2c1COC2=O,0,train
Cc1c([C@@H](O)CN2CCC3(CC2)CCN(c2cncc(C#N)c2)C3)ccc2c1COC2=O,1,train
Cc1c([C@@H](O)CN2CCC3(CC2)CC(=O)N(c2cncc(C#N)c2)C3)ccc2c1COC2=O,1,train
Cc1c([C@@H](O)CN2CCC3(CC2)CCN(c2ccc(C#N)nc2)C3)ccc2c1COC2=O,1,train
CSc1ccc(N2CCC3(CCN(C[C@H](O)c4ccc5c(c4C)COC5=O)CC3)C2)cn1,1,train
COc1ccc(N2CCC3(CCN(C[C@H](O)c4ccc5c(c4C)COC5=O)CC3)C2)cn1,1,train
Cc1c([C@@H](O)CN2CCC3(CC2)CCN(c2ccc(C(C)(C)O)nc2)C3)ccc2c1COC2=O,0,train
Cc1c([C@@H](O)CN2CCC3(CC2)CCN(c2ccc([S+](C)[O-])nc2)C3)ccc2c1COC2=O,1,train
Cc1c([C@@H](O)CN2CCC3(CC2)CCN(c2cnc(S(C)(=O)=O)cn2)C3)ccc2c1COC2=O,1,train
Cc1c([C@@H](O)CN2CCC3(CC2)CC(=O)N(c2cnc(S(C)(=O)=O)cn2)C3)ccc2c1COC2=O,0,train
CCS(=O)(=O)c1cnc(N2CC3(CCN(C[C@H](O)c4ccc5c(c4C)COC5=O)CC3)CC2=O)cn1,1,train
Cc1c([C@@H](O)CN2CCC3(CC2)CCN(c2ccc(S(C)(=O)=O)cn2)C3)ccc2c1COC2=O,0,train
Cc1c([C@@H](O)CN2CCC3(CC2)CC(=O)N(c2ccc(S(C)(=O)=O)cn2)C3)ccc2c1COC2=O,0,train
Cc1nc(N2CCC3(CCN(C[C@H](O)c4ccc5c(c4C)COC5=O)CC3)C2)ccc1S(C)(=O)=O,1,train
Cc1c([C@@H](O)CN2CCC3(CC2)CCN(c2ccc(S(C)(=O)=O)nc2)C3)ccc2c1COC2=O,0,train
Cc1c([C@@H](O)CN2CCC3(CC2)CCN(c2ccc(C#N)cn2)CC3)ccc2c1COC2=O,1,train
c1ccc(-c2ccccc2CC(c2cccnc2)c2cccnc2)cc1,1,train
N#Cc1cccc(-c2cc(F)ccc2CC(c2cccnc2)c2cccnc2)c1,0,train
CS(=O)(=O)Nc1cccc(-c2cc(F)ccc2CC(c2cccnc2)c2cccnc2)c1,1,train
c1cncc(C(Cc2ccccc2-c2ccncc2)c2cccnc2)c1,0,train
c1cncc(C(Cc2ccccc2-c2cncc3ccccc23)c2cccnc2)c1,0,train
Fc1ccc(CC(c2cccnc2)c2cccnc2)c(-c2cccc(C(F)(F)F)c2)c1,1,train
FC(F)(F)Oc1cccc(-c2ncccc2CC(c2cccnc2)c2cccnc2)c1,0,test
N#Cc1cccc(-c2cccc(Cl)c2CC(c2cccnc2)c2cccnc2)c1,1,train
Nc1cccc(C(Cc2cccnc2-c2cc(Cl)cc(Cl)c2)c2cccnc2)n1,0,test
OC(Cc1cccnc1-c1cccc(C(F)(F)F)c1)(c1cccnc1F)c1cccnc1F,1,test
CN(C)C(=O)c1cccc(-c2ccc(F)cc2CC(c2cccnc2)c2cccnc2)c1,0,test
Cc1[nH]c(Cc2c(O)[nH]c3ccc(F)cc23)c(C)c1NC(=O)C1=NCCC1,1,test
COc1nc(C2=NOC[C@H](c3cc4ccccc4o3)N2)ccc1-n1cnc(C)c1,0,val
CCOC(=O)C1=C[C@]2(CC)CCCN3CCc4c(n1c1ccccc41)[C@@H]32,1,test
O=c1n(Cc2ccc(Cl)cc2)c2sc3c(c2c2ncnn12)CCCC3,1,train
CN1CCc2c(sc3c2c2ncnn2c(=O)n3Cc2ccc(Cl)cc2)C1,1,train
O=c1n(Cc2ccc(Cl)cc2)c2sc3c(c2c2ncnn12)CCN(CC1CC1)C3,1,train
O=C(C1CC1)N1CCc2c(sc3c2c2ncnn2c(=O)n3Cc2ccc(Cl)cc2)C1,1,train
COc1ccc(Cn2c(=O)n3ncnc3c3c4c(sc32)CN(C(=O)C2CC2(F)F)CC4)cc1,1,test
O=c1n(Cc2ccc(Cl)cc2)c2sc3c(c2c2ncnn12)CCN(C1COC1)C3,1,train
O=c1n(Cc2ccc(Cl)cc2)c2sc3c(c2c2ncnn12)CCN(Cc1ccccc1)C3,1,train
O=c1n(Cc2ccccc2)c2sc3c(c2c2ncnn12)CCN(CC1CCOCC1)C3,1,train
O=c1n(Cc2ccc(Cl)cc2)c2sc3c(c2c2ncnn12)CCN(CC1CCOCC1)C3,1,train
O=c1n(Cc2ccc(Cl)cc2F)c2sc3c(c2c2ncnn12)CCN(CC1CCOCC1)C3,1,train
COc1ccc(Cn2c(=O)n3ncnc3c3c4c(sc32)CN(CC2CCOCC2)CC4)cc1,1,train
COc1ccc(Cn2c(=O)n3ncnc3c3c4c(sc32)CN(CC2CCOCC2)CC4)c(F)c1,1,train
COc1ccc(Cn2c(=O)n3ncnc3c3c4c(sc32)CN(CC2CCOCC2)CC4(F)F)cc1,1,train
N=C(CC(O)c1cc2c(F)cc(F)cc2c2cc(C(F)(F)F)ccc12)NN=Cc1ccc(F)cc1,1,test
CCN(CC)Cc1cc(C=NN=C(N)CC(O)c2cc3c(F)cc(F)cc3c3cc(C(F)(F)F)ccc23)ccc1O,1,test
COc1ccccc1CNC[C@H]1C[C@@H]1c1cc(F)ccc1OC,1,test
O=C(c1cc([C@H]2CCCN2c2cc(F)cc(F)c2)c2oc(N3CCOCC3)cc(=O)c2c1)N1CCOCC1,0,test
CNC(=O)c1c(-c2ccc(F)cc2)oc2ccc(-c3cc(C(=O)NC4(c5ncccn5)CC4)ccc3C)c(F)c12,0,train
CNC(=O)c1c(-c2ccc(F)cc2)oc2ccc(-c3cc(C(=O)NC4(c5ncccn5)CC4)ccc3C)cc12,1,train
CNC(=O)c1c(-c2ccc(F)cc2)oc2ccc(-c3cc(C(=O)NC4(c5ccccn5)CC4)ccc3C)cc12,1,train
O=C1CCc2ccc(OCCCCN3CCCN(c4ccc(O)c5[nH]c(=O)ccc45)CC3)cc2N1,0,test
CC(C)Oc1cc2c(OC[C@@H]3CCC(=O)N3)nccc2cc1C(N)=O,0,val
Cc1[nH]nc2c1C(c1cc(-c3cccnc3)cc(C(F)(F)F)c1)(C(C)C)C(C#N)C(=N)O2,0,test
CC(=O)N1CCN(c2cccc(-c3cc(-c4ccnn4CC(F)(F)F)c4c(N)ncnn34)c2)C(=O)C1(C)C,0,test
COc1cncc(Cc2cc(-c3ccccc3)no2)c1,0,val
CN(C)c1ccc(C(=O)N(CCCCCC(O)=NO)CC(=O)NCc2ccccc2)cc1,0,val
CN(C)c1ccc(C(=O)N(CC(=O)NC2CCCCC2)Cc2ccc(C(O)=NO)cc2)cc1,0,val
O=C1C(Cc2ccccc2)N(CCCCCC(O)=NO)C(=O)c2ccccc2N1Cc1ccccc1,1,test
N=C(Nc1ccc(I)cc1)NC12CC3CC(CC(C3)C1)C2,1,val
N=C(NCCCOc1ccc(F)cc1)Nc1ccc(I)cc1,1,val
N=C(NCCCOc1ccc(F)cc1)Nc1ccc(Cl)cc1,1,val
COc1ccc(N=C(N)NCCCOc2ccc(F)cc2)cc1,1,val
O=S(=O)(Nc1cscn1)c1cc(Cl)c(OCC2NCCC=C2c2ccc(F)cc2)cc1F,0,train
N[C@@H]1CCC=C(c2ccc(F)cc2)[C@H]1COc1cc(F)c(S(=O)(=O)Nc2cscn2)cc1Cl,0,train
CN(C/C=C/c1ccc2ccccc2c1)Cc1ccc2c(c1)OCCC2,0,train
CN(C/C=C/c1ccc(Br)cc1)Cc1ccc2c(c1)OCCC2,1,train
Cc1ccc(/C=C/CN(C)Cc2ccc3c(c2)OCCC3)cc1,1,train
CN(C/C=C/c1ccc(C(F)F)cc1)Cc1ccc2c(c1)OCCC2,1,train
CN(C/C=C/c1ccc(C(F)(F)F)cc1)Cc1ccc2c(c1)OCCC2,1,train
COC(=O)c1ccc(/C=C/CN(C)Cc2ccc3c(c2)OCCC3)cc1,1,train
CN(C/C=C/c1ccc(-c2ccccc2)cc1)Cc1ccc2c(c1)OCCC2,0,train
CN(C/C=C/c1ccc(C(F)(F)F)cc1F)Cc1ccc2c(c1)OCCC2,1,train
CN(C/C=C/c1ccc(C(F)(F)F)c(F)c1)Cc1ccc2c(c1)OCCC2,1,train
COc1ccc(/C=C/CN(C)Cc2ccc3c(c2)OCCC3)c(F)c1,1,val
CN(C/C=C/c1ccc2ccccc2c1)Cc1ccc2c(c1)CCO2,1,val
CN(C/C=C/c1ccc(C(F)F)cc1)Cc1ccc2c(c1)CCO2,1,val
CN(C/C=C/c1ccc(C(F)(F)F)cc1)Cc1ccc2c(c1)CCO2,1,train
CN(C/C=C/c1ccc(-c2ccccc2)cc1)Cc1ccc2c(c1)CCO2,0,val
CN(C/C=C/c1ccc(C(F)(F)F)cc1F)Cc1ccc2c(c1)CCO2,1,train
COc1ccc(/C=C/CN(C)Cc2ccc3c(c2)CCCCC3)cc1,1,test
CN(C/C=C/c1ccc(C(F)(F)F)cc1)Cc1ccc2c(c1)CCCC2,1,train
COc1ccc(CN(CC(=O)N2CCC3(CC2)CNC3)c2ccc(C#N)cc2)cc1F,0,val
COc1ccc(CN(CC(=O)N2CCC(CN)CC2)c2ccc(C#N)cc2)cc1F,0,val
Cc1ccc(-c2ncc(OC[C@H]3CCNC3)cc2-c2ccc(C#N)cc2)cc1,1,val
Nc1ccc(F)cc1NC(=O)c1ccc(CNC(=O)/C=C/c2cccnc2)cc1,0,test
Cc1ccc(/C=C/C(=O)N2CCN(c3ccc(C(=O)Nc4ccccc4N)cc3)CC2)cc1,0,train
COc1ccc(/C=C/C(=O)N2CCN(c3ccc(C(=O)Nc4ccccc4N)cc3)CC2)cc1,0,train
Nc1ccccc1NC(=O)c1ccc(N2CCN(C(=O)/C=C/c3ccc(F)cc3)CC2)cc1,0,train
CCc1cc(COc2cc(C(=O)N3CCC[C@@H](N)C3)nn2-c2ccc(C#N)cc2)on1,1,test
CC(C)CN(CCc1ccc(Cl)cc1)C1CCN(c2n[nH]c(N)n2)CC1,1,train
COc1ccc(Oc2ccnc3cc(-c4cnn(C5CCNCC5)c4)ccc23)cc1,1,train
Oc1ccc(Oc2ccnc3cc(-c4cnn(C5CCNCC5)c4)ccc23)cc1,1,train
Cc1ccc(Oc2ccnc3cc(-c4cnn(C5CCNCC5)c4)ccc23)cc1,1,train
CN(Cc1ccccn1)Cc1ccccc1CNc1ccnc2cc(Cl)ccc12,1,test
CCOC(=O)C1C2CCC(C[C@@H]1OC(c1ccc(F)cc1)c1ccc(F)cc1)N2CCc1c[nH]c2ccccc12,0,val
Fc1ccc(C(OC2CC3CCC(C2)N3CCN2CCCCC2)c2ccc(F)cc2)cc1,1,train
CN(C)CCN1C2CCC1CC(NC(c1ccc(F)cc1)c1ccc(F)cc1)C2,1,train
CN(C)CCN1C2CCC1CC(OC(c1ccc(F)cc1)c1ccc(F)cc1)C2,1,train
CC(C)[C@@H](N)CN1C2CCC1CC(OC(c1ccc(F)cc1)c1ccc(F)cc1)C2,1,train
Fc1ccc(C(OC2CC3CCC(C2)N3CC2CC2)c2ccc(F)cc2)cc1,1,train
CN(C/C=C/c1ccc(-c2ccccc2)cc1)Cc1coc2ccccc12,0,test
CCOC(=O)C1C(CN2CCOC[C@H]2CO)=NC(c2nccs2)=N[C@H]1c1ccc(F)cc1Br,0,train
CCOC(=O)C1C(CN2CCOC(CO)C2)=NC(c2nccs2)=NC1c1ccc(F)cc1Br,1,train
CCOC(=O)C1C(CNC(Cc2ccccc2)C(=O)O)=NC(c2nccs2)=NC1c1ccc(F)cc1Br,1,train
CCOC(=O)C1C(CN2CCS(=O)(=O)CC2)=NC(c2nccs2)=NC1c1ccc(F)cc1Br,1,train
CCOC(=O)C1C(CN2CC[S+]([O-])CC2)=NC(c2nccs2)=NC1c1ccc(F)cc1Br,1,train
CCOC(=O)C1C(CN2CCOCC2)=NC(c2nc(CC(=O)OC)cs2)=NC1c1ccc(F)cc1Br,1,train
CCOC(=O)C1C(CN2CCOCC2)=NC(c2ncc(OC)s2)=NC1c1ccc(F)cc1Br,1,train
CCOC(=O)C1C(CN2CCOCC2)=NC(n2cncn2)=NC1c1ccc(F)cc1Br,1,train
CCOC(=O)C1C(CN2CCOCC2)=NC(c2nccn2C)=NC1c1ccc(F)cc1Br,1,train
CCOC(=O)C1C(CN2CCOCC2)=NC(c2ccccn2)=NC1c1ccc(F)cc1Br,1,train
CCOC(=O)C1C(CN2CCOCC2)=NC(c2cccs2)=NC1c1ccc(F)cc1Br,1,train
CCOC(=O)C1C(CN2CCOCC2)=NC(c2nncs2)=NC1c1ccc(F)cc1Br,1,train
CCOC(=O)C1C(CN2CCOCC2)=NC(c2nccs2)=NC1c1ccc(F)cc1-c1ccccc1,1,train
CCOC(=O)C1C(CN2CCOCC2)=NC(c2nccs2)=NC1c1ccccc1[N+](=O)[O-],1,train
CCOC(=O)C1C(CN2CCOCC2)=NC(c2nccs2)=NC1c1ccccc1Cl,1,train
CCOC(=O)C1C(CN2CCOCC2)=NC(c2nccs2)=NC1c1ccc(Cl)cc1Cl,1,train
CCOC(=O)C1C(CN2CCOCC2)=NC(c2nccs2)=NC1c1ccc(F)cc1Cl,1,train
CCOC(=O)C1C(CN2CCOCC2)=NC(c2nccs2)=N[C@@H]1c1ccc(F)cc1Br,1,train
CCOC(=O)C1C(CN2CCOCC2)=NC(c2nccs2)=N[C@H]1c1ccc(F)cc1Br,1,train
CCOC(=O)C1C(CN2CCOCC2)=NC(c2nccs2)=NC1c1ccc(F)cc1Br,1,train
Cc1c([C@@H](O)CN2CCC3(CC2)CCN(c2ccc(=O)n(C)n2)C3=O)ccc2c1COC2=O,0,train
Cc1c([C@@H](O)CN2CCC3(CC2)CCN(c2ccc(-n4cnnn4)cn2)C3)ccc2c1COC2=O,1,train
Cc1nsc(N2CCC3(CCN(C[C@H](O)c4ccc5c(c4C)COC5=O)CC3)C2)n1,1,train
Cc1c([C@@H](O)CN2CCC3(CC2)CCN(c2ccns2)C3)ccc2c1COC2=O,1,train
Cc1c([C@@H](O)CN2CCC3(CC2)CN(c2ccns2)C3)ccc2c1COC2=O,1,train
Cc1c([C@@H](O)CN2CCC3(CC2)CC(=O)N(c2ccns2)C3)ccc2c1COC2=O,1,train
Cc1c([C@@H](O)CN2CCC3(CC2)CN(c2ccns2)C(=O)O3)ccc2c1COC2=O,0,train
Cc1c([C@@H](O)CN2CCC3(CC2)CCN(c2ccns2)C3=O)ccc2c1COC2=O,1,train
Cc1c([C@@H](O)CN2CCC3(CC2)CCN(c2sncc2Cl)C3=O)ccc2c1COC2=O,1,train
Cc1cnsc1N1CCC2(CCN(C[C@H](O)c3ccc4c(c3C)COC4=O)CC2)C1=O,1,train
Cc1cc(N2CCC3(CCN(C[C@H](O)c4ccc5c(c4C)COC5=O)CC3)C2=O)sn1,1,train
Cc1c([C@@H](O)CN2CCC3(CC2)CCN(c2cc(-c4ccccc4)ns2)C3=O)ccc2c1COC2=O,1,train
Cc1c([C@@H](O)CN2CCC3(CC2)CCN(c2cc(-c4ccccc4)no2)C3=O)ccc2c1COC2=O,1,train
Cc1c([C@@H](O)CN2CCC3(CC2)CCN(c2cnsc2)C3=O)ccc2c1COC2=O,1,train
Cc1c([C@@H](O)CN2CCC3(CC2)CCN(c2cnsn2)C3=O)ccc2c1COC2=O,1,train
Cc1c([C@@H](O)CN2CCC3(CC2)CCN(c2ncns2)C3=O)ccc2c1COC2=O,0,train
Cc1nsc(N2CCC3(CCN(C[C@H](O)c4ccc5c(c4C)COC5=O)CC3)C2=O)n1,1,train
COc1nsc(N2CCC3(CCN(C[C@H](O)c4ccc5c(c4C)COC5=O)CC3)C2=O)n1,1,train
Cc1c([C@@H](O)CN2CCC3(CC2)CCN(c2ccncc2)C3=O)ccc2c1COC2=O,0,train
COc1cc(N2CCC3(CCN(C[C@H](O)c4ccc5c(c4C)COC5=O)CC3)C2=O)ccn1,1,train
Cc1c([C@@H](O)CN2CCC3(CC2)CCN(c2ccnnc2)C3=O)ccc2c1COC2=O,0,train
Cc1c([C@@H](O)CN2CCC3(CC2)CCN(c2ccncn2)C3=O)ccc2c1COC2=O,0,train
Cc1nccc(N2CCC3(CCN(C[C@H](O)c4ccc5c(c4C)COC5=O)CC3)C2=O)n1,0,train
COc1nccc(N2CCC3(CCN(C[C@H](O)c4ccc5c(c4C)COC5=O)CC3)C2=O)n1,1,train
CNc1nccc(N2CCC3(CCN(C[C@H](O)c4ccc5c(c4C)COC5=O)CC3)C2=O)n1,1,train
Cc1c([C@@H](O)CN2CCC3(CC2)CCN(c2cnn(C)c(=O)c2)C3=O)ccc2c1COC2=O,0,train
CCn1nc(N2CCC3(CCN(C[C@H](O)c4ccc5c(c4C)COC5=O)CC3)C2=O)ccc1=O,1,train
Cc1c([C@@H](O)CN2CCC3(CC2)CCN(c2ccc(=O)n(C4CCCC4)n2)C3=O)ccc2c1COC2=O,0,train
Cc1c([C@@H](O)CN2CCC3(CC2)CCN(c2ccc(=O)n(C(F)F)n2)C3=O)ccc2c1COC2=O,0,train
Cc1c([C@@H](O)CN2CCC3(CC2)CCN(c2cc(C)c(=O)n(C)n2)C3=O)ccc2c1COC2=O,1,train
Cc1cc(=O)n(C)nc1N1CCC2(CCN(C[C@H](O)c3ccc4c(c3C)COC4=O)CC2)C1=O,0,train
Cc1c([C@@H](O)CN2CCC3(CC2)CCN(c2ccc(=O)n(C)n2)C3)ccc2c1COC2=O,1,train
Cc1c([C@@H](O)CN2CCC3(CC2)CC(=O)N(c2ccc(=O)n(C)n2)C3)ccc2c1COC2=O,0,train
Cn1nc(N2CCC3(CCN(C[C@H](O)c4ccc(-n5cnnn5)nn4)CC3)C2=O)ccc1=O,1,train
Cc1nc(-n2cnnn2)ccc1[C@@H](O)CN1CCC2(CC1)CCN(c1ccc(=O)n(C)n1)C2=O,0,train
Cc1c(CCN2CCC3(CC2)CCN(c2ccc(=O)n(C)n2)C3=O)ccc2c1COC2=O,1,test
Cc1c([C@@H](O)CN2CCC3(CC2)CCN(c2ccc(=O)n(C)n2)CC3)ccc2c1COC2=O,0,train
Cc1c([C@@H](O)CN2CCC3(CC2)CN(c2ccc(=O)n(C)n2)C(=O)CO3)ccc2c1COC2=O,0,train
Cn1c([S+](C)[O-])nc(-c2ccc(F)cc2)c1-c1ccnc(N)c1,0,val
CSc1nc(-c2ccc(F)cc2)c(-c2ccnc(NC(C)=O)c2)n1C,0,test
CSc1nc(-c2ccc(F)cc2)c(-c2ccnc(Nc3ccccc3)c2)[nH]1,1,val
Cc1cc(CNc2nc(N)nc3ccn(Cc4ccccn4)c23)no1,1,train
Nc1nc(NCc2cc(C3CC3)on2)c2c(ccn2Cc2ccccn2)n1,1,train
COc1ccc(Cn2ccc3nc(N)nc(NCc4cc(C)on4)c32)nc1OC,1,train
COc1cccc(Cn2ccc3nc(N)nc(NCc4cc(C)on4)c32)n1,1,train
Cc1cc(CNc2nc(N)nc3ccn(Cc4ccc(F)cn4)c23)no1,1,train
Cc1cc(CNc2nc(N)nc3ccn(Cc4ncccc4F)c23)no1,1,train
Cc1cc(CNc2nc(N)nc3ccn(Cc4ccc(C(F)(F)F)cn4)c23)no1,1,train
Cc1cc(CNc2nc(N)nc3ccn(Cc4ncccc4Cl)c23)no1,1,train
Cc1cc(CNc2nc(N)nc3ccn(Cc4cc(Cl)ccn4)c23)no1,1,train
Cc1cnc(COc2nc(N)nc3ccn(Cc4ccccn4)c23)s1,0,test
COc1cccnc1Cn1ccc2nc(N)nc(OCc3ncc(C)o3)c21,1,test
COc1cccnc1Cn1ccc2nc(N)nc(NCc3cc(C)on3)c21,1,train
CN(Cc1ccc(C(F)(F)F)cc1)c1cc(C(=O)Nc2ccccc2)ncn1,1,val
CN(Cc1ccc(C(F)(F)F)nc1)c1cc(C(=O)Nc2ccccc2)ncn1,1,train
CC(C)Oc1ccc(NC(=O)c2cc(N(C)Cc3ccc(F)cc3)ncn2)cc1,1,val
CN1CCN(c2ccc(NC(=O)c3cc(N(C)Cc4ccc(C(F)(F)F)cc4)ncn3)cc2)CC1,1,val
CN(Cc1ccc(F)cc1)c1cc(C(=O)Nc2nncs2)ncn1,1,train
CN(Cc1ccc(C(F)(F)F)nc1)c1cc(C(=O)Nc2nncs2)ncn1,0,train
CN(C)[C@H]1CC[C@H](n2cc(C(N)=O)c(Nc3ccc(Cl)cc3)n2)[C@@H](C#N)C1,1,train
N#C[C@H]1C[C@@H](O)CC[C@@H]1n1cc(C(N)=O)c(Nc2ccc(Cl)cc2)n1,0,train
CN([C@H]1CC[C@H](n2cc(C(N)=O)c(Nc3ccc(Cl)cc3)n2)[C@@H](C#N)C1)C1(C)COC1,0,train
N#C[C@H]1C[C@@H](N2CCC2)CC[C@@H]1n1cc(C(N)=O)c(Nc2ccc([C@H](O)C(F)(F)F)cc2)n1,0,val
N#C[C@H]1CCOC[C@@H]1n1cc(C(N)=O)c(Nc2ccc(Cl)cc2)n1,0,train
N#C[C@H]1CCOC[C@@H]1n1cc(C(N)=O)c(Nc2ccc(F)cc2)n1,0,train
N#C[C@H]1CCOC[C@@H]1n1cc(C(N)=O)c(Nc2ccc(C3CC3)cc2)n1,0,train
N#C[C@H]1CCOC[C@@H]1n1cc(C(N)=O)c(Nc2ccc(OC(F)F)cc2)n1,0,train
N#C[C@H]1CCOC[C@@H]1n1cc(C(N)=O)c(Nc2ccc(-n3ccnn3)cc2)n1,0,train
N#Cc1ccc(Nc2nn([C@H]3COCC[C@@H]3C#N)cc2C(N)=O)cc1,0,train
C[C@@H](c1ccc(Br)cc1)N1CC[C@](CCC(N)=O)(c2ccc(F)cc2)OC1=O,1,val
C[C@@H](c1ccc(OC(F)F)cc1)N1CC[C@](CCC(N)=O)(c2ccc(F)cc2)OC1=O,1,val
COc1ccc2ncc(F)c([C@@H](O)CC[C@@H]3CCN(C4CC(c5cc(F)ccc5F)C4)CC3C(=O)O)c2n1,0,train
COc1ccc2ncc(F)c([C@@H](O)CC[C@@H]3CCN(C4CC(c5ncccc5F)C4)CC3C(=O)O)c2c1,0,train
COc1ccc2ncc(F)c([C@@H](O)CC[C@@H]3CCN(C4CC(c5cccc(F)c5F)C4)CC3C(=O)O)c2c1,0,train
COc1ccc2ncc(F)c([C@@H](O)CC[C@@H]3CCN(C4CC(c5cc(F)cc(F)c5)C4)CC3C(=O)O)c2c1,0,train
COc1ccc2ncc(F)c([C@@H](O)CC[C@@H]3CCN(C4CC(c5cc(F)ccc5F)C4)CC3C(=O)O)c2c1,0,train
COc1ccc2ncc(F)c([C@@H](O)CC[C@@H]3CCN(C4CC(c5c(F)cccc5F)C4)CC3C(=O)O)c2c1,0,train
COc1ccc2ncc(F)c([C@@H](O)CC[C@@H]3CCN(C4CC(c5ccccc5)C4)CC3C(=O)O)c2c1,0,train
C[C@@H]1O[C@@H](O[C@H]2C[C@@H](O)[C@]3(CO)[C@H]4[C@H](O)C[C@]5(C)[C@@H](C6=CC(=O)OC6)CC[C@]5(O)[C@@H]4CC[C@]3(O)C2)[C@H](O)[C@H](O)[C@H]1O,1,val
C[C@@H]1CC[C@H](Nc2ncc(C(N)=O)c3sc(-c4ccccc4)cc23)CN1,1,train
C[C@@H]1CC[C@H](Nc2ncc(C(N)=O)c3sc(-c4ccccc4)cc23)[C@H](C)N1,1,train
C[C@@H]1NCCC[C@@H]1Nc1ncc(C(N)=O)c2sc(-c3ccccc3)cc12,1,train
NC(=O)c1cnc(N(CCc2ccccc2)[C@H]2CCCNC2)c2cc(-c3ccccc3)sc12,1,test
CCN(c1ncc(C(N)=O)c2sc(-c3ccccc3)cc12)[C@H]1CCCNC1,1,train
CN(c1ncc(C(N)=O)c2sc(-c3ccccc3)cc12)[C@H]1CCCNC1,1,train
NC(=O)c1cnc(SC2CCCNC2)c2cc(-c3ccccc3)sc12,1,train
NC(=O)c1cnc(O[C@H]2CCCNC2)c2cc(-c3ccccc3)sc12,1,train
NC(=O)c1ccc(N[C@H]2CCCNC2)c2cc(-c3ccc(Cl)cc3)[nH]c12,1,train
NC(=O)c1ccc(N[C@H]2CCCNC2)c2cc(-c3ccc(F)cc3)[nH]c12,1,train
NC(=O)c1ccc(N[C@H]2CCCNC2)c2cc(-c3cccc(F)c3)[nH]c12,1,train
NC(=O)c1ccc(N[C@H]2CCCNC2)c2cc(-c3ccccc3)[nH]c12,0,train
NC(=O)c1cnc(N[C@H]2CCCNC2)c2cc(-c3ccsc3)sc12,0,train
NC(=O)c1cnc(N[C@H]2CCCNC2)c2cc(-c3cccc(F)c3)sc12,0,train
NC(=O)c1cnc(N[C@H]2CCCNC2)c2cc(-c3ccccc3)sc12,0,train
Cc1cc(Oc2cncnc2)cc(C(=O)Nc2ccc(F)cn2)n1,0,val
O=C(CN1CCCC2=C1C(=O)N(C1CC1)C2=O)Nc1ccc(-c2cccnc2)nn1,0,test
Clc1cccc(N2CCN(CCCCNc3nccc4ccccc34)CC2)c1Cl,1,train
Clc1cccc(N2CCN(CCCCNc3ccc4ccccc4n3)CC2)c1Cl,1,train
c1ccc(C(OCCCc2c[nH]cn2)c2ccccc2)cc1,1,test
N#Cc1c(N)ncnc1N1CCC[C@H]1c1nc2cccc(C#CCCCC(=O)N3CCOCC3)c2c(=O)n1-c1ccccc1,0,test
N=C1N[C@@]2(c3cc(CNCC(F)(F)F)c(F)cc3F)CO[C@@H](CF)C[C@H]2CS1,1,val
C[C@@H]1C[C@@](C)(c2cc(CNC3(C(F)(F)F)CC3)c(F)cc2F)N=C(N)S1,1,test
C[C@@]1(c2cc(CNC3(C(F)(F)F)CC3)c(F)cc2F)CCSC(=N)N1,1,train
C[C@@]1(c2cc(CNC3(C(F)(F)F)COC3)c(F)cc2F)CCSC(=N)N1,0,train
C[C@@]1(c2cc(CNC3(C#N)CC3)c(F)cc2F)CCSC(=N)N1,0,train
C[C@@]1(c2cc(CNC3(C(F)F)CC3)c(F)cc2F)CCSC(=N)N1,0,train
C[C@@]1(c2cc(CNCC3CC3)c(F)cc2F)CCSC(=N)N1,0,train
C[C@@]1(c2cc(CNC3CC3)c(F)cc2F)CCSC(=N)N1,0,train
C[C@@]1(c2cc(CNCCC(F)(F)F)c(F)cc2F)CCSC(=N)N1,0,train
C[C@@H](NCc1cc([C@]2(C)CCSC(=N)N2)c(F)cc1F)C(F)(F)F,0,train
CC(C)(NCc1cc([C@]2(C)CCSC(=N)N2)c(F)cc1F)C(F)(F)F,0,train
C[C@@]1(c2cc(CNCC(F)F)c(F)cc2F)CCSC(=N)N1,0,train
C[C@@]1(c2cc(CNCC(F)(F)F)c(F)cc2F)CCSC(=N)N1,1,train
CCc1nc2c(C)cc(C)nc2n1Cc1ccc(/C=C/CN2CCN(C(C)C)CC2)cc1,1,test
Cc1nc2n(c(=O)c1CCN1CCN(c3cccc4sccc34)CC1)CCCC2,1,train
Cc1nc2n(c(=O)c1CCN1CCN(c3cccc4sccc34)CC1)CCCC2O,1,train
Cc1nc2n(c(=O)c1CCN1CCN(c3cccc4sccc34)CC1)CCCC2F,1,train
Cc1nc2n(c(=O)c1CCN1CCN(c3cccc4sccc34)CC1)CCCC2(F)F,1,train
O=C(c1ccccc1)N1CCc2oc(-c3ccc(F)cn3)nc2C1,0,train
O=C(c1cccc(F)c1)N1CCc2oc(-c3ccc(F)cn3)nc2C1,0,train
O=C(c1cc(F)cc(Cl)c1)N1CCc2oc(-c3ccc(F)cn3)nc2C1,0,train
O=C(c1cc(F)cc(Cl)c1)N1CCn2nc(-c3ccc(F)cn3)cc2C1,0,test
NC(=O)c1cc(Cl)c2c(Cl)c(C3CC3)n([C@H]3CCCNC3)c2n1,1,train
NC(=O)c1cc(Cl)c2c(Cl)c(C3CC3)n([C@@H]3CCCNC3)c2n1,1,train
NC(=O)c1cc(Cl)c2c(Cl)c(C3CC3)n(C3CCCNC3)c2n1,1,train
NC(=O)c1cc(Cl)c2c(Cl)c(C#CC3CC3)n(C3CCCNC3)c2n1,1,train
Cc1ccc([C@@H]2CN(C(=O)C3CCC(CN)CC3)C[C@H]2c2ccc(C#N)cc2)cc1,0,test
Cc1ccc(-c2ncc(OC[C@@H]3CCNC3)cc2-c2ccc(C#N)cc2)cc1,1,val
COCCCC(=O)NCCN1CCC[C@@H]1Cn1nc(Cc2ccc(Cl)cc2)c2ccccc2c1=O,1,train
CCCCc1cc(OC2CCN(CCS(=O)(=O)CC)CC2)c2ncccc2c1,1,train
CCCCc1cc(OC2CCN(CCCS(=O)(=O)CC)CC2)c2ncccc2c1,1,train
CCCCc1cc(OC2CCN(CCCS(=O)(=O)CCC)CC2)c2ncccc2c1,1,train
CCCCc1cc(OC2CCN(CCCS(=O)(=O)C(C)C)CC2)c2ncccc2c1,1,train
CCCCc1cc(OC2CCN(CCCS(=O)(=O)C(C)(C)C)CC2)c2ncccc2c1,1,train
CCCCc1cc(OC2CCN(CCCCS(=O)(=O)C(C)(C)C)CC2)c2ncccc2c1,1,train
CCCCc1cc(OC2CCN(CCC(C)S(=O)(=O)CC)CC2)c2ncccc2c1,1,train
CCCCc1cc(OC2CCN(CCNS(=O)(=O)CC)CC2)c2ncccc2c1,1,train
CCCCc1cc(OC2CCN(CCCNS(=O)(=O)CC)CC2)c2ncccc2c1,1,train
CCCCc1cc(OC2CCN(CCCCNS(C)(=O)=O)CC2)c2ncccc2c1,1,train
CCCCc1cc(OC2CCN(CCCCNS(=O)(=O)CC)CC2)c2ncccc2c1,1,train
CCCCc1cc(OC2CCN(CCCCNS(=O)(=O)CCC)CC2)c2ncccc2c1,1,train
CCCCc1cc(OC2CCN(CCCCNS(=O)(=O)C(C)C)CC2)c2ncccc2c1,1,train
CCCCc1cc(OC2CCN(CCCCNS(=O)(=O)CC(C)C)CC2)c2ncccc2c1,1,train
CCCCc1cc(OC2CCN(CCCCNS(=O)(=O)C3CCCCC3)CC2)c2ncccc2c1,1,train
CCCCc1cc(OC2CCN(CCCCN(C)S(=O)(=O)CC)CC2)c2ncccc2c1,1,train
CCCCc1cc(OC2CCN(CCS(=O)(=O)NC(C)(C)C)CC2)c2ncccc2c1,1,train
CCCCc1cc(OC2CCN(CCCS(=O)(=O)NC(C)(C)C)CC2)c2ncccc2c1,1,train
CCCCc1cc(OC2CCN(CCCCS(=O)(=O)NCCC)CC2)c2ncccc2c1,1,train
CCN1CCc2c(sc(NC(=O)Nc3ccc(Cl)cc3)c2C(N)=O)C1,1,train
NC(=O)c1c(NC(=O)Nc2ccc(Cl)cc2)sc2c1CCN(CCCNC(=O)CCc1c[nH]c3ccccc13)C2,0,test
CC[N+]1(C)CCc2c(sc(NC(=O)Nc3ccc(Cl)cc3)c2C(N)=O)C1,1,train
NC(=O)c1c(NC(=O)Nc2ccc(Cl)cc2)sc2c1CC[N+]1(CCCC1)C2,1,train
NC(=O)c1c(NC(=O)Nc2ccc(Cl)cc2)sc2c1CC[N+]1(CCOCC1)C2,0,train
CC[N+]1(C)Cc2sc(NC(=O)Nc3ccc(Cl)cc3)c(C(N)=O)c2C1,1,train
CN1[C@@H]2CC[C@H]1c1c(sc(NC(=O)Nc3ccc(Cl)cc3)c1C(N)=O)C2,1,test
CCc1ccn2ccnc2c1N1CCCN(CC2CCN(C(=O)C3C[C@@H]4CC[C@H]3O4)CC2)CC1,1,val
CCc1ccn2ccnc2c1N1CCCN([C@@H](CC(N)=O)C2CCN(C(=O)C3C[C@@H]4CC[C@H]3O4)CC2)CC1,1,val
O=C(O)c1ccc2c(c1)C(=O)OC21CCN(c2ccc(-c3nc4cc(C(F)(F)F)ccc4[nH]3)cn2)CC1,1,test
O=C(O)CC1CCC2(CC1)CCN(c1ccc(-c3nc4cc(C(F)(F)F)ccc4[nH]3)cn1)CC2,1,train
O=C(O)CN1CCC2(CC1)CCN(c1ccc(-c3nc4cc(C(F)(F)F)ccc4[nH]3)cn1)CC2,1,train
O=C(O)C1CCC2(CCN(c3ccc(-c4nc5cc(C(F)(F)F)ccc5[nH]4)cn3)CC2)OC1,0,test
O=C(O)CC1CCOC2(CCN(c3ccc(-c4nc5cc(C(F)(F)F)ccc5[nH]4)cn3)CC2)C1,1,train
O=C(O)CC1CCC2(CCN(c3ccc(-c4nc5cc(C(F)(F)F)ccc5[nH]4)cn3)CC2)OC1,1,train
O=C(O)CC1COC2(CCN(c3ccc(-c4nc5cc(C(F)(F)F)ccc5[nH]4)cn3)CC2)C1,0,train
O=C(O)C[C@@H]1COC2(CCN(c3ccc(-c4nc5cc(C(F)(F)F)ccc5[nH]4)cn3)CC2)C1,1,train
O=C(O)C[C@H]1COC2(CCN(c3ccc(-c4nc5cc(C(F)(F)F)ccc5[nH]4)cn3)CC2)C1,1,train
O=C(O)CC1CCC2(CCN(c3ccc(-c4nc5cc(C(F)(F)F)ccc5[nH]4)cn3)CC2)O1,0,train
COc1ccc2ncc(F)c(C[C@H](N)[C@@H]3CC[C@@H](NCc4ccc5c(n4)NC(=O)CO5)CO3)c2n1,1,train
COc1ccc2ccc(=O)n(C[C@H](O)[C@@H]3CC[C@@H](NCc4ccc5c(n4)NC(=O)CO5)CO3)c2n1,0,test
COc1ccc2ccc(=O)n(C[C@H](N)[C@@H]3CC[C@@H](NCc4ccc5c(n4)NC(=O)CO5)CO3)c2n1,0,train
CCc1nc2c(C)cc(N3CCN(CC(=O)N4CC(O)C4)CC3)cn2c1N(C)c1nc(-c2ccc(F)cc2)c(C#N)s1,0,train
CCc1nc2ccc(C3CCN(CC(=O)N4CC(O)C4)CC3)cn2c1N(C)c1nc(-c2ccc(F)cc2)cs1,1,train
CCc1nc2ccc(C3CCN(CC(=O)N4CC(O)C4)CC3)cn2c1N(C)c1nc(-c2ccc(F)cc2)c(C#N)s1,1,train
CC1(COc2ccc(OC(F)(F)F)cc2)CCn2cc([N+](=O)[O-])nc2O1,1,train
C[C@]1(COc2ccc(OC(F)(F)F)cc2)Cn2cc([N+](=O)[O-])nc2O1,0,train
Cc1cc(/C=C/C#N)cc(C)c1Oc1nc(NC2CCN(Cc3ccc(S(N)(=O)=O)cc3)CC2)nc2ccsc12,1,train
C=CC(=O)Nc1cc(Nc2nccc(-c3cn4c5c(cccc35)CCC4)n2)c(OC)cc1N(C)CCN(C)C,1,train
CC1(C)[C@H](Nc2c(C(N)=O)cnn3cc(-c4ccccc4)cc23)CC[C@]1(C)N,1,train
COc1ccc(-c2cc3c(N[C@@H]4CC[C@](C)(N)C4(C)C)c(C(N)=O)cnn3c2)cn1,1,train
Cc1ccccc1-c1cc2c(N[C@@H]3CC[C@](C)(N)C3(C)C)c(C(N)=O)cnn2c1,1,train
Cc1cccc(-c2cc3c(N[C@@H]4CC[C@](C)(N)C4(C)C)c(C(N)=O)cnn3c2)c1,1,train
COc1ccccc1-c1cc2c(N[C@@H]3CC[C@](C)(N)C3(C)C)c(C(N)=O)cnn2c1,1,train
COc1cccc(-c2cc3c(N[C@@H]4CC[C@](C)(N)C4(C)C)c(C(N)=O)cnn3c2)c1,1,train
COc1ccc(-c2cc3c(N[C@@H]4CC[C@](C)(N)C4(C)C)c(C(N)=O)cnn3c2)cc1,0,train
CC1(C)[C@H](Nc2c(C(N)=O)cnn3cc(-c4ccccc4F)cc23)CC[C@]1(C)N,1,train
CC1(C)[C@H](Nc2c(C(N)=O)cnn3cc(-c4cccc(F)c4)cc23)CC[C@]1(C)N,1,train
CC1(C)[C@H](Nc2c(C(N)=O)cnn3cc(-c4ccc(F)cc4)cc23)CC[C@]1(C)N,0,train
CC1(C)[C@H](Nc2c(C(N)=O)cnn3cc(-c4cccc(Cl)c4)cc23)CC[C@]1(C)N,1,train
CC1(C)[C@H](Nc2c(C(N)=O)cnn3cc(-c4ccc(C#N)cc4)cc23)CC[C@]1(C)N,0,train
CC1(C)[C@H](Nc2c(C(N)=O)cnn3cc(-c4cncnc4)cc23)CC[C@]1(C)N,1,train
Cc1cc(-c2cc3c(N[C@@H]4CC[C@](C)(N)C4(C)C)c(C(N)=O)cnn3c2)ccn1,0,train
CC1(C)[C@H](Nc2c(C(N)=O)cnn3cc(-c4ccnc(F)c4)cc23)CC[C@]1(C)N,0,train
Cc1ccncc1-c1cc2c(N[C@@H]3CC[C@](C)(N)C3(C)C)c(C(N)=O)cnn2c1,0,train
Cc1ccc(-c2cc3c(N[C@@H]4CC[C@](C)(N)C4(C)C)c(C(N)=O)cnn3c2)cn1,1,train
CC1(C)[C@H](Nc2c(C(N)=O)cnn3cc(-c4cncc(F)c4)cc23)CC[C@]1(C)N,1,train
CC1(C)[C@H](Nc2c(C(N)=O)cnn3cc(-c4ccc(F)nc4)cc23)CC[C@]1(C)N,0,train
CCOc1ccc(-c2cc3c(N[C@@H]4CC[C@](C)(N)C4(C)C)c(C(N)=O)cnn3c2)cn1,0,train
CC(C)Oc1ccc(-c2cc3c(N[C@@H]4CC[C@](C)(N)C4(C)C)c(C(N)=O)cnn3c2)cn1,1,train
CC1(C)[C@H](Nc2c(C(N)=O)cnn3cc(-c4ccc(C#N)nc4)cc23)CC[C@]1(C)N,1,train
CC(C)c1cc(CN2Cc3ccccc3S2(=O)=O)nn1-c1ccc(F)cc1,0,val
CC(C)c1cc(CN2Cc3ccccc3S2(=O)=O)nn1C(C)(C)C,0,val
Nc1nccn2c([C@H]3CN(C4CCOCC4)CCO3)nc(-c3ccc(C(=O)Nc4cc(C(F)(F)F)ccn4)cc3F)c12,1,train
Nc1nccn2c([C@@H]3CCCN(C4CCOCC4)C3)nc(-c3ccc(C(=O)Nc4cc(C(F)(F)F)ccn4)cc3F)c12,1,train
COCC(=O)N1CCO[C@@H](c2nc(-c3ccc(C(=O)Nc4cc(C(F)(F)F)ccn4)cc3F)c3c(N)nccn23)C1,0,train
COCC(=O)N1CCC[C@@H](c2nc(-c3ccc(C(=O)Nc4cc(C(F)(F)F)ccn4)cc3F)c3c(N)nccn23)C1,1,train
CC(C)C(=O)N1CCO[C@@H](c2nc(-c3ccc(C(=O)Nc4cc(C(F)(F)F)ccn4)cc3F)c3c(N)nccn23)C1,0,train
CC(C)C(=O)N1CCC[C@@H](c2nc(-c3ccc(C(=O)Nc4cc(C(F)(F)F)ccn4)cc3F)c3c(N)nccn23)C1,1,train
CC(=O)N1CCO[C@@H](c2nc(-c3ccc(C(=O)Nc4cc(C(F)(F)F)ccn4)cc3F)c3c(N)nccn23)C1,0,train
CC(=O)N1CCC[C@@H](c2nc(-c3ccc(C(=O)Nc4cc(C(F)(F)F)ccn4)cc3F)c3c(N)nccn23)C1,1,train
CC1(C(=O)N2CCO[C@@H](c3nc(-c4ccc(C(=O)Nc5cc(C(F)(F)F)ccn5)cc4F)c4c(N)nccn34)C2)CCC1,0,train
COCCC(=O)N1CCSC(c2nc(-c3ccc(C(=O)Nc4cc(C(F)(F)F)ccn4)cc3)c3c(N)nccn23)C1,1,test
COCCC(=O)N1CCO[C@@H](c2nc(-c3ccc(C(=O)Nc4cc(C(F)(F)F)ccn4)cc3)c3c(N)nccn23)C1,1,train
CC1(C(=O)N2CCO[C@@H](c3nc(-c4ccc(C(=O)Nc5cc(C(F)(F)F)ccn5)cc4)c4c(N)nccn34)C2)COC1,0,train
CC1(C(=O)N2CC[C@@H](c3nc(-c4ccc(C(=O)Nc5cc(C(F)(F)F)ccn5)cc4)c4c(N)nccn34)C2)COC1,1,train
CC1(C(=O)N2CC(c3nc(-c4ccc(C(=O)Nc5cc(C(F)(F)F)ccn5)cc4)c4c(N)nccn34)C2)COC1,1,train
CC1(C(=O)N2CCC[C@@H](c3nc(-c4ccc(C(=O)Nc5cc(C(F)(F)F)ccn5)cc4)c4c(N)nccn34)C2)COC1,1,train
CC(C)Cc1cc(CNS(=O)(=O)c2cccc3cccnc23)nn1-c1ccccc1,1,train
CC(C)Cc1cc(CNS(=O)(=O)c2cccc3cccnc23)nn1-c1ccc(F)cc1,1,train
C[C@]12CCCC[C@H]1C[C@@H](N1CCC[C@@H](N)C1)[C@@H]2Oc1ccc(C#N)cc1,1,train
C[C@]12CCC(F)(F)C[C@H]1C[C@@H](N1CCC[C@@H](N)C1)[C@@H]2Oc1ccc(C#N)cc1,0,train
C[C@]12CCC(F)=C[C@H]1C[C@@H](N1CCC[C@@H](N)C1)[C@@H]2Oc1ccc(C#N)cc1,1,train
CO/N=C1\CC[C@@]2(C)[C@@H](C1)C[C@@H](N1CCC[C@@H](N)C1)[C@@H]2Oc1ccc(C#N)cc1,0,train
C[C@]12CC[C@H](C(F)F)C[C@H]1C[C@@H](N1CCC[C@@H](N)C1)[C@@H]2Oc1ccc(C#N)cc1,0,train
N#Cc1ccc(O[C@@H]2[C@H]3C4C[C@@H](CC4=O)[C@H]3C[C@H]2N2CCC[C@@H](N)C2)cc1,0,test
O=C(CCN1CCN(C(=O)OCc2cc(Cl)cc(Cl)c2)CC1)c1ccc2[nH]c(=O)oc2c1,1,val
CN(CCC1CCN(C(=O)OCc2cc(Cl)cc(Cl)c2)CC1)C(=O)c1c[nH]c(=O)o1,1,val
CN(CCC1CCN(C(=O)OCc2cc(Cl)cc(Cl)c2)CC1)C(=O)c1c[nH]nn1,1,val
O=C(CCc1c[nH]nn1)NC1CCN(C(=O)OCc2cc(Cl)cc(Cl)c2)CC1,1,train
O=C(CCCc1c[nH]nn1)NC1CCN(C(=O)OCc2cc(Cl)cc(Cl)c2)CC1,0,train
O=C(CCCCc1c[nH]nn1)NC1CCN(C(=O)OCc2cc(Cl)cc(Cl)c2)CC1,1,train
CC(=O)Nc1nc(C)c(-c2cc3c(c(S(C)(=O)=O)c2)C(=O)N([C@@H](C)C2CC2)C3)s1,0,val
CC(=O)Nc1nc(C)c(-c2cc3c(c(NS(C)(=O)=O)c2)C(=O)N([C@@H](C)C2CC2)C3)s1,0,val
COc1ccc(CCC(=O)N(c2nccc3ccccc23)[C@@H]2CCCNC2)cc1,0,test
O=C(c1ccc(-c2ccccc2)cc1)N(c1nccc2ccccc12)[C@@H]1CCCNC1,1,train
Cn1cc(-c2ccc(C(=O)N(c3nccc4ccccc34)[C@@H]3CCCNC3)cc2)cn1,0,val
O=C(c1ccc(-c2cnn3cccnc23)cc1)N(c1nccc2ccccc12)[C@@H]1CCCNC1,1,val
O=C(c1ccc(-n2nnc3cccnc32)cc1)N(c1nccc2ccccc12)[C@@H]1CCCNC1,0,train
O=C(c1ccc(-n2nnc3cccnc32)cc1)N(c1ncccc1Cl)[C@@H]1CCCNC1,1,train
Cc1ccc2nnn(-c3ccc(C(=O)N(c4ncccc4Cl)[C@@H]4CCCNC4)cc3)c2n1,0,train
Cc1cnc2c(c1)nnn2-c1ccc(C(=O)N(c2ncccc2Cl)[C@@H]2CCCNC2)cc1,1,train
O=C(c1ccc(-n2nnc3cccnc32)cn1)N(c1ncccc1Cl)[C@@H]1CCCNC1,0,train
O=C(c1ccc(-n2nnc3cccnc32)nc1)N(c1ncccc1Cl)[C@@H]1CCCNC1,0,train
Cc1cnc2c(c1)nnn2-c1ccc(C(=O)N(c2ncccc2Cl)[C@@H]2CCCNC2)nc1,1,train
CN(C)c1cncc(-c2ccc(C(=O)N(c3ncccc3Cl)[C@@H]3CCCNC3)cc2)n1,0,train
Cc1cncc(-c2ccc(C(=O)N(c3ncccc3Cl)[C@@H]3CCCNC3)cc2)n1,0,train
CNc1cncc(-c2ccc(C(=O)N(c3ncccc3Cl)[C@@H]3CCCNC3)cc2)n1,0,train
O=S(=O)(NCc1ccccc1)c1cccc(Nc2ccc3nccc(-c4ccncc4)c3n2)c1,1,val
O=C1S/C(=C\c2ccc3c(cnn3Cc3ccc(Cl)cc3C(F)(F)F)c2)C(=O)N1[C@@H]1CCNC[C@H]1F,0,val
CCc1cc2c(s1)CCN1Cc3ccccc3CC21,0,val
c1ccc(Cc2cc3c(s2)CCN2Cc4ccccc4CC32)cc1,0,val
COc1nc2ccc(Br)cc2cc1[C@@H](c1ccccc1)[C@@](O)(CCN(C)C)c1cccc2ccccc12,1,train
COc1nc2ccccc2cc1C(c1ccccc1)C(O)(CCN(C)C)c1cccc2ccccc12,1,train
COc1nc2ccc(Cl)cc2cc1C(c1ccccc1)C(O)(CCN(C)C)c1cccc2ccccc12,1,train
COc1nc2ccc(C)cc2cc1C(c1ccccc1)C(O)(CCN(C)C)c1cccc2ccccc12,1,train
CC#Cc1ccc2nc(OC)c(C(c3ccccc3)C(O)(CCN(C)C)c3cccc4ccccc34)cc2c1,1,train
COc1nc2ccc(C=NO)cc2cc1C(c1ccccc1)C(O)(CCN(C)C)c1cccc2ccccc12,1,train
CO/N=C/c1ccc2nc(OC)c([C@@H](c3ccccc3)[C@](O)(CCN(C)C)c3cccc4ccccc34)cc2c1,1,train
COc1nc2ccc(CN(C)C)cc2cc1C(c1ccccc1)C(O)(CCN(C)C)c1cccc2ccccc12,1,train
COc1nc2ccc(CN)cc2cc1C(c1ccccc1)C(O)(CCN(C)C)c1cccc2ccccc12,1,train
COc1nc2ccc(CO)cc2cc1C(c1ccccc1)C(O)(CCN(C)C)c1cccc2ccccc12,1,train
COc1nc2ccc(CC(C)=O)cc2cc1C(c1ccccc1)C(O)(CCN(C)C)c1cccc2ccccc12,1,train
COc1nc2ccc(C(=O)N(C)C)cc2cc1C(c1ccccc1)C(O)(CCN(C)C)c1cccc2ccccc12,1,train
COc1nc2ccc(C(=O)O)cc2cc1C(c1ccccc1)C(O)(CCN(C)C)c1cccc2ccccc12,1,train
COC(=O)c1ccc2c(C(=Nc3ccc(N4C(=O)CC[C@@H]4CN4CCN(C)CC4)cc3)c3ccccc3)c(O)[nH]c2c1,1,train
COC(=O)c1ccc2c(C(=Nc3ccc(N4C(=O)CC[C@H]4CN4CCN(C)CC4)cc3)c3ccccc3)c(O)[nH]c2c1,1,train
COC(=O)c1ccc2c(C(=Nc3ccc(N(C)C(=O)CN4CCN(C)CC4)cc3)c3ccccc3)c(O)[nH]c2c1,1,train
C[C@]1(c2cc(NC(=O)c3ccc(C#N)cn3)ccc2F)N=C(N)CO[C@@H]1F,1,val
COCCNCCC(=O)N[C@H]1c2ccccc2C[C@@H]1NC(=O)c1cc2ccccc2n1C,1,test
CN(C)CCC(=O)N[C@H]1c2ccccc2C[C@@H]1NC(=O)c1cc2cc(F)c(F)cc2[nH]1,1,train
Cc1ccc2[nH]c(C(=O)N[C@H]3Cc4ccccc4[C@@H]3NC(=O)CCN(C)C)cc2c1,1,train
Cc1ccc2[nH]c(C(=O)N[C@@H]3Cc4ccccc4[C@H]3NC(=O)CCN(C)C)cc2c1,1,train
Cc1ccc2[nH]c(C(=O)N[C@H]3Cc4ccccc4[C@H]3NC(=O)CCN(C)C)cc2c1,0,train
Cc1ccc2[nH]c(C(=O)N[C@@H]3Cc4ccccc4[C@@H]3NC(=O)CCN(C)C)cc2c1,1,train
CN(C)CCNC(=O)C1c2ccccc2C[C@@H]1NC(=O)c1cc2ccccc2[nH]1,0,val
CN(C)CCNC(=O)C1c2ccccc2C[C@H]1NC(=O)c1cc2ccccc2[nH]1,0,val
CCC[C@@H](CCO)Nc1nc(N)nc2ccccc12,1,train
CCCC[C@@H](CCO)Nc1nc(N)nc2ccccc12,1,train
CCC[C@@H](CCO)Nc1nc(N)nc2cccc(C)c12,1,val
CCCC[C@@H](CCO)Nc1nc(N)nc2cccc(C)c12,1,train
CCC[C@@H](CCO)Nc1nc(N)nc2cccc(F)c12,1,val
CCC[C@@H](CCO)Nc1nc(N)nc2ccc(C)cc12,1,train
CCCC[C@@H](CCO)Nc1nc(N)nc2ccc(C)cc12,1,train
CCC[C@@H](CCO)Nc1nc(N)nc2ccc(F)cc12,1,train
CCCC[C@@H](CCO)Nc1nc(N)nc2ccc(F)cc12,1,train
CCCC[C@@H](CCO)Nc1nc(N)nc2ccc(OC)cc12,1,train
CCC[C@@H](CCO)Nc1nc(N)nc2cc(C)ccc12,1,train
CCCC[C@@H](CCO)Nc1nc(N)nc2cc(C)ccc12,1,train
CCC[C@@H](CCO)Nc1nc(N)nc2cc(F)ccc12,1,train
CCCC[C@@H](CCO)Nc1nc(N)nc2cc(F)ccc12,1,train
CCCC[C@@H](CCO)Nc1nc(N)nc2cc(OC)ccc12,1,train
CCCC[C@@H](CCO)Nc1nc(N)nc2c(F)cccc12,1,train
O=C(NC[C@@H]1[C@H]2CN(C(=O)/C=C/c3cc(Cl)cc(Cl)c3)C[C@@H]12)c1ccc2[nH]c(=O)oc2c1,1,train
O=C(NC[C@@H]1[C@H]2CN(C(=O)CCc3cc(Cl)cc(Cl)c3)C[C@@H]12)c1ccc2[nH]c(=O)oc2c1,1,train
O=C(NC[C@@H]1[C@H]2CN(C(=O)C3CC3c3cc(Cl)cc(Cl)c3)C[C@@H]12)c1ccc2[nH]c(=O)oc2c1,1,train
CC(OC(=O)N1C[C@@H]2[C@@H](CNC(=O)c3ccc4[nH]c(=O)oc4c3)[C@@H]2C1)c1cc(Cl)cc(Cl)c1,1,train
O=C(NC[C@@H]1[C@H]2CN(C(=O)OCc3cc(C(F)(F)F)cc(C(F)(F)F)c3)C[C@@H]12)c1ccc2[nH]c(=O)oc2c1,1,test
O[C@H]1CNCCC[C@@H]1n1c2ccc(C(F)(F)F)cc2c2cc(C(F)(F)F)ccc21,1,test
COc1ccc(C(=O)NC(C)c2cnn(C)n2)cc1S(=O)(=O)Nc1ccc(Cl)cc1,0,val
CN(C/C=C/C=C/c1ccc(C(F)(F)F)cc1F)Cc1ccc2c(c1)OCO2,1,train
CN(C/C=C/c1ccc(F)cc1C(F)(F)F)Cc1ccc2c(c1)OCO2,1,train
Cc1ccc(CN2CCC(N3CC[C@H](c4ccc(O)cc4)[C@H](F)C3)C2=O)cc1,1,train
O=C1C(N2CCC(c3ccc(O)cc3)CC2)CCN1Cc1ccc(F)cc1,1,train
Cc1ccc(CN2CCC(N3CCC(c4ccc(O)cc4)CC3)C2=O)cc1,1,train
Cc1ccc(CN2CCC(N3CC[C@@H](c4ccc(O)cc4)[C@H](F)C3)C2=O)cc1,0,train
Cn1cnc(S(=O)(=O)NCCOc2ccc3c(c2)[C@@H](Cc2ccccc2)[C@@H](N2CCC2)CC3)c1,0,test
O=S(=O)(CC1CC1)NCCOc1ccc2c(c1)[C@@H](Cc1ccccc1)[C@@H](N1CCC1)CC2,1,train
O=S(=O)(CC1CC1)NC1CN(c2ccc3c(c2)[C@@H](Cc2ccccc2)[C@@H](N2CCC2)CC3)C1,1,train
O=S(=O)(CC1CC1)NC1CN(c2ccc3c(c2)[C@@H](Cc2ccccc2)[C@@H](N2CCC2)CO3)C1,0,train
CCCS(=O)(=O)NC1CN(c2ccc3c(c2)[C@@H](Cc2ccccc2)[C@@H](N2CCC2)CC3)C1,1,train
CCCS(=O)(=O)NC1CCN(c2ccc3c(c2)[C@@H](Cc2ccccc2)[C@@H](N2CCC2)CC3)C1=O,1,val
COCc1ccc(-c2cc3c(cc2F)ncc2c3n([C@H]3CC[C@H](OC)CC3)c(=O)n2C)cn1,0,train
CO[C@H]1C[C@@H](n2c(=O)n(C)c3cnc4cc(F)c(-c5ccc(OCCCN(C)C)nc5F)cc4c32)C1,0,train
NC(=O)c1cnc2ccc(-c3cccnc3)cc2c1NC1CCOCC1,1,train
CO[C@H]1C[C@@H](n2c(=O)n(C)c3cnc4cc(F)c(-c5ccc(CS(C)(=O)=O)nc5)cc4c32)C1,0,train
CO[C@H]1C[C@@H](n2c(=O)n(C)c3cnc4cc(F)c(-c5ccc(CO)nc5)cc4c32)C1,0,train
CO[C@H]1C[C@@H](n2c(=O)n(C)c3cnc4cc(F)c(-c5ccc(NC(=O)CCCN(C)C)nc5)cc4c32)C1,0,train
CO[C@H]1C[C@@H](n2c(=O)n(C)c3cnc4cc(F)c(-c5ccc(N(C)CCN(C)C)nc5)cc4c32)C1,1,train
CO[C@H]1C[C@@H](n2c(=O)n(C)c3cnc4cc(F)c(-c5ccc(NCCN(C)C)nc5)cc4c32)C1,0,train
COCc1ccc(-c2cc3c(cc2F)ncc2c3n([C@@H](C)C3CCOCC3)c(=O)n2C)cn1,0,train
COCc1ccc(-c2cc3c(cc2F)ncc2c3n(C3CCOCC3)c(=O)n2C)cn1,0,train
COCc1ccc(-c2cc3c(cc2F)ncc2c3n([C@H]3C[C@@H](O)C3)c(=O)n2C)cn1,0,train
COCc1ccc(-c2cc3c(cc2F)ncc2c3n([C@H]3C[C@H](OC)C3)c(=O)n2C)cn1,1,train
COCc1ccc(-c2cc3c(cc2F)ncc2c3n([C@H]3C[C@@H](OC)C3)c(=O)n2C)cn1,1,train
Cn1c(=O)n(C2CCOCC2)c2c3cc(-c4cccnc4)ccc3ncc21,0,test
CO[C@H]1C[C@@H](n2c(=O)n(C)c3cnc4ccc(-c5ccc(OCCCN6CCCCC6)nc5)cc4c32)C1,0,train
Cn1c(=O)n([C@H]2CCCOC2)c2c3cc(-c4ccc(OCCCN5CCCCC5)nc4)c(F)cc3ncc21,0,train
CN(C)CCCOc1ccc(-c2ccc3ncc4c(c3c2)n([C@H]2CCCOC2)c(=O)n4C)cn1,0,train
NCCCCN(C[C@H]1Cc2ccccc2CN1)[C@H]1CCCc2cccnc21,1,test
CN(C[C@H]1Cc2c(cccc2N2CCNCC2)CN1)[C@H]1CCCc2cccnc21,0,val
C[C@@H]1CN(CC(=O)N2CC(C)(C)c3ncc(Cc4ccc(F)cc4)cc32)[C@@H](CN2CCOC[C@H]2C)CN1,1,val
C[C@@H]1CN(CC(=O)N2CC(C)(C)c3nc(CO)c(Cc4ccc(F)cc4)cc32)[C@@H](CN2CCOC[C@H]2C)CN1,0,val
O[C@H]1Cc2ccccc2C2(CCC(N3CCN(C4CCCCC4)CC3)CC2)O1,1,train
CCOC(=O)C[C@H]1Cc2ccccc2C2(CCC(N3CCN(C4CCCCC4)CC3)CC2)O1,1,train
FCC[C@@H]1Cc2ccccc2C2(CCC(N3CCN(C4CCCCC4)CC3)CC2)O1,1,train
CCc1nn2c(C)cc(C)nc2c1Cc1ccc(-c2nnc(C3CCNCC3)o2)cc1,0,test
CCc1nn2c(C)cc(C)nc2c1Cc1ccc(/C=C/CN2CCNCC2=O)cc1,0,train
CCc1nn2c(C)cc(C)nc2c1Cc1ccc(CCC(=O)N2CCNCC2)cc1,0,train
CCc1nn2c(C)cc(C)nc2c1Cc1ccc(CCC(O)C2CCNCC2)cc1,1,train
CCc1nn2c(C)cc(C)nc2c1Cc1ccc(CCCC2(O)CCNCC2)cc1,0,train
CCc1nn2c(C)cc(C)nc2c1Cc1ccc(CCCC2(O)CCN(C(C)C)CC2)cc1,1,train
CCc1nn2c(C)cc(C)nc2c1Cc1ccc(CCCN2CCN(C(C)C)CC2)cc1,1,train
CCc1nn2c(C)cc(C)nc2c1Cc1ccc(/C=C/CN2CCN(C(C)C)CC2)cc1,1,train
CCc1nc2c(C)cc(C)nn2c1Cc1ccc(/C=C/CN2CCN(C(C)C)CC2)cc1,1,train
N#Cc1cc(S(=O)(=O)Nc2ncns2)ccc1Oc1ccc(-c2cccc(C(F)(F)F)c2)cc1-c1ccnc(CNCCC2CCNCC2)c1,1,test
CCN[C@@H]1CCC=C(c2ccc(F)cc2)[C@H]1COc1cc(F)c(S(=O)(=O)Nc2cscn2)cc1Cl,1,train
N[C@@H]1CCC=C(c2ccc(F)cc2)[C@H]1CNc1cc(F)c(S(=O)(=O)Nc2cscn2)cc1Cl,1,train
COc1ccc(CCN2CCC(Nc3nc4ccccc4n3Cc3ccc(F)cc3F)CC2)cc1,1,train
COc1ccc(CCN2CCC(Nc3nc4ccccc4[nH]3)CC2)cc1,1,val
CCCCCCn1c(NC2CCN(CCc3ccc(OC)cc3)CC2)nc2ccccc21,1,train
CCCCCCCCn1c(NC2CCN(CCc3ccc(OC)cc3)CC2)nc2ccccc21,1,train
CCCCCCCCCCn1c(NC2CCN(CCc3ccc(OC)cc3)CC2)nc2ccccc21,1,train
COc1ccc(CCN2CCC(Nc3nc4ccccc4n3CCC(C)C)CC2)cc1,1,train
COc1ccc(CCN2CCC(Nc3nc4ccccc4n3CC3CCCCC3)CC2)cc1,1,train
CC(C)OCc1ccccc1CNC(=O)c1c2c(c(Cl)n1C)CC(C)(C)CC2,0,val
COc1nc2ccc(Br)cc2cc1[C@@H](c1cc(C)c(C)s1)[C@@](O)(CCN(C)C)c1cccc(F)c1,1,train
COc1nc2ccc(Br)cc2cc1[C@@H](c1ccc(N(C)C)nc1)[C@@](O)(CCN(C)C)c1cccc(F)c1,1,train
CCSc1ccc([C@H](c2cc3cc(Br)ccc3nc2OC)[C@@](O)(CCN(C)C)c2cccc(F)c2)cn1,1,train
COc1cc([C@H](c2cc3cc(Br)ccc3nc2OC)[C@@](O)(CCN(C)C)c2cccc(F)c2)cnc1OC,1,train
COc1nc2ccc(Br)cc2cc1[C@@H](c1ccnc(OC)c1OC)[C@@](O)(CCN(C)C)c1cccc(C)c1,1,train
N#Cc1ccc(Cn2ccc(NC(=O)Cc3ccc(C4(C(F)(F)F)CC4)cc3)n2)nc1,1,test
Cc1cc(C2C[C@H]3[C@@H](C)SC(=N)N[C@@]3(c3ccc(F)cc3F)CO2)on1,1,train
Cc1cc(C2C[C@H]3[C@@H](CF)SC(=N)N[C@@]3(c3ccc(F)cc3F)CO2)on1,1,train
C[C@H]1C[C@H]2CSC(=N)N[C@@]2(c2ccc(F)cc2F)CO1,0,train
C[C@H]1C[C@H]2CSC(=N)N[C@@]2(c2ccccc2C(F)(F)F)CO1,0,train
C[C@H]1C[C@H]2CSC(=N)N[C@@]2(c2ccccc2)CO1,0,train
COc1ccccc1[C@]12CO[C@@H](C)C[C@H]1CSC(=N)N2,0,train
C[C@H]1C[C@H]2CSC(=N)N[C@@]2(c2ccsc2)CO1,0,train
COc1ccc(C(=O)Nc2csc([C@]34CO[C@@H](C)C[C@H]3CSC(=N)N4)n2)cc1,0,train
COc1ccc(C(=O)Nc2csc([C@]34CO[C@@H](C)C[C@H]3CSC(=N)N4)n2)nc1,0,train
C[C@H]1C[C@H]2CSC(=N)N[C@@]2(c2nc(NC(=O)c3ccc(F)cn3)cs2)CO1,0,train
Cc1cc(F)cnc1C(=O)Nc1csc([C@]23CO[C@@H](C)C[C@H]2CSC(=N)N3)n1,0,train
C[C@H]1C[C@H]2CSC(=N)N[C@@]2(c2nc(NC(=O)c3ccc(C(F)(F)F)cn3)cs2)CO1,0,train
C[C@H]1C[C@H]2CSC(=N)N[C@@]2(c2nc(NC(=O)c3ccc(OC(F)(F)F)cn3)cs2)CO1,0,train
C[C@H]1C[C@H]2CSC(=N)N[C@@]2(c2nc(NC(=O)c3ccc(C#N)cn3)cs2)CO1,0,train
COc1cnc(C(=O)Nc2csc([C@]34CO[C@@H](C)C[C@H]3CSC(=N)N4)n2)cn1,0,train
C[C@H]1C[C@H]2CSC(=N)N[C@@]2(c2nc(NC(=O)c3cnc(OC(F)F)cn3)cs2)CO1,0,train
C[C@H]1C[C@H]2CSC(=N)N[C@@]2(c2nc(NC(=O)c3ccn(C(F)F)n3)cs2)CO1,1,train
COc1cccc(NC(=O)c2cnc([C@]34CO[C@@H](C)C[C@H]3CSC(=N)N4)s2)c1,1,test
COc1cccc(NC(=O)c2cnc([C@]34CO[C@@H](C)C[C@H]3CSC(=N)N4)s2)n1,1,train
CCN(CC)CCNC(=O)c1ccnc(-c2cnn3ccc(-c4cccs4)nc23)c1,1,train
CCN(CC)[C@@H](C)CNC(=O)c1ccnc(-c2cnn3ccc(-c4cccs4)nc23)c1,1,train
CCc1cc(C(=O)NC[C@H](C)N(CC)CC)cc(-c2cnn3ccc(-c4cccs4)nc23)n1,1,train
CCN(CC)[C@@H](C)CNC(=O)c1cc(-c2cnn3ccc(-c4cccs4)nc23)nc(N2CC(OC)C2)c1,1,train
COc1ccccc1CCN1CCC(CCc2ccccc2OCCF)CC1,1,train
FCCOc1ccccc1CCC1CCN(CCc2ccccc2)CC1,1,train
COc1ccc(CCN2CCC(CCc3cccc(OCCF)c3)CC2)cc1,1,test
COc1ccccc1CCN1CCC(CCc2cccc(OCCF)c2)CC1,1,train
FCCOc1cccc(CCC2CCN(CCc3ccccc3)CC2)c1,1,train
COc1ccc(CCN2CCC(CCc3ccccc3OCCF)CC2)cc1,1,train
FCCOc1ccccc1CCC1CCN(CCc2ccccc2Cl)CC1,1,train
FCCOc1ccccc1CCC1CCN(CCc2ccc(F)cc2)CC1,1,train
FCCOc1ccc(CCC2CCN(CCc3ccccc3Cl)CC2)cc1,1,train
FCCOc1ccc(CCN2CCC(CCc3ccccc3)CC2)cc1,1,train
FCCOc1cccc(CCN2CCC(CCc3ccccc3)CC2)c1,1,train
FCCOc1ccccc1CCN1CCN(CCc2ccccc2)CC1,1,train
FCCOc1cccc(CCN2CCN(CCc3ccccc3)CC2)c1,1,train
FCCOc1ccc(CCN2CCN(CCc3ccccc3)CC2)cc1,1,train
FCCOc1ccccc1CCN1CCN(CCc2ccccc2Cl)CC1,1,train
FCCOc1ccccc1CCN1CCN(CCc2ccc(F)cc2)CC1,1,train
FCCOc1ccc(CCN2CCN(CCc3ccccc3Cl)CC2)cc1,1,train
CCN1CCN(Cc2ccc(Nc3ncc(F)c(-c4cc(F)c5nc(C)n(C(C)C)c5c4)n3)nc2)CC1,0,val
CCN1CCN(Cc2ccc(Nc3ncc(F)c(-c4cc(F)c5nc6n(c5c4)C(C)(C)CC6)n3)nc2)CC1,1,val
COCCCN1CCC(c2nnc(-c3cccc4cc(C(C)C)nn34)o2)CC1,1,val
CC(C)c1cc2cccc(-c3nnc(C4CCN(CC5CCOCC5)CC4)o3)n2n1,1,val
NC(=O)c1ccc(-c2cc(C(=O)O)cc(-n3cc(-c4ccc(C(F)(F)F)cc4)nn3)c2)cc1,1,train
CS(=O)(=O)N1CCN(C(=O)c2cnc3ccc(F)cc3c2N2CCC(C#N)(c3ccccc3)CC2)CC1,1,val
CS(=O)(=O)N1CCN(C(=O)c2cnc3ccc(F)cc3c2-c2ccc(C3(C#N)CC3)cc2)CC1,0,val
O=C(NC[C@@H](Cc1ccccc1)N1CCC(O)(C(F)(F)F)CC1)C1(c2ccc(Cl)cc2)CCCC1,0,test
O=C1CN(c2ccncc2)CCN1CCCCCOc1ccc(-c2ccc(Cl)cc2)cc1,1,test
CCO/N=C/c1ccc(OCCCCCN2CCN(c3ccnc(N)c3)S2(=O)=O)cc1,1,val
O=C1N(CCCCC2CCc3cc(-c4ccc(Cl)cc4)ccc3O2)CCN1c1ccncc1,1,val
CCO/N=C1\CCc2cc(OCCCCCN3CCN(c4ccnc(N)c4)S3(=O)=O)ccc21,1,val
CCO/N=C/c1ccc(OCCC(C)CCN2CCN(c3ccnc(N)c3)C2=O)cc1,1,test
CC1=C[C@@](CF)(c2cc(NC(=O)c3ccc(C#N)cn3)ccc2F)N=C(N)O1,1,test
C[C@@]1(c2cc(NC(=O)c3ccc(C#N)cn3)ccc2F)C=C(CF)OC(=N)N1,1,train
Cc1cc(-n2cc3c(n2)CN(C(=O)c2cc(C#N)ccc2O[C@@H](C)C(F)(F)F)C3)ccn1,1,train
Cc1cc(-n2cc3c(n2)CN(C(=O)c2cc(C#N)ccc2OC(C)C)C3)ccn1,1,train
Cc1cc(-n2cc3c(n2)CN(C(=O)c2cc(C#N)ccc2N2CCC(F)(F)CC2)C3)ccn1,1,train
N#Cc1ccc(-c2cccc(F)c2)c(C(=O)N2Cc3cn(-c4cncc(F)c4)nc3C2)c1,1,train
Cc1cc(-n2cc3c(n2)CN(C(=O)c2cc(C#N)ccc2-c2cccc(F)c2)C3)ccn1,1,train
CS(=O)(=O)c1ccc(-c2cccc(F)c2)c(C(=O)N2Cc3cn(-c4ccccc4F)nc3C2)c1,1,train
CS(=O)(=O)c1ccc(N2CCC(F)(F)CC2)c(C(=O)N2Cc3cn(-c4cncc(F)c4)nc3C2)c1,1,train
CS(=O)(=O)c1ccc(N2CCC(F)(F)CC2)c(C(=O)N2Cc3cn(-c4ccccc4F)nc3C2)c1,1,train
CS(=O)(=O)c1ccc(OCC2CC2)c(C(=O)N2Cc3cn(-c4ccccc4F)nc3C2)c1,1,train
CC(C)(C)Oc1ccc(S(C)(=O)=O)cc1C(=O)N1Cc2cn(-c3ccccc3F)nc2C1,1,train
Cn1cc(-c2ccc(OC3CCN(C(=O)Nc4ccc(OC(F)(F)F)cc4)CC3)c(C(N)=O)c2)cn1,1,train
Cn1cc(-c2ccc(OC3CCN(C(=O)Cc4ccc(OC(F)(F)F)cc4)CC3)c(C(N)=O)c2)cn1,1,train
Cn1cnc(-c2ccc(OC3CCN(C(=O)Cc4ccc(OC(F)(F)F)cc4)CC3)c(C(N)=O)c2)c1,1,train
Cn1cc(-c2ccc(OC3CCN(C(=O)Cc4ccc(OC(F)(F)F)cc4)CC3)c(C(N)=O)n2)cn1,1,train
Cn1cc(-c2ccc(O[C@@H]3CCN(C(=O)Cc4ccc(OC(F)(F)F)cc4)C3)c(C(N)=O)n2)cn1,1,train
CNC(=O)c1cnc(N)c(O[C@H]2CN(C(=O)Cc3ccc(OC(F)(F)F)cc3)CC2(F)F)c1,0,train
CCNC(=O)c1cnc(N)c(O[C@H]2CN(C(=O)Cc3ccc(OC(F)(F)F)cc3)CC2(F)F)c1,0,train
CC(C(=O)N1CCC(Oc2ccc(-c3cn(C)cn3)cc2C(N)=O)CC1)c1ccc(OC(F)(F)F)cc1,1,test
Cn1cnc(-c2cnc(OC3CCN(C(=O)Cc4ccc(OC(F)(F)F)cc4)CC3)c(C(N)=O)c2)c1,1,train
Cn1cnc(-c2cnc(O[C@@H]3CCN(C(=O)Cc4ccc(OC(F)(F)F)cc4)C[C@H]3F)c(C(N)=O)c2)c1,1,train
Cn1cnc(-c2cnc(O[C@H]3CCN(C(=O)Cc4ccc(OC(F)(F)F)cc4)C[C@@H]3F)c(C(N)=O)c2)c1,0,train
Cn1cnc(-c2cnc(O[C@@H]3CCN(C(=O)Cc4ccc(OC(F)(F)F)cc4)C[C@@H]3F)c(C(N)=O)c2)c1,1,train
Cn1cnc(-c2cnc(O[C@H]3CCN(C(=O)Cc4ccc(OC(F)(F)F)cc4)C[C@H]3F)c(C(N)=O)c2)c1,0,train
CC(C)(O)COc1ccc(C(N)=O)c(O[C@@H]2CCN(C(=O)Cc3ccc(OC(F)(F)F)cc3)C[C@H]2F)c1,0,train
CC(C)(O)COc1ccc(C(N)=O)c(O[C@H]2CCN(C(=O)Cc3ccc(OC(F)(F)F)cc3)C[C@@H]2F)c1,0,train
CC(C)(O)COc1ccc(C(N)=O)c(O[C@@H]2CCN(C(=O)Cc3ccc(OC(F)(F)F)cc3)C[C@@H]2F)c1,0,train
CC(C)(O)COc1ccc(C(N)=O)c(O[C@H]2CCN(C(=O)Cc3ccc(OC(F)(F)F)cc3)C[C@H]2F)c1,0,train
CC(C)(CO)Oc1ccc(C(N)=O)c(O[C@@H]2CCN(C(=O)Cc3ccc(OC(F)(F)F)cc3)C[C@@H]2F)c1,0,test
Cn1cnc(-c2cnc(N)c(O[C@H]3CN(C(=O)Cc4ccc(OC(F)(F)F)cc4)C[C@@H]3F)c2)c1,0,train
Cn1cnc(-c2cnc(N)c(O[C@@H]3CN(C(=O)Cc4ccc(OC(F)(F)F)cc4)C[C@H]3F)c2)c1,0,train
Cn1cnc(-c2cnc(N)c(O[C@@H]3CN(C(=O)Cc4ccc(OC(F)(F)F)cc4)CC3(F)F)c2)c1,0,train
Cn1cnc(-c2cnc(N)c(O[C@H]3CN(C(=O)Cc4ccc(OC(F)(F)F)cc4)CC3(F)F)c2)c1,1,train
Cc1ccc(NC(=O)N2CCN(c3nc(N)nc4sc(-c5cccnc5)nc34)CC2)cc1,1,train
COc1ccc(NC(=O)N2CCN(c3nc(N)nc4scnc34)CC2)cc1,0,train
COc1ccc(NC(=O)N2CCN(c3nc(N)nc4sc(-c5cccnc5)nc34)CC2)cc1,1,train
COc1ccc(NC(=O)N2CCN(c3nc(N)nc4sc(-c5ccccc5)nc34)CC2)cc1,1,train
COc1ccc(NC(=O)N2CCN(c3nc(N)nc4scnc34)[C@@H](C)C2)cc1,0,test
COc1ccc(NC(=O)N2CCN(c3nc(N)nc4sccc34)[C@@H](C)C2)c(C)c1,1,val
COc1ccc(NC(=O)N2CCN(c3nc(N)nc4sncc34)[C@@H](C)C2)c(C)c1,1,val
O=c1c2cc(Cc3cccnc3)c3ccccc3c2ncn1[C@H]1CCCC[C@@H]1O,0,train
Cc1ccc(Cc2cc3c(=O)n([C@H]4CCCC[C@@H]4O)cnc3c3ccccc23)cn1,0,train
O=c1c2cc(Cc3ccc(Cl)nc3)c3ccccc3c2ncn1[C@H]1CCCC[C@@H]1O,0,train
COc1ccc(Cc2cc3c(=O)n([C@H]4CCCC[C@@H]4O)cnc3c3ccccc23)cn1,1,train
CSc1ccc(Cc2cc3c(=O)n([C@H]4CCCC[C@@H]4O)cnc3c3ccccc23)cn1,1,train
C[C@H](Nc1c(C(N)=O)nnc2ccc(-c3ccc(OCCCN(C)C)nc3)cc12)C1CCOCC1,0,val
CNC(=O)c1nnc2ccc(-c3ccc(OCCCN(C)C)nc3)cc2c1N[C@@H](C)C1CCOCC1,0,val
O=C(Nc1ccc(OC(F)(F)F)cc1)c1cccc(CN2CCOCC2)c1,1,test
O=C(Nc1ccc(OC(F)(F)F)cc1)c1cnc(N2CC[C@H](O)C2)c(-c2cncnc2)c1,1,train
COc1ccc(C(=O)Nc2ccc(OC(F)(F)F)cc2)cc1-c1cncnc1,1,val
O=C(Nc1ccc(OC(F)(F)F)cc1)c1ccc(OCCN2CCCC2)c(-c2cncnc2)c1,1,val
O=C(Nc1ccc(OC(F)(F)F)cc1)c1cnc(NCCCO)c(-c2cncnc2)c1,1,val
CN1CCN(c2ncc(C(=O)Nc3ccc(OC(F)(F)F)cc3)cc2-c2cncnc2)CC1,1,train
O=C(Nc1ccc(OC(F)(F)F)cc1)c1cnc(N2CC[C@@H](O)C2)c(-c2cncnc2)c1,0,train
O=C(Nc1ccc(SC(F)(F)F)cc1)c1cnc(N2CC[C@@H](O)C2)c(-c2cncnc2)c1,1,train
O=C(Nc1ccc(OC(F)(F)Cl)cc1)c1cnc(N2CC[C@@H](O)C2)c(-c2cncnc2)c1,1,train
O=C(Nc1ccc(OC(F)(F)Cl)cc1)c1cnc(N2CC[C@@H](O)C2)c(-c2cc[nH]n2)c1,0,train
COc1cncc(NC(C(=O)c2c[nH]c3ccccc23)c2ccccc2)c1,1,test
Cc1c[nH]c2ncnc(O[C@H]3CC[C@H](N4CCO[C@@H](C)C4)CC3)c12,0,test
Cn1cc(Nc2nc(N)nc(-c3cccc(-n4ccc5cc(C6CC6)cc(F)c5c4=O)c3CO)n2)cn1,0,train
Nc1nc(Nc2cnn(C3CC3)c2)nc(-c2cccc(-n3ccc4cc(C5CC5)cc(F)c4c3=O)c2CO)n1,1,train
CC(C1CC1)n1cc(Nc2nc(N)nc(-c3cccc(-n4ccc5cc(C6CC6)cc(F)c5c4=O)c3CO)n2)cn1,0,train
Cn1cc(Nc2nc(N)nc(-c3cccc(-n4ccc5cc(C6CC6)cc(F)c5c4=O)c3CO)n2)cc1C#N,1,train
CCn1cc(Nc2nc(N)nc(-c3cccc(-n4ccc5cc(C6CC6)cc(F)c5c4=O)c3CO)n2)cc1C#N,1,train
CC(C)n1cc(Nc2nc(N)nc(-c3cccc(-n4ccc5cc(C6CC6)cc(F)c5c4=O)c3CO)n2)cc1C#N,0,train
N#Cc1cc(Nc2nc(N)nc(-c3cccc(-n4ccc5cc(C6CC6)cc(F)c5c4=O)c3CO)n2)cn1C1CC1,0,train
CN(c1ncnc2[nH]ccc12)[C@@H]1CCN(C(=O)CC#N)C1,0,test
O=C(Nc1nc2cccc(-c3ccc(CN4CCS(=O)(=O)CC4)cc3)n2n1)C1CC1,0,test
COc1cc2ccc(Br)cc2cc1[C@@H](c1ccccc1)[C@@](O)(CCN(C)C)c1cccc2ccsc12,0,train
COc1cc2ccc(Br)cc2cc1[C@@H](c1ccccc1)[C@@](O)(CCN(C)C)c1cccc2c1CCC2,1,train
COc1cc2ccc(C#N)cc2cc1[C@@H](c1cccc(OC)c1OC)[C@@](O)(CCN(C)C)c1cccc2c1CCC2,1,val
COc1cc2ccc(Br)cc2cc1[C@@H](c1cccc(OC)c1F)[C@@](O)(CCN(C)C)c1cccc2c1CCC2,1,val
COc1cc2ccc(Br)cc2cc1[C@@H](c1ccccc1)[C@@](O)(CCN(C)C)c1cccc2ccoc12,1,train
COc1cc2ccc(C#N)cc2cc1[C@@H](c1cccc(F)c1)[C@@](O)(CCN(C)C)c1cccc2ccoc12,1,train
COc1cc2ccc(Br)cc2cc1[C@@H](c1cnc(OC)c(OC)c1)[C@@](O)(CCN(C)C)c1cccc2ccoc12,1,train
COc1cc2ccc(Br)cc2cc1[C@@H](c1ccnc(OC)c1OC)[C@@](O)(CCN(C)C)c1cccc2ccoc12,1,train
CCOc1cc([C@H](c2cc3cc(C#N)ccc3cc2OC)[C@@](O)(CCN(C)C)c2cccc3ccoc23)cc(OCC)n1,1,train
CCOc1cc([C@H](c2cc3cc(Br)ccc3cc2OC)[C@@](O)(CCN(C)C)c2cccc3ccoc23)cc(OC)n1,1,train
COc1cc2ccc(Br)cc2cc1[C@@H](c1ccccc1)[C@@](O)(CCN(C)C)c1ccc2occc2c1,1,train
COc1cc2ccc(Br)cc2cc1[C@@H](c1ccnc(OC)c1OC)[C@@](O)(CCN(C)C)c1ccc2occc2c1,1,val
COc1cc2ccc(Br)cc2cc1[C@@H](c1ccnc(OC)c1OC)[C@@](O)(CCN(C)C)c1cccc2occc12,1,train
COc1cc2ccc(C#N)cc2cc1[C@@H](c1cccc(F)c1)[C@@](O)(CCN(C)C)c1cc2ccccc2o1,1,test
COc1cc2ccc(Br)cc2cc1[C@@H](c1ccnc(OC)c1OC)[C@@](O)(CCN(C)C)c1cc2ccccc2o1,1,val
COc1cc2ccc(Br)cc2cc1[C@@H](c1ccccc1)[C@@](O)(CCN(C)C)c1cccc2c1CCN2C,1,train
COc1cc2ccc(Br)cc2cc1[C@@H](c1cccc(C)c1)[C@@](O)(CCN(C)C)c1cccc2c1OCO2,1,train
COc1cc2ccc(C#N)cc2cc1[C@@H](c1cccc(C)c1)[C@@](O)(CCN(C)C)c1cccc2c1OCO2,1,test
C[C@@H]1c2[nH]ncc2CN1C1=NC(NCc2c(F)cccc2C(F)(F)F)c2cccc(C(N)=O)c2N1,1,val
Cc1[nH]nc2c1CN(C1=NC(NCc3c(F)cccc3C(F)(F)F)c3cccc(C(N)=O)c3N1)C2,0,val
N#Cc1cnccc1COc1cnc(N2CCN(c3nnc(C(F)(F)F)o3)CC2)nc1,0,train
N#Cc1cnccc1COc1cnc(N2CCN(c3nc(C(F)(F)F)no3)CC2)nc1,1,train
N#Cc1cnccc1COc1cnc(N2CCN(c3noc(C(F)(F)F)n3)CC2)nc1,1,train
COc1ccc(-n2cc(Cn3ccc4nc(-c5ccccc5F)nc-4c3)nn2)cc1,1,test
COc1ccc2nccc(CCN3CCC(NCc4ccc(Cl)c(Cl)c4)CC3)c2c1,1,val
COc1ccc2nccc(CCN3CCC(NCc4ccc5c(n4)NC(=O)CO5)CC3)c2c1,1,train
COc1ccc2nccc(CCN3CCC(NCc4cc5c(cn4)OCCO5)CC3)c2c1,1,train
COc1ccc2nccc(CCN3CCC(NCc4ccc5c(c4)OCCO5)CC3)c2c1,1,train
COc1ccc2nccc(CC[C@H]3CC[C@H](NCc4ccc(Cl)c(Cl)c4)CC3)c2c1,1,train
COc1ccc2nccc(CC[C@H]3CC[C@H](NCc4ccc5c(n4)NC(=O)CO5)CC3)c2c1,1,train
COc1ccc2nccc(CC[C@H]3CC[C@H](NCc4cc5c(cn4)OCCO5)CC3)c2c1,1,train
COc1ccc2nccc(CC[C@H]3CC[C@H](NCc4ccc5c(c4)OCCO5)CC3)c2c1,1,train
COc1ccc2nccc(CC[C@H]3OC[C@H](NCc4ccc(Cl)cc4)CO3)c2c1,1,train
COc1ccc2nccc(CC[C@H]3OC[C@H](NCc4ccc(Cl)c(Cl)c4)CO3)c2c1,1,train
COc1ccc2nccc(CC[C@H]3OC[C@H](NCc4ccc5c(n4)NC(=O)CO5)CO3)c2c1,1,train
COc1ccc2nccc(CC[C@H]3OC[C@H](NCc4ccc5c(n4)NC(=O)CS5)CO3)c2c1,1,test
COc1ccc2nccc(CC[C@H]3OC[C@H](NCc4cc5c(cn4)OCCC5)CO3)c2c1,0,train
COc1ccc2nccc(CC[C@H]3OC[C@H](NCc4cc5c(cn4)OCCO5)CO3)c2c1,1,train
COc1ccc2nccc(CC[C@H]3OC[C@H](NCc4ccc5c(c4)OCCO5)CO3)c2c1,1,train
COc1cc(OC)cc(C(=O)N[C@H]2CC[C@H](Nc3nc(C)cc(N(C)C)n3)CC2)c1,1,test
COc1cc(Nc2nc(C)cc(N(C)C)n2)ccc1F,1,test
C=CC(=O)N1CCC[C@@H](n2nc(-c3ccc(Oc4ccccc4)cc3)c3c(N)ncnc32)C1,1,val
C=CC(=O)N1C[C@@H]2C[C@H]1CN2c1ccc(C(N)=O)c(Oc2ccc(Oc3ccccc3)cc2)n1,1,test
CC(C)Cc1ccc2ncccc2c1NS(=O)(=O)c1ccc(CCCN2CCN3CCC[C@@H]3C2)cc1,1,test
CC(C)Cc1ccc2ncccc2c1NS(=O)(=O)c1ccc(CCCO[C@@H]2C[C@H]3CC[C@@H](C2)N3C)cc1,1,train
CC(C)Cc1ccc2nn(C)cc2c1NS(=O)(=O)c1ccc(CCCCC2CCN(C)CC2)cc1,1,train
CC(C)Cc1ccc2nn(C)cc2c1NS(=O)(=O)c1ccc(CCCOC[C@@H]2CCCN2C)cc1,1,train
CC(C)Cc1ccc2nn(C)cc2c1NS(=O)(=O)c1ccc(CCCO[C@@H]2C[C@H]3CC[C@@H](C2)N3C)cc1,1,train
CC(C)Cc1ccc2nn(C)cc2c1NS(=O)(=O)c1ccc(CCCOC[C@H]2COCCN2C)cc1,1,train
CC(C)Cc1ccc2nn(C)cc2c1NS(=O)(=O)c1ccc(CCCOC[C@@H]2CN(C)CCO2)cc1,1,train
CC(C)Cc1ccc2nn(C)cc2c1NS(=O)(=O)c1ccc(CCCOC[C@H]2CN(C)CCO2)cc1,1,train
CC(C)Cc1ccc2nn(C)cc2c1N(C(F)F)S(=O)(=O)c1ccc(CCCCC2CCN(C)CC2)cc1,1,test
O=C(O)C[C@H](CN1CC[C@@H](CCc2ccc3c(n2)NCCC3)C1)c1cccc(Br)c1,1,train
O=C(O)C[C@H](CN1CC[C@@H](CCc2ccc3c(n2)NCCC3)C1)c1cccc(C2CC2)c1,1,train
Cc1ccn(-c2cccc([C@H](CC(=O)O)CN3CC[C@@H](CCc4ccc5c(n4)NCCC5)C3)c2)n1,1,train
Cc1cnn(-c2cccc([C@H](CC(=O)O)CN3CC[C@@H](CCc4ccc5c(n4)NCCC5)C3)c2)c1,1,train
Cc1cc(C)n(-c2cccc([C@H](CC(=O)O)CN3CC[C@@H](CCc4ccc5c(n4)NCCC5)C3)c2)n1,0,train
Cc1cnn(C)c1-c1cccc([C@H](CC(=O)O)CN2CC[C@@H](CCc3ccc4c(n3)NCCC4)C2)c1,0,train
O=C(O)C[C@H](CN1CC[C@@H](CCc2ccc3c(n2)NCCC3)C1)c1cccc(O[C@H]2CCOC2)c1,0,train
O=C(O)C[C@H](CN1CC[C@@H](CCc2ccc3c(n2)NCCC3)C1)c1cccc(O[C@@H]2CCOC2)c1,0,train
O=C(O)C[C@H](CN1CC[C@@H](CCc2ccc3c(n2)NCCC3)C1)c1cccc(C2CCOC2)c1,0,train
O=C(O)C[C@H](CN1CC[C@@H](CCc2ccc3c(n2)NCCC3)C1)c1cccc(-n2cccn2)c1,1,train
Cc1ccnn1-c1cccc([C@H](CC(=O)O)CN2CC[C@@H](CCc3ccc4c(n3)NCCC4)C2)c1,0,train
Cc1cc(-c2cccc([C@H](CC(=O)O)CN3CC[C@@H](CCc4ccc5c(n4)NCCC5)C3)c2)[nH]n1,0,train
O=C(O)C[C@H](CN1CC[C@@H](CCc2ccc3c(n2)NCCC3)C1)c1cccc(OC2CCOCC2)c1,1,train
Cc1nnc(C(C)C)n1[C@@H]1C[C@H]2CC[C@@H](C1)N2CC[C@H](NC(=O)C1CCC(F)(F)CC1)c1cccs1,1,train
Cc1ccc([C@H](CCN2[C@@H]3CC[C@H]2C[C@H](n2c(C)nnc2C(C)C)C3)NC(=O)C2CCC(F)(F)CC2)s1,1,train
Cc1nnc(C(C)C)n1[C@@H]1C[C@H]2CC[C@@H](C1)N2CC[C@H](NC(=O)C1CCCCC1)c1cccs1,1,train
Cc1nnc(C(C)C)n1[C@@H]1C[C@H]2CC[C@@H](C1)N2CC[C@H](NC(=O)C1CCCC1)c1cccs1,1,train
Cc1cn(-c2ccc3n(c2=O)CCN(C[C@@]24C[C@@H]2C(C)(C)Oc2ccc(C(F)(F)F)cc24)C3=O)cn1,0,test
Fc1ccc(N2CCN(CCCc3c[nH]c4ccc(F)cc34)CC2)c(-c2ccccc2)c1,0,test
Oc1c2c(c(O)n1CCCCN1CCN(c3cccc4sccc34)CC1)[C@H]1CC[C@@H]2C1,1,val
Oc1c2c(c(O)n1CCCCN1CCN(c3cccc4sccc34)CC1)[C@H]1C=C[C@@H]2C1,1,val
CCC1(C)CC(=O)N(CCCCN2CCN(c3cccc4sccc34)CC2)C(=O)C1,1,val
O=C1CC2(CCCC2)CC(=O)N1CCCCN1CCN(c2cccc3sccc23)CC1,1,val
Cc1c(CN2CCOCC2)cc(-c2ccc(C(C)C)cc2)n1-c1ccc(F)cn1,1,train
Cc1c(CN2CCOCC2)cc(-c2ccc(C(C)C)cc2)n1Cc1ccc(F)cc1,1,train
Cc1c(CN2CCOCC2)cc(-c2ccc(C(C)C)cc2)n1C(C)C,0,train
Cc1c(CN2CCOCC2)cc(-c2ccc(C(C)C)cc2)n1CC(C)C,0,train
Cc1c(CN2CCOCC2)cc(-c2ccc(C(C)C)cc2)n1C1CC1,1,train
Cc1c(CN2CCOCC2)cc(-c2ccc(C(C)C)cc2)n1C1CCC1,1,train
Cc1c(CN2CCOCC2)cc(-c2ccc(C(C)C)cc2)n1C1CCCCC1,0,train
Cc1c(CN2CCOCC2)cc(-c2ccc(C(C)C)cc2)n1C1CCCOC1,1,train
Cc1c(CN2CCOCC2)cc(-c2ccc(C(C)C)cc2)n1-c1ccc(F)cc1,1,train
CN(C/C=C/C=C/C=C/c1ccc(C(F)(F)F)cc1)Cc1ccc2c(c1)OCCO2,1,train
CN(C/C=C/C=C/c1ccc(C(F)(F)F)cc1)Cc1ccc2c(c1)OCCO2,0,train
CN(C/C=C/c1ccc(C(F)(F)F)cc1)Cc1ccc2c(c1)OCCO2,1,train
Cc1ccc(/C=C/CN(C)Cc2ccc3c(c2)OCCO3)cc1,1,val
O=C(NCc1ccc(OC(F)(F)F)c(Cl)c1)c1ccc(S(=O)(=O)Nc2nccs2)c(F)c1,0,test
Cc1cc(-c2ccc3c(c2)CC[C@H]3N2CCC(N(C)C(=O)N[C@@H](C)c3ccc(C#CC4CC4)c(Cl)c3Cl)CC2)ncn1,1,val
COc1ccccc1-n1nc(C2CC(C)(C)OC(C)(C)C2)cc1-c1ccc(Cl)cc1,0,val
COc1ccccc1-n1nc(C2CC(C)(C)OC(C)(C)C2)cc1-c1csc(Cl)c1,0,val
CN(c1ccc(-c2cc3ccccc3s2)nn1)C1CC(C)(C)NC(C)(C)C1,1,train
CC1(C)CC(Nc2ccc(-c3cc4ccccc4s3)nn2)CC(C)(C)N1,1,train
CC1(C)CC(Nc2ccc(-c3ccc4ccccc4c3)nn2)CC(C)(C)N1,1,train
CN(c1ccc(-c2ccc(F)cc2O)nn1)C1CC(C)(C)NC(C)(C)C1,1,train
CN(c1ccc(-c2cc3ccccc3cc2O)nn1)C1CC(C)(C)NC(C)(C)C1,1,train
CN(c1ccc(-c2ccc(C#N)cc2O)nn1)C1CC(C)(C)NC(C)(C)C1,1,train
CN(c1ccc(-c2ccc(-n3cccn3)cc2O)nn1)C1CC(C)(C)NC(C)(C)C1,1,train
CC1(C)CC(Oc2ccc(-c3ccc(-n4cccn4)cc3O)nn2)CC(C)(C)N1,1,val
Oc1cc(-n2cccn2)ccc1-c1ccc(OC2CCNCC2)nn1,1,val
CN(c1ccc(-c2cc3cccnc3cc2O)nn1)C1CC(C)(C)NC(C)(C)C1,1,train
CN(c1ccc(-c2cc3cnccc3cc2O)nn1)C1CC(C)(C)NC(C)(C)C1,0,train
CN(c1ccc(-c2ccc(-n3ccc(N)n3)cc2O)nn1)C1CC(C)(C)NC(C)(C)C1,0,train
CN(c1ccc(-c2ccc(-n3cc(CO)cn3)cc2O)nn1)C1CC(C)(C)NC(C)(C)C1,0,train
CN(c1ccc(-c2ccc(-c3cn[nH]c3)cc2O)nn1)C1CC(C)(C)NC(C)(C)C1,1,train
Oc1cc(-c2cn[nH]c2)ccc1-c1ccc(N2CCC3(CCCNC3)C2)nn1,1,val
Oc1cc(-c2cn[nH]c2)ccc1-c1ccc(N2C[C@H]3CNC[C@H]3C2)nn1,1,test
CC1(C)CC(Cc2ccc(-c3ccc(-c4cn[nH]c4)cc3O)nn2)CC(C)(C)N1,0,train
CC1(C)CC(Oc2ccc(-c3ccc(-c4cn[nH]c4)cc3O)nn2)CC(C)(C)N1,1,train
Cc1cc(Oc2nccc3occc23)ccc1-c1c(C)ncc2nccn12,0,val
FC(F)(F)Oc1ccc(Oc2ccc(N3CCC4(CC3)OCCc3sccc34)cc2)cc1,1,val
Brc1ccc(Nc2ccc(CN3CCC4(CC3)OCCc3sccc34)cc2)cc1,1,val
FC(F)(F)Oc1ccc(Oc2ccc(CN3CCC4(CCCCO4)CC3)cc2)cc1,1,train
CC(C)(C)c1ccc(CN2CCC3(CCCCO3)CC2)cc1,1,train
N=C1N[C@@]2(CO1)c1cc(NC(=O)c3ccc(Cl)cn3)ccc1Oc1cnc(C3=CCCOC3)cc12,1,test
C=CC(=O)N[C@H]1CCN(c2ccc(C(N)=O)c(Nc3ccc(N4CCOCC4)nc3)n2)C1,1,train
C=CC(=O)N[C@H]1CCN(c2ccc(C(N)=O)c(Nc3ccc(N4CCCCC4)nc3)n2)C1,1,train
C=CC(=O)N[C@H]1CCN(c2ccc(C(N)=O)c(Nc3ccc(N4CCCCC4)cc3)n2)C1,1,train
C=CC(=O)N[C@H]1CCN(c2ccc(C(N)=O)c(Nc3ccc(N4C[C@@H](C)O[C@@H](C)C4)nc3)n2)C1,1,train
CCCCNc1nc(N)nc2c1CN(C(=O)c1cccs1)CC2,1,train
CCCCNc1nc(N)nc2c1CN(C(=O)c1csc(C)n1)CC2,1,test
CCC[C@@H](CCO)Nc1nc(N)nc2c1CN(C(=O)c1csc(C)n1)CC2,0,train
CCC[C@@H](CCO)Nc1nc(N)nc2c1CN(C(=O)c1cccs1)CC2,1,train
CCCC[C@@H](CCO)Nc1nc(N)nc2c1CN(C(=O)c1cccs1)CC2,1,train
CCCCc1nc(C(C)C)c(CC(=S)N2CCCC2)c(=O)n1Cc1ccc(-c2ccccc2-c2nc(=O)o[nH]2)cc1,1,val
CC(C)(C)S(=O)(=O)c1ccc2nccc(Nc3[nH]nc4ccc(F)cc34)c2c1,1,train
CC(C)(C)S(=O)(=O)c1ccc2nccc(Nc3[nH]nc4ncc(F)cc34)c2c1,0,train
CC(C)(C)S(=O)(=O)c1ccc2nccc(Nc3[nH]nc4c3CCCC4)c2c1,1,train
CC(C)(C)S(=O)(=O)c1ccc2nccc(Nc3cc[nH]n3)c2c1,1,train
Cc1cc(Nc2ccnc3ccc(S(=O)(=O)C(C)(C)C)cc23)[nH]n1,1,train
Cc1[nH]nc(Nc2ccnc3ccc(S(=O)(=O)C(C)(C)C)cc23)c1C,0,train
COc1cc2nccc(Nc3[nH]nc(C)c3C)c2cc1S(=O)(=O)C(C)(C)C,0,train
COCCOc1cc2nccc(Nc3[nH]nc(C)c3C)c2cc1S(=O)(=O)C(C)(C)C,0,train
CCc1cc2nccc(Nc3[nH]nc(C)c3C)c2cc1S(=O)(=O)C(C)(C)C,0,train
C[C@@H]1COCCN1c1cc(C2(S(C)(=O)=O)CC2)nc(-c2cncc3[nH]ccc23)n1,0,val
CNc1nc2ccccc2n1-c1nc(N2CCOC[C@H]2C)cc(C2(S(C)(=O)=O)CC2)n1,1,train
CNc1nc2ccccc2n1-c1nc(N2CCOC[C@H]2C)cc(C2([S@](C)(=N)=O)CC2)n1,0,train
CCOc1cc(CN2CCC(NC(=O)c3cncc(C)c3)CC2)cc(OCC)c1-c1ccc(F)cc1,1,test
CCOc1cc(CN2CC[C@H]3C(Nc4nc5ccc(C(=O)O)cc5o4)CC[C@H]32)cc(OCC)c1-c1ccc(F)cc1,0,test
CCOc1cc(CN2CCC(c3nc(-c4ccc(F)cc4)c[nH]3)CC2)cc(OCC)c1-c1ccc(F)cc1,1,test
CCOc1cc(CN2CCC3(CC2)CCN(S(=O)(=O)c2cccnc2)CC3)cc(OCC)c1-c1ccc(F)cc1,1,val
CCOc1cc(CN2CCC(C3CCN(S(=O)(=O)c4ccccc4)CC3)CC2)cc(OCC)c1-c1ccc(F)cc1,1,val
CCOc1cc(CN2CCC(COc3cccc4cccnc34)CC2)cc(OCC)c1-c1ccc(F)cc1,1,test
CCOc1cc(CN2CCC3(CC2)CC(Cc2ccc(F)cc2)C(=O)O3)cc(OCC)c1-c1ccc(F)cc1,1,test
CCOc1cc(CN2CCC3(CC2)NC(=O)NC3=O)cc(OCC)c1-c1ccc(F)cc1,0,test
CCOc1cc(CN2CCC3(CC2)CC(=O)N(c2ccc(C(=O)O)cc2)C3)cc(OCC)c1-c1ccc(F)cc1,0,val
O=C(Nc1ccc(Cl)c(Cl)c1)Nc1nccnc1OCc1ccccc1,0,val
O=C(CCCN1CCC(c2noc3cc(F)ccc23)CC1)c1cc2c3c(c1)CCN3C(=O)CC2,1,train
O=C(CCCCN1CCC(c2noc3cc(F)ccc23)CC1)c1cc2c3c(c1)CCN3C(=O)CC2,1,train
O=C1CCc2cc(C(O)CCCN3CCC(c4noc5cc(F)ccc45)CC3)cc3c2N1CC3,1,train
CS(=O)(=O)c1cc(-c2ccccc2)cc(S(=O)(=O)c2ccc(CN)s2)c1,0,test
Cc1ccc(-c2cc(S(C)(=O)=O)cc(S(=O)(=O)c3ccc(CN)s3)c2)cc1,1,train
Cc1ccc(-c2cc(S(=O)(=O)c3ccc(CN)s3)ccc2S(C)(=O)=O)cc1,0,val
Cc1nc2c(F)cc(-c3nc(Nc4ccc5c(n4)CCN(CCN(C)C)C5)ncc3F)cc2n1C(C)C,1,val
COC1CCN(Cc2cc(-c3ccc(C(C)C)cc3)n(-c3ccc(F)cc3)n2)CC1,1,train
CC(C)c1ccc(-c2cc(CN3CCN(c4ccccn4)CC3)nn2-c2ccc(F)cc2)cc1,0,train
CC(C)c1ccc(-c2cc(CN3CC[Si](C)(C)CC3)nn2-c2ccc(F)cc2)cc1,1,train
CC(C)c1ccc(-c2cc(CN3CCOCC3)nn2C2CCC2)cc1,0,test
COC1CCN(Cc2cc(-c3ccc(C(F)(F)F)cc3)n(-c3ccc(F)cc3)n2)CC1,1,test
C[Si]1(C)CCN(Cc2cc(-c3ccc(C(F)(F)F)cc3)n(-c3ccc(F)cc3)n2)CC1,1,train
C[Si]1(C)CCN(Cc2cc(-c3ccc(C(F)(F)F)cc3)n(C3CCCCC3)n2)CC1,1,test
CC(C)c1ccc(-c2cc(CN3CC[Si](C)(C)CC3)nn2C2CCCCC2)cc1,1,train
FC(F)(F)c1cccc(Nc2cc3[nH]c(Nc4ccc(N5CCNCC5)cn4)nc3cn2)c1,0,val
FC(F)(F)c1cccc(Nc2cc3[nH]c(Nc4ccc(N5CCOCC5)cn4)nc3cn2)c1,1,val
C[C@@H]1CN(C(=O)c2ccnc(Nc3nc4cc(Nc5ccc(F)c(C(F)(F)F)c5)ncc4[nH]3)c2)C[C@H](C)N1,0,val
C[C@@H]1CN(C(=O)c2ccnc(Nc3nc4cc(Nc5ccc(F)c(C(F)(F)F)c5)ncc4[nH]3)c2)C[C@H](C)O1,1,val
Nc1n[nH]c(N2CCC(N3CCOC[C@@H]3Cc3ccc(Cl)cc3)CC2)n1,0,train
CO[C@@H]1C[C@H](Cc2ccc(Cl)cc2)N(C2CCN(c3n[nH]c(N)n3)CC2)C1,0,train
Nc1n[nH]c(N2CCC(N3C[C@H](O)C[C@@H]3Cc3ccc(Cl)cc3)CC2)n1,0,train
CO[C@H]1C[C@H](Cc2ccc(Cl)cc2)N(C2CCN(c3n[nH]c(N)n3)CC2)C1,0,train
Nc1n[nH]c(N2CCC(N3C[C@@H](O)C[C@@H]3Cc3ccc(Cl)cc3)CC2)n1,0,train
CO[C@H]1CN(C2CCN(c3n[nH]c(N)n3)CC2)[C@H]1Cc1ccc(Cl)cc1,1,train
Nc1n[nH]c(N2CCC(N3CCCC[C@@H]3Cc3ccc(Cl)cc3)CC2)n1,1,train
Nc1n[nH]c(N2CCC(N3CCC[C@@H]3Cc3ccc(Cl)cc3)CC2)n1,1,train
Nc1n[nH]c(N2CCC(N(CCc3ccc(Cl)cc3)CC3CCCCO3)CC2)n1,0,train
Nc1n[nH]c(N2CCC(N(CCc3ccc(Cl)cc3)CC3CCCO3)CC2)n1,0,train
Nc1n[nH]c(N2CCC(N(CCc3ccc(Cl)cc3)C3COC3)CC2)n1,1,train
COC(C)(C)CN(CCc1ccc(Cl)cc1)C1CCN(c2n[nH]c(N)n2)CC1,1,train
CC(C)(O)CN(CCc1ccc(Cl)cc1)C1CCN(c2n[nH]c(N)n2)CC1,0,train
CO[C@@H](C)CN(CCc1ccc(Cl)cc1)C1CCN(c2n[nH]c(N)n2)CC1,0,train
C[C@H](O)CN(CCc1ccc(Cl)cc1)C1CCN(c2n[nH]c(N)n2)CC1,0,train
CO[C@H](C)CN(CCc1ccc(Cl)cc1)C1CCN(c2n[nH]c(N)n2)CC1,1,train
C[C@@H](O)CN(CCc1ccc(Cl)cc1)C1CCN(c2n[nH]c(N)n2)CC1,1,train
COCCN(CCc1ccc(Cl)cc1)C1CCN(c2n[nH]c(N)n2)CC1,1,train
Nc1n[nH]c(N2CCC(N(CCO)CCc3ccc(Cl)cc3)CC2)n1,1,train
CNC(=O)NCCN(CCc1ccc(Cl)cc1)C1CCN(c2n[nH]c(N)n2)CC1,1,train
CNS(=O)(=O)CCN(CCc1ccc(Cl)cc1)C1CCN(c2n[nH]c(N)n2)CC1,0,train
CS(=O)(=O)NCCN(CCc1ccc(Cl)cc1)C1CCN(c2n[nH]c(N)n2)CC1,1,train
CC(=O)NCCN(CCc1ccc(Cl)cc1)C1CCN(c2n[nH]c(N)n2)CC1,1,train
CNC(=O)CN(CCc1ccc(Cl)cc1)C1CCN(c2n[nH]c(N)n2)CC1,1,train
Nc1n[nH]c(N2CCC(N(CCc3ccc(Cl)cc3)CC(=O)O)CC2)n1,1,train
Cc1ccc2oc(-c3c4c(N)n[nH]c(=O)c4nn3-c3ccccc3)c(C)c2c1,0,train
Cc1ccc2oc(-c3c4c(N)n[nH]c(=O)c4nn3-c3ccc(NC(=O)/C=C/CN(C)C)cc3)c(C)c2c1,0,train
Cc1c(C(=O)CC#N)oc2ccccc12,1,train
Cc1ccc2oc(C(=O)CC#N)c(C)c2c1,1,train
Cc1c(C(=O)CC#N)oc2ccc(Cl)cc12,1,train
Cc1c(C(=O)CC#N)oc2ccc(Br)cc12,1,train
COc1ccc(-c2nn(-c3cccc(NC(=O)c4cccc(C(F)(F)F)c4)c3)cc2-c2ccncc2)cc1Cl,0,test
CC(C)C(=O)c1c(Nc2ccc(F)c(F)c2F)[nH]c2c(F)cc(F)cc2c1=O,1,test
O=C(CSc1nc2cc([N+](=O)[O-])ccc2[nH]1)Nc1ccc(Oc2ccccc2)cc1,1,test
CCCCCCCc1[nH]c2ccc([N+](=O)[O-])cc2c(=O)c1CO,0,test
Cc1ccc(NC(=O)c2ccc3c(c2)CC(c2ccc(Cl)cc2)OC3=O)cc1C,1,val
Cc1ccc(N(C)C(=O)c2ccc3c(c2)CC(c2ccc(Cl)cc2)OC3=O)cc1C,1,val
CCC(C)c1ccc(OCCOc2ccc(Cl)cc2CNn2cnnc2)cc1,1,test
O=C(c1cn(CCCNCc2ccc(Oc3ccc(Cl)cc3)cc2)nn1)N1CCOCC1,1,val
CCCCOc1ccc(Cl)c(OCCCC)c1N=Nc1c(O)ccc2ccccc12,1,train
CCCCOc1cc(Cl)cc(OCCCC)c1N=Nc1c(O)ccc2ccccc12,1,train
CCCCOc1cc(Cl)c(N=Nc2c(O)ccc3ccccc23)c(OCCCC)c1,1,train
O=C(CCCC(=O)c1cccc([N+](=O)[O-])c1)NC1CCCC1,0,test
O=C(CCCS(=O)(=O)c1ccccc1)Nc1cc[nH]c(=O)n1,0,test
O=C(CCCS(=O)(=O)c1ccccc1)Nc1[nH]c(=O)ncc1F,0,test
COc1cc(N)c(Cl)cc1C(=O)N[C@H]1CCN(CCCOc2ccc(F)cc2)C[C@H]1OC,1,train
Cn1ncc(NC(=O)c2nc(-c3c(F)cccc3F)sc2N)c1N1CC[C@@H](N)[C@H](F)CC1,1,test
O=C1OCc2cc(C3CN4CCN(C(=O)Cc5ccc(-n6cnnn6)cc5)CC4CO3)ccc21,0,train
O=C1OCCc2cc([C@@H]3CN4CCN(C(=O)Cc5ccc(-n6cnnn6)cc5)C[C@H]4CO3)ccc21,0,test
Cc1c(C#N)cccc1[C@@H]1CN2CCN(C(=O)Cc3ccc(-n4cnnn4)cc3)C[C@H]2CO1,0,train
Cc1cc(F)cc2c(=O)[nH]c(-c3ccc(C4CCNCC4)cc3)nc12,1,val
N#Cc1ccc(O[C@H]2CN(S(=O)(=O)c3ccc(Cl)cn3)C[C@@]2(O)CN)cc1F,0,train
N#Cc1ccc(O[C@H]2CN(S(=O)(=O)c3ccc(Cl)cc3Cl)C[C@@]2(O)CN)cc1F,1,train
C[C@H]1SC(=N)N[C@](C)(c2cc(NC(=O)c3cnc(OCF)cn3)ccc2F)[C@H]1F,1,test
O=C(Nc1ccc(Oc2ccc(F)cc2)cc1)N1CCc2ncccc2[C@@H]1c1ccc(Cl)cc1,1,train
O=C(Nc1cnc(Oc2ccc(F)cc2)nc1)N1CCc2ncccc2[C@@H]1c1ccc(F)cc1,0,train
Cc1cnc(Nc2ccc(N3CCC(N(C)CCO)CC3)c(F)c2)nc1-c1cnn(C(C)C)c1,0,test
Cc1cnc(Nc2ccnn2C)nc1-c1cn2c(n1)C(=O)N(Cc1ccc(F)c(F)c1)CC2,0,train
COC[C@H]1Cn2cc(-c3nc(Nc4ccnn4C)ncc3C)cc2C(=O)N1Cc1cccc(C)n1,0,train
Cc1cnc(Nc2ccnn2C)nc1-c1cn2c(n1)C(=O)N(Cc1ccc(F)c(F)c1)[C@@H](C)C2,0,train
COC[C@H]1Cn2cc(-c3nc(Nc4ccnn4C)ncc3C)nc2C(=O)N1Cc1ccc(F)c(F)c1,0,train
C[S+]([O-])c1ccc(-c2ccc3ncc(-c4ccc(S(C)(=O)=O)cc4)n3n2)cc1,0,train
CCN(CC)Cc1cc(-c2ccc3ncc(-c4ccc([S+](C)[O-])cc4)n3n2)ccc1F,1,val
CCN(CC)Cc1ccc(-c2ccc3ncc(-c4ccc(S(C)(=O)=O)cc4)n3n2)cc1F,1,val
C[S+]([O-])c1cccc(-c2ccc3ncc(-c4cccc([S+](C)[O-])c4)n3n2)c1,1,train
C[S+]([O-])c1ccc(-c2cnc3ccc(Nc4cccc(S(C)(=O)=O)c4)nn23)cc1,1,train
C[S+]([O-])c1ccc(-c2cnc3ccc(Nc4cccc([S+](C)[O-])c4)nn23)cc1,0,train
C[S+]([O-])c1ccc(Nc2ccc3ncc(-c4ccc([S+](C)[O-])cc4)n3n2)cc1,0,train
C[S+]([O-])c1ccc(-c2cnc3ccc(Nc4ccc(S(C)(=O)=O)cc4)nn23)cc1,0,train
C[S+]([O-])c1ccc(-c2cnc3ccc(Nc4cnccn4)nn23)cc1,1,train
C[S+]([O-])c1ccc(-c2cnc3ccc(NC4CCS(=O)(=O)CC4)nn23)cc1,0,val
C[S+]([O-])c1ccc(-c2cnc3ccc(NC4CCN(S(C)(=O)=O)CC4)nn23)cc1,0,val
CCN(CC)Cc1cc(Nc2ccc3ncc(-c4ccc([S+](C)[O-])cc4)n3n2)ccc1O,1,train
CS(=O)(=O)c1cccc(-c2ccc3ncc(-c4cccc(S(C)(=O)=O)c4)n3n2)c1,1,train
CS(=O)(=O)c1ccc(-c2ccc3ncc(-c4cccc(S(C)(=O)=O)c4)n3n2)cc1,1,train
C[S+]([O-])c1ccc(-c2ccc3ncc(-c4cccc([S+](C)[O-])c4)n3n2)cc1,0,train
O=C(CCc1ccc(-n2nnc3cccnc32)cc1)N(c1ncccc1Cl)[C@@H]1CCCNC1,0,train
Cc1cnc2c(c1)nnn2-c1ccc(CCC(=O)N(c2ncccc2Cl)[C@@H]2CCCNC2)nc1,1,train
O=C(N1CCC(c2ccccc2)CC1)N(c1nccc2ccccc12)[C@@H]1CCCNC1,1,train
O=C(N1CCC(c2ccccc2)CC1)N(c1ncccc1Cl)[C@@H]1CCCNC1,0,train
Cc1nccnc1N(C(=O)N1CCC(c2ccccc2)CC1)[C@@H]1CCCNC1,0,train
Cn1ccc2ccnc(N(C(=O)N3CCC(c4ccccc4)CC3)[C@@H]3CCCNC3)c21,1,train
Cc1cccnc1N(C(=O)N1CCC(c2ccccc2F)CC1)[C@@H]1CCCNC1,1,test
O=C(N1CCN(c2ccccc2)CC1)N(c1nccc2ccccc12)[C@@H]1CCCNC1,1,train
Cc1ccc2c(N3CCN(C(=O)N(c4nccc5ccccc45)[C@@H]4CCCNC4)CC3)noc2c1,1,train
O=[N+]([O-])c1ccc2c(c1)ncn2Cc1ccc(O)c2ncccc12,0,test
Oc1ccc(Cn2c(-c3cscn3)nc3ccccc32)c2cccnc12,0,val
CC(C)(C)c1ccc2[nH]c(C(C)(C)N)nc2c1,0,test
CCCCc1nc(C(C)C)c(CC(=O)OCC)c(=O)n1Cc1ccc(-c2ccccc2-c2nc(=O)o[nH]2)cc1,1,val
CS(=O)(=O)c1cc(CNC(=O)c2cncc3c2cnn3-c2ccc(F)cc2)ccn1,0,val
CS(=O)(=O)c1cc(C2(NC(=O)c3cncc4c3cnn4-c3ccc(F)cc3)CC2)ccn1,0,val
O=C(c1ccc(-c2ccc(F)c(F)c2)o1)N1CCN(Cc2ccc(OC3CCNCC3)c(Cl)c2)CC1,1,test
CC1=C(c2cccc(O)c2)[C@H](c2ccc(OCCN3CC(CF)C3)cc2)Oc2ccc(O)cc21,1,test
Nc1cc(F)c(S(=O)(=O)N2CCC(O)CC2)cc1C(=O)Nc1cc(F)c(F)c(F)c1,1,val
Cc1cc(-c2cnc3ccn(CC(=O)N4CCC4)c3c2)ccc1F,1,train
Cc1cc(-c2cnc3ccn(CC(=O)N4CC(F)C4)c3c2)ccc1F,1,train
Cc1cc(-c2cnc3ccn(CC(=O)N(C)C)c3c2)ccc1F,1,train
Cc1cc(-c2cnc3ccn(Cc4ccccn4)c3c2)ccc1F,1,val
Cc1cc(-c2cnc3ccn(Cc4ncco4)c3c2)ccc1F,1,val
Cc1cc(-c2cnc3ccn(CC4CCOC4)c3c2)ccc1F,1,test
Cc1cc(-c2cnc3ccn(CC4CCC4)c3c2)ccc1F,1,train
O=C(Cn1ccc2ncc(-c3cccc(C(F)(F)F)c3)cc21)N1CCC1,1,train
O=C(Cn1ccc2ncc(-c3cccc(C(F)(F)F)c3)cc21)NC1CC1,1,test
CN1CCOc2c1cnn1c(-c3ccc4cccc(NCC5(F)CCNCC5)c4n3)nnc21,0,train
CN1CCOc2c1cnn1c(-c3ccc4ccc(Cl)c(NCC5(F)CCNCC5)c4n3)nnc21,1,train
CN1CCOc2c1cnn1c(-c3ccc4ccnc(NC5CCCCC5)c4c3)nnc21,1,val
CN1CCOc2c1cnn1c(-c3ccc4cccc(NC5CCCCC5)c4c3)nnc21,1,val
Cc1sc(-c2ccccc2Cl)cc1C(=O)N[C@@H](CN)c1ccccc1,1,test
NC[C@H](Oc1noc2ccc(-c3ccccc3Cl)cc12)c1ccccc1,0,train
NC[C@H](Oc1noc2ccc(-c3ccccc3Cl)nc12)c1ccccc1,1,train
N=C(N)NC[C@H](Oc1noc2ccc(-c3ccccc3Cl)cc12)c1ccccc1,1,train
C[C@H]1C[C@H]2CSC(=N)N[C@@]2(c2ncc(NC(=O)c3ccc(OC(F)F)cn3)s2)CO1,0,train
C[C@H]1C[C@H]2CSC(=N)N[C@@]2(c2cc(NC(=O)c3ccc(OC(F)F)cn3)ccc2F)CO1,1,train
C#CCOc1cnc(C(=O)Nc2cc(F)c(F)c([C@@]3(C)N=C(N)S[C@@]4(COC)C[C@H]43)c2)cn1,1,test
COc1cc(NC(=O)C2CCCCC2C(=O)c2ccc(-c3cc[nH]n3)cc2)ncn1,0,test
CCn1cnc2c(-c3ccc(F)c(-c4ccc(S(=O)(=O)CC)cc4OC)c3)cnnc21,0,test
CNCc1ccc(-c2cc(-c3nc(-c4ccc(S(=O)(=O)C(C)C)cc4)cnc3N)on2)cc1,1,test
O=S1(=O)CCCN1CCNc1nonc1C(=NO)Nc1ccc(F)c(Br)c1,0,train
O=C1OCCN1CCNc1nonc1C(=NO)Nc1ccc(F)c(Br)c1,0,train
COCCN1CCN(CCNc2nonc2C(=NO)Nc2ccc(F)c(Br)c2)S1(=O)=O,0,train
Cc1ccc2c(c1)nc(CCN1C(=O)c3cccc4cccc(c34)C1=O)n2-c1ccncc1,1,test
CC1OC2(CCN(CCc3ccccc3)CC2)CN(c2ccccc2)C1=O,1,train
CCC1OC2(CCN(CCc3ccccc3)CC2)CN(c2ccccc2)C1=O,1,train
CC(C)C1OC2(CCN(CCc3ccccc3)CC2)CN(c2ccccc2)C1=O,1,train
COCC1OC2(CCN(CCc3ccccc3)CC2)CN(c2ccccc2)C1=O,1,train
O=C1C(CO)OC2(CCN(CCc3ccccc3)CC2)CN1c1ccccc1,1,train
O=C1C(COCc2ccccc2)OC2(CCN(CCc3ccccc3)CC2)CN1c1ccccc1,1,train
COC(=O)CC1OC2(CCN(CCc3ccccc3)CC2)CN(c2ccccc2)C1=O,1,train
CC1(C)OC2(CCN(CCc3ccccc3)CC2)CN(c2ccccc2)C1=O,1,train
O=C1N(c2ccccc2)CC2(CCN(CCc3ccccc3)CC2)OC12CC2,1,train
CC1OC2(CCN(CCc3ccccc3)CC2)CN(c2ccccc2Cl)C1=O,1,train
CC1OC2(CCN(CCc3ccccc3)CC2)CN(c2ccccc2F)C1=O,1,train
COc1cccc(N2CC3(CCN(CCc4ccccc4)CC3)OC(C)C2=O)c1,1,train
CC1OC2(CCN(CCc3ccccc3)CC2)CN(c2cnccn2)C1=O,1,train
CC1OC2(CCN(CCc3ccccc3)CC2)CN(c2ncccc2F)C1=O,1,train
CC1OC2(CCN(CCc3ccccc3)CC2)CN(c2ncccc2C(F)(F)F)C1=O,1,train
CC1OC2(CCN(CCc3ccccc3)CC2)CN(c2cncc(F)c2)C1=O,1,train
CC1OC2(CCN(CCc3ccccc3)CC2)CN(c2cnccc2C(F)(F)F)C1=O,1,train
CC1OC2(CCN(CCc3ccccc3)CC2)CN(c2cccnc2C(F)(F)F)C1=O,1,train
CC1OC2(CCN(CCc3ccccc3)CC2)CN(c2cncc(C(F)(F)F)c2)C1=O,1,train
CC1OC2(CCN(CCc3ccccc3F)CC2)CN(c2ccccc2)C1=O,1,train
CC1OC2(CCN(CCc3cccc(F)c3)CC2)CN(c2ccccc2)C1=O,1,train
CC1OC2(CCN(CCc3ccc(F)cc3)CC2)CN(c2ccccc2)C1=O,1,train
CC1OC2(CCN(CCc3cccc(C#N)c3)CC2)CN(c2ccccc2)C1=O,1,train
CC1OC2(CCN(CCc3ccccn3)CC2)CN(c2ccccc2)C1=O,1,train
CC1OC2(CCN(CCc3ccccc3F)CC2)CN(c2cnccc2C(F)(F)F)C1=O,1,train
CC1OC2(CCN(CCc3ccccc3F)CC2)CN(c2ncccc2C(F)(F)F)C1=O,1,train
C=CC(=O)N1CCC[C@H]1COc1c(N)ncnc1-c1cc(F)cc(NC(=O)c2ccc(C3CC3)cc2F)c1C,1,train
C=CC(=O)N(C)CCOc1c(N)ncnc1-c1cc(F)cc(NC(=O)c2ccc(C3CC3)cc2F)c1C,1,train
CCC(=O)N(C)CCOc1c(N)ncnc1-c1cc(F)cc(NC(=O)c2ccc(C3CC3)cc2F)c1C,1,train
Cc1cc(/C=C/C#N)cc(C)c1Oc1nc(NC2CCN(Cc3ccc(S(N)(=O)=O)cc3)CC2)nc2sccc12,1,train
Cc1cc(C=CC#N)cc(C)c1Nc1ccnc(Nc2ccc(C#N)cc2)n1,1,val
Cc1cc(C#N)cc(C)c1Oc1nc(NC2CCN(Cc3ccc(S(N)(=O)=O)cc3)CC2)nc2ccsc12,1,train
CC(C)(C)c1cc(NC(=O)Cc2ccc(-n3cnc4cc(-c5ccc(S(C)(=O)=O)cc5)ccc43)cc2)no1,1,val
COc1nc(N[C@@H](C)c2cc3cc(Cl)ccc3[nH]c2=O)ncc1C#N,1,test
CON=C1CCC(CN2CCN(c3nc(=O)c4cc(C(F)(F)F)cc([N+](=O)[O-])c4s3)CC2)CC1,0,val
CCON=C1CCC(CN2CCN(c3nc(=O)c4cc(C(F)(F)F)cc([N+](=O)[O-])c4s3)CC2)CC1,0,val
O=C(CC(O)(C(F)(F)F)C(F)(F)F)N[C@@](Cc1ccccc1)(c1cc(F)cc(C(F)(F)F)c1)c1ccc(Cl)cn1,0,test
CNC(C(=O)N[C@](Cc1ccccc1)(c1ccc(F)cc1)c1cc(F)cc(C(F)(F)F)c1)C(O)(C(F)(F)F)C(F)(F)F,0,train
CC(C)NC(C(=O)N[C@](Cc1ccccc1)(c1ccc(F)cc1)c1cc(F)cc(C(F)(F)F)c1)C(O)(C(F)(F)F)C(F)(F)F,0,train
CN(C)C(C(=O)N[C@](Cc1ccccc1)(c1ccc(F)cc1)c1cc(F)cc(C(F)(F)F)c1)C(O)(C(F)(F)F)C(F)(F)F,0,train
CC(C)Oc1cc([C@@](Cc2ccccc2)(NC(=O)C(N)C(O)(C(F)(F)F)C(F)(F)F)c2cc(F)cc(OC(F)(F)C(F)F)c2)ccc1F,0,train
CC(C)Oc1cc([C@@](Cc2ccccc2)(NC(=O)C(O)C(O)(C(F)(F)F)C(F)(F)F)c2cc(F)cc(OC(F)(F)C(F)F)c2)ccc1F,0,train
CC(C)Oc1cc([C@@](Cc2ccccc2)(NCC(O)C(O)(C(F)(F)F)C(F)(F)F)c2cc(F)cc(OC(F)(F)C(F)F)c2)ccc1F,0,train
CCOCc1nnc(N2C[C@@H]3C[C@]3(c3ccc(F)cc3Cl)C2)n1-c1ccc(OC)nc1,1,val
COCc1nnc(N2C[C@@H]3C[C@]3(c3ccc(F)cc3Cl)C2)n1-c1ccc(OC)nc1,0,val
COc1ccccc1-c1[nH]nc2nc(N[C@H]3CC[C@H](NS(=O)(=O)CCC(F)(F)F)CC3)nc(OC)c12,0,test
Cc1cc(C#N)cc(C)c1Oc1nc(NC2CCN(Cc3ccc(C(N)=O)cc3)CC2)nc2c1COC2,1,val
CC(C)(O)c1cccc(-c2ccc3nc(-c4ccc(Cl)cc4)cn3c2)c1,1,test
COCCN1CCN(c2ccc(OCc3ccccc3)c(C(=O)Nc3ccnnc3)c2)CC1,1,test
COCCC#Cc1c(Cl)c2c(Cl)cc(C(N)=O)nc2n1[C@H]1CCCNC1,1,train
COCC(C)(C)C#Cc1c(Cl)c2c(Cl)cc(C(N)=O)nc2n1[C@H]1CCCNC1,1,train
COC(C)(C)CC#Cc1c(Cl)c2c(Cl)cc(C(N)=O)nc2n1[C@H]1CCCNC1,1,train
NC(=O)c1cc(Cl)c2c(Cl)c(C#CC3CCCO3)n([C@H]3CCCNC3)c2n1,1,train
NC(=O)c1cc(Cl)c2c(Cl)c(C#CC3CCOCC3)n([C@H]3CCCNC3)c2n1,1,train
NC(=O)c1cc(Cl)c2c(Cl)c(C#CC3COCCO3)n([C@H]3CCCNC3)c2n1,1,train
CC1(C#Cc2c(Cl)c3c(Cl)cc(C(N)=O)nc3n2[C@H]2CCCNC2)COC1,1,train
CC1(CC#Cc2c(Cl)c3c(Cl)cc(C(N)=O)nc3n2[C@H]2CCCNC2)COC1,1,train
CC(C)(C#N)CC#Cc1c(Cl)c2c(Cl)cc(C(N)=O)nc2n1[C@H]1CCCNC1,1,train
NC(=O)c1cc(Cl)c2c(Cl)c(C#CC3CNCCO3)n([C@H]3CCCNC3)c2n1,1,train
COc1cc(F)cc2c1nnc1c2c(-c2ccncc2C)nn1C,0,val
C=CC(=O)Nc1cccc(Nc2ncnc(N)c2-c2ccc(Oc3ccccc3)cc2)c1,1,test
C=CC(=O)N[C@@H]1CCC[C@H](Nc2ncnc(N)c2-c2ccc(Oc3ccccc3)cc2)C1,1,train
C=CC(=O)NC12CCC(Nc3ncnc(N)c3-c3ccc(Oc4ccccc4)cc3)(C1)C2,1,val
C=CC(=O)N1CC2(CC(Nc3ncnc(N)c3-c3ccc(Oc4ccccc4)cc3)C2)C1,1,train
C=CC(=O)N1CCC(CNc2ncnc(N)c2-c2ccc(Oc3ccccc3)cc2)CC1,1,train
CNC(=O)c1cnc(Nc2ccc(C#N)cn2)cc1Nc1cccc(-c2ncn(C)n2)c1OC,1,train
CNC(=O)c1cnc(Nc2ccc(C(F)(F)F)cn2)cc1Nc1cccc(-c2ncn(C)n2)c1OC,0,train
CNC(=O)c1cnc(Nc2cc(C)c(F)cn2)cc1Nc1cccc(-c2ncn(C)n2)c1OC,0,train
C[C@H](c1ccnc(Nc2nc3cc(-c4cc(N(C)C)ncn4)ccc3[nH]2)c1)N1CCN(C(=O)CC(F)(F)F)CC1,1,test
CCCCCOc1cccc(CCNCC(=O)N(C)C)c1,1,train
CN(C)C(=O)CNCCc1cccc(OCCCC(F)(F)CF)c1,0,train
CN(C)C(=O)CNCCc1cccc(OCCCC(C)(F)F)c1,1,train
CN(C)C(=O)CNCCc1cccc(OCCCCC(F)(F)F)c1,1,train
CN(C)C(=O)CNCCc1cccc(OCCCC(F)(F)F)c1,0,train
CCCCOc1cccc(CCNCC(=O)N(C)C)c1,1,train
Cc1cc(/C=C/C#N)cc(C)c1Oc1nc(Nc2ccc(C#N)cc2F)nc2sccc12,1,test
CCc1nc(C)cn2nc(-c3cc(=O)n4cc(C5CCN(C)CC5)cc(C)c4n3)cc12,1,test
O=C(NNC(=S)Nc1ccc(Cl)c(Cl)c1)c1ccccc1O,1,test
COc1ccc(Oc2nc(Nc3ccc(N4CCOCC4)nc3)ncc2NC(=O)c2cc(OC)cc(OC)c2)cc1,0,test
CC1(c2ccc(C#N)cc2)NC(=O)N(CC(=O)c2ccc(F)cc2F)C1=O,0,train
CC1(c2ccc(OC(F)F)cc2)NC(=O)N(CC(=O)c2ccc(F)cc2F)C1=O,1,train
CC1(c2ccc(-n3cnnn3)cc2)NC(=O)N(CC(=O)c2ccc(F)cc2F)C1=O,1,train
CC1(c2ccc(NS(C)(=O)=O)cc2)NC(=O)N(CC(=O)c2ccc(F)cc2F)C1=O,0,train
N#Cc1ccc(S(=O)(=O)N2C[C@H](S(=O)(=O)c3ccc(Cl)cc3)[C@](O)(CN)C2)c(Cl)c1,1,train
N#Cc1ccc(S(=O)(=O)N2C[C@H](S(=O)(=O)c3ccc(Cl)cn3)[C@](O)(CN)C2)c(Cl)c1,1,train
N#Cc1ccc(S(=O)(=O)N2C[C@H](S(=O)(=O)c3ccc(Cl)cn3)[C@@](O)(CN)C2)c(Cl)c1,1,train
CCC#CC[C@H](C)[C@H](O)/C=C/[C@H]1CCC(=O)N1CCCCCCC(=O)O,0,train
CCC#CC[C@H](C)[C@H](O)/C=C/[C@H]1CC(F)(F)C(=O)N1CCCCCCC(=O)O,0,train
COC(=O)c1ccc(COc2ccc3nc(N)sc3c2)cc1,1,val
Nc1nc2ccc(SC(F)(F)F)cc2s1,1,test
COc1c(C#N)ccc2[nH]c(-c3cn4c(n3)[C@H](c3cccc(F)c3C)OCC4)cc12,1,val
CNC(=O)c1c(-c2ccc(F)cc2)oc2cc(N(c3ccc(B(O)O)c(Cl)c3)S(C)(=O)=O)c(C3CC3)cc12,1,val
CNC(=O)c1c(-c2ccc(F)cc2)oc2cc(N(c3cc(Cl)c4c(c3)COB4O)S(C)(=O)=O)c(C3CC3)cc12,0,val
Cc1ccc(CNC(=O)C2CNC[C@H]2c2ccc(C(F)(F)F)cc2)cc1,1,train
CN(C)c1ccc(CNC(=O)C2CNC[C@@H]2c2ccc(C(F)(F)F)cc2)cc1,1,train
CCN(CC)c1ccc(CNC(=O)C2CNC[C@H]2c2ccc(C(F)(F)F)cc2)cc1,1,train
CN(C)c1ccc(CNC(=O)C2CNC[C@H]2c2ccc(C(F)(F)F)c(F)c2)cc1,1,train
CN(C)c1ccc(CNC(=O)C2CNC[C@H]2c2ccc(C(F)(F)F)c(Cl)c2)cc1,1,train
CN(C)c1ccc(CNC(=O)C2CNC[C@H]2c2ccc(Oc3ccccc3)cc2)cc1,1,train
CN(C)c1ccc(CNC(=O)C2CNC[C@@H]2c2ccc(C(F)(F)F)nc2)cc1,0,train
C[C@H](NC(=O)C1CNC[C@@H]1c1ccc(C(F)(F)F)cc1)c1ccc(N(C)C)cc1,0,train
FC(F)(F)c1ccc2[nH]c(-c3ccc(-c4ccccc4)cc3)nc2c1,1,train
FC(F)(F)c1ccc2[nH]c(-c3ccc(-c4cccnc4)cc3)nc2c1,1,train
O=c1ccc(-c2ccc(-c3nc4cc(C(F)(F)F)ccc4[nH]3)cc2)c[nH]1,1,train
N#Cc1ccc(-c2ccc(-c3nc4cc(C(F)(F)F)ccc4[nH]3)cc2)cc1,1,train
Oc1ccc(-c2ccc(-c3nc4cc(C(F)(F)F)ccc4[nH]3)cc2)cc1,1,train
CN1CCN(c2ccc(-c3ccc(-c4nc5cc(C(F)(F)F)ccc5[nH]4)cc3)cc2)CC1,1,train
CN1CCN(c2ccc(-c3ccc(-c4nc5cc(C(F)(F)F)ccc5[nH]4)cc3)cn2)CC1,1,val
FC(F)(F)c1ccc2[nH]c(-c3ccc(-c4ccc(N5CCOCC5)nc4)cc3)nc2c1,0,val
CC1(C(=O)O)CCN(c2ccc(-c3ccc(-c4nc5cc(Cl)ccc5[nH]4)cn3)cn2)CC1,1,train
O=C(O)C1(CNc2ccc(-c3ccc(-c4nc5cc(Cl)ccc5[nH]4)cn3)cn2)CC1,0,train
O=C(O)C1CCCCC1Nc1ccc(-c2ccc(-c3nc4cc(Cl)ccc4[nH]3)cn2)cn1,1,train
CC1(C)CN(c2ccc(-c3ccc(-c4nc5cc(Cl)ccc5[nH]4)cn3)cn2)CCC1CC(=O)O,1,train
CC1(C(=O)O)CCCN(c2ccc(-c3ccc(-c4nc5cc(Cl)ccc5[nH]4)cn3)cn2)C1,1,train
O=C(O)C1CCC(Nc2ccc(-c3ccc(-c4nc5cc(Cl)ccc5[nH]4)cn3)cn2)CC1,1,train
O=C(O)c1ccc(CNc2ccc(-c3ccc(-c4nc5cc(Cl)ccc5[nH]4)cn3)cn2)cc1,0,train
O=C(O)CC1CCN(c2ccc(-c3ccc(-c4nc5cc(Cl)ccc5[nH]4)cn3)cn2)CC1,1,train
CC(C)(COc1ccc(-c2ccc(-c3nc4cc(Cl)ccc4[nH]3)cn2)cn1)C(=O)O,1,train
O=C(O)c1ccc(Oc2ccc(-c3ccc(-c4nc5cc(Cl)ccc5[nH]4)cn3)cn2)cc1,1,train
O=C(O)C1CCC(Oc2ccc(-c3ccc(-c4nc5cc(Cl)ccc5[nH]4)cn3)cn2)CC1,1,train
O=C(O)C1(COc2ccc(-c3ccc(-c4nc5cc(Cl)ccc5[nH]4)cn3)cn2)CCC1,0,train
O=C(O)C1(COc2ccc(-c3ccc(-c4nc5cc(Cl)ccc5[nH]4)cn3)cn2)CC1,0,train
O=C(O)C1CC(Oc2ccc(-c3ccc(-c4nc5cc(Cl)ccc5[nH]4)cn3)cn2)C1,0,train
O=C(O)C1CC1COc1ccc(-c2ccc(-c3nc4cc(Cl)ccc4[nH]3)cn2)cn1,0,train
O=C(O)C1(COc2ccc(-c3ccc(-c4nc5cc(Cl)ccc5[nH]4)cn3)cn2)COC1,1,train
O=C(O)C[C@H]1CC[C@@H](Oc2ccc(-c3ccc(-c4nc5cc(Cl)ccc5[nH]4)cn3)cn2)CC1,1,train
O=C(O)C[C@H]1CC[C@@H](Oc2ccc(-c3ccc(-c4nc5cc(C(F)(F)F)ccc5[nH]4)cn3)cn2)CC1,1,train
O=C(O)C[C@H]1CC[C@@H](Oc2ccc(-c3ccc(-c4nc5cc(F)c(F)cc5[nH]4)cn3)cn2)CC1,0,train
O=C(O)C[C@H]1CC[C@@H](Oc2ccc(-c3ccc(-c4nc5c(F)cc(F)cc5[nH]4)cn3)cn2)CC1,1,train
O=C(O)C[C@H]1CC[C@@H](Oc2ccc(-c3ccc(-c4nc5cc(F)ccc5[nH]4)cn3)cn2)CC1,1,train
O=C(O)C[C@H]1CC[C@@H](Oc2ccc(-c3ccc(-c4nc5cc(Cl)cnc5[nH]4)cn3)cn2)CC1,1,train
N#Cc1ccc2[nH]c(-c3ccc(-c4ccc(O[C@H]5CC[C@@H](CC(=O)O)CC5)nc4)nc3)nc2c1,1,train
O=C(O)C[C@H]1CC[C@@H](Oc2ccc(-c3ccc(-c4nc5ccccc5[nH]4)cn3)cn2)CC1,0,train
O=C(O)C[C@H]1CC[C@@H](Oc2ccc(-c3ccc(-c4nc5cc(C(F)(F)F)cnc5[nH]4)cn3)cn2)CC1,0,train
COc1ccc2[nH]c(-c3ccc(-c4ccc(O[C@H]5CC[C@@H](CC(=O)O)CC5)nc4)nc3)nc2n1,0,train
O=C(O)C[C@H]1CC[C@H](OC2CCN(c3ccc(-c4nc5cc(C(F)(F)F)ccc5[nH]4)cn3)CC2)CC1,1,train
O=C(O)C[C@H]1CC[C@H](OC2CCN(c3ccc(-c4nc5cc(Cl)ccc5[nH]4)cn3)CC2)CC1,1,train
O=C(O)C[C@H]1CC[C@H](OC2CCN(c3ccc(-c4nc5c(F)cc(F)cc5[nH]4)cn3)CC2)CC1,1,train
O=C(O)C[C@H]1CC[C@H](OC2CCN(c3ccc(-c4nc5cc(F)c(F)cc5[nH]4)cn3)CC2)CC1,0,train
O=C(O)C[C@H]1CC[C@H](OC2CCN(c3ccc(-c4nc5c(F)cccc5[nH]4)cn3)CC2)CC1,0,train
O=C(O)C[C@H]1CC[C@H](OC2CCN(c3ccc(-c4nc5ccccc5[nH]4)cn3)CC2)CC1,0,train
O=C(O)C[C@H]1CC[C@H](OC2CCN(c3ccc(-c4nc5cc(C(F)(F)F)cnc5[nH]4)cn3)CC2)CC1,0,train
N#Cc1ccc2[nH]c(-c3ccc(N4CCC(O[C@H]5CC[C@H](CC(=O)O)CC5)CC4)nc3)nc2c1,1,train
COc1ccc2[nH]c(-c3ccc(N4CCC(O[C@H]5CC[C@H](CC(=O)O)CC5)CC4)nc3)nc2n1,0,train
CCCN(CCC)[C@H](c1ccccn1)[C@@H](c1ccccn1)N(CCC)CCC,1,test
CC(C)c1cc(C(=O)NC[C@H]2CCN(CCc3ccc(C(F)(F)F)cc3)C2)on1,1,train
CC(C)c1cc(C(=O)NC[C@H]2CCN(CCc3ccc(Cl)c(Cl)c3)C2)on1,1,train
CC(C)c1cc(C(=O)NC[C@H]2CCN(CCc3ccc(Cl)c(F)c3)C2)on1,1,train
CC(C)c1cc(C(=O)NC[C@H]2CCN(CCc3ccc(OC(F)(F)F)c(F)c3)C2)on1,1,train
Cc1ccc(CCN2CC[C@H](CNC(=O)c3cc(C(C)C)no3)C2)cc1C(F)(F)F,1,train
COC(=O)C1=C(C)N=C(C)C(C(=O)NC[C@H]2CCN(CCc3ccc(C(F)(F)F)cc3)C2)C1c1cccc([N+](=O)[O-])c1,1,train
COC(=O)C1=C(C)N=C(C)C(C(=O)NC[C@H]2CCN(CCc3ccc(Cl)c(Cl)c3)C2)C1c1cccc([N+](=O)[O-])c1,1,train
COC(=O)C1=C(C)N=C(C)C(C(=O)NC[C@H]2CCN(CCc3ccc(C)c(C(F)(F)F)c3)C2)C1c1cccc([N+](=O)[O-])c1,1,train
COC(=O)C1=C(C)N=C(C)C(C(=O)NC[C@H]2CCN(CCc3ccc(Cl)c(F)c3)C2)C1c1cccc([N+](=O)[O-])c1,1,train
COC(=O)C1=C(C)N=C(C)C(C(=O)NC[C@H]2CCN(CCc3ccc(OC(F)(F)F)c(F)c3)C2)C1c1cccc([N+](=O)[O-])c1,1,train
Cc1cnc(NC(=O)Nc2cc(Br)c(C)cc2OC[C@@H]2CNCCO2)cn1,0,test
COc1cccc(OCCCN)c1-c1cc(Nc2cnc(C#N)cn2)[nH]n1,1,train
COc1ccc2c(c1)CCN(CCC(F)Cc1ccccc1)CC2,1,val
FC(CCN1CCc2ccccc2CC1)Cc1ccccc1,1,val
CC(C)CC(NC(=O)C(CCc1ccccc1)NC(=O)CN1CCOCC1)C(=O)NC(Cc1ccccc1)C(=O)NC(CC(C)C)C(=O)[C@@]1(C)CO1,0,test
Cc1cc(-c2ccnc3[nH]nc(C(F)(F)F)c23)cc(C2(CN)CCC2)c1,1,val
NCC1(c2cccc(-c3ccnc4[nH]nc(C(F)(F)F)c34)c2)CCC1,1,val
C[C@]12CC[C@@H]3c4ccc(OCCCN5CCCC5)cc4CC[C@H]3[C@@H]1CC[C@@H]2N1CCCC1,1,test
CCNC(=O)C1CC[C@@]2(C)CC[C@@H]3c4ccc(OCCCN5CCC[C@H]5C)cc4CC[C@H]3[C@H]12,1,train
C[C@@H]1CCCN1CCCOc1ccc2c(c1)CC[C@@H]1[C@@H]2CC[C@]2(C)CCC(C(=O)NCC3CC3)[C@@H]12,1,train
CCNC(=O)C1C[C@H](OC)[C@@]2(C)CC[C@@H]3c4ccc(OCCCN5CCC[C@H]5C)cc4CC[C@H]3[C@H]12,0,train
CCNC(=O)C1CC(=O)[C@@]2(C)CC[C@@H]3c4ccc(OCCCN5CCC[C@H]5C)cc4CC[C@H]3[C@H]12,0,train
C[C@H]1CCCN1CCCOc1ccc2c(c1)CC[C@@H]1[C@@H]2CC[C@]2(C)C(=O)CC(C(=O)N3CCCC3)[C@@H]12,0,train
NCc1ncc(S(=O)(=O)c2ccc3ccccc3c2)s1,0,test
CS(=O)(=O)c1cc(-c2ccccc2)cc(S(=O)(=O)c2cnc(CN)s2)c1,1,train
CCc1cc(-c2ccccc2)cc(S(=O)(=O)c2cnc(CN)s2)c1,0,train
Cc1ccc(-c2cc(S(C)(=O)=O)cc(S(=O)(=O)c3cnc(CN)s3)c2)cc1,1,train
CCc1cc(-c2cnn(C)c2)cc(S(=O)(=O)c2cnc(CN)s2)c1,0,train
Cn1cc(-c2cc(F)cc(S(=O)(=O)c3cnc(CN)s3)c2)cn1,0,train
CCc1cc(-c2cnn(C)c2)cc(S(=O)(=O)c2csc(CN)n2)c1,0,train
Cc1cc2nccn2cc1Nc1ncc2c(n1)n(C1CCOCC1)c(=O)n2C,1,val
Cc1cnc(Nc2cccnc2F)nc1-c1c[nH]c2c(NC(=O)C(C)N3CCN(C)CC3)cccc12,1,train
COc1nn(C)cc1Nc1ncc(Cl)c(-c2c[nH]c3c(NC(=O)C(C)N4CCN(C)CC4)cccc23)n1,0,train
COc1nn(C)cc1Nc1ncc(Br)c(-c2c[nH]c3c(NC(=O)C(C)N4CCN(C)CC4)cccc23)n1,0,train
COc1cc(-c2cncc(-c3ccc(N4C[C@@H](C)N(C)[C@@H](C)C4)cc3)c2C)cc(F)c1C(N)=O,0,val
NC(=O)c1ccn(-c2cccc(OC(=O)NCCN3CCN(c4ccccc4)CC3)c2)c1,1,val
Cc1cc(C(N)=O)c(-c2cccc(OC(=O)NCCN3CCN(c4ccccc4)CC3)c2)s1,1,train
Cn1c(C(N)=O)ccc1-c1cccc(OC(=O)NCCN2CCN(c3ccccc3)CC2)c1,1,train
NC(=O)c1ccn(-c2cccc(OC(=O)NCCCN3CCN(c4ccccc4)CC3)c2)c1,1,train
Cc1cc(C(N)=O)c(-c2cccc(OC(=O)NCCCN3CCN(c4ccccc4)CC3)c2)o1,1,train
O=C1c2ccccc2C(Cc2c(F)cncc2F)(Cc2c(F)cncc2F)c2ccccc21,0,test
O=C1c2ccccc2C(Cc2ccnc(F)c2)(Cc2ccnc(F)c2)c2ccccc21,0,test
CCOc1c([C@H](C)n2nc(C)c3c(N)ncnc32)cc(Cl)c(F)c1[C@@H]1CNC(=O)C1,0,val
O=C1CN(c2cn[nH]c(=O)c2Cl)CCN1Cc1ccccc1C(F)(F)F,1,test
N=C(N)N/N=C/c1ccc(-c2cccc(/C=N/N=C(N)N)c2)cc1,1,test
Cc1ccc(/C(=C(\CCCO)c2ccccc2)c2ccc(N3CCNCC3)cc2)cc1,1,train
Cc1ccc(/C(=C(\CCCO)c2ccccc2)c2ccc(N3CCN(C)CC3)cc2)cc1,0,train
CC(C)N1CCN(c2ccc(C(=C(CCCO)c3ccccc3)c3ccc(O)cc3)cc2)CC1,0,train
CC(C)N1CCN(c2ccc(/C(=C(/CCCO)c3ccccc3)c3ccc(Br)cc3)cc2)CC1,0,train
CCN1CCN(c2ccc(/C(=C(/CCCO)c3ccccc3)c3ccc(C)cc3)cc2)CC1,0,train
CC(C)N1CCN(c2ccc(/C(=C(/CCCO)c3ccccc3)c3cccc(O)c3)cc2)CC1,0,train
Cn1c(N2CCC(C)(CN)CC2)nc(N)c(Sc2cccc(Cl)c2Cl)c1=O,1,test
C[C@@H]1OCC2(CCN(c3nc(N)c(Sc4cccc(Cl)c4Cl)c(=O)n3C)CC2)[C@@H]1N,1,train
C[C@@H]1OCC2(CCN(c3nc(N)c(Sc4ccnc(C5CC5)c4Cl)c(=O)n3C)CC2)[C@@H]1N,1,test
Cn1c(N2CCC(C)(N)CC2)nc2[nH]nc(-c3cccc(Cl)c3Cl)c2c1=O,1,train
Cn1c(N2CCC(C)(CN)CC2)nc2[nH]nc(-c3cccc(Cl)c3Cl)c2c1=O,1,train
Cn1c(N2CCC3(CCC[C@H]3N)CC2)nc2[nH]nc(-c3cccc(Cl)c3Cl)c2c1=O,1,train
Cn1c(N2CCC3(CC2)COC[C@H]3N)nc2[nH]nc(-c3cccc(Cl)c3Cl)c2c1=O,1,train
C[C@@H]1OCC2(CCN(c3nc4[nH]nc(-c5cccc(Cl)c5Cl)c4c(=O)n3C)CC2)[C@@H]1N,1,train
C[C@@H]1OCC2(CCN(c3cnc4c(-c5cccc(Cl)c5Cl)[nH]nc4n3)CC2)[C@@H]1N,1,train
C[C@@H]1OCC2(CCN(c3cnc4c(-c5cccc(Cl)c5Cl)c[nH]c4n3)CC2)[C@@H]1N,1,train
C[C@@H]1OCC2(CCN(c3nc4[nH]nc(-c5ccnc(Cl)c5Cl)c4c(=O)n3C)CC2)[C@@H]1N,1,train
C[C@@H]1OCC2(CCN(c3nc4[nH]nc(-c5ccnc(NC6CCC6)c5Cl)c4c(=O)n3C)CC2)[C@@H]1N,1,train
Cc1nc(N)ccc1-c1[nH]nc2nc(N3CCC4(CC3)CO[C@@H](C)[C@H]4N)n(C)c(=O)c12,1,val
C[C@@H]1OCC2(CCN(c3nc4[nH]nc(-c5ccnc(NC6CC6)c5Cl)c4c(=O)n3C)CC2)[C@@H]1N,0,train
CNC(=O)c1cnc(Nc2ccc(F)cn2)cc1Nc1ccccc1S(C)(=O)=O,1,train
CNC(=O)c1cnc(Nc2cc(C)ccn2)cc1Nc1ccccc1S(C)(=O)=O,0,train
CNC(=O)c1cnc(Nc2ccc(N3CCOCC3)cn2)cc1Nc1ccccc1S(C)(=O)=O,0,train
CNC(=O)c1cnc(Nc2ccc(C)nn2)cc1Nc1ccccc1S(C)(=O)=O,0,train
CNC(=O)c1cnc(Nc2ccccn2)cc1Nc1ccccc1S(C)(=O)=O,0,train
CNC(=O)c1cnc(Nc2ccc(OC)cn2)cc1Nc1ccccc1S(C)(=O)=O,0,train
CC1(C)CCN1Cc1cccc(F)c1CNc1cc(F)c(S(=O)(=O)Nc2cscn2)c(F)c1,0,val
CN(Cc1cccc(F)c1CNc1cc(F)c(S(=O)(=O)Nc2cscn2)c(F)c1)C(C)(C)C,0,val
CN1CCC(c2nc(-c3ccc(F)c(NS(C)(=O)=O)c3)c(-c3ccnc(NCC4CC4)n3)s2)CC1,1,test
CN1CCC(c2nc(-c3ccc(F)cc3)c(-c3ccnc(Nc4ccc(N5CCNCC5)cc4)n3)s2)CC1,0,train
CN1CCN(c2ccc(Nc3nccc(-c4sc(C5CCNCC5)nc4-c4ccc(F)cc4)n3)cc2)CC1,0,train
Fc1ccc(-c2nc(N3CCOCC3)sc2-c2ccnc(Nc3ccc(N4CCNCC4)cc3)n2)cc1,1,train
Fc1ccc(-c2nc(N3CCCC3)sc2-c2ccnc(Nc3ccc(N4CCNCC4)cc3)n2)cc1,1,train
Nc1nc(-c2ccc(F)cc2)c(-c2ccnc(Nc3ccc(N4CCNCC4)cc3)n2)s1,0,train
CC(=O)Nc1nc(-c2ccc(F)cc2)c(-c2ccnc(Nc3ccc(N4CCNCC4)cc3)n2)s1,0,train
CN1CCC(C(=O)Nc2nc(-c3ccc(F)cc3)c(-c3ccnc(Nc4ccc(N5CCNCC5)cc4)n3)s2)CC1,0,train
Fc1ccc(-c2nc(C3CCNCC3)sc2-c2ccnc(Nc3nncs3)n2)cc1,1,train
Fc1ccc(-c2nc(C3CCNCC3)sc2-c2ccnc(Nc3ccncn3)n2)cc1,1,train
Cc1cc(Nc2nccc(-c3sc(C4CCNCC4)nc3-c3ccc(F)cc3)n2)ccn1,1,train
Cc1cc(Nc2nccc(-c3sc(C4CCNCC4)nc3-c3ccc(F)cc3)n2)cc(C)n1,1,train
Fc1ccc(-c2nc(C3CCNCC3)sc2-c2ccnc(NCc3ccncc3)n2)cc1,1,train
OC(CNc1nccc(-c2sc(C3CCNCC3)nc2-c2ccc(F)cc2)n1)c1ccncc1,0,train
Cc1cc(Nc2nccc(-c3sc(C4CCNCC4)nc3C3CC3)n2)ccn1,1,test
CCc1cc(F)c2nc(N3CCC(NC4CCOCC4)CC3)c(-c3nc(C)no3)c(C)c2c1,1,test
O=C(O)C[C@H]1CCCN(C[C@@H](O)c2ccc(-c3noc(-c4onc(-c5ccccc5)c4C(F)(F)F)n3)cc2)C1,1,val
Cc1c([C@H](O)CN2CCN(C[C@@H](O)c3ccc4c(c3C)COC4=O)CC2)ccc2c1COC2=O,0,train
Cc1c([C@@H](O)CN2CCN(C[C@H](O)c3ccc4c(c3C)COC4=O)CC2)ccc2c1COC2=O,0,train
Cc1c(C(O)CN2CCN(CC(O)c3ccc4c(c3C)COC4=O)CC2)ccc2c1COC2=O,0,train
Cc1c([C@H](O)CN2CCN(C[C@H](O)c3ccc4c(c3C)COC4=O)CC2)ccc2c1COC2=O,0,train
Cc1c(C(F)CN2CCN(CC(F)c3ccc4c(c3C)COC4=O)CC2)ccc2c1COC2=O,0,train
Cc1c(CCN2CCN(CC(O)c3ccc4c(c3C)COC4=O)CC2)ccc2c1COC2=O,1,train
Cc1c(CCN2CCN(CCc3ccc4c(c3C)COC4=O)CC2)ccc2c1COC2=O,1,test
Cc1c(C(F)CN2CCN(C(=O)Cc3ccc(-n4cnnn4)cc3)CC2)ccc2c1COC2=O,0,train
Cc1c(C(O)CN2CCN(C(=O)Cc3ccc(-n4cnnn4)cc3)CC2)ccc2c1COC2=O,0,train
Cc1c(C(C)CN2CCN(C(=O)Cc3ccc(-n4cnnn4)cc3)CC2)ccc2c1COC2=O,0,train
CNC(=O)C1C[C@H](N2CCc3c(cccc3OCCc3ccccc3)C2)CN1C(=O)c1ccc(CN)c(OC)c1,1,train
CNC(=O)C1C[C@H](N2CCc3c(cccc3OCCC3CC3)C2)CN1C(=O)c1ccc(CN)c(OC)c1,0,train
COc1cc(C(=O)N2C[C@@H](n3cc(C4CC4)nn3)CC2C(=O)N[C@H]2CCCC[C@@H]2c2ccccc2)ccc1CN,0,train
COc1cc(C(=O)N2C[C@@H](n3cc(C4CC4)nn3)CC2C(=O)N[C@@H]2C[C@H]2c2ccccc2)ccc1CN,0,train
NCc1ccc(C(=O)N2C[C@@H](n3cc(C4CC4)nn3)CC2C(=O)NCC(c2ccccc2)c2ccccc2)cc1,1,train
COc1cc(C(=O)N2C[C@@H](n3cc(C4CC4)nn3)CC2C(=O)NCC(c2ccccc2)c2ccccc2)ccc1CN,1,train
COc1cc(C(=O)N2C[C@@H](n3cc(C4CC4)nn3)CC2C(=O)N2CC[C@H](c3ccccc3)C2)ccc1CN,0,train
Cn1cc(NC(=O)c2cccc(-c3ccnc(N)c3)n2)c(C(N)=O)n1,0,train
Cn1cc(NC(=O)c2cccc(-c3ccnc(NCC4CC4)c3)n2)c(C(=O)N2CC(CN)C2)n1,0,train
CN1CCCC(CNC(=O)c2nn(C)cc2NC(=O)c2cccc(-c3ccnc(NCC4CC4)c3)n2)C1,0,train
Cn1cc(NC(=O)c2ccnc(-c3ccnc(NCC4CC4)c3)n2)c(C(N)=O)n1,1,train
Cn1cc(NC(=O)c2cccc(-c3ccnc(NCC4CC4)c3)c2)c(C(N)=O)n1,1,train
Cn1cc(NC(=O)c2cccc(-c3ccnc(NCC4CC4)c3)n2)c(C(N)=O)n1,1,train
Cn1cc(NC(=O)c2cncc(-c3ccnc(NCC4CC4)c3)c2)c(C(N)=O)n1,1,train
O=S(=O)(Nc1ncns1)c1ccc2c(-c3ccc(C(F)(F)F)c(Cl)c3)nccc2c1,1,test
Cc1c(-c2ccc(C(N)=O)c3[nH]c4cc(C(C)(C)O)ccc4c23)cccc1-n1cnc2ccccc2c1=O,1,val
Cc1nc2cc(Nc3cc(NC4CCN(c5ccc(C#N)cn5)CC4)c(C(N)=O)cn3)ccc2o1,1,train
Cc1nccc(Nc2cc(NC3CCN(c4ccc(C#N)cn4)CC3)c(C(N)=O)cn2)n1,1,train
Cc1cnc(Nc2cc(NC3CCN(c4ccc(C#N)cn4)CC3)c(C(N)=O)cn2)cn1,1,train
Cc1cncc(Nc2cc(NC3CCN(c4ccc(C#N)cn4)CC3)c(C(N)=O)cn2)n1,1,train
N#Cc1ccc(N2CCC(Nc3cc(Nc4ccncn4)ncc3C(N)=O)CC2)nc1,0,train
N#Cc1ccc(N2CCC(Nc3cc(Nc4cnccn4)ncc3C(N)=O)CC2)nc1,1,train
N#Cc1ccc(N2CCC(Nc3cc(Nc4ccccn4)ncc3C(N)=O)CC2)nc1,1,train
CC(NC(=O)c1ccc(C(F)(F)F)cc1Cl)C1(N2CCN(S(=O)(=O)c3cn(C)nn3)CC2)CCC(F)(F)CC1,0,test
CN1CCN(C(=O)c2cccc(-c3ncnc4ccc(-c5cnc6ccccc6c5)cc34)c2)CC1,1,train
COc1ccc(-c2ccc3ncnc(-c4cccc(C(=O)N5CCN(C)CC5)c4)c3c2)cc1OC,1,train
COc1ncc(-c2ccc3ncnc(-c4cccc(C(=O)N5CCN(C)CC5)c4)c3c2)cc1C#N,0,train
COc1ncc(-c2ccc3ncnc(-c4cccc(C(=O)N5CCN(C)CC5)c4)c3c2)cc1C(F)(F)F,1,train
COc1ccc(-c2ccc3ncnc(-c4cccc(C(=O)N5CCN(C)CC5)c4)c3c2)cn1,0,train
COc1ccc(-c2ccc3ncnc(-c4cncc(C(=O)N5CCN(C)CC5)c4)c3c2)cn1,0,train
COc1ccc(-c2ccc3ncnc(N4CCCC(C(=O)N5CCN(C)CC5)C4)c3c2)cn1,1,val
CC(C)Cc1cc(CNC(=O)C2C3CN(CCC(C)(C)C)CC32)nn1-c1ccccc1,1,train
CC(C)Cc1cc(CNC(=O)C2C3CN(Cc4ccccc4)CC32)nn1-c1ccccc1,1,train
CC(C)Cc1cc(CNC(=O)C2C3CN(C(=O)c4ccccc4)CC32)nn1-c1ccccc1,0,train
CC(C)Cc1cc(CNC(=O)C2C3CN(C(=O)Cc4ccccc4)CC32)nn1-c1ccccc1,0,train
CC(C)Cc1cc(C(=O)NCC2C3CN(CCC(C)(C)C)CC23)nn1-c1ccccc1,1,train
COc1ncc(-c2nc(NCc3ccccn3)c3c(-c4ccccc4)cccc3n2)cn1,1,train
c1ccc(-c2cccc3nc(-c4ccncc4)nc(NCc4ccccn4)c23)cc1,1,train
COc1cncc(-c2nc(NCc3ccccn3)c3c(-c4ccccc4)cccc3n2)c1,1,train
c1ccc(-c2cccc3nc(-c4cccnc4)nc(NCc4ccccn4)c23)cc1,0,train
Cc1noc(C)c1-c1nc(NCc2ccccn2)c2c(-c3ccccc3)cccc2n1,1,train
Cn1cncc1-c1nc(NCc2ccccn2)c2c(-c3ccccc3)cccc2n1,1,train
c1ccc(-c2cccc3nc(-c4cncs4)nc(NCc4ccccn4)c23)cc1,1,train
FC(F)(F)c1nc(NCc2ccccn2)c2c(-c3ccccc3)cccc2n1,1,train
Cc1nc(NCc2ccccn2)c2c(-c3ccccc3)cccc2n1,1,train
CN(C)c1nc(NCc2ccccn2)c2c(-c3ccccc3)cccc2n1,1,train
CCOc1ccc2cc(-c3nn(CC4CCN(C)CC4)c4ncnc(N)c34)ccc2c1,1,train
CCOc1ccc2cc(-c3nn(CC4CNC4)c4ncnc(N)c34)ccc2c1,1,train
CCOc1ccc2cc(-c3nn(CC4CN(C)C4)c4ncnc(N)c34)ccc2c1,1,train
CCOc1ccc2cc(-c3nn(CC4CCN(C(C)C)CC4)c4ncnc(N)c34)ccc2c1,1,train
CN1CCC(Cn2nc(-c3ccc4cc(OCC5CC5)ccc4c3)c3c(N)ncnc32)CC1,1,train
CN1CCC(Cn2nc(-c3ccc4cc(OC5CCC5)ccc4c3)c3c(N)ncnc32)CC1,1,train
CN1CCC(Cn2nc(-c3ccc4cc(OC5CC5)ccc4c3)c3c(N)ncnc32)CC1,1,train
CCOc1ccc2cc(-c3nn(CC4CCN(C)CC4)c4ncnc(N)c34)ccc2n1,1,train
CN1CCC(Cn2nc(-c3ccc4nc(OCC(F)(F)F)ccc4c3)c3c(N)ncnc32)CC1,1,train
CN1CCC(Cn2nc(-c3ccc4nc(OC5CC5)ccc4c3)c3c(N)ncnc32)CC1,1,train
CN(C)CC(C)(C)Cn1nc(-c2ccc3nc(OC4CC4)ccc3c2)c2c(N)ncnc21,1,test
CC(C)Cn1nc(-c2ccc3nc(OC4CC4)ccc3c2)c2c(N)ncnc21,1,train
CC1(Cn2nc(-c3ccc4cc(OC5CC5)ccc4c3)c3c(N)ncnc32)COC1,1,test
O=c1c(O)c(-c2cccc(O)c2)oc2ccc(O)cc12,0,test
CC(C)=CCn1c(N2CCC[C@H](N)C2)nc2c1c(=O)n(CC(=O)c1ccccc1)c(=O)n2C,1,test
CN1[C@H](CCc2ccccc2)CCC[C@@H]1CC(=O)c1ccccc1,1,test
COc1ccccc1CCN1CCN(CCc2ccccc2OC)CC1,1,val
Clc1ccccc1CCN1CCN(CCc2ccccc2Cl)CC1,1,train
COc1ccccc1CCN1CCN(CCc2ccccc2)CC1,1,val
CCNC(=O)Nc1ccc(-c2nc(N3CCOC[C@@H]3C)c3c(n2)C(C)(C)S(=O)(=O)C3)cc1,0,train
Cc1ccc(-c2cc3nccnc3c(NCCCCN)n2)cc1,0,train
CN(C)c1ccc(-c2cc3nccnc3c(NCCCCN)n2)cn1,0,train
CN(C)c1ccc(-c2cc3nccnc3c(NCCCCO)n2)cn1,0,train
CN(C)c1ccc(-c2cc3nccnc3c(NC[C@H]3CCCNC3)n2)cn1,0,train
CN(C)c1ccc(-c2cc3nccnc3c(NC[C@@H]3CNCCC3(F)F)n2)cn1,1,train
CN(C)c1ccc(-c2cc3nccnc3c(NC[C@H]3CNCCC3(F)F)n2)cn1,0,train
CN(C)c1ccc(-c2cc3nccnc3c(NC[C@H]3CNCCN3C)n2)cn1,0,train
Cc1ccc(-c2cc3ncccc3c(NC[C@H]3CCCNC3)n2)cc1,0,train
Cc1ccc(-c2cc3ncncc3c(NC[C@H]3CCCNC3)n2)cc1,1,train
Cc1ccc(-c2cc3[nH]cnc(=O)c3c(NC[C@H]3CCCNC3)n2)cc1,1,train
Cc1ccc(-c2cc3ncn(C)c(=O)c3c(NC[C@H]3CCCNC3)n2)cc1,0,train
CN(C)c1ccc(-c2cc(NC[C@H]3CCCNC3)c3cccnc3c2)cn1,0,train
CN(C)c1ccc(-c2cc3nccnc3c(CCC3CCCNC3)n2)cn1,0,train
CN(C)c1ccc(-c2cc3nccnc3c(OC[C@H]3CCCNC3)n2)cn1,1,train
CN(C)c1ccc(-c2cc3nccnc3c(OC[C@@H]3CCCNC3)n2)cn1,0,train
O=C1CN(c2cc3nccnc3c(NC[C@H]3CCCNC3)n2)CCN1,0,val
Cc1ccc(-c2cc3nccnc3c(NC[C@H]3CCCNC3)n2)s1,1,train
Cc1ccc(-c2cc3nccnc3c(NC[C@H]3CCCNC3)n2)o1,0,train
Cn1cc(-c2cc3nccnc3c(NC[C@@H]3CNCCC3(F)F)n2)cn1,0,val
Cn1cc(-c2cc3nccnc3c(OCC3CNCCC3(F)F)n2)cn1,0,val
Clc1ccc(CCCOCCCN2CCCCC2)cc1,1,test
c1ccc(-c2ccc(OCCCCCN3CCCCCC3)cc2)cc1,1,train
c1ccc(-c2ccc(OCCCCCN3CCCCC3)cc2)cc1,1,train
C[C@@H]1CCCN1[C@H]1C[C@H](c2ccc(-c3ccc(C#N)cc3)cc2)C1,1,val
CN1C[C@H]2CCN(c3ccc(-c4ccc(-n5ncccc5=O)cc4)cc3)[C@H]2C1,1,val
CCC(CC)CNc1c(C(N)=O)cnc2ccc(C#N)cc12,1,train
CCC(CC)CNc1c(C(N)=O)cnc2ccc(-c3cccnc3)cc12,1,train
CCC(CC)COc1c(C(N)=O)cnc2ccc(-c3cccnc3)cc12,1,train
NC(=O)c1cnc2ccc(-c3cccnc3)cc2c1NC1CCCC1,1,train
NC(=O)c1cnc2ccc(-c3cccnc3)cc2c1SC1CCCC1,1,test
NC(=O)c1cnc2ccc(-c3cccnc3)cc2c1NCC1CCCCC1,1,train
NC(=O)c1cnc2ccc(-c3cccnc3)cc2c1NCC1CCOCC1,1,train
C[C@@H](Nc1c(C(N)=O)cnc2ccc(-c3cccnc3)cc12)C1CCOCC1,1,train
C[C@H](Nc1c(C(N)=O)cnc2ccc(-c3cccnc3)cc12)C1CCOCC1,1,train
C[C@@H](Nc1c(C(N)=O)cnc2ccc(-c3cccnc3)cc12)c1ccn(C)n1,1,train
C[C@H](Nc1c(C(N)=O)cnc2ccc(-c3cccnc3)cc12)c1ccn(C)n1,0,train
CCC(CC)CNc1c(C(N)=O)cnc2ccc(-c3ccncc3)cc12,1,train
CCC(CC)CNc1c(C(N)=O)cnc2ccc(-c3cccnn3)cc12,1,train
CCC(CC)CNc1c(C(N)=O)cnc2ccc(-c3ccnnc3)cc12,1,train
CCC(CC)CNc1c(C(N)=O)cnc2ccc(-c3cncnc3)cc12,1,train
CCC(CC)CNc1c(C(N)=O)cnc2ccc(-c3ccc(C)nc3)cc12,1,train
CCC(CC)CNc1c(C(N)=O)cnc2ccc(-c3ccc(COC)cc3)cc12,0,train
CCC(CC)CNc1c(C(N)=O)cnc2ccc(-c3ccc(CS(C)(=O)=O)cc3)cc12,1,train
CCC(CC)CNc1c(C(N)=O)cnc2ccc(-c3ccc(CO)nc3)cc12,1,train
CCC(CC)CNc1c(C(N)=O)cnc2ccc(-c3ccc(COC)nc3)cc12,1,train
CCC(CC)CNc1c(C(N)=O)cnc2ccc(-c3ccc(CS(C)(=O)=O)nc3)cc12,1,train
CCC(CC)CNc1c(C(N)=O)c(C)nc2ccc(-c3cccnc3)cc12,1,train
CCC(CC)CNc1c(C(N)=O)cnc2c(C)cc(-c3cccnc3)cc12,1,train
NC(=O)c1cnc2ccc(-c3cccnc3)c(F)c2c1NC1CCOCC1,0,train
NC(=O)c1cnc2cc(F)c(-c3cccnc3)cc2c1NC1CCOCC1,1,train
NC(=O)c1cnc2cc(Cl)c(-c3cccnc3)cc2c1NC1CCOCC1,1,train
NC(=O)c1cnc2c(F)cc(-c3cccnc3)cc2c1NC1CCOCC1,1,train
NC(=O)c1cnc2c(Cl)cc(-c3cccnc3)cc2c1NC1CCOCC1,1,train
COCc1ccc(-c2ccc3ncc(C(N)=O)c(N[C@@H](C)C4CCOCC4)c3c2)cn1,1,val
COCc1ccc(-c2cc3c(N[C@@H](C)C4CCOCC4)c(C(N)=O)cnc3cc2F)cn1,1,val
COCc1ccc(-c2cc3c(N[C@@H](C)c4ccn(C)n4)c(C(N)=O)cnc3cc2F)cn1,0,train
COCc1ccc(-c2ccc3ncc(C(N)=O)c(N[C@@H](C)c4ccn(C)n4)c3c2)c(F)n1,0,train
COCc1ccc(-c2cc3c(N[C@@H](C)c4ccn(C)n4)c(C(N)=O)cnc3cc2F)c(F)n1,0,train
COCc1ccc(-c2cc3c(N[C@@H](C)c4nn(C)cc4C)c(C(N)=O)cnc3cc2F)cn1,0,test
CCC(CC)CNc1c(C(N)=O)cnc2ccc(-c3cnn(C)c3)cc12,1,train
CCc1c(-c2ccc(N3CCC(N(C)C)C3)cc2)[nH]c(=O)c2c(=O)[nH]sc12,0,test
COc1cccc(C(O)(CCN(C)C)C(c2cc3cc(Br)ccc3nc2OC)c2cccc3c2OCO3)n1,1,test
COc1cccc(C(c2cc3cc(Br)ccc3nc2OC)C(O)(CCN(C)C)c2cc(C)cnc2C)c1OC,1,train
COc1cccc(C(c2cc3cc(Br)ccc3nc2OC)C(O)(CCN(C)C)c2cnc(C)cc2C)c1OC,1,train
COc1nc2ccc(Br)cc2cc1C(c1cccc(C)c1)C(O)(CCN(C)C)c1cccnc1OC,1,train
COc1nc2ccc(C#N)cc2cc1C(c1cccc(C)c1)C(O)(CCN(C)C)c1cccnc1OC,1,train
COc1cnc(OC)c(C(O)(CCN(C)C)C(c2cc3cc(Br)ccc3nc2OC)c2cccc(OC)c2F)c1,1,train
COc1cc(C(O)(CCN(C)C)C(c2cc3cc(Br)ccc3nc2OC)c2ccnc(OC)c2OC)cnc1OC,1,train
COc1cc(C(O)(CCN(C)C)C(c2cc3cc(Br)ccc3nc2OC)c2ccnc(OC)c2OC)c(OC)nc1OC,1,train
COc1cccc(C(c2cc3cc(C#N)ccc3nc2OC)C(O)(CCN(C)C)c2cc(C)nc(C)c2)c1OC,1,train
COc1cc(C(O)(CCN(C)C)C(c2cc3cc(Br)ccc3nc2OC)c2cccc(OC)c2F)c(OC)cn1,1,train
CCOc1cc(C(O)(CCN(C)C)C(c2cc3cc(Br)ccc3nc2OC)c2ccnc(OC)c2OC)cc(OC(C)C)n1,1,train
COc1cc([C@](O)(CCN(C)C)[C@@H](c2cc3cc(C#N)ccc3nc2OC)c2cccc3c2CCC3)cc(OC)n1,1,train
COc1cc([C@](O)(CCN(C)C)[C@@H](c2cc3cc(Br)ccc3nc2OC)c2cccc(OC)c2F)cc(OC)n1,0,train
CCOc1cc([C@](O)(CCN(C)C)[C@@H](c2cc3cc(Br)ccc3nc2OC)c2cccc(OC)c2F)cc(OCC)n1,1,train
COc1cc([C@](O)(CCN(C)C)[C@@H](c2cc3cc(Br)ccc3nc2OC)c2cccc(OC)c2OC)cc(OC)n1,1,train
CCOc1cc([C@](O)(CCN(C)C)[C@@H](c2cc3cc(Br)ccc3nc2OC)c2cccc(OC)c2OC)cc(OCC)n1,1,train
COc1cc([C@](O)(CCN(C)C)[C@@H](c2cc3cc(C#N)ccc3nc2OC)c2cccc3c2OCO3)cc(OC)n1,1,train
COc1cc([C@](O)(CCN(C)C)[C@@H](c2cc3cc(C#N)ccc3nc2OC)c2cccc3c2OCCO3)cc(OC)n1,1,train
CCOc1cc([C@](O)(CCN(C)C)[C@@H](c2cc3cc(Br)ccc3nc2OC)c2cccc3c2OCCO3)cc(OCC)n1,0,train
CCOc1cc([C@](O)(CCN(C)C)[C@@H](c2cc3cc(C#N)ccc3nc2OC)c2cccc3c2OCCO3)cc(OCC)n1,1,train
COc1cc([C@](O)(CCN(C)C)[C@H](c2cccnc2OC)c2cc3cc(Br)ccc3nc2OC)cc(OC)n1,1,train
CCOc1cc([C@](O)(CCN(C)C)[C@H](c2ccc(N(CC)CC)nc2)c2cc3cc(Br)ccc3nc2OC)cc(OCC)n1,1,train
COc1cnc(OC)c([C@H](c2cc3cc(Br)ccc3nc2OC)[C@@](O)(CCN(C)C)c2cc(OC)nc(OC)c2)c1,1,train
COc1cnc(OC)c([C@H](c2cc3cc(C#N)ccc3nc2OC)[C@@](O)(CCN(C)C)c2cc(OC)nc(OC)c2)c1,1,train
COc1cc([C@](O)(CCN(C)C)[C@H](c2cc(OC(C)C)cnc2OC)c2cc3cc(C#N)ccc3nc2OC)cc(OC)n1,1,train
COc1cc([C@](O)(CCN(C)C)[C@H](c2cc(OC)c(OC)nc2OC)c2cc3cc(Br)ccc3nc2OC)cc(OC)n1,1,train
COc1cc([C@](O)(CCN(C)C)[C@@H](c2cc3cc(Br)ccc3nc2OC)c2ccnc(OC)c2OC)cc(OC)n1,1,train
COc1cc([C@](O)(CCN(C)C)[C@H](c2cc(OC)nc(OC(C)C)c2)c2cc3cc(C#N)ccc3nc2OC)cc(OC)n1,0,train
COc1cc([C@](O)(CCN(C)C)[C@H](c2cc(OC)nc(N(C)C)c2)c2cc3cc(C#N)ccc3nc2OC)cc(OC)n1,1,train
COc1cc(C(O)(CCn2ccnc2)C(c2cc3cc(Br)ccc3nc2OC)c2cccc(OC)c2OC)cc(OC)n1,0,train
COc1cc(C(O)(CCn2ccnc2)C(c2cc3cc(Br)ccc3nc2OC)c2ccnc(OC)c2OC)cc(OC)n1,1,test
C[C@@H]1CC1C(=O)N1CCN(c2cnc(C#N)c(-c3cnn(C)c3)n2)C[C@H]1C,0,val
CC(C)Cn1cc(-c2ccncc2)c2ccncc21,0,train
c1cc(-c2cn(CC3CC3)c3cnccc23)ccn1,0,train
c1ccc(Cn2cc(-c3ccncc3)c3ccncc32)cc1,1,train
Nc1cc(-c2cn(-c3ccccc3)c3cnccc23)ccn1,1,test
O=C(Nc1cc(-c2cn(-c3ccccc3)c3cnccc23)ccn1)C1CC1,1,test
O=C(Nc1cc(-c2cn(-c3ccccc3)c3cnccc23)ccn1)NC1CC1,1,train
O=C(Nc1cc(-c2cn(C3CCOCC3)c3cnccc23)ccn1)NC1CC1,1,train
CC1(C)CN(C(=O)Nc2cc(-c3cn(C4CCOCC4)c4cnccc34)ccn2)C1,1,train
O=C(Nc1cc(-c2cn(C3CCOCC3)c3cnccc23)ccn1)N1CCOCC1,0,train
C[C@@H]1CN(C(=O)Nc2cc(-c3cn(C4CCOCC4)c4cnccc34)ccn2)C[C@H](C)O1,1,train
COc1nn(C)cc1C(=O)Nc1cccc(-c2nncn2C(C)C)n1,0,train
COc1nn(C)cc1C(=O)Nc1cccc(-c2cncn2C(C)C)n1,0,train
Cc1ccc(C(=O)Nc2ccc(CN3CCC4C=NNC4C3)c(Cl)c2)cc1C#Cc1cnc2cccnn12,1,train
COCCN1CCN(Cc2ccc(NC(=O)c3ccc(C)c(C#Cc4cnc5cccnn45)c3)cc2C2CC2)CC1,1,train
Cc1ccc(C(=O)Nc2ccc(CN3CCN(CCO)CC3)c(Cl)c2)cc1C#Cc1cnc2cccnn12,1,train
Cc1ccc(C(=O)Nc2ccc(CN3CCN(CCO)CC3)c(C3CC3)c2)cc1C#Cc1cnc2cccnn12,1,train
Cc1ccc(C(=O)Nc2ccc(CN3Cc4c[nH]nc4C3)c(Cl)c2)cc1C#Cc1cnc2cccnn12,0,train
Cc1ccc(C(=O)Nc2ccc(CN3Cc4ccc(O)cc4C3)c(Cl)c2)cc1C#Cc1cnc2cccnn12,1,train
Cc1ccc(C(=O)Nc2ccc(CN3CCN(C)CC3)c(C(F)(F)F)c2)cc1C#Cc1cnc2cccnn12,1,train
COc1ccc(-c2cnn3c(N)c(-c4ccccc4)c(NC4CC(C)(C)N(C)C(C)(C)C4)nc23)cc1OC,1,train
CN1C(C)(C)CC(Nc2nc3c(-c4ccc(C(=O)N5C[C@@H]6C[C@H]5CO6)cc4)cnn3c(N)c2-c2ccccc2)CC1(C)C,1,train
COC(=O)N1CCN(C(=O)c2ccc(-c3cnn4c(N)c(-c5ccccc5)c(NC5CC(C)(C)N(C)C(C)(C)C5)nc34)cc2)CC1,1,train
CN1C(C)(C)CC(Nc2nc3c(-c4ccc(C(=O)N5CCN(S(C)(=O)=O)CC5)cc4)cnn3c(N)c2-c2ccccc2)CC1(C)C,0,train
Cc1cc(Cl)cc(-c2ccnc3cc(Cn4c(O)c5c(c4O)C5(C)C)sc23)c1O[C@@H]1CCNC[C@@H]1C,1,train
Cc1cc(Cl)cc(-c2ccnc3cc(Cn4c(O)ccc4O)sc23)c1CN1[C@@H](C)CNC[C@@H]1C,1,val
Cc1cc(Cl)cc(-c2ccnc3cc(Cn4c(O)c5c(c4O)C5)sc23)c1C[C@@H]1CNCCO1,1,train
Cc1cc(Cl)cc(-c2ccnc3cc(Cn4c(O)c5c(c4O)C5(C)C)sc23)c1C[C@@H]1CNCCO1,1,train
O=C(CCCCCCC(=O)Nc1ccccc1)NOC(c1ccccc1)(c1ccccc1)c1ccccc1,0,test
CCOc1cc([C@](O)(CCN(C)C)[C@@H](c2cc3cc(Br)ccc3nc2OC)c2ccnc(OC)c2OC)cc(OC)n1,1,train
COc1cc([C@](O)(CCN(C)C)[C@@H](c2cc3cc(Br)ccc3nc2OC)c2ccnc(OC)c2OC)cc(OC(C)C)n1,0,train
CCCOc1cc([C@](O)(CCN(C)C)[C@@H](c2cc3cc(Br)ccc3nc2OC)c2ccnc(OC)c2OC)cc(OC)n1,1,train
COc1cc([C@](O)(CCN(C)C)[C@@H](c2cc3cc(C#N)ccc3nc2OC)c2cccc3c2OCO3)cc(OC(F)F)n1,1,train
COc1cc([C@](O)(CCN(C)C)[C@@H](c2cc3cc(C#N)ccc3nc2OC)c2cccc(OC)c2F)cc(OC(F)F)n1,1,train
COc1cc([C@](O)(CCN(C)C)[C@@H](c2cc3cc(C#N)ccc3nc2OC)c2ccnc(OC)c2OC)cc(OC(F)F)n1,1,train
COc1cc([C@](O)(CCN(C)C)[C@@H](c2cc3cc(Br)ccc3nc2OC)c2cccc(OC)c2F)cc(S(C)(=O)=O)n1,1,train
COc1cc([C@](O)(CCN(C)C)[C@@H](c2cc3cc(C#N)ccc3nc2OC)c2ccnc(OC)c2OC)cc(N(C)C)n1,1,train
COc1cccc([C@H](c2cc3cc(C#N)ccc3nc2OC)[C@@](O)(CCN(C)C)c2cc(SC)nc(SC)c2)c1F,1,test
COc1nc2ccc(Br)cc2cc1[C@@H](c1ccnc(OC)c1OC)[C@@](O)(CCN(C)C)c1cc(SC)nc(SC)c1,1,train
COc1nc2ccc(C#N)cc2cc1[C@@H](c1cccc2c1OCO2)[C@@](O)(CCN(C)C)c1cc(SC)nc(SC)c1,1,train
CCSc1cc([C@](O)(CCN(C)C)[C@@H](c2cc3cc(Br)ccc3nc2OC)c2ccnc(OC)c2OC)cc(SCC)n1,1,train
CCSc1cc([C@](O)(CCN(C)C)[C@@H](c2cc3cc(C#N)ccc3nc2OC)c2ccnc(OC)c2OC)cc(SCC)n1,1,train
Cc1cc(C)c(-c2cn(C)cn2)cc1NC(=O)c1ccc(OCc2ccccn2)cc1,0,train
Cc1nc(-c2cc(NC(=O)c3ccc(OCc4ccccn4)cc3)c(C)cc2C)c[nH]1,0,train
Cc1cnc(-c2ccc(-c3ccco3)cc2)n1Cc1ccccc1OCCCCCC(=O)O,1,test
Cc1cnc(-c2ccc(OC(F)(F)F)cc2)n1Cc1ccccc1OCCC[C@@H](C)CC(=O)O,1,val
CCS(=O)(=O)Nc1cc(-c2cn(C)c3c(=O)[nH]ccc23)cc2c1ccn2C(C)(c1ccccn1)c1ccccn1,0,val
CS(=O)(=O)c1ccc(-c2cc(N3CCOCC3)nc3c(-c4cc[nH]n4)nccc23)cc1,1,test
C[C@@H](Nc1nc2c(cnn2C(C)(C)C)c(=O)n1Cc1ccc(F)cc1)c1ccc(Cl)cc1,0,test
CC(O)CN1[C@H](C)CN(CCSC(c2ccc(F)cc2)c2ccc(F)cc2)C[C@@H]1C,1,train
CC(O)CN1[C@H](C)CN(CC[S+]([O-])C(c2ccc(F)cc2)c2ccc(F)cc2)C[C@@H]1C,1,train
C[C@@H]1CN(CC[S+]([O-])C(c2ccc(F)cc2)c2ccc(F)cc2)C[C@H](C)N1CC(O)Cc1ccccc1,1,train
Cc1cc(Br)c(NC2=NCCN2)c2ccccc12,1,val
CO[C@H]1CCN(Cc2c(C)cc(C)c3[nH]ccc23)[C@H](CO)C1,0,test
COCCN1CCC(CNC(=O)c2[nH]nc3ccc(-c4cccc(F)c4F)cc23)CC1,1,train
O=C(NCC1CCOCC1)c1[nH]nc2ccc(-c3cccc(F)c3F)cc12,1,train
O=C(NCC1CCCOC1)c1[nH]nc2ccc(-c3cccc(F)c3F)cc12,0,train
O=C(NCC1CCOC1)c1[nH]nc2ccc(-c3cccc(F)c3F)cc12,1,train
O=C(NCC1CCCO1)c1[nH]nc2ccc(-c3cccc(F)c3F)cc12,0,train
O=C(NC1CCOCC1)c1[nH]nc2ccc(-c3cccc(F)c3F)cc12,1,train
O=C(NC1CCCOC1)c1[nH]nc2ccc(-c3cccc(F)c3F)cc12,1,train
O=C(NC1CCOC1)c1[nH]nc2ccc(-c3cccc(F)c3F)cc12,0,train
O=C(NC1CCS(=O)(=O)CC1)c1[nH]nc2ccc(-c3cccc(F)c3F)cc12,1,train
O=C(NC1CCS(=O)(=O)C1)c1[nH]nc2ccc(-c3cccc(F)c3F)cc12,0,val
O=C(NCC1CCOCC1)c1[nH]nc2ccc(-c3cccnc3)cc12,0,train
CC(C)Oc1cncc(-c2ccc3[nH]nc(C(=O)NCC4CCOCC4)c3c2)c1,1,train
COCc1cncc(-c2ccc3[nH]nc(C(=O)NCC4CCOCC4)c3c2)c1,1,train
COCc1ccncc1-c1ccc2[nH]nc(C(=O)NCC3CCOCC3)c2c1,0,train
O=C(NCC1CCOCC1)c1[nH]nc2ccc(-c3cnccc3CO)cc12,0,train
CC#CC(=O)N[C@H]1CCCN(c2c(F)cc(C(N)=O)c3[nH]c(C)c(C)c23)C1,0,val
Nc1n[nH]c(N2CCC(N(CCc3ccc(Cl)cc3)Cc3ccccc3O)CC2)n1,1,train
Nc1n[nH]c(N2CCC(N(CCc3ccc(Cl)cc3)Cc3cccc(O)c3)CC2)n1,1,train
Nc1n[nH]c(N2CCC(N(CCc3ccc(Cl)cc3)Cc3ccccc3Cl)CC2)n1,1,train
Nc1n[nH]c(N2CCC(N(CCc3ccc(Cl)cc3)Cc3cccc(Cl)c3)CC2)n1,1,train
Nc1n[nH]c(N2CCC(N(CCc3ccc(Cl)cc3)Cc3ccc(Cl)cc3)CC2)n1,1,train
Nc1n[nH]c(N2CCC(N(CCc3ccc(Cl)cc3)Cc3ccc(F)cc3Cl)CC2)n1,1,train
Nc1n[nH]c(N2CCC(N(CCc3ccc(Cl)cc3)Cc3cccc(C(F)(F)F)c3)CC2)n1,1,train
Nc1n[nH]c(N2CCC(N(CCc3ccc(Cl)cc3)Cc3cc(F)ccc3F)CC2)n1,1,train
Nc1n[nH]c(N2CCC(N(CCc3ccc(Cl)cc3)Cc3ccncc3Cl)CC2)n1,1,train
Nc1n[nH]c(N2CCC(N3Cc4ccccc4OC[C@@H]3Cc3ccc(Cl)cc3)CC2)n1,0,train
Nc1n[nH]c(N2CCC(N3Cc4cc(F)ccc4OC[C@@H]3Cc3ccc(Cl)cc3)CC2)n1,1,train
Nc1n[nH]c(N2CCC(N3Cc4cc(Cl)ccc4OC[C@@H]3Cc3ccc(Cl)cc3)CC2)n1,1,train
N#Cc1ccc2c(c1)CN(C1CCN(c3n[nH]c(N)n3)CC1)[C@@H](Cc1ccc(Cl)cc1)CO2,0,train
Nc1n[nH]c(N2CCC(N3Cc4cc(Cl)cc(Cl)c4OC[C@@H]3Cc3ccc(Cl)cc3)CC2)n1,1,train
Nc1n[nH]c(N2CCC(N3Cc4cnccc4OC[C@@H]3Cc3ccc(Cl)cc3)CC2)n1,0,train
Nc1n[nH]c(N2CCC(N3Cc4ccncc4OC[C@@H]3Cc3ccc(Cl)cc3)CC2)n1,0,train
Nc1n[nH]c(N2CCC(N(Cc3ccccc3)[C@H](CO)Cc3ccc(Cl)cc3)CC2)n1,1,test
CN1C[C@H](Cc2ccc(Cl)cc2)N(C2CCN(c3n[nH]c(N)n3)CC2)Cc2ccccc21,1,train
CN1C[C@H](Cc2ccc(Cl)cc2)N(C2CCN(c3n[nH]c(N)n3)CC2)Cc2cc(Cl)ccc21,1,train
COc1cc(N2C[C@H]3CC[C@@H](C2)[C@@H]3Nc2nc3n(n2)CCCCC3c2ccc(F)c(F)c2F)ncn1,1,train
Cc1cc(N2C[C@H]3CC[C@@H](C2)[C@@H]3Nc2nc3n(n2)CCCN3c2cc(F)cc(F)c2)ncn1,1,test
Cc1cc(N2C[C@H]3CC[C@@H](C2)[C@@H]3Nc2nc3n(n2)CCCC[C@H]3c2ccc(F)c(F)c2F)ncn1,1,train
C[C@H](CNC(C(=O)Nc1ccc(-c2cnn(C)c2)cn1)c1ccccc1)c1ccc(C#N)cc1,0,test
Cc1c(N2CC[C@@H]([C@H](C)N)C2)c(F)cc2ccc(=O)n(C3CC3)c12,0,val
O=c1n(CCCCN2CCN(c3cccc4sccc34)CC2)nc2ccccn12,1,train
O=c1n(CCCCN2CCN(c3cccc4sccc34)CC2)nc2c(F)cccn12,1,train
N#Cc1ccc2nn(CCCCN3CCN(c4cccc5sccc45)CC3)c(=O)n2c1,1,train
CC(C)c1cc(COc2ccccc2CC(=O)O)cc(-c2ccc3c(c2)[C@H](N)CO3)c1,0,test
CNC(=O)C(C)Cn1cnc2ccc(-c3cnc(OC)c(NS(=O)(=O)c4ccc(F)cc4Cl)c3)cc2c1=O,0,test
Cc1cc(N2C[C@H]3CC[C@@H](C2)[C@@H]3Nc2nc3c(OCC(F)(F)F)cccn3n2)sn1,1,test
Cc1noc(N2C[C@H]3CC[C@@H](C2)[C@@H]3Nc2nc3c(OCC(F)(F)F)ccc(C(F)(F)F)n3n2)n1,1,test
Cc1cc(N2C[C@H]3CC[C@@H](C2)[C@@H]3Nc2nc3c(OCC(F)F)ccc(C(F)(F)F)n3n2)ncn1,1,val
O=C(O)c1cc(-c2ccc(C34CCN(CC3)CC4)cc2)c2ccc(-c3ccc(C(F)(F)F)cc3)cc2c1,0,test
O=C(O)c1cc(-c2ccc(C34CCN(CC3)CC4)cc2)cc(-n2cc(-c3ccc(C(F)(F)F)cc3)nn2)c1,0,train
Cn1cc(-c2ccnc(-n3ncc4cc(C(C)(C)C)cc(F)c4c3=O)c2CO)cc(NC(=O)C2C[C@@H]2F)c1=O,1,train
Cn1cc(-c2cc(F)cc(-n3ncc4cc(C(C)(C)C)cc(F)c4c3=O)c2CO)cc(NC(=O)C2C[C@@H]2F)c1=O,1,train
Cn1nccc1[C@H]1CCCC[C@@H]1Oc1cc(F)c(S(=O)(=O)Nc2cscn2)cc1F,0,val
Cc1cc(S(=O)(=O)Nc2ccncn2)c(F)cc1O[C@H]1CCCC[C@@H]1c1ccnn1C,0,val
Nc1ncnc2c1c(-c1ccc3cc[nH]c3c1)cn2-c1ccc(OCCNCCO)cc1,1,test
CN(C)Cc1ccc(-n2cc(-c3ccc4cc[nH]c4c3)c3c(Cl)ccnc32)cc1,1,test
NCc1ccc(-n2cc(-c3ccc4cc[nH]c4c3)c(C(F)(F)F)n2)cc1,1,val
NCCCCn1cc(-c2ccc3cc[nH]c3c2)c(C(F)(F)F)n1,1,val
N[C@@H]1CC[C@@H](n2cc(-c3ccc4cc[nH]c4c3)c(C(F)(F)F)n2)C1,0,val
O=C(Nc1nccs1)/C(=N/N1CCCC1)c1ccc(S(=O)(=O)C2CC2)cc1,0,train
O=C(Nc1ncc(Cl)s1)/C(=N/N1CCCC1)c1ccc(S(=O)(=O)C2CC2)cc1,0,train
O=C(Nc1ncns1)/C(=N/N1CCCC1)c1ccc(S(=O)(=O)C2CC2)cc1,1,train
CN1CCN(Cc2cnc(NC(=O)/C(=N/N3CCCC3)c3ccc(S(=O)(=O)C4CC4)cc3)s2)CC1,0,train
COc1c(S(C)(=O)=O)ccc(O[C@@H](C)C(F)(F)F)c1C(=O)N1CC(c2ccc(C(F)(F)F)cc2)C1,1,val
C[C@H](Oc1ccc(S(C)(=O)=O)cc1C(=O)N1CC(c2ccc(C(F)(F)F)cc2)C1)C(F)(F)F,1,train
COc1c(S(C)(=O)=O)ccc(O[C@@H](C)C(F)(F)F)c1C(=O)N1CC(c2ccccc2)C1,1,val
COc1cc(-c2cncc(-c3ccc(N4CCNCC4)cc3)c2C)cc(OC)c1OC,1,train
COc1cc(-c2cncc(-c3ccc(N4CCNCC4)cc3)c2Cl)cc(OC)c1OC,1,train
COc1cc(-c2cncc(-c3ccc(N4CCNCC4)cc3)c2C#N)cc(OC)c1OC,1,train
COc1cc(-c2cncc(-c3ccc(N4CCNCC4)cc3)c2C)cc(OC)c1F,1,train
COc1cc(-c2cncc(-c3ccc(N4CCN(C(C)C)CC4)cc3)c2C)cc(OC)c1OC,1,train
COc1cc(-c2cncc(-c3ccc(N4C[C@@H](C)N[C@@H](C)C4)cc3)c2C)cc(OC)c1OC,1,train
COc1cc(-c2cncc(-c3ccc(C4CCN(C)CC4)cc3)c2C)cc(OC)c1OC,1,val
COc1cc(-c2cncc(-c3ccc(C4=CCNCC4)cc3)c2C)cc(OC)c1OC,1,train
COc1cc(-c2cncc(-c3ccc(OC4CCNCC4)cc3)c2C)cc(OC)c1OC,1,train
NC(=O)C1CC[C@@H](c2ccc(OCc3ccccc3F)cc2)N1,1,train
NC(=O)C1CC[C@H](c2ccc(OCc3ccccc3F)cc2)N1,1,train
NC(=O)C1CCC[C@H](c2ccc(OCc3cccc(F)c3)cc2)N1,0,train
NC(=O)C1CCC[C@@H](c2ccc(OCc3cccc(F)c3)cc2)N1,1,train
NC(=O)C1CSC[C@H](c2ccc(OCc3cccc(F)c3)cc2)N1,0,test
NC(=O)C1CC[C@H](c2ccc(OCc3cccc(F)c3)cc2)N1,1,train
NC(=O)C1CC[C@H](c2ccc(OCc3ccccc3)cc2)N1,1,train
NC(=O)C1CC[C@H](c2ccc(OCc3ccc(F)cc3)cc2)N1,1,train
N#Cc1ccc(COc2ccc([C@H]3CCC(C(N)=O)N3)cc2)cc1,1,train
N#Cc1cccc(COc2ccc([C@H]3CCC(C(N)=O)N3)cc2)c1,0,train
N#Cc1ccccc1COc1ccc([C@H]2CCC(C(N)=O)N2)cc1,0,train
C[C@@H](Oc1ccc([C@H]2CCC(C(N)=O)N2)cc1)c1ccccc1,1,test
NC(=O)C1CC[C@H](c2ccc(OCc3ccccc3F)cc2F)N1,0,train
CN1C(C(N)=O)CC[C@@H]1c1ccc(OCc2ccccc2F)cc1,0,val
CNC(=O)C1CC[C@H](c2ccc(OCc3ccccc3F)cc2)N1,0,train
COc1cc([C@H]2CCC(C(N)=O)N2)ccc1OCc1ccccc1F,1,train
N#Cc1cc([C@H]2CCC(C(N)=O)N2)ccc1OCc1ccccc1F,0,train
NC(=O)C1CC[C@H](c2ccc(OCc3ccccc3F)cn2)N1,0,train
NC(=O)C1CC[C@H](c2ccc(Oc3ccccc3)cc2)N1,0,train
NC(=O)C1CC[C@H](c2ccc(Oc3ccc(F)cc3)cc2)N1,1,train
NC(=O)C1CC[C@H](c2ccc(Oc3cccc(F)c3)cc2)N1,1,val
N#Cc1ccccc1Oc1ccc([C@H]2CCC(C(N)=O)N2)cc1,1,test
NC(=O)C1CC[C@H](c2cccc(Oc3ccccc3)c2)N1,0,val
NC(=O)C1CC[C@H](c2cccc(OCc3ccccc3)c2)N1,0,train
CC(C)(C#N)c1cc(Nc2nc(N3CCC[C@H](N)C3)ncc2C(N)=O)cc(C(C)(C)C#N)c1,1,train
CC(C)c1cc(Nc2nc(N3CCC[C@H](N)C3)ncc2C(N)=O)cc(C(C)C)n1,1,train
COc1cc(/C=C2\CCCN3C2=NO[C@H](c2cc(F)cc(F)c2)[C@@H]3C)ccc1-n1cnc(C)c1,1,train
COc1cc(/C=C2\CCCN3C2=NO[C@H](c2cc(F)c(F)c(F)c2)[C@@H]3C)ccc1-n1cnc(C)c1,1,train
COc1cc(C2=CC3=NO[C@H](c4cc(F)c(F)c(F)c4)CN3CCC2)ccc1-n1cnc(C)c1,1,test
COc1cc(C2=CC3=NOC[C@H](c4cc(F)c(F)c(F)c4)N3CCC2)ccc1-n1cnc(C)c1,1,train
Cc1noc(C)c1-c1ccc2nc(-c3cnn(CC(C)(C)O)c3)nc(N3CCOC[C@@H]3c3ccccc3)c2c1,1,test
CN(C)c1ccc(CC(=O)N[C@@H]2CNC[C@H]2c2ccc(C(F)(F)F)cc2)cc1,1,train
CN(C)c1ccc(CC(=O)N[C@@H]2CNC[C@H]2c2ccc(S(F)(F)(F)(F)F)cc2)cc1,1,val
CN(C)c1ccc(CC(=O)N[C@@H]2CNC[C@H]2c2ccc(C(C)(F)F)cc2)cc1,1,val
CNC(=O)c1nn(C)c2ccc(Nc3nccc(-n4cc(CN(C)C)c(C)n4)n3)cc12,1,train
Cc1nn(-c2ccnc3[nH]c(-c4cccc5c4ccn5C)nc23)cc1CN(C)C,1,train
CN(C)Cc1cc(-c2ccnc3[nH]c(-c4cccc5c4ccn5C)nc23)nn1C,0,train
Cc1nn(-c2ccnc3[nH]c(-c4cccc5c4ccn5C)nc23)cc1CN1CC[C@@H](O)C1,0,train
Cc1nn(-c2ccnc3[nH]c(-c4cccc5c4ccn5C)nc23)cc1CN1CC[C@H](O)C1,0,train
CN(c1cnn(-c2ccnc3[nH]c(-c4cccc5c4ccn5C)nc23)c1)[C@@H]1CCOC[C@@H]1N,1,val
CN(C)Cc1cnn(-c2ccnc3[nH]c(-c4cccc5c4ccn5C)nc23)c1,1,train
Cc1cc([C@H]2CC[C@H](c3nnc4n3-c3ccc(Cl)cc3CC4)CC2)no1,1,test
Clc1ccc2c(c1)CCc1nnc([C@H]3CC[C@H](Oc4ccccn4)CC3)n1-2,1,train
Clc1ccc2c(c1)CCCc1nnc([C@H]3CC[C@H](Oc4ccccn4)CC3)n1-2,0,train
Cc1cc(Cl)cc(N2C=Nc3cc(C)c(-c4cc(F)cc(C#N)c4)cc3C2C(=O)N(C)C[C@@H]2CCCN2)c1,1,train
Cc1cc(Cl)cc(N2C=Nc3cc(C)c(-c4cc(O)cc(F)c4)cc3C2C(=O)N(C)C[C@@H]2CCCN2)c1,1,train
Cc1cc(Cl)cc(N2C=Nc3cc(C)c(-c4cc(O)ccc4F)cc3C2C(=O)N(C)C[C@@H]2CCCN2)c1,1,train
Cc1cc(Cl)cc(N2C=Nc3cc(C)c(-c4cccc(F)c4O)cc3C2C(=O)N(C)C[C@@H]2CCCN2)c1,1,train
Cc1cc(Cl)cc(N2C=Nc3cc(C)c(-c4cc(F)cc(C(N)=O)c4)cc3C2C(=O)N(C)C[C@@H]2CCCN2)c1,1,train
Cc1cc(Cl)cc(-c2cnc3ncn(-c4cc(O)cc(F)c4)c(=O)c3c2CN(C)C[C@@H]2CCCN2)c1,1,val
Cc1ccc2c(c1)C(C1=C[C@H](C)N(C)CC1)=Nc1cc(Cl)ccc1N2,1,train
CCc1ccc2c(c1)C(C1=C[C@H](C)N(C)CC1)=Nc1cc(Cl)ccc1N2,1,train
COc1ccc2c(c1)C(C1=C[C@H](C)N(C)CC1)=Nc1cc(Cl)ccc1N2,1,train
CCOc1ccc2c(c1)C(C1=C[C@H](C)N(C)CC1)=Nc1cc(Cl)ccc1N2,1,train
C[C@H]1C=C(C2=Nc3cc(Cl)ccc3Nc3ccc(OC(F)(F)F)cc32)CCN1C,1,train
C[C@H]1C=C(C2=Nc3cc(Cl)ccc3Nc3ccc(F)cc32)CCN1C,1,train
C[C@H]1C=C(C2=Nc3cc(Cl)ccc3Nc3ccc(Cl)cc32)CCN1C,1,train
C[C@H]1C=C(C2=Nc3cc(Cl)ccc3Nc3ccc(C#N)cc32)CCN1C,1,train
Cc1ccc2c(c1)N=C(C1=C[C@H](C)N(C)CC1)c1cc(F)ccc1N2,1,train
Cc1ccc2c(c1)N=C(C1=C[C@H](C)N(C)CC1)c1cc(Cl)ccc1N2,1,train
CCc1ccc2c(c1)C(C1=C[C@H](C)N(C)CC1)=Nc1ccccc1N2,1,train
C[C@H]1C=C(C2=Nc3ccccc3Nc3ccc(Cl)cc32)CCN1C,1,train
COC(=O)N(C)c1c(N)nc(-c2nc(Cc3ccccc3F)n3ccccc23)nc1N,1,val
COC(=O)N(C)c1c(N)nc(-c2nc(Cc3ccccc3F)n3ncccc23)nc1N,0,val
COC(=O)N(C)c1c(N)nc(-n2nc(Cc3ccccc3F)c3cc(Cl)ccc32)nc1N,1,train
COC(=O)N(C)c1c(N)nc(-n2nc(Cc3ccccc3F)c3cc(F)ccc32)nc1N,0,train
COC(=O)N(C)c1c(N)nc(-n2nc(Cc3ccccc3F)c3cc(C#N)ccc32)nc1N,1,train
COC(=O)N(C)c1c(N)nc(-n2nc(Cc3ccccc3Cl)c3ccccc32)nc1N,0,train
COC(=O)N(C)c1c(N)nc(-n2nc(Cc3cccc(F)c3F)c3ccccc32)nc1N,1,train
COC(=O)N(C)c1c(N)nc(-n2nc(Cc3cc(F)ccc3F)c3ccccc32)nc1N,1,train
COC(=O)N(C)c1c(N)nc(-n2nc(Cc3cc(F)cc(F)c3F)c3ccccc32)nc1N,0,train
COC(=O)N(C)c1c(N)nc(-n2nc(Cc3c(F)ccc(F)c3F)c3cc(Cl)ccc32)nc1N,1,train
CC1(C)C(=O)Nc2nc(-n3nc(Cc4ccccc4F)c4ccccc43)nc(N)c21,1,train
CC1(C)C(=O)Nc2nc(-n3nc(Cc4ccccc4F)c4cc(Cl)ccc43)nc(N)c21,1,train
CC1(C)C(=O)Nc2nc(-n3nc(Cc4c(F)ccc(F)c4F)c4ccccc43)nc(N)c21,1,train
CC1(C)C(=O)Nc2nc(-n3nc(Cc4c(F)ccc(F)c4F)c4cc(Cl)ccc43)nc(N)c21,1,train
CCCc1nn(-c2nc(N)c3c(n2)NC(=O)C3(C)C)c2ccc(Cl)cc12,1,train
CCCCc1nn(-c2nc(N)c3c(n2)NC(=O)C3(C)C)c2ccc(Cl)cc12,0,train
CCCCCc1nn(-c2nc(N)c3c(n2)NC(=O)C3(C)C)c2ccc(Cl)cc12,1,train
CC1(C)C(=O)Nc2nc(-n3nc(CCCC(F)(F)F)c4cc(Cl)ccc43)nc(N)c21,1,train
CC(C)(CO)Cn1nc(-c2ccc3cc(OC4CC4)ccc3c2)c(C(N)=O)c1N,0,train
CC(C)(CO)Cn1nc(-c2ccc3nc(OC4CC4)ccc3c2)c(C(N)=O)c1N,1,train
CCOc1ccc2cc(-c3nn(CC4CC4)c(N)c3C(N)=O)ccc2c1,0,train
CC(C)(C)n1nc(-c2ccc3cc(OC4CC4)ccc3c2)c(C(N)=O)c1N,0,train
CC(C)(CO)n1nc(-c2ccc3cc(OC4CC4)ccc3c2)c(C(N)=O)c1N,0,train
CC(C)(CCO)n1nc(-c2ccc3cc(OC4CC4)ccc3c2)c(C(N)=O)c1N,1,train
CC(C)(CCO)n1nc(-c2ccc3nc(OC4CC4)ccc3c2)c(C(N)=O)c1N,0,test
CCOc1ccc2cc(-c3nn(CC(C)(C)CO)c(N)c3C(N)=O)ccc2c1,0,train
CNC(=O)c1nn(C)c2ccc(Nc3nccc(-n4cc(CN5CC(O)C5)c(C)n4)n3)cc12,0,train
CNC(=O)c1nn(C)c2ccc(Nc3nccc(-n4cc(CN(C)C)cn4)n3)cc12,1,train
CNC(=O)c1nn(C)c2c(C)cc(Nc3nccc(-n4cc(CN(C)C)cn4)n3)cc12,1,train
CNC(=O)c1ncn2ccc(Nc3nccc(-n4cc(CN(C)C)cn4)n3)cc12,1,train
CNC(=O)c1nc(C)n2ccc(Nc3nccc(-n4cc([C@@H]5C[C@H](O)CN5C)cn4)n3)cc12,0,val
CNC(=O)c1nc(C)n2ccc(Nc3nccc(-n4cc([C@@H]5C[C@@H](F)CN5C)cn4)n3)cc12,1,val
CNC(=O)c1nn(C)c2ccc(Nc3nccc(-n4cc(CN(C)C)c(F)n4)n3)cc12,0,train
CNC(=O)c1nn(C)c2ccc(Nc3nccc(-n4cc(CN(C)C)c(OC)n4)n3)cc12,1,train
COC(=O)c1nn(C)c2c(C)cc(Nc3nccc(-c4cc(CN(C)C)n(C)n4)n3)cc12,0,val
Cc1nnc(-c2nn(C)c3ccc(Nc4nccc(-c5cc(CN(C)C)n(C)n5)n4)cc23)o1,1,test
C[C@@H]1Cc2c(ccc3[nH]ncc23)[C@@](C)(c2ccc(NC3CN(CCCF)C3)cn2)N1CC(F)F,1,test
C[C@@H]1Cc2c(ccc3[nH]ncc23)[C@@H](c2ccc(N[C@H]3CCN(CCCF)C3)cn2)N1CC(F)(F)F,0,train
C[C@@H]1Cc2c(ccc3[nH]ncc23)[C@@H](c2ccc(N(C)C3CN(CCCF)C3)cn2)N1CC(F)(F)F,1,train
C[C@@H]1Cc2c(ccc3[nH]ncc23)[C@@H](c2ccc(NC3CN(CCCF)C3)cn2)N1CC(F)(F)F,1,train
COc1cc(NC2CN(CCCF)C2)ccc1[C@@H]1c2ccc3[nH]ncc3c2C[C@@H](C)N1CC1(F)CC1,1,train
CC1N(S(=O)(=O)c2ccc(F)cc2)c2ccc(C(=O)NCc3ccccc3Cl)cc2C12CCNCC2,1,test
CCN1CC2(CCN(CCc3ccc(F)cc3F)CC2)OC(C)C1=O,1,train
CCN1CC2(CCN(CCc3ccc(F)cc3)CC2)OC(C)C1=O,1,train
CCN1CC2(CCN(CCc3cccc(F)c3)CC2)OC(C)C1=O,1,train
CCN1CC2(CCN(CCc3ccccc3F)CC2)OC(C)C1=O,1,train
CCN1CC2(CCN(CCc3ccccc3)CC2)OC(C)C1=O,1,train
CN1CC2(CCN(CCc3ccccc3)CC2)OC2(CC2)C1=O,1,test
CC(C)C1OC2(CCN(CCc3ccccc3)CC2)CN(C)C1=O,1,train
CCC1OC2(CCN(CCc3ccccc3)CC2)CN(C)C1=O,1,train
CC1OC2(CCN(CCc3ccccc3)CC2)CN(C(C)C)C1=O,1,train
CC1OC2(CCN(CCc3ccccc3)CC2)CN(C2CC2)C1=O,1,train
CC1OC2(CCN(CCc3ccccc3)CC2)CN(CCc2ccccc2)C1=O,1,train
CC1OC2(CCN(CCc3ccccc3)CC2)CN(Cc2ccccc2)C1=O,1,train
Cc1ncn(C2CCN(C(=O)/C=C/c3ccc(C(F)(F)F)cc3Cn3nnc(C)n3)CC2)n1,0,train
Cc1noc(C2CCN(C(=O)/C=C/c3ccc(C(F)(F)F)cc3Cn3nnc(C)n3)CC2)n1,0,train
Cc1nnn(Cc2cc(C(F)(F)F)ccc2/C=C/C(=O)N2CCC(c3nnc(C)o3)CC2)n1,0,train
Cc1nnn(Cc2cc(C(F)(F)F)ccc2/C=C/C(=O)N2CCC(C#N)CC2)n1,0,train
Cc1nnn(Cc2cc(C(F)(F)F)ccc2/C=C/C(=O)N2CCC(C(F)(F)F)CC2)n1,0,train
Cc1nnn(Cc2cc(Cl)ccc2/C=C/C(=O)N2CCC(Cc3ncc(C)o3)CC2)n1,1,test
Cc1nnn(Cc2cc(Cl)ccc2/C=C/C(=O)N2CCN(Cc3coc(C)n3)CC2)n1,0,train
Cc1nnn(Cc2cc(Cl)ccc2/C=C/C(=O)N2CCN(Cc3cnn(C)c3)CC2)n1,0,train
Cc1cc(CN2CCN(C(=O)/C=C/c3ccc(Cl)cc3Cn3nnc(C)n3)CC2=O)on1,0,train
Cc1cc(CN2CCN(C(=O)/C=C/c3ccc(Cl)cc3Cn3nnc(C)n3)CC2)on1,0,train
COc1ccc(CN2CCN(C(=O)/C=C/c3ccc(Cl)cc3Cn3nnc(C)n3)CC2)nc1,1,train
C[C@H]1CN(CC[C@H]2CC[C@H](NC(=O)N(C)C)CC2)CCc2ccc(Cl)cc21,1,test
COc1cc(NC(=O)c2cccc(C(F)(F)F)n2)cc2cn(C3CCN(C)CC3)nc12,1,val
CN(C)CCn1cc2cc(NC(=O)c3cccc(C(F)(F)F)n3)c(C(C)(C)O)cc2n1,0,test
NC(=O)c1cc(Cl)c2cc(-c3cc4c(s3)CCNC4)cnn12,1,val
NC(=O)c1cc(Cl)c2cc(-c3cc4c(s3)CNCC4)cnn12,0,val
COc1ncc(NC(=O)Nc2cnc3ccc(F)cc3c2N(C)C2CCCN(C)C2)cc1Cl,1,val
C[C@H]1COCCN1c1c(NC(=O)Nc2cnc(OC3CCN(C)CC3)c(Cl)c2)cnc2ccc(F)cc12,0,val
Cc1nc(NC(=O)NCCc2cn(CC(F)F)cn2)sc1C#Cc1cccnc1,0,val
Cc1cncc(C#Cc2sc(NC(=O)NC[C@H](C)OCC3CC3)nc2C)c1,0,val
CNS(=O)(=O)c1ccc(CNc2nc3cnc(-c4c(C)ncnc4C4CC4)nc3n([C@@H](C)C3CC3)c2=O)nc1,0,train
CCS(=O)(=O)c1cnc(CNc2nc3cnc(-c4c(C)ncnc4C4CC4)nc3n([C@@H](C)C3CC3)c2=O)nc1,1,train
CCS(=O)(=O)c1ccc(CNc2nc3cnc(-c4c(C)ncnc4C4CC4)nc3n([C@@H](C)C3CC3)c2=O)cn1,0,train
CCS(=O)(=O)c1ccc(CNc2nc3cnc(-c4c(C)ncnc4C4CC4)nc3n([C@@H](C)C3CC3)c2=O)nc1,1,train
Cc1ncnc(C2CC2)c1-c1ncc2nc(NCc3ccc(S(C)(=O)=O)cn3)c(=O)n([C@@H](C)C3CC3)c2n1,0,train
CCS(=O)(=O)c1ccc(CNc2nc3cnc(-c4c(OC)ncnc4C4CC4)nc3n([C@@H](C)C(F)(F)F)c2=O)nc1,1,train
CCS(=O)(=O)c1ccc(CNc2nc3cnc(-c4c(OC)ncnc4C4CC4)nc3n([C@H](C)C3CC3)c2=O)nc1,1,train
CCS(=O)(=O)c1ccc(CNc2nc3cnc(-c4c(OC)ncnc4C4CC4)nc3n([C@@H](C)C3CC3)c2=O)nc1,1,train
CC[C@@H](C)n1c(=O)c(NCc2ccc(S(=O)(=O)CC)cn2)nc2cnc(-c3c(OC)ncnc3C3CC3)nc21,1,train
CCS(=O)(=O)c1ccc(CNc2nc3cnc(-c4c(C)ncnc4C4CC4)nc3n(C(C)C)c2=O)nc1,0,train
CCS(=O)(=O)c1ccc(CNc2nc3cnc(-c4c(OC)ncnc4C4CC4)nc3n(C(C)C)c2=O)nc1,0,train
N#Cc1ccc(N2C3CCC2CN(C(=O)CCS(=O)(=O)c2cccc4ncsc24)C3)nc1,1,test
O=C(NCCN1CCCC1)c1cc(-c2ccc(CN3CCOCC3)cc2)nc2ccc(F)cc12,0,val
O=C(NCCN1CCCC1)c1cc(-c2ccc(S(=O)(=O)N3CCOCC3)cc2)nc2ccc(F)cc12,0,val
O=C(O)C1CN(Cc2ccc3c(c2)CCc2c-3noc2-c2onc(-c3ccccc3)c2C(F)(F)F)C1,1,train
CC(C)n1cc(C(=O)c2ccnc(NC(=O)Cc3ccc(F)cc3F)c2)c2c(N)ncnc21,1,test
CC(C)n1cc(C(=O)c2cncc(NC(=O)Cc3ccc(Cl)cc3)c2)c2c(N)ncnc21,1,train
CC(C)n1cc(C(=O)c2cncc(NC(=O)Cc3ccc(Cl)cc3)c2)c2cncnc21,1,train
CC(C)n1cc(C(=O)c2cncc(NC(=O)Cc3ccc(C#N)cc3)c2)c2cncnc21,1,train
CC(C)n1cc(C(=O)c2cncc(NC(=O)Cc3ccc(C#N)cc3)c2)c2c(N)ncnc21,1,train
CC(C)n1cc(C(=O)c2cncc(NC(=O)Cn3ccc(C(F)(F)F)n3)c2)c2cnccc21,1,test
CC(C)n1cc(C(=O)c2cncc(NC(=O)Cn3ccc(C4CC4)n3)c2)c2cncnc21,0,train
CC(C)n1cc(C(=O)c2cncc(NC(=O)Cn3ccc(C4CC4)n3)c2)c2cnccc21,1,train
CC(C)n1cc(C(=O)c2cncc(NC(=O)Cn3ccc(C4CC4)n3)c2)c2cncc(F)c21,0,train
CC(C)n1cc(C(=O)c2cncc(NC(=O)Cn3ccc(C4CC4)n3)c2)c2cnc(N)nc21,0,train
CC(C)n1cc(C(=O)c2cncc(NC(=O)Cc3ccc(Cl)cc3)c2)c2cnc(N)nc21,0,train
C[C@@H]1CN(c2ccc(S(C)(=O)=O)cc2F)CCN1c1nccc(C(=O)NC2C3CC4CC2CC(O)(C4)C3)n1,1,val
CN1CCCC1CCOc1ccc(/C(=C(/CCCO)c2ccccc2)c2ccc(Br)cc2)cc1,1,train
CN1CCC[C@H]1COc1ccc(/C(=C(/CCCO)c2ccccc2)c2ccc(Br)cc2)cc1,1,train
CN1CCCC1CCOc1ccc(C(=C(CCCO)c2ccccc2)c2ccc(O)cc2)cc1,1,train
CN1CCC[C@H]1COc1ccc(C(=C(CCCO)c2ccccc2)c2ccc(O)cc2)cc1,0,train
CC(C)(Oc1ccc(-c2cnc(N)c(-c3ccc(Cl)cc3)c2)cc1)C(=O)O,0,test
CC#CCn1c(N2CCC[C@@H](N)C2)nc2c1c(=O)n(CCCN1CCN(c3nc(-c4ccccc4)no3)CC1)c(=O)n2C,1,val
CN1CCC(CN=C2NC(=O)/C(=C/c3csc(-c4ccc(OC(F)(F)F)cc4)n3)S2)CC1,1,val
Cc1nc2cc(F)c(-c3cnc(C(C)(C)O)nc3)nc2c(N[C@H](C)c2cc(C#N)ccc2F)c1Cl,1,test
CN1CCC(c2noc(-c3cnc(Nc4ccc5c(c4)C(C)(C)OC5=O)nc3N[C@H](CO)c3ccccc3)n2)CC1,1,train
CC1(C)OC(=O)c2ccc(Nc3ncc(-c4nc(C56CCN(CC5)CC6)no4)c(N[C@H](CO)c4ccccc4)n3)cc21,1,train
CC(C)CC(=O)N1CCCc2cc(CNC(=O)c3ccsc3)ccc21,0,val
CCCNC(=O)C1(c2ccc(NC(=O)c3cccc(Cl)c3)cc2)CCC1,0,test
CC(C)CC(=O)N1CCCc2cc(CNC(=O)c3ccc(Cl)cc3)ccc21,0,val
O=C(NCc1ccc2c(c1)CCCN2C(=O)c1cccc(Cl)c1)c1ccc(Cl)cc1,0,train
C[C@@H](NC(=O)c1ccc(Cl)cc1)c1ccc2c(c1)CCCN2C(=O)c1cccc(Cl)c1,1,train
C[C@H](NC(=O)c1ccc(Cl)cc1)c1ccc2c(c1)CCCN2C(=O)c1cccc(Cl)c1,1,train
C[C@@H](NC(=O)c1ccc(Cl)cc1)c1ccc2c(c1)OCCN2C(=O)c1cccc(Cl)c1,1,train
C[C@@H](NC(=O)c1ccc(Cl)cc1)c1ccc2c(n1)CCCN2C(=O)c1cccc(Cl)c1,1,train
C[C@@H](NC(=O)c1ccc(Cl)cc1)c1cc2c(cn1)N(C(=O)c1cccc(Cl)c1)CCC2,0,train
C[C@@H](NC(=O)c1ccc(F)cc1)c1ccc2c(n1)CCCN2C(=O)c1cccc(Cl)c1,0,train
COC(=O)N1CCCc2nc([C@@H](C)NC(=O)c3ccc(F)cc3)ccc21,0,train
CCOC(=O)N1CCCc2nc([C@@H](C)NC(=O)c3ccc(F)cc3)ccc21,0,train
C[C@@H](NC(=O)c1ccc(F)cc1)c1ccc2c(n1)CCCN2C(=O)OC1CC1,0,train
C[C@@H](NC(=O)c1ccc(F)cc1)c1ccc2c(n1)CCCN2C(=O)OC1CCC1,0,train
Cc1cc(N2CCCc3nc([C@@H](C)NC(=O)c4ccc(F)cc4)ccc32)ccn1,1,train
C[C@@H](NC(=O)c1ccc(F)cc1)c1ccc2c(n1)CCCN2c1ncccn1,0,train
C[C@@H](NC(=O)c1ccc(F)cc1)c1ccc2c(n1)CCCN2c1ccncn1,0,train
Cc1nccc(N2CCCc3nc([C@@H](C)NC(=O)c4ccc(F)cc4)ccc32)n1,0,train
C[C@@H](NC(=O)c1ccc(F)cc1)c1ccc2c(n1)CCCN2c1ccnc(C(F)(F)F)n1,0,train
Cc1c(-c2cc(F)c(N)cc2F)ccc2c3oc(CN)nc3c(=O)n(C3CC3)c12,1,train
Cc1c(-c2cnc3[nH]ncc3c2)ccc2c3oc(CN)nc3c(=O)n(C3CC3)c12,0,train
Cc1c(-c2ccc3[nH]ncc3c2)ccc2c3oc(CN)nc3c(=O)n(C3CC3)c12,1,train
Cc1nc2c(=O)n(C3CC3)c3c(Cl)c(N4CC[C@@H]([C@H](C)N)C4)c(F)cc3c2o1,0,val
CNc1nc(Nc2ccc(-n3cnc(Cl)c3)c(OC)c2)nc2c1CCC2c1ccccc1,1,train
CNc1nc(Nc2ccc(-n3cnc(C)n3)c(OC)c2)nc2c1CCC2c1ccc(F)cc1,1,train
FC(F)Oc1ccc(-c2nnc3cncc(OCCC45C6C7C8C6C4C8C75)n23)cc1,1,val
FC(F)Oc1ccc(-c2nnc3cncc(OCCc4ccccc4)n23)cc1,1,val
Cn1ccc2c(-c3nc4c(-n5cc(N[C@@H]6CCOC[C@@H]6N)cn5)ccnc4[nH]3)cccc21,1,val
CNC(=O)c1nc(C)n2ccc(Nc3nccc(-n4cc(CN(C)C)cn4)n3)cc12,1,train
CNC(=O)c1nn(C)c2ccc(Nc3nccc(-n4cc(N[C@@H]5CCOC[C@@H]5N)cn4)n3)cc12,0,train
CNC(=O)c1nn(C)c2ccc(Nc3nccc(-n4cc(N[C@@H]5CCOC[C@@H]5N)c(C)n4)n3)cc12,0,train
CNC(=O)c1nn(C)c2ccc(Nc3nccc(-n4cc(NCC5(N)CC5)c(C)n4)n3)cc12,0,train
Cc1nn(-c2ccnc(Nc3ccc4c(c3)c(C(=O)C(F)(F)F)cn4C)n2)cc1N[C@@H]1CCOC[C@@H]1N,1,val
Cc1nnc(-c2nn(C)c3ccc(Nc4nccc(-n5cc(N[C@@H]6CCOC[C@@H]6N)c(C)n5)n4)cc23)o1,0,val
CNC(=O)c1nn(C)c2ccc(Nc3nccc(-n4cc(O[C@@H]5CCNC5)c(C)n4)n3)cc12,1,train
CNC(=O)c1nn(C)c2ccc(Nc3nccc(-n4cc(O[C@@H]5CCCNC5)c(C)n4)n3)cc12,1,train
CNC(=O)c1nn(C)c2ccc(Nc3nccc(-n4cc(N[C@H]5CNC[C@@H]5F)c(C)n4)n3)cc12,0,train
CNC(=O)c1nn(C)c2ccc(Nc3nccc(-n4cc(O[C@H]5CNC[C@H]5F)c(C)n4)n3)cc12,1,train
C[C@H]1CC(C(=O)O)CCC1C(=O)N1CC[C@@]2(S(=O)(=O)c3ccccc3)c3cc(F)c(C(F)(C(F)(F)F)C(F)(F)F)cc3CC[C@@H]12,0,val
Cc1c(F)c(Nc2ccc(-c3cn(C)cn3)cn2)cc2c1ncn2CC1CC1,0,val
CC1(N)CCN(c2cnc(-c3cccc(Cl)c3Cl)c(N)n2)CC1,1,test
CC1(N)CCN(c2cnc(Sc3cccc(Cl)c3Cl)c(N)n2)CC1,1,train
CC1(N)CCN(c2cnc(Sc3ccccc3Cl)c(N)n2)CC1,1,train
CC1(N)CCN(c2cnc(Sc3cccnc3C(F)(F)F)c(N)n2)CC1,0,val
CC1(CN)CCN(c2cnc(Sc3cccc(Cl)c3Cl)c(N)n2)CC1,1,train
CC1(CN)CCN(c2cnc(-c3cccc(Cl)c3Cl)c(N)n2)CC1,1,train
CC1(CN)CCN(c2cnc(Sc3cccnc3C(F)(F)F)c(N)n2)CC1,0,train
Nc1nc(N2CCC3(CCC[C@H]3N)CC2)cnc1Sc1cccnc1C(F)(F)F,1,val
Nc1nccc(Sc2cnc(N3CCC4(CCC[C@H]4N)CC3)cn2)c1Cl,0,val
CCn1nc2c(c1Nc1nc(-c3ccc(-n4cnc(C)c4)c(OC)n3)cs1)CCCC2,1,train
COc1nc(-c2csc(Nc3c4c(nn3C(C)(C)C)CCCC4)n2)ccc1-n1cnc(C)c1,1,train
COc1nc(-c2csc(Nc3c4c(nn3CCF)CCCC4)n2)ccc1-n1cnc(C)c1,0,train
COc1nc(-c2csc(Nc3c4c(nn3CCO)CCCC4)n2)ccc1-n1cnc(C)c1,1,train
COc1nc(-c2csc(Nc3c4c(nn3CC(C)(C)O)CCCC4)n2)ccc1-n1cnc(C)c1,1,train
CCn1nc(C2(C)CC2)cc1Nc1nc(-c2ccc(-n3cnc(C)c3)c(OC)n2)cs1,0,train
CCn1nc(C(F)(F)F)cc1Nc1nc(-c2ccc(-n3cnc(C)c3)c(OC)n2)cs1,0,train
COc1nc(-c2csc(Nc3c4c(nn3C)CCC4)n2)ccc1-n1cnc(C)c1,1,train
CCn1nc2c(c1Nc1nc(-c3ccc(-n4cnc(C)c4)c(OC)n3)cs1)CCC2,1,train
COc1nc(-c2csc(Nc3c4c(nn3CCF)CCC4)n2)ccc1-n1cnc(C)c1,1,train
COc1nc(-c2csc(Nc3c4c(nn3CC(F)(F)F)CCC4)n2)ccc1-n1cnc(C)c1,1,train
CCCCCN(CCCCC)Cc1cc(C(=O)O)ccc1NC(=O)c1cc2cc(F)cc(NC)c2[nH]c1=O,0,test
CNc1cc(F)cc2cc(C(=O)Nc3ccc(CO)cc3CN(CCO)C3CCCCC3)c(=O)[nH]c12,1,val
COc1ccc(-c2c(-c3ccc(C#N)c(F)c3)nc(N3CCC(N)CC3)n(C)c2=O)cc1F,1,val
CC(C)CN1C[C@H](Cc2ccc(Cl)cc2)N(C2CCN(c3n[nH]c(N)n3)CC2)C[C@@H]1C,1,train
Nc1n[nH]c(N2CCC(N3CC(=O)NC[C@@H]3Cc3ccc(Cl)cc3)CC2)n1,0,train
C[C@H]1CN(C2CCN(c3n[nH]c(N)n3)CC2)[C@@H](Cc2ccc(Cl)cc2)CO1,0,train
CC[C@H]1CN(C2CCN(c3n[nH]c(N)n3)CC2)[C@@H](Cc2ccc(Cl)cc2)CO1,0,train
CC(C)[C@H]1CN(C2CCN(c3n[nH]c(N)n3)CC2)[C@@H](Cc2ccc(Cl)cc2)CO1,0,train
CC(C)C[C@H]1CN(C2CCN(c3n[nH]c(N)n3)CC2)[C@@H](Cc2ccc(Cl)cc2)CO1,1,train
Nc1n[nH]c(N2CCC(N3C[C@H](CO)OC[C@@H]3Cc3ccc(Cl)cc3)CC2)n1,0,train
COC[C@H]1CN(C2CCN(c3n[nH]c(N)n3)CC2)[C@@H](Cc2ccc(Cl)cc2)CO1,0,train
Cc1cn([C@@H](C)[C@]2(F)CCNC2)c2nc(C(N)=O)cc(Cl)c12,0,train
Cc1cn([C@H](C)[C@]2(F)CCNC2)c2nc(C(N)=O)cc(Cl)c12,0,train
Cc1cn([C@H](C)[C@H]2CCNC[C@@H]2F)c2nc(C(N)=O)cc(Cl)c12,1,train
Cc1cn([C@H](C)[C@@H]2CCNC[C@H]2F)c2nc(C(N)=O)cc(Cl)c12,1,train
Cc1cn([C@@H](C)[C@H]2CCNC[C@H]2F)c2nc(C(N)=O)cc(Cl)c12,1,train
Cc1cn([C@@H](C)[C@@H]2CCNC[C@@H]2F)c2nc(C(N)=O)cc(Cl)c12,1,train
CN1CCCN(c2nccc3[nH]c(-c4ccc(F)c(F)c4)nc23)CC1,1,train
CN1CCN(CC2CCN(c3nccc4[nH]c(-c5cc(F)cc(F)c5)cc34)CC2)CC1,1,val
Fc1ccc(-c2nc3c(N4CCNCC4)nccc3[nH]2)cc1F,1,train
CN1CCN(C(=O)C2CCN(c3nccc4[nH]c(-c5ccc(F)c(F)c5)nc34)CC2)CC1,0,train
CN1CCN(C(=O)C2CCN(c3nccc4[nH]c(-c5ccc(F)c(F)c5)cc34)CC2)CC1,1,train
CN1CCN(C2CCN(c3nccc4[nH]c(-c5cc(F)cc(F)c5)cc34)CC2)CC1,1,val
CN1CCCN(c2nccc3[nH]c(-c4cc(F)cc(F)c4)nc23)CC1,1,val
CC[C@@H](c1nc2cccc(F)c2c(=O)n1C1CC1)n1nc(-c2ccc(OC)c(F)c2)c2c(N)ncnc21,0,test
Cc1cc(COCCN2CCCC2)nn1-c1ccc(Cl)c(Cl)c1,1,val
CC(=O)N1CCN(CCCOCc2cc(C)n(-c3ccc(Cl)c(Cl)c3)n2)CC1,1,val
C[C@@H](c1cc(OCC(F)F)ccn1)n1cnc2c(N)nc(Cl)nc21,0,val
O=C(NC1CCN(C2CCCCC2)CC1)c1cc(-c2ccc(F)cc2F)on1,1,train
O=C(NC1CCN(C2CCCCC2)CC1)c1noc(-c2ccc(F)cc2F)n1,1,train
O=C(NC1CCN(C2CCCCC2)CC1)c1nnc(-c2ccc(F)cc2F)o1,1,train
CN(C)C(=O)C1CN(C2CCCCC2)CC[C@@H]1NC(=O)c1cc(-c2ccc(F)cc2F)on1,1,train
C[C@@H](NC(=O)C1CN(C2CCCCC2)CC[C@@H]1NC(=O)c1cc(-c2ccc(F)cc2F)on1)c1ccccn1,1,train
O=C(N[C@H]1CCN(C2CCCCC2)CC1C(=O)N[C@H](CO)c1ccccc1)c1cc(-c2ccc(F)cc2F)on1,1,train
O=C(N[C@H]1CCN(C2CCCCC2)CC1C(=O)NCCc1ccccn1)c1cc(-c2ccc(F)cc2F)on1,1,train
CC(C)(NC(=O)C1CN(C2CCCCC2)CC[C@@H]1NC(=O)c1cc(-c2ccc(F)cc2F)on1)c1ccccn1,1,train
O=C(N[C@H]1CCN(C2CCCCC2)CC1C(=O)NC1(c2ncccn2)CC1)c1cc(-c2ccc(F)cc2F)on1,1,train
CCCN1CC[C@H](NC(=O)c2cc(-c3ccc(F)cc3F)on2)C(C(=O)NC2(c3ncccn3)CC2)C1,1,train
O=C(N[C@H]1CCN(CC2CC2)CC1C(=O)NC1(c2ncccn2)CC1)c1cc(-c2ccc(F)cc2F)on1,1,train
O=C(N[C@H]1CCN(CC2CCC2)CC1C(=O)NC1(c2ncccn2)CC1)c1cc(-c2ccc(F)cc2F)on1,1,train
O=C(N[C@H]1CCN(C2CCCC2)CC1C(=O)NC1(c2ncccn2)CC1)c1cc(-c2ccc(F)cc2F)on1,1,train
CC1(CN2CC[C@H](NC(=O)c3cc(-c4ccc(F)cc4F)on3)C(C(=O)NC3(c4ncccn4)CC3)C2)CC1,0,train
Cc1cc(Nc2ccc(S(F)(F)(F)(F)F)cc2)n2nc(C(C)(F)F)nc2n1,1,test
Cc1cc(NC2CCc3cc(F)ccc3C2)n2nc(C(C)(F)F)nc2n1,1,train
Cc1cc(NC2CCc3cc(Cl)ccc3C2)n2nc(C(C)(F)F)nc2n1,1,train
Cc1cc(N[C@H]2CCc3ccc(Cl)cc3C2)n2nc(C(C)(F)F)nc2n1,1,train
Cc1cc(NC2CCc3cc(Br)ccc3C2)n2nc(C(C)(F)F)nc2n1,1,train
Cc1cc(NC2CCc3ccc(Br)cc3C2)n2nc(C(C)(F)F)nc2n1,1,train
COc1ccc2c(c1)CC(Nc1cc(C)nc3nc(C(C)(F)F)nn13)CC2,1,train
Cc1cc(NC2Cc3cc(F)c(F)cc3C2)n2nc(C(C)(F)F)nc2n1,1,train
N#Cc1cnc(Nc2cc(NC[C@H]3CNCCO3)c(-c3cccc(F)c3)cn2)cn1,1,train
N#Cc1cnc(Nc2cc(NC[C@@H]3CNCCO3)c(-c3cccc(F)c3)cn2)cn1,1,train
Cc1cnc(-c2cnc(Nc3cnc(C#N)cn3)cc2NC[C@H]2CNCCO2)s1,0,train
Cn1cc(-c2cnc(Nc3cnc(C#N)cn3)cc2NC[C@H]2CNCCO2)cn1,1,train
Cn1cc(-c2cnc(Nc3cnc(C#N)cn3)cc2NC[C@@H]2CNCCO2)cn1,0,train
Cn1cc2cc(-c3cnc(Nc4cnc(C#N)cn4)cc3NC[C@H]3CNCCO3)ccc2n1,0,train
CC(C)(O)C#Cc1cnc(Nc2cnc(C#N)cn2)cc1NC[C@@H]1CNCCO1,0,train
N#Cc1cnc(Nc2cc(NC[C@@H]3CNCCO3)c(C#CC3(O)CCCC3)cn2)cn1,0,train
C#Cc1cnc(Nc2cnc(C#N)cn2)cc1NC[C@@H]1CNCCO1,1,train
N#Cc1cnc(Nc2cc(NC[C@@H]3CNCCO3)c(C3CC3)cn2)cn1,1,train
N#Cc1cnc(Nc2cc(NC[C@H]3CNCCO3)c(Cl)cn2)cn1,1,train
N#Cc1cnc(Nc2cc(NC[C@H]3CNCCO3)c(C(F)(F)F)cn2)cn1,1,train
COc1ccc(-c2nc(N3CCOCC3)c3sc(CN(C)c4ncc(C(O)=NO)cn4)cc3n2)cn1,0,val
Cc1nc(CN(C)[C@H]2CCCc3cccnc32)cc(N2CCN(C)CC2)n1,1,val
OCCCC(=C(c1ccc(O)cc1)c1ccc(C2CCN(C3CC3)C2)cc1)c1ccccc1,1,train
OCCCC(=C(c1ccc(O)cc1)c1ccc(C2CCNCC2)cc1)c1ccccc1,0,train
CC(C)N1CCC(c2ccc(C(=C(CCCO)c3ccccc3)c3ccc(O)cc3)cc2)CC1,0,train
CC(C)N1CC=C(c2ccc(/C(=C(/CCCO)c3ccccc3)c3cccc(O)c3)cc2)CC1,0,test
CC(C)N1CC=C(c2ccc(C(=C(CCCO)c3ccccc3)c3ccc(O)cc3)cc2)CC1,1,train
CC(C)N1CCC(c2ccc(C(=C(CCCO)c3ccc(F)cc3)c3ccc(O)cc3)cc2)CC1,0,train
CC(C)N1CCC(c2ccc(C(=C(CCCO)c3ccc(F)cc3F)c3ccc(O)cc3)cc2)CC1,0,train
CNC(=O)c1[nH]nc2cc(-c3ccc(-n4cccc(C)c4=O)cc3Cl)ccc12,0,train
Cc1cccn(-c2ccc(-c3ccc4c(C(=O)NCC5CC5)[nH]nc4c3)c(Cl)c2)c1=O,0,train
CN[C@@H]1C[C@H]2O[C@@](C)([C@@H]1OC)n1c3ccccc3c3c4c(c5c6ccccc6n2c5c31)C(=O)NC4,0,test
Cc1nc(Nc2[nH]nc3c2CN(C(=O)N[C@H](CN(C)C)c2ccccc2)C3(C)C)c2sccc2n1,0,test
CCNC(=O)c1[nH]nc2cc(-c3ccc(-n4cccc(C)c4=O)cc3Cl)ccc12,0,train
Cc1cccn(-c2ccc(-c3ccc4c(C(=O)NCc5ccncc5)[nH]nc4c3)c(Cl)c2)c1=O,0,train
CN1CCc2ccc(OCCCN3CCC(c4noc5cc(F)ccc45)CC3)cc2C1=O,1,train
Cn1ccc2ccc(OCCCN3CCC(c4noc5cc(F)ccc45)CC3)cc2c1=O,1,train
COc1ccccc1S(=O)(=O)/C=C/c1ccccc1Cl,0,test
O=C1CCC(N2Cc3cc(CNC(=O)C(F)(F)c4ccc(Cl)cc4)ccc3C2=O)C(=O)N1,1,test
C[C@H](NC(=O)c1cc(C(F)(F)F)nn1C)c1nc(-c2ccnc(C(F)(F)F)c2)no1,0,test
Cn1cc(-c2nc3c(-c4ccnc(OC5CC5)c4)cnn3cc2OCCC(C)(C)O)cn1,0,test
Cc1cc(Nc2nc(Nc3ccccc3S(=O)(=O)C(C)C)c3c(C)[nH]nc3n2)c(OC(C)C)cc1C1CCN(C)CC1,0,val
Cc1cc(Nc2nc(Nc3ccccc3S(=O)(=O)C(C)C)c3c[nH]nc3n2)c(OC(C)C)cc1C1CCN(C)CC1,1,train
Cc1cc(Nc2nc(Nc3ccccc3S(=O)(=O)C(C)C)c3cc[nH]c3n2)c(OC(C)C)cc1C1CCN(C)CC1,1,train
Cc1cc(Nc2nc(Nc3ccccc3S(=O)(=O)C(C)C)c3cc[nH]c3n2)c(OC(C)C)cc1C1CCNCC1,1,train
Cc1cc(-c2ccc3c(c2)-c2nnc(Oc4cccc(Cl)c4F)n2CCO3)ccn1,1,train
Cc1cc(-c2ccc3c(c2)-c2nnc(Oc4ccccc4Cl)n2CCO3)ccn1,1,train
Cc1cc(-c2ccc3c(c2)-c2nnc(Oc4ccccc4OC(F)(F)F)n2CCO3)ccn1,1,train
Cc1cc(-c2ccc3c(c2)-c2nnc(Oc4cccc(OC(F)(F)F)c4)n2CCO3)ccn1,1,train
Cc1cc(-c2ccc3c(c2)-c2nnc(Oc4cccc(Cl)c4)n2CCO3)ccn1,1,train
Cc1cc(-c2ccc3c(c2)-c2nnc(Cc4cccc(Cl)c4)n2CCO3)ccn1,1,train
Cc1cc(-c2ccc3c(c2)-c2nnc(Nc4cccc(OC(F)(F)F)c4)n2CCO3)ccn1,1,train
FC(F)(F)Oc1cccc(Nc2nnc3n2CCOc2ccc(-c4ccncc4)cc2-3)c1,1,train
CCc1cc(-c2ccc3c(c2)-c2nnc(Nc4cccc(C(F)(F)F)c4)n2CCO3)ccn1,1,train
Cc1cc(-c2ccc3c(c2)-c2nnc(Nc4cccc(C(F)(F)F)c4)n2CCO3)ccn1,1,train
FC(F)(F)c1cccc(Nc2nnc3n2CCOc2ccc(-c4ccncc4)cc2-3)c1,1,train
Cc1cc(-c2ccc3c(c2)-c2nnc(Nc4cccc(Cl)c4)n2CCO3)ccn1,1,train
Nc1ncc(-c2ccc(C(=O)N3CCC(N)C3)cc2)nc1-c1ccc(C(F)(F)F)cc1,1,train
CC(C)(C)N1CCN(C(=O)c2ccc(-c3cnc(N)c(-c4ccc(C(F)(F)F)cc4)n3)cc2)CC1,1,train
CN1CCCN(C(=O)c2ccc(-c3cnc(N)c(-c4ccc(C(F)(F)F)cc4)n3)cc2)CC1,1,train
Nc1ncc(-c2ccc(C(=O)N3CCNCC3)cc2)nc1-c1ccc(C(F)(F)F)cc1,1,train
C=CC(=O)N1CCC(Cn2cc(-c3ccc4c(c3)OCO4)c3c(N)ncnc32)CC1,0,test
COc1cnc(-n2cnc(C)n2)c2[nH]cc(C(=O)C(=O)N3CCN(C(=O)c4ccccc4)CC3)c12,0,test
NC[C@H](NC(=O)c1ccc(-c2ccc(C(F)(F)F)c(F)c2)[nH]1)c1nc(CO)cs1,1,val
NC[C@H](NC(=O)c1ccc(-c2cc(F)c(Cl)c(F)c2)[nH]1)c1nc(CO)cs1,1,val
COCCOc1cc(NC(=O)N2CCCc3cc(CN4C[C@@H](C)N[C@@H](C)C4)c(C=O)nc32)ncc1C#N,0,train
COCCOc1cc(NC(=O)N2CCCc3cc(CN4CCN(C)C(=O)C4)c(C=O)nc32)ncc1C#N,0,train
COCCOc1cc(NC(=O)N2CCCc3cc(CN4CCC(N(C)C)C4=O)c(C=O)nc32)ncc1C#N,1,train
COCCOc1cc(NC(=O)N2CCCc3cc(CN(CCN(C)C)S(C)(=O)=O)c(C=O)nc32)ncc1C#N,0,train
COCCOc1cc(NC(=O)N2CCCc3cc(CN(CCN(C)C)C(C)=O)c(C=O)nc32)ncc1C#N,0,train
COCCOc1cc(NC(=O)N2CCCc3cc(CN(C)C(=O)CN(C)C)c(C=O)nc32)ncc1C#N,1,train
COCCOc1cc(NC(=O)N2CCCc3cc(C4CCN(CC(F)(F)F)CC4)c(C=O)nc32)ncc1C#N,1,train
COCCOc1cc(NC(=O)N2CCCc3cc(C4CCN(C5COC5)CC4)c(C=O)nc32)ncc1C#N,0,train
CN(C)CC(C)(C)COc1cc(NC(=O)N2CCCc3cc(C(F)F)c(C=O)nc32)ncc1C#N,0,val
CN1CCC(COc2cc(NC(=O)N3CCCc4cc(C(F)F)c(C=O)nc43)ncc2C#N)CC1,1,val
CN(C)CC(C)(O)CNc1cc(NC(=O)N2CCCc3cc(CO)c(C=O)nc32)ncc1C#N,0,test
ON=C(O)c1ccc(CCCN2CCC(CN[C@H]3C[C@@H]3c3ccccc3)CC2)cc1,1,test
CCOc1cc(C(=O)N2CCC(N3CCCC3)CC2)ccc1Nc1cc2c(cn1)N(C)C(=O)c1ccccc1N2C,1,test
Nc1cc(F)c(S(=O)(=O)N2CCC(O)CC2)cc1C(=O)Nc1ccc(F)c(F)c1,0,val
CNCCOc1ccccc1C(C)(C)Nc1nccn(-c2cc(C(=O)NC3CC3)ccc2C)c1=O,0,test
COc1ccc2c3c([nH]c2c1)[C@@H]1N(CC3)C(=O)c2c(OC)cccc2N1C,0,test
CC(=O)Nc1ccc(OCCCN2CCC(c3noc4cc(F)ccc34)CC2)cc1,1,train
CC(=O)Nc1ccc(OCCCCN2CCC(c3noc4cc(F)ccc34)CC2)cc1,1,train
C=CC(=O)N1CCC[C@@H](n2nc(-c3ccc(Oc4ccccc4)cc3)c3c(N)n[nH]c(=O)c32)C1,1,val
CSc1ccccc1C(=O)NCCCC[C@H](NC(=O)c1cncs1)c1nc(-c2ccc3ccccc3c2)c[nH]1,1,train
COc1nc2ccccc2cc1-c1c[nH]c([C@H](CCCCNC(=O)c2ccccc2SC)NC(=O)c2cncs2)n1,1,train
COc1nc2ccccc2cc1-c1nnc([C@H](CCCCNC(=O)c2ccccc2SC)NC(=O)c2cncs2)o1,0,train
N#Cc1cncc(NC(=O)COc2ccc(C(=O)c3cc(Cl)ccc3Br)cc2)c1,1,train
O=C(COc1ccc(C(=O)c2ccccc2Br)cc1)Nc1cccnc1,1,test
O=C(COc1ccc(C(=O)c2cc(Cl)ccc2Br)cc1)Nc1ccncc1,1,train
O=C(COc1ccc(C(=O)c2cc(Cl)ccc2Br)cc1)Nc1ccnc(F)c1,1,train
N#Cc1cc(NC(=O)COc2ccc(C(=O)c3cc(Cl)ccc3Br)cc2)ccc1F,1,train
CNC(=O)c1cccc(NC(=O)COc2ccc(C(=O)c3cc(Cl)ccc3Br)cc2)c1,1,train
O=C(COc1ccc(C(=O)c2cc(Cl)ccc2Br)cc1)Nc1cccc(C(=O)NCC2CC2)c1,1,train
O=C(COc1ccc(C(=O)c2cc(Cl)ccc2Br)cc1)Nc1cccnc1,1,train
Cc1cc(NC(=O)COc2ccc(C(=O)c3cc(Cl)ccc3Br)cc2)ccn1,1,train
Cc1cnccc1NC(=O)COc1ccc(C(=O)c2cc(Cl)ccc2Br)cc1,1,train
Cc1ccc(C#N)cc1NC(=O)COc1ccc(C(=O)c2cc(Cl)ccc2Br)cc1,1,train
N#Cc1cccc(NC(=O)COc2ccc(C(=O)c3cc(Cl)ccc3Br)cc2)c1F,1,test
O=C(COc1ccc(C(=O)c2cc(Cl)ccc2Br)cc1)Nc1cccc(C(=O)NC2CC2)c1,1,train
O=C(COc1ccc(C(=O)c2cc(Cl)ccc2Br)cc1)Nc1ccc(Cl)c(C(=O)NCC2CC2)c1,1,train
N#Cc1cccc(NC(=O)COc2ccc(C(=O)c3cc(Cl)ccc3Br)cc2)c1,1,train
O=C(COc1ccc(C(=O)c2cc(Cl)ccc2Br)cc1)Nc1cncc(C(=O)NCC2CC2)c1,1,train
O=C(COc1ccc(C(=O)c2cc(Cl)ccc2Br)cc1)Nc1ccnc(C(=O)NCC2CC2)c1,1,train
NC(=O)c1cccc2cc(C(=O)N3CCN(c4nc(-c5cnc(NC(=O)CN6CCOCC6)cc5C(F)(F)F)nc(N5CCOCC5)n4)CC3)oc12,0,val
O=C1NCCC12CCN(c1c(Cl)cncc1-c1cc3ccccc3o1)CC2,0,val
O=C1NCCC12CCN(c1c(Cl)cncc1-c1cc3ccccc3s1)CC2,0,val
NC(C(=O)N1CC(CNc2ccc(F)cc2)C2(C1)CN(c1cc(F)cc(F)c1)C2)c1ccc(O)cc1,1,val
Oc1ccc(CN2CC(CNc3ccccc3)C3(C2)CN(c2ccccc2)C3)cc1,1,test
N=C(N)NC(=O)c1nc(Cl)c(N2CCCCCC2)nc1N,1,val
N=C(N)NC(=O)c1nc(-c2cc3ccccc3o2)c(N)nc1N,1,test
CC(=O)N1CCc2nc(N3CCC(Oc4ccc(F)cc4F)CC3)c(N[C@@H]3CCOC3)nc2C1,1,train
CC(=O)N1CCc2nc(N3CCC(Oc4ccc(F)cc4F)CC3)c(N[C@H]3CCOC3)nc2C1,1,train
COc1cc(C)[nH]c(=O)c1CNC(=O)c1c(C)n([C@H](C)C2CCN(CC(F)(F)F)CC2)c2ccccc12,0,val
Cc1ccc(NC(=O)c2cccc(C(F)(F)F)c2)cc1C#Cc1nn(C2CCN(C)CC2)c2ncnc(N)c12,1,train
Cc1ccc(NC(=O)c2cccc(C(F)(F)F)c2)cc1C#Cc1nn(CC2CCN(C)CC2)c2ncnc(N)c12,1,train
Cc1ccc(NC(=O)c2cccc(C(F)(F)F)c2)cc1C#Cc1nn(CC2CCN(C)C2)c2ncnc(N)c12,1,train
Cc1ccc(NC(=O)c2cccc(C(F)(F)F)c2)cc1C#Cc1nn([C@@H]2CCN(C)C2)c2ncnc(N)c12,1,train
Cc1ccc(NC(=O)c2cccc(C(F)(F)F)c2)cc1C#Cc1nn([C@H]2CC[C@H](O)CC2)c2ncnc(N)c12,0,train
CC#C[C@@H](CC(=O)O)c1ccc(OCc2ccc(CN3CCC4(C=Cc5ccccc54)CC3)c(OC)c2)cc1,1,test
COc1ccc(C(NC(=O)c2c[nH]c(-n3cccn3)nc2=O)c2ccc(OC)cc2)cc1,1,test
COc1ccc2ncc(F)c(CC[C@H]3OC[C@H](NCc4ccc5c(c4)OCCO5)CO3)c2n1,1,train
COc1ccc2ncc(F)c(CC[C@@]3(O)CO[C@@H]4[C@@H](NCc5cc6c(cn5)OCCO6)CO[C@@H]43)c2n1,0,train
COc1ccc2ncc(F)c(CC[C@@]3(O)CO[C@@H]4[C@@H](NCc5ccc6c(n5)NC(=O)CO6)CO[C@@H]43)c2n1,0,train
COc1ccc2ncc(F)c(CC[C@@]3(O)CO[C@@H]4[C@@H](NCc5ccc6c(c5)OCCO6)CO[C@@H]43)c2n1,0,train
COc1ccc2ncc(F)c(CC[C@@]3(O)CO[C@@H]4[C@@H](NCc5ccc(C)cc5)CO[C@@H]43)c2n1,1,train
COc1ccc2ncc(F)c(CC[C@@]3(O)CO[C@@H]4[C@@H](NCc5ccc(Cl)c(Cl)c5)CO[C@@H]43)c2n1,1,train
COc1ccc2ncc(F)c(CC[C@H]3OC[C@H](NCc4cc5c(cn4)OCCO5)CO3)c2n1,0,train
COc1ccc2ncc(F)c(CC[C@H]3OC[C@H](NCc4ccc5c(n4)NC(=O)CO5)CO3)c2n1,1,train
COc1ccc2ncc(F)c(CC[C@H]3OC[C@H](NCc4ccc(Cl)c(Cl)c4)CO3)c2n1,1,train
COc1ccc2ncc(F)c(CC[C@]3(O)CC[C@@H](NCc4ccc5c(c4)OCCO5)CC3)c2n1,1,train
COc1ccc2ncc(F)c(CC[C@]3(O)CC[C@H](NCc4ccc5c(c4)OCCO5)CC3)c2n1,1,train
COc1ccc2ncc(F)c(CC[C@]3(O)CC[C@H](NCc4ccc(Cl)c(Cl)c4)CC3)c2n1,1,val
COc1ccc(-c2ccccc2N2CCN(C[C@@H](O)COc3ccc(-c4cn5ccccc5n4)cc3)CC2)cc1,1,val
COc1ccc(-c2ccccc2N2CCN(CCCCOc3ccc4c(c3)NC(=O)C(C)O4)CC2)cc1,1,test
COc1ccc(-c2ccccc2C2CCN(C[C@@H](O)COc3ccc(-c4cn5ccccc5n4)cc3)CC2)cc1,1,val
COc1cc(F)ccc1-c1nc(Nc2ccc3c(N4CCOCC4)c(C(C)=O)c(=O)oc3c2)ncc1F,0,test
O=C(CCCCCCC(O)=NO)Nc1ccccc1,1,test
CN(C)CCOc1ccc(-c2cc(=O)c3c(O)cc(OCCCCCC(O)=NO)cc3o2)cc1,1,val
Nc1[nH]nc2cccc(C#Cc3cccc(NC(=O)c4ccc(N5CCOCC5)c(C(F)(F)F)c4)c3)c12,1,test
CC(C)n1c(=O)n(C)c2cnc3cc(F)c(-c4ccc(OCCCN5CCCCC5)nc4)cc3c21,1,train
C[C@H](Oc1cc2cc(C(N)=O)ccc2nc1N)c1cc(F)ccc1-n1cccn1,0,train
C[C@H](Oc1cc2cc(C#N)ccc2nc1N)c1cc(F)c(F)cc1-n1cccn1,0,test
C[C@H](Oc1cc2cc(C(N)=O)ccc2nc1N)c1cc(F)c(F)cc1-n1cccn1,1,train
C[C@H](Oc1cc2cc(F)ccc2nc1N)c1cc(F)c(F)cc1-n1cccn1,1,train
C[C@H](Oc1cc2cc(C(N)=O)ccc2nc1N)c1cc2[nH]ncc2cc1-n1cccn1,0,train
C[C@H](Oc1cc2cc(C(N)=O)ccc2nc1N)c1ncc(F)cc1-n1cccn1,0,train
C[C@H](Oc1cc2cc(F)ccc2nc1N)c1cc2c(cnn2CCO)cc1-n1cccn1,1,train
C[C@H](Oc1cc2cc(F)cc(F)c2nc1N)c1cc(C(=O)O)ccc1-n1cccn1,0,train
C[C@H](Oc1cc2cc(F)cc(F)c2nc1N)c1[nH]c(=O)ccc1-n1cccn1,0,test
Cc1[nH]ncc1-c1cnc(N)c(O[C@@H](C)c2cc(F)ccc2-n2cccn2)c1,1,val
C[C@H](Oc1cc2cc(F)ccc2nc1N)c1[nH]c(=O)ccc1-n1cccn1,0,train
Cc1c(N2CC[C@@H]([C@H](C)N)C2)c(F)cc2cc(O)c(=O)n(C3CC3)c12,0,val
C[C@H]1COc2c(N3CC[C@@H](C4(N)CC4)C3)ccc3cc(C(=O)O)c(=O)n1c23,0,val
C[C@H]1COc2c(N3CC[C@@H](C4(N)CC4)C3)cc(Cl)c3cc(C(=O)O)c(=O)n1c23,0,val
Cc1c(N2CC[C@@H](C3(N)CC3)C2)c(F)cc2cc(C(N)=O)c(=O)n(C3CC3)c12,1,train
Cc1c(N2CC[C@@H](C3(N)CC3)C2)c(F)cc2cc(C#N)c(=O)n(C3CC3)c12,1,train
Cc1c(N2CC[C@@H](C3(N)CC3)C2)c(F)cc2cc(-c3nc(=O)o[nH]3)c(=O)n(C3CC3)c12,0,train
Cc1c(N2CC[C@@H](C3(N)CC3)C2)c(F)cc2cc(-c3n[nH]c(=O)o3)c(=O)n(C3CC3)c12,1,train
Cc1c(N2CC[C@@H](C3(N)CC3)C2)c(F)cc2cc(-c3ncon3)c(=O)n(C3CC3)c12,0,train
Cc1c(N2CC[C@@H](C3(N)CC3)C2)c(F)cc2cc(-c3nnco3)c(=O)n(C3CC3)c12,1,train
Cc1c(N2CCC(C3(N)CC3)C2)c(F)cc2c(-c3cc(=O)[nH]o3)cc(=O)n(C3CC3)c12,0,val
Cc1c(N2CCC(C3(N)CC3)C2)c(F)cc2c(-c3nc(=S)o[nH]3)cc(=O)n(C3CC3)c12,0,val
Cc1c(N2CCC(C3(N)CC3)C2)c(F)cc2c(-c3n[nH]c(=O)o3)cc(=O)n(C3CC3)c12,0,train
C[C@@]1(c2cc(NC(=O)c3ccc(C#N)cn3)ccc2F)C=CSC(=N)N1,1,train
Cc1c(C2(c3ccc(C(F)(F)F)c(C#N)c3)CC2)c[nH]c1C(=O)NC(C)c1nc[nH]n1,0,test
COc1cc2c(cc1OC)C(=O)C(CC1(F)CCN(Cc3ccccc3F)CC1)C2,1,test
O=C(Oc1ccc(OCc2ccccc2)cc1)N(Nc1ccccc1)S(=O)(=O)c1ccc(Cl)cc1,1,val
O=C(Oc1ccc(OCc2ccccc2)cc1)N(Cc1ccccc1)S(=O)(=O)c1ccc(Cl)cc1,1,val
CC(C)(O)C(=O)N[C@@H]1CC[C@@]2(S(=O)(=O)c3ccc(F)cc3)c3ccc(C(F)(C(F)(F)F)C(F)(F)F)cc3CC[C@@H]12,0,test
Fc1ccc2c(C3CCN(CCCOc4ccc(CCN5CCCCC5)cc4)CC3)noc2c1,1,train
CN1CCN(Cc2ccc(OCCCN3CCC(c4noc5cc(F)ccc45)CC3)cc2)CC1,1,train
CN1CCN(Cc2ccc(OCCCCN3CCC(c4noc5cc(F)ccc45)CC3)cc2)CC1,1,train
Fc1ccc2c(C3CCN(CCCOc4ccc(CCN5CCOCC5)cc4)CC3)noc2c1,1,train
Cn1cc(-c2nc3c(-c4ccc(CN5CCc6cc(C(C)(C)C)ccc6C5=O)c(F)c4)ccnc3[nH]2)cn1,1,test
Cn1cc(-c2nc3c(-c4ccc5c(c4)CCC[C@H]5NC(=O)c4nc(C(C)(C)C)no4)ccnc3[nH]2)cn1,1,val
CN1CCN(c2ccc(Nc3cc(-c4cccc(-n5ccc6cc(C7CC7)cc(F)c6c5=O)c4CO)cn(C)c3=O)nc2)CC1,1,test
CC[C@@H](NC(=O)c1ccc(OC)nc1)[C@H]1CC[C@@H](c2ccnc(OC)c2C(F)F)CC1,0,test
Cn1cc(-c2ccc(F)c(C(F)(F)F)c2)nc1C1CCN(c2ncnc(N)c2C#N)CC1,1,train
Cn1cc(-c2ccc(F)c(C(F)(F)F)c2)nc1C1CCN(c2ncnc(N)c2C(N)=O)CC1,1,train
Cn1cc(-c2ccc(F)c(C(F)(F)F)c2)nc1C1CCN(c2ncnc(N)c2-c2ccc(F)cc2)CC1,1,train
CN(C)CCn1cc(-c2ccc(F)c(C(F)(F)F)c2)nc1C1CCN(c2ncnc(N)c2-c2ccc(F)cc2)CC1,1,train
Nc1ncnc(N2CCC(c3nc(-c4ccc(F)c(C(F)(F)F)c4)cn3CCN3CCC3)CC2)c1-c1ccc(F)cc1,1,train
Nc1ncnc(N2CCC(c3nc(-c4ccc(F)c(C(F)(F)F)c4)cn3CCN3CCCC3)CC2)c1-c1ccc(F)cc1,1,train
CN(C)CCn1cc(-c2ccc(F)c(C(F)(F)F)c2)nc1C1CCN(c2ncnc(N)c2C#N)CC1,1,train
CN(C)CCn1cc(-c2ccc(F)c(C(F)(F)F)c2)nc1C1CCN(c2ncnc(N)c2C(N)=O)CC1,1,train
C=Cc1c(N)ncnc1N1CCC(c2nc(-c3ccc(F)c(C(F)(F)F)c3)cn2CCN(C)C)CC1,1,train
CCc1c(N)ncnc1N1CCC(c2nc(-c3ccc(F)c(C(F)(F)F)c3)cn2CCN(C)C)CC1,1,train
CN(C)CCn1cc(-c2ccc(F)c(C(F)(F)F)c2)nc1C1CCN(c2ncnc(N)c2C2CC2)CC1,1,train
Nc1ncnc(N2CCC(c3nc(-c4ccc(F)c(C(F)(F)F)c4)cn3CCN3CCC3)CC2)c1Cl,1,train
C=Cc1c(N)ncnc1N1CCC(c2nc(-c3ccc(F)c(C(F)(F)F)c3)cn2CCN2CCC2)CC1,1,train
CCc1c(N)ncnc1N1CCC(c2nc(-c3ccc(F)c(C(F)(F)F)c3)cn2CCN2CCC2)CC1,1,train
Nc1ncnc(N2CCC(c3nc(-c4ccc(F)c(C(F)(F)F)c4)cn3CCN3CCC3)CC2)c1C1CCC1,1,train
N#Cc1c(N)ncnc1N1CCC(c2nc(-c3ccc(F)c(C(F)(F)F)c3)cn2CCN2CCC2)CC1,1,train
CC(C)c1c(N)ncnc1N1CCC(c2nc(-c3ccc(F)c(C(F)(F)F)c3)cn2CCN2CCC2)CC1,1,train
NC(=O)c1c(N)ncnc1N1CCC(c2nc(-c3ccc(F)c(C(F)(F)F)c3)cn2CCN2CCC2)CC1,0,train
CN(C)c1ccc(N=Nc2ccccn2)c(O)c1,1,val
Oc1ccc2ccccc2c1N=Nc1nccs1,1,test
CN(C)c1ccc(/N=N/c2ccccn2)c([O-])c1,1,val
CS(=O)(=O)c1nc(Nc2ccc(F)c(Cl)c2)cc(NC2CCC(N)CC2)n1,0,test
Cc1ccc(CN2CCN(C(=O)C(=O)Nc3ccc4c(ccn4C)c3)CC2)cc1,1,test
O=C(NCc1ccc2[nH]ccc2c1)N1CC(COc2ccc(C(F)(F)F)cc2)C1,1,val
C[C@@H]1Cc2c([nH]c3ccccc23)[C@@H](c2c(F)cc(NC3CN(CCCF)C3)cc2F)N1CC(F)(F)CO,1,val
C[C@@H]1Cc2c([nH]c3ccc(F)cc23)[C@@H](c2c(F)cc(NC3CN(CCCF)C3)cc2F)N1CC(F)(F)CO,1,val
COc1cc2c(cc1OC)[C@H]1C[C@@H](OC(=O)C(N)C(C)C)[C@H](CC(C)C)CN1CC2,1,test
COc1cc2c(cc1OCC(F)(F)F)CCN1CC(CC(C)C)C(O)CC21,1,val
CS(=O)(=O)c1nccc(-c2c(-c3cccc(OCc4ccccc4)c3)nc3sccn23)n1,0,train
c1ccc(COc2cccc(-c3nc4sccn4c3-c3ccncn3)c2)cc1,0,train
CCS(=O)(=O)c1ccc(C(NC(C)=O)C(=O)Nc2ccc(C(O)(C(F)(F)F)C(F)(F)F)cc2)nc1,0,train
CCS(=O)(=O)c1ccc(C(NC(=O)OC)C(=O)Nc2ccc(C(O)(C(F)(F)F)C(F)(F)F)cc2)nc1,1,train
CCS(=O)(=O)c1ccc(C(NC(=O)CC2CC2)C(=O)Nc2ccc(C(O)(C(F)(F)F)C(F)(F)F)cc2)nc1,0,train
CCS(=O)(=O)c1ccc(C(NC(=O)Cc2ccccc2)C(=O)Nc2ccc(C(O)(C(F)(F)F)C(F)(F)F)cc2)nc1,0,train
CCS(=O)(=O)c1ccc(C(NC(=O)Cc2ccccn2)C(=O)Nc2ccc(C(O)(C(F)(F)F)C(F)(F)F)cc2)nc1,1,train
CCS(=O)(=O)c1ccc(C(NC(=O)Cc2nccs2)C(=O)Nc2ccc(C(O)(C(F)(F)F)C(F)(F)F)cc2)nc1,1,train
CCS(=O)(=O)c1ccc(C(CC(=O)N(C)C)C(=O)Nc2ccc(C(O)(C(F)(F)F)C(F)(F)F)cc2)cc1,1,val
CCS(=O)(=O)c1ccc(C(Cn2cccn2)C(=O)Nc2ccc(C(O)(C(F)(F)F)C(F)(F)F)cc2)cc1,1,val
CCS(=O)(=O)c1ccc2c(c1)CN(C(C)=O)C2C(=O)Nc1ccc(C(O)(C(F)(F)F)C(F)(F)F)cc1,0,train
CC(=O)N1Cc2cc(S(=O)(=O)CC3CC3)ccc2C1C(=O)Nc1ccc(C(O)(C(F)(F)F)C(F)(F)F)cc1,0,train
COC(=O)N1Cc2cc(S(C)(=O)=O)ccc2C1C(=O)Nc1ccc(C(O)(C(F)(F)F)C(F)(F)F)cc1,0,train
COCC(=O)N1Cc2cc(S(=O)(=O)CC3CC3)ccc2C1C(=O)Nc1ccc(C(O)(C(F)(F)F)C(F)(F)F)cc1,0,train
CC(=O)N1CCN([C@H]2C[C@@H](n3cc(-c4ccc(Cl)c(N)c4)c4c(N)ncnc43)C2)CC1,1,val
COC(=O)N[C@H]1CC[C@@H](n2cc(-c3ccc(Cl)c(N)c3)c3c(N)ncnc32)CC1,1,val
COC(=O)NC12CCC(n3cc(-c4ccc(Cl)c(N)c4)c4c(N)ncnc43)(CC1)CC2,1,val
COC(=O)NC12CCC(n3cc(-c4cc(N)c(Cl)cc4F)c4c(N)ncnc43)(CC1)CC2,1,val
Cc1ccc(Oc2ccc(-c3nnn(CCN)n3)cc2)cc1,1,train
NCCn1nnc(-c2ccc(Oc3ccc(Cl)cc3)cc2)n1,1,train
NCCCn1nnc(-c2ccc(Oc3ccc(Cl)cc3)cc2)n1,1,train
CCNC(=O)c1cc(Cc2cccc3[nH]ccc23)nc(-c2cn(C)nn2)c1,0,test
C[C@H](Oc1ccc(C(=O)NC2CC2)cc1-c1cn(C)nn1)c1ccccn1,0,test
Cc1cc(C#N)cc(C)c1Oc1nc(NC2CCN(Cc3ccc(C(N)=O)cc3)CC2)ncc1-c1ccncc1,1,val
COc1ccc(-c2ccc(CO[C@H]3C[C@@H](N=C=S)C3)nc2)cc1F,0,test
CC(=O)NC[C@@H]1OC(=O)N2Cc3cc(-c4ccc(C#N)nc4)c(F)cc3O[C@@H]12,0,test
CCN1CCN(c2ccc(Nc3ncc4scc(-c5cccc(NS(C)(=O)=O)c5)c4n3)cc2)CC1,1,test
COc1ccc(CCNCCCNc2nc3ccccc3n2Cc2ccc(F)cc2)cc1,1,test
N#Cc1ccc(CCN2CCC(Nc3nc4ccccc4[nH]3)CC2)cc1,1,val
N#Cc1ccc(CCN2CCC(Nc3nc4ccccc4n3Cc3ccc(C#N)cc3)CC2)cc1,1,train
CS(=O)(=O)c1ccc(Cn2c(NC3CCN(CCc4ccc(C#N)cc4)CC3)nc3ccccc32)cc1,1,train
N#Cc1ccc(CCN2CCC(Nc3nc4ccccc4n3Cc3ccc(C(=O)O)cc3)CC2)cc1,1,train
N#Cc1ccc(CCN2CCC(Nc3nc4ccccc4n3Cc3ccc(C(F)(F)F)nc3)CC2)cc1,1,train
N#Cc1ccc(CCN2CCC(Nc3nc4ccccc4n3Cc3ccc(C#N)c(F)c3)CC2)cc1,1,train
O=C(c1ccc(CCN2CCC(Nc3nc4ccccc4n3Cc3ccc(F)cc3)CC2)cc1)N1CCNCC1,1,train
Fc1cc(F)c(F)c(-c2ccc(N[C@H]3C[C@@H]4CN(CC5CCOCC5)C[C@@H]4C3)nn2)c1,1,val
COc1nc(C2=NC(c3ccc(Cl)cc3)C(C3CC3)ON2)ccc1-n1cnc(C)c1,0,test
COc1ccc2ncc(F)c(C(O)C[C@H]3OC[C@H](NCc4ccc5c(c4)OCCO5)CO3)c2c1,1,train
CNC(=O)c1cc(-n2ncc3cc(Oc4ccccc4Cl)ccc32)cs1,0,test
CNC(=O)c1cc(-n2ncc3cc(Nc4c(F)cccc4Cl)cnc32)cs1,1,val
Cc1nc2c(cnn2-c2csc(C(=O)NC3COC3)c2)cc1Nc1c(F)cccc1Cl,1,test
Cc1cc(C)cc(OCc2cncc(-c3cc(C)cc(C)c3)c2N2CCC(N)CC2)c1,1,test
Cc1cc(C)cc(CNc2cncc(-c3cc(C)cc(C)c3)c2N2CCC(N)CC2)c1,1,val
Cc1cc(C)cc(NC(=O)c2cncc(-c3cc(C)cc(C)c3)c2N2CCC(N)CC2)c1,1,test
Cc1cc(C)cc(C(=O)Nc2cncc(-c3cc(C)cc(C)c3)c2N2CCC(N)CC2)c1,1,train
Cc1cc(C)cc(-c2cncc(-c3nc4c(C)cc(C)cc4[nH]3)c2N2CCC(N)CC2)c1,1,train
NC1CCN(c2c(NC(=O)c3ccccc3)cncc2-c2cc(Cl)cc(Cl)c2)CC1,1,train
NC1CCN(c2c(NC(=O)c3cn4ccccc4n3)cncc2-c2cc(Cl)cc(Cl)c2)CC1,1,train
Cn1ncc(C(=O)Nc2cncc(-c3cc(Cl)cc(Cl)c3)c2N2CCC(N)CC2)c1C(F)(F)F,1,train
Cc1cc(C(=O)Nc2cncc(-c3cc(Cl)cc(Cl)c3)c2N2CCC(N)CC2)n(C)n1,1,train
Cc1cc(C)cc(-c2cncc(-c3nc4ccccc4[nH]3)c2N2CCC(N)CC2)c1,1,train
Cc1cc(C)cc(-c2cncc(-c3nc4cc(C#N)ccc4[nH]3)c2N2CCC(N)CC2)c1,1,train
Cc1cc(C)cc(-c2cncc(-c3nc4cc(Cl)ccc4[nH]3)c2N2CCC(N)CC2)c1,1,train
Cc1cc(C)cc(-c2cncc(-c3nc4cc(C(F)(F)F)ccc4[nH]3)c2N2CCC(N)CC2)c1,1,train
Cc1cc(C)cc(-c2cncc(-c3nc4cc(C)ccc4[nH]3)c2N2CCC(N)CC2)c1,1,train
Cc1cc(C)cc(-c2cncc(-c3nc4cc(F)ccc4[nH]3)c2N2CCC(N)CC2)c1,1,train
NC1CCN(c2c(-c3cc(F)cc(Cl)c3)cncc2-c2nc3cc(F)ccc3[nH]2)CC1,1,train
Cc1cc(F)cc(-c2cncc(-c3nc4cc(F)ccc4[nH]3)c2N2CCC(N)CC2)c1,1,train
COc1cc(F)cc(-c2cncc(-c3nc4cc(F)ccc4[nH]3)c2N2CCC(N)CC2)c1,1,train
COc1cc(F)cc(-c2cncc(-c3nc4cc(C)ccc4[nH]3)c2N2CCC(N)CC2)c1,1,train
COc1cc(OC)cc(-c2cncc(-c3nc4cc(C)ccc4[nH]3)c2N2CCC(N)CC2)c1,1,train
CC[C@@H](NC(=O)c1ccc(Cl)cc1)[C@H]1[C@@H]2C[C@@H](n3cnc4cc(F)c(F)cc43)C[C@@H]21,1,train
CC(NC(=O)c1ccc(Cl)cc1)[C@H]1[C@@H]2C[C@@H](n3cnc4cc(F)c(F)cc43)C[C@@H]21,1,train
CCC(c1nc2cc(Cl)ccc2[nH]1)[C@H]1[C@@H]2C[C@@H](c3ccnc4ccc(F)cc34)C[C@@H]21,1,test
CC(C(=O)Nc1ccc(Cl)cc1)[C@H]1CC[C@@H](c2ccnc3ccc(F)cc32)CC1,1,test
CCC(NC(=O)c1ccc(Cl)cc1)[C@H]1[C@@H]2C[C@@H](n3cnc4cc(F)ccc43)C[C@@H]21,1,train
CCC(NC(=O)c1ccc(Cl)cc1)[C@H]1[C@@H]2C[C@@H](n3cnc4ccc(F)cc43)C[C@@H]21,1,train
CCC(NC(=O)c1ccc(Cl)cc1)[C@H]1[C@@H]2C[C@@H](n3cnc4cccc(F)c43)C[C@@H]21,1,train
CCC(NC(=O)c1ccc(Cl)cc1)[C@H]1[C@@H]2C[C@@H](n3cnc4ccccc43)C[C@@H]21,1,train
CCC(NC(=O)c1ccc(Cl)cc1)[C@H]1[C@@H]2C[C@@H](n3cnc4c(F)cccc43)C[C@@H]21,1,train
CCC(NC(=O)c1ccc(Cl)cc1)[C@H]1[C@@H]2C[C@@H](n3cnc4cc(C#N)ccc43)C[C@@H]21,1,train
CCC(NC(=O)c1ccc(Cl)cc1)[C@H]1[C@@H]2C[C@@H](n3cnc4c(F)cc(F)cc43)C[C@@H]21,1,train
CCC(NC(=O)c1ccc(Cl)cc1)[C@H]1[C@@H]2C[C@@H](n3cnc4cc(F)cc(F)c43)C[C@@H]21,1,train
CCC(NC(=O)c1ccc(Cl)cc1)[C@H]1[C@@H]2C[C@@H](n3cnc4ccc(F)c(F)c43)C[C@@H]21,1,train
CCC(NC(=O)c1ccc(Cl)cc1)[C@H]1[C@@H]2C[C@@H](n3cnc4cc(F)c(F)cc43)C[C@@H]21,1,train
CCC(NC(=O)c1ccc(Cl)cc1)[C@H]1[C@@H]2C[C@@H](n3cnc4cc(Cl)c(Cl)cc43)C[C@@H]21,1,train
CCC(NC(=O)c1ccc(Cl)cc1)[C@H]1[C@@H]2C[C@@H](n3cnc4cnccc43)C[C@@H]21,1,train
CCC(NC(=O)c1ccc(Cl)cc1)[C@H]1[C@@H]2C[C@@H](n3cnc4ccncc43)C[C@@H]21,1,train
CCC(NC(=O)c1ccc(Cl)cc1)[C@H]1[C@@H]2C[C@@H](n3cnc4cccnc43)C[C@@H]21,0,train
CCC(NC(=O)c1ccc(Cl)cc1)[C@H]1[C@@H]2C[C@@H](n3cnc4cc(F)cnc43)C[C@@H]21,1,train
CCC(NC(=O)c1ccc(Cl)cc1)[C@H]1[C@@H]2C[C@@H](n3cnc4cc(C#N)cnc43)C[C@@H]21,1,train
CCC(NC(=O)c1ccc(Cl)cc1)[C@H]1[C@@H]2C[C@@H](n3cnc4ncc(C#N)cc43)C[C@@H]21,1,train
O=C(NC[C@@H]1[C@H]2C[C@H](n3cnc4cc(F)c(F)cc43)C[C@@H]12)c1ccc(Cl)cc1,1,train
Fc1cc2ncn([C@H]3C[C@@H]4[C@@H](CNC(c5ccc(Cl)cc5)C(F)(F)F)[C@@H]4C3)c2cc1F,1,test
CC[C@@H](NC(=O)c1ccc(Cl)cc1)[C@H]1[C@@H]2C[C@@H](n3c(C)nc4ccc(F)cc43)C[C@@H]21,1,train
CC[C@@H](NC(=O)c1ccc(Cl)cc1)[C@H]1[C@@H]2C[C@@H](n3cnc4ccc(Cl)cc43)C[C@@H]21,1,train
CC[C@@H](NC(=O)c1ccc(Cl)cc1)[C@H]1[C@@H]2C[C@@H](n3cnc4ccc(C#N)cc43)C[C@@H]21,1,train
CC[C@@H](NC(=O)c1ccc(C#N)cc1)[C@H]1[C@@H]2C[C@@H](n3cnc4ccc(Cl)cc43)C[C@@H]21,1,train
CC[C@@H](NC(=O)c1ccc(C#N)cc1)[C@@H]1[C@@H]2C[C@@H](n3cnc4ccc(C#N)cc43)C[C@@H]21,1,train
CC[C@@H](NC(=O)c1ccc(Cl)c(F)c1)[C@H]1[C@@H]2C[C@@H](n3cnc4cc(F)c(F)cc43)C[C@@H]21,1,train
CC[C@@H](NC(=O)c1ccc(C#N)cc1)[C@H]1[C@@H]2C[C@@H](n3cnc4cc(F)c(F)cc43)C[C@@H]21,1,train
C[C@@H](NC(=O)c1ccc(Cl)cc1)[C@H]1[C@@H]2C[C@@H](n3cnc4cc(F)c(F)cc43)C[C@@H]21,1,train
CC(C)(NC(=O)c1ccc(Cl)cc1)[C@H]1[C@@H]2C[C@@H](n3cnc4cc(F)c(F)cc43)C[C@@H]21,1,train
O=C(N[C@H](C1CC1)[C@H]1[C@@H]2C[C@@H](n3cnc4cc(F)c(F)cc43)C[C@@H]21)c1ccc(Cl)cc1,1,train
C[C@@H](NC(=O)c1ccc(C#N)cc1)[C@H]1[C@@H]2C[C@@H](n3cnc4cc(F)c(F)cc43)C[C@@H]21,1,train
CC[C@@H](NC(=O)C12CC(F)(C1)C2)[C@H]1[C@@H]2C[C@@H](n3cnc4cc(F)c(F)cc43)C[C@@H]21,0,train
CC[C@@H](NC(=O)c1ccc(Cl)cc1)[C@H]1[C@@H]2C[C@@H](n3cnc4ccc(F)cc43)C[C@@H]21,1,train
CC[C@H](NC(=O)c1ccc(Cl)cc1)[C@@H]1[C@@H]2C[C@@H](n3cnc4ccc(F)cc43)C[C@@H]21,0,train
COc1ccc(-c2ccc(C(=O)O)cc2C)cc1-c1ccc(C(F)(F)F)cc1CN1C(=O)O[C@H](c2cc(C(F)(F)F)cc(C(F)(F)F)c2)[C@@H]1C,1,train
Cc1cc(C(=O)O)ccc1-c1ccc(Cl)c(-c2ccc(C(F)(F)F)cc2CN2C(=O)O[C@H](c3cc(C(F)(F)F)cc(C(F)(F)F)c3)[C@@H]2C)c1,1,train
COc1ncc(-c2ccc(C(=O)O)cc2C)cc1-c1ccc(C(F)(F)F)cc1CN1C(=O)O[C@H](c2cc(C(F)(F)F)cc(C(F)(F)F)c2)[C@@H]1C,1,train
COc1ncc(-c2ccc(C(=O)O)cc2C)cc1-c1ccc(C(F)(F)F)nc1CN1C(=O)O[C@H](c2cc(C(F)(F)F)cc(C(F)(F)F)c2)[C@@H]1C,1,train
COc1ccc(-c2ccc(C(=O)O)cc2C)cc1-c1cnc(N(C)C)nc1CN1C(=O)O[C@H](c2cc(C(F)(F)F)cc(C(F)(F)F)c2)[C@@H]1C,0,train
COc1ccc(-c2ccc(C(=O)O)cc2C)cc1-c1cnc(N2CC(F)C2)nc1CN1C(=O)O[C@H](c2cc(C(F)(F)F)cc(C(F)(F)F)c2)[C@@H]1C,0,train
COc1ccc(-c2ccc(C(=O)O)cc2C)cc1-c1cnc(N2CCOCC2)nc1CN1C(=O)O[C@H](c2cc(C(F)(F)F)cc(C(F)(F)F)c2)[C@@H]1C,0,train
CCc1ncc(-c2cc(-c3ccc(C(=O)O)cc3C)ccc2OC)c(CN2C(=O)O[C@H](c3cc(C(F)(F)F)cc(C(F)(F)F)c3)[C@@H]2C)n1,0,train
COc1ccc(-c2ccc(C(=O)O)cc2C)cc1-c1cnc(N(C)C)nc1CN1C(=O)O[C@H](c2cccc(C(F)(F)F)c2)[C@@H]1C,1,train
COc1ccc(-c2ccc(C(=O)O)cc2C)cc1-c1cnc(N(C)C)nc1CN1C(=O)O[C@H](c2cccc(OC(F)(F)F)c2)[C@@H]1C,0,train
COc1ccc(-c2ccc(C(=O)O)cc2C)cc1-c1cnc(N(C)C)nc1CN1C(=O)O[C@H](c2ccc(OC(F)(F)F)cc2)[C@@H]1C,1,train
COc1ccc(-c2ccc(C(=O)O)cc2C)cc1-c1cnc(N(C)C)nc1CN1C(=O)O[C@H](c2cccc(Cl)c2)[C@@H]1C,0,train
COc1ccc(-c2ccc(C(=O)O)cc2C)cc1-c1cnc(N(C)C)nc1CN1C(=O)O[C@H](c2cc(Cl)cc(C(F)(F)F)c2)[C@@H]1C,0,train
COc1ccc(-c2ccc(C(=O)O)cc2C)cc1-c1cnc(N(C)C)nc1CN1C(=O)O[C@H](c2cc(F)cc(C(F)(F)F)c2)[C@@H]1C,0,train
COc1ccc(-c2ccc(C(=O)O)cc2C)cc1-c1cnc(N(C)C)nc1CN1C(=O)O[C@H](c2cc(Cl)cc(Cl)c2)[C@@H]1C,0,train
COc1ccc(-c2ccc(C(=O)O)cc2C)cc1-c1cnc(N(C)C)nc1CN1C(=O)O[C@H](c2cc(F)cc(F)c2)[C@@H]1C,0,train
COc1ccc(-c2ccc(C(=O)O)cc2C)cc1-c1cnc(N(C)C)nc1CN1C(=O)O[C@H](c2cccc(C(F)(F)F)n2)[C@@H]1C,0,train
O=S(=O)(c1cccc(F)c1)n1ccc2c(N3CCNCC3)nc3ccccc3c21,1,test
NC(=O)c1ccn(-c2ccc(NCC3(c4ncccc4F)CCC3)nn2)c1,0,val
CN1CCN(Nc2cccc3c2C[C@@H](CN(C)[C@H]2CCCc4cccnc42)NC3)CC1,1,val
CCS(=O)(=O)[C@]1(C)CC[C@@](CF)(c2cc(NC(=O)c3cc4c(cn3)OC(F)(F)O4)ccc2F)N=C1N,1,test
C[C@H]1CC[C@H](Cn2c(N3CCO[C@@H]4CCC[C@H]43)nc3cc(-c4nc(=O)o[nH]4)nc(-c4cncc(Cl)c4)c32)CC1,0,val
CCCC(N)C(=O)NCCc1ccc(-c2ccc(Cl)c(Cl)c2)cc1,0,val
COc1cc(OC)cc(-c2nn(CCCCCN3CCN(C(=O)/C=C/C(F)(F)F)CC3)c3ncnc(N)c23)c1,1,test
CCC(=O)N(CC1(N2CCN(Cc3ccccc3)CC2)CC1)c1ccccc1F,1,train
CCC(=O)N(CC1(N2CCN(Cc3ccccc3)CC2)CC1)c1cccc(F)c1,1,train
CCC(=O)N(CC1(N2CCN(Cc3ccccc3)CC2)CC1)c1cccc(C(F)(F)F)n1,1,train
CCC(=O)N(CC1(N2CCN(Cc3ccccc3)CC2)COC1)c1ccccc1,1,val
CCC(=O)N(CC1(N2CCN(Cc3ccccc3)CC2)CCOCC1)c1ccccc1,1,val
CCC(=O)N(CC1(N2CCN(Cc3ccccc3)CC2)CCOCC1)c1cccc(C(F)(F)F)n1,1,train
CCC(=O)N(CC1(N2CCN(Cc3ccccc3)CC2)CCSCC1)c1cccc(C(F)(F)F)n1,1,train
CCC(=O)N(CC1(N2CCN(Cc3ccccc3)CC2)CCOC(C)(C)C1)c1cccc(C(F)(F)F)n1,1,train
CCC(=O)N(CC1(N2CC3CN(Cc4ccccc4)CC3C2)CCOCC1)c1cccc(C(F)(F)F)n1,1,train
CCC(=O)N(CC1(C2CCN(Cc3ccccc3)CC2)CCOCC1)c1cccc(C(F)(F)F)n1,1,train
CCCCN1CCN(C2(CN(C(=O)CC)c3cccc(C(F)(F)F)n3)CCOCC2)CC1,1,train
CCC(=O)N(CC1(N2CCN(CCOCC(C)C)CC2)CCOCC1)c1cccc(C(F)(F)F)n1,1,train
CCC(=O)N(CC1(N2CCN(CCOc3ccccc3)CC2)CCOCC1)c1cccc(C(F)(F)F)n1,1,train
CCC(=O)N(CC1(N2CCN(CCOCC(F)(F)F)CC2)CCOCC1)c1cccc(C(F)(F)F)n1,1,train
CCCOCCN1CCN(C2(CN(C(=O)CC)c3cccc(C(F)(F)F)n3)CCOCC2)CC1,1,train
O=C1c2nc3cccc(-c4ccccc4)c3n2CCN1CC1CC1,0,train
O=C1c2nc3cccc(-c4cccc(F)c4)c3n2CCN1CC1CC1,1,train
O=C1c2nc3cccc(-c4ccc(F)cc4)c3n2CCN1CC1CC1,1,train
O=C1c2nc3cccc(-c4ccc(Cl)cc4)c3n2CCN1CC1CC1,1,train
O=C1c2nc3cccc(Cl)c3n2CCN1CC1CC1,0,train
O=C1c2nc3cccc(Br)c3n2CCN1CC1CC1,0,train
O=C1c2nc3cccc(C(F)(F)F)c3n2CCN1CC1CC1,0,train
O=C1c2nc3cccc(Br)c3n2CCN1Cc1ccccc1,0,train
O=C1c2nc3cccc(Br)c3n2CCN1Cc1ccccc1F,0,train
O=C1c2nc3cccc(Br)c3n2CCN1Cc1ccc(F)cc1,1,train
O=C1c2nc3cccc(Br)c3n2CCN1Cc1ccc(Cl)cc1,1,train
O=C1c2nc3cccc(Br)c3n2CCN1Cc1ccc(Cl)cc1F,1,test
O=C1c2nc3cccc(C(F)(F)F)c3n2CCN1Cc1ccc(Cl)cc1,1,test
O=C1c2nc3cccc(Br)c3n2CCN1CC1CCC1,0,train
O=C1c2nc3cccc(C(F)(F)F)c3n2CCN1CC1CCC1,0,train
O=C1c2nc3cccc(C(F)(F)F)c3n2CCN1CC1CC2CCC1C2,1,test
N=C1N[C@@]2(c3cc(NC(=O)c4ccc(F)cn4)ccc3F)CN(c3ncc(F)cn3)C[C@H]2CS1,1,train
N=C1N[C@@]2(c3cc(NC(=O)c4ncc(F)cc4F)ccc3F)CN(c3ncc(F)cn3)C[C@H]2CS1,1,train
COc1cnc(C(=O)Nc2ccc(F)c([C@]34CN(c5ncc(F)cn5)C[C@H]3CSC(=N)N4)c2)cn1,1,train
CO[C@]1(C)C[C@H](O[C@@H]2C(C)C(=O)NC(C(C)C)C(=O)N[C@H](Cc3ccc(NC(=O)C(Cc4ccccc4Cl)NC(=O)Nc4ccccc4)cc3)CC(=O)N(C)C[C@H](C)C[C@@](C)(O)[C@H](O[C@@H]3O[C@H](C)C[C@H](N(C)C)[C@H]3O)[C@H]2C)O[C@@H](C)[C@@H]1O,1,test
O=C1NC2(CC2)COc2ncc(F)cc2[C@H]2CNCCN2c2ccn3ncc1c3n2,1,val
O=C1NC2(CC2)COc2ncc(F)cc2[C@H]2COCCN2c2ccn3ncc1c3n2,0,val
Cc1cnc2c(-c3ccc(C(=O)N(c4ncccc4C)[C@@H]4CCCNC4)cc3F)cnn2c1,1,test
C[C@]1(COc2ccc(OC(F)(F)F)cc2)CCn2cc([N+](=O)[O-])nc2O1,1,train
C[C@@]1(COc2ccc(OC(F)(F)F)cc2)CCn2cc([N+](=O)[O-])nc2O1,1,train
C=CC(=O)N1C(=O)CC(c2ccc(F)cc2)Sc2ccccc21,0,test
O=c1ccc2c([nH]1)CCC(NCCNc1c3c(nc4cc(Cl)ccc14)CCCC3)C2,1,train
O=c1ccc2c([nH]1)CCC(NCCCNc1c3c(nc4cc(Cl)ccc14)CCCC3)C2,1,train
O=c1ccc2c([nH]1)CCC(NCCCCNc1c3c(nc4cc(Cl)ccc14)CCCC3)C2,1,train
O=c1ccc2c([nH]1)CCC(NCCCCCNc1c3c(nc4cc(Cl)ccc14)CCCC3)C2,1,train
O=c1ccc2c([nH]1)CCC(NCCCCCCNc1c3c(nc4cc(Cl)ccc14)CCCC3)C2,0,train
O=c1ccc2c([nH]1)CCC(NCCCCCCCNc1c3c(nc4cc(Cl)ccc14)CCCC3)C2,1,train
O=c1ccc2c([nH]1)CCC(NCCCCCCCCNc1c3c(nc4cc(Cl)ccc14)CCCC3)C2,1,train
O=c1ccc2c([nH]1)CCC(NCCCCCCCCCNc1c3c(nc4cc(Cl)ccc14)CCCC3)C2,1,train
O=c1ccc2c([nH]1)CCC(NCCCCCCCCCCNc1c3c(nc4cc(Cl)ccc14)CCCC3)C2,1,train
CNC(=O)c1c(-c2ccc(O)cc2)oc2ccc(O)c(CN3CCCCC3)c12,1,train
CNC(=O)c1c(-c2ccc(O)cc2)oc2ccc(O)c(CN3CCCC3)c12,0,train
CNC(=O)c1c(-c2ccc(O)cc2)oc2ccc(O)c(CN3CC4(CCO4)C3)c12,0,train
CNC(=O)c1c(-c2ccc(O)cc2)oc2ccc(O)c(CN3CCC4(CCO4)C3)c12,0,train
CNC(=O)c1c(-c2ccc(O)cc2)oc2ccc(O)c(CN3CC4(CCOC4)C3)c12,0,train
CNC(=O)c1c(-c2ccc(O)cc2)oc2ccc(O)c(CN3CCC(F)CC3)c12,1,train
CN(C)C(=O)c1c(-c2ccc(O)cc2)oc2ccc(O)c(CN3CCC4(COC4)C3)c12,0,train
O=C(c1c(-c2ccc(O)cc2)oc2ccc(O)c(CN3CCC4(COC4)C3)c12)N1CCC1,1,train
O=C(c1c(-c2ccc(O)cc2)oc2ccc(O)c(CN3CCC4(COC4)C3)c12)N1CC(F)C1,0,train
CC(=O)c1c(-c2ccc(O)cc2)oc2ccc(O)c(CN3CCC4(COC4)C3)c12,1,train
Oc1ccc(-c2cc3c(CN4CCC5(COC5)C4)c(O)ccc3o2)cc1,1,test
CNC(=O)c1c(-c2ccccc2)oc2ccc(O)c(CN3CCC4(COC4)C3)c12,1,train
CNC(=O)c1c(-c2ccc(OC)cc2)oc2ccc(O)c(CN3CCC4(COC4)C3)c12,1,train
CNC(=O)c1c(-c2ccc3[nH]ccc3c2)oc2ccc(O)c(CN3CCC4(COC4)C3)c12,1,train
CNC(=O)c1c(-c2ccc(O)c(F)c2)oc2ccc(O)c(CN3CCC4(COC4)C3)c12,1,train
CNC(=O)c1c(-c2ccc(O)c(C)c2)oc2ccc(O)c(CN3CCC4(COC4)C3)c12,0,train
CNC(=O)c1c(-c2ccc(O)cc2C)oc2ccc(O)c(CN3CCC4(COC4)C3)c12,0,train
O=C(c1c(-c2ccc(O)cn2)oc2ccc(O)c(CN3CCCCC3)c12)N1CCC1,0,train
O=C(c1c(-c2ccc(O)cn2)oc2ccc(O)c(CN3CCCCC3)c12)N1CC(F)C1,1,train
CC(=O)c1c(-c2ccc(O)cn2)oc2ccc(O)c(CN3CCCC3)c12,0,train
CC(=O)c1c(-c2cc(C)c(O)cn2)oc2ccc(O)c(CN3CCC3)c12,0,train
CNC(=O)c1c(-c2ccc(O)cc2)oc2ccc(O)c(CN3CCC3)c12,0,train
CNCCNC(=O)c1cc2c([nH]c3c(C)cccc32)c(-c2ccc(Cl)c(Cl)c2)n1,1,test
O=C(NCCN1CCCCC1)c1cccn2c(=O)c3ccc4ccccc4c3nc12,1,train
CCN(CC)CCNC(=O)c1cccn2c(=O)c3ccc4ccccc4c3nc12,1,train
CN(C)CCNC(=O)c1cccn2c(=O)c3ccc4ccccc4c3nc12,1,train
O=C(NCCN1CCCC1)c1cccn2c(=O)c3ccc4ccccc4c3nc12,1,train
O=C(NCCN1CC[C@@H](F)C1)c1cccn2c(=O)c3ccc4ccccc4c3nc12,1,train
CN(C)CCCNC(=O)c1cccn2c(=O)c3ccc4ccccc4c3nc12,1,train
O=C(NCCCN1CCCC1)c1cccn2c(=O)c3ccc4ccccc4c3nc12,1,train
O=C(NC1CNC1)c1cccn2c(=O)c3ccc4ccccc4c3nc12,1,train
CN1CCC(NC(=O)c2cccn3c(=O)c4ccc5ccccc5c4nc23)CC1,1,train
Cc1ccc(NC(=O)c2ccnc(C(F)(F)F)c2)cc1-c1ccc2c(c1)OC1(CCOCC1)CC(=O)N2,1,val
Cc1ccc(NC(=O)c2cc(C(F)(F)F)cnn2)cc1-c1ccc2c(c1)OC1(CCOCC1)CC(=O)N2,0,val
CC(C(=O)O)n1nc(Cn2cc3cc(OCC4CC4)c(Cl)cc3n2)c2ccccc2c1=O,0,test
Nc1nc(-c2cccc(-n3ccc4cc(C5CC5)cc(F)c4c3=O)c2CO)c2cc(C3=CCN(C4COC4)CC3)[nH]c2n1,1,test
Cc1noc(C)c1-c1cnc2c3ccc(C(C)(C)O)cc3n([C@H](c3ccccc3)C3CCOCC3)c2c1,0,train
Cc1nnn(C)c1-c1cnc2c3ccc(C(C)(C)O)cc3n([C@H](c3ccccc3)C3CCOCC3)c2c1,0,train
C[C@@]1(c2nc(NC(=O)c3ncc(C(F)(F)F)cc3Cl)ccc2F)CO[C@@](C)(C(F)(F)F)C(=N)N1,1,val
COCc1nc2cnc3cc(-c4c(C)noc4C)c(OC[C@H]4CCNC4)cc3c2n1[C@H](C)c1ccccc1,0,val
N#Cc1ccc(COc2cccc(C3CCN(Cc4nc5ccc(C(=O)O)cc5n4C[C@@H]4CCO4)CC3)n2)c(F)c1,1,train
O=C(O)c1cc(F)c2nc(CN3CCN(c4cccc(OCc5ccc(Cl)c6cc(F)oc56)n4)C=N3)n(C[C@@H]3CCO3)c2c1,0,train
O=C(O)c1cc(F)c2nc(CN3CCN(c4cccc(OCc5ccc(Cl)c6c5OCC6)n4)C=N3)n(C[C@@H]3CCO3)c2c1,1,train
COc1cc2c(cc1-c1c(C)noc1C)ncc1[nH]c(=O)n([C@H](C)c3ccccn3)c12,1,test
CCn1cnc2c(NCc3ccc(-c4ccoc4)nc3)nc(N3CCOC[C@H]3CCO)nc21,0,test
COC1CCC2(CC1)Cc1ccc(C#N)cc1C21N=C(N)N(CC2CCCO2)C1=O,1,test
C[C@H]1OC(=O)[C@]2(C(N)=O)CC(F)(F)[C@@H](C)[C@H](/C=C/c3ccc(-c4ccccc4C#N)cn3)[C@H]12,0,train
Cc1cccc(-c2ccc(/C=C/[C@@H]3[C@@H]4[C@@H](C)OC(=O)[C@]4(C(N)=O)CC(F)(F)[C@H]3C)nc2)c1F,0,train
Cc1c(F)cccc1-c1ccc(/C=C/[C@@H]2[C@@H]3[C@@H](C)OC(=O)[C@]3(C(N)=O)CC(F)(F)[C@H]2C)nc1,0,train
Cc1nc(/C=C/[C@@H]2[C@@H]3[C@@H](C)OC(=O)[C@]3(C(N)=O)CC(F)(F)[C@H]2C)ccc1-c1ccccc1C#N,0,train
C[C@H]1OC(=O)[C@]2(CC(N)=O)CC(F)(F)[C@@H](C)[C@H](/C=C/c3ccc(-c4ccccc4C#N)cn3)[C@H]12,0,train
C[C@H]1OC(=O)[C@]2(CC(N)=O)CC(F)(F)[C@@H](C)[C@H](/C=C/c3ccc(-c4cccc(F)c4)cn3)[C@H]12,0,train
CC(C(N)=O)[C@@]12CC(F)(F)[C@@H](C)[C@H](/C=C/c3ccc(-c4ccccc4C#N)cn3)[C@@H]1[C@@H](C)OC2=O,0,train
C[C@H]1OC(=O)[C@]2(C(N)=O)CC(F)(F)[C@@H](C)[C@H](/C=C/c3ccc(-c4cccc5c4OC(F)(F)O5)cn3)[C@H]12,0,train
C[C@H]1OC(=O)[C@]2(C(N)=O)CC(F)(F)[C@@H](C)[C@H](/C=C/c3ccc(-c4cccnc4C#N)cn3)[C@H]12,0,train
C[C@H]1OC(=O)[C@]2(N3CC(C(N)=O)C3)CC(F)(F)[C@@H](C)[C@H](/C=C/c3ccc(-c4ccccc4C#N)cn3)[C@H]12,0,train
C[C@H]1OC(=O)[C@]2(N3CC(C(N)=O)C3)CC(F)(F)[C@@H](C)[C@H](/C=C/c3ccc(-c4cccc(F)c4)cn3)[C@H]12,1,train
C[C@H]1OC(=O)[C@]2(CCC(N)=O)CC(F)(F)[C@@H](C)[C@H](/C=C/c3ccc(-c4ccccc4C#N)cn3)[C@H]12,0,train
C[C@H]1OC(=O)[C@]2(CCC(N)=O)CC(F)(F)[C@@H](C)[C@H](/C=C/c3ccc(-c4cccnc4C#N)cn3)[C@H]12,0,train
COc1ncccc1-c1ccc(/C=C/[C@@H]2[C@@H]3[C@@H](C)OC(=O)[C@]3(CC(N)=O)CC(F)(F)[C@H]2C)nc1,0,train
C[C@H]1OC(=O)[C@]2(CC(N)=O)CC(F)(F)[C@@H](C)[C@H](/C=C/c3ccc(-c4cccnc4C#N)cn3)[C@H]12,0,train
C[C@H]1OC(=O)[C@]2(NCC(N)=O)CC(F)(F)[C@@H](C)[C@H](/C=C/c3ccc(-c4ccccc4C#N)cn3)[C@H]12,0,train
COC(C(N)=O)[C@@]12CC(F)(F)[C@@H](C)[C@H](/C=C/c3ccc(-c4ccccc4C#N)cn3)[C@@H]1[C@@H](C)OC2=O,0,train
C[C@H]1OC(=O)[C@]2(C(O)C(N)=O)CC(F)(F)[C@@H](C)[C@H](/C=C/c3ccc(-c4ccccc4C#N)cn3)[C@H]12,0,train
C[C@H]1OC(=O)[C@]2(C(C)(C)C(N)=O)CC(F)(F)[C@@H](C)[C@H](/C=C/c3ccc(-c4ccccc4C#N)cn3)[C@H]12,0,train
Cc1cc(Nc2ncc3c(=O)n(-c4c(Cl)cccc4Cl)ccc3n2)ccc1N1CCNCC1,1,train
CN1CCC(c2ccc(Nc3ncc4c(=O)n(-c5c(Cl)cccc5Cl)ccc4n3)cc2)CC1,1,train
CN(C)CCc1ccc(Nc2ncc3c(=O)n(-c4c(Cl)cccc4Cl)ccc3n2)cc1,1,train
COc1cc(Nc2ncc3c(=O)n(-c4c(Cl)cccc4Cl)ccc3n2)ccc1N1CCN(C)CC1,1,train
CN1CCN(c2ccc(Nc3ncc4c(=O)n(-c5c(Cl)cccc5Cl)ccc4n3)cc2)CC1,1,train
CC(C)N1CCN(c2ccc(Nc3ncc4c(=O)n(-c5c(Cl)cccc5Cl)ccc4n3)cc2)CC1,1,train
[C-]#[N+]c1ccc(C(=O)N2CCn3c(-c4nc(C)ns4)nnc3[C@H]2C)cc1,0,train
FC(F)(F)c1ccc(C(F)(F)CN2CCC(Nc3ncnc4[nH]ncc34)CC2)cc1,1,train
FC(F)(F)c1ccc(C(F)(F)CN2CCC(Nc3ncnc4[nH]ncc34)CC2)nc1,0,train
Fc1cc(Cl)cnc1C(F)(F)CN1CCC(Nc2ncnc3[nH]ncc23)CC1,1,val
Fc1cc(C(F)(F)F)cnc1C(F)(F)CN1CCC(Nc2ncnc3[nH]ncc23)CC1,0,val
FC(F)(F)c1ccc(C(F)(F)CN2CCC(Nc3ncnc4[nH]ncc34)CC2)cn1,1,train
FC(F)(CN1CCC(Nc2ncnc3[nH]ccc23)CC1)c1ccc(Cl)cn1,1,train
Cc1ccc(C(F)(F)CN2CCC(Nc3ncnc4[nH]ccc34)CC2)nc1,0,train
FC(F)(F)c1ccc(C(F)(F)CN2CCC(Nc3ncnc4[nH]ccc34)CC2)nc1,1,train
Cc1cnc(C(F)(F)CN2CCC(Nc3ncnc4[nH]ccc34)CC2)cn1,0,train
FC(F)(F)c1ccc(C(F)(F)CN2CCC(Nc3ncnc4[nH]ccc34)CC2)cn1,1,train
Cc1ccc(C(F)(F)CN2CCC(Nc3ncnc4[nH]ccc34)CC2)cn1,0,train
Fc1ccc(C(F)(F)CN2CCC(Nc3ncnc4[nH]ccc34)CC2)cc1,1,train
NC(=O)N1CCC(c2c(-c3ccc(N)nc3)n(-c3ccc(Cl)cc3)c3cnccc23)CC1,1,train
NC(=O)N1CCC(c2c(-c3cccnc3)n(-c3ccc(Cl)cc3)c3cnccc23)CC1,1,train
COc1cc(-c2c(C3CCN(C(N)=O)CC3)c3ccncc3n2-c2ccc(Cl)cc2)ccn1,1,train
NC(=O)N1CCC(c2c(-c3ccc(N4CCOCC4)nc3)n(-c3ccc(Cl)cc3)c3cnccc23)CC1,1,train
NC(=O)N1CCC(c2c(-c3cncnc3)n(-c3ccc(Cl)cc3)c3cnccc23)CC1,1,train
NC(=O)N1CCC(c2c(-c3cc[nH]n3)n(-c3ccc(Cl)cc3)c3cnccc23)CC1,1,train
Cn1nccc1-c1c(C2CCN(C(N)=O)CC2)c2ccncc2n1-c1ccc(Cl)cc1,1,train
NC(=O)N1CCC(c2c(-n3cccn3)n(-c3ccc(Cl)cc3)c3cnccc23)CC1,1,train
Clc1ccc(-n2c(-c3ccncc3)c(C3CCNCC3)c3ccncc32)cc1,1,test
CN(C)Cc1c(-c2ccncc2)n(-c2ccc(Cl)cc2)c2cnccc12,1,test
COCC(F)(F)CN1[C@H](c2ccc(NC3CN(CCCF)C3)cc2OC)c2ccc3[nH]ncc3c2C[C@H]1C,1,train
COCC(C)(F)CN1[C@H](c2ccc(NC3CN(CCCF)C3)cc2OC)c2ccc3[nH]ncc3c2C[C@H]1C,1,train
C[C@@H]1Cc2c(ccc3[nH]ncc23)[C@@H](c2c(F)cc(NC3CN(CCCF)C3)cc2F)N1CC(F)(F)CO,1,train
Cc1c(N)cccc1C[C@@H](C)NC(=O)C(F)(F)F,0,test
COc1cc(NC2CN(CCCF)C2)ccc1[C@@H]1c2ccc3[nH]ncc3c2C[C@@H](C)N1CC(C)(F)F,1,train
COc1cc(NC2CN(CCCF)C2)ccc1[C@@H]1c2ccc3[nH]ncc3c2C[C@@H](C)N1CC(F)F,1,train
C[C@@H]1Cc2c(ccc3[nH]ncc23)[C@@H](c2ccc(NC3CN(CCCF)C3)cn2)N1CC(F)F,1,train
C[C@@H]1Cc2c(ccc3[nH]ncc23)[C@@H](c2ccc(NC3CN(CCCF)C3)cc2)N1CC(F)(F)F,1,train
COc1cc(NC2CN(CCCF)C2)ccc1[C@@H]1c2ccc3[nH]ncc3c2C[C@@H](C)N1CC(F)(F)F,1,train
C[C@@H]1Cc2c(ccc3[nH]ncc23)[C@@H](c2ccc(NC3CN(CCCF)C3)c(F)n2)N1CC(F)(F)F,1,train
C[C@@H]1Cc2c(ccc3[nH]nc(F)c23)[C@@H](c2ccc(NC3CN(CCCF)C3)cn2)N1CC(F)(F)F,0,train
C[C@@H]1Cc2c(ccc3[nH]nc(F)c23)[C@@H](c2ncc(NC3CN(CCCF)C3)cc2F)N1CC(F)(F)F,1,train
COc1cc(NC2CN(CCCF)C2)cnc1[C@@H]1c2ccc3[nH]ncc3c2C[C@@H](C)N1CC(F)(F)F,1,train
C[C@@H]1Cc2c(ccc3[nH]nc(F)c23)[C@@H](c2cnc(NC3CN(CCCF)C3)cn2)N1CC(F)(F)F,1,train
C[C@@H]1Cc2c(ccc3[nH]nc(F)c23)[C@@H](c2ccc(NC3CN(CCCF)C3)c(F)n2)N1CC(F)(F)F,1,train
C[C@@H]1Cc2c(ccc3[nH]ncc23)[C@@H](c2ccc(NC3CN(CCCF)C3)nc2F)N1CC(F)(F)F,1,train
C[C@@H]1Cc2c(ccc3[nH]ncc23)[C@@H](c2ccc(NC3CN(CCCF)C3)c(F)c2)N1CC(F)(F)F,1,train
C[C@@H]1Cc2c(ccc3[nH]ncc23)[C@@H](c2cnc(NC3CN(CCCF)C3)cn2)N1CC(F)(F)F,1,train
COc1cc(NC2CN(CCCF)C2)ccc1[C@]1(C)c2ccc3[nH]ncc3c2C[C@@H](C)N1CC(F)F,1,train
C[C@@H]1Cc2c(ccc3[nH]ncc23)[C@@H](c2c(F)cc(NC3CN(CCCF)C3)cc2F)N1CC(F)F,1,train
C[C@@H]1Cc2c(ccc3[nH]ncc23)[C@@H](c2cnc(NC3CN(CCCF)C3)cn2)N1CC(F)F,1,train
FCCCN1CC(Nc2ccc([C@@H]3c4ccc5[nH]ncc5c4C[C@@H](C(F)F)N3CC(F)F)nc2)C1,1,train
COc1cc(N(C)C2CN(CCCF)C2)ccc1[C@@H]1c2ccc3[nH]ncc3c2C[C@@H](C)N1CC1(F)CC1,1,train
C[C@@H]1Cc2c(ccc3[nH]ncc23)[C@@H](c2ccc(N(C)C3CN(CCCF)C3)cn2)N1CC1(F)CC1,1,train
COc1cc(NC2CN(CCCF)C2)ccc1[C@@H]1c2ccc3[nH]ncc3c2C[C@@H](C)N1CC(F)(F)CO,0,train
C[C@@H]1Cc2c(ccc3[nH]ncc23)[C@@H](c2ccc(NC3CN(CCCF)C3)cn2)N1CC(C)(C)F,1,train
COc1cc(NC2CN(CCCF)C2)ccc1[C@@H]1c2ccc3[nH]ncc3c2C[C@@H](C)N1CC(C)(C)F,1,train
CC(F)CN1[C@H](c2ccc(NC3CN(CCCF)C3)cn2)c2ccc3[nH]ncc3c2C[C@H]1C,1,train
COc1cc(NC2CN(CCCF)C2)ccc1[C@@H]1c2ccc3[nH]ncc3c2C[C@@H](C)N1CC(C)F,1,train
CC(C)CN1[C@H](c2ccc(NC3CN(CCCF)C3)cn2)c2ccc3[nH]ncc3c2C[C@H]1C,1,train
C[C@@H]1Cc2c(ccc3[nH]ncc23)[C@@H](c2ccc(NC3CN(CCCF)C3)cn2)N1CC(C)(F)F,0,train
CC1(C)Cc2c(ccc3[nH]ncc23)[C@@H](c2ccc(NC3CN(CCCF)C3)cn2)N1CC(F)F,1,train
Cc1n[nH]c(C)c1CCn1cc(-c2ccc(Cl)c(OC(F)F)c2)cn1,1,train
Cc1cc(Cn2cc(-c3ccc(Cl)c(OC(F)F)c3)cn2)n(C)n1,1,train
Cn1nccc1Cn1cc(-c2ccc(Cl)c(OC(F)F)c2)cn1,1,train
CCn1ccc(Cn2cc(-c3ccc(Cl)c(OC(F)F)c3)cn2)n1,1,train
FC(F)Oc1cc(-c2cnn(CCc3cn[nH]c3)c2)ccc1Cl,1,train
CCn1cc(CCn2cc(-c3ccc(Cl)c(OC(F)F)c3)cn2)cn1,1,train
FC(F)Oc1cc(-c2cnn(Cc3ccn(C4CCCC4)n3)c2)ccc1Cl,1,train
Cc1cc(Cn2cc(-c3ccc(Cl)c(OC(F)F)c3)cn2)[nH]n1,1,train
CCc1cc(Cn2cc(-c3ccc(Cl)c(OC(F)F)c3)cn2)[nH]n1,1,train
CCCc1cc(Cn2cc(-c3ccc(Cl)c(OC(F)F)c3)cn2)[nH]n1,1,train
Cc1[nH]ncc1Cn1cc(-c2ccc(Cl)c(OC(F)F)c2)cn1,1,train
Fc1ccc(-c2cnn(Cc3cc[nH]n3)c2)cc1OC(F)F,1,train
Cn1cc(Cn2cc(-c3ccc(F)c(OC(F)F)c3)cn2)cn1,1,train
CCc1[nH]ncc1Cn1cc(-c2ccc(F)c(OC(F)F)c2)cn1,1,train
FC(F)Oc1cc(Cl)cc(-c2cnn(Cc3cc[nH]n3)c2)c1,1,train
Cc1cc(Cn2cc(-c3cccc(OC(F)(F)F)c3)cn2)n(C)n1,1,train
Cn1ccc(Cn2cc(-c3cccc(OC(F)(F)F)c3)cn2)n1,1,train
Cn1ccc(Cn2cc(-c3ccc(Cl)c(C(F)F)c3)cn2)n1,1,train
Cc1cc(Cn2cc(-c3ccc(Cl)c(C(F)F)c3)cn2)n(C)n1,1,train
Cc1n[nH]c(C)c1CCn1cc(-c2ccc(Cl)c(C(F)F)c2)cn1,1,train
FC(F)c1cc(Cl)cc(-c2cnn(Cc3cc[nH]n3)c2)c1,1,train
Cc1cc(Cn2cc(-c3ccc(Cl)c(C(F)(F)F)c3)cn2)n(C)n1,1,train
Cn1ccc(Cn2cc(-c3ccc(F)c(C(F)F)c3)cn2)n1,1,train
Cc1cc(Cn2cc(-c3ccc(F)c(C(F)F)c3)cn2)n(C)n1,1,train
Cn1cc(Cn2cc(-c3ccc(F)c(C(F)F)c3)cn2)cn1,1,train
Cn1nccc1Cn1cc(-c2ccc(F)c(C(F)F)c2)cn1,1,train
Fc1ccc(-c2cnn(Cc3cc[nH]n3)c2)cc1C(F)F,1,train
Cc1n[nH]c(C)c1CCn1cc(-c2ccc(F)c(C(F)F)c2)cn1,1,train
Fc1ccc(-c2cnn(CCc3cn[nH]c3)c2)cc1C(F)F,1,test
CCn1ccc(Cn2cc(-c3ccc(F)c(C(F)F)c3)cn2)n1,1,train
Cc1cc(Cn2cc(-c3ccc(F)c(C(F)F)c3)cn2)[nH]n1,1,train
CCc1cc(Cn2cc(-c3ccc(F)c(C(F)F)c3)cn2)[nH]n1,1,train
CCCc1cc(Cn2cc(-c3ccc(F)c(C(F)F)c3)cn2)[nH]n1,1,train
Cc1[nH]ncc1Cn1cc(-c2ccc(F)c(C(F)F)c2)cn1,1,train
CCc1[nH]ncc1Cn1cc(-c2ccc(F)c(C(F)F)c2)cn1,1,train
CC(F)(F)c1cc(-c2cnn(Cc3cc[nH]n3)c2)ccc1F,1,train
Cn1cc(Cn2cc(-c3ccc(F)c(C(C)(F)F)c3)cn2)cn1,1,train
CCc1[nH]ncc1Cn1cc(-c2ccc(F)c(C(C)(F)F)c2)cn1,1,train
Fc1cc(-c2cnn(Cc3cc[nH]n3)c2)cc(C(F)F)c1,1,train
Cc1cc(Cn2cc(-c3cccc(C(F)(F)F)c3)cn2)n(C)n1,1,train
Cn1ccc(Cn2cc(-c3ccc(C(F)(F)F)cc3)cn2)n1,1,train
Cc1cc(Cn2cc(-c3ccc(C)c(F)c3)cn2)n(C)n1,1,train
Cc1ccc(-c2cnn(Cc3ccn(C)n3)c2)cc1F,1,train
Cc1cc(Cn2cc(-c3ccc(F)c(C)c3)cn2)n(C)n1,1,train
Cc1cc(-c2cnn(Cc3ccn(C)n3)c2)ccc1F,1,train
Cc1cc(-c2cnn(Cc3cc[nH]n3)c2)ccc1F,1,train
Cc1cc(Cn2cc(-c3ccc(Cl)c(C)c3)cn2)n(C)n1,1,train
Cc1cc(-c2cnn(Cc3ccn(C)n3)c2)ccc1Cl,1,train
Cn1ccc(Cn2cc(-c3ccc(Cl)c(F)c3)cn2)n1,1,train
Cc1cc(Cn2cc(-c3ccc(Cl)c(F)c3)cn2)n(C)n1,1,train
Cn1ccc(Cn2cc(-c3ccc(F)c(Cl)c3)cn2)n1,1,train
Cc1cc(Cn2cc(-c3ccc(F)c(Cl)c3)cn2)n(C)n1,1,train
Cn1ccc(Cn2cc(-c3ccc(Cl)c(Cl)c3)cn2)n1,1,train
Cc1cc(Cn2cc(-c3ccc(Cl)c(Cl)c3)cn2)n(C)n1,1,train
Cc1cc(Cn2cc(-c3ccc(Cl)cc3Cl)cn2)n(C)n1,1,val
Cn1ccc(Cn2cc(-c3ccc(Cl)cc3Cl)cn2)n1,1,val
c1cc(-c2cnn(Cc3cc[nH]n3)c2)cc(C2CC2)c1,1,train
CS(=O)(=O)c1cccc(-c2cnn(Cc3cc[nH]n3)c2)c1,1,train
Cn1cc(Cn2cc(-c3cccc(S(C)(=O)=O)c3)cn2)cn1,1,test
FS(F)(F)(F)(F)c1cccc(-c2cnn(Cc3cc[nH]n3)c2)c1,1,train
Cc1n[nH]c(C)c1CCn1cc(-c2ccc(Cl)cc2)cn1,1,train
Cc1cc(Cn2cc(-c3ccc(Cl)cc3)cn2)n(C)n1,1,train
Cn1ccc(Cn2cc(-c3ccc(Cl)cc3)cn2)n1,1,train
Cn1nccc1Cn1cc(-c2ccc(Cl)cc2)cn1,1,val
Clc1ccc(-c2cnn(Cc3cc[nH]n3)c2)cc1,1,train
Cn1cc(Cn2cc(-c3ccc(Cl)cc3)cn2)cn1,1,val
Cn1ccc(Cn2cc(-c3ccc(Br)cc3)cn2)n1,1,train
Cc1cc(Cn2cc(-c3cccc(Br)c3)cn2)n(C)n1,1,train
Cn1ccc(Cn2cc(-c3cccc(Br)c3)cn2)n1,1,train
Cc1cc(Cn2cc(-c3cc(F)cc(F)c3)cn2)n(C)n1,1,train
Cc1n[nH]c(C)c1Cn1cc(-c2ccc(Cl)c(OC(F)F)c2)cn1,1,train
Cc1n[nH]c(C)c1Cn1cc(-c2ccc(F)c(C(F)F)c2)cn1,1,train
Cc1n[nH]c(C)c1Cn1cc(-c2ccc(F)c(C(C)(F)F)c2)cn1,1,test
CCc1c[nH]nc1Cn1cc(-c2ccc(F)c(OC(F)F)c2)cn1,1,train
CCc1c[nH]nc1Cn1cc(-c2ccc(F)c(C(F)F)c2)cn1,1,train
CC(F)(F)c1cccc(-c2cnn(Cc3cc[nH]n3)c2)c1,1,train
FC(F)Oc1cccc(-c2cnn(Cc3cc[nH]n3)c2)c1,1,train
CCn1cncc1Cn1cc(-c2ccc(Cl)c(C(F)F)c2)cn1,1,train
CCn1cncc1Cn1cc(-c2ccc(F)c(C)c2)cn1,1,train
CCn1cncc1Cn1cc(-c2ccc(Cl)cc2)cn1,1,train
Cn1nccc1-n1cc(-c2ccc(Cl)c(Cl)c2)cn1,1,train
Cn1nccc1-n1cc(-c2ccc(F)c(Cl)c2)cn1,1,train
C[C@H]1C[C@H]2CSC(=NC(=O)c3ccccc3)N[C@@]2(c2nc(NC(=O)c3ccc(OC(F)F)cn3)cs2)CO1,1,train
C[C@H]1C[C@H]2CSC(=NC(=O)c3ccccc3)N[C@@]2(c2nc(NC(=O)c3cnc(OC(F)F)cn3)cs2)CO1,0,test
C[C@H]1C[C@H]2CSC(=NC(=O)c3ccccc3)N[C@@]2(c2nc(NC(=O)c3ccc(Cl)cn3)cs2)CO1,1,train
N#Cc1ccc(C(=O)Nc2csc([C@]34COCC[C@H]3CSC(=N)N4)c2)nc1,1,train
Cc1cccc(-n2nc(C(C)(C)C)cc2NC(=O)Nc2ccc(Oc3ccnc4[nH]c(=O)cnc34)cc2F)c1,0,test
CC(=O)N[C@@H](CCN1C2CCC1CC(n1c(C)nnc1C(C)C)C2)c1cccs1,1,val
Cc1nnc(C(C)C)n1C1CC2CCC(C1)N2CC[C@H](NC(=O)C1CCC(F)(F)CC1)c1cccs1,1,train
Cc1nnc(C(C)C)n1C1CC2CCC(C1)N2CC[C@H](NC(=O)C1CCCCC1)c1cccs1,1,train
Cc1nnc(C(C)C)n1C1CC2CCC(C1)N2CC[C@H](NC(=O)C1CCCC1)c1cccs1,1,train
CCC1CCC(C(=O)N[C@@H](CCN2C3CCC2CC(n2c(C)nnc2C(C)C)C3)c2ccsc2)CC1,0,train
Cc1nnc(C(C)C)n1C1CC2CCC(C1)N2CC[C@H](NC(=O)C1CCC(F)(F)CC1)c1ccsc1,0,train
Cc1nnc(C(C)C)n1C1CC2CCC(C1)N2CC[C@H](NC(=O)C1CCCC1)c1ccsc1,1,train
Cc1ccc([C@H](CCN2C3CCC2CC(n2c(C)nnc2C(C)C)C3)NC(=O)C2CCC(F)(F)CC2)s1,1,train
Cc1nc2c(n1C1CC3CCC(C1)N3CC[C@H](NC(=O)C1CCC(F)(F)CC1)c1ccsc1)CCN(C(=O)C(C)C)C2,1,train
CCc1ccc([C@H](CCN2C3CCC2CC(n2c(C)nnc2C(C)C)C3)NC(=O)C2CCCCC2)s1,1,train
Cc1cc(C)c([C@H](CCN2C3CCC2CC(n2c(C)nnc2C(C)C)C3)NC(=O)C2CCCCC2)s1,1,test
Cc1sc([C@H](CCN2C3CCC2CC(n2c(C)nnc2C(C)C)C3)NC(=O)C2CCC(F)(F)CC2)c(C)c1C,1,train
Cc1nnc(C(C)C)n1[C@H]1C[C@H]2CC[C@@H](C1)N2CC[C@H](NC(=O)C1CCC(F)(F)CC1)c1ccccc1,1,train
OC(c1ccc(F)c(-c2ncnc3cc(N4CCOCC4)ccc23)c1)c1c(F)cncc1F,0,train
OC(c1ccc(F)c(-c2ncnc3cc(N4CCOCC4)ccc23)c1)c1cncc(F)c1Cl,0,train
O=c1[nH]ccnc1C(O)c1ccc(F)c(-c2ncnc3cc(N4CCOCC4)ccc23)c1,0,train
COc1nnc(Cl)cc1C(O)c1cc(-c2ncnc3cc(N4CCOCC4)ccc23)c(F)cc1Cl,0,train
COc1cc(C(O)c2ccc(F)c(-c3ncnc4cc(N5CCOCC5)ccc34)c2)c(Cl)nn1,0,train
COc1cc(Cl)nnc1C(O)c1cc(-c2ncnc3cc(N4CCOCC4)ccc23)c(F)cc1Cl,0,train
COc1nnccc1C(O)c1ccc(F)c(-c2ncnc3cc(N4CCOCC4)ccc23)c1,0,train
CC(C)(C)Oc1nccnc1C(O)c1ccc(F)c(-c2ncnc3cc(N4CCOCC4)ccc23)c1,0,train
COc1nccnc1C(O)c1ccc(F)c(-c2ncnc3cc(N4CCOCC4)ccc23)c1,0,train
OC(c1ccc(F)c(-c2ncnc3cc(N4CCOCC4)ccc23)c1)c1c(Cl)cncc1Cl,0,train
COc1ccnnc1C(O)c1ccc(F)c(-c2ncnc3cc(N4CCOCC4)ccc23)c1,0,train
OC(c1ccc(F)c(-c2ncnc3cc(N4CCOCC4)sc23)c1)c1nccnc1Cl,0,train
OC(c1ccc(F)c(-c2ncnc3cc(N4CCOCC4)ccc23)c1)c1nccnc1Cl,0,train
OC(c1cccnn1)c1cc(-c2ncnc3cc(N4CCOCC4)ccc23)c(F)cc1Cl,0,train
COc1cnc(C(O)c2ccc(F)c(-c3ncnc4cc(N5CCOCC5)ccc34)c2)c(Cl)c1,0,train
OC(c1ccc(F)c(-c2ncnc3cc(N4CCOCC4)ccc23)c1)c1nccnc1OC1COC1,0,train
OC(c1cnccn1)c1cc(-c2ncnc3cc(N4CCOCC4)ccc23)c(F)cc1Cl,0,train
OC(c1ccc(F)c(-c2ncnc3cc(N4CCOCC4)ccc23)c1)c1nc(Cl)cnc1Cl,0,train
OC(c1ccn2nccc2n1)c1cc(-c2ncnc3cc(N4CCOCC4)ccc23)c(F)cc1Cl,0,train
COc1nnc(C(O)c2cc(-c3ncnc4cc(N5CCOCC5)ccc34)c(F)cc2Cl)c2ccncc12,0,train
OC(c1ccc(Cl)nn1)c1cc(-c2ncnc3cc(N4CCOCC4)ccc23)c(F)cc1Cl,0,train
OC(c1ccc(F)c(-c2ncnc3cc(N4CCOCC4)ccc23)c1)c1ncccc1Cl,0,train
Cn1nc(C(O)c2cc(-c3ncnc4cc(N5CCOCC5)ccc34)c(F)cc2Cl)ccc1=O,0,train
Cc1cnnc(C(O)c2cc(-c3ncnc4cc(N5CCOCC5)ccc34)c(F)cc2Cl)c1,0,train
OC(c1cccnn1)c1cc(-c2ncnc3cc(N4CCOCC4)ccc23)c(F)cc1F,0,train
OC(c1ccc2nccn2n1)c1cc(-c2ncnc3cc(N4CCOCC4)ccc23)c(F)cc1F,0,train
OC(c1ccc2nccn2n1)c1cc(-c2ncnc3cc(N4CCOCC4)ccc23)c(F)cc1Cl,0,train
COc1cnc(C(O)c2ccc(F)c(-c3ncnc4cc(N5CCOCC5)ccc34)c2)cn1,0,train
OC(c1cc(-c2ncnc3cc(N4CCOCC4)ccc23)c(F)cc1Cl)c1nccnc1Cl,0,train
OC(c1ccc(F)c(-c2ncnc3cc(N4CCOCC4)ccc23)c1)c1c(F)cncc1Cl,0,train
Cc1nccnc1C(O)c1ccc(F)c(-c2ncnc3cc(N4CCOCC4)ccc23)c1,0,train
CCOc1cnnc(C(O)c2ccc(F)c(-c3ncnc4cc(N5CCOCC5)ccc34)c2)c1,0,train
Cc1nccnc1[C@H](O)c1cc(-c2ncnc3cc(N4CCOCC4)ccc23)c(F)cc1F,0,train
Cc1nccnc1C(O)c1cc(-c2ncnc3cc(N4CCOCC4)ccc23)c(F)cc1F,0,train
COc1cncnc1C(O)c1ccc(F)c(-c2ncnc3cc(N4CCOCC4)ccc23)c1,0,train
Cc1cnc(C)c(C(O)c2cc(-c3ncnc4cc(N5CCOCC5)ccc34)c(F)cc2F)n1,0,train
OC(c1cc(-c2ncnc3cc(N4CCOCC4)ccc23)ccc1Cl)c1ncnc2ccsc12,0,train
CCn1nc(C(O)c2cc(-c3ncnc4cc(N5CCOCC5)ccc34)c(F)cc2Cl)ccc1=O,0,train
OC(c1ccc(OC2COC2)nn1)c1cc(-c2ncnc3cc(N4CCOCC4)ccc23)c(F)cc1Cl,0,train
CC(C#N)Oc1ccc(C(O)c2cc(-c3ncnc4cc(N5CCOCC5)ccc34)c(F)cc2Cl)nn1,0,train
OCCNc1nccnc1C(O)c1ccc(F)c(-c2ncnc3cc(N4CCOCC4)ccc23)c1,0,train
CSc1ccc(C(O)c2cc(-c3ncnc4cc(N5CCOCC5)ccc34)c(F)cc2Cl)nn1,0,train
COc1nnc(C(O)c2cc(-c3ncnc4cc(N5CCOCC5)ccc34)c(F)cc2Cl)cc1C,0,train
COCCOc1ccc(C(O)c2cc(-c3ncnc4cc(N5CCOCC5)ccc34)c(F)cc2Cl)nn1,0,train
OC(c1ccc(OCC(F)(F)F)nn1)c1cc(-c2ncnc3cc(N4CCOCC4)ccc23)c(F)cc1Cl,0,train
Nc1nccnc1C(O)c1cc(-c2ncnc3cc(N4CCOCC4)ccc23)c(F)cc1Cl,0,train
N#Cc1ccc(C(O)c2cc(-c3ncnc4cc(N5CCOCC5)ccc34)c(F)cc2Cl)nn1,0,train
N#CCOc1ccc(C(O)c2cc(-c3ncnc4cc(N5CCOCC5)ccc34)c(F)cc2Cl)nn1,0,train
OC(c1ccc(F)c(-c2ncnc3cc(N4CCOCC4)ccc23)c1)c1ccc(OC(F)F)nn1,0,train
C#CC(O)(c1ccc(OC)nn1)c1cc(-c2ncnc3cc(N4CCOCC4)ccc23)c(F)cc1Cl,0,val
COc1ccc(C(C)(O)c2cc(-c3ncnc4cc(N5CCOCC5)ccc34)c(F)cc2Cl)nn1,0,val
COc1ccc(C(O)c2cc(-c3ncnc4cc(N5CCOCC5)sc34)c(F)cc2Cl)nn1,0,val
COc1ccc(C(O)c2cc(-c3ncnc4cc(N5CCOCC5)ccc34)c(F)cc2Cl)nn1,0,train
COc1ccc(C(O)c2cc(-c3ncnc4cc(N5CCOCC5)ccc34)c(F)cc2F)nn1,0,train
CCOc1ccc(C(O)c2ccc(F)c(-c3ncnc4cc(N5CCOCC5)ccc34)c2)nn1,0,train
CC(O)(c1cncc(-c2ncnc3cc(N4CCOCC4)ccc23)c1)c1nccs1,0,train
OC(c1ccc(F)c(-c2ncnc3cc(N4CCOCC4)ncc23)c1)c1nccs1,0,train
OCc1csc(C(O)c2cc(-c3ncnc4cc(N5CCOCC5)ncc34)c(F)cc2Cl)n1,0,val
CNCc1csc(C(O)c2cc(-c3ncnc4cc(N5CCOCC5)ccc34)c(F)cc2Cl)n1,0,train
OC(c1ccc(F)c(-c2ncnc3cc(N4CCOCC4)sc23)c1)c1nccs1,0,train
OC(c1ccc(-c2ncnc3cc(N4CCOCC4)ccc23)s1)c1nccs1,0,train
OC(c1cccc(-c2ncnc3cc(N4CCOCC4)ccc23)c1)c1nccs1,0,train
CC(O)(c1cccc(-c2ncnc3cc(N4CCOCC4)ccc23)c1)c1nccs1,0,train
CC(O)(c1ccc(F)c(-c2ncnc3cc(N4CCOCC4)ccc23)c1)c1nccs1,0,train
OCc1csc(C(O)c2cc(-c3ncnc4cc(N5C6CCC5COC6)ccc34)c(F)cc2Cl)n1,0,val
OC(c1cnc(F)c(-c2ncnc3cc(N4CCOCC4)ccc23)c1)c1nccs1,0,train
CCNCc1csc(C(O)c2cc(-c3ncnc4cc(N5CCOCC5)ccc34)c(F)cc2Cl)n1,0,train
Cc1nc(C(O)c2cc(-c3ncnc4cc(N5CCOCC5)ncc34)cnc2F)sc1C,0,train
Cc1csc(C(O)c2cnc(F)c(-c3ncnc4cc(N5CCOCC5)ncc34)c2)n1,0,train
CC(O)c1csc(C(O)c2cc(-c3ncnc4cc(N5CCOCC5)ccc34)c(F)cc2Cl)n1,0,train
CCn1cc(C(O)c2cc(-c3ncnc4cc(N5CCOCC5)ccc34)c(F)cc2Cl)cn1,0,train
Cc1nc(C(O)c2cnc(F)c(-c3ncnc4cc(N5CCOCC5)ncc34)c2)sc1C,0,train
Cc1nc(C(O)c2cc(-c3ncnc4cc(N5CCOCC5)ccc34)cnc2F)sc1C,0,val
Cc1cc(F)c(-c2ncnc3cc(N4CCOCC4)ccc23)cc1C(O)c1nccs1,0,train
Cn1nccc1C(O)c1ccc(F)c(-c2nc(Cl)nc3cc(N4CCOCC4)ccc23)c1,0,val
C#Cc1nc(-c2cc(C(O)c3nccs3)ccc2F)c2ccc(N3CCOCC3)cc2n1,0,test
OC(c1ccccn1)c1cc(-c2ncnc3cc(N4CCOCC4)ccc23)c(F)cc1F,0,train
Cn1nc(C(O)c2cc(-c3ncnc4cc(N5CCOCC5)ccc34)c(F)cc2F)ccc1=O,0,train
COc1ccc(C(O)c2cc(-c3ncnc4cc(N5CCOCC5)ccc34)c(F)cc2F)cn1,0,train
COc1ccc(C(O)c2cc(-c3ncnc4cc(N5CCOCC5)ccc34)c(F)cc2F)nc1,0,train
CNC(=O)C(c1ccc(F)c(-c2ncnc3cc(N4CCOCC4)ccc23)c1)c1ncccc1Cl,0,train
Cc1nccnc1C(O)c1ccc(F)c(-c2ncnc3cc(N4CCOCC4)cnc23)c1,0,test
COc1nccnc1C(O)c1cc(-c2ncnc3cc(N4CCOCC4)ccc23)c(F)cc1Cl,0,train
COc1nccnc1C(O)c1cc(-c2ncnc3cc(N4CCOCC4)cnc23)c(F)cc1Cl,0,train
COc1nccnc1C(C(N)=O)c1cc(-c2ncnc3cc(N4CCOCC4)cc(F)c23)c(F)cc1Cl,0,train
NC(=O)C(c1ccc(F)c(-c2ncnc3cc(N4CCOCC4)ccc23)c1)c1nncc2sccc12,0,train
NC(=O)C(c1cc(-c2ncnc3cc(N4CCOCC4)ccc23)c(F)cc1Cl)c1ncccc1Cl,0,train
NC(=O)C(c1cncc(Cl)c1)c1ccc(F)c(-c2ncnc3cc(N4CCOCC4)ccc23)c1,0,train
Cc1nccnc1C(C(N)=O)c1cc(-c2ncnc3cc(N4CCOCC4)ccc23)ccc1Cl,0,train
COc1ccc(C(C(N)=O)c2cc(-c3ncnc4cc(N5CCOCC5)ccc34)ccc2Cl)nn1,0,train
NC(=O)C(c1ccc(F)c(-c2ncnc3cc(N4CCOCC4)ccc23)c1)c1ncccc1Cl,0,train
Cc1ncc(C(O)c2ccc(F)c(-c3ncnc4cc(N5CCOCC5)ccc34)c2)nc1C,0,train
NC(=O)C(c1cc(-c2ncnc3cc(N4CCOCC4)ccc23)ccc1Cl)c1nccnc1Cl,0,val
COc1nccnc1C(C(N)=O)c1cc(-c2ncnc3cc(N4CCOCC4)ccc23)ccc1F,0,train
Cn1nc(C(C(N)=O)c2ccc(F)c(-c3ncnc4cc(N5CCOCC5)ccc34)c2)ccc1=O,0,train
NC(=O)C(c1ccc(F)c(-c2ncnc3cc(N4CCOCC4)ccc23)c1)c1c(F)cncc1F,0,train
NC(=O)C(c1ccc(F)c(-c2ncnc3cc(N4CCOCC4)ccc23)c1)c1cncc(F)c1Cl,0,train
NC(=O)C(c1ccc2nccn2n1)c1cc(-c2ncnc3cc(N4CCOCC4)ccc23)c(F)cc1Cl,0,val
COc1ccc(C(C(N)=O)c2cc(-c3ncnc4cc(N5CCOCC5)ccc34)c(F)cc2Cl)nn1,0,train
OC(c1ccc(F)c(-c2ncnc3cc(N4CCOCC4)ccc23)c1)c1nncc2ccsc12,0,train
OC(c1ccc(F)c(-c2ncnc3cc(N4CCOCC4)ccc23)c1)c1nncc2sccc12,0,train
O=c1[nH]nc(C(O)c2ccc(F)c(-c3ncnc4cc(N5CCOCC5)ccc34)c2)c2sccc12,0,test
OC(c1cc(-c2ncnc3cc(N4CCOCC4)ccc23)c(F)cc1F)c1nncc2sccc12,0,train
OC(c1ccc(F)c(-c2ncnc3cc(N4CCOCC4)ccc23)c1)c1nnc2ccccn12,0,train
Cn1cnc2c(C(O)c3cc(-c4ncnc5cc(N6CCOCC6)ccc45)c(F)cc3F)ncnc21,0,train
NC(=O)C(c1cc(-c2ncnc3cc(N4CCOCC4)ccc23)c(F)cc1F)c1nncn2cccc12,0,test
Cc1cnc(C(O)c2cc(-c3ncnc4cc(N5CCOCC5)ccc34)c(F)cc2F)c(C)n1,0,train
OC(c1cc(-c2ncnc3cc(N4CCOCC4)ccc23)c(F)cc1F)c1nccn2cccc12,0,train
Cn1c(C(O)c2cc(-c3ncnc4cc(N5CCOCC5)ccc34)ccc2Cl)cccc1=O,0,train
OC(c1cc(-c2ncnc3cc(N4CCOCC4)ccc23)ccc1Cl)c1nccn2ccnc12,0,train
Cn1cnc2c(C(O)c3cc(-c4ncnc5cc(N6CCOCC6)ccc45)ccc3Cl)ncnc21,0,train
OC(c1cc(-c2ncnc3cc(N4CCOCC4)ccc23)ccc1F)c1cccc2nncn12,0,train
OC(c1cc(-c2ncnc3cc(N4CCOCC4)ccc23)ccc1F)c1ncnc2ccoc12,0,train
Cc1cncnc1C(C(N)=O)c1cc(-c2ncnc3cc(N4CCOCC4)ccc23)ccc1Cl,0,val
Cn1c(C(O)c2cc(-c3ncnc4cc(N5CCOCC5)ccc34)c(F)cc2Cl)cccc1=O,0,train
OC(c1cc(-c2ncnc3cc(N4CCOCC4)ccc23)c(F)cc1F)c1ncnc2c1CCNC2,0,train
OC(c1ccc(F)c(-c2ncnc3cc(N4CCOCC4)ccc23)c1)c1ncnc2c1CCNC2,0,train
OC(c1cc(-c2ncnc3cc(N4CCOCC4)ccc23)ccc1Cl)c1ncncc1F,0,train
Cn1ncc2c(C(O)c3cc(-c4ncnc5cc(N6CCOCC6)ccc45)ccc3F)ncnc21,0,train
Cc1cncnc1C(O)c1cc(-c2ncnc3cc(N4CCOCC4)ccc23)ccc1F,0,train
Cc1nccnc1C(O)c1cc(-c2ncnc3cc(N4CCOCC4)ccc23)ccc1F,0,train
OC(c1cc(-c2ncnc3cc(N4CCOCC4)ccc23)c(F)cc1Cl)c1nccn2ccnc12,0,train
Cn1c(C(O)c2cc(-c3ncnc4cc(N5CCOCC5)ccc34)ccc2F)cccc1=O,0,train
Cn1ncc2c(C(O)c3cc(-c4ncnc5cc(N6CCOCC6)ccc45)c(F)cc3Cl)ncnc21,0,train
Cn1ncc2c(C(O)c3cc(-c4ncnc5cc(N6CCOCC6)ccc45)c(F)cc3F)ncnc21,0,train
OC(c1cc(-c2ncnc3cc(N4CCOCC4)ccc23)ccc1F)c1ncnc2sccc12,0,train
COc1cncnc1C(O)c1cc(-c2ncnc3cc(N4CCOCC4)ccc23)ccc1Cl,0,train
COc1nccnc1C(O)c1cc(-c2ncnc3cc(N4CCOCC4)ccc23)ccc1Cl,0,train
OC(c1cc(-c2ncnc3cc(N4CCOCC4)ccc23)ccc1Cl)c1ncnc2ccoc12,0,train
OC(c1cc(-c2ncnc3cc(N4CCOCC4)ccc23)ccc1Cl)c1ncnc2occc12,0,train
Cc1cncnc1C(O)c1cc(-c2ncnc3cc(N4CCOCC4)ccc23)ccc1Cl,0,train
Cc1nccnc1C(O)c1cc(-c2ncnc3cc(N4CCOCC4)ccc23)ccc1Cl,0,train
OC(c1ccc(F)c(-c2ncnc3cc(N4CCOCC4)ccc23)c1)c1ncnc2sccc12,0,train
OC(c1ccc(F)c(-c2ncnc3cc(N4CCOCC4)ccc23)c1)c1ncnc2ccsc12,0,train
OC(c1cc(-c2ncnc3cc(N4CCOCC4)ccc23)c(F)cc1F)c1ncnc2ccsc12,0,train
OC(c1cc(-c2ncnc3cc(N4CCOCC4)ccc23)c(F)cc1Cl)c1ncnc2ccoc12,0,train
COc1cncnc1C(O)c1cc(-c2ncnc3cc(N4CCOCC4)ccc23)c(F)cc1Cl,0,train
COc1cncnc1C(O)c1cc(-c2ncnc3cc(N4CCOCC4)ccc23)c(F)cc1F,0,train
OC(c1cc(-c2ncnc3cc(N4CCOCC4)ccc23)c(F)cc1F)c1nccnc1OC(F)F,0,train
COc1nccnc1C(O)c1cc(-c2ncnc3cc(N4CCOCC4)ccc23)c(F)cc1F,0,train
COc1nccnc1[C@H](O)c1cc(-c2ncnc3cc(N4CCOCC4)ccc23)c(F)cc1F,0,train
COc1nccnc1[C@@H](O)c1cc(-c2ncnc3cc(N4CCOCC4)ccc23)c(F)cc1F,0,train
COc1ccc(C(O)c2cc(-c3ncnc4cc(N5CCOCC5)ccc34)ccc2Cl)nn1,0,train
CCc1nccnc1C(O)c1ccc(F)c(-c2ncnc3cc(N4CCOCC4)ccc23)c1,0,train
CCOc1cccnc1C(O)c1ccc(F)c(-c2ncnc3cc(N4CCOCC4)ccc23)c1,0,train
OC(c1ccc(F)c(-c2ncnc3cc(N4CCOCC4)ccc23)c1)c1nccnc1OC(F)F,0,train
OC(c1cccnn1)c1cc(-c2ncnc3cc(N4CCOCC4)ccc23)ccc1Cl,0,train
COc1cnc(C(O)c2ccc(F)c(-c3ncnc4cc(N5CCOCC5)ccc34)c2)c(Br)c1,0,train
OC(c1cn2ccsc2n1)c1cc(-c2ncnc3cc(N4CCOCC4)ccc23)c(F)cc1F,0,train
OC(c1ccc(F)c(-c2ncnc3cc(N4CCOCC4)ccc23)c1)c1ncccc1OC(F)(F)F,0,train
CCn1c(N2CCNCC2)nc2c([N+](=O)[O-])c(Br)c(Br)cc21,0,train
CCn1c(N2CCN(C(=O)OC(C)(C)C)CC2)nc2c(C#N)c(Br)c(Br)cc21,1,test
CCn1c(N2CCNC(=O)C2)nc2c([N+](=O)[O-])c(Br)c(Br)cc21,1,train
CCCn1c(N2CCNCC2)nc2c([N+](=O)[O-])c(Br)c(Br)cc21,1,train
CC(C)Cn1c(N2CCNCC2)nc2c([N+](=O)[O-])c(Br)c(Br)cc21,1,train
CC(C)(C)OC(=O)N1CCN(c2nc3c([N+](=O)[O-])c(Br)c(Br)cc3[nH]2)CC1,1,test
CCCn1c(NCCCN)nc2c([N+](=O)[O-])c(Br)c(Br)cc21,1,train
CCn1c(N[C@H]2CCCNC2)nc2c([N+](=O)[O-])c(Br)c(Br)cc21,1,train
NCCCNc1nc2c([N+](=O)[O-])c(Br)c(Br)cc2n1CC1CC1,1,train
CC(C)Cn1c(NC2CCCNCC2)nc2c([N+](=O)[O-])c(Br)c(Br)cc21,1,train
CCn1c(N2CCNCC2C)nc2c([N+](=O)[O-])c(Br)c(Br)cc21,1,train
CCn1c(N2CCCCC(N)C2)nc2c([N+](=O)[O-])c(Br)c(Br)cc21,1,train
CCn1c(N2CCC[C@H](N)C2)nc2c([N+](=O)[O-])c(Br)c(Br)cc21,1,train
CCn1c(N2CCC[C@@H](N)C2)nc2c([N+](=O)[O-])c(Br)c(Br)cc21,1,train
CCn1c(NCCN)nc2c([N+](=O)[O-])c(Br)c(Br)cc21,1,train
CCn1c(NCC2CCCN2)nc2c([N+](=O)[O-])c(Br)c(Br)cc21,1,train
CC(C)n1c(N2CCC[C@H](N)C2)nc2c([N+](=O)[O-])c(Br)c(Br)cc21,1,train
CC(C)n1c(N2CCOC(CN)C2)nc2c([N+](=O)[O-])c(Br)c(Br)cc21,1,train
CC(C)n1c(NCC2CNCCO2)nc2c([N+](=O)[O-])c(Br)c(Br)cc21,1,train
CC(C)n1c(N[C@@H]2CCCNC2)nc2c([N+](=O)[O-])c(Br)c(Br)cc21,1,train
CC(C)n1c(N2CCNC[C@H]2C)nc2c([N+](=O)[O-])c(Br)c(Br)cc21,1,train
CC(C)n1c(N2CC[C@@H](N)C2)nc2c([N+](=O)[O-])c(Br)c(Br)cc21,1,train
CC(C)n1c(N2CC[C@H](N)C2)nc2c([N+](=O)[O-])c(Br)c(Br)cc21,1,train
CC(C)n1c(N2CC[C@@H](N)C2)nc2c(C#N)c(Br)c(Br)cc21,1,train
CC(C)n1c(N[C@H]2CCNC2)nc2c([N+](=O)[O-])c(Br)c(Br)cc21,1,train
CC(C)n1c(N2CCOC(CN)C2)nc2c(C#N)c(Br)c(Br)cc21,1,test
O[C@@H](c1ccc(F)c(-c2ncnc3cc(N4CCOCC4)ccc23)c1)c1nccnc1Cl,0,train
Cn1ccnc1C(O)c1ccc(F)c(-c2nc(Cl)nc3cc(N4CCOCC4)ccc23)c1,0,val
COc1ccc(C(O)c2cc(-c3ncnc4cc(N5CCOCC5)ccc34)c(F)cc2Cl)cc1,0,train
COc1nccnc1C(C(N)=O)c1cc(-c2ncnc3cc(N4CCOCC4)ccc23)c(F)cc1F,0,train
NC(=O)C(c1cc(-c2ncnc3cc(N4CCOCC4)ccc23)c(F)cc1F)c1nccn2cccc12,0,train
COc1nccnc1[C@H](O)c1cc(-c2ncnc3cc(N4CCOCC4)ccc23)c(F)cc1Cl,0,train
COc1nccnc1[C@@H](O)c1cc(-c2ncnc3cc(N4CCOCC4)ccc23)c(F)cc1Cl,0,train
Cc1nsc(-c2nnc3n2CCN(C(=O)c2ccc(Cl)cc2)C3)n1,0,test
C[C@@H]1Cc2c([nH]c3ccccc23)[C@@H](c2cccc(OCCNCCCF)c2)N1CC1(F)COC1,1,train
COc1ccc(OCCNCCCF)cc1[C@@H]1c2[nH]c3ccccc3c2C[C@@H](C)N1CC(F)F,1,train
COc1ccc(OCCNCCCF)cc1[C@@H]1c2[nH]c3ccccc3c2C[C@@H](C)N1CC(F)(F)F,1,train
COc1ccc(OCCNCCCF)cc1[C@@H]1c2[nH]c3ccccc3c2C[C@@H](C)N1CC(F)(F)CO,1,train
C[C@@H]1Cc2c([nH]c3ccccc23)[C@@H](c2c(F)ccc(OCCNCCCF)c2F)N1CC(F)(F)F,1,train
C[C@@H]1Cc2c([nH]c3ccccc23)[C@@H](c2cc(OCCNCCCF)ccc2F)N1CC(F)(F)F,1,train
COc1ccc(OCCNCCCF)c(F)c1[C@@H]1c2[nH]c3ccccc3c2C[C@@H](C)N1CC(F)(F)F,1,train
COc1cnc(OCCNCCCF)cc1[C@@H]1c2[nH]c3ccccc3c2C[C@@H](C)N1CC(F)(F)F,1,train
C[C@@H]1Cc2c([nH]c3ccccc23)[C@@H](c2c(F)ccc(OCCNCCCF)c2F)N1CC1(F)COC1,1,train
C[C@@H]1Cc2c([nH]c3ccccc23)[C@@H](c2c(F)ccc(OCCNCCCF)c2F)N1CC(F)(F)CO,1,train
C[C@@H]1Cc2c([nH]c3ccc(F)cc23)[C@@H](c2c(F)ccc(OCCNCCCF)c2F)N1CC(F)(F)CO,1,train
Cc1ccc(OCCNCCCF)cc1[C@@H]1c2[nH]c3ccccc3c2C[C@@H](C)N1CC(F)(F)F,1,train
Cc1cc(OCCNCCCF)cc([C@@H]2c3[nH]c4ccccc4c3C[C@@H](C)N2CC(F)(F)F)c1,1,train
Cc1c(OCCNCCCF)cccc1[C@@H]1c2[nH]c3ccccc3c2C[C@@H](C)N1CC(F)(F)F,1,train
C[C@@H]1Cc2c([nH]c3ccccc23)[C@@H](c2cc(OCCNCCCF)ccc2Cl)N1CC(F)(F)F,1,train
C[C@@H]1Cc2c([nH]c3ccccc23)[C@@H](c2cc(OCCNCCCF)ccc2C#N)N1CC(F)(F)F,1,train
C[C@@H]1Cc2c([nH]c3ccccc23)[C@@H](c2cccc(OCCNCCCF)c2F)N1CC(F)(F)F,1,train
C[C@@H]1Cc2c([nH]c3ccccc23)[C@@H](c2cccc(OCCNCCCF)c2Cl)N1CC(F)(F)F,1,train
COc1ccc(OCCNCCCF)c(C)c1[C@@H]1c2[nH]c3ccccc3c2C[C@@H](C)N1CC(F)(F)F,1,train
COc1c(F)cc(OCCNCCCF)cc1[C@@H]1c2[nH]c3ccccc3c2C[C@@H](C)N1CC(F)(F)F,1,train
COc1cc(F)c(OCCNCCCF)cc1[C@@H]1c2[nH]c3ccccc3c2C[C@@H](C)N1CC(F)(F)F,1,train
COc1c(F)cc(OCCNCCCF)c(F)c1[C@@H]1c2[nH]c3ccccc3c2C[C@@H](C)N1CC(F)(F)F,1,train
C[C@@H]1Cc2c([nH]c3ccccc23)[C@@H](c2cc(OCCNCCCF)cc(F)c2F)N1CC(F)(F)F,1,train
C[C@@H]1Cc2c([nH]c3ccccc23)[C@@H](c2cc(F)cc(OCCNCCCF)c2F)N1CC(F)(F)F,0,train
C[C@@H]1Cc2c([nH]c3ccccc23)[C@@H](c2c(F)c(F)cc(OCCNCCCF)c2F)N1CC(F)(F)F,1,train
Cc1c(OCCNCCCF)ccc(F)c1[C@@H]1c2[nH]c3ccccc3c2C[C@@H](C)N1CC(F)(F)F,1,train
C[C@@H]1Cc2c([nH]c3ccccc23)[C@@H](c2cccc(OCCNCCCF)n2)N1CC(F)(F)F,1,train
C[C@@H]1Cc2c([nH]c3ccccc23)[C@@H](c2cc(OCCNCCCF)ccn2)N1CC(F)(F)F,1,train
COc1ncc(OCCNCCCF)cc1[C@@H]1c2[nH]c3ccccc3c2C[C@@H](C)N1CC(F)(F)F,1,train
Cc1ncc(OCCNCCCF)cc1[C@@H]1c2[nH]c3ccccc3c2C[C@@H](C)N1CC(F)(F)F,1,train
Cc1c(OCCNCCCF)cncc1[C@@H]1c2[nH]c3ccccc3c2C[C@@H](C)N1CC(F)(F)F,1,train
C[C@@H]1Cc2c([nH]c3ccccc23)[C@@H](c2cc(OCCNCCCF)ncc2F)N1CC(F)(F)F,1,train
COc1ccc(NCCNCCCF)cc1[C@@H]1c2[nH]c3ccccc3c2C[C@@H](C)N1CC(F)(F)F,1,train
COc1ncc(NCCNCCCF)cc1[C@@H]1c2[nH]c3ccccc3c2C[C@@H](C)N1CC(F)(F)F,1,train
COc1cnc(NCCNCCCF)cc1[C@@H]1c2[nH]c3ccccc3c2C[C@@H](C)N1CC(F)(F)F,1,train
COc1ccc(NCCNCCCF)nc1[C@@H]1c2[nH]c3ccccc3c2C[C@@H](C)N1CC(F)(F)F,1,train
C[C@@H]1Cc2c([nH]c3ccccc23)[C@@H](c2cc(OCCNCCCF)ccc2Cl)N1CC(F)(F)CO,1,train
Cc1c(OCCNCCCF)ccc(F)c1[C@@H]1c2[nH]c3ccccc3c2C[C@@H](C)N1CC(F)(F)CO,1,train
COc1ccc(OCCNCCCF)cc1[C@@H]1c2[nH]c3ccc(F)cc3c2C[C@@H](C)N1CC(F)(F)CO,1,train
COc1ccc(O[C@H](C)CNCCCF)cc1[C@@H]1c2[nH]c3ccccc3c2C[C@@H](C)N1CC(F)(F)CO,1,train
COc1ccc(O[C@@H](C)CNCCCF)cc1[C@@H]1c2[nH]c3ccccc3c2C[C@@H](C)N1CC(F)(F)CO,1,train
COc1ccc(OC[C@H](C)NCCCF)cc1[C@@H]1c2[nH]c3ccccc3c2C[C@@H](C)N1CC(F)(F)CO,1,train
COc1ccc(OC[C@@H](C)NCCCF)cc1[C@@H]1c2[nH]c3ccccc3c2C[C@@H](C)N1CC(F)(F)CO,1,train
C[C@@H]1Cc2c([nH]c3ccccc23)[C@@H](c2c(F)ccc(OCCNCCCF)c2F)N1CC(F)F,1,train
COc1ccc(OCCNCCCF)cc1[C@@H]1c2[nH]c3ccccc3c2C[C@@H](C)N1CC1(F)CC1,1,train
C[C@@H]1Cc2c([nH]c3c(F)cccc23)[C@@H](c2c(F)ccc(OCCNCCCF)c2F)N1CC(F)(F)CO,1,train
C[C@@H]1Cc2c([nH]c3cc(F)ccc23)[C@@H](c2c(F)ccc(OCCNCCCF)c2F)N1CC(F)(F)CO,1,train
C[C@@H]1Cc2c([nH]c3cccc(F)c23)[C@@H](c2c(F)ccc(OCCNCCCF)c2F)N1CC(F)(F)CO,1,train
Cc1ccc2[nH]c3c(c2c1)C[C@@H](C)N(CC(F)(F)CO)[C@@H]3c1c(F)ccc(OCCNCCCF)c1F,1,train
C[C@@H]1Cc2c([nH]c3ccccc23)[C@@H](c2c(F)cnc(OCCNCCCF)c2F)N1CC(F)(F)CO,1,train
C[C@@H]1Cc2c([nH]c3ccc(F)cc23)[C@@H](c2c(F)cnc(OCCNCCCF)c2F)N1CC(F)(F)CO,1,train
Cc1ccc2[nH]c3c(c2c1)C[C@@H](C)N(CC(F)(F)CO)[C@@H]3c1c(F)cnc(OCCNCCCF)c1F,1,train
C[C@@H]1Cc2c([nH]c3ccc(F)cc23)[C@@H](c2c(F)cnc(OCCN(C)CCCF)c2F)N1CC(F)(F)CO,1,train
C[C@@H]1Cc2c([nH]c3ccccc23)[C@@H](c2cccc(OCCNCCCF)c2C(F)F)N1CC(F)(F)CO,1,train
C[C@@H]1Cc2c([nH]c3ccccc23)[C@@H](c2cccc(OCCNCCCF)c2C#N)N1CC(F)(F)F,1,train
C[C@@H]1Cc2c([nH]c3ccccc23)[C@@H](c2cc(OCCNCCCF)ccc2CO)N1CC(F)(F)F,1,train
COCc1ccc(OCCNCCCF)cc1[C@@H]1c2[nH]c3ccccc3c2C[C@@H](C)N1CC(F)(F)F,1,train
C[C@@H]1Cc2c([nH]c3ccccc23)[C@@H](c2cc(F)cc(OCCNCCCF)c2)N1CC(F)(F)F,1,train
C[C@@H]1Cc2c([nH]c3ccccc23)[C@@H](c2ccc(F)c(OCCNCCCF)c2)N1CC(F)(F)F,0,train
C[C@@H]1Cc2c([nH]c3ccccc23)[C@@](C)(c2cccc(OCCNCCCF)c2)N1CC(F)(F)F,1,val
C[C@@H]1Cc2c([nH]c3ccccc23)[C@@H](c2c(F)ccc(OCCNCCCF)c2F)N1CC1(F)CC1,1,train
C[C@@H]1Cc2c([nH]c3ccccc23)[C@@H](c2c(F)ccc(OCCNCCCF)c2F)N1CC1(S(C)(=O)=O)CC1,1,train
Cc1ccc(OCCNCCCF)c(C)c1[C@@H]1c2[nH]c3ccccc3c2C[C@@H](C)N1CC(F)(F)F,1,train
Cc1ccc(OCCNCCCF)c(F)c1[C@@H]1c2[nH]c3ccccc3c2C[C@@H](C)N1CC(F)(F)F,1,train
COc1ccc(OCCNCCCF)c(F)c1[C@@H]1c2[nH]c3ccccc3c2C[C@@H](C)N1CC(F)(F)CO,1,train
COc1ccc(OCCNCCCF)c(F)c1[C@@H]1c2[nH]c3ccccc3c2C[C@@H](C)N1CC(F)F,1,train
COc1ccc(OCCNCCCF)c(F)c1[C@@H]1c2[nH]c3ccccc3c2C[C@@H](C)N1CC1(F)CC1,1,train
COc1ccc(OCCNCCCF)c(F)c1[C@@H]1c2[nH]c3ccccc3c2C[C@@H](C)N1CC1(F)COC1,1,train
C[C@@H]1Cc2c([nH]c3ccccc23)[C@@H](c2c(F)ccc(OCCNCCCF)c2Cl)N1CC(F)(F)CO,1,train
COc1ccc(OCCNCCCF)c(F)c1[C@@H]1c2[nH]c3ccc(F)cc3c2C[C@@H](C)N1CC(F)(F)CO,1,train
Cc1c(OCCNCCCF)ccc(F)c1[C@@H]1c2[nH]c3ccccc3c2C[C@@H](C)N1CCC#N,1,train
C[C@@H]1Cc2c([nH]c3ccccc23)[C@@H](c2c(F)ccc(NCCNCCCF)c2F)N1CC(F)(F)F,1,train
C[C@@H]1Cc2c([nH]c3ccc(F)cc23)[C@@H](c2c(F)ccc(NCCNCCCF)c2F)N1CC(F)(F)CO,1,train
COc1ccc(NCCNCCCF)c(F)c1[C@@H]1c2[nH]c3ccccc3c2C[C@@H](C)N1CC(F)(F)F,1,train
COc1cc(F)c(NCCNCCCF)cc1[C@@H]1c2[nH]c3ccccc3c2C[C@@H](C)N1CC(F)(F)F,1,train
C[C@@H]1Cc2c([nH]c3ccccc23)[C@@H](c2nccc(OCCNCCCF)c2F)N1CC(F)(F)F,0,train
C[C@@H]1Cc2c([nH]c3ccccc23)[C@@H](c2nccc(OCCNCCCF)c2Cl)N1CC(F)(F)F,1,train
C[C@@H]1Cc2c([nH]c3ccccc23)[C@@H](c2nccc(NCCNCCCF)c2F)N1CC(F)(F)F,1,train
Cc1c(NCCNCCCF)ccnc1[C@@H]1c2[nH]c3ccccc3c2C[C@@H](C)N1CC(F)(F)F,1,train
Cc1c(OCCNCCCF)ccnc1[C@@H]1c2[nH]c3ccccc3c2C[C@@H](C)N1CC(F)(F)CO,1,train
C[C@@H]1Cc2c([nH]c3ccccc23)[C@@H](c2nccc(OCCNCCCF)c2F)N1CC(F)(F)CO,0,train
C[C@@H]1Cc2c([nH]c3ccccc23)[C@@H](c2nccc(OCCNCCCF)c2F)N1CC1(F)CC1,0,train
C[C@@H]1Cc2c([nH]c3ccccc23)[C@@H](c2nccc(OCCNCCCF)c2F)N1CC1(F)COC1,0,train
C[C@@H]1Cc2c([nH]c3ccccc23)[C@@H](c2cncc(OCCNCCCF)c2)N1CC(F)(F)F,1,train
C[C@@H]1Cc2c([nH]c3ccccc23)[C@@H](c2ccnc(OCCNCCCF)c2)N1CC(F)(F)F,1,train
Cc1c([C@@H]2c3[nH]c4ccccc4c3C[C@@H](C)N2CC(F)(F)CO)ccnc1OCCNCCCF,1,train
C[C@@H]1Cc2c([nH]c3ccccc23)[C@@H](c2ccnc(OCCNCCCF)c2Cl)N1CC(F)(F)CO,1,train
Cc1ccc(OCCNCCCF)nc1[C@@H]1c2[nH]c3ccccc3c2C[C@@H](C)N1CC(F)(F)F,1,train
Cc1c([C@@H]2c3[nH]c4ccccc4c3C[C@@H](C)N2CC(F)(F)F)ccnc1OCCNCCCF,1,train
C[C@@H]1Cc2c([nH]c3ccccc23)[C@@H](c2c(F)cnc(OCCNCCCF)c2F)N1CC(F)(F)F,1,train
C[C@@H]1Cc2c([nH]c3ccccc23)[C@@H](c2c(F)cnc(OCCNCCCF)c2F)N1CC1(F)CC1,1,train
Cc1c(OCCNCCCF)ncc(F)c1[C@@H]1c2[nH]c3ccccc3c2C[C@@H](C)N1CC(F)(F)CO,1,train
C[C@@H]1Cc2c([nH]c3ccccc23)[C@@H](c2c(F)cnc(OCCNCCCF)c2Cl)N1CC(F)(F)CO,1,train
COc1nnc(OCCNCCCF)cc1[C@@H]1c2[nH]c3ccccc3c2C[C@@H](C)N1CC(F)(F)F,0,train
Cc1c(OCCNCCCF)ncnc1[C@@H]1c2[nH]c3ccccc3c2C[C@@H](C)N1CC(F)(F)F,1,train
Cc1c(OCCNCCCF)ncnc1[C@@H]1c2[nH]c3ccccc3c2C[C@@H](C)N1CC(F)(F)CO,0,train
C[C@@H]1Cc2c([nH]c3ccccc23)[C@@H](c2c(F)ccc(OCCN(C)CCCF)c2F)N1CC1(F)COC1,1,train
FC(F)(F)c1ccc(CCN2CCC(Nc3ncnc4[nH]ncc34)C(F)(F)C2)cc1,1,train
FC1(F)CN(CCc2ccccc2)CCC1Nc1ncnc2[nH]ncc12,0,train
Fc1ccc(CCN2CCC(Nc3ncnc4[nH]ncc34)C(F)(F)C2)cc1,0,train
Cc1ccc(CCN2CCC(Nc3ncnc4[nH]ncc34)C(F)(F)C2)cc1,0,train
FC(F)c1ccc(CCN2CCC(Nc3ncnc4[nH]ncc34)C(F)(F)C2)cc1,1,train
Cc1ccc(COC(=O)N2CC[C@H](CNc3nccn4cnnc34)C(F)(F)C2)cc1,0,test
Cc1ccc(COC(=O)N2CC[C@@H](CNc3ncc4c[nH]nc4n3)C(F)(F)C2)cc1,1,train
CNC[C@H](c1ccc2ccccc2c1)[C@H](OCC(=O)NC)c1ccccc1,0,train
CNCC(Cc1ccccc1CO)c1ccc2ccccc2c1,0,train
CNC[C@H](c1ccc2ccccc2c1)[C@H](OCC(N)=O)c1ccccc1,0,train
CN1CO[C@H](c2ccccc2)[C@@H](c2ccc3ccccc3c2)C1,0,val
CNC[C@@H](Cc1ccccc1)c1ccc2ccccc2c1,1,train
CCNC(=O)CO[C@H](c1ccccc1)[C@H](CNC)c1ccc2ccccc2c1,0,train
CNC[C@H](c1ccc2ccccc2c1)[C@@H](O)c1ccncc1Cl,0,train
CNC[C@H](c1ccc2ccccc2c1)[C@H](F)c1ccccc1,1,train
CNC[C@H](c1ccc(Cl)c(Cl)c1)[C@H](O)c1ccccc1,1,train
CNC[C@H](c1ccc2ccccc2c1)[C@@H](F)c1ccccc1,0,train
CNC[C@H](c1ccc2ccccc2c1)[C@H](O)c1ccncc1,1,train
CNC[C@H](c1ccc2ccccc2c1)[C@H](OCC(=O)NC1CC1)c1ccccc1,0,train
CNC[C@H](c1ccc2ccccc2c1)[C@H](OCC(=O)NCCO)c1ccccc1,0,train
CNC[C@H](c1ccc2ccccc2c1)[C@H](O)c1ccccc1F,0,train
CNCC(c1ccc(Br)c(Cl)c1)[C@H](O)c1ccccc1,1,train
CNCC(Cc1ccccc1F)c1ccc2ccccc2c1,1,train
CNC[C@H](c1ccc2ccccc2c1)[C@H](OCc1cc(C)on1)c1ccccc1,1,train
CNC[C@H](c1ccc2ccccc2c1)[C@H](OCC(=O)N1CC[C@H](O)C1)c1ccccc1,0,train
CNC[C@H](c1ccc2ccccc2c1)[C@H](OCc1cc(C)no1)c1ccccc1,1,train
CNC[C@H](c1ccc(Br)c(Cl)c1)[C@@H](O)c1ccccc1,0,train
CNC[C@H](c1ccc2ccccc2c1)[C@H](OCc1noc(C)n1)c1ccccc1,0,train
CNC[C@H](c1ccc2ccccc2c1)[C@H](OCC(=O)N1CCOCC1)c1ccccc1,0,train
CNC[C@H](c1ccc(Cl)c(Cl)c1)[C@H](O)c1cccc(N)c1,0,train
CNCC(c1ccc2ccccc2c1)[C@H](CO)c1ccccc1,0,train
CNC[C@H](c1ccc2ccccc2c1)[C@H](O)c1ccc(Cl)nc1,1,train
CNC[C@H](c1ccc2ccccc2c1)[C@H](O)c1ccccc1C,0,train
CCCNC(=O)CO[C@H](c1ccccc1)[C@H](CNC)c1ccc2ccccc2c1,0,train
CNC[C@H](c1ccc2ccccc2c1)[C@H](OCC(=O)N1CCC1)c1ccccc1,0,train
CNC[C@H](c1ccc2ccccc2c1)[C@H](OCCO)c1ccccc1,0,train
CNC[C@H](c1ccc2ccccc2c1)[C@H](OCC(=O)N(C)C)c1ccccc1,0,train
CNC[C@H](c1ccc2ccccc2c1)[C@H](OCC(=O)N1CC[C@@H](O)C1)c1ccccc1,0,train
CCOC(=O)CO[C@H](c1ccccc1)[C@H](CNC)c1ccc2ccccc2c1,0,train
CNCC(c1ccc2ccccc2c1)C(OC)c1ccccc1,0,train
CNCC(Cc1ccccc1C)c1ccc2ccccc2c1,1,train
CNCC(Cc1cccs1)c1ccc2ccccc2c1,1,train
C[C@](CN)(Cc1cccnc1)c1ccc2ccccc2c1,0,test
CNC[C@H](c1ccc(Br)c(Cl)c1)[C@H](O)c1ccccc1,1,train
CNC[C@@H](Cc1ccc(C)s1)c1ccc2ccccc2c1,1,train
CNC[C@H](c1ccc2ccccc2c1)[C@H](OC)c1ccccc1,0,train
CNC[C@H](c1ccc2ccccc2c1)[C@H](O)c1cccs1,1,train
CNCC(Cc1cccnc1)c1ccc2ccccc2c1,0,train
CNC[C@@H](c1ccc2ccccc2c1)[C@@H](O)c1cccnc1,0,train
CNC[C@H](c1ccc2ccccc2c1)[C@H](OCC(=O)N1CCCC1)c1ccccc1,0,train
CNCC(Cc1ccccc1O)c1ccc2ccccc2c1,1,train
CNCC(c1ccc(Cl)c(Cl)c1)[C@H](O)c1ccccc1,1,train
CNCC(Cc1ccccc1OC)c1ccc2ccccc2c1,1,train
CNC[C@H](c1ccc2ccccc2c1)[C@H](O)c1ccc(Cl)s1,1,train
CNC[C@@H](Cc1cccnc1)c1ccc(Cl)c(Cl)c1,0,train
CNC[C@H](c1ccc2ccccc2c1)[C@@H](O)c1ccccc1F,0,train
CNC[C@H](c1ccc2ccccc2c1)[C@@H](Cl)c1ccccc1,1,train
CNC[C@H](c1ccc2ccccc2c1)[C@H](O)c1cccnc1,0,train
CNC[C@H](c1ccc(Cl)c(Cl)c1)[C@@H](O)c1cccc(N)c1,0,train
c1ccc([C@@H]2OCCNC[C@H]2c2ccc3ccccc3c2)cc1,0,test
CNC[C@H](c1ccc(Cl)c(Cl)c1)[C@@H](O)c1ccccc1[N+](=O)[O-],0,train
CNCC(CCc1ccccc1)[C@H](O)c1ccccc1,0,test
CNC[C@H](c1ccc2ccccc2c1)[C@H](OCc1nc(C)no1)c1ccccc1,0,train
CNC[C@H](c1ccc(Cl)c(Cl)c1)[C@@H](O)c1ccccc1,0,train
CNC[C@@H](c1ccc2ccccc2c1)[C@H](O)c1ccccn1,0,train
CNCC(c1ccc(F)c(Cl)c1)[C@H](O)c1ccccc1,0,train
CNC[C@H](c1ccc(Cl)c(Cl)c1)[C@H](O)c1cccc(Br)c1,1,train
CN1CCO[C@H](c2ccccc2)[C@@H](c2ccc3ccccc3c2)C1,1,val
CNC[C@@H](c1ccc2ccccc2c1)[C@@H](O)c1ccccc1F,0,train
CNCC(Cc1cccnc1)c1ccc(Cl)c(Cl)c1,0,train
CN(C)C[C@H](c1ccc2ccccc2c1)[C@H](N)c1ccccc1,0,val
CN(C)C[C@H](c1ccc2ccccc2c1)[C@H](O)c1ccccc1,1,train
CNCC(C[C@H](O)c1ccccc1)c1ccc2ccccc2c1,0,train
CN(C)CC(C)(c1ccc2ccccc2c1)C(O)c1ccccc1,1,test
CNC[C@H](c1ccc2ccccc2c1)[C@H](N)c1ccccc1,0,train
NC[C@@H](c1ccc2ccccc2c1)[C@@H](O)c1ccccc1,0,train
CN(C)C[C@H](c1ccc2ccccc2c1)[C@H](OCCO)c1ccccc1,1,test
NCC(c1ccc2ccccc2c1)[C@@H](O)c1ccccc1,0,train
CNC[C@H](c1ccc2ccccc2c1)[C@H](O)c1cncc(OC)c1,0,train
CNC[C@H](C[C@H](O)c1ccccc1)c1ccc2ccccc2c1,0,train
CNC[C@H](c1ccc(Cl)c(Cl)c1)[C@@H](O)c1cccc(NC(C)=O)c1,0,train
NC[C@H](c1ccc2ccccc2c1)[C@@H](O)c1ccncc1Cl,0,val
CNC[C@@H](c1ccc2ccccc2c1)[C@H](O)c1ccccc1F,0,train
CNC[C@H](c1ccc(Cl)c(Cl)c1)[C@@H](O)c1ccccc1SC,1,train
CNC[C@@H](c1ccc(Cl)c(Cl)c1)[C@H](O)c1cccc(NC(C)=O)c1,0,train
CNC[C@H](c1ccc(Cl)c(Cl)c1)[C@@H](O)c1ccccc1-c1cccs1,0,train
CNC[C@@H](c1ccc(Br)c(Cl)c1)[C@@H](O)c1ccccc1,1,train
CNC[C@@H](c1ccc(Cl)c(Cl)c1)[C@@H](O)c1ccccc1,0,train
NC[C@@H](c1ccc2ccccc2c1)C(O)c1ccncc1Cl,0,val
CN(C)C[C@H](c1ccc2ccccc2c1)[C@H](O)c1cccs1,1,test
CNC[C@H](c1ccc2ccccc2c1)[C@H](OC)c1ccc2c(c1)OCO2,1,test
NCC(Cc1ccccc1F)c1ccc2ccccc2c1,1,test
CNCC(Cc1ccc(C)s1)c1ccc2ccccc2c1,1,train
CNC[C@H](Cc1ccccc1O)c1ccc2ccccc2c1,1,train
CNC[C@H](c1ccc2ccccc2c1)[C@H](O)c1ccc2c(c1)OCCO2,0,train
CNC[C@@H](c1ccc2ccccc2c1)[C@@H](O)c1cccs1,1,train
CNC[C@@H](c1ccc2ccccc2c1)[C@@H](O)c1ccc2c(c1)OCCO2,0,train
CNC[C@H](c1ccc2ccccc2c1)[C@H](Cl)c1ccccc1,0,train
CNC[C@H](c1ccc(Cl)c(Cl)c1)[C@H](O)c1cccc(I)c1,1,train
CNC[C@@H](c1ccc(Cl)c(Cl)c1)[C@@H](O)c1ccsc1,1,train
CNC[C@@H](c1ccc(Cl)c(Cl)c1)[C@@H](O)c1cccc(SC)c1,1,train
CNC[C@H](c1ccc(Cl)c(Cl)c1)[C@H](O)c1ccccc1SC,1,train
CCc1ccccc1[C@@H](O)[C@H](CNC)c1ccc(Cl)c(Cl)c1,1,train
CNC[C@H](c1ccc(Cl)c(Cl)c1)[C@H](O)c1ccccc1OC,1,train
CNC[C@H](c1ccc(Cl)c(Cl)c1)[C@H](O)c1ccccc1I,1,train
CNC[C@H](c1ccc(Cl)c(Cl)c1)[C@@H](O)c1cccc(I)c1,1,train
CNC[C@H](c1ccc(Cl)c(Cl)c1)[C@H](O)c1cccc(OC)n1,0,test
CNC[C@@H](c1ccc(Cl)c(Cl)c1)[C@@H](OC)c1cccc(NS(=O)(=O)C(F)(F)F)c1,1,val
CNC[C@H](c1ccc2ccccc2c1)[C@H](O)c1ccccc1,1,train
CC(NC(C)(C)C)C(=O)c1cccc(Cl)c1,0,test
CNC[C@@H](c1ccc2ccccc2c1)[C@H](O)c1ccccc1,0,train
Cc1ncnn1Cc1cn(-c2ccc(Cl)cc2)nn1,0,train
Clc1ccc(-n2cc(Cn3ncnc3C3CCCC3)nn2)cc1,0,train
CCCc1nccn1Cc1cn(-c2ccc(Cl)cc2)nn1,1,train
CC(C)c1nccn1Cc1cn(-c2ccc(Cl)cc2)nn1,1,train
Cc1nccn1Cc1cn(-c2ccc(Cl)cc2)nn1,1,train
CCc1nccn1Cc1cn(-c2ccc(Cl)cc2)nn1,1,train
Clc1ccc(-n2cc(Cn3ccnc3Cl)nn2)cc1,1,train
CCCCc1nccn1Cc1cn(-c2ccc(Cl)cc2)nn1,1,train
OCc1nccn1Cc1cn(-c2ccc(Cl)cc2)nn1,1,train
Clc1ccc(-n2cc(Cn3ccnc3C3CC3)nn2)cc1,1,train
CC(C)(C)c1nccn1Cc1cn(-c2ccc(Cl)cc2)nn1,1,train
Cc1nccn1Cc1cn(-c2ccc(Cl)c(Cl)c2)nn1,1,train
CCc1nccn1Cc1cn(-c2ccc(Cl)c(Cl)c2)nn1,1,train
CCCc1nccn1Cc1cn(-c2ccc(Cl)c(Cl)c2)nn1,1,train
CC(C)c1nccn1Cc1cn(-c2ccc(Cl)c(Cl)c2)nn1,1,train
Clc1ccc(-n2cc(Cn3ccnc3C3CC3)nn2)cc1Cl,1,train
CCCCc1nccn1Cc1cn(-c2ccc(Cl)c(Cl)c2)nn1,1,train
CC(C)(C)c1nccn1Cc1cn(-c2ccc(Cl)c(Cl)c2)nn1,1,train
Clc1ccc(-n2cc(Cn3ccnc3C3CCC3)nn2)cc1Cl,1,train
OCCc1nccn1Cc1cn(-c2ccc(Cl)c(Cl)c2)nn1,1,train
FCCc1nccn1Cc1cn(-c2ccc(Cl)c(Cl)c2)nn1,1,train
CCc1nccn1Cc1cn(-c2ccc(F)c(Cl)c2)nn1,1,train
CCCc1nccn1Cc1cn(-c2ccc(F)c(Cl)c2)nn1,1,train
Fc1ccc(-n2cc(Cn3ccnc3C3CC3)nn2)cc1Cl,1,train
CCCCc1nccn1Cc1cn(-c2ccc(F)c(Cl)c2)nn1,1,train
Cc1nccn1Cc1cn(-c2ccc(Cl)cc2Cl)nn1,1,train
Cc1nccn1Cc1cn(-c2ccc(Cl)c(F)c2)nn1,1,train
Cc1nccn1Cc1cn(-c2ccc(F)c(Cl)c2)nn1,1,train
COc1cc(F)ccc1-n1cc(Cn2ccnc2C)nn1,1,test
Cc1ccc(-n2cc(Cn3ccnc3C)nn2)cc1F,1,train
Cc1cc(-n2cc(Cn3ccnc3C)nn2)ccc1F,1,train
Cc1cc(-n2cc(Cn3ccnc3C)nn2)ccc1Cl,1,train
Cc1nccn1Cc1cn(-c2ccc(Cl)c(C(F)(F)F)c2)nn1,1,train
Cc1nccn1Cc1cn(-c2cccc(OC(F)(F)F)c2)nn1,1,train
Cc1nccn1Cc1cn(-c2cccc(C(F)(F)F)c2)nn1,1,train
Cc1nccn1Cc1cn(-c2ccc(C(F)(F)F)cc2)nn1,1,train
Clc1ccc(-n2cc(Cn3ccnc3C3CC3)nn2)c(Cl)c1,1,train
Fc1cc(-n2cc(Cn3ccnc3C3CC3)nn2)ccc1Cl,1,train
COc1cc(F)ccc1-n1cc(Cn2ccnc2C2CC2)nn1,1,train
Cc1ccc(-n2cc(Cn3ccnc3C3CC3)nn2)cc1F,1,train
Cc1cc(-n2cc(Cn3ccnc3C3CC3)nn2)ccc1F,1,train
Cc1cc(-n2cc(Cn3ccnc3C3CC3)nn2)ccc1Cl,1,train
FC(F)(F)c1cc(-n2cc(Cn3ccnc3C3CC3)nn2)ccc1Cl,1,train
FC(F)(F)Oc1cccc(-n2cc(Cn3ccnc3C3CC3)nn2)c1,1,train
FC(F)(F)c1cccc(-n2cc(Cn3ccnc3C3CC3)nn2)c1,1,train
FC(F)(F)c1ccc(-n2cc(Cn3ccnc3C3CC3)nn2)cc1,1,train
CCc1nccn1Cc1cn(-c2ccc(Cl)c(C)c2)nn1,1,train
Cc1cc(-n2cc(Cn3ccnc3C(C)C)nn2)ccc1Cl,1,train
CCc1nccn1Cc1cn(-c2cccc(OC(F)(F)F)c2)nn1,1,train
CC(C)c1nccn1Cc1cn(-c2cccc(OC(F)(F)F)c2)nn1,1,train
Cc1cc(-n2cc(Cn3ccnc3CCO)nn2)ccc1Cl,1,train
Cc1cc(-n2cc(Cn3ccnc3CCF)nn2)ccc1Cl,1,train
Cc1nccn1Cc1cn(-c2cccc(C3CC3)c2)nn1,1,train
Cc1nccn1Cc1cn(-c2cccc(S(C)(=O)=O)c2)nn1,1,train
OCCc1nccn1Cc1cn(-c2cccc(C3CC3)c2)nn1,1,train
CS(=O)(=O)c1cccc(-n2cc(Cn3ccnc3CCO)nn2)c1,1,train
CS(=O)(=O)c1cccc(-n2cc(Cn3ccnc3CCF)nn2)c1,1,train
Cc1nccn1Cc1cn(-c2ccc(F)c(C(F)F)c2)nn1,1,train
Fc1ccc(-n2cc(Cn3ccnc3C3CC3)nn2)cc1C(F)F,1,train
CCc1nccn1Cc1cn(-c2ccc(F)c(C(F)F)c2)nn1,1,train
CC(C)c1nccn1Cc1cn(-c2ccc(F)c(C(F)F)c2)nn1,1,train
CCCc1nccn1Cc1cn(-c2ccc(F)c(C(F)F)c2)nn1,1,train
CCCCc1nccn1Cc1cn(-c2ccc(F)c(C(F)F)c2)nn1,1,train
CC(C)(C)c1nccn1Cc1cn(-c2ccc(F)c(C(F)F)c2)nn1,1,train
OCCc1nccn1Cc1cn(-c2ccc(F)c(C(F)F)c2)nn1,1,train
Cc1nccn1Cc1cn(-c2ccc(Cl)c(C(F)F)c2)nn1,1,train
FC(F)c1cc(-n2cc(Cn3ccnc3C3CC3)nn2)ccc1Cl,1,train
CCc1nccn1Cc1cn(-c2ccc(Cl)c(C(F)F)c2)nn1,1,train
CC(C)c1nccn1Cc1cn(-c2ccc(Cl)c(C(F)F)c2)nn1,1,train
Cc1nccn1Cc1cn(-c2ccc(Cl)c(OC(F)F)c2)nn1,1,train
FC(F)Oc1cc(-n2cc(Cn3ccnc3C3CC3)nn2)ccc1Cl,1,train
CC(C)(C)c1nccn1Cc1cn(-c2ccc(Cl)c(OC(F)F)c2)nn1,1,train
CCc1nccn1Cc1cn(-c2ccc(Cl)c(OC(F)F)c2)nn1,1,train
CC(C)c1nccn1Cc1cn(-c2ccc(Cl)c(OC(F)F)c2)nn1,1,train
OCCc1nccn1Cc1cn(-c2ccc(Cl)c(OC(F)F)c2)nn1,1,train
FCCc1nccn1Cc1cn(-c2ccc(Cl)c(OC(F)F)c2)nn1,1,train
Cc1nccn1Cc1cn(-c2ccc(F)c(OC(F)F)c2)nn1,1,train
OCCc1nccn1Cc1cn(-c2ccc(F)c(OC(F)F)c2)nn1,1,train
Cc1nccn1Cc1cn(-c2cc(F)cc(C(F)F)c2)nn1,1,train
OCCc1nccn1Cc1cn(-c2cc(F)cc(C(F)F)c2)nn1,1,train
FCCc1nccn1Cc1cn(-c2cc(F)cc(C(F)F)c2)cn1,1,test
Cc1nccn1Cc1cn(-c2ccc(F)c(C(C)(F)F)c2)nn1,1,train
CC(F)(F)c1cc(-n2cc(Cn3ccnc3CCO)nn2)ccc1F,1,train
Cn1nccc1Cc1cn(-c2ccc(F)c(Cl)c2)nn1,1,test
Nc1nccn1Cc1cn(-c2ccc(Cl)c(OC(F)F)c2)nn1,1,train
Nc1nccn1Cc1cn(-c2cc(F)cc(C(F)F)c2)nn1,1,train
Nc1nccn1Cc1cn(-c2ccc(Cl)c(C(F)F)c2)nn1,1,train
Nc1nccn1Cc1cn(-c2ccc(F)c(C(F)F)c2)nn1,1,train
CC(F)(F)c1cc(-n2cc(Cn3ccnc3N)nn2)ccc1F,1,test
Fc1ccc(-n2cc(Cc3cc[nH]n3)nn2)cc1C(F)F,1,test
Cc1nc2ccccc2n1Cc1cn(-c2ccc(Cl)c(Cl)c2)nn1,1,test
OCCc1nccn1Cn1cc(-c2ccc(S(F)(F)(F)(F)F)cc2)nn1,1,test
Cc1nncn1Cc1cn(-c2ccc(Cl)cc2)nn1,1,train
FCCc1nccn1Cc1cn(-c2cc(F)cc(C(F)F)c2)nn1,1,train
CC(F)(F)c1cc(-n2cc(Cn3ccnc3N)nn2)ccc1Cl,1,train
OCCc1nccn1Cc1cn(-c2ccc(S(F)(F)(F)(F)F)cc2)nn1,1,test
COc1cc(C(=O)NC2CCN(C[C@H](O)c3ccc4c(c3C)COC4=O)CC2)ncc1C#N,0,test
Clc1ccc(-n2c(-c3ccc(N4CCOCC4)nn3)nc3ccncc32)cc1,1,train
Fc1ccc(-n2c(-c3cnc(NCC4CC4)nc3)nc3ccncc32)cc1,1,test
Clc1ccc(-n2c(-c3ccc(N4CCOCC4)nc3)nc3ccncc32)cc1,1,train
Clc1ccc(-n2c(-c3ccc(Cn4ccnc4)cc3)nc3ccncc32)cc1,1,test
Clc1ccc(-n2c(-c3cnc(N4CCOCC4)nc3)nc3ccncc32)cc1,1,train
Cc1ccc(-n2c(-c3ccc(N4CCOCC4)nc3)nc3ccncc32)c(F)c1,1,test
CS(=O)(=O)NC1CCN(c2ccc(-c3nc4ccncc4n3-c3ccc(Cl)cc3)cn2)CC1,1,val
Clc1ccc(-n2c(-c3ccncc3)nc3ccncc32)cc1,1,train
Clc1ccc(-n2c(-c3cccnc3)cc3ccncc32)cc1,1,train
Clc1ccc(-n2c(-c3cnc(N4CCOCC4)nc3)cc3ccncc32)cc1,1,train
Cc1ccc(-n2c(-c3cnc(N4CCOCC4)nc3)cc3ccncc32)cc1,1,train
c1ccc(-n2c(-c3cnc(N4CCOCC4)nc3)cc3ccncc32)cc1,1,train
Cc1ccc(-n2c(-c3cnc(N4CCOCC4)nc3)cc3ccncc32)nc1,1,train
Cn1cncc1-c1cc2ccncc2n1-c1ccc(Cl)cc1,1,train
O=c1cc(-c2cc3ccncc3n2-c2ccc(Cl)cc2)ccn1C1CC1,1,train
Clc1ccc(-n2c(-c3cnc(NC4CCOCC4)nc3)cc3ccncc32)cc1,1,test
Clc1ccc(-n2c(-c3ccc(CN4CCOCC4)nc3)cc3ccncc32)cc1,1,val
O=c1cc(-c2cc3ccncc3n2-c2ccc(Cl)cc2)cc[nH]1,1,train
Nc1cc(-c2cc3ccncc3n2-c2ccc(Cl)cc2)ccn1,1,train
Fc1cnccc1-c1cc2ccncc2n1-c1ccc(Cl)cc1,1,train
Clc1ccc(-n2c(-c3ccncc3Cl)cc3ccncc32)cc1,1,train
Clc1ccc(-n2c(-c3ccncc3)cc3ccncc32)cc1,1,train
O=C(Nc1ccc([C@H]2CNCCO2)cc1)c1ccc(OCC(F)(F)F)nc1,1,test
O=C(Nc1ccc([C@H]2CNCCO2)cc1)c1ccc(Cl)nc1,0,train
O=C(Nc1ccc([C@H]2CNCCO2)cc1)c1ccnc(Cl)c1,0,train
O=C(Nc1ccc([C@H]2CNCCO2)cc1)c1cnc(-c2ccccc2)s1,1,train
O=C(Nc1ccc([C@H]2CNCCO2)cc1)c1cc(Cl)nc(Cl)c1,0,train
Cc1c(-c2ccccc2)n[nH]c1C(=O)Nc1ccc([C@H]2CNCCO2)cc1,0,test
O=C(Nc1ccc([C@H]2CNCCO2)cc1)c1cnc(Cl)c(Cl)c1,1,train
N#Cc1ccc(C(=O)Nc2ccc([C@H]3CNCCO3)cc2)cn1,0,train
O=C(Nc1ccc([C@H]2CNCCO2)cc1)c1ccc(C(F)(F)F)nc1,0,train
O=C(Nc1ccc([C@H]2CNCCO2)cc1)c1ccc(Cl)cn1,0,train
O=C(Nc1ccc([C@H]2CNCCO2)cc1)c1cncc(Cl)c1,0,train
Cc1cc(C(=O)Nc2ccc([C@H]3CNCCO3)cc2)cc(Cl)n1,0,train
O=C(Nc1ccc([C@H]2CNCCO2)cc1)c1coc(-c2ccccc2)n1,1,train
O=C(Nc1ccc([C@H]2CNCCO2)cc1)c1csc(-c2ccccc2)n1,1,train
Cc1nc(C(=O)Nc2ccc([C@H]3CNCCO3)cc2)cs1,0,train
O=C(Nc1ccc([C@H]2CNCCO2)cc1)c1ccn(-c2ccccc2)n1,0,train
Cc1ccc(COC(=O)N2CC[C@H](CNc3ncc4c[nH]nc4n3)C(F)(F)C2)cc1,1,train
COc1cc(CC[C@@H](C)N2Cc3ccc(Cl)cc3C2)ccc1O,1,train
COc1cc(CC[C@@H](C)N2Cc3ccc(C(F)(F)F)cc3C2)ccc1O,1,train
COc1cc(CC[C@@H](C)N2Cc3cc4c(cc3C2)OCO4)ccc1O,1,train
COc1cc(CC[C@@H](C)N2Cc3cccc(F)c3C2)ccc1O,1,train
C[C@H](CCc1ccc(Cl)c(Cl)c1)N1Cc2cccc(F)c2C1,1,train
C[C@H](CCc1ccc(Cl)c(Cl)c1)N1Cc2cc3c(cc2C1)OCO3,0,train
COc1cc2c(cc1OC)CN([C@H](C)CCc1ccc(Cl)c(Cl)c1)C2,1,train
Cc1ccc2c(c1)CN([C@H](C)CCc1ccc(Cl)c(Cl)c1)C2,1,train
COc1cc(CC[C@@H](C)N2Cc3ccc(F)cc3C2)ccc1O,1,train
CC(CCc1ccc(Cl)c(Cl)c1)N1Cc2ccc3ccccc3c2C1,0,val
COc1cc2c(cc1OC)CN([C@@H](C)CCc1ccc(Cl)c(Cl)c1)C2,1,train
C[C@H](CCc1ccc(F)cc1)N1Cc2cccc(F)c2C1,0,train
C[C@H](CCc1ccc(F)cc1)N1Cc2ccc(F)cc2C1,1,train
C[C@H](CCc1ccc(F)cc1)N1Cc2cc3c(cc2C1)OCO3,1,train
C[C@H](CCc1ccc(O)c(OC(F)(F)F)c1)N1Cc2cc3c(cc2C1)OCO3,1,train
CC(C)Oc1cc(CC[C@@H](C)N2Cc3cc4c(cc3C2)OCO4)ccc1O,1,train
CC(C)Oc1cc(CC[C@@H](C)N2Cc3cccc(F)c3C2)ccc1O,1,train
CC(C)Oc1cc(CCC(C)(C)N2Cc3ccc(F)cc3C2)ccc1O,1,train
CC(C)Oc1cc(CCC(C)(C)N2Cc3cccc(F)c3C2)ccc1O,1,train
CC(C)Oc1cc(CCC(C)(C)N2Cc3cc4c(cc3C2)OCO4)ccc1O,1,test
COc1cc(CC[C@@H](C)N2Cc3ccc(F)cc3C2)ccc1OCCO,1,train
C[C@H](CCc1ccc(O)c(OC(F)(F)F)c1)N1Cc2ccc(F)cc2C1,1,train
CC(C)(CCc1ccc(F)cc1)N1Cc2cccc(F)c2C1,1,train
COc1cc2c(cc1OC)CN(C(C)(C)CCc1ccc(F)cc1)C2,1,train
CC(C)(CCc1ccc(F)cc1)N1Cc2ccc(F)cc2C1,1,train
CC(C)(CCc1ccc(F)cc1)N1Cc2cc3c(cc2C1)OCO3,1,val
CC(C)Oc1cc(CC[C@@H](C)N2Cc3ccc(F)cc3C2)ccc1O,1,train
CC(C)Oc1ccc(CC[C@@H](C)N2Cc3ccc(F)cc3C2)cc1OC(C)C,1,train
CC(C)Oc1ccc(CC[C@@H](C)N2Cc3cccc(F)c3C2)cc1OC(C)C,1,train
CC(C)Oc1ccc(CC[C@@H](C)N2Cc3cc4c(cc3C2)OCO4)cc1OC(C)C,1,train
C[C@H](CCc1ccc(OC(=O)N(C)C)c(OC(F)(F)F)c1)N1Cc2cccc(F)c2C1,1,train
CC(C)Oc1ccc(CCC(C)(C)N2Cc3ccc(F)cc3C2)cc1OC(C)C,1,train
C[C@H](CCc1ccc(OC(=O)N(C)C)c(OC(F)(F)F)c1)N1Cc2ccc(F)cc2C1,1,train
COc1cc(CCC(C)(C)N2Cc3cccc(F)c3C2)ccc1OCCO,1,train
COc1cc(CCC(C)(C)N2Cc3ccc(F)cc3C2)ccc1OCCO,1,train
COC[C@H](CCc1ccc(Cl)c(Cl)c1)N1Cc2ccc(F)cc2C1,1,test
COc1cc(CCC(C)(C)N2Cc3cc4c(cc3C2)OCO4)ccc1OCCO,1,train
COc1cc2c(cc1OC)CN(C(C)(C)CCc1ccc(OCCO)c(OC)c1)C2,1,train
COc1cc(CCC(C)(C)N2Cc3cccc(F)c3C2)ccc1OC(=O)N(C)C,1,train
COc1cc(CCC(C)(C)N2Cc3ccc(F)cc3C2)ccc1OC(=O)N(C)C,1,train
COc1cc(CC[C@@H](C)N2Cc3cccc(F)c3C2)ccc1OCCO,1,train
COc1cc(CC[C@@H](C)N2Cc3cc4c(cc3C2)OCO4)ccc1OCCO,1,train
COc1cc(CCC(C)(C)N2Cc3cccc(F)c3C2)ccc1O,1,train
CC(C)(CCc1ccc(O)c(OC(F)(F)F)c1)N1Cc2cccc(F)c2C1,1,train
CC(C)(CCc1ccc(O)c(OC(F)(F)F)c1)N1Cc2c(F)ccc(F)c2C1,0,train
CC(C)(CCc1ccc(O)c(OC(F)(F)F)c1)N1Cc2cccc(C(=O)O)c2C1,0,train
CN(C)C(=O)c1cccc2c1CN(C(C)(C)CCc1ccc(O)c(OC(F)(F)F)c1)C2,1,val
CC(C)(C)Oc1cc(CCC(C)(C)N2Cc3cccc(F)c3C2)ccc1O,0,train
CN(C)C(=O)c1cccc2c1CN(C(C)(C)CCc1ccc(O)c(OC(C)(C)C)c1)C2,0,val
C[C@H](CCc1ccc(O)c(OC(C)(C)C)c1)N1Cc2c(F)ccc(F)c2C1,0,train
C[C@H](CCc1ccc(O)c(OC(C)(C)C)c1)N1Cc2cccc(F)c2C1,0,train
CC(C)(CCc1ccc(O)c(OC(F)(F)F)c1)N1Cc2ccc(S(C)(=O)=O)cc2C1,1,train
CC(C)(C)Oc1cc(CCC(C)(C)N2Cc3ccc(S(C)(=O)=O)cc3C2)ccc1O,0,train
C[C@H](CCc1ccc(O)c(OC(C)(C)C)c1)N1Cc2ccc(S(C)(=O)=O)cc2C1,0,train
COc1cc(CCC(C)(C)N2Cc3cccc(S(C)(=O)=O)c3C2)ccc1O,0,train
COc1cc(CC[C@@H](C)N2Cc3cccc(S(C)(=O)=O)c3C2)ccc1O,0,train
CC(C)(C)Oc1cc(CCC(C)(C)N2Cc3cccc(S(C)(=O)=O)c3C2)ccc1O,0,train
CC(C)(CCc1ccc(O)c(OC(F)(F)F)c1)N1Cc2cccc(S(C)(=O)=O)c2C1,0,train
COc1cc(CC[C@@H](C)N2Cc3ccc(S(C)(=O)=O)cc3C2)ccc1O,0,train
CC(C)Oc1cc(CC[C@@H](C)N2Cc3ccc(S(C)(=O)=O)cc3C2)ccc1O,1,val
CC(C)Oc1cc(CCC(C)(C)N2Cc3ccc(S(C)(=O)=O)cc3C2)ccc1O,1,train
C[C@H](CCc1ccc(OCCO)c(OC(F)(F)F)c1)N1Cc2ccc(F)cc2C1,1,train
CC(C)(C)Oc1cc(CCC(C)(C)N2Cc3c(F)ccc(F)c3C2)ccc1O,0,train
CC(C)(C)Oc1cc(CCC(C)(C)N2Cc3cccc(C(=O)O)c3C2)ccc1O,0,train
COc1cc(CCC(C)(C)N2Cc3cccc(C(=O)N4CCNCC4)c3C2)ccc1O,0,train
COc1cc(CCC(C)(C)N2Cc3cccc(C(=O)NCCO)c3C2)ccc1O,0,train
COc1cc(CCC(C)(C)N2Cc3cccc(C(=O)N4CCOCC4)c3C2)ccc1O,1,train
COc1cc(CCC(C)(C)N2Cc3cccc(C(=O)N(C)CCN(C)C)c3C2)ccc1O,1,train
COc1cc(CCC(C)(C)N2Cc3cccc(C(=O)N4CCN(C)CC4)c3C2)ccc1O,0,train
COc1cc(CCC(C)(C)N2Cc3cccc(C(=O)N4CCN(C(C)=O)CC4)c3C2)ccc1O,1,train
COCCNC(=O)c1cccc2c1CN(C(C)(C)CCc1ccc(O)c(OC)c1)C2,1,train
COc1cc(CCC(C)(C)N2Cc3cccc(C(=O)N(C)CCO)c3C2)ccc1O,0,train
COCCN(C)C(=O)c1cccc2c1CN(C(C)(C)CCc1ccc(O)c(OC)c1)C2,1,train
CC(C)COc1cc(CCC(C)(C)N2Cc3ccc(S(C)(=O)=O)cc3C2)ccc1O,1,train
CC(C)COc1cc(CCC(C)(C)N2Cc3cccc(F)c3C2)ccc1O,1,train
COCC(F)(F)CN1[C@H](c2ccc(NC3CN(CCCF)C3)cn2)c2ccc3[nH]ncc3c2C[C@H]1C,1,train
C[C@@H]1Cc2c(ccc3[nH]ncc23)[C@@H](c2ccc(NC3CN(CCCF)C3)cn2)N1CC1(F)CC1,1,train
COc1cc(OC2CN(CCCF)C2)ccc1[C@@H]1c2ccc3[nH]ncc3c2C[C@@H](C)N1CC1(F)CC1,1,train
C[C@@H]1Cc2c(ccc3[nH]ncc23)[C@@H](c2c(F)cc(NC3CN(CCCF)C3)cc2F)N1CC(F)(F)F,1,train
COc1cc(NC2CN(CCCF)C2)ncc1[C@@H]1c2ccc3[nH]ncc3c2C[C@@H](C)N1CC1(F)CC1,1,train
COc1cc(NC2CN(CCCF)C2)ccc1[C@@H]1c2ccc3[nH]ncc3c2C[C@@H](C)N1CC1(CF)COC1,1,train
C[C@@H]1Cc2c(ccc3[nH]ncc23)[C@@H](c2c(F)cc(NC3CN(CCCF)C3)cc2F)N1CC1(F)CC1,1,train
COC[C@](C)(F)CN1[C@H](c2ccc(NC3CN(CCCF)C3)cc2OC)c2ccc3[nH]ncc3c2C[C@H]1C,1,train
C[C@@H]1Cc2c(ccc3[nH]ncc23)[C@@H](c2ccc(NC3CN(CCCF)C3)cn2)N1CC(F)(F)CO,1,train
C[C@@H]1Cc2c(ccc3[nH]ncc23)[C@@H](c2ncc(NC3CN(CCCF)C3)cc2F)N1CC1(F)CC1,1,train
CCOc1cc(NC2CN(CCCF)C2)ccc1[C@@H]1c2ccc3[nH]ncc3c2C[C@@H](C)N1CC1(F)CC1,1,train
COc1cc(OC2CN(CCCF)C2)ccc1[C@@H]1c2ccc3[nH]ncc3c2C[C@@H](C)N1CC(F)F,1,train
C[C@@H]1Cc2c(ccc3[nH]ncc23)[C@@H](c2c(F)cc(NC3CN(CCCF)C3)cc2F)N1CC(C)(F)CO,1,train
C[C@@H]1Cc2c(ccc3[nH]ncc23)[C@@H](c2ccc(OC3CN(CCCF)C3)cn2)N1CC(F)F,1,train
C[C@@H]1Cc2c(ccc3[nH]ncc23)[C@@H](c2ncc(NC3CN(CCCF)C3)cc2F)N1CC(F)(F)F,1,train
C[C@@H]1Cc2c(ccc3[nH]ncc23)[C@@H](c2ncc(NC3CN(CCCF)C3)cc2F)N1CC(F)(F)CO,1,train
C[C@@H]1Cc2c(ccc3[nH]ncc23)[C@@H](c2ccc(N(C)C3CN(CCCF)C3)cn2)N1CC(F)F,1,train
C[C@@H]1Cc2c(ccc3[nH]ncc23)[C@@H](c2ncc(NC3CN(CCCF)C3)cc2F)N1CC(F)F,1,train
C[C@@H]1Cc2c(ccc3[nH]ncc23)[C@@H](c2ccc(NC3CN(CCCF)C3)c(F)n2)N1CC(F)F,1,train
C[C@@H]1Cc2c(ccc3[nH]ncc23)[C@@H](c2ccc(NC3CN(CCCF)C3)cc2)N1CC(F)F,1,train
COc1cc(NC2CN(CCCF)C2)c(F)cc1[C@@H]1c2ccc3[nH]ncc3c2C[C@@H](C)N1CC1(F)CC1,1,train
C[C@@H]1Cc2c(ccc3[nH]ncc23)[C@@H](c2ccc(NC3CN(CCCF)C3)nc2)N1CC1(F)CC1,1,train
C[C@@H]1Cc2c(ccc3[nH]ncc23)[C@@H](c2cnc(NC3CN(CCCF)C3)cn2)N1CC1(F)CC1,1,train
COc1cc(NC2CN(CCC(F)(F)F)C2)ccc1[C@@H]1c2ccc3[nH]ncc3c2C[C@@H](C)N1CC1(F)CC1,1,train
C[C@@H]1Cc2c(ccc3[nH]ncc23)[C@@H](c2ccc(OC3CN(CCCF)C3)cn2)N1CC(F)(F)CO,1,train
C[C@@H]1Cc2c(ccc3[nH]ncc23)[C@@H](c2ncc(OC3CN(CCCF)C3)cc2F)N1CC(F)(F)CO,1,train
COc1cc(OC2CN(CCCF)C2)ccc1[C@@H]1c2ccc3[nH]ncc3c2C[C@@H](C)N1CC(F)(F)CO,1,train
C[C@@H]1Cc2c(ccc3[nH]nc(F)c23)[C@@H](c2ccc(OC3CN(CCCF)C3)cn2)N1CC(F)(F)CO,1,train
C[C@@H]1Cc2c(ccc3[nH]nc(F)c23)[C@@H](c2ccc(NC3CN(CCCF)C3)c(F)n2)N1CC(F)(F)CO,1,val
C[C@@H]1Cc2c(ccc3[nH]ncc23)[C@@H](c2ncc(NC3CN(CCCF)C3)cc2F)N1CC(F)(F)CF,1,train
CC1(C)Cc2c(ccc3[nH]ncc23)[C@@H](c2ccc(NC3CN(CCCF)C3)cn2)N1CC(F)(F)F,1,train
Cc1nnc(-c2c(N)ncnc2N[C@@H](C)c2nc3cccc(C#CCO)c3c(=O)n2-c2ccccc2)o1,0,val
Nc1ccc(-c2ccco2)cc1NC(=O)c1ccc2nc(N3CCNCC3)ccc2c1,1,test
Nc1ccc(-c2ccccc2)cc1NC(=O)c1ccc(N2CCNCC2)nc1,1,train
Nc1ccc(-c2cccs2)cc1NC(=O)c1ccc(N2CCNCC2)nc1,1,train
Nc1ccccc1NC(=O)c1cc2ccc(N3CCNCC3)cc2cn1,1,test
Nc1ccc(-c2ccccc2)cc1NC(=O)c1cc2ccc(N3CCNCC3)cc2cn1,1,train
Nc1ccc(-c2ccoc2)cc1NC(=O)c1cnc2cc(N3CCNCC3)ccc2c1,1,val
CN1CCN(c2ccc(C(=O)Nc3cc(-c4ccncc4)ccc3N)nc2)CC1,0,val
CN1CCN(c2ccc3cc(C(=O)Nc4cc(-c5ccco5)ccc4N)ncc3c2)CC1,1,val
CN1CCN(c2ncc(C(=O)Nc3cc(-c4cccs4)ccc3N)s2)CC1,0,train
Cc1nc(N2CCNCC2)sc1C(=O)Nc1cc(-c2cccs2)ccc1N,0,val
Nc1ccc(-c2ccncc2)cc1NC(=O)c1cnc(N2CCNCC2)s1,0,train
Nc1ccc(-c2ccc(F)cc2)cc1NC(=O)c1ccc(N2CCNCC2)cn1,1,val
Nc1ccc(-c2cccs2)cc1NC(=O)c1ncc(N2CCNCC2)s1,1,val
O=C(NCCN1CCC(c2cccc(C(F)(F)F)n2)CC1)C1CCC(F)(F)CC1,1,train
Cc1cccc(C2CCN(CCNC(=O)C3CC4CCC3O4)CC2)n1,0,train
Cc1cccc(C2CCN(CCNC(=O)C3CCC(F)(F)CC3)CC2)n1,1,train
COCC(C)(C)C(=O)NCCN1CCC(c2cccc(C)n2)CC1,0,test
COCC(C)(C)C(=O)NCCN1CCC(c2cccc(C(F)(F)F)n2)CC1,0,train
COCC1(C(=O)NCCN2CCC(c3cccc(C(F)(F)F)n3)CC2)CC1,1,train
Cc1cccc(C2CCN(CCNC(=O)C3CCOCC3)CC2)n1,0,train
CC(C)(C)C(=O)NCCN1CCC(c2cccc(C(F)(F)F)n2)CC1,1,train
O=C(NCCN1CCC(c2cccc(C(F)(F)F)n2)CC1)C1CCOCC1,0,train
O=C(NCCN1CC=C(c2cccc(C(F)(F)F)n2)CC1)C1CCC(F)(F)CC1,1,test
Cc1cccc(C2=CCN(CCNC(=O)C3CCC(F)(F)CC3)CC2)n1,1,train
O=C(NCCN1CCC(c2cccc(C(F)F)n2)CC1)C1CCOCC1,1,train
Fc1ccc(-c2ccn3c(CC4CC4(F)F)nnc3c2)cc1,0,val
CC(C)(O)c1ccc(-c2ccn3c(CC4CC4(F)F)nnc3c2)cc1,0,val
COC(=O)c1ccc(-c2ccn3c(CC4CC4(F)F)nnc3c2)c(F)c1,0,val
Fc1cccc(-c2ccn3c(CC4CC4(F)F)nnc3c2Cl)c1,0,train
Cc1cc(F)ccc1-c1ccn2c(CC3CC3(F)F)nnc2c1Cl,0,train
COc1ccc(-c2ccn3c(CC4CC4(F)F)nnc3c2Cl)cc1F,0,train
COC(=O)c1ccc(-c2ccn3c(CC4CC4(F)F)nnc3c2Cl)c(F)c1,0,train
COC(=O)c1ccc(-c2ccn3c(CC4CC4(F)F)nnc3c2Cl)c(Cl)c1,0,val
FC1(F)CC1Cc1nnc2c(Cl)c(-c3ccc4c(c3)CCO4)ccn12,1,train
FC1(F)CC1Cc1nnc2c(Cl)c(-c3ccc4c(c3)OCO4)ccn12,1,train
Cc1nccn1CC(=O)N1CCC2(CC1)COC1c3cc(Cl)ccc3OC(C)(C)C1C2,1,train
Cc1nccn1CC(=O)N1CCC2(CC1)COC1c3ccc(Br)cc3OC(C)(C)C1C2,1,test
CC1(C)Oc2ccc(N=[N+]=[N-])cc2C2OCC3(CCN(C(=O)Cn4ccnc4C#N)CC3)CC21,1,test
CC1(C)Oc2ccc(Cl)cc2C2OCC3(CCN(C(=O)Cn4ccnc4C#N)CC3)CC21,1,train
CC1(C)Oc2ccc(Cl)cc2C2OCC3(CCN(C(=O)Cn4cnc(CO)c4)CC3)CC21,1,train
Cc1c(CO)ncn1CC(=O)N1CCC2(CC1)COC1c3cc(Cl)ccc3OC(C)(C)C1C2,1,train
CC1(C)Oc2ccc(Cl)cc2C2OCC3(CCN(C(=O)Cn4ccnc4CO)CC3)CC21,1,train
CC1(C)Oc2ccc(Cl)cc2C2OCC3(CCN(C(=O)Cn4cnc(CF)c4)CC3)CC21,1,train
CC1(C)Oc2ccc(Cl)cc2C2OCC3(CCN(C(=O)Cn4cnc(C(F)(F)F)c4)CC3)CC21,1,train
Cc1[nH]cnc1CN1CCC2(CC1)COC1c3ccc(Cl)cc3OC(C)(C)C1C2,1,train
Cc1[nH]cnc1CN1CCC2(CC1)COC1c3cc(F)ccc3OC(C)(C)C1C2,1,train
Cc1[nH]cnc1CN1CCC2(CC1)COC1c3cc(Cl)ccc3OC(C)(C)C1C2,1,train
Cc1[nH]cnc1CN1CCC2(CC1)COC1c3cccc(Cl)c3OC(C)(C)C1C2,1,val
CCc1nc(C)c(CN2CCC3(CC2)COC2c4cc(Cl)ccc4OC(C)(C)C2C3)[nH]1,1,train
CC1(C)Oc2ccc(Cl)cc2C2OCC3(CCN(Cc4c[nH]cn4)CC3)CC21,1,train
Cc1nc(CN2CCC3(CC2)COC2c4cc(Cl)ccc4OC(C)(C)C2C3)c[nH]1,1,train
Cn1cncc1CN1CCC2(CC1)COC1c3cc(F)ccc3OC(C)(C)C1C2,1,train
Cn1cncc1CN1CCC2(CC1)COC1c3cc(Cl)ccc3OC(C)(C)C1C2,1,train
Cn1cncc1CN1CCC2(CC1)COC1c3ccc(Cl)cc3OC(C)(C)C1C2,1,train
Cn1cncc1CN1CCC2(CC1)COC1c3cccc(Cl)c3OC(C)(C)C1C2,1,train
CC1(C)Oc2ccc(Cl)cc2C2OCC3(CCN(Cc4ncc[nH]4)CC3)CC21,1,train
Cn1ccnc1CN1CCC2(CC1)COC1c3cc(Cl)ccc3OC(C)(C)C1C2,1,train
CC1(C)Oc2cc(Cl)ccc2C2OCC3(CCN(CCn4ccnc4)CC3)CC21,1,train
CC1(C)Oc2ccc(F)cc2C2OCC3(CCN(CCn4ccnc4)CC3)CC21,1,train
CC1(C)Oc2ccc(Cl)cc2C2OCC3(CCN(CCn4ccnc4)CC3)CC21,1,train
Cc1nccn1CCN1CCC2(CC1)COC1c3cc(F)ccc3OC(C)(C)C1C2,1,train
Cc1nccn1CCN1CCC2(CC1)COC1c3cc(Cl)ccc3OC(C)(C)C1C2,1,train
Cc1nccn1CCN1CCC2(CC1)COC1c3ccc(Cl)cc3OC(C)(C)C1C2,1,train
CC1(C)Oc2ccc(F)cc2C2OCC3(CCN(CCn4ccnc4CO)CC3)CC21,1,train
CC1(C)Oc2ccc(Cl)cc2C2OCC3(CCN(CCn4ccnc4CO)CC3)CC21,1,train
CC1(C)Oc2cc(Cl)ccc2C2OCC3(CCN(CCn4ccnc4CO)CC3)CC21,1,train
CC1(C)Oc2ccc(Cl)cc2C2OCC3(CCN(CCn4cnc(CO)c4)CC3)CC21,1,train
Cc1c(CO)ncn1CCN1CCC2(CC1)COC1c3cc(Cl)ccc3OC(C)(C)C1C2,1,train
Cc1nc(CO)cn1CCN1CCC2(CC1)COC1c3ccc(Cl)cc3OC(C)(C)C1C2,1,train
CC1(C)Oc2ccc(Cl)cc2C2OCC3(CCN(CCn4ccnc4C#N)CC3)CC21,1,train
COC(=O)c1cn(CCN2CCC3(CC2)COC2c4cc(Cl)ccc4OC(C)(C)C2C3)cn1,1,train
CC(=O)NCCc1nccn1CCN1CCC2(CC1)COC1c3cc(Cl)ccc3OC(C)(C)C1C2,1,train
CC1(C)Oc2cc(Cl)ccc2C2OCC3(CCN(CCn4ccnc4CCN)CC3)CC21,1,train
Cc1[nH]cnc1CN1CCC2(CC1)COC1c3ccc(Cl)cc3OCC1C2,1,test
Cc1nsc(-c2nnc3n2CCN(C(=O)c2cccc(O)c2)[C@@H]3C)n1,0,train
Fc1ccc([C@]2(CCNCc3cccc(Cl)c3)CCO[C@]3(CCOC3)C2)nc1,0,val
Cc1cccc(CNCC[C@@]2(c3ccc(F)cn3)CCO[C@]3(CCOC3)C2)c1,0,val
Cc1cc(/C=C/C(=O)c2cc3ccccc3s2)cc(C)c1OC(C)(C)C(=O)O,1,test
CCc1cc2cnc(CN3CCN(c4ccc(C(=O)NC)nc4Cl)CC3)cc2[nH]c1=O,0,test
CCCc1nc2ccc(CN3CCN(c4ccc(C(=O)NC)nc4)CC3)cc2[nH]c1=O,1,train
CCCc1nc2ccc(CN3CCN(c4ccc(C(=O)NC)nc4Cl)CC3)cc2[nH]c1=O,0,train
CCCc1nc2ccc(CN3CCN(c4ccc(C(=O)NC)nc4F)CC3)cc2[nH]c1=O,0,train
CNC(=O)c1ccc(N2CCN(Cc3ccc4nc(CC(F)F)c(=O)[nH]c4c3)CC2)cn1,0,train
CNC(=O)c1ccc(N2CCN(Cc3ccc4nc(CC(F)F)c(=O)[nH]c4c3)CC2)c(F)n1,0,train
CNC(=O)c1ccc(N2CCN(Cc3ccc4nc(CC(F)(F)F)c(=O)[nH]c4c3)CC2)cn1,0,train
CCN(CCN1CCC(c2noc3cc(F)ccc23)CC1)C(=O)C(C)O,1,train
CCN(CCN1CCC(n2ncc3cc(F)ccc32)CC1)C(=O)CCO,1,train
CCN(CCN1CCC(c2noc3cc(F)ccc23)CC1)C(=O)C(O)CCC(=O)OC,1,train
CCN(CCN1CCC(c2noc3cc(F)ccc23)CC1)C(=O)C(C)(C)O,1,train
CCN(CCN1CCC(c2noc3cc(F)ccc23)CC1)C(=O)C(C)(C)CO,1,train
CCN(CCN1CCC(c2noc3cc(F)ccc23)CC1)C(=O)C(O)C(C)C,1,train
CCN(CCN1CCC(c2noc3cc(F)ccc23)CC1)C(=O)C1CCC(O)CC1,1,train
CCN(CCN1CCC(c2noc3cc(F)ccc23)CC1)C(=O)CC(C)O,1,train
CCN(CCN1CCC(c2noc3cc(F)ccc23)CC1)C(=O)C1(O)CCOCC1,0,train
CCN(CCN1CCC(c2noc3cc(F)ccc23)CC1)C(=O)CO,1,train
CCN(CCN1CCC(c2noc3cc(F)c(C)cc23)CC1)C(=O)C(C)O,1,train
CCN(CCN1CCC(c2noc3ccc(C)cc23)CC1)C(=O)C(C)O,1,train
CCN(CCN1CCC(c2noc3cc(F)ccc23)CC1)C(=O)CCO,1,train
CCN(CCN1CCC(C2NOc3cc(F)ccc32)CC1)C(=O)C(O)COC,1,test
CCN(CCN1CCC(c2c[nH]c3cc(F)ccc23)CC1)C(=O)C(C)O,1,train
CCN(CCN1CCC(n2ncc3cc(F)ccc32)CC1)C(=O)C(C)O,0,train
CCN(CCN1CCC(c2noc3cc(F)ccc23)CC1)C(=O)C1(O)CC1,1,train
CCC(O)C(=O)N(CC)CCN1CCC(c2noc3cc(F)ccc23)CC1,1,train
CC(O)C(=O)N(CCN1CCC(c2noc3cc(F)ccc23)CC1)CC1CC1,1,train
CC(O)C(=O)N(CCN1CCC(c2noc3cc(F)ccc23)CC1)C(C)C,1,train
CCN(CCN1CCC(c2noc3cc(F)ccc23)CC1)C(=O)C1CCCCC1O,1,train
CCN(CCN1CCC(c2noc3cc(F)ccc23)CC1)C(=O)C(O)C(F)(F)F,1,train
CC(C)N(CCN1CCC(c2noc3cc(F)ccc23)CC1)C(=O)CCO,1,train
CCN(CCN1CCC(c2noc3cc(F)ccc23)CC1)C(=O)C(F)(F)CO,1,train
CCCN(CCN1CCC(c2noc3cc(F)ccc23)CC1)C(=O)C(C)O,1,train
CCN(CCN1CCC(c2noc3cc(F)ccc23)CC1)C(=O)C1CC(O)C1,1,train
CCN(CCN1CCC(c2c[nH]c3ccccc23)CC1)C(=O)CCO,1,val
CCN(CCN1CCC(c2c[nH]c3cc(F)ccc23)CC1)C(=O)CCO,1,train
CCN(CCN1CCC(n2ccc3cc(F)ccc32)CC1)C(=O)C(C)O,1,train
CCN(CCN1CCC(c2noc3cc(F)ccc23)CC1)S(=O)(=O)CCO,1,train
CCN(CCCN1CCC(c2noc3cc(F)ccc23)CC1)S(=O)(=O)CCO,1,train
CCN(CCCN1CCC(c2noc3ccccc23)CC1)S(=O)(=O)C(C)CO,1,val
CCN(CCCN1CCN(c2noc3cc(F)ccc23)CC1)S(=O)(=O)C(C)CO,1,val
CCN(CCCN1CCC(c2noc3cc(F)ccc23)CC1)S(=O)(=O)C(C)CO,1,train
CCN(CCN1CCC(c2c[nH]c3ccccc23)CC1)S(=O)(=O)CCO,1,train
CCN(CCN1CCC(c2c[nH]c3cc(F)ccc23)CC1)S(=O)(=O)CCO,1,train
CCN(CCN1CCC(n2ncc3cc(F)ccc32)CC1)S(=O)(=O)CCO,0,train
CCN(CCN1CCC(c2noc3cc(F)ccc23)CC1)C(=O)C1(O)CCCN(C(C)=O)C1,1,train
CCN(CCN1CCC(c2noc3cc(F)ccc23)CC1)C(=O)C1CN(C(C)=O)CCC1O,1,train
CCN(CCN1CCC(c2noc3cc(F)ccc23)CC1)C(=O)C1CN(C)CC1O,1,train
CC(C)Oc1cncc(-c2ccc3[nH]nc(C(=O)NCC4CCOC4)c3c2)c1,1,train
O=C(NC[C@@H]1CCOC1)c1[nH]nc2ccc(-c3cccc(F)c3F)cc12,1,train
O=C(NC[C@H]1CCOC1)c1[nH]nc2ccc(-c3cccc(F)c3F)cc12,0,train
CC(C)Oc1cncc(-c2ccc3[nH]nc(C(=O)NCC4CCS(=O)(=O)C4)c3c2)c1,1,test
CN(C)Cc1cncc(-c2ccc3[nH]nc(C(=O)NCC4CCOCC4)c3c2)c1,0,train
O=C(NCC1CCOCC1)c1[nH]nc2ccc(-c3cncc(CN4CCCC4)c3)cc12,1,train
O=C(NCC1CCOCC1)c1[nH]nc2ccc(-c3cnccc3CN3CCCC3)cc12,0,train
O=C(NCC1CCOCC1)c1[nH]nc2ccc(-c3cnccc3CN3CCOCC3)cc12,0,train
CN(C)Cc1ccncc1-c1ccc2[nH]nc(C(=O)NCC3CCOCC3)c2c1,0,train
O=C(NCC1CCOCC1)c1[nH]nc2ccc(-c3cnccc3CN3CCNCC3)cc12,0,train
O=C(NCC1CCOCC1)c1[nH]nc2ccc(-c3cncc(CN4CCOCC4)c3)cc12,1,train
Clc1ccc(-n2c(C3CCN(c4ccncc4)CC3)nc3ccncc32)cc1,1,test
COc1ccnc(OCCCNC(=O)OC(C)(C)C)c1-c1cc(Nc2cnc(C#N)cn2)[nH]n1,0,test
COc1cc(Cl)nc(OCCCN)c1-c1cc(Nc2cnc(C#N)cn2)[nH]n1,0,train
COc1cncc(OCCCN)c1-c1cc(Nc2cnc(C#N)cn2)[nH]n1,0,train
COc1nccc(OCCCN)c1-c1cc(Nc2cnc(C#N)cn2)[nH]n1,0,train
COc1cncc(OCC2(F)CNC2)c1-c1cc(Nc2cnc(C#N)cn2)[nH]n1,1,train
COc1nccc(OCC2(C)CNC2)c1-c1cc(Nc2cnc(C#N)cn2)[nH]n1,1,val
COc1nccc(OCC2(O)CNC2)c1-c1cc(Nc2cnc(C#N)cn2)[nH]n1,0,val
COc1cncc(OCC[C@@H](C)N)c1-c1cc(Nc2cnc(C#N)cn2)[nH]n1,0,train
COc1cncc(OCC[C@H](C)N)c1-c1cc(Nc2cnc(C#N)cn2)[nH]n1,0,train
COc1cncc(OCC2(CN)CC2)c1-c1cc(Nc2cnc(C#N)cn2)[nH]n1,1,train
COc1cncc(OC[C@@H]2CNCCO2)c1-c1cc(Nc2cnc(C#N)cn2)[nH]n1,1,train
COc1ncnc(OCCCN)c1-c1cc(Nc2cnc(C#N)cn2)[nH]n1,0,train
COc1cncc(OCC2CNC2)c1-c1cc(Nc2cnc(C#N)cn2)[nH]n1,0,train
COc1cncc(O[C@@H]2CCC[C@H](N)C2)c1-c1cc(Nc2cnc(C#N)cn2)[nH]n1,0,train
COc1cncc(OC[C@]2(F)CCNC2)c1-c1cc(Nc2cnc(C#N)cn2)[nH]n1,1,train
COc1cncc(OC[C@H]2CCNC2)c1-c1cc(Nc2cnc(C#N)cn2)[nH]n1,0,train
COc1cncc(OC[C@@]2(F)CCNC2)c1-c1cc(Nc2cnc(C#N)cn2)[nH]n1,1,train
N#Cc1cnc(Nc2cc(-c3c(OCF)cncc3OCCCN)[nH]n2)cn1,0,val
COc1cncc(OCC2(C)CNC2)c1-c1cc(Nc2cnc(C#N)cn2)[nH]n1,1,train
COc1cncc(OC[C@@H](C)CN)c1-c1cc(Nc2cnc(C#N)cn2)[nH]n1,0,train
COc1cncc(OC[C@H](C)CN)c1-c1cc(Nc2cnc(C#N)cn2)[nH]n1,0,train
COc1cncc(OC[C@@H](F)CN)c1-c1cc(Nc2cnc(C#N)cn2)[nH]n1,0,train
COc1cncc(OC[C@H](F)CN)c1-c1cc(Nc2cnc(C#N)cn2)[nH]n1,0,train
CNCCCOc1cncc(OC)c1-c1cc(Nc2cnc(C#N)cn2)[nH]n1,1,train
COc1cncc(O[C@@H]2CC[C@@H](N)C2)c1-c1cc(Nc2cnc(C#N)cn2)[nH]n1,0,train
COc1cncc(O[C@H](C)C2CNC2)c1-c1cc(Nc2cnc(C#N)cn2)[nH]n1,0,train
CN[C@@H]1CC[C@@H](Oc2cncc(OC)c2-c2cc(Nc3cnc(C#N)cn3)[nH]n2)C1,1,train
COc1cncc(O[C@H]2C[C@H](N)[C@H]3C[C@H]32)c1-c1cc(Nc2cnc(C#N)cn2)[nH]n1,0,train
CCOc1ccc(-c2nnc(-c3ccc4c(c3)C[C@](N)(CO)CC4)o2)cc1OCC,1,train
CC(C)Oc1ccc(-c2nnc(-c3ccc4c(c3)C[C@](N)(CO)CC4)o2)cc1C(F)(F)F,1,train
CC(C)Oc1ccc(-c2nnc(-c3ccc4c(c3)CC(N)(CO)CC4)o2)cc1C#N,1,train
Cn1c(=O)cnc2ccc(OCCNC[C@H]3CN(c4ccc5c(n4)NC(=O)CO5)C(=O)O3)nc21,0,train
Cn1c(=O)cnc2ccc(OCCNC[C@@H]3CN(c4ccc5c(n4)NC(=O)CO5)C(=O)O3)nc21,0,train
Cn1c(=O)ccc2ncc(OCCNC[C@H]3CN(c4ccc5c(n4)NC(=O)CO5)C(=O)O3)nc21,0,train
Cn1c(=O)ccc2ncc(OCCNC[C@@H]3CN(c4ccc5c(n4)NC(=O)CO5)C(=O)O3)nc21,0,train
Cn1c(=O)cnc2cc(F)c(OCCNC[C@H]3CN(c4cnc5c(n4)NC(=O)CO5)C(=O)O3)nc21,0,train
Cn1c(=O)cnc2ccc(OCCNC[C@H]3CN(c4cnc5c(n4)NC(=O)CS5)C(=O)O3)nc21,0,train
CC(C)(F)[C@H]1CN(C2CCN(c3n[nH]c(N)n3)CC2)[C@@H](Cc2ccc(Cl)cc2)CO1,0,train
Cn1nnc(C[C@H]2CN(C3CCN(c4n[nH]c(N)n4)CC3)[C@@H](Cc3ccc(Cl)cc3)CO2)n1,0,train
N#Cc1cnn(C[C@H]2CN(C3CCN(c4n[nH]c(N)n4)CC3)[C@@H](Cc3ccc(Cl)cc3)CO2)c1,0,train
Nc1n[nH]c(N2CCC(N3C[C@H]([C@@H](O)C(F)(F)F)OC[C@@H]3Cc3ccc(Cl)cc3)CC2)n1,0,train
C[C@@H]([C@H]1CN(C2CCN(c3n[nH]c(N)n3)CC2)[C@@H](Cc2ccc(Cl)cc2)CO1)n1cccn1,0,train
C[C@H]([C@H]1CN(C2CCN(c3n[nH]c(N)n3)CC2)[C@@H](Cc2ccc(Cl)cc2)CO1)n1cccn1,0,train
Nc1n[nH]c(N2CCC(N3C[C@H](Cn4ccnn4)OC[C@@H]3Cc3ccc(Cl)cc3)CC2)n1,0,train
Cc1cc([C@H]2CN(C3CCN(c4n[nH]c(N)n4)CC3)[C@@H](Cc3ccc(Cl)cc3)CO2)[nH]n1,0,train
Nc1n[nH]c(N2CCC(N3C[C@H](CN4CCCCC4=O)OC[C@@H]3Cc3ccc(Cl)cc3)CC2)n1,0,train
Nc1n[nH]c(N2CCC(N3C[C@H](Cn4cc(F)cn4)OC[C@@H]3Cc3ccc(Cl)cc3)CC2)n1,0,train
Nc1n[nH]c(N2CCC(N3C[C@H](CN4CC(F)C4)OC[C@@H]3Cc3ccc(Cl)cc3)CC2)n1,0,train
Nc1n[nH]c(N2CCC(N3C[C@H](CN4CCC(F)(F)CC4)OC[C@@H]3Cc3ccc(Cl)cc3)CC2)n1,0,train
Nc1n[nH]c(N2CCC(N3C[C@H](COCC(F)(F)F)OC[C@@H]3Cc3ccc(Cl)cc3)CC2)n1,1,train
Nc1n[nH]c(N2CCC(N3C[C@H](COC(F)F)OC[C@@H]3Cc3ccc(Cl)cc3)CC2)n1,0,train
CSC[C@H]1CN(C2CCN(c3n[nH]c(N)n3)CC2)[C@@H](Cc2ccc(Cl)cc2)CO1,0,train
CC(F)(F)[C@H]1CN(C2CCN(c3n[nH]c(N)n3)CC2)[C@@H](Cc2ccc(Cl)cc2)CO1,0,train
Nc1n[nH]c(N2CCC(N3C[C@H](COCC(F)F)OC[C@@H]3Cc3ccc(Cl)cc3)CC2)n1,1,train
Nc1n[nH]c(N2CCC(N3C[C@H](Cn4cc(Cl)cn4)OC[C@@H]3Cc3ccc(Cl)cc3)CC2)n1,1,train
Nc1n[nH]c(N2CCC(N3C[C@H](Cn4ccnc4)OC[C@@H]3Cc3ccc(Cl)cc3)CC2)n1,0,train
CN(C)C(=O)OC[C@H]1CN(C2CCN(c3n[nH]c(N)n3)CC2)[C@@H](Cc2ccc(Cl)cc2)CO1,0,train
Cc1coc([C@H]2CN(C3CCN(c4n[nH]c(N)n4)CC3)[C@@H](Cc3ccc(Cl)cc3)CO2)n1,0,train
Cc1nc([C@H]2CN(C3CCN(c4n[nH]c(N)n4)CC3)[C@@H](Cc3ccc(Cl)cc3)CO2)oc1C,1,train
CC1CN(C[C@H]2CN(C3CCN(c4n[nH]c(N)n4)CC3)[C@@H](Cc3ccc(Cl)cc3)CO2)C1,0,train
Nc1n[nH]c(N2CCC(N3C[C@H](CN4CCCCC4)OC[C@@H]3Cc3ccc(Cl)cc3)CC2)n1,0,train
Nc1n[nH]c(N2CCC(N3CC(C(=O)N4CCC(F)(F)CC4)OC[C@@H]3Cc3ccc(Cl)cc3)CC2)n1,0,train
Nc1n[nH]c(N2CCC(N3C[C@H](N4CCOCC4)C[C@@H]3Cc3ccc(Cl)cc3)CC2)n1,0,train
Nc1n[nH]c(N2CCC(N3CC(F)(F)C[C@@H]3Cc3ccc(Cl)cc3)CC2)n1,0,train
Nc1n[nH]c(N2CCC(N3C[C@H](N4CCOCC4)CC[C@@H]3Cc3ccc(Cl)cc3)CC2)n1,0,train
CC1(O)CCN(C2CCN(c3n[nH]c(N)n3)CC2)[C@@H](Cc2ccc(Cl)cc2)C1,0,train
CCC(O)(CC)[C@H]1CN(C2CCN(c3n[nH]c(N)n3)CC2)[C@@H](Cc2ccc(Cl)cc2)CO1,0,train
CC(C)CNC(=O)C1CN(C2CCN(c3n[nH]c(N)n3)CC2)[C@@H](Cc2ccc(Cl)cc2)CO1,0,train
Nc1n[nH]c(N2CCC(N3C[C@H](O)CC[C@@H]3Cc3ccc(Cl)cc3)CC2)n1,0,train
CO[C@@H]1CC[C@H](Cc2ccc(Cl)cc2)N(C2CCN(c3n[nH]c(N)n3)CC2)C1,0,train
Nc1n[nH]c(N2CCC(N3CC4CC4C[C@@H]3Cc3ccc(Cl)cc3)CC2)n1,1,train
Nc1n[nH]c(N2CCC(N3C[C@@H]4COCCN4C[C@@H]3Cc3ccc(Cl)cc3)CC2)n1,1,train
C[C@H]1CN(C2CCN(c3n[nH]c(N)n3)CC2)[C@@H](Cc2ccc(Br)cc2)CO1,1,train
Nc1n[nH]c(N2CCC(N3Cc4cncn4C[C@@H]3Cc3ccc(C(F)(F)F)cc3)CC2)n1,0,val
Nc1n[nH]c(N2CCC(N3C[C@@H]4CC(F)(F)CN4C[C@@H]3Cc3ccc(C(F)(F)F)cc3)CC2)n1,0,val
COC(C)(C)[C@H]1CN(C2CCN(c3n[nH]c(N)n3)CC2)[C@@H](Cc2ccc(Cl)cc2)CO1,0,train
CCOC(=O)C1CC[C@H](Cc2ccc(Cl)cc2)N(C2CCN(c3n[nH]c(N)n3)CC2)C1,1,test
C[C@H]1CN(C2CCN(c3n[nH]c(N)n3)CC2)[C@@H](Cc2ccc(Cl)cc2)CN1C,1,train
CC(C)CN1CCN(C2CCN(c3n[nH]c(N)n3)CC2)[C@@H](Cc2ccc(Cl)cc2)C1,1,train
Nc1n[nH]c(N2CCC(N3C[C@@H]4CCCN4C[C@@H]3Cc3ccc(Cl)cc3)CC2)n1,1,train
CCC(C)C(NC(=O)C(Cc1ccccc1)NC(=O)C(CC(C)C)NC(=O)C(CCCN=C(N)N)NC(=O)C(NC(=O)C(C)NC(=O)C(CCC(=O)O)NC(=O)C(CCC(=O)O)NC(=O)C(CCC(=O)O)NC(=O)C(CCSC)NC(=O)C(CCC(N)=O)NC(=O)C(CCCCN)NC(=O)C(CO)NC(=O)C(CC(C)C)NC(=O)C(CC(=O)O)NC(=O)C(CO)NC(=O)C(NC(=O)C(Cc1ccccc1)NC(=O)C(NC(=O)CNC(=O)C(CCC(=O)O)NC(=O)CNC(=O)C(N)Cc1c[nH]cn1)C(C)O)C(C)O)C(C)C)C(=O)NC(CCC(=O)O)C(=O)NC(Cc1c[nH]c2ccccc12)C(=O)NC(CC(C)C)C(=O)NC(CCCCN)C(=O)NC(CC(N)=O)C(=O)NCC(=O)NCC(=O)N1CCCC1C(=O)NC(CO)C(=O)NC(CO)C(=O)NCC(=O)NC(C)C(=O)N1CCCC1C(=O)N1CCCC1C(=O)N1CCCC1C(=O)NC(CO)C(N)=O,1,test
N#Cc1ccc(COc2cccc(C3CCN(Cc4nc5ccc(C(=O)O)nc5n4C[C@@H]4CCO4)CC3)c2)c(F)c1,0,train
C[C@H]1CN(c2cncc(OCc3ccc(C#N)cc3F)n2)CCN1Cc1nc2ccc(C(=O)O)cc2n1C[C@@H]1CCO1,0,train
N#Cc1ccc(COc2cccc(N3CCN(Cc4nc5ccc(C(=O)O)cc5n4CC4(F)CC4)CC3)c2)c(F)c1,0,test
Cc1nc(N2CCC3(CC2)CO[C@@H](C)[C@H]3N)c(CO)nc1-c1cccc(Cl)c1Cl,1,test
Cc1c(N2CCC3(CC2)Cc2ccccc2[C@H]3N)nc(C)n(-c2cccc(Cl)c2Cl)c1=O,1,train
Cc1c(N2CCC3(CC2)Cc2ncccc2[C@@H]3N)nc(C)n(-c2cccc(Cl)c2Cl)c1=O,1,train
Cc1c(N2CCC3(CC2)Cc2ccccc2[C@H]3N)nc(N)n(-c2cccc(Cl)c2Cl)c1=O,1,train
